run_id,context_id,archid,device,dataset,accuracy,latency,runtime_sec,evaluations
1,1,11438,edgegpu,cifar10,92.500000,1.846719,0.515284,16328
1,1,11810,edgegpu,cifar10,92.780000,1.992798,0.515284,16328
1,1,5780,edgegpu,cifar10,93.980000,3.361888,0.515284,16328
1,1,6499,edgegpu,cifar10,93.645000,3.331041,0.515284,16328
1,1,561,edgegpu,cifar10,86.880000,1.451068,0.515284,16328
1,1,6960,edgegpu,cifar10,92.280000,1.764450,0.515284,16328
1,1,9099,edgegpu,cifar10,93.940000,3.357520,0.515284,16328
1,1,5292,edgegpu,cifar10,94.293335,6.663151,0.515284,16328
1,1,14407,edgegpu,cifar10,86.770000,1.440282,0.515284,16328
1,1,13714,edgegpu,cifar10,94.373340,6.772180,0.515284,16328
1,1,14090,edgegpu,cifar10,92.086670,1.749086,0.515284,16328
1,1,14527,edgegpu,cifar10,86.765000,1.439619,0.515284,16328
1,1,5400,edgegpu,cifar10,86.630000,1.427460,0.515284,16328
1,1,258,edgegpu,cifar10,93.640000,3.307109,0.515284,16328
1,1,13401,edgegpu,cifar10,87.010000,1.457009,0.515284,16328
1,1,11692,edgegpu,cifar10,94.130000,4.708362,0.515284,16328
1,1,2776,edgegpu,cifar10,93.666664,3.331194,0.515284,16328
1,1,1339,edgegpu,cifar10,92.136665,1.751881,0.515284,16328
1,1,2053,edgegpu,cifar10,94.206665,5.482254,0.515284,16328
1,1,15200,edgegpu,cifar10,10.000000,0.501385,0.515284,16328
1,1,1459,edgegpu,cifar10,94.296670,6.748991,0.515284,16328
1,1,1549,edgegpu,cifar10,86.710000,1.436324,0.515284,16328
1,1,6330,edgegpu,cifar10,94.006670,4.384699,0.515284,16328
1,1,10484,edgegpu,cifar10,93.810000,3.354015,0.515284,16328
1,1,6950,edgegpu,cifar10,92.000000,1.738467,0.515284,16328
1,2,5647,edgetpu,cifar10,89.110000,0.389378,0.490630,16003
1,2,13714,edgetpu,cifar10,94.373340,1.377865,0.490630,16003
1,2,10683,edgetpu,cifar10,92.330000,0.481277,0.490630,16003
1,2,9950,edgetpu,cifar10,93.840000,0.723767,0.490630,16003
1,2,11692,edgetpu,cifar10,94.130000,0.761100,0.490630,16003
1,2,6918,edgetpu,cifar10,87.000000,0.375819,0.490630,16003
1,2,8192,edgetpu,cifar10,93.093330,0.627745,0.490630,16003
1,2,6382,edgetpu,cifar10,93.376660,0.628638,0.490630,16003
1,2,8008,edgetpu,cifar10,93.480000,0.629746,0.490630,16003
1,2,2053,edgetpu,cifar10,94.206665,1.042178,0.490630,16003
1,2,5111,edgetpu,cifar10,94.306660,1.152010,0.490630,16003
1,2,2485,edgetpu,cifar10,86.700000,0.346546,0.490630,16003
1,2,11438,edgetpu,cifar10,92.500000,0.482393,0.490630,16003
1,2,797,edgetpu,cifar10,93.280000,0.627996,0.490630,16003
1,2,3731,edgetpu,cifar10,94.343330,1.282820,0.490630,16003
1,2,9689,edgetpu,cifar10,93.370000,0.628386,0.490630,16003
1,2,9380,edgetpu,cifar10,89.335000,0.395662,0.490630,16003
1,2,7937,edgetpu,cifar10,88.610000,0.388867,0.490630,16003
1,2,13611,edgetpu,cifar10,92.490000,0.481826,0.490630,16003
1,2,6584,edgetpu,cifar10,94.160000,0.888877,0.490630,16003
1,2,5946,edgetpu,cifar10,88.963330,0.389012,0.490630,16003
1,2,5780,edgetpu,cifar10,93.980000,0.723967,0.490630,16003
1,2,4161,edgetpu,cifar10,89.250000,0.391221,0.490630,16003
1,2,11112,edgetpu,cifar10,92.110000,0.480732,0.490630,16003
1,2,11810,edgetpu,cifar10,92.780000,0.482879,0.490630,16003
1,2,3927,edgetpu,cifar10,93.626660,0.723268,0.490630,16003
1,2,7017,edgetpu,cifar10,86.970000,0.353089,0.490630,16003
1,3,6899,eyeriss,cifar10,90.900000,2.416820,0.489471,16607
1,3,8323,eyeriss,cifar10,90.870000,2.171060,0.489471,16607
1,3,8592,eyeriss,cifar10,93.750000,3.891380,0.489471,16607
1,3,6854,eyeriss,cifar10,91.040000,2.662580,0.489471,16607
1,3,4384,eyeriss,cifar10,86.796670,1.679540,0.489471,16607
1,3,14112,eyeriss,cifar10,91.296670,2.908340,0.489471,16607
1,3,3731,eyeriss,cifar10,94.343330,6.594740,0.489471,16607
1,3,5111,eyeriss,cifar10,94.306660,5.365940,0.489471,16607
1,3,11692,eyeriss,cifar10,94.130000,4.874420,0.489471,16607
1,3,8008,eyeriss,cifar10,93.480000,3.399860,0.489471,16607
1,3,6111,eyeriss,cifar10,94.373340,7.823540,0.489471,16607
1,3,13714,eyeriss,cifar10,94.373340,7.823540,0.489471,16607
1,3,11472,eyeriss,cifar10,93.970000,4.628660,0.489471,16607
1,3,12438,eyeriss,cifar10,89.875000,1.925300,0.489471,16607
1,3,13611,eyeriss,cifar10,92.490000,3.154100,0.489471,16607
1,3,13987,eyeriss,cifar10,93.596664,3.645620,0.489471,16607
1,3,8720,eyeriss,cifar10,89.875000,1.925300,0.489471,16607
1,4,10431,fpga,cifar10,87.000000,1.542560,0.431833,16153
1,4,12438,fpga,cifar10,89.875000,1.648160,0.431833,16153
1,4,15295,fpga,cifar10,90.050000,2.057760,0.431833,16153
1,4,4384,fpga,cifar10,86.796670,1.132960,0.431833,16153
1,4,8008,fpga,cifar10,93.480000,2.905760,0.431833,16153
1,4,13714,fpga,cifar10,94.373340,6.678560,0.431833,16153
1,4,5111,fpga,cifar10,94.306660,5.193760,0.431833,16153
1,4,8323,fpga,cifar10,90.870000,2.163360,0.431833,16153
1,4,11472,fpga,cifar10,93.970000,3.648160,0.431833,16153
1,4,6584,fpga,cifar10,94.160000,4.163360,0.431833,16153
1,4,10412,fpga,cifar10,93.530000,3.420960,0.431833,16153
1,4,6111,fpga,cifar10,94.373340,6.678560,0.431833,16153
1,4,8720,fpga,cifar10,89.875000,1.648160,0.431833,16153
1,4,3731,fpga,cifar10,94.343330,5.936160,0.431833,16153
1,4,13611,fpga,cifar10,92.490000,2.390560,0.431833,16153
1,5,2035,pixel3,cifar10,89.670000,1.706480,0.658546,16297
1,5,9230,pixel3,cifar10,86.580000,1.056760,0.658546,16297
1,5,6382,pixel3,cifar10,93.376660,7.048190,0.658546,16297
1,5,1781,pixel3,cifar10,89.883330,1.712020,0.658546,16297
1,5,2779,pixel3,cifar10,90.806660,3.102950,0.658546,16297
1,5,3731,pixel3,cifar10,94.343330,23.361300,0.658546,16297
1,5,1941,pixel3,cifar10,93.533330,9.128690,0.658546,16297
1,5,2018,pixel3,cifar10,94.063330,14.960500,0.658546,16297
1,5,8592,pixel3,cifar10,93.750000,10.769800,0.658546,16297
1,5,6918,pixel3,cifar10,87.000000,1.478790,0.658546,16297
1,5,5111,pixel3,cifar10,94.306660,17.584600,0.658546,16297
1,5,41,pixel3,cifar10,88.670000,1.576940,0.658546,16297
1,5,6854,pixel3,cifar10,91.040000,4.514220,0.658546,16297
1,5,12452,pixel3,cifar10,91.350000,5.590110,0.658546,16297
1,5,6111,pixel3,cifar10,94.373340,23.584800,0.658546,16297
1,5,3385,pixel3,cifar10,93.990000,13.656500,0.658546,16297
1,5,8695,pixel3,cifar10,94.220000,17.564500,0.658546,16297
1,5,4627,pixel3,cifar10,93.270000,7.036050,0.658546,16297
1,5,11692,pixel3,cifar10,94.130000,15.490100,0.658546,16297
1,5,13987,pixel3,cifar10,93.596664,9.922680,0.658546,16297
1,5,10689,pixel3,cifar10,90.790000,2.669770,0.658546,16297
1,5,1339,pixel3,cifar10,92.136665,5.802240,0.658546,16297
1,5,13171,pixel3,cifar10,93.530000,7.717220,0.658546,16297
1,5,7197,pixel3,cifar10,90.366670,2.447670,0.658546,16297
1,5,8323,pixel3,cifar10,90.870000,3.106420,0.658546,16297
1,5,1497,pixel3,cifar10,86.556660,1.056630,0.658546,16297
1,5,13869,pixel3,cifar10,93.656670,10.634700,0.658546,16297
1,5,7001,pixel3,cifar10,10.000000,0.003277,0.658546,16297
1,5,1425,pixel3,cifar10,93.933334,12.536500,0.658546,16297
1,5,6899,pixel3,cifar10,90.900000,3.961410,0.658546,16297
1,5,1943,pixel3,cifar10,93.116670,6.492030,0.658546,16297
1,5,4554,pixel3,cifar10,86.670000,1.114880,0.658546,16297
1,5,6434,pixel3,cifar10,91.080000,4.811140,0.658546,16297
1,5,7017,pixel3,cifar10,86.970000,1.403930,0.658546,16297
1,5,25,pixel3,cifar10,86.540000,1.054570,0.658546,16297
1,5,1416,pixel3,cifar10,89.546670,1.691430,0.658546,16297
1,5,6999,pixel3,cifar10,93.820000,12.260900,0.658546,16297
1,5,11972,pixel3,cifar10,91.510000,5.627010,0.658546,16297
1,5,1804,pixel3,cifar10,89.063330,1.579900,0.658546,16297
1,5,6985,pixel3,cifar10,89.940000,2.367450,0.658546,16297
1,5,6863,pixel3,cifar10,86.740000,1.229320,0.658546,16297
1,6,8323,raspi4,cifar10,90.870000,7.426308,0.577103,16099
1,6,6382,raspi4,cifar10,93.376660,21.461164,0.577103,16099
1,6,8008,raspi4,cifar10,93.480000,22.571420,0.577103,16099
1,6,2035,raspi4,cifar10,89.670000,4.984099,0.577103,16099
1,6,1962,raspi4,cifar10,86.530000,2.529453,0.577103,16099
1,6,9380,raspi4,cifar10,89.335000,4.875613,0.577103,16099
1,6,6985,raspi4,cifar10,89.940000,4.995646,0.577103,16099
1,6,2058,raspi4,cifar10,93.270000,19.484835,0.577103,16099
1,6,11692,raspi4,cifar10,94.130000,37.583630,0.577103,16099
1,6,6111,raspi4,cifar10,94.373340,68.404106,0.577103,16099
1,6,6953,raspi4,cifar10,91.990000,15.601654,0.577103,16099
1,6,5111,raspi4,cifar10,94.306660,41.756905,0.577103,16099
1,6,11533,raspi4,cifar10,93.420000,21.715693,0.577103,16099
1,6,10275,raspi4,cifar10,91.080000,9.993188,0.577103,16099
1,6,13846,raspi4,cifar10,90.720000,7.176163,0.577103,16099
1,6,3731,raspi4,cifar10,94.343330,58.070793,0.577103,16099
1,6,8592,raspi4,cifar10,93.750000,25.477009,0.577103,16099
1,6,10412,raspi4,cifar10,93.530000,25.079220,0.577103,16099
1,6,1690,raspi4,cifar10,86.646670,2.536549,0.577103,16099
1,6,11810,raspi4,cifar10,92.780000,18.619905,0.577103,16099
1,6,9271,raspi4,cifar10,89.250000,4.830311,0.577103,16099
1,6,6918,raspi4,cifar10,87.000000,2.787590,0.577103,16099
1,6,1941,raspi4,cifar10,93.533330,25.121769,0.577103,16099
1,6,14565,raspi4,cifar10,88.880000,4.781183,0.577103,16099
1,6,6946,raspi4,cifar10,92.026665,16.686316,0.577103,16099
1,6,14677,raspi4,cifar10,88.670000,4.755260,0.577103,16099
1,6,1804,raspi4,cifar10,89.063330,4.791845,0.577103,16099
1,6,11972,raspi4,cifar10,91.510000,12.403558,0.577103,16099
1,6,13611,raspi4,cifar10,92.490000,18.523302,0.577103,16099
1,6,8426,raspi4,cifar10,93.840000,31.394428,0.577103,16099
1,6,7017,raspi4,cifar10,86.970000,2.544041,0.577103,16099
1,6,12505,raspi4,cifar10,92.150000,16.747276,0.577103,16099
1,6,6960,raspi4,cifar10,92.280000,17.162752,0.577103,16099
1,6,6577,raspi4,cifar10,10.000000,0.011297,0.577103,16099
1,6,5780,raspi4,cifar10,93.980000,34.928463,0.577103,16099
1,7,6381,edgegpu,cifar100,66.800000,1.753340,0.494824,16435
1,7,11810,edgegpu,cifar100,68.300000,1.779551,0.494824,16435
1,7,11067,edgegpu,cifar100,58.186670,1.427836,0.494824,16435
1,7,4418,edgegpu,cifar100,72.746666,5.352364,0.494824,16435
1,7,2304,edgegpu,cifar100,58.660000,1.440253,0.494824,16435
1,7,9997,edgegpu,cifar100,71.520000,3.466139,0.494824,16435
1,7,9930,edgegpu,cifar100,73.513336,6.803060,0.494824,16435
1,7,9922,edgegpu,cifar100,58.560000,1.428552,0.494824,16435
1,7,8401,edgegpu,cifar100,71.080000,3.302102,0.494824,16435
1,7,1038,edgegpu,cifar100,67.500000,1.758428,0.494824,16435
1,7,4954,edgegpu,cifar100,73.000000,6.669736,0.494824,16435
1,7,11885,edgegpu,cifar100,68.040000,1.776652,0.494824,16435
1,7,1509,edgegpu,cifar100,1.000000,0.505853,0.494824,16435
1,7,12415,edgegpu,cifar100,71.940000,4.828467,0.494824,16435
1,7,3888,edgegpu,cifar100,73.260000,6.797867,0.494824,16435
1,7,8912,edgegpu,cifar100,59.200000,1.441355,0.494824,16435
1,7,2778,edgegpu,cifar100,72.993330,6.134028,0.494824,16435
1,7,14677,edgegpu,cifar100,62.420000,1.746187,0.494824,16435
1,7,1425,edgegpu,cifar100,72.093330,5.310225,0.494824,16435
1,8,10000,edgetpu,cifar100,73.160000,1.283461,0.597224,16158
1,8,11973,edgetpu,cifar100,70.340000,0.641728,0.597224,16158
1,8,1110,edgetpu,cifar100,58.840000,0.355938,0.597224,16158
1,8,857,edgetpu,cifar100,72.880000,1.264168,0.597224,16158
1,8,12415,edgetpu,cifar100,71.940000,0.872299,0.597224,16158
1,8,12424,edgetpu,cifar100,69.980000,0.638946,0.597224,16158
1,8,5019,edgetpu,cifar100,58.880000,0.357058,0.597224,16158
1,8,9997,edgetpu,cifar100,71.520000,0.729986,0.597224,16158
1,8,15363,edgetpu,cifar100,70.520000,0.676394,0.597224,16158
1,8,577,edgetpu,cifar100,69.680000,0.635228,0.597224,16158
1,8,1425,edgetpu,cifar100,72.093330,0.910660,0.597224,16158
1,8,8912,edgetpu,cifar100,59.200000,0.377698,0.597224,16158
1,8,9930,edgetpu,cifar100,73.513336,1.454107,0.597224,16158
1,8,3888,edgetpu,cifar100,73.260000,1.316226,0.597224,16158
1,8,8401,edgetpu,cifar100,71.080000,0.728572,0.597224,16158
1,8,12574,edgetpu,cifar100,72.740000,0.932430,0.597224,16158
1,8,2705,edgetpu,cifar100,62.813330,0.393026,0.597224,16158
1,8,8638,edgetpu,cifar100,58.860000,0.356631,0.597224,16158
1,8,4155,edgetpu,cifar100,62.306667,0.391442,0.597224,16158
1,8,4418,edgetpu,cifar100,72.746666,1.093699,0.597224,16158
1,8,777,edgetpu,cifar100,58.650000,0.355588,0.597224,16158
1,8,12761,edgetpu,cifar100,72.860000,1.225212,0.597224,16158
1,8,797,edgetpu,cifar100,69.580000,0.633351,0.597224,16158
1,8,13829,edgetpu,cifar100,66.873340,0.485137,0.597224,16158
1,8,10443,edgetpu,cifar100,68.300000,0.489020,0.597224,16158
1,8,14108,edgetpu,cifar100,58.226665,0.355243,0.597224,16158
1,8,12607,edgetpu,cifar100,62.600000,0.392830,0.597224,16158
1,8,11533,edgetpu,cifar100,69.760000,0.635877,0.597224,16158
1,8,1943,edgetpu,cifar100,69.626660,0.634759,0.597224,16158
1,8,9271,edgetpu,cifar100,63.400000,0.393151,0.597224,16158
1,8,8649,edgetpu,cifar100,70.690000,0.727284,0.597224,16158
1,8,3303,edgetpu,cifar100,62.420000,0.392593,0.597224,16158
1,8,1996,edgetpu,cifar100,67.820000,0.486748,0.597224,16158
1,8,6946,edgetpu,cifar100,67.500000,0.486233,0.597224,16158
1,9,12820,eyeriss,cifar100,67.720000,2.419840,0.445883,16706
1,9,12574,eyeriss,cifar100,72.740000,5.123200,0.445883,16706
1,9,6925,eyeriss,cifar100,71.220000,3.894400,0.445883,16706
1,9,5084,eyeriss,cifar100,58.813330,1.682560,0.445883,16706
1,9,10689,eyeriss,cifar100,67.500000,2.174080,0.445883,16706
1,9,3888,eyeriss,cifar100,73.260000,6.597760,0.445883,16706
1,9,14112,eyeriss,cifar100,68.386665,2.911360,0.445883,16706
1,9,11301,eyeriss,cifar100,68.220000,2.665600,0.445883,16706
1,9,9930,eyeriss,cifar100,73.513336,9.055360,0.445883,16706
1,9,5651,eyeriss,cifar100,64.690000,1.928320,0.445883,16706
1,9,6787,eyeriss,cifar100,70.720000,3.648640,0.445883,16706
1,9,12761,eyeriss,cifar100,72.860000,6.352000,0.445883,16706
1,9,14714,eyeriss,cifar100,71.280000,4.140160,0.445883,16706
1,9,3540,eyeriss,cifar100,71.500000,4.877440,0.445883,16706
1,9,3487,eyeriss,cifar100,70.093330,3.402880,0.445883,16706
1,10,5033,fpga,cifar100,59.060000,1.542560,0.442785,16506
1,10,10689,fpga,cifar100,67.500000,2.163360,0.442785,16506
1,10,12574,fpga,cifar100,72.740000,4.678560,0.442785,16506
1,10,11973,fpga,cifar100,70.340000,2.905760,0.442785,16506
1,10,5743,fpga,cifar100,67.800000,2.800160,0.442785,16506
1,10,6925,fpga,cifar100,71.220000,3.936160,0.442785,16506
1,10,4249,fpga,cifar100,65.080000,2.057760,0.442785,16506
1,10,3888,fpga,cifar100,73.260000,5.936160,0.442785,16506
1,10,12761,fpga,cifar100,72.860000,5.420960,0.442785,16506
1,10,12295,fpga,cifar100,71.160000,3.648160,0.442785,16506
1,10,5651,fpga,cifar100,64.690000,1.648160,0.442785,16506
1,10,6787,fpga,cifar100,70.720000,3.420960,0.442785,16506
1,10,6830,fpga,cifar100,71.460000,4.057760,0.442785,16506
1,10,5084,fpga,cifar100,58.813330,1.132960,0.442785,16506
1,10,12820,fpga,cifar100,67.720000,2.678560,0.442785,16506
1,10,3540,fpga,cifar100,71.500000,4.163360,0.442785,16506
1,10,7250,fpga,cifar100,67.706665,2.390560,0.442785,16506
1,10,9930,fpga,cifar100,73.513336,7.420960,0.442785,16506
1,11,657,pixel3,cifar100,58.233334,1.233070,0.612228,16495
1,11,10689,pixel3,cifar100,67.500000,3.109220,0.612228,16495
1,11,8638,pixel3,cifar100,58.860000,1.478570,0.612228,16495
1,11,1416,pixel3,cifar100,64.493330,2.084060,0.612228,16495
1,11,1450,pixel3,cifar100,70.506670,9.337360,0.612228,16495
1,11,15363,pixel3,cifar100,70.520000,9.708640,0.612228,16495
1,11,485,pixel3,cifar100,67.593330,4.124800,0.612228,16495
1,11,8323,pixel3,cifar100,67.080000,3.106340,0.612228,16495
1,11,8912,pixel3,cifar100,59.200000,1.478790,0.612228,16495
1,11,3888,pixel3,cifar100,73.260000,23.477200,0.612228,16495
1,11,1409,pixel3,cifar100,58.853333,1.275090,0.612228,16495
1,11,1090,pixel3,cifar100,65.220000,2.811310,0.612228,16495
1,11,1459,pixel3,cifar100,73.140000,23.437900,0.612228,16495
1,11,857,pixel3,cifar100,72.880000,19.113200,0.612228,16495
1,11,12970,pixel3,cifar100,68.140000,4.782110,0.612228,16495
1,11,5651,pixel3,cifar100,64.690000,2.376870,0.612228,16495
1,11,14112,pixel3,cifar100,68.386665,5.745320,0.612228,16495
1,11,10042,pixel3,cifar100,64.880000,2.794690,0.612228,16495
1,11,12574,pixel3,cifar100,72.740000,16.473900,0.612228,16495
1,11,11301,pixel3,cifar100,68.220000,5.352090,0.612228,16495
1,11,9930,pixel3,cifar100,73.513336,42.003600,0.612228,16495
1,11,6925,pixel3,cifar100,71.220000,10.688000,0.612228,16495
1,11,6337,pixel3,cifar100,1.000000,0.008753,0.612228,16495
1,11,699,pixel3,cifar100,72.240000,12.079400,0.612228,16495
1,11,11000,pixel3,cifar100,71.180000,10.677600,0.612228,16495
1,11,6787,pixel3,cifar100,70.720000,9.854430,0.612228,16495
1,11,898,pixel3,cifar100,70.000000,6.516140,0.612228,16495
1,11,724,pixel3,cifar100,67.053340,2.875650,0.612228,16495
1,11,858,pixel3,cifar100,64.133330,2.003500,0.612228,16495
1,11,572,pixel3,cifar100,70.313330,8.017480,0.612228,16495
1,11,1558,pixel3,cifar100,64.020000,1.705220,0.612228,16495
1,11,906,pixel3,cifar100,62.393333,1.661810,0.612228,16495
1,12,1572,raspi4,cifar100,69.900000,19.916142,0.614386,16366
1,12,2222,raspi4,cifar100,58.313330,2.538255,0.614386,16366
1,12,12761,raspi4,cifar100,72.860000,53.718200,0.614386,16366
1,12,14612,raspi4,cifar100,58.720000,2.563505,0.614386,16366
1,12,14714,raspi4,cifar100,71.280000,24.692347,0.614386,16366
1,12,2035,raspi4,cifar100,63.926666,5.005698,0.614386,16366
1,12,14112,raspi4,cifar100,68.386665,14.423308,0.614386,16366
1,12,375,raspi4,cifar100,64.440000,5.099302,0.614386,16366
1,12,10042,raspi4,cifar100,64.880000,5.100886,0.614386,16366
1,12,898,raspi4,cifar100,70.000000,21.506163,0.614386,16366
1,12,6925,raspi4,cifar100,71.220000,24.195030,0.614386,16366
1,12,12574,raspi4,cifar100,72.740000,36.371254,0.614386,16366
1,12,4418,raspi4,cifar100,72.746666,47.162354,0.614386,16366
1,12,15137,raspi4,cifar100,63.160000,4.941014,0.614386,16366
1,12,13430,raspi4,cifar100,66.700000,7.203785,0.614386,16366
1,12,10166,raspi4,cifar100,62.700000,4.857379,0.614386,16366
1,12,8912,raspi4,cifar100,59.200000,2.818969,0.614386,16366
1,12,6787,raspi4,cifar100,70.720000,23.081835,0.614386,16366
1,12,1459,raspi4,cifar100,73.140000,53.879950,0.614386,16366
1,12,3888,raspi4,cifar100,73.260000,55.029520,0.614386,16366
1,12,9930,raspi4,cifar100,73.513336,71.152000,0.614386,16366
1,12,12915,raspi4,cifar100,66.950000,7.226311,0.614386,16366
1,12,15363,raspi4,cifar100,70.520000,21.809430,0.614386,16366
1,12,10222,raspi4,cifar100,58.860000,2.747804,0.614386,16366
1,12,4409,raspi4,cifar100,67.173330,7.228629,0.614386,16366
1,12,7891,raspi4,cifar100,67.550000,12.536592,0.614386,16366
1,12,15589,raspi4,cifar100,59.060000,2.795078,0.614386,16366
1,12,9380,raspi4,cifar100,62.680000,4.821364,0.614386,16366
1,12,14792,raspi4,cifar100,69.500000,19.111843,0.614386,16366
1,12,6822,raspi4,cifar100,58.426666,2.558594,0.614386,16366
1,12,8740,raspi4,cifar100,1.000000,0.015215,0.614386,16366
1,12,10689,raspi4,cifar100,67.500000,7.381845,0.614386,16366
1,12,7030,raspi4,cifar100,69.600000,19.218203,0.614386,16366
1,12,9997,raspi4,cifar100,71.520000,34.996710,0.614386,16366
1,12,6918,raspi4,cifar100,58.800000,2.571364,0.614386,16366
1,12,3487,raspi4,cifar100,70.093330,21.603350,0.614386,16366
1,12,12607,raspi4,cifar100,62.600000,4.779045,0.614386,16366
1,12,9926,raspi4,cifar100,63.520000,4.999532,0.614386,16366
1,12,8720,raspi4,cifar100,64.130000,5.082239,0.614386,16366
1,12,4498,raspi4,cifar100,64.086670,5.022347,0.614386,16366
1,13,2650,edgegpu,ImageNet16-120,42.433334,3.309817,0.564106,16323
1,13,7760,edgegpu,ImageNet16-120,39.100000,1.743751,0.564106,16323
1,13,15383,edgegpu,ImageNet16-120,47.033333,6.262836,0.564106,16323
1,13,8426,edgegpu,ImageNet16-120,44.633335,3.370147,0.564106,16323
1,13,11217,edgegpu,ImageNet16-120,43.466667,3.316708,0.564106,16323
1,13,15288,edgegpu,ImageNet16-120,28.422222,1.417041,0.564106,16323
1,13,4587,edgegpu,ImageNet16-120,28.800000,1.445131,0.564106,16323
1,13,14117,edgegpu,ImageNet16-120,28.677778,1.435547,0.564106,16323
1,13,8401,edgegpu,ImageNet16-120,43.833332,3.322444,0.564106,16323
1,13,4946,edgegpu,ImageNet16-120,44.700000,3.490419,0.564106,16323
1,13,454,edgegpu,ImageNet16-120,41.277780,3.303313,0.564106,16323
1,13,8884,edgegpu,ImageNet16-120,45.033333,3.499999,0.564106,16323
1,13,15376,edgegpu,ImageNet16-120,0.833333,0.533953,0.564106,16323
1,13,6950,edgegpu,ImageNet16-120,38.700000,1.740150,0.564106,16323
1,13,9722,edgegpu,ImageNet16-120,44.000000,3.327813,0.564106,16323
1,13,5751,edgegpu,ImageNet16-120,40.044445,2.434626,0.564106,16323
1,13,7187,edgegpu,ImageNet16-120,28.683332,1.443858,0.564106,16323
1,13,4988,edgegpu,ImageNet16-120,28.933332,1.448212,0.564106,16323
1,13,14612,edgegpu,ImageNet16-120,28.488890,1.434064,0.564106,16323
1,13,12415,edgegpu,ImageNet16-120,46.566666,4.667692,0.564106,16323
1,13,4160,edgegpu,ImageNet16-120,39.833332,1.756272,0.564106,16323
1,13,1164,edgegpu,ImageNet16-120,28.522223,1.435223,0.564106,16323
1,13,9586,edgegpu,ImageNet16-120,46.933334,5.222673,0.564106,16323
1,13,13760,edgegpu,ImageNet16-120,32.333332,1.739759,0.564106,16323
1,13,14840,edgegpu,ImageNet16-120,45.311110,4.224715,0.564106,16323
1,13,13411,edgegpu,ImageNet16-120,31.855556,1.736240,0.564106,16323
1,13,10947,edgegpu,ImageNet16-120,39.944443,1.909800,0.564106,16323
1,13,4332,edgegpu,ImageNet16-120,39.444443,1.745496,0.564106,16323
1,13,15159,edgegpu,ImageNet16-120,45.566666,4.632421,0.564106,16323
1,14,14840,edgetpu,ImageNet16-120,45.311110,0.666690,0.510747,15985
1,14,15383,edgetpu,ImageNet16-120,47.033333,0.780914,0.510747,15985
1,14,15363,edgetpu,ImageNet16-120,44.333332,0.582280,0.510747,15985
1,14,9689,edgetpu,ImageNet16-120,42.533333,0.549702,0.510747,15985
1,14,11079,edgetpu,ImageNet16-120,43.566666,0.552430,0.510747,15985
1,14,10167,edgetpu,ImageNet16-120,39.944443,0.444058,0.510747,15985
1,14,13769,edgetpu,ImageNet16-120,41.555557,0.549360,0.510747,15985
1,14,8447,edgetpu,ImageNet16-120,40.011112,0.514586,0.510747,15985
1,14,4988,edgetpu,ImageNet16-120,28.933332,0.360694,0.510747,15985
1,14,5674,edgetpu,ImageNet16-120,39.650000,0.428605,0.510747,15985
1,14,5530,edgetpu,ImageNet16-120,42.577778,0.549937,0.510747,15985
1,14,6520,edgetpu,ImageNet16-120,32.383335,0.363944,0.510747,15985
1,14,13931,edgetpu,ImageNet16-120,28.788889,0.360349,0.510747,15985
1,14,70,edgetpu,ImageNet16-120,39.377777,0.428228,0.510747,15985
1,14,8884,edgetpu,ImageNet16-120,45.033333,0.615792,0.510747,15985
1,14,7396,edgetpu,ImageNet16-120,40.177776,0.517218,0.510747,15985
1,14,15014,edgetpu,ImageNet16-120,28.266666,0.358110,0.510747,15985
1,14,15107,edgetpu,ImageNet16-120,39.800000,0.430284,0.510747,15985
1,14,11282,edgetpu,ImageNet16-120,39.633335,0.428409,0.510747,15985
1,14,10888,edgetpu,ImageNet16-120,28.333334,0.359044,0.510747,15985
1,14,7750,edgetpu,ImageNet16-120,43.066666,0.551617,0.510747,15985
1,14,6950,edgetpu,ImageNet16-120,38.700000,0.427379,0.510747,15985
1,14,13972,edgetpu,ImageNet16-120,31.933332,0.363440,0.510747,15985
1,14,10332,edgetpu,ImageNet16-120,40.033333,0.516152,0.510747,15985
1,14,14677,edgetpu,ImageNet16-120,33.233334,0.364575,0.510747,15985
1,14,11885,edgetpu,ImageNet16-120,39.166668,0.427395,0.510747,15985
1,14,7357,edgetpu,ImageNet16-120,44.666668,0.600498,0.510747,15985
1,14,6858,edgetpu,ImageNet16-120,40.333332,0.541300,0.510747,15985
1,14,4830,edgetpu,ImageNet16-120,42.233334,0.549457,0.510747,15985
1,14,7273,edgetpu,ImageNet16-120,42.966667,0.550014,0.510747,15985
1,14,3540,edgetpu,ImageNet16-120,45.122223,0.648670,0.510747,15985
1,14,12231,edgetpu,ImageNet16-120,40.200000,0.518358,0.510747,15985
1,14,12415,edgetpu,ImageNet16-120,46.566666,0.710906,0.510747,15985
1,14,857,edgetpu,ImageNet16-120,47.311110,0.997730,0.510747,15985
1,14,4160,edgetpu,ImageNet16-120,39.833332,0.430355,0.510747,15985
1,14,8781,edgetpu,ImageNet16-120,32.366665,0.363484,0.510747,15985
1,14,5751,edgetpu,ImageNet16-120,40.044445,0.516992,0.510747,15985
1,15,14417,eyeriss,ImageNet16-120,45.900000,1.098880,0.478916,16653
1,15,8853,eyeriss,ImageNet16-120,45.600000,1.037440,0.478916,16653
1,15,6854,eyeriss,ImageNet16-120,40.800000,0.668800,0.478916,16653
1,15,4618,eyeriss,ImageNet16-120,28.544445,0.423040,0.478916,16653
1,15,6787,eyeriss,ImageNet16-120,44.400000,0.914560,0.478916,16653
1,15,1939,eyeriss,ImageNet16-120,45.077778,0.976000,0.478916,16653
1,15,857,eyeriss,ImageNet16-120,47.311110,1.651840,0.478916,16653
1,15,15383,eyeriss,ImageNet16-120,47.033333,1.283200,0.478916,16653
1,15,2835,eyeriss,ImageNet16-120,38.222220,0.545920,0.478916,16653
1,15,8008,eyeriss,ImageNet16-120,43.500000,0.853120,0.478916,16653
1,15,4829,eyeriss,ImageNet16-120,34.200000,0.484480,0.478916,16653
1,15,735,eyeriss,ImageNet16-120,38.544445,0.607360,0.478916,16653
1,16,14417,fpga,ImageNet16-120,45.900000,1.276320,0.511753,16342
1,16,15446,fpga,ImageNet16-120,45.766666,1.116320,0.511753,16342
1,16,6854,fpga,ImageNet16-120,40.800000,0.809120,0.511753,16342
1,16,5793,fpga,ImageNet16-120,35.033333,0.517920,0.511753,16342
1,16,1939,fpga,ImageNet16-120,45.077778,1.062400,0.511753,16342
1,16,6787,fpga,ImageNet16-120,44.400000,0.969600,0.511753,16342
1,16,2835,fpga,ImageNet16-120,38.222220,0.546720,0.511753,16342
1,16,11593,fpga,ImageNet16-120,40.166668,0.780320,0.511753,16342
1,16,8008,fpga,ImageNet16-120,43.500000,0.876800,0.511753,16342
1,16,15383,fpga,ImageNet16-120,47.033333,1.504000,0.511753,16342
1,16,11079,fpga,ImageNet16-120,43.566666,0.902400,0.511753,16342
1,16,10017,fpga,ImageNet16-120,40.566666,0.784000,0.511753,16342
1,16,14748,fpga,ImageNet16-120,44.900000,0.995200,0.511753,16342
1,16,6868,fpga,ImageNet16-120,39.000000,0.649120,0.511753,16342
1,16,4829,fpga,ImageNet16-120,34.200000,0.415520,0.511753,16342
1,16,857,fpga,ImageNet16-120,47.311110,2.038400,0.511753,16342
1,16,4988,fpga,ImageNet16-120,28.933332,0.284320,0.511753,16342
1,17,1549,pixel3,ImageNet16-120,28.655556,0.424747,0.656467,16316
1,17,1110,pixel3,ImageNet16-120,28.600000,0.423927,0.656467,16316
1,17,4587,pixel3,ImageNet16-120,28.800000,0.445767,0.656467,16316
1,17,12452,pixel3,ImageNet16-120,40.533333,1.504410,0.656467,16316
1,17,13756,pixel3,ImageNet16-120,0.833333,0.005289,0.656467,16316
1,17,1204,pixel3,ImageNet16-120,37.844444,0.864966,0.656467,16316
1,17,857,pixel3,ImageNet16-120,47.311110,6.686850,0.656467,16316
1,17,10154,pixel3,ImageNet16-120,46.133335,4.783700,0.656467,16316
1,17,15446,pixel3,ImageNet16-120,45.766666,3.439380,0.656467,16316
1,17,12424,pixel3,ImageNet16-120,43.133330,2.470150,0.656467,16316
1,17,2835,pixel3,ImageNet16-120,38.222220,0.868646,0.656467,16316
1,17,12639,pixel3,ImageNet16-120,40.400000,1.304440,0.656467,16316
1,17,4977,pixel3,ImageNet16-120,32.966667,0.617991,0.656467,16316
1,17,4988,pixel3,ImageNet16-120,28.933332,0.485996,0.656467,16316
1,17,898,pixel3,ImageNet16-120,42.466667,2.467210,0.656467,16316
1,17,2018,pixel3,ImageNet16-120,46.433334,4.949210,0.656467,16316
1,17,3728,pixel3,ImageNet16-120,28.500000,0.422880,0.656467,16316
1,17,1425,pixel3,ImageNet16-120,45.977780,4.619290,0.656467,16316
1,17,872,pixel3,ImageNet16-120,41.777780,2.465030,0.656467,16316
1,17,4895,pixel3,ImageNet16-120,33.200000,0.619070,0.656467,16316
1,17,4432,pixel3,ImageNet16-120,37.800000,0.861157,0.656467,16316
1,17,11079,pixel3,ImageNet16-120,43.566666,2.479610,0.656467,16316
1,17,4004,pixel3,ImageNet16-120,42.811110,2.467510,0.656467,16316
1,17,6854,pixel3,ImageNet16-120,40.800000,1.621620,0.656467,16316
1,17,12466,pixel3,ImageNet16-120,46.100000,4.680280,0.656467,16316
1,17,11000,pixel3,ImageNet16-120,44.866665,2.962520,0.656467,16316
1,17,758,pixel3,ImageNet16-120,28.333334,0.422134,0.656467,16316
1,17,1939,pixel3,ImageNet16-120,45.077778,3.021500,0.656467,16316
1,17,14417,pixel3,ImageNet16-120,45.900000,4.143030,0.656467,16316
1,17,735,pixel3,ImageNet16-120,38.544445,1.107950,0.656467,16316
1,17,8683,pixel3,ImageNet16-120,44.200000,2.711960,0.656467,16316
1,17,4384,pixel3,ImageNet16-120,28.133333,0.421612,0.656467,16316
1,17,8584,pixel3,ImageNet16-120,34.088890,0.664046,0.656467,16316
1,17,2002,pixel3,ImageNet16-120,32.277780,0.617751,0.656467,16316
1,17,15383,pixel3,ImageNet16-120,47.033333,5.191720,0.656467,16316
1,17,1860,pixel3,ImageNet16-120,28.433332,0.422587,0.656467,16316
1,17,3496,pixel3,ImageNet16-120,34.233334,0.670584,0.656467,16316
1,17,8954,pixel3,ImageNet16-120,28.733334,0.424855,0.656467,16316
1,17,2899,pixel3,ImageNet16-120,43.911110,2.701210,0.656467,16316
1,17,6014,pixel3,ImageNet16-120,28.533333,0.423391,0.656467,16316
1,18,8584,raspi4,ImageNet16-120,34.088890,1.586268,0.637946,16242
1,18,5530,raspi4,ImageNet16-120,42.577778,3.785925,0.637946,16242
1,18,7187,raspi4,ImageNet16-120,28.683332,0.952790,0.637946,16242
1,18,1188,raspi4,ImageNet16-120,32.455555,1.526725,0.637946,16242
1,18,6336,raspi4,ImageNet16-120,39.366665,3.073392,0.637946,16242
1,18,9496,raspi4,ImageNet16-120,38.200000,2.204048,0.637946,16242
1,18,380,raspi4,ImageNet16-120,38.900000,3.038936,0.637946,16242
1,18,11079,raspi4,ImageNet16-120,43.566666,3.802027,0.637946,16242
1,18,13931,raspi4,ImageNet16-120,28.788889,0.956195,0.637946,16242
1,18,2779,raspi4,ImageNet16-120,37.355556,2.190654,0.637946,16242
1,18,15383,raspi4,ImageNet16-120,47.033333,8.565354,0.637946,16242
1,18,8884,raspi4,ImageNet16-120,45.033333,5.293177,0.637946,16242
1,18,14750,raspi4,ImageNet16-120,32.933334,1.536700,0.637946,16242
1,18,9032,raspi4,ImageNet16-120,38.016666,2.201532,0.637946,16242
1,18,6787,raspi4,ImageNet16-120,44.400000,4.532777,0.637946,16242
1,18,4988,raspi4,ImageNet16-120,28.933332,1.003251,0.637946,16242
1,18,3960,raspi4,ImageNet16-120,37.755554,2.197980,0.637946,16242
1,18,15363,raspi4,ImageNet16-120,44.333332,4.480516,0.637946,16242
1,18,8426,raspi4,ImageNet16-120,44.633335,5.288439,0.637946,16242
1,18,10167,raspi4,ImageNet16-120,39.944443,3.106316,0.637946,16242
1,18,219,raspi4,ImageNet16-120,42.500000,3.768475,0.637946,16242
1,18,14677,raspi4,ImageNet16-120,33.233334,1.537227,0.637946,16242
1,18,5637,raspi4,ImageNet16-120,33.933334,1.580707,0.637946,16242
1,18,3782,raspi4,ImageNet16-120,41.866665,3.755286,0.637946,16242
1,18,857,raspi4,ImageNet16-120,47.311110,9.020064,0.637946,16242
1,18,933,raspi4,ImageNet16-120,0.833333,0.011514,0.637946,16242
1,18,4995,raspi4,ImageNet16-120,42.166668,3.766336,0.637946,16242
1,18,13771,raspi4,ImageNet16-120,32.744446,1.533813,0.637946,16242
1,18,2018,raspi4,ImageNet16-120,46.433334,7.482383,0.637946,16242
1,18,10017,raspi4,ImageNet16-120,40.566666,3.181383,0.637946,16242
1,18,5455,raspi4,ImageNet16-120,32.611110,1.532377,0.637946,16242
1,18,1939,raspi4,ImageNet16-120,45.077778,5.341908,0.637946,16242
1,18,7551,raspi4,ImageNet16-120,38.477780,2.950436,0.637946,16242
1,18,8736,raspi4,ImageNet16-120,45.700000,6.658077,0.637946,16242
1,18,11209,raspi4,ImageNet16-120,33.266666,1.580655,0.637946,16242
1,18,1413,raspi4,ImageNet16-120,42.711113,3.788479,0.637946,16242
1,18,13059,raspi4,ImageNet16-120,34.266666,1.595651,0.637946,16242
1,18,12505,raspi4,ImageNet16-120,39.283333,3.062432,0.637946,16242
1,18,6854,raspi4,ImageNet16-120,40.800000,3.661016,0.637946,16242
1,18,5973,raspi4,ImageNet16-120,40.100000,3.159922,0.637946,16242
1,18,14792,raspi4,ImageNet16-120,43.033333,3.792447,0.637946,16242
1,18,11946,raspi4,ImageNet16-120,28.200000,0.940293,0.637946,16242
1,18,3650,raspi4,ImageNet16-120,43.866665,4.475790,0.637946,16242
1,18,5487,raspi4,ImageNet16-120,38.500000,3.019000,0.637946,16242
1,18,14417,raspi4,ImageNet16-120,45.900000,6.948865,0.637946,16242
1,18,15107,raspi4,ImageNet16-120,39.800000,3.083329,0.637946,16242
1,18,10835,raspi4,ImageNet16-120,45.233334,6.632419,0.637946,16242
1,18,11584,raspi4,ImageNet16-120,46.666668,8.014434,0.637946,16242
1,18,8447,raspi4,ImageNet16-120,40.011112,3.156609,0.637946,16242
1,18,10472,raspi4,ImageNet16-120,39.633335,3.079679,0.637946,16242
2,1,561,edgegpu,cifar10,86.880000,1.451068,0.519302,16406
2,1,2776,edgegpu,cifar10,93.666664,3.331194,0.519302,16406
2,1,5780,edgegpu,cifar10,93.980000,3.361888,0.519302,16406
2,1,10484,edgegpu,cifar10,93.810000,3.354015,0.519302,16406
2,1,11810,edgegpu,cifar10,92.780000,1.992798,0.519302,16406
2,1,11692,edgegpu,cifar10,94.130000,4.708362,0.519302,16406
2,1,14527,edgegpu,cifar10,86.765000,1.439619,0.519302,16406
2,1,1339,edgegpu,cifar10,92.136665,1.751881,0.519302,16406
2,1,8421,edgegpu,cifar10,10.000000,0.538597,0.519302,16406
2,1,1549,edgegpu,cifar10,86.710000,1.436324,0.519302,16406
2,1,13401,edgegpu,cifar10,87.010000,1.457009,0.519302,16406
2,1,14090,edgegpu,cifar10,92.086670,1.749086,0.519302,16406
2,1,6499,edgegpu,cifar10,93.645000,3.331041,0.519302,16406
2,1,9099,edgegpu,cifar10,93.940000,3.357520,0.519302,16406
2,1,13714,edgegpu,cifar10,94.373340,6.772180,0.519302,16406
2,1,258,edgegpu,cifar10,93.640000,3.307109,0.519302,16406
2,1,6950,edgegpu,cifar10,92.000000,1.738467,0.519302,16406
2,1,14407,edgegpu,cifar10,86.770000,1.440282,0.519302,16406
2,1,5292,edgegpu,cifar10,94.293335,6.663151,0.519302,16406
2,1,1459,edgegpu,cifar10,94.296670,6.748991,0.519302,16406
2,1,5400,edgegpu,cifar10,86.630000,1.427460,0.519302,16406
2,1,2053,edgegpu,cifar10,94.206665,5.482254,0.519302,16406
2,1,6960,edgegpu,cifar10,92.280000,1.764450,0.519302,16406
2,1,6330,edgegpu,cifar10,94.006670,4.384699,0.519302,16406
2,1,10683,edgegpu,cifar10,92.330000,1.924162,0.519302,16406
2,2,6382,edgetpu,cifar10,93.376660,0.628638,0.482138,15862
2,2,6918,edgetpu,cifar10,87.000000,0.375819,0.482138,15862
2,2,11692,edgetpu,cifar10,94.130000,0.761100,0.482138,15862
2,2,7017,edgetpu,cifar10,86.970000,0.353089,0.482138,15862
2,2,2053,edgetpu,cifar10,94.206665,1.042178,0.482138,15862
2,2,10293,edgetpu,cifar10,86.513336,0.352328,0.482138,15862
2,2,9722,edgetpu,cifar10,93.540000,0.723575,0.482138,15862
2,2,8192,edgetpu,cifar10,93.093330,0.627745,0.482138,15862
2,2,5647,edgetpu,cifar10,89.110000,0.389378,0.482138,15862
2,2,5258,edgetpu,cifar10,88.775000,0.388629,0.482138,15862
2,2,11438,edgetpu,cifar10,92.500000,0.482393,0.482138,15862
2,2,4161,edgetpu,cifar10,89.250000,0.391221,0.482138,15862
2,2,8008,edgetpu,cifar10,93.480000,0.629746,0.482138,15862
2,2,3731,edgetpu,cifar10,94.343330,1.282820,0.482138,15862
2,2,11810,edgetpu,cifar10,92.780000,0.482879,0.482138,15862
2,2,13714,edgetpu,cifar10,94.373340,1.377865,0.482138,15862
2,2,5111,edgetpu,cifar10,94.306660,1.152010,0.482138,15862
2,2,12439,edgetpu,cifar10,86.393330,0.352159,0.482138,15862
2,2,9950,edgetpu,cifar10,93.840000,0.723767,0.482138,15862
2,2,5780,edgetpu,cifar10,93.980000,0.723967,0.482138,15862
2,2,9817,edgetpu,cifar10,93.490000,0.723286,0.482138,15862
2,2,9689,edgetpu,cifar10,93.370000,0.628386,0.482138,15862
2,2,10683,edgetpu,cifar10,92.330000,0.481277,0.482138,15862
2,2,9380,edgetpu,cifar10,89.335000,0.395662,0.482138,15862
2,2,11112,edgetpu,cifar10,92.110000,0.480732,0.482138,15862
2,2,797,edgetpu,cifar10,93.280000,0.627996,0.482138,15862
2,2,13611,edgetpu,cifar10,92.490000,0.481826,0.482138,15862
2,3,5111,eyeriss,cifar10,94.306660,5.365940,0.478552,16561
2,3,3731,eyeriss,cifar10,94.343330,6.594740,0.478552,16561
2,3,6899,eyeriss,cifar10,90.900000,2.416820,0.478552,16561
2,3,8592,eyeriss,cifar10,93.750000,3.891380,0.478552,16561
2,3,6854,eyeriss,cifar10,91.040000,2.662580,0.478552,16561
2,3,8323,eyeriss,cifar10,90.870000,2.171060,0.478552,16561
2,3,13611,eyeriss,cifar10,92.490000,3.154100,0.478552,16561
2,3,8008,eyeriss,cifar10,93.480000,3.399860,0.478552,16561
2,3,11472,eyeriss,cifar10,93.970000,4.628660,0.478552,16561
2,3,14112,eyeriss,cifar10,91.296670,2.908340,0.478552,16561
2,3,6584,eyeriss,cifar10,94.160000,4.874420,0.478552,16561
2,3,4384,eyeriss,cifar10,86.796670,1.679540,0.478552,16561
2,3,13987,eyeriss,cifar10,93.596664,3.645620,0.478552,16561
2,3,6111,eyeriss,cifar10,94.373340,7.823540,0.478552,16561
2,3,12438,eyeriss,cifar10,89.875000,1.925300,0.478552,16561
2,3,13714,eyeriss,cifar10,94.373340,7.823540,0.478552,16561
2,3,8720,eyeriss,cifar10,89.875000,1.925300,0.478552,16561
2,4,15295,fpga,cifar10,90.050000,2.057760,0.461728,16238
2,4,8720,fpga,cifar10,89.875000,1.648160,0.461728,16238
2,4,12438,fpga,cifar10,89.875000,1.648160,0.461728,16238
2,4,4384,fpga,cifar10,86.796670,1.132960,0.461728,16238
2,4,6584,fpga,cifar10,94.160000,4.163360,0.461728,16238
2,4,5111,fpga,cifar10,94.306660,5.193760,0.461728,16238
2,4,10431,fpga,cifar10,87.000000,1.542560,0.461728,16238
2,4,3731,fpga,cifar10,94.343330,5.936160,0.461728,16238
2,4,8323,fpga,cifar10,90.870000,2.163360,0.461728,16238
2,4,13987,fpga,cifar10,93.596664,3.420960,0.461728,16238
2,4,8008,fpga,cifar10,93.480000,2.905760,0.461728,16238
2,4,6111,fpga,cifar10,94.373340,6.678560,0.461728,16238
2,4,11472,fpga,cifar10,93.970000,3.648160,0.461728,16238
2,4,13714,fpga,cifar10,94.373340,6.678560,0.461728,16238
2,4,13611,fpga,cifar10,92.490000,2.390560,0.461728,16238
2,5,1781,pixel3,cifar10,89.883330,1.712020,0.696995,16373
2,5,8695,pixel3,cifar10,94.220000,17.564500,0.696995,16373
2,5,1631,pixel3,cifar10,89.506670,1.697120,0.696995,16373
2,5,6899,pixel3,cifar10,90.900000,3.961410,0.696995,16373
2,5,2779,pixel3,cifar10,90.806660,3.102950,0.696995,16373
2,5,6854,pixel3,cifar10,91.040000,4.514220,0.696995,16373
2,5,13171,pixel3,cifar10,93.530000,7.717220,0.696995,16373
2,5,11692,pixel3,cifar10,94.130000,15.490100,0.696995,16373
2,5,5111,pixel3,cifar10,94.306660,17.584600,0.696995,16373
2,5,3731,pixel3,cifar10,94.343330,23.361300,0.696995,16373
2,5,13869,pixel3,cifar10,93.656670,10.634700,0.696995,16373
2,5,2018,pixel3,cifar10,94.063330,14.960500,0.696995,16373
2,5,4627,pixel3,cifar10,93.270000,7.036050,0.696995,16373
2,5,8592,pixel3,cifar10,93.750000,10.769800,0.696995,16373
2,5,1943,pixel3,cifar10,93.116670,6.492030,0.696995,16373
2,5,6111,pixel3,cifar10,94.373340,23.584800,0.696995,16373
2,5,8323,pixel3,cifar10,90.870000,3.106420,0.696995,16373
2,5,9230,pixel3,cifar10,86.580000,1.056760,0.696995,16373
2,5,1941,pixel3,cifar10,93.533330,9.128690,0.696995,16373
2,5,5224,pixel3,cifar10,88.980000,1.570360,0.696995,16373
2,5,8836,pixel3,cifar10,92.220000,6.313990,0.696995,16373
2,5,7017,pixel3,cifar10,86.970000,1.403930,0.696995,16373
2,5,6434,pixel3,cifar10,91.080000,4.811140,0.696995,16373
2,5,1339,pixel3,cifar10,92.136665,5.802240,0.696995,16373
2,5,11972,pixel3,cifar10,91.510000,5.627010,0.696995,16373
2,5,6985,pixel3,cifar10,89.940000,2.367450,0.696995,16373
2,5,6382,pixel3,cifar10,93.376660,7.048190,0.696995,16373
2,5,55,pixel3,cifar10,86.756670,1.057440,0.696995,16373
2,5,3385,pixel3,cifar10,93.990000,13.656500,0.696995,16373
2,5,1804,pixel3,cifar10,89.063330,1.579900,0.696995,16373
2,5,12452,pixel3,cifar10,91.350000,5.590110,0.696995,16373
2,5,7001,pixel3,cifar10,10.000000,0.003277,0.696995,16373
2,5,10689,pixel3,cifar10,90.790000,2.669770,0.696995,16373
2,5,13987,pixel3,cifar10,93.596664,9.922680,0.696995,16373
2,5,7197,pixel3,cifar10,90.366670,2.447670,0.696995,16373
2,5,6999,pixel3,cifar10,93.820000,12.260900,0.696995,16373
2,5,1425,pixel3,cifar10,93.933334,12.536500,0.696995,16373
2,5,2035,pixel3,cifar10,89.670000,1.706480,0.696995,16373
2,6,9380,raspi4,cifar10,89.335000,4.875613,0.601554,16104
2,6,6985,raspi4,cifar10,89.940000,4.995646,0.601554,16104
2,6,14565,raspi4,cifar10,88.880000,4.781183,0.601554,16104
2,6,10412,raspi4,cifar10,93.530000,25.079220,0.601554,16104
2,6,5111,raspi4,cifar10,94.306660,41.756905,0.601554,16104
2,6,6382,raspi4,cifar10,93.376660,21.461164,0.601554,16104
2,6,13846,raspi4,cifar10,90.720000,7.176163,0.601554,16104
2,6,14677,raspi4,cifar10,88.670000,4.755260,0.601554,16104
2,6,8426,raspi4,cifar10,93.840000,31.394428,0.601554,16104
2,6,1973,raspi4,cifar10,91.663330,16.185848,0.601554,16104
2,6,6918,raspi4,cifar10,87.000000,2.787590,0.601554,16104
2,6,1962,raspi4,cifar10,86.530000,2.529453,0.601554,16104
2,6,5780,raspi4,cifar10,93.980000,34.928463,0.601554,16104
2,6,12385,raspi4,cifar10,91.990000,16.485830,0.601554,16104
2,6,8592,raspi4,cifar10,93.750000,25.477009,0.601554,16104
2,6,12505,raspi4,cifar10,92.150000,16.747276,0.601554,16104
2,6,11810,raspi4,cifar10,92.780000,18.619905,0.601554,16104
2,6,1804,raspi4,cifar10,89.063330,4.791845,0.601554,16104
2,6,9271,raspi4,cifar10,89.250000,4.830311,0.601554,16104
2,6,6960,raspi4,cifar10,92.280000,17.162752,0.601554,16104
2,6,8323,raspi4,cifar10,90.870000,7.426308,0.601554,16104
2,6,2035,raspi4,cifar10,89.670000,4.984099,0.601554,16104
2,6,3731,raspi4,cifar10,94.343330,58.070793,0.601554,16104
2,6,2058,raspi4,cifar10,93.270000,19.484835,0.601554,16104
2,6,1941,raspi4,cifar10,93.533330,25.121769,0.601554,16104
2,6,4210,raspi4,cifar10,89.030000,4.782748,0.601554,16104
2,6,7017,raspi4,cifar10,86.970000,2.544041,0.601554,16104
2,6,13611,raspi4,cifar10,92.490000,18.523302,0.601554,16104
2,6,10275,raspi4,cifar10,91.080000,9.993188,0.601554,16104
2,6,8008,raspi4,cifar10,93.480000,22.571420,0.601554,16104
2,6,6111,raspi4,cifar10,94.373340,68.404106,0.601554,16104
2,6,11692,raspi4,cifar10,94.130000,37.583630,0.601554,16104
2,6,1690,raspi4,cifar10,86.646670,2.536549,0.601554,16104
2,6,12002,raspi4,cifar10,93.510000,24.816572,0.601554,16104
2,6,11533,raspi4,cifar10,93.420000,21.715693,0.601554,16104
2,6,11972,raspi4,cifar10,91.510000,12.403558,0.601554,16104
2,6,9980,raspi4,cifar10,10.000000,0.011284,0.601554,16104
2,7,14677,edgegpu,cifar100,62.420000,1.746187,0.541343,16393
2,7,4954,edgegpu,cifar100,73.000000,6.669736,0.541343,16393
2,7,11810,edgegpu,cifar100,68.300000,1.779551,0.541343,16393
2,7,4418,edgegpu,cifar100,72.746666,5.352364,0.541343,16393
2,7,9930,edgegpu,cifar100,73.513336,6.803060,0.541343,16393
2,7,9922,edgegpu,cifar100,58.560000,1.428552,0.541343,16393
2,7,11885,edgegpu,cifar100,68.040000,1.776652,0.541343,16393
2,7,8912,edgegpu,cifar100,59.200000,1.441355,0.541343,16393
2,7,12415,edgegpu,cifar100,71.940000,4.828467,0.541343,16393
2,7,2304,edgegpu,cifar100,58.660000,1.440253,0.541343,16393
2,7,1425,edgegpu,cifar100,72.093330,5.310225,0.541343,16393
2,7,6124,edgegpu,cifar100,68.360000,3.185835,0.541343,16393
2,7,6381,edgegpu,cifar100,66.800000,1.753340,0.541343,16393
2,7,14984,edgegpu,cifar100,67.166664,1.760831,0.541343,16393
2,7,2778,edgegpu,cifar100,72.993330,6.134028,0.541343,16393
2,7,14300,edgegpu,cifar100,67.300000,1.765666,0.541343,16393
2,7,11067,edgegpu,cifar100,58.186670,1.427836,0.541343,16393
2,7,8401,edgegpu,cifar100,71.080000,3.302102,0.541343,16393
2,7,1509,edgegpu,cifar100,1.000000,0.505853,0.541343,16393
2,7,3888,edgegpu,cifar100,73.260000,6.797867,0.541343,16393
2,7,9997,edgegpu,cifar100,71.520000,3.466139,0.541343,16393
2,8,1383,edgetpu,cifar100,70.273330,0.673722,0.518237,16102
2,8,6946,edgetpu,cifar100,67.500000,0.486233,0.518237,16102
2,8,781,edgetpu,cifar100,67.960000,0.487922,0.518237,16102
2,8,1110,edgetpu,cifar100,58.840000,0.355938,0.518237,16102
2,8,9271,edgetpu,cifar100,63.400000,0.393151,0.518237,16102
2,8,11533,edgetpu,cifar100,69.760000,0.635877,0.518237,16102
2,8,8401,edgetpu,cifar100,71.080000,0.728572,0.518237,16102
2,8,12761,edgetpu,cifar100,72.860000,1.225212,0.518237,16102
2,8,5019,edgetpu,cifar100,58.880000,0.357058,0.518237,16102
2,8,9997,edgetpu,cifar100,71.520000,0.729986,0.518237,16102
2,8,797,edgetpu,cifar100,69.580000,0.633351,0.518237,16102
2,8,12574,edgetpu,cifar100,72.740000,0.932430,0.518237,16102
2,8,9930,edgetpu,cifar100,73.513336,1.454107,0.518237,16102
2,8,1425,edgetpu,cifar100,72.093330,0.910660,0.518237,16102
2,8,8638,edgetpu,cifar100,58.860000,0.356631,0.518237,16102
2,8,12607,edgetpu,cifar100,62.600000,0.392830,0.518237,16102
2,8,857,edgetpu,cifar100,72.880000,1.264168,0.518237,16102
2,8,12415,edgetpu,cifar100,71.940000,0.872299,0.518237,16102
2,8,1943,edgetpu,cifar100,69.626660,0.634759,0.518237,16102
2,8,8912,edgetpu,cifar100,59.200000,0.377698,0.518237,16102
2,8,3888,edgetpu,cifar100,73.260000,1.316226,0.518237,16102
2,8,777,edgetpu,cifar100,58.650000,0.355588,0.518237,16102
2,8,4418,edgetpu,cifar100,72.746666,1.093699,0.518237,16102
2,8,15363,edgetpu,cifar100,70.520000,0.676394,0.518237,16102
2,8,3303,edgetpu,cifar100,62.420000,0.392593,0.518237,16102
2,8,577,edgetpu,cifar100,69.680000,0.635228,0.518237,16102
2,8,13829,edgetpu,cifar100,66.873340,0.485137,0.518237,16102
2,8,2705,edgetpu,cifar100,62.813330,0.393026,0.518237,16102
2,8,69,edgetpu,cifar100,71.020000,0.727259,0.518237,16102
2,8,10000,edgetpu,cifar100,73.160000,1.283461,0.518237,16102
2,8,10443,edgetpu,cifar100,68.300000,0.489020,0.518237,16102
2,8,4155,edgetpu,cifar100,62.306667,0.391442,0.518237,16102
2,8,4659,edgetpu,cifar100,70.060000,0.636433,0.518237,16102
2,8,14945,edgetpu,cifar100,58.500000,0.354940,0.518237,16102
2,8,9541,edgetpu,cifar100,67.660000,0.486829,0.518237,16102
2,9,3540,eyeriss,cifar100,71.500000,4.877440,0.450165,16560
2,9,3888,eyeriss,cifar100,73.260000,6.597760,0.450165,16560
2,9,6787,eyeriss,cifar100,70.720000,3.648640,0.450165,16560
2,9,10689,eyeriss,cifar100,67.500000,2.174080,0.450165,16560
2,9,5084,eyeriss,cifar100,58.813330,1.682560,0.450165,16560
2,9,12820,eyeriss,cifar100,67.720000,2.419840,0.450165,16560
2,9,6925,eyeriss,cifar100,71.220000,3.894400,0.450165,16560
2,9,9930,eyeriss,cifar100,73.513336,9.055360,0.450165,16560
2,9,12761,eyeriss,cifar100,72.860000,6.352000,0.450165,16560
2,9,11301,eyeriss,cifar100,68.220000,2.665600,0.450165,16560
2,9,12574,eyeriss,cifar100,72.740000,5.123200,0.450165,16560
2,9,3487,eyeriss,cifar100,70.093330,3.402880,0.450165,16560
2,9,14112,eyeriss,cifar100,68.386665,2.911360,0.450165,16560
2,9,14714,eyeriss,cifar100,71.280000,4.140160,0.450165,16560
2,9,5651,eyeriss,cifar100,64.690000,1.928320,0.450165,16560
2,10,5084,fpga,cifar100,58.813330,1.132960,0.460222,16258
2,10,4249,fpga,cifar100,65.080000,2.057760,0.460222,16258
2,10,9997,fpga,cifar100,71.520000,4.572960,0.460222,16258
2,10,6787,fpga,cifar100,70.720000,3.420960,0.460222,16258
2,10,9930,fpga,cifar100,73.513336,7.420960,0.460222,16258
2,10,3540,fpga,cifar100,71.500000,4.163360,0.460222,16258
2,10,12761,fpga,cifar100,72.860000,5.420960,0.460222,16258
2,10,10689,fpga,cifar100,67.500000,2.163360,0.460222,16258
2,10,11973,fpga,cifar100,70.340000,2.905760,0.460222,16258
2,10,3888,fpga,cifar100,73.260000,5.936160,0.460222,16258
2,10,12295,fpga,cifar100,71.160000,3.648160,0.460222,16258
2,10,12574,fpga,cifar100,72.740000,4.678560,0.460222,16258
2,10,6925,fpga,cifar100,71.220000,3.936160,0.460222,16258
2,10,5651,fpga,cifar100,64.690000,1.648160,0.460222,16258
2,10,15033,fpga,cifar100,67.793335,2.390560,0.460222,16258
2,10,5033,fpga,cifar100,59.060000,1.542560,0.460222,16258
2,11,1409,pixel3,cifar100,58.853333,1.275090,0.664160,16417
2,11,8912,pixel3,cifar100,59.200000,1.478790,0.664160,16417
2,11,14112,pixel3,cifar100,68.386665,5.745320,0.664160,16417
2,11,12970,pixel3,cifar100,68.140000,4.782110,0.664160,16417
2,11,8323,pixel3,cifar100,67.080000,3.106340,0.664160,16417
2,11,12574,pixel3,cifar100,72.740000,16.473900,0.664160,16417
2,11,1631,pixel3,cifar100,63.986668,1.805000,0.664160,16417
2,11,11301,pixel3,cifar100,68.220000,5.352090,0.664160,16417
2,11,906,pixel3,cifar100,62.393333,1.661810,0.664160,16417
2,11,485,pixel3,cifar100,67.593330,4.124800,0.664160,16417
2,11,1593,pixel3,cifar100,62.126667,1.582050,0.664160,16417
2,11,15162,pixel3,cifar100,1.000000,0.008847,0.664160,16417
2,11,8638,pixel3,cifar100,58.860000,1.478570,0.664160,16417
2,11,1090,pixel3,cifar100,65.220000,2.811310,0.664160,16417
2,11,1450,pixel3,cifar100,70.506670,9.337360,0.664160,16417
2,11,724,pixel3,cifar100,67.053340,2.875650,0.664160,16417
2,11,857,pixel3,cifar100,72.880000,19.113200,0.664160,16417
2,11,3888,pixel3,cifar100,73.260000,23.477200,0.664160,16417
2,11,5651,pixel3,cifar100,64.690000,2.376870,0.664160,16417
2,11,858,pixel3,cifar100,64.133330,2.003500,0.664160,16417
2,11,11000,pixel3,cifar100,71.180000,10.677600,0.664160,16417
2,11,699,pixel3,cifar100,72.240000,12.079400,0.664160,16417
2,11,898,pixel3,cifar100,70.000000,6.516140,0.664160,16417
2,11,10689,pixel3,cifar100,67.500000,3.109220,0.664160,16417
2,11,1459,pixel3,cifar100,73.140000,23.437900,0.664160,16417
2,11,6787,pixel3,cifar100,70.720000,9.854430,0.664160,16417
2,11,6925,pixel3,cifar100,71.220000,10.688000,0.664160,16417
2,11,15363,pixel3,cifar100,70.520000,9.708640,0.664160,16417
2,11,572,pixel3,cifar100,70.313330,8.017480,0.664160,16417
2,11,375,pixel3,cifar100,64.440000,2.363140,0.664160,16417
2,11,9930,pixel3,cifar100,73.513336,42.003600,0.664160,16417
2,11,777,pixel3,cifar100,58.650000,1.087020,0.664160,16417
2,11,1616,pixel3,cifar100,63.946667,1.731160,0.664160,16417
2,12,7030,raspi4,cifar100,69.600000,19.218203,0.601089,16276
2,12,15363,raspi4,cifar100,70.520000,21.809430,0.601089,16276
2,12,14112,raspi4,cifar100,68.386665,14.423308,0.601089,16276
2,12,375,raspi4,cifar100,64.440000,5.099302,0.601089,16276
2,12,14714,raspi4,cifar100,71.280000,24.692347,0.601089,16276
2,12,13430,raspi4,cifar100,66.700000,7.203785,0.601089,16276
2,12,3888,raspi4,cifar100,73.260000,55.029520,0.601089,16276
2,12,15589,raspi4,cifar100,59.060000,2.795078,0.601089,16276
2,12,898,raspi4,cifar100,70.000000,21.506163,0.601089,16276
2,12,6787,raspi4,cifar100,70.720000,23.081835,0.601089,16276
2,12,4409,raspi4,cifar100,67.173330,7.228629,0.601089,16276
2,12,2222,raspi4,cifar100,58.313330,2.538255,0.601089,16276
2,12,12574,raspi4,cifar100,72.740000,36.371254,0.601089,16276
2,12,10042,raspi4,cifar100,64.880000,5.100886,0.601089,16276
2,12,6822,raspi4,cifar100,58.426666,2.558594,0.601089,16276
2,12,2035,raspi4,cifar100,63.926666,5.005698,0.601089,16276
2,12,8740,raspi4,cifar100,1.000000,0.015215,0.601089,16276
2,12,6925,raspi4,cifar100,71.220000,24.195030,0.601089,16276
2,12,10222,raspi4,cifar100,58.860000,2.747804,0.601089,16276
2,12,9926,raspi4,cifar100,63.520000,4.999532,0.601089,16276
2,12,3408,raspi4,cifar100,63.993332,5.081906,0.601089,16276
2,12,4418,raspi4,cifar100,72.746666,47.162354,0.601089,16276
2,12,12915,raspi4,cifar100,66.950000,7.226311,0.601089,16276
2,12,14612,raspi4,cifar100,58.720000,2.563505,0.601089,16276
2,12,9997,raspi4,cifar100,71.520000,34.996710,0.601089,16276
2,12,14792,raspi4,cifar100,69.500000,19.111843,0.601089,16276
2,12,12761,raspi4,cifar100,72.860000,53.718200,0.601089,16276
2,12,8912,raspi4,cifar100,59.200000,2.818969,0.601089,16276
2,12,10689,raspi4,cifar100,67.500000,7.381845,0.601089,16276
2,12,6918,raspi4,cifar100,58.800000,2.571364,0.601089,16276
2,12,8720,raspi4,cifar100,64.130000,5.082239,0.601089,16276
2,12,1572,raspi4,cifar100,69.900000,19.916142,0.601089,16276
2,12,12607,raspi4,cifar100,62.600000,4.779045,0.601089,16276
2,12,9271,raspi4,cifar100,63.400000,4.800893,0.601089,16276
2,12,4659,raspi4,cifar100,70.060000,21.672482,0.601089,16276
2,12,1459,raspi4,cifar100,73.140000,53.879950,0.601089,16276
2,12,7891,raspi4,cifar100,67.550000,12.536592,0.601089,16276
2,13,9722,edgegpu,ImageNet16-120,44.000000,3.327813,0.560182,16345
2,13,14117,edgegpu,ImageNet16-120,28.677778,1.435547,0.560182,16345
2,13,14612,edgegpu,ImageNet16-120,28.488890,1.434064,0.560182,16345
2,13,454,edgegpu,ImageNet16-120,41.277780,3.303313,0.560182,16345
2,13,7187,edgegpu,ImageNet16-120,28.683332,1.443858,0.560182,16345
2,13,9586,edgegpu,ImageNet16-120,46.933334,5.222673,0.560182,16345
2,13,2650,edgegpu,ImageNet16-120,42.433334,3.309817,0.560182,16345
2,13,7760,edgegpu,ImageNet16-120,39.100000,1.743751,0.560182,16345
2,13,8884,edgegpu,ImageNet16-120,45.033333,3.499999,0.560182,16345
2,13,15376,edgegpu,ImageNet16-120,0.833333,0.533953,0.560182,16345
2,13,4988,edgegpu,ImageNet16-120,28.933332,1.448212,0.560182,16345
2,13,8401,edgegpu,ImageNet16-120,43.833332,3.322444,0.560182,16345
2,13,10947,edgegpu,ImageNet16-120,39.944443,1.909800,0.560182,16345
2,13,4946,edgegpu,ImageNet16-120,44.700000,3.490419,0.560182,16345
2,13,4332,edgegpu,ImageNet16-120,39.444443,1.745496,0.560182,16345
2,13,4587,edgegpu,ImageNet16-120,28.800000,1.445131,0.560182,16345
2,13,15288,edgegpu,ImageNet16-120,28.422222,1.417041,0.560182,16345
2,13,6950,edgegpu,ImageNet16-120,38.700000,1.740150,0.560182,16345
2,13,11217,edgegpu,ImageNet16-120,43.466667,3.316708,0.560182,16345
2,13,8426,edgegpu,ImageNet16-120,44.633335,3.370147,0.560182,16345
2,13,1164,edgegpu,ImageNet16-120,28.522223,1.435223,0.560182,16345
2,13,4160,edgegpu,ImageNet16-120,39.833332,1.756272,0.560182,16345
2,13,14840,edgegpu,ImageNet16-120,45.311110,4.224715,0.560182,16345
2,13,5751,edgegpu,ImageNet16-120,40.044445,2.434626,0.560182,16345
2,13,13760,edgegpu,ImageNet16-120,32.333332,1.739759,0.560182,16345
2,13,12081,edgegpu,ImageNet16-120,40.233334,2.730479,0.560182,16345
2,13,13411,edgegpu,ImageNet16-120,31.855556,1.736240,0.560182,16345
2,13,12415,edgegpu,ImageNet16-120,46.566666,4.667692,0.560182,16345
2,14,11885,edgetpu,ImageNet16-120,39.166668,0.427395,0.494028,16055
2,14,12415,edgetpu,ImageNet16-120,46.566666,0.710906,0.494028,16055
2,14,5751,edgetpu,ImageNet16-120,40.044445,0.516992,0.494028,16055
2,14,7273,edgetpu,ImageNet16-120,42.966667,0.550014,0.494028,16055
2,14,15383,edgetpu,ImageNet16-120,47.033333,0.780914,0.494028,16055
2,14,8884,edgetpu,ImageNet16-120,45.033333,0.615792,0.494028,16055
2,14,7750,edgetpu,ImageNet16-120,43.066666,0.551617,0.494028,16055
2,14,13769,edgetpu,ImageNet16-120,41.555557,0.549360,0.494028,16055
2,14,13097,edgetpu,ImageNet16-120,39.655556,0.428424,0.494028,16055
2,14,6407,edgetpu,ImageNet16-120,32.333332,0.363748,0.494028,16055
2,14,14677,edgetpu,ImageNet16-120,33.233334,0.364575,0.494028,16055
2,14,4830,edgetpu,ImageNet16-120,42.233334,0.549457,0.494028,16055
2,14,3540,edgetpu,ImageNet16-120,45.122223,0.648670,0.494028,16055
2,14,4627,edgetpu,ImageNet16-120,43.500000,0.552306,0.494028,16055
2,14,13931,edgetpu,ImageNet16-120,28.788889,0.360349,0.494028,16055
2,14,10332,edgetpu,ImageNet16-120,40.033333,0.516152,0.494028,16055
2,14,10888,edgetpu,ImageNet16-120,28.333334,0.359044,0.494028,16055
2,14,7431,edgetpu,ImageNet16-120,32.577778,0.363954,0.494028,16055
2,14,8447,edgetpu,ImageNet16-120,40.011112,0.514586,0.494028,16055
2,14,7396,edgetpu,ImageNet16-120,40.177776,0.517218,0.494028,16055
2,14,4160,edgetpu,ImageNet16-120,39.833332,0.430355,0.494028,16055
2,14,10167,edgetpu,ImageNet16-120,39.944443,0.444058,0.494028,16055
2,14,4988,edgetpu,ImageNet16-120,28.933332,0.360694,0.494028,16055
2,14,5530,edgetpu,ImageNet16-120,42.577778,0.549937,0.494028,16055
2,14,15363,edgetpu,ImageNet16-120,44.333332,0.582280,0.494028,16055
2,14,857,edgetpu,ImageNet16-120,47.311110,0.997730,0.494028,16055
2,14,9689,edgetpu,ImageNet16-120,42.533333,0.549702,0.494028,16055
2,14,14840,edgetpu,ImageNet16-120,45.311110,0.666690,0.494028,16055
2,14,15014,edgetpu,ImageNet16-120,28.266666,0.358110,0.494028,16055
2,14,6858,edgetpu,ImageNet16-120,40.333332,0.541300,0.494028,16055
2,14,7837,edgetpu,ImageNet16-120,32.111110,0.363571,0.494028,16055
2,14,11079,edgetpu,ImageNet16-120,43.566666,0.552430,0.494028,16055
2,14,6950,edgetpu,ImageNet16-120,38.700000,0.427379,0.494028,16055
2,14,5586,edgetpu,ImageNet16-120,40.811110,0.546420,0.494028,16055
2,14,14662,edgetpu,ImageNet16-120,41.166668,0.547835,0.494028,16055
2,14,7357,edgetpu,ImageNet16-120,44.666668,0.600498,0.494028,16055
2,14,13972,edgetpu,ImageNet16-120,31.933332,0.363440,0.494028,16055
2,14,70,edgetpu,ImageNet16-120,39.377777,0.428228,0.494028,16055
2,14,11282,edgetpu,ImageNet16-120,39.633335,0.428409,0.494028,16055
2,15,6854,eyeriss,ImageNet16-120,40.800000,0.668800,0.461431,16630
2,15,735,eyeriss,ImageNet16-120,38.544445,0.607360,0.461431,16630
2,15,8853,eyeriss,ImageNet16-120,45.600000,1.037440,0.461431,16630
2,15,1939,eyeriss,ImageNet16-120,45.077778,0.976000,0.461431,16630
2,15,8008,eyeriss,ImageNet16-120,43.500000,0.853120,0.461431,16630
2,15,2835,eyeriss,ImageNet16-120,38.222220,0.545920,0.461431,16630
2,15,6787,eyeriss,ImageNet16-120,44.400000,0.914560,0.461431,16630
2,15,15383,eyeriss,ImageNet16-120,47.033333,1.283200,0.461431,16630
2,15,857,eyeriss,ImageNet16-120,47.311110,1.651840,0.461431,16630
2,15,14417,eyeriss,ImageNet16-120,45.900000,1.098880,0.461431,16630
2,15,4988,eyeriss,ImageNet16-120,28.933332,0.423040,0.461431,16630
2,15,4829,eyeriss,ImageNet16-120,34.200000,0.484480,0.461431,16630
2,16,2835,fpga,ImageNet16-120,38.222220,0.546720,0.473630,16413
2,16,8008,fpga,ImageNet16-120,43.500000,0.876800,0.473630,16413
2,16,6787,fpga,ImageNet16-120,44.400000,0.969600,0.473630,16413
2,16,6854,fpga,ImageNet16-120,40.800000,0.809120,0.473630,16413
2,16,15383,fpga,ImageNet16-120,47.033333,1.504000,0.473630,16413
2,16,1939,fpga,ImageNet16-120,45.077778,1.062400,0.473630,16413
2,16,15446,fpga,ImageNet16-120,45.766666,1.116320,0.473630,16413
2,16,6868,fpga,ImageNet16-120,39.000000,0.649120,0.473630,16413
2,16,14748,fpga,ImageNet16-120,44.900000,0.995200,0.473630,16413
2,16,10017,fpga,ImageNet16-120,40.566666,0.784000,0.473630,16413
2,16,5793,fpga,ImageNet16-120,35.033333,0.517920,0.473630,16413
2,16,4829,fpga,ImageNet16-120,34.200000,0.415520,0.473630,16413
2,16,12452,fpga,ImageNet16-120,40.533333,0.780320,0.473630,16413
2,16,4988,fpga,ImageNet16-120,28.933332,0.284320,0.473630,16413
2,17,10154,pixel3,ImageNet16-120,46.133335,4.783700,0.657448,16281
2,17,13059,pixel3,ImageNet16-120,34.266666,0.668679,0.657448,16281
2,17,1860,pixel3,ImageNet16-120,28.433332,0.422587,0.657448,16281
2,17,1939,pixel3,ImageNet16-120,45.077778,3.021500,0.657448,16281
2,17,12639,pixel3,ImageNet16-120,40.400000,1.304440,0.657448,16281
2,17,4587,pixel3,ImageNet16-120,28.800000,0.445767,0.657448,16281
2,17,11000,pixel3,ImageNet16-120,44.866665,2.962520,0.657448,16281
2,17,857,pixel3,ImageNet16-120,47.311110,6.686850,0.657448,16281
2,17,2018,pixel3,ImageNet16-120,46.433334,4.949210,0.657448,16281
2,17,14417,pixel3,ImageNet16-120,45.900000,4.143030,0.657448,16281
2,17,872,pixel3,ImageNet16-120,41.777780,2.465030,0.657448,16281
2,17,5487,pixel3,ImageNet16-120,38.500000,1.109150,0.657448,16281
2,17,11079,pixel3,ImageNet16-120,43.566666,2.479610,0.657448,16281
2,17,6014,pixel3,ImageNet16-120,28.533333,0.423391,0.657448,16281
2,17,12466,pixel3,ImageNet16-120,46.100000,4.680280,0.657448,16281
2,17,3728,pixel3,ImageNet16-120,28.500000,0.422880,0.657448,16281
2,17,12516,pixel3,ImageNet16-120,32.083332,0.617816,0.657448,16281
2,17,6854,pixel3,ImageNet16-120,40.800000,1.621620,0.657448,16281
2,17,12355,pixel3,ImageNet16-120,45.033333,2.989390,0.657448,16281
2,17,15383,pixel3,ImageNet16-120,47.033333,5.191720,0.657448,16281
2,17,13756,pixel3,ImageNet16-120,0.833333,0.005289,0.657448,16281
2,17,12424,pixel3,ImageNet16-120,43.133330,2.470150,0.657448,16281
2,17,10340,pixel3,ImageNet16-120,31.522223,0.617772,0.657448,16281
2,17,4988,pixel3,ImageNet16-120,28.933332,0.485996,0.657448,16281
2,17,1549,pixel3,ImageNet16-120,28.655556,0.424747,0.657448,16281
2,17,1204,pixel3,ImageNet16-120,37.844444,0.864966,0.657448,16281
2,17,1110,pixel3,ImageNet16-120,28.600000,0.423927,0.657448,16281
2,17,8584,pixel3,ImageNet16-120,34.088890,0.664046,0.657448,16281
2,17,2899,pixel3,ImageNet16-120,43.911110,2.701210,0.657448,16281
2,17,12452,pixel3,ImageNet16-120,40.533333,1.504410,0.657448,16281
2,17,1425,pixel3,ImageNet16-120,45.977780,4.619290,0.657448,16281
2,17,12103,pixel3,ImageNet16-120,28.250000,0.422433,0.657448,16281
2,17,12506,pixel3,ImageNet16-120,43.983334,2.929990,0.657448,16281
2,17,4432,pixel3,ImageNet16-120,37.800000,0.861157,0.657448,16281
2,17,2835,pixel3,ImageNet16-120,38.222220,0.868646,0.657448,16281
2,17,4977,pixel3,ImageNet16-120,32.966667,0.617991,0.657448,16281
2,17,15446,pixel3,ImageNet16-120,45.766666,3.439380,0.657448,16281
2,17,4004,pixel3,ImageNet16-120,42.811110,2.467510,0.657448,16281
2,17,4895,pixel3,ImageNet16-120,33.200000,0.619070,0.657448,16281
2,17,8954,pixel3,ImageNet16-120,28.733334,0.424855,0.657448,16281
2,18,13771,raspi4,ImageNet16-120,32.744446,1.533813,0.743814,16172
2,18,7227,raspi4,ImageNet16-120,32.533333,1.530737,0.743814,16172
2,18,2779,raspi4,ImageNet16-120,37.355556,2.190654,0.743814,16172
2,18,11946,raspi4,ImageNet16-120,28.200000,0.940293,0.743814,16172
2,18,6854,raspi4,ImageNet16-120,40.800000,3.661016,0.743814,16172
2,18,1413,raspi4,ImageNet16-120,42.711113,3.788479,0.743814,16172
2,18,3782,raspi4,ImageNet16-120,41.866665,3.755286,0.743814,16172
2,18,10715,raspi4,ImageNet16-120,45.533333,6.790813,0.743814,16172
2,18,1939,raspi4,ImageNet16-120,45.077778,5.341908,0.743814,16172
2,18,2018,raspi4,ImageNet16-120,46.433334,7.482383,0.743814,16172
2,18,4995,raspi4,ImageNet16-120,42.166668,3.766336,0.743814,16172
2,18,15107,raspi4,ImageNet16-120,39.800000,3.083329,0.743814,16172
2,18,9496,raspi4,ImageNet16-120,38.200000,2.204048,0.743814,16172
2,18,3192,raspi4,ImageNet16-120,45.477780,6.675633,0.743814,16172
2,18,8584,raspi4,ImageNet16-120,34.088890,1.586268,0.743814,16172
2,18,12358,raspi4,ImageNet16-120,34.055557,1.582727,0.743814,16172
2,18,13931,raspi4,ImageNet16-120,28.788889,0.956195,0.743814,16172
2,18,7357,raspi4,ImageNet16-120,44.666668,4.480689,0.743814,16172
2,18,5487,raspi4,ImageNet16-120,38.500000,3.019000,0.743814,16172
2,18,11079,raspi4,ImageNet16-120,43.566666,3.802027,0.743814,16172
2,18,15383,raspi4,ImageNet16-120,47.033333,8.565354,0.743814,16172
2,18,13059,raspi4,ImageNet16-120,34.266666,1.595651,0.743814,16172
2,18,10167,raspi4,ImageNet16-120,39.944443,3.106316,0.743814,16172
2,18,14417,raspi4,ImageNet16-120,45.900000,6.948865,0.743814,16172
2,18,4988,raspi4,ImageNet16-120,28.933332,1.003251,0.743814,16172
2,18,5530,raspi4,ImageNet16-120,42.577778,3.785925,0.743814,16172
2,18,9032,raspi4,ImageNet16-120,38.016666,2.201532,0.743814,16172
2,18,1188,raspi4,ImageNet16-120,32.455555,1.526725,0.743814,16172
2,18,14677,raspi4,ImageNet16-120,33.233334,1.537227,0.743814,16172
2,18,8884,raspi4,ImageNet16-120,45.033333,5.293177,0.743814,16172
2,18,15363,raspi4,ImageNet16-120,44.333332,4.480516,0.743814,16172
2,18,219,raspi4,ImageNet16-120,42.500000,3.768475,0.743814,16172
2,18,1204,raspi4,ImageNet16-120,37.844444,2.199356,0.743814,16172
2,18,857,raspi4,ImageNet16-120,47.311110,9.020064,0.743814,16172
2,18,5637,raspi4,ImageNet16-120,33.933334,1.580707,0.743814,16172
2,18,10835,raspi4,ImageNet16-120,45.233334,6.632419,0.743814,16172
2,18,10017,raspi4,ImageNet16-120,40.566666,3.181383,0.743814,16172
2,18,8355,raspi4,ImageNet16-120,39.666668,3.083286,0.743814,16172
2,18,933,raspi4,ImageNet16-120,0.833333,0.011514,0.743814,16172
2,18,14750,raspi4,ImageNet16-120,32.933334,1.536700,0.743814,16172
2,18,3960,raspi4,ImageNet16-120,37.755554,2.197980,0.743814,16172
2,18,10217,raspi4,ImageNet16-120,45.100000,6.109362,0.743814,16172
2,18,6336,raspi4,ImageNet16-120,39.366665,3.073392,0.743814,16172
2,18,12505,raspi4,ImageNet16-120,39.283333,3.062432,0.743814,16172
2,18,7551,raspi4,ImageNet16-120,38.477780,2.950436,0.743814,16172
2,18,10472,raspi4,ImageNet16-120,39.633335,3.079679,0.743814,16172
2,18,8683,raspi4,ImageNet16-120,44.200000,4.462997,0.743814,16172
2,18,7187,raspi4,ImageNet16-120,28.683332,0.952790,0.743814,16172
2,18,14792,raspi4,ImageNet16-120,43.033333,3.792447,0.743814,16172
2,18,8447,raspi4,ImageNet16-120,40.011112,3.156609,0.743814,16172
3,1,11810,edgegpu,cifar10,92.780000,1.992798,0.501664,16281
3,1,5780,edgegpu,cifar10,93.980000,3.361888,0.501664,16281
3,1,14527,edgegpu,cifar10,86.765000,1.439619,0.501664,16281
3,1,258,edgegpu,cifar10,93.640000,3.307109,0.501664,16281
3,1,6499,edgegpu,cifar10,93.645000,3.331041,0.501664,16281
3,1,10484,edgegpu,cifar10,93.810000,3.354015,0.501664,16281
3,1,11692,edgegpu,cifar10,94.130000,4.708362,0.501664,16281
3,1,15200,edgegpu,cifar10,10.000000,0.501385,0.501664,16281
3,1,9099,edgegpu,cifar10,93.940000,3.357520,0.501664,16281
3,1,1549,edgegpu,cifar10,86.710000,1.436324,0.501664,16281
3,1,1339,edgegpu,cifar10,92.136665,1.751881,0.501664,16281
3,1,5400,edgegpu,cifar10,86.630000,1.427460,0.501664,16281
3,1,14407,edgegpu,cifar10,86.770000,1.440282,0.501664,16281
3,1,1459,edgegpu,cifar10,94.296670,6.748991,0.501664,16281
3,1,14090,edgegpu,cifar10,92.086670,1.749086,0.501664,16281
3,1,5292,edgegpu,cifar10,94.293335,6.663151,0.501664,16281
3,1,11438,edgegpu,cifar10,92.500000,1.846719,0.501664,16281
3,1,13714,edgegpu,cifar10,94.373340,6.772180,0.501664,16281
3,1,2776,edgegpu,cifar10,93.666664,3.331194,0.501664,16281
3,1,13401,edgegpu,cifar10,87.010000,1.457009,0.501664,16281
3,1,6330,edgegpu,cifar10,94.006670,4.384699,0.501664,16281
3,1,561,edgegpu,cifar10,86.880000,1.451068,0.501664,16281
3,1,2053,edgegpu,cifar10,94.206665,5.482254,0.501664,16281
3,1,6950,edgegpu,cifar10,92.000000,1.738467,0.501664,16281
3,1,6960,edgegpu,cifar10,92.280000,1.764450,0.501664,16281
3,2,11112,edgetpu,cifar10,92.110000,0.480732,0.501242,16178
3,2,5258,edgetpu,cifar10,88.775000,0.388629,0.501242,16178
3,2,10683,edgetpu,cifar10,92.330000,0.481277,0.501242,16178
3,2,8008,edgetpu,cifar10,93.480000,0.629746,0.501242,16178
3,2,12439,edgetpu,cifar10,86.393330,0.352159,0.501242,16178
3,2,11692,edgetpu,cifar10,94.130000,0.761100,0.501242,16178
3,2,13611,edgetpu,cifar10,92.490000,0.481826,0.501242,16178
3,2,9380,edgetpu,cifar10,89.335000,0.395662,0.501242,16178
3,2,11438,edgetpu,cifar10,92.500000,0.482393,0.501242,16178
3,2,797,edgetpu,cifar10,93.280000,0.627996,0.501242,16178
3,2,3731,edgetpu,cifar10,94.343330,1.282820,0.501242,16178
3,2,7017,edgetpu,cifar10,86.970000,0.353089,0.501242,16178
3,2,11810,edgetpu,cifar10,92.780000,0.482879,0.501242,16178
3,2,8192,edgetpu,cifar10,93.093330,0.627745,0.501242,16178
3,2,10293,edgetpu,cifar10,86.513336,0.352328,0.501242,16178
3,2,9689,edgetpu,cifar10,93.370000,0.628386,0.501242,16178
3,2,6382,edgetpu,cifar10,93.376660,0.628638,0.501242,16178
3,2,13714,edgetpu,cifar10,94.373340,1.377865,0.501242,16178
3,2,9950,edgetpu,cifar10,93.840000,0.723767,0.501242,16178
3,2,5111,edgetpu,cifar10,94.306660,1.152010,0.501242,16178
3,2,5647,edgetpu,cifar10,89.110000,0.389378,0.501242,16178
3,2,4161,edgetpu,cifar10,89.250000,0.391221,0.501242,16178
3,2,5780,edgetpu,cifar10,93.980000,0.723967,0.501242,16178
3,2,3927,edgetpu,cifar10,93.626660,0.723268,0.501242,16178
3,2,2053,edgetpu,cifar10,94.206665,1.042178,0.501242,16178
3,2,5946,edgetpu,cifar10,88.963330,0.389012,0.501242,16178
3,2,6584,edgetpu,cifar10,94.160000,0.888877,0.501242,16178
3,3,8323,eyeriss,cifar10,90.870000,2.171060,0.476019,16567
3,3,10412,eyeriss,cifar10,93.530000,3.645620,0.476019,16567
3,3,13714,eyeriss,cifar10,94.373340,7.823540,0.476019,16567
3,3,11692,eyeriss,cifar10,94.130000,4.874420,0.476019,16567
3,3,8008,eyeriss,cifar10,93.480000,3.399860,0.476019,16567
3,3,8592,eyeriss,cifar10,93.750000,3.891380,0.476019,16567
3,3,6854,eyeriss,cifar10,91.040000,2.662580,0.476019,16567
3,3,5111,eyeriss,cifar10,94.306660,5.365940,0.476019,16567
3,3,3731,eyeriss,cifar10,94.343330,6.594740,0.476019,16567
3,3,6899,eyeriss,cifar10,90.900000,2.416820,0.476019,16567
3,3,14112,eyeriss,cifar10,91.296670,2.908340,0.476019,16567
3,3,11472,eyeriss,cifar10,93.970000,4.628660,0.476019,16567
3,3,15000,eyeriss,cifar10,92.400000,3.154100,0.476019,16567
3,3,6111,eyeriss,cifar10,94.373340,7.823540,0.476019,16567
3,3,8720,eyeriss,cifar10,89.875000,1.925300,0.476019,16567
3,3,12438,eyeriss,cifar10,89.875000,1.925300,0.476019,16567
3,3,4384,eyeriss,cifar10,86.796670,1.679540,0.476019,16567
3,4,10431,fpga,cifar10,87.000000,1.542560,0.434696,16205
3,4,10412,fpga,cifar10,93.530000,3.420960,0.434696,16205
3,4,15295,fpga,cifar10,90.050000,2.057760,0.434696,16205
3,4,12438,fpga,cifar10,89.875000,1.648160,0.434696,16205
3,4,5111,fpga,cifar10,94.306660,5.193760,0.434696,16205
3,4,13714,fpga,cifar10,94.373340,6.678560,0.434696,16205
3,4,8008,fpga,cifar10,93.480000,2.905760,0.434696,16205
3,4,11472,fpga,cifar10,93.970000,3.648160,0.434696,16205
3,4,3731,fpga,cifar10,94.343330,5.936160,0.434696,16205
3,4,4384,fpga,cifar10,86.796670,1.132960,0.434696,16205
3,4,6111,fpga,cifar10,94.373340,6.678560,0.434696,16205
3,4,8323,fpga,cifar10,90.870000,2.163360,0.434696,16205
3,4,6584,fpga,cifar10,94.160000,4.163360,0.434696,16205
3,4,13611,fpga,cifar10,92.490000,2.390560,0.434696,16205
3,5,1416,pixel3,cifar10,89.546670,1.691430,0.737705,16357
3,5,25,pixel3,cifar10,86.540000,1.054570,0.737705,16357
3,5,5224,pixel3,cifar10,88.980000,1.570360,0.737705,16357
3,5,13171,pixel3,cifar10,93.530000,7.717220,0.737705,16357
3,5,6434,pixel3,cifar10,91.080000,4.811140,0.737705,16357
3,5,1339,pixel3,cifar10,92.136665,5.802240,0.737705,16357
3,5,8695,pixel3,cifar10,94.220000,17.564500,0.737705,16357
3,5,1781,pixel3,cifar10,89.883330,1.712020,0.737705,16357
3,5,5111,pixel3,cifar10,94.306660,17.584600,0.737705,16357
3,5,3731,pixel3,cifar10,94.343330,23.361300,0.737705,16357
3,5,6382,pixel3,cifar10,93.376660,7.048190,0.737705,16357
3,5,11972,pixel3,cifar10,91.510000,5.627010,0.737705,16357
3,5,1804,pixel3,cifar10,89.063330,1.579900,0.737705,16357
3,5,8592,pixel3,cifar10,93.750000,10.769800,0.737705,16357
3,5,6918,pixel3,cifar10,87.000000,1.478790,0.737705,16357
3,5,1497,pixel3,cifar10,86.556660,1.056630,0.737705,16357
3,5,1941,pixel3,cifar10,93.533330,9.128690,0.737705,16357
3,5,4627,pixel3,cifar10,93.270000,7.036050,0.737705,16357
3,5,12452,pixel3,cifar10,91.350000,5.590110,0.737705,16357
3,5,2779,pixel3,cifar10,90.806660,3.102950,0.737705,16357
3,5,6854,pixel3,cifar10,91.040000,4.514220,0.737705,16357
3,5,2018,pixel3,cifar10,94.063330,14.960500,0.737705,16357
3,5,13869,pixel3,cifar10,93.656670,10.634700,0.737705,16357
3,5,8836,pixel3,cifar10,92.220000,6.313990,0.737705,16357
3,5,8323,pixel3,cifar10,90.870000,3.106420,0.737705,16357
3,5,6111,pixel3,cifar10,94.373340,23.584800,0.737705,16357
3,5,7017,pixel3,cifar10,86.970000,1.403930,0.737705,16357
3,5,2035,pixel3,cifar10,89.670000,1.706480,0.737705,16357
3,5,10689,pixel3,cifar10,90.790000,2.669770,0.737705,16357
3,5,6899,pixel3,cifar10,90.900000,3.961410,0.737705,16357
3,5,13096,pixel3,cifar10,90.700000,2.666040,0.737705,16357
3,5,11692,pixel3,cifar10,94.130000,15.490100,0.737705,16357
3,5,9230,pixel3,cifar10,86.580000,1.056760,0.737705,16357
3,5,13987,pixel3,cifar10,93.596664,9.922680,0.737705,16357
3,5,6330,pixel3,cifar10,94.006670,11.512400,0.737705,16357
3,5,7197,pixel3,cifar10,90.366670,2.447670,0.737705,16357
3,5,1943,pixel3,cifar10,93.116670,6.492030,0.737705,16357
3,5,6985,pixel3,cifar10,89.940000,2.367450,0.737705,16357
3,5,6584,pixel3,cifar10,94.160000,15.720300,0.737705,16357
3,5,55,pixel3,cifar10,86.756670,1.057440,0.737705,16357
3,5,7001,pixel3,cifar10,10.000000,0.003277,0.737705,16357
3,6,6953,raspi4,cifar10,91.990000,15.601654,0.585507,16189
3,6,1690,raspi4,cifar10,86.646670,2.536549,0.585507,16189
3,6,6382,raspi4,cifar10,93.376660,21.461164,0.585507,16189
3,6,11533,raspi4,cifar10,93.420000,21.715693,0.585507,16189
3,6,2058,raspi4,cifar10,93.270000,19.484835,0.585507,16189
3,6,5780,raspi4,cifar10,93.980000,34.928463,0.585507,16189
3,6,8008,raspi4,cifar10,93.480000,22.571420,0.585507,16189
3,6,11810,raspi4,cifar10,92.780000,18.619905,0.585507,16189
3,6,1941,raspi4,cifar10,93.533330,25.121769,0.585507,16189
3,6,2035,raspi4,cifar10,89.670000,4.984099,0.585507,16189
3,6,8592,raspi4,cifar10,93.750000,25.477009,0.585507,16189
3,6,8323,raspi4,cifar10,90.870000,7.426308,0.585507,16189
3,6,11972,raspi4,cifar10,91.510000,12.403558,0.585507,16189
3,6,13846,raspi4,cifar10,90.720000,7.176163,0.585507,16189
3,6,5111,raspi4,cifar10,94.306660,41.756905,0.585507,16189
3,6,3731,raspi4,cifar10,94.343330,58.070793,0.585507,16189
3,6,6111,raspi4,cifar10,94.373340,68.404106,0.585507,16189
3,6,11692,raspi4,cifar10,94.130000,37.583630,0.585507,16189
3,6,6960,raspi4,cifar10,92.280000,17.162752,0.585507,16189
3,6,6985,raspi4,cifar10,89.940000,4.995646,0.585507,16189
3,6,1962,raspi4,cifar10,86.530000,2.529453,0.585507,16189
3,6,9980,raspi4,cifar10,10.000000,0.011284,0.585507,16189
3,6,7017,raspi4,cifar10,86.970000,2.544041,0.585507,16189
3,6,10412,raspi4,cifar10,93.530000,25.079220,0.585507,16189
3,6,9271,raspi4,cifar10,89.250000,4.830311,0.585507,16189
3,6,8426,raspi4,cifar10,93.840000,31.394428,0.585507,16189
3,6,4210,raspi4,cifar10,89.030000,4.782748,0.585507,16189
3,6,10275,raspi4,cifar10,91.080000,9.993188,0.585507,16189
3,6,6946,raspi4,cifar10,92.026665,16.686316,0.585507,16189
3,6,12002,raspi4,cifar10,93.510000,24.816572,0.585507,16189
3,6,13611,raspi4,cifar10,92.490000,18.523302,0.585507,16189
3,6,6918,raspi4,cifar10,87.000000,2.787590,0.585507,16189
3,6,9380,raspi4,cifar10,89.335000,4.875613,0.585507,16189
3,6,6584,raspi4,cifar10,94.160000,38.818527,0.585507,16189
3,7,11067,edgegpu,cifar100,58.186670,1.427836,0.543654,16268
3,7,4954,edgegpu,cifar100,73.000000,6.669736,0.543654,16268
3,7,1425,edgegpu,cifar100,72.093330,5.310225,0.543654,16268
3,7,12415,edgegpu,cifar100,71.940000,4.828467,0.543654,16268
3,7,11810,edgegpu,cifar100,68.300000,1.779551,0.543654,16268
3,7,9930,edgegpu,cifar100,73.513336,6.803060,0.543654,16268
3,7,2778,edgegpu,cifar100,72.993330,6.134028,0.543654,16268
3,7,9922,edgegpu,cifar100,58.560000,1.428552,0.543654,16268
3,7,14677,edgegpu,cifar100,62.420000,1.746187,0.543654,16268
3,7,8401,edgegpu,cifar100,71.080000,3.302102,0.543654,16268
3,7,2304,edgegpu,cifar100,58.660000,1.440253,0.543654,16268
3,7,9997,edgegpu,cifar100,71.520000,3.466139,0.543654,16268
3,7,4418,edgegpu,cifar100,72.746666,5.352364,0.543654,16268
3,7,6124,edgegpu,cifar100,68.360000,3.185835,0.543654,16268
3,7,8912,edgegpu,cifar100,59.200000,1.441355,0.543654,16268
3,7,1038,edgegpu,cifar100,67.500000,1.758428,0.543654,16268
3,7,3888,edgegpu,cifar100,73.260000,6.797867,0.543654,16268
3,7,6381,edgegpu,cifar100,66.800000,1.753340,0.543654,16268
3,7,1509,edgegpu,cifar100,1.000000,0.505853,0.543654,16268
3,7,11885,edgegpu,cifar100,68.040000,1.776652,0.543654,16268
3,8,1996,edgetpu,cifar100,67.820000,0.486748,0.535001,16250
3,8,12415,edgetpu,cifar100,71.940000,0.872299,0.535001,16250
3,8,1425,edgetpu,cifar100,72.093330,0.910660,0.535001,16250
3,8,4418,edgetpu,cifar100,72.746666,1.093699,0.535001,16250
3,8,10443,edgetpu,cifar100,68.300000,0.489020,0.535001,16250
3,8,4659,edgetpu,cifar100,70.060000,0.636433,0.535001,16250
3,8,8401,edgetpu,cifar100,71.080000,0.728572,0.535001,16250
3,8,5019,edgetpu,cifar100,58.880000,0.357058,0.535001,16250
3,8,15363,edgetpu,cifar100,70.520000,0.676394,0.535001,16250
3,8,12574,edgetpu,cifar100,72.740000,0.932430,0.535001,16250
3,8,12761,edgetpu,cifar100,72.860000,1.225212,0.535001,16250
3,8,11533,edgetpu,cifar100,69.760000,0.635877,0.535001,16250
3,8,9271,edgetpu,cifar100,63.400000,0.393151,0.535001,16250
3,8,1943,edgetpu,cifar100,69.626660,0.634759,0.535001,16250
3,8,797,edgetpu,cifar100,69.580000,0.633351,0.535001,16250
3,8,857,edgetpu,cifar100,72.880000,1.264168,0.535001,16250
3,8,1110,edgetpu,cifar100,58.840000,0.355938,0.535001,16250
3,8,9997,edgetpu,cifar100,71.520000,0.729986,0.535001,16250
3,8,577,edgetpu,cifar100,69.680000,0.635228,0.535001,16250
3,8,9930,edgetpu,cifar100,73.513336,1.454107,0.535001,16250
3,8,3888,edgetpu,cifar100,73.260000,1.316226,0.535001,16250
3,8,3303,edgetpu,cifar100,62.420000,0.392593,0.535001,16250
3,8,781,edgetpu,cifar100,67.960000,0.487922,0.535001,16250
3,8,13829,edgetpu,cifar100,66.873340,0.485137,0.535001,16250
3,8,1383,edgetpu,cifar100,70.273330,0.673722,0.535001,16250
3,8,11112,edgetpu,cifar100,66.893330,0.486713,0.535001,16250
3,8,8912,edgetpu,cifar100,59.200000,0.377698,0.535001,16250
3,8,69,edgetpu,cifar100,71.020000,0.727259,0.535001,16250
3,8,8638,edgetpu,cifar100,58.860000,0.356631,0.535001,16250
3,8,4155,edgetpu,cifar100,62.306667,0.391442,0.535001,16250
3,8,10000,edgetpu,cifar100,73.160000,1.283461,0.535001,16250
3,8,777,edgetpu,cifar100,58.650000,0.355588,0.535001,16250
3,8,6358,edgetpu,cifar100,67.193340,0.486737,0.535001,16250
3,8,2705,edgetpu,cifar100,62.813330,0.393026,0.535001,16250
3,8,14945,edgetpu,cifar100,58.500000,0.354940,0.535001,16250
3,9,5084,eyeriss,cifar100,58.813330,1.682560,0.451149,16588
3,9,3487,eyeriss,cifar100,70.093330,3.402880,0.451149,16588
3,9,6787,eyeriss,cifar100,70.720000,3.648640,0.451149,16588
3,9,12574,eyeriss,cifar100,72.740000,5.123200,0.451149,16588
3,9,14714,eyeriss,cifar100,71.280000,4.140160,0.451149,16588
3,9,14112,eyeriss,cifar100,68.386665,2.911360,0.451149,16588
3,9,12820,eyeriss,cifar100,67.720000,2.419840,0.451149,16588
3,9,10689,eyeriss,cifar100,67.500000,2.174080,0.451149,16588
3,9,12761,eyeriss,cifar100,72.860000,6.352000,0.451149,16588
3,9,6925,eyeriss,cifar100,71.220000,3.894400,0.451149,16588
3,9,3888,eyeriss,cifar100,73.260000,6.597760,0.451149,16588
3,9,5651,eyeriss,cifar100,64.690000,1.928320,0.451149,16588
3,9,9930,eyeriss,cifar100,73.513336,9.055360,0.451149,16588
3,9,11301,eyeriss,cifar100,68.220000,2.665600,0.451149,16588
3,9,3540,eyeriss,cifar100,71.500000,4.877440,0.451149,16588
3,10,11979,fpga,cifar100,68.000000,2.800160,0.514646,16255
3,10,12574,fpga,cifar100,72.740000,4.678560,0.514646,16255
3,10,5033,fpga,cifar100,59.060000,1.542560,0.514646,16255
3,10,4249,fpga,cifar100,65.080000,2.057760,0.514646,16255
3,10,12820,fpga,cifar100,67.720000,2.678560,0.514646,16255
3,10,5084,fpga,cifar100,58.813330,1.132960,0.514646,16255
3,10,9930,fpga,cifar100,73.513336,7.420960,0.514646,16255
3,10,9997,fpga,cifar100,71.520000,4.572960,0.514646,16255
3,10,12295,fpga,cifar100,71.160000,3.648160,0.514646,16255
3,10,10689,fpga,cifar100,67.500000,2.163360,0.514646,16255
3,10,5651,fpga,cifar100,64.690000,1.648160,0.514646,16255
3,10,3888,fpga,cifar100,73.260000,5.936160,0.514646,16255
3,10,12761,fpga,cifar100,72.860000,5.420960,0.514646,16255
3,10,7250,fpga,cifar100,67.706665,2.390560,0.514646,16255
3,10,6925,fpga,cifar100,71.220000,3.936160,0.514646,16255
3,10,3540,fpga,cifar100,71.500000,4.163360,0.514646,16255
3,10,5725,fpga,cifar100,70.600000,3.420960,0.514646,16255
3,10,11973,fpga,cifar100,70.340000,2.905760,0.514646,16255
3,10,6830,fpga,cifar100,71.460000,4.057760,0.514646,16255
3,11,8323,pixel3,cifar100,67.080000,3.106340,0.624440,16318
3,11,657,pixel3,cifar100,58.233334,1.233070,0.624440,16318
3,11,1090,pixel3,cifar100,65.220000,2.811310,0.624440,16318
3,11,1416,pixel3,cifar100,64.493330,2.084060,0.624440,16318
3,11,1409,pixel3,cifar100,58.853333,1.275090,0.624440,16318
3,11,12970,pixel3,cifar100,68.140000,4.782110,0.624440,16318
3,11,9930,pixel3,cifar100,73.513336,42.003600,0.624440,16318
3,11,6787,pixel3,cifar100,70.720000,9.854430,0.624440,16318
3,11,11000,pixel3,cifar100,71.180000,10.677600,0.624440,16318
3,11,485,pixel3,cifar100,67.593330,4.124800,0.624440,16318
3,11,14112,pixel3,cifar100,68.386665,5.745320,0.624440,16318
3,11,15363,pixel3,cifar100,70.520000,9.708640,0.624440,16318
3,11,11301,pixel3,cifar100,68.220000,5.352090,0.624440,16318
3,11,1459,pixel3,cifar100,73.140000,23.437900,0.624440,16318
3,11,1450,pixel3,cifar100,70.506670,9.337360,0.624440,16318
3,11,6925,pixel3,cifar100,71.220000,10.688000,0.624440,16318
3,11,5651,pixel3,cifar100,64.690000,2.376870,0.624440,16318
3,11,3888,pixel3,cifar100,73.260000,23.477200,0.624440,16318
3,11,858,pixel3,cifar100,64.133330,2.003500,0.624440,16318
3,11,857,pixel3,cifar100,72.880000,19.113200,0.624440,16318
3,11,906,pixel3,cifar100,62.393333,1.661810,0.624440,16318
3,11,12574,pixel3,cifar100,72.740000,16.473900,0.624440,16318
3,11,898,pixel3,cifar100,70.000000,6.516140,0.624440,16318
3,11,8638,pixel3,cifar100,58.860000,1.478570,0.624440,16318
3,11,699,pixel3,cifar100,72.240000,12.079400,0.624440,16318
3,11,724,pixel3,cifar100,67.053340,2.875650,0.624440,16318
3,11,8912,pixel3,cifar100,59.200000,1.478790,0.624440,16318
3,11,4659,pixel3,cifar100,70.060000,9.026280,0.624440,16318
3,11,6337,pixel3,cifar100,1.000000,0.008753,0.624440,16318
3,11,10689,pixel3,cifar100,67.500000,3.109220,0.624440,16318
3,11,10042,pixel3,cifar100,64.880000,2.794690,0.624440,16318
3,11,1558,pixel3,cifar100,64.020000,1.705220,0.624440,16318
3,12,2035,raspi4,cifar100,63.926666,5.005698,0.627037,16254
3,12,898,raspi4,cifar100,70.000000,21.506163,0.627037,16254
3,12,9926,raspi4,cifar100,63.520000,4.999532,0.627037,16254
3,12,6822,raspi4,cifar100,58.426666,2.558594,0.627037,16254
3,12,12915,raspi4,cifar100,66.950000,7.226311,0.627037,16254
3,12,10222,raspi4,cifar100,58.860000,2.747804,0.627037,16254
3,12,14811,raspi4,cifar100,69.680000,20.361189,0.627037,16254
3,12,14612,raspi4,cifar100,58.720000,2.563505,0.627037,16254
3,12,6787,raspi4,cifar100,70.720000,23.081835,0.627037,16254
3,12,14792,raspi4,cifar100,69.500000,19.111843,0.627037,16254
3,12,9997,raspi4,cifar100,71.520000,34.996710,0.627037,16254
3,12,10042,raspi4,cifar100,64.880000,5.100886,0.627037,16254
3,12,15363,raspi4,cifar100,70.520000,21.809430,0.627037,16254
3,12,14112,raspi4,cifar100,68.386665,14.423308,0.627037,16254
3,12,12574,raspi4,cifar100,72.740000,36.371254,0.627037,16254
3,12,10689,raspi4,cifar100,67.500000,7.381845,0.627037,16254
3,12,14714,raspi4,cifar100,71.280000,24.692347,0.627037,16254
3,12,9930,raspi4,cifar100,73.513336,71.152000,0.627037,16254
3,12,1459,raspi4,cifar100,73.140000,53.879950,0.627037,16254
3,12,12761,raspi4,cifar100,72.860000,53.718200,0.627037,16254
3,12,9271,raspi4,cifar100,63.400000,4.800893,0.627037,16254
3,12,7030,raspi4,cifar100,69.600000,19.218203,0.627037,16254
3,12,2058,raspi4,cifar100,69.613335,20.052132,0.627037,16254
3,12,4409,raspi4,cifar100,67.173330,7.228629,0.627037,16254
3,12,3888,raspi4,cifar100,73.260000,55.029520,0.627037,16254
3,12,3408,raspi4,cifar100,63.993332,5.081906,0.627037,16254
3,12,8740,raspi4,cifar100,1.000000,0.015215,0.627037,16254
3,12,13430,raspi4,cifar100,66.700000,7.203785,0.627037,16254
3,12,355,raspi4,cifar100,69.860000,20.791758,0.627037,16254
3,12,6925,raspi4,cifar100,71.220000,24.195030,0.627037,16254
3,12,2222,raspi4,cifar100,58.313330,2.538255,0.627037,16254
3,12,4418,raspi4,cifar100,72.746666,47.162354,0.627037,16254
3,12,375,raspi4,cifar100,64.440000,5.099302,0.627037,16254
3,12,15589,raspi4,cifar100,59.060000,2.795078,0.627037,16254
3,12,6918,raspi4,cifar100,58.800000,2.571364,0.627037,16254
3,12,8912,raspi4,cifar100,59.200000,2.818969,0.627037,16254
3,12,7891,raspi4,cifar100,67.550000,12.536592,0.627037,16254
3,12,8720,raspi4,cifar100,64.130000,5.082239,0.627037,16254
3,12,1616,raspi4,cifar100,63.946667,5.080509,0.627037,16254
3,12,2063,raspi4,cifar100,62.320000,4.792511,0.627037,16254
3,12,3487,raspi4,cifar100,70.093330,21.603350,0.627037,16254
3,13,14840,edgegpu,ImageNet16-120,45.311110,4.224715,0.606001,16379
3,13,11217,edgegpu,ImageNet16-120,43.466667,3.316708,0.606001,16379
3,13,8401,edgegpu,ImageNet16-120,43.833332,3.322444,0.606001,16379
3,13,4946,edgegpu,ImageNet16-120,44.700000,3.490419,0.606001,16379
3,13,8426,edgegpu,ImageNet16-120,44.633335,3.370147,0.606001,16379
3,13,15376,edgegpu,ImageNet16-120,0.833333,0.533953,0.606001,16379
3,13,8884,edgegpu,ImageNet16-120,45.033333,3.499999,0.606001,16379
3,13,4587,edgegpu,ImageNet16-120,28.800000,1.445131,0.606001,16379
3,13,4332,edgegpu,ImageNet16-120,39.444443,1.745496,0.606001,16379
3,13,7760,edgegpu,ImageNet16-120,39.100000,1.743751,0.606001,16379
3,13,6950,edgegpu,ImageNet16-120,38.700000,1.740150,0.606001,16379
3,13,13411,edgegpu,ImageNet16-120,31.855556,1.736240,0.606001,16379
3,13,15288,edgegpu,ImageNet16-120,28.422222,1.417041,0.606001,16379
3,13,10947,edgegpu,ImageNet16-120,39.944443,1.909800,0.606001,16379
3,13,14117,edgegpu,ImageNet16-120,28.677778,1.435547,0.606001,16379
3,13,9586,edgegpu,ImageNet16-120,46.933334,5.222673,0.606001,16379
3,13,4988,edgegpu,ImageNet16-120,28.933332,1.448212,0.606001,16379
3,13,2650,edgegpu,ImageNet16-120,42.433334,3.309817,0.606001,16379
3,13,5751,edgegpu,ImageNet16-120,40.044445,2.434626,0.606001,16379
3,13,1164,edgegpu,ImageNet16-120,28.522223,1.435223,0.606001,16379
3,13,9722,edgegpu,ImageNet16-120,44.000000,3.327813,0.606001,16379
3,13,7187,edgegpu,ImageNet16-120,28.683332,1.443858,0.606001,16379
3,13,12415,edgegpu,ImageNet16-120,46.566666,4.667692,0.606001,16379
3,13,13760,edgegpu,ImageNet16-120,32.333332,1.739759,0.606001,16379
3,13,15383,edgegpu,ImageNet16-120,47.033333,6.262836,0.606001,16379
3,13,14612,edgegpu,ImageNet16-120,28.488890,1.434064,0.606001,16379
3,13,857,edgegpu,ImageNet16-120,47.311110,6.707663,0.606001,16379
3,13,454,edgegpu,ImageNet16-120,41.277780,3.303313,0.606001,16379
3,13,12081,edgegpu,ImageNet16-120,40.233334,2.730479,0.606001,16379
3,13,15159,edgegpu,ImageNet16-120,45.566666,4.632421,0.606001,16379
3,13,4160,edgegpu,ImageNet16-120,39.833332,1.756272,0.606001,16379
3,14,13931,edgetpu,ImageNet16-120,28.788889,0.360349,0.527746,16029
3,14,5674,edgetpu,ImageNet16-120,39.650000,0.428605,0.527746,16029
3,14,11885,edgetpu,ImageNet16-120,39.166668,0.427395,0.527746,16029
3,14,10017,edgetpu,ImageNet16-120,40.566666,0.524950,0.527746,16029
3,14,4988,edgetpu,ImageNet16-120,28.933332,0.360694,0.527746,16029
3,14,11262,edgetpu,ImageNet16-120,39.733334,0.430019,0.527746,16029
3,14,11079,edgetpu,ImageNet16-120,43.566666,0.552430,0.527746,16029
3,14,4627,edgetpu,ImageNet16-120,43.500000,0.552306,0.527746,16029
3,14,15383,edgetpu,ImageNet16-120,47.033333,0.780914,0.527746,16029
3,14,10332,edgetpu,ImageNet16-120,40.033333,0.516152,0.527746,16029
3,14,15014,edgetpu,ImageNet16-120,28.266666,0.358110,0.527746,16029
3,14,5530,edgetpu,ImageNet16-120,42.577778,0.549937,0.527746,16029
3,14,4160,edgetpu,ImageNet16-120,39.833332,0.430355,0.527746,16029
3,14,8884,edgetpu,ImageNet16-120,45.033333,0.615792,0.527746,16029
3,14,12231,edgetpu,ImageNet16-120,40.200000,0.518358,0.527746,16029
3,14,15363,edgetpu,ImageNet16-120,44.333332,0.582280,0.527746,16029
3,14,5751,edgetpu,ImageNet16-120,40.044445,0.516992,0.527746,16029
3,14,7750,edgetpu,ImageNet16-120,43.066666,0.551617,0.527746,16029
3,14,7273,edgetpu,ImageNet16-120,42.966667,0.550014,0.527746,16029
3,14,9689,edgetpu,ImageNet16-120,42.533333,0.549702,0.527746,16029
3,14,5724,edgetpu,ImageNet16-120,28.366667,0.359987,0.527746,16029
3,14,14662,edgetpu,ImageNet16-120,41.166668,0.547835,0.527746,16029
3,14,10167,edgetpu,ImageNet16-120,39.944443,0.444058,0.527746,16029
3,14,6407,edgetpu,ImageNet16-120,32.333332,0.363748,0.527746,16029
3,14,11282,edgetpu,ImageNet16-120,39.633335,0.428409,0.527746,16029
3,14,14677,edgetpu,ImageNet16-120,33.233334,0.364575,0.527746,16029
3,14,10888,edgetpu,ImageNet16-120,28.333334,0.359044,0.527746,16029
3,14,70,edgetpu,ImageNet16-120,39.377777,0.428228,0.527746,16029
3,14,7837,edgetpu,ImageNet16-120,32.111110,0.363571,0.527746,16029
3,14,13972,edgetpu,ImageNet16-120,31.933332,0.363440,0.527746,16029
3,14,13769,edgetpu,ImageNet16-120,41.555557,0.549360,0.527746,16029
3,14,7431,edgetpu,ImageNet16-120,32.577778,0.363954,0.527746,16029
3,14,15107,edgetpu,ImageNet16-120,39.800000,0.430284,0.527746,16029
3,14,8447,edgetpu,ImageNet16-120,40.011112,0.514586,0.527746,16029
3,14,6950,edgetpu,ImageNet16-120,38.700000,0.427379,0.527746,16029
3,14,12415,edgetpu,ImageNet16-120,46.566666,0.710906,0.527746,16029
3,14,857,edgetpu,ImageNet16-120,47.311110,0.997730,0.527746,16029
3,14,5973,edgetpu,ImageNet16-120,40.100000,0.517454,0.527746,16029
3,14,3540,edgetpu,ImageNet16-120,45.122223,0.648670,0.527746,16029
3,14,4830,edgetpu,ImageNet16-120,42.233334,0.549457,0.527746,16029
3,14,14840,edgetpu,ImageNet16-120,45.311110,0.666690,0.527746,16029
3,14,7357,edgetpu,ImageNet16-120,44.666668,0.600498,0.527746,16029
3,14,6520,edgetpu,ImageNet16-120,32.383335,0.363944,0.527746,16029
3,15,8008,eyeriss,ImageNet16-120,43.500000,0.853120,0.431929,16549
3,15,2835,eyeriss,ImageNet16-120,38.222220,0.545920,0.431929,16549
3,15,15383,eyeriss,ImageNet16-120,47.033333,1.283200,0.431929,16549
3,15,6854,eyeriss,ImageNet16-120,40.800000,0.668800,0.431929,16549
3,15,6787,eyeriss,ImageNet16-120,44.400000,0.914560,0.431929,16549
3,15,1939,eyeriss,ImageNet16-120,45.077778,0.976000,0.431929,16549
3,15,8853,eyeriss,ImageNet16-120,45.600000,1.037440,0.431929,16549
3,15,4829,eyeriss,ImageNet16-120,34.200000,0.484480,0.431929,16549
3,15,857,eyeriss,ImageNet16-120,47.311110,1.651840,0.431929,16549
3,15,4988,eyeriss,ImageNet16-120,28.933332,0.423040,0.431929,16549
3,15,14417,eyeriss,ImageNet16-120,45.900000,1.098880,0.431929,16549
3,15,735,eyeriss,ImageNet16-120,38.544445,0.607360,0.431929,16549
3,16,14417,fpga,ImageNet16-120,45.900000,1.276320,0.519429,16235
3,16,15383,fpga,ImageNet16-120,47.033333,1.504000,0.519429,16235
3,16,2835,fpga,ImageNet16-120,38.222220,0.546720,0.519429,16235
3,16,14748,fpga,ImageNet16-120,44.900000,0.995200,0.519429,16235
3,16,6854,fpga,ImageNet16-120,40.800000,0.809120,0.519429,16235
3,16,6868,fpga,ImageNet16-120,39.000000,0.649120,0.519429,16235
3,16,15446,fpga,ImageNet16-120,45.766666,1.116320,0.519429,16235
3,16,6787,fpga,ImageNet16-120,44.400000,0.969600,0.519429,16235
3,16,1939,fpga,ImageNet16-120,45.077778,1.062400,0.519429,16235
3,16,10017,fpga,ImageNet16-120,40.566666,0.784000,0.519429,16235
3,16,4829,fpga,ImageNet16-120,34.200000,0.415520,0.519429,16235
3,16,857,fpga,ImageNet16-120,47.311110,2.038400,0.519429,16235
3,16,5793,fpga,ImageNet16-120,35.033333,0.517920,0.519429,16235
3,16,4988,fpga,ImageNet16-120,28.933332,0.284320,0.519429,16235
3,16,8008,fpga,ImageNet16-120,43.500000,0.876800,0.519429,16235
3,16,12452,fpga,ImageNet16-120,40.533333,0.780320,0.519429,16235
3,17,4432,pixel3,ImageNet16-120,37.800000,0.861157,0.626547,16354
3,17,872,pixel3,ImageNet16-120,41.777780,2.465030,0.626547,16354
3,17,1939,pixel3,ImageNet16-120,45.077778,3.021500,0.626547,16354
3,17,15446,pixel3,ImageNet16-120,45.766666,3.439380,0.626547,16354
3,17,12466,pixel3,ImageNet16-120,46.100000,4.680280,0.626547,16354
3,17,4587,pixel3,ImageNet16-120,28.800000,0.445767,0.626547,16354
3,17,12103,pixel3,ImageNet16-120,28.250000,0.422433,0.626547,16354
3,17,898,pixel3,ImageNet16-120,42.466667,2.467210,0.626547,16354
3,17,6854,pixel3,ImageNet16-120,40.800000,1.621620,0.626547,16354
3,17,2835,pixel3,ImageNet16-120,38.222220,0.868646,0.626547,16354
3,17,12452,pixel3,ImageNet16-120,40.533333,1.504410,0.626547,16354
3,17,1110,pixel3,ImageNet16-120,28.600000,0.423927,0.626547,16354
3,17,12639,pixel3,ImageNet16-120,40.400000,1.304440,0.626547,16354
3,17,4977,pixel3,ImageNet16-120,32.966667,0.617991,0.626547,16354
3,17,15383,pixel3,ImageNet16-120,47.033333,5.191720,0.626547,16354
3,17,1425,pixel3,ImageNet16-120,45.977780,4.619290,0.626547,16354
3,17,11000,pixel3,ImageNet16-120,44.866665,2.962520,0.626547,16354
3,17,1549,pixel3,ImageNet16-120,28.655556,0.424747,0.626547,16354
3,17,10154,pixel3,ImageNet16-120,46.133335,4.783700,0.626547,16354
3,17,3728,pixel3,ImageNet16-120,28.500000,0.422880,0.626547,16354
3,17,735,pixel3,ImageNet16-120,38.544445,1.107950,0.626547,16354
3,17,857,pixel3,ImageNet16-120,47.311110,6.686850,0.626547,16354
3,17,12424,pixel3,ImageNet16-120,43.133330,2.470150,0.626547,16354
3,17,4895,pixel3,ImageNet16-120,33.200000,0.619070,0.626547,16354
3,17,6014,pixel3,ImageNet16-120,28.533333,0.423391,0.626547,16354
3,17,1204,pixel3,ImageNet16-120,37.844444,0.864966,0.626547,16354
3,17,2018,pixel3,ImageNet16-120,46.433334,4.949210,0.626547,16354
3,17,4004,pixel3,ImageNet16-120,42.811110,2.467510,0.626547,16354
3,17,4988,pixel3,ImageNet16-120,28.933332,0.485996,0.626547,16354
3,17,10888,pixel3,ImageNet16-120,28.333334,0.422652,0.626547,16354
3,17,11079,pixel3,ImageNet16-120,43.566666,2.479610,0.626547,16354
3,17,2002,pixel3,ImageNet16-120,32.277780,0.617751,0.626547,16354
3,17,13756,pixel3,ImageNet16-120,0.833333,0.005289,0.626547,16354
3,17,8584,pixel3,ImageNet16-120,34.088890,0.664046,0.626547,16354
3,17,8683,pixel3,ImageNet16-120,44.200000,2.711960,0.626547,16354
3,17,4384,pixel3,ImageNet16-120,28.133333,0.421612,0.626547,16354
3,17,13059,pixel3,ImageNet16-120,34.266666,0.668679,0.626547,16354
3,17,8954,pixel3,ImageNet16-120,28.733334,0.424855,0.626547,16354
3,17,2899,pixel3,ImageNet16-120,43.911110,2.701210,0.626547,16354
3,17,14417,pixel3,ImageNet16-120,45.900000,4.143030,0.626547,16354
3,18,5973,raspi4,ImageNet16-120,40.100000,3.159922,0.640556,16138
3,18,7187,raspi4,ImageNet16-120,28.683332,0.952790,0.640556,16138
3,18,4988,raspi4,ImageNet16-120,28.933332,1.003251,0.640556,16138
3,18,219,raspi4,ImageNet16-120,42.500000,3.768475,0.640556,16138
3,18,1413,raspi4,ImageNet16-120,42.711113,3.788479,0.640556,16138
3,18,933,raspi4,ImageNet16-120,0.833333,0.011514,0.640556,16138
3,18,5637,raspi4,ImageNet16-120,33.933334,1.580707,0.640556,16138
3,18,9032,raspi4,ImageNet16-120,38.016666,2.201532,0.640556,16138
3,18,1188,raspi4,ImageNet16-120,32.455555,1.526725,0.640556,16138
3,18,3960,raspi4,ImageNet16-120,37.755554,2.197980,0.640556,16138
3,18,3782,raspi4,ImageNet16-120,41.866665,3.755286,0.640556,16138
3,18,12505,raspi4,ImageNet16-120,39.283333,3.062432,0.640556,16138
3,18,10472,raspi4,ImageNet16-120,39.633335,3.079679,0.640556,16138
3,18,4995,raspi4,ImageNet16-120,42.166668,3.766336,0.640556,16138
3,18,15363,raspi4,ImageNet16-120,44.333332,4.480516,0.640556,16138
3,18,14417,raspi4,ImageNet16-120,45.900000,6.948865,0.640556,16138
3,18,13059,raspi4,ImageNet16-120,34.266666,1.595651,0.640556,16138
3,18,14677,raspi4,ImageNet16-120,33.233334,1.537227,0.640556,16138
3,18,1939,raspi4,ImageNet16-120,45.077778,5.341908,0.640556,16138
3,18,14792,raspi4,ImageNet16-120,43.033333,3.792447,0.640556,16138
3,18,12358,raspi4,ImageNet16-120,34.055557,1.582727,0.640556,16138
3,18,2779,raspi4,ImageNet16-120,37.355556,2.190654,0.640556,16138
3,18,6854,raspi4,ImageNet16-120,40.800000,3.661016,0.640556,16138
3,18,9496,raspi4,ImageNet16-120,38.200000,2.204048,0.640556,16138
3,18,11079,raspi4,ImageNet16-120,43.566666,3.802027,0.640556,16138
3,18,11946,raspi4,ImageNet16-120,28.200000,0.940293,0.640556,16138
3,18,15383,raspi4,ImageNet16-120,47.033333,8.565354,0.640556,16138
3,18,735,raspi4,ImageNet16-120,38.544445,2.911079,0.640556,16138
3,18,8447,raspi4,ImageNet16-120,40.011112,3.156609,0.640556,16138
3,18,1204,raspi4,ImageNet16-120,37.844444,2.199356,0.640556,16138
3,18,10835,raspi4,ImageNet16-120,45.233334,6.632419,0.640556,16138
3,18,13931,raspi4,ImageNet16-120,28.788889,0.956195,0.640556,16138
3,18,10017,raspi4,ImageNet16-120,40.566666,3.181383,0.640556,16138
3,18,8683,raspi4,ImageNet16-120,44.200000,4.462997,0.640556,16138
3,18,857,raspi4,ImageNet16-120,47.311110,9.020064,0.640556,16138
3,18,8584,raspi4,ImageNet16-120,34.088890,1.586268,0.640556,16138
3,18,3431,raspi4,ImageNet16-120,32.966667,1.536690,0.640556,16138
3,18,2018,raspi4,ImageNet16-120,46.433334,7.482383,0.640556,16138
3,18,8355,raspi4,ImageNet16-120,39.666668,3.083286,0.640556,16138
3,18,3687,raspi4,ImageNet16-120,34.066666,1.583497,0.640556,16138
3,18,380,raspi4,ImageNet16-120,38.900000,3.038936,0.640556,16138
3,18,11209,raspi4,ImageNet16-120,33.266666,1.580655,0.640556,16138
3,18,5530,raspi4,ImageNet16-120,42.577778,3.785925,0.640556,16138
3,18,8884,raspi4,ImageNet16-120,45.033333,5.293177,0.640556,16138
3,18,4160,raspi4,ImageNet16-120,39.833332,3.114462,0.640556,16138
3,18,13771,raspi4,ImageNet16-120,32.744446,1.533813,0.640556,16138
3,18,8736,raspi4,ImageNet16-120,45.700000,6.658077,0.640556,16138
3,18,7357,raspi4,ImageNet16-120,44.666668,4.480689,0.640556,16138
4,1,561,edgegpu,cifar10,86.880000,1.451068,0.533213,16449
4,1,14527,edgegpu,cifar10,86.765000,1.439619,0.533213,16449
4,1,1339,edgegpu,cifar10,92.136665,1.751881,0.533213,16449
4,1,1549,edgegpu,cifar10,86.710000,1.436324,0.533213,16449
4,1,11692,edgegpu,cifar10,94.130000,4.708362,0.533213,16449
4,1,5400,edgegpu,cifar10,86.630000,1.427460,0.533213,16449
4,1,13401,edgegpu,cifar10,87.010000,1.457009,0.533213,16449
4,1,5780,edgegpu,cifar10,93.980000,3.361888,0.533213,16449
4,1,11810,edgegpu,cifar10,92.780000,1.992798,0.533213,16449
4,1,14090,edgegpu,cifar10,92.086670,1.749086,0.533213,16449
4,1,1099,edgegpu,cifar10,92.240000,1.774683,0.533213,16449
4,1,14407,edgegpu,cifar10,86.770000,1.440282,0.533213,16449
4,1,9099,edgegpu,cifar10,93.940000,3.357520,0.533213,16449
4,1,2776,edgegpu,cifar10,93.666664,3.331194,0.533213,16449
4,1,6499,edgegpu,cifar10,93.645000,3.331041,0.533213,16449
4,1,10484,edgegpu,cifar10,93.810000,3.354015,0.533213,16449
4,1,6950,edgegpu,cifar10,92.000000,1.738467,0.533213,16449
4,1,1038,edgegpu,cifar10,92.276665,1.828198,0.533213,16449
4,1,258,edgegpu,cifar10,93.640000,3.307109,0.533213,16449
4,1,15200,edgegpu,cifar10,10.000000,0.501385,0.533213,16449
4,1,11438,edgegpu,cifar10,92.500000,1.846719,0.533213,16449
4,1,2053,edgegpu,cifar10,94.206665,5.482254,0.533213,16449
4,1,1459,edgegpu,cifar10,94.296670,6.748991,0.533213,16449
4,1,13714,edgegpu,cifar10,94.373340,6.772180,0.533213,16449
4,1,5292,edgegpu,cifar10,94.293335,6.663151,0.533213,16449
4,1,6330,edgegpu,cifar10,94.006670,4.384699,0.533213,16449
4,2,5780,edgetpu,cifar10,93.980000,0.723967,0.484310,15841
4,2,4161,edgetpu,cifar10,89.250000,0.391221,0.484310,15841
4,2,9689,edgetpu,cifar10,93.370000,0.628386,0.484310,15841
4,2,11810,edgetpu,cifar10,92.780000,0.482879,0.484310,15841
4,2,11692,edgetpu,cifar10,94.130000,0.761100,0.484310,15841
4,2,5258,edgetpu,cifar10,88.775000,0.388629,0.484310,15841
4,2,10581,edgetpu,cifar10,89.015000,0.390403,0.484310,15841
4,2,6407,edgetpu,cifar10,88.933334,0.389381,0.484310,15841
4,2,6918,edgetpu,cifar10,87.000000,0.375819,0.484310,15841
4,2,3731,edgetpu,cifar10,94.343330,1.282820,0.484310,15841
4,2,13714,edgetpu,cifar10,94.373340,1.377865,0.484310,15841
4,2,5111,edgetpu,cifar10,94.306660,1.152010,0.484310,15841
4,2,11438,edgetpu,cifar10,92.500000,0.482393,0.484310,15841
4,2,8008,edgetpu,cifar10,93.480000,0.629746,0.484310,15841
4,2,6382,edgetpu,cifar10,93.376660,0.628638,0.484310,15841
4,2,8192,edgetpu,cifar10,93.093330,0.627745,0.484310,15841
4,2,9950,edgetpu,cifar10,93.840000,0.723767,0.484310,15841
4,2,11112,edgetpu,cifar10,92.110000,0.480732,0.484310,15841
4,2,13611,edgetpu,cifar10,92.490000,0.481826,0.484310,15841
4,2,1595,edgetpu,cifar10,88.963330,0.389815,0.484310,15841
4,2,797,edgetpu,cifar10,93.280000,0.627996,0.484310,15841
4,2,10683,edgetpu,cifar10,92.330000,0.481277,0.484310,15841
4,2,9380,edgetpu,cifar10,89.335000,0.395662,0.484310,15841
4,2,10815,edgetpu,cifar10,88.970000,0.389885,0.484310,15841
4,2,5224,edgetpu,cifar10,88.980000,0.389900,0.484310,15841
4,2,6515,edgetpu,cifar10,93.616670,0.722858,0.484310,15841
4,2,2485,edgetpu,cifar10,86.700000,0.346546,0.484310,15841
4,2,3927,edgetpu,cifar10,93.626660,0.723268,0.484310,15841
4,2,15000,edgetpu,cifar10,92.400000,0.481741,0.484310,15841
4,2,2053,edgetpu,cifar10,94.206665,1.042178,0.484310,15841
4,2,7017,edgetpu,cifar10,86.970000,0.353089,0.484310,15841
4,3,3687,eyeriss,cifar10,89.820000,1.925300,0.467106,16566
4,3,5111,eyeriss,cifar10,94.306660,5.365940,0.467106,16566
4,3,6854,eyeriss,cifar10,91.040000,2.662580,0.467106,16566
4,3,8592,eyeriss,cifar10,93.750000,3.891380,0.467106,16566
4,3,8323,eyeriss,cifar10,90.870000,2.171060,0.467106,16566
4,3,6899,eyeriss,cifar10,90.900000,2.416820,0.467106,16566
4,3,3731,eyeriss,cifar10,94.343330,6.594740,0.467106,16566
4,3,11472,eyeriss,cifar10,93.970000,4.628660,0.467106,16566
4,3,8008,eyeriss,cifar10,93.480000,3.399860,0.467106,16566
4,3,11692,eyeriss,cifar10,94.130000,4.874420,0.467106,16566
4,3,14112,eyeriss,cifar10,91.296670,2.908340,0.467106,16566
4,3,6111,eyeriss,cifar10,94.373340,7.823540,0.467106,16566
4,3,4384,eyeriss,cifar10,86.796670,1.679540,0.467106,16566
4,3,13714,eyeriss,cifar10,94.373340,7.823540,0.467106,16566
4,3,13611,eyeriss,cifar10,92.490000,3.154100,0.467106,16566
4,3,13987,eyeriss,cifar10,93.596664,3.645620,0.467106,16566
4,4,6111,fpga,cifar10,94.373340,6.678560,0.477518,16483
4,4,3731,fpga,cifar10,94.343330,5.936160,0.477518,16483
4,4,11692,fpga,cifar10,94.130000,4.163360,0.477518,16483
4,4,4384,fpga,cifar10,86.796670,1.132960,0.477518,16483
4,4,5111,fpga,cifar10,94.306660,5.193760,0.477518,16483
4,4,8008,fpga,cifar10,93.480000,2.905760,0.477518,16483
4,4,13987,fpga,cifar10,93.596664,3.420960,0.477518,16483
4,4,3687,fpga,cifar10,89.820000,1.648160,0.477518,16483
4,4,11472,fpga,cifar10,93.970000,3.648160,0.477518,16483
4,4,8323,fpga,cifar10,90.870000,2.163360,0.477518,16483
4,4,15295,fpga,cifar10,90.050000,2.057760,0.477518,16483
4,4,13611,fpga,cifar10,92.490000,2.390560,0.477518,16483
4,4,13714,fpga,cifar10,94.373340,6.678560,0.477518,16483
4,5,55,pixel3,cifar10,86.756670,1.057440,0.608054,16207
4,5,4627,pixel3,cifar10,93.270000,7.036050,0.608054,16207
4,5,10689,pixel3,cifar10,90.790000,2.669770,0.608054,16207
4,5,6985,pixel3,cifar10,89.940000,2.367450,0.608054,16207
4,5,6899,pixel3,cifar10,90.900000,3.961410,0.608054,16207
4,5,8592,pixel3,cifar10,93.750000,10.769800,0.608054,16207
4,5,1941,pixel3,cifar10,93.533330,9.128690,0.608054,16207
4,5,6330,pixel3,cifar10,94.006670,11.512400,0.608054,16207
4,5,78,pixel3,cifar10,91.933334,5.807870,0.608054,16207
4,5,2779,pixel3,cifar10,90.806660,3.102950,0.608054,16207
4,5,6854,pixel3,cifar10,91.040000,4.514220,0.608054,16207
4,5,7197,pixel3,cifar10,90.366670,2.447670,0.608054,16207
4,5,1291,pixel3,cifar10,10.000000,0.003595,0.608054,16207
4,5,1781,pixel3,cifar10,89.883330,1.712020,0.608054,16207
4,5,1631,pixel3,cifar10,89.506670,1.697120,0.608054,16207
4,5,25,pixel3,cifar10,86.540000,1.054570,0.608054,16207
4,5,8323,pixel3,cifar10,90.870000,3.106420,0.608054,16207
4,5,13869,pixel3,cifar10,93.656670,10.634700,0.608054,16207
4,5,13171,pixel3,cifar10,93.530000,7.717220,0.608054,16207
4,5,5111,pixel3,cifar10,94.306660,17.584600,0.608054,16207
4,5,2035,pixel3,cifar10,89.670000,1.706480,0.608054,16207
4,5,6111,pixel3,cifar10,94.373340,23.584800,0.608054,16207
4,5,3731,pixel3,cifar10,94.343330,23.361300,0.608054,16207
4,5,8695,pixel3,cifar10,94.220000,17.564500,0.608054,16207
4,5,11692,pixel3,cifar10,94.130000,15.490100,0.608054,16207
4,5,6584,pixel3,cifar10,94.160000,15.720300,0.608054,16207
4,5,7017,pixel3,cifar10,86.970000,1.403930,0.608054,16207
4,5,5224,pixel3,cifar10,88.980000,1.570360,0.608054,16207
4,5,1943,pixel3,cifar10,93.116670,6.492030,0.608054,16207
4,5,6382,pixel3,cifar10,93.376660,7.048190,0.608054,16207
4,5,13987,pixel3,cifar10,93.596664,9.922680,0.608054,16207
4,5,12452,pixel3,cifar10,91.350000,5.590110,0.608054,16207
4,5,1804,pixel3,cifar10,89.063330,1.579900,0.608054,16207
4,5,9230,pixel3,cifar10,86.580000,1.056760,0.608054,16207
4,5,1196,pixel3,cifar10,92.020000,5.810240,0.608054,16207
4,5,6434,pixel3,cifar10,91.080000,4.811140,0.608054,16207
4,5,6918,pixel3,cifar10,87.000000,1.478790,0.608054,16207
4,5,11972,pixel3,cifar10,91.510000,5.627010,0.608054,16207
4,5,294,pixel3,cifar10,92.096664,5.824630,0.608054,16207
4,5,6624,pixel3,cifar10,89.120000,1.670570,0.608054,16207
4,5,1497,pixel3,cifar10,86.556660,1.056630,0.608054,16207
4,5,13096,pixel3,cifar10,90.700000,2.666040,0.608054,16207
4,5,8836,pixel3,cifar10,92.220000,6.313990,0.608054,16207
4,5,8708,pixel3,cifar10,94.080000,12.839000,0.608054,16207
4,6,6985,raspi4,cifar10,89.940000,4.995646,0.597406,16286
4,6,13846,raspi4,cifar10,90.720000,7.176163,0.597406,16286
4,6,1941,raspi4,cifar10,93.533330,25.121769,0.597406,16286
4,6,11692,raspi4,cifar10,94.130000,37.583630,0.597406,16286
4,6,9380,raspi4,cifar10,89.335000,4.875613,0.597406,16286
4,6,8426,raspi4,cifar10,93.840000,31.394428,0.597406,16286
4,6,6382,raspi4,cifar10,93.376660,21.461164,0.597406,16286
4,6,5111,raspi4,cifar10,94.306660,41.756905,0.597406,16286
4,6,8592,raspi4,cifar10,93.750000,25.477009,0.597406,16286
4,6,9271,raspi4,cifar10,89.250000,4.830311,0.597406,16286
4,6,1690,raspi4,cifar10,86.646670,2.536549,0.597406,16286
4,6,9980,raspi4,cifar10,10.000000,0.011284,0.597406,16286
4,6,1962,raspi4,cifar10,86.530000,2.529453,0.597406,16286
4,6,8323,raspi4,cifar10,90.870000,7.426308,0.597406,16286
4,6,10412,raspi4,cifar10,93.530000,25.079220,0.597406,16286
4,6,12505,raspi4,cifar10,92.150000,16.747276,0.597406,16286
4,6,1804,raspi4,cifar10,89.063330,4.791845,0.597406,16286
4,6,3731,raspi4,cifar10,94.343330,58.070793,0.597406,16286
4,6,6111,raspi4,cifar10,94.373340,68.404106,0.597406,16286
4,6,8008,raspi4,cifar10,93.480000,22.571420,0.597406,16286
4,6,7017,raspi4,cifar10,86.970000,2.544041,0.597406,16286
4,6,11810,raspi4,cifar10,92.780000,18.619905,0.597406,16286
4,6,14565,raspi4,cifar10,88.880000,4.781183,0.597406,16286
4,6,12238,raspi4,cifar10,91.690000,16.046099,0.597406,16286
4,6,5780,raspi4,cifar10,93.980000,34.928463,0.597406,16286
4,6,11972,raspi4,cifar10,91.510000,12.403558,0.597406,16286
4,6,2058,raspi4,cifar10,93.270000,19.484835,0.597406,16286
4,6,6960,raspi4,cifar10,92.280000,17.162752,0.597406,16286
4,6,2035,raspi4,cifar10,89.670000,4.984099,0.597406,16286
4,6,11533,raspi4,cifar10,93.420000,21.715693,0.597406,16286
4,6,10275,raspi4,cifar10,91.080000,9.993188,0.597406,16286
4,6,13611,raspi4,cifar10,92.490000,18.523302,0.597406,16286
4,6,7058,raspi4,cifar10,92.040000,16.469465,0.597406,16286
4,6,6918,raspi4,cifar10,87.000000,2.787590,0.597406,16286
4,6,14677,raspi4,cifar10,88.670000,4.755260,0.597406,16286
4,7,6124,edgegpu,cifar100,68.360000,3.185835,0.489561,16345
4,7,11810,edgegpu,cifar100,68.300000,1.779551,0.489561,16345
4,7,12415,edgegpu,cifar100,71.940000,4.828467,0.489561,16345
4,7,6381,edgegpu,cifar100,66.800000,1.753340,0.489561,16345
4,7,9930,edgegpu,cifar100,73.513336,6.803060,0.489561,16345
4,7,9997,edgegpu,cifar100,71.520000,3.466139,0.489561,16345
4,7,9922,edgegpu,cifar100,58.560000,1.428552,0.489561,16345
4,7,4954,edgegpu,cifar100,73.000000,6.669736,0.489561,16345
4,7,8912,edgegpu,cifar100,59.200000,1.441355,0.489561,16345
4,7,1425,edgegpu,cifar100,72.093330,5.310225,0.489561,16345
4,7,2304,edgegpu,cifar100,58.660000,1.440253,0.489561,16345
4,7,4418,edgegpu,cifar100,72.746666,5.352364,0.489561,16345
4,7,8401,edgegpu,cifar100,71.080000,3.302102,0.489561,16345
4,7,11885,edgegpu,cifar100,68.040000,1.776652,0.489561,16345
4,7,1038,edgegpu,cifar100,67.500000,1.758428,0.489561,16345
4,7,1509,edgegpu,cifar100,1.000000,0.505853,0.489561,16345
4,7,14677,edgegpu,cifar100,62.420000,1.746187,0.489561,16345
4,7,3888,edgegpu,cifar100,73.260000,6.797867,0.489561,16345
4,7,2778,edgegpu,cifar100,72.993330,6.134028,0.489561,16345
4,8,2705,edgetpu,cifar100,62.813330,0.393026,0.532988,16120
4,8,797,edgetpu,cifar100,69.580000,0.633351,0.532988,16120
4,8,9997,edgetpu,cifar100,71.520000,0.729986,0.532988,16120
4,8,4155,edgetpu,cifar100,62.306667,0.391442,0.532988,16120
4,8,12607,edgetpu,cifar100,62.600000,0.392830,0.532988,16120
4,8,8638,edgetpu,cifar100,58.860000,0.356631,0.532988,16120
4,8,9930,edgetpu,cifar100,73.513336,1.454107,0.532988,16120
4,8,8401,edgetpu,cifar100,71.080000,0.728572,0.532988,16120
4,8,5019,edgetpu,cifar100,58.880000,0.357058,0.532988,16120
4,8,577,edgetpu,cifar100,69.680000,0.635228,0.532988,16120
4,8,12574,edgetpu,cifar100,72.740000,0.932430,0.532988,16120
4,8,3888,edgetpu,cifar100,73.260000,1.316226,0.532988,16120
4,8,781,edgetpu,cifar100,67.960000,0.487922,0.532988,16120
4,8,12761,edgetpu,cifar100,72.860000,1.225212,0.532988,16120
4,8,4659,edgetpu,cifar100,70.060000,0.636433,0.532988,16120
4,8,777,edgetpu,cifar100,58.650000,0.355588,0.532988,16120
4,8,1110,edgetpu,cifar100,58.840000,0.355938,0.532988,16120
4,8,8912,edgetpu,cifar100,59.200000,0.377698,0.532988,16120
4,8,4418,edgetpu,cifar100,72.746666,1.093699,0.532988,16120
4,8,10000,edgetpu,cifar100,73.160000,1.283461,0.532988,16120
4,8,14945,edgetpu,cifar100,58.500000,0.354940,0.532988,16120
4,8,1943,edgetpu,cifar100,69.626660,0.634759,0.532988,16120
4,8,69,edgetpu,cifar100,71.020000,0.727259,0.532988,16120
4,8,11112,edgetpu,cifar100,66.893330,0.486713,0.532988,16120
4,8,9271,edgetpu,cifar100,63.400000,0.393151,0.532988,16120
4,8,10443,edgetpu,cifar100,68.300000,0.489020,0.532988,16120
4,8,13829,edgetpu,cifar100,66.873340,0.485137,0.532988,16120
4,8,857,edgetpu,cifar100,72.880000,1.264168,0.532988,16120
4,8,1996,edgetpu,cifar100,67.820000,0.486748,0.532988,16120
4,8,15363,edgetpu,cifar100,70.520000,0.676394,0.532988,16120
4,8,1383,edgetpu,cifar100,70.273330,0.673722,0.532988,16120
4,8,12415,edgetpu,cifar100,71.940000,0.872299,0.532988,16120
4,8,11533,edgetpu,cifar100,69.760000,0.635877,0.532988,16120
4,8,1425,edgetpu,cifar100,72.093330,0.910660,0.532988,16120
4,9,14714,eyeriss,cifar100,71.280000,4.140160,0.476801,16564
4,9,14112,eyeriss,cifar100,68.386665,2.911360,0.476801,16564
4,9,3540,eyeriss,cifar100,71.500000,4.877440,0.476801,16564
4,9,12574,eyeriss,cifar100,72.740000,5.123200,0.476801,16564
4,9,11301,eyeriss,cifar100,68.220000,2.665600,0.476801,16564
4,9,8139,eyeriss,cifar100,64.440000,1.928320,0.476801,16564
4,9,12820,eyeriss,cifar100,67.720000,2.419840,0.476801,16564
4,9,375,eyeriss,cifar100,64.440000,1.928320,0.476801,16564
4,9,6787,eyeriss,cifar100,70.720000,3.648640,0.476801,16564
4,9,5084,eyeriss,cifar100,58.813330,1.682560,0.476801,16564
4,9,6925,eyeriss,cifar100,71.220000,3.894400,0.476801,16564
4,9,9930,eyeriss,cifar100,73.513336,9.055360,0.476801,16564
4,9,10689,eyeriss,cifar100,67.500000,2.174080,0.476801,16564
4,9,12761,eyeriss,cifar100,72.860000,6.352000,0.476801,16564
4,9,3888,eyeriss,cifar100,73.260000,6.597760,0.476801,16564
4,9,11973,eyeriss,cifar100,70.340000,3.402880,0.476801,16564
4,10,5084,fpga,cifar100,58.813330,1.132960,0.479933,16249
4,10,6830,fpga,cifar100,71.460000,4.057760,0.479933,16249
4,10,6925,fpga,cifar100,71.220000,3.936160,0.479933,16249
4,10,3540,fpga,cifar100,71.500000,4.163360,0.479933,16249
4,10,6787,fpga,cifar100,70.720000,3.420960,0.479933,16249
4,10,9930,fpga,cifar100,73.513336,7.420960,0.479933,16249
4,10,12574,fpga,cifar100,72.740000,4.678560,0.479933,16249
4,10,3888,fpga,cifar100,73.260000,5.936160,0.479933,16249
4,10,5651,fpga,cifar100,64.690000,1.648160,0.479933,16249
4,10,7250,fpga,cifar100,67.706665,2.390560,0.479933,16249
4,10,12820,fpga,cifar100,67.720000,2.678560,0.479933,16249
4,10,12761,fpga,cifar100,72.860000,5.420960,0.479933,16249
4,10,9997,fpga,cifar100,71.520000,4.572960,0.479933,16249
4,10,11878,fpga,cifar100,65.060000,2.057760,0.479933,16249
4,10,10689,fpga,cifar100,67.500000,2.163360,0.479933,16249
4,10,11973,fpga,cifar100,70.340000,2.905760,0.479933,16249
4,10,12295,fpga,cifar100,71.160000,3.648160,0.479933,16249
4,11,906,pixel3,cifar100,62.393333,1.661810,0.608584,16369
4,11,12970,pixel3,cifar100,68.140000,4.782110,0.608584,16369
4,11,1416,pixel3,cifar100,64.493330,2.084060,0.608584,16369
4,11,14112,pixel3,cifar100,68.386665,5.745320,0.608584,16369
4,11,8638,pixel3,cifar100,58.860000,1.478570,0.608584,16369
4,11,1090,pixel3,cifar100,65.220000,2.811310,0.608584,16369
4,11,11000,pixel3,cifar100,71.180000,10.677600,0.608584,16369
4,11,12574,pixel3,cifar100,72.740000,16.473900,0.608584,16369
4,11,898,pixel3,cifar100,70.000000,6.516140,0.608584,16369
4,11,1459,pixel3,cifar100,73.140000,23.437900,0.608584,16369
4,11,8323,pixel3,cifar100,67.080000,3.106340,0.608584,16369
4,11,11301,pixel3,cifar100,68.220000,5.352090,0.608584,16369
4,11,857,pixel3,cifar100,72.880000,19.113200,0.608584,16369
4,11,1409,pixel3,cifar100,58.853333,1.275090,0.608584,16369
4,11,699,pixel3,cifar100,72.240000,12.079400,0.608584,16369
4,11,4432,pixel3,cifar100,66.486664,3.105870,0.608584,16369
4,11,485,pixel3,cifar100,67.593330,4.124800,0.608584,16369
4,11,1450,pixel3,cifar100,70.506670,9.337360,0.608584,16369
4,11,1558,pixel3,cifar100,64.020000,1.705220,0.608584,16369
4,11,5651,pixel3,cifar100,64.690000,2.376870,0.608584,16369
4,11,858,pixel3,cifar100,64.133330,2.003500,0.608584,16369
4,11,6925,pixel3,cifar100,71.220000,10.688000,0.608584,16369
4,11,9930,pixel3,cifar100,73.513336,42.003600,0.608584,16369
4,11,3888,pixel3,cifar100,73.260000,23.477200,0.608584,16369
4,11,657,pixel3,cifar100,58.233334,1.233070,0.608584,16369
4,11,11973,pixel3,cifar100,70.340000,8.988510,0.608584,16369
4,11,15363,pixel3,cifar100,70.520000,9.708640,0.608584,16369
4,11,6337,pixel3,cifar100,1.000000,0.008753,0.608584,16369
4,11,6787,pixel3,cifar100,70.720000,9.854430,0.608584,16369
4,11,10042,pixel3,cifar100,64.880000,2.794690,0.608584,16369
4,11,8912,pixel3,cifar100,59.200000,1.478790,0.608584,16369
4,11,10689,pixel3,cifar100,67.500000,3.109220,0.608584,16369
4,11,1593,pixel3,cifar100,62.126667,1.582050,0.608584,16369
4,12,6930,raspi4,cifar100,61.720000,4.798524,0.675513,16307
4,12,9997,raspi4,cifar100,71.520000,34.996710,0.675513,16307
4,12,9926,raspi4,cifar100,63.520000,4.999532,0.675513,16307
4,12,7891,raspi4,cifar100,67.550000,12.536592,0.675513,16307
4,12,1459,raspi4,cifar100,73.140000,53.879950,0.675513,16307
4,12,14112,raspi4,cifar100,68.386665,14.423308,0.675513,16307
4,12,14714,raspi4,cifar100,71.280000,24.692347,0.675513,16307
4,12,12915,raspi4,cifar100,66.950000,7.226311,0.675513,16307
4,12,15363,raspi4,cifar100,70.520000,21.809430,0.675513,16307
4,12,3888,raspi4,cifar100,73.260000,55.029520,0.675513,16307
4,12,6822,raspi4,cifar100,58.426666,2.558594,0.675513,16307
4,12,2222,raspi4,cifar100,58.313330,2.538255,0.675513,16307
4,12,10222,raspi4,cifar100,58.860000,2.747804,0.675513,16307
4,12,10689,raspi4,cifar100,67.500000,7.381845,0.675513,16307
4,12,6925,raspi4,cifar100,71.220000,24.195030,0.675513,16307
4,12,6787,raspi4,cifar100,70.720000,23.081835,0.675513,16307
4,12,12761,raspi4,cifar100,72.860000,53.718200,0.675513,16307
4,12,9930,raspi4,cifar100,73.513336,71.152000,0.675513,16307
4,12,375,raspi4,cifar100,64.440000,5.099302,0.675513,16307
4,12,10042,raspi4,cifar100,64.880000,5.100886,0.675513,16307
4,12,898,raspi4,cifar100,70.000000,21.506163,0.675513,16307
4,12,4418,raspi4,cifar100,72.746666,47.162354,0.675513,16307
4,12,8740,raspi4,cifar100,1.000000,0.015215,0.675513,16307
4,12,15589,raspi4,cifar100,59.060000,2.795078,0.675513,16307
4,12,14792,raspi4,cifar100,69.500000,19.111843,0.675513,16307
4,12,4409,raspi4,cifar100,67.173330,7.228629,0.675513,16307
4,12,7030,raspi4,cifar100,69.600000,19.218203,0.675513,16307
4,12,14612,raspi4,cifar100,58.720000,2.563505,0.675513,16307
4,12,12574,raspi4,cifar100,72.740000,36.371254,0.675513,16307
4,12,2035,raspi4,cifar100,63.926666,5.005698,0.675513,16307
4,12,13430,raspi4,cifar100,66.700000,7.203785,0.675513,16307
4,12,3487,raspi4,cifar100,70.093330,21.603350,0.675513,16307
4,12,1572,raspi4,cifar100,69.900000,19.916142,0.675513,16307
4,12,6830,raspi4,cifar100,71.460000,34.491814,0.675513,16307
4,12,8912,raspi4,cifar100,59.200000,2.818969,0.675513,16307
4,12,6918,raspi4,cifar100,58.800000,2.571364,0.675513,16307
4,12,4498,raspi4,cifar100,64.086670,5.022347,0.675513,16307
4,12,9271,raspi4,cifar100,63.400000,4.800893,0.675513,16307
4,13,5751,edgegpu,ImageNet16-120,40.044445,2.434626,0.588535,16367
4,13,4587,edgegpu,ImageNet16-120,28.800000,1.445131,0.588535,16367
4,13,7760,edgegpu,ImageNet16-120,39.100000,1.743751,0.588535,16367
4,13,1449,edgegpu,ImageNet16-120,40.077778,3.075252,0.588535,16367
4,13,2650,edgegpu,ImageNet16-120,42.433334,3.309817,0.588535,16367
4,13,8401,edgegpu,ImageNet16-120,43.833332,3.322444,0.588535,16367
4,13,10947,edgegpu,ImageNet16-120,39.944443,1.909800,0.588535,16367
4,13,1164,edgegpu,ImageNet16-120,28.522223,1.435223,0.588535,16367
4,13,8426,edgegpu,ImageNet16-120,44.633335,3.370147,0.588535,16367
4,13,8884,edgegpu,ImageNet16-120,45.033333,3.499999,0.588535,16367
4,13,11217,edgegpu,ImageNet16-120,43.466667,3.316708,0.588535,16367
4,13,4946,edgegpu,ImageNet16-120,44.700000,3.490419,0.588535,16367
4,13,12415,edgegpu,ImageNet16-120,46.566666,4.667692,0.588535,16367
4,13,14612,edgegpu,ImageNet16-120,28.488890,1.434064,0.588535,16367
4,13,7187,edgegpu,ImageNet16-120,28.683332,1.443858,0.588535,16367
4,13,6950,edgegpu,ImageNet16-120,38.700000,1.740150,0.588535,16367
4,13,9722,edgegpu,ImageNet16-120,44.000000,3.327813,0.588535,16367
4,13,4988,edgegpu,ImageNet16-120,28.933332,1.448212,0.588535,16367
4,13,9586,edgegpu,ImageNet16-120,46.933334,5.222673,0.588535,16367
4,13,15288,edgegpu,ImageNet16-120,28.422222,1.417041,0.588535,16367
4,13,14117,edgegpu,ImageNet16-120,28.677778,1.435547,0.588535,16367
4,13,14840,edgegpu,ImageNet16-120,45.311110,4.224715,0.588535,16367
4,13,13411,edgegpu,ImageNet16-120,31.855556,1.736240,0.588535,16367
4,13,15376,edgegpu,ImageNet16-120,0.833333,0.533953,0.588535,16367
4,13,13760,edgegpu,ImageNet16-120,32.333332,1.739759,0.588535,16367
4,13,454,edgegpu,ImageNet16-120,41.277780,3.303313,0.588535,16367
4,13,4160,edgegpu,ImageNet16-120,39.833332,1.756272,0.588535,16367
4,13,4332,edgegpu,ImageNet16-120,39.444443,1.745496,0.588535,16367
4,13,15159,edgegpu,ImageNet16-120,45.566666,4.632421,0.588535,16367
4,14,10017,edgetpu,ImageNet16-120,40.566666,0.524950,0.537863,15786
4,14,13931,edgetpu,ImageNet16-120,28.788889,0.360349,0.537863,15786
4,14,14840,edgetpu,ImageNet16-120,45.311110,0.666690,0.537863,15786
4,14,14677,edgetpu,ImageNet16-120,33.233334,0.364575,0.537863,15786
4,14,3540,edgetpu,ImageNet16-120,45.122223,0.648670,0.537863,15786
4,14,5751,edgetpu,ImageNet16-120,40.044445,0.516992,0.537863,15786
4,14,15014,edgetpu,ImageNet16-120,28.266666,0.358110,0.537863,15786
4,14,9689,edgetpu,ImageNet16-120,42.533333,0.549702,0.537863,15786
4,14,4830,edgetpu,ImageNet16-120,42.233334,0.549457,0.537863,15786
4,14,12415,edgetpu,ImageNet16-120,46.566666,0.710906,0.537863,15786
4,14,12231,edgetpu,ImageNet16-120,40.200000,0.518358,0.537863,15786
4,14,11079,edgetpu,ImageNet16-120,43.566666,0.552430,0.537863,15786
4,14,70,edgetpu,ImageNet16-120,39.377777,0.428228,0.537863,15786
4,14,4988,edgetpu,ImageNet16-120,28.933332,0.360694,0.537863,15786
4,14,6950,edgetpu,ImageNet16-120,38.700000,0.427379,0.537863,15786
4,14,15363,edgetpu,ImageNet16-120,44.333332,0.582280,0.537863,15786
4,14,4627,edgetpu,ImageNet16-120,43.500000,0.552306,0.537863,15786
4,14,6407,edgetpu,ImageNet16-120,32.333332,0.363748,0.537863,15786
4,14,11282,edgetpu,ImageNet16-120,39.633335,0.428409,0.537863,15786
4,14,5586,edgetpu,ImageNet16-120,40.811110,0.546420,0.537863,15786
4,14,5530,edgetpu,ImageNet16-120,42.577778,0.549937,0.537863,15786
4,14,14662,edgetpu,ImageNet16-120,41.166668,0.547835,0.537863,15786
4,14,15383,edgetpu,ImageNet16-120,47.033333,0.780914,0.537863,15786
4,14,8884,edgetpu,ImageNet16-120,45.033333,0.615792,0.537863,15786
4,14,10332,edgetpu,ImageNet16-120,40.033333,0.516152,0.537863,15786
4,14,15107,edgetpu,ImageNet16-120,39.800000,0.430284,0.537863,15786
4,14,10167,edgetpu,ImageNet16-120,39.944443,0.444058,0.537863,15786
4,14,13769,edgetpu,ImageNet16-120,41.555557,0.549360,0.537863,15786
4,14,10888,edgetpu,ImageNet16-120,28.333334,0.359044,0.537863,15786
4,14,7750,edgetpu,ImageNet16-120,43.066666,0.551617,0.537863,15786
4,14,13972,edgetpu,ImageNet16-120,31.933332,0.363440,0.537863,15786
4,14,11885,edgetpu,ImageNet16-120,39.166668,0.427395,0.537863,15786
4,14,857,edgetpu,ImageNet16-120,47.311110,0.997730,0.537863,15786
4,14,8447,edgetpu,ImageNet16-120,40.011112,0.514586,0.537863,15786
4,14,6520,edgetpu,ImageNet16-120,32.383335,0.363944,0.537863,15786
4,14,7396,edgetpu,ImageNet16-120,40.177776,0.517218,0.537863,15786
4,14,11262,edgetpu,ImageNet16-120,39.733334,0.430019,0.537863,15786
4,14,7273,edgetpu,ImageNet16-120,42.966667,0.550014,0.537863,15786
4,14,7837,edgetpu,ImageNet16-120,32.111110,0.363571,0.537863,15786
4,14,5724,edgetpu,ImageNet16-120,28.366667,0.359987,0.537863,15786
4,14,7431,edgetpu,ImageNet16-120,32.577778,0.363954,0.537863,15786
4,14,4160,edgetpu,ImageNet16-120,39.833332,0.430355,0.537863,15786
4,14,7357,edgetpu,ImageNet16-120,44.666668,0.600498,0.537863,15786
4,14,13097,edgetpu,ImageNet16-120,39.655556,0.428424,0.537863,15786
4,15,735,eyeriss,ImageNet16-120,38.544445,0.607360,0.454263,16544
4,15,8008,eyeriss,ImageNet16-120,43.500000,0.853120,0.454263,16544
4,15,2835,eyeriss,ImageNet16-120,38.222220,0.545920,0.454263,16544
4,15,6854,eyeriss,ImageNet16-120,40.800000,0.668800,0.454263,16544
4,15,857,eyeriss,ImageNet16-120,47.311110,1.651840,0.454263,16544
4,15,1939,eyeriss,ImageNet16-120,45.077778,0.976000,0.454263,16544
4,15,6787,eyeriss,ImageNet16-120,44.400000,0.914560,0.454263,16544
4,15,8853,eyeriss,ImageNet16-120,45.600000,1.037440,0.454263,16544
4,15,15383,eyeriss,ImageNet16-120,47.033333,1.283200,0.454263,16544
4,15,14417,eyeriss,ImageNet16-120,45.900000,1.098880,0.454263,16544
4,15,4829,eyeriss,ImageNet16-120,34.200000,0.484480,0.454263,16544
4,15,4988,eyeriss,ImageNet16-120,28.933332,0.423040,0.454263,16544
4,16,857,fpga,ImageNet16-120,47.311110,2.038400,0.526415,16510
4,16,15446,fpga,ImageNet16-120,45.766666,1.116320,0.526415,16510
4,16,5793,fpga,ImageNet16-120,35.033333,0.517920,0.526415,16510
4,16,2835,fpga,ImageNet16-120,38.222220,0.546720,0.526415,16510
4,16,6868,fpga,ImageNet16-120,39.000000,0.649120,0.526415,16510
4,16,14748,fpga,ImageNet16-120,44.900000,0.995200,0.526415,16510
4,16,14417,fpga,ImageNet16-120,45.900000,1.276320,0.526415,16510
4,16,1939,fpga,ImageNet16-120,45.077778,1.062400,0.526415,16510
4,16,6787,fpga,ImageNet16-120,44.400000,0.969600,0.526415,16510
4,16,8008,fpga,ImageNet16-120,43.500000,0.876800,0.526415,16510
4,16,6854,fpga,ImageNet16-120,40.800000,0.809120,0.526415,16510
4,16,10017,fpga,ImageNet16-120,40.566666,0.784000,0.526415,16510
4,16,15383,fpga,ImageNet16-120,47.033333,1.504000,0.526415,16510
4,16,4988,fpga,ImageNet16-120,28.933332,0.284320,0.526415,16510
4,16,4829,fpga,ImageNet16-120,34.200000,0.415520,0.526415,16510
4,16,11593,fpga,ImageNet16-120,40.166668,0.780320,0.526415,16510
4,16,11079,fpga,ImageNet16-120,43.566666,0.902400,0.526415,16510
4,17,872,pixel3,ImageNet16-120,41.777780,2.465030,0.649873,16225
4,17,4988,pixel3,ImageNet16-120,28.933332,0.485996,0.649873,16225
4,17,4977,pixel3,ImageNet16-120,32.966667,0.617991,0.649873,16225
4,17,11000,pixel3,ImageNet16-120,44.866665,2.962520,0.649873,16225
4,17,1110,pixel3,ImageNet16-120,28.600000,0.423927,0.649873,16225
4,17,4587,pixel3,ImageNet16-120,28.800000,0.445767,0.649873,16225
4,17,4004,pixel3,ImageNet16-120,42.811110,2.467510,0.649873,16225
4,17,1860,pixel3,ImageNet16-120,28.433332,0.422587,0.649873,16225
4,17,4895,pixel3,ImageNet16-120,33.200000,0.619070,0.649873,16225
4,17,4432,pixel3,ImageNet16-120,37.800000,0.861157,0.649873,16225
4,17,2002,pixel3,ImageNet16-120,32.277780,0.617751,0.649873,16225
4,17,13756,pixel3,ImageNet16-120,0.833333,0.005289,0.649873,16225
4,17,11079,pixel3,ImageNet16-120,43.566666,2.479610,0.649873,16225
4,17,2018,pixel3,ImageNet16-120,46.433334,4.949210,0.649873,16225
4,17,12452,pixel3,ImageNet16-120,40.533333,1.504410,0.649873,16225
4,17,12639,pixel3,ImageNet16-120,40.400000,1.304440,0.649873,16225
4,17,4384,pixel3,ImageNet16-120,28.133333,0.421612,0.649873,16225
4,17,10154,pixel3,ImageNet16-120,46.133335,4.783700,0.649873,16225
4,17,1425,pixel3,ImageNet16-120,45.977780,4.619290,0.649873,16225
4,17,3728,pixel3,ImageNet16-120,28.500000,0.422880,0.649873,16225
4,17,8954,pixel3,ImageNet16-120,28.733334,0.424855,0.649873,16225
4,17,1549,pixel3,ImageNet16-120,28.655556,0.424747,0.649873,16225
4,17,12466,pixel3,ImageNet16-120,46.100000,4.680280,0.649873,16225
4,17,12424,pixel3,ImageNet16-120,43.133330,2.470150,0.649873,16225
4,17,857,pixel3,ImageNet16-120,47.311110,6.686850,0.649873,16225
4,17,15383,pixel3,ImageNet16-120,47.033333,5.191720,0.649873,16225
4,17,6854,pixel3,ImageNet16-120,40.800000,1.621620,0.649873,16225
4,17,14417,pixel3,ImageNet16-120,45.900000,4.143030,0.649873,16225
4,17,1204,pixel3,ImageNet16-120,37.844444,0.864966,0.649873,16225
4,17,13059,pixel3,ImageNet16-120,34.266666,0.668679,0.649873,16225
4,17,1939,pixel3,ImageNet16-120,45.077778,3.021500,0.649873,16225
4,17,8584,pixel3,ImageNet16-120,34.088890,0.664046,0.649873,16225
4,17,2899,pixel3,ImageNet16-120,43.911110,2.701210,0.649873,16225
4,17,15446,pixel3,ImageNet16-120,45.766666,3.439380,0.649873,16225
4,17,2835,pixel3,ImageNet16-120,38.222220,0.868646,0.649873,16225
4,17,6014,pixel3,ImageNet16-120,28.533333,0.423391,0.649873,16225
4,17,12506,pixel3,ImageNet16-120,43.983334,2.929990,0.649873,16225
4,17,758,pixel3,ImageNet16-120,28.333334,0.422134,0.649873,16225
4,17,735,pixel3,ImageNet16-120,38.544445,1.107950,0.649873,16225
4,17,898,pixel3,ImageNet16-120,42.466667,2.467210,0.649873,16225
4,18,8683,raspi4,ImageNet16-120,44.200000,4.462997,0.654271,15945
4,18,4988,raspi4,ImageNet16-120,28.933332,1.003251,0.654271,15945
4,18,11885,raspi4,ImageNet16-120,39.166668,3.065985,0.654271,15945
4,18,7859,raspi4,ImageNet16-120,32.966667,1.566048,0.654271,15945
4,18,219,raspi4,ImageNet16-120,42.500000,3.768475,0.654271,15945
4,18,8884,raspi4,ImageNet16-120,45.033333,5.293177,0.654271,15945
4,18,2779,raspi4,ImageNet16-120,37.355556,2.190654,0.654271,15945
4,18,15107,raspi4,ImageNet16-120,39.800000,3.083329,0.654271,15945
4,18,13059,raspi4,ImageNet16-120,34.266666,1.595651,0.654271,15945
4,18,12358,raspi4,ImageNet16-120,34.055557,1.582727,0.654271,15945
4,18,6854,raspi4,ImageNet16-120,40.800000,3.661016,0.654271,15945
4,18,10217,raspi4,ImageNet16-120,45.100000,6.109362,0.654271,15945
4,18,857,raspi4,ImageNet16-120,47.311110,9.020064,0.654271,15945
4,18,7187,raspi4,ImageNet16-120,28.683332,0.952790,0.654271,15945
4,18,9496,raspi4,ImageNet16-120,38.200000,2.204048,0.654271,15945
4,18,1939,raspi4,ImageNet16-120,45.077778,5.341908,0.654271,15945
4,18,3960,raspi4,ImageNet16-120,37.755554,2.197980,0.654271,15945
4,18,6336,raspi4,ImageNet16-120,39.366665,3.073392,0.654271,15945
4,18,9032,raspi4,ImageNet16-120,38.016666,2.201532,0.654271,15945
4,18,933,raspi4,ImageNet16-120,0.833333,0.011514,0.654271,15945
4,18,13931,raspi4,ImageNet16-120,28.788889,0.956195,0.654271,15945
4,18,3782,raspi4,ImageNet16-120,41.866665,3.755286,0.654271,15945
4,18,7227,raspi4,ImageNet16-120,32.533333,1.530737,0.654271,15945
4,18,11079,raspi4,ImageNet16-120,43.566666,3.802027,0.654271,15945
4,18,8355,raspi4,ImageNet16-120,39.666668,3.083286,0.654271,15945
4,18,2018,raspi4,ImageNet16-120,46.433334,7.482383,0.654271,15945
4,18,15363,raspi4,ImageNet16-120,44.333332,4.480516,0.654271,15945
4,18,11946,raspi4,ImageNet16-120,28.200000,0.940293,0.654271,15945
4,18,7955,raspi4,ImageNet16-120,39.388890,3.082832,0.654271,15945
4,18,15383,raspi4,ImageNet16-120,47.033333,8.565354,0.654271,15945
4,18,1413,raspi4,ImageNet16-120,42.711113,3.788479,0.654271,15945
4,18,10167,raspi4,ImageNet16-120,39.944443,3.106316,0.654271,15945
4,18,14750,raspi4,ImageNet16-120,32.933334,1.536700,0.654271,15945
4,18,13771,raspi4,ImageNet16-120,32.744446,1.533813,0.654271,15945
4,18,6868,raspi4,ImageNet16-120,39.000000,2.982937,0.654271,15945
4,18,7357,raspi4,ImageNet16-120,44.666668,4.480689,0.654271,15945
4,18,4995,raspi4,ImageNet16-120,42.166668,3.766336,0.654271,15945
4,18,10017,raspi4,ImageNet16-120,40.566666,3.181383,0.654271,15945
4,18,5530,raspi4,ImageNet16-120,42.577778,3.785925,0.654271,15945
4,18,11177,raspi4,ImageNet16-120,33.200000,1.573414,0.654271,15945
4,18,8584,raspi4,ImageNet16-120,34.088890,1.586268,0.654271,15945
4,18,14792,raspi4,ImageNet16-120,43.033333,3.792447,0.654271,15945
4,18,8736,raspi4,ImageNet16-120,45.700000,6.658077,0.654271,15945
4,18,10835,raspi4,ImageNet16-120,45.233334,6.632419,0.654271,15945
4,18,735,raspi4,ImageNet16-120,38.544445,2.911079,0.654271,15945
4,18,1204,raspi4,ImageNet16-120,37.844444,2.199356,0.654271,15945
4,18,1188,raspi4,ImageNet16-120,32.455555,1.526725,0.654271,15945
4,18,14697,raspi4,ImageNet16-120,33.900000,1.580382,0.654271,15945
4,18,11584,raspi4,ImageNet16-120,46.666668,8.014434,0.654271,15945
4,18,14417,raspi4,ImageNet16-120,45.900000,6.948865,0.654271,15945
5,1,258,edgegpu,cifar10,93.640000,3.307109,0.526911,16391
5,1,6499,edgegpu,cifar10,93.645000,3.331041,0.526911,16391
5,1,9099,edgegpu,cifar10,93.940000,3.357520,0.526911,16391
5,1,14407,edgegpu,cifar10,86.770000,1.440282,0.526911,16391
5,1,14090,edgegpu,cifar10,92.086670,1.749086,0.526911,16391
5,1,2776,edgegpu,cifar10,93.666664,3.331194,0.526911,16391
5,1,1549,edgegpu,cifar10,86.710000,1.436324,0.526911,16391
5,1,561,edgegpu,cifar10,86.880000,1.451068,0.526911,16391
5,1,1339,edgegpu,cifar10,92.136665,1.751881,0.526911,16391
5,1,14527,edgegpu,cifar10,86.765000,1.439619,0.526911,16391
5,1,15200,edgegpu,cifar10,10.000000,0.501385,0.526911,16391
5,1,11692,edgegpu,cifar10,94.130000,4.708362,0.526911,16391
5,1,13401,edgegpu,cifar10,87.010000,1.457009,0.526911,16391
5,1,6960,edgegpu,cifar10,92.280000,1.764450,0.526911,16391
5,1,5400,edgegpu,cifar10,86.630000,1.427460,0.526911,16391
5,1,10484,edgegpu,cifar10,93.810000,3.354015,0.526911,16391
5,1,6950,edgegpu,cifar10,92.000000,1.738467,0.526911,16391
5,1,6330,edgegpu,cifar10,94.006670,4.384699,0.526911,16391
5,1,2053,edgegpu,cifar10,94.206665,5.482254,0.526911,16391
5,1,5292,edgegpu,cifar10,94.293335,6.663151,0.526911,16391
5,1,5780,edgegpu,cifar10,93.980000,3.361888,0.526911,16391
5,1,11810,edgegpu,cifar10,92.780000,1.992798,0.526911,16391
5,1,13714,edgegpu,cifar10,94.373340,6.772180,0.526911,16391
5,1,1459,edgegpu,cifar10,94.296670,6.748991,0.526911,16391
5,1,11438,edgegpu,cifar10,92.500000,1.846719,0.526911,16391
5,2,11810,edgetpu,cifar10,92.780000,0.482879,0.517143,16021
5,2,13714,edgetpu,cifar10,94.373340,1.377865,0.517143,16021
5,2,2053,edgetpu,cifar10,94.206665,1.042178,0.517143,16021
5,2,6918,edgetpu,cifar10,87.000000,0.375819,0.517143,16021
5,2,9817,edgetpu,cifar10,93.490000,0.723286,0.517143,16021
5,2,4161,edgetpu,cifar10,89.250000,0.391221,0.517143,16021
5,2,797,edgetpu,cifar10,93.280000,0.627996,0.517143,16021
5,2,8192,edgetpu,cifar10,93.093330,0.627745,0.517143,16021
5,2,10683,edgetpu,cifar10,92.330000,0.481277,0.517143,16021
5,2,9380,edgetpu,cifar10,89.335000,0.395662,0.517143,16021
5,2,5780,edgetpu,cifar10,93.980000,0.723967,0.517143,16021
5,2,11692,edgetpu,cifar10,94.130000,0.761100,0.517143,16021
5,2,10293,edgetpu,cifar10,86.513336,0.352328,0.517143,16021
5,2,9689,edgetpu,cifar10,93.370000,0.628386,0.517143,16021
5,2,5647,edgetpu,cifar10,89.110000,0.389378,0.517143,16021
5,2,6382,edgetpu,cifar10,93.376660,0.628638,0.517143,16021
5,2,5111,edgetpu,cifar10,94.306660,1.152010,0.517143,16021
5,2,8008,edgetpu,cifar10,93.480000,0.629746,0.517143,16021
5,2,12439,edgetpu,cifar10,86.393330,0.352159,0.517143,16021
5,2,9950,edgetpu,cifar10,93.840000,0.723767,0.517143,16021
5,2,13611,edgetpu,cifar10,92.490000,0.481826,0.517143,16021
5,2,5258,edgetpu,cifar10,88.775000,0.388629,0.517143,16021
5,2,11112,edgetpu,cifar10,92.110000,0.480732,0.517143,16021
5,2,11438,edgetpu,cifar10,92.500000,0.482393,0.517143,16021
5,2,3731,edgetpu,cifar10,94.343330,1.282820,0.517143,16021
5,2,9722,edgetpu,cifar10,93.540000,0.723575,0.517143,16021
5,2,7017,edgetpu,cifar10,86.970000,0.353089,0.517143,16021
5,3,8323,eyeriss,cifar10,90.870000,2.171060,0.448519,16595
5,3,8592,eyeriss,cifar10,93.750000,3.891380,0.448519,16595
5,3,5111,eyeriss,cifar10,94.306660,5.365940,0.448519,16595
5,3,8008,eyeriss,cifar10,93.480000,3.399860,0.448519,16595
5,3,6899,eyeriss,cifar10,90.900000,2.416820,0.448519,16595
5,3,13987,eyeriss,cifar10,93.596664,3.645620,0.448519,16595
5,3,15000,eyeriss,cifar10,92.400000,3.154100,0.448519,16595
5,3,3731,eyeriss,cifar10,94.343330,6.594740,0.448519,16595
5,3,6111,eyeriss,cifar10,94.373340,7.823540,0.448519,16595
5,3,6854,eyeriss,cifar10,91.040000,2.662580,0.448519,16595
5,3,11472,eyeriss,cifar10,93.970000,4.628660,0.448519,16595
5,3,12438,eyeriss,cifar10,89.875000,1.925300,0.448519,16595
5,3,14112,eyeriss,cifar10,91.296670,2.908340,0.448519,16595
5,3,6584,eyeriss,cifar10,94.160000,4.874420,0.448519,16595
5,3,13714,eyeriss,cifar10,94.373340,7.823540,0.448519,16595
5,3,4384,eyeriss,cifar10,86.796670,1.679540,0.448519,16595
5,4,12438,fpga,cifar10,89.875000,1.648160,0.427512,16308
5,4,10431,fpga,cifar10,87.000000,1.542560,0.427512,16308
5,4,4384,fpga,cifar10,86.796670,1.132960,0.427512,16308
5,4,11472,fpga,cifar10,93.970000,3.648160,0.427512,16308
5,4,13611,fpga,cifar10,92.490000,2.390560,0.427512,16308
5,4,11525,fpga,cifar10,90.000000,2.057760,0.427512,16308
5,4,8008,fpga,cifar10,93.480000,2.905760,0.427512,16308
5,4,5111,fpga,cifar10,94.306660,5.193760,0.427512,16308
5,4,8720,fpga,cifar10,89.875000,1.648160,0.427512,16308
5,4,6111,fpga,cifar10,94.373340,6.678560,0.427512,16308
5,4,8323,fpga,cifar10,90.870000,2.163360,0.427512,16308
5,4,3731,fpga,cifar10,94.343330,5.936160,0.427512,16308
5,4,13714,fpga,cifar10,94.373340,6.678560,0.427512,16308
5,4,6584,fpga,cifar10,94.160000,4.163360,0.427512,16308
5,4,13987,fpga,cifar10,93.596664,3.420960,0.427512,16308
5,5,4627,pixel3,cifar10,93.270000,7.036050,0.674545,16294
5,5,1941,pixel3,cifar10,93.533330,9.128690,0.674545,16294
5,5,8592,pixel3,cifar10,93.750000,10.769800,0.674545,16294
5,5,1781,pixel3,cifar10,89.883330,1.712020,0.674545,16294
5,5,2779,pixel3,cifar10,90.806660,3.102950,0.674545,16294
5,5,6985,pixel3,cifar10,89.940000,2.367450,0.674545,16294
5,5,5111,pixel3,cifar10,94.306660,17.584600,0.674545,16294
5,5,6854,pixel3,cifar10,91.040000,4.514220,0.674545,16294
5,5,1631,pixel3,cifar10,89.506670,1.697120,0.674545,16294
5,5,6899,pixel3,cifar10,90.900000,3.961410,0.674545,16294
5,5,13869,pixel3,cifar10,93.656670,10.634700,0.674545,16294
5,5,8323,pixel3,cifar10,90.870000,3.106420,0.674545,16294
5,5,6863,pixel3,cifar10,86.740000,1.229320,0.674545,16294
5,5,6382,pixel3,cifar10,93.376660,7.048190,0.674545,16294
5,5,13171,pixel3,cifar10,93.530000,7.717220,0.674545,16294
5,5,1804,pixel3,cifar10,89.063330,1.579900,0.674545,16294
5,5,7017,pixel3,cifar10,86.970000,1.403930,0.674545,16294
5,5,7001,pixel3,cifar10,10.000000,0.003277,0.674545,16294
5,5,3731,pixel3,cifar10,94.343330,23.361300,0.674545,16294
5,5,8695,pixel3,cifar10,94.220000,17.564500,0.674545,16294
5,5,11692,pixel3,cifar10,94.130000,15.490100,0.674545,16294
5,5,1497,pixel3,cifar10,86.556660,1.056630,0.674545,16294
5,5,6434,pixel3,cifar10,91.080000,4.811140,0.674545,16294
5,5,6584,pixel3,cifar10,94.160000,15.720300,0.674545,16294
5,5,6624,pixel3,cifar10,89.120000,1.670570,0.674545,16294
5,5,8708,pixel3,cifar10,94.080000,12.839000,0.674545,16294
5,5,6111,pixel3,cifar10,94.373340,23.584800,0.674545,16294
5,5,13096,pixel3,cifar10,90.700000,2.666040,0.674545,16294
5,5,6918,pixel3,cifar10,87.000000,1.478790,0.674545,16294
5,5,10689,pixel3,cifar10,90.790000,2.669770,0.674545,16294
5,5,5224,pixel3,cifar10,88.980000,1.570360,0.674545,16294
5,5,9230,pixel3,cifar10,86.580000,1.056760,0.674545,16294
5,5,11972,pixel3,cifar10,91.510000,5.627010,0.674545,16294
5,5,12452,pixel3,cifar10,91.350000,5.590110,0.674545,16294
5,5,2035,pixel3,cifar10,89.670000,1.706480,0.674545,16294
5,5,13987,pixel3,cifar10,93.596664,9.922680,0.674545,16294
5,5,7197,pixel3,cifar10,90.366670,2.447670,0.674545,16294
5,5,4554,pixel3,cifar10,86.670000,1.114880,0.674545,16294
5,5,1339,pixel3,cifar10,92.136665,5.802240,0.674545,16294
5,5,1943,pixel3,cifar10,93.116670,6.492030,0.674545,16294
5,5,6330,pixel3,cifar10,94.006670,11.512400,0.674545,16294
5,6,5111,raspi4,cifar10,94.306660,41.756905,0.622335,16219
5,6,11692,raspi4,cifar10,94.130000,37.583630,0.622335,16219
5,6,12238,raspi4,cifar10,91.690000,16.046099,0.622335,16219
5,6,14677,raspi4,cifar10,88.670000,4.755260,0.622335,16219
5,6,8008,raspi4,cifar10,93.480000,22.571420,0.622335,16219
5,6,8323,raspi4,cifar10,90.870000,7.426308,0.622335,16219
5,6,6868,raspi4,cifar10,90.880000,10.226877,0.622335,16219
5,6,6985,raspi4,cifar10,89.940000,4.995646,0.622335,16219
5,6,14565,raspi4,cifar10,88.880000,4.781183,0.622335,16219
5,6,5780,raspi4,cifar10,93.980000,34.928463,0.622335,16219
5,6,1962,raspi4,cifar10,86.530000,2.529453,0.622335,16219
5,6,1804,raspi4,cifar10,89.063330,4.791845,0.622335,16219
5,6,13846,raspi4,cifar10,90.720000,7.176163,0.622335,16219
5,6,6382,raspi4,cifar10,93.376660,21.461164,0.622335,16219
5,6,2058,raspi4,cifar10,93.270000,19.484835,0.622335,16219
5,6,11533,raspi4,cifar10,93.420000,21.715693,0.622335,16219
5,6,11438,raspi4,cifar10,92.500000,18.742697,0.622335,16219
5,6,9271,raspi4,cifar10,89.250000,4.830311,0.622335,16219
5,6,2035,raspi4,cifar10,89.670000,4.984099,0.622335,16219
5,6,9980,raspi4,cifar10,10.000000,0.011284,0.622335,16219
5,6,12002,raspi4,cifar10,93.510000,24.816572,0.622335,16219
5,6,6918,raspi4,cifar10,87.000000,2.787590,0.622335,16219
5,6,8592,raspi4,cifar10,93.750000,25.477009,0.622335,16219
5,6,6960,raspi4,cifar10,92.280000,17.162752,0.622335,16219
5,6,7017,raspi4,cifar10,86.970000,2.544041,0.622335,16219
5,6,11972,raspi4,cifar10,91.510000,12.403558,0.622335,16219
5,6,1690,raspi4,cifar10,86.646670,2.536549,0.622335,16219
5,6,3731,raspi4,cifar10,94.343330,58.070793,0.622335,16219
5,6,13611,raspi4,cifar10,92.490000,18.523302,0.622335,16219
5,6,9380,raspi4,cifar10,89.335000,4.875613,0.622335,16219
5,6,6111,raspi4,cifar10,94.373340,68.404106,0.622335,16219
5,6,12639,raspi4,cifar10,90.990000,11.857850,0.622335,16219
5,6,8426,raspi4,cifar10,93.840000,31.394428,0.622335,16219
5,6,12505,raspi4,cifar10,92.150000,16.747276,0.622335,16219
5,6,10412,raspi4,cifar10,93.530000,25.079220,0.622335,16219
5,6,7058,raspi4,cifar10,92.040000,16.469465,0.622335,16219
5,6,1941,raspi4,cifar10,93.533330,25.121769,0.622335,16219
5,7,4954,edgegpu,cifar100,73.000000,6.669736,0.513756,16255
5,7,8401,edgegpu,cifar100,71.080000,3.302102,0.513756,16255
5,7,9922,edgegpu,cifar100,58.560000,1.428552,0.513756,16255
5,7,9930,edgegpu,cifar100,73.513336,6.803060,0.513756,16255
5,7,1425,edgegpu,cifar100,72.093330,5.310225,0.513756,16255
5,7,11067,edgegpu,cifar100,58.186670,1.427836,0.513756,16255
5,7,6124,edgegpu,cifar100,68.360000,3.185835,0.513756,16255
5,7,11810,edgegpu,cifar100,68.300000,1.779551,0.513756,16255
5,7,11885,edgegpu,cifar100,68.040000,1.776652,0.513756,16255
5,7,12415,edgegpu,cifar100,71.940000,4.828467,0.513756,16255
5,7,2304,edgegpu,cifar100,58.660000,1.440253,0.513756,16255
5,7,9997,edgegpu,cifar100,71.520000,3.466139,0.513756,16255
5,7,6381,edgegpu,cifar100,66.800000,1.753340,0.513756,16255
5,7,4418,edgegpu,cifar100,72.746666,5.352364,0.513756,16255
5,7,2778,edgegpu,cifar100,72.993330,6.134028,0.513756,16255
5,7,1038,edgegpu,cifar100,67.500000,1.758428,0.513756,16255
5,7,8912,edgegpu,cifar100,59.200000,1.441355,0.513756,16255
5,7,14677,edgegpu,cifar100,62.420000,1.746187,0.513756,16255
5,7,1509,edgegpu,cifar100,1.000000,0.505853,0.513756,16255
5,7,3888,edgegpu,cifar100,73.260000,6.797867,0.513756,16255
5,8,857,edgetpu,cifar100,72.880000,1.264168,0.559657,16081
5,8,11533,edgetpu,cifar100,69.760000,0.635877,0.559657,16081
5,8,12415,edgetpu,cifar100,71.940000,0.872299,0.559657,16081
5,8,898,edgetpu,cifar100,70.000000,0.636860,0.559657,16081
5,8,781,edgetpu,cifar100,67.960000,0.487922,0.559657,16081
5,8,15363,edgetpu,cifar100,70.520000,0.676394,0.559657,16081
5,8,5019,edgetpu,cifar100,58.880000,0.357058,0.559657,16081
5,8,577,edgetpu,cifar100,69.680000,0.635228,0.559657,16081
5,8,4418,edgetpu,cifar100,72.746666,1.093699,0.559657,16081
5,8,4237,edgetpu,cifar100,73.073330,1.285767,0.559657,16081
5,8,8912,edgetpu,cifar100,59.200000,0.377698,0.559657,16081
5,8,1110,edgetpu,cifar100,58.840000,0.355938,0.559657,16081
5,8,3888,edgetpu,cifar100,73.260000,1.316226,0.559657,16081
5,8,8638,edgetpu,cifar100,58.860000,0.356631,0.559657,16081
5,8,1425,edgetpu,cifar100,72.093330,0.910660,0.559657,16081
5,8,1383,edgetpu,cifar100,70.273330,0.673722,0.559657,16081
5,8,1459,edgetpu,cifar100,73.140000,1.311551,0.559657,16081
5,8,12574,edgetpu,cifar100,72.740000,0.932430,0.559657,16081
5,8,3303,edgetpu,cifar100,62.420000,0.392593,0.559657,16081
5,8,8401,edgetpu,cifar100,71.080000,0.728572,0.559657,16081
5,8,12761,edgetpu,cifar100,72.860000,1.225212,0.559657,16081
5,8,14816,edgetpu,cifar100,66.860000,0.486025,0.559657,16081
5,8,9930,edgetpu,cifar100,73.513336,1.454107,0.559657,16081
5,8,9997,edgetpu,cifar100,71.520000,0.729986,0.559657,16081
5,8,2705,edgetpu,cifar100,62.813330,0.393026,0.559657,16081
5,8,797,edgetpu,cifar100,69.580000,0.633351,0.559657,16081
5,8,8649,edgetpu,cifar100,70.690000,0.727284,0.559657,16081
5,8,777,edgetpu,cifar100,58.650000,0.355588,0.559657,16081
5,8,6946,edgetpu,cifar100,67.500000,0.486233,0.559657,16081
5,8,4155,edgetpu,cifar100,62.306667,0.391442,0.559657,16081
5,8,9271,edgetpu,cifar100,63.400000,0.393151,0.559657,16081
5,8,10443,edgetpu,cifar100,68.300000,0.489020,0.559657,16081
5,8,14945,edgetpu,cifar100,58.500000,0.354940,0.559657,16081
5,8,12607,edgetpu,cifar100,62.600000,0.392830,0.559657,16081
5,8,1996,edgetpu,cifar100,67.820000,0.486748,0.559657,16081
5,8,1943,edgetpu,cifar100,69.626660,0.634759,0.559657,16081
5,9,3888,eyeriss,cifar100,73.260000,6.597760,0.453804,16532
5,9,6787,eyeriss,cifar100,70.720000,3.648640,0.453804,16532
5,9,6925,eyeriss,cifar100,71.220000,3.894400,0.453804,16532
5,9,12820,eyeriss,cifar100,67.720000,2.419840,0.453804,16532
5,9,14112,eyeriss,cifar100,68.386665,2.911360,0.453804,16532
5,9,11301,eyeriss,cifar100,68.220000,2.665600,0.453804,16532
5,9,10689,eyeriss,cifar100,67.500000,2.174080,0.453804,16532
5,9,3540,eyeriss,cifar100,71.500000,4.877440,0.453804,16532
5,9,5084,eyeriss,cifar100,58.813330,1.682560,0.453804,16532
5,9,12574,eyeriss,cifar100,72.740000,5.123200,0.453804,16532
5,9,14714,eyeriss,cifar100,71.280000,4.140160,0.453804,16532
5,9,12761,eyeriss,cifar100,72.860000,6.352000,0.453804,16532
5,9,9930,eyeriss,cifar100,73.513336,9.055360,0.453804,16532
5,9,3687,eyeriss,cifar100,64.460000,1.928320,0.453804,16532
5,9,11973,eyeriss,cifar100,70.340000,3.402880,0.453804,16532
5,10,5084,fpga,cifar100,58.813330,1.132960,0.465305,16312
5,10,12574,fpga,cifar100,72.740000,4.678560,0.465305,16312
5,10,10689,fpga,cifar100,67.500000,2.163360,0.465305,16312
5,10,9930,fpga,cifar100,73.513336,7.420960,0.465305,16312
5,10,12761,fpga,cifar100,72.860000,5.420960,0.465305,16312
5,10,69,fpga,cifar100,71.020000,3.648160,0.465305,16312
5,10,6925,fpga,cifar100,71.220000,3.936160,0.465305,16312
5,10,12820,fpga,cifar100,67.720000,2.678560,0.465305,16312
5,10,3888,fpga,cifar100,73.260000,5.936160,0.465305,16312
5,10,6787,fpga,cifar100,70.720000,3.420960,0.465305,16312
5,10,6830,fpga,cifar100,71.460000,4.057760,0.465305,16312
5,10,3540,fpga,cifar100,71.500000,4.163360,0.465305,16312
5,10,4249,fpga,cifar100,65.080000,2.057760,0.465305,16312
5,10,9997,fpga,cifar100,71.520000,4.572960,0.465305,16312
5,10,5651,fpga,cifar100,64.690000,1.648160,0.465305,16312
5,10,7250,fpga,cifar100,67.706665,2.390560,0.465305,16312
5,10,3487,fpga,cifar100,70.093330,2.905760,0.465305,16312
5,11,8638,pixel3,cifar100,58.860000,1.478570,0.647909,16384
5,11,10042,pixel3,cifar100,64.880000,2.794690,0.647909,16384
5,11,1416,pixel3,cifar100,64.493330,2.084060,0.647909,16384
5,11,14112,pixel3,cifar100,68.386665,5.745320,0.647909,16384
5,11,6787,pixel3,cifar100,70.720000,9.854430,0.647909,16384
5,11,485,pixel3,cifar100,67.593330,4.124800,0.647909,16384
5,11,1450,pixel3,cifar100,70.506670,9.337360,0.647909,16384
5,11,15363,pixel3,cifar100,70.520000,9.708640,0.647909,16384
5,11,11301,pixel3,cifar100,68.220000,5.352090,0.647909,16384
5,11,12970,pixel3,cifar100,68.140000,4.782110,0.647909,16384
5,11,6925,pixel3,cifar100,71.220000,10.688000,0.647909,16384
5,11,4409,pixel3,cifar100,67.173330,3.113370,0.647909,16384
5,11,1357,pixel3,cifar100,67.480000,3.998260,0.647909,16384
5,11,857,pixel3,cifar100,72.880000,19.113200,0.647909,16384
5,11,3888,pixel3,cifar100,73.260000,23.477200,0.647909,16384
5,11,1409,pixel3,cifar100,58.853333,1.275090,0.647909,16384
5,11,11000,pixel3,cifar100,71.180000,10.677600,0.647909,16384
5,11,8323,pixel3,cifar100,67.080000,3.106340,0.647909,16384
5,11,898,pixel3,cifar100,70.000000,6.516140,0.647909,16384
5,11,1593,pixel3,cifar100,62.126667,1.582050,0.647909,16384
5,11,1459,pixel3,cifar100,73.140000,23.437900,0.647909,16384
5,11,699,pixel3,cifar100,72.240000,12.079400,0.647909,16384
5,11,4659,pixel3,cifar100,70.060000,9.026280,0.647909,16384
5,11,6337,pixel3,cifar100,1.000000,0.008753,0.647909,16384
5,11,858,pixel3,cifar100,64.133330,2.003500,0.647909,16384
5,11,9930,pixel3,cifar100,73.513336,42.003600,0.647909,16384
5,11,1558,pixel3,cifar100,64.020000,1.705220,0.647909,16384
5,11,1090,pixel3,cifar100,65.220000,2.811310,0.647909,16384
5,11,12574,pixel3,cifar100,72.740000,16.473900,0.647909,16384
5,11,724,pixel3,cifar100,67.053340,2.875650,0.647909,16384
5,11,5651,pixel3,cifar100,64.690000,2.376870,0.647909,16384
5,11,8912,pixel3,cifar100,59.200000,1.478790,0.647909,16384
5,11,777,pixel3,cifar100,58.650000,1.087020,0.647909,16384
5,11,894,pixel3,cifar100,61.933334,1.581120,0.647909,16384
5,11,906,pixel3,cifar100,62.393333,1.661810,0.647909,16384
5,12,7030,raspi4,cifar100,69.600000,19.218203,0.594718,16227
5,12,13430,raspi4,cifar100,66.700000,7.203785,0.594718,16227
5,12,15363,raspi4,cifar100,70.520000,21.809430,0.594718,16227
5,12,375,raspi4,cifar100,64.440000,5.099302,0.594718,16227
5,12,12915,raspi4,cifar100,66.950000,7.226311,0.594718,16227
5,12,9997,raspi4,cifar100,71.520000,34.996710,0.594718,16227
5,12,14714,raspi4,cifar100,71.280000,24.692347,0.594718,16227
5,12,15589,raspi4,cifar100,59.060000,2.795078,0.594718,16227
5,12,3408,raspi4,cifar100,63.993332,5.081906,0.594718,16227
5,12,14112,raspi4,cifar100,68.386665,14.423308,0.594718,16227
5,12,7891,raspi4,cifar100,67.550000,12.536592,0.594718,16227
5,12,4409,raspi4,cifar100,67.173330,7.228629,0.594718,16227
5,12,6925,raspi4,cifar100,71.220000,24.195030,0.594718,16227
5,12,3888,raspi4,cifar100,73.260000,55.029520,0.594718,16227
5,12,10222,raspi4,cifar100,58.860000,2.747804,0.594718,16227
5,12,12607,raspi4,cifar100,62.600000,4.779045,0.594718,16227
5,12,14612,raspi4,cifar100,58.720000,2.563505,0.594718,16227
5,12,12761,raspi4,cifar100,72.860000,53.718200,0.594718,16227
5,12,10042,raspi4,cifar100,64.880000,5.100886,0.594718,16227
5,12,10689,raspi4,cifar100,67.500000,7.381845,0.594718,16227
5,12,6787,raspi4,cifar100,70.720000,23.081835,0.594718,16227
5,12,898,raspi4,cifar100,70.000000,21.506163,0.594718,16227
5,12,12574,raspi4,cifar100,72.740000,36.371254,0.594718,16227
5,12,14792,raspi4,cifar100,69.500000,19.111843,0.594718,16227
5,12,6822,raspi4,cifar100,58.426666,2.558594,0.594718,16227
5,12,9926,raspi4,cifar100,63.520000,4.999532,0.594718,16227
5,12,8740,raspi4,cifar100,1.000000,0.015215,0.594718,16227
5,12,1572,raspi4,cifar100,69.900000,19.916142,0.594718,16227
5,12,9271,raspi4,cifar100,63.400000,4.800893,0.594718,16227
5,12,9930,raspi4,cifar100,73.513336,71.152000,0.594718,16227
5,12,1616,raspi4,cifar100,63.946667,5.080509,0.594718,16227
5,12,2222,raspi4,cifar100,58.313330,2.538255,0.594718,16227
5,12,3487,raspi4,cifar100,70.093330,21.603350,0.594718,16227
5,12,2035,raspi4,cifar100,63.926666,5.005698,0.594718,16227
5,12,4418,raspi4,cifar100,72.746666,47.162354,0.594718,16227
5,12,6918,raspi4,cifar100,58.800000,2.571364,0.594718,16227
5,12,8912,raspi4,cifar100,59.200000,2.818969,0.594718,16227
5,12,1459,raspi4,cifar100,73.140000,53.879950,0.594718,16227
5,13,7187,edgegpu,ImageNet16-120,28.683332,1.443858,0.569534,16393
5,13,857,edgegpu,ImageNet16-120,47.311110,6.707663,0.569534,16393
5,13,7760,edgegpu,ImageNet16-120,39.100000,1.743751,0.569534,16393
5,13,9586,edgegpu,ImageNet16-120,46.933334,5.222673,0.569534,16393
5,13,14117,edgegpu,ImageNet16-120,28.677778,1.435547,0.569534,16393
5,13,8884,edgegpu,ImageNet16-120,45.033333,3.499999,0.569534,16393
5,13,9722,edgegpu,ImageNet16-120,44.000000,3.327813,0.569534,16393
5,13,11217,edgegpu,ImageNet16-120,43.466667,3.316708,0.569534,16393
5,13,4988,edgegpu,ImageNet16-120,28.933332,1.448212,0.569534,16393
5,13,10947,edgegpu,ImageNet16-120,39.944443,1.909800,0.569534,16393
5,13,4332,edgegpu,ImageNet16-120,39.444443,1.745496,0.569534,16393
5,13,1164,edgegpu,ImageNet16-120,28.522223,1.435223,0.569534,16393
5,13,15288,edgegpu,ImageNet16-120,28.422222,1.417041,0.569534,16393
5,13,13411,edgegpu,ImageNet16-120,31.855556,1.736240,0.569534,16393
5,13,8426,edgegpu,ImageNet16-120,44.633335,3.370147,0.569534,16393
5,13,4946,edgegpu,ImageNet16-120,44.700000,3.490419,0.569534,16393
5,13,4587,edgegpu,ImageNet16-120,28.800000,1.445131,0.569534,16393
5,13,6950,edgegpu,ImageNet16-120,38.700000,1.740150,0.569534,16393
5,13,8401,edgegpu,ImageNet16-120,43.833332,3.322444,0.569534,16393
5,13,14612,edgegpu,ImageNet16-120,28.488890,1.434064,0.569534,16393
5,13,15383,edgegpu,ImageNet16-120,47.033333,6.262836,0.569534,16393
5,13,15159,edgegpu,ImageNet16-120,45.566666,4.632421,0.569534,16393
5,13,13760,edgegpu,ImageNet16-120,32.333332,1.739759,0.569534,16393
5,13,4160,edgegpu,ImageNet16-120,39.833332,1.756272,0.569534,16393
5,13,14840,edgegpu,ImageNet16-120,45.311110,4.224715,0.569534,16393
5,13,5751,edgegpu,ImageNet16-120,40.044445,2.434626,0.569534,16393
5,13,2650,edgegpu,ImageNet16-120,42.433334,3.309817,0.569534,16393
5,13,454,edgegpu,ImageNet16-120,41.277780,3.303313,0.569534,16393
5,13,15376,edgegpu,ImageNet16-120,0.833333,0.533953,0.569534,16393
5,13,12081,edgegpu,ImageNet16-120,40.233334,2.730479,0.569534,16393
5,13,12415,edgegpu,ImageNet16-120,46.566666,4.667692,0.569534,16393
5,14,10017,edgetpu,ImageNet16-120,40.566666,0.524950,0.522380,15974
5,14,12231,edgetpu,ImageNet16-120,40.200000,0.518358,0.522380,15974
5,14,10888,edgetpu,ImageNet16-120,28.333334,0.359044,0.522380,15974
5,14,15363,edgetpu,ImageNet16-120,44.333332,0.582280,0.522380,15974
5,14,11079,edgetpu,ImageNet16-120,43.566666,0.552430,0.522380,15974
5,14,8915,edgetpu,ImageNet16-120,32.611110,0.364729,0.522380,15974
5,14,4988,edgetpu,ImageNet16-120,28.933332,0.360694,0.522380,15974
5,14,12415,edgetpu,ImageNet16-120,46.566666,0.710906,0.522380,15974
5,14,10332,edgetpu,ImageNet16-120,40.033333,0.516152,0.522380,15974
5,14,13931,edgetpu,ImageNet16-120,28.788889,0.360349,0.522380,15974
5,14,14662,edgetpu,ImageNet16-120,41.166668,0.547835,0.522380,15974
5,14,11885,edgetpu,ImageNet16-120,39.166668,0.427395,0.522380,15974
5,14,70,edgetpu,ImageNet16-120,39.377777,0.428228,0.522380,15974
5,14,7174,edgetpu,ImageNet16-120,33.116665,0.391775,0.522380,15974
5,14,10750,edgetpu,ImageNet16-120,44.600000,0.615553,0.522380,15974
5,14,6950,edgetpu,ImageNet16-120,38.700000,0.427379,0.522380,15974
5,14,15014,edgetpu,ImageNet16-120,28.266666,0.358110,0.522380,15974
5,14,7273,edgetpu,ImageNet16-120,42.966667,0.550014,0.522380,15974
5,14,11262,edgetpu,ImageNet16-120,39.733334,0.430019,0.522380,15974
5,14,9689,edgetpu,ImageNet16-120,42.533333,0.549702,0.522380,15974
5,14,11282,edgetpu,ImageNet16-120,39.633335,0.428409,0.522380,15974
5,14,13972,edgetpu,ImageNet16-120,31.933332,0.363440,0.522380,15974
5,14,3540,edgetpu,ImageNet16-120,45.122223,0.648670,0.522380,15974
5,14,15383,edgetpu,ImageNet16-120,47.033333,0.780914,0.522380,15974
5,14,13769,edgetpu,ImageNet16-120,41.555557,0.549360,0.522380,15974
5,14,8884,edgetpu,ImageNet16-120,45.033333,0.615792,0.522380,15974
5,14,4160,edgetpu,ImageNet16-120,39.833332,0.430355,0.522380,15974
5,14,4977,edgetpu,ImageNet16-120,32.966667,0.367728,0.522380,15974
5,14,7750,edgetpu,ImageNet16-120,43.066666,0.551617,0.522380,15974
5,14,15107,edgetpu,ImageNet16-120,39.800000,0.430284,0.522380,15974
5,14,8781,edgetpu,ImageNet16-120,32.366665,0.363484,0.522380,15974
5,14,5530,edgetpu,ImageNet16-120,42.577778,0.549937,0.522380,15974
5,14,11177,edgetpu,ImageNet16-120,33.200000,0.393637,0.522380,15974
5,14,4627,edgetpu,ImageNet16-120,43.500000,0.552306,0.522380,15974
5,14,7396,edgetpu,ImageNet16-120,40.177776,0.517218,0.522380,15974
5,14,13097,edgetpu,ImageNet16-120,39.655556,0.428424,0.522380,15974
5,14,5751,edgetpu,ImageNet16-120,40.044445,0.516992,0.522380,15974
5,14,8447,edgetpu,ImageNet16-120,40.011112,0.514586,0.522380,15974
5,14,10167,edgetpu,ImageNet16-120,39.944443,0.444058,0.522380,15974
5,14,5586,edgetpu,ImageNet16-120,40.811110,0.546420,0.522380,15974
5,14,4830,edgetpu,ImageNet16-120,42.233334,0.549457,0.522380,15974
5,14,7431,edgetpu,ImageNet16-120,32.577778,0.363954,0.522380,15974
5,15,8008,eyeriss,ImageNet16-120,43.500000,0.853120,0.443522,16461
5,15,6854,eyeriss,ImageNet16-120,40.800000,0.668800,0.443522,16461
5,15,8853,eyeriss,ImageNet16-120,45.600000,1.037440,0.443522,16461
5,15,2835,eyeriss,ImageNet16-120,38.222220,0.545920,0.443522,16461
5,15,14417,eyeriss,ImageNet16-120,45.900000,1.098880,0.443522,16461
5,15,1939,eyeriss,ImageNet16-120,45.077778,0.976000,0.443522,16461
5,15,15383,eyeriss,ImageNet16-120,47.033333,1.283200,0.443522,16461
5,15,6787,eyeriss,ImageNet16-120,44.400000,0.914560,0.443522,16461
5,15,4988,eyeriss,ImageNet16-120,28.933332,0.423040,0.443522,16461
5,15,857,eyeriss,ImageNet16-120,47.311110,1.651840,0.443522,16461
5,15,735,eyeriss,ImageNet16-120,38.544445,0.607360,0.443522,16461
5,15,9805,eyeriss,ImageNet16-120,34.133335,0.484480,0.443522,16461
5,16,15383,fpga,ImageNet16-120,47.033333,1.504000,0.510560,16289
5,16,6854,fpga,ImageNet16-120,40.800000,0.809120,0.510560,16289
5,16,15446,fpga,ImageNet16-120,45.766666,1.116320,0.510560,16289
5,16,6787,fpga,ImageNet16-120,44.400000,0.969600,0.510560,16289
5,16,8008,fpga,ImageNet16-120,43.500000,0.876800,0.510560,16289
5,16,1939,fpga,ImageNet16-120,45.077778,1.062400,0.510560,16289
5,16,2835,fpga,ImageNet16-120,38.222220,0.546720,0.510560,16289
5,16,5793,fpga,ImageNet16-120,35.033333,0.517920,0.510560,16289
5,16,14748,fpga,ImageNet16-120,44.900000,0.995200,0.510560,16289
5,16,6868,fpga,ImageNet16-120,39.000000,0.649120,0.510560,16289
5,16,11593,fpga,ImageNet16-120,40.166668,0.780320,0.510560,16289
5,16,4829,fpga,ImageNet16-120,34.200000,0.415520,0.510560,16289
5,16,14417,fpga,ImageNet16-120,45.900000,1.276320,0.510560,16289
5,16,10017,fpga,ImageNet16-120,40.566666,0.784000,0.510560,16289
5,16,857,fpga,ImageNet16-120,47.311110,2.038400,0.510560,16289
5,16,4988,fpga,ImageNet16-120,28.933332,0.284320,0.510560,16289
5,17,4988,pixel3,ImageNet16-120,28.933332,0.485996,0.664479,16386
5,17,6854,pixel3,ImageNet16-120,40.800000,1.621620,0.664479,16386
5,17,2835,pixel3,ImageNet16-120,38.222220,0.868646,0.664479,16386
5,17,8584,pixel3,ImageNet16-120,34.088890,0.664046,0.664479,16386
5,17,10340,pixel3,ImageNet16-120,31.522223,0.617772,0.664479,16386
5,17,12516,pixel3,ImageNet16-120,32.083332,0.617816,0.664479,16386
5,17,15446,pixel3,ImageNet16-120,45.766666,3.439380,0.664479,16386
5,17,735,pixel3,ImageNet16-120,38.544445,1.107950,0.664479,16386
5,17,14417,pixel3,ImageNet16-120,45.900000,4.143030,0.664479,16386
5,17,12424,pixel3,ImageNet16-120,43.133330,2.470150,0.664479,16386
5,17,2899,pixel3,ImageNet16-120,43.911110,2.701210,0.664479,16386
5,17,872,pixel3,ImageNet16-120,41.777780,2.465030,0.664479,16386
5,17,11000,pixel3,ImageNet16-120,44.866665,2.962520,0.664479,16386
5,17,12639,pixel3,ImageNet16-120,40.400000,1.304440,0.664479,16386
5,17,12466,pixel3,ImageNet16-120,46.100000,4.680280,0.664479,16386
5,17,12355,pixel3,ImageNet16-120,45.033333,2.989390,0.664479,16386
5,17,15383,pixel3,ImageNet16-120,47.033333,5.191720,0.664479,16386
5,17,1110,pixel3,ImageNet16-120,28.600000,0.423927,0.664479,16386
5,17,11079,pixel3,ImageNet16-120,43.566666,2.479610,0.664479,16386
5,17,13059,pixel3,ImageNet16-120,34.266666,0.668679,0.664479,16386
5,17,4587,pixel3,ImageNet16-120,28.800000,0.445767,0.664479,16386
5,17,10154,pixel3,ImageNet16-120,46.133335,4.783700,0.664479,16386
5,17,12506,pixel3,ImageNet16-120,43.983334,2.929990,0.664479,16386
5,17,1549,pixel3,ImageNet16-120,28.655556,0.424747,0.664479,16386
5,17,1860,pixel3,ImageNet16-120,28.433332,0.422587,0.664479,16386
5,17,3728,pixel3,ImageNet16-120,28.500000,0.422880,0.664479,16386
5,17,1425,pixel3,ImageNet16-120,45.977780,4.619290,0.664479,16386
5,17,4004,pixel3,ImageNet16-120,42.811110,2.467510,0.664479,16386
5,17,4977,pixel3,ImageNet16-120,32.966667,0.617991,0.664479,16386
5,17,1204,pixel3,ImageNet16-120,37.844444,0.864966,0.664479,16386
5,17,6014,pixel3,ImageNet16-120,28.533333,0.423391,0.664479,16386
5,17,2018,pixel3,ImageNet16-120,46.433334,4.949210,0.664479,16386
5,17,1939,pixel3,ImageNet16-120,45.077778,3.021500,0.664479,16386
5,17,12452,pixel3,ImageNet16-120,40.533333,1.504410,0.664479,16386
5,17,4384,pixel3,ImageNet16-120,28.133333,0.421612,0.664479,16386
5,17,8954,pixel3,ImageNet16-120,28.733334,0.424855,0.664479,16386
5,17,4895,pixel3,ImageNet16-120,33.200000,0.619070,0.664479,16386
5,17,4432,pixel3,ImageNet16-120,37.800000,0.861157,0.664479,16386
5,17,857,pixel3,ImageNet16-120,47.311110,6.686850,0.664479,16386
5,17,13756,pixel3,ImageNet16-120,0.833333,0.005289,0.664479,16386
5,17,12103,pixel3,ImageNet16-120,28.250000,0.422433,0.664479,16386
5,18,15363,raspi4,ImageNet16-120,44.333332,4.480516,0.653828,16196
5,18,10472,raspi4,ImageNet16-120,39.633335,3.079679,0.653828,16196
5,18,12505,raspi4,ImageNet16-120,39.283333,3.062432,0.653828,16196
5,18,933,raspi4,ImageNet16-120,0.833333,0.011514,0.653828,16196
5,18,7187,raspi4,ImageNet16-120,28.683332,0.952790,0.653828,16196
5,18,3192,raspi4,ImageNet16-120,45.477780,6.675633,0.653828,16196
5,18,11079,raspi4,ImageNet16-120,43.566666,3.802027,0.653828,16196
5,18,10835,raspi4,ImageNet16-120,45.233334,6.632419,0.653828,16196
5,18,857,raspi4,ImageNet16-120,47.311110,9.020064,0.653828,16196
5,18,5530,raspi4,ImageNet16-120,42.577778,3.785925,0.653828,16196
5,18,15383,raspi4,ImageNet16-120,47.033333,8.565354,0.653828,16196
5,18,1939,raspi4,ImageNet16-120,45.077778,5.341908,0.653828,16196
5,18,5455,raspi4,ImageNet16-120,32.611110,1.532377,0.653828,16196
5,18,10715,raspi4,ImageNet16-120,45.533333,6.790813,0.653828,16196
5,18,6854,raspi4,ImageNet16-120,40.800000,3.661016,0.653828,16196
5,18,3960,raspi4,ImageNet16-120,37.755554,2.197980,0.653828,16196
5,18,6868,raspi4,ImageNet16-120,39.000000,2.982937,0.653828,16196
5,18,4988,raspi4,ImageNet16-120,28.933332,1.003251,0.653828,16196
5,18,9032,raspi4,ImageNet16-120,38.016666,2.201532,0.653828,16196
5,18,9496,raspi4,ImageNet16-120,38.200000,2.204048,0.653828,16196
5,18,2779,raspi4,ImageNet16-120,37.355556,2.190654,0.653828,16196
5,18,8733,raspi4,ImageNet16-120,46.600000,7.477213,0.653828,16196
5,18,8584,raspi4,ImageNet16-120,34.088890,1.586268,0.653828,16196
5,18,219,raspi4,ImageNet16-120,42.500000,3.768475,0.653828,16196
5,18,3650,raspi4,ImageNet16-120,43.866665,4.475790,0.653828,16196
5,18,6787,raspi4,ImageNet16-120,44.400000,4.532777,0.653828,16196
5,18,14677,raspi4,ImageNet16-120,33.233334,1.537227,0.653828,16196
5,18,13931,raspi4,ImageNet16-120,28.788889,0.956195,0.653828,16196
5,18,1204,raspi4,ImageNet16-120,37.844444,2.199356,0.653828,16196
5,18,8884,raspi4,ImageNet16-120,45.033333,5.293177,0.653828,16196
5,18,6336,raspi4,ImageNet16-120,39.366665,3.073392,0.653828,16196
5,18,14697,raspi4,ImageNet16-120,33.900000,1.580382,0.653828,16196
5,18,14792,raspi4,ImageNet16-120,43.033333,3.792447,0.653828,16196
5,18,15107,raspi4,ImageNet16-120,39.800000,3.083329,0.653828,16196
5,18,8426,raspi4,ImageNet16-120,44.633335,5.288439,0.653828,16196
5,18,14417,raspi4,ImageNet16-120,45.900000,6.948865,0.653828,16196
5,18,4995,raspi4,ImageNet16-120,42.166668,3.766336,0.653828,16196
5,18,13059,raspi4,ImageNet16-120,34.266666,1.595651,0.653828,16196
5,18,13771,raspi4,ImageNet16-120,32.744446,1.533813,0.653828,16196
5,18,7551,raspi4,ImageNet16-120,38.477780,2.950436,0.653828,16196
5,18,1413,raspi4,ImageNet16-120,42.711113,3.788479,0.653828,16196
5,18,3782,raspi4,ImageNet16-120,41.866665,3.755286,0.653828,16196
5,18,5973,raspi4,ImageNet16-120,40.100000,3.159922,0.653828,16196
5,18,11946,raspi4,ImageNet16-120,28.200000,0.940293,0.653828,16196
5,18,10017,raspi4,ImageNet16-120,40.566666,3.181383,0.653828,16196
5,18,11584,raspi4,ImageNet16-120,46.666668,8.014434,0.653828,16196
5,18,3431,raspi4,ImageNet16-120,32.966667,1.536690,0.653828,16196
5,18,2112,raspi4,ImageNet16-120,38.355556,2.925188,0.653828,16196
5,18,1188,raspi4,ImageNet16-120,32.455555,1.526725,0.653828,16196
5,18,3687,raspi4,ImageNet16-120,34.066666,1.583497,0.653828,16196
6,1,5400,edgegpu,cifar10,86.630000,1.427460,0.489061,16413
6,1,5780,edgegpu,cifar10,93.980000,3.361888,0.489061,16413
6,1,6950,edgegpu,cifar10,92.000000,1.738467,0.489061,16413
6,1,2776,edgegpu,cifar10,93.666664,3.331194,0.489061,16413
6,1,13401,edgegpu,cifar10,87.010000,1.457009,0.489061,16413
6,1,14407,edgegpu,cifar10,86.770000,1.440282,0.489061,16413
6,1,15200,edgegpu,cifar10,10.000000,0.501385,0.489061,16413
6,1,10484,edgegpu,cifar10,93.810000,3.354015,0.489061,16413
6,1,1339,edgegpu,cifar10,92.136665,1.751881,0.489061,16413
6,1,9099,edgegpu,cifar10,93.940000,3.357520,0.489061,16413
6,1,258,edgegpu,cifar10,93.640000,3.307109,0.489061,16413
6,1,11692,edgegpu,cifar10,94.130000,4.708362,0.489061,16413
6,1,6330,edgegpu,cifar10,94.006670,4.384699,0.489061,16413
6,1,2053,edgegpu,cifar10,94.206665,5.482254,0.489061,16413
6,1,14527,edgegpu,cifar10,86.765000,1.439619,0.489061,16413
6,1,561,edgegpu,cifar10,86.880000,1.451068,0.489061,16413
6,1,13714,edgegpu,cifar10,94.373340,6.772180,0.489061,16413
6,1,14090,edgegpu,cifar10,92.086670,1.749086,0.489061,16413
6,1,6499,edgegpu,cifar10,93.645000,3.331041,0.489061,16413
6,1,6960,edgegpu,cifar10,92.280000,1.764450,0.489061,16413
6,1,11438,edgegpu,cifar10,92.500000,1.846719,0.489061,16413
6,1,5292,edgegpu,cifar10,94.293335,6.663151,0.489061,16413
6,1,1459,edgegpu,cifar10,94.296670,6.748991,0.489061,16413
6,1,11810,edgegpu,cifar10,92.780000,1.992798,0.489061,16413
6,1,1549,edgegpu,cifar10,86.710000,1.436324,0.489061,16413
6,2,11692,edgetpu,cifar10,94.130000,0.761100,0.496532,16067
6,2,970,edgetpu,cifar10,86.770000,0.371488,0.496532,16067
6,2,9950,edgetpu,cifar10,93.840000,0.723767,0.496532,16067
6,2,8192,edgetpu,cifar10,93.093330,0.627745,0.496532,16067
6,2,14527,edgetpu,cifar10,86.765000,0.365664,0.496532,16067
6,2,8008,edgetpu,cifar10,93.480000,0.629746,0.496532,16067
6,2,7937,edgetpu,cifar10,88.610000,0.388867,0.496532,16067
6,2,9689,edgetpu,cifar10,93.370000,0.628386,0.496532,16067
6,2,5647,edgetpu,cifar10,89.110000,0.389378,0.496532,16067
6,2,10683,edgetpu,cifar10,92.330000,0.481277,0.496532,16067
6,2,6382,edgetpu,cifar10,93.376660,0.628638,0.496532,16067
6,2,13714,edgetpu,cifar10,94.373340,1.377865,0.496532,16067
6,2,13611,edgetpu,cifar10,92.490000,0.481826,0.496532,16067
6,2,9380,edgetpu,cifar10,89.335000,0.395662,0.496532,16067
6,2,6918,edgetpu,cifar10,87.000000,0.375819,0.496532,16067
6,2,4161,edgetpu,cifar10,89.250000,0.391221,0.496532,16067
6,2,797,edgetpu,cifar10,93.280000,0.627996,0.496532,16067
6,2,11112,edgetpu,cifar10,92.110000,0.480732,0.496532,16067
6,2,3731,edgetpu,cifar10,94.343330,1.282820,0.496532,16067
6,2,2053,edgetpu,cifar10,94.206665,1.042178,0.496532,16067
6,2,6515,edgetpu,cifar10,93.616670,0.722858,0.496532,16067
6,2,2485,edgetpu,cifar10,86.700000,0.346546,0.496532,16067
6,2,11438,edgetpu,cifar10,92.500000,0.482393,0.496532,16067
6,2,5111,edgetpu,cifar10,94.306660,1.152010,0.496532,16067
6,2,5780,edgetpu,cifar10,93.980000,0.723967,0.496532,16067
6,2,3927,edgetpu,cifar10,93.626660,0.723268,0.496532,16067
6,2,11810,edgetpu,cifar10,92.780000,0.482879,0.496532,16067
6,3,6899,eyeriss,cifar10,90.900000,2.416820,0.484196,16583
6,3,8720,eyeriss,cifar10,89.875000,1.925300,0.484196,16583
6,3,11692,eyeriss,cifar10,94.130000,4.874420,0.484196,16583
6,3,3731,eyeriss,cifar10,94.343330,6.594740,0.484196,16583
6,3,6111,eyeriss,cifar10,94.373340,7.823540,0.484196,16583
6,3,8592,eyeriss,cifar10,93.750000,3.891380,0.484196,16583
6,3,8323,eyeriss,cifar10,90.870000,2.171060,0.484196,16583
6,3,11472,eyeriss,cifar10,93.970000,4.628660,0.484196,16583
6,3,14112,eyeriss,cifar10,91.296670,2.908340,0.484196,16583
6,3,8008,eyeriss,cifar10,93.480000,3.399860,0.484196,16583
6,3,4384,eyeriss,cifar10,86.796670,1.679540,0.484196,16583
6,3,5111,eyeriss,cifar10,94.306660,5.365940,0.484196,16583
6,3,6854,eyeriss,cifar10,91.040000,2.662580,0.484196,16583
6,3,13987,eyeriss,cifar10,93.596664,3.645620,0.484196,16583
6,3,13714,eyeriss,cifar10,94.373340,7.823540,0.484196,16583
6,3,12438,eyeriss,cifar10,89.875000,1.925300,0.484196,16583
6,3,7676,eyeriss,cifar10,92.230000,3.154100,0.484196,16583
6,4,13714,fpga,cifar10,94.373340,6.678560,0.480896,16130
6,4,6111,fpga,cifar10,94.373340,6.678560,0.480896,16130
6,4,3731,fpga,cifar10,94.343330,5.936160,0.480896,16130
6,4,6584,fpga,cifar10,94.160000,4.163360,0.480896,16130
6,4,4384,fpga,cifar10,86.796670,1.132960,0.480896,16130
6,4,10412,fpga,cifar10,93.530000,3.420960,0.480896,16130
6,4,8720,fpga,cifar10,89.875000,1.648160,0.480896,16130
6,4,5111,fpga,cifar10,94.306660,5.193760,0.480896,16130
6,4,8323,fpga,cifar10,90.870000,2.163360,0.480896,16130
6,4,12438,fpga,cifar10,89.875000,1.648160,0.480896,16130
6,4,8008,fpga,cifar10,93.480000,2.905760,0.480896,16130
6,4,10431,fpga,cifar10,87.000000,1.542560,0.480896,16130
6,4,11472,fpga,cifar10,93.970000,3.648160,0.480896,16130
6,4,11525,fpga,cifar10,90.000000,2.057760,0.480896,16130
6,4,13611,fpga,cifar10,92.490000,2.390560,0.480896,16130
6,5,12452,pixel3,cifar10,91.350000,5.590110,0.643041,16215
6,5,6985,pixel3,cifar10,89.940000,2.367450,0.643041,16215
6,5,2035,pixel3,cifar10,89.670000,1.706480,0.643041,16215
6,5,13987,pixel3,cifar10,93.596664,9.922680,0.643041,16215
6,5,13171,pixel3,cifar10,93.530000,7.717220,0.643041,16215
6,5,6918,pixel3,cifar10,87.000000,1.478790,0.643041,16215
6,5,6899,pixel3,cifar10,90.900000,3.961410,0.643041,16215
6,5,6854,pixel3,cifar10,91.040000,4.514220,0.643041,16215
6,5,13869,pixel3,cifar10,93.656670,10.634700,0.643041,16215
6,5,8323,pixel3,cifar10,90.870000,3.106420,0.643041,16215
6,5,7001,pixel3,cifar10,10.000000,0.003277,0.643041,16215
6,5,1943,pixel3,cifar10,93.116670,6.492030,0.643041,16215
6,5,11692,pixel3,cifar10,94.130000,15.490100,0.643041,16215
6,5,7197,pixel3,cifar10,90.366670,2.447670,0.643041,16215
6,5,1804,pixel3,cifar10,89.063330,1.579900,0.643041,16215
6,5,6434,pixel3,cifar10,91.080000,4.811140,0.643041,16215
6,5,25,pixel3,cifar10,86.540000,1.054570,0.643041,16215
6,5,8708,pixel3,cifar10,94.080000,12.839000,0.643041,16215
6,5,5111,pixel3,cifar10,94.306660,17.584600,0.643041,16215
6,5,10689,pixel3,cifar10,90.790000,2.669770,0.643041,16215
6,5,6382,pixel3,cifar10,93.376660,7.048190,0.643041,16215
6,5,2779,pixel3,cifar10,90.806660,3.102950,0.643041,16215
6,5,1781,pixel3,cifar10,89.883330,1.712020,0.643041,16215
6,5,8695,pixel3,cifar10,94.220000,17.564500,0.643041,16215
6,5,4627,pixel3,cifar10,93.270000,7.036050,0.643041,16215
6,5,8592,pixel3,cifar10,93.750000,10.769800,0.643041,16215
6,5,1339,pixel3,cifar10,92.136665,5.802240,0.643041,16215
6,5,55,pixel3,cifar10,86.756670,1.057440,0.643041,16215
6,5,11972,pixel3,cifar10,91.510000,5.627010,0.643041,16215
6,5,1497,pixel3,cifar10,86.556660,1.056630,0.643041,16215
6,5,3731,pixel3,cifar10,94.343330,23.361300,0.643041,16215
6,5,9230,pixel3,cifar10,86.580000,1.056760,0.643041,16215
6,5,6111,pixel3,cifar10,94.373340,23.584800,0.643041,16215
6,5,1941,pixel3,cifar10,93.533330,9.128690,0.643041,16215
6,5,1416,pixel3,cifar10,89.546670,1.691430,0.643041,16215
6,5,5224,pixel3,cifar10,88.980000,1.570360,0.643041,16215
6,5,7017,pixel3,cifar10,86.970000,1.403930,0.643041,16215
6,5,8836,pixel3,cifar10,92.220000,6.313990,0.643041,16215
6,5,6330,pixel3,cifar10,94.006670,11.512400,0.643041,16215
6,6,14565,raspi4,cifar10,88.880000,4.781183,0.634440,16121
6,6,3731,raspi4,cifar10,94.343330,58.070793,0.634440,16121
6,6,5111,raspi4,cifar10,94.306660,41.756905,0.634440,16121
6,6,7207,raspi4,cifar10,89.803340,5.099723,0.634440,16121
6,6,2058,raspi4,cifar10,93.270000,19.484835,0.634440,16121
6,6,8323,raspi4,cifar10,90.870000,7.426308,0.634440,16121
6,6,1690,raspi4,cifar10,86.646670,2.536549,0.634440,16121
6,6,6918,raspi4,cifar10,87.000000,2.787590,0.634440,16121
6,6,3687,raspi4,cifar10,89.820000,5.156255,0.634440,16121
6,6,1962,raspi4,cifar10,86.530000,2.529453,0.634440,16121
6,6,13846,raspi4,cifar10,90.720000,7.176163,0.634440,16121
6,6,11692,raspi4,cifar10,94.130000,37.583630,0.634440,16121
6,6,4210,raspi4,cifar10,89.030000,4.782748,0.634440,16121
6,6,11810,raspi4,cifar10,92.780000,18.619905,0.634440,16121
6,6,8592,raspi4,cifar10,93.750000,25.477009,0.634440,16121
6,6,7017,raspi4,cifar10,86.970000,2.544041,0.634440,16121
6,6,1941,raspi4,cifar10,93.533330,25.121769,0.634440,16121
6,6,1781,raspi4,cifar10,89.883330,5.961801,0.634440,16121
6,6,8008,raspi4,cifar10,93.480000,22.571420,0.634440,16121
6,6,6111,raspi4,cifar10,94.373340,68.404106,0.634440,16121
6,6,11972,raspi4,cifar10,91.510000,12.403558,0.634440,16121
6,6,6953,raspi4,cifar10,91.990000,15.601654,0.634440,16121
6,6,2035,raspi4,cifar10,89.670000,4.984099,0.634440,16121
6,6,5780,raspi4,cifar10,93.980000,34.928463,0.634440,16121
6,6,8426,raspi4,cifar10,93.840000,31.394428,0.634440,16121
6,6,1804,raspi4,cifar10,89.063330,4.791845,0.634440,16121
6,6,9271,raspi4,cifar10,89.250000,4.830311,0.634440,16121
6,6,6382,raspi4,cifar10,93.376660,21.461164,0.634440,16121
6,6,9380,raspi4,cifar10,89.335000,4.875613,0.634440,16121
6,6,12504,raspi4,cifar10,92.130000,16.890614,0.634440,16121
6,6,11533,raspi4,cifar10,93.420000,21.715693,0.634440,16121
6,6,6868,raspi4,cifar10,90.880000,10.226877,0.634440,16121
6,6,14677,raspi4,cifar10,88.670000,4.755260,0.634440,16121
6,6,12639,raspi4,cifar10,90.990000,11.857850,0.634440,16121
6,6,7058,raspi4,cifar10,92.040000,16.469465,0.634440,16121
6,6,13611,raspi4,cifar10,92.490000,18.523302,0.634440,16121
6,6,10412,raspi4,cifar10,93.530000,25.079220,0.634440,16121
6,6,4112,raspi4,cifar10,89.710000,5.004419,0.634440,16121
6,6,9980,raspi4,cifar10,10.000000,0.011284,0.634440,16121
6,6,6960,raspi4,cifar10,92.280000,17.162752,0.634440,16121
6,7,2304,edgegpu,cifar100,58.660000,1.440253,0.498609,16346
6,7,9922,edgegpu,cifar100,58.560000,1.428552,0.498609,16346
6,7,9997,edgegpu,cifar100,71.520000,3.466139,0.498609,16346
6,7,8912,edgegpu,cifar100,59.200000,1.441355,0.498609,16346
6,7,9930,edgegpu,cifar100,73.513336,6.803060,0.498609,16346
6,7,11885,edgegpu,cifar100,68.040000,1.776652,0.498609,16346
6,7,4418,edgegpu,cifar100,72.746666,5.352364,0.498609,16346
6,7,1425,edgegpu,cifar100,72.093330,5.310225,0.498609,16346
6,7,8401,edgegpu,cifar100,71.080000,3.302102,0.498609,16346
6,7,2778,edgegpu,cifar100,72.993330,6.134028,0.498609,16346
6,7,1509,edgegpu,cifar100,1.000000,0.505853,0.498609,16346
6,7,4954,edgegpu,cifar100,73.000000,6.669736,0.498609,16346
6,7,12415,edgegpu,cifar100,71.940000,4.828467,0.498609,16346
6,7,14677,edgegpu,cifar100,62.420000,1.746187,0.498609,16346
6,7,11067,edgegpu,cifar100,58.186670,1.427836,0.498609,16346
6,7,1038,edgegpu,cifar100,67.500000,1.758428,0.498609,16346
6,7,11810,edgegpu,cifar100,68.300000,1.779551,0.498609,16346
6,7,6124,edgegpu,cifar100,68.360000,3.185835,0.498609,16346
6,7,6381,edgegpu,cifar100,66.800000,1.753340,0.498609,16346
6,7,3888,edgegpu,cifar100,73.260000,6.797867,0.498609,16346
6,8,10443,edgetpu,cifar100,68.300000,0.489020,0.532912,16049
6,8,781,edgetpu,cifar100,67.960000,0.487922,0.532912,16049
6,8,9997,edgetpu,cifar100,71.520000,0.729986,0.532912,16049
6,8,3303,edgetpu,cifar100,62.420000,0.392593,0.532912,16049
6,8,5019,edgetpu,cifar100,58.880000,0.357058,0.532912,16049
6,8,9271,edgetpu,cifar100,63.400000,0.393151,0.532912,16049
6,8,1425,edgetpu,cifar100,72.093330,0.910660,0.532912,16049
6,8,8638,edgetpu,cifar100,58.860000,0.356631,0.532912,16049
6,8,577,edgetpu,cifar100,69.680000,0.635228,0.532912,16049
6,8,8401,edgetpu,cifar100,71.080000,0.728572,0.532912,16049
6,8,8912,edgetpu,cifar100,59.200000,0.377698,0.532912,16049
6,8,1110,edgetpu,cifar100,58.840000,0.355938,0.532912,16049
6,8,12574,edgetpu,cifar100,72.740000,0.932430,0.532912,16049
6,8,14816,edgetpu,cifar100,66.860000,0.486025,0.532912,16049
6,8,1383,edgetpu,cifar100,70.273330,0.673722,0.532912,16049
6,8,797,edgetpu,cifar100,69.580000,0.633351,0.532912,16049
6,8,10000,edgetpu,cifar100,73.160000,1.283461,0.532912,16049
6,8,69,edgetpu,cifar100,71.020000,0.727259,0.532912,16049
6,8,9930,edgetpu,cifar100,73.513336,1.454107,0.532912,16049
6,8,12415,edgetpu,cifar100,71.940000,0.872299,0.532912,16049
6,8,4418,edgetpu,cifar100,72.746666,1.093699,0.532912,16049
6,8,3888,edgetpu,cifar100,73.260000,1.316226,0.532912,16049
6,8,14945,edgetpu,cifar100,58.500000,0.354940,0.532912,16049
6,8,11533,edgetpu,cifar100,69.760000,0.635877,0.532912,16049
6,8,777,edgetpu,cifar100,58.650000,0.355588,0.532912,16049
6,8,1996,edgetpu,cifar100,67.820000,0.486748,0.532912,16049
6,8,15363,edgetpu,cifar100,70.520000,0.676394,0.532912,16049
6,8,1943,edgetpu,cifar100,69.626660,0.634759,0.532912,16049
6,8,4659,edgetpu,cifar100,70.060000,0.636433,0.532912,16049
6,8,857,edgetpu,cifar100,72.880000,1.264168,0.532912,16049
6,8,12761,edgetpu,cifar100,72.860000,1.225212,0.532912,16049
6,8,2705,edgetpu,cifar100,62.813330,0.393026,0.532912,16049
6,8,3487,edgetpu,cifar100,70.093330,0.637182,0.532912,16049
6,8,4155,edgetpu,cifar100,62.306667,0.391442,0.532912,16049
6,8,12607,edgetpu,cifar100,62.600000,0.392830,0.532912,16049
6,9,5651,eyeriss,cifar100,64.690000,1.928320,0.481222,16509
6,9,14112,eyeriss,cifar100,68.386665,2.911360,0.481222,16509
6,9,9930,eyeriss,cifar100,73.513336,9.055360,0.481222,16509
6,9,6925,eyeriss,cifar100,71.220000,3.894400,0.481222,16509
6,9,12761,eyeriss,cifar100,72.860000,6.352000,0.481222,16509
6,9,12820,eyeriss,cifar100,67.720000,2.419840,0.481222,16509
6,9,3888,eyeriss,cifar100,73.260000,6.597760,0.481222,16509
6,9,14714,eyeriss,cifar100,71.280000,4.140160,0.481222,16509
6,9,11301,eyeriss,cifar100,68.220000,2.665600,0.481222,16509
6,9,12574,eyeriss,cifar100,72.740000,5.123200,0.481222,16509
6,9,5084,eyeriss,cifar100,58.813330,1.682560,0.481222,16509
6,9,3540,eyeriss,cifar100,71.500000,4.877440,0.481222,16509
6,9,10689,eyeriss,cifar100,67.500000,2.174080,0.481222,16509
6,9,6787,eyeriss,cifar100,70.720000,3.648640,0.481222,16509
6,9,11973,eyeriss,cifar100,70.340000,3.402880,0.481222,16509
6,10,5033,fpga,cifar100,59.060000,1.542560,0.477885,16320
6,10,6925,fpga,cifar100,71.220000,3.936160,0.477885,16320
6,10,4249,fpga,cifar100,65.080000,2.057760,0.477885,16320
6,10,5651,fpga,cifar100,64.690000,1.648160,0.477885,16320
6,10,9930,fpga,cifar100,73.513336,7.420960,0.477885,16320
6,10,3888,fpga,cifar100,73.260000,5.936160,0.477885,16320
6,10,12761,fpga,cifar100,72.860000,5.420960,0.477885,16320
6,10,5743,fpga,cifar100,67.800000,2.800160,0.477885,16320
6,10,5084,fpga,cifar100,58.813330,1.132960,0.477885,16320
6,10,10689,fpga,cifar100,67.500000,2.163360,0.477885,16320
6,10,12295,fpga,cifar100,71.160000,3.648160,0.477885,16320
6,10,3540,fpga,cifar100,71.500000,4.163360,0.477885,16320
6,10,6787,fpga,cifar100,70.720000,3.420960,0.477885,16320
6,10,7250,fpga,cifar100,67.706665,2.390560,0.477885,16320
6,10,3487,fpga,cifar100,70.093330,2.905760,0.477885,16320
6,10,12820,fpga,cifar100,67.720000,2.678560,0.477885,16320
6,10,12574,fpga,cifar100,72.740000,4.678560,0.477885,16320
6,10,6830,fpga,cifar100,71.460000,4.057760,0.477885,16320
6,11,8912,pixel3,cifar100,59.200000,1.478790,0.666480,16467
6,11,1409,pixel3,cifar100,58.853333,1.275090,0.666480,16467
6,11,10042,pixel3,cifar100,64.880000,2.794690,0.666480,16467
6,11,11301,pixel3,cifar100,68.220000,5.352090,0.666480,16467
6,11,14112,pixel3,cifar100,68.386665,5.745320,0.666480,16467
6,11,6925,pixel3,cifar100,71.220000,10.688000,0.666480,16467
6,11,3888,pixel3,cifar100,73.260000,23.477200,0.666480,16467
6,11,9930,pixel3,cifar100,73.513336,42.003600,0.666480,16467
6,11,12970,pixel3,cifar100,68.140000,4.782110,0.666480,16467
6,11,699,pixel3,cifar100,72.240000,12.079400,0.666480,16467
6,11,8638,pixel3,cifar100,58.860000,1.478570,0.666480,16467
6,11,1631,pixel3,cifar100,63.986668,1.805000,0.666480,16467
6,11,1090,pixel3,cifar100,65.220000,2.811310,0.666480,16467
6,11,858,pixel3,cifar100,64.133330,2.003500,0.666480,16467
6,11,6787,pixel3,cifar100,70.720000,9.854430,0.666480,16467
6,11,1459,pixel3,cifar100,73.140000,23.437900,0.666480,16467
6,11,15363,pixel3,cifar100,70.520000,9.708640,0.666480,16467
6,11,485,pixel3,cifar100,67.593330,4.124800,0.666480,16467
6,11,5651,pixel3,cifar100,64.690000,2.376870,0.666480,16467
6,11,906,pixel3,cifar100,62.393333,1.661810,0.666480,16467
6,11,1450,pixel3,cifar100,70.506670,9.337360,0.666480,16467
6,11,11000,pixel3,cifar100,71.180000,10.677600,0.666480,16467
6,11,898,pixel3,cifar100,70.000000,6.516140,0.666480,16467
6,11,8323,pixel3,cifar100,67.080000,3.106340,0.666480,16467
6,11,375,pixel3,cifar100,64.440000,2.363140,0.666480,16467
6,11,857,pixel3,cifar100,72.880000,19.113200,0.666480,16467
6,11,4432,pixel3,cifar100,66.486664,3.105870,0.666480,16467
6,11,12574,pixel3,cifar100,72.740000,16.473900,0.666480,16467
6,11,10689,pixel3,cifar100,67.500000,3.109220,0.666480,16467
6,11,777,pixel3,cifar100,58.650000,1.087020,0.666480,16467
6,11,572,pixel3,cifar100,70.313330,8.017480,0.666480,16467
6,11,1593,pixel3,cifar100,62.126667,1.582050,0.666480,16467
6,11,6337,pixel3,cifar100,1.000000,0.008753,0.666480,16467
6,11,1616,pixel3,cifar100,63.946667,1.731160,0.666480,16467
6,12,12607,raspi4,cifar100,62.600000,4.779045,0.594748,16166
6,12,14714,raspi4,cifar100,71.280000,24.692347,0.594748,16166
6,12,6822,raspi4,cifar100,58.426666,2.558594,0.594748,16166
6,12,8720,raspi4,cifar100,64.130000,5.082239,0.594748,16166
6,12,2035,raspi4,cifar100,63.926666,5.005698,0.594748,16166
6,12,4418,raspi4,cifar100,72.746666,47.162354,0.594748,16166
6,12,10222,raspi4,cifar100,58.860000,2.747804,0.594748,16166
6,12,15589,raspi4,cifar100,59.060000,2.795078,0.594748,16166
6,12,6925,raspi4,cifar100,71.220000,24.195030,0.594748,16166
6,12,14112,raspi4,cifar100,68.386665,14.423308,0.594748,16166
6,12,14792,raspi4,cifar100,69.500000,19.111843,0.594748,16166
6,12,7030,raspi4,cifar100,69.600000,19.218203,0.594748,16166
6,12,1459,raspi4,cifar100,73.140000,53.879950,0.594748,16166
6,12,3888,raspi4,cifar100,73.260000,55.029520,0.594748,16166
6,12,6918,raspi4,cifar100,58.800000,2.571364,0.594748,16166
6,12,12915,raspi4,cifar100,66.950000,7.226311,0.594748,16166
6,12,12574,raspi4,cifar100,72.740000,36.371254,0.594748,16166
6,12,9926,raspi4,cifar100,63.520000,4.999532,0.594748,16166
6,12,14612,raspi4,cifar100,58.720000,2.563505,0.594748,16166
6,12,898,raspi4,cifar100,70.000000,21.506163,0.594748,16166
6,12,1572,raspi4,cifar100,69.900000,19.916142,0.594748,16166
6,12,10689,raspi4,cifar100,67.500000,7.381845,0.594748,16166
6,12,375,raspi4,cifar100,64.440000,5.099302,0.594748,16166
6,12,7891,raspi4,cifar100,67.550000,12.536592,0.594748,16166
6,12,12761,raspi4,cifar100,72.860000,53.718200,0.594748,16166
6,12,2222,raspi4,cifar100,58.313330,2.538255,0.594748,16166
6,12,15363,raspi4,cifar100,70.520000,21.809430,0.594748,16166
6,12,13430,raspi4,cifar100,66.700000,7.203785,0.594748,16166
6,12,4498,raspi4,cifar100,64.086670,5.022347,0.594748,16166
6,12,4409,raspi4,cifar100,67.173330,7.228629,0.594748,16166
6,12,9271,raspi4,cifar100,63.400000,4.800893,0.594748,16166
6,12,6787,raspi4,cifar100,70.720000,23.081835,0.594748,16166
6,12,9997,raspi4,cifar100,71.520000,34.996710,0.594748,16166
6,12,8912,raspi4,cifar100,59.200000,2.818969,0.594748,16166
6,12,10042,raspi4,cifar100,64.880000,5.100886,0.594748,16166
6,12,8740,raspi4,cifar100,1.000000,0.015215,0.594748,16166
6,12,9930,raspi4,cifar100,73.513336,71.152000,0.594748,16166
6,12,6830,raspi4,cifar100,71.460000,34.491814,0.594748,16166
6,12,3487,raspi4,cifar100,70.093330,21.603350,0.594748,16166
6,13,14117,edgegpu,ImageNet16-120,28.677778,1.435547,0.630930,16275
6,13,13760,edgegpu,ImageNet16-120,32.333332,1.739759,0.630930,16275
6,13,15376,edgegpu,ImageNet16-120,0.833333,0.533953,0.630930,16275
6,13,7187,edgegpu,ImageNet16-120,28.683332,1.443858,0.630930,16275
6,13,857,edgegpu,ImageNet16-120,47.311110,6.707663,0.630930,16275
6,13,12415,edgegpu,ImageNet16-120,46.566666,4.667692,0.630930,16275
6,13,15159,edgegpu,ImageNet16-120,45.566666,4.632421,0.630930,16275
6,13,4160,edgegpu,ImageNet16-120,39.833332,1.756272,0.630930,16275
6,13,10947,edgegpu,ImageNet16-120,39.944443,1.909800,0.630930,16275
6,13,15383,edgegpu,ImageNet16-120,47.033333,6.262836,0.630930,16275
6,13,2650,edgegpu,ImageNet16-120,42.433334,3.309817,0.630930,16275
6,13,5751,edgegpu,ImageNet16-120,40.044445,2.434626,0.630930,16275
6,13,4946,edgegpu,ImageNet16-120,44.700000,3.490419,0.630930,16275
6,13,4988,edgegpu,ImageNet16-120,28.933332,1.448212,0.630930,16275
6,13,9722,edgegpu,ImageNet16-120,44.000000,3.327813,0.630930,16275
6,13,8401,edgegpu,ImageNet16-120,43.833332,3.322444,0.630930,16275
6,13,4587,edgegpu,ImageNet16-120,28.800000,1.445131,0.630930,16275
6,13,12081,edgegpu,ImageNet16-120,40.233334,2.730479,0.630930,16275
6,13,11217,edgegpu,ImageNet16-120,43.466667,3.316708,0.630930,16275
6,13,8884,edgegpu,ImageNet16-120,45.033333,3.499999,0.630930,16275
6,13,7760,edgegpu,ImageNet16-120,39.100000,1.743751,0.630930,16275
6,13,15288,edgegpu,ImageNet16-120,28.422222,1.417041,0.630930,16275
6,13,14612,edgegpu,ImageNet16-120,28.488890,1.434064,0.630930,16275
6,13,4332,edgegpu,ImageNet16-120,39.444443,1.745496,0.630930,16275
6,13,6950,edgegpu,ImageNet16-120,38.700000,1.740150,0.630930,16275
6,13,8426,edgegpu,ImageNet16-120,44.633335,3.370147,0.630930,16275
6,13,9586,edgegpu,ImageNet16-120,46.933334,5.222673,0.630930,16275
6,13,454,edgegpu,ImageNet16-120,41.277780,3.303313,0.630930,16275
6,13,1164,edgegpu,ImageNet16-120,28.522223,1.435223,0.630930,16275
6,13,13411,edgegpu,ImageNet16-120,31.855556,1.736240,0.630930,16275
6,13,14840,edgegpu,ImageNet16-120,45.311110,4.224715,0.630930,16275
6,14,14677,edgetpu,ImageNet16-120,33.233334,0.364575,0.507940,15895
6,14,6407,edgetpu,ImageNet16-120,32.333332,0.363748,0.507940,15895
6,14,3540,edgetpu,ImageNet16-120,45.122223,0.648670,0.507940,15895
6,14,857,edgetpu,ImageNet16-120,47.311110,0.997730,0.507940,15895
6,14,12415,edgetpu,ImageNet16-120,46.566666,0.710906,0.507940,15895
6,14,15363,edgetpu,ImageNet16-120,44.333332,0.582280,0.507940,15895
6,14,7273,edgetpu,ImageNet16-120,42.966667,0.550014,0.507940,15895
6,14,15383,edgetpu,ImageNet16-120,47.033333,0.780914,0.507940,15895
6,14,4830,edgetpu,ImageNet16-120,42.233334,0.549457,0.507940,15895
6,14,4160,edgetpu,ImageNet16-120,39.833332,0.430355,0.507940,15895
6,14,13769,edgetpu,ImageNet16-120,41.555557,0.549360,0.507940,15895
6,14,8447,edgetpu,ImageNet16-120,40.011112,0.514586,0.507940,15895
6,14,6950,edgetpu,ImageNet16-120,38.700000,0.427379,0.507940,15895
6,14,13972,edgetpu,ImageNet16-120,31.933332,0.363440,0.507940,15895
6,14,7357,edgetpu,ImageNet16-120,44.666668,0.600498,0.507940,15895
6,14,70,edgetpu,ImageNet16-120,39.377777,0.428228,0.507940,15895
6,14,11079,edgetpu,ImageNet16-120,43.566666,0.552430,0.507940,15895
6,14,7750,edgetpu,ImageNet16-120,43.066666,0.551617,0.507940,15895
6,14,9689,edgetpu,ImageNet16-120,42.533333,0.549702,0.507940,15895
6,14,6520,edgetpu,ImageNet16-120,32.383335,0.363944,0.507940,15895
6,14,10167,edgetpu,ImageNet16-120,39.944443,0.444058,0.507940,15895
6,14,7431,edgetpu,ImageNet16-120,32.577778,0.363954,0.507940,15895
6,14,10332,edgetpu,ImageNet16-120,40.033333,0.516152,0.507940,15895
6,14,11885,edgetpu,ImageNet16-120,39.166668,0.427395,0.507940,15895
6,14,10888,edgetpu,ImageNet16-120,28.333334,0.359044,0.507940,15895
6,14,13931,edgetpu,ImageNet16-120,28.788889,0.360349,0.507940,15895
6,14,7837,edgetpu,ImageNet16-120,32.111110,0.363571,0.507940,15895
6,14,4627,edgetpu,ImageNet16-120,43.500000,0.552306,0.507940,15895
6,14,15014,edgetpu,ImageNet16-120,28.266666,0.358110,0.507940,15895
6,14,5751,edgetpu,ImageNet16-120,40.044445,0.516992,0.507940,15895
6,14,4988,edgetpu,ImageNet16-120,28.933332,0.360694,0.507940,15895
6,14,14840,edgetpu,ImageNet16-120,45.311110,0.666690,0.507940,15895
6,14,14662,edgetpu,ImageNet16-120,41.166668,0.547835,0.507940,15895
6,14,7396,edgetpu,ImageNet16-120,40.177776,0.517218,0.507940,15895
6,14,8884,edgetpu,ImageNet16-120,45.033333,0.615792,0.507940,15895
6,14,15107,edgetpu,ImageNet16-120,39.800000,0.430284,0.507940,15895
6,14,11282,edgetpu,ImageNet16-120,39.633335,0.428409,0.507940,15895
6,14,10017,edgetpu,ImageNet16-120,40.566666,0.524950,0.507940,15895
6,14,12231,edgetpu,ImageNet16-120,40.200000,0.518358,0.507940,15895
6,14,13097,edgetpu,ImageNet16-120,39.655556,0.428424,0.507940,15895
6,15,15383,eyeriss,ImageNet16-120,47.033333,1.283200,0.449326,16505
6,15,6787,eyeriss,ImageNet16-120,44.400000,0.914560,0.449326,16505
6,15,8008,eyeriss,ImageNet16-120,43.500000,0.853120,0.449326,16505
6,15,2835,eyeriss,ImageNet16-120,38.222220,0.545920,0.449326,16505
6,15,1939,eyeriss,ImageNet16-120,45.077778,0.976000,0.449326,16505
6,15,8853,eyeriss,ImageNet16-120,45.600000,1.037440,0.449326,16505
6,15,6854,eyeriss,ImageNet16-120,40.800000,0.668800,0.449326,16505
6,15,14417,eyeriss,ImageNet16-120,45.900000,1.098880,0.449326,16505
6,15,735,eyeriss,ImageNet16-120,38.544445,0.607360,0.449326,16505
6,15,4988,eyeriss,ImageNet16-120,28.933332,0.423040,0.449326,16505
6,15,857,eyeriss,ImageNet16-120,47.311110,1.651840,0.449326,16505
6,15,4829,eyeriss,ImageNet16-120,34.200000,0.484480,0.449326,16505
6,16,15383,fpga,ImageNet16-120,47.033333,1.504000,0.501293,16348
6,16,4829,fpga,ImageNet16-120,34.200000,0.415520,0.501293,16348
6,16,10017,fpga,ImageNet16-120,40.566666,0.784000,0.501293,16348
6,16,5793,fpga,ImageNet16-120,35.033333,0.517920,0.501293,16348
6,16,6787,fpga,ImageNet16-120,44.400000,0.969600,0.501293,16348
6,16,4988,fpga,ImageNet16-120,28.933332,0.284320,0.501293,16348
6,16,14748,fpga,ImageNet16-120,44.900000,0.995200,0.501293,16348
6,16,2835,fpga,ImageNet16-120,38.222220,0.546720,0.501293,16348
6,16,8008,fpga,ImageNet16-120,43.500000,0.876800,0.501293,16348
6,16,6868,fpga,ImageNet16-120,39.000000,0.649120,0.501293,16348
6,16,6854,fpga,ImageNet16-120,40.800000,0.809120,0.501293,16348
6,16,1939,fpga,ImageNet16-120,45.077778,1.062400,0.501293,16348
6,16,14417,fpga,ImageNet16-120,45.900000,1.276320,0.501293,16348
6,16,857,fpga,ImageNet16-120,47.311110,2.038400,0.501293,16348
6,16,15446,fpga,ImageNet16-120,45.766666,1.116320,0.501293,16348
6,16,11079,fpga,ImageNet16-120,43.566666,0.902400,0.501293,16348
6,16,12452,fpga,ImageNet16-120,40.533333,0.780320,0.501293,16348
6,17,758,pixel3,ImageNet16-120,28.333334,0.422134,0.582579,16454
6,17,12639,pixel3,ImageNet16-120,40.400000,1.304440,0.582579,16454
6,17,1204,pixel3,ImageNet16-120,37.844444,0.864966,0.582579,16454
6,17,11079,pixel3,ImageNet16-120,43.566666,2.479610,0.582579,16454
6,17,1425,pixel3,ImageNet16-120,45.977780,4.619290,0.582579,16454
6,17,4004,pixel3,ImageNet16-120,42.811110,2.467510,0.582579,16454
6,17,8584,pixel3,ImageNet16-120,34.088890,0.664046,0.582579,16454
6,17,15446,pixel3,ImageNet16-120,45.766666,3.439380,0.582579,16454
6,17,2835,pixel3,ImageNet16-120,38.222220,0.868646,0.582579,16454
6,17,11000,pixel3,ImageNet16-120,44.866665,2.962520,0.582579,16454
6,17,1549,pixel3,ImageNet16-120,28.655556,0.424747,0.582579,16454
6,17,15383,pixel3,ImageNet16-120,47.033333,5.191720,0.582579,16454
6,17,1939,pixel3,ImageNet16-120,45.077778,3.021500,0.582579,16454
6,17,12424,pixel3,ImageNet16-120,43.133330,2.470150,0.582579,16454
6,17,872,pixel3,ImageNet16-120,41.777780,2.465030,0.582579,16454
6,17,4384,pixel3,ImageNet16-120,28.133333,0.421612,0.582579,16454
6,17,2899,pixel3,ImageNet16-120,43.911110,2.701210,0.582579,16454
6,17,6854,pixel3,ImageNet16-120,40.800000,1.621620,0.582579,16454
6,17,2002,pixel3,ImageNet16-120,32.277780,0.617751,0.582579,16454
6,17,3728,pixel3,ImageNet16-120,28.500000,0.422880,0.582579,16454
6,17,12452,pixel3,ImageNet16-120,40.533333,1.504410,0.582579,16454
6,17,4977,pixel3,ImageNet16-120,32.966667,0.617991,0.582579,16454
6,17,1110,pixel3,ImageNet16-120,28.600000,0.423927,0.582579,16454
6,17,4432,pixel3,ImageNet16-120,37.800000,0.861157,0.582579,16454
6,17,4587,pixel3,ImageNet16-120,28.800000,0.445767,0.582579,16454
6,17,14417,pixel3,ImageNet16-120,45.900000,4.143030,0.582579,16454
6,17,4988,pixel3,ImageNet16-120,28.933332,0.485996,0.582579,16454
6,17,13059,pixel3,ImageNet16-120,34.266666,0.668679,0.582579,16454
6,17,8954,pixel3,ImageNet16-120,28.733334,0.424855,0.582579,16454
6,17,735,pixel3,ImageNet16-120,38.544445,1.107950,0.582579,16454
6,17,10154,pixel3,ImageNet16-120,46.133335,4.783700,0.582579,16454
6,17,2018,pixel3,ImageNet16-120,46.433334,4.949210,0.582579,16454
6,17,6014,pixel3,ImageNet16-120,28.533333,0.423391,0.582579,16454
6,17,857,pixel3,ImageNet16-120,47.311110,6.686850,0.582579,16454
6,17,898,pixel3,ImageNet16-120,42.466667,2.467210,0.582579,16454
6,17,2050,pixel3,ImageNet16-120,0.833333,0.005526,0.582579,16454
6,17,12506,pixel3,ImageNet16-120,43.983334,2.929990,0.582579,16454
6,17,4895,pixel3,ImageNet16-120,33.200000,0.619070,0.582579,16454
6,17,12466,pixel3,ImageNet16-120,46.100000,4.680280,0.582579,16454
6,18,6336,raspi4,ImageNet16-120,39.366665,3.073392,0.657705,16129
6,18,2779,raspi4,ImageNet16-120,37.355556,2.190654,0.657705,16129
6,18,1939,raspi4,ImageNet16-120,45.077778,5.341908,0.657705,16129
6,18,15383,raspi4,ImageNet16-120,47.033333,8.565354,0.657705,16129
6,18,14792,raspi4,ImageNet16-120,43.033333,3.792447,0.657705,16129
6,18,5530,raspi4,ImageNet16-120,42.577778,3.785925,0.657705,16129
6,18,3782,raspi4,ImageNet16-120,41.866665,3.755286,0.657705,16129
6,18,13059,raspi4,ImageNet16-120,34.266666,1.595651,0.657705,16129
6,18,7187,raspi4,ImageNet16-120,28.683332,0.952790,0.657705,16129
6,18,4995,raspi4,ImageNet16-120,42.166668,3.766336,0.657705,16129
6,18,9496,raspi4,ImageNet16-120,38.200000,2.204048,0.657705,16129
6,18,15363,raspi4,ImageNet16-120,44.333332,4.480516,0.657705,16129
6,18,14677,raspi4,ImageNet16-120,33.233334,1.537227,0.657705,16129
6,18,8884,raspi4,ImageNet16-120,45.033333,5.293177,0.657705,16129
6,18,8584,raspi4,ImageNet16-120,34.088890,1.586268,0.657705,16129
6,18,1413,raspi4,ImageNet16-120,42.711113,3.788479,0.657705,16129
6,18,6854,raspi4,ImageNet16-120,40.800000,3.661016,0.657705,16129
6,18,9032,raspi4,ImageNet16-120,38.016666,2.201532,0.657705,16129
6,18,13931,raspi4,ImageNet16-120,28.788889,0.956195,0.657705,16129
6,18,7357,raspi4,ImageNet16-120,44.666668,4.480689,0.657705,16129
6,18,13771,raspi4,ImageNet16-120,32.744446,1.533813,0.657705,16129
6,18,10017,raspi4,ImageNet16-120,40.566666,3.181383,0.657705,16129
6,18,6868,raspi4,ImageNet16-120,39.000000,2.982937,0.657705,16129
6,18,11079,raspi4,ImageNet16-120,43.566666,3.802027,0.657705,16129
6,18,933,raspi4,ImageNet16-120,0.833333,0.011514,0.657705,16129
6,18,219,raspi4,ImageNet16-120,42.500000,3.768475,0.657705,16129
6,18,3960,raspi4,ImageNet16-120,37.755554,2.197980,0.657705,16129
6,18,1188,raspi4,ImageNet16-120,32.455555,1.526725,0.657705,16129
6,18,857,raspi4,ImageNet16-120,47.311110,9.020064,0.657705,16129
6,18,11946,raspi4,ImageNet16-120,28.200000,0.940293,0.657705,16129
6,18,10835,raspi4,ImageNet16-120,45.233334,6.632419,0.657705,16129
6,18,12505,raspi4,ImageNet16-120,39.283333,3.062432,0.657705,16129
6,18,10167,raspi4,ImageNet16-120,39.944443,3.106316,0.657705,16129
6,18,7227,raspi4,ImageNet16-120,32.533333,1.530737,0.657705,16129
6,18,735,raspi4,ImageNet16-120,38.544445,2.911079,0.657705,16129
6,18,11584,raspi4,ImageNet16-120,46.666668,8.014434,0.657705,16129
6,18,8683,raspi4,ImageNet16-120,44.200000,4.462997,0.657705,16129
6,18,10472,raspi4,ImageNet16-120,39.633335,3.079679,0.657705,16129
6,18,14417,raspi4,ImageNet16-120,45.900000,6.948865,0.657705,16129
6,18,8733,raspi4,ImageNet16-120,46.600000,7.477213,0.657705,16129
6,18,1204,raspi4,ImageNet16-120,37.844444,2.199356,0.657705,16129
6,18,5455,raspi4,ImageNet16-120,32.611110,1.532377,0.657705,16129
6,18,4988,raspi4,ImageNet16-120,28.933332,1.003251,0.657705,16129
6,18,15107,raspi4,ImageNet16-120,39.800000,3.083329,0.657705,16129
6,18,9806,raspi4,ImageNet16-120,39.966667,3.162904,0.657705,16129
6,18,3431,raspi4,ImageNet16-120,32.966667,1.536690,0.657705,16129
6,18,14697,raspi4,ImageNet16-120,33.900000,1.580382,0.657705,16129
6,18,5637,raspi4,ImageNet16-120,33.933334,1.580707,0.657705,16129
6,18,8736,raspi4,ImageNet16-120,45.700000,6.658077,0.657705,16129
7,1,14527,edgegpu,cifar10,86.765000,1.439619,0.514920,16487
7,1,1099,edgegpu,cifar10,92.240000,1.774683,0.514920,16487
7,1,11692,edgegpu,cifar10,94.130000,4.708362,0.514920,16487
7,1,1549,edgegpu,cifar10,86.710000,1.436324,0.514920,16487
7,1,9099,edgegpu,cifar10,93.940000,3.357520,0.514920,16487
7,1,6499,edgegpu,cifar10,93.645000,3.331041,0.514920,16487
7,1,1339,edgegpu,cifar10,92.136665,1.751881,0.514920,16487
7,1,10484,edgegpu,cifar10,93.810000,3.354015,0.514920,16487
7,1,13401,edgegpu,cifar10,87.010000,1.457009,0.514920,16487
7,1,1038,edgegpu,cifar10,92.276665,1.828198,0.514920,16487
7,1,11438,edgegpu,cifar10,92.500000,1.846719,0.514920,16487
7,1,5292,edgegpu,cifar10,94.293335,6.663151,0.514920,16487
7,1,258,edgegpu,cifar10,93.640000,3.307109,0.514920,16487
7,1,5780,edgegpu,cifar10,93.980000,3.361888,0.514920,16487
7,1,5400,edgegpu,cifar10,86.630000,1.427460,0.514920,16487
7,1,14090,edgegpu,cifar10,92.086670,1.749086,0.514920,16487
7,1,11810,edgegpu,cifar10,92.780000,1.992798,0.514920,16487
7,1,6330,edgegpu,cifar10,94.006670,4.384699,0.514920,16487
7,1,2053,edgegpu,cifar10,94.206665,5.482254,0.514920,16487
7,1,2776,edgegpu,cifar10,93.666664,3.331194,0.514920,16487
7,1,1459,edgegpu,cifar10,94.296670,6.748991,0.514920,16487
7,1,13714,edgegpu,cifar10,94.373340,6.772180,0.514920,16487
7,1,561,edgegpu,cifar10,86.880000,1.451068,0.514920,16487
7,1,15200,edgegpu,cifar10,10.000000,0.501385,0.514920,16487
7,1,14407,edgegpu,cifar10,86.770000,1.440282,0.514920,16487
7,2,11438,edgetpu,cifar10,92.500000,0.482393,0.507394,15951
7,2,11692,edgetpu,cifar10,94.130000,0.761100,0.507394,15951
7,2,5111,edgetpu,cifar10,94.306660,1.152010,0.507394,15951
7,2,8192,edgetpu,cifar10,93.093330,0.627745,0.507394,15951
7,2,5258,edgetpu,cifar10,88.775000,0.388629,0.507394,15951
7,2,5780,edgetpu,cifar10,93.980000,0.723967,0.507394,15951
7,2,6382,edgetpu,cifar10,93.376660,0.628638,0.507394,15951
7,2,8008,edgetpu,cifar10,93.480000,0.629746,0.507394,15951
7,2,10683,edgetpu,cifar10,92.330000,0.481277,0.507394,15951
7,2,9689,edgetpu,cifar10,93.370000,0.628386,0.507394,15951
7,2,7017,edgetpu,cifar10,86.970000,0.353089,0.507394,15951
7,2,3731,edgetpu,cifar10,94.343330,1.282820,0.507394,15951
7,2,4161,edgetpu,cifar10,89.250000,0.391221,0.507394,15951
7,2,13714,edgetpu,cifar10,94.373340,1.377865,0.507394,15951
7,2,13611,edgetpu,cifar10,92.490000,0.481826,0.507394,15951
7,2,9380,edgetpu,cifar10,89.335000,0.395662,0.507394,15951
7,2,2053,edgetpu,cifar10,94.206665,1.042178,0.507394,15951
7,2,11810,edgetpu,cifar10,92.780000,0.482879,0.507394,15951
7,2,5647,edgetpu,cifar10,89.110000,0.389378,0.507394,15951
7,2,9950,edgetpu,cifar10,93.840000,0.723767,0.507394,15951
7,2,797,edgetpu,cifar10,93.280000,0.627996,0.507394,15951
7,2,9817,edgetpu,cifar10,93.490000,0.723286,0.507394,15951
7,2,12439,edgetpu,cifar10,86.393330,0.352159,0.507394,15951
7,2,10293,edgetpu,cifar10,86.513336,0.352328,0.507394,15951
7,2,11112,edgetpu,cifar10,92.110000,0.480732,0.507394,15951
7,2,9722,edgetpu,cifar10,93.540000,0.723575,0.507394,15951
7,2,5946,edgetpu,cifar10,88.963330,0.389012,0.507394,15951
7,3,4384,eyeriss,cifar10,86.796670,1.679540,0.476370,16465
7,3,8323,eyeriss,cifar10,90.870000,2.171060,0.476370,16465
7,3,8592,eyeriss,cifar10,93.750000,3.891380,0.476370,16465
7,3,8008,eyeriss,cifar10,93.480000,3.399860,0.476370,16465
7,3,14112,eyeriss,cifar10,91.296670,2.908340,0.476370,16465
7,3,6111,eyeriss,cifar10,94.373340,7.823540,0.476370,16465
7,3,5111,eyeriss,cifar10,94.306660,5.365940,0.476370,16465
7,3,6854,eyeriss,cifar10,91.040000,2.662580,0.476370,16465
7,3,6899,eyeriss,cifar10,90.900000,2.416820,0.476370,16465
7,3,11472,eyeriss,cifar10,93.970000,4.628660,0.476370,16465
7,3,3731,eyeriss,cifar10,94.343330,6.594740,0.476370,16465
7,3,13714,eyeriss,cifar10,94.373340,7.823540,0.476370,16465
7,3,13611,eyeriss,cifar10,92.490000,3.154100,0.476370,16465
7,3,12438,eyeriss,cifar10,89.875000,1.925300,0.476370,16465
7,3,10412,eyeriss,cifar10,93.530000,3.645620,0.476370,16465
7,3,6584,eyeriss,cifar10,94.160000,4.874420,0.476370,16465
7,4,10431,fpga,cifar10,87.000000,1.542560,0.495367,16285
7,4,13714,fpga,cifar10,94.373340,6.678560,0.495367,16285
7,4,5111,fpga,cifar10,94.306660,5.193760,0.495367,16285
7,4,5217,fpga,cifar10,89.910000,2.057760,0.495367,16285
7,4,6111,fpga,cifar10,94.373340,6.678560,0.495367,16285
7,4,13987,fpga,cifar10,93.596664,3.420960,0.495367,16285
7,4,3731,fpga,cifar10,94.343330,5.936160,0.495367,16285
7,4,8323,fpga,cifar10,90.870000,2.163360,0.495367,16285
7,4,8008,fpga,cifar10,93.480000,2.905760,0.495367,16285
7,4,4384,fpga,cifar10,86.796670,1.132960,0.495367,16285
7,4,15000,fpga,cifar10,92.400000,2.390560,0.495367,16285
7,4,11472,fpga,cifar10,93.970000,3.648160,0.495367,16285
7,4,6584,fpga,cifar10,94.160000,4.163360,0.495367,16285
7,4,3687,fpga,cifar10,89.820000,1.648160,0.495367,16285
7,5,2035,pixel3,cifar10,89.670000,1.706480,0.715777,16294
7,5,13869,pixel3,cifar10,93.656670,10.634700,0.715777,16294
7,5,6434,pixel3,cifar10,91.080000,4.811140,0.715777,16294
7,5,11972,pixel3,cifar10,91.510000,5.627010,0.715777,16294
7,5,6382,pixel3,cifar10,93.376660,7.048190,0.715777,16294
7,5,5111,pixel3,cifar10,94.306660,17.584600,0.715777,16294
7,5,12452,pixel3,cifar10,91.350000,5.590110,0.715777,16294
7,5,6985,pixel3,cifar10,89.940000,2.367450,0.715777,16294
7,5,6863,pixel3,cifar10,86.740000,1.229320,0.715777,16294
7,5,6918,pixel3,cifar10,87.000000,1.478790,0.715777,16294
7,5,9230,pixel3,cifar10,86.580000,1.056760,0.715777,16294
7,5,13987,pixel3,cifar10,93.596664,9.922680,0.715777,16294
7,5,2018,pixel3,cifar10,94.063330,14.960500,0.715777,16294
7,5,3731,pixel3,cifar10,94.343330,23.361300,0.715777,16294
7,5,13171,pixel3,cifar10,93.530000,7.717220,0.715777,16294
7,5,6111,pixel3,cifar10,94.373340,23.584800,0.715777,16294
7,5,8695,pixel3,cifar10,94.220000,17.564500,0.715777,16294
7,5,2779,pixel3,cifar10,90.806660,3.102950,0.715777,16294
7,5,4554,pixel3,cifar10,86.670000,1.114880,0.715777,16294
7,5,7197,pixel3,cifar10,90.366670,2.447670,0.715777,16294
7,5,4627,pixel3,cifar10,93.270000,7.036050,0.715777,16294
7,5,6854,pixel3,cifar10,91.040000,4.514220,0.715777,16294
7,5,8592,pixel3,cifar10,93.750000,10.769800,0.715777,16294
7,5,1631,pixel3,cifar10,89.506670,1.697120,0.715777,16294
7,5,1781,pixel3,cifar10,89.883330,1.712020,0.715777,16294
7,5,7001,pixel3,cifar10,10.000000,0.003277,0.715777,16294
7,5,7017,pixel3,cifar10,86.970000,1.403930,0.715777,16294
7,5,8323,pixel3,cifar10,90.870000,3.106420,0.715777,16294
7,5,1941,pixel3,cifar10,93.533330,9.128690,0.715777,16294
7,5,1497,pixel3,cifar10,86.556660,1.056630,0.715777,16294
7,5,6899,pixel3,cifar10,90.900000,3.961410,0.715777,16294
7,5,10689,pixel3,cifar10,90.790000,2.669770,0.715777,16294
7,5,1943,pixel3,cifar10,93.116670,6.492030,0.715777,16294
7,5,6624,pixel3,cifar10,89.120000,1.670570,0.715777,16294
7,5,6330,pixel3,cifar10,94.006670,11.512400,0.715777,16294
7,5,1804,pixel3,cifar10,89.063330,1.579900,0.715777,16294
7,5,11692,pixel3,cifar10,94.130000,15.490100,0.715777,16294
7,5,8836,pixel3,cifar10,92.220000,6.313990,0.715777,16294
7,5,5224,pixel3,cifar10,88.980000,1.570360,0.715777,16294
7,5,1894,pixel3,cifar10,92.110000,5.778250,0.715777,16294
7,6,10275,raspi4,cifar10,91.080000,9.993188,0.610431,16178
7,6,5780,raspi4,cifar10,93.980000,34.928463,0.610431,16178
7,6,1962,raspi4,cifar10,86.530000,2.529453,0.610431,16178
7,6,9271,raspi4,cifar10,89.250000,4.830311,0.610431,16178
7,6,1941,raspi4,cifar10,93.533330,25.121769,0.610431,16178
7,6,14565,raspi4,cifar10,88.880000,4.781183,0.610431,16178
7,6,10412,raspi4,cifar10,93.530000,25.079220,0.610431,16178
7,6,7017,raspi4,cifar10,86.970000,2.544041,0.610431,16178
7,6,8323,raspi4,cifar10,90.870000,7.426308,0.610431,16178
7,6,1690,raspi4,cifar10,86.646670,2.536549,0.610431,16178
7,6,8426,raspi4,cifar10,93.840000,31.394428,0.610431,16178
7,6,8592,raspi4,cifar10,93.750000,25.477009,0.610431,16178
7,6,1804,raspi4,cifar10,89.063330,4.791845,0.610431,16178
7,6,6382,raspi4,cifar10,93.376660,21.461164,0.610431,16178
7,6,2058,raspi4,cifar10,93.270000,19.484835,0.610431,16178
7,6,5111,raspi4,cifar10,94.306660,41.756905,0.610431,16178
7,6,2035,raspi4,cifar10,89.670000,4.984099,0.610431,16178
7,6,3731,raspi4,cifar10,94.343330,58.070793,0.610431,16178
7,6,13611,raspi4,cifar10,92.490000,18.523302,0.610431,16178
7,6,6111,raspi4,cifar10,94.373340,68.404106,0.610431,16178
7,6,12238,raspi4,cifar10,91.690000,16.046099,0.610431,16178
7,6,1099,raspi4,cifar10,92.240000,18.358124,0.610431,16178
7,6,11692,raspi4,cifar10,94.130000,37.583630,0.610431,16178
7,6,1894,raspi4,cifar10,92.110000,17.550644,0.610431,16178
7,6,6985,raspi4,cifar10,89.940000,4.995646,0.610431,16178
7,6,7058,raspi4,cifar10,92.040000,16.469465,0.610431,16178
7,6,13846,raspi4,cifar10,90.720000,7.176163,0.610431,16178
7,6,8008,raspi4,cifar10,93.480000,22.571420,0.610431,16178
7,6,4364,raspi4,cifar10,92.146670,17.893960,0.610431,16178
7,6,7352,raspi4,cifar10,92.200000,18.038305,0.610431,16178
7,6,9980,raspi4,cifar10,10.000000,0.011284,0.610431,16178
7,6,4210,raspi4,cifar10,89.030000,4.782748,0.610431,16178
7,6,9380,raspi4,cifar10,89.335000,4.875613,0.610431,16178
7,6,14677,raspi4,cifar10,88.670000,4.755260,0.610431,16178
7,6,11533,raspi4,cifar10,93.420000,21.715693,0.610431,16178
7,6,12002,raspi4,cifar10,93.510000,24.816572,0.610431,16178
7,6,11810,raspi4,cifar10,92.780000,18.619905,0.610431,16178
7,6,11972,raspi4,cifar10,91.510000,12.403558,0.610431,16178
7,7,6124,edgegpu,cifar100,68.360000,3.185835,0.498939,16293
7,7,11885,edgegpu,cifar100,68.040000,1.776652,0.498939,16293
7,7,4954,edgegpu,cifar100,73.000000,6.669736,0.498939,16293
7,7,9997,edgegpu,cifar100,71.520000,3.466139,0.498939,16293
7,7,9922,edgegpu,cifar100,58.560000,1.428552,0.498939,16293
7,7,2304,edgegpu,cifar100,58.660000,1.440253,0.498939,16293
7,7,11810,edgegpu,cifar100,68.300000,1.779551,0.498939,16293
7,7,12415,edgegpu,cifar100,71.940000,4.828467,0.498939,16293
7,7,2778,edgegpu,cifar100,72.993330,6.134028,0.498939,16293
7,7,1425,edgegpu,cifar100,72.093330,5.310225,0.498939,16293
7,7,9930,edgegpu,cifar100,73.513336,6.803060,0.498939,16293
7,7,8912,edgegpu,cifar100,59.200000,1.441355,0.498939,16293
7,7,8401,edgegpu,cifar100,71.080000,3.302102,0.498939,16293
7,7,4418,edgegpu,cifar100,72.746666,5.352364,0.498939,16293
7,7,1509,edgegpu,cifar100,1.000000,0.505853,0.498939,16293
7,7,14677,edgegpu,cifar100,62.420000,1.746187,0.498939,16293
7,7,6381,edgegpu,cifar100,66.800000,1.753340,0.498939,16293
7,7,1038,edgegpu,cifar100,67.500000,1.758428,0.498939,16293
7,7,11067,edgegpu,cifar100,58.186670,1.427836,0.498939,16293
7,8,9930,edgetpu,cifar100,73.513336,1.454107,0.585424,16061
7,8,577,edgetpu,cifar100,69.680000,0.635228,0.585424,16061
7,8,2705,edgetpu,cifar100,62.813330,0.393026,0.585424,16061
7,8,10000,edgetpu,cifar100,73.160000,1.283461,0.585424,16061
7,8,5019,edgetpu,cifar100,58.880000,0.357058,0.585424,16061
7,8,857,edgetpu,cifar100,72.880000,1.264168,0.585424,16061
7,8,797,edgetpu,cifar100,69.580000,0.633351,0.585424,16061
7,8,12415,edgetpu,cifar100,71.940000,0.872299,0.585424,16061
7,8,15363,edgetpu,cifar100,70.520000,0.676394,0.585424,16061
7,8,1996,edgetpu,cifar100,67.820000,0.486748,0.585424,16061
7,8,8638,edgetpu,cifar100,58.860000,0.356631,0.585424,16061
7,8,9997,edgetpu,cifar100,71.520000,0.729986,0.585424,16061
7,8,9271,edgetpu,cifar100,63.400000,0.393151,0.585424,16061
7,8,13829,edgetpu,cifar100,66.873340,0.485137,0.585424,16061
7,8,8401,edgetpu,cifar100,71.080000,0.728572,0.585424,16061
7,8,8912,edgetpu,cifar100,59.200000,0.377698,0.585424,16061
7,8,6499,edgetpu,cifar100,70.630000,0.728320,0.585424,16061
7,8,1110,edgetpu,cifar100,58.840000,0.355938,0.585424,16061
7,8,3303,edgetpu,cifar100,62.420000,0.392593,0.585424,16061
7,8,777,edgetpu,cifar100,58.650000,0.355588,0.585424,16061
7,8,3888,edgetpu,cifar100,73.260000,1.316226,0.585424,16061
7,8,10443,edgetpu,cifar100,68.300000,0.489020,0.585424,16061
7,8,12574,edgetpu,cifar100,72.740000,0.932430,0.585424,16061
7,8,10750,edgetpu,cifar100,70.540000,0.727712,0.585424,16061
7,8,12761,edgetpu,cifar100,72.860000,1.225212,0.585424,16061
7,8,1383,edgetpu,cifar100,70.273330,0.673722,0.585424,16061
7,8,4418,edgetpu,cifar100,72.746666,1.093699,0.585424,16061
7,8,4659,edgetpu,cifar100,70.060000,0.636433,0.585424,16061
7,8,1425,edgetpu,cifar100,72.093330,0.910660,0.585424,16061
7,8,1943,edgetpu,cifar100,69.626660,0.634759,0.585424,16061
7,8,14945,edgetpu,cifar100,58.500000,0.354940,0.585424,16061
7,8,11533,edgetpu,cifar100,69.760000,0.635877,0.585424,16061
7,8,4155,edgetpu,cifar100,62.306667,0.391442,0.585424,16061
7,8,11112,edgetpu,cifar100,66.893330,0.486713,0.585424,16061
7,9,6787,eyeriss,cifar100,70.720000,3.648640,0.452933,16679
7,9,14714,eyeriss,cifar100,71.280000,4.140160,0.452933,16679
7,9,5651,eyeriss,cifar100,64.690000,1.928320,0.452933,16679
7,9,14112,eyeriss,cifar100,68.386665,2.911360,0.452933,16679
7,9,12820,eyeriss,cifar100,67.720000,2.419840,0.452933,16679
7,9,11301,eyeriss,cifar100,68.220000,2.665600,0.452933,16679
7,9,6925,eyeriss,cifar100,71.220000,3.894400,0.452933,16679
7,9,10689,eyeriss,cifar100,67.500000,2.174080,0.452933,16679
7,9,3540,eyeriss,cifar100,71.500000,4.877440,0.452933,16679
7,9,3888,eyeriss,cifar100,73.260000,6.597760,0.452933,16679
7,9,12761,eyeriss,cifar100,72.860000,6.352000,0.452933,16679
7,9,12574,eyeriss,cifar100,72.740000,5.123200,0.452933,16679
7,9,5084,eyeriss,cifar100,58.813330,1.682560,0.452933,16679
7,9,3487,eyeriss,cifar100,70.093330,3.402880,0.452933,16679
7,9,9930,eyeriss,cifar100,73.513336,9.055360,0.452933,16679
7,10,3888,fpga,cifar100,73.260000,5.936160,0.466647,16333
7,10,12820,fpga,cifar100,67.720000,2.678560,0.466647,16333
7,10,3540,fpga,cifar100,71.500000,4.163360,0.466647,16333
7,10,10689,fpga,cifar100,67.500000,2.163360,0.466647,16333
7,10,12574,fpga,cifar100,72.740000,4.678560,0.466647,16333
7,10,6925,fpga,cifar100,71.220000,3.936160,0.466647,16333
7,10,5084,fpga,cifar100,58.813330,1.132960,0.466647,16333
7,10,9930,fpga,cifar100,73.513336,7.420960,0.466647,16333
7,10,69,fpga,cifar100,71.020000,3.648160,0.466647,16333
7,10,12761,fpga,cifar100,72.860000,5.420960,0.466647,16333
7,10,5651,fpga,cifar100,64.690000,1.648160,0.466647,16333
7,10,6830,fpga,cifar100,71.460000,4.057760,0.466647,16333
7,10,9997,fpga,cifar100,71.520000,4.572960,0.466647,16333
7,10,4249,fpga,cifar100,65.080000,2.057760,0.466647,16333
7,10,11727,fpga,cifar100,67.773330,2.800160,0.466647,16333
7,10,7250,fpga,cifar100,67.706665,2.390560,0.466647,16333
7,10,6787,fpga,cifar100,70.720000,3.420960,0.466647,16333
7,10,5033,fpga,cifar100,59.060000,1.542560,0.466647,16333
7,10,3487,fpga,cifar100,70.093330,2.905760,0.466647,16333
7,11,10689,pixel3,cifar100,67.500000,3.109220,0.571701,16438
7,11,11000,pixel3,cifar100,71.180000,10.677600,0.571701,16438
7,11,14112,pixel3,cifar100,68.386665,5.745320,0.571701,16438
7,11,3888,pixel3,cifar100,73.260000,23.477200,0.571701,16438
7,11,699,pixel3,cifar100,72.240000,12.079400,0.571701,16438
7,11,906,pixel3,cifar100,62.393333,1.661810,0.571701,16438
7,11,8638,pixel3,cifar100,58.860000,1.478570,0.571701,16438
7,11,6787,pixel3,cifar100,70.720000,9.854430,0.571701,16438
7,11,6925,pixel3,cifar100,71.220000,10.688000,0.571701,16438
7,11,1090,pixel3,cifar100,65.220000,2.811310,0.571701,16438
7,11,15363,pixel3,cifar100,70.520000,9.708640,0.571701,16438
7,11,1450,pixel3,cifar100,70.506670,9.337360,0.571701,16438
7,11,4432,pixel3,cifar100,66.486664,3.105870,0.571701,16438
7,11,12970,pixel3,cifar100,68.140000,4.782110,0.571701,16438
7,11,485,pixel3,cifar100,67.593330,4.124800,0.571701,16438
7,11,375,pixel3,cifar100,64.440000,2.363140,0.571701,16438
7,11,12574,pixel3,cifar100,72.740000,16.473900,0.571701,16438
7,11,1631,pixel3,cifar100,63.986668,1.805000,0.571701,16438
7,11,1409,pixel3,cifar100,58.853333,1.275090,0.571701,16438
7,11,11301,pixel3,cifar100,68.220000,5.352090,0.571701,16438
7,11,8323,pixel3,cifar100,67.080000,3.106340,0.571701,16438
7,11,4659,pixel3,cifar100,70.060000,9.026280,0.571701,16438
7,11,858,pixel3,cifar100,64.133330,2.003500,0.571701,16438
7,11,6337,pixel3,cifar100,1.000000,0.008753,0.571701,16438
7,11,857,pixel3,cifar100,72.880000,19.113200,0.571701,16438
7,11,5651,pixel3,cifar100,64.690000,2.376870,0.571701,16438
7,11,898,pixel3,cifar100,70.000000,6.516140,0.571701,16438
7,11,657,pixel3,cifar100,58.233334,1.233070,0.571701,16438
7,11,8912,pixel3,cifar100,59.200000,1.478790,0.571701,16438
7,11,10042,pixel3,cifar100,64.880000,2.794690,0.571701,16438
7,11,894,pixel3,cifar100,61.933334,1.581120,0.571701,16438
7,11,1459,pixel3,cifar100,73.140000,23.437900,0.571701,16438
7,11,9930,pixel3,cifar100,73.513336,42.003600,0.571701,16438
7,11,1616,pixel3,cifar100,63.946667,1.731160,0.571701,16438
7,11,1593,pixel3,cifar100,62.126667,1.582050,0.571701,16438
7,12,15363,raspi4,cifar100,70.520000,21.809430,0.608990,16268
7,12,6925,raspi4,cifar100,71.220000,24.195030,0.608990,16268
7,12,9926,raspi4,cifar100,63.520000,4.999532,0.608990,16268
7,12,10689,raspi4,cifar100,67.500000,7.381845,0.608990,16268
7,12,898,raspi4,cifar100,70.000000,21.506163,0.608990,16268
7,12,4806,raspi4,cifar100,62.270000,4.787734,0.608990,16268
7,12,14792,raspi4,cifar100,69.500000,19.111843,0.608990,16268
7,12,6918,raspi4,cifar100,58.800000,2.571364,0.608990,16268
7,12,8912,raspi4,cifar100,59.200000,2.818969,0.608990,16268
7,12,12915,raspi4,cifar100,66.950000,7.226311,0.608990,16268
7,12,9997,raspi4,cifar100,71.520000,34.996710,0.608990,16268
7,12,2035,raspi4,cifar100,63.926666,5.005698,0.608990,16268
7,12,2222,raspi4,cifar100,58.313330,2.538255,0.608990,16268
7,12,375,raspi4,cifar100,64.440000,5.099302,0.608990,16268
7,12,14112,raspi4,cifar100,68.386665,14.423308,0.608990,16268
7,12,14714,raspi4,cifar100,71.280000,24.692347,0.608990,16268
7,12,3888,raspi4,cifar100,73.260000,55.029520,0.608990,16268
7,12,4409,raspi4,cifar100,67.173330,7.228629,0.608990,16268
7,12,10222,raspi4,cifar100,58.860000,2.747804,0.608990,16268
7,12,13430,raspi4,cifar100,66.700000,7.203785,0.608990,16268
7,12,8720,raspi4,cifar100,64.130000,5.082239,0.608990,16268
7,12,6177,raspi4,cifar100,62.373333,4.795128,0.608990,16268
7,12,2063,raspi4,cifar100,62.320000,4.792511,0.608990,16268
7,12,10042,raspi4,cifar100,64.880000,5.100886,0.608990,16268
7,12,14612,raspi4,cifar100,58.720000,2.563505,0.608990,16268
7,12,6787,raspi4,cifar100,70.720000,23.081835,0.608990,16268
7,12,6822,raspi4,cifar100,58.426666,2.558594,0.608990,16268
7,12,7891,raspi4,cifar100,67.550000,12.536592,0.608990,16268
7,12,9930,raspi4,cifar100,73.513336,71.152000,0.608990,16268
7,12,15589,raspi4,cifar100,59.060000,2.795078,0.608990,16268
7,12,12761,raspi4,cifar100,72.860000,53.718200,0.608990,16268
7,12,12574,raspi4,cifar100,72.740000,36.371254,0.608990,16268
7,12,3487,raspi4,cifar100,70.093330,21.603350,0.608990,16268
7,12,7030,raspi4,cifar100,69.600000,19.218203,0.608990,16268
7,12,4498,raspi4,cifar100,64.086670,5.022347,0.608990,16268
7,12,1572,raspi4,cifar100,69.900000,19.916142,0.608990,16268
7,12,1459,raspi4,cifar100,73.140000,53.879950,0.608990,16268
7,12,8740,raspi4,cifar100,1.000000,0.015215,0.608990,16268
7,12,4418,raspi4,cifar100,72.746666,47.162354,0.608990,16268
7,12,9271,raspi4,cifar100,63.400000,4.800893,0.608990,16268
7,13,10947,edgegpu,ImageNet16-120,39.944443,1.909800,0.573812,16334
7,13,4587,edgegpu,ImageNet16-120,28.800000,1.445131,0.573812,16334
7,13,8426,edgegpu,ImageNet16-120,44.633335,3.370147,0.573812,16334
7,13,5751,edgegpu,ImageNet16-120,40.044445,2.434626,0.573812,16334
7,13,9586,edgegpu,ImageNet16-120,46.933334,5.222673,0.573812,16334
7,13,8884,edgegpu,ImageNet16-120,45.033333,3.499999,0.573812,16334
7,13,2650,edgegpu,ImageNet16-120,42.433334,3.309817,0.573812,16334
7,13,11217,edgegpu,ImageNet16-120,43.466667,3.316708,0.573812,16334
7,13,454,edgegpu,ImageNet16-120,41.277780,3.303313,0.573812,16334
7,13,8401,edgegpu,ImageNet16-120,43.833332,3.322444,0.573812,16334
7,13,4946,edgegpu,ImageNet16-120,44.700000,3.490419,0.573812,16334
7,13,12415,edgegpu,ImageNet16-120,46.566666,4.667692,0.573812,16334
7,13,13612,edgegpu,ImageNet16-120,0.833333,0.534101,0.573812,16334
7,13,4332,edgegpu,ImageNet16-120,39.444443,1.745496,0.573812,16334
7,13,7760,edgegpu,ImageNet16-120,39.100000,1.743751,0.573812,16334
7,13,14840,edgegpu,ImageNet16-120,45.311110,4.224715,0.573812,16334
7,13,1164,edgegpu,ImageNet16-120,28.522223,1.435223,0.573812,16334
7,13,9722,edgegpu,ImageNet16-120,44.000000,3.327813,0.573812,16334
7,13,15288,edgegpu,ImageNet16-120,28.422222,1.417041,0.573812,16334
7,13,6950,edgegpu,ImageNet16-120,38.700000,1.740150,0.573812,16334
7,13,14117,edgegpu,ImageNet16-120,28.677778,1.435547,0.573812,16334
7,13,7187,edgegpu,ImageNet16-120,28.683332,1.443858,0.573812,16334
7,13,14612,edgegpu,ImageNet16-120,28.488890,1.434064,0.573812,16334
7,13,15383,edgegpu,ImageNet16-120,47.033333,6.262836,0.573812,16334
7,13,4988,edgegpu,ImageNet16-120,28.933332,1.448212,0.573812,16334
7,13,13411,edgegpu,ImageNet16-120,31.855556,1.736240,0.573812,16334
7,13,15159,edgegpu,ImageNet16-120,45.566666,4.632421,0.573812,16334
7,13,13760,edgegpu,ImageNet16-120,32.333332,1.739759,0.573812,16334
7,13,857,edgegpu,ImageNet16-120,47.311110,6.707663,0.573812,16334
7,13,4160,edgegpu,ImageNet16-120,39.833332,1.756272,0.573812,16334
7,13,12081,edgegpu,ImageNet16-120,40.233334,2.730479,0.573812,16334
7,14,10017,edgetpu,ImageNet16-120,40.566666,0.524950,0.504450,15834
7,14,4830,edgetpu,ImageNet16-120,42.233334,0.549457,0.504450,15834
7,14,14677,edgetpu,ImageNet16-120,33.233334,0.364575,0.504450,15834
7,14,857,edgetpu,ImageNet16-120,47.311110,0.997730,0.504450,15834
7,14,3540,edgetpu,ImageNet16-120,45.122223,0.648670,0.504450,15834
7,14,15363,edgetpu,ImageNet16-120,44.333332,0.582280,0.504450,15834
7,14,7837,edgetpu,ImageNet16-120,32.111110,0.363571,0.504450,15834
7,14,12415,edgetpu,ImageNet16-120,46.566666,0.710906,0.504450,15834
7,14,15107,edgetpu,ImageNet16-120,39.800000,0.430284,0.504450,15834
7,14,13769,edgetpu,ImageNet16-120,41.555557,0.549360,0.504450,15834
7,14,5530,edgetpu,ImageNet16-120,42.577778,0.549937,0.504450,15834
7,14,6520,edgetpu,ImageNet16-120,32.383335,0.363944,0.504450,15834
7,14,12231,edgetpu,ImageNet16-120,40.200000,0.518358,0.504450,15834
7,14,11262,edgetpu,ImageNet16-120,39.733334,0.430019,0.504450,15834
7,14,7273,edgetpu,ImageNet16-120,42.966667,0.550014,0.504450,15834
7,14,8884,edgetpu,ImageNet16-120,45.033333,0.615792,0.504450,15834
7,14,10888,edgetpu,ImageNet16-120,28.333334,0.359044,0.504450,15834
7,14,6950,edgetpu,ImageNet16-120,38.700000,0.427379,0.504450,15834
7,14,10167,edgetpu,ImageNet16-120,39.944443,0.444058,0.504450,15834
7,14,11885,edgetpu,ImageNet16-120,39.166668,0.427395,0.504450,15834
7,14,5724,edgetpu,ImageNet16-120,28.366667,0.359987,0.504450,15834
7,14,15383,edgetpu,ImageNet16-120,47.033333,0.780914,0.504450,15834
7,14,13931,edgetpu,ImageNet16-120,28.788889,0.360349,0.504450,15834
7,14,11079,edgetpu,ImageNet16-120,43.566666,0.552430,0.504450,15834
7,14,10332,edgetpu,ImageNet16-120,40.033333,0.516152,0.504450,15834
7,14,11282,edgetpu,ImageNet16-120,39.633335,0.428409,0.504450,15834
7,14,70,edgetpu,ImageNet16-120,39.377777,0.428228,0.504450,15834
7,14,6407,edgetpu,ImageNet16-120,32.333332,0.363748,0.504450,15834
7,14,15014,edgetpu,ImageNet16-120,28.266666,0.358110,0.504450,15834
7,14,7750,edgetpu,ImageNet16-120,43.066666,0.551617,0.504450,15834
7,14,4627,edgetpu,ImageNet16-120,43.500000,0.552306,0.504450,15834
7,14,4988,edgetpu,ImageNet16-120,28.933332,0.360694,0.504450,15834
7,14,5751,edgetpu,ImageNet16-120,40.044445,0.516992,0.504450,15834
7,14,4160,edgetpu,ImageNet16-120,39.833332,0.430355,0.504450,15834
7,14,9689,edgetpu,ImageNet16-120,42.533333,0.549702,0.504450,15834
7,14,13097,edgetpu,ImageNet16-120,39.655556,0.428424,0.504450,15834
7,14,13972,edgetpu,ImageNet16-120,31.933332,0.363440,0.504450,15834
7,14,7431,edgetpu,ImageNet16-120,32.577778,0.363954,0.504450,15834
7,14,14662,edgetpu,ImageNet16-120,41.166668,0.547835,0.504450,15834
7,14,5586,edgetpu,ImageNet16-120,40.811110,0.546420,0.504450,15834
7,14,7357,edgetpu,ImageNet16-120,44.666668,0.600498,0.504450,15834
7,14,7396,edgetpu,ImageNet16-120,40.177776,0.517218,0.504450,15834
7,15,8853,eyeriss,ImageNet16-120,45.600000,1.037440,0.473845,16558
7,15,1939,eyeriss,ImageNet16-120,45.077778,0.976000,0.473845,16558
7,15,14417,eyeriss,ImageNet16-120,45.900000,1.098880,0.473845,16558
7,15,8008,eyeriss,ImageNet16-120,43.500000,0.853120,0.473845,16558
7,15,6854,eyeriss,ImageNet16-120,40.800000,0.668800,0.473845,16558
7,15,9805,eyeriss,ImageNet16-120,34.133335,0.484480,0.473845,16558
7,15,857,eyeriss,ImageNet16-120,47.311110,1.651840,0.473845,16558
7,15,4988,eyeriss,ImageNet16-120,28.933332,0.423040,0.473845,16558
7,15,2835,eyeriss,ImageNet16-120,38.222220,0.545920,0.473845,16558
7,15,6787,eyeriss,ImageNet16-120,44.400000,0.914560,0.473845,16558
7,15,15383,eyeriss,ImageNet16-120,47.033333,1.283200,0.473845,16558
7,15,735,eyeriss,ImageNet16-120,38.544445,0.607360,0.473845,16558
7,16,15383,fpga,ImageNet16-120,47.033333,1.504000,0.497043,16371
7,16,14748,fpga,ImageNet16-120,44.900000,0.995200,0.497043,16371
7,16,6868,fpga,ImageNet16-120,39.000000,0.649120,0.497043,16371
7,16,6787,fpga,ImageNet16-120,44.400000,0.969600,0.497043,16371
7,16,1939,fpga,ImageNet16-120,45.077778,1.062400,0.497043,16371
7,16,8008,fpga,ImageNet16-120,43.500000,0.876800,0.497043,16371
7,16,6854,fpga,ImageNet16-120,40.800000,0.809120,0.497043,16371
7,16,4829,fpga,ImageNet16-120,34.200000,0.415520,0.497043,16371
7,16,2835,fpga,ImageNet16-120,38.222220,0.546720,0.497043,16371
7,16,4988,fpga,ImageNet16-120,28.933332,0.284320,0.497043,16371
7,16,15446,fpga,ImageNet16-120,45.766666,1.116320,0.497043,16371
7,16,12452,fpga,ImageNet16-120,40.533333,0.780320,0.497043,16371
7,16,5793,fpga,ImageNet16-120,35.033333,0.517920,0.497043,16371
7,16,10017,fpga,ImageNet16-120,40.566666,0.784000,0.497043,16371
7,16,14417,fpga,ImageNet16-120,45.900000,1.276320,0.497043,16371
7,16,857,fpga,ImageNet16-120,47.311110,2.038400,0.497043,16371
7,16,11079,fpga,ImageNet16-120,43.566666,0.902400,0.497043,16371
7,17,2018,pixel3,ImageNet16-120,46.433334,4.949210,0.627754,16376
7,17,12452,pixel3,ImageNet16-120,40.533333,1.504410,0.627754,16376
7,17,11079,pixel3,ImageNet16-120,43.566666,2.479610,0.627754,16376
7,17,4977,pixel3,ImageNet16-120,32.966667,0.617991,0.627754,16376
7,17,735,pixel3,ImageNet16-120,38.544445,1.107950,0.627754,16376
7,17,1110,pixel3,ImageNet16-120,28.600000,0.423927,0.627754,16376
7,17,12639,pixel3,ImageNet16-120,40.400000,1.304440,0.627754,16376
7,17,6854,pixel3,ImageNet16-120,40.800000,1.621620,0.627754,16376
7,17,4004,pixel3,ImageNet16-120,42.811110,2.467510,0.627754,16376
7,17,15446,pixel3,ImageNet16-120,45.766666,3.439380,0.627754,16376
7,17,10154,pixel3,ImageNet16-120,46.133335,4.783700,0.627754,16376
7,17,4384,pixel3,ImageNet16-120,28.133333,0.421612,0.627754,16376
7,17,11000,pixel3,ImageNet16-120,44.866665,2.962520,0.627754,16376
7,17,2899,pixel3,ImageNet16-120,43.911110,2.701210,0.627754,16376
7,17,15383,pixel3,ImageNet16-120,47.033333,5.191720,0.627754,16376
7,17,8584,pixel3,ImageNet16-120,34.088890,0.664046,0.627754,16376
7,17,1549,pixel3,ImageNet16-120,28.655556,0.424747,0.627754,16376
7,17,8954,pixel3,ImageNet16-120,28.733334,0.424855,0.627754,16376
7,17,1860,pixel3,ImageNet16-120,28.433332,0.422587,0.627754,16376
7,17,3728,pixel3,ImageNet16-120,28.500000,0.422880,0.627754,16376
7,17,14417,pixel3,ImageNet16-120,45.900000,4.143030,0.627754,16376
7,17,4587,pixel3,ImageNet16-120,28.800000,0.445767,0.627754,16376
7,17,857,pixel3,ImageNet16-120,47.311110,6.686850,0.627754,16376
7,17,12103,pixel3,ImageNet16-120,28.250000,0.422433,0.627754,16376
7,17,13756,pixel3,ImageNet16-120,0.833333,0.005289,0.627754,16376
7,17,4432,pixel3,ImageNet16-120,37.800000,0.861157,0.627754,16376
7,17,10340,pixel3,ImageNet16-120,31.522223,0.617772,0.627754,16376
7,17,4988,pixel3,ImageNet16-120,28.933332,0.485996,0.627754,16376
7,17,12424,pixel3,ImageNet16-120,43.133330,2.470150,0.627754,16376
7,17,872,pixel3,ImageNet16-120,41.777780,2.465030,0.627754,16376
7,17,13059,pixel3,ImageNet16-120,34.266666,0.668679,0.627754,16376
7,17,12466,pixel3,ImageNet16-120,46.100000,4.680280,0.627754,16376
7,17,12355,pixel3,ImageNet16-120,45.033333,2.989390,0.627754,16376
7,17,1425,pixel3,ImageNet16-120,45.977780,4.619290,0.627754,16376
7,17,1204,pixel3,ImageNet16-120,37.844444,0.864966,0.627754,16376
7,17,2835,pixel3,ImageNet16-120,38.222220,0.868646,0.627754,16376
7,17,1939,pixel3,ImageNet16-120,45.077778,3.021500,0.627754,16376
7,17,6014,pixel3,ImageNet16-120,28.533333,0.423391,0.627754,16376
7,17,898,pixel3,ImageNet16-120,42.466667,2.467210,0.627754,16376
7,17,12506,pixel3,ImageNet16-120,43.983334,2.929990,0.627754,16376
7,17,4895,pixel3,ImageNet16-120,33.200000,0.619070,0.627754,16376
7,18,14792,raspi4,ImageNet16-120,43.033333,3.792447,0.642736,16274
7,18,1939,raspi4,ImageNet16-120,45.077778,5.341908,0.642736,16274
7,18,15107,raspi4,ImageNet16-120,39.800000,3.083329,0.642736,16274
7,18,10017,raspi4,ImageNet16-120,40.566666,3.181383,0.642736,16274
7,18,933,raspi4,ImageNet16-120,0.833333,0.011514,0.642736,16274
7,18,219,raspi4,ImageNet16-120,42.500000,3.768475,0.642736,16274
7,18,14677,raspi4,ImageNet16-120,33.233334,1.537227,0.642736,16274
7,18,3960,raspi4,ImageNet16-120,37.755554,2.197980,0.642736,16274
7,18,1204,raspi4,ImageNet16-120,37.844444,2.199356,0.642736,16274
7,18,8736,raspi4,ImageNet16-120,45.700000,6.658077,0.642736,16274
7,18,1188,raspi4,ImageNet16-120,32.455555,1.526725,0.642736,16274
7,18,735,raspi4,ImageNet16-120,38.544445,2.911079,0.642736,16274
7,18,1413,raspi4,ImageNet16-120,42.711113,3.788479,0.642736,16274
7,18,4988,raspi4,ImageNet16-120,28.933332,1.003251,0.642736,16274
7,18,6336,raspi4,ImageNet16-120,39.366665,3.073392,0.642736,16274
7,18,10835,raspi4,ImageNet16-120,45.233334,6.632419,0.642736,16274
7,18,12505,raspi4,ImageNet16-120,39.283333,3.062432,0.642736,16274
7,18,9032,raspi4,ImageNet16-120,38.016666,2.201532,0.642736,16274
7,18,13059,raspi4,ImageNet16-120,34.266666,1.595651,0.642736,16274
7,18,3687,raspi4,ImageNet16-120,34.066666,1.583497,0.642736,16274
7,18,5637,raspi4,ImageNet16-120,33.933334,1.580707,0.642736,16274
7,18,7357,raspi4,ImageNet16-120,44.666668,4.480689,0.642736,16274
7,18,15383,raspi4,ImageNet16-120,47.033333,8.565354,0.642736,16274
7,18,15363,raspi4,ImageNet16-120,44.333332,4.480516,0.642736,16274
7,18,10472,raspi4,ImageNet16-120,39.633335,3.079679,0.642736,16274
7,18,11946,raspi4,ImageNet16-120,28.200000,0.940293,0.642736,16274
7,18,9496,raspi4,ImageNet16-120,38.200000,2.204048,0.642736,16274
7,18,11584,raspi4,ImageNet16-120,46.666668,8.014434,0.642736,16274
7,18,7187,raspi4,ImageNet16-120,28.683332,0.952790,0.642736,16274
7,18,857,raspi4,ImageNet16-120,47.311110,9.020064,0.642736,16274
7,18,12358,raspi4,ImageNet16-120,34.055557,1.582727,0.642736,16274
7,18,2779,raspi4,ImageNet16-120,37.355556,2.190654,0.642736,16274
7,18,11079,raspi4,ImageNet16-120,43.566666,3.802027,0.642736,16274
7,18,6854,raspi4,ImageNet16-120,40.800000,3.661016,0.642736,16274
7,18,14750,raspi4,ImageNet16-120,32.933334,1.536700,0.642736,16274
7,18,4995,raspi4,ImageNet16-120,42.166668,3.766336,0.642736,16274
7,18,3782,raspi4,ImageNet16-120,41.866665,3.755286,0.642736,16274
7,18,8584,raspi4,ImageNet16-120,34.088890,1.586268,0.642736,16274
7,18,10217,raspi4,ImageNet16-120,45.100000,6.109362,0.642736,16274
7,18,13931,raspi4,ImageNet16-120,28.788889,0.956195,0.642736,16274
7,18,13771,raspi4,ImageNet16-120,32.744446,1.533813,0.642736,16274
7,18,8683,raspi4,ImageNet16-120,44.200000,4.462997,0.642736,16274
7,18,8355,raspi4,ImageNet16-120,39.666668,3.083286,0.642736,16274
7,18,5530,raspi4,ImageNet16-120,42.577778,3.785925,0.642736,16274
7,18,6868,raspi4,ImageNet16-120,39.000000,2.982937,0.642736,16274
7,18,7227,raspi4,ImageNet16-120,32.533333,1.530737,0.642736,16274
7,18,5973,raspi4,ImageNet16-120,40.100000,3.159922,0.642736,16274
7,18,8733,raspi4,ImageNet16-120,46.600000,7.477213,0.642736,16274
8,1,5400,edgegpu,cifar10,86.630000,1.427460,0.506187,16439
8,1,11438,edgegpu,cifar10,92.500000,1.846719,0.506187,16439
8,1,9099,edgegpu,cifar10,93.940000,3.357520,0.506187,16439
8,1,10484,edgegpu,cifar10,93.810000,3.354015,0.506187,16439
8,1,1339,edgegpu,cifar10,92.136665,1.751881,0.506187,16439
8,1,5780,edgegpu,cifar10,93.980000,3.361888,0.506187,16439
8,1,14090,edgegpu,cifar10,92.086670,1.749086,0.506187,16439
8,1,14527,edgegpu,cifar10,86.765000,1.439619,0.506187,16439
8,1,6499,edgegpu,cifar10,93.645000,3.331041,0.506187,16439
8,1,258,edgegpu,cifar10,93.640000,3.307109,0.506187,16439
8,1,11692,edgegpu,cifar10,94.130000,4.708362,0.506187,16439
8,1,5292,edgegpu,cifar10,94.293335,6.663151,0.506187,16439
8,1,13401,edgegpu,cifar10,87.010000,1.457009,0.506187,16439
8,1,14407,edgegpu,cifar10,86.770000,1.440282,0.506187,16439
8,1,6950,edgegpu,cifar10,92.000000,1.738467,0.506187,16439
8,1,2090,edgegpu,cifar10,86.650000,1.437702,0.506187,16439
8,1,8421,edgegpu,cifar10,10.000000,0.538597,0.506187,16439
8,1,13714,edgegpu,cifar10,94.373340,6.772180,0.506187,16439
8,1,2776,edgegpu,cifar10,93.666664,3.331194,0.506187,16439
8,1,11810,edgegpu,cifar10,92.780000,1.992798,0.506187,16439
8,1,1459,edgegpu,cifar10,94.296670,6.748991,0.506187,16439
8,1,6960,edgegpu,cifar10,92.280000,1.764450,0.506187,16439
8,1,2053,edgegpu,cifar10,94.206665,5.482254,0.506187,16439
8,1,6330,edgegpu,cifar10,94.006670,4.384699,0.506187,16439
8,1,561,edgegpu,cifar10,86.880000,1.451068,0.506187,16439
8,2,14527,edgetpu,cifar10,86.765000,0.365664,0.511659,15926
8,2,11692,edgetpu,cifar10,94.130000,0.761100,0.511659,15926
8,2,970,edgetpu,cifar10,86.770000,0.371488,0.511659,15926
8,2,8008,edgetpu,cifar10,93.480000,0.629746,0.511659,15926
8,2,8192,edgetpu,cifar10,93.093330,0.627745,0.511659,15926
8,2,5111,edgetpu,cifar10,94.306660,1.152010,0.511659,15926
8,2,6382,edgetpu,cifar10,93.376660,0.628638,0.511659,15926
8,2,11810,edgetpu,cifar10,92.780000,0.482879,0.511659,15926
8,2,797,edgetpu,cifar10,93.280000,0.627996,0.511659,15926
8,2,2053,edgetpu,cifar10,94.206665,1.042178,0.511659,15926
8,2,5647,edgetpu,cifar10,89.110000,0.389378,0.511659,15926
8,2,13714,edgetpu,cifar10,94.373340,1.377865,0.511659,15926
8,2,7937,edgetpu,cifar10,88.610000,0.388867,0.511659,15926
8,2,9950,edgetpu,cifar10,93.840000,0.723767,0.511659,15926
8,2,9689,edgetpu,cifar10,93.370000,0.628386,0.511659,15926
8,2,4161,edgetpu,cifar10,89.250000,0.391221,0.511659,15926
8,2,9380,edgetpu,cifar10,89.335000,0.395662,0.511659,15926
8,2,5780,edgetpu,cifar10,93.980000,0.723967,0.511659,15926
8,2,10683,edgetpu,cifar10,92.330000,0.481277,0.511659,15926
8,2,6918,edgetpu,cifar10,87.000000,0.375819,0.511659,15926
8,2,2485,edgetpu,cifar10,86.700000,0.346546,0.511659,15926
8,2,11438,edgetpu,cifar10,92.500000,0.482393,0.511659,15926
8,2,3731,edgetpu,cifar10,94.343330,1.282820,0.511659,15926
8,2,13611,edgetpu,cifar10,92.490000,0.481826,0.511659,15926
8,2,11112,edgetpu,cifar10,92.110000,0.480732,0.511659,15926
8,2,6515,edgetpu,cifar10,93.616670,0.722858,0.511659,15926
8,2,3927,edgetpu,cifar10,93.626660,0.723268,0.511659,15926
8,2,5946,edgetpu,cifar10,88.963330,0.389012,0.511659,15926
8,3,8008,eyeriss,cifar10,93.480000,3.399860,0.438403,16524
8,3,8323,eyeriss,cifar10,90.870000,2.171060,0.438403,16524
8,3,5111,eyeriss,cifar10,94.306660,5.365940,0.438403,16524
8,3,11472,eyeriss,cifar10,93.970000,4.628660,0.438403,16524
8,3,8592,eyeriss,cifar10,93.750000,3.891380,0.438403,16524
8,3,6899,eyeriss,cifar10,90.900000,2.416820,0.438403,16524
8,3,10412,eyeriss,cifar10,93.530000,3.645620,0.438403,16524
8,3,6854,eyeriss,cifar10,91.040000,2.662580,0.438403,16524
8,3,4384,eyeriss,cifar10,86.796670,1.679540,0.438403,16524
8,3,14112,eyeriss,cifar10,91.296670,2.908340,0.438403,16524
8,3,6111,eyeriss,cifar10,94.373340,7.823540,0.438403,16524
8,3,3731,eyeriss,cifar10,94.343330,6.594740,0.438403,16524
8,3,13714,eyeriss,cifar10,94.373340,7.823540,0.438403,16524
8,3,6584,eyeriss,cifar10,94.160000,4.874420,0.438403,16524
8,3,15000,eyeriss,cifar10,92.400000,3.154100,0.438403,16524
8,3,12438,eyeriss,cifar10,89.875000,1.925300,0.438403,16524
8,4,8323,fpga,cifar10,90.870000,2.163360,0.414934,16235
8,4,11472,fpga,cifar10,93.970000,3.648160,0.414934,16235
8,4,6111,fpga,cifar10,94.373340,6.678560,0.414934,16235
8,4,8008,fpga,cifar10,93.480000,2.905760,0.414934,16235
8,4,5111,fpga,cifar10,94.306660,5.193760,0.414934,16235
8,4,3731,fpga,cifar10,94.343330,5.936160,0.414934,16235
8,4,6584,fpga,cifar10,94.160000,4.163360,0.414934,16235
8,4,13714,fpga,cifar10,94.373340,6.678560,0.414934,16235
8,4,13611,fpga,cifar10,92.490000,2.390560,0.414934,16235
8,4,13987,fpga,cifar10,93.596664,3.420960,0.414934,16235
8,4,15295,fpga,cifar10,90.050000,2.057760,0.414934,16235
8,4,10431,fpga,cifar10,87.000000,1.542560,0.414934,16235
8,4,12438,fpga,cifar10,89.875000,1.648160,0.414934,16235
8,4,4384,fpga,cifar10,86.796670,1.132960,0.414934,16235
8,5,6111,pixel3,cifar10,94.373340,23.584800,0.696111,16276
8,5,6985,pixel3,cifar10,89.940000,2.367450,0.696111,16276
8,5,8836,pixel3,cifar10,92.220000,6.313990,0.696111,16276
8,5,6382,pixel3,cifar10,93.376660,7.048190,0.696111,16276
8,5,8695,pixel3,cifar10,94.220000,17.564500,0.696111,16276
8,5,5111,pixel3,cifar10,94.306660,17.584600,0.696111,16276
8,5,2779,pixel3,cifar10,90.806660,3.102950,0.696111,16276
8,5,9230,pixel3,cifar10,86.580000,1.056760,0.696111,16276
8,5,1781,pixel3,cifar10,89.883330,1.712020,0.696111,16276
8,5,4627,pixel3,cifar10,93.270000,7.036050,0.696111,16276
8,5,3731,pixel3,cifar10,94.343330,23.361300,0.696111,16276
8,5,12452,pixel3,cifar10,91.350000,5.590110,0.696111,16276
8,5,8592,pixel3,cifar10,93.750000,10.769800,0.696111,16276
8,5,1497,pixel3,cifar10,86.556660,1.056630,0.696111,16276
8,5,8323,pixel3,cifar10,90.870000,3.106420,0.696111,16276
8,5,1941,pixel3,cifar10,93.533330,9.128690,0.696111,16276
8,5,7001,pixel3,cifar10,10.000000,0.003277,0.696111,16276
8,5,13171,pixel3,cifar10,93.530000,7.717220,0.696111,16276
8,5,97,pixel3,cifar10,88.730000,1.602870,0.696111,16276
8,5,11692,pixel3,cifar10,94.130000,15.490100,0.696111,16276
8,5,6899,pixel3,cifar10,90.900000,3.961410,0.696111,16276
8,5,1339,pixel3,cifar10,92.136665,5.802240,0.696111,16276
8,5,10689,pixel3,cifar10,90.790000,2.669770,0.696111,16276
8,5,6854,pixel3,cifar10,91.040000,4.514220,0.696111,16276
8,5,6918,pixel3,cifar10,87.000000,1.478790,0.696111,16276
8,5,11972,pixel3,cifar10,91.510000,5.627010,0.696111,16276
8,5,6624,pixel3,cifar10,89.120000,1.670570,0.696111,16276
8,5,6434,pixel3,cifar10,91.080000,4.811140,0.696111,16276
8,5,13869,pixel3,cifar10,93.656670,10.634700,0.696111,16276
8,5,6330,pixel3,cifar10,94.006670,11.512400,0.696111,16276
8,5,7017,pixel3,cifar10,86.970000,1.403930,0.696111,16276
8,5,2035,pixel3,cifar10,89.670000,1.706480,0.696111,16276
8,5,13096,pixel3,cifar10,90.700000,2.666040,0.696111,16276
8,5,1943,pixel3,cifar10,93.116670,6.492030,0.696111,16276
8,5,3073,pixel3,cifar10,88.980000,1.645440,0.696111,16276
8,5,13987,pixel3,cifar10,93.596664,9.922680,0.696111,16276
8,5,8708,pixel3,cifar10,94.080000,12.839000,0.696111,16276
8,5,1416,pixel3,cifar10,89.546670,1.691430,0.696111,16276
8,5,6584,pixel3,cifar10,94.160000,15.720300,0.696111,16276
8,5,7197,pixel3,cifar10,90.366670,2.447670,0.696111,16276
8,5,41,pixel3,cifar10,88.670000,1.576940,0.696111,16276
8,5,55,pixel3,cifar10,86.756670,1.057440,0.696111,16276
8,6,5780,raspi4,cifar10,93.980000,34.928463,0.564768,16151
8,6,6382,raspi4,cifar10,93.376660,21.461164,0.564768,16151
8,6,1690,raspi4,cifar10,86.646670,2.536549,0.564768,16151
8,6,9380,raspi4,cifar10,89.335000,4.875613,0.564768,16151
8,6,6960,raspi4,cifar10,92.280000,17.162752,0.564768,16151
8,6,9271,raspi4,cifar10,89.250000,4.830311,0.564768,16151
8,6,3731,raspi4,cifar10,94.343330,58.070793,0.564768,16151
8,6,13846,raspi4,cifar10,90.720000,7.176163,0.564768,16151
8,6,5111,raspi4,cifar10,94.306660,41.756905,0.564768,16151
8,6,13611,raspi4,cifar10,92.490000,18.523302,0.564768,16151
8,6,8426,raspi4,cifar10,93.840000,31.394428,0.564768,16151
8,6,6111,raspi4,cifar10,94.373340,68.404106,0.564768,16151
8,6,11692,raspi4,cifar10,94.130000,37.583630,0.564768,16151
8,6,11810,raspi4,cifar10,92.780000,18.619905,0.564768,16151
8,6,1941,raspi4,cifar10,93.533330,25.121769,0.564768,16151
8,6,8323,raspi4,cifar10,90.870000,7.426308,0.564768,16151
8,6,8008,raspi4,cifar10,93.480000,22.571420,0.564768,16151
8,6,2058,raspi4,cifar10,93.270000,19.484835,0.564768,16151
8,6,10275,raspi4,cifar10,91.080000,9.993188,0.564768,16151
8,6,12238,raspi4,cifar10,91.690000,16.046099,0.564768,16151
8,6,1804,raspi4,cifar10,89.063330,4.791845,0.564768,16151
8,6,6918,raspi4,cifar10,87.000000,2.787590,0.564768,16151
8,6,1962,raspi4,cifar10,86.530000,2.529453,0.564768,16151
8,6,7017,raspi4,cifar10,86.970000,2.544041,0.564768,16151
8,6,6985,raspi4,cifar10,89.940000,4.995646,0.564768,16151
8,6,8592,raspi4,cifar10,93.750000,25.477009,0.564768,16151
8,6,12385,raspi4,cifar10,91.990000,16.485830,0.564768,16151
8,6,2035,raspi4,cifar10,89.670000,4.984099,0.564768,16151
8,6,9980,raspi4,cifar10,10.000000,0.011284,0.564768,16151
8,6,14565,raspi4,cifar10,88.880000,4.781183,0.564768,16151
8,6,12505,raspi4,cifar10,92.150000,16.747276,0.564768,16151
8,6,11972,raspi4,cifar10,91.510000,12.403558,0.564768,16151
8,6,14677,raspi4,cifar10,88.670000,4.755260,0.564768,16151
8,6,10412,raspi4,cifar10,93.530000,25.079220,0.564768,16151
8,6,12002,raspi4,cifar10,93.510000,24.816572,0.564768,16151
8,7,9922,edgegpu,cifar100,58.560000,1.428552,0.511662,16404
8,7,1425,edgegpu,cifar100,72.093330,5.310225,0.511662,16404
8,7,8401,edgegpu,cifar100,71.080000,3.302102,0.511662,16404
8,7,3888,edgegpu,cifar100,73.260000,6.797867,0.511662,16404
8,7,6124,edgegpu,cifar100,68.360000,3.185835,0.511662,16404
8,7,11067,edgegpu,cifar100,58.186670,1.427836,0.511662,16404
8,7,2304,edgegpu,cifar100,58.660000,1.440253,0.511662,16404
8,7,6381,edgegpu,cifar100,66.800000,1.753340,0.511662,16404
8,7,11810,edgegpu,cifar100,68.300000,1.779551,0.511662,16404
8,7,12415,edgegpu,cifar100,71.940000,4.828467,0.511662,16404
8,7,9930,edgegpu,cifar100,73.513336,6.803060,0.511662,16404
8,7,4418,edgegpu,cifar100,72.746666,5.352364,0.511662,16404
8,7,2778,edgegpu,cifar100,72.993330,6.134028,0.511662,16404
8,7,8912,edgegpu,cifar100,59.200000,1.441355,0.511662,16404
8,7,14677,edgegpu,cifar100,62.420000,1.746187,0.511662,16404
8,7,1038,edgegpu,cifar100,67.500000,1.758428,0.511662,16404
8,7,9997,edgegpu,cifar100,71.520000,3.466139,0.511662,16404
8,7,4954,edgegpu,cifar100,73.000000,6.669736,0.511662,16404
8,7,11885,edgegpu,cifar100,68.040000,1.776652,0.511662,16404
8,7,1509,edgegpu,cifar100,1.000000,0.505853,0.511662,16404
8,8,577,edgetpu,cifar100,69.680000,0.635228,0.561957,16209
8,8,5019,edgetpu,cifar100,58.880000,0.357058,0.561957,16209
8,8,15363,edgetpu,cifar100,70.520000,0.676394,0.561957,16209
8,8,9271,edgetpu,cifar100,63.400000,0.393151,0.561957,16209
8,8,12761,edgetpu,cifar100,72.860000,1.225212,0.561957,16209
8,8,8912,edgetpu,cifar100,59.200000,0.377698,0.561957,16209
8,8,12574,edgetpu,cifar100,72.740000,0.932430,0.561957,16209
8,8,3303,edgetpu,cifar100,62.420000,0.392593,0.561957,16209
8,8,8401,edgetpu,cifar100,71.080000,0.728572,0.561957,16209
8,8,12415,edgetpu,cifar100,71.940000,0.872299,0.561957,16209
8,8,9997,edgetpu,cifar100,71.520000,0.729986,0.561957,16209
8,8,9930,edgetpu,cifar100,73.513336,1.454107,0.561957,16209
8,8,4418,edgetpu,cifar100,72.746666,1.093699,0.561957,16209
8,8,1383,edgetpu,cifar100,70.273330,0.673722,0.561957,16209
8,8,8638,edgetpu,cifar100,58.860000,0.356631,0.561957,16209
8,8,69,edgetpu,cifar100,71.020000,0.727259,0.561957,16209
8,8,797,edgetpu,cifar100,69.580000,0.633351,0.561957,16209
8,8,1425,edgetpu,cifar100,72.093330,0.910660,0.561957,16209
8,8,857,edgetpu,cifar100,72.880000,1.264168,0.561957,16209
8,8,777,edgetpu,cifar100,58.650000,0.355588,0.561957,16209
8,8,10000,edgetpu,cifar100,73.160000,1.283461,0.561957,16209
8,8,1110,edgetpu,cifar100,58.840000,0.355938,0.561957,16209
8,8,1943,edgetpu,cifar100,69.626660,0.634759,0.561957,16209
8,8,11533,edgetpu,cifar100,69.760000,0.635877,0.561957,16209
8,8,3888,edgetpu,cifar100,73.260000,1.316226,0.561957,16209
8,8,13829,edgetpu,cifar100,66.873340,0.485137,0.561957,16209
8,8,14945,edgetpu,cifar100,58.500000,0.354940,0.561957,16209
8,8,2705,edgetpu,cifar100,62.813330,0.393026,0.561957,16209
8,8,4155,edgetpu,cifar100,62.306667,0.391442,0.561957,16209
8,8,11112,edgetpu,cifar100,66.893330,0.486713,0.561957,16209
8,8,1996,edgetpu,cifar100,67.820000,0.486748,0.561957,16209
8,8,898,edgetpu,cifar100,70.000000,0.636860,0.561957,16209
8,8,10443,edgetpu,cifar100,68.300000,0.489020,0.561957,16209
8,9,12574,eyeriss,cifar100,72.740000,5.123200,0.462984,16530
8,9,12820,eyeriss,cifar100,67.720000,2.419840,0.462984,16530
8,9,14112,eyeriss,cifar100,68.386665,2.911360,0.462984,16530
8,9,10689,eyeriss,cifar100,67.500000,2.174080,0.462984,16530
8,9,14714,eyeriss,cifar100,71.280000,4.140160,0.462984,16530
8,9,11301,eyeriss,cifar100,68.220000,2.665600,0.462984,16530
8,9,9930,eyeriss,cifar100,73.513336,9.055360,0.462984,16530
8,9,5084,eyeriss,cifar100,58.813330,1.682560,0.462984,16530
8,9,6925,eyeriss,cifar100,71.220000,3.894400,0.462984,16530
8,9,12761,eyeriss,cifar100,72.860000,6.352000,0.462984,16530
8,9,3888,eyeriss,cifar100,73.260000,6.597760,0.462984,16530
8,9,6787,eyeriss,cifar100,70.720000,3.648640,0.462984,16530
8,9,3487,eyeriss,cifar100,70.093330,3.402880,0.462984,16530
8,9,3540,eyeriss,cifar100,71.500000,4.877440,0.462984,16530
8,9,3687,eyeriss,cifar100,64.460000,1.928320,0.462984,16530
8,10,11973,fpga,cifar100,70.340000,2.905760,0.415679,16221
8,10,15033,fpga,cifar100,67.793335,2.390560,0.415679,16221
8,10,12574,fpga,cifar100,72.740000,4.678560,0.415679,16221
8,10,12761,fpga,cifar100,72.860000,5.420960,0.415679,16221
8,10,3888,fpga,cifar100,73.260000,5.936160,0.415679,16221
8,10,12295,fpga,cifar100,71.160000,3.648160,0.415679,16221
8,10,9997,fpga,cifar100,71.520000,4.572960,0.415679,16221
8,10,5033,fpga,cifar100,59.060000,1.542560,0.415679,16221
8,10,5651,fpga,cifar100,64.690000,1.648160,0.415679,16221
8,10,5084,fpga,cifar100,58.813330,1.132960,0.415679,16221
8,10,6925,fpga,cifar100,71.220000,3.936160,0.415679,16221
8,10,6830,fpga,cifar100,71.460000,4.057760,0.415679,16221
8,10,10689,fpga,cifar100,67.500000,2.163360,0.415679,16221
8,10,5743,fpga,cifar100,67.800000,2.800160,0.415679,16221
8,10,9930,fpga,cifar100,73.513336,7.420960,0.415679,16221
8,10,6787,fpga,cifar100,70.720000,3.420960,0.415679,16221
8,10,4249,fpga,cifar100,65.080000,2.057760,0.415679,16221
8,10,3540,fpga,cifar100,71.500000,4.163360,0.415679,16221
8,11,10689,pixel3,cifar100,67.500000,3.109220,0.574621,16474
8,11,1616,pixel3,cifar100,63.946667,1.731160,0.574621,16474
8,11,8638,pixel3,cifar100,58.860000,1.478570,0.574621,16474
8,11,15363,pixel3,cifar100,70.520000,9.708640,0.574621,16474
8,11,12970,pixel3,cifar100,68.140000,4.782110,0.574621,16474
8,11,1090,pixel3,cifar100,65.220000,2.811310,0.574621,16474
8,11,10042,pixel3,cifar100,64.880000,2.794690,0.574621,16474
8,11,6787,pixel3,cifar100,70.720000,9.854430,0.574621,16474
8,11,1631,pixel3,cifar100,63.986668,1.805000,0.574621,16474
8,11,1409,pixel3,cifar100,58.853333,1.275090,0.574621,16474
8,11,5651,pixel3,cifar100,64.690000,2.376870,0.574621,16474
8,11,485,pixel3,cifar100,67.593330,4.124800,0.574621,16474
8,11,6925,pixel3,cifar100,71.220000,10.688000,0.574621,16474
8,11,11000,pixel3,cifar100,71.180000,10.677600,0.574621,16474
8,11,12574,pixel3,cifar100,72.740000,16.473900,0.574621,16474
8,11,898,pixel3,cifar100,70.000000,6.516140,0.574621,16474
8,11,9930,pixel3,cifar100,73.513336,42.003600,0.574621,16474
8,11,3888,pixel3,cifar100,73.260000,23.477200,0.574621,16474
8,11,14112,pixel3,cifar100,68.386665,5.745320,0.574621,16474
8,11,699,pixel3,cifar100,72.240000,12.079400,0.574621,16474
8,11,1450,pixel3,cifar100,70.506670,9.337360,0.574621,16474
8,11,657,pixel3,cifar100,58.233334,1.233070,0.574621,16474
8,11,11301,pixel3,cifar100,68.220000,5.352090,0.574621,16474
8,11,894,pixel3,cifar100,61.933334,1.581120,0.574621,16474
8,11,857,pixel3,cifar100,72.880000,19.113200,0.574621,16474
8,11,8323,pixel3,cifar100,67.080000,3.106340,0.574621,16474
8,11,858,pixel3,cifar100,64.133330,2.003500,0.574621,16474
8,11,8912,pixel3,cifar100,59.200000,1.478790,0.574621,16474
8,11,724,pixel3,cifar100,67.053340,2.875650,0.574621,16474
8,11,375,pixel3,cifar100,64.440000,2.363140,0.574621,16474
8,11,906,pixel3,cifar100,62.393333,1.661810,0.574621,16474
8,11,1459,pixel3,cifar100,73.140000,23.437900,0.574621,16474
8,11,572,pixel3,cifar100,70.313330,8.017480,0.574621,16474
8,11,6337,pixel3,cifar100,1.000000,0.008753,0.574621,16474
8,12,1459,raspi4,cifar100,73.140000,53.879950,0.638644,16418
8,12,14714,raspi4,cifar100,71.280000,24.692347,0.638644,16418
8,12,13430,raspi4,cifar100,66.700000,7.203785,0.638644,16418
8,12,6177,raspi4,cifar100,62.373333,4.795128,0.638644,16418
8,12,14112,raspi4,cifar100,68.386665,14.423308,0.638644,16418
8,12,2035,raspi4,cifar100,63.926666,5.005698,0.638644,16418
8,12,10042,raspi4,cifar100,64.880000,5.100886,0.638644,16418
8,12,375,raspi4,cifar100,64.440000,5.099302,0.638644,16418
8,12,3888,raspi4,cifar100,73.260000,55.029520,0.638644,16418
8,12,6925,raspi4,cifar100,71.220000,24.195030,0.638644,16418
8,12,8912,raspi4,cifar100,59.200000,2.818969,0.638644,16418
8,12,6822,raspi4,cifar100,58.426666,2.558594,0.638644,16418
8,12,9997,raspi4,cifar100,71.520000,34.996710,0.638644,16418
8,12,7891,raspi4,cifar100,67.550000,12.536592,0.638644,16418
8,12,15363,raspi4,cifar100,70.520000,21.809430,0.638644,16418
8,12,12915,raspi4,cifar100,66.950000,7.226311,0.638644,16418
8,12,4418,raspi4,cifar100,72.746666,47.162354,0.638644,16418
8,12,4409,raspi4,cifar100,67.173330,7.228629,0.638644,16418
8,12,10222,raspi4,cifar100,58.860000,2.747804,0.638644,16418
8,12,6787,raspi4,cifar100,70.720000,23.081835,0.638644,16418
8,12,2222,raspi4,cifar100,58.313330,2.538255,0.638644,16418
8,12,7030,raspi4,cifar100,69.600000,19.218203,0.638644,16418
8,12,1572,raspi4,cifar100,69.900000,19.916142,0.638644,16418
8,12,3487,raspi4,cifar100,70.093330,21.603350,0.638644,16418
8,12,898,raspi4,cifar100,70.000000,21.506163,0.638644,16418
8,12,12574,raspi4,cifar100,72.740000,36.371254,0.638644,16418
8,12,14792,raspi4,cifar100,69.500000,19.111843,0.638644,16418
8,12,9930,raspi4,cifar100,73.513336,71.152000,0.638644,16418
8,12,6830,raspi4,cifar100,71.460000,34.491814,0.638644,16418
8,12,15589,raspi4,cifar100,59.060000,2.795078,0.638644,16418
8,12,9926,raspi4,cifar100,63.520000,4.999532,0.638644,16418
8,12,14612,raspi4,cifar100,58.720000,2.563505,0.638644,16418
8,12,12761,raspi4,cifar100,72.860000,53.718200,0.638644,16418
8,12,8740,raspi4,cifar100,1.000000,0.015215,0.638644,16418
8,12,10689,raspi4,cifar100,67.500000,7.381845,0.638644,16418
8,12,4498,raspi4,cifar100,64.086670,5.022347,0.638644,16418
8,12,9271,raspi4,cifar100,63.400000,4.800893,0.638644,16418
8,12,8720,raspi4,cifar100,64.130000,5.082239,0.638644,16418
8,13,9586,edgegpu,ImageNet16-120,46.933334,5.222673,0.549245,16392
8,13,7760,edgegpu,ImageNet16-120,39.100000,1.743751,0.549245,16392
8,13,14117,edgegpu,ImageNet16-120,28.677778,1.435547,0.549245,16392
8,13,15376,edgegpu,ImageNet16-120,0.833333,0.533953,0.549245,16392
8,13,4332,edgegpu,ImageNet16-120,39.444443,1.745496,0.549245,16392
8,13,7187,edgegpu,ImageNet16-120,28.683332,1.443858,0.549245,16392
8,13,2650,edgegpu,ImageNet16-120,42.433334,3.309817,0.549245,16392
8,13,8426,edgegpu,ImageNet16-120,44.633335,3.370147,0.549245,16392
8,13,4988,edgegpu,ImageNet16-120,28.933332,1.448212,0.549245,16392
8,13,6950,edgegpu,ImageNet16-120,38.700000,1.740150,0.549245,16392
8,13,8884,edgegpu,ImageNet16-120,45.033333,3.499999,0.549245,16392
8,13,11217,edgegpu,ImageNet16-120,43.466667,3.316708,0.549245,16392
8,13,4946,edgegpu,ImageNet16-120,44.700000,3.490419,0.549245,16392
8,13,10947,edgegpu,ImageNet16-120,39.944443,1.909800,0.549245,16392
8,13,9722,edgegpu,ImageNet16-120,44.000000,3.327813,0.549245,16392
8,13,4587,edgegpu,ImageNet16-120,28.800000,1.445131,0.549245,16392
8,13,8401,edgegpu,ImageNet16-120,43.833332,3.322444,0.549245,16392
8,13,15288,edgegpu,ImageNet16-120,28.422222,1.417041,0.549245,16392
8,13,14840,edgegpu,ImageNet16-120,45.311110,4.224715,0.549245,16392
8,13,5751,edgegpu,ImageNet16-120,40.044445,2.434626,0.549245,16392
8,13,1164,edgegpu,ImageNet16-120,28.522223,1.435223,0.549245,16392
8,13,4160,edgegpu,ImageNet16-120,39.833332,1.756272,0.549245,16392
8,13,14612,edgegpu,ImageNet16-120,28.488890,1.434064,0.549245,16392
8,13,13411,edgegpu,ImageNet16-120,31.855556,1.736240,0.549245,16392
8,13,15159,edgegpu,ImageNet16-120,45.566666,4.632421,0.549245,16392
8,13,12081,edgegpu,ImageNet16-120,40.233334,2.730479,0.549245,16392
8,13,13760,edgegpu,ImageNet16-120,32.333332,1.739759,0.549245,16392
8,13,454,edgegpu,ImageNet16-120,41.277780,3.303313,0.549245,16392
8,13,12415,edgegpu,ImageNet16-120,46.566666,4.667692,0.549245,16392
8,14,11885,edgetpu,ImageNet16-120,39.166668,0.427395,0.507753,15919
8,14,4988,edgetpu,ImageNet16-120,28.933332,0.360694,0.507753,15919
8,14,8884,edgetpu,ImageNet16-120,45.033333,0.615792,0.507753,15919
8,14,857,edgetpu,ImageNet16-120,47.311110,0.997730,0.507753,15919
8,14,10332,edgetpu,ImageNet16-120,40.033333,0.516152,0.507753,15919
8,14,11079,edgetpu,ImageNet16-120,43.566666,0.552430,0.507753,15919
8,14,70,edgetpu,ImageNet16-120,39.377777,0.428228,0.507753,15919
8,14,9689,edgetpu,ImageNet16-120,42.533333,0.549702,0.507753,15919
8,14,7837,edgetpu,ImageNet16-120,32.111110,0.363571,0.507753,15919
8,14,5674,edgetpu,ImageNet16-120,39.650000,0.428605,0.507753,15919
8,14,12415,edgetpu,ImageNet16-120,46.566666,0.710906,0.507753,15919
8,14,7357,edgetpu,ImageNet16-120,44.666668,0.600498,0.507753,15919
8,14,13931,edgetpu,ImageNet16-120,28.788889,0.360349,0.507753,15919
8,14,13972,edgetpu,ImageNet16-120,31.933332,0.363440,0.507753,15919
8,14,7273,edgetpu,ImageNet16-120,42.966667,0.550014,0.507753,15919
8,14,10888,edgetpu,ImageNet16-120,28.333334,0.359044,0.507753,15919
8,14,6520,edgetpu,ImageNet16-120,32.383335,0.363944,0.507753,15919
8,14,10167,edgetpu,ImageNet16-120,39.944443,0.444058,0.507753,15919
8,14,13769,edgetpu,ImageNet16-120,41.555557,0.549360,0.507753,15919
8,14,15014,edgetpu,ImageNet16-120,28.266666,0.358110,0.507753,15919
8,14,7750,edgetpu,ImageNet16-120,43.066666,0.551617,0.507753,15919
8,14,4160,edgetpu,ImageNet16-120,39.833332,0.430355,0.507753,15919
8,14,3540,edgetpu,ImageNet16-120,45.122223,0.648670,0.507753,15919
8,14,5751,edgetpu,ImageNet16-120,40.044445,0.516992,0.507753,15919
8,14,6950,edgetpu,ImageNet16-120,38.700000,0.427379,0.507753,15919
8,14,15363,edgetpu,ImageNet16-120,44.333332,0.582280,0.507753,15919
8,14,15383,edgetpu,ImageNet16-120,47.033333,0.780914,0.507753,15919
8,14,6407,edgetpu,ImageNet16-120,32.333332,0.363748,0.507753,15919
8,14,4627,edgetpu,ImageNet16-120,43.500000,0.552306,0.507753,15919
8,14,15107,edgetpu,ImageNet16-120,39.800000,0.430284,0.507753,15919
8,14,14677,edgetpu,ImageNet16-120,33.233334,0.364575,0.507753,15919
8,14,4830,edgetpu,ImageNet16-120,42.233334,0.549457,0.507753,15919
8,14,7396,edgetpu,ImageNet16-120,40.177776,0.517218,0.507753,15919
8,14,8447,edgetpu,ImageNet16-120,40.011112,0.514586,0.507753,15919
8,14,11282,edgetpu,ImageNet16-120,39.633335,0.428409,0.507753,15919
8,14,14840,edgetpu,ImageNet16-120,45.311110,0.666690,0.507753,15919
8,14,7431,edgetpu,ImageNet16-120,32.577778,0.363954,0.507753,15919
8,14,11262,edgetpu,ImageNet16-120,39.733334,0.430019,0.507753,15919
8,15,1939,eyeriss,ImageNet16-120,45.077778,0.976000,0.463364,16525
8,15,8853,eyeriss,ImageNet16-120,45.600000,1.037440,0.463364,16525
8,15,6854,eyeriss,ImageNet16-120,40.800000,0.668800,0.463364,16525
8,15,6787,eyeriss,ImageNet16-120,44.400000,0.914560,0.463364,16525
8,15,8008,eyeriss,ImageNet16-120,43.500000,0.853120,0.463364,16525
8,15,14417,eyeriss,ImageNet16-120,45.900000,1.098880,0.463364,16525
8,15,2835,eyeriss,ImageNet16-120,38.222220,0.545920,0.463364,16525
8,15,735,eyeriss,ImageNet16-120,38.544445,0.607360,0.463364,16525
8,15,857,eyeriss,ImageNet16-120,47.311110,1.651840,0.463364,16525
8,15,15383,eyeriss,ImageNet16-120,47.033333,1.283200,0.463364,16525
8,15,4988,eyeriss,ImageNet16-120,28.933332,0.423040,0.463364,16525
8,15,4829,eyeriss,ImageNet16-120,34.200000,0.484480,0.463364,16525
8,16,8008,fpga,ImageNet16-120,43.500000,0.876800,0.472967,16386
8,16,4829,fpga,ImageNet16-120,34.200000,0.415520,0.472967,16386
8,16,6854,fpga,ImageNet16-120,40.800000,0.809120,0.472967,16386
8,16,2835,fpga,ImageNet16-120,38.222220,0.546720,0.472967,16386
8,16,14748,fpga,ImageNet16-120,44.900000,0.995200,0.472967,16386
8,16,15383,fpga,ImageNet16-120,47.033333,1.504000,0.472967,16386
8,16,1939,fpga,ImageNet16-120,45.077778,1.062400,0.472967,16386
8,16,14417,fpga,ImageNet16-120,45.900000,1.276320,0.472967,16386
8,16,6868,fpga,ImageNet16-120,39.000000,0.649120,0.472967,16386
8,16,6787,fpga,ImageNet16-120,44.400000,0.969600,0.472967,16386
8,16,10017,fpga,ImageNet16-120,40.566666,0.784000,0.472967,16386
8,16,4988,fpga,ImageNet16-120,28.933332,0.284320,0.472967,16386
8,16,15446,fpga,ImageNet16-120,45.766666,1.116320,0.472967,16386
8,16,5793,fpga,ImageNet16-120,35.033333,0.517920,0.472967,16386
8,16,12452,fpga,ImageNet16-120,40.533333,0.780320,0.472967,16386
8,16,857,fpga,ImageNet16-120,47.311110,2.038400,0.472967,16386
8,17,12355,pixel3,ImageNet16-120,45.033333,2.989390,0.630503,16199
8,17,872,pixel3,ImageNet16-120,41.777780,2.465030,0.630503,16199
8,17,758,pixel3,ImageNet16-120,28.333334,0.422134,0.630503,16199
8,17,10154,pixel3,ImageNet16-120,46.133335,4.783700,0.630503,16199
8,17,6854,pixel3,ImageNet16-120,40.800000,1.621620,0.630503,16199
8,17,4988,pixel3,ImageNet16-120,28.933332,0.485996,0.630503,16199
8,17,4587,pixel3,ImageNet16-120,28.800000,0.445767,0.630503,16199
8,17,12639,pixel3,ImageNet16-120,40.400000,1.304440,0.630503,16199
8,17,14417,pixel3,ImageNet16-120,45.900000,4.143030,0.630503,16199
8,17,2018,pixel3,ImageNet16-120,46.433334,4.949210,0.630503,16199
8,17,1939,pixel3,ImageNet16-120,45.077778,3.021500,0.630503,16199
8,17,3496,pixel3,ImageNet16-120,34.233334,0.670584,0.630503,16199
8,17,4432,pixel3,ImageNet16-120,37.800000,0.861157,0.630503,16199
8,17,1549,pixel3,ImageNet16-120,28.655556,0.424747,0.630503,16199
8,17,12424,pixel3,ImageNet16-120,43.133330,2.470150,0.630503,16199
8,17,6014,pixel3,ImageNet16-120,28.533333,0.423391,0.630503,16199
8,17,11000,pixel3,ImageNet16-120,44.866665,2.962520,0.630503,16199
8,17,4384,pixel3,ImageNet16-120,28.133333,0.421612,0.630503,16199
8,17,12452,pixel3,ImageNet16-120,40.533333,1.504410,0.630503,16199
8,17,4895,pixel3,ImageNet16-120,33.200000,0.619070,0.630503,16199
8,17,735,pixel3,ImageNet16-120,38.544445,1.107950,0.630503,16199
8,17,15383,pixel3,ImageNet16-120,47.033333,5.191720,0.630503,16199
8,17,3728,pixel3,ImageNet16-120,28.500000,0.422880,0.630503,16199
8,17,8584,pixel3,ImageNet16-120,34.088890,0.664046,0.630503,16199
8,17,11079,pixel3,ImageNet16-120,43.566666,2.479610,0.630503,16199
8,17,1204,pixel3,ImageNet16-120,37.844444,0.864966,0.630503,16199
8,17,857,pixel3,ImageNet16-120,47.311110,6.686850,0.630503,16199
8,17,8683,pixel3,ImageNet16-120,44.200000,2.711960,0.630503,16199
8,17,13756,pixel3,ImageNet16-120,0.833333,0.005289,0.630503,16199
8,17,12466,pixel3,ImageNet16-120,46.100000,4.680280,0.630503,16199
8,17,4977,pixel3,ImageNet16-120,32.966667,0.617991,0.630503,16199
8,17,1110,pixel3,ImageNet16-120,28.600000,0.423927,0.630503,16199
8,17,4004,pixel3,ImageNet16-120,42.811110,2.467510,0.630503,16199
8,17,2835,pixel3,ImageNet16-120,38.222220,0.868646,0.630503,16199
8,17,15446,pixel3,ImageNet16-120,45.766666,3.439380,0.630503,16199
8,17,8954,pixel3,ImageNet16-120,28.733334,0.424855,0.630503,16199
8,17,898,pixel3,ImageNet16-120,42.466667,2.467210,0.630503,16199
8,17,2002,pixel3,ImageNet16-120,32.277780,0.617751,0.630503,16199
8,17,1425,pixel3,ImageNet16-120,45.977780,4.619290,0.630503,16199
8,17,2899,pixel3,ImageNet16-120,43.911110,2.701210,0.630503,16199
8,18,4988,raspi4,ImageNet16-120,28.933332,1.003251,0.675136,16186
8,18,10835,raspi4,ImageNet16-120,45.233334,6.632419,0.675136,16186
8,18,2779,raspi4,ImageNet16-120,37.355556,2.190654,0.675136,16186
8,18,8355,raspi4,ImageNet16-120,39.666668,3.083286,0.675136,16186
8,18,11584,raspi4,ImageNet16-120,46.666668,8.014434,0.675136,16186
8,18,8733,raspi4,ImageNet16-120,46.600000,7.477213,0.675136,16186
8,18,3960,raspi4,ImageNet16-120,37.755554,2.197980,0.675136,16186
8,18,5637,raspi4,ImageNet16-120,33.933334,1.580707,0.675136,16186
8,18,1188,raspi4,ImageNet16-120,32.455555,1.526725,0.675136,16186
8,18,1939,raspi4,ImageNet16-120,45.077778,5.341908,0.675136,16186
8,18,219,raspi4,ImageNet16-120,42.500000,3.768475,0.675136,16186
8,18,15383,raspi4,ImageNet16-120,47.033333,8.565354,0.675136,16186
8,18,11946,raspi4,ImageNet16-120,28.200000,0.940293,0.675136,16186
8,18,1204,raspi4,ImageNet16-120,37.844444,2.199356,0.675136,16186
8,18,6854,raspi4,ImageNet16-120,40.800000,3.661016,0.675136,16186
8,18,14417,raspi4,ImageNet16-120,45.900000,6.948865,0.675136,16186
8,18,933,raspi4,ImageNet16-120,0.833333,0.011514,0.675136,16186
8,18,3782,raspi4,ImageNet16-120,41.866665,3.755286,0.675136,16186
8,18,857,raspi4,ImageNet16-120,47.311110,9.020064,0.675136,16186
8,18,9032,raspi4,ImageNet16-120,38.016666,2.201532,0.675136,16186
8,18,14792,raspi4,ImageNet16-120,43.033333,3.792447,0.675136,16186
8,18,8683,raspi4,ImageNet16-120,44.200000,4.462997,0.675136,16186
8,18,10472,raspi4,ImageNet16-120,39.633335,3.079679,0.675136,16186
8,18,9496,raspi4,ImageNet16-120,38.200000,2.204048,0.675136,16186
8,18,15363,raspi4,ImageNet16-120,44.333332,4.480516,0.675136,16186
8,18,4995,raspi4,ImageNet16-120,42.166668,3.766336,0.675136,16186
8,18,12505,raspi4,ImageNet16-120,39.283333,3.062432,0.675136,16186
8,18,6787,raspi4,ImageNet16-120,44.400000,4.532777,0.675136,16186
8,18,15107,raspi4,ImageNet16-120,39.800000,3.083329,0.675136,16186
8,18,3687,raspi4,ImageNet16-120,34.066666,1.583497,0.675136,16186
8,18,11079,raspi4,ImageNet16-120,43.566666,3.802027,0.675136,16186
8,18,7187,raspi4,ImageNet16-120,28.683332,0.952790,0.675136,16186
8,18,735,raspi4,ImageNet16-120,38.544445,2.911079,0.675136,16186
8,18,13059,raspi4,ImageNet16-120,34.266666,1.595651,0.675136,16186
8,18,5530,raspi4,ImageNet16-120,42.577778,3.785925,0.675136,16186
8,18,10017,raspi4,ImageNet16-120,40.566666,3.181383,0.675136,16186
8,18,8426,raspi4,ImageNet16-120,44.633335,5.288439,0.675136,16186
8,18,13771,raspi4,ImageNet16-120,32.744446,1.533813,0.675136,16186
8,18,1413,raspi4,ImageNet16-120,42.711113,3.788479,0.675136,16186
8,18,14697,raspi4,ImageNet16-120,33.900000,1.580382,0.675136,16186
8,18,14677,raspi4,ImageNet16-120,33.233334,1.537227,0.675136,16186
8,18,8884,raspi4,ImageNet16-120,45.033333,5.293177,0.675136,16186
8,18,3431,raspi4,ImageNet16-120,32.966667,1.536690,0.675136,16186
8,18,9806,raspi4,ImageNet16-120,39.966667,3.162904,0.675136,16186
8,18,7227,raspi4,ImageNet16-120,32.533333,1.530737,0.675136,16186
8,18,6868,raspi4,ImageNet16-120,39.000000,2.982937,0.675136,16186
8,18,10167,raspi4,ImageNet16-120,39.944443,3.106316,0.675136,16186
8,18,8736,raspi4,ImageNet16-120,45.700000,6.658077,0.675136,16186
8,18,12358,raspi4,ImageNet16-120,34.055557,1.582727,0.675136,16186
9,1,6960,edgegpu,cifar10,92.280000,1.764450,0.498863,16513
9,1,10484,edgegpu,cifar10,93.810000,3.354015,0.498863,16513
9,1,6330,edgegpu,cifar10,94.006670,4.384699,0.498863,16513
9,1,2053,edgegpu,cifar10,94.206665,5.482254,0.498863,16513
9,1,561,edgegpu,cifar10,86.880000,1.451068,0.498863,16513
9,1,11438,edgegpu,cifar10,92.500000,1.846719,0.498863,16513
9,1,13714,edgegpu,cifar10,94.373340,6.772180,0.498863,16513
9,1,13401,edgegpu,cifar10,87.010000,1.457009,0.498863,16513
9,1,5400,edgegpu,cifar10,86.630000,1.427460,0.498863,16513
9,1,5780,edgegpu,cifar10,93.980000,3.361888,0.498863,16513
9,1,14527,edgegpu,cifar10,86.765000,1.439619,0.498863,16513
9,1,1459,edgegpu,cifar10,94.296670,6.748991,0.498863,16513
9,1,11810,edgegpu,cifar10,92.780000,1.992798,0.498863,16513
9,1,1339,edgegpu,cifar10,92.136665,1.751881,0.498863,16513
9,1,14090,edgegpu,cifar10,92.086670,1.749086,0.498863,16513
9,1,2776,edgegpu,cifar10,93.666664,3.331194,0.498863,16513
9,1,6499,edgegpu,cifar10,93.645000,3.331041,0.498863,16513
9,1,1549,edgegpu,cifar10,86.710000,1.436324,0.498863,16513
9,1,5292,edgegpu,cifar10,94.293335,6.663151,0.498863,16513
9,1,9099,edgegpu,cifar10,93.940000,3.357520,0.498863,16513
9,1,14407,edgegpu,cifar10,86.770000,1.440282,0.498863,16513
9,1,11692,edgegpu,cifar10,94.130000,4.708362,0.498863,16513
9,1,258,edgegpu,cifar10,93.640000,3.307109,0.498863,16513
9,1,6950,edgegpu,cifar10,92.000000,1.738467,0.498863,16513
9,1,15200,edgegpu,cifar10,10.000000,0.501385,0.498863,16513
9,2,11112,edgetpu,cifar10,92.110000,0.480732,0.512661,15949
9,2,797,edgetpu,cifar10,93.280000,0.627996,0.512661,15949
9,2,9817,edgetpu,cifar10,93.490000,0.723286,0.512661,15949
9,2,9950,edgetpu,cifar10,93.840000,0.723767,0.512661,15949
9,2,3731,edgetpu,cifar10,94.343330,1.282820,0.512661,15949
9,2,5111,edgetpu,cifar10,94.306660,1.152010,0.512661,15949
9,2,13714,edgetpu,cifar10,94.373340,1.377865,0.512661,15949
9,2,5780,edgetpu,cifar10,93.980000,0.723967,0.512661,15949
9,2,10293,edgetpu,cifar10,86.513336,0.352328,0.512661,15949
9,2,6918,edgetpu,cifar10,87.000000,0.375819,0.512661,15949
9,2,11810,edgetpu,cifar10,92.780000,0.482879,0.512661,15949
9,2,9689,edgetpu,cifar10,93.370000,0.628386,0.512661,15949
9,2,2053,edgetpu,cifar10,94.206665,1.042178,0.512661,15949
9,2,6382,edgetpu,cifar10,93.376660,0.628638,0.512661,15949
9,2,11692,edgetpu,cifar10,94.130000,0.761100,0.512661,15949
9,2,8192,edgetpu,cifar10,93.093330,0.627745,0.512661,15949
9,2,5647,edgetpu,cifar10,89.110000,0.389378,0.512661,15949
9,2,7937,edgetpu,cifar10,88.610000,0.388867,0.512661,15949
9,2,9722,edgetpu,cifar10,93.540000,0.723575,0.512661,15949
9,2,8008,edgetpu,cifar10,93.480000,0.629746,0.512661,15949
9,2,4161,edgetpu,cifar10,89.250000,0.391221,0.512661,15949
9,2,13611,edgetpu,cifar10,92.490000,0.481826,0.512661,15949
9,2,12439,edgetpu,cifar10,86.393330,0.352159,0.512661,15949
9,2,10683,edgetpu,cifar10,92.330000,0.481277,0.512661,15949
9,2,11438,edgetpu,cifar10,92.500000,0.482393,0.512661,15949
9,2,7017,edgetpu,cifar10,86.970000,0.353089,0.512661,15949
9,2,9380,edgetpu,cifar10,89.335000,0.395662,0.512661,15949
9,3,8592,eyeriss,cifar10,93.750000,3.891380,0.499499,16629
9,3,5111,eyeriss,cifar10,94.306660,5.365940,0.499499,16629
9,3,8323,eyeriss,cifar10,90.870000,2.171060,0.499499,16629
9,3,3687,eyeriss,cifar10,89.820000,1.925300,0.499499,16629
9,3,6854,eyeriss,cifar10,91.040000,2.662580,0.499499,16629
9,3,3731,eyeriss,cifar10,94.343330,6.594740,0.499499,16629
9,3,11472,eyeriss,cifar10,93.970000,4.628660,0.499499,16629
9,3,8008,eyeriss,cifar10,93.480000,3.399860,0.499499,16629
9,3,13714,eyeriss,cifar10,94.373340,7.823540,0.499499,16629
9,3,6111,eyeriss,cifar10,94.373340,7.823540,0.499499,16629
9,3,6899,eyeriss,cifar10,90.900000,2.416820,0.499499,16629
9,3,13611,eyeriss,cifar10,92.490000,3.154100,0.499499,16629
9,3,14112,eyeriss,cifar10,91.296670,2.908340,0.499499,16629
9,3,4384,eyeriss,cifar10,86.796670,1.679540,0.499499,16629
9,3,6584,eyeriss,cifar10,94.160000,4.874420,0.499499,16629
9,3,13987,eyeriss,cifar10,93.596664,3.645620,0.499499,16629
9,4,8008,fpga,cifar10,93.480000,2.905760,0.442856,16317
9,4,3731,fpga,cifar10,94.343330,5.936160,0.442856,16317
9,4,11525,fpga,cifar10,90.000000,2.057760,0.442856,16317
9,4,11472,fpga,cifar10,93.970000,3.648160,0.442856,16317
9,4,11692,fpga,cifar10,94.130000,4.163360,0.442856,16317
9,4,6111,fpga,cifar10,94.373340,6.678560,0.442856,16317
9,4,13611,fpga,cifar10,92.490000,2.390560,0.442856,16317
9,4,5111,fpga,cifar10,94.306660,5.193760,0.442856,16317
9,4,13714,fpga,cifar10,94.373340,6.678560,0.442856,16317
9,4,8323,fpga,cifar10,90.870000,2.163360,0.442856,16317
9,4,3687,fpga,cifar10,89.820000,1.648160,0.442856,16317
9,4,4384,fpga,cifar10,86.796670,1.132960,0.442856,16317
9,4,10412,fpga,cifar10,93.530000,3.420960,0.442856,16317
9,5,3731,pixel3,cifar10,94.343330,23.361300,0.689256,16259
9,5,8695,pixel3,cifar10,94.220000,17.564500,0.689256,16259
9,5,55,pixel3,cifar10,86.756670,1.057440,0.689256,16259
9,5,6899,pixel3,cifar10,90.900000,3.961410,0.689256,16259
9,5,13869,pixel3,cifar10,93.656670,10.634700,0.689256,16259
9,5,1781,pixel3,cifar10,89.883330,1.712020,0.689256,16259
9,5,10689,pixel3,cifar10,90.790000,2.669770,0.689256,16259
9,5,6854,pixel3,cifar10,91.040000,4.514220,0.689256,16259
9,5,8592,pixel3,cifar10,93.750000,10.769800,0.689256,16259
9,5,2779,pixel3,cifar10,90.806660,3.102950,0.689256,16259
9,5,4627,pixel3,cifar10,93.270000,7.036050,0.689256,16259
9,5,5111,pixel3,cifar10,94.306660,17.584600,0.689256,16259
9,5,2018,pixel3,cifar10,94.063330,14.960500,0.689256,16259
9,5,1416,pixel3,cifar10,89.546670,1.691430,0.689256,16259
9,5,13171,pixel3,cifar10,93.530000,7.717220,0.689256,16259
9,5,7017,pixel3,cifar10,86.970000,1.403930,0.689256,16259
9,5,5224,pixel3,cifar10,88.980000,1.570360,0.689256,16259
9,5,1943,pixel3,cifar10,93.116670,6.492030,0.689256,16259
9,5,6382,pixel3,cifar10,93.376660,7.048190,0.689256,16259
9,5,1941,pixel3,cifar10,93.533330,9.128690,0.689256,16259
9,5,13987,pixel3,cifar10,93.596664,9.922680,0.689256,16259
9,5,8323,pixel3,cifar10,90.870000,3.106420,0.689256,16259
9,5,9230,pixel3,cifar10,86.580000,1.056760,0.689256,16259
9,5,6624,pixel3,cifar10,89.120000,1.670570,0.689256,16259
9,5,6111,pixel3,cifar10,94.373340,23.584800,0.689256,16259
9,5,6434,pixel3,cifar10,91.080000,4.811140,0.689256,16259
9,5,11972,pixel3,cifar10,91.510000,5.627010,0.689256,16259
9,5,6918,pixel3,cifar10,87.000000,1.478790,0.689256,16259
9,5,25,pixel3,cifar10,86.540000,1.054570,0.689256,16259
9,5,12452,pixel3,cifar10,91.350000,5.590110,0.689256,16259
9,5,7001,pixel3,cifar10,10.000000,0.003277,0.689256,16259
9,5,1497,pixel3,cifar10,86.556660,1.056630,0.689256,16259
9,5,7197,pixel3,cifar10,90.366670,2.447670,0.689256,16259
9,5,1804,pixel3,cifar10,89.063330,1.579900,0.689256,16259
9,5,11692,pixel3,cifar10,94.130000,15.490100,0.689256,16259
9,5,6985,pixel3,cifar10,89.940000,2.367450,0.689256,16259
9,5,6584,pixel3,cifar10,94.160000,15.720300,0.689256,16259
9,5,13096,pixel3,cifar10,90.700000,2.666040,0.689256,16259
9,5,1339,pixel3,cifar10,92.136665,5.802240,0.689256,16259
9,5,2035,pixel3,cifar10,89.670000,1.706480,0.689256,16259
9,5,8836,pixel3,cifar10,92.220000,6.313990,0.689256,16259
9,5,1894,pixel3,cifar10,92.110000,5.778250,0.689256,16259
9,5,6330,pixel3,cifar10,94.006670,11.512400,0.689256,16259
9,6,1690,raspi4,cifar10,86.646670,2.536549,0.611658,16245
9,6,5780,raspi4,cifar10,93.980000,34.928463,0.611658,16245
9,6,6111,raspi4,cifar10,94.373340,68.404106,0.611658,16245
9,6,8008,raspi4,cifar10,93.480000,22.571420,0.611658,16245
9,6,7207,raspi4,cifar10,89.803340,5.099723,0.611658,16245
9,6,7058,raspi4,cifar10,92.040000,16.469465,0.611658,16245
9,6,14565,raspi4,cifar10,88.880000,4.781183,0.611658,16245
9,6,3731,raspi4,cifar10,94.343330,58.070793,0.611658,16245
9,6,6953,raspi4,cifar10,91.990000,15.601654,0.611658,16245
9,6,1804,raspi4,cifar10,89.063330,4.791845,0.611658,16245
9,6,9271,raspi4,cifar10,89.250000,4.830311,0.611658,16245
9,6,6960,raspi4,cifar10,92.280000,17.162752,0.611658,16245
9,6,3687,raspi4,cifar10,89.820000,5.156255,0.611658,16245
9,6,11692,raspi4,cifar10,94.130000,37.583630,0.611658,16245
9,6,1781,raspi4,cifar10,89.883330,5.961801,0.611658,16245
9,6,1962,raspi4,cifar10,86.530000,2.529453,0.611658,16245
9,6,8323,raspi4,cifar10,90.870000,7.426308,0.611658,16245
9,6,11810,raspi4,cifar10,92.780000,18.619905,0.611658,16245
9,6,8426,raspi4,cifar10,93.840000,31.394428,0.611658,16245
9,6,5111,raspi4,cifar10,94.306660,41.756905,0.611658,16245
9,6,14677,raspi4,cifar10,88.670000,4.755260,0.611658,16245
9,6,1941,raspi4,cifar10,93.533330,25.121769,0.611658,16245
9,6,7017,raspi4,cifar10,86.970000,2.544041,0.611658,16245
9,6,11533,raspi4,cifar10,93.420000,21.715693,0.611658,16245
9,6,6382,raspi4,cifar10,93.376660,21.461164,0.611658,16245
9,6,8592,raspi4,cifar10,93.750000,25.477009,0.611658,16245
9,6,10412,raspi4,cifar10,93.530000,25.079220,0.611658,16245
9,6,12002,raspi4,cifar10,93.510000,24.816572,0.611658,16245
9,6,11972,raspi4,cifar10,91.510000,12.403558,0.611658,16245
9,6,13846,raspi4,cifar10,90.720000,7.176163,0.611658,16245
9,6,9980,raspi4,cifar10,10.000000,0.011284,0.611658,16245
9,6,9380,raspi4,cifar10,89.335000,4.875613,0.611658,16245
9,6,2035,raspi4,cifar10,89.670000,4.984099,0.611658,16245
9,6,6918,raspi4,cifar10,87.000000,2.787590,0.611658,16245
9,6,2058,raspi4,cifar10,93.270000,19.484835,0.611658,16245
9,6,10275,raspi4,cifar10,91.080000,9.993188,0.611658,16245
9,6,6584,raspi4,cifar10,94.160000,38.818527,0.611658,16245
9,6,4210,raspi4,cifar10,89.030000,4.782748,0.611658,16245
9,7,2778,edgegpu,cifar100,72.993330,6.134028,0.547551,16311
9,7,12415,edgegpu,cifar100,71.940000,4.828467,0.547551,16311
9,7,6381,edgegpu,cifar100,66.800000,1.753340,0.547551,16311
9,7,9922,edgegpu,cifar100,58.560000,1.428552,0.547551,16311
9,7,4954,edgegpu,cifar100,73.000000,6.669736,0.547551,16311
9,7,9930,edgegpu,cifar100,73.513336,6.803060,0.547551,16311
9,7,2304,edgegpu,cifar100,58.660000,1.440253,0.547551,16311
9,7,11810,edgegpu,cifar100,68.300000,1.779551,0.547551,16311
9,7,8401,edgegpu,cifar100,71.080000,3.302102,0.547551,16311
9,7,1425,edgegpu,cifar100,72.093330,5.310225,0.547551,16311
9,7,9997,edgegpu,cifar100,71.520000,3.466139,0.547551,16311
9,7,4418,edgegpu,cifar100,72.746666,5.352364,0.547551,16311
9,7,6124,edgegpu,cifar100,68.360000,3.185835,0.547551,16311
9,7,1038,edgegpu,cifar100,67.500000,1.758428,0.547551,16311
9,7,11067,edgegpu,cifar100,58.186670,1.427836,0.547551,16311
9,7,11885,edgegpu,cifar100,68.040000,1.776652,0.547551,16311
9,7,1509,edgegpu,cifar100,1.000000,0.505853,0.547551,16311
9,7,8912,edgegpu,cifar100,59.200000,1.441355,0.547551,16311
9,7,3888,edgegpu,cifar100,73.260000,6.797867,0.547551,16311
9,8,577,edgetpu,cifar100,69.680000,0.635228,0.586466,16122
9,8,9271,edgetpu,cifar100,63.400000,0.393151,0.586466,16122
9,8,781,edgetpu,cifar100,67.960000,0.487922,0.586466,16122
9,8,12415,edgetpu,cifar100,71.940000,0.872299,0.586466,16122
9,8,15363,edgetpu,cifar100,70.520000,0.676394,0.586466,16122
9,8,69,edgetpu,cifar100,71.020000,0.727259,0.586466,16122
9,8,8912,edgetpu,cifar100,59.200000,0.377698,0.586466,16122
9,8,1110,edgetpu,cifar100,58.840000,0.355938,0.586466,16122
9,8,5019,edgetpu,cifar100,58.880000,0.357058,0.586466,16122
9,8,1383,edgetpu,cifar100,70.273330,0.673722,0.586466,16122
9,8,9997,edgetpu,cifar100,71.520000,0.729986,0.586466,16122
9,8,11533,edgetpu,cifar100,69.760000,0.635877,0.586466,16122
9,8,10000,edgetpu,cifar100,73.160000,1.283461,0.586466,16122
9,8,797,edgetpu,cifar100,69.580000,0.633351,0.586466,16122
9,8,8401,edgetpu,cifar100,71.080000,0.728572,0.586466,16122
9,8,1425,edgetpu,cifar100,72.093330,0.910660,0.586466,16122
9,8,8638,edgetpu,cifar100,58.860000,0.356631,0.586466,16122
9,8,9930,edgetpu,cifar100,73.513336,1.454107,0.586466,16122
9,8,4418,edgetpu,cifar100,72.746666,1.093699,0.586466,16122
9,8,857,edgetpu,cifar100,72.880000,1.264168,0.586466,16122
9,8,777,edgetpu,cifar100,58.650000,0.355588,0.586466,16122
9,8,13829,edgetpu,cifar100,66.873340,0.485137,0.586466,16122
9,8,10443,edgetpu,cifar100,68.300000,0.489020,0.586466,16122
9,8,3303,edgetpu,cifar100,62.420000,0.392593,0.586466,16122
9,8,12424,edgetpu,cifar100,69.980000,0.638946,0.586466,16122
9,8,12574,edgetpu,cifar100,72.740000,0.932430,0.586466,16122
9,8,3888,edgetpu,cifar100,73.260000,1.316226,0.586466,16122
9,8,14945,edgetpu,cifar100,58.500000,0.354940,0.586466,16122
9,8,2705,edgetpu,cifar100,62.813330,0.393026,0.586466,16122
9,8,12607,edgetpu,cifar100,62.600000,0.392830,0.586466,16122
9,8,4155,edgetpu,cifar100,62.306667,0.391442,0.586466,16122
9,8,12761,edgetpu,cifar100,72.860000,1.225212,0.586466,16122
9,8,11112,edgetpu,cifar100,66.893330,0.486713,0.586466,16122
9,8,1996,edgetpu,cifar100,67.820000,0.486748,0.586466,16122
9,8,1943,edgetpu,cifar100,69.626660,0.634759,0.586466,16122
9,9,11973,eyeriss,cifar100,70.340000,3.402880,0.444020,16618
9,9,11301,eyeriss,cifar100,68.220000,2.665600,0.444020,16618
9,9,12820,eyeriss,cifar100,67.720000,2.419840,0.444020,16618
9,9,14714,eyeriss,cifar100,71.280000,4.140160,0.444020,16618
9,9,6925,eyeriss,cifar100,71.220000,3.894400,0.444020,16618
9,9,14112,eyeriss,cifar100,68.386665,2.911360,0.444020,16618
9,9,10689,eyeriss,cifar100,67.500000,2.174080,0.444020,16618
9,9,6787,eyeriss,cifar100,70.720000,3.648640,0.444020,16618
9,9,12574,eyeriss,cifar100,72.740000,5.123200,0.444020,16618
9,9,3888,eyeriss,cifar100,73.260000,6.597760,0.444020,16618
9,9,9930,eyeriss,cifar100,73.513336,9.055360,0.444020,16618
9,9,8139,eyeriss,cifar100,64.440000,1.928320,0.444020,16618
9,9,375,eyeriss,cifar100,64.440000,1.928320,0.444020,16618
9,9,5084,eyeriss,cifar100,58.813330,1.682560,0.444020,16618
9,9,3540,eyeriss,cifar100,71.500000,4.877440,0.444020,16618
9,9,12761,eyeriss,cifar100,72.860000,6.352000,0.444020,16618
9,10,5651,fpga,cifar100,64.690000,1.648160,0.470162,16231
9,10,14714,fpga,cifar100,71.280000,4.451360,0.470162,16231
9,10,12761,fpga,cifar100,72.860000,5.420960,0.470162,16231
9,10,15033,fpga,cifar100,67.793335,2.390560,0.470162,16231
9,10,6925,fpga,cifar100,71.220000,3.936160,0.470162,16231
9,10,7897,fpga,cifar100,71.230000,4.163360,0.470162,16231
9,10,10689,fpga,cifar100,67.500000,2.163360,0.470162,16231
9,10,12574,fpga,cifar100,72.740000,4.678560,0.470162,16231
9,10,4249,fpga,cifar100,65.080000,2.057760,0.470162,16231
9,10,9930,fpga,cifar100,73.513336,7.420960,0.470162,16231
9,10,3888,fpga,cifar100,73.260000,5.936160,0.470162,16231
9,10,6787,fpga,cifar100,70.720000,3.420960,0.470162,16231
9,10,12295,fpga,cifar100,71.160000,3.648160,0.470162,16231
9,10,5033,fpga,cifar100,59.060000,1.542560,0.470162,16231
9,10,11979,fpga,cifar100,68.000000,2.800160,0.470162,16231
9,10,11973,fpga,cifar100,70.340000,2.905760,0.470162,16231
9,10,5084,fpga,cifar100,58.813330,1.132960,0.470162,16231
9,10,9997,fpga,cifar100,71.520000,4.572960,0.470162,16231
9,11,1631,pixel3,cifar100,63.986668,1.805000,0.646505,16456
9,11,12574,pixel3,cifar100,72.740000,16.473900,0.646505,16456
9,11,1459,pixel3,cifar100,73.140000,23.437900,0.646505,16456
9,11,8638,pixel3,cifar100,58.860000,1.478570,0.646505,16456
9,11,8912,pixel3,cifar100,59.200000,1.478790,0.646505,16456
9,11,11000,pixel3,cifar100,71.180000,10.677600,0.646505,16456
9,11,14112,pixel3,cifar100,68.386665,5.745320,0.646505,16456
9,11,6985,pixel3,cifar100,64.160000,2.372000,0.646505,16456
9,11,485,pixel3,cifar100,67.593330,4.124800,0.646505,16456
9,11,10689,pixel3,cifar100,67.500000,3.109220,0.646505,16456
9,11,15363,pixel3,cifar100,70.520000,9.708640,0.646505,16456
9,11,6925,pixel3,cifar100,71.220000,10.688000,0.646505,16456
9,11,12970,pixel3,cifar100,68.140000,4.782110,0.646505,16456
9,11,1450,pixel3,cifar100,70.506670,9.337360,0.646505,16456
9,11,3888,pixel3,cifar100,73.260000,23.477200,0.646505,16456
9,11,6787,pixel3,cifar100,70.720000,9.854430,0.646505,16456
9,11,1409,pixel3,cifar100,58.853333,1.275090,0.646505,16456
9,11,11301,pixel3,cifar100,68.220000,5.352090,0.646505,16456
9,11,699,pixel3,cifar100,72.240000,12.079400,0.646505,16456
9,11,9930,pixel3,cifar100,73.513336,42.003600,0.646505,16456
9,11,857,pixel3,cifar100,72.880000,19.113200,0.646505,16456
9,11,1090,pixel3,cifar100,65.220000,2.811310,0.646505,16456
9,11,777,pixel3,cifar100,58.650000,1.087020,0.646505,16456
9,11,858,pixel3,cifar100,64.133330,2.003500,0.646505,16456
9,11,906,pixel3,cifar100,62.393333,1.661810,0.646505,16456
9,11,978,pixel3,cifar100,64.180000,2.372340,0.646505,16456
9,11,898,pixel3,cifar100,70.000000,6.516140,0.646505,16456
9,11,6337,pixel3,cifar100,1.000000,0.008753,0.646505,16456
9,11,8323,pixel3,cifar100,67.080000,3.106340,0.646505,16456
9,11,5651,pixel3,cifar100,64.690000,2.376870,0.646505,16456
9,11,1593,pixel3,cifar100,62.126667,1.582050,0.646505,16456
9,11,4659,pixel3,cifar100,70.060000,9.026280,0.646505,16456
9,11,10042,pixel3,cifar100,64.880000,2.794690,0.646505,16456
9,11,724,pixel3,cifar100,67.053340,2.875650,0.646505,16456
9,12,12574,raspi4,cifar100,72.740000,36.371254,0.582265,16301
9,12,4409,raspi4,cifar100,67.173330,7.228629,0.582265,16301
9,12,10689,raspi4,cifar100,67.500000,7.381845,0.582265,16301
9,12,9997,raspi4,cifar100,71.520000,34.996710,0.582265,16301
9,12,7030,raspi4,cifar100,69.600000,19.218203,0.582265,16301
9,12,10042,raspi4,cifar100,64.880000,5.100886,0.582265,16301
9,12,14714,raspi4,cifar100,71.280000,24.692347,0.582265,16301
9,12,14112,raspi4,cifar100,68.386665,14.423308,0.582265,16301
9,12,4418,raspi4,cifar100,72.746666,47.162354,0.582265,16301
9,12,2222,raspi4,cifar100,58.313330,2.538255,0.582265,16301
9,12,6177,raspi4,cifar100,62.373333,4.795128,0.582265,16301
9,12,13430,raspi4,cifar100,66.700000,7.203785,0.582265,16301
9,12,14612,raspi4,cifar100,58.720000,2.563505,0.582265,16301
9,12,12761,raspi4,cifar100,72.860000,53.718200,0.582265,16301
9,12,3888,raspi4,cifar100,73.260000,55.029520,0.582265,16301
9,12,6822,raspi4,cifar100,58.426666,2.558594,0.582265,16301
9,12,8912,raspi4,cifar100,59.200000,2.818969,0.582265,16301
9,12,6925,raspi4,cifar100,71.220000,24.195030,0.582265,16301
9,12,12915,raspi4,cifar100,66.950000,7.226311,0.582265,16301
9,12,15589,raspi4,cifar100,59.060000,2.795078,0.582265,16301
9,12,1572,raspi4,cifar100,69.900000,19.916142,0.582265,16301
9,12,2035,raspi4,cifar100,63.926666,5.005698,0.582265,16301
9,12,375,raspi4,cifar100,64.440000,5.099302,0.582265,16301
9,12,3408,raspi4,cifar100,63.993332,5.081906,0.582265,16301
9,12,9930,raspi4,cifar100,73.513336,71.152000,0.582265,16301
9,12,898,raspi4,cifar100,70.000000,21.506163,0.582265,16301
9,12,1459,raspi4,cifar100,73.140000,53.879950,0.582265,16301
9,12,9271,raspi4,cifar100,63.400000,4.800893,0.582265,16301
9,12,8740,raspi4,cifar100,1.000000,0.015215,0.582265,16301
9,12,3487,raspi4,cifar100,70.093330,21.603350,0.582265,16301
9,12,6787,raspi4,cifar100,70.720000,23.081835,0.582265,16301
9,12,10222,raspi4,cifar100,58.860000,2.747804,0.582265,16301
9,12,9926,raspi4,cifar100,63.520000,4.999532,0.582265,16301
9,12,14792,raspi4,cifar100,69.500000,19.111843,0.582265,16301
9,12,7891,raspi4,cifar100,67.550000,12.536592,0.582265,16301
9,12,15363,raspi4,cifar100,70.520000,21.809430,0.582265,16301
9,12,2063,raspi4,cifar100,62.320000,4.792511,0.582265,16301
9,12,6918,raspi4,cifar100,58.800000,2.571364,0.582265,16301
9,13,11217,edgegpu,ImageNet16-120,43.466667,3.316708,0.595051,16338
9,13,8884,edgegpu,ImageNet16-120,45.033333,3.499999,0.595051,16338
9,13,13760,edgegpu,ImageNet16-120,32.333332,1.739759,0.595051,16338
9,13,4946,edgegpu,ImageNet16-120,44.700000,3.490419,0.595051,16338
9,13,4988,edgegpu,ImageNet16-120,28.933332,1.448212,0.595051,16338
9,13,9722,edgegpu,ImageNet16-120,44.000000,3.327813,0.595051,16338
9,13,10947,edgegpu,ImageNet16-120,39.944443,1.909800,0.595051,16338
9,13,14612,edgegpu,ImageNet16-120,28.488890,1.434064,0.595051,16338
9,13,2650,edgegpu,ImageNet16-120,42.433334,3.309817,0.595051,16338
9,13,15159,edgegpu,ImageNet16-120,45.566666,4.632421,0.595051,16338
9,13,15383,edgegpu,ImageNet16-120,47.033333,6.262836,0.595051,16338
9,13,4587,edgegpu,ImageNet16-120,28.800000,1.445131,0.595051,16338
9,13,15288,edgegpu,ImageNet16-120,28.422222,1.417041,0.595051,16338
9,13,12415,edgegpu,ImageNet16-120,46.566666,4.667692,0.595051,16338
9,13,7187,edgegpu,ImageNet16-120,28.683332,1.443858,0.595051,16338
9,13,6950,edgegpu,ImageNet16-120,38.700000,1.740150,0.595051,16338
9,13,15376,edgegpu,ImageNet16-120,0.833333,0.533953,0.595051,16338
9,13,14117,edgegpu,ImageNet16-120,28.677778,1.435547,0.595051,16338
9,13,8426,edgegpu,ImageNet16-120,44.633335,3.370147,0.595051,16338
9,13,14840,edgegpu,ImageNet16-120,45.311110,4.224715,0.595051,16338
9,13,8401,edgegpu,ImageNet16-120,43.833332,3.322444,0.595051,16338
9,13,7760,edgegpu,ImageNet16-120,39.100000,1.743751,0.595051,16338
9,13,4332,edgegpu,ImageNet16-120,39.444443,1.745496,0.595051,16338
9,13,1164,edgegpu,ImageNet16-120,28.522223,1.435223,0.595051,16338
9,13,454,edgegpu,ImageNet16-120,41.277780,3.303313,0.595051,16338
9,13,857,edgegpu,ImageNet16-120,47.311110,6.707663,0.595051,16338
9,13,13411,edgegpu,ImageNet16-120,31.855556,1.736240,0.595051,16338
9,13,12812,edgegpu,ImageNet16-120,40.100000,3.174190,0.595051,16338
9,13,9586,edgegpu,ImageNet16-120,46.933334,5.222673,0.595051,16338
9,13,4160,edgegpu,ImageNet16-120,39.833332,1.756272,0.595051,16338
9,13,5751,edgegpu,ImageNet16-120,40.044445,2.434626,0.595051,16338
9,13,1449,edgegpu,ImageNet16-120,40.077778,3.075252,0.595051,16338
9,14,11282,edgetpu,ImageNet16-120,39.633335,0.428409,0.483670,15940
9,14,15363,edgetpu,ImageNet16-120,44.333332,0.582280,0.483670,15940
9,14,6950,edgetpu,ImageNet16-120,38.700000,0.427379,0.483670,15940
9,14,15383,edgetpu,ImageNet16-120,47.033333,0.780914,0.483670,15940
9,14,3540,edgetpu,ImageNet16-120,45.122223,0.648670,0.483670,15940
9,14,12415,edgetpu,ImageNet16-120,46.566666,0.710906,0.483670,15940
9,14,15107,edgetpu,ImageNet16-120,39.800000,0.430284,0.483670,15940
9,14,4988,edgetpu,ImageNet16-120,28.933332,0.360694,0.483670,15940
9,14,10167,edgetpu,ImageNet16-120,39.944443,0.444058,0.483670,15940
9,14,7273,edgetpu,ImageNet16-120,42.966667,0.550014,0.483670,15940
9,14,13769,edgetpu,ImageNet16-120,41.555557,0.549360,0.483670,15940
9,14,70,edgetpu,ImageNet16-120,39.377777,0.428228,0.483670,15940
9,14,4830,edgetpu,ImageNet16-120,42.233334,0.549457,0.483670,15940
9,14,14677,edgetpu,ImageNet16-120,33.233334,0.364575,0.483670,15940
9,14,4160,edgetpu,ImageNet16-120,39.833332,0.430355,0.483670,15940
9,14,857,edgetpu,ImageNet16-120,47.311110,0.997730,0.483670,15940
9,14,7750,edgetpu,ImageNet16-120,43.066666,0.551617,0.483670,15940
9,14,10888,edgetpu,ImageNet16-120,28.333334,0.359044,0.483670,15940
9,14,11079,edgetpu,ImageNet16-120,43.566666,0.552430,0.483670,15940
9,14,8884,edgetpu,ImageNet16-120,45.033333,0.615792,0.483670,15940
9,14,10332,edgetpu,ImageNet16-120,40.033333,0.516152,0.483670,15940
9,14,13931,edgetpu,ImageNet16-120,28.788889,0.360349,0.483670,15940
9,14,5674,edgetpu,ImageNet16-120,39.650000,0.428605,0.483670,15940
9,14,9689,edgetpu,ImageNet16-120,42.533333,0.549702,0.483670,15940
9,14,15014,edgetpu,ImageNet16-120,28.266666,0.358110,0.483670,15940
9,14,6407,edgetpu,ImageNet16-120,32.333332,0.363748,0.483670,15940
9,14,10017,edgetpu,ImageNet16-120,40.566666,0.524950,0.483670,15940
9,14,7837,edgetpu,ImageNet16-120,32.111110,0.363571,0.483670,15940
9,14,12231,edgetpu,ImageNet16-120,40.200000,0.518358,0.483670,15940
9,14,5530,edgetpu,ImageNet16-120,42.577778,0.549937,0.483670,15940
9,14,13972,edgetpu,ImageNet16-120,31.933332,0.363440,0.483670,15940
9,14,11885,edgetpu,ImageNet16-120,39.166668,0.427395,0.483670,15940
9,14,4627,edgetpu,ImageNet16-120,43.500000,0.552306,0.483670,15940
9,14,6520,edgetpu,ImageNet16-120,32.383335,0.363944,0.483670,15940
9,14,14840,edgetpu,ImageNet16-120,45.311110,0.666690,0.483670,15940
9,14,8447,edgetpu,ImageNet16-120,40.011112,0.514586,0.483670,15940
9,14,7396,edgetpu,ImageNet16-120,40.177776,0.517218,0.483670,15940
9,14,7357,edgetpu,ImageNet16-120,44.666668,0.600498,0.483670,15940
9,15,2835,eyeriss,ImageNet16-120,38.222220,0.545920,0.465036,16693
9,15,857,eyeriss,ImageNet16-120,47.311110,1.651840,0.465036,16693
9,15,8008,eyeriss,ImageNet16-120,43.500000,0.853120,0.465036,16693
9,15,8853,eyeriss,ImageNet16-120,45.600000,1.037440,0.465036,16693
9,15,1939,eyeriss,ImageNet16-120,45.077778,0.976000,0.465036,16693
9,15,6854,eyeriss,ImageNet16-120,40.800000,0.668800,0.465036,16693
9,15,5487,eyeriss,ImageNet16-120,38.500000,0.607360,0.465036,16693
9,15,14417,eyeriss,ImageNet16-120,45.900000,1.098880,0.465036,16693
9,15,6787,eyeriss,ImageNet16-120,44.400000,0.914560,0.465036,16693
9,15,15383,eyeriss,ImageNet16-120,47.033333,1.283200,0.465036,16693
9,15,4829,eyeriss,ImageNet16-120,34.200000,0.484480,0.465036,16693
9,15,4988,eyeriss,ImageNet16-120,28.933332,0.423040,0.465036,16693
9,16,8853,fpga,ImageNet16-120,45.600000,1.155200,0.521492,16235
9,16,6787,fpga,ImageNet16-120,44.400000,0.969600,0.521492,16235
9,16,14748,fpga,ImageNet16-120,44.900000,0.995200,0.521492,16235
9,16,15383,fpga,ImageNet16-120,47.033333,1.504000,0.521492,16235
9,16,1939,fpga,ImageNet16-120,45.077778,1.062400,0.521492,16235
9,16,12452,fpga,ImageNet16-120,40.533333,0.780320,0.521492,16235
9,16,857,fpga,ImageNet16-120,47.311110,2.038400,0.521492,16235
9,16,6868,fpga,ImageNet16-120,39.000000,0.649120,0.521492,16235
9,16,2835,fpga,ImageNet16-120,38.222220,0.546720,0.521492,16235
9,16,6854,fpga,ImageNet16-120,40.800000,0.809120,0.521492,16235
9,16,4988,fpga,ImageNet16-120,28.933332,0.284320,0.521492,16235
9,16,8008,fpga,ImageNet16-120,43.500000,0.876800,0.521492,16235
9,16,14417,fpga,ImageNet16-120,45.900000,1.276320,0.521492,16235
9,16,5793,fpga,ImageNet16-120,35.033333,0.517920,0.521492,16235
9,16,4829,fpga,ImageNet16-120,34.200000,0.415520,0.521492,16235
9,17,13059,pixel3,ImageNet16-120,34.266666,0.668679,0.651488,16360
9,17,2002,pixel3,ImageNet16-120,32.277780,0.617751,0.651488,16360
9,17,8954,pixel3,ImageNet16-120,28.733334,0.424855,0.651488,16360
9,17,898,pixel3,ImageNet16-120,42.466667,2.467210,0.651488,16360
9,17,12424,pixel3,ImageNet16-120,43.133330,2.470150,0.651488,16360
9,17,2018,pixel3,ImageNet16-120,46.433334,4.949210,0.651488,16360
9,17,4988,pixel3,ImageNet16-120,28.933332,0.485996,0.651488,16360
9,17,11000,pixel3,ImageNet16-120,44.866665,2.962520,0.651488,16360
9,17,12639,pixel3,ImageNet16-120,40.400000,1.304440,0.651488,16360
9,17,1204,pixel3,ImageNet16-120,37.844444,0.864966,0.651488,16360
9,17,15446,pixel3,ImageNet16-120,45.766666,3.439380,0.651488,16360
9,17,857,pixel3,ImageNet16-120,47.311110,6.686850,0.651488,16360
9,17,1939,pixel3,ImageNet16-120,45.077778,3.021500,0.651488,16360
9,17,15383,pixel3,ImageNet16-120,47.033333,5.191720,0.651488,16360
9,17,8584,pixel3,ImageNet16-120,34.088890,0.664046,0.651488,16360
9,17,10154,pixel3,ImageNet16-120,46.133335,4.783700,0.651488,16360
9,17,12452,pixel3,ImageNet16-120,40.533333,1.504410,0.651488,16360
9,17,6854,pixel3,ImageNet16-120,40.800000,1.621620,0.651488,16360
9,17,4004,pixel3,ImageNet16-120,42.811110,2.467510,0.651488,16360
9,17,4587,pixel3,ImageNet16-120,28.800000,0.445767,0.651488,16360
9,17,1549,pixel3,ImageNet16-120,28.655556,0.424747,0.651488,16360
9,17,4432,pixel3,ImageNet16-120,37.800000,0.861157,0.651488,16360
9,17,11079,pixel3,ImageNet16-120,43.566666,2.479610,0.651488,16360
9,17,14417,pixel3,ImageNet16-120,45.900000,4.143030,0.651488,16360
9,17,12355,pixel3,ImageNet16-120,45.033333,2.989390,0.651488,16360
9,17,2835,pixel3,ImageNet16-120,38.222220,0.868646,0.651488,16360
9,17,1110,pixel3,ImageNet16-120,28.600000,0.423927,0.651488,16360
9,17,1425,pixel3,ImageNet16-120,45.977780,4.619290,0.651488,16360
9,17,12466,pixel3,ImageNet16-120,46.100000,4.680280,0.651488,16360
9,17,4977,pixel3,ImageNet16-120,32.966667,0.617991,0.651488,16360
9,17,8683,pixel3,ImageNet16-120,44.200000,2.711960,0.651488,16360
9,17,10888,pixel3,ImageNet16-120,28.333334,0.422652,0.651488,16360
9,17,4384,pixel3,ImageNet16-120,28.133333,0.421612,0.651488,16360
9,17,12103,pixel3,ImageNet16-120,28.250000,0.422433,0.651488,16360
9,17,3728,pixel3,ImageNet16-120,28.500000,0.422880,0.651488,16360
9,17,872,pixel3,ImageNet16-120,41.777780,2.465030,0.651488,16360
9,17,4675,pixel3,ImageNet16-120,33.100000,0.620036,0.651488,16360
9,17,735,pixel3,ImageNet16-120,38.544445,1.107950,0.651488,16360
9,17,2899,pixel3,ImageNet16-120,43.911110,2.701210,0.651488,16360
9,17,13756,pixel3,ImageNet16-120,0.833333,0.005289,0.651488,16360
9,18,11209,raspi4,ImageNet16-120,33.266666,1.580655,0.669637,16281
9,18,933,raspi4,ImageNet16-120,0.833333,0.011514,0.669637,16281
9,18,3650,raspi4,ImageNet16-120,43.866665,4.475790,0.669637,16281
9,18,219,raspi4,ImageNet16-120,42.500000,3.768475,0.669637,16281
9,18,8884,raspi4,ImageNet16-120,45.033333,5.293177,0.669637,16281
9,18,1204,raspi4,ImageNet16-120,37.844444,2.199356,0.669637,16281
9,18,9032,raspi4,ImageNet16-120,38.016666,2.201532,0.669637,16281
9,18,12358,raspi4,ImageNet16-120,34.055557,1.582727,0.669637,16281
9,18,8447,raspi4,ImageNet16-120,40.011112,3.156609,0.669637,16281
9,18,12505,raspi4,ImageNet16-120,39.283333,3.062432,0.669637,16281
9,18,4988,raspi4,ImageNet16-120,28.933332,1.003251,0.669637,16281
9,18,13931,raspi4,ImageNet16-120,28.788889,0.956195,0.669637,16281
9,18,8584,raspi4,ImageNet16-120,34.088890,1.586268,0.669637,16281
9,18,15363,raspi4,ImageNet16-120,44.333332,4.480516,0.669637,16281
9,18,1188,raspi4,ImageNet16-120,32.455555,1.526725,0.669637,16281
9,18,3960,raspi4,ImageNet16-120,37.755554,2.197980,0.669637,16281
9,18,15383,raspi4,ImageNet16-120,47.033333,8.565354,0.669637,16281
9,18,7187,raspi4,ImageNet16-120,28.683332,0.952790,0.669637,16281
9,18,5637,raspi4,ImageNet16-120,33.933334,1.580707,0.669637,16281
9,18,15446,raspi4,ImageNet16-120,45.766666,7.469873,0.669637,16281
9,18,5455,raspi4,ImageNet16-120,32.611110,1.532377,0.669637,16281
9,18,11946,raspi4,ImageNet16-120,28.200000,0.940293,0.669637,16281
9,18,8736,raspi4,ImageNet16-120,45.700000,6.658077,0.669637,16281
9,18,10835,raspi4,ImageNet16-120,45.233334,6.632419,0.669637,16281
9,18,14792,raspi4,ImageNet16-120,43.033333,3.792447,0.669637,16281
9,18,8355,raspi4,ImageNet16-120,39.666668,3.083286,0.669637,16281
9,18,9496,raspi4,ImageNet16-120,38.200000,2.204048,0.669637,16281
9,18,6336,raspi4,ImageNet16-120,39.366665,3.073392,0.669637,16281
9,18,6868,raspi4,ImageNet16-120,39.000000,2.982937,0.669637,16281
9,18,5530,raspi4,ImageNet16-120,42.577778,3.785925,0.669637,16281
9,18,3782,raspi4,ImageNet16-120,41.866665,3.755286,0.669637,16281
9,18,10167,raspi4,ImageNet16-120,39.944443,3.106316,0.669637,16281
9,18,735,raspi4,ImageNet16-120,38.544445,2.911079,0.669637,16281
9,18,6854,raspi4,ImageNet16-120,40.800000,3.661016,0.669637,16281
9,18,857,raspi4,ImageNet16-120,47.311110,9.020064,0.669637,16281
9,18,1413,raspi4,ImageNet16-120,42.711113,3.788479,0.669637,16281
9,18,14677,raspi4,ImageNet16-120,33.233334,1.537227,0.669637,16281
9,18,2018,raspi4,ImageNet16-120,46.433334,7.482383,0.669637,16281
9,18,10472,raspi4,ImageNet16-120,39.633335,3.079679,0.669637,16281
9,18,13059,raspi4,ImageNet16-120,34.266666,1.595651,0.669637,16281
9,18,2779,raspi4,ImageNet16-120,37.355556,2.190654,0.669637,16281
9,18,1939,raspi4,ImageNet16-120,45.077778,5.341908,0.669637,16281
9,18,10017,raspi4,ImageNet16-120,40.566666,3.181383,0.669637,16281
9,18,4995,raspi4,ImageNet16-120,42.166668,3.766336,0.669637,16281
9,18,14750,raspi4,ImageNet16-120,32.933334,1.536700,0.669637,16281
9,18,8426,raspi4,ImageNet16-120,44.633335,5.288439,0.669637,16281
9,18,11584,raspi4,ImageNet16-120,46.666668,8.014434,0.669637,16281
9,18,6787,raspi4,ImageNet16-120,44.400000,4.532777,0.669637,16281
9,18,11079,raspi4,ImageNet16-120,43.566666,3.802027,0.669637,16281
9,18,15107,raspi4,ImageNet16-120,39.800000,3.083329,0.669637,16281
10,1,258,edgegpu,cifar10,93.640000,3.307109,0.503613,16369
10,1,5780,edgegpu,cifar10,93.980000,3.361888,0.503613,16369
10,1,14527,edgegpu,cifar10,86.765000,1.439619,0.503613,16369
10,1,13401,edgegpu,cifar10,87.010000,1.457009,0.503613,16369
10,1,6499,edgegpu,cifar10,93.645000,3.331041,0.503613,16369
10,1,1339,edgegpu,cifar10,92.136665,1.751881,0.503613,16369
10,1,11810,edgegpu,cifar10,92.780000,1.992798,0.503613,16369
10,1,5292,edgegpu,cifar10,94.293335,6.663151,0.503613,16369
10,1,14090,edgegpu,cifar10,92.086670,1.749086,0.503613,16369
10,1,10484,edgegpu,cifar10,93.810000,3.354015,0.503613,16369
10,1,5400,edgegpu,cifar10,86.630000,1.427460,0.503613,16369
10,1,2776,edgegpu,cifar10,93.666664,3.331194,0.503613,16369
10,1,14407,edgegpu,cifar10,86.770000,1.440282,0.503613,16369
10,1,9099,edgegpu,cifar10,93.940000,3.357520,0.503613,16369
10,1,11692,edgegpu,cifar10,94.130000,4.708362,0.503613,16369
10,1,6960,edgegpu,cifar10,92.280000,1.764450,0.503613,16369
10,1,15200,edgegpu,cifar10,10.000000,0.501385,0.503613,16369
10,1,13714,edgegpu,cifar10,94.373340,6.772180,0.503613,16369
10,1,2053,edgegpu,cifar10,94.206665,5.482254,0.503613,16369
10,1,561,edgegpu,cifar10,86.880000,1.451068,0.503613,16369
10,1,1549,edgegpu,cifar10,86.710000,1.436324,0.503613,16369
10,1,6950,edgegpu,cifar10,92.000000,1.738467,0.503613,16369
10,1,1459,edgegpu,cifar10,94.296670,6.748991,0.503613,16369
10,1,11438,edgegpu,cifar10,92.500000,1.846719,0.503613,16369
10,1,6330,edgegpu,cifar10,94.006670,4.384699,0.503613,16369
10,2,9689,edgetpu,cifar10,93.370000,0.628386,0.472023,15913
10,2,9722,edgetpu,cifar10,93.540000,0.723575,0.472023,15913
10,2,10293,edgetpu,cifar10,86.513336,0.352328,0.472023,15913
10,2,5780,edgetpu,cifar10,93.980000,0.723967,0.472023,15913
10,2,6382,edgetpu,cifar10,93.376660,0.628638,0.472023,15913
10,2,7017,edgetpu,cifar10,86.970000,0.353089,0.472023,15913
10,2,2053,edgetpu,cifar10,94.206665,1.042178,0.472023,15913
10,2,11438,edgetpu,cifar10,92.500000,0.482393,0.472023,15913
10,2,797,edgetpu,cifar10,93.280000,0.627996,0.472023,15913
10,2,5258,edgetpu,cifar10,88.775000,0.388629,0.472023,15913
10,2,12439,edgetpu,cifar10,86.393330,0.352159,0.472023,15913
10,2,9380,edgetpu,cifar10,89.335000,0.395662,0.472023,15913
10,2,13714,edgetpu,cifar10,94.373340,1.377865,0.472023,15913
10,2,8192,edgetpu,cifar10,93.093330,0.627745,0.472023,15913
10,2,4161,edgetpu,cifar10,89.250000,0.391221,0.472023,15913
10,2,5111,edgetpu,cifar10,94.306660,1.152010,0.472023,15913
10,2,11692,edgetpu,cifar10,94.130000,0.761100,0.472023,15913
10,2,13611,edgetpu,cifar10,92.490000,0.481826,0.472023,15913
10,2,10683,edgetpu,cifar10,92.330000,0.481277,0.472023,15913
10,2,8008,edgetpu,cifar10,93.480000,0.629746,0.472023,15913
10,2,11112,edgetpu,cifar10,92.110000,0.480732,0.472023,15913
10,2,9950,edgetpu,cifar10,93.840000,0.723767,0.472023,15913
10,2,3731,edgetpu,cifar10,94.343330,1.282820,0.472023,15913
10,2,6584,edgetpu,cifar10,94.160000,0.888877,0.472023,15913
10,2,11810,edgetpu,cifar10,92.780000,0.482879,0.472023,15913
10,2,6918,edgetpu,cifar10,87.000000,0.375819,0.472023,15913
10,2,5647,edgetpu,cifar10,89.110000,0.389378,0.472023,15913
10,3,6899,eyeriss,cifar10,90.900000,2.416820,0.532495,16543
10,3,8323,eyeriss,cifar10,90.870000,2.171060,0.532495,16543
10,3,8720,eyeriss,cifar10,89.875000,1.925300,0.532495,16543
10,3,12438,eyeriss,cifar10,89.875000,1.925300,0.532495,16543
10,3,3731,eyeriss,cifar10,94.343330,6.594740,0.532495,16543
10,3,6111,eyeriss,cifar10,94.373340,7.823540,0.532495,16543
10,3,5111,eyeriss,cifar10,94.306660,5.365940,0.532495,16543
10,3,6854,eyeriss,cifar10,91.040000,2.662580,0.532495,16543
10,3,14112,eyeriss,cifar10,91.296670,2.908340,0.532495,16543
10,3,8592,eyeriss,cifar10,93.750000,3.891380,0.532495,16543
10,3,13714,eyeriss,cifar10,94.373340,7.823540,0.532495,16543
10,3,8008,eyeriss,cifar10,93.480000,3.399860,0.532495,16543
10,3,13611,eyeriss,cifar10,92.490000,3.154100,0.532495,16543
10,3,13987,eyeriss,cifar10,93.596664,3.645620,0.532495,16543
10,3,6584,eyeriss,cifar10,94.160000,4.874420,0.532495,16543
10,3,4384,eyeriss,cifar10,86.796670,1.679540,0.532495,16543
10,3,11472,eyeriss,cifar10,93.970000,4.628660,0.532495,16543
10,4,5111,fpga,cifar10,94.306660,5.193760,0.445674,16409
10,4,15000,fpga,cifar10,92.400000,2.390560,0.445674,16409
10,4,8323,fpga,cifar10,90.870000,2.163360,0.445674,16409
10,4,3731,fpga,cifar10,94.343330,5.936160,0.445674,16409
10,4,8008,fpga,cifar10,93.480000,2.905760,0.445674,16409
10,4,6111,fpga,cifar10,94.373340,6.678560,0.445674,16409
10,4,11472,fpga,cifar10,93.970000,3.648160,0.445674,16409
10,4,4384,fpga,cifar10,86.796670,1.132960,0.445674,16409
10,4,13714,fpga,cifar10,94.373340,6.678560,0.445674,16409
10,4,13987,fpga,cifar10,93.596664,3.420960,0.445674,16409
10,4,12438,fpga,cifar10,89.875000,1.648160,0.445674,16409
10,4,6584,fpga,cifar10,94.160000,4.163360,0.445674,16409
10,5,11972,pixel3,cifar10,91.510000,5.627010,0.678981,16205
10,5,8708,pixel3,cifar10,94.080000,12.839000,0.678981,16205
10,5,1804,pixel3,cifar10,89.063330,1.579900,0.678981,16205
10,5,1943,pixel3,cifar10,93.116670,6.492030,0.678981,16205
10,5,4554,pixel3,cifar10,86.670000,1.114880,0.678981,16205
10,5,7017,pixel3,cifar10,86.970000,1.403930,0.678981,16205
10,5,8592,pixel3,cifar10,93.750000,10.769800,0.678981,16205
10,5,8323,pixel3,cifar10,90.870000,3.106420,0.678981,16205
10,5,13987,pixel3,cifar10,93.596664,9.922680,0.678981,16205
10,5,13171,pixel3,cifar10,93.530000,7.717220,0.678981,16205
10,5,5111,pixel3,cifar10,94.306660,17.584600,0.678981,16205
10,5,13869,pixel3,cifar10,93.656670,10.634700,0.678981,16205
10,5,1941,pixel3,cifar10,93.533330,9.128690,0.678981,16205
10,5,7001,pixel3,cifar10,10.000000,0.003277,0.678981,16205
10,5,1425,pixel3,cifar10,93.933334,12.536500,0.678981,16205
10,5,6918,pixel3,cifar10,87.000000,1.478790,0.678981,16205
10,5,12452,pixel3,cifar10,91.350000,5.590110,0.678981,16205
10,5,1497,pixel3,cifar10,86.556660,1.056630,0.678981,16205
10,5,6111,pixel3,cifar10,94.373340,23.584800,0.678981,16205
10,5,4627,pixel3,cifar10,93.270000,7.036050,0.678981,16205
10,5,9230,pixel3,cifar10,86.580000,1.056760,0.678981,16205
10,5,3731,pixel3,cifar10,94.343330,23.361300,0.678981,16205
10,5,1781,pixel3,cifar10,89.883330,1.712020,0.678981,16205
10,5,1631,pixel3,cifar10,89.506670,1.697120,0.678981,16205
10,5,11692,pixel3,cifar10,94.130000,15.490100,0.678981,16205
10,5,6382,pixel3,cifar10,93.376660,7.048190,0.678981,16205
10,5,6434,pixel3,cifar10,91.080000,4.811140,0.678981,16205
10,5,6854,pixel3,cifar10,91.040000,4.514220,0.678981,16205
10,5,5224,pixel3,cifar10,88.980000,1.570360,0.678981,16205
10,5,8695,pixel3,cifar10,94.220000,17.564500,0.678981,16205
10,5,2779,pixel3,cifar10,90.806660,3.102950,0.678981,16205
10,5,7197,pixel3,cifar10,90.366670,2.447670,0.678981,16205
10,5,6985,pixel3,cifar10,89.940000,2.367450,0.678981,16205
10,5,6899,pixel3,cifar10,90.900000,3.961410,0.678981,16205
10,5,1339,pixel3,cifar10,92.136665,5.802240,0.678981,16205
10,5,2035,pixel3,cifar10,89.670000,1.706480,0.678981,16205
10,5,6863,pixel3,cifar10,86.740000,1.229320,0.678981,16205
10,5,8836,pixel3,cifar10,92.220000,6.313990,0.678981,16205
10,5,10689,pixel3,cifar10,90.790000,2.669770,0.678981,16205
10,5,25,pixel3,cifar10,86.540000,1.054570,0.678981,16205
10,5,13096,pixel3,cifar10,90.700000,2.666040,0.678981,16205
10,5,6624,pixel3,cifar10,89.120000,1.670570,0.678981,16205
10,6,12238,raspi4,cifar10,91.690000,16.046099,0.610606,16190
10,6,14565,raspi4,cifar10,88.880000,4.781183,0.610606,16190
10,6,11810,raspi4,cifar10,92.780000,18.619905,0.610606,16190
10,6,1962,raspi4,cifar10,86.530000,2.529453,0.610606,16190
10,6,6111,raspi4,cifar10,94.373340,68.404106,0.610606,16190
10,6,8323,raspi4,cifar10,90.870000,7.426308,0.610606,16190
10,6,6577,raspi4,cifar10,10.000000,0.011297,0.610606,16190
10,6,8008,raspi4,cifar10,93.480000,22.571420,0.610606,16190
10,6,2035,raspi4,cifar10,89.670000,4.984099,0.610606,16190
10,6,3731,raspi4,cifar10,94.343330,58.070793,0.610606,16190
10,6,10275,raspi4,cifar10,91.080000,9.993188,0.610606,16190
10,6,11692,raspi4,cifar10,94.130000,37.583630,0.610606,16190
10,6,13846,raspi4,cifar10,90.720000,7.176163,0.610606,16190
10,6,14677,raspi4,cifar10,88.670000,4.755260,0.610606,16190
10,6,2058,raspi4,cifar10,93.270000,19.484835,0.610606,16190
10,6,12505,raspi4,cifar10,92.150000,16.747276,0.610606,16190
10,6,1804,raspi4,cifar10,89.063330,4.791845,0.610606,16190
10,6,1690,raspi4,cifar10,86.646670,2.536549,0.610606,16190
10,6,8592,raspi4,cifar10,93.750000,25.477009,0.610606,16190
10,6,9271,raspi4,cifar10,89.250000,4.830311,0.610606,16190
10,6,1941,raspi4,cifar10,93.533330,25.121769,0.610606,16190
10,6,7017,raspi4,cifar10,86.970000,2.544041,0.610606,16190
10,6,5111,raspi4,cifar10,94.306660,41.756905,0.610606,16190
10,6,9380,raspi4,cifar10,89.335000,4.875613,0.610606,16190
10,6,6985,raspi4,cifar10,89.940000,4.995646,0.610606,16190
10,6,13611,raspi4,cifar10,92.490000,18.523302,0.610606,16190
10,6,4210,raspi4,cifar10,89.030000,4.782748,0.610606,16190
10,6,6960,raspi4,cifar10,92.280000,17.162752,0.610606,16190
10,6,12002,raspi4,cifar10,93.510000,24.816572,0.610606,16190
10,6,6382,raspi4,cifar10,93.376660,21.461164,0.610606,16190
10,6,5780,raspi4,cifar10,93.980000,34.928463,0.610606,16190
10,6,7058,raspi4,cifar10,92.040000,16.469465,0.610606,16190
10,6,11533,raspi4,cifar10,93.420000,21.715693,0.610606,16190
10,6,8426,raspi4,cifar10,93.840000,31.394428,0.610606,16190
10,6,6918,raspi4,cifar10,87.000000,2.787590,0.610606,16190
10,6,10412,raspi4,cifar10,93.530000,25.079220,0.610606,16190
10,7,9922,edgegpu,cifar100,58.560000,1.428552,0.500904,16449
10,7,11885,edgegpu,cifar100,68.040000,1.776652,0.500904,16449
10,7,8912,edgegpu,cifar100,59.200000,1.441355,0.500904,16449
10,7,2304,edgegpu,cifar100,58.660000,1.440253,0.500904,16449
10,7,4418,edgegpu,cifar100,72.746666,5.352364,0.500904,16449
10,7,1425,edgegpu,cifar100,72.093330,5.310225,0.500904,16449
10,7,1509,edgegpu,cifar100,1.000000,0.505853,0.500904,16449
10,7,12415,edgegpu,cifar100,71.940000,4.828467,0.500904,16449
10,7,8401,edgegpu,cifar100,71.080000,3.302102,0.500904,16449
10,7,9930,edgegpu,cifar100,73.513336,6.803060,0.500904,16449
10,7,2778,edgegpu,cifar100,72.993330,6.134028,0.500904,16449
10,7,4954,edgegpu,cifar100,73.000000,6.669736,0.500904,16449
10,7,9997,edgegpu,cifar100,71.520000,3.466139,0.500904,16449
10,7,11810,edgegpu,cifar100,68.300000,1.779551,0.500904,16449
10,7,14089,edgegpu,cifar100,61.806667,1.752892,0.500904,16449
10,7,1038,edgegpu,cifar100,67.500000,1.758428,0.500904,16449
10,7,6381,edgegpu,cifar100,66.800000,1.753340,0.500904,16449
10,7,6124,edgegpu,cifar100,68.360000,3.185835,0.500904,16449
10,7,11067,edgegpu,cifar100,58.186670,1.427836,0.500904,16449
10,7,3888,edgegpu,cifar100,73.260000,6.797867,0.500904,16449
10,8,8401,edgetpu,cifar100,71.080000,0.728572,0.560342,16068
10,8,577,edgetpu,cifar100,69.680000,0.635228,0.560342,16068
10,8,857,edgetpu,cifar100,72.880000,1.264168,0.560342,16068
10,8,1110,edgetpu,cifar100,58.840000,0.355938,0.560342,16068
10,8,12415,edgetpu,cifar100,71.940000,0.872299,0.560342,16068
10,8,5019,edgetpu,cifar100,58.880000,0.357058,0.560342,16068
10,8,797,edgetpu,cifar100,69.580000,0.633351,0.560342,16068
10,8,12607,edgetpu,cifar100,62.600000,0.392830,0.560342,16068
10,8,15363,edgetpu,cifar100,70.520000,0.676394,0.560342,16068
10,8,1383,edgetpu,cifar100,70.273330,0.673722,0.560342,16068
10,8,1943,edgetpu,cifar100,69.626660,0.634759,0.560342,16068
10,8,69,edgetpu,cifar100,71.020000,0.727259,0.560342,16068
10,8,898,edgetpu,cifar100,70.000000,0.636860,0.560342,16068
10,8,8638,edgetpu,cifar100,58.860000,0.356631,0.560342,16068
10,8,9930,edgetpu,cifar100,73.513336,1.454107,0.560342,16068
10,8,14945,edgetpu,cifar100,58.500000,0.354940,0.560342,16068
10,8,9997,edgetpu,cifar100,71.520000,0.729986,0.560342,16068
10,8,11533,edgetpu,cifar100,69.760000,0.635877,0.560342,16068
10,8,12574,edgetpu,cifar100,72.740000,0.932430,0.560342,16068
10,8,13829,edgetpu,cifar100,66.873340,0.485137,0.560342,16068
10,8,4418,edgetpu,cifar100,72.746666,1.093699,0.560342,16068
10,8,2705,edgetpu,cifar100,62.813330,0.393026,0.560342,16068
10,8,8912,edgetpu,cifar100,59.200000,0.377698,0.560342,16068
10,8,1425,edgetpu,cifar100,72.093330,0.910660,0.560342,16068
10,8,4155,edgetpu,cifar100,62.306667,0.391442,0.560342,16068
10,8,9271,edgetpu,cifar100,63.400000,0.393151,0.560342,16068
10,8,12761,edgetpu,cifar100,72.860000,1.225212,0.560342,16068
10,8,10443,edgetpu,cifar100,68.300000,0.489020,0.560342,16068
10,8,1996,edgetpu,cifar100,67.820000,0.486748,0.560342,16068
10,8,777,edgetpu,cifar100,58.650000,0.355588,0.560342,16068
10,8,781,edgetpu,cifar100,67.960000,0.487922,0.560342,16068
10,8,10000,edgetpu,cifar100,73.160000,1.283461,0.560342,16068
10,8,3888,edgetpu,cifar100,73.260000,1.316226,0.560342,16068
10,8,3303,edgetpu,cifar100,62.420000,0.392593,0.560342,16068
10,8,11112,edgetpu,cifar100,66.893330,0.486713,0.560342,16068
10,9,3888,eyeriss,cifar100,73.260000,6.597760,0.475636,16753
10,9,14112,eyeriss,cifar100,68.386665,2.911360,0.475636,16753
10,9,3540,eyeriss,cifar100,71.500000,4.877440,0.475636,16753
10,9,12820,eyeriss,cifar100,67.720000,2.419840,0.475636,16753
10,9,6787,eyeriss,cifar100,70.720000,3.648640,0.475636,16753
10,9,10689,eyeriss,cifar100,67.500000,2.174080,0.475636,16753
10,9,5084,eyeriss,cifar100,58.813330,1.682560,0.475636,16753
10,9,11301,eyeriss,cifar100,68.220000,2.665600,0.475636,16753
10,9,6925,eyeriss,cifar100,71.220000,3.894400,0.475636,16753
10,9,12761,eyeriss,cifar100,72.860000,6.352000,0.475636,16753
10,9,14714,eyeriss,cifar100,71.280000,4.140160,0.475636,16753
10,9,12574,eyeriss,cifar100,72.740000,5.123200,0.475636,16753
10,9,5651,eyeriss,cifar100,64.690000,1.928320,0.475636,16753
10,9,9930,eyeriss,cifar100,73.513336,9.055360,0.475636,16753
10,9,11973,eyeriss,cifar100,70.340000,3.402880,0.475636,16753
10,10,5033,fpga,cifar100,59.060000,1.542560,0.452666,16251
10,10,6925,fpga,cifar100,71.220000,3.936160,0.452666,16251
10,10,5651,fpga,cifar100,64.690000,1.648160,0.452666,16251
10,10,5743,fpga,cifar100,67.800000,2.800160,0.452666,16251
10,10,4249,fpga,cifar100,65.080000,2.057760,0.452666,16251
10,10,10689,fpga,cifar100,67.500000,2.163360,0.452666,16251
10,10,5084,fpga,cifar100,58.813330,1.132960,0.452666,16251
10,10,11973,fpga,cifar100,70.340000,2.905760,0.452666,16251
10,10,6830,fpga,cifar100,71.460000,4.057760,0.452666,16251
10,10,12295,fpga,cifar100,71.160000,3.648160,0.452666,16251
10,10,9930,fpga,cifar100,73.513336,7.420960,0.452666,16251
10,10,12574,fpga,cifar100,72.740000,4.678560,0.452666,16251
10,10,7250,fpga,cifar100,67.706665,2.390560,0.452666,16251
10,10,12761,fpga,cifar100,72.860000,5.420960,0.452666,16251
10,10,3888,fpga,cifar100,73.260000,5.936160,0.452666,16251
10,10,3540,fpga,cifar100,71.500000,4.163360,0.452666,16251
10,10,12820,fpga,cifar100,67.720000,2.678560,0.452666,16251
10,10,6787,fpga,cifar100,70.720000,3.420960,0.452666,16251
10,11,8323,pixel3,cifar100,67.080000,3.106340,0.639624,16309
10,11,724,pixel3,cifar100,67.053340,2.875650,0.639624,16309
10,11,12970,pixel3,cifar100,68.140000,4.782110,0.639624,16309
10,11,8638,pixel3,cifar100,58.860000,1.478570,0.639624,16309
10,11,1357,pixel3,cifar100,67.480000,3.998260,0.639624,16309
10,11,485,pixel3,cifar100,67.593330,4.124800,0.639624,16309
10,11,11301,pixel3,cifar100,68.220000,5.352090,0.639624,16309
10,11,11000,pixel3,cifar100,71.180000,10.677600,0.639624,16309
10,11,657,pixel3,cifar100,58.233334,1.233070,0.639624,16309
10,11,8912,pixel3,cifar100,59.200000,1.478790,0.639624,16309
10,11,1090,pixel3,cifar100,65.220000,2.811310,0.639624,16309
10,11,1450,pixel3,cifar100,70.506670,9.337360,0.639624,16309
10,11,898,pixel3,cifar100,70.000000,6.516140,0.639624,16309
10,11,906,pixel3,cifar100,62.393333,1.661810,0.639624,16309
10,11,15363,pixel3,cifar100,70.520000,9.708640,0.639624,16309
10,11,14112,pixel3,cifar100,68.386665,5.745320,0.639624,16309
10,11,1459,pixel3,cifar100,73.140000,23.437900,0.639624,16309
10,11,15162,pixel3,cifar100,1.000000,0.008847,0.639624,16309
10,11,12574,pixel3,cifar100,72.740000,16.473900,0.639624,16309
10,11,9930,pixel3,cifar100,73.513336,42.003600,0.639624,16309
10,11,1409,pixel3,cifar100,58.853333,1.275090,0.639624,16309
10,11,858,pixel3,cifar100,64.133330,2.003500,0.639624,16309
10,11,6787,pixel3,cifar100,70.720000,9.854430,0.639624,16309
10,11,5651,pixel3,cifar100,64.690000,2.376870,0.639624,16309
10,11,699,pixel3,cifar100,72.240000,12.079400,0.639624,16309
10,11,857,pixel3,cifar100,72.880000,19.113200,0.639624,16309
10,11,1416,pixel3,cifar100,64.493330,2.084060,0.639624,16309
10,11,3888,pixel3,cifar100,73.260000,23.477200,0.639624,16309
10,11,11973,pixel3,cifar100,70.340000,8.988510,0.639624,16309
10,11,6925,pixel3,cifar100,71.220000,10.688000,0.639624,16309
10,11,1593,pixel3,cifar100,62.126667,1.582050,0.639624,16309
10,11,1558,pixel3,cifar100,64.020000,1.705220,0.639624,16309
10,11,10042,pixel3,cifar100,64.880000,2.794690,0.639624,16309
10,11,4409,pixel3,cifar100,67.173330,3.113370,0.639624,16309
10,12,13430,raspi4,cifar100,66.700000,7.203785,0.582686,16295
10,12,6918,raspi4,cifar100,58.800000,2.571364,0.582686,16295
10,12,14112,raspi4,cifar100,68.386665,14.423308,0.582686,16295
10,12,12761,raspi4,cifar100,72.860000,53.718200,0.582686,16295
10,12,6787,raspi4,cifar100,70.720000,23.081835,0.582686,16295
10,12,1572,raspi4,cifar100,69.900000,19.916142,0.582686,16295
10,12,12607,raspi4,cifar100,62.600000,4.779045,0.582686,16295
10,12,4409,raspi4,cifar100,67.173330,7.228629,0.582686,16295
10,12,12915,raspi4,cifar100,66.950000,7.226311,0.582686,16295
10,12,7891,raspi4,cifar100,67.550000,12.536592,0.582686,16295
10,12,10042,raspi4,cifar100,64.880000,5.100886,0.582686,16295
10,12,6925,raspi4,cifar100,71.220000,24.195030,0.582686,16295
10,12,898,raspi4,cifar100,70.000000,21.506163,0.582686,16295
10,12,15363,raspi4,cifar100,70.520000,21.809430,0.582686,16295
10,12,15589,raspi4,cifar100,59.060000,2.795078,0.582686,16295
10,12,3888,raspi4,cifar100,73.260000,55.029520,0.582686,16295
10,12,14714,raspi4,cifar100,71.280000,24.692347,0.582686,16295
10,12,2222,raspi4,cifar100,58.313330,2.538255,0.582686,16295
10,12,5208,raspi4,cifar100,67.413330,9.665987,0.582686,16295
10,12,4418,raspi4,cifar100,72.746666,47.162354,0.582686,16295
10,12,4659,raspi4,cifar100,70.060000,21.672482,0.582686,16295
10,12,10222,raspi4,cifar100,58.860000,2.747804,0.582686,16295
10,12,12574,raspi4,cifar100,72.740000,36.371254,0.582686,16295
10,12,6822,raspi4,cifar100,58.426666,2.558594,0.582686,16295
10,12,2035,raspi4,cifar100,63.926666,5.005698,0.582686,16295
10,12,4498,raspi4,cifar100,64.086670,5.022347,0.582686,16295
10,12,14792,raspi4,cifar100,69.500000,19.111843,0.582686,16295
10,12,8912,raspi4,cifar100,59.200000,2.818969,0.582686,16295
10,12,8720,raspi4,cifar100,64.130000,5.082239,0.582686,16295
10,12,1357,raspi4,cifar100,67.480000,10.177114,0.582686,16295
10,12,9926,raspi4,cifar100,63.520000,4.999532,0.582686,16295
10,12,7030,raspi4,cifar100,69.600000,19.218203,0.582686,16295
10,12,9997,raspi4,cifar100,71.520000,34.996710,0.582686,16295
10,12,14612,raspi4,cifar100,58.720000,2.563505,0.582686,16295
10,12,8740,raspi4,cifar100,1.000000,0.015215,0.582686,16295
10,12,9271,raspi4,cifar100,63.400000,4.800893,0.582686,16295
10,12,375,raspi4,cifar100,64.440000,5.099302,0.582686,16295
10,12,1459,raspi4,cifar100,73.140000,53.879950,0.582686,16295
10,13,15288,edgegpu,ImageNet16-120,28.422222,1.417041,0.559467,16341
10,13,8401,edgegpu,ImageNet16-120,43.833332,3.322444,0.559467,16341
10,13,12415,edgegpu,ImageNet16-120,46.566666,4.667692,0.559467,16341
10,13,9722,edgegpu,ImageNet16-120,44.000000,3.327813,0.559467,16341
10,13,15376,edgegpu,ImageNet16-120,0.833333,0.533953,0.559467,16341
10,13,4946,edgegpu,ImageNet16-120,44.700000,3.490419,0.559467,16341
10,13,4587,edgegpu,ImageNet16-120,28.800000,1.445131,0.559467,16341
10,13,15159,edgegpu,ImageNet16-120,45.566666,4.632421,0.559467,16341
10,13,9586,edgegpu,ImageNet16-120,46.933334,5.222673,0.559467,16341
10,13,14612,edgegpu,ImageNet16-120,28.488890,1.434064,0.559467,16341
10,13,10947,edgegpu,ImageNet16-120,39.944443,1.909800,0.559467,16341
10,13,6950,edgegpu,ImageNet16-120,38.700000,1.740150,0.559467,16341
10,13,14117,edgegpu,ImageNet16-120,28.677778,1.435547,0.559467,16341
10,13,4160,edgegpu,ImageNet16-120,39.833332,1.756272,0.559467,16341
10,13,7187,edgegpu,ImageNet16-120,28.683332,1.443858,0.559467,16341
10,13,8426,edgegpu,ImageNet16-120,44.633335,3.370147,0.559467,16341
10,13,13760,edgegpu,ImageNet16-120,32.333332,1.739759,0.559467,16341
10,13,14840,edgegpu,ImageNet16-120,45.311110,4.224715,0.559467,16341
10,13,12081,edgegpu,ImageNet16-120,40.233334,2.730479,0.559467,16341
10,13,1164,edgegpu,ImageNet16-120,28.522223,1.435223,0.559467,16341
10,13,8884,edgegpu,ImageNet16-120,45.033333,3.499999,0.559467,16341
10,13,11217,edgegpu,ImageNet16-120,43.466667,3.316708,0.559467,16341
10,13,4988,edgegpu,ImageNet16-120,28.933332,1.448212,0.559467,16341
10,13,4332,edgegpu,ImageNet16-120,39.444443,1.745496,0.559467,16341
10,13,15383,edgegpu,ImageNet16-120,47.033333,6.262836,0.559467,16341
10,13,2650,edgegpu,ImageNet16-120,42.433334,3.309817,0.559467,16341
10,13,857,edgegpu,ImageNet16-120,47.311110,6.707663,0.559467,16341
10,13,13411,edgegpu,ImageNet16-120,31.855556,1.736240,0.559467,16341
10,13,5751,edgegpu,ImageNet16-120,40.044445,2.434626,0.559467,16341
10,13,454,edgegpu,ImageNet16-120,41.277780,3.303313,0.559467,16341
10,13,7760,edgegpu,ImageNet16-120,39.100000,1.743751,0.559467,16341
10,14,7357,edgetpu,ImageNet16-120,44.666668,0.600498,0.489019,16005
10,14,15107,edgetpu,ImageNet16-120,39.800000,0.430284,0.489019,16005
10,14,9689,edgetpu,ImageNet16-120,42.533333,0.549702,0.489019,16005
10,14,4627,edgetpu,ImageNet16-120,43.500000,0.552306,0.489019,16005
10,14,12415,edgetpu,ImageNet16-120,46.566666,0.710906,0.489019,16005
10,14,11079,edgetpu,ImageNet16-120,43.566666,0.552430,0.489019,16005
10,14,10167,edgetpu,ImageNet16-120,39.944443,0.444058,0.489019,16005
10,14,7431,edgetpu,ImageNet16-120,32.577778,0.363954,0.489019,16005
10,14,3540,edgetpu,ImageNet16-120,45.122223,0.648670,0.489019,16005
10,14,13931,edgetpu,ImageNet16-120,28.788889,0.360349,0.489019,16005
10,14,10332,edgetpu,ImageNet16-120,40.033333,0.516152,0.489019,16005
10,14,11262,edgetpu,ImageNet16-120,39.733334,0.430019,0.489019,16005
10,14,8884,edgetpu,ImageNet16-120,45.033333,0.615792,0.489019,16005
10,14,5530,edgetpu,ImageNet16-120,42.577778,0.549937,0.489019,16005
10,14,13769,edgetpu,ImageNet16-120,41.555557,0.549360,0.489019,16005
10,14,14677,edgetpu,ImageNet16-120,33.233334,0.364575,0.489019,16005
10,14,7750,edgetpu,ImageNet16-120,43.066666,0.551617,0.489019,16005
10,14,15383,edgetpu,ImageNet16-120,47.033333,0.780914,0.489019,16005
10,14,5724,edgetpu,ImageNet16-120,28.366667,0.359987,0.489019,16005
10,14,6950,edgetpu,ImageNet16-120,38.700000,0.427379,0.489019,16005
10,14,12231,edgetpu,ImageNet16-120,40.200000,0.518358,0.489019,16005
10,14,11885,edgetpu,ImageNet16-120,39.166668,0.427395,0.489019,16005
10,14,7837,edgetpu,ImageNet16-120,32.111110,0.363571,0.489019,16005
10,14,6407,edgetpu,ImageNet16-120,32.333332,0.363748,0.489019,16005
10,14,15363,edgetpu,ImageNet16-120,44.333332,0.582280,0.489019,16005
10,14,14840,edgetpu,ImageNet16-120,45.311110,0.666690,0.489019,16005
10,14,4988,edgetpu,ImageNet16-120,28.933332,0.360694,0.489019,16005
10,14,15014,edgetpu,ImageNet16-120,28.266666,0.358110,0.489019,16005
10,14,5751,edgetpu,ImageNet16-120,40.044445,0.516992,0.489019,16005
10,14,4830,edgetpu,ImageNet16-120,42.233334,0.549457,0.489019,16005
10,14,7273,edgetpu,ImageNet16-120,42.966667,0.550014,0.489019,16005
10,14,70,edgetpu,ImageNet16-120,39.377777,0.428228,0.489019,16005
10,14,4160,edgetpu,ImageNet16-120,39.833332,0.430355,0.489019,16005
10,14,5586,edgetpu,ImageNet16-120,40.811110,0.546420,0.489019,16005
10,14,857,edgetpu,ImageNet16-120,47.311110,0.997730,0.489019,16005
10,14,10017,edgetpu,ImageNet16-120,40.566666,0.524950,0.489019,16005
10,14,10888,edgetpu,ImageNet16-120,28.333334,0.359044,0.489019,16005
10,14,13097,edgetpu,ImageNet16-120,39.655556,0.428424,0.489019,16005
10,15,4988,eyeriss,ImageNet16-120,28.933332,0.423040,0.477180,16606
10,15,735,eyeriss,ImageNet16-120,38.544445,0.607360,0.477180,16606
10,15,4829,eyeriss,ImageNet16-120,34.200000,0.484480,0.477180,16606
10,15,857,eyeriss,ImageNet16-120,47.311110,1.651840,0.477180,16606
10,15,6787,eyeriss,ImageNet16-120,44.400000,0.914560,0.477180,16606
10,15,1939,eyeriss,ImageNet16-120,45.077778,0.976000,0.477180,16606
10,15,8853,eyeriss,ImageNet16-120,45.600000,1.037440,0.477180,16606
10,15,6854,eyeriss,ImageNet16-120,40.800000,0.668800,0.477180,16606
10,15,8008,eyeriss,ImageNet16-120,43.500000,0.853120,0.477180,16606
10,15,15383,eyeriss,ImageNet16-120,47.033333,1.283200,0.477180,16606
10,15,2835,eyeriss,ImageNet16-120,38.222220,0.545920,0.477180,16606
10,15,14417,eyeriss,ImageNet16-120,45.900000,1.098880,0.477180,16606
10,16,4988,fpga,ImageNet16-120,28.933332,0.284320,0.478963,16306
10,16,2835,fpga,ImageNet16-120,38.222220,0.546720,0.478963,16306
10,16,6787,fpga,ImageNet16-120,44.400000,0.969600,0.478963,16306
10,16,15446,fpga,ImageNet16-120,45.766666,1.116320,0.478963,16306
10,16,15383,fpga,ImageNet16-120,47.033333,1.504000,0.478963,16306
10,16,14748,fpga,ImageNet16-120,44.900000,0.995200,0.478963,16306
10,16,6868,fpga,ImageNet16-120,39.000000,0.649120,0.478963,16306
10,16,6854,fpga,ImageNet16-120,40.800000,0.809120,0.478963,16306
10,16,12452,fpga,ImageNet16-120,40.533333,0.780320,0.478963,16306
10,16,5793,fpga,ImageNet16-120,35.033333,0.517920,0.478963,16306
10,16,8008,fpga,ImageNet16-120,43.500000,0.876800,0.478963,16306
10,16,4829,fpga,ImageNet16-120,34.200000,0.415520,0.478963,16306
10,16,1939,fpga,ImageNet16-120,45.077778,1.062400,0.478963,16306
10,16,10017,fpga,ImageNet16-120,40.566666,0.784000,0.478963,16306
10,16,857,fpga,ImageNet16-120,47.311110,2.038400,0.478963,16306
10,16,11079,fpga,ImageNet16-120,43.566666,0.902400,0.478963,16306
10,17,4675,pixel3,ImageNet16-120,33.100000,0.620036,0.634496,16322
10,17,15383,pixel3,ImageNet16-120,47.033333,5.191720,0.634496,16322
10,17,12639,pixel3,ImageNet16-120,40.400000,1.304440,0.634496,16322
10,17,735,pixel3,ImageNet16-120,38.544445,1.107950,0.634496,16322
10,17,1110,pixel3,ImageNet16-120,28.600000,0.423927,0.634496,16322
10,17,872,pixel3,ImageNet16-120,41.777780,2.465030,0.634496,16322
10,17,10154,pixel3,ImageNet16-120,46.133335,4.783700,0.634496,16322
10,17,4432,pixel3,ImageNet16-120,37.800000,0.861157,0.634496,16322
10,17,1549,pixel3,ImageNet16-120,28.655556,0.424747,0.634496,16322
10,17,12452,pixel3,ImageNet16-120,40.533333,1.504410,0.634496,16322
10,17,857,pixel3,ImageNet16-120,47.311110,6.686850,0.634496,16322
10,17,2899,pixel3,ImageNet16-120,43.911110,2.701210,0.634496,16322
10,17,2018,pixel3,ImageNet16-120,46.433334,4.949210,0.634496,16322
10,17,11000,pixel3,ImageNet16-120,44.866665,2.962520,0.634496,16322
10,17,11079,pixel3,ImageNet16-120,43.566666,2.479610,0.634496,16322
10,17,8954,pixel3,ImageNet16-120,28.733334,0.424855,0.634496,16322
10,17,6854,pixel3,ImageNet16-120,40.800000,1.621620,0.634496,16322
10,17,3728,pixel3,ImageNet16-120,28.500000,0.422880,0.634496,16322
10,17,4988,pixel3,ImageNet16-120,28.933332,0.485996,0.634496,16322
10,17,10340,pixel3,ImageNet16-120,31.522223,0.617772,0.634496,16322
10,17,2835,pixel3,ImageNet16-120,38.222220,0.868646,0.634496,16322
10,17,15446,pixel3,ImageNet16-120,45.766666,3.439380,0.634496,16322
10,17,4587,pixel3,ImageNet16-120,28.800000,0.445767,0.634496,16322
10,17,1425,pixel3,ImageNet16-120,45.977780,4.619290,0.634496,16322
10,17,12506,pixel3,ImageNet16-120,43.983334,2.929990,0.634496,16322
10,17,4977,pixel3,ImageNet16-120,32.966667,0.617991,0.634496,16322
10,17,758,pixel3,ImageNet16-120,28.333334,0.422134,0.634496,16322
10,17,898,pixel3,ImageNet16-120,42.466667,2.467210,0.634496,16322
10,17,1860,pixel3,ImageNet16-120,28.433332,0.422587,0.634496,16322
10,17,12355,pixel3,ImageNet16-120,45.033333,2.989390,0.634496,16322
10,17,13059,pixel3,ImageNet16-120,34.266666,0.668679,0.634496,16322
10,17,4004,pixel3,ImageNet16-120,42.811110,2.467510,0.634496,16322
10,17,1939,pixel3,ImageNet16-120,45.077778,3.021500,0.634496,16322
10,17,13756,pixel3,ImageNet16-120,0.833333,0.005289,0.634496,16322
10,17,8584,pixel3,ImageNet16-120,34.088890,0.664046,0.634496,16322
10,17,4384,pixel3,ImageNet16-120,28.133333,0.421612,0.634496,16322
10,17,12424,pixel3,ImageNet16-120,43.133330,2.470150,0.634496,16322
10,17,12466,pixel3,ImageNet16-120,46.100000,4.680280,0.634496,16322
10,17,1204,pixel3,ImageNet16-120,37.844444,0.864966,0.634496,16322
10,17,14417,pixel3,ImageNet16-120,45.900000,4.143030,0.634496,16322
10,17,6014,pixel3,ImageNet16-120,28.533333,0.423391,0.634496,16322
10,18,4160,raspi4,ImageNet16-120,39.833332,3.114462,0.714586,16275
10,18,10835,raspi4,ImageNet16-120,45.233334,6.632419,0.714586,16275
10,18,10472,raspi4,ImageNet16-120,39.633335,3.079679,0.714586,16275
10,18,1172,raspi4,ImageNet16-120,39.933334,3.163870,0.714586,16275
10,18,1804,raspi4,ImageNet16-120,32.833332,1.536996,0.714586,16275
10,18,8355,raspi4,ImageNet16-120,39.666668,3.083286,0.714586,16275
10,18,2018,raspi4,ImageNet16-120,46.433334,7.482383,0.714586,16275
10,18,15363,raspi4,ImageNet16-120,44.333332,4.480516,0.714586,16275
10,18,7551,raspi4,ImageNet16-120,38.477780,2.950436,0.714586,16275
10,18,14677,raspi4,ImageNet16-120,33.233334,1.537227,0.714586,16275
10,18,14417,raspi4,ImageNet16-120,45.900000,6.948865,0.714586,16275
10,18,5637,raspi4,ImageNet16-120,33.933334,1.580707,0.714586,16275
10,18,6854,raspi4,ImageNet16-120,40.800000,3.661016,0.714586,16275
10,18,219,raspi4,ImageNet16-120,42.500000,3.768475,0.714586,16275
10,18,12505,raspi4,ImageNet16-120,39.283333,3.062432,0.714586,16275
10,18,9032,raspi4,ImageNet16-120,38.016666,2.201532,0.714586,16275
10,18,9496,raspi4,ImageNet16-120,38.200000,2.204048,0.714586,16275
10,18,3960,raspi4,ImageNet16-120,37.755554,2.197980,0.714586,16275
10,18,1413,raspi4,ImageNet16-120,42.711113,3.788479,0.714586,16275
10,18,4995,raspi4,ImageNet16-120,42.166668,3.766336,0.714586,16275
10,18,13931,raspi4,ImageNet16-120,28.788889,0.956195,0.714586,16275
10,18,1939,raspi4,ImageNet16-120,45.077778,5.341908,0.714586,16275
10,18,11584,raspi4,ImageNet16-120,46.666668,8.014434,0.714586,16275
10,18,8736,raspi4,ImageNet16-120,45.700000,6.658077,0.714586,16275
10,18,2779,raspi4,ImageNet16-120,37.355556,2.190654,0.714586,16275
10,18,13059,raspi4,ImageNet16-120,34.266666,1.595651,0.714586,16275
10,18,10217,raspi4,ImageNet16-120,45.100000,6.109362,0.714586,16275
10,18,11079,raspi4,ImageNet16-120,43.566666,3.802027,0.714586,16275
10,18,15383,raspi4,ImageNet16-120,47.033333,8.565354,0.714586,16275
10,18,11946,raspi4,ImageNet16-120,28.200000,0.940293,0.714586,16275
10,18,3782,raspi4,ImageNet16-120,41.866665,3.755286,0.714586,16275
10,18,1204,raspi4,ImageNet16-120,37.844444,2.199356,0.714586,16275
10,18,8584,raspi4,ImageNet16-120,34.088890,1.586268,0.714586,16275
10,18,4988,raspi4,ImageNet16-120,28.933332,1.003251,0.714586,16275
10,18,8683,raspi4,ImageNet16-120,44.200000,4.462997,0.714586,16275
10,18,7357,raspi4,ImageNet16-120,44.666668,4.480689,0.714586,16275
10,18,10017,raspi4,ImageNet16-120,40.566666,3.181383,0.714586,16275
10,18,1188,raspi4,ImageNet16-120,32.455555,1.526725,0.714586,16275
10,18,9380,raspi4,ImageNet16-120,32.533333,1.535316,0.714586,16275
10,18,12355,raspi4,ImageNet16-120,45.033333,5.326674,0.714586,16275
10,18,9585,raspi4,ImageNet16-120,0.833333,0.011519,0.714586,16275
10,18,7187,raspi4,ImageNet16-120,28.683332,0.952790,0.714586,16275
10,18,14792,raspi4,ImageNet16-120,43.033333,3.792447,0.714586,16275
10,18,3687,raspi4,ImageNet16-120,34.066666,1.583497,0.714586,16275
10,18,6868,raspi4,ImageNet16-120,39.000000,2.982937,0.714586,16275
10,18,857,raspi4,ImageNet16-120,47.311110,9.020064,0.714586,16275
10,18,15107,raspi4,ImageNet16-120,39.800000,3.083329,0.714586,16275
11,1,11692,edgegpu,cifar10,94.130000,4.708362,0.505646,16196
11,1,10484,edgegpu,cifar10,93.810000,3.354015,0.505646,16196
11,1,11438,edgegpu,cifar10,92.500000,1.846719,0.505646,16196
11,1,5400,edgegpu,cifar10,86.630000,1.427460,0.505646,16196
11,1,6950,edgegpu,cifar10,92.000000,1.738467,0.505646,16196
11,1,14527,edgegpu,cifar10,86.765000,1.439619,0.505646,16196
11,1,2776,edgegpu,cifar10,93.666664,3.331194,0.505646,16196
11,1,1339,edgegpu,cifar10,92.136665,1.751881,0.505646,16196
11,1,5780,edgegpu,cifar10,93.980000,3.361888,0.505646,16196
11,1,5292,edgegpu,cifar10,94.293335,6.663151,0.505646,16196
11,1,13401,edgegpu,cifar10,87.010000,1.457009,0.505646,16196
11,1,6499,edgegpu,cifar10,93.645000,3.331041,0.505646,16196
11,1,11810,edgegpu,cifar10,92.780000,1.992798,0.505646,16196
11,1,14090,edgegpu,cifar10,92.086670,1.749086,0.505646,16196
11,1,9099,edgegpu,cifar10,93.940000,3.357520,0.505646,16196
11,1,14407,edgegpu,cifar10,86.770000,1.440282,0.505646,16196
11,1,8421,edgegpu,cifar10,10.000000,0.538597,0.505646,16196
11,1,561,edgegpu,cifar10,86.880000,1.451068,0.505646,16196
11,1,2053,edgegpu,cifar10,94.206665,5.482254,0.505646,16196
11,1,258,edgegpu,cifar10,93.640000,3.307109,0.505646,16196
11,1,6330,edgegpu,cifar10,94.006670,4.384699,0.505646,16196
11,1,1549,edgegpu,cifar10,86.710000,1.436324,0.505646,16196
11,1,6960,edgegpu,cifar10,92.280000,1.764450,0.505646,16196
11,1,13714,edgegpu,cifar10,94.373340,6.772180,0.505646,16196
11,1,1459,edgegpu,cifar10,94.296670,6.748991,0.505646,16196
11,2,11692,edgetpu,cifar10,94.130000,0.761100,0.445961,15851
11,2,2053,edgetpu,cifar10,94.206665,1.042178,0.445961,15851
11,2,4161,edgetpu,cifar10,89.250000,0.391221,0.445961,15851
11,2,2485,edgetpu,cifar10,86.700000,0.346546,0.445961,15851
11,2,9950,edgetpu,cifar10,93.840000,0.723767,0.445961,15851
11,2,8008,edgetpu,cifar10,93.480000,0.629746,0.445961,15851
11,2,13611,edgetpu,cifar10,92.490000,0.481826,0.445961,15851
11,2,10683,edgetpu,cifar10,92.330000,0.481277,0.445961,15851
11,2,7017,edgetpu,cifar10,86.970000,0.353089,0.445961,15851
11,2,3731,edgetpu,cifar10,94.343330,1.282820,0.445961,15851
11,2,13714,edgetpu,cifar10,94.373340,1.377865,0.445961,15851
11,2,5111,edgetpu,cifar10,94.306660,1.152010,0.445961,15851
11,2,5258,edgetpu,cifar10,88.775000,0.388629,0.445961,15851
11,2,11438,edgetpu,cifar10,92.500000,0.482393,0.445961,15851
11,2,11112,edgetpu,cifar10,92.110000,0.480732,0.445961,15851
11,2,9689,edgetpu,cifar10,93.370000,0.628386,0.445961,15851
11,2,9380,edgetpu,cifar10,89.335000,0.395662,0.445961,15851
11,2,15000,edgetpu,cifar10,92.400000,0.481741,0.445961,15851
11,2,6382,edgetpu,cifar10,93.376660,0.628638,0.445961,15851
11,2,8192,edgetpu,cifar10,93.093330,0.627745,0.445961,15851
11,2,5647,edgetpu,cifar10,89.110000,0.389378,0.445961,15851
11,2,11810,edgetpu,cifar10,92.780000,0.482879,0.445961,15851
11,2,5780,edgetpu,cifar10,93.980000,0.723967,0.445961,15851
11,2,797,edgetpu,cifar10,93.280000,0.627996,0.445961,15851
11,2,3927,edgetpu,cifar10,93.626660,0.723268,0.445961,15851
11,3,8592,eyeriss,cifar10,93.750000,3.891380,0.470250,16676
11,3,12438,eyeriss,cifar10,89.875000,1.925300,0.470250,16676
11,3,14112,eyeriss,cifar10,91.296670,2.908340,0.470250,16676
11,3,6899,eyeriss,cifar10,90.900000,2.416820,0.470250,16676
11,3,13987,eyeriss,cifar10,93.596664,3.645620,0.470250,16676
11,3,8323,eyeriss,cifar10,90.870000,2.171060,0.470250,16676
11,3,11472,eyeriss,cifar10,93.970000,4.628660,0.470250,16676
11,3,6854,eyeriss,cifar10,91.040000,2.662580,0.470250,16676
11,3,5111,eyeriss,cifar10,94.306660,5.365940,0.470250,16676
11,3,11692,eyeriss,cifar10,94.130000,4.874420,0.470250,16676
11,3,8008,eyeriss,cifar10,93.480000,3.399860,0.470250,16676
11,3,13714,eyeriss,cifar10,94.373340,7.823540,0.470250,16676
11,3,4384,eyeriss,cifar10,86.796670,1.679540,0.470250,16676
11,3,3731,eyeriss,cifar10,94.343330,6.594740,0.470250,16676
11,3,6111,eyeriss,cifar10,94.373340,7.823540,0.470250,16676
11,3,13611,eyeriss,cifar10,92.490000,3.154100,0.470250,16676
11,4,11472,fpga,cifar10,93.970000,3.648160,0.408552,16347
11,4,4384,fpga,cifar10,86.796670,1.132960,0.408552,16347
11,4,12438,fpga,cifar10,89.875000,1.648160,0.408552,16347
11,4,10412,fpga,cifar10,93.530000,3.420960,0.408552,16347
11,4,5111,fpga,cifar10,94.306660,5.193760,0.408552,16347
11,4,8008,fpga,cifar10,93.480000,2.905760,0.408552,16347
11,4,11525,fpga,cifar10,90.000000,2.057760,0.408552,16347
11,4,3731,fpga,cifar10,94.343330,5.936160,0.408552,16347
11,4,6584,fpga,cifar10,94.160000,4.163360,0.408552,16347
11,4,13611,fpga,cifar10,92.490000,2.390560,0.408552,16347
11,4,6111,fpga,cifar10,94.373340,6.678560,0.408552,16347
11,4,8323,fpga,cifar10,90.870000,2.163360,0.408552,16347
11,4,13714,fpga,cifar10,94.373340,6.678560,0.408552,16347
11,4,8720,fpga,cifar10,89.875000,1.648160,0.408552,16347
11,5,8695,pixel3,cifar10,94.220000,17.564500,0.699290,16214
11,5,4627,pixel3,cifar10,93.270000,7.036050,0.699290,16214
11,5,2779,pixel3,cifar10,90.806660,3.102950,0.699290,16214
11,5,1804,pixel3,cifar10,89.063330,1.579900,0.699290,16214
11,5,6985,pixel3,cifar10,89.940000,2.367450,0.699290,16214
11,5,6863,pixel3,cifar10,86.740000,1.229320,0.699290,16214
11,5,6434,pixel3,cifar10,91.080000,4.811140,0.699290,16214
11,5,11692,pixel3,cifar10,94.130000,15.490100,0.699290,16214
11,5,1781,pixel3,cifar10,89.883330,1.712020,0.699290,16214
11,5,9230,pixel3,cifar10,86.580000,1.056760,0.699290,16214
11,5,13171,pixel3,cifar10,93.530000,7.717220,0.699290,16214
11,5,1941,pixel3,cifar10,93.533330,9.128690,0.699290,16214
11,5,1339,pixel3,cifar10,92.136665,5.802240,0.699290,16214
11,5,6854,pixel3,cifar10,91.040000,4.514220,0.699290,16214
11,5,8592,pixel3,cifar10,93.750000,10.769800,0.699290,16214
11,5,6382,pixel3,cifar10,93.376660,7.048190,0.699290,16214
11,5,1416,pixel3,cifar10,89.546670,1.691430,0.699290,16214
11,5,5111,pixel3,cifar10,94.306660,17.584600,0.699290,16214
11,5,13869,pixel3,cifar10,93.656670,10.634700,0.699290,16214
11,5,11972,pixel3,cifar10,91.510000,5.627010,0.699290,16214
11,5,2035,pixel3,cifar10,89.670000,1.706480,0.699290,16214
11,5,6899,pixel3,cifar10,90.900000,3.961410,0.699290,16214
11,5,3731,pixel3,cifar10,94.343330,23.361300,0.699290,16214
11,5,1497,pixel3,cifar10,86.556660,1.056630,0.699290,16214
11,5,8323,pixel3,cifar10,90.870000,3.106420,0.699290,16214
11,5,6918,pixel3,cifar10,87.000000,1.478790,0.699290,16214
11,5,1943,pixel3,cifar10,93.116670,6.492030,0.699290,16214
11,5,6111,pixel3,cifar10,94.373340,23.584800,0.699290,16214
11,5,5224,pixel3,cifar10,88.980000,1.570360,0.699290,16214
11,5,4554,pixel3,cifar10,86.670000,1.114880,0.699290,16214
11,5,7001,pixel3,cifar10,10.000000,0.003277,0.699290,16214
11,5,12452,pixel3,cifar10,91.350000,5.590110,0.699290,16214
11,5,7017,pixel3,cifar10,86.970000,1.403930,0.699290,16214
11,5,10689,pixel3,cifar10,90.790000,2.669770,0.699290,16214
11,5,7197,pixel3,cifar10,90.366670,2.447670,0.699290,16214
11,5,8708,pixel3,cifar10,94.080000,12.839000,0.699290,16214
11,5,13987,pixel3,cifar10,93.596664,9.922680,0.699290,16214
11,5,6330,pixel3,cifar10,94.006670,11.512400,0.699290,16214
11,6,5111,raspi4,cifar10,94.306660,41.756905,0.596383,16293
11,6,3731,raspi4,cifar10,94.343330,58.070793,0.596383,16293
11,6,8323,raspi4,cifar10,90.870000,7.426308,0.596383,16293
11,6,8592,raspi4,cifar10,93.750000,25.477009,0.596383,16293
11,6,2035,raspi4,cifar10,89.670000,4.984099,0.596383,16293
11,6,13846,raspi4,cifar10,90.720000,7.176163,0.596383,16293
11,6,11533,raspi4,cifar10,93.420000,21.715693,0.596383,16293
11,6,8008,raspi4,cifar10,93.480000,22.571420,0.596383,16293
11,6,2058,raspi4,cifar10,93.270000,19.484835,0.596383,16293
11,6,7017,raspi4,cifar10,86.970000,2.544041,0.596383,16293
11,6,10275,raspi4,cifar10,91.080000,9.993188,0.596383,16293
11,6,11692,raspi4,cifar10,94.130000,37.583630,0.596383,16293
11,6,1690,raspi4,cifar10,86.646670,2.536549,0.596383,16293
11,6,4210,raspi4,cifar10,89.030000,4.782748,0.596383,16293
11,6,12505,raspi4,cifar10,92.150000,16.747276,0.596383,16293
11,6,1941,raspi4,cifar10,93.533330,25.121769,0.596383,16293
11,6,6382,raspi4,cifar10,93.376660,21.461164,0.596383,16293
11,6,1962,raspi4,cifar10,86.530000,2.529453,0.596383,16293
11,6,12385,raspi4,cifar10,91.990000,16.485830,0.596383,16293
11,6,5780,raspi4,cifar10,93.980000,34.928463,0.596383,16293
11,6,6960,raspi4,cifar10,92.280000,17.162752,0.596383,16293
11,6,6111,raspi4,cifar10,94.373340,68.404106,0.596383,16293
11,6,6985,raspi4,cifar10,89.940000,4.995646,0.596383,16293
11,6,8426,raspi4,cifar10,93.840000,31.394428,0.596383,16293
11,6,13611,raspi4,cifar10,92.490000,18.523302,0.596383,16293
11,6,11810,raspi4,cifar10,92.780000,18.619905,0.596383,16293
11,6,1973,raspi4,cifar10,91.663330,16.185848,0.596383,16293
11,6,9380,raspi4,cifar10,89.335000,4.875613,0.596383,16293
11,6,10412,raspi4,cifar10,93.530000,25.079220,0.596383,16293
11,6,9980,raspi4,cifar10,10.000000,0.011284,0.596383,16293
11,6,11972,raspi4,cifar10,91.510000,12.403558,0.596383,16293
11,6,9271,raspi4,cifar10,89.250000,4.830311,0.596383,16293
11,6,6918,raspi4,cifar10,87.000000,2.787590,0.596383,16293
11,6,1804,raspi4,cifar10,89.063330,4.791845,0.596383,16293
11,6,14677,raspi4,cifar10,88.670000,4.755260,0.596383,16293
11,7,2778,edgegpu,cifar100,72.993330,6.134028,0.506771,16529
11,7,8401,edgegpu,cifar100,71.080000,3.302102,0.506771,16529
11,7,8912,edgegpu,cifar100,59.200000,1.441355,0.506771,16529
11,7,9922,edgegpu,cifar100,58.560000,1.428552,0.506771,16529
11,7,12415,edgegpu,cifar100,71.940000,4.828467,0.506771,16529
11,7,1509,edgegpu,cifar100,1.000000,0.505853,0.506771,16529
11,7,9930,edgegpu,cifar100,73.513336,6.803060,0.506771,16529
11,7,11067,edgegpu,cifar100,58.186670,1.427836,0.506771,16529
11,7,3888,edgegpu,cifar100,73.260000,6.797867,0.506771,16529
11,7,6124,edgegpu,cifar100,68.360000,3.185835,0.506771,16529
11,7,11810,edgegpu,cifar100,68.300000,1.779551,0.506771,16529
11,7,4418,edgegpu,cifar100,72.746666,5.352364,0.506771,16529
11,7,11885,edgegpu,cifar100,68.040000,1.776652,0.506771,16529
11,7,4954,edgegpu,cifar100,73.000000,6.669736,0.506771,16529
11,7,1425,edgegpu,cifar100,72.093330,5.310225,0.506771,16529
11,7,2304,edgegpu,cifar100,58.660000,1.440253,0.506771,16529
11,7,14677,edgegpu,cifar100,62.420000,1.746187,0.506771,16529
11,7,9997,edgegpu,cifar100,71.520000,3.466139,0.506771,16529
11,7,1038,edgegpu,cifar100,67.500000,1.758428,0.506771,16529
11,7,6381,edgegpu,cifar100,66.800000,1.753340,0.506771,16529
11,8,4155,edgetpu,cifar100,62.306667,0.391442,0.555137,16210
11,8,9930,edgetpu,cifar100,73.513336,1.454107,0.555137,16210
11,8,9997,edgetpu,cifar100,71.520000,0.729986,0.555137,16210
11,8,8638,edgetpu,cifar100,58.860000,0.356631,0.555137,16210
11,8,12607,edgetpu,cifar100,62.600000,0.392830,0.555137,16210
11,8,12415,edgetpu,cifar100,71.940000,0.872299,0.555137,16210
11,8,1943,edgetpu,cifar100,69.626660,0.634759,0.555137,16210
11,8,5019,edgetpu,cifar100,58.880000,0.357058,0.555137,16210
11,8,13829,edgetpu,cifar100,66.873340,0.485137,0.555137,16210
11,8,2705,edgetpu,cifar100,62.813330,0.393026,0.555137,16210
11,8,1425,edgetpu,cifar100,72.093330,0.910660,0.555137,16210
11,8,11112,edgetpu,cifar100,66.893330,0.486713,0.555137,16210
11,8,11533,edgetpu,cifar100,69.760000,0.635877,0.555137,16210
11,8,1996,edgetpu,cifar100,67.820000,0.486748,0.555137,16210
11,8,9271,edgetpu,cifar100,63.400000,0.393151,0.555137,16210
11,8,857,edgetpu,cifar100,72.880000,1.264168,0.555137,16210
11,8,8912,edgetpu,cifar100,59.200000,0.377698,0.555137,16210
11,8,4418,edgetpu,cifar100,72.746666,1.093699,0.555137,16210
11,8,1383,edgetpu,cifar100,70.273330,0.673722,0.555137,16210
11,8,69,edgetpu,cifar100,71.020000,0.727259,0.555137,16210
11,8,12761,edgetpu,cifar100,72.860000,1.225212,0.555137,16210
11,8,14945,edgetpu,cifar100,58.500000,0.354940,0.555137,16210
11,8,12574,edgetpu,cifar100,72.740000,0.932430,0.555137,16210
11,8,8401,edgetpu,cifar100,71.080000,0.728572,0.555137,16210
11,8,3303,edgetpu,cifar100,62.420000,0.392593,0.555137,16210
11,8,797,edgetpu,cifar100,69.580000,0.633351,0.555137,16210
11,8,3888,edgetpu,cifar100,73.260000,1.316226,0.555137,16210
11,8,1110,edgetpu,cifar100,58.840000,0.355938,0.555137,16210
11,8,577,edgetpu,cifar100,69.680000,0.635228,0.555137,16210
11,8,10443,edgetpu,cifar100,68.300000,0.489020,0.555137,16210
11,8,15363,edgetpu,cifar100,70.520000,0.676394,0.555137,16210
11,8,10000,edgetpu,cifar100,73.160000,1.283461,0.555137,16210
11,8,4659,edgetpu,cifar100,70.060000,0.636433,0.555137,16210
11,8,777,edgetpu,cifar100,58.650000,0.355588,0.555137,16210
11,8,781,edgetpu,cifar100,67.960000,0.487922,0.555137,16210
11,9,4659,eyeriss,cifar100,70.060000,3.402880,0.476490,16697
11,9,10689,eyeriss,cifar100,67.500000,2.174080,0.476490,16697
11,9,11301,eyeriss,cifar100,68.220000,2.665600,0.476490,16697
11,9,14112,eyeriss,cifar100,68.386665,2.911360,0.476490,16697
11,9,6925,eyeriss,cifar100,71.220000,3.894400,0.476490,16697
11,9,5084,eyeriss,cifar100,58.813330,1.682560,0.476490,16697
11,9,6787,eyeriss,cifar100,70.720000,3.648640,0.476490,16697
11,9,12574,eyeriss,cifar100,72.740000,5.123200,0.476490,16697
11,9,3888,eyeriss,cifar100,73.260000,6.597760,0.476490,16697
11,9,14714,eyeriss,cifar100,71.280000,4.140160,0.476490,16697
11,9,12820,eyeriss,cifar100,67.720000,2.419840,0.476490,16697
11,9,12761,eyeriss,cifar100,72.860000,6.352000,0.476490,16697
11,9,5651,eyeriss,cifar100,64.690000,1.928320,0.476490,16697
11,9,3540,eyeriss,cifar100,71.500000,4.877440,0.476490,16697
11,9,9930,eyeriss,cifar100,73.513336,9.055360,0.476490,16697
11,10,6830,fpga,cifar100,71.460000,4.057760,0.433341,16279
11,10,12820,fpga,cifar100,67.720000,2.678560,0.433341,16279
11,10,5084,fpga,cifar100,58.813330,1.132960,0.433341,16279
11,10,12574,fpga,cifar100,72.740000,4.678560,0.433341,16279
11,10,11973,fpga,cifar100,70.340000,2.905760,0.433341,16279
11,10,10689,fpga,cifar100,67.500000,2.163360,0.433341,16279
11,10,12295,fpga,cifar100,71.160000,3.648160,0.433341,16279
11,10,3888,fpga,cifar100,73.260000,5.936160,0.433341,16279
11,10,9930,fpga,cifar100,73.513336,7.420960,0.433341,16279
11,10,12761,fpga,cifar100,72.860000,5.420960,0.433341,16279
11,10,6925,fpga,cifar100,71.220000,3.936160,0.433341,16279
11,10,3540,fpga,cifar100,71.500000,4.163360,0.433341,16279
11,10,9997,fpga,cifar100,71.520000,4.572960,0.433341,16279
11,10,5651,fpga,cifar100,64.690000,1.648160,0.433341,16279
11,10,6787,fpga,cifar100,70.720000,3.420960,0.433341,16279
11,10,7250,fpga,cifar100,67.706665,2.390560,0.433341,16279
11,10,5033,fpga,cifar100,59.060000,1.542560,0.433341,16279
11,10,4249,fpga,cifar100,65.080000,2.057760,0.433341,16279
11,11,1450,pixel3,cifar100,70.506670,9.337360,0.611534,16445
11,11,15363,pixel3,cifar100,70.520000,9.708640,0.611534,16445
11,11,3888,pixel3,cifar100,73.260000,23.477200,0.611534,16445
11,11,8323,pixel3,cifar100,67.080000,3.106340,0.611534,16445
11,11,898,pixel3,cifar100,70.000000,6.516140,0.611534,16445
11,11,6925,pixel3,cifar100,71.220000,10.688000,0.611534,16445
11,11,10042,pixel3,cifar100,64.880000,2.794690,0.611534,16445
11,11,12574,pixel3,cifar100,72.740000,16.473900,0.611534,16445
11,11,485,pixel3,cifar100,67.593330,4.124800,0.611534,16445
11,11,6787,pixel3,cifar100,70.720000,9.854430,0.611534,16445
11,11,14112,pixel3,cifar100,68.386665,5.745320,0.611534,16445
11,11,11000,pixel3,cifar100,71.180000,10.677600,0.611534,16445
11,11,6337,pixel3,cifar100,1.000000,0.008753,0.611534,16445
11,11,12970,pixel3,cifar100,68.140000,4.782110,0.611534,16445
11,11,1631,pixel3,cifar100,63.986668,1.805000,0.611534,16445
11,11,8638,pixel3,cifar100,58.860000,1.478570,0.611534,16445
11,11,724,pixel3,cifar100,67.053340,2.875650,0.611534,16445
11,11,8912,pixel3,cifar100,59.200000,1.478790,0.611534,16445
11,11,699,pixel3,cifar100,72.240000,12.079400,0.611534,16445
11,11,906,pixel3,cifar100,62.393333,1.661810,0.611534,16445
11,11,1409,pixel3,cifar100,58.853333,1.275090,0.611534,16445
11,11,375,pixel3,cifar100,64.440000,2.363140,0.611534,16445
11,11,11301,pixel3,cifar100,68.220000,5.352090,0.611534,16445
11,11,4659,pixel3,cifar100,70.060000,9.026280,0.611534,16445
11,11,10689,pixel3,cifar100,67.500000,3.109220,0.611534,16445
11,11,1090,pixel3,cifar100,65.220000,2.811310,0.611534,16445
11,11,858,pixel3,cifar100,64.133330,2.003500,0.611534,16445
11,11,657,pixel3,cifar100,58.233334,1.233070,0.611534,16445
11,11,9930,pixel3,cifar100,73.513336,42.003600,0.611534,16445
11,11,5651,pixel3,cifar100,64.690000,2.376870,0.611534,16445
11,11,1593,pixel3,cifar100,62.126667,1.582050,0.611534,16445
11,11,857,pixel3,cifar100,72.880000,19.113200,0.611534,16445
11,11,1459,pixel3,cifar100,73.140000,23.437900,0.611534,16445
11,12,9271,raspi4,cifar100,63.400000,4.800893,0.591923,16204
11,12,3888,raspi4,cifar100,73.260000,55.029520,0.591923,16204
11,12,9997,raspi4,cifar100,71.520000,34.996710,0.591923,16204
11,12,14714,raspi4,cifar100,71.280000,24.692347,0.591923,16204
11,12,14112,raspi4,cifar100,68.386665,14.423308,0.591923,16204
11,12,15363,raspi4,cifar100,70.520000,21.809430,0.591923,16204
11,12,15589,raspi4,cifar100,59.060000,2.795078,0.591923,16204
11,12,12574,raspi4,cifar100,72.740000,36.371254,0.591923,16204
11,12,4409,raspi4,cifar100,67.173330,7.228629,0.591923,16204
11,12,14612,raspi4,cifar100,58.720000,2.563505,0.591923,16204
11,12,13430,raspi4,cifar100,66.700000,7.203785,0.591923,16204
11,12,6822,raspi4,cifar100,58.426666,2.558594,0.591923,16204
11,12,10042,raspi4,cifar100,64.880000,5.100886,0.591923,16204
11,12,10222,raspi4,cifar100,58.860000,2.747804,0.591923,16204
11,12,8912,raspi4,cifar100,59.200000,2.818969,0.591923,16204
11,12,2035,raspi4,cifar100,63.926666,5.005698,0.591923,16204
11,12,12915,raspi4,cifar100,66.950000,7.226311,0.591923,16204
11,12,6918,raspi4,cifar100,58.800000,2.571364,0.591923,16204
11,12,2222,raspi4,cifar100,58.313330,2.538255,0.591923,16204
11,12,7030,raspi4,cifar100,69.600000,19.218203,0.591923,16204
11,12,375,raspi4,cifar100,64.440000,5.099302,0.591923,16204
11,12,8740,raspi4,cifar100,1.000000,0.015215,0.591923,16204
11,12,6787,raspi4,cifar100,70.720000,23.081835,0.591923,16204
11,12,1459,raspi4,cifar100,73.140000,53.879950,0.591923,16204
11,12,12761,raspi4,cifar100,72.860000,53.718200,0.591923,16204
11,12,898,raspi4,cifar100,70.000000,21.506163,0.591923,16204
11,12,4418,raspi4,cifar100,72.746666,47.162354,0.591923,16204
11,12,6925,raspi4,cifar100,71.220000,24.195030,0.591923,16204
11,12,7891,raspi4,cifar100,67.550000,12.536592,0.591923,16204
11,12,10689,raspi4,cifar100,67.500000,7.381845,0.591923,16204
11,12,4498,raspi4,cifar100,64.086670,5.022347,0.591923,16204
11,12,8720,raspi4,cifar100,64.130000,5.082239,0.591923,16204
11,12,9926,raspi4,cifar100,63.520000,4.999532,0.591923,16204
11,12,1572,raspi4,cifar100,69.900000,19.916142,0.591923,16204
11,12,9930,raspi4,cifar100,73.513336,71.152000,0.591923,16204
11,12,14792,raspi4,cifar100,69.500000,19.111843,0.591923,16204
11,12,12607,raspi4,cifar100,62.600000,4.779045,0.591923,16204
11,12,3487,raspi4,cifar100,70.093330,21.603350,0.591923,16204
11,13,4332,edgegpu,ImageNet16-120,39.444443,1.745496,0.543766,16437
11,13,5751,edgegpu,ImageNet16-120,40.044445,2.434626,0.543766,16437
11,13,15159,edgegpu,ImageNet16-120,45.566666,4.632421,0.543766,16437
11,13,12415,edgegpu,ImageNet16-120,46.566666,4.667692,0.543766,16437
11,13,9722,edgegpu,ImageNet16-120,44.000000,3.327813,0.543766,16437
11,13,14117,edgegpu,ImageNet16-120,28.677778,1.435547,0.543766,16437
11,13,8426,edgegpu,ImageNet16-120,44.633335,3.370147,0.543766,16437
11,13,7187,edgegpu,ImageNet16-120,28.683332,1.443858,0.543766,16437
11,13,454,edgegpu,ImageNet16-120,41.277780,3.303313,0.543766,16437
11,13,4946,edgegpu,ImageNet16-120,44.700000,3.490419,0.543766,16437
11,13,1164,edgegpu,ImageNet16-120,28.522223,1.435223,0.543766,16437
11,13,4587,edgegpu,ImageNet16-120,28.800000,1.445131,0.543766,16437
11,13,10947,edgegpu,ImageNet16-120,39.944443,1.909800,0.543766,16437
11,13,8401,edgegpu,ImageNet16-120,43.833332,3.322444,0.543766,16437
11,13,8884,edgegpu,ImageNet16-120,45.033333,3.499999,0.543766,16437
11,13,11217,edgegpu,ImageNet16-120,43.466667,3.316708,0.543766,16437
11,13,4160,edgegpu,ImageNet16-120,39.833332,1.756272,0.543766,16437
11,13,7760,edgegpu,ImageNet16-120,39.100000,1.743751,0.543766,16437
11,13,15288,edgegpu,ImageNet16-120,28.422222,1.417041,0.543766,16437
11,13,14612,edgegpu,ImageNet16-120,28.488890,1.434064,0.543766,16437
11,13,6950,edgegpu,ImageNet16-120,38.700000,1.740150,0.543766,16437
11,13,9586,edgegpu,ImageNet16-120,46.933334,5.222673,0.543766,16437
11,13,13411,edgegpu,ImageNet16-120,31.855556,1.736240,0.543766,16437
11,13,15376,edgegpu,ImageNet16-120,0.833333,0.533953,0.543766,16437
11,13,12081,edgegpu,ImageNet16-120,40.233334,2.730479,0.543766,16437
11,13,2650,edgegpu,ImageNet16-120,42.433334,3.309817,0.543766,16437
11,13,14840,edgegpu,ImageNet16-120,45.311110,4.224715,0.543766,16437
11,13,15383,edgegpu,ImageNet16-120,47.033333,6.262836,0.543766,16437
11,13,4988,edgegpu,ImageNet16-120,28.933332,1.448212,0.543766,16437
11,14,6407,edgetpu,ImageNet16-120,32.333332,0.363748,0.546292,16087
11,14,3540,edgetpu,ImageNet16-120,45.122223,0.648670,0.546292,16087
11,14,14677,edgetpu,ImageNet16-120,33.233334,0.364575,0.546292,16087
11,14,4160,edgetpu,ImageNet16-120,39.833332,0.430355,0.546292,16087
11,14,70,edgetpu,ImageNet16-120,39.377777,0.428228,0.546292,16087
11,14,4830,edgetpu,ImageNet16-120,42.233334,0.549457,0.546292,16087
11,14,8884,edgetpu,ImageNet16-120,45.033333,0.615792,0.546292,16087
11,14,857,edgetpu,ImageNet16-120,47.311110,0.997730,0.546292,16087
11,14,4627,edgetpu,ImageNet16-120,43.500000,0.552306,0.546292,16087
11,14,4988,edgetpu,ImageNet16-120,28.933332,0.360694,0.546292,16087
11,14,15363,edgetpu,ImageNet16-120,44.333332,0.582280,0.546292,16087
11,14,10332,edgetpu,ImageNet16-120,40.033333,0.516152,0.546292,16087
11,14,12415,edgetpu,ImageNet16-120,46.566666,0.710906,0.546292,16087
11,14,7750,edgetpu,ImageNet16-120,43.066666,0.551617,0.546292,16087
11,14,13931,edgetpu,ImageNet16-120,28.788889,0.360349,0.546292,16087
11,14,10167,edgetpu,ImageNet16-120,39.944443,0.444058,0.546292,16087
11,14,15014,edgetpu,ImageNet16-120,28.266666,0.358110,0.546292,16087
11,14,13769,edgetpu,ImageNet16-120,41.555557,0.549360,0.546292,16087
11,14,6950,edgetpu,ImageNet16-120,38.700000,0.427379,0.546292,16087
11,14,9689,edgetpu,ImageNet16-120,42.533333,0.549702,0.546292,16087
11,14,15383,edgetpu,ImageNet16-120,47.033333,0.780914,0.546292,16087
11,14,11282,edgetpu,ImageNet16-120,39.633335,0.428409,0.546292,16087
11,14,15107,edgetpu,ImageNet16-120,39.800000,0.430284,0.546292,16087
11,14,11079,edgetpu,ImageNet16-120,43.566666,0.552430,0.546292,16087
11,14,7273,edgetpu,ImageNet16-120,42.966667,0.550014,0.546292,16087
11,14,5674,edgetpu,ImageNet16-120,39.650000,0.428605,0.546292,16087
11,14,5530,edgetpu,ImageNet16-120,42.577778,0.549937,0.546292,16087
11,14,11885,edgetpu,ImageNet16-120,39.166668,0.427395,0.546292,16087
11,14,10888,edgetpu,ImageNet16-120,28.333334,0.359044,0.546292,16087
11,14,5751,edgetpu,ImageNet16-120,40.044445,0.516992,0.546292,16087
11,14,13972,edgetpu,ImageNet16-120,31.933332,0.363440,0.546292,16087
11,14,7396,edgetpu,ImageNet16-120,40.177776,0.517218,0.546292,16087
11,14,14840,edgetpu,ImageNet16-120,45.311110,0.666690,0.546292,16087
11,14,7357,edgetpu,ImageNet16-120,44.666668,0.600498,0.546292,16087
11,15,4829,eyeriss,ImageNet16-120,34.200000,0.484480,0.472040,16673
11,15,8853,eyeriss,ImageNet16-120,45.600000,1.037440,0.472040,16673
11,15,857,eyeriss,ImageNet16-120,47.311110,1.651840,0.472040,16673
11,15,2835,eyeriss,ImageNet16-120,38.222220,0.545920,0.472040,16673
11,15,6854,eyeriss,ImageNet16-120,40.800000,0.668800,0.472040,16673
11,15,6787,eyeriss,ImageNet16-120,44.400000,0.914560,0.472040,16673
11,15,1939,eyeriss,ImageNet16-120,45.077778,0.976000,0.472040,16673
11,15,8008,eyeriss,ImageNet16-120,43.500000,0.853120,0.472040,16673
11,15,15383,eyeriss,ImageNet16-120,47.033333,1.283200,0.472040,16673
11,15,14417,eyeriss,ImageNet16-120,45.900000,1.098880,0.472040,16673
11,15,735,eyeriss,ImageNet16-120,38.544445,0.607360,0.472040,16673
11,15,4988,eyeriss,ImageNet16-120,28.933332,0.423040,0.472040,16673
11,16,10017,fpga,ImageNet16-120,40.566666,0.784000,0.512815,16308
11,16,8008,fpga,ImageNet16-120,43.500000,0.876800,0.512815,16308
11,16,6854,fpga,ImageNet16-120,40.800000,0.809120,0.512815,16308
11,16,6787,fpga,ImageNet16-120,44.400000,0.969600,0.512815,16308
11,16,8853,fpga,ImageNet16-120,45.600000,1.155200,0.512815,16308
11,16,2835,fpga,ImageNet16-120,38.222220,0.546720,0.512815,16308
11,16,1939,fpga,ImageNet16-120,45.077778,1.062400,0.512815,16308
11,16,15383,fpga,ImageNet16-120,47.033333,1.504000,0.512815,16308
11,16,5793,fpga,ImageNet16-120,35.033333,0.517920,0.512815,16308
11,16,4829,fpga,ImageNet16-120,34.200000,0.415520,0.512815,16308
11,16,14748,fpga,ImageNet16-120,44.900000,0.995200,0.512815,16308
11,16,6868,fpga,ImageNet16-120,39.000000,0.649120,0.512815,16308
11,16,14417,fpga,ImageNet16-120,45.900000,1.276320,0.512815,16308
11,16,857,fpga,ImageNet16-120,47.311110,2.038400,0.512815,16308
11,16,4988,fpga,ImageNet16-120,28.933332,0.284320,0.512815,16308
11,16,12452,fpga,ImageNet16-120,40.533333,0.780320,0.512815,16308
11,17,11079,pixel3,ImageNet16-120,43.566666,2.479610,0.618771,16358
11,17,1110,pixel3,ImageNet16-120,28.600000,0.423927,0.618771,16358
11,17,15446,pixel3,ImageNet16-120,45.766666,3.439380,0.618771,16358
11,17,12639,pixel3,ImageNet16-120,40.400000,1.304440,0.618771,16358
11,17,4587,pixel3,ImageNet16-120,28.800000,0.445767,0.618771,16358
11,17,12506,pixel3,ImageNet16-120,43.983334,2.929990,0.618771,16358
11,17,1425,pixel3,ImageNet16-120,45.977780,4.619290,0.618771,16358
11,17,6854,pixel3,ImageNet16-120,40.800000,1.621620,0.618771,16358
11,17,11000,pixel3,ImageNet16-120,44.866665,2.962520,0.618771,16358
11,17,10154,pixel3,ImageNet16-120,46.133335,4.783700,0.618771,16358
11,17,2018,pixel3,ImageNet16-120,46.433334,4.949210,0.618771,16358
11,17,15383,pixel3,ImageNet16-120,47.033333,5.191720,0.618771,16358
11,17,14417,pixel3,ImageNet16-120,45.900000,4.143030,0.618771,16358
11,17,1939,pixel3,ImageNet16-120,45.077778,3.021500,0.618771,16358
11,17,1860,pixel3,ImageNet16-120,28.433332,0.422587,0.618771,16358
11,17,1204,pixel3,ImageNet16-120,37.844444,0.864966,0.618771,16358
11,17,4432,pixel3,ImageNet16-120,37.800000,0.861157,0.618771,16358
11,17,4988,pixel3,ImageNet16-120,28.933332,0.485996,0.618771,16358
11,17,12424,pixel3,ImageNet16-120,43.133330,2.470150,0.618771,16358
11,17,12452,pixel3,ImageNet16-120,40.533333,1.504410,0.618771,16358
11,17,4895,pixel3,ImageNet16-120,33.200000,0.619070,0.618771,16358
11,17,2899,pixel3,ImageNet16-120,43.911110,2.701210,0.618771,16358
11,17,8954,pixel3,ImageNet16-120,28.733334,0.424855,0.618771,16358
11,17,2835,pixel3,ImageNet16-120,38.222220,0.868646,0.618771,16358
11,17,12466,pixel3,ImageNet16-120,46.100000,4.680280,0.618771,16358
11,17,1549,pixel3,ImageNet16-120,28.655556,0.424747,0.618771,16358
11,17,13059,pixel3,ImageNet16-120,34.266666,0.668679,0.618771,16358
11,17,857,pixel3,ImageNet16-120,47.311110,6.686850,0.618771,16358
11,17,4977,pixel3,ImageNet16-120,32.966667,0.617991,0.618771,16358
11,17,3728,pixel3,ImageNet16-120,28.500000,0.422880,0.618771,16358
11,17,4004,pixel3,ImageNet16-120,42.811110,2.467510,0.618771,16358
11,17,6014,pixel3,ImageNet16-120,28.533333,0.423391,0.618771,16358
11,17,13756,pixel3,ImageNet16-120,0.833333,0.005289,0.618771,16358
11,17,735,pixel3,ImageNet16-120,38.544445,1.107950,0.618771,16358
11,17,2002,pixel3,ImageNet16-120,32.277780,0.617751,0.618771,16358
11,17,872,pixel3,ImageNet16-120,41.777780,2.465030,0.618771,16358
11,17,758,pixel3,ImageNet16-120,28.333334,0.422134,0.618771,16358
11,17,8584,pixel3,ImageNet16-120,34.088890,0.664046,0.618771,16358
11,17,898,pixel3,ImageNet16-120,42.466667,2.467210,0.618771,16358
11,18,219,raspi4,ImageNet16-120,42.500000,3.768475,0.677218,16317
11,18,11946,raspi4,ImageNet16-120,28.200000,0.940293,0.677218,16317
11,18,3960,raspi4,ImageNet16-120,37.755554,2.197980,0.677218,16317
11,18,11079,raspi4,ImageNet16-120,43.566666,3.802027,0.677218,16317
11,18,8355,raspi4,ImageNet16-120,39.666668,3.083286,0.677218,16317
11,18,4988,raspi4,ImageNet16-120,28.933332,1.003251,0.677218,16317
11,18,13931,raspi4,ImageNet16-120,28.788889,0.956195,0.677218,16317
11,18,14792,raspi4,ImageNet16-120,43.033333,3.792447,0.677218,16317
11,18,10835,raspi4,ImageNet16-120,45.233334,6.632419,0.677218,16317
11,18,3782,raspi4,ImageNet16-120,41.866665,3.755286,0.677218,16317
11,18,5487,raspi4,ImageNet16-120,38.500000,3.019000,0.677218,16317
11,18,4995,raspi4,ImageNet16-120,42.166668,3.766336,0.677218,16317
11,18,9032,raspi4,ImageNet16-120,38.016666,2.201532,0.677218,16317
11,18,8733,raspi4,ImageNet16-120,46.600000,7.477213,0.677218,16317
11,18,8447,raspi4,ImageNet16-120,40.011112,3.156609,0.677218,16317
11,18,10472,raspi4,ImageNet16-120,39.633335,3.079679,0.677218,16317
11,18,4160,raspi4,ImageNet16-120,39.833332,3.114462,0.677218,16317
11,18,8584,raspi4,ImageNet16-120,34.088890,1.586268,0.677218,16317
11,18,6854,raspi4,ImageNet16-120,40.800000,3.661016,0.677218,16317
11,18,5455,raspi4,ImageNet16-120,32.611110,1.532377,0.677218,16317
11,18,2779,raspi4,ImageNet16-120,37.355556,2.190654,0.677218,16317
11,18,14417,raspi4,ImageNet16-120,45.900000,6.948865,0.677218,16317
11,18,15363,raspi4,ImageNet16-120,44.333332,4.480516,0.677218,16317
11,18,8426,raspi4,ImageNet16-120,44.633335,5.288439,0.677218,16317
11,18,15383,raspi4,ImageNet16-120,47.033333,8.565354,0.677218,16317
11,18,7187,raspi4,ImageNet16-120,28.683332,0.952790,0.677218,16317
11,18,6787,raspi4,ImageNet16-120,44.400000,4.532777,0.677218,16317
11,18,5637,raspi4,ImageNet16-120,33.933334,1.580707,0.677218,16317
11,18,5530,raspi4,ImageNet16-120,42.577778,3.785925,0.677218,16317
11,18,10715,raspi4,ImageNet16-120,45.533333,6.790813,0.677218,16317
11,18,1939,raspi4,ImageNet16-120,45.077778,5.341908,0.677218,16317
11,18,8683,raspi4,ImageNet16-120,44.200000,4.462997,0.677218,16317
11,18,13059,raspi4,ImageNet16-120,34.266666,1.595651,0.677218,16317
11,18,12505,raspi4,ImageNet16-120,39.283333,3.062432,0.677218,16317
11,18,933,raspi4,ImageNet16-120,0.833333,0.011514,0.677218,16317
11,18,10017,raspi4,ImageNet16-120,40.566666,3.181383,0.677218,16317
11,18,1204,raspi4,ImageNet16-120,37.844444,2.199356,0.677218,16317
11,18,7551,raspi4,ImageNet16-120,38.477780,2.950436,0.677218,16317
11,18,14677,raspi4,ImageNet16-120,33.233334,1.537227,0.677218,16317
11,18,1188,raspi4,ImageNet16-120,32.455555,1.526725,0.677218,16317
11,18,13771,raspi4,ImageNet16-120,32.744446,1.533813,0.677218,16317
11,18,6336,raspi4,ImageNet16-120,39.366665,3.073392,0.677218,16317
11,18,8884,raspi4,ImageNet16-120,45.033333,5.293177,0.677218,16317
11,18,3192,raspi4,ImageNet16-120,45.477780,6.675633,0.677218,16317
11,18,1413,raspi4,ImageNet16-120,42.711113,3.788479,0.677218,16317
11,18,14750,raspi4,ImageNet16-120,32.933334,1.536700,0.677218,16317
11,18,9496,raspi4,ImageNet16-120,38.200000,2.204048,0.677218,16317
11,18,380,raspi4,ImageNet16-120,38.900000,3.038936,0.677218,16317
11,18,15107,raspi4,ImageNet16-120,39.800000,3.083329,0.677218,16317
11,18,857,raspi4,ImageNet16-120,47.311110,9.020064,0.677218,16317
12,1,10484,edgegpu,cifar10,93.810000,3.354015,0.507185,16421
12,1,2776,edgegpu,cifar10,93.666664,3.331194,0.507185,16421
12,1,6960,edgegpu,cifar10,92.280000,1.764450,0.507185,16421
12,1,5292,edgegpu,cifar10,94.293335,6.663151,0.507185,16421
12,1,11692,edgegpu,cifar10,94.130000,4.708362,0.507185,16421
12,1,561,edgegpu,cifar10,86.880000,1.451068,0.507185,16421
12,1,13714,edgegpu,cifar10,94.373340,6.772180,0.507185,16421
12,1,1459,edgegpu,cifar10,94.296670,6.748991,0.507185,16421
12,1,9099,edgegpu,cifar10,93.940000,3.357520,0.507185,16421
12,1,13401,edgegpu,cifar10,87.010000,1.457009,0.507185,16421
12,1,5780,edgegpu,cifar10,93.980000,3.361888,0.507185,16421
12,1,14527,edgegpu,cifar10,86.765000,1.439619,0.507185,16421
12,1,1549,edgegpu,cifar10,86.710000,1.436324,0.507185,16421
12,1,8421,edgegpu,cifar10,10.000000,0.538597,0.507185,16421
12,1,2053,edgegpu,cifar10,94.206665,5.482254,0.507185,16421
12,1,14090,edgegpu,cifar10,92.086670,1.749086,0.507185,16421
12,1,14407,edgegpu,cifar10,86.770000,1.440282,0.507185,16421
12,1,6499,edgegpu,cifar10,93.645000,3.331041,0.507185,16421
12,1,6950,edgegpu,cifar10,92.000000,1.738467,0.507185,16421
12,1,11810,edgegpu,cifar10,92.780000,1.992798,0.507185,16421
12,1,6330,edgegpu,cifar10,94.006670,4.384699,0.507185,16421
12,1,258,edgegpu,cifar10,93.640000,3.307109,0.507185,16421
12,1,11438,edgegpu,cifar10,92.500000,1.846719,0.507185,16421
12,1,5400,edgegpu,cifar10,86.630000,1.427460,0.507185,16421
12,1,1339,edgegpu,cifar10,92.136665,1.751881,0.507185,16421
12,2,2485,edgetpu,cifar10,86.700000,0.346546,0.488583,15892
12,2,10683,edgetpu,cifar10,92.330000,0.481277,0.488583,15892
12,2,13714,edgetpu,cifar10,94.373340,1.377865,0.488583,15892
12,2,6918,edgetpu,cifar10,87.000000,0.375819,0.488583,15892
12,2,2053,edgetpu,cifar10,94.206665,1.042178,0.488583,15892
12,2,6382,edgetpu,cifar10,93.376660,0.628638,0.488583,15892
12,2,5780,edgetpu,cifar10,93.980000,0.723967,0.488583,15892
12,2,9689,edgetpu,cifar10,93.370000,0.628386,0.488583,15892
12,2,11692,edgetpu,cifar10,94.130000,0.761100,0.488583,15892
12,2,5111,edgetpu,cifar10,94.306660,1.152010,0.488583,15892
12,2,11810,edgetpu,cifar10,92.780000,0.482879,0.488583,15892
12,2,797,edgetpu,cifar10,93.280000,0.627996,0.488583,15892
12,2,5258,edgetpu,cifar10,88.775000,0.388629,0.488583,15892
12,2,9950,edgetpu,cifar10,93.840000,0.723767,0.488583,15892
12,2,8008,edgetpu,cifar10,93.480000,0.629746,0.488583,15892
12,2,3731,edgetpu,cifar10,94.343330,1.282820,0.488583,15892
12,2,13611,edgetpu,cifar10,92.490000,0.481826,0.488583,15892
12,2,5647,edgetpu,cifar10,89.110000,0.389378,0.488583,15892
12,2,4161,edgetpu,cifar10,89.250000,0.391221,0.488583,15892
12,2,11438,edgetpu,cifar10,92.500000,0.482393,0.488583,15892
12,2,9380,edgetpu,cifar10,89.335000,0.395662,0.488583,15892
12,2,6584,edgetpu,cifar10,94.160000,0.888877,0.488583,15892
12,2,8192,edgetpu,cifar10,93.093330,0.627745,0.488583,15892
12,2,7017,edgetpu,cifar10,86.970000,0.353089,0.488583,15892
12,2,11112,edgetpu,cifar10,92.110000,0.480732,0.488583,15892
12,2,6515,edgetpu,cifar10,93.616670,0.722858,0.488583,15892
12,2,3927,edgetpu,cifar10,93.626660,0.723268,0.488583,15892
12,3,13987,eyeriss,cifar10,93.596664,3.645620,0.491493,16554
12,3,6854,eyeriss,cifar10,91.040000,2.662580,0.491493,16554
12,3,6111,eyeriss,cifar10,94.373340,7.823540,0.491493,16554
12,3,8323,eyeriss,cifar10,90.870000,2.171060,0.491493,16554
12,3,13714,eyeriss,cifar10,94.373340,7.823540,0.491493,16554
12,3,5111,eyeriss,cifar10,94.306660,5.365940,0.491493,16554
12,3,3731,eyeriss,cifar10,94.343330,6.594740,0.491493,16554
12,3,11472,eyeriss,cifar10,93.970000,4.628660,0.491493,16554
12,3,8592,eyeriss,cifar10,93.750000,3.891380,0.491493,16554
12,3,8008,eyeriss,cifar10,93.480000,3.399860,0.491493,16554
12,3,4384,eyeriss,cifar10,86.796670,1.679540,0.491493,16554
12,3,14112,eyeriss,cifar10,91.296670,2.908340,0.491493,16554
12,3,12438,eyeriss,cifar10,89.875000,1.925300,0.491493,16554
12,3,8720,eyeriss,cifar10,89.875000,1.925300,0.491493,16554
12,3,7676,eyeriss,cifar10,92.230000,3.154100,0.491493,16554
12,3,6899,eyeriss,cifar10,90.900000,2.416820,0.491493,16554
12,3,6584,eyeriss,cifar10,94.160000,4.874420,0.491493,16554
12,4,4384,fpga,cifar10,86.796670,1.132960,0.441619,16333
12,4,13987,fpga,cifar10,93.596664,3.420960,0.441619,16333
12,4,8008,fpga,cifar10,93.480000,2.905760,0.441619,16333
12,4,5111,fpga,cifar10,94.306660,5.193760,0.441619,16333
12,4,15295,fpga,cifar10,90.050000,2.057760,0.441619,16333
12,4,11472,fpga,cifar10,93.970000,3.648160,0.441619,16333
12,4,13714,fpga,cifar10,94.373340,6.678560,0.441619,16333
12,4,13611,fpga,cifar10,92.490000,2.390560,0.441619,16333
12,4,8323,fpga,cifar10,90.870000,2.163360,0.441619,16333
12,4,3687,fpga,cifar10,89.820000,1.648160,0.441619,16333
12,4,3731,fpga,cifar10,94.343330,5.936160,0.441619,16333
12,4,6111,fpga,cifar10,94.373340,6.678560,0.441619,16333
12,4,6584,fpga,cifar10,94.160000,4.163360,0.441619,16333
12,5,6382,pixel3,cifar10,93.376660,7.048190,0.698177,16290
12,5,8592,pixel3,cifar10,93.750000,10.769800,0.698177,16290
12,5,6918,pixel3,cifar10,87.000000,1.478790,0.698177,16290
12,5,1941,pixel3,cifar10,93.533330,9.128690,0.698177,16290
12,5,1631,pixel3,cifar10,89.506670,1.697120,0.698177,16290
12,5,5111,pixel3,cifar10,94.306660,17.584600,0.698177,16290
12,5,4554,pixel3,cifar10,86.670000,1.114880,0.698177,16290
12,5,8323,pixel3,cifar10,90.870000,3.106420,0.698177,16290
12,5,6854,pixel3,cifar10,91.040000,4.514220,0.698177,16290
12,5,8695,pixel3,cifar10,94.220000,17.564500,0.698177,16290
12,5,4627,pixel3,cifar10,93.270000,7.036050,0.698177,16290
12,5,6434,pixel3,cifar10,91.080000,4.811140,0.698177,16290
12,5,1425,pixel3,cifar10,93.933334,12.536500,0.698177,16290
12,5,2779,pixel3,cifar10,90.806660,3.102950,0.698177,16290
12,5,1943,pixel3,cifar10,93.116670,6.492030,0.698177,16290
12,5,5224,pixel3,cifar10,88.980000,1.570360,0.698177,16290
12,5,12452,pixel3,cifar10,91.350000,5.590110,0.698177,16290
12,5,6863,pixel3,cifar10,86.740000,1.229320,0.698177,16290
12,5,3731,pixel3,cifar10,94.343330,23.361300,0.698177,16290
12,5,1497,pixel3,cifar10,86.556660,1.056630,0.698177,16290
12,5,1804,pixel3,cifar10,89.063330,1.579900,0.698177,16290
12,5,1781,pixel3,cifar10,89.883330,1.712020,0.698177,16290
12,5,13171,pixel3,cifar10,93.530000,7.717220,0.698177,16290
12,5,11692,pixel3,cifar10,94.130000,15.490100,0.698177,16290
12,5,13987,pixel3,cifar10,93.596664,9.922680,0.698177,16290
12,5,6111,pixel3,cifar10,94.373340,23.584800,0.698177,16290
12,5,4432,pixel3,cifar10,90.700000,2.826310,0.698177,16290
12,5,13869,pixel3,cifar10,93.656670,10.634700,0.698177,16290
12,5,3385,pixel3,cifar10,93.990000,13.656500,0.698177,16290
12,5,7017,pixel3,cifar10,86.970000,1.403930,0.698177,16290
12,5,11972,pixel3,cifar10,91.510000,5.627010,0.698177,16290
12,5,7001,pixel3,cifar10,10.000000,0.003277,0.698177,16290
12,5,9230,pixel3,cifar10,86.580000,1.056760,0.698177,16290
12,5,2018,pixel3,cifar10,94.063330,14.960500,0.698177,16290
12,5,2035,pixel3,cifar10,89.670000,1.706480,0.698177,16290
12,5,7197,pixel3,cifar10,90.366670,2.447670,0.698177,16290
12,5,6985,pixel3,cifar10,89.940000,2.367450,0.698177,16290
12,5,6899,pixel3,cifar10,90.900000,3.961410,0.698177,16290
12,5,9032,pixel3,cifar10,90.740000,3.102890,0.698177,16290
12,5,13846,pixel3,cifar10,90.720000,3.099760,0.698177,16290
12,5,1339,pixel3,cifar10,92.136665,5.802240,0.698177,16290
12,5,8836,pixel3,cifar10,92.220000,6.313990,0.698177,16290
12,6,11533,raspi4,cifar10,93.420000,21.715693,0.598121,16104
12,6,2058,raspi4,cifar10,93.270000,19.484835,0.598121,16104
12,6,9380,raspi4,cifar10,89.335000,4.875613,0.598121,16104
12,6,11692,raspi4,cifar10,94.130000,37.583630,0.598121,16104
12,6,2035,raspi4,cifar10,89.670000,4.984099,0.598121,16104
12,6,6953,raspi4,cifar10,91.990000,15.601654,0.598121,16104
12,6,6382,raspi4,cifar10,93.376660,21.461164,0.598121,16104
12,6,13846,raspi4,cifar10,90.720000,7.176163,0.598121,16104
12,6,1962,raspi4,cifar10,86.530000,2.529453,0.598121,16104
12,6,12504,raspi4,cifar10,92.130000,16.890614,0.598121,16104
12,6,5111,raspi4,cifar10,94.306660,41.756905,0.598121,16104
12,6,8323,raspi4,cifar10,90.870000,7.426308,0.598121,16104
12,6,1941,raspi4,cifar10,93.533330,25.121769,0.598121,16104
12,6,3731,raspi4,cifar10,94.343330,58.070793,0.598121,16104
12,6,1690,raspi4,cifar10,86.646670,2.536549,0.598121,16104
12,6,1804,raspi4,cifar10,89.063330,4.791845,0.598121,16104
12,6,9271,raspi4,cifar10,89.250000,4.830311,0.598121,16104
12,6,5780,raspi4,cifar10,93.980000,34.928463,0.598121,16104
12,6,8008,raspi4,cifar10,93.480000,22.571420,0.598121,16104
12,6,8426,raspi4,cifar10,93.840000,31.394428,0.598121,16104
12,6,6985,raspi4,cifar10,89.940000,4.995646,0.598121,16104
12,6,6111,raspi4,cifar10,94.373340,68.404106,0.598121,16104
12,6,8592,raspi4,cifar10,93.750000,25.477009,0.598121,16104
12,6,7017,raspi4,cifar10,86.970000,2.544041,0.598121,16104
12,6,11972,raspi4,cifar10,91.510000,12.403558,0.598121,16104
12,6,11810,raspi4,cifar10,92.780000,18.619905,0.598121,16104
12,6,13611,raspi4,cifar10,92.490000,18.523302,0.598121,16104
12,6,6577,raspi4,cifar10,10.000000,0.011297,0.598121,16104
12,6,6960,raspi4,cifar10,92.280000,17.162752,0.598121,16104
12,6,6918,raspi4,cifar10,87.000000,2.787590,0.598121,16104
12,6,10412,raspi4,cifar10,93.530000,25.079220,0.598121,16104
12,6,14565,raspi4,cifar10,88.880000,4.781183,0.598121,16104
12,6,14677,raspi4,cifar10,88.670000,4.755260,0.598121,16104
12,6,4210,raspi4,cifar10,89.030000,4.782748,0.598121,16104
12,6,7058,raspi4,cifar10,92.040000,16.469465,0.598121,16104
12,6,10275,raspi4,cifar10,91.080000,9.993188,0.598121,16104
12,7,9922,edgegpu,cifar100,58.560000,1.428552,0.540974,16298
12,7,6124,edgegpu,cifar100,68.360000,3.185835,0.540974,16298
12,7,4954,edgegpu,cifar100,73.000000,6.669736,0.540974,16298
12,7,9930,edgegpu,cifar100,73.513336,6.803060,0.540974,16298
12,7,2304,edgegpu,cifar100,58.660000,1.440253,0.540974,16298
12,7,4418,edgegpu,cifar100,72.746666,5.352364,0.540974,16298
12,7,11067,edgegpu,cifar100,58.186670,1.427836,0.540974,16298
12,7,8401,edgegpu,cifar100,71.080000,3.302102,0.540974,16298
12,7,9997,edgegpu,cifar100,71.520000,3.466139,0.540974,16298
12,7,11885,edgegpu,cifar100,68.040000,1.776652,0.540974,16298
12,7,11810,edgegpu,cifar100,68.300000,1.779551,0.540974,16298
12,7,1425,edgegpu,cifar100,72.093330,5.310225,0.540974,16298
12,7,1038,edgegpu,cifar100,67.500000,1.758428,0.540974,16298
12,7,6381,edgegpu,cifar100,66.800000,1.753340,0.540974,16298
12,7,12415,edgegpu,cifar100,71.940000,4.828467,0.540974,16298
12,7,8912,edgegpu,cifar100,59.200000,1.441355,0.540974,16298
12,7,1509,edgegpu,cifar100,1.000000,0.505853,0.540974,16298
12,7,2778,edgegpu,cifar100,72.993330,6.134028,0.540974,16298
12,8,12761,edgetpu,cifar100,72.860000,1.225212,0.589040,16182
12,8,9271,edgetpu,cifar100,63.400000,0.393151,0.589040,16182
12,8,12415,edgetpu,cifar100,71.940000,0.872299,0.589040,16182
12,8,14945,edgetpu,cifar100,58.500000,0.354940,0.589040,16182
12,8,5019,edgetpu,cifar100,58.880000,0.357058,0.589040,16182
12,8,857,edgetpu,cifar100,72.880000,1.264168,0.589040,16182
12,8,3303,edgetpu,cifar100,62.420000,0.392593,0.589040,16182
12,8,11112,edgetpu,cifar100,66.893330,0.486713,0.589040,16182
12,8,8401,edgetpu,cifar100,71.080000,0.728572,0.589040,16182
12,8,1383,edgetpu,cifar100,70.273330,0.673722,0.589040,16182
12,8,13829,edgetpu,cifar100,66.873340,0.485137,0.589040,16182
12,8,8912,edgetpu,cifar100,59.200000,0.377698,0.589040,16182
12,8,3888,edgetpu,cifar100,73.260000,1.316226,0.589040,16182
12,8,9930,edgetpu,cifar100,73.513336,1.454107,0.589040,16182
12,8,781,edgetpu,cifar100,67.960000,0.487922,0.589040,16182
12,8,15363,edgetpu,cifar100,70.520000,0.676394,0.589040,16182
12,8,1110,edgetpu,cifar100,58.840000,0.355938,0.589040,16182
12,8,2705,edgetpu,cifar100,62.813330,0.393026,0.589040,16182
12,8,11533,edgetpu,cifar100,69.760000,0.635877,0.589040,16182
12,8,9997,edgetpu,cifar100,71.520000,0.729986,0.589040,16182
12,8,1943,edgetpu,cifar100,69.626660,0.634759,0.589040,16182
12,8,8638,edgetpu,cifar100,58.860000,0.356631,0.589040,16182
12,8,797,edgetpu,cifar100,69.580000,0.633351,0.589040,16182
12,8,1425,edgetpu,cifar100,72.093330,0.910660,0.589040,16182
12,8,577,edgetpu,cifar100,69.680000,0.635228,0.589040,16182
12,8,10443,edgetpu,cifar100,68.300000,0.489020,0.589040,16182
12,8,4155,edgetpu,cifar100,62.306667,0.391442,0.589040,16182
12,8,4418,edgetpu,cifar100,72.746666,1.093699,0.589040,16182
12,8,777,edgetpu,cifar100,58.650000,0.355588,0.589040,16182
12,8,10000,edgetpu,cifar100,73.160000,1.283461,0.589040,16182
12,8,898,edgetpu,cifar100,70.000000,0.636860,0.589040,16182
12,8,9541,edgetpu,cifar100,67.660000,0.486829,0.589040,16182
12,8,69,edgetpu,cifar100,71.020000,0.727259,0.589040,16182
12,8,12574,edgetpu,cifar100,72.740000,0.932430,0.589040,16182
12,8,12607,edgetpu,cifar100,62.600000,0.392830,0.589040,16182
12,9,14112,eyeriss,cifar100,68.386665,2.911360,0.471731,16511
12,9,11301,eyeriss,cifar100,68.220000,2.665600,0.471731,16511
12,9,14714,eyeriss,cifar100,71.280000,4.140160,0.471731,16511
12,9,9930,eyeriss,cifar100,73.513336,9.055360,0.471731,16511
12,9,5651,eyeriss,cifar100,64.690000,1.928320,0.471731,16511
12,9,12574,eyeriss,cifar100,72.740000,5.123200,0.471731,16511
12,9,6787,eyeriss,cifar100,70.720000,3.648640,0.471731,16511
12,9,3888,eyeriss,cifar100,73.260000,6.597760,0.471731,16511
12,9,12761,eyeriss,cifar100,72.860000,6.352000,0.471731,16511
12,9,3540,eyeriss,cifar100,71.500000,4.877440,0.471731,16511
12,9,12820,eyeriss,cifar100,67.720000,2.419840,0.471731,16511
12,9,6925,eyeriss,cifar100,71.220000,3.894400,0.471731,16511
12,9,10689,eyeriss,cifar100,67.500000,2.174080,0.471731,16511
12,9,5084,eyeriss,cifar100,58.813330,1.682560,0.471731,16511
12,9,11973,eyeriss,cifar100,70.340000,3.402880,0.471731,16511
12,10,3540,fpga,cifar100,71.500000,4.163360,0.470704,16300
12,10,6830,fpga,cifar100,71.460000,4.057760,0.470704,16300
12,10,6787,fpga,cifar100,70.720000,3.420960,0.470704,16300
12,10,12820,fpga,cifar100,67.720000,2.678560,0.470704,16300
12,10,5651,fpga,cifar100,64.690000,1.648160,0.470704,16300
12,10,3888,fpga,cifar100,73.260000,5.936160,0.470704,16300
12,10,5084,fpga,cifar100,58.813330,1.132960,0.470704,16300
12,10,12574,fpga,cifar100,72.740000,4.678560,0.470704,16300
12,10,12761,fpga,cifar100,72.860000,5.420960,0.470704,16300
12,10,9930,fpga,cifar100,73.513336,7.420960,0.470704,16300
12,10,9824,fpga,cifar100,67.686670,2.390560,0.470704,16300
12,10,4249,fpga,cifar100,65.080000,2.057760,0.470704,16300
12,10,5033,fpga,cifar100,59.060000,1.542560,0.470704,16300
12,10,10689,fpga,cifar100,67.500000,2.163360,0.470704,16300
12,10,6925,fpga,cifar100,71.220000,3.936160,0.470704,16300
12,10,12295,fpga,cifar100,71.160000,3.648160,0.470704,16300
12,10,11973,fpga,cifar100,70.340000,2.905760,0.470704,16300
12,11,12970,pixel3,cifar100,68.140000,4.782110,0.612699,16246
12,11,14112,pixel3,cifar100,68.386665,5.745320,0.612699,16246
12,11,11301,pixel3,cifar100,68.220000,5.352090,0.612699,16246
12,11,8323,pixel3,cifar100,67.080000,3.106340,0.612699,16246
12,11,1631,pixel3,cifar100,63.986668,1.805000,0.612699,16246
12,11,857,pixel3,cifar100,72.880000,19.113200,0.612699,16246
12,11,10689,pixel3,cifar100,67.500000,3.109220,0.612699,16246
12,11,572,pixel3,cifar100,70.313330,8.017480,0.612699,16246
12,11,11000,pixel3,cifar100,71.180000,10.677600,0.612699,16246
12,11,6337,pixel3,cifar100,1.000000,0.008753,0.612699,16246
12,11,8638,pixel3,cifar100,58.860000,1.478570,0.612699,16246
12,11,1450,pixel3,cifar100,70.506670,9.337360,0.612699,16246
12,11,485,pixel3,cifar100,67.593330,4.124800,0.612699,16246
12,11,1459,pixel3,cifar100,73.140000,23.437900,0.612699,16246
12,11,3888,pixel3,cifar100,73.260000,23.477200,0.612699,16246
12,11,8912,pixel3,cifar100,59.200000,1.478790,0.612699,16246
12,11,699,pixel3,cifar100,72.240000,12.079400,0.612699,16246
12,11,1409,pixel3,cifar100,58.853333,1.275090,0.612699,16246
12,11,657,pixel3,cifar100,58.233334,1.233070,0.612699,16246
12,11,1090,pixel3,cifar100,65.220000,2.811310,0.612699,16246
12,11,6925,pixel3,cifar100,71.220000,10.688000,0.612699,16246
12,11,15363,pixel3,cifar100,70.520000,9.708640,0.612699,16246
12,11,898,pixel3,cifar100,70.000000,6.516140,0.612699,16246
12,11,12574,pixel3,cifar100,72.740000,16.473900,0.612699,16246
12,11,5651,pixel3,cifar100,64.690000,2.376870,0.612699,16246
12,11,858,pixel3,cifar100,64.133330,2.003500,0.612699,16246
12,11,906,pixel3,cifar100,62.393333,1.661810,0.612699,16246
12,11,11973,pixel3,cifar100,70.340000,8.988510,0.612699,16246
12,11,1593,pixel3,cifar100,62.126667,1.582050,0.612699,16246
12,11,6787,pixel3,cifar100,70.720000,9.854430,0.612699,16246
12,11,1416,pixel3,cifar100,64.493330,2.084060,0.612699,16246
12,11,1616,pixel3,cifar100,63.946667,1.731160,0.612699,16246
12,11,9930,pixel3,cifar100,73.513336,42.003600,0.612699,16246
12,11,724,pixel3,cifar100,67.053340,2.875650,0.612699,16246
12,12,4659,raspi4,cifar100,70.060000,21.672482,0.589783,16348
12,12,6918,raspi4,cifar100,58.800000,2.571364,0.589783,16348
12,12,7030,raspi4,cifar100,69.600000,19.218203,0.589783,16348
12,12,8912,raspi4,cifar100,59.200000,2.818969,0.589783,16348
12,12,12607,raspi4,cifar100,62.600000,4.779045,0.589783,16348
12,12,4409,raspi4,cifar100,67.173330,7.228629,0.589783,16348
12,12,14714,raspi4,cifar100,71.280000,24.692347,0.589783,16348
12,12,12915,raspi4,cifar100,66.950000,7.226311,0.589783,16348
12,12,10222,raspi4,cifar100,58.860000,2.747804,0.589783,16348
12,12,3888,raspi4,cifar100,73.260000,55.029520,0.589783,16348
12,12,9271,raspi4,cifar100,63.400000,4.800893,0.589783,16348
12,12,7891,raspi4,cifar100,67.550000,12.536592,0.589783,16348
12,12,6830,raspi4,cifar100,71.460000,34.491814,0.589783,16348
12,12,14112,raspi4,cifar100,68.386665,14.423308,0.589783,16348
12,12,12761,raspi4,cifar100,72.860000,53.718200,0.589783,16348
12,12,6822,raspi4,cifar100,58.426666,2.558594,0.589783,16348
12,12,13430,raspi4,cifar100,66.700000,7.203785,0.589783,16348
12,12,2222,raspi4,cifar100,58.313330,2.538255,0.589783,16348
12,12,898,raspi4,cifar100,70.000000,21.506163,0.589783,16348
12,12,6925,raspi4,cifar100,71.220000,24.195030,0.589783,16348
12,12,12574,raspi4,cifar100,72.740000,36.371254,0.589783,16348
12,12,15589,raspi4,cifar100,59.060000,2.795078,0.589783,16348
12,12,14792,raspi4,cifar100,69.500000,19.111843,0.589783,16348
12,12,375,raspi4,cifar100,64.440000,5.099302,0.589783,16348
12,12,1572,raspi4,cifar100,69.900000,19.916142,0.589783,16348
12,12,9930,raspi4,cifar100,73.513336,71.152000,0.589783,16348
12,12,2035,raspi4,cifar100,63.926666,5.005698,0.589783,16348
12,12,9997,raspi4,cifar100,71.520000,34.996710,0.589783,16348
12,12,9926,raspi4,cifar100,63.520000,4.999532,0.589783,16348
12,12,10042,raspi4,cifar100,64.880000,5.100886,0.589783,16348
12,12,10689,raspi4,cifar100,67.500000,7.381845,0.589783,16348
12,12,1459,raspi4,cifar100,73.140000,53.879950,0.589783,16348
12,12,8740,raspi4,cifar100,1.000000,0.015215,0.589783,16348
12,12,4418,raspi4,cifar100,72.746666,47.162354,0.589783,16348
12,12,4498,raspi4,cifar100,64.086670,5.022347,0.589783,16348
12,12,14612,raspi4,cifar100,58.720000,2.563505,0.589783,16348
12,12,15363,raspi4,cifar100,70.520000,21.809430,0.589783,16348
12,12,8720,raspi4,cifar100,64.130000,5.082239,0.589783,16348
12,12,6787,raspi4,cifar100,70.720000,23.081835,0.589783,16348
12,13,8884,edgegpu,ImageNet16-120,45.033333,3.499999,0.560085,16378
12,13,7760,edgegpu,ImageNet16-120,39.100000,1.743751,0.560085,16378
12,13,2650,edgegpu,ImageNet16-120,42.433334,3.309817,0.560085,16378
12,13,11217,edgegpu,ImageNet16-120,43.466667,3.316708,0.560085,16378
12,13,4587,edgegpu,ImageNet16-120,28.800000,1.445131,0.560085,16378
12,13,9722,edgegpu,ImageNet16-120,44.000000,3.327813,0.560085,16378
12,13,4988,edgegpu,ImageNet16-120,28.933332,1.448212,0.560085,16378
12,13,15288,edgegpu,ImageNet16-120,28.422222,1.417041,0.560085,16378
12,13,14117,edgegpu,ImageNet16-120,28.677778,1.435547,0.560085,16378
12,13,8401,edgegpu,ImageNet16-120,43.833332,3.322444,0.560085,16378
12,13,9586,edgegpu,ImageNet16-120,46.933334,5.222673,0.560085,16378
12,13,13411,edgegpu,ImageNet16-120,31.855556,1.736240,0.560085,16378
12,13,14612,edgegpu,ImageNet16-120,28.488890,1.434064,0.560085,16378
12,13,4160,edgegpu,ImageNet16-120,39.833332,1.756272,0.560085,16378
12,13,4946,edgegpu,ImageNet16-120,44.700000,3.490419,0.560085,16378
12,13,15376,edgegpu,ImageNet16-120,0.833333,0.533953,0.560085,16378
12,13,10947,edgegpu,ImageNet16-120,39.944443,1.909800,0.560085,16378
12,13,6950,edgegpu,ImageNet16-120,38.700000,1.740150,0.560085,16378
12,13,454,edgegpu,ImageNet16-120,41.277780,3.303313,0.560085,16378
12,13,5751,edgegpu,ImageNet16-120,40.044445,2.434626,0.560085,16378
12,13,1164,edgegpu,ImageNet16-120,28.522223,1.435223,0.560085,16378
12,13,8426,edgegpu,ImageNet16-120,44.633335,3.370147,0.560085,16378
12,13,4332,edgegpu,ImageNet16-120,39.444443,1.745496,0.560085,16378
12,13,14840,edgegpu,ImageNet16-120,45.311110,4.224715,0.560085,16378
12,13,7187,edgegpu,ImageNet16-120,28.683332,1.443858,0.560085,16378
12,13,8736,edgegpu,ImageNet16-120,45.700000,5.206900,0.560085,16378
12,13,13760,edgegpu,ImageNet16-120,32.333332,1.739759,0.560085,16378
12,13,12081,edgegpu,ImageNet16-120,40.233334,2.730479,0.560085,16378
12,13,15383,edgegpu,ImageNet16-120,47.033333,6.262836,0.560085,16378
12,13,15159,edgegpu,ImageNet16-120,45.566666,4.632421,0.560085,16378
12,14,12415,edgetpu,ImageNet16-120,46.566666,0.710906,0.503064,15842
12,14,14662,edgetpu,ImageNet16-120,41.166668,0.547835,0.503064,15842
12,14,13931,edgetpu,ImageNet16-120,28.788889,0.360349,0.503064,15842
12,14,4627,edgetpu,ImageNet16-120,43.500000,0.552306,0.503064,15842
12,14,10167,edgetpu,ImageNet16-120,39.944443,0.444058,0.503064,15842
12,14,11885,edgetpu,ImageNet16-120,39.166668,0.427395,0.503064,15842
12,14,9689,edgetpu,ImageNet16-120,42.533333,0.549702,0.503064,15842
12,14,8884,edgetpu,ImageNet16-120,45.033333,0.615792,0.503064,15842
12,14,15107,edgetpu,ImageNet16-120,39.800000,0.430284,0.503064,15842
12,14,4160,edgetpu,ImageNet16-120,39.833332,0.430355,0.503064,15842
12,14,10332,edgetpu,ImageNet16-120,40.033333,0.516152,0.503064,15842
12,14,14677,edgetpu,ImageNet16-120,33.233334,0.364575,0.503064,15842
12,14,11282,edgetpu,ImageNet16-120,39.633335,0.428409,0.503064,15842
12,14,6520,edgetpu,ImageNet16-120,32.383335,0.363944,0.503064,15842
12,14,13097,edgetpu,ImageNet16-120,39.655556,0.428424,0.503064,15842
12,14,857,edgetpu,ImageNet16-120,47.311110,0.997730,0.503064,15842
12,14,13769,edgetpu,ImageNet16-120,41.555557,0.549360,0.503064,15842
12,14,14840,edgetpu,ImageNet16-120,45.311110,0.666690,0.503064,15842
12,14,7273,edgetpu,ImageNet16-120,42.966667,0.550014,0.503064,15842
12,14,11079,edgetpu,ImageNet16-120,43.566666,0.552430,0.503064,15842
12,14,15383,edgetpu,ImageNet16-120,47.033333,0.780914,0.503064,15842
12,14,7750,edgetpu,ImageNet16-120,43.066666,0.551617,0.503064,15842
12,14,7357,edgetpu,ImageNet16-120,44.666668,0.600498,0.503064,15842
12,14,5751,edgetpu,ImageNet16-120,40.044445,0.516992,0.503064,15842
12,14,15014,edgetpu,ImageNet16-120,28.266666,0.358110,0.503064,15842
12,14,10888,edgetpu,ImageNet16-120,28.333334,0.359044,0.503064,15842
12,14,3540,edgetpu,ImageNet16-120,45.122223,0.648670,0.503064,15842
12,14,4988,edgetpu,ImageNet16-120,28.933332,0.360694,0.503064,15842
12,14,15363,edgetpu,ImageNet16-120,44.333332,0.582280,0.503064,15842
12,14,6950,edgetpu,ImageNet16-120,38.700000,0.427379,0.503064,15842
12,14,4830,edgetpu,ImageNet16-120,42.233334,0.549457,0.503064,15842
12,14,6858,edgetpu,ImageNet16-120,40.333332,0.541300,0.503064,15842
12,14,13972,edgetpu,ImageNet16-120,31.933332,0.363440,0.503064,15842
12,14,5530,edgetpu,ImageNet16-120,42.577778,0.549937,0.503064,15842
12,14,12231,edgetpu,ImageNet16-120,40.200000,0.518358,0.503064,15842
12,14,70,edgetpu,ImageNet16-120,39.377777,0.428228,0.503064,15842
12,14,5586,edgetpu,ImageNet16-120,40.811110,0.546420,0.503064,15842
12,14,8781,edgetpu,ImageNet16-120,32.366665,0.363484,0.503064,15842
12,15,4618,eyeriss,ImageNet16-120,28.544445,0.423040,0.481962,16721
12,15,8853,eyeriss,ImageNet16-120,45.600000,1.037440,0.481962,16721
12,15,857,eyeriss,ImageNet16-120,47.311110,1.651840,0.481962,16721
12,15,2835,eyeriss,ImageNet16-120,38.222220,0.545920,0.481962,16721
12,15,14417,eyeriss,ImageNet16-120,45.900000,1.098880,0.481962,16721
12,15,6787,eyeriss,ImageNet16-120,44.400000,0.914560,0.481962,16721
12,15,1939,eyeriss,ImageNet16-120,45.077778,0.976000,0.481962,16721
12,15,15383,eyeriss,ImageNet16-120,47.033333,1.283200,0.481962,16721
12,15,6854,eyeriss,ImageNet16-120,40.800000,0.668800,0.481962,16721
12,15,8008,eyeriss,ImageNet16-120,43.500000,0.853120,0.481962,16721
12,15,4829,eyeriss,ImageNet16-120,34.200000,0.484480,0.481962,16721
12,15,735,eyeriss,ImageNet16-120,38.544445,0.607360,0.481962,16721
12,16,4829,fpga,ImageNet16-120,34.200000,0.415520,0.473790,16168
12,16,8008,fpga,ImageNet16-120,43.500000,0.876800,0.473790,16168
12,16,14748,fpga,ImageNet16-120,44.900000,0.995200,0.473790,16168
12,16,4988,fpga,ImageNet16-120,28.933332,0.284320,0.473790,16168
12,16,11079,fpga,ImageNet16-120,43.566666,0.902400,0.473790,16168
12,16,1939,fpga,ImageNet16-120,45.077778,1.062400,0.473790,16168
12,16,6868,fpga,ImageNet16-120,39.000000,0.649120,0.473790,16168
12,16,12452,fpga,ImageNet16-120,40.533333,0.780320,0.473790,16168
12,16,6854,fpga,ImageNet16-120,40.800000,0.809120,0.473790,16168
12,16,6787,fpga,ImageNet16-120,44.400000,0.969600,0.473790,16168
12,16,2835,fpga,ImageNet16-120,38.222220,0.546720,0.473790,16168
12,16,14417,fpga,ImageNet16-120,45.900000,1.276320,0.473790,16168
12,16,15383,fpga,ImageNet16-120,47.033333,1.504000,0.473790,16168
12,16,857,fpga,ImageNet16-120,47.311110,2.038400,0.473790,16168
12,16,15446,fpga,ImageNet16-120,45.766666,1.116320,0.473790,16168
12,16,5793,fpga,ImageNet16-120,35.033333,0.517920,0.473790,16168
12,16,10017,fpga,ImageNet16-120,40.566666,0.784000,0.473790,16168
12,17,4988,pixel3,ImageNet16-120,28.933332,0.485996,0.697917,16247
12,17,1110,pixel3,ImageNet16-120,28.600000,0.423927,0.697917,16247
12,17,758,pixel3,ImageNet16-120,28.333334,0.422134,0.697917,16247
12,17,1939,pixel3,ImageNet16-120,45.077778,3.021500,0.697917,16247
12,17,12639,pixel3,ImageNet16-120,40.400000,1.304440,0.697917,16247
12,17,4977,pixel3,ImageNet16-120,32.966667,0.617991,0.697917,16247
12,17,2018,pixel3,ImageNet16-120,46.433334,4.949210,0.697917,16247
12,17,735,pixel3,ImageNet16-120,38.544445,1.107950,0.697917,16247
12,17,4432,pixel3,ImageNet16-120,37.800000,0.861157,0.697917,16247
12,17,4587,pixel3,ImageNet16-120,28.800000,0.445767,0.697917,16247
12,17,6854,pixel3,ImageNet16-120,40.800000,1.621620,0.697917,16247
12,17,11079,pixel3,ImageNet16-120,43.566666,2.479610,0.697917,16247
12,17,12452,pixel3,ImageNet16-120,40.533333,1.504410,0.697917,16247
12,17,12424,pixel3,ImageNet16-120,43.133330,2.470150,0.697917,16247
12,17,1204,pixel3,ImageNet16-120,37.844444,0.864966,0.697917,16247
12,17,5374,pixel3,ImageNet16-120,46.766666,6.317500,0.697917,16247
12,17,1549,pixel3,ImageNet16-120,28.655556,0.424747,0.697917,16247
12,17,4004,pixel3,ImageNet16-120,42.811110,2.467510,0.697917,16247
12,17,2835,pixel3,ImageNet16-120,38.222220,0.868646,0.697917,16247
12,17,1425,pixel3,ImageNet16-120,45.977780,4.619290,0.697917,16247
12,17,10154,pixel3,ImageNet16-120,46.133335,4.783700,0.697917,16247
12,17,872,pixel3,ImageNet16-120,41.777780,2.465030,0.697917,16247
12,17,857,pixel3,ImageNet16-120,47.311110,6.686850,0.697917,16247
12,17,4384,pixel3,ImageNet16-120,28.133333,0.421612,0.697917,16247
12,17,12156,pixel3,ImageNet16-120,46.550000,5.198720,0.697917,16247
12,17,5111,pixel3,ImageNet16-120,46.588890,5.571030,0.697917,16247
12,17,11000,pixel3,ImageNet16-120,44.866665,2.962520,0.697917,16247
12,17,14417,pixel3,ImageNet16-120,45.900000,4.143030,0.697917,16247
12,17,4895,pixel3,ImageNet16-120,33.200000,0.619070,0.697917,16247
12,17,12466,pixel3,ImageNet16-120,46.100000,4.680280,0.697917,16247
12,17,8584,pixel3,ImageNet16-120,34.088890,0.664046,0.697917,16247
12,17,13756,pixel3,ImageNet16-120,0.833333,0.005289,0.697917,16247
12,17,6014,pixel3,ImageNet16-120,28.533333,0.423391,0.697917,16247
12,17,8954,pixel3,ImageNet16-120,28.733334,0.424855,0.697917,16247
12,17,898,pixel3,ImageNet16-120,42.466667,2.467210,0.697917,16247
12,17,2899,pixel3,ImageNet16-120,43.911110,2.701210,0.697917,16247
12,17,10699,pixel3,ImageNet16-120,46.833332,6.353010,0.697917,16247
12,17,15446,pixel3,ImageNet16-120,45.766666,3.439380,0.697917,16247
12,17,8683,pixel3,ImageNet16-120,44.200000,2.711960,0.697917,16247
12,17,3728,pixel3,ImageNet16-120,28.500000,0.422880,0.697917,16247
12,17,12516,pixel3,ImageNet16-120,32.083332,0.617816,0.697917,16247
12,17,3496,pixel3,ImageNet16-120,34.233334,0.670584,0.697917,16247
12,17,1860,pixel3,ImageNet16-120,28.433332,0.422587,0.697917,16247
12,18,8884,raspi4,ImageNet16-120,45.033333,5.293177,0.693298,16008
12,18,4988,raspi4,ImageNet16-120,28.933332,1.003251,0.693298,16008
12,18,7357,raspi4,ImageNet16-120,44.666668,4.480689,0.693298,16008
12,18,2779,raspi4,ImageNet16-120,37.355556,2.190654,0.693298,16008
12,18,3650,raspi4,ImageNet16-120,43.866665,4.475790,0.693298,16008
12,18,15107,raspi4,ImageNet16-120,39.800000,3.083329,0.693298,16008
12,18,857,raspi4,ImageNet16-120,47.311110,9.020064,0.693298,16008
12,18,7227,raspi4,ImageNet16-120,32.533333,1.530737,0.693298,16008
12,18,11946,raspi4,ImageNet16-120,28.200000,0.940293,0.693298,16008
12,18,41,raspi4,ImageNet16-120,32.388890,1.528043,0.693298,16008
12,18,13059,raspi4,ImageNet16-120,34.266666,1.595651,0.693298,16008
12,18,11079,raspi4,ImageNet16-120,43.566666,3.802027,0.693298,16008
12,18,13771,raspi4,ImageNet16-120,32.744446,1.533813,0.693298,16008
12,18,1413,raspi4,ImageNet16-120,42.711113,3.788479,0.693298,16008
12,18,9032,raspi4,ImageNet16-120,38.016666,2.201532,0.693298,16008
12,18,9496,raspi4,ImageNet16-120,38.200000,2.204048,0.693298,16008
12,18,3782,raspi4,ImageNet16-120,41.866665,3.755286,0.693298,16008
12,18,12358,raspi4,ImageNet16-120,34.055557,1.582727,0.693298,16008
12,18,14417,raspi4,ImageNet16-120,45.900000,6.948865,0.693298,16008
12,18,13931,raspi4,ImageNet16-120,28.788889,0.956195,0.693298,16008
12,18,1939,raspi4,ImageNet16-120,45.077778,5.341908,0.693298,16008
12,18,3960,raspi4,ImageNet16-120,37.755554,2.197980,0.693298,16008
12,18,10217,raspi4,ImageNet16-120,45.100000,6.109362,0.693298,16008
12,18,15363,raspi4,ImageNet16-120,44.333332,4.480516,0.693298,16008
12,18,6854,raspi4,ImageNet16-120,40.800000,3.661016,0.693298,16008
12,18,15383,raspi4,ImageNet16-120,47.033333,8.565354,0.693298,16008
12,18,10167,raspi4,ImageNet16-120,39.944443,3.106316,0.693298,16008
12,18,14677,raspi4,ImageNet16-120,33.233334,1.537227,0.693298,16008
12,18,11584,raspi4,ImageNet16-120,46.666668,8.014434,0.693298,16008
12,18,10472,raspi4,ImageNet16-120,39.633335,3.079679,0.693298,16008
12,18,933,raspi4,ImageNet16-120,0.833333,0.011514,0.693298,16008
12,18,380,raspi4,ImageNet16-120,38.900000,3.038936,0.693298,16008
12,18,1204,raspi4,ImageNet16-120,37.844444,2.199356,0.693298,16008
12,18,4995,raspi4,ImageNet16-120,42.166668,3.766336,0.693298,16008
12,18,12505,raspi4,ImageNet16-120,39.283333,3.062432,0.693298,16008
12,18,735,raspi4,ImageNet16-120,38.544445,2.911079,0.693298,16008
12,18,219,raspi4,ImageNet16-120,42.500000,3.768475,0.693298,16008
12,18,5973,raspi4,ImageNet16-120,40.100000,3.159922,0.693298,16008
12,18,6336,raspi4,ImageNet16-120,39.366665,3.073392,0.693298,16008
12,18,7187,raspi4,ImageNet16-120,28.683332,0.952790,0.693298,16008
12,18,10835,raspi4,ImageNet16-120,45.233334,6.632419,0.693298,16008
12,18,14792,raspi4,ImageNet16-120,43.033333,3.792447,0.693298,16008
12,18,8736,raspi4,ImageNet16-120,45.700000,6.658077,0.693298,16008
12,18,14750,raspi4,ImageNet16-120,32.933334,1.536700,0.693298,16008
12,18,8733,raspi4,ImageNet16-120,46.600000,7.477213,0.693298,16008
12,18,8584,raspi4,ImageNet16-120,34.088890,1.586268,0.693298,16008
12,18,5637,raspi4,ImageNet16-120,33.933334,1.580707,0.693298,16008
12,18,10017,raspi4,ImageNet16-120,40.566666,3.181383,0.693298,16008
12,18,8355,raspi4,ImageNet16-120,39.666668,3.083286,0.693298,16008
13,1,6330,edgegpu,cifar10,94.006670,4.384699,0.522926,16511
13,1,10484,edgegpu,cifar10,93.810000,3.354015,0.522926,16511
13,1,13401,edgegpu,cifar10,87.010000,1.457009,0.522926,16511
13,1,5780,edgegpu,cifar10,93.980000,3.361888,0.522926,16511
13,1,11692,edgegpu,cifar10,94.130000,4.708362,0.522926,16511
13,1,1339,edgegpu,cifar10,92.136665,1.751881,0.522926,16511
13,1,14090,edgegpu,cifar10,92.086670,1.749086,0.522926,16511
13,1,14527,edgegpu,cifar10,86.765000,1.439619,0.522926,16511
13,1,258,edgegpu,cifar10,93.640000,3.307109,0.522926,16511
13,1,6499,edgegpu,cifar10,93.645000,3.331041,0.522926,16511
13,1,2053,edgegpu,cifar10,94.206665,5.482254,0.522926,16511
13,1,13714,edgegpu,cifar10,94.373340,6.772180,0.522926,16511
13,1,9099,edgegpu,cifar10,93.940000,3.357520,0.522926,16511
13,1,561,edgegpu,cifar10,86.880000,1.451068,0.522926,16511
13,1,1459,edgegpu,cifar10,94.296670,6.748991,0.522926,16511
13,1,6960,edgegpu,cifar10,92.280000,1.764450,0.522926,16511
13,1,11438,edgegpu,cifar10,92.500000,1.846719,0.522926,16511
13,1,5292,edgegpu,cifar10,94.293335,6.663151,0.522926,16511
13,1,5400,edgegpu,cifar10,86.630000,1.427460,0.522926,16511
13,1,11810,edgegpu,cifar10,92.780000,1.992798,0.522926,16511
13,1,6950,edgegpu,cifar10,92.000000,1.738467,0.522926,16511
13,1,14407,edgegpu,cifar10,86.770000,1.440282,0.522926,16511
13,1,2776,edgegpu,cifar10,93.666664,3.331194,0.522926,16511
13,1,15200,edgegpu,cifar10,10.000000,0.501385,0.522926,16511
13,1,1549,edgegpu,cifar10,86.710000,1.436324,0.522926,16511
13,2,9380,edgetpu,cifar10,89.335000,0.395662,0.455192,16009
13,2,9689,edgetpu,cifar10,93.370000,0.628386,0.455192,16009
13,2,8008,edgetpu,cifar10,93.480000,0.629746,0.455192,16009
13,2,9950,edgetpu,cifar10,93.840000,0.723767,0.455192,16009
13,2,11112,edgetpu,cifar10,92.110000,0.480732,0.455192,16009
13,2,2485,edgetpu,cifar10,86.700000,0.346546,0.455192,16009
13,2,13714,edgetpu,cifar10,94.373340,1.377865,0.455192,16009
13,2,11692,edgetpu,cifar10,94.130000,0.761100,0.455192,16009
13,2,13611,edgetpu,cifar10,92.490000,0.481826,0.455192,16009
13,2,5258,edgetpu,cifar10,88.775000,0.388629,0.455192,16009
13,2,5647,edgetpu,cifar10,89.110000,0.389378,0.455192,16009
13,2,797,edgetpu,cifar10,93.280000,0.627996,0.455192,16009
13,2,2053,edgetpu,cifar10,94.206665,1.042178,0.455192,16009
13,2,3731,edgetpu,cifar10,94.343330,1.282820,0.455192,16009
13,2,10683,edgetpu,cifar10,92.330000,0.481277,0.455192,16009
13,2,6382,edgetpu,cifar10,93.376660,0.628638,0.455192,16009
13,2,5111,edgetpu,cifar10,94.306660,1.152010,0.455192,16009
13,2,4161,edgetpu,cifar10,89.250000,0.391221,0.455192,16009
13,2,11810,edgetpu,cifar10,92.780000,0.482879,0.455192,16009
13,2,6584,edgetpu,cifar10,94.160000,0.888877,0.455192,16009
13,2,5780,edgetpu,cifar10,93.980000,0.723967,0.455192,16009
13,2,6515,edgetpu,cifar10,93.616670,0.722858,0.455192,16009
13,2,7017,edgetpu,cifar10,86.970000,0.353089,0.455192,16009
13,2,5946,edgetpu,cifar10,88.963330,0.389012,0.455192,16009
13,2,8192,edgetpu,cifar10,93.093330,0.627745,0.455192,16009
13,2,11438,edgetpu,cifar10,92.500000,0.482393,0.455192,16009
13,2,3927,edgetpu,cifar10,93.626660,0.723268,0.455192,16009
13,3,13611,eyeriss,cifar10,92.490000,3.154100,0.480899,16587
13,3,12438,eyeriss,cifar10,89.875000,1.925300,0.480899,16587
13,3,8592,eyeriss,cifar10,93.750000,3.891380,0.480899,16587
13,3,3731,eyeriss,cifar10,94.343330,6.594740,0.480899,16587
13,3,6854,eyeriss,cifar10,91.040000,2.662580,0.480899,16587
13,3,5111,eyeriss,cifar10,94.306660,5.365940,0.480899,16587
13,3,14112,eyeriss,cifar10,91.296670,2.908340,0.480899,16587
13,3,11692,eyeriss,cifar10,94.130000,4.874420,0.480899,16587
13,3,13714,eyeriss,cifar10,94.373340,7.823540,0.480899,16587
13,3,11472,eyeriss,cifar10,93.970000,4.628660,0.480899,16587
13,3,8008,eyeriss,cifar10,93.480000,3.399860,0.480899,16587
13,3,6899,eyeriss,cifar10,90.900000,2.416820,0.480899,16587
13,3,8323,eyeriss,cifar10,90.870000,2.171060,0.480899,16587
13,3,6111,eyeriss,cifar10,94.373340,7.823540,0.480899,16587
13,3,10412,eyeriss,cifar10,93.530000,3.645620,0.480899,16587
13,3,4384,eyeriss,cifar10,86.796670,1.679540,0.480899,16587
13,4,13714,fpga,cifar10,94.373340,6.678560,0.456103,16259
13,4,13611,fpga,cifar10,92.490000,2.390560,0.456103,16259
13,4,5111,fpga,cifar10,94.306660,5.193760,0.456103,16259
13,4,13987,fpga,cifar10,93.596664,3.420960,0.456103,16259
13,4,8008,fpga,cifar10,93.480000,2.905760,0.456103,16259
13,4,11472,fpga,cifar10,93.970000,3.648160,0.456103,16259
13,4,4384,fpga,cifar10,86.796670,1.132960,0.456103,16259
13,4,3731,fpga,cifar10,94.343330,5.936160,0.456103,16259
13,4,6111,fpga,cifar10,94.373340,6.678560,0.456103,16259
13,4,8323,fpga,cifar10,90.870000,2.163360,0.456103,16259
13,4,3687,fpga,cifar10,89.820000,1.648160,0.456103,16259
13,4,11525,fpga,cifar10,90.000000,2.057760,0.456103,16259
13,4,10431,fpga,cifar10,87.000000,1.542560,0.456103,16259
13,4,6584,fpga,cifar10,94.160000,4.163360,0.456103,16259
13,5,1497,pixel3,cifar10,86.556660,1.056630,0.672772,16205
13,5,8708,pixel3,cifar10,94.080000,12.839000,0.672772,16205
13,5,6918,pixel3,cifar10,87.000000,1.478790,0.672772,16205
13,5,2035,pixel3,cifar10,89.670000,1.706480,0.672772,16205
13,5,1425,pixel3,cifar10,93.933334,12.536500,0.672772,16205
13,5,1781,pixel3,cifar10,89.883330,1.712020,0.672772,16205
13,5,7197,pixel3,cifar10,90.366670,2.447670,0.672772,16205
13,5,1941,pixel3,cifar10,93.533330,9.128690,0.672772,16205
13,5,6382,pixel3,cifar10,93.376660,7.048190,0.672772,16205
13,5,5111,pixel3,cifar10,94.306660,17.584600,0.672772,16205
13,5,13987,pixel3,cifar10,93.596664,9.922680,0.672772,16205
13,5,1339,pixel3,cifar10,92.136665,5.802240,0.672772,16205
13,5,11972,pixel3,cifar10,91.510000,5.627010,0.672772,16205
13,5,1416,pixel3,cifar10,89.546670,1.691430,0.672772,16205
13,5,4627,pixel3,cifar10,93.270000,7.036050,0.672772,16205
13,5,11692,pixel3,cifar10,94.130000,15.490100,0.672772,16205
13,5,4554,pixel3,cifar10,86.670000,1.114880,0.672772,16205
13,5,2779,pixel3,cifar10,90.806660,3.102950,0.672772,16205
13,5,8323,pixel3,cifar10,90.870000,3.106420,0.672772,16205
13,5,12452,pixel3,cifar10,91.350000,5.590110,0.672772,16205
13,5,6434,pixel3,cifar10,91.080000,4.811140,0.672772,16205
13,5,8592,pixel3,cifar10,93.750000,10.769800,0.672772,16205
13,5,1943,pixel3,cifar10,93.116670,6.492030,0.672772,16205
13,5,5224,pixel3,cifar10,88.980000,1.570360,0.672772,16205
13,5,9230,pixel3,cifar10,86.580000,1.056760,0.672772,16205
13,5,8695,pixel3,cifar10,94.220000,17.564500,0.672772,16205
13,5,7017,pixel3,cifar10,86.970000,1.403930,0.672772,16205
13,5,6854,pixel3,cifar10,91.040000,4.514220,0.672772,16205
13,5,13171,pixel3,cifar10,93.530000,7.717220,0.672772,16205
13,5,1804,pixel3,cifar10,89.063330,1.579900,0.672772,16205
13,5,3731,pixel3,cifar10,94.343330,23.361300,0.672772,16205
13,5,6863,pixel3,cifar10,86.740000,1.229320,0.672772,16205
13,5,6111,pixel3,cifar10,94.373340,23.584800,0.672772,16205
13,5,13096,pixel3,cifar10,90.700000,2.666040,0.672772,16205
13,5,13869,pixel3,cifar10,93.656670,10.634700,0.672772,16205
13,5,6899,pixel3,cifar10,90.900000,3.961410,0.672772,16205
13,5,10689,pixel3,cifar10,90.790000,2.669770,0.672772,16205
13,5,7001,pixel3,cifar10,10.000000,0.003277,0.672772,16205
13,5,6624,pixel3,cifar10,89.120000,1.670570,0.672772,16205
13,5,6985,pixel3,cifar10,89.940000,2.367450,0.672772,16205
13,5,8836,pixel3,cifar10,92.220000,6.313990,0.672772,16205
13,6,13846,raspi4,cifar10,90.720000,7.176163,0.573825,16249
13,6,5780,raspi4,cifar10,93.980000,34.928463,0.573825,16249
13,6,6953,raspi4,cifar10,91.990000,15.601654,0.573825,16249
13,6,7017,raspi4,cifar10,86.970000,2.544041,0.573825,16249
13,6,1941,raspi4,cifar10,93.533330,25.121769,0.573825,16249
13,6,8592,raspi4,cifar10,93.750000,25.477009,0.573825,16249
13,6,1690,raspi4,cifar10,86.646670,2.536549,0.573825,16249
13,6,8426,raspi4,cifar10,93.840000,31.394428,0.573825,16249
13,6,9271,raspi4,cifar10,89.250000,4.830311,0.573825,16249
13,6,6382,raspi4,cifar10,93.376660,21.461164,0.573825,16249
13,6,3731,raspi4,cifar10,94.343330,58.070793,0.573825,16249
13,6,14565,raspi4,cifar10,88.880000,4.781183,0.573825,16249
13,6,5111,raspi4,cifar10,94.306660,41.756905,0.573825,16249
13,6,9980,raspi4,cifar10,10.000000,0.011284,0.573825,16249
13,6,14677,raspi4,cifar10,88.670000,4.755260,0.573825,16249
13,6,7058,raspi4,cifar10,92.040000,16.469465,0.573825,16249
13,6,1962,raspi4,cifar10,86.530000,2.529453,0.573825,16249
13,6,6960,raspi4,cifar10,92.280000,17.162752,0.573825,16249
13,6,12639,raspi4,cifar10,90.990000,11.857850,0.573825,16249
13,6,9380,raspi4,cifar10,89.335000,4.875613,0.573825,16249
13,6,2035,raspi4,cifar10,89.670000,4.984099,0.573825,16249
13,6,10412,raspi4,cifar10,93.530000,25.079220,0.573825,16249
13,6,11692,raspi4,cifar10,94.130000,37.583630,0.573825,16249
13,6,5940,raspi4,cifar10,91.056660,12.563456,0.573825,16249
13,6,8008,raspi4,cifar10,93.480000,22.571420,0.573825,16249
13,6,8323,raspi4,cifar10,90.870000,7.426308,0.573825,16249
13,6,11810,raspi4,cifar10,92.780000,18.619905,0.573825,16249
13,6,6111,raspi4,cifar10,94.373340,68.404106,0.573825,16249
13,6,2058,raspi4,cifar10,93.270000,19.484835,0.573825,16249
13,6,1804,raspi4,cifar10,89.063330,4.791845,0.573825,16249
13,6,12002,raspi4,cifar10,93.510000,24.816572,0.573825,16249
13,6,4659,raspi4,cifar10,93.396670,22.249382,0.573825,16249
13,6,6985,raspi4,cifar10,89.940000,4.995646,0.573825,16249
13,6,13611,raspi4,cifar10,92.490000,18.523302,0.573825,16249
13,6,12504,raspi4,cifar10,92.130000,16.890614,0.573825,16249
13,6,6918,raspi4,cifar10,87.000000,2.787590,0.573825,16249
13,6,4210,raspi4,cifar10,89.030000,4.782748,0.573825,16249
13,7,11810,edgegpu,cifar100,68.300000,1.779551,0.494980,16369
13,7,9922,edgegpu,cifar100,58.560000,1.428552,0.494980,16369
13,7,9997,edgegpu,cifar100,71.520000,3.466139,0.494980,16369
13,7,8401,edgegpu,cifar100,71.080000,3.302102,0.494980,16369
13,7,12415,edgegpu,cifar100,71.940000,4.828467,0.494980,16369
13,7,11067,edgegpu,cifar100,58.186670,1.427836,0.494980,16369
13,7,2304,edgegpu,cifar100,58.660000,1.440253,0.494980,16369
13,7,9930,edgegpu,cifar100,73.513336,6.803060,0.494980,16369
13,7,4954,edgegpu,cifar100,73.000000,6.669736,0.494980,16369
13,7,2778,edgegpu,cifar100,72.993330,6.134028,0.494980,16369
13,7,1425,edgegpu,cifar100,72.093330,5.310225,0.494980,16369
13,7,11885,edgegpu,cifar100,68.040000,1.776652,0.494980,16369
13,7,4418,edgegpu,cifar100,72.746666,5.352364,0.494980,16369
13,7,14677,edgegpu,cifar100,62.420000,1.746187,0.494980,16369
13,7,6124,edgegpu,cifar100,68.360000,3.185835,0.494980,16369
13,7,3888,edgegpu,cifar100,73.260000,6.797867,0.494980,16369
13,7,6381,edgegpu,cifar100,66.800000,1.753340,0.494980,16369
13,7,1038,edgegpu,cifar100,67.500000,1.758428,0.494980,16369
13,7,8912,edgegpu,cifar100,59.200000,1.441355,0.494980,16369
13,7,1509,edgegpu,cifar100,1.000000,0.505853,0.494980,16369
13,8,857,edgetpu,cifar100,72.880000,1.264168,0.603267,16090
13,8,577,edgetpu,cifar100,69.680000,0.635228,0.603267,16090
13,8,8912,edgetpu,cifar100,59.200000,0.377698,0.603267,16090
13,8,12574,edgetpu,cifar100,72.740000,0.932430,0.603267,16090
13,8,4418,edgetpu,cifar100,72.746666,1.093699,0.603267,16090
13,8,11885,edgetpu,cifar100,68.040000,0.489665,0.603267,16090
13,8,1425,edgetpu,cifar100,72.093330,0.910660,0.603267,16090
13,8,9997,edgetpu,cifar100,71.520000,0.729986,0.603267,16090
13,8,1110,edgetpu,cifar100,58.840000,0.355938,0.603267,16090
13,8,8401,edgetpu,cifar100,71.080000,0.728572,0.603267,16090
13,8,8638,edgetpu,cifar100,58.860000,0.356631,0.603267,16090
13,8,5019,edgetpu,cifar100,58.880000,0.357058,0.603267,16090
13,8,781,edgetpu,cifar100,67.960000,0.487922,0.603267,16090
13,8,3303,edgetpu,cifar100,62.420000,0.392593,0.603267,16090
13,8,12415,edgetpu,cifar100,71.940000,0.872299,0.603267,16090
13,8,9930,edgetpu,cifar100,73.513336,1.454107,0.603267,16090
13,8,3888,edgetpu,cifar100,73.260000,1.316226,0.603267,16090
13,8,797,edgetpu,cifar100,69.580000,0.633351,0.603267,16090
13,8,11810,edgetpu,cifar100,68.300000,0.492126,0.603267,16090
13,8,6946,edgetpu,cifar100,67.500000,0.486233,0.603267,16090
13,8,2705,edgetpu,cifar100,62.813330,0.393026,0.603267,16090
13,8,12761,edgetpu,cifar100,72.860000,1.225212,0.603267,16090
13,8,8649,edgetpu,cifar100,70.690000,0.727284,0.603267,16090
13,8,14945,edgetpu,cifar100,58.500000,0.354940,0.603267,16090
13,8,12607,edgetpu,cifar100,62.600000,0.392830,0.603267,16090
13,8,4659,edgetpu,cifar100,70.060000,0.636433,0.603267,16090
13,8,1943,edgetpu,cifar100,69.626660,0.634759,0.603267,16090
13,8,9541,edgetpu,cifar100,67.660000,0.486829,0.603267,16090
13,8,4155,edgetpu,cifar100,62.306667,0.391442,0.603267,16090
13,8,15363,edgetpu,cifar100,70.520000,0.676394,0.603267,16090
13,8,1383,edgetpu,cifar100,70.273330,0.673722,0.603267,16090
13,8,10000,edgetpu,cifar100,73.160000,1.283461,0.603267,16090
13,8,777,edgetpu,cifar100,58.650000,0.355588,0.603267,16090
13,8,9271,edgetpu,cifar100,63.400000,0.393151,0.603267,16090
13,8,11533,edgetpu,cifar100,69.760000,0.635877,0.603267,16090
13,8,13829,edgetpu,cifar100,66.873340,0.485137,0.603267,16090
13,9,3487,eyeriss,cifar100,70.093330,3.402880,0.457381,16532
13,9,6787,eyeriss,cifar100,70.720000,3.648640,0.457381,16532
13,9,11301,eyeriss,cifar100,68.220000,2.665600,0.457381,16532
13,9,6925,eyeriss,cifar100,71.220000,3.894400,0.457381,16532
13,9,9930,eyeriss,cifar100,73.513336,9.055360,0.457381,16532
13,9,14112,eyeriss,cifar100,68.386665,2.911360,0.457381,16532
13,9,14714,eyeriss,cifar100,71.280000,4.140160,0.457381,16532
13,9,12820,eyeriss,cifar100,67.720000,2.419840,0.457381,16532
13,9,10689,eyeriss,cifar100,67.500000,2.174080,0.457381,16532
13,9,12761,eyeriss,cifar100,72.860000,6.352000,0.457381,16532
13,9,5084,eyeriss,cifar100,58.813330,1.682560,0.457381,16532
13,9,3888,eyeriss,cifar100,73.260000,6.597760,0.457381,16532
13,9,12574,eyeriss,cifar100,72.740000,5.123200,0.457381,16532
13,9,5651,eyeriss,cifar100,64.690000,1.928320,0.457381,16532
13,9,3540,eyeriss,cifar100,71.500000,4.877440,0.457381,16532
13,10,5651,fpga,cifar100,64.690000,1.648160,0.439140,16271
13,10,6925,fpga,cifar100,71.220000,3.936160,0.439140,16271
13,10,5033,fpga,cifar100,59.060000,1.542560,0.439140,16271
13,10,3888,fpga,cifar100,73.260000,5.936160,0.439140,16271
13,10,6830,fpga,cifar100,71.460000,4.057760,0.439140,16271
13,10,12761,fpga,cifar100,72.860000,5.420960,0.439140,16271
13,10,12574,fpga,cifar100,72.740000,4.678560,0.439140,16271
13,10,15033,fpga,cifar100,67.793335,2.390560,0.439140,16271
13,10,11973,fpga,cifar100,70.340000,2.905760,0.439140,16271
13,10,10689,fpga,cifar100,67.500000,2.163360,0.439140,16271
13,10,4249,fpga,cifar100,65.080000,2.057760,0.439140,16271
13,10,5084,fpga,cifar100,58.813330,1.132960,0.439140,16271
13,10,5743,fpga,cifar100,67.800000,2.800160,0.439140,16271
13,10,12295,fpga,cifar100,71.160000,3.648160,0.439140,16271
13,10,9930,fpga,cifar100,73.513336,7.420960,0.439140,16271
13,10,3540,fpga,cifar100,71.500000,4.163360,0.439140,16271
13,10,6787,fpga,cifar100,70.720000,3.420960,0.439140,16271
13,11,8638,pixel3,cifar100,58.860000,1.478570,0.612279,16468
13,11,572,pixel3,cifar100,70.313330,8.017480,0.612279,16468
13,11,857,pixel3,cifar100,72.880000,19.113200,0.612279,16468
13,11,1459,pixel3,cifar100,73.140000,23.437900,0.612279,16468
13,11,8912,pixel3,cifar100,59.200000,1.478790,0.612279,16468
13,11,12970,pixel3,cifar100,68.140000,4.782110,0.612279,16468
13,11,1409,pixel3,cifar100,58.853333,1.275090,0.612279,16468
13,11,11301,pixel3,cifar100,68.220000,5.352090,0.612279,16468
13,11,724,pixel3,cifar100,67.053340,2.875650,0.612279,16468
13,11,14112,pixel3,cifar100,68.386665,5.745320,0.612279,16468
13,11,3888,pixel3,cifar100,73.260000,23.477200,0.612279,16468
13,11,657,pixel3,cifar100,58.233334,1.233070,0.612279,16468
13,11,6337,pixel3,cifar100,1.000000,0.008753,0.612279,16468
13,11,1450,pixel3,cifar100,70.506670,9.337360,0.612279,16468
13,11,10042,pixel3,cifar100,64.880000,2.794690,0.612279,16468
13,11,6787,pixel3,cifar100,70.720000,9.854430,0.612279,16468
13,11,15363,pixel3,cifar100,70.520000,9.708640,0.612279,16468
13,11,485,pixel3,cifar100,67.593330,4.124800,0.612279,16468
13,11,1416,pixel3,cifar100,64.493330,2.084060,0.612279,16468
13,11,898,pixel3,cifar100,70.000000,6.516140,0.612279,16468
13,11,6925,pixel3,cifar100,71.220000,10.688000,0.612279,16468
13,11,9930,pixel3,cifar100,73.513336,42.003600,0.612279,16468
13,11,8323,pixel3,cifar100,67.080000,3.106340,0.612279,16468
13,11,11973,pixel3,cifar100,70.340000,8.988510,0.612279,16468
13,11,699,pixel3,cifar100,72.240000,12.079400,0.612279,16468
13,11,11000,pixel3,cifar100,71.180000,10.677600,0.612279,16468
13,11,5651,pixel3,cifar100,64.690000,2.376870,0.612279,16468
13,11,906,pixel3,cifar100,62.393333,1.661810,0.612279,16468
13,11,12574,pixel3,cifar100,72.740000,16.473900,0.612279,16468
13,11,1090,pixel3,cifar100,65.220000,2.811310,0.612279,16468
13,11,858,pixel3,cifar100,64.133330,2.003500,0.612279,16468
13,11,1593,pixel3,cifar100,62.126667,1.582050,0.612279,16468
13,11,10689,pixel3,cifar100,67.500000,3.109220,0.612279,16468
13,11,1558,pixel3,cifar100,64.020000,1.705220,0.612279,16468
13,12,9926,raspi4,cifar100,63.520000,4.999532,0.616837,16159
13,12,6822,raspi4,cifar100,58.426666,2.558594,0.616837,16159
13,12,9271,raspi4,cifar100,63.400000,4.800893,0.616837,16159
13,12,7030,raspi4,cifar100,69.600000,19.218203,0.616837,16159
13,12,10222,raspi4,cifar100,58.860000,2.747804,0.616837,16159
13,12,14792,raspi4,cifar100,69.500000,19.111843,0.616837,16159
13,12,14112,raspi4,cifar100,68.386665,14.423308,0.616837,16159
13,12,4409,raspi4,cifar100,67.173330,7.228629,0.616837,16159
13,12,15363,raspi4,cifar100,70.520000,21.809430,0.616837,16159
13,12,8912,raspi4,cifar100,59.200000,2.818969,0.616837,16159
13,12,12915,raspi4,cifar100,66.950000,7.226311,0.616837,16159
13,12,2222,raspi4,cifar100,58.313330,2.538255,0.616837,16159
13,12,12761,raspi4,cifar100,72.860000,53.718200,0.616837,16159
13,12,898,raspi4,cifar100,70.000000,21.506163,0.616837,16159
13,12,14714,raspi4,cifar100,71.280000,24.692347,0.616837,16159
13,12,12574,raspi4,cifar100,72.740000,36.371254,0.616837,16159
13,12,2035,raspi4,cifar100,63.926666,5.005698,0.616837,16159
13,12,14612,raspi4,cifar100,58.720000,2.563505,0.616837,16159
13,12,375,raspi4,cifar100,64.440000,5.099302,0.616837,16159
13,12,3888,raspi4,cifar100,73.260000,55.029520,0.616837,16159
13,12,6925,raspi4,cifar100,71.220000,24.195030,0.616837,16159
13,12,1572,raspi4,cifar100,69.900000,19.916142,0.616837,16159
13,12,4498,raspi4,cifar100,64.086670,5.022347,0.616837,16159
13,12,13430,raspi4,cifar100,66.700000,7.203785,0.616837,16159
13,12,10042,raspi4,cifar100,64.880000,5.100886,0.616837,16159
13,12,6830,raspi4,cifar100,71.460000,34.491814,0.616837,16159
13,12,15589,raspi4,cifar100,59.060000,2.795078,0.616837,16159
13,12,9997,raspi4,cifar100,71.520000,34.996710,0.616837,16159
13,12,6040,raspi4,cifar100,1.000000,0.015365,0.616837,16159
13,12,4418,raspi4,cifar100,72.746666,47.162354,0.616837,16159
13,12,6787,raspi4,cifar100,70.720000,23.081835,0.616837,16159
13,12,10689,raspi4,cifar100,67.500000,7.381845,0.616837,16159
13,12,2063,raspi4,cifar100,62.320000,4.792511,0.616837,16159
13,12,3487,raspi4,cifar100,70.093330,21.603350,0.616837,16159
13,12,7891,raspi4,cifar100,67.550000,12.536592,0.616837,16159
13,12,6918,raspi4,cifar100,58.800000,2.571364,0.616837,16159
13,12,8720,raspi4,cifar100,64.130000,5.082239,0.616837,16159
13,12,1459,raspi4,cifar100,73.140000,53.879950,0.616837,16159
13,12,6177,raspi4,cifar100,62.373333,4.795128,0.616837,16159
13,13,4160,edgegpu,ImageNet16-120,39.833332,1.756272,0.546338,16271
13,13,15159,edgegpu,ImageNet16-120,45.566666,4.632421,0.546338,16271
13,13,10947,edgegpu,ImageNet16-120,39.944443,1.909800,0.546338,16271
13,13,14117,edgegpu,ImageNet16-120,28.677778,1.435547,0.546338,16271
13,13,12081,edgegpu,ImageNet16-120,40.233334,2.730479,0.546338,16271
13,13,4587,edgegpu,ImageNet16-120,28.800000,1.445131,0.546338,16271
13,13,8884,edgegpu,ImageNet16-120,45.033333,3.499999,0.546338,16271
13,13,9722,edgegpu,ImageNet16-120,44.000000,3.327813,0.546338,16271
13,13,15288,edgegpu,ImageNet16-120,28.422222,1.417041,0.546338,16271
13,13,11217,edgegpu,ImageNet16-120,43.466667,3.316708,0.546338,16271
13,13,4946,edgegpu,ImageNet16-120,44.700000,3.490419,0.546338,16271
13,13,8401,edgegpu,ImageNet16-120,43.833332,3.322444,0.546338,16271
13,13,7187,edgegpu,ImageNet16-120,28.683332,1.443858,0.546338,16271
13,13,6950,edgegpu,ImageNet16-120,38.700000,1.740150,0.546338,16271
13,13,5751,edgegpu,ImageNet16-120,40.044445,2.434626,0.546338,16271
13,13,1164,edgegpu,ImageNet16-120,28.522223,1.435223,0.546338,16271
13,13,8426,edgegpu,ImageNet16-120,44.633335,3.370147,0.546338,16271
13,13,4332,edgegpu,ImageNet16-120,39.444443,1.745496,0.546338,16271
13,13,13760,edgegpu,ImageNet16-120,32.333332,1.739759,0.546338,16271
13,13,4988,edgegpu,ImageNet16-120,28.933332,1.448212,0.546338,16271
13,13,15376,edgegpu,ImageNet16-120,0.833333,0.533953,0.546338,16271
13,13,857,edgegpu,ImageNet16-120,47.311110,6.707663,0.546338,16271
13,13,14612,edgegpu,ImageNet16-120,28.488890,1.434064,0.546338,16271
13,13,6636,edgegpu,ImageNet16-120,40.544445,3.305931,0.546338,16271
13,13,12415,edgegpu,ImageNet16-120,46.566666,4.667692,0.546338,16271
13,13,7760,edgegpu,ImageNet16-120,39.100000,1.743751,0.546338,16271
13,13,10835,edgegpu,ImageNet16-120,45.233334,4.434366,0.546338,16271
13,13,2650,edgegpu,ImageNet16-120,42.433334,3.309817,0.546338,16271
13,13,9586,edgegpu,ImageNet16-120,46.933334,5.222673,0.546338,16271
13,14,4988,edgetpu,ImageNet16-120,28.933332,0.360694,0.543510,15953
13,14,8915,edgetpu,ImageNet16-120,32.611110,0.364729,0.543510,15953
13,14,550,edgetpu,ImageNet16-120,33.177776,0.391468,0.543510,15953
13,14,11262,edgetpu,ImageNet16-120,39.733334,0.430019,0.543510,15953
13,14,14840,edgetpu,ImageNet16-120,45.311110,0.666690,0.543510,15953
13,14,11079,edgetpu,ImageNet16-120,43.566666,0.552430,0.543510,15953
13,14,15383,edgetpu,ImageNet16-120,47.033333,0.780914,0.543510,15953
13,14,5751,edgetpu,ImageNet16-120,40.044445,0.516992,0.543510,15953
13,14,10167,edgetpu,ImageNet16-120,39.944443,0.444058,0.543510,15953
13,14,9689,edgetpu,ImageNet16-120,42.533333,0.549702,0.543510,15953
13,14,13769,edgetpu,ImageNet16-120,41.555557,0.549360,0.543510,15953
13,14,5530,edgetpu,ImageNet16-120,42.577778,0.549937,0.543510,15953
13,14,13931,edgetpu,ImageNet16-120,28.788889,0.360349,0.543510,15953
13,14,10332,edgetpu,ImageNet16-120,40.033333,0.516152,0.543510,15953
13,14,5586,edgetpu,ImageNet16-120,40.811110,0.546420,0.543510,15953
13,14,10888,edgetpu,ImageNet16-120,28.333334,0.359044,0.543510,15953
13,14,15107,edgetpu,ImageNet16-120,39.800000,0.430284,0.543510,15953
13,14,4627,edgetpu,ImageNet16-120,43.500000,0.552306,0.543510,15953
13,14,8884,edgetpu,ImageNet16-120,45.033333,0.615792,0.543510,15953
13,14,13097,edgetpu,ImageNet16-120,39.655556,0.428424,0.543510,15953
13,14,7273,edgetpu,ImageNet16-120,42.966667,0.550014,0.543510,15953
13,14,8781,edgetpu,ImageNet16-120,32.366665,0.363484,0.543510,15953
13,14,15014,edgetpu,ImageNet16-120,28.266666,0.358110,0.543510,15953
13,14,7396,edgetpu,ImageNet16-120,40.177776,0.517218,0.543510,15953
13,14,14662,edgetpu,ImageNet16-120,41.166668,0.547835,0.543510,15953
13,14,857,edgetpu,ImageNet16-120,47.311110,0.997730,0.543510,15953
13,14,7357,edgetpu,ImageNet16-120,44.666668,0.600498,0.543510,15953
13,14,5724,edgetpu,ImageNet16-120,28.366667,0.359987,0.543510,15953
13,14,11885,edgetpu,ImageNet16-120,39.166668,0.427395,0.543510,15953
13,14,6858,edgetpu,ImageNet16-120,40.333332,0.541300,0.543510,15953
13,14,7750,edgetpu,ImageNet16-120,43.066666,0.551617,0.543510,15953
13,14,6950,edgetpu,ImageNet16-120,38.700000,0.427379,0.543510,15953
13,14,12415,edgetpu,ImageNet16-120,46.566666,0.710906,0.543510,15953
13,14,3540,edgetpu,ImageNet16-120,45.122223,0.648670,0.543510,15953
13,14,4160,edgetpu,ImageNet16-120,39.833332,0.430355,0.543510,15953
13,14,7431,edgetpu,ImageNet16-120,32.577778,0.363954,0.543510,15953
13,14,15363,edgetpu,ImageNet16-120,44.333332,0.582280,0.543510,15953
13,14,4830,edgetpu,ImageNet16-120,42.233334,0.549457,0.543510,15953
13,14,70,edgetpu,ImageNet16-120,39.377777,0.428228,0.543510,15953
13,14,11282,edgetpu,ImageNet16-120,39.633335,0.428409,0.543510,15953
13,15,1939,eyeriss,ImageNet16-120,45.077778,0.976000,0.515129,16655
13,15,6787,eyeriss,ImageNet16-120,44.400000,0.914560,0.515129,16655
13,15,857,eyeriss,ImageNet16-120,47.311110,1.651840,0.515129,16655
13,15,15383,eyeriss,ImageNet16-120,47.033333,1.283200,0.515129,16655
13,15,6854,eyeriss,ImageNet16-120,40.800000,0.668800,0.515129,16655
13,15,5487,eyeriss,ImageNet16-120,38.500000,0.607360,0.515129,16655
13,15,2835,eyeriss,ImageNet16-120,38.222220,0.545920,0.515129,16655
13,15,14417,eyeriss,ImageNet16-120,45.900000,1.098880,0.515129,16655
13,15,8853,eyeriss,ImageNet16-120,45.600000,1.037440,0.515129,16655
13,15,4829,eyeriss,ImageNet16-120,34.200000,0.484480,0.515129,16655
13,15,8008,eyeriss,ImageNet16-120,43.500000,0.853120,0.515129,16655
13,15,4988,eyeriss,ImageNet16-120,28.933332,0.423040,0.515129,16655
13,16,6854,fpga,ImageNet16-120,40.800000,0.809120,0.505633,16399
13,16,4988,fpga,ImageNet16-120,28.933332,0.284320,0.505633,16399
13,16,14748,fpga,ImageNet16-120,44.900000,0.995200,0.505633,16399
13,16,11079,fpga,ImageNet16-120,43.566666,0.902400,0.505633,16399
13,16,12452,fpga,ImageNet16-120,40.533333,0.780320,0.505633,16399
13,16,2835,fpga,ImageNet16-120,38.222220,0.546720,0.505633,16399
13,16,6787,fpga,ImageNet16-120,44.400000,0.969600,0.505633,16399
13,16,1939,fpga,ImageNet16-120,45.077778,1.062400,0.505633,16399
13,16,5793,fpga,ImageNet16-120,35.033333,0.517920,0.505633,16399
13,16,6868,fpga,ImageNet16-120,39.000000,0.649120,0.505633,16399
13,16,15383,fpga,ImageNet16-120,47.033333,1.504000,0.505633,16399
13,16,8008,fpga,ImageNet16-120,43.500000,0.876800,0.505633,16399
13,16,857,fpga,ImageNet16-120,47.311110,2.038400,0.505633,16399
13,16,14417,fpga,ImageNet16-120,45.900000,1.276320,0.505633,16399
13,16,4829,fpga,ImageNet16-120,34.200000,0.415520,0.505633,16399
13,16,10017,fpga,ImageNet16-120,40.566666,0.784000,0.505633,16399
13,16,15446,fpga,ImageNet16-120,45.766666,1.116320,0.505633,16399
13,17,12466,pixel3,ImageNet16-120,46.100000,4.680280,0.659067,16337
13,17,4432,pixel3,ImageNet16-120,37.800000,0.861157,0.659067,16337
13,17,4587,pixel3,ImageNet16-120,28.800000,0.445767,0.659067,16337
13,17,12452,pixel3,ImageNet16-120,40.533333,1.504410,0.659067,16337
13,17,898,pixel3,ImageNet16-120,42.466667,2.467210,0.659067,16337
13,17,1425,pixel3,ImageNet16-120,45.977780,4.619290,0.659067,16337
13,17,1939,pixel3,ImageNet16-120,45.077778,3.021500,0.659067,16337
13,17,10888,pixel3,ImageNet16-120,28.333334,0.422652,0.659067,16337
13,17,2002,pixel3,ImageNet16-120,32.277780,0.617751,0.659067,16337
13,17,6014,pixel3,ImageNet16-120,28.533333,0.423391,0.659067,16337
13,17,2835,pixel3,ImageNet16-120,38.222220,0.868646,0.659067,16337
13,17,6854,pixel3,ImageNet16-120,40.800000,1.621620,0.659067,16337
13,17,4988,pixel3,ImageNet16-120,28.933332,0.485996,0.659067,16337
13,17,11000,pixel3,ImageNet16-120,44.866665,2.962520,0.659067,16337
13,17,1110,pixel3,ImageNet16-120,28.600000,0.423927,0.659067,16337
13,17,12639,pixel3,ImageNet16-120,40.400000,1.304440,0.659067,16337
13,17,4004,pixel3,ImageNet16-120,42.811110,2.467510,0.659067,16337
13,17,15383,pixel3,ImageNet16-120,47.033333,5.191720,0.659067,16337
13,17,8584,pixel3,ImageNet16-120,34.088890,0.664046,0.659067,16337
13,17,8954,pixel3,ImageNet16-120,28.733334,0.424855,0.659067,16337
13,17,4384,pixel3,ImageNet16-120,28.133333,0.421612,0.659067,16337
13,17,2018,pixel3,ImageNet16-120,46.433334,4.949210,0.659067,16337
13,17,1549,pixel3,ImageNet16-120,28.655556,0.424747,0.659067,16337
13,17,10154,pixel3,ImageNet16-120,46.133335,4.783700,0.659067,16337
13,17,14417,pixel3,ImageNet16-120,45.900000,4.143030,0.659067,16337
13,17,12424,pixel3,ImageNet16-120,43.133330,2.470150,0.659067,16337
13,17,1204,pixel3,ImageNet16-120,37.844444,0.864966,0.659067,16337
13,17,4977,pixel3,ImageNet16-120,32.966667,0.617991,0.659067,16337
13,17,8683,pixel3,ImageNet16-120,44.200000,2.711960,0.659067,16337
13,17,12103,pixel3,ImageNet16-120,28.250000,0.422433,0.659067,16337
13,17,857,pixel3,ImageNet16-120,47.311110,6.686850,0.659067,16337
13,17,2899,pixel3,ImageNet16-120,43.911110,2.701210,0.659067,16337
13,17,4895,pixel3,ImageNet16-120,33.200000,0.619070,0.659067,16337
13,17,15446,pixel3,ImageNet16-120,45.766666,3.439380,0.659067,16337
13,17,3728,pixel3,ImageNet16-120,28.500000,0.422880,0.659067,16337
13,17,872,pixel3,ImageNet16-120,41.777780,2.465030,0.659067,16337
13,17,11079,pixel3,ImageNet16-120,43.566666,2.479610,0.659067,16337
13,17,13756,pixel3,ImageNet16-120,0.833333,0.005289,0.659067,16337
13,17,735,pixel3,ImageNet16-120,38.544445,1.107950,0.659067,16337
13,17,13059,pixel3,ImageNet16-120,34.266666,0.668679,0.659067,16337
13,18,15383,raspi4,ImageNet16-120,47.033333,8.565354,0.667441,16112
13,18,12505,raspi4,ImageNet16-120,39.283333,3.062432,0.667441,16112
13,18,14677,raspi4,ImageNet16-120,33.233334,1.537227,0.667441,16112
13,18,1939,raspi4,ImageNet16-120,45.077778,5.341908,0.667441,16112
13,18,11079,raspi4,ImageNet16-120,43.566666,3.802027,0.667441,16112
13,18,1188,raspi4,ImageNet16-120,32.455555,1.526725,0.667441,16112
13,18,6854,raspi4,ImageNet16-120,40.800000,3.661016,0.667441,16112
13,18,14417,raspi4,ImageNet16-120,45.900000,6.948865,0.667441,16112
13,18,13059,raspi4,ImageNet16-120,34.266666,1.595651,0.667441,16112
13,18,9032,raspi4,ImageNet16-120,38.016666,2.201532,0.667441,16112
13,18,15363,raspi4,ImageNet16-120,44.333332,4.480516,0.667441,16112
13,18,7187,raspi4,ImageNet16-120,28.683332,0.952790,0.667441,16112
13,18,1413,raspi4,ImageNet16-120,42.711113,3.788479,0.667441,16112
13,18,12358,raspi4,ImageNet16-120,34.055557,1.582727,0.667441,16112
13,18,11946,raspi4,ImageNet16-120,28.200000,0.940293,0.667441,16112
13,18,8426,raspi4,ImageNet16-120,44.633335,5.288439,0.667441,16112
13,18,4995,raspi4,ImageNet16-120,42.166668,3.766336,0.667441,16112
13,18,15107,raspi4,ImageNet16-120,39.800000,3.083329,0.667441,16112
13,18,5637,raspi4,ImageNet16-120,33.933334,1.580707,0.667441,16112
13,18,6787,raspi4,ImageNet16-120,44.400000,4.532777,0.667441,16112
13,18,14750,raspi4,ImageNet16-120,32.933334,1.536700,0.667441,16112
13,18,8683,raspi4,ImageNet16-120,44.200000,4.462997,0.667441,16112
13,18,1204,raspi4,ImageNet16-120,37.844444,2.199356,0.667441,16112
13,18,2779,raspi4,ImageNet16-120,37.355556,2.190654,0.667441,16112
13,18,7227,raspi4,ImageNet16-120,32.533333,1.530737,0.667441,16112
13,18,9496,raspi4,ImageNet16-120,38.200000,2.204048,0.667441,16112
13,18,13771,raspi4,ImageNet16-120,32.744446,1.533813,0.667441,16112
13,18,10217,raspi4,ImageNet16-120,45.100000,6.109362,0.667441,16112
13,18,8736,raspi4,ImageNet16-120,45.700000,6.658077,0.667441,16112
13,18,4988,raspi4,ImageNet16-120,28.933332,1.003251,0.667441,16112
13,18,3782,raspi4,ImageNet16-120,41.866665,3.755286,0.667441,16112
13,18,3960,raspi4,ImageNet16-120,37.755554,2.197980,0.667441,16112
13,18,735,raspi4,ImageNet16-120,38.544445,2.911079,0.667441,16112
13,18,6868,raspi4,ImageNet16-120,39.000000,2.982937,0.667441,16112
13,18,14792,raspi4,ImageNet16-120,43.033333,3.792447,0.667441,16112
13,18,219,raspi4,ImageNet16-120,42.500000,3.768475,0.667441,16112
13,18,8584,raspi4,ImageNet16-120,34.088890,1.586268,0.667441,16112
13,18,2018,raspi4,ImageNet16-120,46.433334,7.482383,0.667441,16112
13,18,10017,raspi4,ImageNet16-120,40.566666,3.181383,0.667441,16112
13,18,14697,raspi4,ImageNet16-120,33.900000,1.580382,0.667441,16112
13,18,8355,raspi4,ImageNet16-120,39.666668,3.083286,0.667441,16112
13,18,857,raspi4,ImageNet16-120,47.311110,9.020064,0.667441,16112
13,18,10167,raspi4,ImageNet16-120,39.944443,3.106316,0.667441,16112
13,18,5530,raspi4,ImageNet16-120,42.577778,3.785925,0.667441,16112
13,18,8884,raspi4,ImageNet16-120,45.033333,5.293177,0.667441,16112
13,18,933,raspi4,ImageNet16-120,0.833333,0.011514,0.667441,16112
13,18,10835,raspi4,ImageNet16-120,45.233334,6.632419,0.667441,16112
13,18,5973,raspi4,ImageNet16-120,40.100000,3.159922,0.667441,16112
13,18,10472,raspi4,ImageNet16-120,39.633335,3.079679,0.667441,16112
13,18,13931,raspi4,ImageNet16-120,28.788889,0.956195,0.667441,16112
14,1,14090,edgegpu,cifar10,92.086670,1.749086,0.537716,16374
14,1,258,edgegpu,cifar10,93.640000,3.307109,0.537716,16374
14,1,2776,edgegpu,cifar10,93.666664,3.331194,0.537716,16374
14,1,13714,edgegpu,cifar10,94.373340,6.772180,0.537716,16374
14,1,561,edgegpu,cifar10,86.880000,1.451068,0.537716,16374
14,1,10484,edgegpu,cifar10,93.810000,3.354015,0.537716,16374
14,1,6499,edgegpu,cifar10,93.645000,3.331041,0.537716,16374
14,1,14407,edgegpu,cifar10,86.770000,1.440282,0.537716,16374
14,1,14527,edgegpu,cifar10,86.765000,1.439619,0.537716,16374
14,1,8421,edgegpu,cifar10,10.000000,0.538597,0.537716,16374
14,1,9099,edgegpu,cifar10,93.940000,3.357520,0.537716,16374
14,1,13401,edgegpu,cifar10,87.010000,1.457009,0.537716,16374
14,1,1549,edgegpu,cifar10,86.710000,1.436324,0.537716,16374
14,1,1339,edgegpu,cifar10,92.136665,1.751881,0.537716,16374
14,1,11692,edgegpu,cifar10,94.130000,4.708362,0.537716,16374
14,1,5292,edgegpu,cifar10,94.293335,6.663151,0.537716,16374
14,1,11810,edgegpu,cifar10,92.780000,1.992798,0.537716,16374
14,1,1459,edgegpu,cifar10,94.296670,6.748991,0.537716,16374
14,1,5780,edgegpu,cifar10,93.980000,3.361888,0.537716,16374
14,1,5400,edgegpu,cifar10,86.630000,1.427460,0.537716,16374
14,1,11438,edgegpu,cifar10,92.500000,1.846719,0.537716,16374
14,1,6950,edgegpu,cifar10,92.000000,1.738467,0.537716,16374
14,1,2053,edgegpu,cifar10,94.206665,5.482254,0.537716,16374
14,1,6330,edgegpu,cifar10,94.006670,4.384699,0.537716,16374
14,1,6960,edgegpu,cifar10,92.280000,1.764450,0.537716,16374
14,2,6407,edgetpu,cifar10,88.933334,0.389381,0.541429,16005
14,2,11692,edgetpu,cifar10,94.130000,0.761100,0.541429,16005
14,2,13714,edgetpu,cifar10,94.373340,1.377865,0.541429,16005
14,2,6918,edgetpu,cifar10,87.000000,0.375819,0.541429,16005
14,2,5258,edgetpu,cifar10,88.775000,0.388629,0.541429,16005
14,2,8008,edgetpu,cifar10,93.480000,0.629746,0.541429,16005
14,2,5111,edgetpu,cifar10,94.306660,1.152010,0.541429,16005
14,2,10683,edgetpu,cifar10,92.330000,0.481277,0.541429,16005
14,2,6382,edgetpu,cifar10,93.376660,0.628638,0.541429,16005
14,2,10581,edgetpu,cifar10,89.015000,0.390403,0.541429,16005
14,2,1595,edgetpu,cifar10,88.963330,0.389815,0.541429,16005
14,2,11810,edgetpu,cifar10,92.780000,0.482879,0.541429,16005
14,2,5780,edgetpu,cifar10,93.980000,0.723967,0.541429,16005
14,2,4161,edgetpu,cifar10,89.250000,0.391221,0.541429,16005
14,2,13611,edgetpu,cifar10,92.490000,0.481826,0.541429,16005
14,2,11438,edgetpu,cifar10,92.500000,0.482393,0.541429,16005
14,2,797,edgetpu,cifar10,93.280000,0.627996,0.541429,16005
14,2,10293,edgetpu,cifar10,86.513336,0.352328,0.541429,16005
14,2,11112,edgetpu,cifar10,92.110000,0.480732,0.541429,16005
14,2,9722,edgetpu,cifar10,93.540000,0.723575,0.541429,16005
14,2,3731,edgetpu,cifar10,94.343330,1.282820,0.541429,16005
14,2,9950,edgetpu,cifar10,93.840000,0.723767,0.541429,16005
14,2,9380,edgetpu,cifar10,89.335000,0.395662,0.541429,16005
14,2,8192,edgetpu,cifar10,93.093330,0.627745,0.541429,16005
14,2,2053,edgetpu,cifar10,94.206665,1.042178,0.541429,16005
14,2,7017,edgetpu,cifar10,86.970000,0.353089,0.541429,16005
14,2,10815,edgetpu,cifar10,88.970000,0.389885,0.541429,16005
14,2,12439,edgetpu,cifar10,86.393330,0.352159,0.541429,16005
14,2,9689,edgetpu,cifar10,93.370000,0.628386,0.541429,16005
14,2,6584,edgetpu,cifar10,94.160000,0.888877,0.541429,16005
14,2,5224,edgetpu,cifar10,88.980000,0.389900,0.541429,16005
14,3,10412,eyeriss,cifar10,93.530000,3.645620,0.451072,16529
14,3,8323,eyeriss,cifar10,90.870000,2.171060,0.451072,16529
14,3,11472,eyeriss,cifar10,93.970000,4.628660,0.451072,16529
14,3,8008,eyeriss,cifar10,93.480000,3.399860,0.451072,16529
14,3,6584,eyeriss,cifar10,94.160000,4.874420,0.451072,16529
14,3,6854,eyeriss,cifar10,91.040000,2.662580,0.451072,16529
14,3,13611,eyeriss,cifar10,92.490000,3.154100,0.451072,16529
14,3,8592,eyeriss,cifar10,93.750000,3.891380,0.451072,16529
14,3,13714,eyeriss,cifar10,94.373340,7.823540,0.451072,16529
14,3,5111,eyeriss,cifar10,94.306660,5.365940,0.451072,16529
14,3,3731,eyeriss,cifar10,94.343330,6.594740,0.451072,16529
14,3,14112,eyeriss,cifar10,91.296670,2.908340,0.451072,16529
14,3,6111,eyeriss,cifar10,94.373340,7.823540,0.451072,16529
14,3,6899,eyeriss,cifar10,90.900000,2.416820,0.451072,16529
14,3,12438,eyeriss,cifar10,89.875000,1.925300,0.451072,16529
14,3,4384,eyeriss,cifar10,86.796670,1.679540,0.451072,16529
14,4,4384,fpga,cifar10,86.796670,1.132960,0.455993,16249
14,4,8323,fpga,cifar10,90.870000,2.163360,0.455993,16249
14,4,5111,fpga,cifar10,94.306660,5.193760,0.455993,16249
14,4,11472,fpga,cifar10,93.970000,3.648160,0.455993,16249
14,4,8008,fpga,cifar10,93.480000,2.905760,0.455993,16249
14,4,3731,fpga,cifar10,94.343330,5.936160,0.455993,16249
14,4,6111,fpga,cifar10,94.373340,6.678560,0.455993,16249
14,4,13987,fpga,cifar10,93.596664,3.420960,0.455993,16249
14,4,8720,fpga,cifar10,89.875000,1.648160,0.455993,16249
14,4,13714,fpga,cifar10,94.373340,6.678560,0.455993,16249
14,4,15295,fpga,cifar10,90.050000,2.057760,0.455993,16249
14,4,10431,fpga,cifar10,87.000000,1.542560,0.455993,16249
14,4,12438,fpga,cifar10,89.875000,1.648160,0.455993,16249
14,4,6584,fpga,cifar10,94.160000,4.163360,0.455993,16249
14,4,15000,fpga,cifar10,92.400000,2.390560,0.455993,16249
14,5,3731,pixel3,cifar10,94.343330,23.361300,0.718863,16300
14,5,6382,pixel3,cifar10,93.376660,7.048190,0.718863,16300
14,5,8592,pixel3,cifar10,93.750000,10.769800,0.718863,16300
14,5,1339,pixel3,cifar10,92.136665,5.802240,0.718863,16300
14,5,4627,pixel3,cifar10,93.270000,7.036050,0.718863,16300
14,5,5111,pixel3,cifar10,94.306660,17.584600,0.718863,16300
14,5,6434,pixel3,cifar10,91.080000,4.811140,0.718863,16300
14,5,8323,pixel3,cifar10,90.870000,3.106420,0.718863,16300
14,5,1941,pixel3,cifar10,93.533330,9.128690,0.718863,16300
14,5,6985,pixel3,cifar10,89.940000,2.367450,0.718863,16300
14,5,8836,pixel3,cifar10,92.220000,6.313990,0.718863,16300
14,5,1781,pixel3,cifar10,89.883330,1.712020,0.718863,16300
14,5,6854,pixel3,cifar10,91.040000,4.514220,0.718863,16300
14,5,9230,pixel3,cifar10,86.580000,1.056760,0.718863,16300
14,5,2779,pixel3,cifar10,90.806660,3.102950,0.718863,16300
14,5,1852,pixel3,cifar10,10.000000,0.003285,0.718863,16300
14,5,55,pixel3,cifar10,86.756670,1.057440,0.718863,16300
14,5,6899,pixel3,cifar10,90.900000,3.961410,0.718863,16300
14,5,6111,pixel3,cifar10,94.373340,23.584800,0.718863,16300
14,5,13171,pixel3,cifar10,93.530000,7.717220,0.718863,16300
14,5,2018,pixel3,cifar10,94.063330,14.960500,0.718863,16300
14,5,13869,pixel3,cifar10,93.656670,10.634700,0.718863,16300
14,5,8695,pixel3,cifar10,94.220000,17.564500,0.718863,16300
14,5,10689,pixel3,cifar10,90.790000,2.669770,0.718863,16300
14,5,7197,pixel3,cifar10,90.366670,2.447670,0.718863,16300
14,5,7017,pixel3,cifar10,86.970000,1.403930,0.718863,16300
14,5,6918,pixel3,cifar10,87.000000,1.478790,0.718863,16300
14,5,25,pixel3,cifar10,86.540000,1.054570,0.718863,16300
14,5,11972,pixel3,cifar10,91.510000,5.627010,0.718863,16300
14,5,1497,pixel3,cifar10,86.556660,1.056630,0.718863,16300
14,5,12452,pixel3,cifar10,91.350000,5.590110,0.718863,16300
14,5,6624,pixel3,cifar10,89.120000,1.670570,0.718863,16300
14,5,2035,pixel3,cifar10,89.670000,1.706480,0.718863,16300
14,5,13987,pixel3,cifar10,93.596664,9.922680,0.718863,16300
14,5,6330,pixel3,cifar10,94.006670,11.512400,0.718863,16300
14,5,11692,pixel3,cifar10,94.130000,15.490100,0.718863,16300
14,5,1943,pixel3,cifar10,93.116670,6.492030,0.718863,16300
14,5,13096,pixel3,cifar10,90.700000,2.666040,0.718863,16300
14,5,1804,pixel3,cifar10,89.063330,1.579900,0.718863,16300
14,5,1416,pixel3,cifar10,89.546670,1.691430,0.718863,16300
14,5,6584,pixel3,cifar10,94.160000,15.720300,0.718863,16300
14,5,5224,pixel3,cifar10,88.980000,1.570360,0.718863,16300
14,6,1962,raspi4,cifar10,86.530000,2.529453,0.594874,16138
14,6,6985,raspi4,cifar10,89.940000,4.995646,0.594874,16138
14,6,3731,raspi4,cifar10,94.343330,58.070793,0.594874,16138
14,6,8008,raspi4,cifar10,93.480000,22.571420,0.594874,16138
14,6,6382,raspi4,cifar10,93.376660,21.461164,0.594874,16138
14,6,11692,raspi4,cifar10,94.130000,37.583630,0.594874,16138
14,6,8592,raspi4,cifar10,93.750000,25.477009,0.594874,16138
14,6,7017,raspi4,cifar10,86.970000,2.544041,0.594874,16138
14,6,2035,raspi4,cifar10,89.670000,4.984099,0.594874,16138
14,6,5111,raspi4,cifar10,94.306660,41.756905,0.594874,16138
14,6,13611,raspi4,cifar10,92.490000,18.523302,0.594874,16138
14,6,8323,raspi4,cifar10,90.870000,7.426308,0.594874,16138
14,6,4210,raspi4,cifar10,89.030000,4.782748,0.594874,16138
14,6,11972,raspi4,cifar10,91.510000,12.403558,0.594874,16138
14,6,9271,raspi4,cifar10,89.250000,4.830311,0.594874,16138
14,6,12002,raspi4,cifar10,93.510000,24.816572,0.594874,16138
14,6,11810,raspi4,cifar10,92.780000,18.619905,0.594874,16138
14,6,13846,raspi4,cifar10,90.720000,7.176163,0.594874,16138
14,6,5780,raspi4,cifar10,93.980000,34.928463,0.594874,16138
14,6,2058,raspi4,cifar10,93.270000,19.484835,0.594874,16138
14,6,6111,raspi4,cifar10,94.373340,68.404106,0.594874,16138
14,6,1690,raspi4,cifar10,86.646670,2.536549,0.594874,16138
14,6,1941,raspi4,cifar10,93.533330,25.121769,0.594874,16138
14,6,12505,raspi4,cifar10,92.150000,16.747276,0.594874,16138
14,6,6960,raspi4,cifar10,92.280000,17.162752,0.594874,16138
14,6,10412,raspi4,cifar10,93.530000,25.079220,0.594874,16138
14,6,9380,raspi4,cifar10,89.335000,4.875613,0.594874,16138
14,6,8426,raspi4,cifar10,93.840000,31.394428,0.594874,16138
14,6,10275,raspi4,cifar10,91.080000,9.993188,0.594874,16138
14,6,11533,raspi4,cifar10,93.420000,21.715693,0.594874,16138
14,6,9980,raspi4,cifar10,10.000000,0.011284,0.594874,16138
14,6,12238,raspi4,cifar10,91.690000,16.046099,0.594874,16138
14,6,6918,raspi4,cifar10,87.000000,2.787590,0.594874,16138
14,6,7058,raspi4,cifar10,92.040000,16.469465,0.594874,16138
14,7,11067,edgegpu,cifar100,58.186670,1.427836,0.553218,16324
14,7,3888,edgegpu,cifar100,73.260000,6.797867,0.553218,16324
14,7,9997,edgegpu,cifar100,71.520000,3.466139,0.553218,16324
14,7,9930,edgegpu,cifar100,73.513336,6.803060,0.553218,16324
14,7,1425,edgegpu,cifar100,72.093330,5.310225,0.553218,16324
14,7,2304,edgegpu,cifar100,58.660000,1.440253,0.553218,16324
14,7,4954,edgegpu,cifar100,73.000000,6.669736,0.553218,16324
14,7,4418,edgegpu,cifar100,72.746666,5.352364,0.553218,16324
14,7,8401,edgegpu,cifar100,71.080000,3.302102,0.553218,16324
14,7,14677,edgegpu,cifar100,62.420000,1.746187,0.553218,16324
14,7,9922,edgegpu,cifar100,58.560000,1.428552,0.553218,16324
14,7,1038,edgegpu,cifar100,67.500000,1.758428,0.553218,16324
14,7,11885,edgegpu,cifar100,68.040000,1.776652,0.553218,16324
14,7,11810,edgegpu,cifar100,68.300000,1.779551,0.553218,16324
14,7,12415,edgegpu,cifar100,71.940000,4.828467,0.553218,16324
14,7,2778,edgegpu,cifar100,72.993330,6.134028,0.553218,16324
14,7,6381,edgegpu,cifar100,66.800000,1.753340,0.553218,16324
14,7,6124,edgegpu,cifar100,68.360000,3.185835,0.553218,16324
14,7,1509,edgegpu,cifar100,1.000000,0.505853,0.553218,16324
14,7,8912,edgegpu,cifar100,59.200000,1.441355,0.553218,16324
14,8,1943,edgetpu,cifar100,69.626660,0.634759,0.559734,16077
14,8,3888,edgetpu,cifar100,73.260000,1.316226,0.559734,16077
14,8,3487,edgetpu,cifar100,70.093330,0.637182,0.559734,16077
14,8,8638,edgetpu,cifar100,58.860000,0.356631,0.559734,16077
14,8,4659,edgetpu,cifar100,70.060000,0.636433,0.559734,16077
14,8,577,edgetpu,cifar100,69.680000,0.635228,0.559734,16077
14,8,15363,edgetpu,cifar100,70.520000,0.676394,0.559734,16077
14,8,12761,edgetpu,cifar100,72.860000,1.225212,0.559734,16077
14,8,8401,edgetpu,cifar100,71.080000,0.728572,0.559734,16077
14,8,797,edgetpu,cifar100,69.580000,0.633351,0.559734,16077
14,8,777,edgetpu,cifar100,58.650000,0.355588,0.559734,16077
14,8,8912,edgetpu,cifar100,59.200000,0.377698,0.559734,16077
14,8,11112,edgetpu,cifar100,66.893330,0.486713,0.559734,16077
14,8,1425,edgetpu,cifar100,72.093330,0.910660,0.559734,16077
14,8,10000,edgetpu,cifar100,73.160000,1.283461,0.559734,16077
14,8,5019,edgetpu,cifar100,58.880000,0.357058,0.559734,16077
14,8,781,edgetpu,cifar100,67.960000,0.487922,0.559734,16077
14,8,3303,edgetpu,cifar100,62.420000,0.392593,0.559734,16077
14,8,2705,edgetpu,cifar100,62.813330,0.393026,0.559734,16077
14,8,12415,edgetpu,cifar100,71.940000,0.872299,0.559734,16077
14,8,1110,edgetpu,cifar100,58.840000,0.355938,0.559734,16077
14,8,12574,edgetpu,cifar100,72.740000,0.932430,0.559734,16077
14,8,9930,edgetpu,cifar100,73.513336,1.454107,0.559734,16077
14,8,13829,edgetpu,cifar100,66.873340,0.485137,0.559734,16077
14,8,10443,edgetpu,cifar100,68.300000,0.489020,0.559734,16077
14,8,11533,edgetpu,cifar100,69.760000,0.635877,0.559734,16077
14,8,1996,edgetpu,cifar100,67.820000,0.486748,0.559734,16077
14,8,4155,edgetpu,cifar100,62.306667,0.391442,0.559734,16077
14,8,9997,edgetpu,cifar100,71.520000,0.729986,0.559734,16077
14,8,14945,edgetpu,cifar100,58.500000,0.354940,0.559734,16077
14,8,4418,edgetpu,cifar100,72.746666,1.093699,0.559734,16077
14,8,8649,edgetpu,cifar100,70.690000,0.727284,0.559734,16077
14,8,11973,edgetpu,cifar100,70.340000,0.641728,0.559734,16077
14,8,12607,edgetpu,cifar100,62.600000,0.392830,0.559734,16077
14,8,9271,edgetpu,cifar100,63.400000,0.393151,0.559734,16077
14,8,857,edgetpu,cifar100,72.880000,1.264168,0.559734,16077
14,9,14112,eyeriss,cifar100,68.386665,2.911360,0.461473,16645
14,9,10689,eyeriss,cifar100,67.500000,2.174080,0.461473,16645
14,9,6787,eyeriss,cifar100,70.720000,3.648640,0.461473,16645
14,9,11301,eyeriss,cifar100,68.220000,2.665600,0.461473,16645
14,9,12761,eyeriss,cifar100,72.860000,6.352000,0.461473,16645
14,9,5084,eyeriss,cifar100,58.813330,1.682560,0.461473,16645
14,9,14714,eyeriss,cifar100,71.280000,4.140160,0.461473,16645
14,9,3540,eyeriss,cifar100,71.500000,4.877440,0.461473,16645
14,9,12820,eyeriss,cifar100,67.720000,2.419840,0.461473,16645
14,9,3888,eyeriss,cifar100,73.260000,6.597760,0.461473,16645
14,9,375,eyeriss,cifar100,64.440000,1.928320,0.461473,16645
14,9,9930,eyeriss,cifar100,73.513336,9.055360,0.461473,16645
14,9,6925,eyeriss,cifar100,71.220000,3.894400,0.461473,16645
14,9,12574,eyeriss,cifar100,72.740000,5.123200,0.461473,16645
14,9,4659,eyeriss,cifar100,70.060000,3.402880,0.461473,16645
14,10,7250,fpga,cifar100,67.706665,2.390560,0.446882,16291
14,10,11878,fpga,cifar100,65.060000,2.057760,0.446882,16291
14,10,5084,fpga,cifar100,58.813330,1.132960,0.446882,16291
14,10,12574,fpga,cifar100,72.740000,4.678560,0.446882,16291
14,10,11973,fpga,cifar100,70.340000,2.905760,0.446882,16291
14,10,10689,fpga,cifar100,67.500000,2.163360,0.446882,16291
14,10,12295,fpga,cifar100,71.160000,3.648160,0.446882,16291
14,10,9930,fpga,cifar100,73.513336,7.420960,0.446882,16291
14,10,3540,fpga,cifar100,71.500000,4.163360,0.446882,16291
14,10,9997,fpga,cifar100,71.520000,4.572960,0.446882,16291
14,10,12820,fpga,cifar100,67.720000,2.678560,0.446882,16291
14,10,6787,fpga,cifar100,70.720000,3.420960,0.446882,16291
14,10,11727,fpga,cifar100,67.773330,2.800160,0.446882,16291
14,10,6925,fpga,cifar100,71.220000,3.936160,0.446882,16291
14,10,3888,fpga,cifar100,73.260000,5.936160,0.446882,16291
14,10,5651,fpga,cifar100,64.690000,1.648160,0.446882,16291
14,10,12761,fpga,cifar100,72.860000,5.420960,0.446882,16291
14,10,6830,fpga,cifar100,71.460000,4.057760,0.446882,16291
14,11,5651,pixel3,cifar100,64.690000,2.376870,0.591769,16226
14,11,10689,pixel3,cifar100,67.500000,3.109220,0.591769,16226
14,11,11000,pixel3,cifar100,71.180000,10.677600,0.591769,16226
14,11,1450,pixel3,cifar100,70.506670,9.337360,0.591769,16226
14,11,858,pixel3,cifar100,64.133330,2.003500,0.591769,16226
14,11,699,pixel3,cifar100,72.240000,12.079400,0.591769,16226
14,11,12574,pixel3,cifar100,72.740000,16.473900,0.591769,16226
14,11,1593,pixel3,cifar100,62.126667,1.582050,0.591769,16226
14,11,11973,pixel3,cifar100,70.340000,8.988510,0.591769,16226
14,11,14112,pixel3,cifar100,68.386665,5.745320,0.591769,16226
14,11,10042,pixel3,cifar100,64.880000,2.794690,0.591769,16226
14,11,8638,pixel3,cifar100,58.860000,1.478570,0.591769,16226
14,11,1409,pixel3,cifar100,58.853333,1.275090,0.591769,16226
14,11,8323,pixel3,cifar100,67.080000,3.106340,0.591769,16226
14,11,1090,pixel3,cifar100,65.220000,2.811310,0.591769,16226
14,11,657,pixel3,cifar100,58.233334,1.233070,0.591769,16226
14,11,6787,pixel3,cifar100,70.720000,9.854430,0.591769,16226
14,11,898,pixel3,cifar100,70.000000,6.516140,0.591769,16226
14,11,4432,pixel3,cifar100,66.486664,3.105870,0.591769,16226
14,11,6925,pixel3,cifar100,71.220000,10.688000,0.591769,16226
14,11,11301,pixel3,cifar100,68.220000,5.352090,0.591769,16226
14,11,12970,pixel3,cifar100,68.140000,4.782110,0.591769,16226
14,11,485,pixel3,cifar100,67.593330,4.124800,0.591769,16226
14,11,6337,pixel3,cifar100,1.000000,0.008753,0.591769,16226
14,11,9930,pixel3,cifar100,73.513336,42.003600,0.591769,16226
14,11,3888,pixel3,cifar100,73.260000,23.477200,0.591769,16226
14,11,857,pixel3,cifar100,72.880000,19.113200,0.591769,16226
14,11,15363,pixel3,cifar100,70.520000,9.708640,0.591769,16226
14,11,1416,pixel3,cifar100,64.493330,2.084060,0.591769,16226
14,11,8912,pixel3,cifar100,59.200000,1.478790,0.591769,16226
14,11,906,pixel3,cifar100,62.393333,1.661810,0.591769,16226
14,11,1558,pixel3,cifar100,64.020000,1.705220,0.591769,16226
14,12,9271,raspi4,cifar100,63.400000,4.800893,0.636642,16164
14,12,2222,raspi4,cifar100,58.313330,2.538255,0.636642,16164
14,12,14714,raspi4,cifar100,71.280000,24.692347,0.636642,16164
14,12,14792,raspi4,cifar100,69.500000,19.111843,0.636642,16164
14,12,6925,raspi4,cifar100,71.220000,24.195030,0.636642,16164
14,12,13430,raspi4,cifar100,66.700000,7.203785,0.636642,16164
14,12,12915,raspi4,cifar100,66.950000,7.226311,0.636642,16164
14,12,12761,raspi4,cifar100,72.860000,53.718200,0.636642,16164
14,12,14612,raspi4,cifar100,58.720000,2.563505,0.636642,16164
14,12,4409,raspi4,cifar100,67.173330,7.228629,0.636642,16164
14,12,14112,raspi4,cifar100,68.386665,14.423308,0.636642,16164
14,12,10222,raspi4,cifar100,58.860000,2.747804,0.636642,16164
14,12,7030,raspi4,cifar100,69.600000,19.218203,0.636642,16164
14,12,6787,raspi4,cifar100,70.720000,23.081835,0.636642,16164
14,12,6822,raspi4,cifar100,58.426666,2.558594,0.636642,16164
14,12,898,raspi4,cifar100,70.000000,21.506163,0.636642,16164
14,12,15363,raspi4,cifar100,70.520000,21.809430,0.636642,16164
14,12,15589,raspi4,cifar100,59.060000,2.795078,0.636642,16164
14,12,9930,raspi4,cifar100,73.513336,71.152000,0.636642,16164
14,12,3888,raspi4,cifar100,73.260000,55.029520,0.636642,16164
14,12,8720,raspi4,cifar100,64.130000,5.082239,0.636642,16164
14,12,375,raspi4,cifar100,64.440000,5.099302,0.636642,16164
14,12,8912,raspi4,cifar100,59.200000,2.818969,0.636642,16164
14,12,12574,raspi4,cifar100,72.740000,36.371254,0.636642,16164
14,12,2035,raspi4,cifar100,63.926666,5.005698,0.636642,16164
14,12,9926,raspi4,cifar100,63.520000,4.999532,0.636642,16164
14,12,6918,raspi4,cifar100,58.800000,2.571364,0.636642,16164
14,12,1572,raspi4,cifar100,69.900000,19.916142,0.636642,16164
14,12,4498,raspi4,cifar100,64.086670,5.022347,0.636642,16164
14,12,9997,raspi4,cifar100,71.520000,34.996710,0.636642,16164
14,12,4418,raspi4,cifar100,72.746666,47.162354,0.636642,16164
14,12,6040,raspi4,cifar100,1.000000,0.015365,0.636642,16164
14,12,12607,raspi4,cifar100,62.600000,4.779045,0.636642,16164
14,12,10042,raspi4,cifar100,64.880000,5.100886,0.636642,16164
14,12,10689,raspi4,cifar100,67.500000,7.381845,0.636642,16164
14,12,6830,raspi4,cifar100,71.460000,34.491814,0.636642,16164
14,12,3487,raspi4,cifar100,70.093330,21.603350,0.636642,16164
14,13,7760,edgegpu,ImageNet16-120,39.100000,1.743751,0.571789,16206
14,13,12415,edgegpu,ImageNet16-120,46.566666,4.667692,0.571789,16206
14,13,4587,edgegpu,ImageNet16-120,28.800000,1.445131,0.571789,16206
14,13,6950,edgegpu,ImageNet16-120,38.700000,1.740150,0.571789,16206
14,13,8401,edgegpu,ImageNet16-120,43.833332,3.322444,0.571789,16206
14,13,7187,edgegpu,ImageNet16-120,28.683332,1.443858,0.571789,16206
14,13,9722,edgegpu,ImageNet16-120,44.000000,3.327813,0.571789,16206
14,13,8426,edgegpu,ImageNet16-120,44.633335,3.370147,0.571789,16206
14,13,14117,edgegpu,ImageNet16-120,28.677778,1.435547,0.571789,16206
14,13,4946,edgegpu,ImageNet16-120,44.700000,3.490419,0.571789,16206
14,13,8884,edgegpu,ImageNet16-120,45.033333,3.499999,0.571789,16206
14,13,14612,edgegpu,ImageNet16-120,28.488890,1.434064,0.571789,16206
14,13,15288,edgegpu,ImageNet16-120,28.422222,1.417041,0.571789,16206
14,13,4160,edgegpu,ImageNet16-120,39.833332,1.756272,0.571789,16206
14,13,10947,edgegpu,ImageNet16-120,39.944443,1.909800,0.571789,16206
14,13,1164,edgegpu,ImageNet16-120,28.522223,1.435223,0.571789,16206
14,13,15376,edgegpu,ImageNet16-120,0.833333,0.533953,0.571789,16206
14,13,5751,edgegpu,ImageNet16-120,40.044445,2.434626,0.571789,16206
14,13,12081,edgegpu,ImageNet16-120,40.233334,2.730479,0.571789,16206
14,13,11217,edgegpu,ImageNet16-120,43.466667,3.316708,0.571789,16206
14,13,4988,edgegpu,ImageNet16-120,28.933332,1.448212,0.571789,16206
14,13,13411,edgegpu,ImageNet16-120,31.855556,1.736240,0.571789,16206
14,13,454,edgegpu,ImageNet16-120,41.277780,3.303313,0.571789,16206
14,13,4332,edgegpu,ImageNet16-120,39.444443,1.745496,0.571789,16206
14,13,13760,edgegpu,ImageNet16-120,32.333332,1.739759,0.571789,16206
14,13,2650,edgegpu,ImageNet16-120,42.433334,3.309817,0.571789,16206
14,13,15159,edgegpu,ImageNet16-120,45.566666,4.632421,0.571789,16206
14,13,9586,edgegpu,ImageNet16-120,46.933334,5.222673,0.571789,16206
14,13,15383,edgegpu,ImageNet16-120,47.033333,6.262836,0.571789,16206
14,13,14840,edgegpu,ImageNet16-120,45.311110,4.224715,0.571789,16206
14,14,13769,edgetpu,ImageNet16-120,41.555557,0.549360,0.541864,15952
14,14,12231,edgetpu,ImageNet16-120,40.200000,0.518358,0.541864,15952
14,14,7273,edgetpu,ImageNet16-120,42.966667,0.550014,0.541864,15952
14,14,7750,edgetpu,ImageNet16-120,43.066666,0.551617,0.541864,15952
14,14,8884,edgetpu,ImageNet16-120,45.033333,0.615792,0.541864,15952
14,14,10750,edgetpu,ImageNet16-120,44.600000,0.615553,0.541864,15952
14,14,5530,edgetpu,ImageNet16-120,42.577778,0.549937,0.541864,15952
14,14,13097,edgetpu,ImageNet16-120,39.655556,0.428424,0.541864,15952
14,14,5586,edgetpu,ImageNet16-120,40.811110,0.546420,0.541864,15952
14,14,15363,edgetpu,ImageNet16-120,44.333332,0.582280,0.541864,15952
14,14,8781,edgetpu,ImageNet16-120,32.366665,0.363484,0.541864,15952
14,14,12415,edgetpu,ImageNet16-120,46.566666,0.710906,0.541864,15952
14,14,3540,edgetpu,ImageNet16-120,45.122223,0.648670,0.541864,15952
14,14,4627,edgetpu,ImageNet16-120,43.500000,0.552306,0.541864,15952
14,14,7431,edgetpu,ImageNet16-120,32.577778,0.363954,0.541864,15952
14,14,11885,edgetpu,ImageNet16-120,39.166668,0.427395,0.541864,15952
14,14,10332,edgetpu,ImageNet16-120,40.033333,0.516152,0.541864,15952
14,14,857,edgetpu,ImageNet16-120,47.311110,0.997730,0.541864,15952
14,14,10167,edgetpu,ImageNet16-120,39.944443,0.444058,0.541864,15952
14,14,9689,edgetpu,ImageNet16-120,42.533333,0.549702,0.541864,15952
14,14,15383,edgetpu,ImageNet16-120,47.033333,0.780914,0.541864,15952
14,14,5751,edgetpu,ImageNet16-120,40.044445,0.516992,0.541864,15952
14,14,4830,edgetpu,ImageNet16-120,42.233334,0.549457,0.541864,15952
14,14,10888,edgetpu,ImageNet16-120,28.333334,0.359044,0.541864,15952
14,14,4988,edgetpu,ImageNet16-120,28.933332,0.360694,0.541864,15952
14,14,7396,edgetpu,ImageNet16-120,40.177776,0.517218,0.541864,15952
14,14,11079,edgetpu,ImageNet16-120,43.566666,0.552430,0.541864,15952
14,14,6950,edgetpu,ImageNet16-120,38.700000,0.427379,0.541864,15952
14,14,11282,edgetpu,ImageNet16-120,39.633335,0.428409,0.541864,15952
14,14,15107,edgetpu,ImageNet16-120,39.800000,0.430284,0.541864,15952
14,14,4160,edgetpu,ImageNet16-120,39.833332,0.430355,0.541864,15952
14,14,10017,edgetpu,ImageNet16-120,40.566666,0.524950,0.541864,15952
14,14,8447,edgetpu,ImageNet16-120,40.011112,0.514586,0.541864,15952
14,14,13931,edgetpu,ImageNet16-120,28.788889,0.360349,0.541864,15952
14,14,15014,edgetpu,ImageNet16-120,28.266666,0.358110,0.541864,15952
14,14,11262,edgetpu,ImageNet16-120,39.733334,0.430019,0.541864,15952
14,14,14677,edgetpu,ImageNet16-120,33.233334,0.364575,0.541864,15952
14,14,70,edgetpu,ImageNet16-120,39.377777,0.428228,0.541864,15952
14,14,6520,edgetpu,ImageNet16-120,32.383335,0.363944,0.541864,15952
14,15,15383,eyeriss,ImageNet16-120,47.033333,1.283200,0.441821,16640
14,15,2835,eyeriss,ImageNet16-120,38.222220,0.545920,0.441821,16640
14,15,6787,eyeriss,ImageNet16-120,44.400000,0.914560,0.441821,16640
14,15,4829,eyeriss,ImageNet16-120,34.200000,0.484480,0.441821,16640
14,15,8008,eyeriss,ImageNet16-120,43.500000,0.853120,0.441821,16640
14,15,1939,eyeriss,ImageNet16-120,45.077778,0.976000,0.441821,16640
14,15,6854,eyeriss,ImageNet16-120,40.800000,0.668800,0.441821,16640
14,15,8853,eyeriss,ImageNet16-120,45.600000,1.037440,0.441821,16640
14,15,14417,eyeriss,ImageNet16-120,45.900000,1.098880,0.441821,16640
14,15,735,eyeriss,ImageNet16-120,38.544445,0.607360,0.441821,16640
14,15,4988,eyeriss,ImageNet16-120,28.933332,0.423040,0.441821,16640
14,15,857,eyeriss,ImageNet16-120,47.311110,1.651840,0.441821,16640
14,16,11079,fpga,ImageNet16-120,43.566666,0.902400,0.486625,16209
14,16,4829,fpga,ImageNet16-120,34.200000,0.415520,0.486625,16209
14,16,8008,fpga,ImageNet16-120,43.500000,0.876800,0.486625,16209
14,16,2835,fpga,ImageNet16-120,38.222220,0.546720,0.486625,16209
14,16,4988,fpga,ImageNet16-120,28.933332,0.284320,0.486625,16209
14,16,5793,fpga,ImageNet16-120,35.033333,0.517920,0.486625,16209
14,16,6854,fpga,ImageNet16-120,40.800000,0.809120,0.486625,16209
14,16,15446,fpga,ImageNet16-120,45.766666,1.116320,0.486625,16209
14,16,14417,fpga,ImageNet16-120,45.900000,1.276320,0.486625,16209
14,16,10017,fpga,ImageNet16-120,40.566666,0.784000,0.486625,16209
14,16,15383,fpga,ImageNet16-120,47.033333,1.504000,0.486625,16209
14,16,14748,fpga,ImageNet16-120,44.900000,0.995200,0.486625,16209
14,16,6868,fpga,ImageNet16-120,39.000000,0.649120,0.486625,16209
14,16,6787,fpga,ImageNet16-120,44.400000,0.969600,0.486625,16209
14,16,1939,fpga,ImageNet16-120,45.077778,1.062400,0.486625,16209
14,16,12452,fpga,ImageNet16-120,40.533333,0.780320,0.486625,16209
14,16,857,fpga,ImageNet16-120,47.311110,2.038400,0.486625,16209
14,17,10340,pixel3,ImageNet16-120,31.522223,0.617772,0.677528,16140
14,17,1860,pixel3,ImageNet16-120,28.433332,0.422587,0.677528,16140
14,17,1110,pixel3,ImageNet16-120,28.600000,0.423927,0.677528,16140
14,17,872,pixel3,ImageNet16-120,41.777780,2.465030,0.677528,16140
14,17,2018,pixel3,ImageNet16-120,46.433334,4.949210,0.677528,16140
14,17,3496,pixel3,ImageNet16-120,34.233334,0.670584,0.677528,16140
14,17,1939,pixel3,ImageNet16-120,45.077778,3.021500,0.677528,16140
14,17,12639,pixel3,ImageNet16-120,40.400000,1.304440,0.677528,16140
14,17,6854,pixel3,ImageNet16-120,40.800000,1.621620,0.677528,16140
14,17,4587,pixel3,ImageNet16-120,28.800000,0.445767,0.677528,16140
14,17,6014,pixel3,ImageNet16-120,28.533333,0.423391,0.677528,16140
14,17,735,pixel3,ImageNet16-120,38.544445,1.107950,0.677528,16140
14,17,15446,pixel3,ImageNet16-120,45.766666,3.439380,0.677528,16140
14,17,4977,pixel3,ImageNet16-120,32.966667,0.617991,0.677528,16140
14,17,11000,pixel3,ImageNet16-120,44.866665,2.962520,0.677528,16140
14,17,2899,pixel3,ImageNet16-120,43.911110,2.701210,0.677528,16140
14,17,12424,pixel3,ImageNet16-120,43.133330,2.470150,0.677528,16140
14,17,8584,pixel3,ImageNet16-120,34.088890,0.664046,0.677528,16140
14,17,1204,pixel3,ImageNet16-120,37.844444,0.864966,0.677528,16140
14,17,10154,pixel3,ImageNet16-120,46.133335,4.783700,0.677528,16140
14,17,4004,pixel3,ImageNet16-120,42.811110,2.467510,0.677528,16140
14,17,3728,pixel3,ImageNet16-120,28.500000,0.422880,0.677528,16140
14,17,11079,pixel3,ImageNet16-120,43.566666,2.479610,0.677528,16140
14,17,857,pixel3,ImageNet16-120,47.311110,6.686850,0.677528,16140
14,17,25,pixel3,ImageNet16-120,28.300000,0.422510,0.677528,16140
14,17,1425,pixel3,ImageNet16-120,45.977780,4.619290,0.677528,16140
14,17,14417,pixel3,ImageNet16-120,45.900000,4.143030,0.677528,16140
14,17,4384,pixel3,ImageNet16-120,28.133333,0.421612,0.677528,16140
14,17,898,pixel3,ImageNet16-120,42.466667,2.467210,0.677528,16140
14,17,4988,pixel3,ImageNet16-120,28.933332,0.485996,0.677528,16140
14,17,2050,pixel3,ImageNet16-120,0.833333,0.005526,0.677528,16140
14,17,15383,pixel3,ImageNet16-120,47.033333,5.191720,0.677528,16140
14,17,12516,pixel3,ImageNet16-120,32.083332,0.617816,0.677528,16140
14,17,2835,pixel3,ImageNet16-120,38.222220,0.868646,0.677528,16140
14,17,12466,pixel3,ImageNet16-120,46.100000,4.680280,0.677528,16140
14,17,4895,pixel3,ImageNet16-120,33.200000,0.619070,0.677528,16140
14,17,12103,pixel3,ImageNet16-120,28.250000,0.422433,0.677528,16140
14,17,4432,pixel3,ImageNet16-120,37.800000,0.861157,0.677528,16140
14,17,8954,pixel3,ImageNet16-120,28.733334,0.424855,0.677528,16140
14,17,1549,pixel3,ImageNet16-120,28.655556,0.424747,0.677528,16140
14,17,12452,pixel3,ImageNet16-120,40.533333,1.504410,0.677528,16140
14,17,12355,pixel3,ImageNet16-120,45.033333,2.989390,0.677528,16140
14,18,12505,raspi4,ImageNet16-120,39.283333,3.062432,0.668596,16210
14,18,5973,raspi4,ImageNet16-120,40.100000,3.159922,0.668596,16210
14,18,11946,raspi4,ImageNet16-120,28.200000,0.940293,0.668596,16210
14,18,4988,raspi4,ImageNet16-120,28.933332,1.003251,0.668596,16210
14,18,5455,raspi4,ImageNet16-120,32.611110,1.532377,0.668596,16210
14,18,3431,raspi4,ImageNet16-120,32.966667,1.536690,0.668596,16210
14,18,8584,raspi4,ImageNet16-120,34.088890,1.586268,0.668596,16210
14,18,11079,raspi4,ImageNet16-120,43.566666,3.802027,0.668596,16210
14,18,6787,raspi4,ImageNet16-120,44.400000,4.532777,0.668596,16210
14,18,9032,raspi4,ImageNet16-120,38.016666,2.201532,0.668596,16210
14,18,15107,raspi4,ImageNet16-120,39.800000,3.083329,0.668596,16210
14,18,1188,raspi4,ImageNet16-120,32.455555,1.526725,0.668596,16210
14,18,14792,raspi4,ImageNet16-120,43.033333,3.792447,0.668596,16210
14,18,15363,raspi4,ImageNet16-120,44.333332,4.480516,0.668596,16210
14,18,11584,raspi4,ImageNet16-120,46.666668,8.014434,0.668596,16210
14,18,14677,raspi4,ImageNet16-120,33.233334,1.537227,0.668596,16210
14,18,5637,raspi4,ImageNet16-120,33.933334,1.580707,0.668596,16210
14,18,219,raspi4,ImageNet16-120,42.500000,3.768475,0.668596,16210
14,18,8426,raspi4,ImageNet16-120,44.633335,5.288439,0.668596,16210
14,18,3960,raspi4,ImageNet16-120,37.755554,2.197980,0.668596,16210
14,18,10835,raspi4,ImageNet16-120,45.233334,6.632419,0.668596,16210
14,18,1204,raspi4,ImageNet16-120,37.844444,2.199356,0.668596,16210
14,18,15383,raspi4,ImageNet16-120,47.033333,8.565354,0.668596,16210
14,18,10472,raspi4,ImageNet16-120,39.633335,3.079679,0.668596,16210
14,18,13771,raspi4,ImageNet16-120,32.744446,1.533813,0.668596,16210
14,18,8733,raspi4,ImageNet16-120,46.600000,7.477213,0.668596,16210
14,18,8447,raspi4,ImageNet16-120,40.011112,3.156609,0.668596,16210
14,18,10167,raspi4,ImageNet16-120,39.944443,3.106316,0.668596,16210
14,18,7187,raspi4,ImageNet16-120,28.683332,0.952790,0.668596,16210
14,18,9496,raspi4,ImageNet16-120,38.200000,2.204048,0.668596,16210
14,18,5530,raspi4,ImageNet16-120,42.577778,3.785925,0.668596,16210
14,18,1939,raspi4,ImageNet16-120,45.077778,5.341908,0.668596,16210
14,18,10715,raspi4,ImageNet16-120,45.533333,6.790813,0.668596,16210
14,18,2779,raspi4,ImageNet16-120,37.355556,2.190654,0.668596,16210
14,18,14417,raspi4,ImageNet16-120,45.900000,6.948865,0.668596,16210
14,18,857,raspi4,ImageNet16-120,47.311110,9.020064,0.668596,16210
14,18,735,raspi4,ImageNet16-120,38.544445,2.911079,0.668596,16210
14,18,4995,raspi4,ImageNet16-120,42.166668,3.766336,0.668596,16210
14,18,13059,raspi4,ImageNet16-120,34.266666,1.595651,0.668596,16210
14,18,13931,raspi4,ImageNet16-120,28.788889,0.956195,0.668596,16210
14,18,10017,raspi4,ImageNet16-120,40.566666,3.181383,0.668596,16210
14,18,6854,raspi4,ImageNet16-120,40.800000,3.661016,0.668596,16210
14,18,3192,raspi4,ImageNet16-120,45.477780,6.675633,0.668596,16210
14,18,3650,raspi4,ImageNet16-120,43.866665,4.475790,0.668596,16210
14,18,6868,raspi4,ImageNet16-120,39.000000,2.982937,0.668596,16210
14,18,3782,raspi4,ImageNet16-120,41.866665,3.755286,0.668596,16210
14,18,1413,raspi4,ImageNet16-120,42.711113,3.788479,0.668596,16210
14,18,11209,raspi4,ImageNet16-120,33.266666,1.580655,0.668596,16210
14,18,12355,raspi4,ImageNet16-120,45.033333,5.326674,0.668596,16210
14,18,933,raspi4,ImageNet16-120,0.833333,0.011514,0.668596,16210
15,1,11438,edgegpu,cifar10,92.500000,1.846719,0.522044,16345
15,1,6960,edgegpu,cifar10,92.280000,1.764450,0.522044,16345
15,1,1549,edgegpu,cifar10,86.710000,1.436324,0.522044,16345
15,1,5400,edgegpu,cifar10,86.630000,1.427460,0.522044,16345
15,1,11692,edgegpu,cifar10,94.130000,4.708362,0.522044,16345
15,1,14090,edgegpu,cifar10,92.086670,1.749086,0.522044,16345
15,1,258,edgegpu,cifar10,93.640000,3.307109,0.522044,16345
15,1,6499,edgegpu,cifar10,93.645000,3.331041,0.522044,16345
15,1,2776,edgegpu,cifar10,93.666664,3.331194,0.522044,16345
15,1,9099,edgegpu,cifar10,93.940000,3.357520,0.522044,16345
15,1,14527,edgegpu,cifar10,86.765000,1.439619,0.522044,16345
15,1,5292,edgegpu,cifar10,94.293335,6.663151,0.522044,16345
15,1,1339,edgegpu,cifar10,92.136665,1.751881,0.522044,16345
15,1,10484,edgegpu,cifar10,93.810000,3.354015,0.522044,16345
15,1,11810,edgegpu,cifar10,92.780000,1.992798,0.522044,16345
15,1,5780,edgegpu,cifar10,93.980000,3.361888,0.522044,16345
15,1,13401,edgegpu,cifar10,87.010000,1.457009,0.522044,16345
15,1,14407,edgegpu,cifar10,86.770000,1.440282,0.522044,16345
15,1,6950,edgegpu,cifar10,92.000000,1.738467,0.522044,16345
15,1,561,edgegpu,cifar10,86.880000,1.451068,0.522044,16345
15,1,13714,edgegpu,cifar10,94.373340,6.772180,0.522044,16345
15,1,2053,edgegpu,cifar10,94.206665,5.482254,0.522044,16345
15,1,15200,edgegpu,cifar10,10.000000,0.501385,0.522044,16345
15,1,6330,edgegpu,cifar10,94.006670,4.384699,0.522044,16345
15,2,797,edgetpu,cifar10,93.280000,0.627996,0.503199,15928
15,2,8008,edgetpu,cifar10,93.480000,0.629746,0.503199,15928
15,2,11112,edgetpu,cifar10,92.110000,0.480732,0.503199,15928
15,2,6382,edgetpu,cifar10,93.376660,0.628638,0.503199,15928
15,2,9380,edgetpu,cifar10,89.335000,0.395662,0.503199,15928
15,2,6918,edgetpu,cifar10,87.000000,0.375819,0.503199,15928
15,2,8192,edgetpu,cifar10,93.093330,0.627745,0.503199,15928
15,2,9950,edgetpu,cifar10,93.840000,0.723767,0.503199,15928
15,2,11810,edgetpu,cifar10,92.780000,0.482879,0.503199,15928
15,2,9689,edgetpu,cifar10,93.370000,0.628386,0.503199,15928
15,2,5780,edgetpu,cifar10,93.980000,0.723967,0.503199,15928
15,2,11692,edgetpu,cifar10,94.130000,0.761100,0.503199,15928
15,2,5111,edgetpu,cifar10,94.306660,1.152010,0.503199,15928
15,2,5258,edgetpu,cifar10,88.775000,0.388629,0.503199,15928
15,2,4161,edgetpu,cifar10,89.250000,0.391221,0.503199,15928
15,2,3731,edgetpu,cifar10,94.343330,1.282820,0.503199,15928
15,2,13611,edgetpu,cifar10,92.490000,0.481826,0.503199,15928
15,2,13714,edgetpu,cifar10,94.373340,1.377865,0.503199,15928
15,2,6515,edgetpu,cifar10,93.616670,0.722858,0.503199,15928
15,2,2485,edgetpu,cifar10,86.700000,0.346546,0.503199,15928
15,2,2053,edgetpu,cifar10,94.206665,1.042178,0.503199,15928
15,2,5647,edgetpu,cifar10,89.110000,0.389378,0.503199,15928
15,2,10683,edgetpu,cifar10,92.330000,0.481277,0.503199,15928
15,2,11438,edgetpu,cifar10,92.500000,0.482393,0.503199,15928
15,2,5946,edgetpu,cifar10,88.963330,0.389012,0.503199,15928
15,2,7017,edgetpu,cifar10,86.970000,0.353089,0.503199,15928
15,2,6584,edgetpu,cifar10,94.160000,0.888877,0.503199,15928
15,3,8592,eyeriss,cifar10,93.750000,3.891380,0.486243,16578
15,3,3731,eyeriss,cifar10,94.343330,6.594740,0.486243,16578
15,3,6854,eyeriss,cifar10,91.040000,2.662580,0.486243,16578
15,3,11692,eyeriss,cifar10,94.130000,4.874420,0.486243,16578
15,3,8008,eyeriss,cifar10,93.480000,3.399860,0.486243,16578
15,3,11472,eyeriss,cifar10,93.970000,4.628660,0.486243,16578
15,3,8323,eyeriss,cifar10,90.870000,2.171060,0.486243,16578
15,3,6899,eyeriss,cifar10,90.900000,2.416820,0.486243,16578
15,3,12438,eyeriss,cifar10,89.875000,1.925300,0.486243,16578
15,3,5111,eyeriss,cifar10,94.306660,5.365940,0.486243,16578
15,3,14112,eyeriss,cifar10,91.296670,2.908340,0.486243,16578
15,3,10412,eyeriss,cifar10,93.530000,3.645620,0.486243,16578
15,3,13714,eyeriss,cifar10,94.373340,7.823540,0.486243,16578
15,3,6111,eyeriss,cifar10,94.373340,7.823540,0.486243,16578
15,3,4384,eyeriss,cifar10,86.796670,1.679540,0.486243,16578
15,3,8720,eyeriss,cifar10,89.875000,1.925300,0.486243,16578
15,3,5991,eyeriss,cifar10,92.186670,3.154100,0.486243,16578
15,4,8008,fpga,cifar10,93.480000,2.905760,0.409166,16235
15,4,11472,fpga,cifar10,93.970000,3.648160,0.409166,16235
15,4,4384,fpga,cifar10,86.796670,1.132960,0.409166,16235
15,4,8323,fpga,cifar10,90.870000,2.163360,0.409166,16235
15,4,3731,fpga,cifar10,94.343330,5.936160,0.409166,16235
15,4,5111,fpga,cifar10,94.306660,5.193760,0.409166,16235
15,4,12438,fpga,cifar10,89.875000,1.648160,0.409166,16235
15,4,6111,fpga,cifar10,94.373340,6.678560,0.409166,16235
15,4,10431,fpga,cifar10,87.000000,1.542560,0.409166,16235
15,4,6584,fpga,cifar10,94.160000,4.163360,0.409166,16235
15,4,13987,fpga,cifar10,93.596664,3.420960,0.409166,16235
15,4,13714,fpga,cifar10,94.373340,6.678560,0.409166,16235
15,4,11525,fpga,cifar10,90.000000,2.057760,0.409166,16235
15,4,13611,fpga,cifar10,92.490000,2.390560,0.409166,16235
15,5,6854,pixel3,cifar10,91.040000,4.514220,0.730717,16171
15,5,2779,pixel3,cifar10,90.806660,3.102950,0.730717,16171
15,5,11972,pixel3,cifar10,91.510000,5.627010,0.730717,16171
15,5,7197,pixel3,cifar10,90.366670,2.447670,0.730717,16171
15,5,3731,pixel3,cifar10,94.343330,23.361300,0.730717,16171
15,5,1894,pixel3,cifar10,92.110000,5.778250,0.730717,16171
15,5,8592,pixel3,cifar10,93.750000,10.769800,0.730717,16171
15,5,6111,pixel3,cifar10,94.373340,23.584800,0.730717,16171
15,5,5111,pixel3,cifar10,94.306660,17.584600,0.730717,16171
15,5,2035,pixel3,cifar10,89.670000,1.706480,0.730717,16171
15,5,6382,pixel3,cifar10,93.376660,7.048190,0.730717,16171
15,5,8695,pixel3,cifar10,94.220000,17.564500,0.730717,16171
15,5,6434,pixel3,cifar10,91.080000,4.811140,0.730717,16171
15,5,6624,pixel3,cifar10,89.120000,1.670570,0.730717,16171
15,5,2018,pixel3,cifar10,94.063330,14.960500,0.730717,16171
15,5,13096,pixel3,cifar10,90.700000,2.666040,0.730717,16171
15,5,1943,pixel3,cifar10,93.116670,6.492030,0.730717,16171
15,5,13869,pixel3,cifar10,93.656670,10.634700,0.730717,16171
15,5,1781,pixel3,cifar10,89.883330,1.712020,0.730717,16171
15,5,4627,pixel3,cifar10,93.270000,7.036050,0.730717,16171
15,5,8323,pixel3,cifar10,90.870000,3.106420,0.730717,16171
15,5,1941,pixel3,cifar10,93.533330,9.128690,0.730717,16171
15,5,10689,pixel3,cifar10,90.790000,2.669770,0.730717,16171
15,5,7001,pixel3,cifar10,10.000000,0.003277,0.730717,16171
15,5,13171,pixel3,cifar10,93.530000,7.717220,0.730717,16171
15,5,12452,pixel3,cifar10,91.350000,5.590110,0.730717,16171
15,5,13987,pixel3,cifar10,93.596664,9.922680,0.730717,16171
15,5,6899,pixel3,cifar10,90.900000,3.961410,0.730717,16171
15,5,9230,pixel3,cifar10,86.580000,1.056760,0.730717,16171
15,5,6918,pixel3,cifar10,87.000000,1.478790,0.730717,16171
15,5,6330,pixel3,cifar10,94.006670,11.512400,0.730717,16171
15,5,1497,pixel3,cifar10,86.556660,1.056630,0.730717,16171
15,5,55,pixel3,cifar10,86.756670,1.057440,0.730717,16171
15,5,1804,pixel3,cifar10,89.063330,1.579900,0.730717,16171
15,5,11692,pixel3,cifar10,94.130000,15.490100,0.730717,16171
15,5,6584,pixel3,cifar10,94.160000,15.720300,0.730717,16171
15,5,5224,pixel3,cifar10,88.980000,1.570360,0.730717,16171
15,5,6985,pixel3,cifar10,89.940000,2.367450,0.730717,16171
15,5,7017,pixel3,cifar10,86.970000,1.403930,0.730717,16171
15,5,1416,pixel3,cifar10,89.546670,1.691430,0.730717,16171
15,5,25,pixel3,cifar10,86.540000,1.054570,0.730717,16171
15,5,8836,pixel3,cifar10,92.220000,6.313990,0.730717,16171
15,6,8008,raspi4,cifar10,93.480000,22.571420,0.637247,16103
15,6,11810,raspi4,cifar10,92.780000,18.619905,0.637247,16103
15,6,2035,raspi4,cifar10,89.670000,4.984099,0.637247,16103
15,6,11533,raspi4,cifar10,93.420000,21.715693,0.637247,16103
15,6,14677,raspi4,cifar10,88.670000,4.755260,0.637247,16103
15,6,1962,raspi4,cifar10,86.530000,2.529453,0.637247,16103
15,6,9380,raspi4,cifar10,89.335000,4.875613,0.637247,16103
15,6,8323,raspi4,cifar10,90.870000,7.426308,0.637247,16103
15,6,11692,raspi4,cifar10,94.130000,37.583630,0.637247,16103
15,6,9271,raspi4,cifar10,89.250000,4.830311,0.637247,16103
15,6,14565,raspi4,cifar10,88.880000,4.781183,0.637247,16103
15,6,6946,raspi4,cifar10,92.026665,16.686316,0.637247,16103
15,6,1690,raspi4,cifar10,86.646670,2.536549,0.637247,16103
15,6,8426,raspi4,cifar10,93.840000,31.394428,0.637247,16103
15,6,13611,raspi4,cifar10,92.490000,18.523302,0.637247,16103
15,6,5111,raspi4,cifar10,94.306660,41.756905,0.637247,16103
15,6,1941,raspi4,cifar10,93.533330,25.121769,0.637247,16103
15,6,10275,raspi4,cifar10,91.080000,9.993188,0.637247,16103
15,6,5780,raspi4,cifar10,93.980000,34.928463,0.637247,16103
15,6,6960,raspi4,cifar10,92.280000,17.162752,0.637247,16103
15,6,8592,raspi4,cifar10,93.750000,25.477009,0.637247,16103
15,6,10412,raspi4,cifar10,93.530000,25.079220,0.637247,16103
15,6,1804,raspi4,cifar10,89.063330,4.791845,0.637247,16103
15,6,6382,raspi4,cifar10,93.376660,21.461164,0.637247,16103
15,6,13846,raspi4,cifar10,90.720000,7.176163,0.637247,16103
15,6,6953,raspi4,cifar10,91.990000,15.601654,0.637247,16103
15,6,2058,raspi4,cifar10,93.270000,19.484835,0.637247,16103
15,6,7017,raspi4,cifar10,86.970000,2.544041,0.637247,16103
15,6,12504,raspi4,cifar10,92.130000,16.890614,0.637247,16103
15,6,6577,raspi4,cifar10,10.000000,0.011297,0.637247,16103
15,6,3731,raspi4,cifar10,94.343330,58.070793,0.637247,16103
15,6,6918,raspi4,cifar10,87.000000,2.787590,0.637247,16103
15,6,6111,raspi4,cifar10,94.373340,68.404106,0.637247,16103
15,6,11972,raspi4,cifar10,91.510000,12.403558,0.637247,16103
15,6,6584,raspi4,cifar10,94.160000,38.818527,0.637247,16103
15,6,12002,raspi4,cifar10,93.510000,24.816572,0.637247,16103
15,6,6985,raspi4,cifar10,89.940000,4.995646,0.637247,16103
15,7,1038,edgegpu,cifar100,67.500000,1.758428,0.479846,16447
15,7,4418,edgegpu,cifar100,72.746666,5.352364,0.479846,16447
15,7,11810,edgegpu,cifar100,68.300000,1.779551,0.479846,16447
15,7,2304,edgegpu,cifar100,58.660000,1.440253,0.479846,16447
15,7,9997,edgegpu,cifar100,71.520000,3.466139,0.479846,16447
15,7,6381,edgegpu,cifar100,66.800000,1.753340,0.479846,16447
15,7,4954,edgegpu,cifar100,73.000000,6.669736,0.479846,16447
15,7,1425,edgegpu,cifar100,72.093330,5.310225,0.479846,16447
15,7,9922,edgegpu,cifar100,58.560000,1.428552,0.479846,16447
15,7,9930,edgegpu,cifar100,73.513336,6.803060,0.479846,16447
15,7,1509,edgegpu,cifar100,1.000000,0.505853,0.479846,16447
15,7,2778,edgegpu,cifar100,72.993330,6.134028,0.479846,16447
15,7,8912,edgegpu,cifar100,59.200000,1.441355,0.479846,16447
15,7,3888,edgegpu,cifar100,73.260000,6.797867,0.479846,16447
15,7,11885,edgegpu,cifar100,68.040000,1.776652,0.479846,16447
15,7,8401,edgegpu,cifar100,71.080000,3.302102,0.479846,16447
15,7,6124,edgegpu,cifar100,68.360000,3.185835,0.479846,16447
15,7,12415,edgegpu,cifar100,71.940000,4.828467,0.479846,16447
15,7,14677,edgegpu,cifar100,62.420000,1.746187,0.479846,16447
15,8,10000,edgetpu,cifar100,73.160000,1.283461,0.559432,16066
15,8,898,edgetpu,cifar100,70.000000,0.636860,0.559432,16066
15,8,1383,edgetpu,cifar100,70.273330,0.673722,0.559432,16066
15,8,9930,edgetpu,cifar100,73.513336,1.454107,0.559432,16066
15,8,13829,edgetpu,cifar100,66.873340,0.485137,0.559432,16066
15,8,3303,edgetpu,cifar100,62.420000,0.392593,0.559432,16066
15,8,5019,edgetpu,cifar100,58.880000,0.357058,0.559432,16066
15,8,1110,edgetpu,cifar100,58.840000,0.355938,0.559432,16066
15,8,12415,edgetpu,cifar100,71.940000,0.872299,0.559432,16066
15,8,9271,edgetpu,cifar100,63.400000,0.393151,0.559432,16066
15,8,12761,edgetpu,cifar100,72.860000,1.225212,0.559432,16066
15,8,577,edgetpu,cifar100,69.680000,0.635228,0.559432,16066
15,8,777,edgetpu,cifar100,58.650000,0.355588,0.559432,16066
15,8,8638,edgetpu,cifar100,58.860000,0.356631,0.559432,16066
15,8,781,edgetpu,cifar100,67.960000,0.487922,0.559432,16066
15,8,9997,edgetpu,cifar100,71.520000,0.729986,0.559432,16066
15,8,4418,edgetpu,cifar100,72.746666,1.093699,0.559432,16066
15,8,1425,edgetpu,cifar100,72.093330,0.910660,0.559432,16066
15,8,2705,edgetpu,cifar100,62.813330,0.393026,0.559432,16066
15,8,12574,edgetpu,cifar100,72.740000,0.932430,0.559432,16066
15,8,8401,edgetpu,cifar100,71.080000,0.728572,0.559432,16066
15,8,11533,edgetpu,cifar100,69.760000,0.635877,0.559432,16066
15,8,3888,edgetpu,cifar100,73.260000,1.316226,0.559432,16066
15,8,8912,edgetpu,cifar100,59.200000,0.377698,0.559432,16066
15,8,14945,edgetpu,cifar100,58.500000,0.354940,0.559432,16066
15,8,797,edgetpu,cifar100,69.580000,0.633351,0.559432,16066
15,8,15363,edgetpu,cifar100,70.520000,0.676394,0.559432,16066
15,8,1943,edgetpu,cifar100,69.626660,0.634759,0.559432,16066
15,8,857,edgetpu,cifar100,72.880000,1.264168,0.559432,16066
15,8,4155,edgetpu,cifar100,62.306667,0.391442,0.559432,16066
15,8,69,edgetpu,cifar100,71.020000,0.727259,0.559432,16066
15,8,12607,edgetpu,cifar100,62.600000,0.392830,0.559432,16066
15,8,6946,edgetpu,cifar100,67.500000,0.486233,0.559432,16066
15,8,9541,edgetpu,cifar100,67.660000,0.486829,0.559432,16066
15,8,10443,edgetpu,cifar100,68.300000,0.489020,0.559432,16066
15,9,5651,eyeriss,cifar100,64.690000,1.928320,0.460380,16664
15,9,14714,eyeriss,cifar100,71.280000,4.140160,0.460380,16664
15,9,12820,eyeriss,cifar100,67.720000,2.419840,0.460380,16664
15,9,6925,eyeriss,cifar100,71.220000,3.894400,0.460380,16664
15,9,14112,eyeriss,cifar100,68.386665,2.911360,0.460380,16664
15,9,12761,eyeriss,cifar100,72.860000,6.352000,0.460380,16664
15,9,3888,eyeriss,cifar100,73.260000,6.597760,0.460380,16664
15,9,12574,eyeriss,cifar100,72.740000,5.123200,0.460380,16664
15,9,11973,eyeriss,cifar100,70.340000,3.402880,0.460380,16664
15,9,11301,eyeriss,cifar100,68.220000,2.665600,0.460380,16664
15,9,5084,eyeriss,cifar100,58.813330,1.682560,0.460380,16664
15,9,10689,eyeriss,cifar100,67.500000,2.174080,0.460380,16664
15,9,6787,eyeriss,cifar100,70.720000,3.648640,0.460380,16664
15,9,3540,eyeriss,cifar100,71.500000,4.877440,0.460380,16664
15,10,6830,fpga,cifar100,71.460000,4.057760,0.440255,16190
15,10,15033,fpga,cifar100,67.793335,2.390560,0.440255,16190
15,10,3888,fpga,cifar100,73.260000,5.936160,0.440255,16190
15,10,12574,fpga,cifar100,72.740000,4.678560,0.440255,16190
15,10,6925,fpga,cifar100,71.220000,3.936160,0.440255,16190
15,10,5651,fpga,cifar100,64.690000,1.648160,0.440255,16190
15,10,9930,fpga,cifar100,73.513336,7.420960,0.440255,16190
15,10,12761,fpga,cifar100,72.860000,5.420960,0.440255,16190
15,10,11973,fpga,cifar100,70.340000,2.905760,0.440255,16190
15,10,12295,fpga,cifar100,71.160000,3.648160,0.440255,16190
15,10,9997,fpga,cifar100,71.520000,4.572960,0.440255,16190
15,10,6787,fpga,cifar100,70.720000,3.420960,0.440255,16190
15,10,5033,fpga,cifar100,59.060000,1.542560,0.440255,16190
15,10,5084,fpga,cifar100,58.813330,1.132960,0.440255,16190
15,10,10689,fpga,cifar100,67.500000,2.163360,0.440255,16190
15,10,4249,fpga,cifar100,65.080000,2.057760,0.440255,16190
15,10,3540,fpga,cifar100,71.500000,4.163360,0.440255,16190
15,10,11979,fpga,cifar100,68.000000,2.800160,0.440255,16190
15,11,12574,pixel3,cifar100,72.740000,16.473900,0.635925,16380
15,11,724,pixel3,cifar100,67.053340,2.875650,0.635925,16380
15,11,11000,pixel3,cifar100,71.180000,10.677600,0.635925,16380
15,11,1416,pixel3,cifar100,64.493330,2.084060,0.635925,16380
15,11,1593,pixel3,cifar100,62.126667,1.582050,0.635925,16380
15,11,9930,pixel3,cifar100,73.513336,42.003600,0.635925,16380
15,11,1459,pixel3,cifar100,73.140000,23.437900,0.635925,16380
15,11,14112,pixel3,cifar100,68.386665,5.745320,0.635925,16380
15,11,8912,pixel3,cifar100,59.200000,1.478790,0.635925,16380
15,11,1090,pixel3,cifar100,65.220000,2.811310,0.635925,16380
15,11,1409,pixel3,cifar100,58.853333,1.275090,0.635925,16380
15,11,11973,pixel3,cifar100,70.340000,8.988510,0.635925,16380
15,11,8638,pixel3,cifar100,58.860000,1.478570,0.635925,16380
15,11,12970,pixel3,cifar100,68.140000,4.782110,0.635925,16380
15,11,857,pixel3,cifar100,72.880000,19.113200,0.635925,16380
15,11,15363,pixel3,cifar100,70.520000,9.708640,0.635925,16380
15,11,6787,pixel3,cifar100,70.720000,9.854430,0.635925,16380
15,11,485,pixel3,cifar100,67.593330,4.124800,0.635925,16380
15,11,5651,pixel3,cifar100,64.690000,2.376870,0.635925,16380
15,11,8323,pixel3,cifar100,67.080000,3.106340,0.635925,16380
15,11,858,pixel3,cifar100,64.133330,2.003500,0.635925,16380
15,11,11301,pixel3,cifar100,68.220000,5.352090,0.635925,16380
15,11,777,pixel3,cifar100,58.650000,1.087020,0.635925,16380
15,11,1450,pixel3,cifar100,70.506670,9.337360,0.635925,16380
15,11,6925,pixel3,cifar100,71.220000,10.688000,0.635925,16380
15,11,699,pixel3,cifar100,72.240000,12.079400,0.635925,16380
15,11,3888,pixel3,cifar100,73.260000,23.477200,0.635925,16380
15,11,10689,pixel3,cifar100,67.500000,3.109220,0.635925,16380
15,11,6337,pixel3,cifar100,1.000000,0.008753,0.635925,16380
15,11,10042,pixel3,cifar100,64.880000,2.794690,0.635925,16380
15,11,898,pixel3,cifar100,70.000000,6.516140,0.635925,16380
15,11,572,pixel3,cifar100,70.313330,8.017480,0.635925,16380
15,11,906,pixel3,cifar100,62.393333,1.661810,0.635925,16380
15,11,1558,pixel3,cifar100,64.020000,1.705220,0.635925,16380
15,12,9930,raspi4,cifar100,73.513336,71.152000,0.649623,16179
15,12,6925,raspi4,cifar100,71.220000,24.195030,0.649623,16179
15,12,14112,raspi4,cifar100,68.386665,14.423308,0.649623,16179
15,12,14792,raspi4,cifar100,69.500000,19.111843,0.649623,16179
15,12,10689,raspi4,cifar100,67.500000,7.381845,0.649623,16179
15,12,2222,raspi4,cifar100,58.313330,2.538255,0.649623,16179
15,12,14714,raspi4,cifar100,71.280000,24.692347,0.649623,16179
15,12,1459,raspi4,cifar100,73.140000,53.879950,0.649623,16179
15,12,10222,raspi4,cifar100,58.860000,2.747804,0.649623,16179
15,12,898,raspi4,cifar100,70.000000,21.506163,0.649623,16179
15,12,12915,raspi4,cifar100,66.950000,7.226311,0.649623,16179
15,12,6787,raspi4,cifar100,70.720000,23.081835,0.649623,16179
15,12,15363,raspi4,cifar100,70.520000,21.809430,0.649623,16179
15,12,4195,raspi4,cifar100,62.700000,4.877588,0.649623,16179
15,12,12761,raspi4,cifar100,72.860000,53.718200,0.649623,16179
15,12,15589,raspi4,cifar100,59.060000,2.795078,0.649623,16179
15,12,3888,raspi4,cifar100,73.260000,55.029520,0.649623,16179
15,12,10042,raspi4,cifar100,64.880000,5.100886,0.649623,16179
15,12,8912,raspi4,cifar100,59.200000,2.818969,0.649623,16179
15,12,13430,raspi4,cifar100,66.700000,7.203785,0.649623,16179
15,12,4418,raspi4,cifar100,72.746666,47.162354,0.649623,16179
15,12,9926,raspi4,cifar100,63.520000,4.999532,0.649623,16179
15,12,375,raspi4,cifar100,64.440000,5.099302,0.649623,16179
15,12,9997,raspi4,cifar100,71.520000,34.996710,0.649623,16179
15,12,2035,raspi4,cifar100,63.926666,5.005698,0.649623,16179
15,12,14612,raspi4,cifar100,58.720000,2.563505,0.649623,16179
15,12,3307,raspi4,cifar100,62.620000,4.846187,0.649623,16179
15,12,8740,raspi4,cifar100,1.000000,0.015215,0.649623,16179
15,12,6918,raspi4,cifar100,58.800000,2.571364,0.649623,16179
15,12,6177,raspi4,cifar100,62.373333,4.795128,0.649623,16179
15,12,355,raspi4,cifar100,69.860000,20.791758,0.649623,16179
15,12,7030,raspi4,cifar100,69.600000,19.218203,0.649623,16179
15,12,2058,raspi4,cifar100,69.613335,20.052132,0.649623,16179
15,12,3408,raspi4,cifar100,63.993332,5.081906,0.649623,16179
15,12,12574,raspi4,cifar100,72.740000,36.371254,0.649623,16179
15,12,3487,raspi4,cifar100,70.093330,21.603350,0.649623,16179
15,12,7891,raspi4,cifar100,67.550000,12.536592,0.649623,16179
15,12,6822,raspi4,cifar100,58.426666,2.558594,0.649623,16179
15,12,4409,raspi4,cifar100,67.173330,7.228629,0.649623,16179
15,12,5874,raspi4,cifar100,62.480000,4.810927,0.649623,16179
15,12,14811,raspi4,cifar100,69.680000,20.361189,0.649623,16179
15,12,13113,raspi4,cifar100,63.140000,4.941205,0.649623,16179
15,13,14840,edgegpu,ImageNet16-120,45.311110,4.224715,0.552728,16309
15,13,4988,edgegpu,ImageNet16-120,28.933332,1.448212,0.552728,16309
15,13,10947,edgegpu,ImageNet16-120,39.944443,1.909800,0.552728,16309
15,13,7760,edgegpu,ImageNet16-120,39.100000,1.743751,0.552728,16309
15,13,15376,edgegpu,ImageNet16-120,0.833333,0.533953,0.552728,16309
15,13,11217,edgegpu,ImageNet16-120,43.466667,3.316708,0.552728,16309
15,13,4946,edgegpu,ImageNet16-120,44.700000,3.490419,0.552728,16309
15,13,8426,edgegpu,ImageNet16-120,44.633335,3.370147,0.552728,16309
15,13,12415,edgegpu,ImageNet16-120,46.566666,4.667692,0.552728,16309
15,13,8884,edgegpu,ImageNet16-120,45.033333,3.499999,0.552728,16309
15,13,8401,edgegpu,ImageNet16-120,43.833332,3.322444,0.552728,16309
15,13,7187,edgegpu,ImageNet16-120,28.683332,1.443858,0.552728,16309
15,13,9722,edgegpu,ImageNet16-120,44.000000,3.327813,0.552728,16309
15,13,4160,edgegpu,ImageNet16-120,39.833332,1.756272,0.552728,16309
15,13,15159,edgegpu,ImageNet16-120,45.566666,4.632421,0.552728,16309
15,13,14117,edgegpu,ImageNet16-120,28.677778,1.435547,0.552728,16309
15,13,13760,edgegpu,ImageNet16-120,32.333332,1.739759,0.552728,16309
15,13,5751,edgegpu,ImageNet16-120,40.044445,2.434626,0.552728,16309
15,13,1164,edgegpu,ImageNet16-120,28.522223,1.435223,0.552728,16309
15,13,15288,edgegpu,ImageNet16-120,28.422222,1.417041,0.552728,16309
15,13,6950,edgegpu,ImageNet16-120,38.700000,1.740150,0.552728,16309
15,13,4587,edgegpu,ImageNet16-120,28.800000,1.445131,0.552728,16309
15,13,4332,edgegpu,ImageNet16-120,39.444443,1.745496,0.552728,16309
15,13,857,edgegpu,ImageNet16-120,47.311110,6.707663,0.552728,16309
15,13,12081,edgegpu,ImageNet16-120,40.233334,2.730479,0.552728,16309
15,13,9586,edgegpu,ImageNet16-120,46.933334,5.222673,0.552728,16309
15,13,14612,edgegpu,ImageNet16-120,28.488890,1.434064,0.552728,16309
15,13,13411,edgegpu,ImageNet16-120,31.855556,1.736240,0.552728,16309
15,13,15383,edgegpu,ImageNet16-120,47.033333,6.262836,0.552728,16309
15,13,2650,edgegpu,ImageNet16-120,42.433334,3.309817,0.552728,16309
15,13,454,edgegpu,ImageNet16-120,41.277780,3.303313,0.552728,16309
15,14,7357,edgetpu,ImageNet16-120,44.666668,0.600498,0.513740,15960
15,14,70,edgetpu,ImageNet16-120,39.377777,0.428228,0.513740,15960
15,14,9689,edgetpu,ImageNet16-120,42.533333,0.549702,0.513740,15960
15,14,13931,edgetpu,ImageNet16-120,28.788889,0.360349,0.513740,15960
15,14,11079,edgetpu,ImageNet16-120,43.566666,0.552430,0.513740,15960
15,14,6950,edgetpu,ImageNet16-120,38.700000,0.427379,0.513740,15960
15,14,4988,edgetpu,ImageNet16-120,28.933332,0.360694,0.513740,15960
15,14,7431,edgetpu,ImageNet16-120,32.577778,0.363954,0.513740,15960
15,14,4627,edgetpu,ImageNet16-120,43.500000,0.552306,0.513740,15960
15,14,11282,edgetpu,ImageNet16-120,39.633335,0.428409,0.513740,15960
15,14,15014,edgetpu,ImageNet16-120,28.266666,0.358110,0.513740,15960
15,14,5374,edgetpu,ImageNet16-120,46.766666,0.843987,0.513740,15960
15,14,3650,edgetpu,ImageNet16-120,43.866665,0.597881,0.513740,15960
15,14,8733,edgetpu,ImageNet16-120,46.600000,0.800426,0.513740,15960
15,14,10699,edgetpu,ImageNet16-120,46.833332,0.858130,0.513740,15960
15,14,10332,edgetpu,ImageNet16-120,40.033333,0.516152,0.513740,15960
15,14,10167,edgetpu,ImageNet16-120,39.944443,0.444058,0.513740,15960
15,14,857,edgetpu,ImageNet16-120,47.311110,0.997730,0.513740,15960
15,14,14840,edgetpu,ImageNet16-120,45.311110,0.666690,0.513740,15960
15,14,12415,edgetpu,ImageNet16-120,46.566666,0.710906,0.513740,15960
15,14,3540,edgetpu,ImageNet16-120,45.122223,0.648670,0.513740,15960
15,14,14655,edgetpu,ImageNet16-120,44.000000,0.599924,0.513740,15960
15,14,12231,edgetpu,ImageNet16-120,40.200000,0.518358,0.513740,15960
15,14,4830,edgetpu,ImageNet16-120,42.233334,0.549457,0.513740,15960
15,14,10017,edgetpu,ImageNet16-120,40.566666,0.524950,0.513740,15960
15,14,10888,edgetpu,ImageNet16-120,28.333334,0.359044,0.513740,15960
15,14,11885,edgetpu,ImageNet16-120,39.166668,0.427395,0.513740,15960
15,14,13769,edgetpu,ImageNet16-120,41.555557,0.549360,0.513740,15960
15,14,8884,edgetpu,ImageNet16-120,45.033333,0.615792,0.513740,15960
15,14,15107,edgetpu,ImageNet16-120,39.800000,0.430284,0.513740,15960
15,14,14677,edgetpu,ImageNet16-120,33.233334,0.364575,0.513740,15960
15,14,7273,edgetpu,ImageNet16-120,42.966667,0.550014,0.513740,15960
15,14,7750,edgetpu,ImageNet16-120,43.066666,0.551617,0.513740,15960
15,14,5751,edgetpu,ImageNet16-120,40.044445,0.516992,0.513740,15960
15,14,13972,edgetpu,ImageNet16-120,31.933332,0.363440,0.513740,15960
15,14,6520,edgetpu,ImageNet16-120,32.383335,0.363944,0.513740,15960
15,14,13097,edgetpu,ImageNet16-120,39.655556,0.428424,0.513740,15960
15,14,8781,edgetpu,ImageNet16-120,32.366665,0.363484,0.513740,15960
15,14,5530,edgetpu,ImageNet16-120,42.577778,0.549937,0.513740,15960
15,14,9586,edgetpu,ImageNet16-120,46.933334,0.981196,0.513740,15960
15,14,7396,edgetpu,ImageNet16-120,40.177776,0.517218,0.513740,15960
15,14,4160,edgetpu,ImageNet16-120,39.833332,0.430355,0.513740,15960
15,15,6854,eyeriss,ImageNet16-120,40.800000,0.668800,0.462662,16442
15,15,8008,eyeriss,ImageNet16-120,43.500000,0.853120,0.462662,16442
15,15,735,eyeriss,ImageNet16-120,38.544445,0.607360,0.462662,16442
15,15,1939,eyeriss,ImageNet16-120,45.077778,0.976000,0.462662,16442
15,15,8853,eyeriss,ImageNet16-120,45.600000,1.037440,0.462662,16442
15,15,6787,eyeriss,ImageNet16-120,44.400000,0.914560,0.462662,16442
15,15,2835,eyeriss,ImageNet16-120,38.222220,0.545920,0.462662,16442
15,15,4618,eyeriss,ImageNet16-120,28.544445,0.423040,0.462662,16442
15,15,14417,eyeriss,ImageNet16-120,45.900000,1.098880,0.462662,16442
15,15,15383,eyeriss,ImageNet16-120,47.033333,1.283200,0.462662,16442
15,15,857,eyeriss,ImageNet16-120,47.311110,1.651840,0.462662,16442
15,15,4829,eyeriss,ImageNet16-120,34.200000,0.484480,0.462662,16442
15,16,6787,fpga,ImageNet16-120,44.400000,0.969600,0.484690,16415
15,16,5793,fpga,ImageNet16-120,35.033333,0.517920,0.484690,16415
15,16,2835,fpga,ImageNet16-120,38.222220,0.546720,0.484690,16415
15,16,1939,fpga,ImageNet16-120,45.077778,1.062400,0.484690,16415
15,16,6854,fpga,ImageNet16-120,40.800000,0.809120,0.484690,16415
15,16,15446,fpga,ImageNet16-120,45.766666,1.116320,0.484690,16415
15,16,15383,fpga,ImageNet16-120,47.033333,1.504000,0.484690,16415
15,16,6868,fpga,ImageNet16-120,39.000000,0.649120,0.484690,16415
15,16,14417,fpga,ImageNet16-120,45.900000,1.276320,0.484690,16415
15,16,12452,fpga,ImageNet16-120,40.533333,0.780320,0.484690,16415
15,16,14748,fpga,ImageNet16-120,44.900000,0.995200,0.484690,16415
15,16,8008,fpga,ImageNet16-120,43.500000,0.876800,0.484690,16415
15,16,9805,fpga,ImageNet16-120,34.133335,0.415520,0.484690,16415
15,16,4988,fpga,ImageNet16-120,28.933332,0.284320,0.484690,16415
15,16,857,fpga,ImageNet16-120,47.311110,2.038400,0.484690,16415
15,17,13059,pixel3,ImageNet16-120,34.266666,0.668679,0.639919,16272
15,17,14417,pixel3,ImageNet16-120,45.900000,4.143030,0.639919,16272
15,17,735,pixel3,ImageNet16-120,38.544445,1.107950,0.639919,16272
15,17,3728,pixel3,ImageNet16-120,28.500000,0.422880,0.639919,16272
15,17,2018,pixel3,ImageNet16-120,46.433334,4.949210,0.639919,16272
15,17,10154,pixel3,ImageNet16-120,46.133335,4.783700,0.639919,16272
15,17,872,pixel3,ImageNet16-120,41.777780,2.465030,0.639919,16272
15,17,1939,pixel3,ImageNet16-120,45.077778,3.021500,0.639919,16272
15,17,12639,pixel3,ImageNet16-120,40.400000,1.304440,0.639919,16272
15,17,857,pixel3,ImageNet16-120,47.311110,6.686850,0.639919,16272
15,17,11000,pixel3,ImageNet16-120,44.866665,2.962520,0.639919,16272
15,17,6854,pixel3,ImageNet16-120,40.800000,1.621620,0.639919,16272
15,17,15383,pixel3,ImageNet16-120,47.033333,5.191720,0.639919,16272
15,17,2899,pixel3,ImageNet16-120,43.911110,2.701210,0.639919,16272
15,17,8683,pixel3,ImageNet16-120,44.200000,2.711960,0.639919,16272
15,17,11079,pixel3,ImageNet16-120,43.566666,2.479610,0.639919,16272
15,17,2835,pixel3,ImageNet16-120,38.222220,0.868646,0.639919,16272
15,17,1110,pixel3,ImageNet16-120,28.600000,0.423927,0.639919,16272
15,17,4587,pixel3,ImageNet16-120,28.800000,0.445767,0.639919,16272
15,17,4004,pixel3,ImageNet16-120,42.811110,2.467510,0.639919,16272
15,17,8954,pixel3,ImageNet16-120,28.733334,0.424855,0.639919,16272
15,17,1425,pixel3,ImageNet16-120,45.977780,4.619290,0.639919,16272
15,17,10340,pixel3,ImageNet16-120,31.522223,0.617772,0.639919,16272
15,17,4432,pixel3,ImageNet16-120,37.800000,0.861157,0.639919,16272
15,17,15446,pixel3,ImageNet16-120,45.766666,3.439380,0.639919,16272
15,17,4988,pixel3,ImageNet16-120,28.933332,0.485996,0.639919,16272
15,17,4675,pixel3,ImageNet16-120,33.100000,0.620036,0.639919,16272
15,17,12424,pixel3,ImageNet16-120,43.133330,2.470150,0.639919,16272
15,17,8584,pixel3,ImageNet16-120,34.088890,0.664046,0.639919,16272
15,17,4977,pixel3,ImageNet16-120,32.966667,0.617991,0.639919,16272
15,17,1549,pixel3,ImageNet16-120,28.655556,0.424747,0.639919,16272
15,17,1860,pixel3,ImageNet16-120,28.433332,0.422587,0.639919,16272
15,17,2050,pixel3,ImageNet16-120,0.833333,0.005526,0.639919,16272
15,17,4384,pixel3,ImageNet16-120,28.133333,0.421612,0.639919,16272
15,17,12452,pixel3,ImageNet16-120,40.533333,1.504410,0.639919,16272
15,17,6014,pixel3,ImageNet16-120,28.533333,0.423391,0.639919,16272
15,17,12466,pixel3,ImageNet16-120,46.100000,4.680280,0.639919,16272
15,17,758,pixel3,ImageNet16-120,28.333334,0.422134,0.639919,16272
15,17,898,pixel3,ImageNet16-120,42.466667,2.467210,0.639919,16272
15,17,1204,pixel3,ImageNet16-120,37.844444,0.864966,0.639919,16272
15,17,12516,pixel3,ImageNet16-120,32.083332,0.617816,0.639919,16272
15,18,8736,raspi4,ImageNet16-120,45.700000,6.658077,0.685686,16133
15,18,13931,raspi4,ImageNet16-120,28.788889,0.956195,0.685686,16133
15,18,9806,raspi4,ImageNet16-120,39.966667,3.162904,0.685686,16133
15,18,857,raspi4,ImageNet16-120,47.311110,9.020064,0.685686,16133
15,18,7187,raspi4,ImageNet16-120,28.683332,0.952790,0.685686,16133
15,18,11079,raspi4,ImageNet16-120,43.566666,3.802027,0.685686,16133
15,18,4995,raspi4,ImageNet16-120,42.166668,3.766336,0.685686,16133
15,18,1413,raspi4,ImageNet16-120,42.711113,3.788479,0.685686,16133
15,18,6336,raspi4,ImageNet16-120,39.366665,3.073392,0.685686,16133
15,18,10835,raspi4,ImageNet16-120,45.233334,6.632419,0.685686,16133
15,18,9032,raspi4,ImageNet16-120,38.016666,2.201532,0.685686,16133
15,18,11584,raspi4,ImageNet16-120,46.666668,8.014434,0.685686,16133
15,18,3782,raspi4,ImageNet16-120,41.866665,3.755286,0.685686,16133
15,18,2779,raspi4,ImageNet16-120,37.355556,2.190654,0.685686,16133
15,18,8355,raspi4,ImageNet16-120,39.666668,3.083286,0.685686,16133
15,18,3960,raspi4,ImageNet16-120,37.755554,2.197980,0.685686,16133
15,18,8584,raspi4,ImageNet16-120,34.088890,1.586268,0.685686,16133
15,18,219,raspi4,ImageNet16-120,42.500000,3.768475,0.685686,16133
15,18,14417,raspi4,ImageNet16-120,45.900000,6.948865,0.685686,16133
15,18,933,raspi4,ImageNet16-120,0.833333,0.011514,0.685686,16133
15,18,13771,raspi4,ImageNet16-120,32.744446,1.533813,0.685686,16133
15,18,14792,raspi4,ImageNet16-120,43.033333,3.792447,0.685686,16133
15,18,14750,raspi4,ImageNet16-120,32.933334,1.536700,0.685686,16133
15,18,4988,raspi4,ImageNet16-120,28.933332,1.003251,0.685686,16133
15,18,8733,raspi4,ImageNet16-120,46.600000,7.477213,0.685686,16133
15,18,14677,raspi4,ImageNet16-120,33.233334,1.537227,0.685686,16133
15,18,9496,raspi4,ImageNet16-120,38.200000,2.204048,0.685686,16133
15,18,6854,raspi4,ImageNet16-120,40.800000,3.661016,0.685686,16133
15,18,8884,raspi4,ImageNet16-120,45.033333,5.293177,0.685686,16133
15,18,12505,raspi4,ImageNet16-120,39.283333,3.062432,0.685686,16133
15,18,5455,raspi4,ImageNet16-120,32.611110,1.532377,0.685686,16133
15,18,11946,raspi4,ImageNet16-120,28.200000,0.940293,0.685686,16133
15,18,1939,raspi4,ImageNet16-120,45.077778,5.341908,0.685686,16133
15,18,7357,raspi4,ImageNet16-120,44.666668,4.480689,0.685686,16133
15,18,13059,raspi4,ImageNet16-120,34.266666,1.595651,0.685686,16133
15,18,5637,raspi4,ImageNet16-120,33.933334,1.580707,0.685686,16133
15,18,735,raspi4,ImageNet16-120,38.544445,2.911079,0.685686,16133
15,18,15383,raspi4,ImageNet16-120,47.033333,8.565354,0.685686,16133
15,18,15107,raspi4,ImageNet16-120,39.800000,3.083329,0.685686,16133
15,18,15363,raspi4,ImageNet16-120,44.333332,4.480516,0.685686,16133
15,18,1204,raspi4,ImageNet16-120,37.844444,2.199356,0.685686,16133
15,18,10017,raspi4,ImageNet16-120,40.566666,3.181383,0.685686,16133
15,18,5530,raspi4,ImageNet16-120,42.577778,3.785925,0.685686,16133
15,18,10472,raspi4,ImageNet16-120,39.633335,3.079679,0.685686,16133
15,18,6868,raspi4,ImageNet16-120,39.000000,2.982937,0.685686,16133
15,18,10167,raspi4,ImageNet16-120,39.944443,3.106316,0.685686,16133
15,18,1188,raspi4,ImageNet16-120,32.455555,1.526725,0.685686,16133
15,18,10217,raspi4,ImageNet16-120,45.100000,6.109362,0.685686,16133
15,18,8683,raspi4,ImageNet16-120,44.200000,4.462997,0.685686,16133
15,18,14697,raspi4,ImageNet16-120,33.900000,1.580382,0.685686,16133
16,1,11438,edgegpu,cifar10,92.500000,1.846719,0.564592,16441
16,1,5292,edgegpu,cifar10,94.293335,6.663151,0.564592,16441
16,1,561,edgegpu,cifar10,86.880000,1.451068,0.564592,16441
16,1,2090,edgegpu,cifar10,86.650000,1.437702,0.564592,16441
16,1,13401,edgegpu,cifar10,87.010000,1.457009,0.564592,16441
16,1,2776,edgegpu,cifar10,93.666664,3.331194,0.564592,16441
16,1,11692,edgegpu,cifar10,94.130000,4.708362,0.564592,16441
16,1,6960,edgegpu,cifar10,92.280000,1.764450,0.564592,16441
16,1,10484,edgegpu,cifar10,93.810000,3.354015,0.564592,16441
16,1,5780,edgegpu,cifar10,93.980000,3.361888,0.564592,16441
16,1,5400,edgegpu,cifar10,86.630000,1.427460,0.564592,16441
16,1,9099,edgegpu,cifar10,93.940000,3.357520,0.564592,16441
16,1,14407,edgegpu,cifar10,86.770000,1.440282,0.564592,16441
16,1,258,edgegpu,cifar10,93.640000,3.307109,0.564592,16441
16,1,6499,edgegpu,cifar10,93.645000,3.331041,0.564592,16441
16,1,1459,edgegpu,cifar10,94.296670,6.748991,0.564592,16441
16,1,6950,edgegpu,cifar10,92.000000,1.738467,0.564592,16441
16,1,6330,edgegpu,cifar10,94.006670,4.384699,0.564592,16441
16,1,13714,edgegpu,cifar10,94.373340,6.772180,0.564592,16441
16,1,1339,edgegpu,cifar10,92.136665,1.751881,0.564592,16441
16,1,14090,edgegpu,cifar10,92.086670,1.749086,0.564592,16441
16,1,2053,edgegpu,cifar10,94.206665,5.482254,0.564592,16441
16,1,14527,edgegpu,cifar10,86.765000,1.439619,0.564592,16441
16,1,11810,edgegpu,cifar10,92.780000,1.992798,0.564592,16441
16,1,15200,edgegpu,cifar10,10.000000,0.501385,0.564592,16441
16,2,5780,edgetpu,cifar10,93.980000,0.723967,0.541188,16008
16,2,8008,edgetpu,cifar10,93.480000,0.629746,0.541188,16008
16,2,11810,edgetpu,cifar10,92.780000,0.482879,0.541188,16008
16,2,9950,edgetpu,cifar10,93.840000,0.723767,0.541188,16008
16,2,6382,edgetpu,cifar10,93.376660,0.628638,0.541188,16008
16,2,9722,edgetpu,cifar10,93.540000,0.723575,0.541188,16008
16,2,11692,edgetpu,cifar10,94.130000,0.761100,0.541188,16008
16,2,2053,edgetpu,cifar10,94.206665,1.042178,0.541188,16008
16,2,11112,edgetpu,cifar10,92.110000,0.480732,0.541188,16008
16,2,797,edgetpu,cifar10,93.280000,0.627996,0.541188,16008
16,2,9689,edgetpu,cifar10,93.370000,0.628386,0.541188,16008
16,2,8192,edgetpu,cifar10,93.093330,0.627745,0.541188,16008
16,2,10293,edgetpu,cifar10,86.513336,0.352328,0.541188,16008
16,2,5111,edgetpu,cifar10,94.306660,1.152010,0.541188,16008
16,2,6918,edgetpu,cifar10,87.000000,0.375819,0.541188,16008
16,2,13714,edgetpu,cifar10,94.373340,1.377865,0.541188,16008
16,2,5647,edgetpu,cifar10,89.110000,0.389378,0.541188,16008
16,2,3731,edgetpu,cifar10,94.343330,1.282820,0.541188,16008
16,2,11438,edgetpu,cifar10,92.500000,0.482393,0.541188,16008
16,2,5258,edgetpu,cifar10,88.775000,0.388629,0.541188,16008
16,2,4161,edgetpu,cifar10,89.250000,0.391221,0.541188,16008
16,2,12439,edgetpu,cifar10,86.393330,0.352159,0.541188,16008
16,2,13611,edgetpu,cifar10,92.490000,0.481826,0.541188,16008
16,2,5946,edgetpu,cifar10,88.963330,0.389012,0.541188,16008
16,2,10683,edgetpu,cifar10,92.330000,0.481277,0.541188,16008
16,2,7017,edgetpu,cifar10,86.970000,0.353089,0.541188,16008
16,2,9380,edgetpu,cifar10,89.335000,0.395662,0.541188,16008
16,2,9817,edgetpu,cifar10,93.490000,0.723286,0.541188,16008
16,3,13714,eyeriss,cifar10,94.373340,7.823540,0.536001,16684
16,3,4384,eyeriss,cifar10,86.796670,1.679540,0.536001,16684
16,3,5111,eyeriss,cifar10,94.306660,5.365940,0.536001,16684
16,3,6899,eyeriss,cifar10,90.900000,2.416820,0.536001,16684
16,3,8323,eyeriss,cifar10,90.870000,2.171060,0.536001,16684
16,3,13987,eyeriss,cifar10,93.596664,3.645620,0.536001,16684
16,3,6854,eyeriss,cifar10,91.040000,2.662580,0.536001,16684
16,3,8592,eyeriss,cifar10,93.750000,3.891380,0.536001,16684
16,3,11472,eyeriss,cifar10,93.970000,4.628660,0.536001,16684
16,3,11692,eyeriss,cifar10,94.130000,4.874420,0.536001,16684
16,3,6111,eyeriss,cifar10,94.373340,7.823540,0.536001,16684
16,3,8008,eyeriss,cifar10,93.480000,3.399860,0.536001,16684
16,3,3731,eyeriss,cifar10,94.343330,6.594740,0.536001,16684
16,3,14112,eyeriss,cifar10,91.296670,2.908340,0.536001,16684
16,3,13611,eyeriss,cifar10,92.490000,3.154100,0.536001,16684
16,3,8720,eyeriss,cifar10,89.875000,1.925300,0.536001,16684
16,3,12438,eyeriss,cifar10,89.875000,1.925300,0.536001,16684
16,4,3731,fpga,cifar10,94.343330,5.936160,0.449147,16273
16,4,10412,fpga,cifar10,93.530000,3.420960,0.449147,16273
16,4,11472,fpga,cifar10,93.970000,3.648160,0.449147,16273
16,4,12438,fpga,cifar10,89.875000,1.648160,0.449147,16273
16,4,8008,fpga,cifar10,93.480000,2.905760,0.449147,16273
16,4,6111,fpga,cifar10,94.373340,6.678560,0.449147,16273
16,4,4384,fpga,cifar10,86.796670,1.132960,0.449147,16273
16,4,5111,fpga,cifar10,94.306660,5.193760,0.449147,16273
16,4,8323,fpga,cifar10,90.870000,2.163360,0.449147,16273
16,4,13714,fpga,cifar10,94.373340,6.678560,0.449147,16273
16,4,10431,fpga,cifar10,87.000000,1.542560,0.449147,16273
16,4,13611,fpga,cifar10,92.490000,2.390560,0.449147,16273
16,4,6584,fpga,cifar10,94.160000,4.163360,0.449147,16273
16,4,8720,fpga,cifar10,89.875000,1.648160,0.449147,16273
16,4,15295,fpga,cifar10,90.050000,2.057760,0.449147,16273
16,5,2779,pixel3,cifar10,90.806660,3.102950,0.668620,16266
16,5,4627,pixel3,cifar10,93.270000,7.036050,0.668620,16266
16,5,1781,pixel3,cifar10,89.883330,1.712020,0.668620,16266
16,5,7017,pixel3,cifar10,86.970000,1.403930,0.668620,16266
16,5,6999,pixel3,cifar10,93.820000,12.260900,0.668620,16266
16,5,8592,pixel3,cifar10,93.750000,10.769800,0.668620,16266
16,5,1941,pixel3,cifar10,93.533330,9.128690,0.668620,16266
16,5,1804,pixel3,cifar10,89.063330,1.579900,0.668620,16266
16,5,5149,pixel3,cifar10,92.090000,5.987440,0.668620,16266
16,5,3385,pixel3,cifar10,93.990000,13.656500,0.668620,16266
16,5,3731,pixel3,cifar10,94.343330,23.361300,0.668620,16266
16,5,6434,pixel3,cifar10,91.080000,4.811140,0.668620,16266
16,5,2018,pixel3,cifar10,94.063330,14.960500,0.668620,16266
16,5,13171,pixel3,cifar10,93.530000,7.717220,0.668620,16266
16,5,5111,pixel3,cifar10,94.306660,17.584600,0.668620,16266
16,5,11972,pixel3,cifar10,91.510000,5.627010,0.668620,16266
16,5,6899,pixel3,cifar10,90.900000,3.961410,0.668620,16266
16,5,6854,pixel3,cifar10,91.040000,4.514220,0.668620,16266
16,5,6382,pixel3,cifar10,93.376660,7.048190,0.668620,16266
16,5,6111,pixel3,cifar10,94.373340,23.584800,0.668620,16266
16,5,1631,pixel3,cifar10,89.506670,1.697120,0.668620,16266
16,5,9230,pixel3,cifar10,86.580000,1.056760,0.668620,16266
16,5,10689,pixel3,cifar10,90.790000,2.669770,0.668620,16266
16,5,6918,pixel3,cifar10,87.000000,1.478790,0.668620,16266
16,5,13869,pixel3,cifar10,93.656670,10.634700,0.668620,16266
16,5,7197,pixel3,cifar10,90.366670,2.447670,0.668620,16266
16,5,8695,pixel3,cifar10,94.220000,17.564500,0.668620,16266
16,5,7001,pixel3,cifar10,10.000000,0.003277,0.668620,16266
16,5,8323,pixel3,cifar10,90.870000,3.106420,0.668620,16266
16,5,1425,pixel3,cifar10,93.933334,12.536500,0.668620,16266
16,5,11692,pixel3,cifar10,94.130000,15.490100,0.668620,16266
16,5,13987,pixel3,cifar10,93.596664,9.922680,0.668620,16266
16,5,12452,pixel3,cifar10,91.350000,5.590110,0.668620,16266
16,5,2035,pixel3,cifar10,89.670000,1.706480,0.668620,16266
16,5,1943,pixel3,cifar10,93.116670,6.492030,0.668620,16266
16,5,6863,pixel3,cifar10,86.740000,1.229320,0.668620,16266
16,5,25,pixel3,cifar10,86.540000,1.054570,0.668620,16266
16,5,6985,pixel3,cifar10,89.940000,2.367450,0.668620,16266
16,5,78,pixel3,cifar10,91.933334,5.807870,0.668620,16266
16,5,7250,pixel3,cifar10,92.093330,6.320010,0.668620,16266
16,5,4554,pixel3,cifar10,86.670000,1.114880,0.668620,16266
16,5,1497,pixel3,cifar10,86.556660,1.056630,0.668620,16266
16,5,1778,pixel3,cifar10,92.180000,6.446230,0.668620,16266
16,5,5224,pixel3,cifar10,88.980000,1.570360,0.668620,16266
16,5,1196,pixel3,cifar10,92.020000,5.810240,0.668620,16266
16,6,14677,raspi4,cifar10,88.670000,4.755260,0.596696,16130
16,6,9380,raspi4,cifar10,89.335000,4.875613,0.596696,16130
16,6,1962,raspi4,cifar10,86.530000,2.529453,0.596696,16130
16,6,2058,raspi4,cifar10,93.270000,19.484835,0.596696,16130
16,6,11692,raspi4,cifar10,94.130000,37.583630,0.596696,16130
16,6,1804,raspi4,cifar10,89.063330,4.791845,0.596696,16130
16,6,13611,raspi4,cifar10,92.490000,18.523302,0.596696,16130
16,6,14565,raspi4,cifar10,88.880000,4.781183,0.596696,16130
16,6,6382,raspi4,cifar10,93.376660,21.461164,0.596696,16130
16,6,6953,raspi4,cifar10,91.990000,15.601654,0.596696,16130
16,6,6960,raspi4,cifar10,92.280000,17.162752,0.596696,16130
16,6,2035,raspi4,cifar10,89.670000,4.984099,0.596696,16130
16,6,8323,raspi4,cifar10,90.870000,7.426308,0.596696,16130
16,6,5111,raspi4,cifar10,94.306660,41.756905,0.596696,16130
16,6,1690,raspi4,cifar10,86.646670,2.536549,0.596696,16130
16,6,8008,raspi4,cifar10,93.480000,22.571420,0.596696,16130
16,6,8592,raspi4,cifar10,93.750000,25.477009,0.596696,16130
16,6,6946,raspi4,cifar10,92.026665,16.686316,0.596696,16130
16,6,6985,raspi4,cifar10,89.940000,4.995646,0.596696,16130
16,6,5780,raspi4,cifar10,93.980000,34.928463,0.596696,16130
16,6,1941,raspi4,cifar10,93.533330,25.121769,0.596696,16130
16,6,12505,raspi4,cifar10,92.150000,16.747276,0.596696,16130
16,6,13846,raspi4,cifar10,90.720000,7.176163,0.596696,16130
16,6,7017,raspi4,cifar10,86.970000,2.544041,0.596696,16130
16,6,6111,raspi4,cifar10,94.373340,68.404106,0.596696,16130
16,6,3731,raspi4,cifar10,94.343330,58.070793,0.596696,16130
16,6,11810,raspi4,cifar10,92.780000,18.619905,0.596696,16130
16,6,9271,raspi4,cifar10,89.250000,4.830311,0.596696,16130
16,6,11972,raspi4,cifar10,91.510000,12.403558,0.596696,16130
16,6,6577,raspi4,cifar10,10.000000,0.011297,0.596696,16130
16,6,8426,raspi4,cifar10,93.840000,31.394428,0.596696,16130
16,6,10275,raspi4,cifar10,91.080000,9.993188,0.596696,16130
16,6,10412,raspi4,cifar10,93.530000,25.079220,0.596696,16130
16,6,6584,raspi4,cifar10,94.160000,38.818527,0.596696,16130
16,6,4210,raspi4,cifar10,89.030000,4.782748,0.596696,16130
16,6,6918,raspi4,cifar10,87.000000,2.787590,0.596696,16130
16,6,11533,raspi4,cifar10,93.420000,21.715693,0.596696,16130
16,7,9922,edgegpu,cifar100,58.560000,1.428552,0.536259,16461
16,7,1038,edgegpu,cifar100,67.500000,1.758428,0.536259,16461
16,7,12415,edgegpu,cifar100,71.940000,4.828467,0.536259,16461
16,7,2304,edgegpu,cifar100,58.660000,1.440253,0.536259,16461
16,7,6124,edgegpu,cifar100,68.360000,3.185835,0.536259,16461
16,7,11885,edgegpu,cifar100,68.040000,1.776652,0.536259,16461
16,7,4418,edgegpu,cifar100,72.746666,5.352364,0.536259,16461
16,7,11067,edgegpu,cifar100,58.186670,1.427836,0.536259,16461
16,7,8401,edgegpu,cifar100,71.080000,3.302102,0.536259,16461
16,7,4954,edgegpu,cifar100,73.000000,6.669736,0.536259,16461
16,7,9930,edgegpu,cifar100,73.513336,6.803060,0.536259,16461
16,7,2778,edgegpu,cifar100,72.993330,6.134028,0.536259,16461
16,7,1425,edgegpu,cifar100,72.093330,5.310225,0.536259,16461
16,7,11810,edgegpu,cifar100,68.300000,1.779551,0.536259,16461
16,7,9997,edgegpu,cifar100,71.520000,3.466139,0.536259,16461
16,7,1509,edgegpu,cifar100,1.000000,0.505853,0.536259,16461
16,7,6381,edgegpu,cifar100,66.800000,1.753340,0.536259,16461
16,7,3888,edgegpu,cifar100,73.260000,6.797867,0.536259,16461
16,7,8912,edgegpu,cifar100,59.200000,1.441355,0.536259,16461
16,8,1996,edgetpu,cifar100,67.820000,0.486748,0.535623,16094
16,8,12415,edgetpu,cifar100,71.940000,0.872299,0.535623,16094
16,8,10443,edgetpu,cifar100,68.300000,0.489020,0.535623,16094
16,8,69,edgetpu,cifar100,71.020000,0.727259,0.535623,16094
16,8,8401,edgetpu,cifar100,71.080000,0.728572,0.535623,16094
16,8,14945,edgetpu,cifar100,58.500000,0.354940,0.535623,16094
16,8,15363,edgetpu,cifar100,70.520000,0.676394,0.535623,16094
16,8,898,edgetpu,cifar100,70.000000,0.636860,0.535623,16094
16,8,12761,edgetpu,cifar100,72.860000,1.225212,0.535623,16094
16,8,9930,edgetpu,cifar100,73.513336,1.454107,0.535623,16094
16,8,1943,edgetpu,cifar100,69.626660,0.634759,0.535623,16094
16,8,5019,edgetpu,cifar100,58.880000,0.357058,0.535623,16094
16,8,4155,edgetpu,cifar100,62.306667,0.391442,0.535623,16094
16,8,12607,edgetpu,cifar100,62.600000,0.392830,0.535623,16094
16,8,9271,edgetpu,cifar100,63.400000,0.393151,0.535623,16094
16,8,857,edgetpu,cifar100,72.880000,1.264168,0.535623,16094
16,8,11973,edgetpu,cifar100,70.340000,0.641728,0.535623,16094
16,8,12574,edgetpu,cifar100,72.740000,0.932430,0.535623,16094
16,8,1110,edgetpu,cifar100,58.840000,0.355938,0.535623,16094
16,8,6946,edgetpu,cifar100,67.500000,0.486233,0.535623,16094
16,8,1425,edgetpu,cifar100,72.093330,0.910660,0.535623,16094
16,8,4418,edgetpu,cifar100,72.746666,1.093699,0.535623,16094
16,8,3487,edgetpu,cifar100,70.093330,0.637182,0.535623,16094
16,8,9997,edgetpu,cifar100,71.520000,0.729986,0.535623,16094
16,8,577,edgetpu,cifar100,69.680000,0.635228,0.535623,16094
16,8,2705,edgetpu,cifar100,62.813330,0.393026,0.535623,16094
16,8,797,edgetpu,cifar100,69.580000,0.633351,0.535623,16094
16,8,10000,edgetpu,cifar100,73.160000,1.283461,0.535623,16094
16,8,8912,edgetpu,cifar100,59.200000,0.377698,0.535623,16094
16,8,8638,edgetpu,cifar100,58.860000,0.356631,0.535623,16094
16,8,777,edgetpu,cifar100,58.650000,0.355588,0.535623,16094
16,8,3303,edgetpu,cifar100,62.420000,0.392593,0.535623,16094
16,8,3888,edgetpu,cifar100,73.260000,1.316226,0.535623,16094
16,8,13829,edgetpu,cifar100,66.873340,0.485137,0.535623,16094
16,8,11533,edgetpu,cifar100,69.760000,0.635877,0.535623,16094
16,9,5084,eyeriss,cifar100,58.813330,1.682560,0.506837,16550
16,9,10689,eyeriss,cifar100,67.500000,2.174080,0.506837,16550
16,9,3888,eyeriss,cifar100,73.260000,6.597760,0.506837,16550
16,9,14112,eyeriss,cifar100,68.386665,2.911360,0.506837,16550
16,9,12820,eyeriss,cifar100,67.720000,2.419840,0.506837,16550
16,9,11301,eyeriss,cifar100,68.220000,2.665600,0.506837,16550
16,9,14714,eyeriss,cifar100,71.280000,4.140160,0.506837,16550
16,9,9930,eyeriss,cifar100,73.513336,9.055360,0.506837,16550
16,9,6925,eyeriss,cifar100,71.220000,3.894400,0.506837,16550
16,9,12574,eyeriss,cifar100,72.740000,5.123200,0.506837,16550
16,9,6787,eyeriss,cifar100,70.720000,3.648640,0.506837,16550
16,9,4659,eyeriss,cifar100,70.060000,3.402880,0.506837,16550
16,9,12761,eyeriss,cifar100,72.860000,6.352000,0.506837,16550
16,9,5651,eyeriss,cifar100,64.690000,1.928320,0.506837,16550
16,9,3540,eyeriss,cifar100,71.500000,4.877440,0.506837,16550
16,10,12761,fpga,cifar100,72.860000,5.420960,0.480977,16238
16,10,10689,fpga,cifar100,67.500000,2.163360,0.480977,16238
16,10,4249,fpga,cifar100,65.080000,2.057760,0.480977,16238
16,10,6925,fpga,cifar100,71.220000,3.936160,0.480977,16238
16,10,15033,fpga,cifar100,67.793335,2.390560,0.480977,16238
16,10,6787,fpga,cifar100,70.720000,3.420960,0.480977,16238
16,10,12295,fpga,cifar100,71.160000,3.648160,0.480977,16238
16,10,9930,fpga,cifar100,73.513336,7.420960,0.480977,16238
16,10,3888,fpga,cifar100,73.260000,5.936160,0.480977,16238
16,10,12574,fpga,cifar100,72.740000,4.678560,0.480977,16238
16,10,5033,fpga,cifar100,59.060000,1.542560,0.480977,16238
16,10,11973,fpga,cifar100,70.340000,2.905760,0.480977,16238
16,10,5084,fpga,cifar100,58.813330,1.132960,0.480977,16238
16,10,6830,fpga,cifar100,71.460000,4.057760,0.480977,16238
16,10,5651,fpga,cifar100,64.690000,1.648160,0.480977,16238
16,10,11979,fpga,cifar100,68.000000,2.800160,0.480977,16238
16,11,1450,pixel3,cifar100,70.506670,9.337360,0.580495,16259
16,11,11000,pixel3,cifar100,71.180000,10.677600,0.580495,16259
16,11,485,pixel3,cifar100,67.593330,4.124800,0.580495,16259
16,11,12970,pixel3,cifar100,68.140000,4.782110,0.580495,16259
16,11,724,pixel3,cifar100,67.053340,2.875650,0.580495,16259
16,11,12574,pixel3,cifar100,72.740000,16.473900,0.580495,16259
16,11,14112,pixel3,cifar100,68.386665,5.745320,0.580495,16259
16,11,1409,pixel3,cifar100,58.853333,1.275090,0.580495,16259
16,11,898,pixel3,cifar100,70.000000,6.516140,0.580495,16259
16,11,8638,pixel3,cifar100,58.860000,1.478570,0.580495,16259
16,11,6925,pixel3,cifar100,71.220000,10.688000,0.580495,16259
16,11,6787,pixel3,cifar100,70.720000,9.854430,0.580495,16259
16,11,6337,pixel3,cifar100,1.000000,0.008753,0.580495,16259
16,11,1416,pixel3,cifar100,64.493330,2.084060,0.580495,16259
16,11,11301,pixel3,cifar100,68.220000,5.352090,0.580495,16259
16,11,699,pixel3,cifar100,72.240000,12.079400,0.580495,16259
16,11,858,pixel3,cifar100,64.133330,2.003500,0.580495,16259
16,11,5651,pixel3,cifar100,64.690000,2.376870,0.580495,16259
16,11,15363,pixel3,cifar100,70.520000,9.708640,0.580495,16259
16,11,1090,pixel3,cifar100,65.220000,2.811310,0.580495,16259
16,11,3888,pixel3,cifar100,73.260000,23.477200,0.580495,16259
16,11,8323,pixel3,cifar100,67.080000,3.106340,0.580495,16259
16,11,8912,pixel3,cifar100,59.200000,1.478790,0.580495,16259
16,11,857,pixel3,cifar100,72.880000,19.113200,0.580495,16259
16,11,906,pixel3,cifar100,62.393333,1.661810,0.580495,16259
16,11,777,pixel3,cifar100,58.650000,1.087020,0.580495,16259
16,11,1558,pixel3,cifar100,64.020000,1.705220,0.580495,16259
16,11,1593,pixel3,cifar100,62.126667,1.582050,0.580495,16259
16,11,1459,pixel3,cifar100,73.140000,23.437900,0.580495,16259
16,11,10042,pixel3,cifar100,64.880000,2.794690,0.580495,16259
16,11,10689,pixel3,cifar100,67.500000,3.109220,0.580495,16259
16,11,11973,pixel3,cifar100,70.340000,8.988510,0.580495,16259
16,12,6925,raspi4,cifar100,71.220000,24.195030,0.584689,16268
16,12,14612,raspi4,cifar100,58.720000,2.563505,0.584689,16268
16,12,8912,raspi4,cifar100,59.200000,2.818969,0.584689,16268
16,12,12915,raspi4,cifar100,66.950000,7.226311,0.584689,16268
16,12,1572,raspi4,cifar100,69.900000,19.916142,0.584689,16268
16,12,898,raspi4,cifar100,70.000000,21.506163,0.584689,16268
16,12,2222,raspi4,cifar100,58.313330,2.538255,0.584689,16268
16,12,10222,raspi4,cifar100,58.860000,2.747804,0.584689,16268
16,12,1459,raspi4,cifar100,73.140000,53.879950,0.584689,16268
16,12,4409,raspi4,cifar100,67.173330,7.228629,0.584689,16268
16,12,14112,raspi4,cifar100,68.386665,14.423308,0.584689,16268
16,12,15363,raspi4,cifar100,70.520000,21.809430,0.584689,16268
16,12,6787,raspi4,cifar100,70.720000,23.081835,0.584689,16268
16,12,10042,raspi4,cifar100,64.880000,5.100886,0.584689,16268
16,12,12574,raspi4,cifar100,72.740000,36.371254,0.584689,16268
16,12,8740,raspi4,cifar100,1.000000,0.015215,0.584689,16268
16,12,13430,raspi4,cifar100,66.700000,7.203785,0.584689,16268
16,12,15589,raspi4,cifar100,59.060000,2.795078,0.584689,16268
16,12,4659,raspi4,cifar100,70.060000,21.672482,0.584689,16268
16,12,14714,raspi4,cifar100,71.280000,24.692347,0.584689,16268
16,12,4498,raspi4,cifar100,64.086670,5.022347,0.584689,16268
16,12,9926,raspi4,cifar100,63.520000,4.999532,0.584689,16268
16,12,3888,raspi4,cifar100,73.260000,55.029520,0.584689,16268
16,12,12761,raspi4,cifar100,72.860000,53.718200,0.584689,16268
16,12,2035,raspi4,cifar100,63.926666,5.005698,0.584689,16268
16,12,6918,raspi4,cifar100,58.800000,2.571364,0.584689,16268
16,12,14792,raspi4,cifar100,69.500000,19.111843,0.584689,16268
16,12,7030,raspi4,cifar100,69.600000,19.218203,0.584689,16268
16,12,10689,raspi4,cifar100,67.500000,7.381845,0.584689,16268
16,12,6822,raspi4,cifar100,58.426666,2.558594,0.584689,16268
16,12,9997,raspi4,cifar100,71.520000,34.996710,0.584689,16268
16,12,375,raspi4,cifar100,64.440000,5.099302,0.584689,16268
16,12,8720,raspi4,cifar100,64.130000,5.082239,0.584689,16268
16,12,4418,raspi4,cifar100,72.746666,47.162354,0.584689,16268
16,12,9930,raspi4,cifar100,73.513336,71.152000,0.584689,16268
16,12,9271,raspi4,cifar100,63.400000,4.800893,0.584689,16268
16,12,12607,raspi4,cifar100,62.600000,4.779045,0.584689,16268
16,13,7187,edgegpu,ImageNet16-120,28.683332,1.443858,0.598979,16264
16,13,14612,edgegpu,ImageNet16-120,28.488890,1.434064,0.598979,16264
16,13,12081,edgegpu,ImageNet16-120,40.233334,2.730479,0.598979,16264
16,13,10947,edgegpu,ImageNet16-120,39.944443,1.909800,0.598979,16264
16,13,14117,edgegpu,ImageNet16-120,28.677778,1.435547,0.598979,16264
16,13,4587,edgegpu,ImageNet16-120,28.800000,1.445131,0.598979,16264
16,13,9722,edgegpu,ImageNet16-120,44.000000,3.327813,0.598979,16264
16,13,12415,edgegpu,ImageNet16-120,46.566666,4.667692,0.598979,16264
16,13,7760,edgegpu,ImageNet16-120,39.100000,1.743751,0.598979,16264
16,13,15159,edgegpu,ImageNet16-120,45.566666,4.632421,0.598979,16264
16,13,8401,edgegpu,ImageNet16-120,43.833332,3.322444,0.598979,16264
16,13,4946,edgegpu,ImageNet16-120,44.700000,3.490419,0.598979,16264
16,13,4988,edgegpu,ImageNet16-120,28.933332,1.448212,0.598979,16264
16,13,8884,edgegpu,ImageNet16-120,45.033333,3.499999,0.598979,16264
16,13,15288,edgegpu,ImageNet16-120,28.422222,1.417041,0.598979,16264
16,13,8426,edgegpu,ImageNet16-120,44.633335,3.370147,0.598979,16264
16,13,4160,edgegpu,ImageNet16-120,39.833332,1.756272,0.598979,16264
16,13,6950,edgegpu,ImageNet16-120,38.700000,1.740150,0.598979,16264
16,13,4332,edgegpu,ImageNet16-120,39.444443,1.745496,0.598979,16264
16,13,9586,edgegpu,ImageNet16-120,46.933334,5.222673,0.598979,16264
16,13,11217,edgegpu,ImageNet16-120,43.466667,3.316708,0.598979,16264
16,13,15376,edgegpu,ImageNet16-120,0.833333,0.533953,0.598979,16264
16,13,2650,edgegpu,ImageNet16-120,42.433334,3.309817,0.598979,16264
16,13,1164,edgegpu,ImageNet16-120,28.522223,1.435223,0.598979,16264
16,13,13760,edgegpu,ImageNet16-120,32.333332,1.739759,0.598979,16264
16,13,454,edgegpu,ImageNet16-120,41.277780,3.303313,0.598979,16264
16,13,13411,edgegpu,ImageNet16-120,31.855556,1.736240,0.598979,16264
16,13,5751,edgegpu,ImageNet16-120,40.044445,2.434626,0.598979,16264
16,13,14840,edgegpu,ImageNet16-120,45.311110,4.224715,0.598979,16264
16,14,5530,edgetpu,ImageNet16-120,42.577778,0.549937,0.521200,15946
16,14,13097,edgetpu,ImageNet16-120,39.655556,0.428424,0.521200,15946
16,14,11885,edgetpu,ImageNet16-120,39.166668,0.427395,0.521200,15946
16,14,857,edgetpu,ImageNet16-120,47.311110,0.997730,0.521200,15946
16,14,5586,edgetpu,ImageNet16-120,40.811110,0.546420,0.521200,15946
16,14,15363,edgetpu,ImageNet16-120,44.333332,0.582280,0.521200,15946
16,14,3540,edgetpu,ImageNet16-120,45.122223,0.648670,0.521200,15946
16,14,15383,edgetpu,ImageNet16-120,47.033333,0.780914,0.521200,15946
16,14,4627,edgetpu,ImageNet16-120,43.500000,0.552306,0.521200,15946
16,14,4988,edgetpu,ImageNet16-120,28.933332,0.360694,0.521200,15946
16,14,13769,edgetpu,ImageNet16-120,41.555557,0.549360,0.521200,15946
16,14,8884,edgetpu,ImageNet16-120,45.033333,0.615792,0.521200,15946
16,14,15014,edgetpu,ImageNet16-120,28.266666,0.358110,0.521200,15946
16,14,12415,edgetpu,ImageNet16-120,46.566666,0.710906,0.521200,15946
16,14,7273,edgetpu,ImageNet16-120,42.966667,0.550014,0.521200,15946
16,14,13931,edgetpu,ImageNet16-120,28.788889,0.360349,0.521200,15946
16,14,7750,edgetpu,ImageNet16-120,43.066666,0.551617,0.521200,15946
16,14,4160,edgetpu,ImageNet16-120,39.833332,0.430355,0.521200,15946
16,14,10332,edgetpu,ImageNet16-120,40.033333,0.516152,0.521200,15946
16,14,4830,edgetpu,ImageNet16-120,42.233334,0.549457,0.521200,15946
16,14,12231,edgetpu,ImageNet16-120,40.200000,0.518358,0.521200,15946
16,14,9689,edgetpu,ImageNet16-120,42.533333,0.549702,0.521200,15946
16,14,11079,edgetpu,ImageNet16-120,43.566666,0.552430,0.521200,15946
16,14,5751,edgetpu,ImageNet16-120,40.044445,0.516992,0.521200,15946
16,14,14677,edgetpu,ImageNet16-120,33.233334,0.364575,0.521200,15946
16,14,70,edgetpu,ImageNet16-120,39.377777,0.428228,0.521200,15946
16,14,15107,edgetpu,ImageNet16-120,39.800000,0.430284,0.521200,15946
16,14,7396,edgetpu,ImageNet16-120,40.177776,0.517218,0.521200,15946
16,14,6950,edgetpu,ImageNet16-120,38.700000,0.427379,0.521200,15946
16,14,10017,edgetpu,ImageNet16-120,40.566666,0.524950,0.521200,15946
16,14,14662,edgetpu,ImageNet16-120,41.166668,0.547835,0.521200,15946
16,14,6520,edgetpu,ImageNet16-120,32.383335,0.363944,0.521200,15946
16,14,14840,edgetpu,ImageNet16-120,45.311110,0.666690,0.521200,15946
16,14,10167,edgetpu,ImageNet16-120,39.944443,0.444058,0.521200,15946
16,14,8781,edgetpu,ImageNet16-120,32.366665,0.363484,0.521200,15946
16,14,7357,edgetpu,ImageNet16-120,44.666668,0.600498,0.521200,15946
16,14,13972,edgetpu,ImageNet16-120,31.933332,0.363440,0.521200,15946
16,15,4829,eyeriss,ImageNet16-120,34.200000,0.484480,0.474179,16628
16,15,4618,eyeriss,ImageNet16-120,28.544445,0.423040,0.474179,16628
16,15,1939,eyeriss,ImageNet16-120,45.077778,0.976000,0.474179,16628
16,15,6787,eyeriss,ImageNet16-120,44.400000,0.914560,0.474179,16628
16,15,857,eyeriss,ImageNet16-120,47.311110,1.651840,0.474179,16628
16,15,6854,eyeriss,ImageNet16-120,40.800000,0.668800,0.474179,16628
16,15,8853,eyeriss,ImageNet16-120,45.600000,1.037440,0.474179,16628
16,15,15383,eyeriss,ImageNet16-120,47.033333,1.283200,0.474179,16628
16,15,735,eyeriss,ImageNet16-120,38.544445,0.607360,0.474179,16628
16,15,2835,eyeriss,ImageNet16-120,38.222220,0.545920,0.474179,16628
16,15,8008,eyeriss,ImageNet16-120,43.500000,0.853120,0.474179,16628
16,15,14417,eyeriss,ImageNet16-120,45.900000,1.098880,0.474179,16628
16,16,10017,fpga,ImageNet16-120,40.566666,0.784000,0.508974,16365
16,16,1939,fpga,ImageNet16-120,45.077778,1.062400,0.508974,16365
16,16,15446,fpga,ImageNet16-120,45.766666,1.116320,0.508974,16365
16,16,6854,fpga,ImageNet16-120,40.800000,0.809120,0.508974,16365
16,16,4988,fpga,ImageNet16-120,28.933332,0.284320,0.508974,16365
16,16,8008,fpga,ImageNet16-120,43.500000,0.876800,0.508974,16365
16,16,2835,fpga,ImageNet16-120,38.222220,0.546720,0.508974,16365
16,16,6787,fpga,ImageNet16-120,44.400000,0.969600,0.508974,16365
16,16,857,fpga,ImageNet16-120,47.311110,2.038400,0.508974,16365
16,16,4829,fpga,ImageNet16-120,34.200000,0.415520,0.508974,16365
16,16,15383,fpga,ImageNet16-120,47.033333,1.504000,0.508974,16365
16,16,5793,fpga,ImageNet16-120,35.033333,0.517920,0.508974,16365
16,16,14748,fpga,ImageNet16-120,44.900000,0.995200,0.508974,16365
16,16,6868,fpga,ImageNet16-120,39.000000,0.649120,0.508974,16365
16,16,12452,fpga,ImageNet16-120,40.533333,0.780320,0.508974,16365
16,16,14417,fpga,ImageNet16-120,45.900000,1.276320,0.508974,16365
16,17,1860,pixel3,ImageNet16-120,28.433332,0.422587,0.675078,16232
16,17,10154,pixel3,ImageNet16-120,46.133335,4.783700,0.675078,16232
16,17,857,pixel3,ImageNet16-120,47.311110,6.686850,0.675078,16232
16,17,15383,pixel3,ImageNet16-120,47.033333,5.191720,0.675078,16232
16,17,735,pixel3,ImageNet16-120,38.544445,1.107950,0.675078,16232
16,17,1204,pixel3,ImageNet16-120,37.844444,0.864966,0.675078,16232
16,17,1549,pixel3,ImageNet16-120,28.655556,0.424747,0.675078,16232
16,17,12424,pixel3,ImageNet16-120,43.133330,2.470150,0.675078,16232
16,17,1939,pixel3,ImageNet16-120,45.077778,3.021500,0.675078,16232
16,17,4432,pixel3,ImageNet16-120,37.800000,0.861157,0.675078,16232
16,17,8584,pixel3,ImageNet16-120,34.088890,0.664046,0.675078,16232
16,17,12452,pixel3,ImageNet16-120,40.533333,1.504410,0.675078,16232
16,17,6854,pixel3,ImageNet16-120,40.800000,1.621620,0.675078,16232
16,17,15446,pixel3,ImageNet16-120,45.766666,3.439380,0.675078,16232
16,17,4988,pixel3,ImageNet16-120,28.933332,0.485996,0.675078,16232
16,17,2018,pixel3,ImageNet16-120,46.433334,4.949210,0.675078,16232
16,17,758,pixel3,ImageNet16-120,28.333334,0.422134,0.675078,16232
16,17,12639,pixel3,ImageNet16-120,40.400000,1.304440,0.675078,16232
16,17,3043,pixel3,ImageNet16-120,33.100000,0.621954,0.675078,16232
16,17,2835,pixel3,ImageNet16-120,38.222220,0.868646,0.675078,16232
16,17,4977,pixel3,ImageNet16-120,32.966667,0.617991,0.675078,16232
16,17,2002,pixel3,ImageNet16-120,32.277780,0.617751,0.675078,16232
16,17,4384,pixel3,ImageNet16-120,28.133333,0.421612,0.675078,16232
16,17,11000,pixel3,ImageNet16-120,44.866665,2.962520,0.675078,16232
16,17,14417,pixel3,ImageNet16-120,45.900000,4.143030,0.675078,16232
16,17,4004,pixel3,ImageNet16-120,42.811110,2.467510,0.675078,16232
16,17,4587,pixel3,ImageNet16-120,28.800000,0.445767,0.675078,16232
16,17,3728,pixel3,ImageNet16-120,28.500000,0.422880,0.675078,16232
16,17,12466,pixel3,ImageNet16-120,46.100000,4.680280,0.675078,16232
16,17,898,pixel3,ImageNet16-120,42.466667,2.467210,0.675078,16232
16,17,6014,pixel3,ImageNet16-120,28.533333,0.423391,0.675078,16232
16,17,13756,pixel3,ImageNet16-120,0.833333,0.005289,0.675078,16232
16,17,1425,pixel3,ImageNet16-120,45.977780,4.619290,0.675078,16232
16,17,2899,pixel3,ImageNet16-120,43.911110,2.701210,0.675078,16232
16,17,3496,pixel3,ImageNet16-120,34.233334,0.670584,0.675078,16232
16,17,1110,pixel3,ImageNet16-120,28.600000,0.423927,0.675078,16232
16,17,8683,pixel3,ImageNet16-120,44.200000,2.711960,0.675078,16232
16,17,8954,pixel3,ImageNet16-120,28.733334,0.424855,0.675078,16232
16,17,12355,pixel3,ImageNet16-120,45.033333,2.989390,0.675078,16232
16,17,11079,pixel3,ImageNet16-120,43.566666,2.479610,0.675078,16232
16,18,6854,raspi4,ImageNet16-120,40.800000,3.661016,0.709500,16036
16,18,2779,raspi4,ImageNet16-120,37.355556,2.190654,0.709500,16036
16,18,7551,raspi4,ImageNet16-120,38.477780,2.950436,0.709500,16036
16,18,4995,raspi4,ImageNet16-120,42.166668,3.766336,0.709500,16036
16,18,10835,raspi4,ImageNet16-120,45.233334,6.632419,0.709500,16036
16,18,1939,raspi4,ImageNet16-120,45.077778,5.341908,0.709500,16036
16,18,13059,raspi4,ImageNet16-120,34.266666,1.595651,0.709500,16036
16,18,9032,raspi4,ImageNet16-120,38.016666,2.201532,0.709500,16036
16,18,219,raspi4,ImageNet16-120,42.500000,3.768475,0.709500,16036
16,18,3782,raspi4,ImageNet16-120,41.866665,3.755286,0.709500,16036
16,18,15107,raspi4,ImageNet16-120,39.800000,3.083329,0.709500,16036
16,18,15363,raspi4,ImageNet16-120,44.333332,4.480516,0.709500,16036
16,18,13931,raspi4,ImageNet16-120,28.788889,0.956195,0.709500,16036
16,18,14677,raspi4,ImageNet16-120,33.233334,1.537227,0.709500,16036
16,18,2018,raspi4,ImageNet16-120,46.433334,7.482383,0.709500,16036
16,18,6868,raspi4,ImageNet16-120,39.000000,2.982937,0.709500,16036
16,18,1413,raspi4,ImageNet16-120,42.711113,3.788479,0.709500,16036
16,18,3960,raspi4,ImageNet16-120,37.755554,2.197980,0.709500,16036
16,18,8683,raspi4,ImageNet16-120,44.200000,4.462997,0.709500,16036
16,18,5455,raspi4,ImageNet16-120,32.611110,1.532377,0.709500,16036
16,18,8884,raspi4,ImageNet16-120,45.033333,5.293177,0.709500,16036
16,18,1204,raspi4,ImageNet16-120,37.844444,2.199356,0.709500,16036
16,18,14750,raspi4,ImageNet16-120,32.933334,1.536700,0.709500,16036
16,18,11079,raspi4,ImageNet16-120,43.566666,3.802027,0.709500,16036
16,18,8736,raspi4,ImageNet16-120,45.700000,6.658077,0.709500,16036
16,18,10217,raspi4,ImageNet16-120,45.100000,6.109362,0.709500,16036
16,18,933,raspi4,ImageNet16-120,0.833333,0.011514,0.709500,16036
16,18,4988,raspi4,ImageNet16-120,28.933332,1.003251,0.709500,16036
16,18,13771,raspi4,ImageNet16-120,32.744446,1.533813,0.709500,16036
16,18,1188,raspi4,ImageNet16-120,32.455555,1.526725,0.709500,16036
16,18,10017,raspi4,ImageNet16-120,40.566666,3.181383,0.709500,16036
16,18,7187,raspi4,ImageNet16-120,28.683332,0.952790,0.709500,16036
16,18,857,raspi4,ImageNet16-120,47.311110,9.020064,0.709500,16036
16,18,11946,raspi4,ImageNet16-120,28.200000,0.940293,0.709500,16036
16,18,10167,raspi4,ImageNet16-120,39.944443,3.106316,0.709500,16036
16,18,14792,raspi4,ImageNet16-120,43.033333,3.792447,0.709500,16036
16,18,15383,raspi4,ImageNet16-120,47.033333,8.565354,0.709500,16036
16,18,8355,raspi4,ImageNet16-120,39.666668,3.083286,0.709500,16036
16,18,8584,raspi4,ImageNet16-120,34.088890,1.586268,0.709500,16036
16,18,9496,raspi4,ImageNet16-120,38.200000,2.204048,0.709500,16036
16,18,11584,raspi4,ImageNet16-120,46.666668,8.014434,0.709500,16036
16,18,12358,raspi4,ImageNet16-120,34.055557,1.582727,0.709500,16036
16,18,14417,raspi4,ImageNet16-120,45.900000,6.948865,0.709500,16036
16,18,5530,raspi4,ImageNet16-120,42.577778,3.785925,0.709500,16036
16,18,7357,raspi4,ImageNet16-120,44.666668,4.480689,0.709500,16036
16,18,7227,raspi4,ImageNet16-120,32.533333,1.530737,0.709500,16036
16,18,10472,raspi4,ImageNet16-120,39.633335,3.079679,0.709500,16036
16,18,14697,raspi4,ImageNet16-120,33.900000,1.580382,0.709500,16036
16,18,12505,raspi4,ImageNet16-120,39.283333,3.062432,0.709500,16036
16,18,6336,raspi4,ImageNet16-120,39.366665,3.073392,0.709500,16036
17,1,9099,edgegpu,cifar10,93.940000,3.357520,0.517904,16418
17,1,561,edgegpu,cifar10,86.880000,1.451068,0.517904,16418
17,1,6960,edgegpu,cifar10,92.280000,1.764450,0.517904,16418
17,1,6499,edgegpu,cifar10,93.645000,3.331041,0.517904,16418
17,1,11810,edgegpu,cifar10,92.780000,1.992798,0.517904,16418
17,1,5780,edgegpu,cifar10,93.980000,3.361888,0.517904,16418
17,1,2776,edgegpu,cifar10,93.666664,3.331194,0.517904,16418
17,1,5292,edgegpu,cifar10,94.293335,6.663151,0.517904,16418
17,1,14527,edgegpu,cifar10,86.765000,1.439619,0.517904,16418
17,1,14407,edgegpu,cifar10,86.770000,1.440282,0.517904,16418
17,1,258,edgegpu,cifar10,93.640000,3.307109,0.517904,16418
17,1,2090,edgegpu,cifar10,86.650000,1.437702,0.517904,16418
17,1,11692,edgegpu,cifar10,94.130000,4.708362,0.517904,16418
17,1,13401,edgegpu,cifar10,87.010000,1.457009,0.517904,16418
17,1,14090,edgegpu,cifar10,92.086670,1.749086,0.517904,16418
17,1,1339,edgegpu,cifar10,92.136665,1.751881,0.517904,16418
17,1,10484,edgegpu,cifar10,93.810000,3.354015,0.517904,16418
17,1,13714,edgegpu,cifar10,94.373340,6.772180,0.517904,16418
17,1,15200,edgegpu,cifar10,10.000000,0.501385,0.517904,16418
17,1,1459,edgegpu,cifar10,94.296670,6.748991,0.517904,16418
17,1,2053,edgegpu,cifar10,94.206665,5.482254,0.517904,16418
17,1,5400,edgegpu,cifar10,86.630000,1.427460,0.517904,16418
17,1,6950,edgegpu,cifar10,92.000000,1.738467,0.517904,16418
17,1,11438,edgegpu,cifar10,92.500000,1.846719,0.517904,16418
17,1,6330,edgegpu,cifar10,94.006670,4.384699,0.517904,16418
17,2,8008,edgetpu,cifar10,93.480000,0.629746,0.536476,16001
17,2,13714,edgetpu,cifar10,94.373340,1.377865,0.536476,16001
17,2,10683,edgetpu,cifar10,92.330000,0.481277,0.536476,16001
17,2,2053,edgetpu,cifar10,94.206665,1.042178,0.536476,16001
17,2,11692,edgetpu,cifar10,94.130000,0.761100,0.536476,16001
17,2,8192,edgetpu,cifar10,93.093330,0.627745,0.536476,16001
17,2,6382,edgetpu,cifar10,93.376660,0.628638,0.536476,16001
17,2,11438,edgetpu,cifar10,92.500000,0.482393,0.536476,16001
17,2,4161,edgetpu,cifar10,89.250000,0.391221,0.536476,16001
17,2,12439,edgetpu,cifar10,86.393330,0.352159,0.536476,16001
17,2,5111,edgetpu,cifar10,94.306660,1.152010,0.536476,16001
17,2,7017,edgetpu,cifar10,86.970000,0.353089,0.536476,16001
17,2,3731,edgetpu,cifar10,94.343330,1.282820,0.536476,16001
17,2,11112,edgetpu,cifar10,92.110000,0.480732,0.536476,16001
17,2,11810,edgetpu,cifar10,92.780000,0.482879,0.536476,16001
17,2,13611,edgetpu,cifar10,92.490000,0.481826,0.536476,16001
17,2,10293,edgetpu,cifar10,86.513336,0.352328,0.536476,16001
17,2,9689,edgetpu,cifar10,93.370000,0.628386,0.536476,16001
17,2,6918,edgetpu,cifar10,87.000000,0.375819,0.536476,16001
17,2,797,edgetpu,cifar10,93.280000,0.627996,0.536476,16001
17,2,5780,edgetpu,cifar10,93.980000,0.723967,0.536476,16001
17,2,9950,edgetpu,cifar10,93.840000,0.723767,0.536476,16001
17,2,5647,edgetpu,cifar10,89.110000,0.389378,0.536476,16001
17,2,9380,edgetpu,cifar10,89.335000,0.395662,0.536476,16001
17,2,3927,edgetpu,cifar10,93.626660,0.723268,0.536476,16001
17,2,15000,edgetpu,cifar10,92.400000,0.481741,0.536476,16001
17,2,5258,edgetpu,cifar10,88.775000,0.388629,0.536476,16001
17,3,6899,eyeriss,cifar10,90.900000,2.416820,0.472045,16431
17,3,11472,eyeriss,cifar10,93.970000,4.628660,0.472045,16431
17,3,8323,eyeriss,cifar10,90.870000,2.171060,0.472045,16431
17,3,14112,eyeriss,cifar10,91.296670,2.908340,0.472045,16431
17,3,6111,eyeriss,cifar10,94.373340,7.823540,0.472045,16431
17,3,8592,eyeriss,cifar10,93.750000,3.891380,0.472045,16431
17,3,4384,eyeriss,cifar10,86.796670,1.679540,0.472045,16431
17,3,8008,eyeriss,cifar10,93.480000,3.399860,0.472045,16431
17,3,5111,eyeriss,cifar10,94.306660,5.365940,0.472045,16431
17,3,6854,eyeriss,cifar10,91.040000,2.662580,0.472045,16431
17,3,3731,eyeriss,cifar10,94.343330,6.594740,0.472045,16431
17,3,13611,eyeriss,cifar10,92.490000,3.154100,0.472045,16431
17,3,10412,eyeriss,cifar10,93.530000,3.645620,0.472045,16431
17,3,13714,eyeriss,cifar10,94.373340,7.823540,0.472045,16431
17,3,12438,eyeriss,cifar10,89.875000,1.925300,0.472045,16431
17,3,6584,eyeriss,cifar10,94.160000,4.874420,0.472045,16431
17,4,11692,fpga,cifar10,94.130000,4.163360,0.441421,16233
17,4,8008,fpga,cifar10,93.480000,2.905760,0.441421,16233
17,4,6111,fpga,cifar10,94.373340,6.678560,0.441421,16233
17,4,13987,fpga,cifar10,93.596664,3.420960,0.441421,16233
17,4,8720,fpga,cifar10,89.875000,1.648160,0.441421,16233
17,4,12438,fpga,cifar10,89.875000,1.648160,0.441421,16233
17,4,13714,fpga,cifar10,94.373340,6.678560,0.441421,16233
17,4,8323,fpga,cifar10,90.870000,2.163360,0.441421,16233
17,4,11472,fpga,cifar10,93.970000,3.648160,0.441421,16233
17,4,5111,fpga,cifar10,94.306660,5.193760,0.441421,16233
17,4,3731,fpga,cifar10,94.343330,5.936160,0.441421,16233
17,4,4384,fpga,cifar10,86.796670,1.132960,0.441421,16233
17,4,11525,fpga,cifar10,90.000000,2.057760,0.441421,16233
17,4,10431,fpga,cifar10,87.000000,1.542560,0.441421,16233
17,4,6960,fpga,cifar10,92.280000,2.390560,0.441421,16233
17,5,2779,pixel3,cifar10,90.806660,3.102950,0.667462,16339
17,5,9230,pixel3,cifar10,86.580000,1.056760,0.667462,16339
17,5,4627,pixel3,cifar10,93.270000,7.036050,0.667462,16339
17,5,10689,pixel3,cifar10,90.790000,2.669770,0.667462,16339
17,5,1781,pixel3,cifar10,89.883330,1.712020,0.667462,16339
17,5,1631,pixel3,cifar10,89.506670,1.697120,0.667462,16339
17,5,6434,pixel3,cifar10,91.080000,4.811140,0.667462,16339
17,5,7017,pixel3,cifar10,86.970000,1.403930,0.667462,16339
17,5,6899,pixel3,cifar10,90.900000,3.961410,0.667462,16339
17,5,6854,pixel3,cifar10,91.040000,4.514220,0.667462,16339
17,5,8708,pixel3,cifar10,94.080000,12.839000,0.667462,16339
17,5,8592,pixel3,cifar10,93.750000,10.769800,0.667462,16339
17,5,11972,pixel3,cifar10,91.510000,5.627010,0.667462,16339
17,5,6382,pixel3,cifar10,93.376660,7.048190,0.667462,16339
17,5,13987,pixel3,cifar10,93.596664,9.922680,0.667462,16339
17,5,8836,pixel3,cifar10,92.220000,6.313990,0.667462,16339
17,5,11692,pixel3,cifar10,94.130000,15.490100,0.667462,16339
17,5,1941,pixel3,cifar10,93.533330,9.128690,0.667462,16339
17,5,6111,pixel3,cifar10,94.373340,23.584800,0.667462,16339
17,5,5111,pixel3,cifar10,94.306660,17.584600,0.667462,16339
17,5,78,pixel3,cifar10,91.933334,5.807870,0.667462,16339
17,5,13171,pixel3,cifar10,93.530000,7.717220,0.667462,16339
17,5,1425,pixel3,cifar10,93.933334,12.536500,0.667462,16339
17,5,6985,pixel3,cifar10,89.940000,2.367450,0.667462,16339
17,5,5149,pixel3,cifar10,92.090000,5.987440,0.667462,16339
17,5,13869,pixel3,cifar10,93.656670,10.634700,0.667462,16339
17,5,8323,pixel3,cifar10,90.870000,3.106420,0.667462,16339
17,5,3731,pixel3,cifar10,94.343330,23.361300,0.667462,16339
17,5,6999,pixel3,cifar10,93.820000,12.260900,0.667462,16339
17,5,1943,pixel3,cifar10,93.116670,6.492030,0.667462,16339
17,5,2035,pixel3,cifar10,89.670000,1.706480,0.667462,16339
17,5,7197,pixel3,cifar10,90.366670,2.447670,0.667462,16339
17,5,7001,pixel3,cifar10,10.000000,0.003277,0.667462,16339
17,5,1497,pixel3,cifar10,86.556660,1.056630,0.667462,16339
17,5,70,pixel3,cifar10,91.983330,5.810430,0.667462,16339
17,5,8695,pixel3,cifar10,94.220000,17.564500,0.667462,16339
17,5,4398,pixel3,cifar10,92.073330,5.828150,0.667462,16339
17,5,6918,pixel3,cifar10,87.000000,1.478790,0.667462,16339
17,5,12452,pixel3,cifar10,91.350000,5.590110,0.667462,16339
17,5,55,pixel3,cifar10,86.756670,1.057440,0.667462,16339
17,5,1804,pixel3,cifar10,89.063330,1.579900,0.667462,16339
17,5,6470,pixel3,cifar10,92.000000,5.826540,0.667462,16339
17,5,5224,pixel3,cifar10,88.980000,1.570360,0.667462,16339
17,6,6918,raspi4,cifar10,87.000000,2.787590,0.665432,16182
17,6,1690,raspi4,cifar10,86.646670,2.536549,0.665432,16182
17,6,2035,raspi4,cifar10,89.670000,4.984099,0.665432,16182
17,6,2058,raspi4,cifar10,93.270000,19.484835,0.665432,16182
17,6,11692,raspi4,cifar10,94.130000,37.583630,0.665432,16182
17,6,11533,raspi4,cifar10,93.420000,21.715693,0.665432,16182
17,6,14677,raspi4,cifar10,88.670000,4.755260,0.665432,16182
17,6,8426,raspi4,cifar10,93.840000,31.394428,0.665432,16182
17,6,5111,raspi4,cifar10,94.306660,41.756905,0.665432,16182
17,6,11810,raspi4,cifar10,92.780000,18.619905,0.665432,16182
17,6,8008,raspi4,cifar10,93.480000,22.571420,0.665432,16182
17,6,12505,raspi4,cifar10,92.150000,16.747276,0.665432,16182
17,6,5780,raspi4,cifar10,93.980000,34.928463,0.665432,16182
17,6,12385,raspi4,cifar10,91.990000,16.485830,0.665432,16182
17,6,6960,raspi4,cifar10,92.280000,17.162752,0.665432,16182
17,6,9380,raspi4,cifar10,89.335000,4.875613,0.665432,16182
17,6,6382,raspi4,cifar10,93.376660,21.461164,0.665432,16182
17,6,14565,raspi4,cifar10,88.880000,4.781183,0.665432,16182
17,6,13611,raspi4,cifar10,92.490000,18.523302,0.665432,16182
17,6,6111,raspi4,cifar10,94.373340,68.404106,0.665432,16182
17,6,8323,raspi4,cifar10,90.870000,7.426308,0.665432,16182
17,6,9271,raspi4,cifar10,89.250000,4.830311,0.665432,16182
17,6,1804,raspi4,cifar10,89.063330,4.791845,0.665432,16182
17,6,7407,raspi4,cifar10,93.510000,24.855400,0.665432,16182
17,6,1941,raspi4,cifar10,93.533330,25.121769,0.665432,16182
17,6,1962,raspi4,cifar10,86.530000,2.529453,0.665432,16182
17,6,8592,raspi4,cifar10,93.750000,25.477009,0.665432,16182
17,6,6868,raspi4,cifar10,90.880000,10.226877,0.665432,16182
17,6,7017,raspi4,cifar10,86.970000,2.544041,0.665432,16182
17,6,12238,raspi4,cifar10,91.690000,16.046099,0.665432,16182
17,6,3731,raspi4,cifar10,94.343330,58.070793,0.665432,16182
17,6,11972,raspi4,cifar10,91.510000,12.403558,0.665432,16182
17,6,9980,raspi4,cifar10,10.000000,0.011284,0.665432,16182
17,6,6985,raspi4,cifar10,89.940000,4.995646,0.665432,16182
17,6,4210,raspi4,cifar10,89.030000,4.782748,0.665432,16182
17,6,13846,raspi4,cifar10,90.720000,7.176163,0.665432,16182
17,6,12639,raspi4,cifar10,90.990000,11.857850,0.665432,16182
17,7,11810,edgegpu,cifar100,68.300000,1.779551,0.486111,16392
17,7,2304,edgegpu,cifar100,58.660000,1.440253,0.486111,16392
17,7,8401,edgegpu,cifar100,71.080000,3.302102,0.486111,16392
17,7,3888,edgegpu,cifar100,73.260000,6.797867,0.486111,16392
17,7,6381,edgegpu,cifar100,66.800000,1.753340,0.486111,16392
17,7,12415,edgegpu,cifar100,71.940000,4.828467,0.486111,16392
17,7,11067,edgegpu,cifar100,58.186670,1.427836,0.486111,16392
17,7,1425,edgegpu,cifar100,72.093330,5.310225,0.486111,16392
17,7,1038,edgegpu,cifar100,67.500000,1.758428,0.486111,16392
17,7,9922,edgegpu,cifar100,58.560000,1.428552,0.486111,16392
17,7,9997,edgegpu,cifar100,71.520000,3.466139,0.486111,16392
17,7,4418,edgegpu,cifar100,72.746666,5.352364,0.486111,16392
17,7,4954,edgegpu,cifar100,73.000000,6.669736,0.486111,16392
17,7,9930,edgegpu,cifar100,73.513336,6.803060,0.486111,16392
17,7,1509,edgegpu,cifar100,1.000000,0.505853,0.486111,16392
17,7,2778,edgegpu,cifar100,72.993330,6.134028,0.486111,16392
17,7,11885,edgegpu,cifar100,68.040000,1.776652,0.486111,16392
17,7,8912,edgegpu,cifar100,59.200000,1.441355,0.486111,16392
17,7,6124,edgegpu,cifar100,68.360000,3.185835,0.486111,16392
17,7,14677,edgegpu,cifar100,62.420000,1.746187,0.486111,16392
17,8,1996,edgetpu,cifar100,67.820000,0.486748,0.557297,16032
17,8,8401,edgetpu,cifar100,71.080000,0.728572,0.557297,16032
17,8,1425,edgetpu,cifar100,72.093330,0.910660,0.557297,16032
17,8,8638,edgetpu,cifar100,58.860000,0.356631,0.557297,16032
17,8,5019,edgetpu,cifar100,58.880000,0.357058,0.557297,16032
17,8,797,edgetpu,cifar100,69.580000,0.633351,0.557297,16032
17,8,9997,edgetpu,cifar100,71.520000,0.729986,0.557297,16032
17,8,12415,edgetpu,cifar100,71.940000,0.872299,0.557297,16032
17,8,1110,edgetpu,cifar100,58.840000,0.355938,0.557297,16032
17,8,9271,edgetpu,cifar100,63.400000,0.393151,0.557297,16032
17,8,4659,edgetpu,cifar100,70.060000,0.636433,0.557297,16032
17,8,1943,edgetpu,cifar100,69.626660,0.634759,0.557297,16032
17,8,9930,edgetpu,cifar100,73.513336,1.454107,0.557297,16032
17,8,4418,edgetpu,cifar100,72.746666,1.093699,0.557297,16032
17,8,577,edgetpu,cifar100,69.680000,0.635228,0.557297,16032
17,8,857,edgetpu,cifar100,72.880000,1.264168,0.557297,16032
17,8,12607,edgetpu,cifar100,62.600000,0.392830,0.557297,16032
17,8,12761,edgetpu,cifar100,72.860000,1.225212,0.557297,16032
17,8,12574,edgetpu,cifar100,72.740000,0.932430,0.557297,16032
17,8,3888,edgetpu,cifar100,73.260000,1.316226,0.557297,16032
17,8,8912,edgetpu,cifar100,59.200000,0.377698,0.557297,16032
17,8,2705,edgetpu,cifar100,62.813330,0.393026,0.557297,16032
17,8,4155,edgetpu,cifar100,62.306667,0.391442,0.557297,16032
17,8,777,edgetpu,cifar100,58.650000,0.355588,0.557297,16032
17,8,13829,edgetpu,cifar100,66.873340,0.485137,0.557297,16032
17,8,8569,edgetpu,cifar100,68.200000,0.612892,0.557297,16032
17,8,11533,edgetpu,cifar100,69.760000,0.635877,0.557297,16032
17,8,1383,edgetpu,cifar100,70.273330,0.673722,0.557297,16032
17,8,781,edgetpu,cifar100,67.960000,0.487922,0.557297,16032
17,8,3303,edgetpu,cifar100,62.420000,0.392593,0.557297,16032
17,8,11885,edgetpu,cifar100,68.040000,0.489665,0.557297,16032
17,8,69,edgetpu,cifar100,71.020000,0.727259,0.557297,16032
17,8,14945,edgetpu,cifar100,58.500000,0.354940,0.557297,16032
17,8,15363,edgetpu,cifar100,70.520000,0.676394,0.557297,16032
17,8,6946,edgetpu,cifar100,67.500000,0.486233,0.557297,16032
17,8,10000,edgetpu,cifar100,73.160000,1.283461,0.557297,16032
17,9,5084,eyeriss,cifar100,58.813330,1.682560,0.468672,16592
17,9,10689,eyeriss,cifar100,67.500000,2.174080,0.468672,16592
17,9,3888,eyeriss,cifar100,73.260000,6.597760,0.468672,16592
17,9,6787,eyeriss,cifar100,70.720000,3.648640,0.468672,16592
17,9,12820,eyeriss,cifar100,67.720000,2.419840,0.468672,16592
17,9,6925,eyeriss,cifar100,71.220000,3.894400,0.468672,16592
17,9,3540,eyeriss,cifar100,71.500000,4.877440,0.468672,16592
17,9,12574,eyeriss,cifar100,72.740000,5.123200,0.468672,16592
17,9,12761,eyeriss,cifar100,72.860000,6.352000,0.468672,16592
17,9,11301,eyeriss,cifar100,68.220000,2.665600,0.468672,16592
17,9,14112,eyeriss,cifar100,68.386665,2.911360,0.468672,16592
17,9,14714,eyeriss,cifar100,71.280000,4.140160,0.468672,16592
17,9,5651,eyeriss,cifar100,64.690000,1.928320,0.468672,16592
17,9,9930,eyeriss,cifar100,73.513336,9.055360,0.468672,16592
17,9,3487,eyeriss,cifar100,70.093330,3.402880,0.468672,16592
17,10,3540,fpga,cifar100,71.500000,4.163360,0.442666,16290
17,10,10689,fpga,cifar100,67.500000,2.163360,0.442666,16290
17,10,15033,fpga,cifar100,67.793335,2.390560,0.442666,16290
17,10,4249,fpga,cifar100,65.080000,2.057760,0.442666,16290
17,10,5084,fpga,cifar100,58.813330,1.132960,0.442666,16290
17,10,9930,fpga,cifar100,73.513336,7.420960,0.442666,16290
17,10,12574,fpga,cifar100,72.740000,4.678560,0.442666,16290
17,10,3888,fpga,cifar100,73.260000,5.936160,0.442666,16290
17,10,6787,fpga,cifar100,70.720000,3.420960,0.442666,16290
17,10,6925,fpga,cifar100,71.220000,3.936160,0.442666,16290
17,10,5651,fpga,cifar100,64.690000,1.648160,0.442666,16290
17,10,12761,fpga,cifar100,72.860000,5.420960,0.442666,16290
17,10,11973,fpga,cifar100,70.340000,2.905760,0.442666,16290
17,10,12295,fpga,cifar100,71.160000,3.648160,0.442666,16290
17,10,5033,fpga,cifar100,59.060000,1.542560,0.442666,16290
17,11,375,pixel3,cifar100,64.440000,2.363140,0.637232,16276
17,11,12574,pixel3,cifar100,72.740000,16.473900,0.637232,16276
17,11,1409,pixel3,cifar100,58.853333,1.275090,0.637232,16276
17,11,8638,pixel3,cifar100,58.860000,1.478570,0.637232,16276
17,11,11000,pixel3,cifar100,71.180000,10.677600,0.637232,16276
17,11,6337,pixel3,cifar100,1.000000,0.008753,0.637232,16276
17,11,12970,pixel3,cifar100,68.140000,4.782110,0.637232,16276
17,11,657,pixel3,cifar100,58.233334,1.233070,0.637232,16276
17,11,1459,pixel3,cifar100,73.140000,23.437900,0.637232,16276
17,11,11301,pixel3,cifar100,68.220000,5.352090,0.637232,16276
17,11,5651,pixel3,cifar100,64.690000,2.376870,0.637232,16276
17,11,485,pixel3,cifar100,67.593330,4.124800,0.637232,16276
17,11,898,pixel3,cifar100,70.000000,6.516140,0.637232,16276
17,11,1450,pixel3,cifar100,70.506670,9.337360,0.637232,16276
17,11,858,pixel3,cifar100,64.133330,2.003500,0.637232,16276
17,11,857,pixel3,cifar100,72.880000,19.113200,0.637232,16276
17,11,8912,pixel3,cifar100,59.200000,1.478790,0.637232,16276
17,11,1631,pixel3,cifar100,63.986668,1.805000,0.637232,16276
17,11,1090,pixel3,cifar100,65.220000,2.811310,0.637232,16276
17,11,6925,pixel3,cifar100,71.220000,10.688000,0.637232,16276
17,11,15363,pixel3,cifar100,70.520000,9.708640,0.637232,16276
17,11,699,pixel3,cifar100,72.240000,12.079400,0.637232,16276
17,11,3888,pixel3,cifar100,73.260000,23.477200,0.637232,16276
17,11,8323,pixel3,cifar100,67.080000,3.106340,0.637232,16276
17,11,14112,pixel3,cifar100,68.386665,5.745320,0.637232,16276
17,11,10042,pixel3,cifar100,64.880000,2.794690,0.637232,16276
17,11,724,pixel3,cifar100,67.053340,2.875650,0.637232,16276
17,11,9930,pixel3,cifar100,73.513336,42.003600,0.637232,16276
17,11,1593,pixel3,cifar100,62.126667,1.582050,0.637232,16276
17,11,10689,pixel3,cifar100,67.500000,3.109220,0.637232,16276
17,11,572,pixel3,cifar100,70.313330,8.017480,0.637232,16276
17,11,6787,pixel3,cifar100,70.720000,9.854430,0.637232,16276
17,11,906,pixel3,cifar100,62.393333,1.661810,0.637232,16276
17,12,6822,raspi4,cifar100,58.426666,2.558594,0.671131,16258
17,12,10222,raspi4,cifar100,58.860000,2.747804,0.671131,16258
17,12,1459,raspi4,cifar100,73.140000,53.879950,0.671131,16258
17,12,15363,raspi4,cifar100,70.520000,21.809430,0.671131,16258
17,12,14714,raspi4,cifar100,71.280000,24.692347,0.671131,16258
17,12,1572,raspi4,cifar100,69.900000,19.916142,0.671131,16258
17,12,898,raspi4,cifar100,70.000000,21.506163,0.671131,16258
17,12,14792,raspi4,cifar100,69.500000,19.111843,0.671131,16258
17,12,14112,raspi4,cifar100,68.386665,14.423308,0.671131,16258
17,12,10042,raspi4,cifar100,64.880000,5.100886,0.671131,16258
17,12,6925,raspi4,cifar100,71.220000,24.195030,0.671131,16258
17,12,9997,raspi4,cifar100,71.520000,34.996710,0.671131,16258
17,12,13430,raspi4,cifar100,66.700000,7.203785,0.671131,16258
17,12,3888,raspi4,cifar100,73.260000,55.029520,0.671131,16258
17,12,10689,raspi4,cifar100,67.500000,7.381845,0.671131,16258
17,12,9271,raspi4,cifar100,63.400000,4.800893,0.671131,16258
17,12,6787,raspi4,cifar100,70.720000,23.081835,0.671131,16258
17,12,12915,raspi4,cifar100,66.950000,7.226311,0.671131,16258
17,12,375,raspi4,cifar100,64.440000,5.099302,0.671131,16258
17,12,14612,raspi4,cifar100,58.720000,2.563505,0.671131,16258
17,12,4418,raspi4,cifar100,72.746666,47.162354,0.671131,16258
17,12,12574,raspi4,cifar100,72.740000,36.371254,0.671131,16258
17,12,4409,raspi4,cifar100,67.173330,7.228629,0.671131,16258
17,12,9926,raspi4,cifar100,63.520000,4.999532,0.671131,16258
17,12,2222,raspi4,cifar100,58.313330,2.538255,0.671131,16258
17,12,12761,raspi4,cifar100,72.860000,53.718200,0.671131,16258
17,12,3408,raspi4,cifar100,63.993332,5.081906,0.671131,16258
17,12,12607,raspi4,cifar100,62.600000,4.779045,0.671131,16258
17,12,8720,raspi4,cifar100,64.130000,5.082239,0.671131,16258
17,12,8912,raspi4,cifar100,59.200000,2.818969,0.671131,16258
17,12,8740,raspi4,cifar100,1.000000,0.015215,0.671131,16258
17,12,2035,raspi4,cifar100,63.926666,5.005698,0.671131,16258
17,12,15589,raspi4,cifar100,59.060000,2.795078,0.671131,16258
17,12,7030,raspi4,cifar100,69.600000,19.218203,0.671131,16258
17,12,6830,raspi4,cifar100,71.460000,34.491814,0.671131,16258
17,12,6918,raspi4,cifar100,58.800000,2.571364,0.671131,16258
17,12,7891,raspi4,cifar100,67.550000,12.536592,0.671131,16258
17,12,4659,raspi4,cifar100,70.060000,21.672482,0.671131,16258
17,12,9930,raspi4,cifar100,73.513336,71.152000,0.671131,16258
17,13,4946,edgegpu,ImageNet16-120,44.700000,3.490419,0.597744,16406
17,13,4587,edgegpu,ImageNet16-120,28.800000,1.445131,0.597744,16406
17,13,12081,edgegpu,ImageNet16-120,40.233334,2.730479,0.597744,16406
17,13,14840,edgegpu,ImageNet16-120,45.311110,4.224715,0.597744,16406
17,13,8884,edgegpu,ImageNet16-120,45.033333,3.499999,0.597744,16406
17,13,11217,edgegpu,ImageNet16-120,43.466667,3.316708,0.597744,16406
17,13,5751,edgegpu,ImageNet16-120,40.044445,2.434626,0.597744,16406
17,13,4988,edgegpu,ImageNet16-120,28.933332,1.448212,0.597744,16406
17,13,8401,edgegpu,ImageNet16-120,43.833332,3.322444,0.597744,16406
17,13,9722,edgegpu,ImageNet16-120,44.000000,3.327813,0.597744,16406
17,13,7760,edgegpu,ImageNet16-120,39.100000,1.743751,0.597744,16406
17,13,8426,edgegpu,ImageNet16-120,44.633335,3.370147,0.597744,16406
17,13,1164,edgegpu,ImageNet16-120,28.522223,1.435223,0.597744,16406
17,13,14117,edgegpu,ImageNet16-120,28.677778,1.435547,0.597744,16406
17,13,10947,edgegpu,ImageNet16-120,39.944443,1.909800,0.597744,16406
17,13,13760,edgegpu,ImageNet16-120,32.333332,1.739759,0.597744,16406
17,13,6950,edgegpu,ImageNet16-120,38.700000,1.740150,0.597744,16406
17,13,15288,edgegpu,ImageNet16-120,28.422222,1.417041,0.597744,16406
17,13,12415,edgegpu,ImageNet16-120,46.566666,4.667692,0.597744,16406
17,13,454,edgegpu,ImageNet16-120,41.277780,3.303313,0.597744,16406
17,13,15376,edgegpu,ImageNet16-120,0.833333,0.533953,0.597744,16406
17,13,14612,edgegpu,ImageNet16-120,28.488890,1.434064,0.597744,16406
17,13,7187,edgegpu,ImageNet16-120,28.683332,1.443858,0.597744,16406
17,13,4332,edgegpu,ImageNet16-120,39.444443,1.745496,0.597744,16406
17,13,13411,edgegpu,ImageNet16-120,31.855556,1.736240,0.597744,16406
17,13,9586,edgegpu,ImageNet16-120,46.933334,5.222673,0.597744,16406
17,13,15159,edgegpu,ImageNet16-120,45.566666,4.632421,0.597744,16406
17,13,4160,edgegpu,ImageNet16-120,39.833332,1.756272,0.597744,16406
17,14,4830,edgetpu,ImageNet16-120,42.233334,0.549457,0.492686,15850
17,14,70,edgetpu,ImageNet16-120,39.377777,0.428228,0.492686,15850
17,14,15363,edgetpu,ImageNet16-120,44.333332,0.582280,0.492686,15850
17,14,5586,edgetpu,ImageNet16-120,40.811110,0.546420,0.492686,15850
17,14,3540,edgetpu,ImageNet16-120,45.122223,0.648670,0.492686,15850
17,14,4988,edgetpu,ImageNet16-120,28.933332,0.360694,0.492686,15850
17,14,6407,edgetpu,ImageNet16-120,32.333332,0.363748,0.492686,15850
17,14,15014,edgetpu,ImageNet16-120,28.266666,0.358110,0.492686,15850
17,14,11282,edgetpu,ImageNet16-120,39.633335,0.428409,0.492686,15850
17,14,13931,edgetpu,ImageNet16-120,28.788889,0.360349,0.492686,15850
17,14,6950,edgetpu,ImageNet16-120,38.700000,0.427379,0.492686,15850
17,14,5973,edgetpu,ImageNet16-120,40.100000,0.517454,0.492686,15850
17,14,10167,edgetpu,ImageNet16-120,39.944443,0.444058,0.492686,15850
17,14,857,edgetpu,ImageNet16-120,47.311110,0.997730,0.492686,15850
17,14,5530,edgetpu,ImageNet16-120,42.577778,0.549937,0.492686,15850
17,14,14840,edgetpu,ImageNet16-120,45.311110,0.666690,0.492686,15850
17,14,14677,edgetpu,ImageNet16-120,33.233334,0.364575,0.492686,15850
17,14,15107,edgetpu,ImageNet16-120,39.800000,0.430284,0.492686,15850
17,14,12415,edgetpu,ImageNet16-120,46.566666,0.710906,0.492686,15850
17,14,10888,edgetpu,ImageNet16-120,28.333334,0.359044,0.492686,15850
17,14,14662,edgetpu,ImageNet16-120,41.166668,0.547835,0.492686,15850
17,14,8884,edgetpu,ImageNet16-120,45.033333,0.615792,0.492686,15850
17,14,13972,edgetpu,ImageNet16-120,31.933332,0.363440,0.492686,15850
17,14,15383,edgetpu,ImageNet16-120,47.033333,0.780914,0.492686,15850
17,14,6520,edgetpu,ImageNet16-120,32.383335,0.363944,0.492686,15850
17,14,10332,edgetpu,ImageNet16-120,40.033333,0.516152,0.492686,15850
17,14,13769,edgetpu,ImageNet16-120,41.555557,0.549360,0.492686,15850
17,14,7273,edgetpu,ImageNet16-120,42.966667,0.550014,0.492686,15850
17,14,4160,edgetpu,ImageNet16-120,39.833332,0.430355,0.492686,15850
17,14,4627,edgetpu,ImageNet16-120,43.500000,0.552306,0.492686,15850
17,14,7357,edgetpu,ImageNet16-120,44.666668,0.600498,0.492686,15850
17,14,11885,edgetpu,ImageNet16-120,39.166668,0.427395,0.492686,15850
17,14,7837,edgetpu,ImageNet16-120,32.111110,0.363571,0.492686,15850
17,14,5751,edgetpu,ImageNet16-120,40.044445,0.516992,0.492686,15850
17,14,7750,edgetpu,ImageNet16-120,43.066666,0.551617,0.492686,15850
17,14,10017,edgetpu,ImageNet16-120,40.566666,0.524950,0.492686,15850
17,14,9689,edgetpu,ImageNet16-120,42.533333,0.549702,0.492686,15850
17,14,11079,edgetpu,ImageNet16-120,43.566666,0.552430,0.492686,15850
17,14,12231,edgetpu,ImageNet16-120,40.200000,0.518358,0.492686,15850
17,14,13097,edgetpu,ImageNet16-120,39.655556,0.428424,0.492686,15850
17,15,6854,eyeriss,ImageNet16-120,40.800000,0.668800,0.462783,16592
17,15,1939,eyeriss,ImageNet16-120,45.077778,0.976000,0.462783,16592
17,15,6787,eyeriss,ImageNet16-120,44.400000,0.914560,0.462783,16592
17,15,8008,eyeriss,ImageNet16-120,43.500000,0.853120,0.462783,16592
17,15,4829,eyeriss,ImageNet16-120,34.200000,0.484480,0.462783,16592
17,15,8853,eyeriss,ImageNet16-120,45.600000,1.037440,0.462783,16592
17,15,2835,eyeriss,ImageNet16-120,38.222220,0.545920,0.462783,16592
17,15,5487,eyeriss,ImageNet16-120,38.500000,0.607360,0.462783,16592
17,15,14417,eyeriss,ImageNet16-120,45.900000,1.098880,0.462783,16592
17,15,15383,eyeriss,ImageNet16-120,47.033333,1.283200,0.462783,16592
17,15,4988,eyeriss,ImageNet16-120,28.933332,0.423040,0.462783,16592
17,15,857,eyeriss,ImageNet16-120,47.311110,1.651840,0.462783,16592
17,16,6854,fpga,ImageNet16-120,40.800000,0.809120,0.499894,16297
17,16,2835,fpga,ImageNet16-120,38.222220,0.546720,0.499894,16297
17,16,15383,fpga,ImageNet16-120,47.033333,1.504000,0.499894,16297
17,16,10017,fpga,ImageNet16-120,40.566666,0.784000,0.499894,16297
17,16,6787,fpga,ImageNet16-120,44.400000,0.969600,0.499894,16297
17,16,15446,fpga,ImageNet16-120,45.766666,1.116320,0.499894,16297
17,16,1939,fpga,ImageNet16-120,45.077778,1.062400,0.499894,16297
17,16,5793,fpga,ImageNet16-120,35.033333,0.517920,0.499894,16297
17,16,6868,fpga,ImageNet16-120,39.000000,0.649120,0.499894,16297
17,16,14417,fpga,ImageNet16-120,45.900000,1.276320,0.499894,16297
17,16,14748,fpga,ImageNet16-120,44.900000,0.995200,0.499894,16297
17,16,4829,fpga,ImageNet16-120,34.200000,0.415520,0.499894,16297
17,16,8008,fpga,ImageNet16-120,43.500000,0.876800,0.499894,16297
17,16,12452,fpga,ImageNet16-120,40.533333,0.780320,0.499894,16297
17,16,4988,fpga,ImageNet16-120,28.933332,0.284320,0.499894,16297
17,16,857,fpga,ImageNet16-120,47.311110,2.038400,0.499894,16297
17,17,4988,pixel3,ImageNet16-120,28.933332,0.485996,0.671245,16188
17,17,4432,pixel3,ImageNet16-120,37.800000,0.861157,0.671245,16188
17,17,4977,pixel3,ImageNet16-120,32.966667,0.617991,0.671245,16188
17,17,14417,pixel3,ImageNet16-120,45.900000,4.143030,0.671245,16188
17,17,12639,pixel3,ImageNet16-120,40.400000,1.304440,0.671245,16188
17,17,735,pixel3,ImageNet16-120,38.544445,1.107950,0.671245,16188
17,17,12452,pixel3,ImageNet16-120,40.533333,1.504410,0.671245,16188
17,17,2899,pixel3,ImageNet16-120,43.911110,2.701210,0.671245,16188
17,17,1425,pixel3,ImageNet16-120,45.977780,4.619290,0.671245,16188
17,17,11000,pixel3,ImageNet16-120,44.866665,2.962520,0.671245,16188
17,17,6854,pixel3,ImageNet16-120,40.800000,1.621620,0.671245,16188
17,17,8954,pixel3,ImageNet16-120,28.733334,0.424855,0.671245,16188
17,17,11079,pixel3,ImageNet16-120,43.566666,2.479610,0.671245,16188
17,17,3496,pixel3,ImageNet16-120,34.233334,0.670584,0.671245,16188
17,17,1939,pixel3,ImageNet16-120,45.077778,3.021500,0.671245,16188
17,17,1204,pixel3,ImageNet16-120,37.844444,0.864966,0.671245,16188
17,17,4587,pixel3,ImageNet16-120,28.800000,0.445767,0.671245,16188
17,17,4384,pixel3,ImageNet16-120,28.133333,0.421612,0.671245,16188
17,17,1549,pixel3,ImageNet16-120,28.655556,0.424747,0.671245,16188
17,17,12103,pixel3,ImageNet16-120,28.250000,0.422433,0.671245,16188
17,17,2018,pixel3,ImageNet16-120,46.433334,4.949210,0.671245,16188
17,17,857,pixel3,ImageNet16-120,47.311110,6.686850,0.671245,16188
17,17,10154,pixel3,ImageNet16-120,46.133335,4.783700,0.671245,16188
17,17,3728,pixel3,ImageNet16-120,28.500000,0.422880,0.671245,16188
17,17,15446,pixel3,ImageNet16-120,45.766666,3.439380,0.671245,16188
17,17,10888,pixel3,ImageNet16-120,28.333334,0.422652,0.671245,16188
17,17,15383,pixel3,ImageNet16-120,47.033333,5.191720,0.671245,16188
17,17,1110,pixel3,ImageNet16-120,28.600000,0.423927,0.671245,16188
17,17,2835,pixel3,ImageNet16-120,38.222220,0.868646,0.671245,16188
17,17,4004,pixel3,ImageNet16-120,42.811110,2.467510,0.671245,16188
17,17,872,pixel3,ImageNet16-120,41.777780,2.465030,0.671245,16188
17,17,12466,pixel3,ImageNet16-120,46.100000,4.680280,0.671245,16188
17,17,12516,pixel3,ImageNet16-120,32.083332,0.617816,0.671245,16188
17,17,12424,pixel3,ImageNet16-120,43.133330,2.470150,0.671245,16188
17,17,13756,pixel3,ImageNet16-120,0.833333,0.005289,0.671245,16188
17,17,4895,pixel3,ImageNet16-120,33.200000,0.619070,0.671245,16188
17,17,6014,pixel3,ImageNet16-120,28.533333,0.423391,0.671245,16188
17,17,8584,pixel3,ImageNet16-120,34.088890,0.664046,0.671245,16188
17,17,8683,pixel3,ImageNet16-120,44.200000,2.711960,0.671245,16188
17,18,8584,raspi4,ImageNet16-120,34.088890,1.586268,0.679955,16285
17,18,5973,raspi4,ImageNet16-120,40.100000,3.159922,0.679955,16285
17,18,11946,raspi4,ImageNet16-120,28.200000,0.940293,0.679955,16285
17,18,8736,raspi4,ImageNet16-120,45.700000,6.658077,0.679955,16285
17,18,4995,raspi4,ImageNet16-120,42.166668,3.766336,0.679955,16285
17,18,4988,raspi4,ImageNet16-120,28.933332,1.003251,0.679955,16285
17,18,14677,raspi4,ImageNet16-120,33.233334,1.537227,0.679955,16285
17,18,380,raspi4,ImageNet16-120,38.900000,3.038936,0.679955,16285
17,18,3782,raspi4,ImageNet16-120,41.866665,3.755286,0.679955,16285
17,18,11584,raspi4,ImageNet16-120,46.666668,8.014434,0.679955,16285
17,18,9496,raspi4,ImageNet16-120,38.200000,2.204048,0.679955,16285
17,18,11079,raspi4,ImageNet16-120,43.566666,3.802027,0.679955,16285
17,18,9032,raspi4,ImageNet16-120,38.016666,2.201532,0.679955,16285
17,18,10167,raspi4,ImageNet16-120,39.944443,3.106316,0.679955,16285
17,18,933,raspi4,ImageNet16-120,0.833333,0.011514,0.679955,16285
17,18,7357,raspi4,ImageNet16-120,44.666668,4.480689,0.679955,16285
17,18,7551,raspi4,ImageNet16-120,38.477780,2.950436,0.679955,16285
17,18,2779,raspi4,ImageNet16-120,37.355556,2.190654,0.679955,16285
17,18,1413,raspi4,ImageNet16-120,42.711113,3.788479,0.679955,16285
17,18,10835,raspi4,ImageNet16-120,45.233334,6.632419,0.679955,16285
17,18,219,raspi4,ImageNet16-120,42.500000,3.768475,0.679955,16285
17,18,6854,raspi4,ImageNet16-120,40.800000,3.661016,0.679955,16285
17,18,15383,raspi4,ImageNet16-120,47.033333,8.565354,0.679955,16285
17,18,857,raspi4,ImageNet16-120,47.311110,9.020064,0.679955,16285
17,18,1204,raspi4,ImageNet16-120,37.844444,2.199356,0.679955,16285
17,18,3960,raspi4,ImageNet16-120,37.755554,2.197980,0.679955,16285
17,18,14417,raspi4,ImageNet16-120,45.900000,6.948865,0.679955,16285
17,18,14697,raspi4,ImageNet16-120,33.900000,1.580382,0.679955,16285
17,18,13771,raspi4,ImageNet16-120,32.744446,1.533813,0.679955,16285
17,18,1188,raspi4,ImageNet16-120,32.455555,1.526725,0.679955,16285
17,18,15363,raspi4,ImageNet16-120,44.333332,4.480516,0.679955,16285
17,18,8355,raspi4,ImageNet16-120,39.666668,3.083286,0.679955,16285
17,18,8683,raspi4,ImageNet16-120,44.200000,4.462997,0.679955,16285
17,18,13931,raspi4,ImageNet16-120,28.788889,0.956195,0.679955,16285
17,18,14792,raspi4,ImageNet16-120,43.033333,3.792447,0.679955,16285
17,18,5637,raspi4,ImageNet16-120,33.933334,1.580707,0.679955,16285
17,18,14750,raspi4,ImageNet16-120,32.933334,1.536700,0.679955,16285
17,18,8884,raspi4,ImageNet16-120,45.033333,5.293177,0.679955,16285
17,18,1939,raspi4,ImageNet16-120,45.077778,5.341908,0.679955,16285
17,18,15107,raspi4,ImageNet16-120,39.800000,3.083329,0.679955,16285
17,18,10017,raspi4,ImageNet16-120,40.566666,3.181383,0.679955,16285
17,18,10217,raspi4,ImageNet16-120,45.100000,6.109362,0.679955,16285
17,18,12358,raspi4,ImageNet16-120,34.055557,1.582727,0.679955,16285
17,18,12505,raspi4,ImageNet16-120,39.283333,3.062432,0.679955,16285
17,18,5487,raspi4,ImageNet16-120,38.500000,3.019000,0.679955,16285
17,18,7187,raspi4,ImageNet16-120,28.683332,0.952790,0.679955,16285
17,18,10472,raspi4,ImageNet16-120,39.633335,3.079679,0.679955,16285
17,18,13059,raspi4,ImageNet16-120,34.266666,1.595651,0.679955,16285
17,18,5455,raspi4,ImageNet16-120,32.611110,1.532377,0.679955,16285
17,18,8733,raspi4,ImageNet16-120,46.600000,7.477213,0.679955,16285
18,1,561,edgegpu,cifar10,86.880000,1.451068,0.571180,16334
18,1,6330,edgegpu,cifar10,94.006670,4.384699,0.571180,16334
18,1,13401,edgegpu,cifar10,87.010000,1.457009,0.571180,16334
18,1,5400,edgegpu,cifar10,86.630000,1.427460,0.571180,16334
18,1,5780,edgegpu,cifar10,93.980000,3.361888,0.571180,16334
18,1,258,edgegpu,cifar10,93.640000,3.307109,0.571180,16334
18,1,11692,edgegpu,cifar10,94.130000,4.708362,0.571180,16334
18,1,11810,edgegpu,cifar10,92.780000,1.992798,0.571180,16334
18,1,5292,edgegpu,cifar10,94.293335,6.663151,0.571180,16334
18,1,2053,edgegpu,cifar10,94.206665,5.482254,0.571180,16334
18,1,2776,edgegpu,cifar10,93.666664,3.331194,0.571180,16334
18,1,6499,edgegpu,cifar10,93.645000,3.331041,0.571180,16334
18,1,13714,edgegpu,cifar10,94.373340,6.772180,0.571180,16334
18,1,9099,edgegpu,cifar10,93.940000,3.357520,0.571180,16334
18,1,10484,edgegpu,cifar10,93.810000,3.354015,0.571180,16334
18,1,6950,edgegpu,cifar10,92.000000,1.738467,0.571180,16334
18,1,14527,edgegpu,cifar10,86.765000,1.439619,0.571180,16334
18,1,1339,edgegpu,cifar10,92.136665,1.751881,0.571180,16334
18,1,14407,edgegpu,cifar10,86.770000,1.440282,0.571180,16334
18,1,1459,edgegpu,cifar10,94.296670,6.748991,0.571180,16334
18,1,11438,edgegpu,cifar10,92.500000,1.846719,0.571180,16334
18,1,14090,edgegpu,cifar10,92.086670,1.749086,0.571180,16334
18,1,8421,edgegpu,cifar10,10.000000,0.538597,0.571180,16334
18,1,1549,edgegpu,cifar10,86.710000,1.436324,0.571180,16334
18,1,6960,edgegpu,cifar10,92.280000,1.764450,0.571180,16334
18,2,11112,edgetpu,cifar10,92.110000,0.480732,0.508252,15912
18,2,6382,edgetpu,cifar10,93.376660,0.628638,0.508252,15912
18,2,5111,edgetpu,cifar10,94.306660,1.152010,0.508252,15912
18,2,6918,edgetpu,cifar10,87.000000,0.375819,0.508252,15912
18,2,2053,edgetpu,cifar10,94.206665,1.042178,0.508252,15912
18,2,3731,edgetpu,cifar10,94.343330,1.282820,0.508252,15912
18,2,11692,edgetpu,cifar10,94.130000,0.761100,0.508252,15912
18,2,8008,edgetpu,cifar10,93.480000,0.629746,0.508252,15912
18,2,13714,edgetpu,cifar10,94.373340,1.377865,0.508252,15912
18,2,11472,edgetpu,cifar10,93.970000,0.725244,0.508252,15912
18,2,10683,edgetpu,cifar10,92.330000,0.481277,0.508252,15912
18,2,13611,edgetpu,cifar10,92.490000,0.481826,0.508252,15912
18,2,9950,edgetpu,cifar10,93.840000,0.723767,0.508252,15912
18,2,12439,edgetpu,cifar10,86.393330,0.352159,0.508252,15912
18,2,11438,edgetpu,cifar10,92.500000,0.482393,0.508252,15912
18,2,9380,edgetpu,cifar10,89.335000,0.395662,0.508252,15912
18,2,11810,edgetpu,cifar10,92.780000,0.482879,0.508252,15912
18,2,9817,edgetpu,cifar10,93.490000,0.723286,0.508252,15912
18,2,8192,edgetpu,cifar10,93.093330,0.627745,0.508252,15912
18,2,4161,edgetpu,cifar10,89.250000,0.391221,0.508252,15912
18,2,9689,edgetpu,cifar10,93.370000,0.628386,0.508252,15912
18,2,797,edgetpu,cifar10,93.280000,0.627996,0.508252,15912
18,2,5647,edgetpu,cifar10,89.110000,0.389378,0.508252,15912
18,2,7017,edgetpu,cifar10,86.970000,0.353089,0.508252,15912
18,2,10293,edgetpu,cifar10,86.513336,0.352328,0.508252,15912
18,2,7937,edgetpu,cifar10,88.610000,0.388867,0.508252,15912
18,2,5946,edgetpu,cifar10,88.963330,0.389012,0.508252,15912
18,2,9722,edgetpu,cifar10,93.540000,0.723575,0.508252,15912
18,3,8008,eyeriss,cifar10,93.480000,3.399860,0.442222,16513
18,3,6584,eyeriss,cifar10,94.160000,4.874420,0.442222,16513
18,3,6899,eyeriss,cifar10,90.900000,2.416820,0.442222,16513
18,3,6854,eyeriss,cifar10,91.040000,2.662580,0.442222,16513
18,3,8592,eyeriss,cifar10,93.750000,3.891380,0.442222,16513
18,3,3731,eyeriss,cifar10,94.343330,6.594740,0.442222,16513
18,3,5111,eyeriss,cifar10,94.306660,5.365940,0.442222,16513
18,3,11472,eyeriss,cifar10,93.970000,4.628660,0.442222,16513
18,3,12438,eyeriss,cifar10,89.875000,1.925300,0.442222,16513
18,3,13714,eyeriss,cifar10,94.373340,7.823540,0.442222,16513
18,3,6111,eyeriss,cifar10,94.373340,7.823540,0.442222,16513
18,3,4384,eyeriss,cifar10,86.796670,1.679540,0.442222,16513
18,3,14112,eyeriss,cifar10,91.296670,2.908340,0.442222,16513
18,3,13987,eyeriss,cifar10,93.596664,3.645620,0.442222,16513
18,3,8323,eyeriss,cifar10,90.870000,2.171060,0.442222,16513
18,3,13611,eyeriss,cifar10,92.490000,3.154100,0.442222,16513
18,4,4384,fpga,cifar10,86.796670,1.132960,0.484802,16306
18,4,13714,fpga,cifar10,94.373340,6.678560,0.484802,16306
18,4,5111,fpga,cifar10,94.306660,5.193760,0.484802,16306
18,4,10431,fpga,cifar10,87.000000,1.542560,0.484802,16306
18,4,12438,fpga,cifar10,89.875000,1.648160,0.484802,16306
18,4,8008,fpga,cifar10,93.480000,2.905760,0.484802,16306
18,4,11472,fpga,cifar10,93.970000,3.648160,0.484802,16306
18,4,3731,fpga,cifar10,94.343330,5.936160,0.484802,16306
18,4,6111,fpga,cifar10,94.373340,6.678560,0.484802,16306
18,4,8323,fpga,cifar10,90.870000,2.163360,0.484802,16306
18,4,13611,fpga,cifar10,92.490000,2.390560,0.484802,16306
18,4,13987,fpga,cifar10,93.596664,3.420960,0.484802,16306
18,4,6584,fpga,cifar10,94.160000,4.163360,0.484802,16306
18,4,15295,fpga,cifar10,90.050000,2.057760,0.484802,16306
18,5,6918,pixel3,cifar10,87.000000,1.478790,0.738818,16264
18,5,1781,pixel3,cifar10,89.883330,1.712020,0.738818,16264
18,5,3731,pixel3,cifar10,94.343330,23.361300,0.738818,16264
18,5,8695,pixel3,cifar10,94.220000,17.564500,0.738818,16264
18,5,5111,pixel3,cifar10,94.306660,17.584600,0.738818,16264
18,5,6434,pixel3,cifar10,91.080000,4.811140,0.738818,16264
18,5,6382,pixel3,cifar10,93.376660,7.048190,0.738818,16264
18,5,2018,pixel3,cifar10,94.063330,14.960500,0.738818,16264
18,5,13987,pixel3,cifar10,93.596664,9.922680,0.738818,16264
18,5,7197,pixel3,cifar10,90.366670,2.447670,0.738818,16264
18,5,4627,pixel3,cifar10,93.270000,7.036050,0.738818,16264
18,5,1497,pixel3,cifar10,86.556660,1.056630,0.738818,16264
18,5,4554,pixel3,cifar10,86.670000,1.114880,0.738818,16264
18,5,6854,pixel3,cifar10,91.040000,4.514220,0.738818,16264
18,5,11692,pixel3,cifar10,94.130000,15.490100,0.738818,16264
18,5,8592,pixel3,cifar10,93.750000,10.769800,0.738818,16264
18,5,13171,pixel3,cifar10,93.530000,7.717220,0.738818,16264
18,5,7017,pixel3,cifar10,86.970000,1.403930,0.738818,16264
18,5,1631,pixel3,cifar10,89.506670,1.697120,0.738818,16264
18,5,6111,pixel3,cifar10,94.373340,23.584800,0.738818,16264
18,5,6985,pixel3,cifar10,89.940000,2.367450,0.738818,16264
18,5,13869,pixel3,cifar10,93.656670,10.634700,0.738818,16264
18,5,6863,pixel3,cifar10,86.740000,1.229320,0.738818,16264
18,5,2779,pixel3,cifar10,90.806660,3.102950,0.738818,16264
18,5,1804,pixel3,cifar10,89.063330,1.579900,0.738818,16264
18,5,12452,pixel3,cifar10,91.350000,5.590110,0.738818,16264
18,5,6899,pixel3,cifar10,90.900000,3.961410,0.738818,16264
18,5,9230,pixel3,cifar10,86.580000,1.056760,0.738818,16264
18,5,1941,pixel3,cifar10,93.533330,9.128690,0.738818,16264
18,5,1425,pixel3,cifar10,93.933334,12.536500,0.738818,16264
18,5,3385,pixel3,cifar10,93.990000,13.656500,0.738818,16264
18,5,10689,pixel3,cifar10,90.790000,2.669770,0.738818,16264
18,5,11972,pixel3,cifar10,91.510000,5.627010,0.738818,16264
18,5,8323,pixel3,cifar10,90.870000,3.106420,0.738818,16264
18,5,2035,pixel3,cifar10,89.670000,1.706480,0.738818,16264
18,5,1943,pixel3,cifar10,93.116670,6.492030,0.738818,16264
18,5,1339,pixel3,cifar10,92.136665,5.802240,0.738818,16264
18,5,5224,pixel3,cifar10,88.980000,1.570360,0.738818,16264
18,5,6999,pixel3,cifar10,93.820000,12.260900,0.738818,16264
18,5,8836,pixel3,cifar10,92.220000,6.313990,0.738818,16264
18,5,13096,pixel3,cifar10,90.700000,2.666040,0.738818,16264
18,5,7001,pixel3,cifar10,10.000000,0.003277,0.738818,16264
18,6,4210,raspi4,cifar10,89.030000,4.782748,0.634622,16151
18,6,12639,raspi4,cifar10,90.990000,11.857850,0.634622,16151
18,6,1804,raspi4,cifar10,89.063330,4.791845,0.634622,16151
18,6,1941,raspi4,cifar10,93.533330,25.121769,0.634622,16151
18,6,14677,raspi4,cifar10,88.670000,4.755260,0.634622,16151
18,6,1690,raspi4,cifar10,86.646670,2.536549,0.634622,16151
18,6,7017,raspi4,cifar10,86.970000,2.544041,0.634622,16151
18,6,8323,raspi4,cifar10,90.870000,7.426308,0.634622,16151
18,6,6918,raspi4,cifar10,87.000000,2.787590,0.634622,16151
18,6,13846,raspi4,cifar10,90.720000,7.176163,0.634622,16151
18,6,14565,raspi4,cifar10,88.880000,4.781183,0.634622,16151
18,6,9980,raspi4,cifar10,10.000000,0.011284,0.634622,16151
18,6,13611,raspi4,cifar10,92.490000,18.523302,0.634622,16151
18,6,5111,raspi4,cifar10,94.306660,41.756905,0.634622,16151
18,6,2058,raspi4,cifar10,93.270000,19.484835,0.634622,16151
18,6,11692,raspi4,cifar10,94.130000,37.583630,0.634622,16151
18,6,8008,raspi4,cifar10,93.480000,22.571420,0.634622,16151
18,6,8592,raspi4,cifar10,93.750000,25.477009,0.634622,16151
18,6,6382,raspi4,cifar10,93.376660,21.461164,0.634622,16151
18,6,6960,raspi4,cifar10,92.280000,17.162752,0.634622,16151
18,6,3731,raspi4,cifar10,94.343330,58.070793,0.634622,16151
18,6,2035,raspi4,cifar10,89.670000,4.984099,0.634622,16151
18,6,11533,raspi4,cifar10,93.420000,21.715693,0.634622,16151
18,6,6111,raspi4,cifar10,94.373340,68.404106,0.634622,16151
18,6,12505,raspi4,cifar10,92.150000,16.747276,0.634622,16151
18,6,1962,raspi4,cifar10,86.530000,2.529453,0.634622,16151
18,6,11810,raspi4,cifar10,92.780000,18.619905,0.634622,16151
18,6,5780,raspi4,cifar10,93.980000,34.928463,0.634622,16151
18,6,11972,raspi4,cifar10,91.510000,12.403558,0.634622,16151
18,6,10412,raspi4,cifar10,93.530000,25.079220,0.634622,16151
18,6,6953,raspi4,cifar10,91.990000,15.601654,0.634622,16151
18,6,9271,raspi4,cifar10,89.250000,4.830311,0.634622,16151
18,6,6985,raspi4,cifar10,89.940000,4.995646,0.634622,16151
18,6,8426,raspi4,cifar10,93.840000,31.394428,0.634622,16151
18,6,9380,raspi4,cifar10,89.335000,4.875613,0.634622,16151
18,6,6584,raspi4,cifar10,94.160000,38.818527,0.634622,16151
18,7,9922,edgegpu,cifar100,58.560000,1.428552,0.517818,16433
18,7,6381,edgegpu,cifar100,66.800000,1.753340,0.517818,16433
18,7,8912,edgegpu,cifar100,59.200000,1.441355,0.517818,16433
18,7,2304,edgegpu,cifar100,58.660000,1.440253,0.517818,16433
18,7,6124,edgegpu,cifar100,68.360000,3.185835,0.517818,16433
18,7,1425,edgegpu,cifar100,72.093330,5.310225,0.517818,16433
18,7,8401,edgegpu,cifar100,71.080000,3.302102,0.517818,16433
18,7,9930,edgegpu,cifar100,73.513336,6.803060,0.517818,16433
18,7,11885,edgegpu,cifar100,68.040000,1.776652,0.517818,16433
18,7,4954,edgegpu,cifar100,73.000000,6.669736,0.517818,16433
18,7,11810,edgegpu,cifar100,68.300000,1.779551,0.517818,16433
18,7,4418,edgegpu,cifar100,72.746666,5.352364,0.517818,16433
18,7,12415,edgegpu,cifar100,71.940000,4.828467,0.517818,16433
18,7,9997,edgegpu,cifar100,71.520000,3.466139,0.517818,16433
18,7,1038,edgegpu,cifar100,67.500000,1.758428,0.517818,16433
18,7,3888,edgegpu,cifar100,73.260000,6.797867,0.517818,16433
18,7,1509,edgegpu,cifar100,1.000000,0.505853,0.517818,16433
18,7,2778,edgegpu,cifar100,72.993330,6.134028,0.517818,16433
18,7,11067,edgegpu,cifar100,58.186670,1.427836,0.517818,16433
18,8,8912,edgetpu,cifar100,59.200000,0.377698,0.557512,16197
18,8,1996,edgetpu,cifar100,67.820000,0.486748,0.557512,16197
18,8,15363,edgetpu,cifar100,70.520000,0.676394,0.557512,16197
18,8,9930,edgetpu,cifar100,73.513336,1.454107,0.557512,16197
18,8,13829,edgetpu,cifar100,66.873340,0.485137,0.557512,16197
18,8,857,edgetpu,cifar100,72.880000,1.264168,0.557512,16197
18,8,1110,edgetpu,cifar100,58.840000,0.355938,0.557512,16197
18,8,8638,edgetpu,cifar100,58.860000,0.356631,0.557512,16197
18,8,2705,edgetpu,cifar100,62.813330,0.393026,0.557512,16197
18,8,9271,edgetpu,cifar100,63.400000,0.393151,0.557512,16197
18,8,10000,edgetpu,cifar100,73.160000,1.283461,0.557512,16197
18,8,12415,edgetpu,cifar100,71.940000,0.872299,0.557512,16197
18,8,1943,edgetpu,cifar100,69.626660,0.634759,0.557512,16197
18,8,577,edgetpu,cifar100,69.680000,0.635228,0.557512,16197
18,8,797,edgetpu,cifar100,69.580000,0.633351,0.557512,16197
18,8,69,edgetpu,cifar100,71.020000,0.727259,0.557512,16197
18,8,5019,edgetpu,cifar100,58.880000,0.357058,0.557512,16197
18,8,1383,edgetpu,cifar100,70.273330,0.673722,0.557512,16197
18,8,11533,edgetpu,cifar100,69.760000,0.635877,0.557512,16197
18,8,3888,edgetpu,cifar100,73.260000,1.316226,0.557512,16197
18,8,12761,edgetpu,cifar100,72.860000,1.225212,0.557512,16197
18,8,8401,edgetpu,cifar100,71.080000,0.728572,0.557512,16197
18,8,6358,edgetpu,cifar100,67.193340,0.486737,0.557512,16197
18,8,4659,edgetpu,cifar100,70.060000,0.636433,0.557512,16197
18,8,781,edgetpu,cifar100,67.960000,0.487922,0.557512,16197
18,8,777,edgetpu,cifar100,58.650000,0.355588,0.557512,16197
18,8,10443,edgetpu,cifar100,68.300000,0.489020,0.557512,16197
18,8,11112,edgetpu,cifar100,66.893330,0.486713,0.557512,16197
18,8,4155,edgetpu,cifar100,62.306667,0.391442,0.557512,16197
18,8,3487,edgetpu,cifar100,70.093330,0.637182,0.557512,16197
18,8,12574,edgetpu,cifar100,72.740000,0.932430,0.557512,16197
18,8,12607,edgetpu,cifar100,62.600000,0.392830,0.557512,16197
18,8,9997,edgetpu,cifar100,71.520000,0.729986,0.557512,16197
18,8,3303,edgetpu,cifar100,62.420000,0.392593,0.557512,16197
18,8,1425,edgetpu,cifar100,72.093330,0.910660,0.557512,16197
18,8,14945,edgetpu,cifar100,58.500000,0.354940,0.557512,16197
18,8,4418,edgetpu,cifar100,72.746666,1.093699,0.557512,16197
18,9,3540,eyeriss,cifar100,71.500000,4.877440,0.468296,16581
18,9,14714,eyeriss,cifar100,71.280000,4.140160,0.468296,16581
18,9,11973,eyeriss,cifar100,70.340000,3.402880,0.468296,16581
18,9,12820,eyeriss,cifar100,67.720000,2.419840,0.468296,16581
18,9,14112,eyeriss,cifar100,68.386665,2.911360,0.468296,16581
18,9,10689,eyeriss,cifar100,67.500000,2.174080,0.468296,16581
18,9,11301,eyeriss,cifar100,68.220000,2.665600,0.468296,16581
18,9,6925,eyeriss,cifar100,71.220000,3.894400,0.468296,16581
18,9,9930,eyeriss,cifar100,73.513336,9.055360,0.468296,16581
18,9,5651,eyeriss,cifar100,64.690000,1.928320,0.468296,16581
18,9,12574,eyeriss,cifar100,72.740000,5.123200,0.468296,16581
18,9,12761,eyeriss,cifar100,72.860000,6.352000,0.468296,16581
18,9,5084,eyeriss,cifar100,58.813330,1.682560,0.468296,16581
18,9,3888,eyeriss,cifar100,73.260000,6.597760,0.468296,16581
18,9,6787,eyeriss,cifar100,70.720000,3.648640,0.468296,16581
18,10,12295,fpga,cifar100,71.160000,3.648160,0.460512,16303
18,10,3888,fpga,cifar100,73.260000,5.936160,0.460512,16303
18,10,6787,fpga,cifar100,70.720000,3.420960,0.460512,16303
18,10,3540,fpga,cifar100,71.500000,4.163360,0.460512,16303
18,10,12820,fpga,cifar100,67.720000,2.678560,0.460512,16303
18,10,12761,fpga,cifar100,72.860000,5.420960,0.460512,16303
18,10,10689,fpga,cifar100,67.500000,2.163360,0.460512,16303
18,10,6925,fpga,cifar100,71.220000,3.936160,0.460512,16303
18,10,5084,fpga,cifar100,58.813330,1.132960,0.460512,16303
18,10,11973,fpga,cifar100,70.340000,2.905760,0.460512,16303
18,10,12574,fpga,cifar100,72.740000,4.678560,0.460512,16303
18,10,4249,fpga,cifar100,65.080000,2.057760,0.460512,16303
18,10,5651,fpga,cifar100,64.690000,1.648160,0.460512,16303
18,10,7250,fpga,cifar100,67.706665,2.390560,0.460512,16303
18,10,9930,fpga,cifar100,73.513336,7.420960,0.460512,16303
18,11,11301,pixel3,cifar100,68.220000,5.352090,0.657429,16209
18,11,14112,pixel3,cifar100,68.386665,5.745320,0.657429,16209
18,11,777,pixel3,cifar100,58.650000,1.087020,0.657429,16209
18,11,12970,pixel3,cifar100,68.140000,4.782110,0.657429,16209
18,11,8912,pixel3,cifar100,59.200000,1.478790,0.657429,16209
18,11,906,pixel3,cifar100,62.393333,1.661810,0.657429,16209
18,11,858,pixel3,cifar100,64.133330,2.003500,0.657429,16209
18,11,1409,pixel3,cifar100,58.853333,1.275090,0.657429,16209
18,11,4409,pixel3,cifar100,67.173330,3.113370,0.657429,16209
18,11,1631,pixel3,cifar100,63.986668,1.805000,0.657429,16209
18,11,6925,pixel3,cifar100,71.220000,10.688000,0.657429,16209
18,11,15363,pixel3,cifar100,70.520000,9.708640,0.657429,16209
18,11,699,pixel3,cifar100,72.240000,12.079400,0.657429,16209
18,11,5651,pixel3,cifar100,64.690000,2.376870,0.657429,16209
18,11,8323,pixel3,cifar100,67.080000,3.106340,0.657429,16209
18,11,1090,pixel3,cifar100,65.220000,2.811310,0.657429,16209
18,11,8638,pixel3,cifar100,58.860000,1.478570,0.657429,16209
18,11,898,pixel3,cifar100,70.000000,6.516140,0.657429,16209
18,11,1357,pixel3,cifar100,67.480000,3.998260,0.657429,16209
18,11,11000,pixel3,cifar100,71.180000,10.677600,0.657429,16209
18,11,6337,pixel3,cifar100,1.000000,0.008753,0.657429,16209
18,11,12574,pixel3,cifar100,72.740000,16.473900,0.657429,16209
18,11,1593,pixel3,cifar100,62.126667,1.582050,0.657429,16209
18,11,9930,pixel3,cifar100,73.513336,42.003600,0.657429,16209
18,11,4432,pixel3,cifar100,66.486664,3.105870,0.657429,16209
18,11,1450,pixel3,cifar100,70.506670,9.337360,0.657429,16209
18,11,3888,pixel3,cifar100,73.260000,23.477200,0.657429,16209
18,11,857,pixel3,cifar100,72.880000,19.113200,0.657429,16209
18,11,485,pixel3,cifar100,67.593330,4.124800,0.657429,16209
18,11,1459,pixel3,cifar100,73.140000,23.437900,0.657429,16209
18,11,4659,pixel3,cifar100,70.060000,9.026280,0.657429,16209
18,11,6787,pixel3,cifar100,70.720000,9.854430,0.657429,16209
18,11,1416,pixel3,cifar100,64.493330,2.084060,0.657429,16209
18,11,1616,pixel3,cifar100,63.946667,1.731160,0.657429,16209
18,12,6918,raspi4,cifar100,58.800000,2.571364,0.662064,16284
18,12,12761,raspi4,cifar100,72.860000,53.718200,0.662064,16284
18,12,1459,raspi4,cifar100,73.140000,53.879950,0.662064,16284
18,12,10042,raspi4,cifar100,64.880000,5.100886,0.662064,16284
18,12,6787,raspi4,cifar100,70.720000,23.081835,0.662064,16284
18,12,10222,raspi4,cifar100,58.860000,2.747804,0.662064,16284
18,12,2222,raspi4,cifar100,58.313330,2.538255,0.662064,16284
18,12,4409,raspi4,cifar100,67.173330,7.228629,0.662064,16284
18,12,6822,raspi4,cifar100,58.426666,2.558594,0.662064,16284
18,12,12915,raspi4,cifar100,66.950000,7.226311,0.662064,16284
18,12,3888,raspi4,cifar100,73.260000,55.029520,0.662064,16284
18,12,14112,raspi4,cifar100,68.386665,14.423308,0.662064,16284
18,12,9930,raspi4,cifar100,73.513336,71.152000,0.662064,16284
18,12,14714,raspi4,cifar100,71.280000,24.692347,0.662064,16284
18,12,15363,raspi4,cifar100,70.520000,21.809430,0.662064,16284
18,12,7030,raspi4,cifar100,69.600000,19.218203,0.662064,16284
18,12,13430,raspi4,cifar100,66.700000,7.203785,0.662064,16284
18,12,6925,raspi4,cifar100,71.220000,24.195030,0.662064,16284
18,12,8720,raspi4,cifar100,64.130000,5.082239,0.662064,16284
18,12,15589,raspi4,cifar100,59.060000,2.795078,0.662064,16284
18,12,12574,raspi4,cifar100,72.740000,36.371254,0.662064,16284
18,12,9271,raspi4,cifar100,63.400000,4.800893,0.662064,16284
18,12,14612,raspi4,cifar100,58.720000,2.563505,0.662064,16284
18,12,898,raspi4,cifar100,70.000000,21.506163,0.662064,16284
18,12,12607,raspi4,cifar100,62.600000,4.779045,0.662064,16284
18,12,8912,raspi4,cifar100,59.200000,2.818969,0.662064,16284
18,12,14792,raspi4,cifar100,69.500000,19.111843,0.662064,16284
18,12,9997,raspi4,cifar100,71.520000,34.996710,0.662064,16284
18,12,9926,raspi4,cifar100,63.520000,4.999532,0.662064,16284
18,12,2035,raspi4,cifar100,63.926666,5.005698,0.662064,16284
18,12,3408,raspi4,cifar100,63.993332,5.081906,0.662064,16284
18,12,4418,raspi4,cifar100,72.746666,47.162354,0.662064,16284
18,12,8740,raspi4,cifar100,1.000000,0.015215,0.662064,16284
18,12,375,raspi4,cifar100,64.440000,5.099302,0.662064,16284
18,12,7891,raspi4,cifar100,67.550000,12.536592,0.662064,16284
18,12,1572,raspi4,cifar100,69.900000,19.916142,0.662064,16284
18,12,3487,raspi4,cifar100,70.093330,21.603350,0.662064,16284
18,12,10689,raspi4,cifar100,67.500000,7.381845,0.662064,16284
18,13,4988,edgegpu,ImageNet16-120,28.933332,1.448212,0.628575,16434
18,13,4587,edgegpu,ImageNet16-120,28.800000,1.445131,0.628575,16434
18,13,15376,edgegpu,ImageNet16-120,0.833333,0.533953,0.628575,16434
18,13,12081,edgegpu,ImageNet16-120,40.233334,2.730479,0.628575,16434
18,13,6950,edgegpu,ImageNet16-120,38.700000,1.740150,0.628575,16434
18,13,9586,edgegpu,ImageNet16-120,46.933334,5.222673,0.628575,16434
18,13,5751,edgegpu,ImageNet16-120,40.044445,2.434626,0.628575,16434
18,13,15159,edgegpu,ImageNet16-120,45.566666,4.632421,0.628575,16434
18,13,4946,edgegpu,ImageNet16-120,44.700000,3.490419,0.628575,16434
18,13,9722,edgegpu,ImageNet16-120,44.000000,3.327813,0.628575,16434
18,13,10947,edgegpu,ImageNet16-120,39.944443,1.909800,0.628575,16434
18,13,8426,edgegpu,ImageNet16-120,44.633335,3.370147,0.628575,16434
18,13,1164,edgegpu,ImageNet16-120,28.522223,1.435223,0.628575,16434
18,13,7187,edgegpu,ImageNet16-120,28.683332,1.443858,0.628575,16434
18,13,8401,edgegpu,ImageNet16-120,43.833332,3.322444,0.628575,16434
18,13,15288,edgegpu,ImageNet16-120,28.422222,1.417041,0.628575,16434
18,13,13760,edgegpu,ImageNet16-120,32.333332,1.739759,0.628575,16434
18,13,7760,edgegpu,ImageNet16-120,39.100000,1.743751,0.628575,16434
18,13,14117,edgegpu,ImageNet16-120,28.677778,1.435547,0.628575,16434
18,13,454,edgegpu,ImageNet16-120,41.277780,3.303313,0.628575,16434
18,13,2650,edgegpu,ImageNet16-120,42.433334,3.309817,0.628575,16434
18,13,8884,edgegpu,ImageNet16-120,45.033333,3.499999,0.628575,16434
18,13,4332,edgegpu,ImageNet16-120,39.444443,1.745496,0.628575,16434
18,13,11217,edgegpu,ImageNet16-120,43.466667,3.316708,0.628575,16434
18,13,12415,edgegpu,ImageNet16-120,46.566666,4.667692,0.628575,16434
18,13,4160,edgegpu,ImageNet16-120,39.833332,1.756272,0.628575,16434
18,13,14612,edgegpu,ImageNet16-120,28.488890,1.434064,0.628575,16434
18,13,15383,edgegpu,ImageNet16-120,47.033333,6.262836,0.628575,16434
18,13,13411,edgegpu,ImageNet16-120,31.855556,1.736240,0.628575,16434
18,13,857,edgegpu,ImageNet16-120,47.311110,6.707663,0.628575,16434
18,13,14840,edgegpu,ImageNet16-120,45.311110,4.224715,0.628575,16434
18,14,12415,edgetpu,ImageNet16-120,46.566666,0.710906,0.509910,15934
18,14,3540,edgetpu,ImageNet16-120,45.122223,0.648670,0.509910,15934
18,14,15014,edgetpu,ImageNet16-120,28.266666,0.358110,0.509910,15934
18,14,70,edgetpu,ImageNet16-120,39.377777,0.428228,0.509910,15934
18,14,4830,edgetpu,ImageNet16-120,42.233334,0.549457,0.509910,15934
18,14,11885,edgetpu,ImageNet16-120,39.166668,0.427395,0.509910,15934
18,14,4160,edgetpu,ImageNet16-120,39.833332,0.430355,0.509910,15934
18,14,13769,edgetpu,ImageNet16-120,41.555557,0.549360,0.509910,15934
18,14,13931,edgetpu,ImageNet16-120,28.788889,0.360349,0.509910,15934
18,14,15383,edgetpu,ImageNet16-120,47.033333,0.780914,0.509910,15934
18,14,7750,edgetpu,ImageNet16-120,43.066666,0.551617,0.509910,15934
18,14,15363,edgetpu,ImageNet16-120,44.333332,0.582280,0.509910,15934
18,14,9689,edgetpu,ImageNet16-120,42.533333,0.549702,0.509910,15934
18,14,8447,edgetpu,ImageNet16-120,40.011112,0.514586,0.509910,15934
18,14,7431,edgetpu,ImageNet16-120,32.577778,0.363954,0.509910,15934
18,14,7273,edgetpu,ImageNet16-120,42.966667,0.550014,0.509910,15934
18,14,5724,edgetpu,ImageNet16-120,28.366667,0.359987,0.509910,15934
18,14,10332,edgetpu,ImageNet16-120,40.033333,0.516152,0.509910,15934
18,14,10750,edgetpu,ImageNet16-120,44.600000,0.615553,0.509910,15934
18,14,7837,edgetpu,ImageNet16-120,32.111110,0.363571,0.509910,15934
18,14,6950,edgetpu,ImageNet16-120,38.700000,0.427379,0.509910,15934
18,14,8884,edgetpu,ImageNet16-120,45.033333,0.615792,0.509910,15934
18,14,13097,edgetpu,ImageNet16-120,39.655556,0.428424,0.509910,15934
18,14,10167,edgetpu,ImageNet16-120,39.944443,0.444058,0.509910,15934
18,14,4988,edgetpu,ImageNet16-120,28.933332,0.360694,0.509910,15934
18,14,6520,edgetpu,ImageNet16-120,32.383335,0.363944,0.509910,15934
18,14,5530,edgetpu,ImageNet16-120,42.577778,0.549937,0.509910,15934
18,14,4627,edgetpu,ImageNet16-120,43.500000,0.552306,0.509910,15934
18,14,14840,edgetpu,ImageNet16-120,45.311110,0.666690,0.509910,15934
18,14,15107,edgetpu,ImageNet16-120,39.800000,0.430284,0.509910,15934
18,14,5586,edgetpu,ImageNet16-120,40.811110,0.546420,0.509910,15934
18,14,5751,edgetpu,ImageNet16-120,40.044445,0.516992,0.509910,15934
18,14,10888,edgetpu,ImageNet16-120,28.333334,0.359044,0.509910,15934
18,14,6407,edgetpu,ImageNet16-120,32.333332,0.363748,0.509910,15934
18,14,11079,edgetpu,ImageNet16-120,43.566666,0.552430,0.509910,15934
18,14,14677,edgetpu,ImageNet16-120,33.233334,0.364575,0.509910,15934
18,14,11282,edgetpu,ImageNet16-120,39.633335,0.428409,0.509910,15934
18,14,7396,edgetpu,ImageNet16-120,40.177776,0.517218,0.509910,15934
18,14,6858,edgetpu,ImageNet16-120,40.333332,0.541300,0.509910,15934
18,14,13972,edgetpu,ImageNet16-120,31.933332,0.363440,0.509910,15934
18,14,14662,edgetpu,ImageNet16-120,41.166668,0.547835,0.509910,15934
18,15,6854,eyeriss,ImageNet16-120,40.800000,0.668800,0.461532,16522
18,15,8853,eyeriss,ImageNet16-120,45.600000,1.037440,0.461532,16522
18,15,1939,eyeriss,ImageNet16-120,45.077778,0.976000,0.461532,16522
18,15,4988,eyeriss,ImageNet16-120,28.933332,0.423040,0.461532,16522
18,15,857,eyeriss,ImageNet16-120,47.311110,1.651840,0.461532,16522
18,15,8008,eyeriss,ImageNet16-120,43.500000,0.853120,0.461532,16522
18,15,2835,eyeriss,ImageNet16-120,38.222220,0.545920,0.461532,16522
18,15,15383,eyeriss,ImageNet16-120,47.033333,1.283200,0.461532,16522
18,15,6787,eyeriss,ImageNet16-120,44.400000,0.914560,0.461532,16522
18,15,4829,eyeriss,ImageNet16-120,34.200000,0.484480,0.461532,16522
18,15,14417,eyeriss,ImageNet16-120,45.900000,1.098880,0.461532,16522
18,15,735,eyeriss,ImageNet16-120,38.544445,0.607360,0.461532,16522
18,16,14748,fpga,ImageNet16-120,44.900000,0.995200,0.490590,16347
18,16,4829,fpga,ImageNet16-120,34.200000,0.415520,0.490590,16347
18,16,11079,fpga,ImageNet16-120,43.566666,0.902400,0.490590,16347
18,16,15383,fpga,ImageNet16-120,47.033333,1.504000,0.490590,16347
18,16,6787,fpga,ImageNet16-120,44.400000,0.969600,0.490590,16347
18,16,2835,fpga,ImageNet16-120,38.222220,0.546720,0.490590,16347
18,16,6868,fpga,ImageNet16-120,39.000000,0.649120,0.490590,16347
18,16,5793,fpga,ImageNet16-120,35.033333,0.517920,0.490590,16347
18,16,4988,fpga,ImageNet16-120,28.933332,0.284320,0.490590,16347
18,16,1939,fpga,ImageNet16-120,45.077778,1.062400,0.490590,16347
18,16,10017,fpga,ImageNet16-120,40.566666,0.784000,0.490590,16347
18,16,8008,fpga,ImageNet16-120,43.500000,0.876800,0.490590,16347
18,16,6854,fpga,ImageNet16-120,40.800000,0.809120,0.490590,16347
18,16,14417,fpga,ImageNet16-120,45.900000,1.276320,0.490590,16347
18,16,12452,fpga,ImageNet16-120,40.533333,0.780320,0.490590,16347
18,16,857,fpga,ImageNet16-120,47.311110,2.038400,0.490590,16347
18,16,15446,fpga,ImageNet16-120,45.766666,1.116320,0.490590,16347
18,17,11079,pixel3,ImageNet16-120,43.566666,2.479610,0.675823,16215
18,17,872,pixel3,ImageNet16-120,41.777780,2.465030,0.675823,16215
18,17,13059,pixel3,ImageNet16-120,34.266666,0.668679,0.675823,16215
18,17,6014,pixel3,ImageNet16-120,28.533333,0.423391,0.675823,16215
18,17,11000,pixel3,ImageNet16-120,44.866665,2.962520,0.675823,16215
18,17,2018,pixel3,ImageNet16-120,46.433334,4.949210,0.675823,16215
18,17,1110,pixel3,ImageNet16-120,28.600000,0.423927,0.675823,16215
18,17,14417,pixel3,ImageNet16-120,45.900000,4.143030,0.675823,16215
18,17,4004,pixel3,ImageNet16-120,42.811110,2.467510,0.675823,16215
18,17,4587,pixel3,ImageNet16-120,28.800000,0.445767,0.675823,16215
18,17,1204,pixel3,ImageNet16-120,37.844444,0.864966,0.675823,16215
18,17,8584,pixel3,ImageNet16-120,34.088890,0.664046,0.675823,16215
18,17,2899,pixel3,ImageNet16-120,43.911110,2.701210,0.675823,16215
18,17,3728,pixel3,ImageNet16-120,28.500000,0.422880,0.675823,16215
18,17,15446,pixel3,ImageNet16-120,45.766666,3.439380,0.675823,16215
18,17,4895,pixel3,ImageNet16-120,33.200000,0.619070,0.675823,16215
18,17,10154,pixel3,ImageNet16-120,46.133335,4.783700,0.675823,16215
18,17,6854,pixel3,ImageNet16-120,40.800000,1.621620,0.675823,16215
18,17,1425,pixel3,ImageNet16-120,45.977780,4.619290,0.675823,16215
18,17,4432,pixel3,ImageNet16-120,37.800000,0.861157,0.675823,16215
18,17,12452,pixel3,ImageNet16-120,40.533333,1.504410,0.675823,16215
18,17,12639,pixel3,ImageNet16-120,40.400000,1.304440,0.675823,16215
18,17,758,pixel3,ImageNet16-120,28.333334,0.422134,0.675823,16215
18,17,1939,pixel3,ImageNet16-120,45.077778,3.021500,0.675823,16215
18,17,1549,pixel3,ImageNet16-120,28.655556,0.424747,0.675823,16215
18,17,12506,pixel3,ImageNet16-120,43.983334,2.929990,0.675823,16215
18,17,13756,pixel3,ImageNet16-120,0.833333,0.005289,0.675823,16215
18,17,4988,pixel3,ImageNet16-120,28.933332,0.485996,0.675823,16215
18,17,898,pixel3,ImageNet16-120,42.466667,2.467210,0.675823,16215
18,17,857,pixel3,ImageNet16-120,47.311110,6.686850,0.675823,16215
18,17,4977,pixel3,ImageNet16-120,32.966667,0.617991,0.675823,16215
18,17,8954,pixel3,ImageNet16-120,28.733334,0.424855,0.675823,16215
18,17,4384,pixel3,ImageNet16-120,28.133333,0.421612,0.675823,16215
18,17,12466,pixel3,ImageNet16-120,46.100000,4.680280,0.675823,16215
18,17,12424,pixel3,ImageNet16-120,43.133330,2.470150,0.675823,16215
18,17,15383,pixel3,ImageNet16-120,47.033333,5.191720,0.675823,16215
18,17,2835,pixel3,ImageNet16-120,38.222220,0.868646,0.675823,16215
18,17,735,pixel3,ImageNet16-120,38.544445,1.107950,0.675823,16215
18,18,933,raspi4,ImageNet16-120,0.833333,0.011514,0.667173,16140
18,18,10217,raspi4,ImageNet16-120,45.100000,6.109362,0.667173,16140
18,18,3960,raspi4,ImageNet16-120,37.755554,2.197980,0.667173,16140
18,18,12505,raspi4,ImageNet16-120,39.283333,3.062432,0.667173,16140
18,18,11079,raspi4,ImageNet16-120,43.566666,3.802027,0.667173,16140
18,18,10472,raspi4,ImageNet16-120,39.633335,3.079679,0.667173,16140
18,18,4988,raspi4,ImageNet16-120,28.933332,1.003251,0.667173,16140
18,18,11946,raspi4,ImageNet16-120,28.200000,0.940293,0.667173,16140
18,18,13931,raspi4,ImageNet16-120,28.788889,0.956195,0.667173,16140
18,18,1188,raspi4,ImageNet16-120,32.455555,1.526725,0.667173,16140
18,18,6854,raspi4,ImageNet16-120,40.800000,3.661016,0.667173,16140
18,18,7187,raspi4,ImageNet16-120,28.683332,0.952790,0.667173,16140
18,18,10835,raspi4,ImageNet16-120,45.233334,6.632419,0.667173,16140
18,18,15363,raspi4,ImageNet16-120,44.333332,4.480516,0.667173,16140
18,18,6787,raspi4,ImageNet16-120,44.400000,4.532777,0.667173,16140
18,18,2779,raspi4,ImageNet16-120,37.355556,2.190654,0.667173,16140
18,18,219,raspi4,ImageNet16-120,42.500000,3.768475,0.667173,16140
18,18,1939,raspi4,ImageNet16-120,45.077778,5.341908,0.667173,16140
18,18,15383,raspi4,ImageNet16-120,47.033333,8.565354,0.667173,16140
18,18,857,raspi4,ImageNet16-120,47.311110,9.020064,0.667173,16140
18,18,9032,raspi4,ImageNet16-120,38.016666,2.201532,0.667173,16140
18,18,5637,raspi4,ImageNet16-120,33.933334,1.580707,0.667173,16140
18,18,11584,raspi4,ImageNet16-120,46.666668,8.014434,0.667173,16140
18,18,1204,raspi4,ImageNet16-120,37.844444,2.199356,0.667173,16140
18,18,15107,raspi4,ImageNet16-120,39.800000,3.083329,0.667173,16140
18,18,3192,raspi4,ImageNet16-120,45.477780,6.675633,0.667173,16140
18,18,14417,raspi4,ImageNet16-120,45.900000,6.948865,0.667173,16140
18,18,9496,raspi4,ImageNet16-120,38.200000,2.204048,0.667173,16140
18,18,8426,raspi4,ImageNet16-120,44.633335,5.288439,0.667173,16140
18,18,4995,raspi4,ImageNet16-120,42.166668,3.766336,0.667173,16140
18,18,13771,raspi4,ImageNet16-120,32.744446,1.533813,0.667173,16140
18,18,735,raspi4,ImageNet16-120,38.544445,2.911079,0.667173,16140
18,18,7227,raspi4,ImageNet16-120,32.533333,1.530737,0.667173,16140
18,18,10017,raspi4,ImageNet16-120,40.566666,3.181383,0.667173,16140
18,18,12358,raspi4,ImageNet16-120,34.055557,1.582727,0.667173,16140
18,18,6868,raspi4,ImageNet16-120,39.000000,2.982937,0.667173,16140
18,18,3782,raspi4,ImageNet16-120,41.866665,3.755286,0.667173,16140
18,18,10167,raspi4,ImageNet16-120,39.944443,3.106316,0.667173,16140
18,18,1413,raspi4,ImageNet16-120,42.711113,3.788479,0.667173,16140
18,18,5973,raspi4,ImageNet16-120,40.100000,3.159922,0.667173,16140
18,18,8884,raspi4,ImageNet16-120,45.033333,5.293177,0.667173,16140
18,18,14677,raspi4,ImageNet16-120,33.233334,1.537227,0.667173,16140
18,18,8355,raspi4,ImageNet16-120,39.666668,3.083286,0.667173,16140
18,18,8733,raspi4,ImageNet16-120,46.600000,7.477213,0.667173,16140
18,18,14792,raspi4,ImageNet16-120,43.033333,3.792447,0.667173,16140
18,18,13059,raspi4,ImageNet16-120,34.266666,1.595651,0.667173,16140
18,18,3687,raspi4,ImageNet16-120,34.066666,1.583497,0.667173,16140
18,18,3431,raspi4,ImageNet16-120,32.966667,1.536690,0.667173,16140
18,18,14697,raspi4,ImageNet16-120,33.900000,1.580382,0.667173,16140
18,18,10715,raspi4,ImageNet16-120,45.533333,6.790813,0.667173,16140
19,1,14527,edgegpu,cifar10,86.765000,1.439619,0.522394,16411
19,1,11810,edgegpu,cifar10,92.780000,1.992798,0.522394,16411
19,1,14407,edgegpu,cifar10,86.770000,1.440282,0.522394,16411
19,1,1339,edgegpu,cifar10,92.136665,1.751881,0.522394,16411
19,1,10484,edgegpu,cifar10,93.810000,3.354015,0.522394,16411
19,1,5780,edgegpu,cifar10,93.980000,3.361888,0.522394,16411
19,1,6960,edgegpu,cifar10,92.280000,1.764450,0.522394,16411
19,1,13401,edgegpu,cifar10,87.010000,1.457009,0.522394,16411
19,1,9099,edgegpu,cifar10,93.940000,3.357520,0.522394,16411
19,1,5039,edgegpu,cifar10,10.000000,0.539684,0.522394,16411
19,1,11692,edgegpu,cifar10,94.130000,4.708362,0.522394,16411
19,1,5292,edgegpu,cifar10,94.293335,6.663151,0.522394,16411
19,1,13714,edgegpu,cifar10,94.373340,6.772180,0.522394,16411
19,1,6499,edgegpu,cifar10,93.645000,3.331041,0.522394,16411
19,1,11438,edgegpu,cifar10,92.500000,1.846719,0.522394,16411
19,1,14090,edgegpu,cifar10,92.086670,1.749086,0.522394,16411
19,1,5400,edgegpu,cifar10,86.630000,1.427460,0.522394,16411
19,1,258,edgegpu,cifar10,93.640000,3.307109,0.522394,16411
19,1,561,edgegpu,cifar10,86.880000,1.451068,0.522394,16411
19,1,2776,edgegpu,cifar10,93.666664,3.331194,0.522394,16411
19,1,1459,edgegpu,cifar10,94.296670,6.748991,0.522394,16411
19,1,6950,edgegpu,cifar10,92.000000,1.738467,0.522394,16411
19,1,2053,edgegpu,cifar10,94.206665,5.482254,0.522394,16411
19,1,6330,edgegpu,cifar10,94.006670,4.384699,0.522394,16411
19,1,1549,edgegpu,cifar10,86.710000,1.436324,0.522394,16411
19,2,7017,edgetpu,cifar10,86.970000,0.353089,0.490574,15753
19,2,5258,edgetpu,cifar10,88.775000,0.388629,0.490574,15753
19,2,2485,edgetpu,cifar10,86.700000,0.346546,0.490574,15753
19,2,6515,edgetpu,cifar10,93.616670,0.722858,0.490574,15753
19,2,6584,edgetpu,cifar10,94.160000,0.888877,0.490574,15753
19,2,6382,edgetpu,cifar10,93.376660,0.628638,0.490574,15753
19,2,6407,edgetpu,cifar10,88.933334,0.389381,0.490574,15753
19,2,5224,edgetpu,cifar10,88.980000,0.389900,0.490574,15753
19,2,5780,edgetpu,cifar10,93.980000,0.723967,0.490574,15753
19,2,4161,edgetpu,cifar10,89.250000,0.391221,0.490574,15753
19,2,5111,edgetpu,cifar10,94.306660,1.152010,0.490574,15753
19,2,3731,edgetpu,cifar10,94.343330,1.282820,0.490574,15753
19,2,11692,edgetpu,cifar10,94.130000,0.761100,0.490574,15753
19,2,13714,edgetpu,cifar10,94.373340,1.377865,0.490574,15753
19,2,1595,edgetpu,cifar10,88.963330,0.389815,0.490574,15753
19,2,10815,edgetpu,cifar10,88.970000,0.389885,0.490574,15753
19,2,9689,edgetpu,cifar10,93.370000,0.628386,0.490574,15753
19,2,10581,edgetpu,cifar10,89.015000,0.390403,0.490574,15753
19,2,797,edgetpu,cifar10,93.280000,0.627996,0.490574,15753
19,2,9380,edgetpu,cifar10,89.335000,0.395662,0.490574,15753
19,2,8192,edgetpu,cifar10,93.093330,0.627745,0.490574,15753
19,2,15000,edgetpu,cifar10,92.400000,0.481741,0.490574,15753
19,2,2053,edgetpu,cifar10,94.206665,1.042178,0.490574,15753
19,2,4806,edgetpu,cifar10,89.070000,0.390448,0.490574,15753
19,2,8008,edgetpu,cifar10,93.480000,0.629746,0.490574,15753
19,2,11438,edgetpu,cifar10,92.500000,0.482393,0.490574,15753
19,2,13611,edgetpu,cifar10,92.490000,0.481826,0.490574,15753
19,2,9950,edgetpu,cifar10,93.840000,0.723767,0.490574,15753
19,2,10683,edgetpu,cifar10,92.330000,0.481277,0.490574,15753
19,2,11810,edgetpu,cifar10,92.780000,0.482879,0.490574,15753
19,2,11112,edgetpu,cifar10,92.110000,0.480732,0.490574,15753
19,3,6584,eyeriss,cifar10,94.160000,4.874420,0.514450,16662
19,3,8592,eyeriss,cifar10,93.750000,3.891380,0.514450,16662
19,3,8008,eyeriss,cifar10,93.480000,3.399860,0.514450,16662
19,3,5111,eyeriss,cifar10,94.306660,5.365940,0.514450,16662
19,3,6854,eyeriss,cifar10,91.040000,2.662580,0.514450,16662
19,3,6899,eyeriss,cifar10,90.900000,2.416820,0.514450,16662
19,3,3731,eyeriss,cifar10,94.343330,6.594740,0.514450,16662
19,3,14112,eyeriss,cifar10,91.296670,2.908340,0.514450,16662
19,3,6111,eyeriss,cifar10,94.373340,7.823540,0.514450,16662
19,3,10412,eyeriss,cifar10,93.530000,3.645620,0.514450,16662
19,3,8323,eyeriss,cifar10,90.870000,2.171060,0.514450,16662
19,3,11472,eyeriss,cifar10,93.970000,4.628660,0.514450,16662
19,3,4384,eyeriss,cifar10,86.796670,1.679540,0.514450,16662
19,3,13611,eyeriss,cifar10,92.490000,3.154100,0.514450,16662
19,3,13714,eyeriss,cifar10,94.373340,7.823540,0.514450,16662
19,3,12438,eyeriss,cifar10,89.875000,1.925300,0.514450,16662
19,4,13714,fpga,cifar10,94.373340,6.678560,0.469580,16202
19,4,5111,fpga,cifar10,94.306660,5.193760,0.469580,16202
19,4,13987,fpga,cifar10,93.596664,3.420960,0.469580,16202
19,4,8323,fpga,cifar10,90.870000,2.163360,0.469580,16202
19,4,11472,fpga,cifar10,93.970000,3.648160,0.469580,16202
19,4,11692,fpga,cifar10,94.130000,4.163360,0.469580,16202
19,4,3731,fpga,cifar10,94.343330,5.936160,0.469580,16202
19,4,8008,fpga,cifar10,93.480000,2.905760,0.469580,16202
19,4,3687,fpga,cifar10,89.820000,1.648160,0.469580,16202
19,4,4384,fpga,cifar10,86.796670,1.132960,0.469580,16202
19,4,6111,fpga,cifar10,94.373340,6.678560,0.469580,16202
19,4,15295,fpga,cifar10,90.050000,2.057760,0.469580,16202
19,4,10431,fpga,cifar10,87.000000,1.542560,0.469580,16202
19,4,13611,fpga,cifar10,92.490000,2.390560,0.469580,16202
19,5,13171,pixel3,cifar10,93.530000,7.717220,0.630519,16270
19,5,8323,pixel3,cifar10,90.870000,3.106420,0.630519,16270
19,5,2035,pixel3,cifar10,89.670000,1.706480,0.630519,16270
19,5,6434,pixel3,cifar10,91.080000,4.811140,0.630519,16270
19,5,6382,pixel3,cifar10,93.376660,7.048190,0.630519,16270
19,5,2018,pixel3,cifar10,94.063330,14.960500,0.630519,16270
19,5,11692,pixel3,cifar10,94.130000,15.490100,0.630519,16270
19,5,13987,pixel3,cifar10,93.596664,9.922680,0.630519,16270
19,5,11972,pixel3,cifar10,91.510000,5.627010,0.630519,16270
19,5,2779,pixel3,cifar10,90.806660,3.102950,0.630519,16270
19,5,13869,pixel3,cifar10,93.656670,10.634700,0.630519,16270
19,5,6854,pixel3,cifar10,91.040000,4.514220,0.630519,16270
19,5,5111,pixel3,cifar10,94.306660,17.584600,0.630519,16270
19,5,6899,pixel3,cifar10,90.900000,3.961410,0.630519,16270
19,5,8592,pixel3,cifar10,93.750000,10.769800,0.630519,16270
19,5,1941,pixel3,cifar10,93.533330,9.128690,0.630519,16270
19,5,9230,pixel3,cifar10,86.580000,1.056760,0.630519,16270
19,5,7197,pixel3,cifar10,90.366670,2.447670,0.630519,16270
19,5,10689,pixel3,cifar10,90.790000,2.669770,0.630519,16270
19,5,1943,pixel3,cifar10,93.116670,6.492030,0.630519,16270
19,5,4627,pixel3,cifar10,93.270000,7.036050,0.630519,16270
19,5,1894,pixel3,cifar10,92.110000,5.778250,0.630519,16270
19,5,6999,pixel3,cifar10,93.820000,12.260900,0.630519,16270
19,5,1425,pixel3,cifar10,93.933334,12.536500,0.630519,16270
19,5,55,pixel3,cifar10,86.756670,1.057440,0.630519,16270
19,5,1781,pixel3,cifar10,89.883330,1.712020,0.630519,16270
19,5,7001,pixel3,cifar10,10.000000,0.003277,0.630519,16270
19,5,5224,pixel3,cifar10,88.980000,1.570360,0.630519,16270
19,5,7017,pixel3,cifar10,86.970000,1.403930,0.630519,16270
19,5,12452,pixel3,cifar10,91.350000,5.590110,0.630519,16270
19,5,1339,pixel3,cifar10,92.136665,5.802240,0.630519,16270
19,5,8695,pixel3,cifar10,94.220000,17.564500,0.630519,16270
19,5,1804,pixel3,cifar10,89.063330,1.579900,0.630519,16270
19,5,3385,pixel3,cifar10,93.990000,13.656500,0.630519,16270
19,5,1416,pixel3,cifar10,89.546670,1.691430,0.630519,16270
19,5,1497,pixel3,cifar10,86.556660,1.056630,0.630519,16270
19,5,3731,pixel3,cifar10,94.343330,23.361300,0.630519,16270
19,5,6111,pixel3,cifar10,94.373340,23.584800,0.630519,16270
19,5,6918,pixel3,cifar10,87.000000,1.478790,0.630519,16270
19,5,6624,pixel3,cifar10,89.120000,1.670570,0.630519,16270
19,5,25,pixel3,cifar10,86.540000,1.054570,0.630519,16270
19,5,6584,pixel3,cifar10,94.160000,15.720300,0.630519,16270
19,5,6985,pixel3,cifar10,89.940000,2.367450,0.630519,16270
19,6,11972,raspi4,cifar10,91.510000,12.403558,0.598200,16189
19,6,13846,raspi4,cifar10,90.720000,7.176163,0.598200,16189
19,6,13611,raspi4,cifar10,92.490000,18.523302,0.598200,16189
19,6,1962,raspi4,cifar10,86.530000,2.529453,0.598200,16189
19,6,8323,raspi4,cifar10,90.870000,7.426308,0.598200,16189
19,6,9380,raspi4,cifar10,89.335000,4.875613,0.598200,16189
19,6,8426,raspi4,cifar10,93.840000,31.394428,0.598200,16189
19,6,1941,raspi4,cifar10,93.533330,25.121769,0.598200,16189
19,6,1804,raspi4,cifar10,89.063330,4.791845,0.598200,16189
19,6,10412,raspi4,cifar10,93.530000,25.079220,0.598200,16189
19,6,7017,raspi4,cifar10,86.970000,2.544041,0.598200,16189
19,6,12505,raspi4,cifar10,92.150000,16.747276,0.598200,16189
19,6,1690,raspi4,cifar10,86.646670,2.536549,0.598200,16189
19,6,11810,raspi4,cifar10,92.780000,18.619905,0.598200,16189
19,6,8592,raspi4,cifar10,93.750000,25.477009,0.598200,16189
19,6,5111,raspi4,cifar10,94.306660,41.756905,0.598200,16189
19,6,14565,raspi4,cifar10,88.880000,4.781183,0.598200,16189
19,6,9980,raspi4,cifar10,10.000000,0.011284,0.598200,16189
19,6,5780,raspi4,cifar10,93.980000,34.928463,0.598200,16189
19,6,6918,raspi4,cifar10,87.000000,2.787590,0.598200,16189
19,6,6382,raspi4,cifar10,93.376660,21.461164,0.598200,16189
19,6,9271,raspi4,cifar10,89.250000,4.830311,0.598200,16189
19,6,8008,raspi4,cifar10,93.480000,22.571420,0.598200,16189
19,6,14677,raspi4,cifar10,88.670000,4.755260,0.598200,16189
19,6,6111,raspi4,cifar10,94.373340,68.404106,0.598200,16189
19,6,2035,raspi4,cifar10,89.670000,4.984099,0.598200,16189
19,6,11692,raspi4,cifar10,94.130000,37.583630,0.598200,16189
19,6,11533,raspi4,cifar10,93.420000,21.715693,0.598200,16189
19,6,6985,raspi4,cifar10,89.940000,4.995646,0.598200,16189
19,6,6960,raspi4,cifar10,92.280000,17.162752,0.598200,16189
19,6,10275,raspi4,cifar10,91.080000,9.993188,0.598200,16189
19,6,6953,raspi4,cifar10,91.990000,15.601654,0.598200,16189
19,6,2058,raspi4,cifar10,93.270000,19.484835,0.598200,16189
19,6,3731,raspi4,cifar10,94.343330,58.070793,0.598200,16189
19,6,4210,raspi4,cifar10,89.030000,4.782748,0.598200,16189
19,7,6124,edgegpu,cifar100,68.360000,3.185835,0.487186,16423
19,7,8912,edgegpu,cifar100,59.200000,1.441355,0.487186,16423
19,7,11810,edgegpu,cifar100,68.300000,1.779551,0.487186,16423
19,7,9997,edgegpu,cifar100,71.520000,3.466139,0.487186,16423
19,7,8401,edgegpu,cifar100,71.080000,3.302102,0.487186,16423
19,7,1425,edgegpu,cifar100,72.093330,5.310225,0.487186,16423
19,7,2304,edgegpu,cifar100,58.660000,1.440253,0.487186,16423
19,7,2778,edgegpu,cifar100,72.993330,6.134028,0.487186,16423
19,7,9930,edgegpu,cifar100,73.513336,6.803060,0.487186,16423
19,7,4954,edgegpu,cifar100,73.000000,6.669736,0.487186,16423
19,7,4418,edgegpu,cifar100,72.746666,5.352364,0.487186,16423
19,7,12415,edgegpu,cifar100,71.940000,4.828467,0.487186,16423
19,7,9922,edgegpu,cifar100,58.560000,1.428552,0.487186,16423
19,7,14677,edgegpu,cifar100,62.420000,1.746187,0.487186,16423
19,7,11885,edgegpu,cifar100,68.040000,1.776652,0.487186,16423
19,7,6381,edgegpu,cifar100,66.800000,1.753340,0.487186,16423
19,7,11067,edgegpu,cifar100,58.186670,1.427836,0.487186,16423
19,7,1038,edgegpu,cifar100,67.500000,1.758428,0.487186,16423
19,7,1509,edgegpu,cifar100,1.000000,0.505853,0.487186,16423
19,7,3888,edgegpu,cifar100,73.260000,6.797867,0.487186,16423
19,8,797,edgetpu,cifar100,69.580000,0.633351,0.625370,16027
19,8,12607,edgetpu,cifar100,62.600000,0.392830,0.625370,16027
19,8,11112,edgetpu,cifar100,66.893330,0.486713,0.625370,16027
19,8,13829,edgetpu,cifar100,66.873340,0.485137,0.625370,16027
19,8,1110,edgetpu,cifar100,58.840000,0.355938,0.625370,16027
19,8,8638,edgetpu,cifar100,58.860000,0.356631,0.625370,16027
19,8,9271,edgetpu,cifar100,63.400000,0.393151,0.625370,16027
19,8,8401,edgetpu,cifar100,71.080000,0.728572,0.625370,16027
19,8,1425,edgetpu,cifar100,72.093330,0.910660,0.625370,16027
19,8,5019,edgetpu,cifar100,58.880000,0.357058,0.625370,16027
19,8,9930,edgetpu,cifar100,73.513336,1.454107,0.625370,16027
19,8,781,edgetpu,cifar100,67.960000,0.487922,0.625370,16027
19,8,10443,edgetpu,cifar100,68.300000,0.489020,0.625370,16027
19,8,11533,edgetpu,cifar100,69.760000,0.635877,0.625370,16027
19,8,857,edgetpu,cifar100,72.880000,1.264168,0.625370,16027
19,8,10000,edgetpu,cifar100,73.160000,1.283461,0.625370,16027
19,8,3303,edgetpu,cifar100,62.420000,0.392593,0.625370,16027
19,8,9997,edgetpu,cifar100,71.520000,0.729986,0.625370,16027
19,8,2705,edgetpu,cifar100,62.813330,0.393026,0.625370,16027
19,8,577,edgetpu,cifar100,69.680000,0.635228,0.625370,16027
19,8,8912,edgetpu,cifar100,59.200000,0.377698,0.625370,16027
19,8,4155,edgetpu,cifar100,62.306667,0.391442,0.625370,16027
19,8,12415,edgetpu,cifar100,71.940000,0.872299,0.625370,16027
19,8,14945,edgetpu,cifar100,58.500000,0.354940,0.625370,16027
19,8,1383,edgetpu,cifar100,70.273330,0.673722,0.625370,16027
19,8,777,edgetpu,cifar100,58.650000,0.355588,0.625370,16027
19,8,4418,edgetpu,cifar100,72.746666,1.093699,0.625370,16027
19,8,12574,edgetpu,cifar100,72.740000,0.932430,0.625370,16027
19,8,1996,edgetpu,cifar100,67.820000,0.486748,0.625370,16027
19,8,3888,edgetpu,cifar100,73.260000,1.316226,0.625370,16027
19,8,12761,edgetpu,cifar100,72.860000,1.225212,0.625370,16027
19,8,6358,edgetpu,cifar100,67.193340,0.486737,0.625370,16027
19,8,15363,edgetpu,cifar100,70.520000,0.676394,0.625370,16027
19,8,69,edgetpu,cifar100,71.020000,0.727259,0.625370,16027
19,8,1943,edgetpu,cifar100,69.626660,0.634759,0.625370,16027
19,8,4659,edgetpu,cifar100,70.060000,0.636433,0.625370,16027
19,9,5084,eyeriss,cifar100,58.813330,1.682560,0.471865,16517
19,9,12574,eyeriss,cifar100,72.740000,5.123200,0.471865,16517
19,9,14714,eyeriss,cifar100,71.280000,4.140160,0.471865,16517
19,9,14112,eyeriss,cifar100,68.386665,2.911360,0.471865,16517
19,9,10689,eyeriss,cifar100,67.500000,2.174080,0.471865,16517
19,9,6925,eyeriss,cifar100,71.220000,3.894400,0.471865,16517
19,9,11301,eyeriss,cifar100,68.220000,2.665600,0.471865,16517
19,9,12820,eyeriss,cifar100,67.720000,2.419840,0.471865,16517
19,9,12761,eyeriss,cifar100,72.860000,6.352000,0.471865,16517
19,9,3540,eyeriss,cifar100,71.500000,4.877440,0.471865,16517
19,9,3888,eyeriss,cifar100,73.260000,6.597760,0.471865,16517
19,9,6787,eyeriss,cifar100,70.720000,3.648640,0.471865,16517
19,9,11973,eyeriss,cifar100,70.340000,3.402880,0.471865,16517
19,9,5651,eyeriss,cifar100,64.690000,1.928320,0.471865,16517
19,9,9930,eyeriss,cifar100,73.513336,9.055360,0.471865,16517
19,10,3487,fpga,cifar100,70.093330,2.905760,0.429554,16271
19,10,5033,fpga,cifar100,59.060000,1.542560,0.429554,16271
19,10,3888,fpga,cifar100,73.260000,5.936160,0.429554,16271
19,10,12574,fpga,cifar100,72.740000,4.678560,0.429554,16271
19,10,375,fpga,cifar100,64.440000,1.648160,0.429554,16271
19,10,10689,fpga,cifar100,67.500000,2.163360,0.429554,16271
19,10,3540,fpga,cifar100,71.500000,4.163360,0.429554,16271
19,10,5084,fpga,cifar100,58.813330,1.132960,0.429554,16271
19,10,6925,fpga,cifar100,71.220000,3.936160,0.429554,16271
19,10,9997,fpga,cifar100,71.520000,4.572960,0.429554,16271
19,10,69,fpga,cifar100,71.020000,3.648160,0.429554,16271
19,10,4249,fpga,cifar100,65.080000,2.057760,0.429554,16271
19,10,9930,fpga,cifar100,73.513336,7.420960,0.429554,16271
19,10,6787,fpga,cifar100,70.720000,3.420960,0.429554,16271
19,10,12761,fpga,cifar100,72.860000,5.420960,0.429554,16271
19,10,5743,fpga,cifar100,67.800000,2.800160,0.429554,16271
19,10,15033,fpga,cifar100,67.793335,2.390560,0.429554,16271
19,10,6830,fpga,cifar100,71.460000,4.057760,0.429554,16271
19,11,777,pixel3,cifar100,58.650000,1.087020,0.674877,16393
19,11,3888,pixel3,cifar100,73.260000,23.477200,0.674877,16393
19,11,906,pixel3,cifar100,62.393333,1.661810,0.674877,16393
19,11,15363,pixel3,cifar100,70.520000,9.708640,0.674877,16393
19,11,1409,pixel3,cifar100,58.853333,1.275090,0.674877,16393
19,11,6787,pixel3,cifar100,70.720000,9.854430,0.674877,16393
19,11,12970,pixel3,cifar100,68.140000,4.782110,0.674877,16393
19,11,14112,pixel3,cifar100,68.386665,5.745320,0.674877,16393
19,11,8912,pixel3,cifar100,59.200000,1.478790,0.674877,16393
19,11,375,pixel3,cifar100,64.440000,2.363140,0.674877,16393
19,11,8638,pixel3,cifar100,58.860000,1.478570,0.674877,16393
19,11,10042,pixel3,cifar100,64.880000,2.794690,0.674877,16393
19,11,1631,pixel3,cifar100,63.986668,1.805000,0.674877,16393
19,11,11301,pixel3,cifar100,68.220000,5.352090,0.674877,16393
19,11,857,pixel3,cifar100,72.880000,19.113200,0.674877,16393
19,11,1450,pixel3,cifar100,70.506670,9.337360,0.674877,16393
19,11,485,pixel3,cifar100,67.593330,4.124800,0.674877,16393
19,11,4432,pixel3,cifar100,66.486664,3.105870,0.674877,16393
19,11,9930,pixel3,cifar100,73.513336,42.003600,0.674877,16393
19,11,12574,pixel3,cifar100,72.740000,16.473900,0.674877,16393
19,11,8323,pixel3,cifar100,67.080000,3.106340,0.674877,16393
19,11,1090,pixel3,cifar100,65.220000,2.811310,0.674877,16393
19,11,11000,pixel3,cifar100,71.180000,10.677600,0.674877,16393
19,11,6925,pixel3,cifar100,71.220000,10.688000,0.674877,16393
19,11,4659,pixel3,cifar100,70.060000,9.026280,0.674877,16393
19,11,898,pixel3,cifar100,70.000000,6.516140,0.674877,16393
19,11,699,pixel3,cifar100,72.240000,12.079400,0.674877,16393
19,11,858,pixel3,cifar100,64.133330,2.003500,0.674877,16393
19,11,5651,pixel3,cifar100,64.690000,2.376870,0.674877,16393
19,11,10689,pixel3,cifar100,67.500000,3.109220,0.674877,16393
19,11,1459,pixel3,cifar100,73.140000,23.437900,0.674877,16393
19,11,1616,pixel3,cifar100,63.946667,1.731160,0.674877,16393
19,11,6337,pixel3,cifar100,1.000000,0.008753,0.674877,16393
19,12,12915,raspi4,cifar100,66.950000,7.226311,0.588062,16276
19,12,10222,raspi4,cifar100,58.860000,2.747804,0.588062,16276
19,12,6177,raspi4,cifar100,62.373333,4.795128,0.588062,16276
19,12,6925,raspi4,cifar100,71.220000,24.195030,0.588062,16276
19,12,12574,raspi4,cifar100,72.740000,36.371254,0.588062,16276
19,12,8912,raspi4,cifar100,59.200000,2.818969,0.588062,16276
19,12,14112,raspi4,cifar100,68.386665,14.423308,0.588062,16276
19,12,10042,raspi4,cifar100,64.880000,5.100886,0.588062,16276
19,12,15589,raspi4,cifar100,59.060000,2.795078,0.588062,16276
19,12,3888,raspi4,cifar100,73.260000,55.029520,0.588062,16276
19,12,13430,raspi4,cifar100,66.700000,7.203785,0.588062,16276
19,12,375,raspi4,cifar100,64.440000,5.099302,0.588062,16276
19,12,1459,raspi4,cifar100,73.140000,53.879950,0.588062,16276
19,12,4498,raspi4,cifar100,64.086670,5.022347,0.588062,16276
19,12,2222,raspi4,cifar100,58.313330,2.538255,0.588062,16276
19,12,8740,raspi4,cifar100,1.000000,0.015215,0.588062,16276
19,12,898,raspi4,cifar100,70.000000,21.506163,0.588062,16276
19,12,6787,raspi4,cifar100,70.720000,23.081835,0.588062,16276
19,12,9271,raspi4,cifar100,63.400000,4.800893,0.588062,16276
19,12,7030,raspi4,cifar100,69.600000,19.218203,0.588062,16276
19,12,12761,raspi4,cifar100,72.860000,53.718200,0.588062,16276
19,12,1572,raspi4,cifar100,69.900000,19.916142,0.588062,16276
19,12,4409,raspi4,cifar100,67.173330,7.228629,0.588062,16276
19,12,14612,raspi4,cifar100,58.720000,2.563505,0.588062,16276
19,12,2035,raspi4,cifar100,63.926666,5.005698,0.588062,16276
19,12,15363,raspi4,cifar100,70.520000,21.809430,0.588062,16276
19,12,14714,raspi4,cifar100,71.280000,24.692347,0.588062,16276
19,12,6822,raspi4,cifar100,58.426666,2.558594,0.588062,16276
19,12,4418,raspi4,cifar100,72.746666,47.162354,0.588062,16276
19,12,6918,raspi4,cifar100,58.800000,2.571364,0.588062,16276
19,12,10689,raspi4,cifar100,67.500000,7.381845,0.588062,16276
19,12,14792,raspi4,cifar100,69.500000,19.111843,0.588062,16276
19,12,9930,raspi4,cifar100,73.513336,71.152000,0.588062,16276
19,12,9926,raspi4,cifar100,63.520000,4.999532,0.588062,16276
19,12,8720,raspi4,cifar100,64.130000,5.082239,0.588062,16276
19,12,3487,raspi4,cifar100,70.093330,21.603350,0.588062,16276
19,12,9997,raspi4,cifar100,71.520000,34.996710,0.588062,16276
19,13,4587,edgegpu,ImageNet16-120,28.800000,1.445131,0.564470,16224
19,13,6950,edgegpu,ImageNet16-120,38.700000,1.740150,0.564470,16224
19,13,15288,edgegpu,ImageNet16-120,28.422222,1.417041,0.564470,16224
19,13,7760,edgegpu,ImageNet16-120,39.100000,1.743751,0.564470,16224
19,13,8426,edgegpu,ImageNet16-120,44.633335,3.370147,0.564470,16224
19,13,2650,edgegpu,ImageNet16-120,42.433334,3.309817,0.564470,16224
19,13,8401,edgegpu,ImageNet16-120,43.833332,3.322444,0.564470,16224
19,13,4946,edgegpu,ImageNet16-120,44.700000,3.490419,0.564470,16224
19,13,9586,edgegpu,ImageNet16-120,46.933334,5.222673,0.564470,16224
19,13,1164,edgegpu,ImageNet16-120,28.522223,1.435223,0.564470,16224
19,13,11217,edgegpu,ImageNet16-120,43.466667,3.316708,0.564470,16224
19,13,4160,edgegpu,ImageNet16-120,39.833332,1.756272,0.564470,16224
19,13,8884,edgegpu,ImageNet16-120,45.033333,3.499999,0.564470,16224
19,13,9722,edgegpu,ImageNet16-120,44.000000,3.327813,0.564470,16224
19,13,10947,edgegpu,ImageNet16-120,39.944443,1.909800,0.564470,16224
19,13,14117,edgegpu,ImageNet16-120,28.677778,1.435547,0.564470,16224
19,13,4332,edgegpu,ImageNet16-120,39.444443,1.745496,0.564470,16224
19,13,4988,edgegpu,ImageNet16-120,28.933332,1.448212,0.564470,16224
19,13,15376,edgegpu,ImageNet16-120,0.833333,0.533953,0.564470,16224
19,13,5751,edgegpu,ImageNet16-120,40.044445,2.434626,0.564470,16224
19,13,14612,edgegpu,ImageNet16-120,28.488890,1.434064,0.564470,16224
19,13,12081,edgegpu,ImageNet16-120,40.233334,2.730479,0.564470,16224
19,13,7187,edgegpu,ImageNet16-120,28.683332,1.443858,0.564470,16224
19,13,12415,edgegpu,ImageNet16-120,46.566666,4.667692,0.564470,16224
19,13,6636,edgegpu,ImageNet16-120,40.544445,3.305931,0.564470,16224
19,13,13760,edgegpu,ImageNet16-120,32.333332,1.739759,0.564470,16224
19,13,14840,edgegpu,ImageNet16-120,45.311110,4.224715,0.564470,16224
19,13,13411,edgegpu,ImageNet16-120,31.855556,1.736240,0.564470,16224
19,13,12760,edgegpu,ImageNet16-120,40.833332,3.308015,0.564470,16224
19,13,15159,edgegpu,ImageNet16-120,45.566666,4.632421,0.564470,16224
19,14,12415,edgetpu,ImageNet16-120,46.566666,0.710906,0.504927,15851
19,14,5586,edgetpu,ImageNet16-120,40.811110,0.546420,0.504927,15851
19,14,13769,edgetpu,ImageNet16-120,41.555557,0.549360,0.504927,15851
19,14,10167,edgetpu,ImageNet16-120,39.944443,0.444058,0.504927,15851
19,14,6407,edgetpu,ImageNet16-120,32.333332,0.363748,0.504927,15851
19,14,14677,edgetpu,ImageNet16-120,33.233334,0.364575,0.504927,15851
19,14,6950,edgetpu,ImageNet16-120,38.700000,0.427379,0.504927,15851
19,14,10888,edgetpu,ImageNet16-120,28.333334,0.359044,0.504927,15851
19,14,3540,edgetpu,ImageNet16-120,45.122223,0.648670,0.504927,15851
19,14,11885,edgetpu,ImageNet16-120,39.166668,0.427395,0.504927,15851
19,14,4830,edgetpu,ImageNet16-120,42.233334,0.549457,0.504927,15851
19,14,12231,edgetpu,ImageNet16-120,40.200000,0.518358,0.504927,15851
19,14,8884,edgetpu,ImageNet16-120,45.033333,0.615792,0.504927,15851
19,14,15363,edgetpu,ImageNet16-120,44.333332,0.582280,0.504927,15851
19,14,7750,edgetpu,ImageNet16-120,43.066666,0.551617,0.504927,15851
19,14,13097,edgetpu,ImageNet16-120,39.655556,0.428424,0.504927,15851
19,14,8447,edgetpu,ImageNet16-120,40.011112,0.514586,0.504927,15851
19,14,5751,edgetpu,ImageNet16-120,40.044445,0.516992,0.504927,15851
19,14,10332,edgetpu,ImageNet16-120,40.033333,0.516152,0.504927,15851
19,14,4988,edgetpu,ImageNet16-120,28.933332,0.360694,0.504927,15851
19,14,70,edgetpu,ImageNet16-120,39.377777,0.428228,0.504927,15851
19,14,11282,edgetpu,ImageNet16-120,39.633335,0.428409,0.504927,15851
19,14,4160,edgetpu,ImageNet16-120,39.833332,0.430355,0.504927,15851
19,14,15107,edgetpu,ImageNet16-120,39.800000,0.430284,0.504927,15851
19,14,13972,edgetpu,ImageNet16-120,31.933332,0.363440,0.504927,15851
19,14,15383,edgetpu,ImageNet16-120,47.033333,0.780914,0.504927,15851
19,14,9689,edgetpu,ImageNet16-120,42.533333,0.549702,0.504927,15851
19,14,7431,edgetpu,ImageNet16-120,32.577778,0.363954,0.504927,15851
19,14,10017,edgetpu,ImageNet16-120,40.566666,0.524950,0.504927,15851
19,14,7837,edgetpu,ImageNet16-120,32.111110,0.363571,0.504927,15851
19,14,13931,edgetpu,ImageNet16-120,28.788889,0.360349,0.504927,15851
19,14,5724,edgetpu,ImageNet16-120,28.366667,0.359987,0.504927,15851
19,14,6520,edgetpu,ImageNet16-120,32.383335,0.363944,0.504927,15851
19,14,7357,edgetpu,ImageNet16-120,44.666668,0.600498,0.504927,15851
19,14,15014,edgetpu,ImageNet16-120,28.266666,0.358110,0.504927,15851
19,14,14662,edgetpu,ImageNet16-120,41.166668,0.547835,0.504927,15851
19,14,11079,edgetpu,ImageNet16-120,43.566666,0.552430,0.504927,15851
19,14,857,edgetpu,ImageNet16-120,47.311110,0.997730,0.504927,15851
19,14,7396,edgetpu,ImageNet16-120,40.177776,0.517218,0.504927,15851
19,14,7273,edgetpu,ImageNet16-120,42.966667,0.550014,0.504927,15851
19,14,5530,edgetpu,ImageNet16-120,42.577778,0.549937,0.504927,15851
19,14,4627,edgetpu,ImageNet16-120,43.500000,0.552306,0.504927,15851
19,15,1939,eyeriss,ImageNet16-120,45.077778,0.976000,0.483750,16560
19,15,15383,eyeriss,ImageNet16-120,47.033333,1.283200,0.483750,16560
19,15,857,eyeriss,ImageNet16-120,47.311110,1.651840,0.483750,16560
19,15,6787,eyeriss,ImageNet16-120,44.400000,0.914560,0.483750,16560
19,15,4829,eyeriss,ImageNet16-120,34.200000,0.484480,0.483750,16560
19,15,10146,eyeriss,ImageNet16-120,28.366667,0.423040,0.483750,16560
19,15,2835,eyeriss,ImageNet16-120,38.222220,0.545920,0.483750,16560
19,15,8008,eyeriss,ImageNet16-120,43.500000,0.853120,0.483750,16560
19,15,8853,eyeriss,ImageNet16-120,45.600000,1.037440,0.483750,16560
19,15,5487,eyeriss,ImageNet16-120,38.500000,0.607360,0.483750,16560
19,15,6854,eyeriss,ImageNet16-120,40.800000,0.668800,0.483750,16560
19,15,14417,eyeriss,ImageNet16-120,45.900000,1.098880,0.483750,16560
19,15,5724,eyeriss,ImageNet16-120,28.366667,0.423040,0.483750,16560
19,15,479,eyeriss,ImageNet16-120,38.500000,0.607360,0.483750,16560
19,16,6787,fpga,ImageNet16-120,44.400000,0.969600,0.489521,16262
19,16,11079,fpga,ImageNet16-120,43.566666,0.902400,0.489521,16262
19,16,2835,fpga,ImageNet16-120,38.222220,0.546720,0.489521,16262
19,16,15446,fpga,ImageNet16-120,45.766666,1.116320,0.489521,16262
19,16,4988,fpga,ImageNet16-120,28.933332,0.284320,0.489521,16262
19,16,14748,fpga,ImageNet16-120,44.900000,0.995200,0.489521,16262
19,16,15383,fpga,ImageNet16-120,47.033333,1.504000,0.489521,16262
19,16,6868,fpga,ImageNet16-120,39.000000,0.649120,0.489521,16262
19,16,6854,fpga,ImageNet16-120,40.800000,0.809120,0.489521,16262
19,16,857,fpga,ImageNet16-120,47.311110,2.038400,0.489521,16262
19,16,5793,fpga,ImageNet16-120,35.033333,0.517920,0.489521,16262
19,16,12452,fpga,ImageNet16-120,40.533333,0.780320,0.489521,16262
19,16,1939,fpga,ImageNet16-120,45.077778,1.062400,0.489521,16262
19,16,14417,fpga,ImageNet16-120,45.900000,1.276320,0.489521,16262
19,16,8008,fpga,ImageNet16-120,43.500000,0.876800,0.489521,16262
19,16,4829,fpga,ImageNet16-120,34.200000,0.415520,0.489521,16262
19,17,1939,pixel3,ImageNet16-120,45.077778,3.021500,0.630055,16241
19,17,4988,pixel3,ImageNet16-120,28.933332,0.485996,0.630055,16241
19,17,898,pixel3,ImageNet16-120,42.466667,2.467210,0.630055,16241
19,17,6854,pixel3,ImageNet16-120,40.800000,1.621620,0.630055,16241
19,17,15446,pixel3,ImageNet16-120,45.766666,3.439380,0.630055,16241
19,17,4895,pixel3,ImageNet16-120,33.200000,0.619070,0.630055,16241
19,17,1860,pixel3,ImageNet16-120,28.433332,0.422587,0.630055,16241
19,17,15383,pixel3,ImageNet16-120,47.033333,5.191720,0.630055,16241
19,17,2835,pixel3,ImageNet16-120,38.222220,0.868646,0.630055,16241
19,17,2018,pixel3,ImageNet16-120,46.433334,4.949210,0.630055,16241
19,17,25,pixel3,ImageNet16-120,28.300000,0.422510,0.630055,16241
19,17,857,pixel3,ImageNet16-120,47.311110,6.686850,0.630055,16241
19,17,10154,pixel3,ImageNet16-120,46.133335,4.783700,0.630055,16241
19,17,11000,pixel3,ImageNet16-120,44.866665,2.962520,0.630055,16241
19,17,12639,pixel3,ImageNet16-120,40.400000,1.304440,0.630055,16241
19,17,4432,pixel3,ImageNet16-120,37.800000,0.861157,0.630055,16241
19,17,3496,pixel3,ImageNet16-120,34.233334,0.670584,0.630055,16241
19,17,14417,pixel3,ImageNet16-120,45.900000,4.143030,0.630055,16241
19,17,12424,pixel3,ImageNet16-120,43.133330,2.470150,0.630055,16241
19,17,12103,pixel3,ImageNet16-120,28.250000,0.422433,0.630055,16241
19,17,1549,pixel3,ImageNet16-120,28.655556,0.424747,0.630055,16241
19,17,2899,pixel3,ImageNet16-120,43.911110,2.701210,0.630055,16241
19,17,1110,pixel3,ImageNet16-120,28.600000,0.423927,0.630055,16241
19,17,735,pixel3,ImageNet16-120,38.544445,1.107950,0.630055,16241
19,17,12452,pixel3,ImageNet16-120,40.533333,1.504410,0.630055,16241
19,17,3728,pixel3,ImageNet16-120,28.500000,0.422880,0.630055,16241
19,17,11079,pixel3,ImageNet16-120,43.566666,2.479610,0.630055,16241
19,17,1425,pixel3,ImageNet16-120,45.977780,4.619290,0.630055,16241
19,17,4977,pixel3,ImageNet16-120,32.966667,0.617991,0.630055,16241
19,17,1204,pixel3,ImageNet16-120,37.844444,0.864966,0.630055,16241
19,17,4587,pixel3,ImageNet16-120,28.800000,0.445767,0.630055,16241
19,17,12506,pixel3,ImageNet16-120,43.983334,2.929990,0.630055,16241
19,17,2050,pixel3,ImageNet16-120,0.833333,0.005526,0.630055,16241
19,17,8584,pixel3,ImageNet16-120,34.088890,0.664046,0.630055,16241
19,17,8954,pixel3,ImageNet16-120,28.733334,0.424855,0.630055,16241
19,17,12466,pixel3,ImageNet16-120,46.100000,4.680280,0.630055,16241
19,17,4004,pixel3,ImageNet16-120,42.811110,2.467510,0.630055,16241
19,17,6014,pixel3,ImageNet16-120,28.533333,0.423391,0.630055,16241
19,17,4384,pixel3,ImageNet16-120,28.133333,0.421612,0.630055,16241
19,17,2002,pixel3,ImageNet16-120,32.277780,0.617751,0.630055,16241
19,18,14792,raspi4,ImageNet16-120,43.033333,3.792447,0.715835,16209
19,18,857,raspi4,ImageNet16-120,47.311110,9.020064,0.715835,16209
19,18,933,raspi4,ImageNet16-120,0.833333,0.011514,0.715835,16209
19,18,10835,raspi4,ImageNet16-120,45.233334,6.632419,0.715835,16209
19,18,4160,raspi4,ImageNet16-120,39.833332,3.114462,0.715835,16209
19,18,1939,raspi4,ImageNet16-120,45.077778,5.341908,0.715835,16209
19,18,4988,raspi4,ImageNet16-120,28.933332,1.003251,0.715835,16209
19,18,9032,raspi4,ImageNet16-120,38.016666,2.201532,0.715835,16209
19,18,11946,raspi4,ImageNet16-120,28.200000,0.940293,0.715835,16209
19,18,5530,raspi4,ImageNet16-120,42.577778,3.785925,0.715835,16209
19,18,2779,raspi4,ImageNet16-120,37.355556,2.190654,0.715835,16209
19,18,41,raspi4,ImageNet16-120,32.388890,1.528043,0.715835,16209
19,18,15363,raspi4,ImageNet16-120,44.333332,4.480516,0.715835,16209
19,18,15383,raspi4,ImageNet16-120,47.033333,8.565354,0.715835,16209
19,18,6868,raspi4,ImageNet16-120,39.000000,2.982937,0.715835,16209
19,18,3782,raspi4,ImageNet16-120,41.866665,3.755286,0.715835,16209
19,18,12358,raspi4,ImageNet16-120,34.055557,1.582727,0.715835,16209
19,18,4995,raspi4,ImageNet16-120,42.166668,3.766336,0.715835,16209
19,18,1413,raspi4,ImageNet16-120,42.711113,3.788479,0.715835,16209
19,18,9496,raspi4,ImageNet16-120,38.200000,2.204048,0.715835,16209
19,18,13059,raspi4,ImageNet16-120,34.266666,1.595651,0.715835,16209
19,18,6854,raspi4,ImageNet16-120,40.800000,3.661016,0.715835,16209
19,18,8884,raspi4,ImageNet16-120,45.033333,5.293177,0.715835,16209
19,18,14417,raspi4,ImageNet16-120,45.900000,6.948865,0.715835,16209
19,18,12505,raspi4,ImageNet16-120,39.283333,3.062432,0.715835,16209
19,18,11079,raspi4,ImageNet16-120,43.566666,3.802027,0.715835,16209
19,18,14677,raspi4,ImageNet16-120,33.233334,1.537227,0.715835,16209
19,18,735,raspi4,ImageNet16-120,38.544445,2.911079,0.715835,16209
19,18,8355,raspi4,ImageNet16-120,39.666668,3.083286,0.715835,16209
19,18,7187,raspi4,ImageNet16-120,28.683332,0.952790,0.715835,16209
19,18,3960,raspi4,ImageNet16-120,37.755554,2.197980,0.715835,16209
19,18,5637,raspi4,ImageNet16-120,33.933334,1.580707,0.715835,16209
19,18,10472,raspi4,ImageNet16-120,39.633335,3.079679,0.715835,16209
19,18,3687,raspi4,ImageNet16-120,34.066666,1.583497,0.715835,16209
19,18,219,raspi4,ImageNet16-120,42.500000,3.768475,0.715835,16209
19,18,13931,raspi4,ImageNet16-120,28.788889,0.956195,0.715835,16209
19,18,1204,raspi4,ImageNet16-120,37.844444,2.199356,0.715835,16209
19,18,10209,raspi4,ImageNet16-120,32.411110,1.531913,0.715835,16209
19,18,8736,raspi4,ImageNet16-120,45.700000,6.658077,0.715835,16209
19,18,10017,raspi4,ImageNet16-120,40.566666,3.181383,0.715835,16209
19,18,8683,raspi4,ImageNet16-120,44.200000,4.462997,0.715835,16209
19,18,8733,raspi4,ImageNet16-120,46.600000,7.477213,0.715835,16209
19,18,11209,raspi4,ImageNet16-120,33.266666,1.580655,0.715835,16209
19,18,5973,raspi4,ImageNet16-120,40.100000,3.159922,0.715835,16209
19,18,11584,raspi4,ImageNet16-120,46.666668,8.014434,0.715835,16209
19,18,14750,raspi4,ImageNet16-120,32.933334,1.536700,0.715835,16209
19,18,5455,raspi4,ImageNet16-120,32.611110,1.532377,0.715835,16209
19,18,8584,raspi4,ImageNet16-120,34.088890,1.586268,0.715835,16209
19,18,7357,raspi4,ImageNet16-120,44.666668,4.480689,0.715835,16209
19,18,8447,raspi4,ImageNet16-120,40.011112,3.156609,0.715835,16209
20,1,6960,edgegpu,cifar10,92.280000,1.764450,0.494420,16273
20,1,6499,edgegpu,cifar10,93.645000,3.331041,0.494420,16273
20,1,258,edgegpu,cifar10,93.640000,3.307109,0.494420,16273
20,1,9099,edgegpu,cifar10,93.940000,3.357520,0.494420,16273
20,1,5292,edgegpu,cifar10,94.293335,6.663151,0.494420,16273
20,1,15200,edgegpu,cifar10,10.000000,0.501385,0.494420,16273
20,1,5780,edgegpu,cifar10,93.980000,3.361888,0.494420,16273
20,1,5400,edgegpu,cifar10,86.630000,1.427460,0.494420,16273
20,1,14527,edgegpu,cifar10,86.765000,1.439619,0.494420,16273
20,1,561,edgegpu,cifar10,86.880000,1.451068,0.494420,16273
20,1,10484,edgegpu,cifar10,93.810000,3.354015,0.494420,16273
20,1,11810,edgegpu,cifar10,92.780000,1.992798,0.494420,16273
20,1,1339,edgegpu,cifar10,92.136665,1.751881,0.494420,16273
20,1,11692,edgegpu,cifar10,94.130000,4.708362,0.494420,16273
20,1,14090,edgegpu,cifar10,92.086670,1.749086,0.494420,16273
20,1,2776,edgegpu,cifar10,93.666664,3.331194,0.494420,16273
20,1,6330,edgegpu,cifar10,94.006670,4.384699,0.494420,16273
20,1,13714,edgegpu,cifar10,94.373340,6.772180,0.494420,16273
20,1,2053,edgegpu,cifar10,94.206665,5.482254,0.494420,16273
20,1,1459,edgegpu,cifar10,94.296670,6.748991,0.494420,16273
20,1,6950,edgegpu,cifar10,92.000000,1.738467,0.494420,16273
20,1,14407,edgegpu,cifar10,86.770000,1.440282,0.494420,16273
20,1,13401,edgegpu,cifar10,87.010000,1.457009,0.494420,16273
20,1,1549,edgegpu,cifar10,86.710000,1.436324,0.494420,16273
20,1,11438,edgegpu,cifar10,92.500000,1.846719,0.494420,16273
20,2,8192,edgetpu,cifar10,93.093330,0.627745,0.499612,15967
20,2,11438,edgetpu,cifar10,92.500000,0.482393,0.499612,15967
20,2,9722,edgetpu,cifar10,93.540000,0.723575,0.499612,15967
20,2,9689,edgetpu,cifar10,93.370000,0.628386,0.499612,15967
20,2,5258,edgetpu,cifar10,88.775000,0.388629,0.499612,15967
20,2,11692,edgetpu,cifar10,94.130000,0.761100,0.499612,15967
20,2,6407,edgetpu,cifar10,88.933334,0.389381,0.499612,15967
20,2,5224,edgetpu,cifar10,88.980000,0.389900,0.499612,15967
20,2,3731,edgetpu,cifar10,94.343330,1.282820,0.499612,15967
20,2,7017,edgetpu,cifar10,86.970000,0.353089,0.499612,15967
20,2,10815,edgetpu,cifar10,88.970000,0.389885,0.499612,15967
20,2,6382,edgetpu,cifar10,93.376660,0.628638,0.499612,15967
20,2,9380,edgetpu,cifar10,89.335000,0.395662,0.499612,15967
20,2,5111,edgetpu,cifar10,94.306660,1.152010,0.499612,15967
20,2,10581,edgetpu,cifar10,89.015000,0.390403,0.499612,15967
20,2,797,edgetpu,cifar10,93.280000,0.627996,0.499612,15967
20,2,8008,edgetpu,cifar10,93.480000,0.629746,0.499612,15967
20,2,1595,edgetpu,cifar10,88.963330,0.389815,0.499612,15967
20,2,5780,edgetpu,cifar10,93.980000,0.723967,0.499612,15967
20,2,11810,edgetpu,cifar10,92.780000,0.482879,0.499612,15967
20,2,9817,edgetpu,cifar10,93.490000,0.723286,0.499612,15967
20,2,4161,edgetpu,cifar10,89.250000,0.391221,0.499612,15967
20,2,2053,edgetpu,cifar10,94.206665,1.042178,0.499612,15967
20,2,10683,edgetpu,cifar10,92.330000,0.481277,0.499612,15967
20,2,13714,edgetpu,cifar10,94.373340,1.377865,0.499612,15967
20,2,9950,edgetpu,cifar10,93.840000,0.723767,0.499612,15967
20,2,13611,edgetpu,cifar10,92.490000,0.481826,0.499612,15967
20,2,11112,edgetpu,cifar10,92.110000,0.480732,0.499612,15967
20,2,2485,edgetpu,cifar10,86.700000,0.346546,0.499612,15967
20,3,6854,eyeriss,cifar10,91.040000,2.662580,0.486951,16499
20,3,8008,eyeriss,cifar10,93.480000,3.399860,0.486951,16499
20,3,8323,eyeriss,cifar10,90.870000,2.171060,0.486951,16499
20,3,8592,eyeriss,cifar10,93.750000,3.891380,0.486951,16499
20,3,3731,eyeriss,cifar10,94.343330,6.594740,0.486951,16499
20,3,5111,eyeriss,cifar10,94.306660,5.365940,0.486951,16499
20,3,11692,eyeriss,cifar10,94.130000,4.874420,0.486951,16499
20,3,14112,eyeriss,cifar10,91.296670,2.908340,0.486951,16499
20,3,10412,eyeriss,cifar10,93.530000,3.645620,0.486951,16499
20,3,11472,eyeriss,cifar10,93.970000,4.628660,0.486951,16499
20,3,6899,eyeriss,cifar10,90.900000,2.416820,0.486951,16499
20,3,13611,eyeriss,cifar10,92.490000,3.154100,0.486951,16499
20,3,4384,eyeriss,cifar10,86.796670,1.679540,0.486951,16499
20,3,6111,eyeriss,cifar10,94.373340,7.823540,0.486951,16499
20,3,13714,eyeriss,cifar10,94.373340,7.823540,0.486951,16499
20,3,12438,eyeriss,cifar10,89.875000,1.925300,0.486951,16499
20,4,13611,fpga,cifar10,92.490000,2.390560,0.449064,16346
20,4,10431,fpga,cifar10,87.000000,1.542560,0.449064,16346
20,4,4384,fpga,cifar10,86.796670,1.132960,0.449064,16346
20,4,8323,fpga,cifar10,90.870000,2.163360,0.449064,16346
20,4,12438,fpga,cifar10,89.875000,1.648160,0.449064,16346
20,4,13987,fpga,cifar10,93.596664,3.420960,0.449064,16346
20,4,8008,fpga,cifar10,93.480000,2.905760,0.449064,16346
20,4,13714,fpga,cifar10,94.373340,6.678560,0.449064,16346
20,4,5111,fpga,cifar10,94.306660,5.193760,0.449064,16346
20,4,6111,fpga,cifar10,94.373340,6.678560,0.449064,16346
20,4,3731,fpga,cifar10,94.343330,5.936160,0.449064,16346
20,4,11472,fpga,cifar10,93.970000,3.648160,0.449064,16346
20,4,11525,fpga,cifar10,90.000000,2.057760,0.449064,16346
20,4,6584,fpga,cifar10,94.160000,4.163360,0.449064,16346
20,5,6111,pixel3,cifar10,94.373340,23.584800,0.739732,16323
20,5,8695,pixel3,cifar10,94.220000,17.564500,0.739732,16323
20,5,6854,pixel3,cifar10,91.040000,4.514220,0.739732,16323
20,5,6382,pixel3,cifar10,93.376660,7.048190,0.739732,16323
20,5,2035,pixel3,cifar10,89.670000,1.706480,0.739732,16323
20,5,4554,pixel3,cifar10,86.670000,1.114880,0.739732,16323
20,5,1941,pixel3,cifar10,93.533330,9.128690,0.739732,16323
20,5,13987,pixel3,cifar10,93.596664,9.922680,0.739732,16323
20,5,7197,pixel3,cifar10,90.366670,2.447670,0.739732,16323
20,5,5111,pixel3,cifar10,94.306660,17.584600,0.739732,16323
20,5,8323,pixel3,cifar10,90.870000,3.106420,0.739732,16323
20,5,11692,pixel3,cifar10,94.130000,15.490100,0.739732,16323
20,5,3385,pixel3,cifar10,93.990000,13.656500,0.739732,16323
20,5,2779,pixel3,cifar10,90.806660,3.102950,0.739732,16323
20,5,13171,pixel3,cifar10,93.530000,7.717220,0.739732,16323
20,5,2018,pixel3,cifar10,94.063330,14.960500,0.739732,16323
20,5,3731,pixel3,cifar10,94.343330,23.361300,0.739732,16323
20,5,6918,pixel3,cifar10,87.000000,1.478790,0.739732,16323
20,5,4627,pixel3,cifar10,93.270000,7.036050,0.739732,16323
20,5,1497,pixel3,cifar10,86.556660,1.056630,0.739732,16323
20,5,7017,pixel3,cifar10,86.970000,1.403930,0.739732,16323
20,5,8592,pixel3,cifar10,93.750000,10.769800,0.739732,16323
20,5,1781,pixel3,cifar10,89.883330,1.712020,0.739732,16323
20,5,13869,pixel3,cifar10,93.656670,10.634700,0.739732,16323
20,5,1943,pixel3,cifar10,93.116670,6.492030,0.739732,16323
20,5,6985,pixel3,cifar10,89.940000,2.367450,0.739732,16323
20,5,6434,pixel3,cifar10,91.080000,4.811140,0.739732,16323
20,5,12452,pixel3,cifar10,91.350000,5.590110,0.739732,16323
20,5,6863,pixel3,cifar10,86.740000,1.229320,0.739732,16323
20,5,1804,pixel3,cifar10,89.063330,1.579900,0.739732,16323
20,5,9230,pixel3,cifar10,86.580000,1.056760,0.739732,16323
20,5,1425,pixel3,cifar10,93.933334,12.536500,0.739732,16323
20,5,1416,pixel3,cifar10,89.546670,1.691430,0.739732,16323
20,5,6899,pixel3,cifar10,90.900000,3.961410,0.739732,16323
20,5,8836,pixel3,cifar10,92.220000,6.313990,0.739732,16323
20,5,1339,pixel3,cifar10,92.136665,5.802240,0.739732,16323
20,5,11972,pixel3,cifar10,91.510000,5.627010,0.739732,16323
20,5,6584,pixel3,cifar10,94.160000,15.720300,0.739732,16323
20,5,6999,pixel3,cifar10,93.820000,12.260900,0.739732,16323
20,5,13096,pixel3,cifar10,90.700000,2.666040,0.739732,16323
20,5,5224,pixel3,cifar10,88.980000,1.570360,0.739732,16323
20,5,10689,pixel3,cifar10,90.790000,2.669770,0.739732,16323
20,5,1852,pixel3,cifar10,10.000000,0.003285,0.739732,16323
20,6,8323,raspi4,cifar10,90.870000,7.426308,0.625212,16204
20,6,7017,raspi4,cifar10,86.970000,2.544041,0.625212,16204
20,6,13320,raspi4,cifar10,89.330000,4.889096,0.625212,16204
20,6,8426,raspi4,cifar10,93.840000,31.394428,0.625212,16204
20,6,5111,raspi4,cifar10,94.306660,41.756905,0.625212,16204
20,6,1941,raspi4,cifar10,93.533330,25.121769,0.625212,16204
20,6,5780,raspi4,cifar10,93.980000,34.928463,0.625212,16204
20,6,13846,raspi4,cifar10,90.720000,7.176163,0.625212,16204
20,6,3731,raspi4,cifar10,94.343330,58.070793,0.625212,16204
20,6,6953,raspi4,cifar10,91.990000,15.601654,0.625212,16204
20,6,8592,raspi4,cifar10,93.750000,25.477009,0.625212,16204
20,6,6111,raspi4,cifar10,94.373340,68.404106,0.625212,16204
20,6,2035,raspi4,cifar10,89.670000,4.984099,0.625212,16204
20,6,6584,raspi4,cifar10,94.160000,38.818527,0.625212,16204
20,6,6382,raspi4,cifar10,93.376660,21.461164,0.625212,16204
20,6,1962,raspi4,cifar10,86.530000,2.529453,0.625212,16204
20,6,8008,raspi4,cifar10,93.480000,22.571420,0.625212,16204
20,6,10412,raspi4,cifar10,93.530000,25.079220,0.625212,16204
20,6,2058,raspi4,cifar10,93.270000,19.484835,0.625212,16204
20,6,7058,raspi4,cifar10,92.040000,16.469465,0.625212,16204
20,6,1690,raspi4,cifar10,86.646670,2.536549,0.625212,16204
20,6,6985,raspi4,cifar10,89.940000,4.995646,0.625212,16204
20,6,11692,raspi4,cifar10,94.130000,37.583630,0.625212,16204
20,6,6960,raspi4,cifar10,92.280000,17.162752,0.625212,16204
20,6,13611,raspi4,cifar10,92.490000,18.523302,0.625212,16204
20,6,11972,raspi4,cifar10,91.510000,12.403558,0.625212,16204
20,6,14677,raspi4,cifar10,88.670000,4.755260,0.625212,16204
20,6,14565,raspi4,cifar10,88.880000,4.781183,0.625212,16204
20,6,11533,raspi4,cifar10,93.420000,21.715693,0.625212,16204
20,6,1804,raspi4,cifar10,89.063330,4.791845,0.625212,16204
20,6,4210,raspi4,cifar10,89.030000,4.782748,0.625212,16204
20,6,9980,raspi4,cifar10,10.000000,0.011284,0.625212,16204
20,6,6918,raspi4,cifar10,87.000000,2.787590,0.625212,16204
20,6,11810,raspi4,cifar10,92.780000,18.619905,0.625212,16204
20,6,10275,raspi4,cifar10,91.080000,9.993188,0.625212,16204
20,7,11810,edgegpu,cifar100,68.300000,1.779551,0.476214,16398
20,7,4418,edgegpu,cifar100,72.746666,5.352364,0.476214,16398
20,7,2304,edgegpu,cifar100,58.660000,1.440253,0.476214,16398
20,7,9997,edgegpu,cifar100,71.520000,3.466139,0.476214,16398
20,7,9922,edgegpu,cifar100,58.560000,1.428552,0.476214,16398
20,7,8401,edgegpu,cifar100,71.080000,3.302102,0.476214,16398
20,7,6381,edgegpu,cifar100,66.800000,1.753340,0.476214,16398
20,7,6124,edgegpu,cifar100,68.360000,3.185835,0.476214,16398
20,7,4954,edgegpu,cifar100,73.000000,6.669736,0.476214,16398
20,7,1425,edgegpu,cifar100,72.093330,5.310225,0.476214,16398
20,7,11885,edgegpu,cifar100,68.040000,1.776652,0.476214,16398
20,7,2778,edgegpu,cifar100,72.993330,6.134028,0.476214,16398
20,7,14677,edgegpu,cifar100,62.420000,1.746187,0.476214,16398
20,7,9930,edgegpu,cifar100,73.513336,6.803060,0.476214,16398
20,7,12415,edgegpu,cifar100,71.940000,4.828467,0.476214,16398
20,7,3888,edgegpu,cifar100,73.260000,6.797867,0.476214,16398
20,7,8912,edgegpu,cifar100,59.200000,1.441355,0.476214,16398
20,7,1038,edgegpu,cifar100,67.500000,1.758428,0.476214,16398
20,7,1509,edgegpu,cifar100,1.000000,0.505853,0.476214,16398
20,8,8401,edgetpu,cifar100,71.080000,0.728572,0.563371,16225
20,8,9271,edgetpu,cifar100,63.400000,0.393151,0.563371,16225
20,8,797,edgetpu,cifar100,69.580000,0.633351,0.563371,16225
20,8,9930,edgetpu,cifar100,73.513336,1.454107,0.563371,16225
20,8,12415,edgetpu,cifar100,71.940000,0.872299,0.563371,16225
20,8,14945,edgetpu,cifar100,58.500000,0.354940,0.563371,16225
20,8,1110,edgetpu,cifar100,58.840000,0.355938,0.563371,16225
20,8,5019,edgetpu,cifar100,58.880000,0.357058,0.563371,16225
20,8,12574,edgetpu,cifar100,72.740000,0.932430,0.563371,16225
20,8,2705,edgetpu,cifar100,62.813330,0.393026,0.563371,16225
20,8,4418,edgetpu,cifar100,72.746666,1.093699,0.563371,16225
20,8,8912,edgetpu,cifar100,59.200000,0.377698,0.563371,16225
20,8,12761,edgetpu,cifar100,72.860000,1.225212,0.563371,16225
20,8,11533,edgetpu,cifar100,69.760000,0.635877,0.563371,16225
20,8,1425,edgetpu,cifar100,72.093330,0.910660,0.563371,16225
20,8,898,edgetpu,cifar100,70.000000,0.636860,0.563371,16225
20,8,13829,edgetpu,cifar100,66.873340,0.485137,0.563371,16225
20,8,857,edgetpu,cifar100,72.880000,1.264168,0.563371,16225
20,8,69,edgetpu,cifar100,71.020000,0.727259,0.563371,16225
20,8,3888,edgetpu,cifar100,73.260000,1.316226,0.563371,16225
20,8,4155,edgetpu,cifar100,62.306667,0.391442,0.563371,16225
20,8,777,edgetpu,cifar100,58.650000,0.355588,0.563371,16225
20,8,9997,edgetpu,cifar100,71.520000,0.729986,0.563371,16225
20,8,577,edgetpu,cifar100,69.680000,0.635228,0.563371,16225
20,8,10000,edgetpu,cifar100,73.160000,1.283461,0.563371,16225
20,8,9541,edgetpu,cifar100,67.660000,0.486829,0.563371,16225
20,8,10443,edgetpu,cifar100,68.300000,0.489020,0.563371,16225
20,8,3303,edgetpu,cifar100,62.420000,0.392593,0.563371,16225
20,8,8638,edgetpu,cifar100,58.860000,0.356631,0.563371,16225
20,8,1383,edgetpu,cifar100,70.273330,0.673722,0.563371,16225
20,8,6946,edgetpu,cifar100,67.500000,0.486233,0.563371,16225
20,8,12607,edgetpu,cifar100,62.600000,0.392830,0.563371,16225
20,8,1943,edgetpu,cifar100,69.626660,0.634759,0.563371,16225
20,8,15363,edgetpu,cifar100,70.520000,0.676394,0.563371,16225
20,8,781,edgetpu,cifar100,67.960000,0.487922,0.563371,16225
20,9,12761,eyeriss,cifar100,72.860000,6.352000,0.473966,16686
20,9,6925,eyeriss,cifar100,71.220000,3.894400,0.473966,16686
20,9,11301,eyeriss,cifar100,68.220000,2.665600,0.473966,16686
20,9,14714,eyeriss,cifar100,71.280000,4.140160,0.473966,16686
20,9,10689,eyeriss,cifar100,67.500000,2.174080,0.473966,16686
20,9,12574,eyeriss,cifar100,72.740000,5.123200,0.473966,16686
20,9,5084,eyeriss,cifar100,58.813330,1.682560,0.473966,16686
20,9,3888,eyeriss,cifar100,73.260000,6.597760,0.473966,16686
20,9,14112,eyeriss,cifar100,68.386665,2.911360,0.473966,16686
20,9,12820,eyeriss,cifar100,67.720000,2.419840,0.473966,16686
20,9,3540,eyeriss,cifar100,71.500000,4.877440,0.473966,16686
20,9,6787,eyeriss,cifar100,70.720000,3.648640,0.473966,16686
20,9,5651,eyeriss,cifar100,64.690000,1.928320,0.473966,16686
20,9,3487,eyeriss,cifar100,70.093330,3.402880,0.473966,16686
20,9,9930,eyeriss,cifar100,73.513336,9.055360,0.473966,16686
20,10,5033,fpga,cifar100,59.060000,1.542560,0.486688,16404
20,10,12820,fpga,cifar100,67.720000,2.678560,0.486688,16404
20,10,6925,fpga,cifar100,71.220000,3.936160,0.486688,16404
20,10,5743,fpga,cifar100,67.800000,2.800160,0.486688,16404
20,10,10689,fpga,cifar100,67.500000,2.163360,0.486688,16404
20,10,12761,fpga,cifar100,72.860000,5.420960,0.486688,16404
20,10,12574,fpga,cifar100,72.740000,4.678560,0.486688,16404
20,10,6830,fpga,cifar100,71.460000,4.057760,0.486688,16404
20,10,3888,fpga,cifar100,73.260000,5.936160,0.486688,16404
20,10,9997,fpga,cifar100,71.520000,4.572960,0.486688,16404
20,10,9930,fpga,cifar100,73.513336,7.420960,0.486688,16404
20,10,5651,fpga,cifar100,64.690000,1.648160,0.486688,16404
20,10,6787,fpga,cifar100,70.720000,3.420960,0.486688,16404
20,10,4249,fpga,cifar100,65.080000,2.057760,0.486688,16404
20,10,5084,fpga,cifar100,58.813330,1.132960,0.486688,16404
20,10,3487,fpga,cifar100,70.093330,2.905760,0.486688,16404
20,10,7250,fpga,cifar100,67.706665,2.390560,0.486688,16404
20,10,69,fpga,cifar100,71.020000,3.648160,0.486688,16404
20,10,3540,fpga,cifar100,71.500000,4.163360,0.486688,16404
20,11,1450,pixel3,cifar100,70.506670,9.337360,0.583000,16421
20,11,11000,pixel3,cifar100,71.180000,10.677600,0.583000,16421
20,11,10689,pixel3,cifar100,67.500000,3.109220,0.583000,16421
20,11,14112,pixel3,cifar100,68.386665,5.745320,0.583000,16421
20,11,699,pixel3,cifar100,72.240000,12.079400,0.583000,16421
20,11,1459,pixel3,cifar100,73.140000,23.437900,0.583000,16421
20,11,8323,pixel3,cifar100,67.080000,3.106340,0.583000,16421
20,11,6787,pixel3,cifar100,70.720000,9.854430,0.583000,16421
20,11,12970,pixel3,cifar100,68.140000,4.782110,0.583000,16421
20,11,8638,pixel3,cifar100,58.860000,1.478570,0.583000,16421
20,11,8912,pixel3,cifar100,59.200000,1.478790,0.583000,16421
20,11,1090,pixel3,cifar100,65.220000,2.811310,0.583000,16421
20,11,894,pixel3,cifar100,61.933334,1.581120,0.583000,16421
20,11,485,pixel3,cifar100,67.593330,4.124800,0.583000,16421
20,11,5651,pixel3,cifar100,64.690000,2.376870,0.583000,16421
20,11,858,pixel3,cifar100,64.133330,2.003500,0.583000,16421
20,11,1409,pixel3,cifar100,58.853333,1.275090,0.583000,16421
20,11,898,pixel3,cifar100,70.000000,6.516140,0.583000,16421
20,11,15363,pixel3,cifar100,70.520000,9.708640,0.583000,16421
20,11,11301,pixel3,cifar100,68.220000,5.352090,0.583000,16421
20,11,12574,pixel3,cifar100,72.740000,16.473900,0.583000,16421
20,11,3888,pixel3,cifar100,73.260000,23.477200,0.583000,16421
20,11,6925,pixel3,cifar100,71.220000,10.688000,0.583000,16421
20,11,657,pixel3,cifar100,58.233334,1.233070,0.583000,16421
20,11,906,pixel3,cifar100,62.393333,1.661810,0.583000,16421
20,11,4432,pixel3,cifar100,66.486664,3.105870,0.583000,16421
20,11,1416,pixel3,cifar100,64.493330,2.084060,0.583000,16421
20,11,10042,pixel3,cifar100,64.880000,2.794690,0.583000,16421
20,11,857,pixel3,cifar100,72.880000,19.113200,0.583000,16421
20,11,1558,pixel3,cifar100,64.020000,1.705220,0.583000,16421
20,11,4659,pixel3,cifar100,70.060000,9.026280,0.583000,16421
20,11,6337,pixel3,cifar100,1.000000,0.008753,0.583000,16421
20,12,355,raspi4,cifar100,69.860000,20.791758,0.622534,16326
20,12,14792,raspi4,cifar100,69.500000,19.111843,0.622534,16326
20,12,12915,raspi4,cifar100,66.950000,7.226311,0.622534,16326
20,12,4498,raspi4,cifar100,64.086670,5.022347,0.622534,16326
20,12,8720,raspi4,cifar100,64.130000,5.082239,0.622534,16326
20,12,6822,raspi4,cifar100,58.426666,2.558594,0.622534,16326
20,12,9271,raspi4,cifar100,63.400000,4.800893,0.622534,16326
20,12,3487,raspi4,cifar100,70.093330,21.603350,0.622534,16326
20,12,898,raspi4,cifar100,70.000000,21.506163,0.622534,16326
20,12,6787,raspi4,cifar100,70.720000,23.081835,0.622534,16326
20,12,2222,raspi4,cifar100,58.313330,2.538255,0.622534,16326
20,12,375,raspi4,cifar100,64.440000,5.099302,0.622534,16326
20,12,10222,raspi4,cifar100,58.860000,2.747804,0.622534,16326
20,12,2058,raspi4,cifar100,69.613335,20.052132,0.622534,16326
20,12,14112,raspi4,cifar100,68.386665,14.423308,0.622534,16326
20,12,14714,raspi4,cifar100,71.280000,24.692347,0.622534,16326
20,12,12574,raspi4,cifar100,72.740000,36.371254,0.622534,16326
20,12,9926,raspi4,cifar100,63.520000,4.999532,0.622534,16326
20,12,9997,raspi4,cifar100,71.520000,34.996710,0.622534,16326
20,12,4418,raspi4,cifar100,72.746666,47.162354,0.622534,16326
20,12,10689,raspi4,cifar100,67.500000,7.381845,0.622534,16326
20,12,12607,raspi4,cifar100,62.600000,4.779045,0.622534,16326
20,12,13430,raspi4,cifar100,66.700000,7.203785,0.622534,16326
20,12,7030,raspi4,cifar100,69.600000,19.218203,0.622534,16326
20,12,15363,raspi4,cifar100,70.520000,21.809430,0.622534,16326
20,12,6918,raspi4,cifar100,58.800000,2.571364,0.622534,16326
20,12,15589,raspi4,cifar100,59.060000,2.795078,0.622534,16326
20,12,4409,raspi4,cifar100,67.173330,7.228629,0.622534,16326
20,12,6925,raspi4,cifar100,71.220000,24.195030,0.622534,16326
20,12,12761,raspi4,cifar100,72.860000,53.718200,0.622534,16326
20,12,3888,raspi4,cifar100,73.260000,55.029520,0.622534,16326
20,12,10042,raspi4,cifar100,64.880000,5.100886,0.622534,16326
20,12,8912,raspi4,cifar100,59.200000,2.818969,0.622534,16326
20,12,14612,raspi4,cifar100,58.720000,2.563505,0.622534,16326
20,12,14811,raspi4,cifar100,69.680000,20.361189,0.622534,16326
20,12,2035,raspi4,cifar100,63.926666,5.005698,0.622534,16326
20,12,9930,raspi4,cifar100,73.513336,71.152000,0.622534,16326
20,12,1459,raspi4,cifar100,73.140000,53.879950,0.622534,16326
20,12,8740,raspi4,cifar100,1.000000,0.015215,0.622534,16326
20,12,7891,raspi4,cifar100,67.550000,12.536592,0.622534,16326
20,13,9586,edgegpu,ImageNet16-120,46.933334,5.222673,0.572755,16417
20,13,9722,edgegpu,ImageNet16-120,44.000000,3.327813,0.572755,16417
20,13,12415,edgegpu,ImageNet16-120,46.566666,4.667692,0.572755,16417
20,13,10947,edgegpu,ImageNet16-120,39.944443,1.909800,0.572755,16417
20,13,7187,edgegpu,ImageNet16-120,28.683332,1.443858,0.572755,16417
20,13,4332,edgegpu,ImageNet16-120,39.444443,1.745496,0.572755,16417
20,13,15383,edgegpu,ImageNet16-120,47.033333,6.262836,0.572755,16417
20,13,14117,edgegpu,ImageNet16-120,28.677778,1.435547,0.572755,16417
20,13,13411,edgegpu,ImageNet16-120,31.855556,1.736240,0.572755,16417
20,13,4988,edgegpu,ImageNet16-120,28.933332,1.448212,0.572755,16417
20,13,15159,edgegpu,ImageNet16-120,45.566666,4.632421,0.572755,16417
20,13,8401,edgegpu,ImageNet16-120,43.833332,3.322444,0.572755,16417
20,13,857,edgegpu,ImageNet16-120,47.311110,6.707663,0.572755,16417
20,13,8426,edgegpu,ImageNet16-120,44.633335,3.370147,0.572755,16417
20,13,13760,edgegpu,ImageNet16-120,32.333332,1.739759,0.572755,16417
20,13,4946,edgegpu,ImageNet16-120,44.700000,3.490419,0.572755,16417
20,13,7760,edgegpu,ImageNet16-120,39.100000,1.743751,0.572755,16417
20,13,4587,edgegpu,ImageNet16-120,28.800000,1.445131,0.572755,16417
20,13,1164,edgegpu,ImageNet16-120,28.522223,1.435223,0.572755,16417
20,13,14612,edgegpu,ImageNet16-120,28.488890,1.434064,0.572755,16417
20,13,12081,edgegpu,ImageNet16-120,40.233334,2.730479,0.572755,16417
20,13,8884,edgegpu,ImageNet16-120,45.033333,3.499999,0.572755,16417
20,13,15288,edgegpu,ImageNet16-120,28.422222,1.417041,0.572755,16417
20,13,4160,edgegpu,ImageNet16-120,39.833332,1.756272,0.572755,16417
20,13,6950,edgegpu,ImageNet16-120,38.700000,1.740150,0.572755,16417
20,13,14840,edgegpu,ImageNet16-120,45.311110,4.224715,0.572755,16417
20,13,11217,edgegpu,ImageNet16-120,43.466667,3.316708,0.572755,16417
20,13,2650,edgegpu,ImageNet16-120,42.433334,3.309817,0.572755,16417
20,13,5751,edgegpu,ImageNet16-120,40.044445,2.434626,0.572755,16417
20,13,454,edgegpu,ImageNet16-120,41.277780,3.303313,0.572755,16417
20,13,15376,edgegpu,ImageNet16-120,0.833333,0.533953,0.572755,16417
20,14,11079,edgetpu,ImageNet16-120,43.566666,0.552430,0.523412,15897
20,14,10167,edgetpu,ImageNet16-120,39.944443,0.444058,0.523412,15897
20,14,9689,edgetpu,ImageNet16-120,42.533333,0.549702,0.523412,15897
20,14,6950,edgetpu,ImageNet16-120,38.700000,0.427379,0.523412,15897
20,14,8781,edgetpu,ImageNet16-120,32.366665,0.363484,0.523412,15897
20,14,4160,edgetpu,ImageNet16-120,39.833332,0.430355,0.523412,15897
20,14,4988,edgetpu,ImageNet16-120,28.933332,0.360694,0.523412,15897
20,14,13769,edgetpu,ImageNet16-120,41.555557,0.549360,0.523412,15897
20,14,13931,edgetpu,ImageNet16-120,28.788889,0.360349,0.523412,15897
20,14,3540,edgetpu,ImageNet16-120,45.122223,0.648670,0.523412,15897
20,14,7357,edgetpu,ImageNet16-120,44.666668,0.600498,0.523412,15897
20,14,8884,edgetpu,ImageNet16-120,45.033333,0.615792,0.523412,15897
20,14,10332,edgetpu,ImageNet16-120,40.033333,0.516152,0.523412,15897
20,14,10888,edgetpu,ImageNet16-120,28.333334,0.359044,0.523412,15897
20,14,7273,edgetpu,ImageNet16-120,42.966667,0.550014,0.523412,15897
20,14,4627,edgetpu,ImageNet16-120,43.500000,0.552306,0.523412,15897
20,14,14840,edgetpu,ImageNet16-120,45.311110,0.666690,0.523412,15897
20,14,70,edgetpu,ImageNet16-120,39.377777,0.428228,0.523412,15897
20,14,15107,edgetpu,ImageNet16-120,39.800000,0.430284,0.523412,15897
20,14,13972,edgetpu,ImageNet16-120,31.933332,0.363440,0.523412,15897
20,14,11885,edgetpu,ImageNet16-120,39.166668,0.427395,0.523412,15897
20,14,11282,edgetpu,ImageNet16-120,39.633335,0.428409,0.523412,15897
20,14,12415,edgetpu,ImageNet16-120,46.566666,0.710906,0.523412,15897
20,14,4830,edgetpu,ImageNet16-120,42.233334,0.549457,0.523412,15897
20,14,15363,edgetpu,ImageNet16-120,44.333332,0.582280,0.523412,15897
20,14,7431,edgetpu,ImageNet16-120,32.577778,0.363954,0.523412,15897
20,14,5751,edgetpu,ImageNet16-120,40.044445,0.516992,0.523412,15897
20,14,7750,edgetpu,ImageNet16-120,43.066666,0.551617,0.523412,15897
20,14,857,edgetpu,ImageNet16-120,47.311110,0.997730,0.523412,15897
20,14,15383,edgetpu,ImageNet16-120,47.033333,0.780914,0.523412,15897
20,14,10017,edgetpu,ImageNet16-120,40.566666,0.524950,0.523412,15897
20,14,15014,edgetpu,ImageNet16-120,28.266666,0.358110,0.523412,15897
20,14,5530,edgetpu,ImageNet16-120,42.577778,0.549937,0.523412,15897
20,14,13097,edgetpu,ImageNet16-120,39.655556,0.428424,0.523412,15897
20,14,5724,edgetpu,ImageNet16-120,28.366667,0.359987,0.523412,15897
20,14,7396,edgetpu,ImageNet16-120,40.177776,0.517218,0.523412,15897
20,14,5586,edgetpu,ImageNet16-120,40.811110,0.546420,0.523412,15897
20,14,14677,edgetpu,ImageNet16-120,33.233334,0.364575,0.523412,15897
20,14,12231,edgetpu,ImageNet16-120,40.200000,0.518358,0.523412,15897
20,15,6854,eyeriss,ImageNet16-120,40.800000,0.668800,0.464450,16654
20,15,2835,eyeriss,ImageNet16-120,38.222220,0.545920,0.464450,16654
20,15,8008,eyeriss,ImageNet16-120,43.500000,0.853120,0.464450,16654
20,15,8853,eyeriss,ImageNet16-120,45.600000,1.037440,0.464450,16654
20,15,1939,eyeriss,ImageNet16-120,45.077778,0.976000,0.464450,16654
20,15,6787,eyeriss,ImageNet16-120,44.400000,0.914560,0.464450,16654
20,15,15383,eyeriss,ImageNet16-120,47.033333,1.283200,0.464450,16654
20,15,735,eyeriss,ImageNet16-120,38.544445,0.607360,0.464450,16654
20,15,4829,eyeriss,ImageNet16-120,34.200000,0.484480,0.464450,16654
20,15,857,eyeriss,ImageNet16-120,47.311110,1.651840,0.464450,16654
20,15,14417,eyeriss,ImageNet16-120,45.900000,1.098880,0.464450,16654
20,15,4988,eyeriss,ImageNet16-120,28.933332,0.423040,0.464450,16654
20,16,15446,fpga,ImageNet16-120,45.766666,1.116320,0.500596,16378
20,16,9805,fpga,ImageNet16-120,34.133335,0.415520,0.500596,16378
20,16,5793,fpga,ImageNet16-120,35.033333,0.517920,0.500596,16378
20,16,4988,fpga,ImageNet16-120,28.933332,0.284320,0.500596,16378
20,16,11079,fpga,ImageNet16-120,43.566666,0.902400,0.500596,16378
20,16,12452,fpga,ImageNet16-120,40.533333,0.780320,0.500596,16378
20,16,15383,fpga,ImageNet16-120,47.033333,1.504000,0.500596,16378
20,16,6854,fpga,ImageNet16-120,40.800000,0.809120,0.500596,16378
20,16,6787,fpga,ImageNet16-120,44.400000,0.969600,0.500596,16378
20,16,14748,fpga,ImageNet16-120,44.900000,0.995200,0.500596,16378
20,16,14417,fpga,ImageNet16-120,45.900000,1.276320,0.500596,16378
20,16,1939,fpga,ImageNet16-120,45.077778,1.062400,0.500596,16378
20,16,6868,fpga,ImageNet16-120,39.000000,0.649120,0.500596,16378
20,16,2835,fpga,ImageNet16-120,38.222220,0.546720,0.500596,16378
20,16,8008,fpga,ImageNet16-120,43.500000,0.876800,0.500596,16378
20,16,857,fpga,ImageNet16-120,47.311110,2.038400,0.500596,16378
20,17,15383,pixel3,ImageNet16-120,47.033333,5.191720,0.649754,16248
20,17,1425,pixel3,ImageNet16-120,45.977780,4.619290,0.649754,16248
20,17,11000,pixel3,ImageNet16-120,44.866665,2.962520,0.649754,16248
20,17,13059,pixel3,ImageNet16-120,34.266666,0.668679,0.649754,16248
20,17,6854,pixel3,ImageNet16-120,40.800000,1.621620,0.649754,16248
20,17,1939,pixel3,ImageNet16-120,45.077778,3.021500,0.649754,16248
20,17,4004,pixel3,ImageNet16-120,42.811110,2.467510,0.649754,16248
20,17,10581,pixel3,ImageNet16-120,32.366665,0.618818,0.649754,16248
20,17,898,pixel3,ImageNet16-120,42.466667,2.467210,0.649754,16248
20,17,2002,pixel3,ImageNet16-120,32.277780,0.617751,0.649754,16248
20,17,4988,pixel3,ImageNet16-120,28.933332,0.485996,0.649754,16248
20,17,12639,pixel3,ImageNet16-120,40.400000,1.304440,0.649754,16248
20,17,15446,pixel3,ImageNet16-120,45.766666,3.439380,0.649754,16248
20,17,1860,pixel3,ImageNet16-120,28.433332,0.422587,0.649754,16248
20,17,4895,pixel3,ImageNet16-120,33.200000,0.619070,0.649754,16248
20,17,1110,pixel3,ImageNet16-120,28.600000,0.423927,0.649754,16248
20,17,8954,pixel3,ImageNet16-120,28.733334,0.424855,0.649754,16248
20,17,872,pixel3,ImageNet16-120,41.777780,2.465030,0.649754,16248
20,17,13756,pixel3,ImageNet16-120,0.833333,0.005289,0.649754,16248
20,17,5487,pixel3,ImageNet16-120,38.500000,1.109150,0.649754,16248
20,17,4432,pixel3,ImageNet16-120,37.800000,0.861157,0.649754,16248
20,17,11079,pixel3,ImageNet16-120,43.566666,2.479610,0.649754,16248
20,17,4384,pixel3,ImageNet16-120,28.133333,0.421612,0.649754,16248
20,17,6014,pixel3,ImageNet16-120,28.533333,0.423391,0.649754,16248
20,17,2018,pixel3,ImageNet16-120,46.433334,4.949210,0.649754,16248
20,17,2899,pixel3,ImageNet16-120,43.911110,2.701210,0.649754,16248
20,17,8584,pixel3,ImageNet16-120,34.088890,0.664046,0.649754,16248
20,17,10154,pixel3,ImageNet16-120,46.133335,4.783700,0.649754,16248
20,17,857,pixel3,ImageNet16-120,47.311110,6.686850,0.649754,16248
20,17,1204,pixel3,ImageNet16-120,37.844444,0.864966,0.649754,16248
20,17,4587,pixel3,ImageNet16-120,28.800000,0.445767,0.649754,16248
20,17,1549,pixel3,ImageNet16-120,28.655556,0.424747,0.649754,16248
20,17,3728,pixel3,ImageNet16-120,28.500000,0.422880,0.649754,16248
20,17,12466,pixel3,ImageNet16-120,46.100000,4.680280,0.649754,16248
20,17,12103,pixel3,ImageNet16-120,28.250000,0.422433,0.649754,16248
20,17,12452,pixel3,ImageNet16-120,40.533333,1.504410,0.649754,16248
20,17,12424,pixel3,ImageNet16-120,43.133330,2.470150,0.649754,16248
20,17,14417,pixel3,ImageNet16-120,45.900000,4.143030,0.649754,16248
20,17,12506,pixel3,ImageNet16-120,43.983334,2.929990,0.649754,16248
20,17,2835,pixel3,ImageNet16-120,38.222220,0.868646,0.649754,16248
20,17,2705,pixel3,ImageNet16-120,32.355556,0.618693,0.649754,16248
20,18,10167,raspi4,ImageNet16-120,39.944443,3.106316,0.615448,16190
20,18,1939,raspi4,ImageNet16-120,45.077778,5.341908,0.615448,16190
20,18,13931,raspi4,ImageNet16-120,28.788889,0.956195,0.615448,16190
20,18,13059,raspi4,ImageNet16-120,34.266666,1.595651,0.615448,16190
20,18,15107,raspi4,ImageNet16-120,39.800000,3.083329,0.615448,16190
20,18,9032,raspi4,ImageNet16-120,38.016666,2.201532,0.615448,16190
20,18,7227,raspi4,ImageNet16-120,32.533333,1.530737,0.615448,16190
20,18,3650,raspi4,ImageNet16-120,43.866665,4.475790,0.615448,16190
20,18,14697,raspi4,ImageNet16-120,33.900000,1.580382,0.615448,16190
20,18,8584,raspi4,ImageNet16-120,34.088890,1.586268,0.615448,16190
20,18,8733,raspi4,ImageNet16-120,46.600000,7.477213,0.615448,16190
20,18,8736,raspi4,ImageNet16-120,45.700000,6.658077,0.615448,16190
20,18,12505,raspi4,ImageNet16-120,39.283333,3.062432,0.615448,16190
20,18,15363,raspi4,ImageNet16-120,44.333332,4.480516,0.615448,16190
20,18,3960,raspi4,ImageNet16-120,37.755554,2.197980,0.615448,16190
20,18,6854,raspi4,ImageNet16-120,40.800000,3.661016,0.615448,16190
20,18,4988,raspi4,ImageNet16-120,28.933332,1.003251,0.615448,16190
20,18,219,raspi4,ImageNet16-120,42.500000,3.768475,0.615448,16190
20,18,2779,raspi4,ImageNet16-120,37.355556,2.190654,0.615448,16190
20,18,15383,raspi4,ImageNet16-120,47.033333,8.565354,0.615448,16190
20,18,14677,raspi4,ImageNet16-120,33.233334,1.537227,0.615448,16190
20,18,1204,raspi4,ImageNet16-120,37.844444,2.199356,0.615448,16190
20,18,3687,raspi4,ImageNet16-120,34.066666,1.583497,0.615448,16190
20,18,3782,raspi4,ImageNet16-120,41.866665,3.755286,0.615448,16190
20,18,933,raspi4,ImageNet16-120,0.833333,0.011514,0.615448,16190
20,18,5637,raspi4,ImageNet16-120,33.933334,1.580707,0.615448,16190
20,18,13771,raspi4,ImageNet16-120,32.744446,1.533813,0.615448,16190
20,18,10017,raspi4,ImageNet16-120,40.566666,3.181383,0.615448,16190
20,18,8355,raspi4,ImageNet16-120,39.666668,3.083286,0.615448,16190
20,18,10472,raspi4,ImageNet16-120,39.633335,3.079679,0.615448,16190
20,18,1413,raspi4,ImageNet16-120,42.711113,3.788479,0.615448,16190
20,18,1188,raspi4,ImageNet16-120,32.455555,1.526725,0.615448,16190
20,18,7357,raspi4,ImageNet16-120,44.666668,4.480689,0.615448,16190
20,18,7187,raspi4,ImageNet16-120,28.683332,0.952790,0.615448,16190
20,18,14417,raspi4,ImageNet16-120,45.900000,6.948865,0.615448,16190
20,18,10835,raspi4,ImageNet16-120,45.233334,6.632419,0.615448,16190
20,18,4995,raspi4,ImageNet16-120,42.166668,3.766336,0.615448,16190
20,18,9496,raspi4,ImageNet16-120,38.200000,2.204048,0.615448,16190
20,18,12358,raspi4,ImageNet16-120,34.055557,1.582727,0.615448,16190
20,18,735,raspi4,ImageNet16-120,38.544445,2.911079,0.615448,16190
20,18,14792,raspi4,ImageNet16-120,43.033333,3.792447,0.615448,16190
20,18,5530,raspi4,ImageNet16-120,42.577778,3.785925,0.615448,16190
20,18,6868,raspi4,ImageNet16-120,39.000000,2.982937,0.615448,16190
20,18,11584,raspi4,ImageNet16-120,46.666668,8.014434,0.615448,16190
20,18,6336,raspi4,ImageNet16-120,39.366665,3.073392,0.615448,16190
20,18,11946,raspi4,ImageNet16-120,28.200000,0.940293,0.615448,16190
20,18,11079,raspi4,ImageNet16-120,43.566666,3.802027,0.615448,16190
20,18,5455,raspi4,ImageNet16-120,32.611110,1.532377,0.615448,16190
20,18,3431,raspi4,ImageNet16-120,32.966667,1.536690,0.615448,16190
21,1,4803,edgegpu,cifar10,88.746666,1.748652,0.562036,16511
21,1,14527,edgegpu,cifar10,86.765000,1.439619,0.562036,16511
21,1,561,edgegpu,cifar10,86.880000,1.451068,0.562036,16511
21,1,11692,edgegpu,cifar10,94.130000,4.708362,0.562036,16511
21,1,258,edgegpu,cifar10,93.640000,3.307109,0.562036,16511
21,1,11810,edgegpu,cifar10,92.780000,1.992798,0.562036,16511
21,1,14090,edgegpu,cifar10,92.086670,1.749086,0.562036,16511
21,1,2090,edgegpu,cifar10,86.650000,1.437702,0.562036,16511
21,1,15200,edgegpu,cifar10,10.000000,0.501385,0.562036,16511
21,1,9099,edgegpu,cifar10,93.940000,3.357520,0.562036,16511
21,1,6499,edgegpu,cifar10,93.645000,3.331041,0.562036,16511
21,1,5292,edgegpu,cifar10,94.293335,6.663151,0.562036,16511
21,1,1339,edgegpu,cifar10,92.136665,1.751881,0.562036,16511
21,1,13401,edgegpu,cifar10,87.010000,1.457009,0.562036,16511
21,1,11438,edgegpu,cifar10,92.500000,1.846719,0.562036,16511
21,1,10484,edgegpu,cifar10,93.810000,3.354015,0.562036,16511
21,1,13714,edgegpu,cifar10,94.373340,6.772180,0.562036,16511
21,1,1459,edgegpu,cifar10,94.296670,6.748991,0.562036,16511
21,1,5780,edgegpu,cifar10,93.980000,3.361888,0.562036,16511
21,1,2053,edgegpu,cifar10,94.206665,5.482254,0.562036,16511
21,1,2776,edgegpu,cifar10,93.666664,3.331194,0.562036,16511
21,1,14407,edgegpu,cifar10,86.770000,1.440282,0.562036,16511
21,1,5400,edgegpu,cifar10,86.630000,1.427460,0.562036,16511
21,1,6330,edgegpu,cifar10,94.006670,4.384699,0.562036,16511
21,1,6960,edgegpu,cifar10,92.280000,1.764450,0.562036,16511
21,2,5780,edgetpu,cifar10,93.980000,0.723967,0.554846,16005
21,2,2053,edgetpu,cifar10,94.206665,1.042178,0.554846,16005
21,2,10581,edgetpu,cifar10,89.015000,0.390403,0.554846,16005
21,2,6407,edgetpu,cifar10,88.933334,0.389381,0.554846,16005
21,2,9689,edgetpu,cifar10,93.370000,0.628386,0.554846,16005
21,2,5258,edgetpu,cifar10,88.775000,0.388629,0.554846,16005
21,2,11810,edgetpu,cifar10,92.780000,0.482879,0.554846,16005
21,2,1595,edgetpu,cifar10,88.963330,0.389815,0.554846,16005
21,2,10293,edgetpu,cifar10,86.513336,0.352328,0.554846,16005
21,2,10683,edgetpu,cifar10,92.330000,0.481277,0.554846,16005
21,2,6918,edgetpu,cifar10,87.000000,0.375819,0.554846,16005
21,2,797,edgetpu,cifar10,93.280000,0.627996,0.554846,16005
21,2,12439,edgetpu,cifar10,86.393330,0.352159,0.554846,16005
21,2,8192,edgetpu,cifar10,93.093330,0.627745,0.554846,16005
21,2,13714,edgetpu,cifar10,94.373340,1.377865,0.554846,16005
21,2,9380,edgetpu,cifar10,89.335000,0.395662,0.554846,16005
21,2,3731,edgetpu,cifar10,94.343330,1.282820,0.554846,16005
21,2,9950,edgetpu,cifar10,93.840000,0.723767,0.554846,16005
21,2,11692,edgetpu,cifar10,94.130000,0.761100,0.554846,16005
21,2,8008,edgetpu,cifar10,93.480000,0.629746,0.554846,16005
21,2,4161,edgetpu,cifar10,89.250000,0.391221,0.554846,16005
21,2,6382,edgetpu,cifar10,93.376660,0.628638,0.554846,16005
21,2,5111,edgetpu,cifar10,94.306660,1.152010,0.554846,16005
21,2,13611,edgetpu,cifar10,92.490000,0.481826,0.554846,16005
21,2,11112,edgetpu,cifar10,92.110000,0.480732,0.554846,16005
21,2,5224,edgetpu,cifar10,88.980000,0.389900,0.554846,16005
21,2,11438,edgetpu,cifar10,92.500000,0.482393,0.554846,16005
21,2,10815,edgetpu,cifar10,88.970000,0.389885,0.554846,16005
21,2,7017,edgetpu,cifar10,86.970000,0.353089,0.554846,16005
21,2,15000,edgetpu,cifar10,92.400000,0.481741,0.554846,16005
21,2,3927,edgetpu,cifar10,93.626660,0.723268,0.554846,16005
21,3,3731,eyeriss,cifar10,94.343330,6.594740,0.536516,16653
21,3,13714,eyeriss,cifar10,94.373340,7.823540,0.536516,16653
21,3,5111,eyeriss,cifar10,94.306660,5.365940,0.536516,16653
21,3,6111,eyeriss,cifar10,94.373340,7.823540,0.536516,16653
21,3,6584,eyeriss,cifar10,94.160000,4.874420,0.536516,16653
21,3,8592,eyeriss,cifar10,93.750000,3.891380,0.536516,16653
21,3,8323,eyeriss,cifar10,90.870000,2.171060,0.536516,16653
21,3,3687,eyeriss,cifar10,89.820000,1.925300,0.536516,16653
21,3,6854,eyeriss,cifar10,91.040000,2.662580,0.536516,16653
21,3,6899,eyeriss,cifar10,90.900000,2.416820,0.536516,16653
21,3,14112,eyeriss,cifar10,91.296670,2.908340,0.536516,16653
21,3,10412,eyeriss,cifar10,93.530000,3.645620,0.536516,16653
21,3,8008,eyeriss,cifar10,93.480000,3.399860,0.536516,16653
21,3,11472,eyeriss,cifar10,93.970000,4.628660,0.536516,16653
21,3,4384,eyeriss,cifar10,86.796670,1.679540,0.536516,16653
21,3,13611,eyeriss,cifar10,92.490000,3.154100,0.536516,16653
21,4,8323,fpga,cifar10,90.870000,2.163360,0.478066,16337
21,4,5111,fpga,cifar10,94.306660,5.193760,0.478066,16337
21,4,4384,fpga,cifar10,86.796670,1.132960,0.478066,16337
21,4,11472,fpga,cifar10,93.970000,3.648160,0.478066,16337
21,4,11692,fpga,cifar10,94.130000,4.163360,0.478066,16337
21,4,8008,fpga,cifar10,93.480000,2.905760,0.478066,16337
21,4,13611,fpga,cifar10,92.490000,2.390560,0.478066,16337
21,4,11525,fpga,cifar10,90.000000,2.057760,0.478066,16337
21,4,13714,fpga,cifar10,94.373340,6.678560,0.478066,16337
21,4,6111,fpga,cifar10,94.373340,6.678560,0.478066,16337
21,4,3731,fpga,cifar10,94.343330,5.936160,0.478066,16337
21,4,13987,fpga,cifar10,93.596664,3.420960,0.478066,16337
21,4,8720,fpga,cifar10,89.875000,1.648160,0.478066,16337
21,4,12438,fpga,cifar10,89.875000,1.648160,0.478066,16337
21,5,2018,pixel3,cifar10,94.063330,14.960500,0.707907,16325
21,5,6854,pixel3,cifar10,91.040000,4.514220,0.707907,16325
21,5,1781,pixel3,cifar10,89.883330,1.712020,0.707907,16325
21,5,5111,pixel3,cifar10,94.306660,17.584600,0.707907,16325
21,5,2779,pixel3,cifar10,90.806660,3.102950,0.707907,16325
21,5,1941,pixel3,cifar10,93.533330,9.128690,0.707907,16325
21,5,6382,pixel3,cifar10,93.376660,7.048190,0.707907,16325
21,5,11972,pixel3,cifar10,91.510000,5.627010,0.707907,16325
21,5,4627,pixel3,cifar10,93.270000,7.036050,0.707907,16325
21,5,8592,pixel3,cifar10,93.750000,10.769800,0.707907,16325
21,5,3731,pixel3,cifar10,94.343330,23.361300,0.707907,16325
21,5,7017,pixel3,cifar10,86.970000,1.403930,0.707907,16325
21,5,1943,pixel3,cifar10,93.116670,6.492030,0.707907,16325
21,5,13171,pixel3,cifar10,93.530000,7.717220,0.707907,16325
21,5,9230,pixel3,cifar10,86.580000,1.056760,0.707907,16325
21,5,8695,pixel3,cifar10,94.220000,17.564500,0.707907,16325
21,5,1497,pixel3,cifar10,86.556660,1.056630,0.707907,16325
21,5,6918,pixel3,cifar10,87.000000,1.478790,0.707907,16325
21,5,6111,pixel3,cifar10,94.373340,23.584800,0.707907,16325
21,5,8323,pixel3,cifar10,90.870000,3.106420,0.707907,16325
21,5,13869,pixel3,cifar10,93.656670,10.634700,0.707907,16325
21,5,6899,pixel3,cifar10,90.900000,3.961410,0.707907,16325
21,5,1804,pixel3,cifar10,89.063330,1.579900,0.707907,16325
21,5,10689,pixel3,cifar10,90.790000,2.669770,0.707907,16325
21,5,6999,pixel3,cifar10,93.820000,12.260900,0.707907,16325
21,5,6985,pixel3,cifar10,89.940000,2.367450,0.707907,16325
21,5,3385,pixel3,cifar10,93.990000,13.656500,0.707907,16325
21,5,1425,pixel3,cifar10,93.933334,12.536500,0.707907,16325
21,5,12452,pixel3,cifar10,91.350000,5.590110,0.707907,16325
21,5,2035,pixel3,cifar10,89.670000,1.706480,0.707907,16325
21,5,6434,pixel3,cifar10,91.080000,4.811140,0.707907,16325
21,5,11692,pixel3,cifar10,94.130000,15.490100,0.707907,16325
21,5,8836,pixel3,cifar10,92.220000,6.313990,0.707907,16325
21,5,55,pixel3,cifar10,86.756670,1.057440,0.707907,16325
21,5,13987,pixel3,cifar10,93.596664,9.922680,0.707907,16325
21,5,7197,pixel3,cifar10,90.366670,2.447670,0.707907,16325
21,5,1339,pixel3,cifar10,92.136665,5.802240,0.707907,16325
21,5,1416,pixel3,cifar10,89.546670,1.691430,0.707907,16325
21,5,7001,pixel3,cifar10,10.000000,0.003277,0.707907,16325
21,6,10412,raspi4,cifar10,93.530000,25.079220,0.594427,16266
21,6,8592,raspi4,cifar10,93.750000,25.477009,0.594427,16266
21,6,6382,raspi4,cifar10,93.376660,21.461164,0.594427,16266
21,6,6111,raspi4,cifar10,94.373340,68.404106,0.594427,16266
21,6,12970,raspi4,cifar10,90.970000,11.904152,0.594427,16266
21,6,1690,raspi4,cifar10,86.646670,2.536549,0.594427,16266
21,6,8008,raspi4,cifar10,93.480000,22.571420,0.594427,16266
21,6,6584,raspi4,cifar10,94.160000,38.818527,0.594427,16266
21,6,13846,raspi4,cifar10,90.720000,7.176163,0.594427,16266
21,6,11533,raspi4,cifar10,93.420000,21.715693,0.594427,16266
21,6,5780,raspi4,cifar10,93.980000,34.928463,0.594427,16266
21,6,11810,raspi4,cifar10,92.780000,18.619905,0.594427,16266
21,6,9980,raspi4,cifar10,10.000000,0.011284,0.594427,16266
21,6,6953,raspi4,cifar10,91.990000,15.601654,0.594427,16266
21,6,2035,raspi4,cifar10,89.670000,4.984099,0.594427,16266
21,6,5111,raspi4,cifar10,94.306660,41.756905,0.594427,16266
21,6,7017,raspi4,cifar10,86.970000,2.544041,0.594427,16266
21,6,14565,raspi4,cifar10,88.880000,4.781183,0.594427,16266
21,6,1941,raspi4,cifar10,93.533330,25.121769,0.594427,16266
21,6,2058,raspi4,cifar10,93.270000,19.484835,0.594427,16266
21,6,6985,raspi4,cifar10,89.940000,4.995646,0.594427,16266
21,6,13611,raspi4,cifar10,92.490000,18.523302,0.594427,16266
21,6,7058,raspi4,cifar10,92.040000,16.469465,0.594427,16266
21,6,6918,raspi4,cifar10,87.000000,2.787590,0.594427,16266
21,6,12505,raspi4,cifar10,92.150000,16.747276,0.594427,16266
21,6,9271,raspi4,cifar10,89.250000,4.830311,0.594427,16266
21,6,3731,raspi4,cifar10,94.343330,58.070793,0.594427,16266
21,6,8323,raspi4,cifar10,90.870000,7.426308,0.594427,16266
21,6,1962,raspi4,cifar10,86.530000,2.529453,0.594427,16266
21,6,14677,raspi4,cifar10,88.670000,4.755260,0.594427,16266
21,6,11692,raspi4,cifar10,94.130000,37.583630,0.594427,16266
21,6,9380,raspi4,cifar10,89.335000,4.875613,0.594427,16266
21,6,11972,raspi4,cifar10,91.510000,12.403558,0.594427,16266
21,6,6960,raspi4,cifar10,92.280000,17.162752,0.594427,16266
21,6,12002,raspi4,cifar10,93.510000,24.816572,0.594427,16266
21,6,4210,raspi4,cifar10,89.030000,4.782748,0.594427,16266
21,6,8426,raspi4,cifar10,93.840000,31.394428,0.594427,16266
21,6,1804,raspi4,cifar10,89.063330,4.791845,0.594427,16266
21,7,9922,edgegpu,cifar100,58.560000,1.428552,0.523021,16422
21,7,9930,edgegpu,cifar100,73.513336,6.803060,0.523021,16422
21,7,4418,edgegpu,cifar100,72.746666,5.352364,0.523021,16422
21,7,2304,edgegpu,cifar100,58.660000,1.440253,0.523021,16422
21,7,8912,edgegpu,cifar100,59.200000,1.441355,0.523021,16422
21,7,9997,edgegpu,cifar100,71.520000,3.466139,0.523021,16422
21,7,4954,edgegpu,cifar100,73.000000,6.669736,0.523021,16422
21,7,11885,edgegpu,cifar100,68.040000,1.776652,0.523021,16422
21,7,3888,edgegpu,cifar100,73.260000,6.797867,0.523021,16422
21,7,1425,edgegpu,cifar100,72.093330,5.310225,0.523021,16422
21,7,8401,edgegpu,cifar100,71.080000,3.302102,0.523021,16422
21,7,11810,edgegpu,cifar100,68.300000,1.779551,0.523021,16422
21,7,6381,edgegpu,cifar100,66.800000,1.753340,0.523021,16422
21,7,1038,edgegpu,cifar100,67.500000,1.758428,0.523021,16422
21,7,12415,edgegpu,cifar100,71.940000,4.828467,0.523021,16422
21,7,1509,edgegpu,cifar100,1.000000,0.505853,0.523021,16422
21,7,2778,edgegpu,cifar100,72.993330,6.134028,0.523021,16422
21,7,14677,edgegpu,cifar100,62.420000,1.746187,0.523021,16422
21,7,11067,edgegpu,cifar100,58.186670,1.427836,0.523021,16422
21,8,1110,edgetpu,cifar100,58.840000,0.355938,0.560850,15922
21,8,8401,edgetpu,cifar100,71.080000,0.728572,0.560850,15922
21,8,13829,edgetpu,cifar100,66.873340,0.485137,0.560850,15922
21,8,9930,edgetpu,cifar100,73.513336,1.454107,0.560850,15922
21,8,1425,edgetpu,cifar100,72.093330,0.910660,0.560850,15922
21,8,797,edgetpu,cifar100,69.580000,0.633351,0.560850,15922
21,8,5019,edgetpu,cifar100,58.880000,0.357058,0.560850,15922
21,8,9271,edgetpu,cifar100,63.400000,0.393151,0.560850,15922
21,8,781,edgetpu,cifar100,67.960000,0.487922,0.560850,15922
21,8,4155,edgetpu,cifar100,62.306667,0.391442,0.560850,15922
21,8,9997,edgetpu,cifar100,71.520000,0.729986,0.560850,15922
21,8,1943,edgetpu,cifar100,69.626660,0.634759,0.560850,15922
21,8,12574,edgetpu,cifar100,72.740000,0.932430,0.560850,15922
21,8,8638,edgetpu,cifar100,58.860000,0.356631,0.560850,15922
21,8,577,edgetpu,cifar100,69.680000,0.635228,0.560850,15922
21,8,8912,edgetpu,cifar100,59.200000,0.377698,0.560850,15922
21,8,12761,edgetpu,cifar100,72.860000,1.225212,0.560850,15922
21,8,4418,edgetpu,cifar100,72.746666,1.093699,0.560850,15922
21,8,857,edgetpu,cifar100,72.880000,1.264168,0.560850,15922
21,8,3303,edgetpu,cifar100,62.420000,0.392593,0.560850,15922
21,8,10000,edgetpu,cifar100,73.160000,1.283461,0.560850,15922
21,8,14945,edgetpu,cifar100,58.500000,0.354940,0.560850,15922
21,8,2705,edgetpu,cifar100,62.813330,0.393026,0.560850,15922
21,8,777,edgetpu,cifar100,58.650000,0.355588,0.560850,15922
21,8,12415,edgetpu,cifar100,71.940000,0.872299,0.560850,15922
21,8,15363,edgetpu,cifar100,70.520000,0.676394,0.560850,15922
21,8,1383,edgetpu,cifar100,70.273330,0.673722,0.560850,15922
21,8,3888,edgetpu,cifar100,73.260000,1.316226,0.560850,15922
21,8,6946,edgetpu,cifar100,67.500000,0.486233,0.560850,15922
21,8,12607,edgetpu,cifar100,62.600000,0.392830,0.560850,15922
21,8,11533,edgetpu,cifar100,69.760000,0.635877,0.560850,15922
21,8,69,edgetpu,cifar100,71.020000,0.727259,0.560850,15922
21,8,10443,edgetpu,cifar100,68.300000,0.489020,0.560850,15922
21,8,898,edgetpu,cifar100,70.000000,0.636860,0.560850,15922
21,8,8032,edgetpu,cifar100,67.600000,0.487441,0.560850,15922
21,9,6787,eyeriss,cifar100,70.720000,3.648640,0.452288,16639
21,9,3888,eyeriss,cifar100,73.260000,6.597760,0.452288,16639
21,9,14112,eyeriss,cifar100,68.386665,2.911360,0.452288,16639
21,9,6925,eyeriss,cifar100,71.220000,3.894400,0.452288,16639
21,9,11301,eyeriss,cifar100,68.220000,2.665600,0.452288,16639
21,9,14714,eyeriss,cifar100,71.280000,4.140160,0.452288,16639
21,9,12761,eyeriss,cifar100,72.860000,6.352000,0.452288,16639
21,9,10689,eyeriss,cifar100,67.500000,2.174080,0.452288,16639
21,9,12574,eyeriss,cifar100,72.740000,5.123200,0.452288,16639
21,9,5084,eyeriss,cifar100,58.813330,1.682560,0.452288,16639
21,9,12820,eyeriss,cifar100,67.720000,2.419840,0.452288,16639
21,9,11973,eyeriss,cifar100,70.340000,3.402880,0.452288,16639
21,9,3540,eyeriss,cifar100,71.500000,4.877440,0.452288,16639
21,9,9930,eyeriss,cifar100,73.513336,9.055360,0.452288,16639
21,9,5651,eyeriss,cifar100,64.690000,1.928320,0.452288,16639
21,10,12820,fpga,cifar100,67.720000,2.678560,0.444335,16388
21,10,12574,fpga,cifar100,72.740000,4.678560,0.444335,16388
21,10,5651,fpga,cifar100,64.690000,1.648160,0.444335,16388
21,10,6787,fpga,cifar100,70.720000,3.420960,0.444335,16388
21,10,3540,fpga,cifar100,71.500000,4.163360,0.444335,16388
21,10,6925,fpga,cifar100,71.220000,3.936160,0.444335,16388
21,10,12761,fpga,cifar100,72.860000,5.420960,0.444335,16388
21,10,3888,fpga,cifar100,73.260000,5.936160,0.444335,16388
21,10,10689,fpga,cifar100,67.500000,2.163360,0.444335,16388
21,10,5084,fpga,cifar100,58.813330,1.132960,0.444335,16388
21,10,4249,fpga,cifar100,65.080000,2.057760,0.444335,16388
21,10,11472,fpga,cifar100,70.860000,3.648160,0.444335,16388
21,10,3487,fpga,cifar100,70.093330,2.905760,0.444335,16388
21,10,7250,fpga,cifar100,67.706665,2.390560,0.444335,16388
21,10,11727,fpga,cifar100,67.773330,2.800160,0.444335,16388
21,10,9930,fpga,cifar100,73.513336,7.420960,0.444335,16388
21,10,9997,fpga,cifar100,71.520000,4.572960,0.444335,16388
21,11,1459,pixel3,cifar100,73.140000,23.437900,0.590645,16479
21,11,6925,pixel3,cifar100,71.220000,10.688000,0.590645,16479
21,11,858,pixel3,cifar100,64.133330,2.003500,0.590645,16479
21,11,11000,pixel3,cifar100,71.180000,10.677600,0.590645,16479
21,11,898,pixel3,cifar100,70.000000,6.516140,0.590645,16479
21,11,10689,pixel3,cifar100,67.500000,3.109220,0.590645,16479
21,11,657,pixel3,cifar100,58.233334,1.233070,0.590645,16479
21,11,12574,pixel3,cifar100,72.740000,16.473900,0.590645,16479
21,11,14112,pixel3,cifar100,68.386665,5.745320,0.590645,16479
21,11,1409,pixel3,cifar100,58.853333,1.275090,0.590645,16479
21,11,3888,pixel3,cifar100,73.260000,23.477200,0.590645,16479
21,11,11301,pixel3,cifar100,68.220000,5.352090,0.590645,16479
21,11,15363,pixel3,cifar100,70.520000,9.708640,0.590645,16479
21,11,9930,pixel3,cifar100,73.513336,42.003600,0.590645,16479
21,11,12970,pixel3,cifar100,68.140000,4.782110,0.590645,16479
21,11,1090,pixel3,cifar100,65.220000,2.811310,0.590645,16479
21,11,1450,pixel3,cifar100,70.506670,9.337360,0.590645,16479
21,11,5651,pixel3,cifar100,64.690000,2.376870,0.590645,16479
21,11,8323,pixel3,cifar100,67.080000,3.106340,0.590645,16479
21,11,8638,pixel3,cifar100,58.860000,1.478570,0.590645,16479
21,11,699,pixel3,cifar100,72.240000,12.079400,0.590645,16479
21,11,1593,pixel3,cifar100,62.126667,1.582050,0.590645,16479
21,11,1631,pixel3,cifar100,63.986668,1.805000,0.590645,16479
21,11,857,pixel3,cifar100,72.880000,19.113200,0.590645,16479
21,11,375,pixel3,cifar100,64.440000,2.363140,0.590645,16479
21,11,6787,pixel3,cifar100,70.720000,9.854430,0.590645,16479
21,11,4432,pixel3,cifar100,66.486664,3.105870,0.590645,16479
21,11,8912,pixel3,cifar100,59.200000,1.478790,0.590645,16479
21,11,485,pixel3,cifar100,67.593330,4.124800,0.590645,16479
21,11,4659,pixel3,cifar100,70.060000,9.026280,0.590645,16479
21,11,10042,pixel3,cifar100,64.880000,2.794690,0.590645,16479
21,11,906,pixel3,cifar100,62.393333,1.661810,0.590645,16479
21,11,6337,pixel3,cifar100,1.000000,0.008753,0.590645,16479
21,12,1459,raspi4,cifar100,73.140000,53.879950,0.627295,16200
21,12,6787,raspi4,cifar100,70.720000,23.081835,0.627295,16200
21,12,9997,raspi4,cifar100,71.520000,34.996710,0.627295,16200
21,12,7030,raspi4,cifar100,69.600000,19.218203,0.627295,16200
21,12,13430,raspi4,cifar100,66.700000,7.203785,0.627295,16200
21,12,10042,raspi4,cifar100,64.880000,5.100886,0.627295,16200
21,12,10222,raspi4,cifar100,58.860000,2.747804,0.627295,16200
21,12,14612,raspi4,cifar100,58.720000,2.563505,0.627295,16200
21,12,4409,raspi4,cifar100,67.173330,7.228629,0.627295,16200
21,12,14714,raspi4,cifar100,71.280000,24.692347,0.627295,16200
21,12,14112,raspi4,cifar100,68.386665,14.423308,0.627295,16200
21,12,12915,raspi4,cifar100,66.950000,7.226311,0.627295,16200
21,12,2035,raspi4,cifar100,63.926666,5.005698,0.627295,16200
21,12,15363,raspi4,cifar100,70.520000,21.809430,0.627295,16200
21,12,375,raspi4,cifar100,64.440000,5.099302,0.627295,16200
21,12,3888,raspi4,cifar100,73.260000,55.029520,0.627295,16200
21,12,6822,raspi4,cifar100,58.426666,2.558594,0.627295,16200
21,12,9930,raspi4,cifar100,73.513336,71.152000,0.627295,16200
21,12,4418,raspi4,cifar100,72.746666,47.162354,0.627295,16200
21,12,6925,raspi4,cifar100,71.220000,24.195030,0.627295,16200
21,12,10689,raspi4,cifar100,67.500000,7.381845,0.627295,16200
21,12,6830,raspi4,cifar100,71.460000,34.491814,0.627295,16200
21,12,8720,raspi4,cifar100,64.130000,5.082239,0.627295,16200
21,12,15589,raspi4,cifar100,59.060000,2.795078,0.627295,16200
21,12,8912,raspi4,cifar100,59.200000,2.818969,0.627295,16200
21,12,2222,raspi4,cifar100,58.313330,2.538255,0.627295,16200
21,12,12761,raspi4,cifar100,72.860000,53.718200,0.627295,16200
21,12,9271,raspi4,cifar100,63.400000,4.800893,0.627295,16200
21,12,8740,raspi4,cifar100,1.000000,0.015215,0.627295,16200
21,12,7891,raspi4,cifar100,67.550000,12.536592,0.627295,16200
21,12,1572,raspi4,cifar100,69.900000,19.916142,0.627295,16200
21,12,12574,raspi4,cifar100,72.740000,36.371254,0.627295,16200
21,12,6918,raspi4,cifar100,58.800000,2.571364,0.627295,16200
21,12,3487,raspi4,cifar100,70.093330,21.603350,0.627295,16200
21,12,898,raspi4,cifar100,70.000000,21.506163,0.627295,16200
21,12,12607,raspi4,cifar100,62.600000,4.779045,0.627295,16200
21,12,14792,raspi4,cifar100,69.500000,19.111843,0.627295,16200
21,12,4498,raspi4,cifar100,64.086670,5.022347,0.627295,16200
21,13,7187,edgegpu,ImageNet16-120,28.683332,1.443858,0.586358,16429
21,13,4946,edgegpu,ImageNet16-120,44.700000,3.490419,0.586358,16429
21,13,4988,edgegpu,ImageNet16-120,28.933332,1.448212,0.586358,16429
21,13,2650,edgegpu,ImageNet16-120,42.433334,3.309817,0.586358,16429
21,13,12415,edgegpu,ImageNet16-120,46.566666,4.667692,0.586358,16429
21,13,7760,edgegpu,ImageNet16-120,39.100000,1.743751,0.586358,16429
21,13,8401,edgegpu,ImageNet16-120,43.833332,3.322444,0.586358,16429
21,13,857,edgegpu,ImageNet16-120,47.311110,6.707663,0.586358,16429
21,13,4160,edgegpu,ImageNet16-120,39.833332,1.756272,0.586358,16429
21,13,11217,edgegpu,ImageNet16-120,43.466667,3.316708,0.586358,16429
21,13,9722,edgegpu,ImageNet16-120,44.000000,3.327813,0.586358,16429
21,13,8884,edgegpu,ImageNet16-120,45.033333,3.499999,0.586358,16429
21,13,8426,edgegpu,ImageNet16-120,44.633335,3.370147,0.586358,16429
21,13,4587,edgegpu,ImageNet16-120,28.800000,1.445131,0.586358,16429
21,13,13760,edgegpu,ImageNet16-120,32.333332,1.739759,0.586358,16429
21,13,15288,edgegpu,ImageNet16-120,28.422222,1.417041,0.586358,16429
21,13,15376,edgegpu,ImageNet16-120,0.833333,0.533953,0.586358,16429
21,13,10947,edgegpu,ImageNet16-120,39.944443,1.909800,0.586358,16429
21,13,9586,edgegpu,ImageNet16-120,46.933334,5.222673,0.586358,16429
21,13,14117,edgegpu,ImageNet16-120,28.677778,1.435547,0.586358,16429
21,13,6950,edgegpu,ImageNet16-120,38.700000,1.740150,0.586358,16429
21,13,14612,edgegpu,ImageNet16-120,28.488890,1.434064,0.586358,16429
21,13,14840,edgegpu,ImageNet16-120,45.311110,4.224715,0.586358,16429
21,13,5751,edgegpu,ImageNet16-120,40.044445,2.434626,0.586358,16429
21,13,454,edgegpu,ImageNet16-120,41.277780,3.303313,0.586358,16429
21,13,4332,edgegpu,ImageNet16-120,39.444443,1.745496,0.586358,16429
21,13,13411,edgegpu,ImageNet16-120,31.855556,1.736240,0.586358,16429
21,13,1164,edgegpu,ImageNet16-120,28.522223,1.435223,0.586358,16429
21,14,10888,edgetpu,ImageNet16-120,28.333334,0.359044,0.536884,15860
21,14,15383,edgetpu,ImageNet16-120,47.033333,0.780914,0.536884,15860
21,14,5530,edgetpu,ImageNet16-120,42.577778,0.549937,0.536884,15860
21,14,9689,edgetpu,ImageNet16-120,42.533333,0.549702,0.536884,15860
21,14,10750,edgetpu,ImageNet16-120,44.600000,0.615553,0.536884,15860
21,14,13769,edgetpu,ImageNet16-120,41.555557,0.549360,0.536884,15860
21,14,10332,edgetpu,ImageNet16-120,40.033333,0.516152,0.536884,15860
21,14,8884,edgetpu,ImageNet16-120,45.033333,0.615792,0.536884,15860
21,14,10167,edgetpu,ImageNet16-120,39.944443,0.444058,0.536884,15860
21,14,7273,edgetpu,ImageNet16-120,42.966667,0.550014,0.536884,15860
21,14,15363,edgetpu,ImageNet16-120,44.333332,0.582280,0.536884,15860
21,14,4830,edgetpu,ImageNet16-120,42.233334,0.549457,0.536884,15860
21,14,13931,edgetpu,ImageNet16-120,28.788889,0.360349,0.536884,15860
21,14,12231,edgetpu,ImageNet16-120,40.200000,0.518358,0.536884,15860
21,14,4160,edgetpu,ImageNet16-120,39.833332,0.430355,0.536884,15860
21,14,4627,edgetpu,ImageNet16-120,43.500000,0.552306,0.536884,15860
21,14,7431,edgetpu,ImageNet16-120,32.577778,0.363954,0.536884,15860
21,14,14677,edgetpu,ImageNet16-120,33.233334,0.364575,0.536884,15860
21,14,857,edgetpu,ImageNet16-120,47.311110,0.997730,0.536884,15860
21,14,6950,edgetpu,ImageNet16-120,38.700000,0.427379,0.536884,15860
21,14,7750,edgetpu,ImageNet16-120,43.066666,0.551617,0.536884,15860
21,14,5724,edgetpu,ImageNet16-120,28.366667,0.359987,0.536884,15860
21,14,12415,edgetpu,ImageNet16-120,46.566666,0.710906,0.536884,15860
21,14,15107,edgetpu,ImageNet16-120,39.800000,0.430284,0.536884,15860
21,14,11885,edgetpu,ImageNet16-120,39.166668,0.427395,0.536884,15860
21,14,3540,edgetpu,ImageNet16-120,45.122223,0.648670,0.536884,15860
21,14,11079,edgetpu,ImageNet16-120,43.566666,0.552430,0.536884,15860
21,14,13097,edgetpu,ImageNet16-120,39.655556,0.428424,0.536884,15860
21,14,10017,edgetpu,ImageNet16-120,40.566666,0.524950,0.536884,15860
21,14,8781,edgetpu,ImageNet16-120,32.366665,0.363484,0.536884,15860
21,14,4988,edgetpu,ImageNet16-120,28.933332,0.360694,0.536884,15860
21,14,5751,edgetpu,ImageNet16-120,40.044445,0.516992,0.536884,15860
21,14,15014,edgetpu,ImageNet16-120,28.266666,0.358110,0.536884,15860
21,14,14662,edgetpu,ImageNet16-120,41.166668,0.547835,0.536884,15860
21,14,5586,edgetpu,ImageNet16-120,40.811110,0.546420,0.536884,15860
21,14,13972,edgetpu,ImageNet16-120,31.933332,0.363440,0.536884,15860
21,15,8008,eyeriss,ImageNet16-120,43.500000,0.853120,0.454603,16606
21,15,2835,eyeriss,ImageNet16-120,38.222220,0.545920,0.454603,16606
21,15,6787,eyeriss,ImageNet16-120,44.400000,0.914560,0.454603,16606
21,15,1939,eyeriss,ImageNet16-120,45.077778,0.976000,0.454603,16606
21,15,15383,eyeriss,ImageNet16-120,47.033333,1.283200,0.454603,16606
21,15,4829,eyeriss,ImageNet16-120,34.200000,0.484480,0.454603,16606
21,15,8853,eyeriss,ImageNet16-120,45.600000,1.037440,0.454603,16606
21,15,6854,eyeriss,ImageNet16-120,40.800000,0.668800,0.454603,16606
21,15,857,eyeriss,ImageNet16-120,47.311110,1.651840,0.454603,16606
21,15,14417,eyeriss,ImageNet16-120,45.900000,1.098880,0.454603,16606
21,15,735,eyeriss,ImageNet16-120,38.544445,0.607360,0.454603,16606
21,15,4988,eyeriss,ImageNet16-120,28.933332,0.423040,0.454603,16606
21,16,4829,fpga,ImageNet16-120,34.200000,0.415520,0.501186,16310
21,16,2835,fpga,ImageNet16-120,38.222220,0.546720,0.501186,16310
21,16,12452,fpga,ImageNet16-120,40.533333,0.780320,0.501186,16310
21,16,6854,fpga,ImageNet16-120,40.800000,0.809120,0.501186,16310
21,16,6868,fpga,ImageNet16-120,39.000000,0.649120,0.501186,16310
21,16,15383,fpga,ImageNet16-120,47.033333,1.504000,0.501186,16310
21,16,14748,fpga,ImageNet16-120,44.900000,0.995200,0.501186,16310
21,16,5793,fpga,ImageNet16-120,35.033333,0.517920,0.501186,16310
21,16,1939,fpga,ImageNet16-120,45.077778,1.062400,0.501186,16310
21,16,6787,fpga,ImageNet16-120,44.400000,0.969600,0.501186,16310
21,16,14417,fpga,ImageNet16-120,45.900000,1.276320,0.501186,16310
21,16,857,fpga,ImageNet16-120,47.311110,2.038400,0.501186,16310
21,16,8008,fpga,ImageNet16-120,43.500000,0.876800,0.501186,16310
21,16,4988,fpga,ImageNet16-120,28.933332,0.284320,0.501186,16310
21,16,10017,fpga,ImageNet16-120,40.566666,0.784000,0.501186,16310
21,16,15446,fpga,ImageNet16-120,45.766666,1.116320,0.501186,16310
21,17,12452,pixel3,ImageNet16-120,40.533333,1.504410,0.656136,16284
21,17,1110,pixel3,ImageNet16-120,28.600000,0.423927,0.656136,16284
21,17,872,pixel3,ImageNet16-120,41.777780,2.465030,0.656136,16284
21,17,1425,pixel3,ImageNet16-120,45.977780,4.619290,0.656136,16284
21,17,6854,pixel3,ImageNet16-120,40.800000,1.621620,0.656136,16284
21,17,11079,pixel3,ImageNet16-120,43.566666,2.479610,0.656136,16284
21,17,11000,pixel3,ImageNet16-120,44.866665,2.962520,0.656136,16284
21,17,4432,pixel3,ImageNet16-120,37.800000,0.861157,0.656136,16284
21,17,4587,pixel3,ImageNet16-120,28.800000,0.445767,0.656136,16284
21,17,8954,pixel3,ImageNet16-120,28.733334,0.424855,0.656136,16284
21,17,1549,pixel3,ImageNet16-120,28.655556,0.424747,0.656136,16284
21,17,13756,pixel3,ImageNet16-120,0.833333,0.005289,0.656136,16284
21,17,735,pixel3,ImageNet16-120,38.544445,1.107950,0.656136,16284
21,17,9032,pixel3,ImageNet16-120,38.016666,1.020960,0.656136,16284
21,17,3728,pixel3,ImageNet16-120,28.500000,0.422880,0.656136,16284
21,17,2002,pixel3,ImageNet16-120,32.277780,0.617751,0.656136,16284
21,17,12639,pixel3,ImageNet16-120,40.400000,1.304440,0.656136,16284
21,17,4895,pixel3,ImageNet16-120,33.200000,0.619070,0.656136,16284
21,17,1204,pixel3,ImageNet16-120,37.844444,0.864966,0.656136,16284
21,17,857,pixel3,ImageNet16-120,47.311110,6.686850,0.656136,16284
21,17,6294,pixel3,ImageNet16-120,38.011112,0.869124,0.656136,16284
21,17,4988,pixel3,ImageNet16-120,28.933332,0.485996,0.656136,16284
21,17,9496,pixel3,ImageNet16-120,38.200000,1.024960,0.656136,16284
21,17,4977,pixel3,ImageNet16-120,32.966667,0.617991,0.656136,16284
21,17,6014,pixel3,ImageNet16-120,28.533333,0.423391,0.656136,16284
21,17,12424,pixel3,ImageNet16-120,43.133330,2.470150,0.656136,16284
21,17,2018,pixel3,ImageNet16-120,46.433334,4.949210,0.656136,16284
21,17,3496,pixel3,ImageNet16-120,34.233334,0.670584,0.656136,16284
21,17,10154,pixel3,ImageNet16-120,46.133335,4.783700,0.656136,16284
21,17,4004,pixel3,ImageNet16-120,42.811110,2.467510,0.656136,16284
21,17,758,pixel3,ImageNet16-120,28.333334,0.422134,0.656136,16284
21,17,8584,pixel3,ImageNet16-120,34.088890,0.664046,0.656136,16284
21,17,15446,pixel3,ImageNet16-120,45.766666,3.439380,0.656136,16284
21,17,2899,pixel3,ImageNet16-120,43.911110,2.701210,0.656136,16284
21,17,1939,pixel3,ImageNet16-120,45.077778,3.021500,0.656136,16284
21,17,15383,pixel3,ImageNet16-120,47.033333,5.191720,0.656136,16284
21,17,12355,pixel3,ImageNet16-120,45.033333,2.989390,0.656136,16284
21,17,898,pixel3,ImageNet16-120,42.466667,2.467210,0.656136,16284
21,17,12466,pixel3,ImageNet16-120,46.100000,4.680280,0.656136,16284
21,17,14417,pixel3,ImageNet16-120,45.900000,4.143030,0.656136,16284
21,17,4384,pixel3,ImageNet16-120,28.133333,0.421612,0.656136,16284
21,17,12506,pixel3,ImageNet16-120,43.983334,2.929990,0.656136,16284
21,18,6868,raspi4,ImageNet16-120,39.000000,2.982937,0.653263,16034
21,18,11079,raspi4,ImageNet16-120,43.566666,3.802027,0.653263,16034
21,18,1413,raspi4,ImageNet16-120,42.711113,3.788479,0.653263,16034
21,18,9496,raspi4,ImageNet16-120,38.200000,2.204048,0.653263,16034
21,18,11584,raspi4,ImageNet16-120,46.666668,8.014434,0.653263,16034
21,18,7955,raspi4,ImageNet16-120,39.388890,3.082832,0.653263,16034
21,18,9032,raspi4,ImageNet16-120,38.016666,2.201532,0.653263,16034
21,18,6854,raspi4,ImageNet16-120,40.800000,3.661016,0.653263,16034
21,18,5530,raspi4,ImageNet16-120,42.577778,3.785925,0.653263,16034
21,18,1939,raspi4,ImageNet16-120,45.077778,5.341908,0.653263,16034
21,18,14750,raspi4,ImageNet16-120,32.933334,1.536700,0.653263,16034
21,18,15383,raspi4,ImageNet16-120,47.033333,8.565354,0.653263,16034
21,18,4988,raspi4,ImageNet16-120,28.933332,1.003251,0.653263,16034
21,18,8355,raspi4,ImageNet16-120,39.666668,3.083286,0.653263,16034
21,18,5637,raspi4,ImageNet16-120,33.933334,1.580707,0.653263,16034
21,18,1188,raspi4,ImageNet16-120,32.455555,1.526725,0.653263,16034
21,18,4995,raspi4,ImageNet16-120,42.166668,3.766336,0.653263,16034
21,18,15107,raspi4,ImageNet16-120,39.800000,3.083329,0.653263,16034
21,18,1204,raspi4,ImageNet16-120,37.844444,2.199356,0.653263,16034
21,18,2018,raspi4,ImageNet16-120,46.433334,7.482383,0.653263,16034
21,18,10217,raspi4,ImageNet16-120,45.100000,6.109362,0.653263,16034
21,18,2779,raspi4,ImageNet16-120,37.355556,2.190654,0.653263,16034
21,18,13059,raspi4,ImageNet16-120,34.266666,1.595651,0.653263,16034
21,18,11946,raspi4,ImageNet16-120,28.200000,0.940293,0.653263,16034
21,18,3960,raspi4,ImageNet16-120,37.755554,2.197980,0.653263,16034
21,18,8884,raspi4,ImageNet16-120,45.033333,5.293177,0.653263,16034
21,18,15363,raspi4,ImageNet16-120,44.333332,4.480516,0.653263,16034
21,18,933,raspi4,ImageNet16-120,0.833333,0.011514,0.653263,16034
21,18,7227,raspi4,ImageNet16-120,32.533333,1.530737,0.653263,16034
21,18,10835,raspi4,ImageNet16-120,45.233334,6.632419,0.653263,16034
21,18,8447,raspi4,ImageNet16-120,40.011112,3.156609,0.653263,16034
21,18,7357,raspi4,ImageNet16-120,44.666668,4.480689,0.653263,16034
21,18,857,raspi4,ImageNet16-120,47.311110,9.020064,0.653263,16034
21,18,10167,raspi4,ImageNet16-120,39.944443,3.106316,0.653263,16034
21,18,219,raspi4,ImageNet16-120,42.500000,3.768475,0.653263,16034
21,18,14417,raspi4,ImageNet16-120,45.900000,6.948865,0.653263,16034
21,18,13771,raspi4,ImageNet16-120,32.744446,1.533813,0.653263,16034
21,18,3782,raspi4,ImageNet16-120,41.866665,3.755286,0.653263,16034
21,18,11177,raspi4,ImageNet16-120,33.200000,1.573414,0.653263,16034
21,18,14792,raspi4,ImageNet16-120,43.033333,3.792447,0.653263,16034
21,18,10017,raspi4,ImageNet16-120,40.566666,3.181383,0.653263,16034
21,18,8736,raspi4,ImageNet16-120,45.700000,6.658077,0.653263,16034
21,18,8584,raspi4,ImageNet16-120,34.088890,1.586268,0.653263,16034
21,18,6336,raspi4,ImageNet16-120,39.366665,3.073392,0.653263,16034
21,18,735,raspi4,ImageNet16-120,38.544445,2.911079,0.653263,16034
21,18,7187,raspi4,ImageNet16-120,28.683332,0.952790,0.653263,16034
21,18,12358,raspi4,ImageNet16-120,34.055557,1.582727,0.653263,16034
21,18,13931,raspi4,ImageNet16-120,28.788889,0.956195,0.653263,16034
21,18,12505,raspi4,ImageNet16-120,39.283333,3.062432,0.653263,16034
21,18,4675,raspi4,ImageNet16-120,33.100000,1.544321,0.653263,16034
22,1,1459,edgegpu,cifar10,94.296670,6.748991,0.502695,16371
22,1,6960,edgegpu,cifar10,92.280000,1.764450,0.502695,16371
22,1,258,edgegpu,cifar10,93.640000,3.307109,0.502695,16371
22,1,14407,edgegpu,cifar10,86.770000,1.440282,0.502695,16371
22,1,5400,edgegpu,cifar10,86.630000,1.427460,0.502695,16371
22,1,5780,edgegpu,cifar10,93.980000,3.361888,0.502695,16371
22,1,13401,edgegpu,cifar10,87.010000,1.457009,0.502695,16371
22,1,6950,edgegpu,cifar10,92.000000,1.738467,0.502695,16371
22,1,11692,edgegpu,cifar10,94.130000,4.708362,0.502695,16371
22,1,14090,edgegpu,cifar10,92.086670,1.749086,0.502695,16371
22,1,11438,edgegpu,cifar10,92.500000,1.846719,0.502695,16371
22,1,11810,edgegpu,cifar10,92.780000,1.992798,0.502695,16371
22,1,6499,edgegpu,cifar10,93.645000,3.331041,0.502695,16371
22,1,2776,edgegpu,cifar10,93.666664,3.331194,0.502695,16371
22,1,10484,edgegpu,cifar10,93.810000,3.354015,0.502695,16371
22,1,5292,edgegpu,cifar10,94.293335,6.663151,0.502695,16371
22,1,14527,edgegpu,cifar10,86.765000,1.439619,0.502695,16371
22,1,9099,edgegpu,cifar10,93.940000,3.357520,0.502695,16371
22,1,1339,edgegpu,cifar10,92.136665,1.751881,0.502695,16371
22,1,13714,edgegpu,cifar10,94.373340,6.772180,0.502695,16371
22,1,2053,edgegpu,cifar10,94.206665,5.482254,0.502695,16371
22,1,6330,edgegpu,cifar10,94.006670,4.384699,0.502695,16371
22,1,1549,edgegpu,cifar10,86.710000,1.436324,0.502695,16371
22,1,561,edgegpu,cifar10,86.880000,1.451068,0.502695,16371
22,1,15200,edgegpu,cifar10,10.000000,0.501385,0.502695,16371
22,2,3731,edgetpu,cifar10,94.343330,1.282820,0.538060,15946
22,2,11810,edgetpu,cifar10,92.780000,0.482879,0.538060,15946
22,2,8192,edgetpu,cifar10,93.093330,0.627745,0.538060,15946
22,2,5111,edgetpu,cifar10,94.306660,1.152010,0.538060,15946
22,2,6382,edgetpu,cifar10,93.376660,0.628638,0.538060,15946
22,2,9950,edgetpu,cifar10,93.840000,0.723767,0.538060,15946
22,2,6918,edgetpu,cifar10,87.000000,0.375819,0.538060,15946
22,2,13714,edgetpu,cifar10,94.373340,1.377865,0.538060,15946
22,2,12439,edgetpu,cifar10,86.393330,0.352159,0.538060,15946
22,2,4161,edgetpu,cifar10,89.250000,0.391221,0.538060,15946
22,2,9689,edgetpu,cifar10,93.370000,0.628386,0.538060,15946
22,2,8008,edgetpu,cifar10,93.480000,0.629746,0.538060,15946
22,2,10293,edgetpu,cifar10,86.513336,0.352328,0.538060,15946
22,2,9380,edgetpu,cifar10,89.335000,0.395662,0.538060,15946
22,2,797,edgetpu,cifar10,93.280000,0.627996,0.538060,15946
22,2,11692,edgetpu,cifar10,94.130000,0.761100,0.538060,15946
22,2,7937,edgetpu,cifar10,88.610000,0.388867,0.538060,15946
22,2,11438,edgetpu,cifar10,92.500000,0.482393,0.538060,15946
22,2,5647,edgetpu,cifar10,89.110000,0.389378,0.538060,15946
22,2,5780,edgetpu,cifar10,93.980000,0.723967,0.538060,15946
22,2,2053,edgetpu,cifar10,94.206665,1.042178,0.538060,15946
22,2,11112,edgetpu,cifar10,92.110000,0.480732,0.538060,15946
22,2,10683,edgetpu,cifar10,92.330000,0.481277,0.538060,15946
22,2,9722,edgetpu,cifar10,93.540000,0.723575,0.538060,15946
22,2,13611,edgetpu,cifar10,92.490000,0.481826,0.538060,15946
22,2,6584,edgetpu,cifar10,94.160000,0.888877,0.538060,15946
22,2,9817,edgetpu,cifar10,93.490000,0.723286,0.538060,15946
22,2,7017,edgetpu,cifar10,86.970000,0.353089,0.538060,15946
22,2,5946,edgetpu,cifar10,88.963330,0.389012,0.538060,15946
22,2,15000,edgetpu,cifar10,92.400000,0.481741,0.538060,15946
22,3,8720,eyeriss,cifar10,89.875000,1.925300,0.466052,16563
22,3,5111,eyeriss,cifar10,94.306660,5.365940,0.466052,16563
22,3,6899,eyeriss,cifar10,90.900000,2.416820,0.466052,16563
22,3,8008,eyeriss,cifar10,93.480000,3.399860,0.466052,16563
22,3,10412,eyeriss,cifar10,93.530000,3.645620,0.466052,16563
22,3,14112,eyeriss,cifar10,91.296670,2.908340,0.466052,16563
22,3,6854,eyeriss,cifar10,91.040000,2.662580,0.466052,16563
22,3,8592,eyeriss,cifar10,93.750000,3.891380,0.466052,16563
22,3,8323,eyeriss,cifar10,90.870000,2.171060,0.466052,16563
22,3,11472,eyeriss,cifar10,93.970000,4.628660,0.466052,16563
22,3,6111,eyeriss,cifar10,94.373340,7.823540,0.466052,16563
22,3,3731,eyeriss,cifar10,94.343330,6.594740,0.466052,16563
22,3,12438,eyeriss,cifar10,89.875000,1.925300,0.466052,16563
22,3,13714,eyeriss,cifar10,94.373340,7.823540,0.466052,16563
22,3,15000,eyeriss,cifar10,92.400000,3.154100,0.466052,16563
22,3,6584,eyeriss,cifar10,94.160000,4.874420,0.466052,16563
22,3,12286,eyeriss,cifar10,86.760000,1.679540,0.466052,16563
22,4,8008,fpga,cifar10,93.480000,2.905760,0.407391,16286
22,4,8323,fpga,cifar10,90.870000,2.163360,0.407391,16286
22,4,11472,fpga,cifar10,93.970000,3.648160,0.407391,16286
22,4,3731,fpga,cifar10,94.343330,5.936160,0.407391,16286
22,4,5111,fpga,cifar10,94.306660,5.193760,0.407391,16286
22,4,13714,fpga,cifar10,94.373340,6.678560,0.407391,16286
22,4,6584,fpga,cifar10,94.160000,4.163360,0.407391,16286
22,4,12438,fpga,cifar10,89.875000,1.648160,0.407391,16286
22,4,4384,fpga,cifar10,86.796670,1.132960,0.407391,16286
22,4,15295,fpga,cifar10,90.050000,2.057760,0.407391,16286
22,4,6111,fpga,cifar10,94.373340,6.678560,0.407391,16286
22,4,10412,fpga,cifar10,93.530000,3.420960,0.407391,16286
22,4,13611,fpga,cifar10,92.490000,2.390560,0.407391,16286
22,5,13096,pixel3,cifar10,90.700000,2.666040,0.621927,16291
22,5,6382,pixel3,cifar10,93.376660,7.048190,0.621927,16291
22,5,7017,pixel3,cifar10,86.970000,1.403930,0.621927,16291
22,5,6624,pixel3,cifar10,89.120000,1.670570,0.621927,16291
22,5,4627,pixel3,cifar10,93.270000,7.036050,0.621927,16291
22,5,8592,pixel3,cifar10,93.750000,10.769800,0.621927,16291
22,5,1941,pixel3,cifar10,93.533330,9.128690,0.621927,16291
22,5,1781,pixel3,cifar10,89.883330,1.712020,0.621927,16291
22,5,5111,pixel3,cifar10,94.306660,17.584600,0.621927,16291
22,5,3731,pixel3,cifar10,94.343330,23.361300,0.621927,16291
22,5,2779,pixel3,cifar10,90.806660,3.102950,0.621927,16291
22,5,8695,pixel3,cifar10,94.220000,17.564500,0.621927,16291
22,5,7001,pixel3,cifar10,10.000000,0.003277,0.621927,16291
22,5,11692,pixel3,cifar10,94.130000,15.490100,0.621927,16291
22,5,9230,pixel3,cifar10,86.580000,1.056760,0.621927,16291
22,5,13171,pixel3,cifar10,93.530000,7.717220,0.621927,16291
22,5,1416,pixel3,cifar10,89.546670,1.691430,0.621927,16291
22,5,13987,pixel3,cifar10,93.596664,9.922680,0.621927,16291
22,5,13869,pixel3,cifar10,93.656670,10.634700,0.621927,16291
22,5,6434,pixel3,cifar10,91.080000,4.811140,0.621927,16291
22,5,10689,pixel3,cifar10,90.790000,2.669770,0.621927,16291
22,5,6854,pixel3,cifar10,91.040000,4.514220,0.621927,16291
22,5,6111,pixel3,cifar10,94.373340,23.584800,0.621927,16291
22,5,8708,pixel3,cifar10,94.080000,12.839000,0.621927,16291
22,5,2035,pixel3,cifar10,89.670000,1.706480,0.621927,16291
22,5,8323,pixel3,cifar10,90.870000,3.106420,0.621927,16291
22,5,6899,pixel3,cifar10,90.900000,3.961410,0.621927,16291
22,5,6584,pixel3,cifar10,94.160000,15.720300,0.621927,16291
22,5,6863,pixel3,cifar10,86.740000,1.229320,0.621927,16291
22,5,6918,pixel3,cifar10,87.000000,1.478790,0.621927,16291
22,5,1943,pixel3,cifar10,93.116670,6.492030,0.621927,16291
22,5,12452,pixel3,cifar10,91.350000,5.590110,0.621927,16291
22,5,6985,pixel3,cifar10,89.940000,2.367450,0.621927,16291
22,5,7197,pixel3,cifar10,90.366670,2.447670,0.621927,16291
22,5,1425,pixel3,cifar10,93.933334,12.536500,0.621927,16291
22,5,41,pixel3,cifar10,88.670000,1.576940,0.621927,16291
22,5,1804,pixel3,cifar10,89.063330,1.579900,0.621927,16291
22,5,11972,pixel3,cifar10,91.510000,5.627010,0.621927,16291
22,5,6999,pixel3,cifar10,93.820000,12.260900,0.621927,16291
22,5,1339,pixel3,cifar10,92.136665,5.802240,0.621927,16291
22,5,1497,pixel3,cifar10,86.556660,1.056630,0.621927,16291
22,5,4554,pixel3,cifar10,86.670000,1.114880,0.621927,16291
22,6,2035,raspi4,cifar10,89.670000,4.984099,0.622613,16204
22,6,3731,raspi4,cifar10,94.343330,58.070793,0.622613,16204
22,6,7017,raspi4,cifar10,86.970000,2.544041,0.622613,16204
22,6,11972,raspi4,cifar10,91.510000,12.403558,0.622613,16204
22,6,8592,raspi4,cifar10,93.750000,25.477009,0.622613,16204
22,6,1804,raspi4,cifar10,89.063330,4.791845,0.622613,16204
22,6,6382,raspi4,cifar10,93.376660,21.461164,0.622613,16204
22,6,12238,raspi4,cifar10,91.690000,16.046099,0.622613,16204
22,6,1962,raspi4,cifar10,86.530000,2.529453,0.622613,16204
22,6,12639,raspi4,cifar10,90.990000,11.857850,0.622613,16204
22,6,5111,raspi4,cifar10,94.306660,41.756905,0.622613,16204
22,6,1690,raspi4,cifar10,86.646670,2.536549,0.622613,16204
22,6,7058,raspi4,cifar10,92.040000,16.469465,0.622613,16204
22,6,1941,raspi4,cifar10,93.533330,25.121769,0.622613,16204
22,6,14565,raspi4,cifar10,88.880000,4.781183,0.622613,16204
22,6,8008,raspi4,cifar10,93.480000,22.571420,0.622613,16204
22,6,8323,raspi4,cifar10,90.870000,7.426308,0.622613,16204
22,6,10412,raspi4,cifar10,93.530000,25.079220,0.622613,16204
22,6,11810,raspi4,cifar10,92.780000,18.619905,0.622613,16204
22,6,13846,raspi4,cifar10,90.720000,7.176163,0.622613,16204
22,6,12002,raspi4,cifar10,93.510000,24.816572,0.622613,16204
22,6,14677,raspi4,cifar10,88.670000,4.755260,0.622613,16204
22,6,11692,raspi4,cifar10,94.130000,37.583630,0.622613,16204
22,6,6960,raspi4,cifar10,92.280000,17.162752,0.622613,16204
22,6,6111,raspi4,cifar10,94.373340,68.404106,0.622613,16204
22,6,6985,raspi4,cifar10,89.940000,4.995646,0.622613,16204
22,6,13611,raspi4,cifar10,92.490000,18.523302,0.622613,16204
22,6,5780,raspi4,cifar10,93.980000,34.928463,0.622613,16204
22,6,2058,raspi4,cifar10,93.270000,19.484835,0.622613,16204
22,6,6918,raspi4,cifar10,87.000000,2.787590,0.622613,16204
22,6,8525,raspi4,cifar10,89.320000,4.900777,0.622613,16204
22,6,9051,raspi4,cifar10,10.000000,0.011330,0.622613,16204
22,6,9271,raspi4,cifar10,89.250000,4.830311,0.622613,16204
22,6,6868,raspi4,cifar10,90.880000,10.226877,0.622613,16204
22,6,11533,raspi4,cifar10,93.420000,21.715693,0.622613,16204
22,6,12505,raspi4,cifar10,92.150000,16.747276,0.622613,16204
22,6,6584,raspi4,cifar10,94.160000,38.818527,0.622613,16204
22,6,8426,raspi4,cifar10,93.840000,31.394428,0.622613,16204
22,7,12415,edgegpu,cifar100,71.940000,4.828467,0.526313,16387
22,7,3888,edgegpu,cifar100,73.260000,6.797867,0.526313,16387
22,7,9997,edgegpu,cifar100,71.520000,3.466139,0.526313,16387
22,7,11810,edgegpu,cifar100,68.300000,1.779551,0.526313,16387
22,7,4954,edgegpu,cifar100,73.000000,6.669736,0.526313,16387
22,7,2304,edgegpu,cifar100,58.660000,1.440253,0.526313,16387
22,7,9922,edgegpu,cifar100,58.560000,1.428552,0.526313,16387
22,7,9930,edgegpu,cifar100,73.513336,6.803060,0.526313,16387
22,7,8401,edgegpu,cifar100,71.080000,3.302102,0.526313,16387
22,7,4418,edgegpu,cifar100,72.746666,5.352364,0.526313,16387
22,7,2778,edgegpu,cifar100,72.993330,6.134028,0.526313,16387
22,7,11067,edgegpu,cifar100,58.186670,1.427836,0.526313,16387
22,7,6124,edgegpu,cifar100,68.360000,3.185835,0.526313,16387
22,7,11885,edgegpu,cifar100,68.040000,1.776652,0.526313,16387
22,7,1038,edgegpu,cifar100,67.500000,1.758428,0.526313,16387
22,7,14677,edgegpu,cifar100,62.420000,1.746187,0.526313,16387
22,7,6381,edgegpu,cifar100,66.800000,1.753340,0.526313,16387
22,7,1425,edgegpu,cifar100,72.093330,5.310225,0.526313,16387
22,7,1509,edgegpu,cifar100,1.000000,0.505853,0.526313,16387
22,7,8912,edgegpu,cifar100,59.200000,1.441355,0.526313,16387
22,8,777,edgetpu,cifar100,58.650000,0.355588,0.531191,16141
22,8,10443,edgetpu,cifar100,68.300000,0.489020,0.531191,16141
22,8,69,edgetpu,cifar100,71.020000,0.727259,0.531191,16141
22,8,8638,edgetpu,cifar100,58.860000,0.356631,0.531191,16141
22,8,9930,edgetpu,cifar100,73.513336,1.454107,0.531191,16141
22,8,11112,edgetpu,cifar100,66.893330,0.486713,0.531191,16141
22,8,10000,edgetpu,cifar100,73.160000,1.283461,0.531191,16141
22,8,3888,edgetpu,cifar100,73.260000,1.316226,0.531191,16141
22,8,4155,edgetpu,cifar100,62.306667,0.391442,0.531191,16141
22,8,857,edgetpu,cifar100,72.880000,1.264168,0.531191,16141
22,8,12574,edgetpu,cifar100,72.740000,0.932430,0.531191,16141
22,8,5019,edgetpu,cifar100,58.880000,0.357058,0.531191,16141
22,8,13829,edgetpu,cifar100,66.873340,0.485137,0.531191,16141
22,8,1943,edgetpu,cifar100,69.626660,0.634759,0.531191,16141
22,8,2705,edgetpu,cifar100,62.813330,0.393026,0.531191,16141
22,8,577,edgetpu,cifar100,69.680000,0.635228,0.531191,16141
22,8,15363,edgetpu,cifar100,70.520000,0.676394,0.531191,16141
22,8,4418,edgetpu,cifar100,72.746666,1.093699,0.531191,16141
22,8,1110,edgetpu,cifar100,58.840000,0.355938,0.531191,16141
22,8,3487,edgetpu,cifar100,70.093330,0.637182,0.531191,16141
22,8,4659,edgetpu,cifar100,70.060000,0.636433,0.531191,16141
22,8,797,edgetpu,cifar100,69.580000,0.633351,0.531191,16141
22,8,8912,edgetpu,cifar100,59.200000,0.377698,0.531191,16141
22,8,14945,edgetpu,cifar100,58.500000,0.354940,0.531191,16141
22,8,8401,edgetpu,cifar100,71.080000,0.728572,0.531191,16141
22,8,12761,edgetpu,cifar100,72.860000,1.225212,0.531191,16141
22,8,1425,edgetpu,cifar100,72.093330,0.910660,0.531191,16141
22,8,11533,edgetpu,cifar100,69.760000,0.635877,0.531191,16141
22,8,12415,edgetpu,cifar100,71.940000,0.872299,0.531191,16141
22,8,3303,edgetpu,cifar100,62.420000,0.392593,0.531191,16141
22,8,9271,edgetpu,cifar100,63.400000,0.393151,0.531191,16141
22,8,1383,edgetpu,cifar100,70.273330,0.673722,0.531191,16141
22,8,12607,edgetpu,cifar100,62.600000,0.392830,0.531191,16141
22,8,1996,edgetpu,cifar100,67.820000,0.486748,0.531191,16141
22,8,9997,edgetpu,cifar100,71.520000,0.729986,0.531191,16141
22,9,5651,eyeriss,cifar100,64.690000,1.928320,0.476777,16603
22,9,11301,eyeriss,cifar100,68.220000,2.665600,0.476777,16603
22,9,14714,eyeriss,cifar100,71.280000,4.140160,0.476777,16603
22,9,9930,eyeriss,cifar100,73.513336,9.055360,0.476777,16603
22,9,12574,eyeriss,cifar100,72.740000,5.123200,0.476777,16603
22,9,14112,eyeriss,cifar100,68.386665,2.911360,0.476777,16603
22,9,12761,eyeriss,cifar100,72.860000,6.352000,0.476777,16603
22,9,12820,eyeriss,cifar100,67.720000,2.419840,0.476777,16603
22,9,3888,eyeriss,cifar100,73.260000,6.597760,0.476777,16603
22,9,6787,eyeriss,cifar100,70.720000,3.648640,0.476777,16603
22,9,4659,eyeriss,cifar100,70.060000,3.402880,0.476777,16603
22,9,6925,eyeriss,cifar100,71.220000,3.894400,0.476777,16603
22,9,10689,eyeriss,cifar100,67.500000,2.174080,0.476777,16603
22,9,3540,eyeriss,cifar100,71.500000,4.877440,0.476777,16603
22,9,5084,eyeriss,cifar100,58.813330,1.682560,0.476777,16603
22,10,11973,fpga,cifar100,70.340000,2.905760,0.407100,16319
22,10,10689,fpga,cifar100,67.500000,2.163360,0.407100,16319
22,10,3687,fpga,cifar100,64.460000,1.648160,0.407100,16319
22,10,5033,fpga,cifar100,59.060000,1.542560,0.407100,16319
22,10,4249,fpga,cifar100,65.080000,2.057760,0.407100,16319
22,10,5084,fpga,cifar100,58.813330,1.132960,0.407100,16319
22,10,3540,fpga,cifar100,71.500000,4.163360,0.407100,16319
22,10,6787,fpga,cifar100,70.720000,3.420960,0.407100,16319
22,10,12574,fpga,cifar100,72.740000,4.678560,0.407100,16319
22,10,9930,fpga,cifar100,73.513336,7.420960,0.407100,16319
22,10,5743,fpga,cifar100,67.800000,2.800160,0.407100,16319
22,10,12295,fpga,cifar100,71.160000,3.648160,0.407100,16319
22,10,3888,fpga,cifar100,73.260000,5.936160,0.407100,16319
22,10,6925,fpga,cifar100,71.220000,3.936160,0.407100,16319
22,10,7250,fpga,cifar100,67.706665,2.390560,0.407100,16319
22,10,12761,fpga,cifar100,72.860000,5.420960,0.407100,16319
22,10,12820,fpga,cifar100,67.720000,2.678560,0.407100,16319
22,10,9997,fpga,cifar100,71.520000,4.572960,0.407100,16319
22,10,6830,fpga,cifar100,71.460000,4.057760,0.407100,16319
22,11,6337,pixel3,cifar100,1.000000,0.008753,0.633357,16368
22,11,1450,pixel3,cifar100,70.506670,9.337360,0.633357,16368
22,11,1459,pixel3,cifar100,73.140000,23.437900,0.633357,16368
22,11,12970,pixel3,cifar100,68.140000,4.782110,0.633357,16368
22,11,8638,pixel3,cifar100,58.860000,1.478570,0.633357,16368
22,11,8912,pixel3,cifar100,59.200000,1.478790,0.633357,16368
22,11,14112,pixel3,cifar100,68.386665,5.745320,0.633357,16368
22,11,1409,pixel3,cifar100,58.853333,1.275090,0.633357,16368
22,11,1631,pixel3,cifar100,63.986668,1.805000,0.633357,16368
22,11,6925,pixel3,cifar100,71.220000,10.688000,0.633357,16368
22,11,3888,pixel3,cifar100,73.260000,23.477200,0.633357,16368
22,11,11301,pixel3,cifar100,68.220000,5.352090,0.633357,16368
22,11,11000,pixel3,cifar100,71.180000,10.677600,0.633357,16368
22,11,699,pixel3,cifar100,72.240000,12.079400,0.633357,16368
22,11,857,pixel3,cifar100,72.880000,19.113200,0.633357,16368
22,11,657,pixel3,cifar100,58.233334,1.233070,0.633357,16368
22,11,572,pixel3,cifar100,70.313330,8.017480,0.633357,16368
22,11,1593,pixel3,cifar100,62.126667,1.582050,0.633357,16368
22,11,898,pixel3,cifar100,70.000000,6.516140,0.633357,16368
22,11,858,pixel3,cifar100,64.133330,2.003500,0.633357,16368
22,11,10042,pixel3,cifar100,64.880000,2.794690,0.633357,16368
22,11,12574,pixel3,cifar100,72.740000,16.473900,0.633357,16368
22,11,375,pixel3,cifar100,64.440000,2.363140,0.633357,16368
22,11,485,pixel3,cifar100,67.593330,4.124800,0.633357,16368
22,11,15363,pixel3,cifar100,70.520000,9.708640,0.633357,16368
22,11,6787,pixel3,cifar100,70.720000,9.854430,0.633357,16368
22,11,5651,pixel3,cifar100,64.690000,2.376870,0.633357,16368
22,11,9930,pixel3,cifar100,73.513336,42.003600,0.633357,16368
22,11,10689,pixel3,cifar100,67.500000,3.109220,0.633357,16368
22,11,1090,pixel3,cifar100,65.220000,2.811310,0.633357,16368
22,11,8323,pixel3,cifar100,67.080000,3.106340,0.633357,16368
22,11,4432,pixel3,cifar100,66.486664,3.105870,0.633357,16368
22,11,906,pixel3,cifar100,62.393333,1.661810,0.633357,16368
22,11,1616,pixel3,cifar100,63.946667,1.731160,0.633357,16368
22,11,894,pixel3,cifar100,61.933334,1.581120,0.633357,16368
22,12,8740,raspi4,cifar100,1.000000,0.015215,0.664116,16198
22,12,8720,raspi4,cifar100,64.130000,5.082239,0.664116,16198
22,12,10042,raspi4,cifar100,64.880000,5.100886,0.664116,16198
22,12,1459,raspi4,cifar100,73.140000,53.879950,0.664116,16198
22,12,10222,raspi4,cifar100,58.860000,2.747804,0.664116,16198
22,12,9271,raspi4,cifar100,63.400000,4.800893,0.664116,16198
22,12,375,raspi4,cifar100,64.440000,5.099302,0.664116,16198
22,12,12915,raspi4,cifar100,66.950000,7.226311,0.664116,16198
22,12,7030,raspi4,cifar100,69.600000,19.218203,0.664116,16198
22,12,2035,raspi4,cifar100,63.926666,5.005698,0.664116,16198
22,12,14112,raspi4,cifar100,68.386665,14.423308,0.664116,16198
22,12,6925,raspi4,cifar100,71.220000,24.195030,0.664116,16198
22,12,6822,raspi4,cifar100,58.426666,2.558594,0.664116,16198
22,12,14714,raspi4,cifar100,71.280000,24.692347,0.664116,16198
22,12,4498,raspi4,cifar100,64.086670,5.022347,0.664116,16198
22,12,3888,raspi4,cifar100,73.260000,55.029520,0.664116,16198
22,12,9930,raspi4,cifar100,73.513336,71.152000,0.664116,16198
22,12,15363,raspi4,cifar100,70.520000,21.809430,0.664116,16198
22,12,6787,raspi4,cifar100,70.720000,23.081835,0.664116,16198
22,12,15589,raspi4,cifar100,59.060000,2.795078,0.664116,16198
22,12,8912,raspi4,cifar100,59.200000,2.818969,0.664116,16198
22,12,13430,raspi4,cifar100,66.700000,7.203785,0.664116,16198
22,12,9997,raspi4,cifar100,71.520000,34.996710,0.664116,16198
22,12,4409,raspi4,cifar100,67.173330,7.228629,0.664116,16198
22,12,14612,raspi4,cifar100,58.720000,2.563505,0.664116,16198
22,12,898,raspi4,cifar100,70.000000,21.506163,0.664116,16198
22,12,6177,raspi4,cifar100,62.373333,4.795128,0.664116,16198
22,12,2222,raspi4,cifar100,58.313330,2.538255,0.664116,16198
22,12,4418,raspi4,cifar100,72.746666,47.162354,0.664116,16198
22,12,14792,raspi4,cifar100,69.500000,19.111843,0.664116,16198
22,12,9926,raspi4,cifar100,63.520000,4.999532,0.664116,16198
22,12,12574,raspi4,cifar100,72.740000,36.371254,0.664116,16198
22,12,3487,raspi4,cifar100,70.093330,21.603350,0.664116,16198
22,12,12761,raspi4,cifar100,72.860000,53.718200,0.664116,16198
22,12,10689,raspi4,cifar100,67.500000,7.381845,0.664116,16198
22,12,6918,raspi4,cifar100,58.800000,2.571364,0.664116,16198
22,12,6830,raspi4,cifar100,71.460000,34.491814,0.664116,16198
22,12,1572,raspi4,cifar100,69.900000,19.916142,0.664116,16198
22,13,14840,edgegpu,ImageNet16-120,45.311110,4.224715,0.615045,16258
22,13,4587,edgegpu,ImageNet16-120,28.800000,1.445131,0.615045,16258
22,13,14612,edgegpu,ImageNet16-120,28.488890,1.434064,0.615045,16258
22,13,8884,edgegpu,ImageNet16-120,45.033333,3.499999,0.615045,16258
22,13,8401,edgegpu,ImageNet16-120,43.833332,3.322444,0.615045,16258
22,13,4946,edgegpu,ImageNet16-120,44.700000,3.490419,0.615045,16258
22,13,5751,edgegpu,ImageNet16-120,40.044445,2.434626,0.615045,16258
22,13,8426,edgegpu,ImageNet16-120,44.633335,3.370147,0.615045,16258
22,13,11217,edgegpu,ImageNet16-120,43.466667,3.316708,0.615045,16258
22,13,857,edgegpu,ImageNet16-120,47.311110,6.707663,0.615045,16258
22,13,12415,edgegpu,ImageNet16-120,46.566666,4.667692,0.615045,16258
22,13,7760,edgegpu,ImageNet16-120,39.100000,1.743751,0.615045,16258
22,13,7187,edgegpu,ImageNet16-120,28.683332,1.443858,0.615045,16258
22,13,9722,edgegpu,ImageNet16-120,44.000000,3.327813,0.615045,16258
22,13,14117,edgegpu,ImageNet16-120,28.677778,1.435547,0.615045,16258
22,13,15159,edgegpu,ImageNet16-120,45.566666,4.632421,0.615045,16258
22,13,15376,edgegpu,ImageNet16-120,0.833333,0.533953,0.615045,16258
22,13,10947,edgegpu,ImageNet16-120,39.944443,1.909800,0.615045,16258
22,13,6950,edgegpu,ImageNet16-120,38.700000,1.740150,0.615045,16258
22,13,1164,edgegpu,ImageNet16-120,28.522223,1.435223,0.615045,16258
22,13,4988,edgegpu,ImageNet16-120,28.933332,1.448212,0.615045,16258
22,13,15288,edgegpu,ImageNet16-120,28.422222,1.417041,0.615045,16258
22,13,4160,edgegpu,ImageNet16-120,39.833332,1.756272,0.615045,16258
22,13,9586,edgegpu,ImageNet16-120,46.933334,5.222673,0.615045,16258
22,13,13760,edgegpu,ImageNet16-120,32.333332,1.739759,0.615045,16258
22,13,1449,edgegpu,ImageNet16-120,40.077778,3.075252,0.615045,16258
22,13,4332,edgegpu,ImageNet16-120,39.444443,1.745496,0.615045,16258
22,13,12812,edgegpu,ImageNet16-120,40.100000,3.174190,0.615045,16258
22,13,454,edgegpu,ImageNet16-120,41.277780,3.303313,0.615045,16258
22,13,2650,edgegpu,ImageNet16-120,42.433334,3.309817,0.615045,16258
22,13,15383,edgegpu,ImageNet16-120,47.033333,6.262836,0.615045,16258
22,14,7431,edgetpu,ImageNet16-120,32.577778,0.363954,0.525477,16006
22,14,857,edgetpu,ImageNet16-120,47.311110,0.997730,0.525477,16006
22,14,10167,edgetpu,ImageNet16-120,39.944443,0.444058,0.525477,16006
22,14,7750,edgetpu,ImageNet16-120,43.066666,0.551617,0.525477,16006
22,14,10332,edgetpu,ImageNet16-120,40.033333,0.516152,0.525477,16006
22,14,7273,edgetpu,ImageNet16-120,42.966667,0.550014,0.525477,16006
22,14,8884,edgetpu,ImageNet16-120,45.033333,0.615792,0.525477,16006
22,14,9689,edgetpu,ImageNet16-120,42.533333,0.549702,0.525477,16006
22,14,15363,edgetpu,ImageNet16-120,44.333332,0.582280,0.525477,16006
22,14,12415,edgetpu,ImageNet16-120,46.566666,0.710906,0.525477,16006
22,14,6950,edgetpu,ImageNet16-120,38.700000,0.427379,0.525477,16006
22,14,4627,edgetpu,ImageNet16-120,43.500000,0.552306,0.525477,16006
22,14,3540,edgetpu,ImageNet16-120,45.122223,0.648670,0.525477,16006
22,14,4830,edgetpu,ImageNet16-120,42.233334,0.549457,0.525477,16006
22,14,5530,edgetpu,ImageNet16-120,42.577778,0.549937,0.525477,16006
22,14,15383,edgetpu,ImageNet16-120,47.033333,0.780914,0.525477,16006
22,14,13769,edgetpu,ImageNet16-120,41.555557,0.549360,0.525477,16006
22,14,13972,edgetpu,ImageNet16-120,31.933332,0.363440,0.525477,16006
22,14,15014,edgetpu,ImageNet16-120,28.266666,0.358110,0.525477,16006
22,14,70,edgetpu,ImageNet16-120,39.377777,0.428228,0.525477,16006
22,14,11079,edgetpu,ImageNet16-120,43.566666,0.552430,0.525477,16006
22,14,15107,edgetpu,ImageNet16-120,39.800000,0.430284,0.525477,16006
22,14,10888,edgetpu,ImageNet16-120,28.333334,0.359044,0.525477,16006
22,14,11885,edgetpu,ImageNet16-120,39.166668,0.427395,0.525477,16006
22,14,13931,edgetpu,ImageNet16-120,28.788889,0.360349,0.525477,16006
22,14,14840,edgetpu,ImageNet16-120,45.311110,0.666690,0.525477,16006
22,14,4988,edgetpu,ImageNet16-120,28.933332,0.360694,0.525477,16006
22,14,11282,edgetpu,ImageNet16-120,39.633335,0.428409,0.525477,16006
22,14,7357,edgetpu,ImageNet16-120,44.666668,0.600498,0.525477,16006
22,14,6520,edgetpu,ImageNet16-120,32.383335,0.363944,0.525477,16006
22,14,6407,edgetpu,ImageNet16-120,32.333332,0.363748,0.525477,16006
22,14,13097,edgetpu,ImageNet16-120,39.655556,0.428424,0.525477,16006
22,14,5751,edgetpu,ImageNet16-120,40.044445,0.516992,0.525477,16006
22,14,4160,edgetpu,ImageNet16-120,39.833332,0.430355,0.525477,16006
22,14,6858,edgetpu,ImageNet16-120,40.333332,0.541300,0.525477,16006
22,14,14677,edgetpu,ImageNet16-120,33.233334,0.364575,0.525477,16006
22,14,7396,edgetpu,ImageNet16-120,40.177776,0.517218,0.525477,16006
22,15,8853,eyeriss,ImageNet16-120,45.600000,1.037440,0.463647,16537
22,15,857,eyeriss,ImageNet16-120,47.311110,1.651840,0.463647,16537
22,15,6787,eyeriss,ImageNet16-120,44.400000,0.914560,0.463647,16537
22,15,1939,eyeriss,ImageNet16-120,45.077778,0.976000,0.463647,16537
22,15,735,eyeriss,ImageNet16-120,38.544445,0.607360,0.463647,16537
22,15,4829,eyeriss,ImageNet16-120,34.200000,0.484480,0.463647,16537
22,15,15383,eyeriss,ImageNet16-120,47.033333,1.283200,0.463647,16537
22,15,6854,eyeriss,ImageNet16-120,40.800000,0.668800,0.463647,16537
22,15,2835,eyeriss,ImageNet16-120,38.222220,0.545920,0.463647,16537
22,15,8008,eyeriss,ImageNet16-120,43.500000,0.853120,0.463647,16537
22,15,14417,eyeriss,ImageNet16-120,45.900000,1.098880,0.463647,16537
22,15,4988,eyeriss,ImageNet16-120,28.933332,0.423040,0.463647,16537
22,16,6868,fpga,ImageNet16-120,39.000000,0.649120,0.483658,16479
22,16,15383,fpga,ImageNet16-120,47.033333,1.504000,0.483658,16479
22,16,6787,fpga,ImageNet16-120,44.400000,0.969600,0.483658,16479
22,16,14748,fpga,ImageNet16-120,44.900000,0.995200,0.483658,16479
22,16,6854,fpga,ImageNet16-120,40.800000,0.809120,0.483658,16479
22,16,8008,fpga,ImageNet16-120,43.500000,0.876800,0.483658,16479
22,16,2835,fpga,ImageNet16-120,38.222220,0.546720,0.483658,16479
22,16,12452,fpga,ImageNet16-120,40.533333,0.780320,0.483658,16479
22,16,1939,fpga,ImageNet16-120,45.077778,1.062400,0.483658,16479
22,16,5793,fpga,ImageNet16-120,35.033333,0.517920,0.483658,16479
22,16,9805,fpga,ImageNet16-120,34.133335,0.415520,0.483658,16479
22,16,4988,fpga,ImageNet16-120,28.933332,0.284320,0.483658,16479
22,16,14417,fpga,ImageNet16-120,45.900000,1.276320,0.483658,16479
22,16,15446,fpga,ImageNet16-120,45.766666,1.116320,0.483658,16479
22,16,857,fpga,ImageNet16-120,47.311110,2.038400,0.483658,16479
22,16,11079,fpga,ImageNet16-120,43.566666,0.902400,0.483658,16479
22,17,4895,pixel3,ImageNet16-120,33.200000,0.619070,0.644264,16241
22,17,4977,pixel3,ImageNet16-120,32.966667,0.617991,0.644264,16241
22,17,1939,pixel3,ImageNet16-120,45.077778,3.021500,0.644264,16241
22,17,15383,pixel3,ImageNet16-120,47.033333,5.191720,0.644264,16241
22,17,12355,pixel3,ImageNet16-120,45.033333,2.989390,0.644264,16241
22,17,758,pixel3,ImageNet16-120,28.333334,0.422134,0.644264,16241
22,17,6014,pixel3,ImageNet16-120,28.533333,0.423391,0.644264,16241
22,17,13059,pixel3,ImageNet16-120,34.266666,0.668679,0.644264,16241
22,17,8584,pixel3,ImageNet16-120,34.088890,0.664046,0.644264,16241
22,17,12424,pixel3,ImageNet16-120,43.133330,2.470150,0.644264,16241
22,17,12639,pixel3,ImageNet16-120,40.400000,1.304440,0.644264,16241
22,17,11000,pixel3,ImageNet16-120,44.866665,2.962520,0.644264,16241
22,17,6854,pixel3,ImageNet16-120,40.800000,1.621620,0.644264,16241
22,17,10154,pixel3,ImageNet16-120,46.133335,4.783700,0.644264,16241
22,17,857,pixel3,ImageNet16-120,47.311110,6.686850,0.644264,16241
22,17,4587,pixel3,ImageNet16-120,28.800000,0.445767,0.644264,16241
22,17,12466,pixel3,ImageNet16-120,46.100000,4.680280,0.644264,16241
22,17,2018,pixel3,ImageNet16-120,46.433334,4.949210,0.644264,16241
22,17,1204,pixel3,ImageNet16-120,37.844444,0.864966,0.644264,16241
22,17,7187,pixel3,ImageNet16-120,28.683332,0.425223,0.644264,16241
22,17,4004,pixel3,ImageNet16-120,42.811110,2.467510,0.644264,16241
22,17,1110,pixel3,ImageNet16-120,28.600000,0.423927,0.644264,16241
22,17,4432,pixel3,ImageNet16-120,37.800000,0.861157,0.644264,16241
22,17,4988,pixel3,ImageNet16-120,28.933332,0.485996,0.644264,16241
22,17,14417,pixel3,ImageNet16-120,45.900000,4.143030,0.644264,16241
22,17,4384,pixel3,ImageNet16-120,28.133333,0.421612,0.644264,16241
22,17,3728,pixel3,ImageNet16-120,28.500000,0.422880,0.644264,16241
22,17,1549,pixel3,ImageNet16-120,28.655556,0.424747,0.644264,16241
22,17,11079,pixel3,ImageNet16-120,43.566666,2.479610,0.644264,16241
22,17,2835,pixel3,ImageNet16-120,38.222220,0.868646,0.644264,16241
22,17,872,pixel3,ImageNet16-120,41.777780,2.465030,0.644264,16241
22,17,2899,pixel3,ImageNet16-120,43.911110,2.701210,0.644264,16241
22,17,12452,pixel3,ImageNet16-120,40.533333,1.504410,0.644264,16241
22,17,1425,pixel3,ImageNet16-120,45.977780,4.619290,0.644264,16241
22,17,2002,pixel3,ImageNet16-120,32.277780,0.617751,0.644264,16241
22,17,8683,pixel3,ImageNet16-120,44.200000,2.711960,0.644264,16241
22,17,13756,pixel3,ImageNet16-120,0.833333,0.005289,0.644264,16241
22,17,735,pixel3,ImageNet16-120,38.544445,1.107950,0.644264,16241
22,17,898,pixel3,ImageNet16-120,42.466667,2.467210,0.644264,16241
22,17,15446,pixel3,ImageNet16-120,45.766666,3.439380,0.644264,16241
22,18,10017,raspi4,ImageNet16-120,40.566666,3.181383,0.691434,16144
22,18,6854,raspi4,ImageNet16-120,40.800000,3.661016,0.691434,16144
22,18,1413,raspi4,ImageNet16-120,42.711113,3.788479,0.691434,16144
22,18,1939,raspi4,ImageNet16-120,45.077778,5.341908,0.691434,16144
22,18,8355,raspi4,ImageNet16-120,39.666668,3.083286,0.691434,16144
22,18,5637,raspi4,ImageNet16-120,33.933334,1.580707,0.691434,16144
22,18,857,raspi4,ImageNet16-120,47.311110,9.020064,0.691434,16144
22,18,3782,raspi4,ImageNet16-120,41.866665,3.755286,0.691434,16144
22,18,9496,raspi4,ImageNet16-120,38.200000,2.204048,0.691434,16144
22,18,4988,raspi4,ImageNet16-120,28.933332,1.003251,0.691434,16144
22,18,2779,raspi4,ImageNet16-120,37.355556,2.190654,0.691434,16144
22,18,3960,raspi4,ImageNet16-120,37.755554,2.197980,0.691434,16144
22,18,14677,raspi4,ImageNet16-120,33.233334,1.537227,0.691434,16144
22,18,13059,raspi4,ImageNet16-120,34.266666,1.595651,0.691434,16144
22,18,13931,raspi4,ImageNet16-120,28.788889,0.956195,0.691434,16144
22,18,11079,raspi4,ImageNet16-120,43.566666,3.802027,0.691434,16144
22,18,15363,raspi4,ImageNet16-120,44.333332,4.480516,0.691434,16144
22,18,11946,raspi4,ImageNet16-120,28.200000,0.940293,0.691434,16144
22,18,2018,raspi4,ImageNet16-120,46.433334,7.482383,0.691434,16144
22,18,9032,raspi4,ImageNet16-120,38.016666,2.201532,0.691434,16144
22,18,10835,raspi4,ImageNet16-120,45.233334,6.632419,0.691434,16144
22,18,219,raspi4,ImageNet16-120,42.500000,3.768475,0.691434,16144
22,18,12505,raspi4,ImageNet16-120,39.283333,3.062432,0.691434,16144
22,18,15107,raspi4,ImageNet16-120,39.800000,3.083329,0.691434,16144
22,18,1204,raspi4,ImageNet16-120,37.844444,2.199356,0.691434,16144
22,18,4995,raspi4,ImageNet16-120,42.166668,3.766336,0.691434,16144
22,18,15383,raspi4,ImageNet16-120,47.033333,8.565354,0.691434,16144
22,18,12358,raspi4,ImageNet16-120,34.055557,1.582727,0.691434,16144
22,18,9585,raspi4,ImageNet16-120,0.833333,0.011519,0.691434,16144
22,18,14792,raspi4,ImageNet16-120,43.033333,3.792447,0.691434,16144
22,18,4160,raspi4,ImageNet16-120,39.833332,3.114462,0.691434,16144
22,18,735,raspi4,ImageNet16-120,38.544445,2.911079,0.691434,16144
22,18,14417,raspi4,ImageNet16-120,45.900000,6.948865,0.691434,16144
22,18,5455,raspi4,ImageNet16-120,32.611110,1.532377,0.691434,16144
22,18,8736,raspi4,ImageNet16-120,45.700000,6.658077,0.691434,16144
22,18,1172,raspi4,ImageNet16-120,39.933334,3.163870,0.691434,16144
22,18,13771,raspi4,ImageNet16-120,32.744446,1.533813,0.691434,16144
22,18,1188,raspi4,ImageNet16-120,32.455555,1.526725,0.691434,16144
22,18,7187,raspi4,ImageNet16-120,28.683332,0.952790,0.691434,16144
22,18,7227,raspi4,ImageNet16-120,32.533333,1.530737,0.691434,16144
22,18,7357,raspi4,ImageNet16-120,44.666668,4.480689,0.691434,16144
22,18,3687,raspi4,ImageNet16-120,34.066666,1.583497,0.691434,16144
22,18,8683,raspi4,ImageNet16-120,44.200000,4.462997,0.691434,16144
22,18,8584,raspi4,ImageNet16-120,34.088890,1.586268,0.691434,16144
22,18,10472,raspi4,ImageNet16-120,39.633335,3.079679,0.691434,16144
22,18,380,raspi4,ImageNet16-120,38.900000,3.038936,0.691434,16144
22,18,11584,raspi4,ImageNet16-120,46.666668,8.014434,0.691434,16144
22,18,11209,raspi4,ImageNet16-120,33.266666,1.580655,0.691434,16144
22,18,3431,raspi4,ImageNet16-120,32.966667,1.536690,0.691434,16144
23,1,5780,edgegpu,cifar10,93.980000,3.361888,0.500927,16450
23,1,11810,edgegpu,cifar10,92.780000,1.992798,0.500927,16450
23,1,6960,edgegpu,cifar10,92.280000,1.764450,0.500927,16450
23,1,5292,edgegpu,cifar10,94.293335,6.663151,0.500927,16450
23,1,6499,edgegpu,cifar10,93.645000,3.331041,0.500927,16450
23,1,14090,edgegpu,cifar10,92.086670,1.749086,0.500927,16450
23,1,14527,edgegpu,cifar10,86.765000,1.439619,0.500927,16450
23,1,1339,edgegpu,cifar10,92.136665,1.751881,0.500927,16450
23,1,10484,edgegpu,cifar10,93.810000,3.354015,0.500927,16450
23,1,14407,edgegpu,cifar10,86.770000,1.440282,0.500927,16450
23,1,9099,edgegpu,cifar10,93.940000,3.357520,0.500927,16450
23,1,13401,edgegpu,cifar10,87.010000,1.457009,0.500927,16450
23,1,258,edgegpu,cifar10,93.640000,3.307109,0.500927,16450
23,1,8421,edgegpu,cifar10,10.000000,0.538597,0.500927,16450
23,1,561,edgegpu,cifar10,86.880000,1.451068,0.500927,16450
23,1,11692,edgegpu,cifar10,94.130000,4.708362,0.500927,16450
23,1,5400,edgegpu,cifar10,86.630000,1.427460,0.500927,16450
23,1,1549,edgegpu,cifar10,86.710000,1.436324,0.500927,16450
23,1,13714,edgegpu,cifar10,94.373340,6.772180,0.500927,16450
23,1,6950,edgegpu,cifar10,92.000000,1.738467,0.500927,16450
23,1,2053,edgegpu,cifar10,94.206665,5.482254,0.500927,16450
23,1,6330,edgegpu,cifar10,94.006670,4.384699,0.500927,16450
23,1,11438,edgegpu,cifar10,92.500000,1.846719,0.500927,16450
23,1,2776,edgegpu,cifar10,93.666664,3.331194,0.500927,16450
23,1,1459,edgegpu,cifar10,94.296670,6.748991,0.500927,16450
23,2,8008,edgetpu,cifar10,93.480000,0.629746,0.482184,15886
23,2,11692,edgetpu,cifar10,94.130000,0.761100,0.482184,15886
23,2,13611,edgetpu,cifar10,92.490000,0.481826,0.482184,15886
23,2,9950,edgetpu,cifar10,93.840000,0.723767,0.482184,15886
23,2,11438,edgetpu,cifar10,92.500000,0.482393,0.482184,15886
23,2,5258,edgetpu,cifar10,88.775000,0.388629,0.482184,15886
23,2,6918,edgetpu,cifar10,87.000000,0.375819,0.482184,15886
23,2,11112,edgetpu,cifar10,92.110000,0.480732,0.482184,15886
23,2,5111,edgetpu,cifar10,94.306660,1.152010,0.482184,15886
23,2,6382,edgetpu,cifar10,93.376660,0.628638,0.482184,15886
23,2,4161,edgetpu,cifar10,89.250000,0.391221,0.482184,15886
23,2,10581,edgetpu,cifar10,89.015000,0.390403,0.482184,15886
23,2,10683,edgetpu,cifar10,92.330000,0.481277,0.482184,15886
23,2,9380,edgetpu,cifar10,89.335000,0.395662,0.482184,15886
23,2,11810,edgetpu,cifar10,92.780000,0.482879,0.482184,15886
23,2,797,edgetpu,cifar10,93.280000,0.627996,0.482184,15886
23,2,10815,edgetpu,cifar10,88.970000,0.389885,0.482184,15886
23,2,3731,edgetpu,cifar10,94.343330,1.282820,0.482184,15886
23,2,5224,edgetpu,cifar10,88.980000,0.389900,0.482184,15886
23,2,5780,edgetpu,cifar10,93.980000,0.723967,0.482184,15886
23,2,7017,edgetpu,cifar10,86.970000,0.353089,0.482184,15886
23,2,9689,edgetpu,cifar10,93.370000,0.628386,0.482184,15886
23,2,6515,edgetpu,cifar10,93.616670,0.722858,0.482184,15886
23,2,2053,edgetpu,cifar10,94.206665,1.042178,0.482184,15886
23,2,8192,edgetpu,cifar10,93.093330,0.627745,0.482184,15886
23,2,2485,edgetpu,cifar10,86.700000,0.346546,0.482184,15886
23,2,13714,edgetpu,cifar10,94.373340,1.377865,0.482184,15886
23,2,3927,edgetpu,cifar10,93.626660,0.723268,0.482184,15886
23,2,5946,edgetpu,cifar10,88.963330,0.389012,0.482184,15886
23,3,13987,eyeriss,cifar10,93.596664,3.645620,0.461010,16535
23,3,8592,eyeriss,cifar10,93.750000,3.891380,0.461010,16535
23,3,14112,eyeriss,cifar10,91.296670,2.908340,0.461010,16535
23,3,8323,eyeriss,cifar10,90.870000,2.171060,0.461010,16535
23,3,6854,eyeriss,cifar10,91.040000,2.662580,0.461010,16535
23,3,5111,eyeriss,cifar10,94.306660,5.365940,0.461010,16535
23,3,8008,eyeriss,cifar10,93.480000,3.399860,0.461010,16535
23,3,11692,eyeriss,cifar10,94.130000,4.874420,0.461010,16535
23,3,4384,eyeriss,cifar10,86.796670,1.679540,0.461010,16535
23,3,6899,eyeriss,cifar10,90.900000,2.416820,0.461010,16535
23,3,13611,eyeriss,cifar10,92.490000,3.154100,0.461010,16535
23,3,11472,eyeriss,cifar10,93.970000,4.628660,0.461010,16535
23,3,8720,eyeriss,cifar10,89.875000,1.925300,0.461010,16535
23,3,13714,eyeriss,cifar10,94.373340,7.823540,0.461010,16535
23,3,3731,eyeriss,cifar10,94.343330,6.594740,0.461010,16535
23,3,6111,eyeriss,cifar10,94.373340,7.823540,0.461010,16535
23,3,12438,eyeriss,cifar10,89.875000,1.925300,0.461010,16535
23,4,6584,fpga,cifar10,94.160000,4.163360,0.450077,16334
23,4,15295,fpga,cifar10,90.050000,2.057760,0.450077,16334
23,4,5111,fpga,cifar10,94.306660,5.193760,0.450077,16334
23,4,3731,fpga,cifar10,94.343330,5.936160,0.450077,16334
23,4,6111,fpga,cifar10,94.373340,6.678560,0.450077,16334
23,4,13714,fpga,cifar10,94.373340,6.678560,0.450077,16334
23,4,10412,fpga,cifar10,93.530000,3.420960,0.450077,16334
23,4,8008,fpga,cifar10,93.480000,2.905760,0.450077,16334
23,4,10431,fpga,cifar10,87.000000,1.542560,0.450077,16334
23,4,8323,fpga,cifar10,90.870000,2.163360,0.450077,16334
23,4,4384,fpga,cifar10,86.796670,1.132960,0.450077,16334
23,4,12438,fpga,cifar10,89.875000,1.648160,0.450077,16334
23,4,11472,fpga,cifar10,93.970000,3.648160,0.450077,16334
23,4,13611,fpga,cifar10,92.490000,2.390560,0.450077,16334
23,5,6854,pixel3,cifar10,91.040000,4.514220,0.752862,16231
23,5,10689,pixel3,cifar10,90.790000,2.669770,0.752862,16231
23,5,1631,pixel3,cifar10,89.506670,1.697120,0.752862,16231
23,5,8592,pixel3,cifar10,93.750000,10.769800,0.752862,16231
23,5,2779,pixel3,cifar10,90.806660,3.102950,0.752862,16231
23,5,6985,pixel3,cifar10,89.940000,2.367450,0.752862,16231
23,5,11972,pixel3,cifar10,91.510000,5.627010,0.752862,16231
23,5,8695,pixel3,cifar10,94.220000,17.564500,0.752862,16231
23,5,1778,pixel3,cifar10,92.180000,6.446230,0.752862,16231
23,5,1425,pixel3,cifar10,93.933334,12.536500,0.752862,16231
23,5,6863,pixel3,cifar10,86.740000,1.229320,0.752862,16231
23,5,4627,pixel3,cifar10,93.270000,7.036050,0.752862,16231
23,5,5111,pixel3,cifar10,94.306660,17.584600,0.752862,16231
23,5,13171,pixel3,cifar10,93.530000,7.717220,0.752862,16231
23,5,1804,pixel3,cifar10,89.063330,1.579900,0.752862,16231
23,5,3385,pixel3,cifar10,93.990000,13.656500,0.752862,16231
23,5,6111,pixel3,cifar10,94.373340,23.584800,0.752862,16231
23,5,13869,pixel3,cifar10,93.656670,10.634700,0.752862,16231
23,5,1781,pixel3,cifar10,89.883330,1.712020,0.752862,16231
23,5,9230,pixel3,cifar10,86.580000,1.056760,0.752862,16231
23,5,2018,pixel3,cifar10,94.063330,14.960500,0.752862,16231
23,5,8323,pixel3,cifar10,90.870000,3.106420,0.752862,16231
23,5,1943,pixel3,cifar10,93.116670,6.492030,0.752862,16231
23,5,6899,pixel3,cifar10,90.900000,3.961410,0.752862,16231
23,5,7017,pixel3,cifar10,86.970000,1.403930,0.752862,16231
23,5,1941,pixel3,cifar10,93.533330,9.128690,0.752862,16231
23,5,13987,pixel3,cifar10,93.596664,9.922680,0.752862,16231
23,5,11692,pixel3,cifar10,94.130000,15.490100,0.752862,16231
23,5,12452,pixel3,cifar10,91.350000,5.590110,0.752862,16231
23,5,3731,pixel3,cifar10,94.343330,23.361300,0.752862,16231
23,5,6382,pixel3,cifar10,93.376660,7.048190,0.752862,16231
23,5,4554,pixel3,cifar10,86.670000,1.114880,0.752862,16231
23,5,6918,pixel3,cifar10,87.000000,1.478790,0.752862,16231
23,5,1497,pixel3,cifar10,86.556660,1.056630,0.752862,16231
23,5,7197,pixel3,cifar10,90.366670,2.447670,0.752862,16231
23,5,6434,pixel3,cifar10,91.080000,4.811140,0.752862,16231
23,5,6999,pixel3,cifar10,93.820000,12.260900,0.752862,16231
23,5,1339,pixel3,cifar10,92.136665,5.802240,0.752862,16231
23,5,7001,pixel3,cifar10,10.000000,0.003277,0.752862,16231
23,5,5224,pixel3,cifar10,88.980000,1.570360,0.752862,16231
23,5,2035,pixel3,cifar10,89.670000,1.706480,0.752862,16231
23,6,7017,raspi4,cifar10,86.970000,2.544041,0.593165,16138
23,6,6111,raspi4,cifar10,94.373340,68.404106,0.593165,16138
23,6,4210,raspi4,cifar10,89.030000,4.782748,0.593165,16138
23,6,13846,raspi4,cifar10,90.720000,7.176163,0.593165,16138
23,6,8592,raspi4,cifar10,93.750000,25.477009,0.593165,16138
23,6,3731,raspi4,cifar10,94.343330,58.070793,0.593165,16138
23,6,6953,raspi4,cifar10,91.990000,15.601654,0.593165,16138
23,6,1941,raspi4,cifar10,93.533330,25.121769,0.593165,16138
23,6,5111,raspi4,cifar10,94.306660,41.756905,0.593165,16138
23,6,6382,raspi4,cifar10,93.376660,21.461164,0.593165,16138
23,6,5780,raspi4,cifar10,93.980000,34.928463,0.593165,16138
23,6,8323,raspi4,cifar10,90.870000,7.426308,0.593165,16138
23,6,6985,raspi4,cifar10,89.940000,4.995646,0.593165,16138
23,6,8426,raspi4,cifar10,93.840000,31.394428,0.593165,16138
23,6,7058,raspi4,cifar10,92.040000,16.469465,0.593165,16138
23,6,13611,raspi4,cifar10,92.490000,18.523302,0.593165,16138
23,6,1962,raspi4,cifar10,86.530000,2.529453,0.593165,16138
23,6,8008,raspi4,cifar10,93.480000,22.571420,0.593165,16138
23,6,9980,raspi4,cifar10,10.000000,0.011284,0.593165,16138
23,6,2035,raspi4,cifar10,89.670000,4.984099,0.593165,16138
23,6,10412,raspi4,cifar10,93.530000,25.079220,0.593165,16138
23,6,11972,raspi4,cifar10,91.510000,12.403558,0.593165,16138
23,6,11533,raspi4,cifar10,93.420000,21.715693,0.593165,16138
23,6,11810,raspi4,cifar10,92.780000,18.619905,0.593165,16138
23,6,12505,raspi4,cifar10,92.150000,16.747276,0.593165,16138
23,6,6960,raspi4,cifar10,92.280000,17.162752,0.593165,16138
23,6,14565,raspi4,cifar10,88.880000,4.781183,0.593165,16138
23,6,1690,raspi4,cifar10,86.646670,2.536549,0.593165,16138
23,6,11692,raspi4,cifar10,94.130000,37.583630,0.593165,16138
23,6,2058,raspi4,cifar10,93.270000,19.484835,0.593165,16138
23,6,9271,raspi4,cifar10,89.250000,4.830311,0.593165,16138
23,6,1804,raspi4,cifar10,89.063330,4.791845,0.593165,16138
23,6,14677,raspi4,cifar10,88.670000,4.755260,0.593165,16138
23,6,6918,raspi4,cifar10,87.000000,2.787590,0.593165,16138
23,6,9380,raspi4,cifar10,89.335000,4.875613,0.593165,16138
23,6,10275,raspi4,cifar10,91.080000,9.993188,0.593165,16138
23,7,9930,edgegpu,cifar100,73.513336,6.803060,0.537928,16362
23,7,2304,edgegpu,cifar100,58.660000,1.440253,0.537928,16362
23,7,4954,edgegpu,cifar100,73.000000,6.669736,0.537928,16362
23,7,4418,edgegpu,cifar100,72.746666,5.352364,0.537928,16362
23,7,9922,edgegpu,cifar100,58.560000,1.428552,0.537928,16362
23,7,9997,edgegpu,cifar100,71.520000,3.466139,0.537928,16362
23,7,1509,edgegpu,cifar100,1.000000,0.505853,0.537928,16362
23,7,14677,edgegpu,cifar100,62.420000,1.746187,0.537928,16362
23,7,11810,edgegpu,cifar100,68.300000,1.779551,0.537928,16362
23,7,8401,edgegpu,cifar100,71.080000,3.302102,0.537928,16362
23,7,11885,edgegpu,cifar100,68.040000,1.776652,0.537928,16362
23,7,12415,edgegpu,cifar100,71.940000,4.828467,0.537928,16362
23,7,2778,edgegpu,cifar100,72.993330,6.134028,0.537928,16362
23,7,8912,edgegpu,cifar100,59.200000,1.441355,0.537928,16362
23,7,1425,edgegpu,cifar100,72.093330,5.310225,0.537928,16362
23,7,6381,edgegpu,cifar100,66.800000,1.753340,0.537928,16362
23,7,3888,edgegpu,cifar100,73.260000,6.797867,0.537928,16362
23,7,1038,edgegpu,cifar100,67.500000,1.758428,0.537928,16362
23,8,2705,edgetpu,cifar100,62.813330,0.393026,0.585922,16270
23,8,8638,edgetpu,cifar100,58.860000,0.356631,0.585922,16270
23,8,1383,edgetpu,cifar100,70.273330,0.673722,0.585922,16270
23,8,1996,edgetpu,cifar100,67.820000,0.486748,0.585922,16270
23,8,11112,edgetpu,cifar100,66.893330,0.486713,0.585922,16270
23,8,1425,edgetpu,cifar100,72.093330,0.910660,0.585922,16270
23,8,857,edgetpu,cifar100,72.880000,1.264168,0.585922,16270
23,8,12607,edgetpu,cifar100,62.600000,0.392830,0.585922,16270
23,8,5019,edgetpu,cifar100,58.880000,0.357058,0.585922,16270
23,8,4418,edgetpu,cifar100,72.746666,1.093699,0.585922,16270
23,8,577,edgetpu,cifar100,69.680000,0.635228,0.585922,16270
23,8,12415,edgetpu,cifar100,71.940000,0.872299,0.585922,16270
23,8,9930,edgetpu,cifar100,73.513336,1.454107,0.585922,16270
23,8,14945,edgetpu,cifar100,58.500000,0.354940,0.585922,16270
23,8,11533,edgetpu,cifar100,69.760000,0.635877,0.585922,16270
23,8,8912,edgetpu,cifar100,59.200000,0.377698,0.585922,16270
23,8,8401,edgetpu,cifar100,71.080000,0.728572,0.585922,16270
23,8,9997,edgetpu,cifar100,71.520000,0.729986,0.585922,16270
23,8,777,edgetpu,cifar100,58.650000,0.355588,0.585922,16270
23,8,1110,edgetpu,cifar100,58.840000,0.355938,0.585922,16270
23,8,13829,edgetpu,cifar100,66.873340,0.485137,0.585922,16270
23,8,797,edgetpu,cifar100,69.580000,0.633351,0.585922,16270
23,8,12574,edgetpu,cifar100,72.740000,0.932430,0.585922,16270
23,8,3303,edgetpu,cifar100,62.420000,0.392593,0.585922,16270
23,8,4155,edgetpu,cifar100,62.306667,0.391442,0.585922,16270
23,8,10443,edgetpu,cifar100,68.300000,0.489020,0.585922,16270
23,8,12761,edgetpu,cifar100,72.860000,1.225212,0.585922,16270
23,8,9271,edgetpu,cifar100,63.400000,0.393151,0.585922,16270
23,8,4659,edgetpu,cifar100,70.060000,0.636433,0.585922,16270
23,8,1943,edgetpu,cifar100,69.626660,0.634759,0.585922,16270
23,8,3888,edgetpu,cifar100,73.260000,1.316226,0.585922,16270
23,8,15363,edgetpu,cifar100,70.520000,0.676394,0.585922,16270
23,8,8649,edgetpu,cifar100,70.690000,0.727284,0.585922,16270
23,8,10000,edgetpu,cifar100,73.160000,1.283461,0.585922,16270
23,9,11301,eyeriss,cifar100,68.220000,2.665600,0.451001,16595
23,9,14714,eyeriss,cifar100,71.280000,4.140160,0.451001,16595
23,9,11973,eyeriss,cifar100,70.340000,3.402880,0.451001,16595
23,9,6925,eyeriss,cifar100,71.220000,3.894400,0.451001,16595
23,9,14112,eyeriss,cifar100,68.386665,2.911360,0.451001,16595
23,9,12574,eyeriss,cifar100,72.740000,5.123200,0.451001,16595
23,9,3888,eyeriss,cifar100,73.260000,6.597760,0.451001,16595
23,9,12820,eyeriss,cifar100,67.720000,2.419840,0.451001,16595
23,9,375,eyeriss,cifar100,64.440000,1.928320,0.451001,16595
23,9,12761,eyeriss,cifar100,72.860000,6.352000,0.451001,16595
23,9,5084,eyeriss,cifar100,58.813330,1.682560,0.451001,16595
23,9,10689,eyeriss,cifar100,67.500000,2.174080,0.451001,16595
23,9,6787,eyeriss,cifar100,70.720000,3.648640,0.451001,16595
23,9,8139,eyeriss,cifar100,64.440000,1.928320,0.451001,16595
23,9,3540,eyeriss,cifar100,71.500000,4.877440,0.451001,16595
23,10,5033,fpga,cifar100,59.060000,1.542560,0.470747,16401
23,10,5651,fpga,cifar100,64.690000,1.648160,0.470747,16401
23,10,12820,fpga,cifar100,67.720000,2.678560,0.470747,16401
23,10,6925,fpga,cifar100,71.220000,3.936160,0.470747,16401
23,10,12761,fpga,cifar100,72.860000,5.420960,0.470747,16401
23,10,12574,fpga,cifar100,72.740000,4.678560,0.470747,16401
23,10,4249,fpga,cifar100,65.080000,2.057760,0.470747,16401
23,10,6830,fpga,cifar100,71.460000,4.057760,0.470747,16401
23,10,3888,fpga,cifar100,73.260000,5.936160,0.470747,16401
23,10,5084,fpga,cifar100,58.813330,1.132960,0.470747,16401
23,10,5743,fpga,cifar100,67.800000,2.800160,0.470747,16401
23,10,69,fpga,cifar100,71.020000,3.648160,0.470747,16401
23,10,10689,fpga,cifar100,67.500000,2.163360,0.470747,16401
23,10,9997,fpga,cifar100,71.520000,4.572960,0.470747,16401
23,10,7250,fpga,cifar100,67.706665,2.390560,0.470747,16401
23,10,3487,fpga,cifar100,70.093330,2.905760,0.470747,16401
23,10,6787,fpga,cifar100,70.720000,3.420960,0.470747,16401
23,10,9930,fpga,cifar100,73.513336,7.420960,0.470747,16401
23,10,3540,fpga,cifar100,71.500000,4.163360,0.470747,16401
23,11,1450,pixel3,cifar100,70.506670,9.337360,0.588855,16346
23,11,12574,pixel3,cifar100,72.740000,16.473900,0.588855,16346
23,11,857,pixel3,cifar100,72.880000,19.113200,0.588855,16346
23,11,1409,pixel3,cifar100,58.853333,1.275090,0.588855,16346
23,11,1459,pixel3,cifar100,73.140000,23.437900,0.588855,16346
23,11,898,pixel3,cifar100,70.000000,6.516140,0.588855,16346
23,11,8912,pixel3,cifar100,59.200000,1.478790,0.588855,16346
23,11,1631,pixel3,cifar100,63.986668,1.805000,0.588855,16346
23,11,11000,pixel3,cifar100,71.180000,10.677600,0.588855,16346
23,11,699,pixel3,cifar100,72.240000,12.079400,0.588855,16346
23,11,8638,pixel3,cifar100,58.860000,1.478570,0.588855,16346
23,11,6925,pixel3,cifar100,71.220000,10.688000,0.588855,16346
23,11,6337,pixel3,cifar100,1.000000,0.008753,0.588855,16346
23,11,724,pixel3,cifar100,67.053340,2.875650,0.588855,16346
23,11,12970,pixel3,cifar100,68.140000,4.782110,0.588855,16346
23,11,14112,pixel3,cifar100,68.386665,5.745320,0.588855,16346
23,11,8323,pixel3,cifar100,67.080000,3.106340,0.588855,16346
23,11,6787,pixel3,cifar100,70.720000,9.854430,0.588855,16346
23,11,485,pixel3,cifar100,67.593330,4.124800,0.588855,16346
23,11,9930,pixel3,cifar100,73.513336,42.003600,0.588855,16346
23,11,5651,pixel3,cifar100,64.690000,2.376870,0.588855,16346
23,11,3888,pixel3,cifar100,73.260000,23.477200,0.588855,16346
23,11,1593,pixel3,cifar100,62.126667,1.582050,0.588855,16346
23,11,10689,pixel3,cifar100,67.500000,3.109220,0.588855,16346
23,11,11973,pixel3,cifar100,70.340000,8.988510,0.588855,16346
23,11,858,pixel3,cifar100,64.133330,2.003500,0.588855,16346
23,11,779,pixel3,cifar100,62.270000,1.676580,0.588855,16346
23,11,15363,pixel3,cifar100,70.520000,9.708640,0.588855,16346
23,11,1595,pixel3,cifar100,62.146667,1.665240,0.588855,16346
23,11,1090,pixel3,cifar100,65.220000,2.811310,0.588855,16346
23,11,11301,pixel3,cifar100,68.220000,5.352090,0.588855,16346
23,11,10042,pixel3,cifar100,64.880000,2.794690,0.588855,16346
23,11,777,pixel3,cifar100,58.650000,1.087020,0.588855,16346
23,11,1416,pixel3,cifar100,64.493330,2.084060,0.588855,16346
23,11,572,pixel3,cifar100,70.313330,8.017480,0.588855,16346
23,12,9271,raspi4,cifar100,63.400000,4.800893,0.594370,16197
23,12,1651,raspi4,cifar100,1.000000,0.015243,0.594370,16197
23,12,14714,raspi4,cifar100,71.280000,24.692347,0.594370,16197
23,12,4418,raspi4,cifar100,72.746666,47.162354,0.594370,16197
23,12,10042,raspi4,cifar100,64.880000,5.100886,0.594370,16197
23,12,8720,raspi4,cifar100,64.130000,5.082239,0.594370,16197
23,12,9997,raspi4,cifar100,71.520000,34.996710,0.594370,16197
23,12,898,raspi4,cifar100,70.000000,21.506163,0.594370,16197
23,12,6822,raspi4,cifar100,58.426666,2.558594,0.594370,16197
23,12,375,raspi4,cifar100,64.440000,5.099302,0.594370,16197
23,12,14112,raspi4,cifar100,68.386665,14.423308,0.594370,16197
23,12,2222,raspi4,cifar100,58.313330,2.538255,0.594370,16197
23,12,10689,raspi4,cifar100,67.500000,7.381845,0.594370,16197
23,12,1572,raspi4,cifar100,69.900000,19.916142,0.594370,16197
23,12,12607,raspi4,cifar100,62.600000,4.779045,0.594370,16197
23,12,3408,raspi4,cifar100,63.993332,5.081906,0.594370,16197
23,12,12574,raspi4,cifar100,72.740000,36.371254,0.594370,16197
23,12,2035,raspi4,cifar100,63.926666,5.005698,0.594370,16197
23,12,10222,raspi4,cifar100,58.860000,2.747804,0.594370,16197
23,12,14792,raspi4,cifar100,69.500000,19.111843,0.594370,16197
23,12,15589,raspi4,cifar100,59.060000,2.795078,0.594370,16197
23,12,14612,raspi4,cifar100,58.720000,2.563505,0.594370,16197
23,12,9926,raspi4,cifar100,63.520000,4.999532,0.594370,16197
23,12,1616,raspi4,cifar100,63.946667,5.080509,0.594370,16197
23,12,12761,raspi4,cifar100,72.860000,53.718200,0.594370,16197
23,12,7891,raspi4,cifar100,67.550000,12.536592,0.594370,16197
23,12,13430,raspi4,cifar100,66.700000,7.203785,0.594370,16197
23,12,4409,raspi4,cifar100,67.173330,7.228629,0.594370,16197
23,12,6925,raspi4,cifar100,71.220000,24.195030,0.594370,16197
23,12,8912,raspi4,cifar100,59.200000,2.818969,0.594370,16197
23,12,9930,raspi4,cifar100,73.513336,71.152000,0.594370,16197
23,12,3888,raspi4,cifar100,73.260000,55.029520,0.594370,16197
23,12,15363,raspi4,cifar100,70.520000,21.809430,0.594370,16197
23,12,6787,raspi4,cifar100,70.720000,23.081835,0.594370,16197
23,12,12915,raspi4,cifar100,66.950000,7.226311,0.594370,16197
23,12,7031,raspi4,cifar100,69.526665,19.879576,0.594370,16197
23,12,6830,raspi4,cifar100,71.460000,34.491814,0.594370,16197
23,12,3487,raspi4,cifar100,70.093330,21.603350,0.594370,16197
23,13,8401,edgegpu,ImageNet16-120,43.833332,3.322444,0.595290,16276
23,13,8426,edgegpu,ImageNet16-120,44.633335,3.370147,0.595290,16276
23,13,14840,edgegpu,ImageNet16-120,45.311110,4.224715,0.595290,16276
23,13,4946,edgegpu,ImageNet16-120,44.700000,3.490419,0.595290,16276
23,13,4587,edgegpu,ImageNet16-120,28.800000,1.445131,0.595290,16276
23,13,9722,edgegpu,ImageNet16-120,44.000000,3.327813,0.595290,16276
23,13,12415,edgegpu,ImageNet16-120,46.566666,4.667692,0.595290,16276
23,13,15376,edgegpu,ImageNet16-120,0.833333,0.533953,0.595290,16276
23,13,13411,edgegpu,ImageNet16-120,31.855556,1.736240,0.595290,16276
23,13,15288,edgegpu,ImageNet16-120,28.422222,1.417041,0.595290,16276
23,13,9586,edgegpu,ImageNet16-120,46.933334,5.222673,0.595290,16276
23,13,7760,edgegpu,ImageNet16-120,39.100000,1.743751,0.595290,16276
23,13,14117,edgegpu,ImageNet16-120,28.677778,1.435547,0.595290,16276
23,13,14612,edgegpu,ImageNet16-120,28.488890,1.434064,0.595290,16276
23,13,10947,edgegpu,ImageNet16-120,39.944443,1.909800,0.595290,16276
23,13,4988,edgegpu,ImageNet16-120,28.933332,1.448212,0.595290,16276
23,13,8884,edgegpu,ImageNet16-120,45.033333,3.499999,0.595290,16276
23,13,454,edgegpu,ImageNet16-120,41.277780,3.303313,0.595290,16276
23,13,5751,edgegpu,ImageNet16-120,40.044445,2.434626,0.595290,16276
23,13,1164,edgegpu,ImageNet16-120,28.522223,1.435223,0.595290,16276
23,13,7187,edgegpu,ImageNet16-120,28.683332,1.443858,0.595290,16276
23,13,11217,edgegpu,ImageNet16-120,43.466667,3.316708,0.595290,16276
23,13,6950,edgegpu,ImageNet16-120,38.700000,1.740150,0.595290,16276
23,13,2650,edgegpu,ImageNet16-120,42.433334,3.309817,0.595290,16276
23,13,15159,edgegpu,ImageNet16-120,45.566666,4.632421,0.595290,16276
23,13,4160,edgegpu,ImageNet16-120,39.833332,1.756272,0.595290,16276
23,13,4332,edgegpu,ImageNet16-120,39.444443,1.745496,0.595290,16276
23,13,12081,edgegpu,ImageNet16-120,40.233334,2.730479,0.595290,16276
23,13,15383,edgegpu,ImageNet16-120,47.033333,6.262836,0.595290,16276
23,13,857,edgegpu,ImageNet16-120,47.311110,6.707663,0.595290,16276
23,13,13760,edgegpu,ImageNet16-120,32.333332,1.739759,0.595290,16276
23,14,5724,edgetpu,ImageNet16-120,28.366667,0.359987,0.525554,16024
23,14,10167,edgetpu,ImageNet16-120,39.944443,0.444058,0.525554,16024
23,14,857,edgetpu,ImageNet16-120,47.311110,0.997730,0.525554,16024
23,14,5751,edgetpu,ImageNet16-120,40.044445,0.516992,0.525554,16024
23,14,15363,edgetpu,ImageNet16-120,44.333332,0.582280,0.525554,16024
23,14,15383,edgetpu,ImageNet16-120,47.033333,0.780914,0.525554,16024
23,14,13769,edgetpu,ImageNet16-120,41.555557,0.549360,0.525554,16024
23,14,12415,edgetpu,ImageNet16-120,46.566666,0.710906,0.525554,16024
23,14,7273,edgetpu,ImageNet16-120,42.966667,0.550014,0.525554,16024
23,14,3540,edgetpu,ImageNet16-120,45.122223,0.648670,0.525554,16024
23,14,8884,edgetpu,ImageNet16-120,45.033333,0.615792,0.525554,16024
23,14,4830,edgetpu,ImageNet16-120,42.233334,0.549457,0.525554,16024
23,14,13284,edgetpu,ImageNet16-120,40.177776,0.534381,0.525554,16024
23,14,14677,edgetpu,ImageNet16-120,33.233334,0.364575,0.525554,16024
23,14,6950,edgetpu,ImageNet16-120,38.700000,0.427379,0.525554,16024
23,14,7750,edgetpu,ImageNet16-120,43.066666,0.551617,0.525554,16024
23,14,10332,edgetpu,ImageNet16-120,40.033333,0.516152,0.525554,16024
23,14,5530,edgetpu,ImageNet16-120,42.577778,0.549937,0.525554,16024
23,14,4988,edgetpu,ImageNet16-120,28.933332,0.360694,0.525554,16024
23,14,9689,edgetpu,ImageNet16-120,42.533333,0.549702,0.525554,16024
23,14,15107,edgetpu,ImageNet16-120,39.800000,0.430284,0.525554,16024
23,14,4627,edgetpu,ImageNet16-120,43.500000,0.552306,0.525554,16024
23,14,13931,edgetpu,ImageNet16-120,28.788889,0.360349,0.525554,16024
23,14,13097,edgetpu,ImageNet16-120,39.655556,0.428424,0.525554,16024
23,14,15014,edgetpu,ImageNet16-120,28.266666,0.358110,0.525554,16024
23,14,11079,edgetpu,ImageNet16-120,43.566666,0.552430,0.525554,16024
23,14,11262,edgetpu,ImageNet16-120,39.733334,0.430019,0.525554,16024
23,14,11885,edgetpu,ImageNet16-120,39.166668,0.427395,0.525554,16024
23,14,7357,edgetpu,ImageNet16-120,44.666668,0.600498,0.525554,16024
23,14,4160,edgetpu,ImageNet16-120,39.833332,0.430355,0.525554,16024
23,14,7431,edgetpu,ImageNet16-120,32.577778,0.363954,0.525554,16024
23,14,10888,edgetpu,ImageNet16-120,28.333334,0.359044,0.525554,16024
23,14,13972,edgetpu,ImageNet16-120,31.933332,0.363440,0.525554,16024
23,15,2835,eyeriss,ImageNet16-120,38.222220,0.545920,0.444769,16613
23,15,6854,eyeriss,ImageNet16-120,40.800000,0.668800,0.444769,16613
23,15,1939,eyeriss,ImageNet16-120,45.077778,0.976000,0.444769,16613
23,15,6787,eyeriss,ImageNet16-120,44.400000,0.914560,0.444769,16613
23,15,15383,eyeriss,ImageNet16-120,47.033333,1.283200,0.444769,16613
23,15,8008,eyeriss,ImageNet16-120,43.500000,0.853120,0.444769,16613
23,15,8853,eyeriss,ImageNet16-120,45.600000,1.037440,0.444769,16613
23,15,14417,eyeriss,ImageNet16-120,45.900000,1.098880,0.444769,16613
23,15,4829,eyeriss,ImageNet16-120,34.200000,0.484480,0.444769,16613
23,15,857,eyeriss,ImageNet16-120,47.311110,1.651840,0.444769,16613
23,15,735,eyeriss,ImageNet16-120,38.544445,0.607360,0.444769,16613
23,15,4988,eyeriss,ImageNet16-120,28.933332,0.423040,0.444769,16613
23,16,15383,fpga,ImageNet16-120,47.033333,1.504000,0.513999,16392
23,16,1939,fpga,ImageNet16-120,45.077778,1.062400,0.513999,16392
23,16,6854,fpga,ImageNet16-120,40.800000,0.809120,0.513999,16392
23,16,10017,fpga,ImageNet16-120,40.566666,0.784000,0.513999,16392
23,16,2835,fpga,ImageNet16-120,38.222220,0.546720,0.513999,16392
23,16,4829,fpga,ImageNet16-120,34.200000,0.415520,0.513999,16392
23,16,6787,fpga,ImageNet16-120,44.400000,0.969600,0.513999,16392
23,16,6868,fpga,ImageNet16-120,39.000000,0.649120,0.513999,16392
23,16,14417,fpga,ImageNet16-120,45.900000,1.276320,0.513999,16392
23,16,14748,fpga,ImageNet16-120,44.900000,0.995200,0.513999,16392
23,16,15446,fpga,ImageNet16-120,45.766666,1.116320,0.513999,16392
23,16,5793,fpga,ImageNet16-120,35.033333,0.517920,0.513999,16392
23,16,857,fpga,ImageNet16-120,47.311110,2.038400,0.513999,16392
23,16,8008,fpga,ImageNet16-120,43.500000,0.876800,0.513999,16392
23,16,12452,fpga,ImageNet16-120,40.533333,0.780320,0.513999,16392
23,16,4988,fpga,ImageNet16-120,28.933332,0.284320,0.513999,16392
23,17,6854,pixel3,ImageNet16-120,40.800000,1.621620,0.639069,16162
23,17,13059,pixel3,ImageNet16-120,34.266666,0.668679,0.639069,16162
23,17,1425,pixel3,ImageNet16-120,45.977780,4.619290,0.639069,16162
23,17,735,pixel3,ImageNet16-120,38.544445,1.107950,0.639069,16162
23,17,857,pixel3,ImageNet16-120,47.311110,6.686850,0.639069,16162
23,17,12424,pixel3,ImageNet16-120,43.133330,2.470150,0.639069,16162
23,17,1110,pixel3,ImageNet16-120,28.600000,0.423927,0.639069,16162
23,17,11000,pixel3,ImageNet16-120,44.866665,2.962520,0.639069,16162
23,17,14417,pixel3,ImageNet16-120,45.900000,4.143030,0.639069,16162
23,17,8954,pixel3,ImageNet16-120,28.733334,0.424855,0.639069,16162
23,17,4977,pixel3,ImageNet16-120,32.966667,0.617991,0.639069,16162
23,17,2018,pixel3,ImageNet16-120,46.433334,4.949210,0.639069,16162
23,17,10154,pixel3,ImageNet16-120,46.133335,4.783700,0.639069,16162
23,17,15383,pixel3,ImageNet16-120,47.033333,5.191720,0.639069,16162
23,17,1549,pixel3,ImageNet16-120,28.655556,0.424747,0.639069,16162
23,17,12639,pixel3,ImageNet16-120,40.400000,1.304440,0.639069,16162
23,17,4988,pixel3,ImageNet16-120,28.933332,0.485996,0.639069,16162
23,17,2899,pixel3,ImageNet16-120,43.911110,2.701210,0.639069,16162
23,17,2835,pixel3,ImageNet16-120,38.222220,0.868646,0.639069,16162
23,17,12452,pixel3,ImageNet16-120,40.533333,1.504410,0.639069,16162
23,17,3728,pixel3,ImageNet16-120,28.500000,0.422880,0.639069,16162
23,17,2050,pixel3,ImageNet16-120,0.833333,0.005526,0.639069,16162
23,17,8584,pixel3,ImageNet16-120,34.088890,0.664046,0.639069,16162
23,17,872,pixel3,ImageNet16-120,41.777780,2.465030,0.639069,16162
23,17,6014,pixel3,ImageNet16-120,28.533333,0.423391,0.639069,16162
23,17,898,pixel3,ImageNet16-120,42.466667,2.467210,0.639069,16162
23,17,4587,pixel3,ImageNet16-120,28.800000,0.445767,0.639069,16162
23,17,12103,pixel3,ImageNet16-120,28.250000,0.422433,0.639069,16162
23,17,4432,pixel3,ImageNet16-120,37.800000,0.861157,0.639069,16162
23,17,4004,pixel3,ImageNet16-120,42.811110,2.467510,0.639069,16162
23,17,1204,pixel3,ImageNet16-120,37.844444,0.864966,0.639069,16162
23,17,12506,pixel3,ImageNet16-120,43.983334,2.929990,0.639069,16162
23,17,1939,pixel3,ImageNet16-120,45.077778,3.021500,0.639069,16162
23,17,11079,pixel3,ImageNet16-120,43.566666,2.479610,0.639069,16162
23,17,15446,pixel3,ImageNet16-120,45.766666,3.439380,0.639069,16162
23,17,4384,pixel3,ImageNet16-120,28.133333,0.421612,0.639069,16162
23,17,12466,pixel3,ImageNet16-120,46.100000,4.680280,0.639069,16162
23,17,4895,pixel3,ImageNet16-120,33.200000,0.619070,0.639069,16162
23,17,2002,pixel3,ImageNet16-120,32.277780,0.617751,0.639069,16162
23,17,1860,pixel3,ImageNet16-120,28.433332,0.422587,0.639069,16162
23,18,13931,raspi4,ImageNet16-120,28.788889,0.956195,0.636283,16225
23,18,7357,raspi4,ImageNet16-120,44.666668,4.480689,0.636283,16225
23,18,15107,raspi4,ImageNet16-120,39.800000,3.083329,0.636283,16225
23,18,4988,raspi4,ImageNet16-120,28.933332,1.003251,0.636283,16225
23,18,13059,raspi4,ImageNet16-120,34.266666,1.595651,0.636283,16225
23,18,10017,raspi4,ImageNet16-120,40.566666,3.181383,0.636283,16225
23,18,9496,raspi4,ImageNet16-120,38.200000,2.204048,0.636283,16225
23,18,3782,raspi4,ImageNet16-120,41.866665,3.755286,0.636283,16225
23,18,10217,raspi4,ImageNet16-120,45.100000,6.109362,0.636283,16225
23,18,1939,raspi4,ImageNet16-120,45.077778,5.341908,0.636283,16225
23,18,11079,raspi4,ImageNet16-120,43.566666,3.802027,0.636283,16225
23,18,11946,raspi4,ImageNet16-120,28.200000,0.940293,0.636283,16225
23,18,12505,raspi4,ImageNet16-120,39.283333,3.062432,0.636283,16225
23,18,9032,raspi4,ImageNet16-120,38.016666,2.201532,0.636283,16225
23,18,1413,raspi4,ImageNet16-120,42.711113,3.788479,0.636283,16225
23,18,933,raspi4,ImageNet16-120,0.833333,0.011514,0.636283,16225
23,18,13771,raspi4,ImageNet16-120,32.744446,1.533813,0.636283,16225
23,18,8736,raspi4,ImageNet16-120,45.700000,6.658077,0.636283,16225
23,18,1188,raspi4,ImageNet16-120,32.455555,1.526725,0.636283,16225
23,18,857,raspi4,ImageNet16-120,47.311110,9.020064,0.636283,16225
23,18,8584,raspi4,ImageNet16-120,34.088890,1.586268,0.636283,16225
23,18,1204,raspi4,ImageNet16-120,37.844444,2.199356,0.636283,16225
23,18,6854,raspi4,ImageNet16-120,40.800000,3.661016,0.636283,16225
23,18,2779,raspi4,ImageNet16-120,37.355556,2.190654,0.636283,16225
23,18,3960,raspi4,ImageNet16-120,37.755554,2.197980,0.636283,16225
23,18,6336,raspi4,ImageNet16-120,39.366665,3.073392,0.636283,16225
23,18,6868,raspi4,ImageNet16-120,39.000000,2.982937,0.636283,16225
23,18,4995,raspi4,ImageNet16-120,42.166668,3.766336,0.636283,16225
23,18,5637,raspi4,ImageNet16-120,33.933334,1.580707,0.636283,16225
23,18,15363,raspi4,ImageNet16-120,44.333332,4.480516,0.636283,16225
23,18,10472,raspi4,ImageNet16-120,39.633335,3.079679,0.636283,16225
23,18,7227,raspi4,ImageNet16-120,32.533333,1.530737,0.636283,16225
23,18,8884,raspi4,ImageNet16-120,45.033333,5.293177,0.636283,16225
23,18,8355,raspi4,ImageNet16-120,39.666668,3.083286,0.636283,16225
23,18,10167,raspi4,ImageNet16-120,39.944443,3.106316,0.636283,16225
23,18,7187,raspi4,ImageNet16-120,28.683332,0.952790,0.636283,16225
23,18,3431,raspi4,ImageNet16-120,32.966667,1.536690,0.636283,16225
23,18,8447,raspi4,ImageNet16-120,40.011112,3.156609,0.636283,16225
23,18,8683,raspi4,ImageNet16-120,44.200000,4.462997,0.636283,16225
23,18,14677,raspi4,ImageNet16-120,33.233334,1.537227,0.636283,16225
23,18,15383,raspi4,ImageNet16-120,47.033333,8.565354,0.636283,16225
23,18,15446,raspi4,ImageNet16-120,45.766666,7.469873,0.636283,16225
23,18,5973,raspi4,ImageNet16-120,40.100000,3.159922,0.636283,16225
23,18,219,raspi4,ImageNet16-120,42.500000,3.768475,0.636283,16225
23,18,7551,raspi4,ImageNet16-120,38.477780,2.950436,0.636283,16225
23,18,8733,raspi4,ImageNet16-120,46.600000,7.477213,0.636283,16225
23,18,10835,raspi4,ImageNet16-120,45.233334,6.632419,0.636283,16225
23,18,11584,raspi4,ImageNet16-120,46.666668,8.014434,0.636283,16225
23,18,14792,raspi4,ImageNet16-120,43.033333,3.792447,0.636283,16225
23,18,5455,raspi4,ImageNet16-120,32.611110,1.532377,0.636283,16225
24,1,14090,edgegpu,cifar10,92.086670,1.749086,0.517133,16449
24,1,5292,edgegpu,cifar10,94.293335,6.663151,0.517133,16449
24,1,5400,edgegpu,cifar10,86.630000,1.427460,0.517133,16449
24,1,2776,edgegpu,cifar10,93.666664,3.331194,0.517133,16449
24,1,14527,edgegpu,cifar10,86.765000,1.439619,0.517133,16449
24,1,1339,edgegpu,cifar10,92.136665,1.751881,0.517133,16449
24,1,10484,edgegpu,cifar10,93.810000,3.354015,0.517133,16449
24,1,13401,edgegpu,cifar10,87.010000,1.457009,0.517133,16449
24,1,11692,edgegpu,cifar10,94.130000,4.708362,0.517133,16449
24,1,1549,edgegpu,cifar10,86.710000,1.436324,0.517133,16449
24,1,5780,edgegpu,cifar10,93.980000,3.361888,0.517133,16449
24,1,9099,edgegpu,cifar10,93.940000,3.357520,0.517133,16449
24,1,14407,edgegpu,cifar10,86.770000,1.440282,0.517133,16449
24,1,258,edgegpu,cifar10,93.640000,3.307109,0.517133,16449
24,1,6499,edgegpu,cifar10,93.645000,3.331041,0.517133,16449
24,1,8421,edgegpu,cifar10,10.000000,0.538597,0.517133,16449
24,1,11810,edgegpu,cifar10,92.780000,1.992798,0.517133,16449
24,1,13714,edgegpu,cifar10,94.373340,6.772180,0.517133,16449
24,1,2053,edgegpu,cifar10,94.206665,5.482254,0.517133,16449
24,1,6950,edgegpu,cifar10,92.000000,1.738467,0.517133,16449
24,1,1459,edgegpu,cifar10,94.296670,6.748991,0.517133,16449
24,1,11438,edgegpu,cifar10,92.500000,1.846719,0.517133,16449
24,1,6960,edgegpu,cifar10,92.280000,1.764450,0.517133,16449
24,1,6330,edgegpu,cifar10,94.006670,4.384699,0.517133,16449
24,1,561,edgegpu,cifar10,86.880000,1.451068,0.517133,16449
24,2,3927,edgetpu,cifar10,93.626660,0.723268,0.444008,15810
24,2,11112,edgetpu,cifar10,92.110000,0.480732,0.444008,15810
24,2,13611,edgetpu,cifar10,92.490000,0.481826,0.444008,15810
24,2,2485,edgetpu,cifar10,86.700000,0.346546,0.444008,15810
24,2,6515,edgetpu,cifar10,93.616670,0.722858,0.444008,15810
24,2,13714,edgetpu,cifar10,94.373340,1.377865,0.444008,15810
24,2,10683,edgetpu,cifar10,92.330000,0.481277,0.444008,15810
24,2,2053,edgetpu,cifar10,94.206665,1.042178,0.444008,15810
24,2,4161,edgetpu,cifar10,89.250000,0.391221,0.444008,15810
24,2,5647,edgetpu,cifar10,89.110000,0.389378,0.444008,15810
24,2,797,edgetpu,cifar10,93.280000,0.627996,0.444008,15810
24,2,5780,edgetpu,cifar10,93.980000,0.723967,0.444008,15810
24,2,11438,edgetpu,cifar10,92.500000,0.482393,0.444008,15810
24,2,7937,edgetpu,cifar10,88.610000,0.388867,0.444008,15810
24,2,9689,edgetpu,cifar10,93.370000,0.628386,0.444008,15810
24,2,6584,edgetpu,cifar10,94.160000,0.888877,0.444008,15810
24,2,11810,edgetpu,cifar10,92.780000,0.482879,0.444008,15810
24,2,6382,edgetpu,cifar10,93.376660,0.628638,0.444008,15810
24,2,5111,edgetpu,cifar10,94.306660,1.152010,0.444008,15810
24,2,9950,edgetpu,cifar10,93.840000,0.723767,0.444008,15810
24,2,8008,edgetpu,cifar10,93.480000,0.629746,0.444008,15810
24,2,11692,edgetpu,cifar10,94.130000,0.761100,0.444008,15810
24,2,7017,edgetpu,cifar10,86.970000,0.353089,0.444008,15810
24,2,3731,edgetpu,cifar10,94.343330,1.282820,0.444008,15810
24,2,9380,edgetpu,cifar10,89.335000,0.395662,0.444008,15810
24,2,8192,edgetpu,cifar10,93.093330,0.627745,0.444008,15810
24,2,15000,edgetpu,cifar10,92.400000,0.481741,0.444008,15810
24,3,15000,eyeriss,cifar10,92.400000,3.154100,0.467747,16559
24,3,3731,eyeriss,cifar10,94.343330,6.594740,0.467747,16559
24,3,8720,eyeriss,cifar10,89.875000,1.925300,0.467747,16559
24,3,10412,eyeriss,cifar10,93.530000,3.645620,0.467747,16559
24,3,11692,eyeriss,cifar10,94.130000,4.874420,0.467747,16559
24,3,8008,eyeriss,cifar10,93.480000,3.399860,0.467747,16559
24,3,5111,eyeriss,cifar10,94.306660,5.365940,0.467747,16559
24,3,6111,eyeriss,cifar10,94.373340,7.823540,0.467747,16559
24,3,6899,eyeriss,cifar10,90.900000,2.416820,0.467747,16559
24,3,14112,eyeriss,cifar10,91.296670,2.908340,0.467747,16559
24,3,8592,eyeriss,cifar10,93.750000,3.891380,0.467747,16559
24,3,6854,eyeriss,cifar10,91.040000,2.662580,0.467747,16559
24,3,12438,eyeriss,cifar10,89.875000,1.925300,0.467747,16559
24,3,8323,eyeriss,cifar10,90.870000,2.171060,0.467747,16559
24,3,11472,eyeriss,cifar10,93.970000,4.628660,0.467747,16559
24,3,13714,eyeriss,cifar10,94.373340,7.823540,0.467747,16559
24,3,4384,eyeriss,cifar10,86.796670,1.679540,0.467747,16559
24,4,8008,fpga,cifar10,93.480000,2.905760,0.406314,16239
24,4,5111,fpga,cifar10,94.306660,5.193760,0.406314,16239
24,4,11472,fpga,cifar10,93.970000,3.648160,0.406314,16239
24,4,3731,fpga,cifar10,94.343330,5.936160,0.406314,16239
24,4,8323,fpga,cifar10,90.870000,2.163360,0.406314,16239
24,4,12438,fpga,cifar10,89.875000,1.648160,0.406314,16239
24,4,13611,fpga,cifar10,92.490000,2.390560,0.406314,16239
24,4,10431,fpga,cifar10,87.000000,1.542560,0.406314,16239
24,4,10412,fpga,cifar10,93.530000,3.420960,0.406314,16239
24,4,6584,fpga,cifar10,94.160000,4.163360,0.406314,16239
24,4,15295,fpga,cifar10,90.050000,2.057760,0.406314,16239
24,4,6111,fpga,cifar10,94.373340,6.678560,0.406314,16239
24,4,4384,fpga,cifar10,86.796670,1.132960,0.406314,16239
24,4,13714,fpga,cifar10,94.373340,6.678560,0.406314,16239
24,5,2018,pixel3,cifar10,94.063330,14.960500,0.743591,16379
24,5,2779,pixel3,cifar10,90.806660,3.102950,0.743591,16379
24,5,5111,pixel3,cifar10,94.306660,17.584600,0.743591,16379
24,5,6382,pixel3,cifar10,93.376660,7.048190,0.743591,16379
24,5,4627,pixel3,cifar10,93.270000,7.036050,0.743591,16379
24,5,11692,pixel3,cifar10,94.130000,15.490100,0.743591,16379
24,5,3731,pixel3,cifar10,94.343330,23.361300,0.743591,16379
24,5,6854,pixel3,cifar10,91.040000,4.514220,0.743591,16379
24,5,6863,pixel3,cifar10,86.740000,1.229320,0.743591,16379
24,5,1804,pixel3,cifar10,89.063330,1.579900,0.743591,16379
24,5,7197,pixel3,cifar10,90.366670,2.447670,0.743591,16379
24,5,8323,pixel3,cifar10,90.870000,3.106420,0.743591,16379
24,5,1941,pixel3,cifar10,93.533330,9.128690,0.743591,16379
24,5,13869,pixel3,cifar10,93.656670,10.634700,0.743591,16379
24,5,1781,pixel3,cifar10,89.883330,1.712020,0.743591,16379
24,5,2035,pixel3,cifar10,89.670000,1.706480,0.743591,16379
24,5,8695,pixel3,cifar10,94.220000,17.564500,0.743591,16379
24,5,13987,pixel3,cifar10,93.596664,9.922680,0.743591,16379
24,5,7017,pixel3,cifar10,86.970000,1.403930,0.743591,16379
24,5,1943,pixel3,cifar10,93.116670,6.492030,0.743591,16379
24,5,12452,pixel3,cifar10,91.350000,5.590110,0.743591,16379
24,5,6434,pixel3,cifar10,91.080000,4.811140,0.743591,16379
24,5,13171,pixel3,cifar10,93.530000,7.717220,0.743591,16379
24,5,6918,pixel3,cifar10,87.000000,1.478790,0.743591,16379
24,5,5149,pixel3,cifar10,92.090000,5.987440,0.743591,16379
24,5,1497,pixel3,cifar10,86.556660,1.056630,0.743591,16379
24,5,41,pixel3,cifar10,88.670000,1.576940,0.743591,16379
24,5,6899,pixel3,cifar10,90.900000,3.961410,0.743591,16379
24,5,6330,pixel3,cifar10,94.006670,11.512400,0.743591,16379
24,5,9230,pixel3,cifar10,86.580000,1.056760,0.743591,16379
24,5,8592,pixel3,cifar10,93.750000,10.769800,0.743591,16379
24,5,6985,pixel3,cifar10,89.940000,2.367450,0.743591,16379
24,5,78,pixel3,cifar10,91.933334,5.807870,0.743591,16379
24,5,6111,pixel3,cifar10,94.373340,23.584800,0.743591,16379
24,5,4554,pixel3,cifar10,86.670000,1.114880,0.743591,16379
24,5,1778,pixel3,cifar10,92.180000,6.446230,0.743591,16379
24,5,11972,pixel3,cifar10,91.510000,5.627010,0.743591,16379
24,5,1631,pixel3,cifar10,89.506670,1.697120,0.743591,16379
24,5,7001,pixel3,cifar10,10.000000,0.003277,0.743591,16379
24,5,1196,pixel3,cifar10,92.020000,5.810240,0.743591,16379
24,5,10689,pixel3,cifar10,90.790000,2.669770,0.743591,16379
24,5,4398,pixel3,cifar10,92.073330,5.828150,0.743591,16379
24,6,11810,raspi4,cifar10,92.780000,18.619905,0.601389,16155
24,6,13846,raspi4,cifar10,90.720000,7.176163,0.601389,16155
24,6,12385,raspi4,cifar10,91.990000,16.485830,0.601389,16155
24,6,12238,raspi4,cifar10,91.690000,16.046099,0.601389,16155
24,6,8592,raspi4,cifar10,93.750000,25.477009,0.601389,16155
24,6,8426,raspi4,cifar10,93.840000,31.394428,0.601389,16155
24,6,6382,raspi4,cifar10,93.376660,21.461164,0.601389,16155
24,6,12639,raspi4,cifar10,90.990000,11.857850,0.601389,16155
24,6,5111,raspi4,cifar10,94.306660,41.756905,0.601389,16155
24,6,1690,raspi4,cifar10,86.646670,2.536549,0.601389,16155
24,6,1941,raspi4,cifar10,93.533330,25.121769,0.601389,16155
24,6,10412,raspi4,cifar10,93.530000,25.079220,0.601389,16155
24,6,14565,raspi4,cifar10,88.880000,4.781183,0.601389,16155
24,6,9271,raspi4,cifar10,89.250000,4.830311,0.601389,16155
24,6,9380,raspi4,cifar10,89.335000,4.875613,0.601389,16155
24,6,5780,raspi4,cifar10,93.980000,34.928463,0.601389,16155
24,6,12505,raspi4,cifar10,92.150000,16.747276,0.601389,16155
24,6,6111,raspi4,cifar10,94.373340,68.404106,0.601389,16155
24,6,6918,raspi4,cifar10,87.000000,2.787590,0.601389,16155
24,6,11692,raspi4,cifar10,94.130000,37.583630,0.601389,16155
24,6,13611,raspi4,cifar10,92.490000,18.523302,0.601389,16155
24,6,1804,raspi4,cifar10,89.063330,4.791845,0.601389,16155
24,6,1962,raspi4,cifar10,86.530000,2.529453,0.601389,16155
24,6,3731,raspi4,cifar10,94.343330,58.070793,0.601389,16155
24,6,8323,raspi4,cifar10,90.870000,7.426308,0.601389,16155
24,6,11972,raspi4,cifar10,91.510000,12.403558,0.601389,16155
24,6,6868,raspi4,cifar10,90.880000,10.226877,0.601389,16155
24,6,6960,raspi4,cifar10,92.280000,17.162752,0.601389,16155
24,6,8008,raspi4,cifar10,93.480000,22.571420,0.601389,16155
24,6,2035,raspi4,cifar10,89.670000,4.984099,0.601389,16155
24,6,7017,raspi4,cifar10,86.970000,2.544041,0.601389,16155
24,6,11533,raspi4,cifar10,93.420000,21.715693,0.601389,16155
24,6,4210,raspi4,cifar10,89.030000,4.782748,0.601389,16155
24,6,2058,raspi4,cifar10,93.270000,19.484835,0.601389,16155
24,6,9980,raspi4,cifar10,10.000000,0.011284,0.601389,16155
24,6,14677,raspi4,cifar10,88.670000,4.755260,0.601389,16155
24,6,6985,raspi4,cifar10,89.940000,4.995646,0.601389,16155
24,7,9922,edgegpu,cifar100,58.560000,1.428552,0.521303,16479
24,7,12415,edgegpu,cifar100,71.940000,4.828467,0.521303,16479
24,7,11067,edgegpu,cifar100,58.186670,1.427836,0.521303,16479
24,7,8401,edgegpu,cifar100,71.080000,3.302102,0.521303,16479
24,7,1425,edgegpu,cifar100,72.093330,5.310225,0.521303,16479
24,7,9930,edgegpu,cifar100,73.513336,6.803060,0.521303,16479
24,7,14677,edgegpu,cifar100,62.420000,1.746187,0.521303,16479
24,7,2778,edgegpu,cifar100,72.993330,6.134028,0.521303,16479
24,7,4954,edgegpu,cifar100,73.000000,6.669736,0.521303,16479
24,7,1509,edgegpu,cifar100,1.000000,0.505853,0.521303,16479
24,7,11810,edgegpu,cifar100,68.300000,1.779551,0.521303,16479
24,7,6381,edgegpu,cifar100,66.800000,1.753340,0.521303,16479
24,7,9997,edgegpu,cifar100,71.520000,3.466139,0.521303,16479
24,7,2304,edgegpu,cifar100,58.660000,1.440253,0.521303,16479
24,7,8912,edgegpu,cifar100,59.200000,1.441355,0.521303,16479
24,7,6124,edgegpu,cifar100,68.360000,3.185835,0.521303,16479
24,7,4418,edgegpu,cifar100,72.746666,5.352364,0.521303,16479
24,7,11885,edgegpu,cifar100,68.040000,1.776652,0.521303,16479
24,7,1038,edgegpu,cifar100,67.500000,1.758428,0.521303,16479
24,8,12415,edgetpu,cifar100,71.940000,0.872299,0.538032,16082
24,8,4659,edgetpu,cifar100,70.060000,0.636433,0.538032,16082
24,8,577,edgetpu,cifar100,69.680000,0.635228,0.538032,16082
24,8,2705,edgetpu,cifar100,62.813330,0.393026,0.538032,16082
24,8,1383,edgetpu,cifar100,70.273330,0.673722,0.538032,16082
24,8,15363,edgetpu,cifar100,70.520000,0.676394,0.538032,16082
24,8,11533,edgetpu,cifar100,69.760000,0.635877,0.538032,16082
24,8,1110,edgetpu,cifar100,58.840000,0.355938,0.538032,16082
24,8,13829,edgetpu,cifar100,66.873340,0.485137,0.538032,16082
24,8,12761,edgetpu,cifar100,72.860000,1.225212,0.538032,16082
24,8,797,edgetpu,cifar100,69.580000,0.633351,0.538032,16082
24,8,1425,edgetpu,cifar100,72.093330,0.910660,0.538032,16082
24,8,8401,edgetpu,cifar100,71.080000,0.728572,0.538032,16082
24,8,5019,edgetpu,cifar100,58.880000,0.357058,0.538032,16082
24,8,9930,edgetpu,cifar100,73.513336,1.454107,0.538032,16082
24,8,12574,edgetpu,cifar100,72.740000,0.932430,0.538032,16082
24,8,9541,edgetpu,cifar100,67.660000,0.486829,0.538032,16082
24,8,4155,edgetpu,cifar100,62.306667,0.391442,0.538032,16082
24,8,4418,edgetpu,cifar100,72.746666,1.093699,0.538032,16082
24,8,9997,edgetpu,cifar100,71.520000,0.729986,0.538032,16082
24,8,9271,edgetpu,cifar100,63.400000,0.393151,0.538032,16082
24,8,1943,edgetpu,cifar100,69.626660,0.634759,0.538032,16082
24,8,3303,edgetpu,cifar100,62.420000,0.392593,0.538032,16082
24,8,8912,edgetpu,cifar100,59.200000,0.377698,0.538032,16082
24,8,10443,edgetpu,cifar100,68.300000,0.489020,0.538032,16082
24,8,8638,edgetpu,cifar100,58.860000,0.356631,0.538032,16082
24,8,3888,edgetpu,cifar100,73.260000,1.316226,0.538032,16082
24,8,10000,edgetpu,cifar100,73.160000,1.283461,0.538032,16082
24,8,777,edgetpu,cifar100,58.650000,0.355588,0.538032,16082
24,8,14945,edgetpu,cifar100,58.500000,0.354940,0.538032,16082
24,8,857,edgetpu,cifar100,72.880000,1.264168,0.538032,16082
24,8,69,edgetpu,cifar100,71.020000,0.727259,0.538032,16082
24,8,11112,edgetpu,cifar100,66.893330,0.486713,0.538032,16082
24,9,12761,eyeriss,cifar100,72.860000,6.352000,0.482001,16656
24,9,14714,eyeriss,cifar100,71.280000,4.140160,0.482001,16656
24,9,12574,eyeriss,cifar100,72.740000,5.123200,0.482001,16656
24,9,6787,eyeriss,cifar100,70.720000,3.648640,0.482001,16656
24,9,14112,eyeriss,cifar100,68.386665,2.911360,0.482001,16656
24,9,3487,eyeriss,cifar100,70.093330,3.402880,0.482001,16656
24,9,9930,eyeriss,cifar100,73.513336,9.055360,0.482001,16656
24,9,11301,eyeriss,cifar100,68.220000,2.665600,0.482001,16656
24,9,3888,eyeriss,cifar100,73.260000,6.597760,0.482001,16656
24,9,6925,eyeriss,cifar100,71.220000,3.894400,0.482001,16656
24,9,12820,eyeriss,cifar100,67.720000,2.419840,0.482001,16656
24,9,10689,eyeriss,cifar100,67.500000,2.174080,0.482001,16656
24,9,5084,eyeriss,cifar100,58.813330,1.682560,0.482001,16656
24,9,5651,eyeriss,cifar100,64.690000,1.928320,0.482001,16656
24,9,3540,eyeriss,cifar100,71.500000,4.877440,0.482001,16656
24,10,9930,fpga,cifar100,73.513336,7.420960,0.485625,16323
24,10,5084,fpga,cifar100,58.813330,1.132960,0.485625,16323
24,10,12574,fpga,cifar100,72.740000,4.678560,0.485625,16323
24,10,3540,fpga,cifar100,71.500000,4.163360,0.485625,16323
24,10,5743,fpga,cifar100,67.800000,2.800160,0.485625,16323
24,10,6787,fpga,cifar100,70.720000,3.420960,0.485625,16323
24,10,6925,fpga,cifar100,71.220000,3.936160,0.485625,16323
24,10,5033,fpga,cifar100,59.060000,1.542560,0.485625,16323
24,10,5651,fpga,cifar100,64.690000,1.648160,0.485625,16323
24,10,6830,fpga,cifar100,71.460000,4.057760,0.485625,16323
24,10,3888,fpga,cifar100,73.260000,5.936160,0.485625,16323
24,10,10689,fpga,cifar100,67.500000,2.163360,0.485625,16323
24,10,12761,fpga,cifar100,72.860000,5.420960,0.485625,16323
24,10,4249,fpga,cifar100,65.080000,2.057760,0.485625,16323
24,10,15033,fpga,cifar100,67.793335,2.390560,0.485625,16323
24,10,11973,fpga,cifar100,70.340000,2.905760,0.485625,16323
24,10,12295,fpga,cifar100,71.160000,3.648160,0.485625,16323
24,11,11000,pixel3,cifar100,71.180000,10.677600,0.589065,16446
24,11,14112,pixel3,cifar100,68.386665,5.745320,0.589065,16446
24,11,894,pixel3,cifar100,61.933334,1.581120,0.589065,16446
24,11,1409,pixel3,cifar100,58.853333,1.275090,0.589065,16446
24,11,857,pixel3,cifar100,72.880000,19.113200,0.589065,16446
24,11,10689,pixel3,cifar100,67.500000,3.109220,0.589065,16446
24,11,1459,pixel3,cifar100,73.140000,23.437900,0.589065,16446
24,11,1631,pixel3,cifar100,63.986668,1.805000,0.589065,16446
24,11,12970,pixel3,cifar100,68.140000,4.782110,0.589065,16446
24,11,699,pixel3,cifar100,72.240000,12.079400,0.589065,16446
24,11,6925,pixel3,cifar100,71.220000,10.688000,0.589065,16446
24,11,11301,pixel3,cifar100,68.220000,5.352090,0.589065,16446
24,11,10042,pixel3,cifar100,64.880000,2.794690,0.589065,16446
24,11,4659,pixel3,cifar100,70.060000,9.026280,0.589065,16446
24,11,8638,pixel3,cifar100,58.860000,1.478570,0.589065,16446
24,11,485,pixel3,cifar100,67.593330,4.124800,0.589065,16446
24,11,906,pixel3,cifar100,62.393333,1.661810,0.589065,16446
24,11,15363,pixel3,cifar100,70.520000,9.708640,0.589065,16446
24,11,1416,pixel3,cifar100,64.493330,2.084060,0.589065,16446
24,11,3888,pixel3,cifar100,73.260000,23.477200,0.589065,16446
24,11,6787,pixel3,cifar100,70.720000,9.854430,0.589065,16446
24,11,12574,pixel3,cifar100,72.740000,16.473900,0.589065,16446
24,11,657,pixel3,cifar100,58.233334,1.233070,0.589065,16446
24,11,1450,pixel3,cifar100,70.506670,9.337360,0.589065,16446
24,11,898,pixel3,cifar100,70.000000,6.516140,0.589065,16446
24,11,8323,pixel3,cifar100,67.080000,3.106340,0.589065,16446
24,11,858,pixel3,cifar100,64.133330,2.003500,0.589065,16446
24,11,8912,pixel3,cifar100,59.200000,1.478790,0.589065,16446
24,11,1090,pixel3,cifar100,65.220000,2.811310,0.589065,16446
24,11,5651,pixel3,cifar100,64.690000,2.376870,0.589065,16446
24,11,6337,pixel3,cifar100,1.000000,0.008753,0.589065,16446
24,11,9930,pixel3,cifar100,73.513336,42.003600,0.589065,16446
24,11,724,pixel3,cifar100,67.053340,2.875650,0.589065,16446
24,11,1616,pixel3,cifar100,63.946667,1.731160,0.589065,16446
24,11,1593,pixel3,cifar100,62.126667,1.582050,0.589065,16446
24,12,10222,raspi4,cifar100,58.860000,2.747804,0.602351,16127
24,12,1459,raspi4,cifar100,73.140000,53.879950,0.602351,16127
24,12,6787,raspi4,cifar100,70.720000,23.081835,0.602351,16127
24,12,3888,raspi4,cifar100,73.260000,55.029520,0.602351,16127
24,12,1572,raspi4,cifar100,69.900000,19.916142,0.602351,16127
24,12,6925,raspi4,cifar100,71.220000,24.195030,0.602351,16127
24,12,6918,raspi4,cifar100,58.800000,2.571364,0.602351,16127
24,12,12915,raspi4,cifar100,66.950000,7.226311,0.602351,16127
24,12,8912,raspi4,cifar100,59.200000,2.818969,0.602351,16127
24,12,15363,raspi4,cifar100,70.520000,21.809430,0.602351,16127
24,12,2035,raspi4,cifar100,63.926666,5.005698,0.602351,16127
24,12,14792,raspi4,cifar100,69.500000,19.111843,0.602351,16127
24,12,9926,raspi4,cifar100,63.520000,4.999532,0.602351,16127
24,12,7891,raspi4,cifar100,67.550000,12.536592,0.602351,16127
24,12,14112,raspi4,cifar100,68.386665,14.423308,0.602351,16127
24,12,6822,raspi4,cifar100,58.426666,2.558594,0.602351,16127
24,12,10042,raspi4,cifar100,64.880000,5.100886,0.602351,16127
24,12,13430,raspi4,cifar100,66.700000,7.203785,0.602351,16127
24,12,14714,raspi4,cifar100,71.280000,24.692347,0.602351,16127
24,12,375,raspi4,cifar100,64.440000,5.099302,0.602351,16127
24,12,898,raspi4,cifar100,70.000000,21.506163,0.602351,16127
24,12,3487,raspi4,cifar100,70.093330,21.603350,0.602351,16127
24,12,12761,raspi4,cifar100,72.860000,53.718200,0.602351,16127
24,12,3408,raspi4,cifar100,63.993332,5.081906,0.602351,16127
24,12,6177,raspi4,cifar100,62.373333,4.795128,0.602351,16127
24,12,12574,raspi4,cifar100,72.740000,36.371254,0.602351,16127
24,12,14612,raspi4,cifar100,58.720000,2.563505,0.602351,16127
24,12,9271,raspi4,cifar100,63.400000,4.800893,0.602351,16127
24,12,8740,raspi4,cifar100,1.000000,0.015215,0.602351,16127
24,12,9997,raspi4,cifar100,71.520000,34.996710,0.602351,16127
24,12,2222,raspi4,cifar100,58.313330,2.538255,0.602351,16127
24,12,7030,raspi4,cifar100,69.600000,19.218203,0.602351,16127
24,12,10689,raspi4,cifar100,67.500000,7.381845,0.602351,16127
24,12,4409,raspi4,cifar100,67.173330,7.228629,0.602351,16127
24,12,15589,raspi4,cifar100,59.060000,2.795078,0.602351,16127
24,12,9930,raspi4,cifar100,73.513336,71.152000,0.602351,16127
24,12,4418,raspi4,cifar100,72.746666,47.162354,0.602351,16127
24,13,454,edgegpu,ImageNet16-120,41.277780,3.303313,0.601520,16427
24,13,8884,edgegpu,ImageNet16-120,45.033333,3.499999,0.601520,16427
24,13,9586,edgegpu,ImageNet16-120,46.933334,5.222673,0.601520,16427
24,13,5751,edgegpu,ImageNet16-120,40.044445,2.434626,0.601520,16427
24,13,5981,edgegpu,ImageNet16-120,39.211113,1.746097,0.601520,16427
24,13,9722,edgegpu,ImageNet16-120,44.000000,3.327813,0.601520,16427
24,13,14117,edgegpu,ImageNet16-120,28.677778,1.435547,0.601520,16427
24,13,10947,edgegpu,ImageNet16-120,39.944443,1.909800,0.601520,16427
24,13,14612,edgegpu,ImageNet16-120,28.488890,1.434064,0.601520,16427
24,13,1164,edgegpu,ImageNet16-120,28.522223,1.435223,0.601520,16427
24,13,11217,edgegpu,ImageNet16-120,43.466667,3.316708,0.601520,16427
24,13,7187,edgegpu,ImageNet16-120,28.683332,1.443858,0.601520,16427
24,13,7760,edgegpu,ImageNet16-120,39.100000,1.743751,0.601520,16427
24,13,13411,edgegpu,ImageNet16-120,31.855556,1.736240,0.601520,16427
24,13,8401,edgegpu,ImageNet16-120,43.833332,3.322444,0.601520,16427
24,13,6950,edgegpu,ImageNet16-120,38.700000,1.740150,0.601520,16427
24,13,13760,edgegpu,ImageNet16-120,32.333332,1.739759,0.601520,16427
24,13,4587,edgegpu,ImageNet16-120,28.800000,1.445131,0.601520,16427
24,13,4946,edgegpu,ImageNet16-120,44.700000,3.490419,0.601520,16427
24,13,12505,edgegpu,ImageNet16-120,39.283333,1.750417,0.601520,16427
24,13,15376,edgegpu,ImageNet16-120,0.833333,0.533953,0.601520,16427
24,13,15288,edgegpu,ImageNet16-120,28.422222,1.417041,0.601520,16427
24,13,2650,edgegpu,ImageNet16-120,42.433334,3.309817,0.601520,16427
24,13,4988,edgegpu,ImageNet16-120,28.933332,1.448212,0.601520,16427
24,13,8426,edgegpu,ImageNet16-120,44.633335,3.370147,0.601520,16427
24,13,15383,edgegpu,ImageNet16-120,47.033333,6.262836,0.601520,16427
24,13,12415,edgegpu,ImageNet16-120,46.566666,4.667692,0.601520,16427
24,13,4160,edgegpu,ImageNet16-120,39.833332,1.756272,0.601520,16427
24,13,14840,edgegpu,ImageNet16-120,45.311110,4.224715,0.601520,16427
24,13,1449,edgegpu,ImageNet16-120,40.077778,3.075252,0.601520,16427
24,14,857,edgetpu,ImageNet16-120,47.311110,0.997730,0.563462,15936
24,14,8447,edgetpu,ImageNet16-120,40.011112,0.514586,0.563462,15936
24,14,12415,edgetpu,ImageNet16-120,46.566666,0.710906,0.563462,15936
24,14,15107,edgetpu,ImageNet16-120,39.800000,0.430284,0.563462,15936
24,14,4627,edgetpu,ImageNet16-120,43.500000,0.552306,0.563462,15936
24,14,10167,edgetpu,ImageNet16-120,39.944443,0.444058,0.563462,15936
24,14,11079,edgetpu,ImageNet16-120,43.566666,0.552430,0.563462,15936
24,14,13097,edgetpu,ImageNet16-120,39.655556,0.428424,0.563462,15936
24,14,13769,edgetpu,ImageNet16-120,41.555557,0.549360,0.563462,15936
24,14,9689,edgetpu,ImageNet16-120,42.533333,0.549702,0.563462,15936
24,14,10332,edgetpu,ImageNet16-120,40.033333,0.516152,0.563462,15936
24,14,7273,edgetpu,ImageNet16-120,42.966667,0.550014,0.563462,15936
24,14,8884,edgetpu,ImageNet16-120,45.033333,0.615792,0.563462,15936
24,14,3540,edgetpu,ImageNet16-120,45.122223,0.648670,0.563462,15936
24,14,13972,edgetpu,ImageNet16-120,31.933332,0.363440,0.563462,15936
24,14,7396,edgetpu,ImageNet16-120,40.177776,0.517218,0.563462,15936
24,14,13931,edgetpu,ImageNet16-120,28.788889,0.360349,0.563462,15936
24,14,15363,edgetpu,ImageNet16-120,44.333332,0.582280,0.563462,15936
24,14,14677,edgetpu,ImageNet16-120,33.233334,0.364575,0.563462,15936
24,14,10888,edgetpu,ImageNet16-120,28.333334,0.359044,0.563462,15936
24,14,15014,edgetpu,ImageNet16-120,28.266666,0.358110,0.563462,15936
24,14,4830,edgetpu,ImageNet16-120,42.233334,0.549457,0.563462,15936
24,14,6950,edgetpu,ImageNet16-120,38.700000,0.427379,0.563462,15936
24,14,5751,edgetpu,ImageNet16-120,40.044445,0.516992,0.563462,15936
24,14,7750,edgetpu,ImageNet16-120,43.066666,0.551617,0.563462,15936
24,14,4988,edgetpu,ImageNet16-120,28.933332,0.360694,0.563462,15936
24,14,15383,edgetpu,ImageNet16-120,47.033333,0.780914,0.563462,15936
24,14,70,edgetpu,ImageNet16-120,39.377777,0.428228,0.563462,15936
24,14,7357,edgetpu,ImageNet16-120,44.666668,0.600498,0.563462,15936
24,14,6520,edgetpu,ImageNet16-120,32.383335,0.363944,0.563462,15936
24,14,1973,edgetpu,ImageNet16-120,38.855556,0.427802,0.563462,15936
24,14,5302,edgetpu,ImageNet16-120,38.833332,0.427711,0.563462,15936
24,14,12231,edgetpu,ImageNet16-120,40.200000,0.518358,0.563462,15936
24,14,11282,edgetpu,ImageNet16-120,39.633335,0.428409,0.563462,15936
24,14,8781,edgetpu,ImageNet16-120,32.366665,0.363484,0.563462,15936
24,14,7431,edgetpu,ImageNet16-120,32.577778,0.363954,0.563462,15936
24,14,10017,edgetpu,ImageNet16-120,40.566666,0.524950,0.563462,15936
24,14,14840,edgetpu,ImageNet16-120,45.311110,0.666690,0.563462,15936
24,14,5530,edgetpu,ImageNet16-120,42.577778,0.549937,0.563462,15936
24,14,4160,edgetpu,ImageNet16-120,39.833332,0.430355,0.563462,15936
24,15,857,eyeriss,ImageNet16-120,47.311110,1.651840,0.474825,16672
24,15,6787,eyeriss,ImageNet16-120,44.400000,0.914560,0.474825,16672
24,15,1939,eyeriss,ImageNet16-120,45.077778,0.976000,0.474825,16672
24,15,15383,eyeriss,ImageNet16-120,47.033333,1.283200,0.474825,16672
24,15,6854,eyeriss,ImageNet16-120,40.800000,0.668800,0.474825,16672
24,15,4988,eyeriss,ImageNet16-120,28.933332,0.423040,0.474825,16672
24,15,2835,eyeriss,ImageNet16-120,38.222220,0.545920,0.474825,16672
24,15,8853,eyeriss,ImageNet16-120,45.600000,1.037440,0.474825,16672
24,15,4829,eyeriss,ImageNet16-120,34.200000,0.484480,0.474825,16672
24,15,14417,eyeriss,ImageNet16-120,45.900000,1.098880,0.474825,16672
24,15,8008,eyeriss,ImageNet16-120,43.500000,0.853120,0.474825,16672
24,15,735,eyeriss,ImageNet16-120,38.544445,0.607360,0.474825,16672
24,16,8008,fpga,ImageNet16-120,43.500000,0.876800,0.466589,16298
24,16,2835,fpga,ImageNet16-120,38.222220,0.546720,0.466589,16298
24,16,11079,fpga,ImageNet16-120,43.566666,0.902400,0.466589,16298
24,16,6787,fpga,ImageNet16-120,44.400000,0.969600,0.466589,16298
24,16,12452,fpga,ImageNet16-120,40.533333,0.780320,0.466589,16298
24,16,1939,fpga,ImageNet16-120,45.077778,1.062400,0.466589,16298
24,16,6854,fpga,ImageNet16-120,40.800000,0.809120,0.466589,16298
24,16,6868,fpga,ImageNet16-120,39.000000,0.649120,0.466589,16298
24,16,14748,fpga,ImageNet16-120,44.900000,0.995200,0.466589,16298
24,16,4829,fpga,ImageNet16-120,34.200000,0.415520,0.466589,16298
24,16,14417,fpga,ImageNet16-120,45.900000,1.276320,0.466589,16298
24,16,5793,fpga,ImageNet16-120,35.033333,0.517920,0.466589,16298
24,16,4988,fpga,ImageNet16-120,28.933332,0.284320,0.466589,16298
24,16,15383,fpga,ImageNet16-120,47.033333,1.504000,0.466589,16298
24,16,15446,fpga,ImageNet16-120,45.766666,1.116320,0.466589,16298
24,16,10017,fpga,ImageNet16-120,40.566666,0.784000,0.466589,16298
24,17,12516,pixel3,ImageNet16-120,32.083332,0.617816,0.663445,16283
24,17,12639,pixel3,ImageNet16-120,40.400000,1.304440,0.663445,16283
24,17,13059,pixel3,ImageNet16-120,34.266666,0.668679,0.663445,16283
24,17,10340,pixel3,ImageNet16-120,31.522223,0.617772,0.663445,16283
24,17,1549,pixel3,ImageNet16-120,28.655556,0.424747,0.663445,16283
24,17,735,pixel3,ImageNet16-120,38.544445,1.107950,0.663445,16283
24,17,6854,pixel3,ImageNet16-120,40.800000,1.621620,0.663445,16283
24,17,12452,pixel3,ImageNet16-120,40.533333,1.504410,0.663445,16283
24,17,12424,pixel3,ImageNet16-120,43.133330,2.470150,0.663445,16283
24,17,4895,pixel3,ImageNet16-120,33.200000,0.619070,0.663445,16283
24,17,14417,pixel3,ImageNet16-120,45.900000,4.143030,0.663445,16283
24,17,15446,pixel3,ImageNet16-120,45.766666,3.439380,0.663445,16283
24,17,4988,pixel3,ImageNet16-120,28.933332,0.485996,0.663445,16283
24,17,1425,pixel3,ImageNet16-120,45.977780,4.619290,0.663445,16283
24,17,2018,pixel3,ImageNet16-120,46.433334,4.949210,0.663445,16283
24,17,898,pixel3,ImageNet16-120,42.466667,2.467210,0.663445,16283
24,17,3728,pixel3,ImageNet16-120,28.500000,0.422880,0.663445,16283
24,17,1939,pixel3,ImageNet16-120,45.077778,3.021500,0.663445,16283
24,17,11079,pixel3,ImageNet16-120,43.566666,2.479610,0.663445,16283
24,17,10154,pixel3,ImageNet16-120,46.133335,4.783700,0.663445,16283
24,17,857,pixel3,ImageNet16-120,47.311110,6.686850,0.663445,16283
24,17,4432,pixel3,ImageNet16-120,37.800000,0.861157,0.663445,16283
24,17,15383,pixel3,ImageNet16-120,47.033333,5.191720,0.663445,16283
24,17,2835,pixel3,ImageNet16-120,38.222220,0.868646,0.663445,16283
24,17,1110,pixel3,ImageNet16-120,28.600000,0.423927,0.663445,16283
24,17,872,pixel3,ImageNet16-120,41.777780,2.465030,0.663445,16283
24,17,8584,pixel3,ImageNet16-120,34.088890,0.664046,0.663445,16283
24,17,4587,pixel3,ImageNet16-120,28.800000,0.445767,0.663445,16283
24,17,6014,pixel3,ImageNet16-120,28.533333,0.423391,0.663445,16283
24,17,2899,pixel3,ImageNet16-120,43.911110,2.701210,0.663445,16283
24,17,13756,pixel3,ImageNet16-120,0.833333,0.005289,0.663445,16283
24,17,12103,pixel3,ImageNet16-120,28.250000,0.422433,0.663445,16283
24,17,4004,pixel3,ImageNet16-120,42.811110,2.467510,0.663445,16283
24,17,11000,pixel3,ImageNet16-120,44.866665,2.962520,0.663445,16283
24,17,1860,pixel3,ImageNet16-120,28.433332,0.422587,0.663445,16283
24,17,1204,pixel3,ImageNet16-120,37.844444,0.864966,0.663445,16283
24,17,8683,pixel3,ImageNet16-120,44.200000,2.711960,0.663445,16283
24,17,4977,pixel3,ImageNet16-120,32.966667,0.617991,0.663445,16283
24,17,4384,pixel3,ImageNet16-120,28.133333,0.421612,0.663445,16283
24,17,8954,pixel3,ImageNet16-120,28.733334,0.424855,0.663445,16283
24,17,12466,pixel3,ImageNet16-120,46.100000,4.680280,0.663445,16283
24,18,8355,raspi4,ImageNet16-120,39.666668,3.083286,0.639934,16185
24,18,8884,raspi4,ImageNet16-120,45.033333,5.293177,0.639934,16185
24,18,4995,raspi4,ImageNet16-120,42.166668,3.766336,0.639934,16185
24,18,2779,raspi4,ImageNet16-120,37.355556,2.190654,0.639934,16185
24,18,10835,raspi4,ImageNet16-120,45.233334,6.632419,0.639934,16185
24,18,13931,raspi4,ImageNet16-120,28.788889,0.956195,0.639934,16185
24,18,6854,raspi4,ImageNet16-120,40.800000,3.661016,0.639934,16185
24,18,1413,raspi4,ImageNet16-120,42.711113,3.788479,0.639934,16185
24,18,11079,raspi4,ImageNet16-120,43.566666,3.802027,0.639934,16185
24,18,12505,raspi4,ImageNet16-120,39.283333,3.062432,0.639934,16185
24,18,9032,raspi4,ImageNet16-120,38.016666,2.201532,0.639934,16185
24,18,7187,raspi4,ImageNet16-120,28.683332,0.952790,0.639934,16185
24,18,11584,raspi4,ImageNet16-120,46.666668,8.014434,0.639934,16185
24,18,8584,raspi4,ImageNet16-120,34.088890,1.586268,0.639934,16185
24,18,14677,raspi4,ImageNet16-120,33.233334,1.537227,0.639934,16185
24,18,6868,raspi4,ImageNet16-120,39.000000,2.982937,0.639934,16185
24,18,5530,raspi4,ImageNet16-120,42.577778,3.785925,0.639934,16185
24,18,15363,raspi4,ImageNet16-120,44.333332,4.480516,0.639934,16185
24,18,11946,raspi4,ImageNet16-120,28.200000,0.940293,0.639934,16185
24,18,14792,raspi4,ImageNet16-120,43.033333,3.792447,0.639934,16185
24,18,10472,raspi4,ImageNet16-120,39.633335,3.079679,0.639934,16185
24,18,735,raspi4,ImageNet16-120,38.544445,2.911079,0.639934,16185
24,18,3782,raspi4,ImageNet16-120,41.866665,3.755286,0.639934,16185
24,18,13059,raspi4,ImageNet16-120,34.266666,1.595651,0.639934,16185
24,18,4988,raspi4,ImageNet16-120,28.933332,1.003251,0.639934,16185
24,18,3431,raspi4,ImageNet16-120,32.966667,1.536690,0.639934,16185
24,18,12358,raspi4,ImageNet16-120,34.055557,1.582727,0.639934,16185
24,18,15383,raspi4,ImageNet16-120,47.033333,8.565354,0.639934,16185
24,18,8733,raspi4,ImageNet16-120,46.600000,7.477213,0.639934,16185
24,18,9496,raspi4,ImageNet16-120,38.200000,2.204048,0.639934,16185
24,18,5637,raspi4,ImageNet16-120,33.933334,1.580707,0.639934,16185
24,18,7357,raspi4,ImageNet16-120,44.666668,4.480689,0.639934,16185
24,18,1939,raspi4,ImageNet16-120,45.077778,5.341908,0.639934,16185
24,18,3650,raspi4,ImageNet16-120,43.866665,4.475790,0.639934,16185
24,18,5455,raspi4,ImageNet16-120,32.611110,1.532377,0.639934,16185
24,18,219,raspi4,ImageNet16-120,42.500000,3.768475,0.639934,16185
24,18,10017,raspi4,ImageNet16-120,40.566666,3.181383,0.639934,16185
24,18,3960,raspi4,ImageNet16-120,37.755554,2.197980,0.639934,16185
24,18,8736,raspi4,ImageNet16-120,45.700000,6.658077,0.639934,16185
24,18,1204,raspi4,ImageNet16-120,37.844444,2.199356,0.639934,16185
24,18,933,raspi4,ImageNet16-120,0.833333,0.011514,0.639934,16185
24,18,8447,raspi4,ImageNet16-120,40.011112,3.156609,0.639934,16185
24,18,3687,raspi4,ImageNet16-120,34.066666,1.583497,0.639934,16185
24,18,1188,raspi4,ImageNet16-120,32.455555,1.526725,0.639934,16185
24,18,4160,raspi4,ImageNet16-120,39.833332,3.114462,0.639934,16185
24,18,14417,raspi4,ImageNet16-120,45.900000,6.948865,0.639934,16185
24,18,6336,raspi4,ImageNet16-120,39.366665,3.073392,0.639934,16185
25,1,8421,edgegpu,cifar10,10.000000,0.538597,0.570367,16460
25,1,14407,edgegpu,cifar10,86.770000,1.440282,0.570367,16460
25,1,10484,edgegpu,cifar10,93.810000,3.354015,0.570367,16460
25,1,13401,edgegpu,cifar10,87.010000,1.457009,0.570367,16460
25,1,5780,edgegpu,cifar10,93.980000,3.361888,0.570367,16460
25,1,561,edgegpu,cifar10,86.880000,1.451068,0.570367,16460
25,1,11810,edgegpu,cifar10,92.780000,1.992798,0.570367,16460
25,1,9099,edgegpu,cifar10,93.940000,3.357520,0.570367,16460
25,1,14527,edgegpu,cifar10,86.765000,1.439619,0.570367,16460
25,1,1459,edgegpu,cifar10,94.296670,6.748991,0.570367,16460
25,1,6960,edgegpu,cifar10,92.280000,1.764450,0.570367,16460
25,1,11692,edgegpu,cifar10,94.130000,4.708362,0.570367,16460
25,1,5292,edgegpu,cifar10,94.293335,6.663151,0.570367,16460
25,1,13714,edgegpu,cifar10,94.373340,6.772180,0.570367,16460
25,1,6330,edgegpu,cifar10,94.006670,4.384699,0.570367,16460
25,1,6499,edgegpu,cifar10,93.645000,3.331041,0.570367,16460
25,1,2053,edgegpu,cifar10,94.206665,5.482254,0.570367,16460
25,1,5400,edgegpu,cifar10,86.630000,1.427460,0.570367,16460
25,1,2776,edgegpu,cifar10,93.666664,3.331194,0.570367,16460
25,1,1339,edgegpu,cifar10,92.136665,1.751881,0.570367,16460
25,1,14090,edgegpu,cifar10,92.086670,1.749086,0.570367,16460
25,1,258,edgegpu,cifar10,93.640000,3.307109,0.570367,16460
25,1,1549,edgegpu,cifar10,86.710000,1.436324,0.570367,16460
25,1,6950,edgegpu,cifar10,92.000000,1.738467,0.570367,16460
25,1,11438,edgegpu,cifar10,92.500000,1.846719,0.570367,16460
25,2,6382,edgetpu,cifar10,93.376660,0.628638,0.507459,15948
25,2,9689,edgetpu,cifar10,93.370000,0.628386,0.507459,15948
25,2,6918,edgetpu,cifar10,87.000000,0.375819,0.507459,15948
25,2,13714,edgetpu,cifar10,94.373340,1.377865,0.507459,15948
25,2,13611,edgetpu,cifar10,92.490000,0.481826,0.507459,15948
25,2,8192,edgetpu,cifar10,93.093330,0.627745,0.507459,15948
25,2,9950,edgetpu,cifar10,93.840000,0.723767,0.507459,15948
25,2,2053,edgetpu,cifar10,94.206665,1.042178,0.507459,15948
25,2,11810,edgetpu,cifar10,92.780000,0.482879,0.507459,15948
25,2,9380,edgetpu,cifar10,89.335000,0.395662,0.507459,15948
25,2,5111,edgetpu,cifar10,94.306660,1.152010,0.507459,15948
25,2,5780,edgetpu,cifar10,93.980000,0.723967,0.507459,15948
25,2,11438,edgetpu,cifar10,92.500000,0.482393,0.507459,15948
25,2,3927,edgetpu,cifar10,93.626660,0.723268,0.507459,15948
25,2,11692,edgetpu,cifar10,94.130000,0.761100,0.507459,15948
25,2,11112,edgetpu,cifar10,92.110000,0.480732,0.507459,15948
25,2,4161,edgetpu,cifar10,89.250000,0.391221,0.507459,15948
25,2,2485,edgetpu,cifar10,86.700000,0.346546,0.507459,15948
25,2,10683,edgetpu,cifar10,92.330000,0.481277,0.507459,15948
25,2,5647,edgetpu,cifar10,89.110000,0.389378,0.507459,15948
25,2,7937,edgetpu,cifar10,88.610000,0.388867,0.507459,15948
25,2,8008,edgetpu,cifar10,93.480000,0.629746,0.507459,15948
25,2,5946,edgetpu,cifar10,88.963330,0.389012,0.507459,15948
25,2,3731,edgetpu,cifar10,94.343330,1.282820,0.507459,15948
25,2,797,edgetpu,cifar10,93.280000,0.627996,0.507459,15948
25,2,6515,edgetpu,cifar10,93.616670,0.722858,0.507459,15948
25,2,7017,edgetpu,cifar10,86.970000,0.353089,0.507459,15948
25,3,10412,eyeriss,cifar10,93.530000,3.645620,0.468446,16638
25,3,8008,eyeriss,cifar10,93.480000,3.399860,0.468446,16638
25,3,15000,eyeriss,cifar10,92.400000,3.154100,0.468446,16638
25,3,8592,eyeriss,cifar10,93.750000,3.891380,0.468446,16638
25,3,6584,eyeriss,cifar10,94.160000,4.874420,0.468446,16638
25,3,5111,eyeriss,cifar10,94.306660,5.365940,0.468446,16638
25,3,8323,eyeriss,cifar10,90.870000,2.171060,0.468446,16638
25,3,6854,eyeriss,cifar10,91.040000,2.662580,0.468446,16638
25,3,6899,eyeriss,cifar10,90.900000,2.416820,0.468446,16638
25,3,11472,eyeriss,cifar10,93.970000,4.628660,0.468446,16638
25,3,14112,eyeriss,cifar10,91.296670,2.908340,0.468446,16638
25,3,3731,eyeriss,cifar10,94.343330,6.594740,0.468446,16638
25,3,6111,eyeriss,cifar10,94.373340,7.823540,0.468446,16638
25,3,13714,eyeriss,cifar10,94.373340,7.823540,0.468446,16638
25,3,12438,eyeriss,cifar10,89.875000,1.925300,0.468446,16638
25,3,4384,eyeriss,cifar10,86.796670,1.679540,0.468446,16638
25,3,8720,eyeriss,cifar10,89.875000,1.925300,0.468446,16638
25,4,13987,fpga,cifar10,93.596664,3.420960,0.420617,16451
25,4,13611,fpga,cifar10,92.490000,2.390560,0.420617,16451
25,4,11525,fpga,cifar10,90.000000,2.057760,0.420617,16451
25,4,11472,fpga,cifar10,93.970000,3.648160,0.420617,16451
25,4,8323,fpga,cifar10,90.870000,2.163360,0.420617,16451
25,4,8008,fpga,cifar10,93.480000,2.905760,0.420617,16451
25,4,3687,fpga,cifar10,89.820000,1.648160,0.420617,16451
25,4,4384,fpga,cifar10,86.796670,1.132960,0.420617,16451
25,4,6111,fpga,cifar10,94.373340,6.678560,0.420617,16451
25,4,5111,fpga,cifar10,94.306660,5.193760,0.420617,16451
25,4,3731,fpga,cifar10,94.343330,5.936160,0.420617,16451
25,4,13714,fpga,cifar10,94.373340,6.678560,0.420617,16451
25,4,6584,fpga,cifar10,94.160000,4.163360,0.420617,16451
25,5,6918,pixel3,cifar10,87.000000,1.478790,0.715150,16314
25,5,1941,pixel3,cifar10,93.533330,9.128690,0.715150,16314
25,5,13987,pixel3,cifar10,93.596664,9.922680,0.715150,16314
25,5,12452,pixel3,cifar10,91.350000,5.590110,0.715150,16314
25,5,11972,pixel3,cifar10,91.510000,5.627010,0.715150,16314
25,5,13171,pixel3,cifar10,93.530000,7.717220,0.715150,16314
25,5,1631,pixel3,cifar10,89.506670,1.697120,0.715150,16314
25,5,2035,pixel3,cifar10,89.670000,1.706480,0.715150,16314
25,5,1497,pixel3,cifar10,86.556660,1.056630,0.715150,16314
25,5,9230,pixel3,cifar10,86.580000,1.056760,0.715150,16314
25,5,6382,pixel3,cifar10,93.376660,7.048190,0.715150,16314
25,5,4627,pixel3,cifar10,93.270000,7.036050,0.715150,16314
25,5,2779,pixel3,cifar10,90.806660,3.102950,0.715150,16314
25,5,2018,pixel3,cifar10,94.063330,14.960500,0.715150,16314
25,5,25,pixel3,cifar10,86.540000,1.054570,0.715150,16314
25,5,5224,pixel3,cifar10,88.980000,1.570360,0.715150,16314
25,5,5111,pixel3,cifar10,94.306660,17.584600,0.715150,16314
25,5,6854,pixel3,cifar10,91.040000,4.514220,0.715150,16314
25,5,10689,pixel3,cifar10,90.790000,2.669770,0.715150,16314
25,5,13869,pixel3,cifar10,93.656670,10.634700,0.715150,16314
25,5,8592,pixel3,cifar10,93.750000,10.769800,0.715150,16314
25,5,3731,pixel3,cifar10,94.343330,23.361300,0.715150,16314
25,5,1943,pixel3,cifar10,93.116670,6.492030,0.715150,16314
25,5,7197,pixel3,cifar10,90.366670,2.447670,0.715150,16314
25,5,8323,pixel3,cifar10,90.870000,3.106420,0.715150,16314
25,5,7001,pixel3,cifar10,10.000000,0.003277,0.715150,16314
25,5,6899,pixel3,cifar10,90.900000,3.961410,0.715150,16314
25,5,11692,pixel3,cifar10,94.130000,15.490100,0.715150,16314
25,5,1781,pixel3,cifar10,89.883330,1.712020,0.715150,16314
25,5,7017,pixel3,cifar10,86.970000,1.403930,0.715150,16314
25,5,6434,pixel3,cifar10,91.080000,4.811140,0.715150,16314
25,5,8695,pixel3,cifar10,94.220000,17.564500,0.715150,16314
25,5,6111,pixel3,cifar10,94.373340,23.584800,0.715150,16314
25,5,1804,pixel3,cifar10,89.063330,1.579900,0.715150,16314
25,5,1778,pixel3,cifar10,92.180000,6.446230,0.715150,16314
25,5,55,pixel3,cifar10,86.756670,1.057440,0.715150,16314
25,5,1339,pixel3,cifar10,92.136665,5.802240,0.715150,16314
25,5,6330,pixel3,cifar10,94.006670,11.512400,0.715150,16314
25,6,2035,raspi4,cifar10,89.670000,4.984099,0.621026,16160
25,6,1804,raspi4,cifar10,89.063330,4.791845,0.621026,16160
25,6,2058,raspi4,cifar10,93.270000,19.484835,0.621026,16160
25,6,8008,raspi4,cifar10,93.480000,22.571420,0.621026,16160
25,6,12505,raspi4,cifar10,92.150000,16.747276,0.621026,16160
25,6,6111,raspi4,cifar10,94.373340,68.404106,0.621026,16160
25,6,13846,raspi4,cifar10,90.720000,7.176163,0.621026,16160
25,6,12238,raspi4,cifar10,91.690000,16.046099,0.621026,16160
25,6,14677,raspi4,cifar10,88.670000,4.755260,0.621026,16160
25,6,11692,raspi4,cifar10,94.130000,37.583630,0.621026,16160
25,6,11533,raspi4,cifar10,93.420000,21.715693,0.621026,16160
25,6,12639,raspi4,cifar10,90.990000,11.857850,0.621026,16160
25,6,1941,raspi4,cifar10,93.533330,25.121769,0.621026,16160
25,6,8323,raspi4,cifar10,90.870000,7.426308,0.621026,16160
25,6,8592,raspi4,cifar10,93.750000,25.477009,0.621026,16160
25,6,9380,raspi4,cifar10,89.335000,4.875613,0.621026,16160
25,6,6918,raspi4,cifar10,87.000000,2.787590,0.621026,16160
25,6,1690,raspi4,cifar10,86.646670,2.536549,0.621026,16160
25,6,5780,raspi4,cifar10,93.980000,34.928463,0.621026,16160
25,6,5111,raspi4,cifar10,94.306660,41.756905,0.621026,16160
25,6,6382,raspi4,cifar10,93.376660,21.461164,0.621026,16160
25,6,1962,raspi4,cifar10,86.530000,2.529453,0.621026,16160
25,6,3731,raspi4,cifar10,94.343330,58.070793,0.621026,16160
25,6,11972,raspi4,cifar10,91.510000,12.403558,0.621026,16160
25,6,14565,raspi4,cifar10,88.880000,4.781183,0.621026,16160
25,6,13611,raspi4,cifar10,92.490000,18.523302,0.621026,16160
25,6,11810,raspi4,cifar10,92.780000,18.619905,0.621026,16160
25,6,7017,raspi4,cifar10,86.970000,2.544041,0.621026,16160
25,6,8426,raspi4,cifar10,93.840000,31.394428,0.621026,16160
25,6,6985,raspi4,cifar10,89.940000,4.995646,0.621026,16160
25,6,6960,raspi4,cifar10,92.280000,17.162752,0.621026,16160
25,6,7058,raspi4,cifar10,92.040000,16.469465,0.621026,16160
25,6,6868,raspi4,cifar10,90.880000,10.226877,0.621026,16160
25,6,9271,raspi4,cifar10,89.250000,4.830311,0.621026,16160
25,6,6577,raspi4,cifar10,10.000000,0.011297,0.621026,16160
25,6,10412,raspi4,cifar10,93.530000,25.079220,0.621026,16160
25,7,11810,edgegpu,cifar100,68.300000,1.779551,0.456393,16410
25,7,8401,edgegpu,cifar100,71.080000,3.302102,0.456393,16410
25,7,9922,edgegpu,cifar100,58.560000,1.428552,0.456393,16410
25,7,9930,edgegpu,cifar100,73.513336,6.803060,0.456393,16410
25,7,2778,edgegpu,cifar100,72.993330,6.134028,0.456393,16410
25,7,12415,edgegpu,cifar100,71.940000,4.828467,0.456393,16410
25,7,1425,edgegpu,cifar100,72.093330,5.310225,0.456393,16410
25,7,4418,edgegpu,cifar100,72.746666,5.352364,0.456393,16410
25,7,2304,edgegpu,cifar100,58.660000,1.440253,0.456393,16410
25,7,11885,edgegpu,cifar100,68.040000,1.776652,0.456393,16410
25,7,8912,edgegpu,cifar100,59.200000,1.441355,0.456393,16410
25,7,6381,edgegpu,cifar100,66.800000,1.753340,0.456393,16410
25,7,1038,edgegpu,cifar100,67.500000,1.758428,0.456393,16410
25,7,4954,edgegpu,cifar100,73.000000,6.669736,0.456393,16410
25,7,9997,edgegpu,cifar100,71.520000,3.466139,0.456393,16410
25,7,1509,edgegpu,cifar100,1.000000,0.505853,0.456393,16410
25,7,11067,edgegpu,cifar100,58.186670,1.427836,0.456393,16410
25,7,6124,edgegpu,cifar100,68.360000,3.185835,0.456393,16410
25,7,3888,edgegpu,cifar100,73.260000,6.797867,0.456393,16410
25,7,14677,edgegpu,cifar100,62.420000,1.746187,0.456393,16410
25,8,12607,edgetpu,cifar100,62.600000,0.392830,0.586017,16161
25,8,10000,edgetpu,cifar100,73.160000,1.283461,0.586017,16161
25,8,8912,edgetpu,cifar100,59.200000,0.377698,0.586017,16161
25,8,10443,edgetpu,cifar100,68.300000,0.489020,0.586017,16161
25,8,13829,edgetpu,cifar100,66.873340,0.485137,0.586017,16161
25,8,9541,edgetpu,cifar100,67.660000,0.486829,0.586017,16161
25,8,15363,edgetpu,cifar100,70.520000,0.676394,0.586017,16161
25,8,8638,edgetpu,cifar100,58.860000,0.356631,0.586017,16161
25,8,777,edgetpu,cifar100,58.650000,0.355588,0.586017,16161
25,8,3303,edgetpu,cifar100,62.420000,0.392593,0.586017,16161
25,8,1383,edgetpu,cifar100,70.273330,0.673722,0.586017,16161
25,8,2705,edgetpu,cifar100,62.813330,0.393026,0.586017,16161
25,8,12415,edgetpu,cifar100,71.940000,0.872299,0.586017,16161
25,8,5019,edgetpu,cifar100,58.880000,0.357058,0.586017,16161
25,8,9930,edgetpu,cifar100,73.513336,1.454107,0.586017,16161
25,8,14945,edgetpu,cifar100,58.500000,0.354940,0.586017,16161
25,8,12574,edgetpu,cifar100,72.740000,0.932430,0.586017,16161
25,8,4155,edgetpu,cifar100,62.306667,0.391442,0.586017,16161
25,8,857,edgetpu,cifar100,72.880000,1.264168,0.586017,16161
25,8,3888,edgetpu,cifar100,73.260000,1.316226,0.586017,16161
25,8,1943,edgetpu,cifar100,69.626660,0.634759,0.586017,16161
25,8,797,edgetpu,cifar100,69.580000,0.633351,0.586017,16161
25,8,11533,edgetpu,cifar100,69.760000,0.635877,0.586017,16161
25,8,4418,edgetpu,cifar100,72.746666,1.093699,0.586017,16161
25,8,577,edgetpu,cifar100,69.680000,0.635228,0.586017,16161
25,8,8401,edgetpu,cifar100,71.080000,0.728572,0.586017,16161
25,8,12761,edgetpu,cifar100,72.860000,1.225212,0.586017,16161
25,8,1425,edgetpu,cifar100,72.093330,0.910660,0.586017,16161
25,8,1110,edgetpu,cifar100,58.840000,0.355938,0.586017,16161
25,8,781,edgetpu,cifar100,67.960000,0.487922,0.586017,16161
25,8,9997,edgetpu,cifar100,71.520000,0.729986,0.586017,16161
25,8,9271,edgetpu,cifar100,63.400000,0.393151,0.586017,16161
25,8,69,edgetpu,cifar100,71.020000,0.727259,0.586017,16161
25,8,6946,edgetpu,cifar100,67.500000,0.486233,0.586017,16161
25,8,898,edgetpu,cifar100,70.000000,0.636860,0.586017,16161
25,9,5084,eyeriss,cifar100,58.813330,1.682560,0.457726,16522
25,9,12574,eyeriss,cifar100,72.740000,5.123200,0.457726,16522
25,9,5651,eyeriss,cifar100,64.690000,1.928320,0.457726,16522
25,9,14714,eyeriss,cifar100,71.280000,4.140160,0.457726,16522
25,9,11301,eyeriss,cifar100,68.220000,2.665600,0.457726,16522
25,9,12820,eyeriss,cifar100,67.720000,2.419840,0.457726,16522
25,9,6787,eyeriss,cifar100,70.720000,3.648640,0.457726,16522
25,9,14112,eyeriss,cifar100,68.386665,2.911360,0.457726,16522
25,9,3540,eyeriss,cifar100,71.500000,4.877440,0.457726,16522
25,9,3487,eyeriss,cifar100,70.093330,3.402880,0.457726,16522
25,9,10689,eyeriss,cifar100,67.500000,2.174080,0.457726,16522
25,9,12761,eyeriss,cifar100,72.860000,6.352000,0.457726,16522
25,9,6925,eyeriss,cifar100,71.220000,3.894400,0.457726,16522
25,9,3888,eyeriss,cifar100,73.260000,6.597760,0.457726,16522
25,9,9930,eyeriss,cifar100,73.513336,9.055360,0.457726,16522
25,10,6830,fpga,cifar100,71.460000,4.057760,0.478293,16279
25,10,6787,fpga,cifar100,70.720000,3.420960,0.478293,16279
25,10,3888,fpga,cifar100,73.260000,5.936160,0.478293,16279
25,10,9930,fpga,cifar100,73.513336,7.420960,0.478293,16279
25,10,12761,fpga,cifar100,72.860000,5.420960,0.478293,16279
25,10,10689,fpga,cifar100,67.500000,2.163360,0.478293,16279
25,10,6925,fpga,cifar100,71.220000,3.936160,0.478293,16279
25,10,5033,fpga,cifar100,59.060000,1.542560,0.478293,16279
25,10,3687,fpga,cifar100,64.460000,1.648160,0.478293,16279
25,10,4249,fpga,cifar100,65.080000,2.057760,0.478293,16279
25,10,3540,fpga,cifar100,71.500000,4.163360,0.478293,16279
25,10,12295,fpga,cifar100,71.160000,3.648160,0.478293,16279
25,10,12574,fpga,cifar100,72.740000,4.678560,0.478293,16279
25,10,12820,fpga,cifar100,67.720000,2.678560,0.478293,16279
25,10,11973,fpga,cifar100,70.340000,2.905760,0.478293,16279
25,10,5084,fpga,cifar100,58.813330,1.132960,0.478293,16279
25,10,7250,fpga,cifar100,67.706665,2.390560,0.478293,16279
25,10,5743,fpga,cifar100,67.800000,2.800160,0.478293,16279
25,11,11000,pixel3,cifar100,71.180000,10.677600,0.626763,16323
25,11,485,pixel3,cifar100,67.593330,4.124800,0.626763,16323
25,11,699,pixel3,cifar100,72.240000,12.079400,0.626763,16323
25,11,6925,pixel3,cifar100,71.220000,10.688000,0.626763,16323
25,11,6337,pixel3,cifar100,1.000000,0.008753,0.626763,16323
25,11,12574,pixel3,cifar100,72.740000,16.473900,0.626763,16323
25,11,6787,pixel3,cifar100,70.720000,9.854430,0.626763,16323
25,11,8638,pixel3,cifar100,58.860000,1.478570,0.626763,16323
25,11,15363,pixel3,cifar100,70.520000,9.708640,0.626763,16323
25,11,1631,pixel3,cifar100,63.986668,1.805000,0.626763,16323
25,11,11301,pixel3,cifar100,68.220000,5.352090,0.626763,16323
25,11,857,pixel3,cifar100,72.880000,19.113200,0.626763,16323
25,11,8912,pixel3,cifar100,59.200000,1.478790,0.626763,16323
25,11,10042,pixel3,cifar100,64.880000,2.794690,0.626763,16323
25,11,14112,pixel3,cifar100,68.386665,5.745320,0.626763,16323
25,11,724,pixel3,cifar100,67.053340,2.875650,0.626763,16323
25,11,906,pixel3,cifar100,62.393333,1.661810,0.626763,16323
25,11,1450,pixel3,cifar100,70.506670,9.337360,0.626763,16323
25,11,12970,pixel3,cifar100,68.140000,4.782110,0.626763,16323
25,11,1090,pixel3,cifar100,65.220000,2.811310,0.626763,16323
25,11,1459,pixel3,cifar100,73.140000,23.437900,0.626763,16323
25,11,858,pixel3,cifar100,64.133330,2.003500,0.626763,16323
25,11,5651,pixel3,cifar100,64.690000,2.376870,0.626763,16323
25,11,8323,pixel3,cifar100,67.080000,3.106340,0.626763,16323
25,11,11973,pixel3,cifar100,70.340000,8.988510,0.626763,16323
25,11,1409,pixel3,cifar100,58.853333,1.275090,0.626763,16323
25,11,3888,pixel3,cifar100,73.260000,23.477200,0.626763,16323
25,11,1593,pixel3,cifar100,62.126667,1.582050,0.626763,16323
25,11,898,pixel3,cifar100,70.000000,6.516140,0.626763,16323
25,11,777,pixel3,cifar100,58.650000,1.087020,0.626763,16323
25,11,1416,pixel3,cifar100,64.493330,2.084060,0.626763,16323
25,11,10689,pixel3,cifar100,67.500000,3.109220,0.626763,16323
25,11,9930,pixel3,cifar100,73.513336,42.003600,0.626763,16323
25,12,15589,raspi4,cifar100,59.060000,2.795078,0.666193,16176
25,12,4806,raspi4,cifar100,62.270000,4.787734,0.666193,16176
25,12,12915,raspi4,cifar100,66.950000,7.226311,0.666193,16176
25,12,4409,raspi4,cifar100,67.173330,7.228629,0.666193,16176
25,12,6925,raspi4,cifar100,71.220000,24.195030,0.666193,16176
25,12,3888,raspi4,cifar100,73.260000,55.029520,0.666193,16176
25,12,14112,raspi4,cifar100,68.386665,14.423308,0.666193,16176
25,12,14714,raspi4,cifar100,71.280000,24.692347,0.666193,16176
25,12,12761,raspi4,cifar100,72.860000,53.718200,0.666193,16176
25,12,1459,raspi4,cifar100,73.140000,53.879950,0.666193,16176
25,12,14612,raspi4,cifar100,58.720000,2.563505,0.666193,16176
25,12,7030,raspi4,cifar100,69.600000,19.218203,0.666193,16176
25,12,10222,raspi4,cifar100,58.860000,2.747804,0.666193,16176
25,12,14792,raspi4,cifar100,69.500000,19.111843,0.666193,16176
25,12,12574,raspi4,cifar100,72.740000,36.371254,0.666193,16176
25,12,8740,raspi4,cifar100,1.000000,0.015215,0.666193,16176
25,12,2222,raspi4,cifar100,58.313330,2.538255,0.666193,16176
25,12,8912,raspi4,cifar100,59.200000,2.818969,0.666193,16176
25,12,13430,raspi4,cifar100,66.700000,7.203785,0.666193,16176
25,12,6787,raspi4,cifar100,70.720000,23.081835,0.666193,16176
25,12,9997,raspi4,cifar100,71.520000,34.996710,0.666193,16176
25,12,6918,raspi4,cifar100,58.800000,2.571364,0.666193,16176
25,12,10042,raspi4,cifar100,64.880000,5.100886,0.666193,16176
25,12,375,raspi4,cifar100,64.440000,5.099302,0.666193,16176
25,12,6822,raspi4,cifar100,58.426666,2.558594,0.666193,16176
25,12,15363,raspi4,cifar100,70.520000,21.809430,0.666193,16176
25,12,898,raspi4,cifar100,70.000000,21.506163,0.666193,16176
25,12,9930,raspi4,cifar100,73.513336,71.152000,0.666193,16176
25,12,9926,raspi4,cifar100,63.520000,4.999532,0.666193,16176
25,12,4418,raspi4,cifar100,72.746666,47.162354,0.666193,16176
25,12,2035,raspi4,cifar100,63.926666,5.005698,0.666193,16176
25,12,10689,raspi4,cifar100,67.500000,7.381845,0.666193,16176
25,12,1572,raspi4,cifar100,69.900000,19.916142,0.666193,16176
25,12,6177,raspi4,cifar100,62.373333,4.795128,0.666193,16176
25,12,6830,raspi4,cifar100,71.460000,34.491814,0.666193,16176
25,12,4659,raspi4,cifar100,70.060000,21.672482,0.666193,16176
25,12,7891,raspi4,cifar100,67.550000,12.536592,0.666193,16176
25,12,4498,raspi4,cifar100,64.086670,5.022347,0.666193,16176
25,12,9271,raspi4,cifar100,63.400000,4.800893,0.666193,16176
25,13,5751,edgegpu,ImageNet16-120,40.044445,2.434626,0.549468,16270
25,13,7187,edgegpu,ImageNet16-120,28.683332,1.443858,0.549468,16270
25,13,9722,edgegpu,ImageNet16-120,44.000000,3.327813,0.549468,16270
25,13,14840,edgegpu,ImageNet16-120,45.311110,4.224715,0.549468,16270
25,13,4332,edgegpu,ImageNet16-120,39.444443,1.745496,0.549468,16270
25,13,8401,edgegpu,ImageNet16-120,43.833332,3.322444,0.549468,16270
25,13,8426,edgegpu,ImageNet16-120,44.633335,3.370147,0.549468,16270
25,13,7760,edgegpu,ImageNet16-120,39.100000,1.743751,0.549468,16270
25,13,8884,edgegpu,ImageNet16-120,45.033333,3.499999,0.549468,16270
25,13,11217,edgegpu,ImageNet16-120,43.466667,3.316708,0.549468,16270
25,13,4587,edgegpu,ImageNet16-120,28.800000,1.445131,0.549468,16270
25,13,4946,edgegpu,ImageNet16-120,44.700000,3.490419,0.549468,16270
25,13,14612,edgegpu,ImageNet16-120,28.488890,1.434064,0.549468,16270
25,13,9586,edgegpu,ImageNet16-120,46.933334,5.222673,0.549468,16270
25,13,15288,edgegpu,ImageNet16-120,28.422222,1.417041,0.549468,16270
25,13,12812,edgegpu,ImageNet16-120,40.100000,3.174190,0.549468,16270
25,13,10947,edgegpu,ImageNet16-120,39.944443,1.909800,0.549468,16270
25,13,12415,edgegpu,ImageNet16-120,46.566666,4.667692,0.549468,16270
25,13,4988,edgegpu,ImageNet16-120,28.933332,1.448212,0.549468,16270
25,13,6950,edgegpu,ImageNet16-120,38.700000,1.740150,0.549468,16270
25,13,1164,edgegpu,ImageNet16-120,28.522223,1.435223,0.549468,16270
25,13,14117,edgegpu,ImageNet16-120,28.677778,1.435547,0.549468,16270
25,13,13411,edgegpu,ImageNet16-120,31.855556,1.736240,0.549468,16270
25,13,15376,edgegpu,ImageNet16-120,0.833333,0.533953,0.549468,16270
25,13,13760,edgegpu,ImageNet16-120,32.333332,1.739759,0.549468,16270
25,13,857,edgegpu,ImageNet16-120,47.311110,6.707663,0.549468,16270
25,13,2650,edgegpu,ImageNet16-120,42.433334,3.309817,0.549468,16270
25,13,4160,edgegpu,ImageNet16-120,39.833332,1.756272,0.549468,16270
25,13,454,edgegpu,ImageNet16-120,41.277780,3.303313,0.549468,16270
25,13,1449,edgegpu,ImageNet16-120,40.077778,3.075252,0.549468,16270
25,14,11262,edgetpu,ImageNet16-120,39.733334,0.430019,0.495713,15958
25,14,12415,edgetpu,ImageNet16-120,46.566666,0.710906,0.495713,15958
25,14,13931,edgetpu,ImageNet16-120,28.788889,0.360349,0.495713,15958
25,14,7750,edgetpu,ImageNet16-120,43.066666,0.551617,0.495713,15958
25,14,13284,edgetpu,ImageNet16-120,40.177776,0.534381,0.495713,15958
25,14,5973,edgetpu,ImageNet16-120,40.100000,0.517454,0.495713,15958
25,14,857,edgetpu,ImageNet16-120,47.311110,0.997730,0.495713,15958
25,14,15014,edgetpu,ImageNet16-120,28.266666,0.358110,0.495713,15958
25,14,4977,edgetpu,ImageNet16-120,32.966667,0.367728,0.495713,15958
25,14,779,edgetpu,ImageNet16-120,32.700000,0.366534,0.495713,15958
25,14,15383,edgetpu,ImageNet16-120,47.033333,0.780914,0.495713,15958
25,14,7273,edgetpu,ImageNet16-120,42.966667,0.550014,0.495713,15958
25,14,10332,edgetpu,ImageNet16-120,40.033333,0.516152,0.495713,15958
25,14,15363,edgetpu,ImageNet16-120,44.333332,0.582280,0.495713,15958
25,14,7431,edgetpu,ImageNet16-120,32.577778,0.363954,0.495713,15958
25,14,7174,edgetpu,ImageNet16-120,33.116665,0.391775,0.495713,15958
25,14,13769,edgetpu,ImageNet16-120,41.555557,0.549360,0.495713,15958
25,14,3540,edgetpu,ImageNet16-120,45.122223,0.648670,0.495713,15958
25,14,8884,edgetpu,ImageNet16-120,45.033333,0.615792,0.495713,15958
25,14,14840,edgetpu,ImageNet16-120,45.311110,0.666690,0.495713,15958
25,14,5751,edgetpu,ImageNet16-120,40.044445,0.516992,0.495713,15958
25,14,4627,edgetpu,ImageNet16-120,43.500000,0.552306,0.495713,15958
25,14,11885,edgetpu,ImageNet16-120,39.166668,0.427395,0.495713,15958
25,14,9689,edgetpu,ImageNet16-120,42.533333,0.549702,0.495713,15958
25,14,10167,edgetpu,ImageNet16-120,39.944443,0.444058,0.495713,15958
25,14,4830,edgetpu,ImageNet16-120,42.233334,0.549457,0.495713,15958
25,14,5530,edgetpu,ImageNet16-120,42.577778,0.549937,0.495713,15958
25,14,15107,edgetpu,ImageNet16-120,39.800000,0.430284,0.495713,15958
25,14,4160,edgetpu,ImageNet16-120,39.833332,0.430355,0.495713,15958
25,14,13972,edgetpu,ImageNet16-120,31.933332,0.363440,0.495713,15958
25,14,6950,edgetpu,ImageNet16-120,38.700000,0.427379,0.495713,15958
25,14,11079,edgetpu,ImageNet16-120,43.566666,0.552430,0.495713,15958
25,14,4988,edgetpu,ImageNet16-120,28.933332,0.360694,0.495713,15958
25,14,7357,edgetpu,ImageNet16-120,44.666668,0.600498,0.495713,15958
25,14,5586,edgetpu,ImageNet16-120,40.811110,0.546420,0.495713,15958
25,14,5724,edgetpu,ImageNet16-120,28.366667,0.359987,0.495713,15958
25,14,11177,edgetpu,ImageNet16-120,33.200000,0.393637,0.495713,15958
25,14,70,edgetpu,ImageNet16-120,39.377777,0.428228,0.495713,15958
25,14,6520,edgetpu,ImageNet16-120,32.383335,0.363944,0.495713,15958
25,14,8781,edgetpu,ImageNet16-120,32.366665,0.363484,0.495713,15958
25,14,8447,edgetpu,ImageNet16-120,40.011112,0.514586,0.495713,15958
25,14,6858,edgetpu,ImageNet16-120,40.333332,0.541300,0.495713,15958
25,14,13097,edgetpu,ImageNet16-120,39.655556,0.428424,0.495713,15958
25,15,8853,eyeriss,ImageNet16-120,45.600000,1.037440,0.439886,16533
25,15,6787,eyeriss,ImageNet16-120,44.400000,0.914560,0.439886,16533
25,15,735,eyeriss,ImageNet16-120,38.544445,0.607360,0.439886,16533
25,15,4829,eyeriss,ImageNet16-120,34.200000,0.484480,0.439886,16533
25,15,6854,eyeriss,ImageNet16-120,40.800000,0.668800,0.439886,16533
25,15,2835,eyeriss,ImageNet16-120,38.222220,0.545920,0.439886,16533
25,15,1939,eyeriss,ImageNet16-120,45.077778,0.976000,0.439886,16533
25,15,6121,eyeriss,ImageNet16-120,28.433332,0.423040,0.439886,16533
25,15,8008,eyeriss,ImageNet16-120,43.500000,0.853120,0.439886,16533
25,15,15383,eyeriss,ImageNet16-120,47.033333,1.283200,0.439886,16533
25,15,14417,eyeriss,ImageNet16-120,45.900000,1.098880,0.439886,16533
25,15,857,eyeriss,ImageNet16-120,47.311110,1.651840,0.439886,16533
25,16,6854,fpga,ImageNet16-120,40.800000,0.809120,0.486688,16331
25,16,2835,fpga,ImageNet16-120,38.222220,0.546720,0.486688,16331
25,16,6868,fpga,ImageNet16-120,39.000000,0.649120,0.486688,16331
25,16,6787,fpga,ImageNet16-120,44.400000,0.969600,0.486688,16331
25,16,12452,fpga,ImageNet16-120,40.533333,0.780320,0.486688,16331
25,16,1939,fpga,ImageNet16-120,45.077778,1.062400,0.486688,16331
25,16,15383,fpga,ImageNet16-120,47.033333,1.504000,0.486688,16331
25,16,15446,fpga,ImageNet16-120,45.766666,1.116320,0.486688,16331
25,16,8008,fpga,ImageNet16-120,43.500000,0.876800,0.486688,16331
25,16,14748,fpga,ImageNet16-120,44.900000,0.995200,0.486688,16331
25,16,5793,fpga,ImageNet16-120,35.033333,0.517920,0.486688,16331
25,16,10017,fpga,ImageNet16-120,40.566666,0.784000,0.486688,16331
25,16,4829,fpga,ImageNet16-120,34.200000,0.415520,0.486688,16331
25,16,14417,fpga,ImageNet16-120,45.900000,1.276320,0.486688,16331
25,16,4988,fpga,ImageNet16-120,28.933332,0.284320,0.486688,16331
25,16,857,fpga,ImageNet16-120,47.311110,2.038400,0.486688,16331
25,17,1204,pixel3,ImageNet16-120,37.844444,0.864966,0.619778,16101
25,17,4432,pixel3,ImageNet16-120,37.800000,0.861157,0.619778,16101
25,17,12639,pixel3,ImageNet16-120,40.400000,1.304440,0.619778,16101
25,17,1549,pixel3,ImageNet16-120,28.655556,0.424747,0.619778,16101
25,17,4895,pixel3,ImageNet16-120,33.200000,0.619070,0.619778,16101
25,17,4004,pixel3,ImageNet16-120,42.811110,2.467510,0.619778,16101
25,17,4977,pixel3,ImageNet16-120,32.966667,0.617991,0.619778,16101
25,17,12452,pixel3,ImageNet16-120,40.533333,1.504410,0.619778,16101
25,17,1939,pixel3,ImageNet16-120,45.077778,3.021500,0.619778,16101
25,17,13059,pixel3,ImageNet16-120,34.266666,0.668679,0.619778,16101
25,17,12355,pixel3,ImageNet16-120,45.033333,2.989390,0.619778,16101
25,17,857,pixel3,ImageNet16-120,47.311110,6.686850,0.619778,16101
25,17,4384,pixel3,ImageNet16-120,28.133333,0.421612,0.619778,16101
25,17,11000,pixel3,ImageNet16-120,44.866665,2.962520,0.619778,16101
25,17,6854,pixel3,ImageNet16-120,40.800000,1.621620,0.619778,16101
25,17,872,pixel3,ImageNet16-120,41.777780,2.465030,0.619778,16101
25,17,2018,pixel3,ImageNet16-120,46.433334,4.949210,0.619778,16101
25,17,15446,pixel3,ImageNet16-120,45.766666,3.439380,0.619778,16101
25,17,735,pixel3,ImageNet16-120,38.544445,1.107950,0.619778,16101
25,17,10154,pixel3,ImageNet16-120,46.133335,4.783700,0.619778,16101
25,17,12424,pixel3,ImageNet16-120,43.133330,2.470150,0.619778,16101
25,17,8954,pixel3,ImageNet16-120,28.733334,0.424855,0.619778,16101
25,17,6014,pixel3,ImageNet16-120,28.533333,0.423391,0.619778,16101
25,17,4988,pixel3,ImageNet16-120,28.933332,0.485996,0.619778,16101
25,17,15383,pixel3,ImageNet16-120,47.033333,5.191720,0.619778,16101
25,17,12103,pixel3,ImageNet16-120,28.250000,0.422433,0.619778,16101
25,17,2835,pixel3,ImageNet16-120,38.222220,0.868646,0.619778,16101
25,17,4587,pixel3,ImageNet16-120,28.800000,0.445767,0.619778,16101
25,17,1110,pixel3,ImageNet16-120,28.600000,0.423927,0.619778,16101
25,17,14417,pixel3,ImageNet16-120,45.900000,4.143030,0.619778,16101
25,17,11079,pixel3,ImageNet16-120,43.566666,2.479610,0.619778,16101
25,17,12516,pixel3,ImageNet16-120,32.083332,0.617816,0.619778,16101
25,17,2899,pixel3,ImageNet16-120,43.911110,2.701210,0.619778,16101
25,17,1425,pixel3,ImageNet16-120,45.977780,4.619290,0.619778,16101
25,17,3728,pixel3,ImageNet16-120,28.500000,0.422880,0.619778,16101
25,17,898,pixel3,ImageNet16-120,42.466667,2.467210,0.619778,16101
25,17,8683,pixel3,ImageNet16-120,44.200000,2.711960,0.619778,16101
25,17,13756,pixel3,ImageNet16-120,0.833333,0.005289,0.619778,16101
25,17,1860,pixel3,ImageNet16-120,28.433332,0.422587,0.619778,16101
25,17,8584,pixel3,ImageNet16-120,34.088890,0.664046,0.619778,16101
25,17,10340,pixel3,ImageNet16-120,31.522223,0.617772,0.619778,16101
25,17,12466,pixel3,ImageNet16-120,46.100000,4.680280,0.619778,16101
25,18,5973,raspi4,ImageNet16-120,40.100000,3.159922,0.687992,16151
25,18,14677,raspi4,ImageNet16-120,33.233334,1.537227,0.687992,16151
25,18,933,raspi4,ImageNet16-120,0.833333,0.011514,0.687992,16151
25,18,11584,raspi4,ImageNet16-120,46.666668,8.014434,0.687992,16151
25,18,13931,raspi4,ImageNet16-120,28.788889,0.956195,0.687992,16151
25,18,11946,raspi4,ImageNet16-120,28.200000,0.940293,0.687992,16151
25,18,8426,raspi4,ImageNet16-120,44.633335,5.288439,0.687992,16151
25,18,6854,raspi4,ImageNet16-120,40.800000,3.661016,0.687992,16151
25,18,9496,raspi4,ImageNet16-120,38.200000,2.204048,0.687992,16151
25,18,1204,raspi4,ImageNet16-120,37.844444,2.199356,0.687992,16151
25,18,735,raspi4,ImageNet16-120,38.544445,2.911079,0.687992,16151
25,18,857,raspi4,ImageNet16-120,47.311110,9.020064,0.687992,16151
25,18,8683,raspi4,ImageNet16-120,44.200000,4.462997,0.687992,16151
25,18,6336,raspi4,ImageNet16-120,39.366665,3.073392,0.687992,16151
25,18,4995,raspi4,ImageNet16-120,42.166668,3.766336,0.687992,16151
25,18,2779,raspi4,ImageNet16-120,37.355556,2.190654,0.687992,16151
25,18,11079,raspi4,ImageNet16-120,43.566666,3.802027,0.687992,16151
25,18,9032,raspi4,ImageNet16-120,38.016666,2.201532,0.687992,16151
25,18,8884,raspi4,ImageNet16-120,45.033333,5.293177,0.687992,16151
25,18,2018,raspi4,ImageNet16-120,46.433334,7.482383,0.687992,16151
25,18,1413,raspi4,ImageNet16-120,42.711113,3.788479,0.687992,16151
25,18,8584,raspi4,ImageNet16-120,34.088890,1.586268,0.687992,16151
25,18,1939,raspi4,ImageNet16-120,45.077778,5.341908,0.687992,16151
25,18,13059,raspi4,ImageNet16-120,34.266666,1.595651,0.687992,16151
25,18,14750,raspi4,ImageNet16-120,32.933334,1.536700,0.687992,16151
25,18,5637,raspi4,ImageNet16-120,33.933334,1.580707,0.687992,16151
25,18,41,raspi4,ImageNet16-120,32.388890,1.528043,0.687992,16151
25,18,15383,raspi4,ImageNet16-120,47.033333,8.565354,0.687992,16151
25,18,4988,raspi4,ImageNet16-120,28.933332,1.003251,0.687992,16151
25,18,15107,raspi4,ImageNet16-120,39.800000,3.083329,0.687992,16151
25,18,10217,raspi4,ImageNet16-120,45.100000,6.109362,0.687992,16151
25,18,3960,raspi4,ImageNet16-120,37.755554,2.197980,0.687992,16151
25,18,6787,raspi4,ImageNet16-120,44.400000,4.532777,0.687992,16151
25,18,14417,raspi4,ImageNet16-120,45.900000,6.948865,0.687992,16151
25,18,7227,raspi4,ImageNet16-120,32.533333,1.530737,0.687992,16151
25,18,3782,raspi4,ImageNet16-120,41.866665,3.755286,0.687992,16151
25,18,219,raspi4,ImageNet16-120,42.500000,3.768475,0.687992,16151
25,18,13771,raspi4,ImageNet16-120,32.744446,1.533813,0.687992,16151
25,18,14792,raspi4,ImageNet16-120,43.033333,3.792447,0.687992,16151
25,18,10472,raspi4,ImageNet16-120,39.633335,3.079679,0.687992,16151
25,18,15363,raspi4,ImageNet16-120,44.333332,4.480516,0.687992,16151
25,18,7187,raspi4,ImageNet16-120,28.683332,0.952790,0.687992,16151
25,18,12505,raspi4,ImageNet16-120,39.283333,3.062432,0.687992,16151
25,18,10835,raspi4,ImageNet16-120,45.233334,6.632419,0.687992,16151
25,18,8736,raspi4,ImageNet16-120,45.700000,6.658077,0.687992,16151
25,18,10167,raspi4,ImageNet16-120,39.944443,3.106316,0.687992,16151
25,18,8355,raspi4,ImageNet16-120,39.666668,3.083286,0.687992,16151
25,18,6868,raspi4,ImageNet16-120,39.000000,2.982937,0.687992,16151
25,18,10017,raspi4,ImageNet16-120,40.566666,3.181383,0.687992,16151
25,18,14697,raspi4,ImageNet16-120,33.900000,1.580382,0.687992,16151
26,1,5780,edgegpu,cifar10,93.980000,3.361888,0.499409,16528
26,1,14407,edgegpu,cifar10,86.770000,1.440282,0.499409,16528
26,1,11810,edgegpu,cifar10,92.780000,1.992798,0.499409,16528
26,1,5292,edgegpu,cifar10,94.293335,6.663151,0.499409,16528
26,1,14527,edgegpu,cifar10,86.765000,1.439619,0.499409,16528
26,1,1339,edgegpu,cifar10,92.136665,1.751881,0.499409,16528
26,1,10484,edgegpu,cifar10,93.810000,3.354015,0.499409,16528
26,1,14090,edgegpu,cifar10,92.086670,1.749086,0.499409,16528
26,1,13401,edgegpu,cifar10,87.010000,1.457009,0.499409,16528
26,1,561,edgegpu,cifar10,86.880000,1.451068,0.499409,16528
26,1,6960,edgegpu,cifar10,92.280000,1.764450,0.499409,16528
26,1,13714,edgegpu,cifar10,94.373340,6.772180,0.499409,16528
26,1,258,edgegpu,cifar10,93.640000,3.307109,0.499409,16528
26,1,9099,edgegpu,cifar10,93.940000,3.357520,0.499409,16528
26,1,1459,edgegpu,cifar10,94.296670,6.748991,0.499409,16528
26,1,11692,edgegpu,cifar10,94.130000,4.708362,0.499409,16528
26,1,6499,edgegpu,cifar10,93.645000,3.331041,0.499409,16528
26,1,5400,edgegpu,cifar10,86.630000,1.427460,0.499409,16528
26,1,11438,edgegpu,cifar10,92.500000,1.846719,0.499409,16528
26,1,2053,edgegpu,cifar10,94.206665,5.482254,0.499409,16528
26,1,1549,edgegpu,cifar10,86.710000,1.436324,0.499409,16528
26,1,2776,edgegpu,cifar10,93.666664,3.331194,0.499409,16528
26,1,6330,edgegpu,cifar10,94.006670,4.384699,0.499409,16528
26,1,6950,edgegpu,cifar10,92.000000,1.738467,0.499409,16528
26,1,15200,edgegpu,cifar10,10.000000,0.501385,0.499409,16528
26,2,6382,edgetpu,cifar10,93.376660,0.628638,0.465605,16102
26,2,9380,edgetpu,cifar10,89.335000,0.395662,0.465605,16102
26,2,9689,edgetpu,cifar10,93.370000,0.628386,0.465605,16102
26,2,13714,edgetpu,cifar10,94.373340,1.377865,0.465605,16102
26,2,7017,edgetpu,cifar10,86.970000,0.353089,0.465605,16102
26,2,5647,edgetpu,cifar10,89.110000,0.389378,0.465605,16102
26,2,13611,edgetpu,cifar10,92.490000,0.481826,0.465605,16102
26,2,11438,edgetpu,cifar10,92.500000,0.482393,0.465605,16102
26,2,9950,edgetpu,cifar10,93.840000,0.723767,0.465605,16102
26,2,8192,edgetpu,cifar10,93.093330,0.627745,0.465605,16102
26,2,797,edgetpu,cifar10,93.280000,0.627996,0.465605,16102
26,2,5111,edgetpu,cifar10,94.306660,1.152010,0.465605,16102
26,2,11692,edgetpu,cifar10,94.130000,0.761100,0.465605,16102
26,2,10683,edgetpu,cifar10,92.330000,0.481277,0.465605,16102
26,2,2485,edgetpu,cifar10,86.700000,0.346546,0.465605,16102
26,2,2053,edgetpu,cifar10,94.206665,1.042178,0.465605,16102
26,2,8008,edgetpu,cifar10,93.480000,0.629746,0.465605,16102
26,2,5258,edgetpu,cifar10,88.775000,0.388629,0.465605,16102
26,2,6584,edgetpu,cifar10,94.160000,0.888877,0.465605,16102
26,2,4161,edgetpu,cifar10,89.250000,0.391221,0.465605,16102
26,2,5780,edgetpu,cifar10,93.980000,0.723967,0.465605,16102
26,2,11112,edgetpu,cifar10,92.110000,0.480732,0.465605,16102
26,2,3731,edgetpu,cifar10,94.343330,1.282820,0.465605,16102
26,2,11810,edgetpu,cifar10,92.780000,0.482879,0.465605,16102
26,2,3927,edgetpu,cifar10,93.626660,0.723268,0.465605,16102
26,2,6918,edgetpu,cifar10,87.000000,0.375819,0.465605,16102
26,3,12438,eyeriss,cifar10,89.875000,1.925300,0.485460,16547
26,3,13714,eyeriss,cifar10,94.373340,7.823540,0.485460,16547
26,3,8592,eyeriss,cifar10,93.750000,3.891380,0.485460,16547
26,3,8720,eyeriss,cifar10,89.875000,1.925300,0.485460,16547
26,3,13987,eyeriss,cifar10,93.596664,3.645620,0.485460,16547
26,3,6854,eyeriss,cifar10,91.040000,2.662580,0.485460,16547
26,3,14112,eyeriss,cifar10,91.296670,2.908340,0.485460,16547
26,3,5111,eyeriss,cifar10,94.306660,5.365940,0.485460,16547
26,3,3731,eyeriss,cifar10,94.343330,6.594740,0.485460,16547
26,3,8008,eyeriss,cifar10,93.480000,3.399860,0.485460,16547
26,3,8323,eyeriss,cifar10,90.870000,2.171060,0.485460,16547
26,3,11472,eyeriss,cifar10,93.970000,4.628660,0.485460,16547
26,3,4384,eyeriss,cifar10,86.796670,1.679540,0.485460,16547
26,3,6899,eyeriss,cifar10,90.900000,2.416820,0.485460,16547
26,3,6584,eyeriss,cifar10,94.160000,4.874420,0.485460,16547
26,3,6111,eyeriss,cifar10,94.373340,7.823540,0.485460,16547
26,3,15000,eyeriss,cifar10,92.400000,3.154100,0.485460,16547
26,4,8008,fpga,cifar10,93.480000,2.905760,0.417361,16202
26,4,4384,fpga,cifar10,86.796670,1.132960,0.417361,16202
26,4,13714,fpga,cifar10,94.373340,6.678560,0.417361,16202
26,4,5111,fpga,cifar10,94.306660,5.193760,0.417361,16202
26,4,11472,fpga,cifar10,93.970000,3.648160,0.417361,16202
26,4,10431,fpga,cifar10,87.000000,1.542560,0.417361,16202
26,4,10412,fpga,cifar10,93.530000,3.420960,0.417361,16202
26,4,3731,fpga,cifar10,94.343330,5.936160,0.417361,16202
26,4,8323,fpga,cifar10,90.870000,2.163360,0.417361,16202
26,4,6111,fpga,cifar10,94.373340,6.678560,0.417361,16202
26,4,11525,fpga,cifar10,90.000000,2.057760,0.417361,16202
26,4,6584,fpga,cifar10,94.160000,4.163360,0.417361,16202
26,4,12438,fpga,cifar10,89.875000,1.648160,0.417361,16202
26,4,13611,fpga,cifar10,92.490000,2.390560,0.417361,16202
26,4,8720,fpga,cifar10,89.875000,1.648160,0.417361,16202
26,5,8708,pixel3,cifar10,94.080000,12.839000,0.632115,16197
26,5,13096,pixel3,cifar10,90.700000,2.666040,0.632115,16197
26,5,5224,pixel3,cifar10,88.980000,1.570360,0.632115,16197
26,5,10689,pixel3,cifar10,90.790000,2.669770,0.632115,16197
26,5,4627,pixel3,cifar10,93.270000,7.036050,0.632115,16197
26,5,12452,pixel3,cifar10,91.350000,5.590110,0.632115,16197
26,5,11972,pixel3,cifar10,91.510000,5.627010,0.632115,16197
26,5,5111,pixel3,cifar10,94.306660,17.584600,0.632115,16197
26,5,6854,pixel3,cifar10,91.040000,4.514220,0.632115,16197
26,5,1781,pixel3,cifar10,89.883330,1.712020,0.632115,16197
26,5,6382,pixel3,cifar10,93.376660,7.048190,0.632115,16197
26,5,6434,pixel3,cifar10,91.080000,4.811140,0.632115,16197
26,5,13171,pixel3,cifar10,93.530000,7.717220,0.632115,16197
26,5,7017,pixel3,cifar10,86.970000,1.403930,0.632115,16197
26,5,11692,pixel3,cifar10,94.130000,15.490100,0.632115,16197
26,5,8592,pixel3,cifar10,93.750000,10.769800,0.632115,16197
26,5,1941,pixel3,cifar10,93.533330,9.128690,0.632115,16197
26,5,2779,pixel3,cifar10,90.806660,3.102950,0.632115,16197
26,5,7001,pixel3,cifar10,10.000000,0.003277,0.632115,16197
26,5,3731,pixel3,cifar10,94.343330,23.361300,0.632115,16197
26,5,8323,pixel3,cifar10,90.870000,3.106420,0.632115,16197
26,5,6330,pixel3,cifar10,94.006670,11.512400,0.632115,16197
26,5,6918,pixel3,cifar10,87.000000,1.478790,0.632115,16197
26,5,6111,pixel3,cifar10,94.373340,23.584800,0.632115,16197
26,5,13987,pixel3,cifar10,93.596664,9.922680,0.632115,16197
26,5,4554,pixel3,cifar10,86.670000,1.114880,0.632115,16197
26,5,8695,pixel3,cifar10,94.220000,17.564500,0.632115,16197
26,5,13869,pixel3,cifar10,93.656670,10.634700,0.632115,16197
26,5,1943,pixel3,cifar10,93.116670,6.492030,0.632115,16197
26,5,6899,pixel3,cifar10,90.900000,3.961410,0.632115,16197
26,5,6584,pixel3,cifar10,94.160000,15.720300,0.632115,16197
26,5,9230,pixel3,cifar10,86.580000,1.056760,0.632115,16197
26,5,2035,pixel3,cifar10,89.670000,1.706480,0.632115,16197
26,5,1339,pixel3,cifar10,92.136665,5.802240,0.632115,16197
26,5,1497,pixel3,cifar10,86.556660,1.056630,0.632115,16197
26,5,6985,pixel3,cifar10,89.940000,2.367450,0.632115,16197
26,5,7197,pixel3,cifar10,90.366670,2.447670,0.632115,16197
26,5,8836,pixel3,cifar10,92.220000,6.313990,0.632115,16197
26,5,1416,pixel3,cifar10,89.546670,1.691430,0.632115,16197
26,5,25,pixel3,cifar10,86.540000,1.054570,0.632115,16197
26,5,6863,pixel3,cifar10,86.740000,1.229320,0.632115,16197
26,5,1804,pixel3,cifar10,89.063330,1.579900,0.632115,16197
26,6,6382,raspi4,cifar10,93.376660,21.461164,0.575867,16124
26,6,6918,raspi4,cifar10,87.000000,2.787590,0.575867,16124
26,6,1962,raspi4,cifar10,86.530000,2.529453,0.575867,16124
26,6,8323,raspi4,cifar10,90.870000,7.426308,0.575867,16124
26,6,8592,raspi4,cifar10,93.750000,25.477009,0.575867,16124
26,6,1941,raspi4,cifar10,93.533330,25.121769,0.575867,16124
26,6,1690,raspi4,cifar10,86.646670,2.536549,0.575867,16124
26,6,6577,raspi4,cifar10,10.000000,0.011297,0.575867,16124
26,6,11972,raspi4,cifar10,91.510000,12.403558,0.575867,16124
26,6,1804,raspi4,cifar10,89.063330,4.791845,0.575867,16124
26,6,3731,raspi4,cifar10,94.343330,58.070793,0.575867,16124
26,6,11692,raspi4,cifar10,94.130000,37.583630,0.575867,16124
26,6,5111,raspi4,cifar10,94.306660,41.756905,0.575867,16124
26,6,8008,raspi4,cifar10,93.480000,22.571420,0.575867,16124
26,6,8525,raspi4,cifar10,89.320000,4.900777,0.575867,16124
26,6,13846,raspi4,cifar10,90.720000,7.176163,0.575867,16124
26,6,2035,raspi4,cifar10,89.670000,4.984099,0.575867,16124
26,6,14565,raspi4,cifar10,88.880000,4.781183,0.575867,16124
26,6,2058,raspi4,cifar10,93.270000,19.484835,0.575867,16124
26,6,14677,raspi4,cifar10,88.670000,4.755260,0.575867,16124
26,6,6111,raspi4,cifar10,94.373340,68.404106,0.575867,16124
26,6,8426,raspi4,cifar10,93.840000,31.394428,0.575867,16124
26,6,9271,raspi4,cifar10,89.250000,4.830311,0.575867,16124
26,6,13611,raspi4,cifar10,92.490000,18.523302,0.575867,16124
26,6,12639,raspi4,cifar10,90.990000,11.857850,0.575867,16124
26,6,11533,raspi4,cifar10,93.420000,21.715693,0.575867,16124
26,6,12505,raspi4,cifar10,92.150000,16.747276,0.575867,16124
26,6,6985,raspi4,cifar10,89.940000,4.995646,0.575867,16124
26,6,6946,raspi4,cifar10,92.026665,16.686316,0.575867,16124
26,6,6868,raspi4,cifar10,90.880000,10.226877,0.575867,16124
26,6,7017,raspi4,cifar10,86.970000,2.544041,0.575867,16124
26,6,6960,raspi4,cifar10,92.280000,17.162752,0.575867,16124
26,6,10412,raspi4,cifar10,93.530000,25.079220,0.575867,16124
26,6,6953,raspi4,cifar10,91.990000,15.601654,0.575867,16124
26,6,11810,raspi4,cifar10,92.780000,18.619905,0.575867,16124
26,6,5780,raspi4,cifar10,93.980000,34.928463,0.575867,16124
26,7,6124,edgegpu,cifar100,68.360000,3.185835,0.504277,16391
26,7,11885,edgegpu,cifar100,68.040000,1.776652,0.504277,16391
26,7,14677,edgegpu,cifar100,62.420000,1.746187,0.504277,16391
26,7,3888,edgegpu,cifar100,73.260000,6.797867,0.504277,16391
26,7,9922,edgegpu,cifar100,58.560000,1.428552,0.504277,16391
26,7,2778,edgegpu,cifar100,72.993330,6.134028,0.504277,16391
26,7,12415,edgegpu,cifar100,71.940000,4.828467,0.504277,16391
26,7,8401,edgegpu,cifar100,71.080000,3.302102,0.504277,16391
26,7,9930,edgegpu,cifar100,73.513336,6.803060,0.504277,16391
26,7,11810,edgegpu,cifar100,68.300000,1.779551,0.504277,16391
26,7,4954,edgegpu,cifar100,73.000000,6.669736,0.504277,16391
26,7,8912,edgegpu,cifar100,59.200000,1.441355,0.504277,16391
26,7,1038,edgegpu,cifar100,67.500000,1.758428,0.504277,16391
26,7,9997,edgegpu,cifar100,71.520000,3.466139,0.504277,16391
26,7,2304,edgegpu,cifar100,58.660000,1.440253,0.504277,16391
26,7,4418,edgegpu,cifar100,72.746666,5.352364,0.504277,16391
26,7,6381,edgegpu,cifar100,66.800000,1.753340,0.504277,16391
26,7,1509,edgegpu,cifar100,1.000000,0.505853,0.504277,16391
26,7,1425,edgegpu,cifar100,72.093330,5.310225,0.504277,16391
26,7,11067,edgegpu,cifar100,58.186670,1.427836,0.504277,16391
26,8,9689,edgetpu,cifar100,69.760000,0.636296,0.541335,15959
26,8,9271,edgetpu,cifar100,63.400000,0.393151,0.541335,15959
26,8,8638,edgetpu,cifar100,58.860000,0.356631,0.541335,15959
26,8,8401,edgetpu,cifar100,71.080000,0.728572,0.541335,15959
26,8,13829,edgetpu,cifar100,66.873340,0.485137,0.541335,15959
26,8,1110,edgetpu,cifar100,58.840000,0.355938,0.541335,15959
26,8,2705,edgetpu,cifar100,62.813330,0.393026,0.541335,15959
26,8,3487,edgetpu,cifar100,70.093330,0.637182,0.541335,15959
26,8,4155,edgetpu,cifar100,62.306667,0.391442,0.541335,15959
26,8,11973,edgetpu,cifar100,70.340000,0.641728,0.541335,15959
26,8,5019,edgetpu,cifar100,58.880000,0.357058,0.541335,15959
26,8,8912,edgetpu,cifar100,59.200000,0.377698,0.541335,15959
26,8,12761,edgetpu,cifar100,72.860000,1.225212,0.541335,15959
26,8,15363,edgetpu,cifar100,70.520000,0.676394,0.541335,15959
26,8,1425,edgetpu,cifar100,72.093330,0.910660,0.541335,15959
26,8,797,edgetpu,cifar100,69.580000,0.633351,0.541335,15959
26,8,4418,edgetpu,cifar100,72.746666,1.093699,0.541335,15959
26,8,3888,edgetpu,cifar100,73.260000,1.316226,0.541335,15959
26,8,12574,edgetpu,cifar100,72.740000,0.932430,0.541335,15959
26,8,577,edgetpu,cifar100,69.680000,0.635228,0.541335,15959
26,8,6946,edgetpu,cifar100,67.500000,0.486233,0.541335,15959
26,8,1996,edgetpu,cifar100,67.820000,0.486748,0.541335,15959
26,8,9997,edgetpu,cifar100,71.520000,0.729986,0.541335,15959
26,8,12415,edgetpu,cifar100,71.940000,0.872299,0.541335,15959
26,8,777,edgetpu,cifar100,58.650000,0.355588,0.541335,15959
26,8,857,edgetpu,cifar100,72.880000,1.264168,0.541335,15959
26,8,3303,edgetpu,cifar100,62.420000,0.392593,0.541335,15959
26,8,10443,edgetpu,cifar100,68.300000,0.489020,0.541335,15959
26,8,781,edgetpu,cifar100,67.960000,0.487922,0.541335,15959
26,8,12607,edgetpu,cifar100,62.600000,0.392830,0.541335,15959
26,8,1943,edgetpu,cifar100,69.626660,0.634759,0.541335,15959
26,8,9930,edgetpu,cifar100,73.513336,1.454107,0.541335,15959
26,8,10000,edgetpu,cifar100,73.160000,1.283461,0.541335,15959
26,8,4659,edgetpu,cifar100,70.060000,0.636433,0.541335,15959
26,8,8649,edgetpu,cifar100,70.690000,0.727284,0.541335,15959
26,8,14945,edgetpu,cifar100,58.500000,0.354940,0.541335,15959
26,9,3540,eyeriss,cifar100,71.500000,4.877440,0.470057,16628
26,9,14112,eyeriss,cifar100,68.386665,2.911360,0.470057,16628
26,9,12574,eyeriss,cifar100,72.740000,5.123200,0.470057,16628
26,9,6925,eyeriss,cifar100,71.220000,3.894400,0.470057,16628
26,9,12820,eyeriss,cifar100,67.720000,2.419840,0.470057,16628
26,9,5084,eyeriss,cifar100,58.813330,1.682560,0.470057,16628
26,9,14714,eyeriss,cifar100,71.280000,4.140160,0.470057,16628
26,9,10689,eyeriss,cifar100,67.500000,2.174080,0.470057,16628
26,9,11301,eyeriss,cifar100,68.220000,2.665600,0.470057,16628
26,9,12761,eyeriss,cifar100,72.860000,6.352000,0.470057,16628
26,9,3888,eyeriss,cifar100,73.260000,6.597760,0.470057,16628
26,9,9930,eyeriss,cifar100,73.513336,9.055360,0.470057,16628
26,9,4659,eyeriss,cifar100,70.060000,3.402880,0.470057,16628
26,9,6787,eyeriss,cifar100,70.720000,3.648640,0.470057,16628
26,9,5651,eyeriss,cifar100,64.690000,1.928320,0.470057,16628
26,10,11973,fpga,cifar100,70.340000,2.905760,0.432156,16363
26,10,3540,fpga,cifar100,71.500000,4.163360,0.432156,16363
26,10,5084,fpga,cifar100,58.813330,1.132960,0.432156,16363
26,10,12820,fpga,cifar100,67.720000,2.678560,0.432156,16363
26,10,12295,fpga,cifar100,71.160000,3.648160,0.432156,16363
26,10,12574,fpga,cifar100,72.740000,4.678560,0.432156,16363
26,10,9997,fpga,cifar100,71.520000,4.572960,0.432156,16363
26,10,5651,fpga,cifar100,64.690000,1.648160,0.432156,16363
26,10,9930,fpga,cifar100,73.513336,7.420960,0.432156,16363
26,10,5743,fpga,cifar100,67.800000,2.800160,0.432156,16363
26,10,12761,fpga,cifar100,72.860000,5.420960,0.432156,16363
26,10,5033,fpga,cifar100,59.060000,1.542560,0.432156,16363
26,10,3888,fpga,cifar100,73.260000,5.936160,0.432156,16363
26,10,10689,fpga,cifar100,67.500000,2.163360,0.432156,16363
26,10,4249,fpga,cifar100,65.080000,2.057760,0.432156,16363
26,10,6787,fpga,cifar100,70.720000,3.420960,0.432156,16363
26,10,7250,fpga,cifar100,67.706665,2.390560,0.432156,16363
26,10,6925,fpga,cifar100,71.220000,3.936160,0.432156,16363
26,11,1090,pixel3,cifar100,65.220000,2.811310,0.636602,16470
26,11,858,pixel3,cifar100,64.133330,2.003500,0.636602,16470
26,11,906,pixel3,cifar100,62.393333,1.661810,0.636602,16470
26,11,5651,pixel3,cifar100,64.690000,2.376870,0.636602,16470
26,11,10042,pixel3,cifar100,64.880000,2.794690,0.636602,16470
26,11,8323,pixel3,cifar100,67.080000,3.106340,0.636602,16470
26,11,572,pixel3,cifar100,70.313330,8.017480,0.636602,16470
26,11,12574,pixel3,cifar100,72.740000,16.473900,0.636602,16470
26,11,15363,pixel3,cifar100,70.520000,9.708640,0.636602,16470
26,11,11000,pixel3,cifar100,71.180000,10.677600,0.636602,16470
26,11,699,pixel3,cifar100,72.240000,12.079400,0.636602,16470
26,11,8912,pixel3,cifar100,59.200000,1.478790,0.636602,16470
26,11,485,pixel3,cifar100,67.593330,4.124800,0.636602,16470
26,11,14112,pixel3,cifar100,68.386665,5.745320,0.636602,16470
26,11,12970,pixel3,cifar100,68.140000,4.782110,0.636602,16470
26,11,8638,pixel3,cifar100,58.860000,1.478570,0.636602,16470
26,11,11301,pixel3,cifar100,68.220000,5.352090,0.636602,16470
26,11,1409,pixel3,cifar100,58.853333,1.275090,0.636602,16470
26,11,898,pixel3,cifar100,70.000000,6.516140,0.636602,16470
26,11,1631,pixel3,cifar100,63.986668,1.805000,0.636602,16470
26,11,6925,pixel3,cifar100,71.220000,10.688000,0.636602,16470
26,11,1450,pixel3,cifar100,70.506670,9.337360,0.636602,16470
26,11,6787,pixel3,cifar100,70.720000,9.854430,0.636602,16470
26,11,6985,pixel3,cifar100,64.160000,2.372000,0.636602,16470
26,11,978,pixel3,cifar100,64.180000,2.372340,0.636602,16470
26,11,10689,pixel3,cifar100,67.500000,3.109220,0.636602,16470
26,11,3888,pixel3,cifar100,73.260000,23.477200,0.636602,16470
26,11,6337,pixel3,cifar100,1.000000,0.008753,0.636602,16470
26,11,11973,pixel3,cifar100,70.340000,8.988510,0.636602,16470
26,11,857,pixel3,cifar100,72.880000,19.113200,0.636602,16470
26,11,1593,pixel3,cifar100,62.126667,1.582050,0.636602,16470
26,11,3983,pixel3,cifar100,64.293335,2.372440,0.636602,16470
26,11,777,pixel3,cifar100,58.650000,1.087020,0.636602,16470
26,11,724,pixel3,cifar100,67.053340,2.875650,0.636602,16470
26,11,1459,pixel3,cifar100,73.140000,23.437900,0.636602,16470
26,11,45,pixel3,cifar100,64.153336,2.368020,0.636602,16470
26,12,4498,raspi4,cifar100,64.086670,5.022347,0.604074,16182
26,12,2035,raspi4,cifar100,63.926666,5.005698,0.604074,16182
26,12,15363,raspi4,cifar100,70.520000,21.809430,0.604074,16182
26,12,12915,raspi4,cifar100,66.950000,7.226311,0.604074,16182
26,12,14112,raspi4,cifar100,68.386665,14.423308,0.604074,16182
26,12,6925,raspi4,cifar100,71.220000,24.195030,0.604074,16182
26,12,6787,raspi4,cifar100,70.720000,23.081835,0.604074,16182
26,12,8912,raspi4,cifar100,59.200000,2.818969,0.604074,16182
26,12,4409,raspi4,cifar100,67.173330,7.228629,0.604074,16182
26,12,9926,raspi4,cifar100,63.520000,4.999532,0.604074,16182
26,12,10689,raspi4,cifar100,67.500000,7.381845,0.604074,16182
26,12,10042,raspi4,cifar100,64.880000,5.100886,0.604074,16182
26,12,3888,raspi4,cifar100,73.260000,55.029520,0.604074,16182
26,12,14612,raspi4,cifar100,58.720000,2.563505,0.604074,16182
26,12,1459,raspi4,cifar100,73.140000,53.879950,0.604074,16182
26,12,8720,raspi4,cifar100,64.130000,5.082239,0.604074,16182
26,12,14792,raspi4,cifar100,69.500000,19.111843,0.604074,16182
26,12,9271,raspi4,cifar100,63.400000,4.800893,0.604074,16182
26,12,3487,raspi4,cifar100,70.093330,21.603350,0.604074,16182
26,12,13430,raspi4,cifar100,66.700000,7.203785,0.604074,16182
26,12,10222,raspi4,cifar100,58.860000,2.747804,0.604074,16182
26,12,7030,raspi4,cifar100,69.600000,19.218203,0.604074,16182
26,12,12761,raspi4,cifar100,72.860000,53.718200,0.604074,16182
26,12,375,raspi4,cifar100,64.440000,5.099302,0.604074,16182
26,12,898,raspi4,cifar100,70.000000,21.506163,0.604074,16182
26,12,12574,raspi4,cifar100,72.740000,36.371254,0.604074,16182
26,12,14714,raspi4,cifar100,71.280000,24.692347,0.604074,16182
26,12,4418,raspi4,cifar100,72.746666,47.162354,0.604074,16182
26,12,15589,raspi4,cifar100,59.060000,2.795078,0.604074,16182
26,12,2222,raspi4,cifar100,58.313330,2.538255,0.604074,16182
26,12,6822,raspi4,cifar100,58.426666,2.558594,0.604074,16182
26,12,7891,raspi4,cifar100,67.550000,12.536592,0.604074,16182
26,12,9930,raspi4,cifar100,73.513336,71.152000,0.604074,16182
26,12,9997,raspi4,cifar100,71.520000,34.996710,0.604074,16182
26,12,8740,raspi4,cifar100,1.000000,0.015215,0.604074,16182
26,12,1572,raspi4,cifar100,69.900000,19.916142,0.604074,16182
26,12,12607,raspi4,cifar100,62.600000,4.779045,0.604074,16182
26,12,6918,raspi4,cifar100,58.800000,2.571364,0.604074,16182
26,13,15376,edgegpu,ImageNet16-120,0.833333,0.533953,0.559853,16417
26,13,14117,edgegpu,ImageNet16-120,28.677778,1.435547,0.559853,16417
26,13,7760,edgegpu,ImageNet16-120,39.100000,1.743751,0.559853,16417
26,13,8401,edgegpu,ImageNet16-120,43.833332,3.322444,0.559853,16417
26,13,4946,edgegpu,ImageNet16-120,44.700000,3.490419,0.559853,16417
26,13,8884,edgegpu,ImageNet16-120,45.033333,3.499999,0.559853,16417
26,13,7187,edgegpu,ImageNet16-120,28.683332,1.443858,0.559853,16417
26,13,8426,edgegpu,ImageNet16-120,44.633335,3.370147,0.559853,16417
26,13,9722,edgegpu,ImageNet16-120,44.000000,3.327813,0.559853,16417
26,13,13760,edgegpu,ImageNet16-120,32.333332,1.739759,0.559853,16417
26,13,2650,edgegpu,ImageNet16-120,42.433334,3.309817,0.559853,16417
26,13,14612,edgegpu,ImageNet16-120,28.488890,1.434064,0.559853,16417
26,13,4988,edgegpu,ImageNet16-120,28.933332,1.448212,0.559853,16417
26,13,12415,edgegpu,ImageNet16-120,46.566666,4.667692,0.559853,16417
26,13,4587,edgegpu,ImageNet16-120,28.800000,1.445131,0.559853,16417
26,13,4332,edgegpu,ImageNet16-120,39.444443,1.745496,0.559853,16417
26,13,4160,edgegpu,ImageNet16-120,39.833332,1.756272,0.559853,16417
26,13,11217,edgegpu,ImageNet16-120,43.466667,3.316708,0.559853,16417
26,13,15288,edgegpu,ImageNet16-120,28.422222,1.417041,0.559853,16417
26,13,14840,edgegpu,ImageNet16-120,45.311110,4.224715,0.559853,16417
26,13,10947,edgegpu,ImageNet16-120,39.944443,1.909800,0.559853,16417
26,13,6950,edgegpu,ImageNet16-120,38.700000,1.740150,0.559853,16417
26,13,9586,edgegpu,ImageNet16-120,46.933334,5.222673,0.559853,16417
26,13,454,edgegpu,ImageNet16-120,41.277780,3.303313,0.559853,16417
26,13,12081,edgegpu,ImageNet16-120,40.233334,2.730479,0.559853,16417
26,13,5751,edgegpu,ImageNet16-120,40.044445,2.434626,0.559853,16417
26,13,1164,edgegpu,ImageNet16-120,28.522223,1.435223,0.559853,16417
26,13,15383,edgegpu,ImageNet16-120,47.033333,6.262836,0.559853,16417
26,13,13411,edgegpu,ImageNet16-120,31.855556,1.736240,0.559853,16417
26,14,11262,edgetpu,ImageNet16-120,39.733334,0.430019,0.500243,15853
26,14,6520,edgetpu,ImageNet16-120,32.383335,0.363944,0.500243,15853
26,14,4627,edgetpu,ImageNet16-120,43.500000,0.552306,0.500243,15853
26,14,12415,edgetpu,ImageNet16-120,46.566666,0.710906,0.500243,15853
26,14,8884,edgetpu,ImageNet16-120,45.033333,0.615792,0.500243,15853
26,14,7750,edgetpu,ImageNet16-120,43.066666,0.551617,0.500243,15853
26,14,9689,edgetpu,ImageNet16-120,42.533333,0.549702,0.500243,15853
26,14,4977,edgetpu,ImageNet16-120,32.966667,0.367728,0.500243,15853
26,14,7357,edgetpu,ImageNet16-120,44.666668,0.600498,0.500243,15853
26,14,5530,edgetpu,ImageNet16-120,42.577778,0.549937,0.500243,15853
26,14,10167,edgetpu,ImageNet16-120,39.944443,0.444058,0.500243,15853
26,14,3540,edgetpu,ImageNet16-120,45.122223,0.648670,0.500243,15853
26,14,5751,edgetpu,ImageNet16-120,40.044445,0.516992,0.500243,15853
26,14,8915,edgetpu,ImageNet16-120,32.611110,0.364729,0.500243,15853
26,14,10888,edgetpu,ImageNet16-120,28.333334,0.359044,0.500243,15853
26,14,15107,edgetpu,ImageNet16-120,39.800000,0.430284,0.500243,15853
26,14,13931,edgetpu,ImageNet16-120,28.788889,0.360349,0.500243,15853
26,14,13972,edgetpu,ImageNet16-120,31.933332,0.363440,0.500243,15853
26,14,11282,edgetpu,ImageNet16-120,39.633335,0.428409,0.500243,15853
26,14,6950,edgetpu,ImageNet16-120,38.700000,0.427379,0.500243,15853
26,14,13097,edgetpu,ImageNet16-120,39.655556,0.428424,0.500243,15853
26,14,4830,edgetpu,ImageNet16-120,42.233334,0.549457,0.500243,15853
26,14,7431,edgetpu,ImageNet16-120,32.577778,0.363954,0.500243,15853
26,14,8447,edgetpu,ImageNet16-120,40.011112,0.514586,0.500243,15853
26,14,11079,edgetpu,ImageNet16-120,43.566666,0.552430,0.500243,15853
26,14,11177,edgetpu,ImageNet16-120,33.200000,0.393637,0.500243,15853
26,14,70,edgetpu,ImageNet16-120,39.377777,0.428228,0.500243,15853
26,14,8781,edgetpu,ImageNet16-120,32.366665,0.363484,0.500243,15853
26,14,7273,edgetpu,ImageNet16-120,42.966667,0.550014,0.500243,15853
26,14,550,edgetpu,ImageNet16-120,33.177776,0.391468,0.500243,15853
26,14,15363,edgetpu,ImageNet16-120,44.333332,0.582280,0.500243,15853
26,14,4988,edgetpu,ImageNet16-120,28.933332,0.360694,0.500243,15853
26,14,15014,edgetpu,ImageNet16-120,28.266666,0.358110,0.500243,15853
26,14,10017,edgetpu,ImageNet16-120,40.566666,0.524950,0.500243,15853
26,14,14662,edgetpu,ImageNet16-120,41.166668,0.547835,0.500243,15853
26,14,857,edgetpu,ImageNet16-120,47.311110,0.997730,0.500243,15853
26,14,13769,edgetpu,ImageNet16-120,41.555557,0.549360,0.500243,15853
26,14,5724,edgetpu,ImageNet16-120,28.366667,0.359987,0.500243,15853
26,14,11885,edgetpu,ImageNet16-120,39.166668,0.427395,0.500243,15853
26,14,10332,edgetpu,ImageNet16-120,40.033333,0.516152,0.500243,15853
26,14,4160,edgetpu,ImageNet16-120,39.833332,0.430355,0.500243,15853
26,14,7396,edgetpu,ImageNet16-120,40.177776,0.517218,0.500243,15853
26,14,779,edgetpu,ImageNet16-120,32.700000,0.366534,0.500243,15853
26,14,15383,edgetpu,ImageNet16-120,47.033333,0.780914,0.500243,15853
26,14,12231,edgetpu,ImageNet16-120,40.200000,0.518358,0.500243,15853
26,15,735,eyeriss,ImageNet16-120,38.544445,0.607360,0.508462,16534
26,15,8853,eyeriss,ImageNet16-120,45.600000,1.037440,0.508462,16534
26,15,14417,eyeriss,ImageNet16-120,45.900000,1.098880,0.508462,16534
26,15,6854,eyeriss,ImageNet16-120,40.800000,0.668800,0.508462,16534
26,15,15383,eyeriss,ImageNet16-120,47.033333,1.283200,0.508462,16534
26,15,2835,eyeriss,ImageNet16-120,38.222220,0.545920,0.508462,16534
26,15,1939,eyeriss,ImageNet16-120,45.077778,0.976000,0.508462,16534
26,15,6787,eyeriss,ImageNet16-120,44.400000,0.914560,0.508462,16534
26,15,8008,eyeriss,ImageNet16-120,43.500000,0.853120,0.508462,16534
26,15,4988,eyeriss,ImageNet16-120,28.933332,0.423040,0.508462,16534
26,15,857,eyeriss,ImageNet16-120,47.311110,1.651840,0.508462,16534
26,15,4829,eyeriss,ImageNet16-120,34.200000,0.484480,0.508462,16534
26,16,14748,fpga,ImageNet16-120,44.900000,0.995200,0.494993,16339
26,16,15383,fpga,ImageNet16-120,47.033333,1.504000,0.494993,16339
26,16,2835,fpga,ImageNet16-120,38.222220,0.546720,0.494993,16339
26,16,1939,fpga,ImageNet16-120,45.077778,1.062400,0.494993,16339
26,16,8008,fpga,ImageNet16-120,43.500000,0.876800,0.494993,16339
26,16,6787,fpga,ImageNet16-120,44.400000,0.969600,0.494993,16339
26,16,6854,fpga,ImageNet16-120,40.800000,0.809120,0.494993,16339
26,16,5793,fpga,ImageNet16-120,35.033333,0.517920,0.494993,16339
26,16,8853,fpga,ImageNet16-120,45.600000,1.155200,0.494993,16339
26,16,6868,fpga,ImageNet16-120,39.000000,0.649120,0.494993,16339
26,16,10017,fpga,ImageNet16-120,40.566666,0.784000,0.494993,16339
26,16,4829,fpga,ImageNet16-120,34.200000,0.415520,0.494993,16339
26,16,4988,fpga,ImageNet16-120,28.933332,0.284320,0.494993,16339
26,16,14417,fpga,ImageNet16-120,45.900000,1.276320,0.494993,16339
26,16,12452,fpga,ImageNet16-120,40.533333,0.780320,0.494993,16339
26,16,857,fpga,ImageNet16-120,47.311110,2.038400,0.494993,16339
26,17,10154,pixel3,ImageNet16-120,46.133335,4.783700,0.675683,16311
26,17,12466,pixel3,ImageNet16-120,46.100000,4.680280,0.675683,16311
26,17,735,pixel3,ImageNet16-120,38.544445,1.107950,0.675683,16311
26,17,6854,pixel3,ImageNet16-120,40.800000,1.621620,0.675683,16311
26,17,1549,pixel3,ImageNet16-120,28.655556,0.424747,0.675683,16311
26,17,12452,pixel3,ImageNet16-120,40.533333,1.504410,0.675683,16311
26,17,11000,pixel3,ImageNet16-120,44.866665,2.962520,0.675683,16311
26,17,4988,pixel3,ImageNet16-120,28.933332,0.485996,0.675683,16311
26,17,1204,pixel3,ImageNet16-120,37.844444,0.864966,0.675683,16311
26,17,758,pixel3,ImageNet16-120,28.333334,0.422134,0.675683,16311
26,17,2018,pixel3,ImageNet16-120,46.433334,4.949210,0.675683,16311
26,17,4432,pixel3,ImageNet16-120,37.800000,0.861157,0.675683,16311
26,17,12639,pixel3,ImageNet16-120,40.400000,1.304440,0.675683,16311
26,17,4384,pixel3,ImageNet16-120,28.133333,0.421612,0.675683,16311
26,17,14417,pixel3,ImageNet16-120,45.900000,4.143030,0.675683,16311
26,17,1110,pixel3,ImageNet16-120,28.600000,0.423927,0.675683,16311
26,17,15446,pixel3,ImageNet16-120,45.766666,3.439380,0.675683,16311
26,17,1939,pixel3,ImageNet16-120,45.077778,3.021500,0.675683,16311
26,17,15383,pixel3,ImageNet16-120,47.033333,5.191720,0.675683,16311
26,17,8954,pixel3,ImageNet16-120,28.733334,0.424855,0.675683,16311
26,17,12424,pixel3,ImageNet16-120,43.133330,2.470150,0.675683,16311
26,17,13756,pixel3,ImageNet16-120,0.833333,0.005289,0.675683,16311
26,17,11079,pixel3,ImageNet16-120,43.566666,2.479610,0.675683,16311
26,17,4587,pixel3,ImageNet16-120,28.800000,0.445767,0.675683,16311
26,17,4977,pixel3,ImageNet16-120,32.966667,0.617991,0.675683,16311
26,17,857,pixel3,ImageNet16-120,47.311110,6.686850,0.675683,16311
26,17,8584,pixel3,ImageNet16-120,34.088890,0.664046,0.675683,16311
26,17,2835,pixel3,ImageNet16-120,38.222220,0.868646,0.675683,16311
26,17,4895,pixel3,ImageNet16-120,33.200000,0.619070,0.675683,16311
26,17,6014,pixel3,ImageNet16-120,28.533333,0.423391,0.675683,16311
26,17,2899,pixel3,ImageNet16-120,43.911110,2.701210,0.675683,16311
26,17,1425,pixel3,ImageNet16-120,45.977780,4.619290,0.675683,16311
26,17,2002,pixel3,ImageNet16-120,32.277780,0.617751,0.675683,16311
26,17,1860,pixel3,ImageNet16-120,28.433332,0.422587,0.675683,16311
26,17,3728,pixel3,ImageNet16-120,28.500000,0.422880,0.675683,16311
26,17,13059,pixel3,ImageNet16-120,34.266666,0.668679,0.675683,16311
26,17,4004,pixel3,ImageNet16-120,42.811110,2.467510,0.675683,16311
26,17,8683,pixel3,ImageNet16-120,44.200000,2.711960,0.675683,16311
26,17,872,pixel3,ImageNet16-120,41.777780,2.465030,0.675683,16311
26,17,12355,pixel3,ImageNet16-120,45.033333,2.989390,0.675683,16311
26,17,898,pixel3,ImageNet16-120,42.466667,2.467210,0.675683,16311
26,18,15363,raspi4,ImageNet16-120,44.333332,4.480516,0.634761,16213
26,18,933,raspi4,ImageNet16-120,0.833333,0.011514,0.634761,16213
26,18,2018,raspi4,ImageNet16-120,46.433334,7.482383,0.634761,16213
26,18,735,raspi4,ImageNet16-120,38.544445,2.911079,0.634761,16213
26,18,8355,raspi4,ImageNet16-120,39.666668,3.083286,0.634761,16213
26,18,9032,raspi4,ImageNet16-120,38.016666,2.201532,0.634761,16213
26,18,8447,raspi4,ImageNet16-120,40.011112,3.156609,0.634761,16213
26,18,7187,raspi4,ImageNet16-120,28.683332,0.952790,0.634761,16213
26,18,1188,raspi4,ImageNet16-120,32.455555,1.526725,0.634761,16213
26,18,11209,raspi4,ImageNet16-120,33.266666,1.580655,0.634761,16213
26,18,4988,raspi4,ImageNet16-120,28.933332,1.003251,0.634761,16213
26,18,13931,raspi4,ImageNet16-120,28.788889,0.956195,0.634761,16213
26,18,14792,raspi4,ImageNet16-120,43.033333,3.792447,0.634761,16213
26,18,219,raspi4,ImageNet16-120,42.500000,3.768475,0.634761,16213
26,18,14417,raspi4,ImageNet16-120,45.900000,6.948865,0.634761,16213
26,18,12505,raspi4,ImageNet16-120,39.283333,3.062432,0.634761,16213
26,18,5637,raspi4,ImageNet16-120,33.933334,1.580707,0.634761,16213
26,18,10017,raspi4,ImageNet16-120,40.566666,3.181383,0.634761,16213
26,18,1204,raspi4,ImageNet16-120,37.844444,2.199356,0.634761,16213
26,18,6854,raspi4,ImageNet16-120,40.800000,3.661016,0.634761,16213
26,18,3960,raspi4,ImageNet16-120,37.755554,2.197980,0.634761,16213
26,18,10472,raspi4,ImageNet16-120,39.633335,3.079679,0.634761,16213
26,18,857,raspi4,ImageNet16-120,47.311110,9.020064,0.634761,16213
26,18,8736,raspi4,ImageNet16-120,45.700000,6.658077,0.634761,16213
26,18,11946,raspi4,ImageNet16-120,28.200000,0.940293,0.634761,16213
26,18,9496,raspi4,ImageNet16-120,38.200000,2.204048,0.634761,16213
26,18,15383,raspi4,ImageNet16-120,47.033333,8.565354,0.634761,16213
26,18,3650,raspi4,ImageNet16-120,43.866665,4.475790,0.634761,16213
26,18,11079,raspi4,ImageNet16-120,43.566666,3.802027,0.634761,16213
26,18,5530,raspi4,ImageNet16-120,42.577778,3.785925,0.634761,16213
26,18,1939,raspi4,ImageNet16-120,45.077778,5.341908,0.634761,16213
26,18,4995,raspi4,ImageNet16-120,42.166668,3.766336,0.634761,16213
26,18,11584,raspi4,ImageNet16-120,46.666668,8.014434,0.634761,16213
26,18,13771,raspi4,ImageNet16-120,32.744446,1.533813,0.634761,16213
26,18,10835,raspi4,ImageNet16-120,45.233334,6.632419,0.634761,16213
26,18,2779,raspi4,ImageNet16-120,37.355556,2.190654,0.634761,16213
26,18,1413,raspi4,ImageNet16-120,42.711113,3.788479,0.634761,16213
26,18,8884,raspi4,ImageNet16-120,45.033333,5.293177,0.634761,16213
26,18,13059,raspi4,ImageNet16-120,34.266666,1.595651,0.634761,16213
26,18,3782,raspi4,ImageNet16-120,41.866665,3.755286,0.634761,16213
26,18,6336,raspi4,ImageNet16-120,39.366665,3.073392,0.634761,16213
26,18,8584,raspi4,ImageNet16-120,34.088890,1.586268,0.634761,16213
26,18,7357,raspi4,ImageNet16-120,44.666668,4.480689,0.634761,16213
26,18,380,raspi4,ImageNet16-120,38.900000,3.038936,0.634761,16213
26,18,5973,raspi4,ImageNet16-120,40.100000,3.159922,0.634761,16213
26,18,3431,raspi4,ImageNet16-120,32.966667,1.536690,0.634761,16213
26,18,10167,raspi4,ImageNet16-120,39.944443,3.106316,0.634761,16213
26,18,15107,raspi4,ImageNet16-120,39.800000,3.083329,0.634761,16213
26,18,14677,raspi4,ImageNet16-120,33.233334,1.537227,0.634761,16213
26,18,10217,raspi4,ImageNet16-120,45.100000,6.109362,0.634761,16213
27,1,11810,edgegpu,cifar10,92.780000,1.992798,0.512150,16395
27,1,13401,edgegpu,cifar10,87.010000,1.457009,0.512150,16395
27,1,6950,edgegpu,cifar10,92.000000,1.738467,0.512150,16395
27,1,5780,edgegpu,cifar10,93.980000,3.361888,0.512150,16395
27,1,2053,edgegpu,cifar10,94.206665,5.482254,0.512150,16395
27,1,5400,edgegpu,cifar10,86.630000,1.427460,0.512150,16395
27,1,13714,edgegpu,cifar10,94.373340,6.772180,0.512150,16395
27,1,2776,edgegpu,cifar10,93.666664,3.331194,0.512150,16395
27,1,10484,edgegpu,cifar10,93.810000,3.354015,0.512150,16395
27,1,258,edgegpu,cifar10,93.640000,3.307109,0.512150,16395
27,1,6330,edgegpu,cifar10,94.006670,4.384699,0.512150,16395
27,1,14090,edgegpu,cifar10,92.086670,1.749086,0.512150,16395
27,1,561,edgegpu,cifar10,86.880000,1.451068,0.512150,16395
27,1,11438,edgegpu,cifar10,92.500000,1.846719,0.512150,16395
27,1,14407,edgegpu,cifar10,86.770000,1.440282,0.512150,16395
27,1,14527,edgegpu,cifar10,86.765000,1.439619,0.512150,16395
27,1,1339,edgegpu,cifar10,92.136665,1.751881,0.512150,16395
27,1,6499,edgegpu,cifar10,93.645000,3.331041,0.512150,16395
27,1,9099,edgegpu,cifar10,93.940000,3.357520,0.512150,16395
27,1,1459,edgegpu,cifar10,94.296670,6.748991,0.512150,16395
27,1,11692,edgegpu,cifar10,94.130000,4.708362,0.512150,16395
27,1,6960,edgegpu,cifar10,92.280000,1.764450,0.512150,16395
27,1,1549,edgegpu,cifar10,86.710000,1.436324,0.512150,16395
27,1,5292,edgegpu,cifar10,94.293335,6.663151,0.512150,16395
27,1,15200,edgegpu,cifar10,10.000000,0.501385,0.512150,16395
27,2,6515,edgetpu,cifar10,93.616670,0.722858,0.536378,15903
27,2,5111,edgetpu,cifar10,94.306660,1.152010,0.536378,15903
27,2,2053,edgetpu,cifar10,94.206665,1.042178,0.536378,15903
27,2,6918,edgetpu,cifar10,87.000000,0.375819,0.536378,15903
27,2,12439,edgetpu,cifar10,86.393330,0.352159,0.536378,15903
27,2,6382,edgetpu,cifar10,93.376660,0.628638,0.536378,15903
27,2,13714,edgetpu,cifar10,94.373340,1.377865,0.536378,15903
27,2,11692,edgetpu,cifar10,94.130000,0.761100,0.536378,15903
27,2,8008,edgetpu,cifar10,93.480000,0.629746,0.536378,15903
27,2,11810,edgetpu,cifar10,92.780000,0.482879,0.536378,15903
27,2,5258,edgetpu,cifar10,88.775000,0.388629,0.536378,15903
27,2,11438,edgetpu,cifar10,92.500000,0.482393,0.536378,15903
27,2,4161,edgetpu,cifar10,89.250000,0.391221,0.536378,15903
27,2,3731,edgetpu,cifar10,94.343330,1.282820,0.536378,15903
27,2,5647,edgetpu,cifar10,89.110000,0.389378,0.536378,15903
27,2,9689,edgetpu,cifar10,93.370000,0.628386,0.536378,15903
27,2,9380,edgetpu,cifar10,89.335000,0.395662,0.536378,15903
27,2,13611,edgetpu,cifar10,92.490000,0.481826,0.536378,15903
27,2,9950,edgetpu,cifar10,93.840000,0.723767,0.536378,15903
27,2,10293,edgetpu,cifar10,86.513336,0.352328,0.536378,15903
27,2,5780,edgetpu,cifar10,93.980000,0.723967,0.536378,15903
27,2,8192,edgetpu,cifar10,93.093330,0.627745,0.536378,15903
27,2,11112,edgetpu,cifar10,92.110000,0.480732,0.536378,15903
27,2,797,edgetpu,cifar10,93.280000,0.627996,0.536378,15903
27,2,10683,edgetpu,cifar10,92.330000,0.481277,0.536378,15903
27,2,3927,edgetpu,cifar10,93.626660,0.723268,0.536378,15903
27,2,7017,edgetpu,cifar10,86.970000,0.353089,0.536378,15903
27,2,6584,edgetpu,cifar10,94.160000,0.888877,0.536378,15903
27,2,5946,edgetpu,cifar10,88.963330,0.389012,0.536378,15903
27,3,8323,eyeriss,cifar10,90.870000,2.171060,0.452815,16611
27,3,8008,eyeriss,cifar10,93.480000,3.399860,0.452815,16611
27,3,12438,eyeriss,cifar10,89.875000,1.925300,0.452815,16611
27,3,13714,eyeriss,cifar10,94.373340,7.823540,0.452815,16611
27,3,10412,eyeriss,cifar10,93.530000,3.645620,0.452815,16611
27,3,8592,eyeriss,cifar10,93.750000,3.891380,0.452815,16611
27,3,6854,eyeriss,cifar10,91.040000,2.662580,0.452815,16611
27,3,5111,eyeriss,cifar10,94.306660,5.365940,0.452815,16611
27,3,3731,eyeriss,cifar10,94.343330,6.594740,0.452815,16611
27,3,14112,eyeriss,cifar10,91.296670,2.908340,0.452815,16611
27,3,15000,eyeriss,cifar10,92.400000,3.154100,0.452815,16611
27,3,6111,eyeriss,cifar10,94.373340,7.823540,0.452815,16611
27,3,4384,eyeriss,cifar10,86.796670,1.679540,0.452815,16611
27,3,11472,eyeriss,cifar10,93.970000,4.628660,0.452815,16611
27,3,6899,eyeriss,cifar10,90.900000,2.416820,0.452815,16611
27,3,6584,eyeriss,cifar10,94.160000,4.874420,0.452815,16611
27,4,15295,fpga,cifar10,90.050000,2.057760,0.423172,16406
27,4,8008,fpga,cifar10,93.480000,2.905760,0.423172,16406
27,4,13987,fpga,cifar10,93.596664,3.420960,0.423172,16406
27,4,13611,fpga,cifar10,92.490000,2.390560,0.423172,16406
27,4,11472,fpga,cifar10,93.970000,3.648160,0.423172,16406
27,4,13714,fpga,cifar10,94.373340,6.678560,0.423172,16406
27,4,6584,fpga,cifar10,94.160000,4.163360,0.423172,16406
27,4,4384,fpga,cifar10,86.796670,1.132960,0.423172,16406
27,4,8323,fpga,cifar10,90.870000,2.163360,0.423172,16406
27,4,5111,fpga,cifar10,94.306660,5.193760,0.423172,16406
27,4,12438,fpga,cifar10,89.875000,1.648160,0.423172,16406
27,4,3731,fpga,cifar10,94.343330,5.936160,0.423172,16406
27,4,6111,fpga,cifar10,94.373340,6.678560,0.423172,16406
27,5,6854,pixel3,cifar10,91.040000,4.514220,0.666001,16249
27,5,1631,pixel3,cifar10,89.506670,1.697120,0.666001,16249
27,5,6985,pixel3,cifar10,89.940000,2.367450,0.666001,16249
27,5,4554,pixel3,cifar10,86.670000,1.114880,0.666001,16249
27,5,13987,pixel3,cifar10,93.596664,9.922680,0.666001,16249
27,5,7001,pixel3,cifar10,10.000000,0.003277,0.666001,16249
27,5,13096,pixel3,cifar10,90.700000,2.666040,0.666001,16249
27,5,2779,pixel3,cifar10,90.806660,3.102950,0.666001,16249
27,5,7197,pixel3,cifar10,90.366670,2.447670,0.666001,16249
27,5,1781,pixel3,cifar10,89.883330,1.712020,0.666001,16249
27,5,11692,pixel3,cifar10,94.130000,15.490100,0.666001,16249
27,5,10689,pixel3,cifar10,90.790000,2.669770,0.666001,16249
27,5,1943,pixel3,cifar10,93.116670,6.492030,0.666001,16249
27,5,4627,pixel3,cifar10,93.270000,7.036050,0.666001,16249
27,5,8323,pixel3,cifar10,90.870000,3.106420,0.666001,16249
27,5,5111,pixel3,cifar10,94.306660,17.584600,0.666001,16249
27,5,6918,pixel3,cifar10,87.000000,1.478790,0.666001,16249
27,5,1497,pixel3,cifar10,86.556660,1.056630,0.666001,16249
27,5,6863,pixel3,cifar10,86.740000,1.229320,0.666001,16249
27,5,8695,pixel3,cifar10,94.220000,17.564500,0.666001,16249
27,5,6899,pixel3,cifar10,90.900000,3.961410,0.666001,16249
27,5,6330,pixel3,cifar10,94.006670,11.512400,0.666001,16249
27,5,2035,pixel3,cifar10,89.670000,1.706480,0.666001,16249
27,5,13869,pixel3,cifar10,93.656670,10.634700,0.666001,16249
27,5,6382,pixel3,cifar10,93.376660,7.048190,0.666001,16249
27,5,12452,pixel3,cifar10,91.350000,5.590110,0.666001,16249
27,5,9230,pixel3,cifar10,86.580000,1.056760,0.666001,16249
27,5,7017,pixel3,cifar10,86.970000,1.403930,0.666001,16249
27,5,13171,pixel3,cifar10,93.530000,7.717220,0.666001,16249
27,5,8592,pixel3,cifar10,93.750000,10.769800,0.666001,16249
27,5,6434,pixel3,cifar10,91.080000,4.811140,0.666001,16249
27,5,2018,pixel3,cifar10,94.063330,14.960500,0.666001,16249
27,5,11972,pixel3,cifar10,91.510000,5.627010,0.666001,16249
27,5,8836,pixel3,cifar10,92.220000,6.313990,0.666001,16249
27,5,1339,pixel3,cifar10,92.136665,5.802240,0.666001,16249
27,5,6624,pixel3,cifar10,89.120000,1.670570,0.666001,16249
27,5,1941,pixel3,cifar10,93.533330,9.128690,0.666001,16249
27,5,3731,pixel3,cifar10,94.343330,23.361300,0.666001,16249
27,5,6111,pixel3,cifar10,94.373340,23.584800,0.666001,16249
27,5,1804,pixel3,cifar10,89.063330,1.579900,0.666001,16249
27,5,5224,pixel3,cifar10,88.980000,1.570360,0.666001,16249
27,5,1894,pixel3,cifar10,92.110000,5.778250,0.666001,16249
27,5,6584,pixel3,cifar10,94.160000,15.720300,0.666001,16249
27,6,1962,raspi4,cifar10,86.530000,2.529453,0.607603,16192
27,6,5111,raspi4,cifar10,94.306660,41.756905,0.607603,16192
27,6,6382,raspi4,cifar10,93.376660,21.461164,0.607603,16192
27,6,8323,raspi4,cifar10,90.870000,7.426308,0.607603,16192
27,6,3731,raspi4,cifar10,94.343330,58.070793,0.607603,16192
27,6,6985,raspi4,cifar10,89.940000,4.995646,0.607603,16192
27,6,11533,raspi4,cifar10,93.420000,21.715693,0.607603,16192
27,6,8592,raspi4,cifar10,93.750000,25.477009,0.607603,16192
27,6,6111,raspi4,cifar10,94.373340,68.404106,0.607603,16192
27,6,1690,raspi4,cifar10,86.646670,2.536549,0.607603,16192
27,6,10412,raspi4,cifar10,93.530000,25.079220,0.607603,16192
27,6,2035,raspi4,cifar10,89.670000,4.984099,0.607603,16192
27,6,2058,raspi4,cifar10,93.270000,19.484835,0.607603,16192
27,6,1941,raspi4,cifar10,93.533330,25.121769,0.607603,16192
27,6,8008,raspi4,cifar10,93.480000,22.571420,0.607603,16192
27,6,12639,raspi4,cifar10,90.990000,11.857850,0.607603,16192
27,6,11692,raspi4,cifar10,94.130000,37.583630,0.607603,16192
27,6,13846,raspi4,cifar10,90.720000,7.176163,0.607603,16192
27,6,11972,raspi4,cifar10,91.510000,12.403558,0.607603,16192
27,6,9380,raspi4,cifar10,89.335000,4.875613,0.607603,16192
27,6,14677,raspi4,cifar10,88.670000,4.755260,0.607603,16192
27,6,7017,raspi4,cifar10,86.970000,2.544041,0.607603,16192
27,6,14565,raspi4,cifar10,88.880000,4.781183,0.607603,16192
27,6,12505,raspi4,cifar10,92.150000,16.747276,0.607603,16192
27,6,6918,raspi4,cifar10,87.000000,2.787590,0.607603,16192
27,6,9271,raspi4,cifar10,89.250000,4.830311,0.607603,16192
27,6,5780,raspi4,cifar10,93.980000,34.928463,0.607603,16192
27,6,8426,raspi4,cifar10,93.840000,31.394428,0.607603,16192
27,6,12238,raspi4,cifar10,91.690000,16.046099,0.607603,16192
27,6,1804,raspi4,cifar10,89.063330,4.791845,0.607603,16192
27,6,11810,raspi4,cifar10,92.780000,18.619905,0.607603,16192
27,6,6960,raspi4,cifar10,92.280000,17.162752,0.607603,16192
27,6,12385,raspi4,cifar10,91.990000,16.485830,0.607603,16192
27,6,13611,raspi4,cifar10,92.490000,18.523302,0.607603,16192
27,6,4210,raspi4,cifar10,89.030000,4.782748,0.607603,16192
27,6,6577,raspi4,cifar10,10.000000,0.011297,0.607603,16192
27,6,6868,raspi4,cifar10,90.880000,10.226877,0.607603,16192
27,7,9922,edgegpu,cifar100,58.560000,1.428552,0.548865,16366
27,7,2778,edgegpu,cifar100,72.993330,6.134028,0.548865,16366
27,7,2304,edgegpu,cifar100,58.660000,1.440253,0.548865,16366
27,7,9930,edgegpu,cifar100,73.513336,6.803060,0.548865,16366
27,7,1425,edgegpu,cifar100,72.093330,5.310225,0.548865,16366
27,7,4954,edgegpu,cifar100,73.000000,6.669736,0.548865,16366
27,7,4418,edgegpu,cifar100,72.746666,5.352364,0.548865,16366
27,7,8401,edgegpu,cifar100,71.080000,3.302102,0.548865,16366
27,7,12415,edgegpu,cifar100,71.940000,4.828467,0.548865,16366
27,7,9997,edgegpu,cifar100,71.520000,3.466139,0.548865,16366
27,7,11810,edgegpu,cifar100,68.300000,1.779551,0.548865,16366
27,7,6124,edgegpu,cifar100,68.360000,3.185835,0.548865,16366
27,7,11067,edgegpu,cifar100,58.186670,1.427836,0.548865,16366
27,7,14677,edgegpu,cifar100,62.420000,1.746187,0.548865,16366
27,7,6381,edgegpu,cifar100,66.800000,1.753340,0.548865,16366
27,7,1509,edgegpu,cifar100,1.000000,0.505853,0.548865,16366
27,7,8912,edgegpu,cifar100,59.200000,1.441355,0.548865,16366
27,7,3888,edgegpu,cifar100,73.260000,6.797867,0.548865,16366
27,7,11885,edgegpu,cifar100,68.040000,1.776652,0.548865,16366
27,7,1038,edgegpu,cifar100,67.500000,1.758428,0.548865,16366
27,8,8401,edgetpu,cifar100,71.080000,0.728572,0.565136,16112
27,8,9271,edgetpu,cifar100,63.400000,0.393151,0.565136,16112
27,8,12574,edgetpu,cifar100,72.740000,0.932430,0.565136,16112
27,8,9930,edgetpu,cifar100,73.513336,1.454107,0.565136,16112
27,8,4418,edgetpu,cifar100,72.746666,1.093699,0.565136,16112
27,8,777,edgetpu,cifar100,58.650000,0.355588,0.565136,16112
27,8,9997,edgetpu,cifar100,71.520000,0.729986,0.565136,16112
27,8,577,edgetpu,cifar100,69.680000,0.635228,0.565136,16112
27,8,8912,edgetpu,cifar100,59.200000,0.377698,0.565136,16112
27,8,781,edgetpu,cifar100,67.960000,0.487922,0.565136,16112
27,8,5019,edgetpu,cifar100,58.880000,0.357058,0.565136,16112
27,8,797,edgetpu,cifar100,69.580000,0.633351,0.565136,16112
27,8,2705,edgetpu,cifar100,62.813330,0.393026,0.565136,16112
27,8,14945,edgetpu,cifar100,58.500000,0.354940,0.565136,16112
27,8,3303,edgetpu,cifar100,62.420000,0.392593,0.565136,16112
27,8,10443,edgetpu,cifar100,68.300000,0.489020,0.565136,16112
27,8,8638,edgetpu,cifar100,58.860000,0.356631,0.565136,16112
27,8,1110,edgetpu,cifar100,58.840000,0.355938,0.565136,16112
27,8,10000,edgetpu,cifar100,73.160000,1.283461,0.565136,16112
27,8,857,edgetpu,cifar100,72.880000,1.264168,0.565136,16112
27,8,1425,edgetpu,cifar100,72.093330,0.910660,0.565136,16112
27,8,13829,edgetpu,cifar100,66.873340,0.485137,0.565136,16112
27,8,12415,edgetpu,cifar100,71.940000,0.872299,0.565136,16112
27,8,11533,edgetpu,cifar100,69.760000,0.635877,0.565136,16112
27,8,12761,edgetpu,cifar100,72.860000,1.225212,0.565136,16112
27,8,3888,edgetpu,cifar100,73.260000,1.316226,0.565136,16112
27,8,15363,edgetpu,cifar100,70.520000,0.676394,0.565136,16112
27,8,6946,edgetpu,cifar100,67.500000,0.486233,0.565136,16112
27,8,1383,edgetpu,cifar100,70.273330,0.673722,0.565136,16112
27,8,4659,edgetpu,cifar100,70.060000,0.636433,0.565136,16112
27,8,12607,edgetpu,cifar100,62.600000,0.392830,0.565136,16112
27,8,1943,edgetpu,cifar100,69.626660,0.634759,0.565136,16112
27,8,69,edgetpu,cifar100,71.020000,0.727259,0.565136,16112
27,8,4155,edgetpu,cifar100,62.306667,0.391442,0.565136,16112
27,8,1996,edgetpu,cifar100,67.820000,0.486748,0.565136,16112
27,9,5651,eyeriss,cifar100,64.690000,1.928320,0.468387,16716
27,9,14112,eyeriss,cifar100,68.386665,2.911360,0.468387,16716
27,9,3888,eyeriss,cifar100,73.260000,6.597760,0.468387,16716
27,9,4659,eyeriss,cifar100,70.060000,3.402880,0.468387,16716
27,9,12574,eyeriss,cifar100,72.740000,5.123200,0.468387,16716
27,9,5084,eyeriss,cifar100,58.813330,1.682560,0.468387,16716
27,9,12820,eyeriss,cifar100,67.720000,2.419840,0.468387,16716
27,9,6925,eyeriss,cifar100,71.220000,3.894400,0.468387,16716
27,9,10689,eyeriss,cifar100,67.500000,2.174080,0.468387,16716
27,9,11301,eyeriss,cifar100,68.220000,2.665600,0.468387,16716
27,9,14714,eyeriss,cifar100,71.280000,4.140160,0.468387,16716
27,9,6787,eyeriss,cifar100,70.720000,3.648640,0.468387,16716
27,9,3540,eyeriss,cifar100,71.500000,4.877440,0.468387,16716
27,9,12761,eyeriss,cifar100,72.860000,6.352000,0.468387,16716
27,9,9930,eyeriss,cifar100,73.513336,9.055360,0.468387,16716
27,10,5084,fpga,cifar100,58.813330,1.132960,0.451107,16210
27,10,5725,fpga,cifar100,70.600000,3.420960,0.451107,16210
27,10,9930,fpga,cifar100,73.513336,7.420960,0.451107,16210
27,10,6925,fpga,cifar100,71.220000,3.936160,0.451107,16210
27,10,5651,fpga,cifar100,64.690000,1.648160,0.451107,16210
27,10,12761,fpga,cifar100,72.860000,5.420960,0.451107,16210
27,10,15033,fpga,cifar100,67.793335,2.390560,0.451107,16210
27,10,3540,fpga,cifar100,71.500000,4.163360,0.451107,16210
27,10,3888,fpga,cifar100,73.260000,5.936160,0.451107,16210
27,10,10689,fpga,cifar100,67.500000,2.163360,0.451107,16210
27,10,12574,fpga,cifar100,72.740000,4.678560,0.451107,16210
27,10,4249,fpga,cifar100,65.080000,2.057760,0.451107,16210
27,10,5033,fpga,cifar100,59.060000,1.542560,0.451107,16210
27,10,11973,fpga,cifar100,70.340000,2.905760,0.451107,16210
27,10,12295,fpga,cifar100,71.160000,3.648160,0.451107,16210
27,10,6830,fpga,cifar100,71.460000,4.057760,0.451107,16210
27,10,5743,fpga,cifar100,67.800000,2.800160,0.451107,16210
27,10,9997,fpga,cifar100,71.520000,4.572960,0.451107,16210
27,11,898,pixel3,cifar100,70.000000,6.516140,0.595513,16370
27,11,12970,pixel3,cifar100,68.140000,4.782110,0.595513,16370
27,11,1090,pixel3,cifar100,65.220000,2.811310,0.595513,16370
27,11,858,pixel3,cifar100,64.133330,2.003500,0.595513,16370
27,11,777,pixel3,cifar100,58.650000,1.087020,0.595513,16370
27,11,8912,pixel3,cifar100,59.200000,1.478790,0.595513,16370
27,11,3888,pixel3,cifar100,73.260000,23.477200,0.595513,16370
27,11,15363,pixel3,cifar100,70.520000,9.708640,0.595513,16370
27,11,857,pixel3,cifar100,72.880000,19.113200,0.595513,16370
27,11,6787,pixel3,cifar100,70.720000,9.854430,0.595513,16370
27,11,8638,pixel3,cifar100,58.860000,1.478570,0.595513,16370
27,11,6337,pixel3,cifar100,1.000000,0.008753,0.595513,16370
27,11,5651,pixel3,cifar100,64.690000,2.376870,0.595513,16370
27,11,14112,pixel3,cifar100,68.386665,5.745320,0.595513,16370
27,11,485,pixel3,cifar100,67.593330,4.124800,0.595513,16370
27,11,8323,pixel3,cifar100,67.080000,3.106340,0.595513,16370
27,11,1450,pixel3,cifar100,70.506670,9.337360,0.595513,16370
27,11,11301,pixel3,cifar100,68.220000,5.352090,0.595513,16370
27,11,10689,pixel3,cifar100,67.500000,3.109220,0.595513,16370
27,11,6925,pixel3,cifar100,71.220000,10.688000,0.595513,16370
27,11,724,pixel3,cifar100,67.053340,2.875650,0.595513,16370
27,11,1459,pixel3,cifar100,73.140000,23.437900,0.595513,16370
27,11,12574,pixel3,cifar100,72.740000,16.473900,0.595513,16370
27,11,699,pixel3,cifar100,72.240000,12.079400,0.595513,16370
27,11,11000,pixel3,cifar100,71.180000,10.677600,0.595513,16370
27,11,1409,pixel3,cifar100,58.853333,1.275090,0.595513,16370
27,11,10042,pixel3,cifar100,64.880000,2.794690,0.595513,16370
27,11,1593,pixel3,cifar100,62.126667,1.582050,0.595513,16370
27,11,1416,pixel3,cifar100,64.493330,2.084060,0.595513,16370
27,11,894,pixel3,cifar100,61.933334,1.581120,0.595513,16370
27,11,1595,pixel3,cifar100,62.146667,1.665240,0.595513,16370
27,11,9930,pixel3,cifar100,73.513336,42.003600,0.595513,16370
27,11,572,pixel3,cifar100,70.313330,8.017480,0.595513,16370
27,11,779,pixel3,cifar100,62.270000,1.676580,0.595513,16370
27,11,1558,pixel3,cifar100,64.020000,1.705220,0.595513,16370
27,12,12607,raspi4,cifar100,62.600000,4.779045,0.588119,16273
27,12,15589,raspi4,cifar100,59.060000,2.795078,0.588119,16273
27,12,14612,raspi4,cifar100,58.720000,2.563505,0.588119,16273
27,12,1572,raspi4,cifar100,69.900000,19.916142,0.588119,16273
27,12,12761,raspi4,cifar100,72.860000,53.718200,0.588119,16273
27,12,14112,raspi4,cifar100,68.386665,14.423308,0.588119,16273
27,12,12574,raspi4,cifar100,72.740000,36.371254,0.588119,16273
27,12,9271,raspi4,cifar100,63.400000,4.800893,0.588119,16273
27,12,2222,raspi4,cifar100,58.313330,2.538255,0.588119,16273
27,12,6822,raspi4,cifar100,58.426666,2.558594,0.588119,16273
27,12,7891,raspi4,cifar100,67.550000,12.536592,0.588119,16273
27,12,6787,raspi4,cifar100,70.720000,23.081835,0.588119,16273
27,12,375,raspi4,cifar100,64.440000,5.099302,0.588119,16273
27,12,5208,raspi4,cifar100,67.413330,9.665987,0.588119,16273
27,12,12915,raspi4,cifar100,66.950000,7.226311,0.588119,16273
27,12,3888,raspi4,cifar100,73.260000,55.029520,0.588119,16273
27,12,6925,raspi4,cifar100,71.220000,24.195030,0.588119,16273
27,12,4409,raspi4,cifar100,67.173330,7.228629,0.588119,16273
27,12,10222,raspi4,cifar100,58.860000,2.747804,0.588119,16273
27,12,9895,raspi4,cifar100,69.400000,19.211880,0.588119,16273
27,12,15363,raspi4,cifar100,70.520000,21.809430,0.588119,16273
27,12,898,raspi4,cifar100,70.000000,21.506163,0.588119,16273
27,12,1357,raspi4,cifar100,67.480000,10.177114,0.588119,16273
27,12,10042,raspi4,cifar100,64.880000,5.100886,0.588119,16273
27,12,8720,raspi4,cifar100,64.130000,5.082239,0.588119,16273
27,12,13430,raspi4,cifar100,66.700000,7.203785,0.588119,16273
27,12,2035,raspi4,cifar100,63.926666,5.005698,0.588119,16273
27,12,8912,raspi4,cifar100,59.200000,2.818969,0.588119,16273
27,12,9997,raspi4,cifar100,71.520000,34.996710,0.588119,16273
27,12,8740,raspi4,cifar100,1.000000,0.015215,0.588119,16273
27,12,4498,raspi4,cifar100,64.086670,5.022347,0.588119,16273
27,12,14714,raspi4,cifar100,71.280000,24.692347,0.588119,16273
27,12,7030,raspi4,cifar100,69.600000,19.218203,0.588119,16273
27,12,3487,raspi4,cifar100,70.093330,21.603350,0.588119,16273
27,12,9930,raspi4,cifar100,73.513336,71.152000,0.588119,16273
27,12,4418,raspi4,cifar100,72.746666,47.162354,0.588119,16273
27,13,4587,edgegpu,ImageNet16-120,28.800000,1.445131,0.573989,16425
27,13,7760,edgegpu,ImageNet16-120,39.100000,1.743751,0.573989,16425
27,13,5751,edgegpu,ImageNet16-120,40.044445,2.434626,0.573989,16425
27,13,12415,edgegpu,ImageNet16-120,46.566666,4.667692,0.573989,16425
27,13,10947,edgegpu,ImageNet16-120,39.944443,1.909800,0.573989,16425
27,13,8426,edgegpu,ImageNet16-120,44.633335,3.370147,0.573989,16425
27,13,11217,edgegpu,ImageNet16-120,43.466667,3.316708,0.573989,16425
27,13,4946,edgegpu,ImageNet16-120,44.700000,3.490419,0.573989,16425
27,13,8401,edgegpu,ImageNet16-120,43.833332,3.322444,0.573989,16425
27,13,8884,edgegpu,ImageNet16-120,45.033333,3.499999,0.573989,16425
27,13,9586,edgegpu,ImageNet16-120,46.933334,5.222673,0.573989,16425
27,13,4160,edgegpu,ImageNet16-120,39.833332,1.756272,0.573989,16425
27,13,9722,edgegpu,ImageNet16-120,44.000000,3.327813,0.573989,16425
27,13,14840,edgegpu,ImageNet16-120,45.311110,4.224715,0.573989,16425
27,13,7187,edgegpu,ImageNet16-120,28.683332,1.443858,0.573989,16425
27,13,13760,edgegpu,ImageNet16-120,32.333332,1.739759,0.573989,16425
27,13,1164,edgegpu,ImageNet16-120,28.522223,1.435223,0.573989,16425
27,13,6950,edgegpu,ImageNet16-120,38.700000,1.740150,0.573989,16425
27,13,15288,edgegpu,ImageNet16-120,28.422222,1.417041,0.573989,16425
27,13,14117,edgegpu,ImageNet16-120,28.677778,1.435547,0.573989,16425
27,13,454,edgegpu,ImageNet16-120,41.277780,3.303313,0.573989,16425
27,13,2650,edgegpu,ImageNet16-120,42.433334,3.309817,0.573989,16425
27,13,4988,edgegpu,ImageNet16-120,28.933332,1.448212,0.573989,16425
27,13,14612,edgegpu,ImageNet16-120,28.488890,1.434064,0.573989,16425
27,13,13411,edgegpu,ImageNet16-120,31.855556,1.736240,0.573989,16425
27,13,4332,edgegpu,ImageNet16-120,39.444443,1.745496,0.573989,16425
27,13,857,edgegpu,ImageNet16-120,47.311110,6.707663,0.573989,16425
27,13,15376,edgegpu,ImageNet16-120,0.833333,0.533953,0.573989,16425
27,13,15159,edgegpu,ImageNet16-120,45.566666,4.632421,0.573989,16425
27,13,12081,edgegpu,ImageNet16-120,40.233334,2.730479,0.573989,16425
27,13,15383,edgegpu,ImageNet16-120,47.033333,6.262836,0.573989,16425
27,14,5674,edgetpu,ImageNet16-120,39.650000,0.428605,0.504413,15852
27,14,7357,edgetpu,ImageNet16-120,44.666668,0.600498,0.504413,15852
27,14,13972,edgetpu,ImageNet16-120,31.933332,0.363440,0.504413,15852
27,14,857,edgetpu,ImageNet16-120,47.311110,0.997730,0.504413,15852
27,14,14677,edgetpu,ImageNet16-120,33.233334,0.364575,0.504413,15852
27,14,4160,edgetpu,ImageNet16-120,39.833332,0.430355,0.504413,15852
27,14,11282,edgetpu,ImageNet16-120,39.633335,0.428409,0.504413,15852
27,14,4627,edgetpu,ImageNet16-120,43.500000,0.552306,0.504413,15852
27,14,10167,edgetpu,ImageNet16-120,39.944443,0.444058,0.504413,15852
27,14,6407,edgetpu,ImageNet16-120,32.333332,0.363748,0.504413,15852
27,14,6520,edgetpu,ImageNet16-120,32.383335,0.363944,0.504413,15852
27,14,3236,edgetpu,ImageNet16-120,40.044445,0.517540,0.504413,15852
27,14,15107,edgetpu,ImageNet16-120,39.800000,0.430284,0.504413,15852
27,14,12415,edgetpu,ImageNet16-120,46.566666,0.710906,0.504413,15852
27,14,3540,edgetpu,ImageNet16-120,45.122223,0.648670,0.504413,15852
27,14,14840,edgetpu,ImageNet16-120,45.311110,0.666690,0.504413,15852
27,14,10888,edgetpu,ImageNet16-120,28.333334,0.359044,0.504413,15852
27,14,13769,edgetpu,ImageNet16-120,41.555557,0.549360,0.504413,15852
27,14,8884,edgetpu,ImageNet16-120,45.033333,0.615792,0.504413,15852
27,14,70,edgetpu,ImageNet16-120,39.377777,0.428228,0.504413,15852
27,14,7431,edgetpu,ImageNet16-120,32.577778,0.363954,0.504413,15852
27,14,4988,edgetpu,ImageNet16-120,28.933332,0.360694,0.504413,15852
27,14,10332,edgetpu,ImageNet16-120,40.033333,0.516152,0.504413,15852
27,14,6950,edgetpu,ImageNet16-120,38.700000,0.427379,0.504413,15852
27,14,11079,edgetpu,ImageNet16-120,43.566666,0.552430,0.504413,15852
27,14,7273,edgetpu,ImageNet16-120,42.966667,0.550014,0.504413,15852
27,14,13931,edgetpu,ImageNet16-120,28.788889,0.360349,0.504413,15852
27,14,11885,edgetpu,ImageNet16-120,39.166668,0.427395,0.504413,15852
27,14,7750,edgetpu,ImageNet16-120,43.066666,0.551617,0.504413,15852
27,14,4830,edgetpu,ImageNet16-120,42.233334,0.549457,0.504413,15852
27,14,15363,edgetpu,ImageNet16-120,44.333332,0.582280,0.504413,15852
27,14,7837,edgetpu,ImageNet16-120,32.111110,0.363571,0.504413,15852
27,14,14662,edgetpu,ImageNet16-120,41.166668,0.547835,0.504413,15852
27,14,8447,edgetpu,ImageNet16-120,40.011112,0.514586,0.504413,15852
27,14,9689,edgetpu,ImageNet16-120,42.533333,0.549702,0.504413,15852
27,14,15383,edgetpu,ImageNet16-120,47.033333,0.780914,0.504413,15852
27,14,15014,edgetpu,ImageNet16-120,28.266666,0.358110,0.504413,15852
27,14,5530,edgetpu,ImageNet16-120,42.577778,0.549937,0.504413,15852
27,14,10017,edgetpu,ImageNet16-120,40.566666,0.524950,0.504413,15852
27,15,15383,eyeriss,ImageNet16-120,47.033333,1.283200,0.469739,16568
27,15,8853,eyeriss,ImageNet16-120,45.600000,1.037440,0.469739,16568
27,15,6787,eyeriss,ImageNet16-120,44.400000,0.914560,0.469739,16568
27,15,2835,eyeriss,ImageNet16-120,38.222220,0.545920,0.469739,16568
27,15,1939,eyeriss,ImageNet16-120,45.077778,0.976000,0.469739,16568
27,15,14417,eyeriss,ImageNet16-120,45.900000,1.098880,0.469739,16568
27,15,735,eyeriss,ImageNet16-120,38.544445,0.607360,0.469739,16568
27,15,6854,eyeriss,ImageNet16-120,40.800000,0.668800,0.469739,16568
27,15,8008,eyeriss,ImageNet16-120,43.500000,0.853120,0.469739,16568
27,15,857,eyeriss,ImageNet16-120,47.311110,1.651840,0.469739,16568
27,15,4829,eyeriss,ImageNet16-120,34.200000,0.484480,0.469739,16568
27,15,4988,eyeriss,ImageNet16-120,28.933332,0.423040,0.469739,16568
27,16,857,fpga,ImageNet16-120,47.311110,2.038400,0.508014,16375
27,16,8008,fpga,ImageNet16-120,43.500000,0.876800,0.508014,16375
27,16,2835,fpga,ImageNet16-120,38.222220,0.546720,0.508014,16375
27,16,1939,fpga,ImageNet16-120,45.077778,1.062400,0.508014,16375
27,16,6868,fpga,ImageNet16-120,39.000000,0.649120,0.508014,16375
27,16,14748,fpga,ImageNet16-120,44.900000,0.995200,0.508014,16375
27,16,15383,fpga,ImageNet16-120,47.033333,1.504000,0.508014,16375
27,16,6787,fpga,ImageNet16-120,44.400000,0.969600,0.508014,16375
27,16,4618,fpga,ImageNet16-120,28.544445,0.284320,0.508014,16375
27,16,6854,fpga,ImageNet16-120,40.800000,0.809120,0.508014,16375
27,16,15446,fpga,ImageNet16-120,45.766666,1.116320,0.508014,16375
27,16,5793,fpga,ImageNet16-120,35.033333,0.517920,0.508014,16375
27,16,4829,fpga,ImageNet16-120,34.200000,0.415520,0.508014,16375
27,16,10017,fpga,ImageNet16-120,40.566666,0.784000,0.508014,16375
27,16,14417,fpga,ImageNet16-120,45.900000,1.276320,0.508014,16375
27,16,7187,fpga,ImageNet16-120,28.683332,0.386720,0.508014,16375
27,16,12452,fpga,ImageNet16-120,40.533333,0.780320,0.508014,16375
27,17,12639,pixel3,ImageNet16-120,40.400000,1.304440,0.641611,16231
27,17,15383,pixel3,ImageNet16-120,47.033333,5.191720,0.641611,16231
27,17,758,pixel3,ImageNet16-120,28.333334,0.422134,0.641611,16231
27,17,1204,pixel3,ImageNet16-120,37.844444,0.864966,0.641611,16231
27,17,1939,pixel3,ImageNet16-120,45.077778,3.021500,0.641611,16231
27,17,1425,pixel3,ImageNet16-120,45.977780,4.619290,0.641611,16231
27,17,857,pixel3,ImageNet16-120,47.311110,6.686850,0.641611,16231
27,17,4587,pixel3,ImageNet16-120,28.800000,0.445767,0.641611,16231
27,17,10154,pixel3,ImageNet16-120,46.133335,4.783700,0.641611,16231
27,17,4988,pixel3,ImageNet16-120,28.933332,0.485996,0.641611,16231
27,17,6854,pixel3,ImageNet16-120,40.800000,1.621620,0.641611,16231
27,17,15446,pixel3,ImageNet16-120,45.766666,3.439380,0.641611,16231
27,17,2835,pixel3,ImageNet16-120,38.222220,0.868646,0.641611,16231
27,17,12466,pixel3,ImageNet16-120,46.100000,4.680280,0.641611,16231
27,17,4384,pixel3,ImageNet16-120,28.133333,0.421612,0.641611,16231
27,17,5487,pixel3,ImageNet16-120,38.500000,1.109150,0.641611,16231
27,17,12506,pixel3,ImageNet16-120,43.983334,2.929990,0.641611,16231
27,17,1110,pixel3,ImageNet16-120,28.600000,0.423927,0.641611,16231
27,17,14417,pixel3,ImageNet16-120,45.900000,4.143030,0.641611,16231
27,17,2018,pixel3,ImageNet16-120,46.433334,4.949210,0.641611,16231
27,17,10340,pixel3,ImageNet16-120,31.522223,0.617772,0.641611,16231
27,17,11000,pixel3,ImageNet16-120,44.866665,2.962520,0.641611,16231
27,17,1549,pixel3,ImageNet16-120,28.655556,0.424747,0.641611,16231
27,17,4432,pixel3,ImageNet16-120,37.800000,0.861157,0.641611,16231
27,17,4004,pixel3,ImageNet16-120,42.811110,2.467510,0.641611,16231
27,17,12424,pixel3,ImageNet16-120,43.133330,2.470150,0.641611,16231
27,17,8584,pixel3,ImageNet16-120,34.088890,0.664046,0.641611,16231
27,17,12452,pixel3,ImageNet16-120,40.533333,1.504410,0.641611,16231
27,17,898,pixel3,ImageNet16-120,42.466667,2.467210,0.641611,16231
27,17,4977,pixel3,ImageNet16-120,32.966667,0.617991,0.641611,16231
27,17,2899,pixel3,ImageNet16-120,43.911110,2.701210,0.641611,16231
27,17,13059,pixel3,ImageNet16-120,34.266666,0.668679,0.641611,16231
27,17,13756,pixel3,ImageNet16-120,0.833333,0.005289,0.641611,16231
27,17,11079,pixel3,ImageNet16-120,43.566666,2.479610,0.641611,16231
27,17,4675,pixel3,ImageNet16-120,33.100000,0.620036,0.641611,16231
27,17,872,pixel3,ImageNet16-120,41.777780,2.465030,0.641611,16231
27,17,6014,pixel3,ImageNet16-120,28.533333,0.423391,0.641611,16231
27,17,12516,pixel3,ImageNet16-120,32.083332,0.617816,0.641611,16231
27,17,3728,pixel3,ImageNet16-120,28.500000,0.422880,0.641611,16231
27,17,8954,pixel3,ImageNet16-120,28.733334,0.424855,0.641611,16231
27,18,6854,raspi4,ImageNet16-120,40.800000,3.661016,0.680957,16136
27,18,4988,raspi4,ImageNet16-120,28.933332,1.003251,0.680957,16136
27,18,2779,raspi4,ImageNet16-120,37.355556,2.190654,0.680957,16136
27,18,9496,raspi4,ImageNet16-120,38.200000,2.204048,0.680957,16136
27,18,735,raspi4,ImageNet16-120,38.544445,2.911079,0.680957,16136
27,18,9032,raspi4,ImageNet16-120,38.016666,2.201532,0.680957,16136
27,18,7227,raspi4,ImageNet16-120,32.533333,1.530737,0.680957,16136
27,18,13931,raspi4,ImageNet16-120,28.788889,0.956195,0.680957,16136
27,18,7357,raspi4,ImageNet16-120,44.666668,4.480689,0.680957,16136
27,18,12358,raspi4,ImageNet16-120,34.055557,1.582727,0.680957,16136
27,18,11079,raspi4,ImageNet16-120,43.566666,3.802027,0.680957,16136
27,18,13059,raspi4,ImageNet16-120,34.266666,1.595651,0.680957,16136
27,18,10217,raspi4,ImageNet16-120,45.100000,6.109362,0.680957,16136
27,18,10167,raspi4,ImageNet16-120,39.944443,3.106316,0.680957,16136
27,18,11584,raspi4,ImageNet16-120,46.666668,8.014434,0.680957,16136
27,18,1939,raspi4,ImageNet16-120,45.077778,5.341908,0.680957,16136
27,18,15107,raspi4,ImageNet16-120,39.800000,3.083329,0.680957,16136
27,18,3650,raspi4,ImageNet16-120,43.866665,4.475790,0.680957,16136
27,18,11885,raspi4,ImageNet16-120,39.166668,3.065985,0.680957,16136
27,18,10835,raspi4,ImageNet16-120,45.233334,6.632419,0.680957,16136
27,18,14417,raspi4,ImageNet16-120,45.900000,6.948865,0.680957,16136
27,18,15383,raspi4,ImageNet16-120,47.033333,8.565354,0.680957,16136
27,18,1413,raspi4,ImageNet16-120,42.711113,3.788479,0.680957,16136
27,18,3782,raspi4,ImageNet16-120,41.866665,3.755286,0.680957,16136
27,18,15363,raspi4,ImageNet16-120,44.333332,4.480516,0.680957,16136
27,18,5530,raspi4,ImageNet16-120,42.577778,3.785925,0.680957,16136
27,18,219,raspi4,ImageNet16-120,42.500000,3.768475,0.680957,16136
27,18,8355,raspi4,ImageNet16-120,39.666668,3.083286,0.680957,16136
27,18,8584,raspi4,ImageNet16-120,34.088890,1.586268,0.680957,16136
27,18,14677,raspi4,ImageNet16-120,33.233334,1.537227,0.680957,16136
27,18,3960,raspi4,ImageNet16-120,37.755554,2.197980,0.680957,16136
27,18,8736,raspi4,ImageNet16-120,45.700000,6.658077,0.680957,16136
27,18,5637,raspi4,ImageNet16-120,33.933334,1.580707,0.680957,16136
27,18,4995,raspi4,ImageNet16-120,42.166668,3.766336,0.680957,16136
27,18,1204,raspi4,ImageNet16-120,37.844444,2.199356,0.680957,16136
27,18,10017,raspi4,ImageNet16-120,40.566666,3.181383,0.680957,16136
27,18,14792,raspi4,ImageNet16-120,43.033333,3.792447,0.680957,16136
27,18,8884,raspi4,ImageNet16-120,45.033333,5.293177,0.680957,16136
27,18,1188,raspi4,ImageNet16-120,32.455555,1.526725,0.680957,16136
27,18,3687,raspi4,ImageNet16-120,34.066666,1.583497,0.680957,16136
27,18,6868,raspi4,ImageNet16-120,39.000000,2.982937,0.680957,16136
27,18,8733,raspi4,ImageNet16-120,46.600000,7.477213,0.680957,16136
27,18,13771,raspi4,ImageNet16-120,32.744446,1.533813,0.680957,16136
27,18,3431,raspi4,ImageNet16-120,32.966667,1.536690,0.680957,16136
27,18,933,raspi4,ImageNet16-120,0.833333,0.011514,0.680957,16136
27,18,6336,raspi4,ImageNet16-120,39.366665,3.073392,0.680957,16136
27,18,7187,raspi4,ImageNet16-120,28.683332,0.952790,0.680957,16136
27,18,11946,raspi4,ImageNet16-120,28.200000,0.940293,0.680957,16136
27,18,14697,raspi4,ImageNet16-120,33.900000,1.580382,0.680957,16136
27,18,9806,raspi4,ImageNet16-120,39.966667,3.162904,0.680957,16136
28,1,5780,edgegpu,cifar10,93.980000,3.361888,0.473755,16336
28,1,6960,edgegpu,cifar10,92.280000,1.764450,0.473755,16336
28,1,13401,edgegpu,cifar10,87.010000,1.457009,0.473755,16336
28,1,11692,edgegpu,cifar10,94.130000,4.708362,0.473755,16336
28,1,2776,edgegpu,cifar10,93.666664,3.331194,0.473755,16336
28,1,5400,edgegpu,cifar10,86.630000,1.427460,0.473755,16336
28,1,14407,edgegpu,cifar10,86.770000,1.440282,0.473755,16336
28,1,258,edgegpu,cifar10,93.640000,3.307109,0.473755,16336
28,1,10484,edgegpu,cifar10,93.810000,3.354015,0.473755,16336
28,1,11438,edgegpu,cifar10,92.500000,1.846719,0.473755,16336
28,1,11810,edgegpu,cifar10,92.780000,1.992798,0.473755,16336
28,1,1339,edgegpu,cifar10,92.136665,1.751881,0.473755,16336
28,1,15200,edgegpu,cifar10,10.000000,0.501385,0.473755,16336
28,1,6499,edgegpu,cifar10,93.645000,3.331041,0.473755,16336
28,1,14527,edgegpu,cifar10,86.765000,1.439619,0.473755,16336
28,1,6950,edgegpu,cifar10,92.000000,1.738467,0.473755,16336
28,1,9099,edgegpu,cifar10,93.940000,3.357520,0.473755,16336
28,1,6330,edgegpu,cifar10,94.006670,4.384699,0.473755,16336
28,1,14090,edgegpu,cifar10,92.086670,1.749086,0.473755,16336
28,1,5292,edgegpu,cifar10,94.293335,6.663151,0.473755,16336
28,1,1549,edgegpu,cifar10,86.710000,1.436324,0.473755,16336
28,1,2053,edgegpu,cifar10,94.206665,5.482254,0.473755,16336
28,1,561,edgegpu,cifar10,86.880000,1.451068,0.473755,16336
28,1,13714,edgegpu,cifar10,94.373340,6.772180,0.473755,16336
28,1,1459,edgegpu,cifar10,94.296670,6.748991,0.473755,16336
28,2,6382,edgetpu,cifar10,93.376660,0.628638,0.450798,15791
28,2,2485,edgetpu,cifar10,86.700000,0.346546,0.450798,15791
28,2,5258,edgetpu,cifar10,88.775000,0.388629,0.450798,15791
28,2,5780,edgetpu,cifar10,93.980000,0.723967,0.450798,15791
28,2,11810,edgetpu,cifar10,92.780000,0.482879,0.450798,15791
28,2,5111,edgetpu,cifar10,94.306660,1.152010,0.450798,15791
28,2,13714,edgetpu,cifar10,94.373340,1.377865,0.450798,15791
28,2,11438,edgetpu,cifar10,92.500000,0.482393,0.450798,15791
28,2,2053,edgetpu,cifar10,94.206665,1.042178,0.450798,15791
28,2,8192,edgetpu,cifar10,93.093330,0.627745,0.450798,15791
28,2,11692,edgetpu,cifar10,94.130000,0.761100,0.450798,15791
28,2,1595,edgetpu,cifar10,88.963330,0.389815,0.450798,15791
28,2,9689,edgetpu,cifar10,93.370000,0.628386,0.450798,15791
28,2,6407,edgetpu,cifar10,88.933334,0.389381,0.450798,15791
28,2,13611,edgetpu,cifar10,92.490000,0.481826,0.450798,15791
28,2,797,edgetpu,cifar10,93.280000,0.627996,0.450798,15791
28,2,11112,edgetpu,cifar10,92.110000,0.480732,0.450798,15791
28,2,4161,edgetpu,cifar10,89.250000,0.391221,0.450798,15791
28,2,10683,edgetpu,cifar10,92.330000,0.481277,0.450798,15791
28,2,8008,edgetpu,cifar10,93.480000,0.629746,0.450798,15791
28,2,9380,edgetpu,cifar10,89.335000,0.395662,0.450798,15791
28,2,9950,edgetpu,cifar10,93.840000,0.723767,0.450798,15791
28,2,5224,edgetpu,cifar10,88.980000,0.389900,0.450798,15791
28,2,7017,edgetpu,cifar10,86.970000,0.353089,0.450798,15791
28,2,10581,edgetpu,cifar10,89.015000,0.390403,0.450798,15791
28,2,3927,edgetpu,cifar10,93.626660,0.723268,0.450798,15791
28,2,10815,edgetpu,cifar10,88.970000,0.389885,0.450798,15791
28,2,3731,edgetpu,cifar10,94.343330,1.282820,0.450798,15791
28,3,11472,eyeriss,cifar10,93.970000,4.628660,0.471336,16564
28,3,13987,eyeriss,cifar10,93.596664,3.645620,0.471336,16564
28,3,4384,eyeriss,cifar10,86.796670,1.679540,0.471336,16564
28,3,6111,eyeriss,cifar10,94.373340,7.823540,0.471336,16564
28,3,13714,eyeriss,cifar10,94.373340,7.823540,0.471336,16564
28,3,5111,eyeriss,cifar10,94.306660,5.365940,0.471336,16564
28,3,6899,eyeriss,cifar10,90.900000,2.416820,0.471336,16564
28,3,8008,eyeriss,cifar10,93.480000,3.399860,0.471336,16564
28,3,3731,eyeriss,cifar10,94.343330,6.594740,0.471336,16564
28,3,14112,eyeriss,cifar10,91.296670,2.908340,0.471336,16564
28,3,8323,eyeriss,cifar10,90.870000,2.171060,0.471336,16564
28,3,8592,eyeriss,cifar10,93.750000,3.891380,0.471336,16564
28,3,6854,eyeriss,cifar10,91.040000,2.662580,0.471336,16564
28,3,12438,eyeriss,cifar10,89.875000,1.925300,0.471336,16564
28,3,13611,eyeriss,cifar10,92.490000,3.154100,0.471336,16564
28,3,6584,eyeriss,cifar10,94.160000,4.874420,0.471336,16564
28,4,11525,fpga,cifar10,90.000000,2.057760,0.449046,16433
28,4,13714,fpga,cifar10,94.373340,6.678560,0.449046,16433
28,4,4384,fpga,cifar10,86.796670,1.132960,0.449046,16433
28,4,13611,fpga,cifar10,92.490000,2.390560,0.449046,16433
28,4,5111,fpga,cifar10,94.306660,5.193760,0.449046,16433
28,4,8008,fpga,cifar10,93.480000,2.905760,0.449046,16433
28,4,11472,fpga,cifar10,93.970000,3.648160,0.449046,16433
28,4,11692,fpga,cifar10,94.130000,4.163360,0.449046,16433
28,4,12438,fpga,cifar10,89.875000,1.648160,0.449046,16433
28,4,3731,fpga,cifar10,94.343330,5.936160,0.449046,16433
28,4,8323,fpga,cifar10,90.870000,2.163360,0.449046,16433
28,4,8720,fpga,cifar10,89.875000,1.648160,0.449046,16433
28,4,6111,fpga,cifar10,94.373340,6.678560,0.449046,16433
28,4,13987,fpga,cifar10,93.596664,3.420960,0.449046,16433
28,5,6382,pixel3,cifar10,93.376660,7.048190,0.624451,16423
28,5,2779,pixel3,cifar10,90.806660,3.102950,0.624451,16423
28,5,8323,pixel3,cifar10,90.870000,3.106420,0.624451,16423
28,5,55,pixel3,cifar10,86.756670,1.057440,0.624451,16423
28,5,5111,pixel3,cifar10,94.306660,17.584600,0.624451,16423
28,5,13869,pixel3,cifar10,93.656670,10.634700,0.624451,16423
28,5,7017,pixel3,cifar10,86.970000,1.403930,0.624451,16423
28,5,13171,pixel3,cifar10,93.530000,7.717220,0.624451,16423
28,5,1781,pixel3,cifar10,89.883330,1.712020,0.624451,16423
28,5,6854,pixel3,cifar10,91.040000,4.514220,0.624451,16423
28,5,3731,pixel3,cifar10,94.343330,23.361300,0.624451,16423
28,5,8592,pixel3,cifar10,93.750000,10.769800,0.624451,16423
28,5,1941,pixel3,cifar10,93.533330,9.128690,0.624451,16423
28,5,13987,pixel3,cifar10,93.596664,9.922680,0.624451,16423
28,5,8708,pixel3,cifar10,94.080000,12.839000,0.624451,16423
28,5,4627,pixel3,cifar10,93.270000,7.036050,0.624451,16423
28,5,12452,pixel3,cifar10,91.350000,5.590110,0.624451,16423
28,5,1497,pixel3,cifar10,86.556660,1.056630,0.624451,16423
28,5,11692,pixel3,cifar10,94.130000,15.490100,0.624451,16423
28,5,5224,pixel3,cifar10,88.980000,1.570360,0.624451,16423
28,5,8695,pixel3,cifar10,94.220000,17.564500,0.624451,16423
28,5,9230,pixel3,cifar10,86.580000,1.056760,0.624451,16423
28,5,6111,pixel3,cifar10,94.373340,23.584800,0.624451,16423
28,5,7197,pixel3,cifar10,90.366670,2.447670,0.624451,16423
28,5,6985,pixel3,cifar10,89.940000,2.367450,0.624451,16423
28,5,1943,pixel3,cifar10,93.116670,6.492030,0.624451,16423
28,5,11972,pixel3,cifar10,91.510000,5.627010,0.624451,16423
28,5,2035,pixel3,cifar10,89.670000,1.706480,0.624451,16423
28,5,6918,pixel3,cifar10,87.000000,1.478790,0.624451,16423
28,5,1416,pixel3,cifar10,89.546670,1.691430,0.624451,16423
28,5,6999,pixel3,cifar10,93.820000,12.260900,0.624451,16423
28,5,1425,pixel3,cifar10,93.933334,12.536500,0.624451,16423
28,5,6434,pixel3,cifar10,91.080000,4.811140,0.624451,16423
28,5,6899,pixel3,cifar10,90.900000,3.961410,0.624451,16423
28,5,10689,pixel3,cifar10,90.790000,2.669770,0.624451,16423
28,5,8836,pixel3,cifar10,92.220000,6.313990,0.624451,16423
28,5,7001,pixel3,cifar10,10.000000,0.003277,0.624451,16423
28,5,1804,pixel3,cifar10,89.063330,1.579900,0.624451,16423
28,5,1339,pixel3,cifar10,92.136665,5.802240,0.624451,16423
28,6,13320,raspi4,cifar10,89.330000,4.889096,0.625471,16315
28,6,6918,raspi4,cifar10,87.000000,2.787590,0.625471,16315
28,6,8426,raspi4,cifar10,93.840000,31.394428,0.625471,16315
28,6,12238,raspi4,cifar10,91.690000,16.046099,0.625471,16315
28,6,6985,raspi4,cifar10,89.940000,4.995646,0.625471,16315
28,6,10412,raspi4,cifar10,93.530000,25.079220,0.625471,16315
28,6,7017,raspi4,cifar10,86.970000,2.544041,0.625471,16315
28,6,8592,raspi4,cifar10,93.750000,25.477009,0.625471,16315
28,6,13846,raspi4,cifar10,90.720000,7.176163,0.625471,16315
28,6,12639,raspi4,cifar10,90.990000,11.857850,0.625471,16315
28,6,14565,raspi4,cifar10,88.880000,4.781183,0.625471,16315
28,6,6382,raspi4,cifar10,93.376660,21.461164,0.625471,16315
28,6,8323,raspi4,cifar10,90.870000,7.426308,0.625471,16315
28,6,1962,raspi4,cifar10,86.530000,2.529453,0.625471,16315
28,6,1941,raspi4,cifar10,93.533330,25.121769,0.625471,16315
28,6,5111,raspi4,cifar10,94.306660,41.756905,0.625471,16315
28,6,6584,raspi4,cifar10,94.160000,38.818527,0.625471,16315
28,6,5780,raspi4,cifar10,93.980000,34.928463,0.625471,16315
28,6,11972,raspi4,cifar10,91.510000,12.403558,0.625471,16315
28,6,14677,raspi4,cifar10,88.670000,4.755260,0.625471,16315
28,6,4210,raspi4,cifar10,89.030000,4.782748,0.625471,16315
28,6,1804,raspi4,cifar10,89.063330,4.791845,0.625471,16315
28,6,4659,raspi4,cifar10,93.396670,22.249382,0.625471,16315
28,6,6111,raspi4,cifar10,94.373340,68.404106,0.625471,16315
28,6,1690,raspi4,cifar10,86.646670,2.536549,0.625471,16315
28,6,12505,raspi4,cifar10,92.150000,16.747276,0.625471,16315
28,6,9271,raspi4,cifar10,89.250000,4.830311,0.625471,16315
28,6,3731,raspi4,cifar10,94.343330,58.070793,0.625471,16315
28,6,7058,raspi4,cifar10,92.040000,16.469465,0.625471,16315
28,6,2058,raspi4,cifar10,93.270000,19.484835,0.625471,16315
28,6,2035,raspi4,cifar10,89.670000,4.984099,0.625471,16315
28,6,8008,raspi4,cifar10,93.480000,22.571420,0.625471,16315
28,6,13611,raspi4,cifar10,92.490000,18.523302,0.625471,16315
28,6,11810,raspi4,cifar10,92.780000,18.619905,0.625471,16315
28,6,6960,raspi4,cifar10,92.280000,17.162752,0.625471,16315
28,6,12002,raspi4,cifar10,93.510000,24.816572,0.625471,16315
28,6,9980,raspi4,cifar10,10.000000,0.011284,0.625471,16315
28,6,11692,raspi4,cifar10,94.130000,37.583630,0.625471,16315
28,7,1425,edgegpu,cifar100,72.093330,5.310225,0.504877,16405
28,7,8912,edgegpu,cifar100,59.200000,1.441355,0.504877,16405
28,7,12415,edgegpu,cifar100,71.940000,4.828467,0.504877,16405
28,7,11810,edgegpu,cifar100,68.300000,1.779551,0.504877,16405
28,7,6124,edgegpu,cifar100,68.360000,3.185835,0.504877,16405
28,7,4418,edgegpu,cifar100,72.746666,5.352364,0.504877,16405
28,7,9922,edgegpu,cifar100,58.560000,1.428552,0.504877,16405
28,7,11885,edgegpu,cifar100,68.040000,1.776652,0.504877,16405
28,7,9930,edgegpu,cifar100,73.513336,6.803060,0.504877,16405
28,7,4954,edgegpu,cifar100,73.000000,6.669736,0.504877,16405
28,7,2304,edgegpu,cifar100,58.660000,1.440253,0.504877,16405
28,7,8401,edgegpu,cifar100,71.080000,3.302102,0.504877,16405
28,7,1509,edgegpu,cifar100,1.000000,0.505853,0.504877,16405
28,7,2778,edgegpu,cifar100,72.993330,6.134028,0.504877,16405
28,7,1038,edgegpu,cifar100,67.500000,1.758428,0.504877,16405
28,7,11067,edgegpu,cifar100,58.186670,1.427836,0.504877,16405
28,7,9997,edgegpu,cifar100,71.520000,3.466139,0.504877,16405
28,7,6381,edgegpu,cifar100,66.800000,1.753340,0.504877,16405
28,7,14677,edgegpu,cifar100,62.420000,1.746187,0.504877,16405
28,8,10443,edgetpu,cifar100,68.300000,0.489020,0.545623,16065
28,8,777,edgetpu,cifar100,58.650000,0.355588,0.545623,16065
28,8,5019,edgetpu,cifar100,58.880000,0.357058,0.545623,16065
28,8,8401,edgetpu,cifar100,71.080000,0.728572,0.545623,16065
28,8,3303,edgetpu,cifar100,62.420000,0.392593,0.545623,16065
28,8,69,edgetpu,cifar100,71.020000,0.727259,0.545623,16065
28,8,1110,edgetpu,cifar100,58.840000,0.355938,0.545623,16065
28,8,4659,edgetpu,cifar100,70.060000,0.636433,0.545623,16065
28,8,12415,edgetpu,cifar100,71.940000,0.872299,0.545623,16065
28,8,1943,edgetpu,cifar100,69.626660,0.634759,0.545623,16065
28,8,9997,edgetpu,cifar100,71.520000,0.729986,0.545623,16065
28,8,3888,edgetpu,cifar100,73.260000,1.316226,0.545623,16065
28,8,8912,edgetpu,cifar100,59.200000,0.377698,0.545623,16065
28,8,9930,edgetpu,cifar100,73.513336,1.454107,0.545623,16065
28,8,12761,edgetpu,cifar100,72.860000,1.225212,0.545623,16065
28,8,1425,edgetpu,cifar100,72.093330,0.910660,0.545623,16065
28,8,1383,edgetpu,cifar100,70.273330,0.673722,0.545623,16065
28,8,12574,edgetpu,cifar100,72.740000,0.932430,0.545623,16065
28,8,577,edgetpu,cifar100,69.680000,0.635228,0.545623,16065
28,8,2705,edgetpu,cifar100,62.813330,0.393026,0.545623,16065
28,8,12607,edgetpu,cifar100,62.600000,0.392830,0.545623,16065
28,8,857,edgetpu,cifar100,72.880000,1.264168,0.545623,16065
28,8,15363,edgetpu,cifar100,70.520000,0.676394,0.545623,16065
28,8,4418,edgetpu,cifar100,72.746666,1.093699,0.545623,16065
28,8,11533,edgetpu,cifar100,69.760000,0.635877,0.545623,16065
28,8,13829,edgetpu,cifar100,66.873340,0.485137,0.545623,16065
28,8,4155,edgetpu,cifar100,62.306667,0.391442,0.545623,16065
28,8,8638,edgetpu,cifar100,58.860000,0.356631,0.545623,16065
28,8,14945,edgetpu,cifar100,58.500000,0.354940,0.545623,16065
28,8,1996,edgetpu,cifar100,67.820000,0.486748,0.545623,16065
28,8,797,edgetpu,cifar100,69.580000,0.633351,0.545623,16065
28,8,9271,edgetpu,cifar100,63.400000,0.393151,0.545623,16065
28,8,10000,edgetpu,cifar100,73.160000,1.283461,0.545623,16065
28,8,6946,edgetpu,cifar100,67.500000,0.486233,0.545623,16065
28,8,3487,edgetpu,cifar100,70.093330,0.637182,0.545623,16065
28,9,12820,eyeriss,cifar100,67.720000,2.419840,0.457894,16580
28,9,12574,eyeriss,cifar100,72.740000,5.123200,0.457894,16580
28,9,5084,eyeriss,cifar100,58.813330,1.682560,0.457894,16580
28,9,3540,eyeriss,cifar100,71.500000,4.877440,0.457894,16580
28,9,14714,eyeriss,cifar100,71.280000,4.140160,0.457894,16580
28,9,14112,eyeriss,cifar100,68.386665,2.911360,0.457894,16580
28,9,6925,eyeriss,cifar100,71.220000,3.894400,0.457894,16580
28,9,11301,eyeriss,cifar100,68.220000,2.665600,0.457894,16580
28,9,10689,eyeriss,cifar100,67.500000,2.174080,0.457894,16580
28,9,12761,eyeriss,cifar100,72.860000,6.352000,0.457894,16580
28,9,3888,eyeriss,cifar100,73.260000,6.597760,0.457894,16580
28,9,6787,eyeriss,cifar100,70.720000,3.648640,0.457894,16580
28,9,9930,eyeriss,cifar100,73.513336,9.055360,0.457894,16580
28,9,11973,eyeriss,cifar100,70.340000,3.402880,0.457894,16580
28,9,5651,eyeriss,cifar100,64.690000,1.928320,0.457894,16580
28,10,10689,fpga,cifar100,67.500000,2.163360,0.430538,16259
28,10,5084,fpga,cifar100,58.813330,1.132960,0.430538,16259
28,10,6787,fpga,cifar100,70.720000,3.420960,0.430538,16259
28,10,12761,fpga,cifar100,72.860000,5.420960,0.430538,16259
28,10,6925,fpga,cifar100,71.220000,3.936160,0.430538,16259
28,10,9930,fpga,cifar100,73.513336,7.420960,0.430538,16259
28,10,3888,fpga,cifar100,73.260000,5.936160,0.430538,16259
28,10,12574,fpga,cifar100,72.740000,4.678560,0.430538,16259
28,10,12820,fpga,cifar100,67.720000,2.678560,0.430538,16259
28,10,4249,fpga,cifar100,65.080000,2.057760,0.430538,16259
28,10,5651,fpga,cifar100,64.690000,1.648160,0.430538,16259
28,10,3487,fpga,cifar100,70.093330,2.905760,0.430538,16259
28,10,7250,fpga,cifar100,67.706665,2.390560,0.430538,16259
28,10,12295,fpga,cifar100,71.160000,3.648160,0.430538,16259
28,10,3540,fpga,cifar100,71.500000,4.163360,0.430538,16259
28,11,11301,pixel3,cifar100,68.220000,5.352090,0.628879,16406
28,11,699,pixel3,cifar100,72.240000,12.079400,0.628879,16406
28,11,9930,pixel3,cifar100,73.513336,42.003600,0.628879,16406
28,11,375,pixel3,cifar100,64.440000,2.363140,0.628879,16406
28,11,858,pixel3,cifar100,64.133330,2.003500,0.628879,16406
28,11,3888,pixel3,cifar100,73.260000,23.477200,0.628879,16406
28,11,15363,pixel3,cifar100,70.520000,9.708640,0.628879,16406
28,11,14112,pixel3,cifar100,68.386665,5.745320,0.628879,16406
28,11,1090,pixel3,cifar100,65.220000,2.811310,0.628879,16406
28,11,857,pixel3,cifar100,72.880000,19.113200,0.628879,16406
28,11,12970,pixel3,cifar100,68.140000,4.782110,0.628879,16406
28,11,11000,pixel3,cifar100,71.180000,10.677600,0.628879,16406
28,11,8638,pixel3,cifar100,58.860000,1.478570,0.628879,16406
28,11,1631,pixel3,cifar100,63.986668,1.805000,0.628879,16406
28,11,1409,pixel3,cifar100,58.853333,1.275090,0.628879,16406
28,11,485,pixel3,cifar100,67.593330,4.124800,0.628879,16406
28,11,5651,pixel3,cifar100,64.690000,2.376870,0.628879,16406
28,11,6925,pixel3,cifar100,71.220000,10.688000,0.628879,16406
28,11,898,pixel3,cifar100,70.000000,6.516140,0.628879,16406
28,11,12574,pixel3,cifar100,72.740000,16.473900,0.628879,16406
28,11,8323,pixel3,cifar100,67.080000,3.106340,0.628879,16406
28,11,1450,pixel3,cifar100,70.506670,9.337360,0.628879,16406
28,11,4432,pixel3,cifar100,66.486664,3.105870,0.628879,16406
28,11,10689,pixel3,cifar100,67.500000,3.109220,0.628879,16406
28,11,6787,pixel3,cifar100,70.720000,9.854430,0.628879,16406
28,11,8912,pixel3,cifar100,59.200000,1.478790,0.628879,16406
28,11,10042,pixel3,cifar100,64.880000,2.794690,0.628879,16406
28,11,4659,pixel3,cifar100,70.060000,9.026280,0.628879,16406
28,11,777,pixel3,cifar100,58.650000,1.087020,0.628879,16406
28,11,6337,pixel3,cifar100,1.000000,0.008753,0.628879,16406
28,11,1459,pixel3,cifar100,73.140000,23.437900,0.628879,16406
28,12,13430,raspi4,cifar100,66.700000,7.203785,0.648850,16153
28,12,6918,raspi4,cifar100,58.800000,2.571364,0.648850,16153
28,12,2222,raspi4,cifar100,58.313330,2.538255,0.648850,16153
28,12,375,raspi4,cifar100,64.440000,5.099302,0.648850,16153
28,12,10689,raspi4,cifar100,67.500000,7.381845,0.648850,16153
28,12,12915,raspi4,cifar100,66.950000,7.226311,0.648850,16153
28,12,1459,raspi4,cifar100,73.140000,53.879950,0.648850,16153
28,12,4498,raspi4,cifar100,64.086670,5.022347,0.648850,16153
28,12,3888,raspi4,cifar100,73.260000,55.029520,0.648850,16153
28,12,7030,raspi4,cifar100,69.600000,19.218203,0.648850,16153
28,12,10222,raspi4,cifar100,58.860000,2.747804,0.648850,16153
28,12,4418,raspi4,cifar100,72.746666,47.162354,0.648850,16153
28,12,6925,raspi4,cifar100,71.220000,24.195030,0.648850,16153
28,12,10042,raspi4,cifar100,64.880000,5.100886,0.648850,16153
28,12,4409,raspi4,cifar100,67.173330,7.228629,0.648850,16153
28,12,14112,raspi4,cifar100,68.386665,14.423308,0.648850,16153
28,12,6787,raspi4,cifar100,70.720000,23.081835,0.648850,16153
28,12,12761,raspi4,cifar100,72.860000,53.718200,0.648850,16153
28,12,12574,raspi4,cifar100,72.740000,36.371254,0.648850,16153
28,12,14714,raspi4,cifar100,71.280000,24.692347,0.648850,16153
28,12,8720,raspi4,cifar100,64.130000,5.082239,0.648850,16153
28,12,8912,raspi4,cifar100,59.200000,2.818969,0.648850,16153
28,12,15589,raspi4,cifar100,59.060000,2.795078,0.648850,16153
28,12,9997,raspi4,cifar100,71.520000,34.996710,0.648850,16153
28,12,9271,raspi4,cifar100,63.400000,4.800893,0.648850,16153
28,12,15363,raspi4,cifar100,70.520000,21.809430,0.648850,16153
28,12,14792,raspi4,cifar100,69.500000,19.111843,0.648850,16153
28,12,3487,raspi4,cifar100,70.093330,21.603350,0.648850,16153
28,12,9930,raspi4,cifar100,73.513336,71.152000,0.648850,16153
28,12,14612,raspi4,cifar100,58.720000,2.563505,0.648850,16153
28,12,898,raspi4,cifar100,70.000000,21.506163,0.648850,16153
28,12,6822,raspi4,cifar100,58.426666,2.558594,0.648850,16153
28,12,2035,raspi4,cifar100,63.926666,5.005698,0.648850,16153
28,12,9926,raspi4,cifar100,63.520000,4.999532,0.648850,16153
28,12,8740,raspi4,cifar100,1.000000,0.015215,0.648850,16153
28,12,12607,raspi4,cifar100,62.600000,4.779045,0.648850,16153
28,12,1572,raspi4,cifar100,69.900000,19.916142,0.648850,16153
28,13,4332,edgegpu,ImageNet16-120,39.444443,1.745496,0.577748,16388
28,13,14612,edgegpu,ImageNet16-120,28.488890,1.434064,0.577748,16388
28,13,15288,edgegpu,ImageNet16-120,28.422222,1.417041,0.577748,16388
28,13,4587,edgegpu,ImageNet16-120,28.800000,1.445131,0.577748,16388
28,13,6950,edgegpu,ImageNet16-120,38.700000,1.740150,0.577748,16388
28,13,8884,edgegpu,ImageNet16-120,45.033333,3.499999,0.577748,16388
28,13,4946,edgegpu,ImageNet16-120,44.700000,3.490419,0.577748,16388
28,13,8426,edgegpu,ImageNet16-120,44.633335,3.370147,0.577748,16388
28,13,9722,edgegpu,ImageNet16-120,44.000000,3.327813,0.577748,16388
28,13,8401,edgegpu,ImageNet16-120,43.833332,3.322444,0.577748,16388
28,13,4988,edgegpu,ImageNet16-120,28.933332,1.448212,0.577748,16388
28,13,5751,edgegpu,ImageNet16-120,40.044445,2.434626,0.577748,16388
28,13,12415,edgegpu,ImageNet16-120,46.566666,4.667692,0.577748,16388
28,13,7187,edgegpu,ImageNet16-120,28.683332,1.443858,0.577748,16388
28,13,1164,edgegpu,ImageNet16-120,28.522223,1.435223,0.577748,16388
28,13,14117,edgegpu,ImageNet16-120,28.677778,1.435547,0.577748,16388
28,13,4160,edgegpu,ImageNet16-120,39.833332,1.756272,0.577748,16388
28,13,7760,edgegpu,ImageNet16-120,39.100000,1.743751,0.577748,16388
28,13,15376,edgegpu,ImageNet16-120,0.833333,0.533953,0.577748,16388
28,13,11217,edgegpu,ImageNet16-120,43.466667,3.316708,0.577748,16388
28,13,857,edgegpu,ImageNet16-120,47.311110,6.707663,0.577748,16388
28,13,2650,edgegpu,ImageNet16-120,42.433334,3.309817,0.577748,16388
28,13,13411,edgegpu,ImageNet16-120,31.855556,1.736240,0.577748,16388
28,13,12081,edgegpu,ImageNet16-120,40.233334,2.730479,0.577748,16388
28,13,15159,edgegpu,ImageNet16-120,45.566666,4.632421,0.577748,16388
28,13,15383,edgegpu,ImageNet16-120,47.033333,6.262836,0.577748,16388
28,13,13760,edgegpu,ImageNet16-120,32.333332,1.739759,0.577748,16388
28,13,10947,edgegpu,ImageNet16-120,39.944443,1.909800,0.577748,16388
28,13,9586,edgegpu,ImageNet16-120,46.933334,5.222673,0.577748,16388
28,13,14840,edgegpu,ImageNet16-120,45.311110,4.224715,0.577748,16388
28,13,454,edgegpu,ImageNet16-120,41.277780,3.303313,0.577748,16388
28,14,10332,edgetpu,ImageNet16-120,40.033333,0.516152,0.499040,15977
28,14,11079,edgetpu,ImageNet16-120,43.566666,0.552430,0.499040,15977
28,14,4627,edgetpu,ImageNet16-120,43.500000,0.552306,0.499040,15977
28,14,13097,edgetpu,ImageNet16-120,39.655556,0.428424,0.499040,15977
28,14,15107,edgetpu,ImageNet16-120,39.800000,0.430284,0.499040,15977
28,14,13931,edgetpu,ImageNet16-120,28.788889,0.360349,0.499040,15977
28,14,9689,edgetpu,ImageNet16-120,42.533333,0.549702,0.499040,15977
28,14,5751,edgetpu,ImageNet16-120,40.044445,0.516992,0.499040,15977
28,14,14840,edgetpu,ImageNet16-120,45.311110,0.666690,0.499040,15977
28,14,15014,edgetpu,ImageNet16-120,28.266666,0.358110,0.499040,15977
28,14,14662,edgetpu,ImageNet16-120,41.166668,0.547835,0.499040,15977
28,14,8884,edgetpu,ImageNet16-120,45.033333,0.615792,0.499040,15977
28,14,11262,edgetpu,ImageNet16-120,39.733334,0.430019,0.499040,15977
28,14,12415,edgetpu,ImageNet16-120,46.566666,0.710906,0.499040,15977
28,14,4988,edgetpu,ImageNet16-120,28.933332,0.360694,0.499040,15977
28,14,14677,edgetpu,ImageNet16-120,33.233334,0.364575,0.499040,15977
28,14,5586,edgetpu,ImageNet16-120,40.811110,0.546420,0.499040,15977
28,14,11885,edgetpu,ImageNet16-120,39.166668,0.427395,0.499040,15977
28,14,4160,edgetpu,ImageNet16-120,39.833332,0.430355,0.499040,15977
28,14,13769,edgetpu,ImageNet16-120,41.555557,0.549360,0.499040,15977
28,14,8781,edgetpu,ImageNet16-120,32.366665,0.363484,0.499040,15977
28,14,5530,edgetpu,ImageNet16-120,42.577778,0.549937,0.499040,15977
28,14,7273,edgetpu,ImageNet16-120,42.966667,0.550014,0.499040,15977
28,14,4830,edgetpu,ImageNet16-120,42.233334,0.549457,0.499040,15977
28,14,3540,edgetpu,ImageNet16-120,45.122223,0.648670,0.499040,15977
28,14,7357,edgetpu,ImageNet16-120,44.666668,0.600498,0.499040,15977
28,14,7750,edgetpu,ImageNet16-120,43.066666,0.551617,0.499040,15977
28,14,6950,edgetpu,ImageNet16-120,38.700000,0.427379,0.499040,15977
28,14,15383,edgetpu,ImageNet16-120,47.033333,0.780914,0.499040,15977
28,14,10167,edgetpu,ImageNet16-120,39.944443,0.444058,0.499040,15977
28,14,6520,edgetpu,ImageNet16-120,32.383335,0.363944,0.499040,15977
28,14,70,edgetpu,ImageNet16-120,39.377777,0.428228,0.499040,15977
28,14,15363,edgetpu,ImageNet16-120,44.333332,0.582280,0.499040,15977
28,14,857,edgetpu,ImageNet16-120,47.311110,0.997730,0.499040,15977
28,14,6858,edgetpu,ImageNet16-120,40.333332,0.541300,0.499040,15977
28,14,8447,edgetpu,ImageNet16-120,40.011112,0.514586,0.499040,15977
28,14,13972,edgetpu,ImageNet16-120,31.933332,0.363440,0.499040,15977
28,15,15383,eyeriss,ImageNet16-120,47.033333,1.283200,0.444623,16723
28,15,6787,eyeriss,ImageNet16-120,44.400000,0.914560,0.444623,16723
28,15,6854,eyeriss,ImageNet16-120,40.800000,0.668800,0.444623,16723
28,15,2835,eyeriss,ImageNet16-120,38.222220,0.545920,0.444623,16723
28,15,14417,eyeriss,ImageNet16-120,45.900000,1.098880,0.444623,16723
28,15,8008,eyeriss,ImageNet16-120,43.500000,0.853120,0.444623,16723
28,15,1939,eyeriss,ImageNet16-120,45.077778,0.976000,0.444623,16723
28,15,8853,eyeriss,ImageNet16-120,45.600000,1.037440,0.444623,16723
28,15,857,eyeriss,ImageNet16-120,47.311110,1.651840,0.444623,16723
28,15,735,eyeriss,ImageNet16-120,38.544445,0.607360,0.444623,16723
28,15,4988,eyeriss,ImageNet16-120,28.933332,0.423040,0.444623,16723
28,15,4829,eyeriss,ImageNet16-120,34.200000,0.484480,0.444623,16723
28,16,12452,fpga,ImageNet16-120,40.533333,0.780320,0.480668,16405
28,16,4829,fpga,ImageNet16-120,34.200000,0.415520,0.480668,16405
28,16,1939,fpga,ImageNet16-120,45.077778,1.062400,0.480668,16405
28,16,6787,fpga,ImageNet16-120,44.400000,0.969600,0.480668,16405
28,16,8008,fpga,ImageNet16-120,43.500000,0.876800,0.480668,16405
28,16,6854,fpga,ImageNet16-120,40.800000,0.809120,0.480668,16405
28,16,2835,fpga,ImageNet16-120,38.222220,0.546720,0.480668,16405
28,16,14417,fpga,ImageNet16-120,45.900000,1.276320,0.480668,16405
28,16,4988,fpga,ImageNet16-120,28.933332,0.284320,0.480668,16405
28,16,10017,fpga,ImageNet16-120,40.566666,0.784000,0.480668,16405
28,16,14748,fpga,ImageNet16-120,44.900000,0.995200,0.480668,16405
28,16,6868,fpga,ImageNet16-120,39.000000,0.649120,0.480668,16405
28,16,15383,fpga,ImageNet16-120,47.033333,1.504000,0.480668,16405
28,16,15446,fpga,ImageNet16-120,45.766666,1.116320,0.480668,16405
28,16,5793,fpga,ImageNet16-120,35.033333,0.517920,0.480668,16405
28,16,857,fpga,ImageNet16-120,47.311110,2.038400,0.480668,16405
28,16,11079,fpga,ImageNet16-120,43.566666,0.902400,0.480668,16405
28,17,12506,pixel3,ImageNet16-120,43.983334,2.929990,0.690129,16296
28,17,6854,pixel3,ImageNet16-120,40.800000,1.621620,0.690129,16296
28,17,12639,pixel3,ImageNet16-120,40.400000,1.304440,0.690129,16296
28,17,872,pixel3,ImageNet16-120,41.777780,2.465030,0.690129,16296
28,17,10340,pixel3,ImageNet16-120,31.522223,0.617772,0.690129,16296
28,17,12424,pixel3,ImageNet16-120,43.133330,2.470150,0.690129,16296
28,17,2018,pixel3,ImageNet16-120,46.433334,4.949210,0.690129,16296
28,17,857,pixel3,ImageNet16-120,47.311110,6.686850,0.690129,16296
28,17,8954,pixel3,ImageNet16-120,28.733334,0.424855,0.690129,16296
28,17,1939,pixel3,ImageNet16-120,45.077778,3.021500,0.690129,16296
28,17,1204,pixel3,ImageNet16-120,37.844444,0.864966,0.690129,16296
28,17,12355,pixel3,ImageNet16-120,45.033333,2.989390,0.690129,16296
28,17,11000,pixel3,ImageNet16-120,44.866665,2.962520,0.690129,16296
28,17,12516,pixel3,ImageNet16-120,32.083332,0.617816,0.690129,16296
28,17,4988,pixel3,ImageNet16-120,28.933332,0.485996,0.690129,16296
28,17,4895,pixel3,ImageNet16-120,33.200000,0.619070,0.690129,16296
28,17,3496,pixel3,ImageNet16-120,34.233334,0.670584,0.690129,16296
28,17,1549,pixel3,ImageNet16-120,28.655556,0.424747,0.690129,16296
28,17,12466,pixel3,ImageNet16-120,46.100000,4.680280,0.690129,16296
28,17,15383,pixel3,ImageNet16-120,47.033333,5.191720,0.690129,16296
28,17,1110,pixel3,ImageNet16-120,28.600000,0.423927,0.690129,16296
28,17,12452,pixel3,ImageNet16-120,40.533333,1.504410,0.690129,16296
28,17,4587,pixel3,ImageNet16-120,28.800000,0.445767,0.690129,16296
28,17,10154,pixel3,ImageNet16-120,46.133335,4.783700,0.690129,16296
28,17,735,pixel3,ImageNet16-120,38.544445,1.107950,0.690129,16296
28,17,14417,pixel3,ImageNet16-120,45.900000,4.143030,0.690129,16296
28,17,2899,pixel3,ImageNet16-120,43.911110,2.701210,0.690129,16296
28,17,4004,pixel3,ImageNet16-120,42.811110,2.467510,0.690129,16296
28,17,4432,pixel3,ImageNet16-120,37.800000,0.861157,0.690129,16296
28,17,6014,pixel3,ImageNet16-120,28.533333,0.423391,0.690129,16296
28,17,15446,pixel3,ImageNet16-120,45.766666,3.439380,0.690129,16296
28,17,2835,pixel3,ImageNet16-120,38.222220,0.868646,0.690129,16296
28,17,1425,pixel3,ImageNet16-120,45.977780,4.619290,0.690129,16296
28,17,11079,pixel3,ImageNet16-120,43.566666,2.479610,0.690129,16296
28,17,4384,pixel3,ImageNet16-120,28.133333,0.421612,0.690129,16296
28,17,3728,pixel3,ImageNet16-120,28.500000,0.422880,0.690129,16296
28,17,13756,pixel3,ImageNet16-120,0.833333,0.005289,0.690129,16296
28,17,898,pixel3,ImageNet16-120,42.466667,2.467210,0.690129,16296
28,17,4977,pixel3,ImageNet16-120,32.966667,0.617991,0.690129,16296
28,17,8584,pixel3,ImageNet16-120,34.088890,0.664046,0.690129,16296
28,17,758,pixel3,ImageNet16-120,28.333334,0.422134,0.690129,16296
28,17,1860,pixel3,ImageNet16-120,28.433332,0.422587,0.690129,16296
28,18,8426,raspi4,ImageNet16-120,44.633335,5.288439,0.661963,16148
28,18,8736,raspi4,ImageNet16-120,45.700000,6.658077,0.661963,16148
28,18,5973,raspi4,ImageNet16-120,40.100000,3.159922,0.661963,16148
28,18,10017,raspi4,ImageNet16-120,40.566666,3.181383,0.661963,16148
28,18,933,raspi4,ImageNet16-120,0.833333,0.011514,0.661963,16148
28,18,6868,raspi4,ImageNet16-120,39.000000,2.982937,0.661963,16148
28,18,1204,raspi4,ImageNet16-120,37.844444,2.199356,0.661963,16148
28,18,5637,raspi4,ImageNet16-120,33.933334,1.580707,0.661963,16148
28,18,10835,raspi4,ImageNet16-120,45.233334,6.632419,0.661963,16148
28,18,4995,raspi4,ImageNet16-120,42.166668,3.766336,0.661963,16148
28,18,11079,raspi4,ImageNet16-120,43.566666,3.802027,0.661963,16148
28,18,15363,raspi4,ImageNet16-120,44.333332,4.480516,0.661963,16148
28,18,6854,raspi4,ImageNet16-120,40.800000,3.661016,0.661963,16148
28,18,219,raspi4,ImageNet16-120,42.500000,3.768475,0.661963,16148
28,18,2779,raspi4,ImageNet16-120,37.355556,2.190654,0.661963,16148
28,18,1413,raspi4,ImageNet16-120,42.711113,3.788479,0.661963,16148
28,18,7227,raspi4,ImageNet16-120,32.533333,1.530737,0.661963,16148
28,18,8355,raspi4,ImageNet16-120,39.666668,3.083286,0.661963,16148
28,18,13931,raspi4,ImageNet16-120,28.788889,0.956195,0.661963,16148
28,18,11584,raspi4,ImageNet16-120,46.666668,8.014434,0.661963,16148
28,18,3960,raspi4,ImageNet16-120,37.755554,2.197980,0.661963,16148
28,18,14792,raspi4,ImageNet16-120,43.033333,3.792447,0.661963,16148
28,18,4988,raspi4,ImageNet16-120,28.933332,1.003251,0.661963,16148
28,18,3782,raspi4,ImageNet16-120,41.866665,3.755286,0.661963,16148
28,18,11946,raspi4,ImageNet16-120,28.200000,0.940293,0.661963,16148
28,18,13771,raspi4,ImageNet16-120,32.744446,1.533813,0.661963,16148
28,18,3687,raspi4,ImageNet16-120,34.066666,1.583497,0.661963,16148
28,18,9032,raspi4,ImageNet16-120,38.016666,2.201532,0.661963,16148
28,18,8884,raspi4,ImageNet16-120,45.033333,5.293177,0.661963,16148
28,18,14677,raspi4,ImageNet16-120,33.233334,1.537227,0.661963,16148
28,18,14697,raspi4,ImageNet16-120,33.900000,1.580382,0.661963,16148
28,18,1188,raspi4,ImageNet16-120,32.455555,1.526725,0.661963,16148
28,18,9496,raspi4,ImageNet16-120,38.200000,2.204048,0.661963,16148
28,18,857,raspi4,ImageNet16-120,47.311110,9.020064,0.661963,16148
28,18,14750,raspi4,ImageNet16-120,32.933334,1.536700,0.661963,16148
28,18,12505,raspi4,ImageNet16-120,39.283333,3.062432,0.661963,16148
28,18,13059,raspi4,ImageNet16-120,34.266666,1.595651,0.661963,16148
28,18,10217,raspi4,ImageNet16-120,45.100000,6.109362,0.661963,16148
28,18,6787,raspi4,ImageNet16-120,44.400000,4.532777,0.661963,16148
28,18,15107,raspi4,ImageNet16-120,39.800000,3.083329,0.661963,16148
28,18,735,raspi4,ImageNet16-120,38.544445,2.911079,0.661963,16148
28,18,3650,raspi4,ImageNet16-120,43.866665,4.475790,0.661963,16148
28,18,7187,raspi4,ImageNet16-120,28.683332,0.952790,0.661963,16148
28,18,1939,raspi4,ImageNet16-120,45.077778,5.341908,0.661963,16148
28,18,14417,raspi4,ImageNet16-120,45.900000,6.948865,0.661963,16148
28,18,10472,raspi4,ImageNet16-120,39.633335,3.079679,0.661963,16148
28,18,15383,raspi4,ImageNet16-120,47.033333,8.565354,0.661963,16148
28,18,10167,raspi4,ImageNet16-120,39.944443,3.106316,0.661963,16148
28,18,6336,raspi4,ImageNet16-120,39.366665,3.073392,0.661963,16148
28,18,8733,raspi4,ImageNet16-120,46.600000,7.477213,0.661963,16148
29,1,14090,edgegpu,cifar10,92.086670,1.749086,0.541320,16382
29,1,1549,edgegpu,cifar10,86.710000,1.436324,0.541320,16382
29,1,1459,edgegpu,cifar10,94.296670,6.748991,0.541320,16382
29,1,13401,edgegpu,cifar10,87.010000,1.457009,0.541320,16382
29,1,11438,edgegpu,cifar10,92.500000,1.846719,0.541320,16382
29,1,5400,edgegpu,cifar10,86.630000,1.427460,0.541320,16382
29,1,6499,edgegpu,cifar10,93.645000,3.331041,0.541320,16382
29,1,1339,edgegpu,cifar10,92.136665,1.751881,0.541320,16382
29,1,5780,edgegpu,cifar10,93.980000,3.361888,0.541320,16382
29,1,9099,edgegpu,cifar10,93.940000,3.357520,0.541320,16382
29,1,11692,edgegpu,cifar10,94.130000,4.708362,0.541320,16382
29,1,14527,edgegpu,cifar10,86.765000,1.439619,0.541320,16382
29,1,2776,edgegpu,cifar10,93.666664,3.331194,0.541320,16382
29,1,10484,edgegpu,cifar10,93.810000,3.354015,0.541320,16382
29,1,13714,edgegpu,cifar10,94.373340,6.772180,0.541320,16382
29,1,258,edgegpu,cifar10,93.640000,3.307109,0.541320,16382
29,1,14407,edgegpu,cifar10,86.770000,1.440282,0.541320,16382
29,1,5292,edgegpu,cifar10,94.293335,6.663151,0.541320,16382
29,1,2053,edgegpu,cifar10,94.206665,5.482254,0.541320,16382
29,1,6950,edgegpu,cifar10,92.000000,1.738467,0.541320,16382
29,1,15200,edgegpu,cifar10,10.000000,0.501385,0.541320,16382
29,1,6330,edgegpu,cifar10,94.006670,4.384699,0.541320,16382
29,1,561,edgegpu,cifar10,86.880000,1.451068,0.541320,16382
29,1,11810,edgegpu,cifar10,92.780000,1.992798,0.541320,16382
29,1,6960,edgegpu,cifar10,92.280000,1.764450,0.541320,16382
29,2,9817,edgetpu,cifar10,93.490000,0.723286,0.555464,15842
29,2,797,edgetpu,cifar10,93.280000,0.627996,0.555464,15842
29,2,2053,edgetpu,cifar10,94.206665,1.042178,0.555464,15842
29,2,8192,edgetpu,cifar10,93.093330,0.627745,0.555464,15842
29,2,6918,edgetpu,cifar10,87.000000,0.375819,0.555464,15842
29,2,13714,edgetpu,cifar10,94.373340,1.377865,0.555464,15842
29,2,9689,edgetpu,cifar10,93.370000,0.628386,0.555464,15842
29,2,10683,edgetpu,cifar10,92.330000,0.481277,0.555464,15842
29,2,9950,edgetpu,cifar10,93.840000,0.723767,0.555464,15842
29,2,9380,edgetpu,cifar10,89.335000,0.395662,0.555464,15842
29,2,5111,edgetpu,cifar10,94.306660,1.152010,0.555464,15842
29,2,5258,edgetpu,cifar10,88.775000,0.388629,0.555464,15842
29,2,6382,edgetpu,cifar10,93.376660,0.628638,0.555464,15842
29,2,8008,edgetpu,cifar10,93.480000,0.629746,0.555464,15842
29,2,11692,edgetpu,cifar10,94.130000,0.761100,0.555464,15842
29,2,13611,edgetpu,cifar10,92.490000,0.481826,0.555464,15842
29,2,4161,edgetpu,cifar10,89.250000,0.391221,0.555464,15842
29,2,11112,edgetpu,cifar10,92.110000,0.480732,0.555464,15842
29,2,11438,edgetpu,cifar10,92.500000,0.482393,0.555464,15842
29,2,9722,edgetpu,cifar10,93.540000,0.723575,0.555464,15842
29,2,5647,edgetpu,cifar10,89.110000,0.389378,0.555464,15842
29,2,5946,edgetpu,cifar10,88.963330,0.389012,0.555464,15842
29,2,5780,edgetpu,cifar10,93.980000,0.723967,0.555464,15842
29,2,3731,edgetpu,cifar10,94.343330,1.282820,0.555464,15842
29,2,11810,edgetpu,cifar10,92.780000,0.482879,0.555464,15842
29,2,7017,edgetpu,cifar10,86.970000,0.353089,0.555464,15842
29,2,2485,edgetpu,cifar10,86.700000,0.346546,0.555464,15842
29,3,8008,eyeriss,cifar10,93.480000,3.399860,0.488955,16502
29,3,3687,eyeriss,cifar10,89.820000,1.925300,0.488955,16502
29,3,13611,eyeriss,cifar10,92.490000,3.154100,0.488955,16502
29,3,8323,eyeriss,cifar10,90.870000,2.171060,0.488955,16502
29,3,4384,eyeriss,cifar10,86.796670,1.679540,0.488955,16502
29,3,8592,eyeriss,cifar10,93.750000,3.891380,0.488955,16502
29,3,6854,eyeriss,cifar10,91.040000,2.662580,0.488955,16502
29,3,5111,eyeriss,cifar10,94.306660,5.365940,0.488955,16502
29,3,3731,eyeriss,cifar10,94.343330,6.594740,0.488955,16502
29,3,14112,eyeriss,cifar10,91.296670,2.908340,0.488955,16502
29,3,11472,eyeriss,cifar10,93.970000,4.628660,0.488955,16502
29,3,6111,eyeriss,cifar10,94.373340,7.823540,0.488955,16502
29,3,6899,eyeriss,cifar10,90.900000,2.416820,0.488955,16502
29,3,13714,eyeriss,cifar10,94.373340,7.823540,0.488955,16502
29,3,6584,eyeriss,cifar10,94.160000,4.874420,0.488955,16502
29,3,10412,eyeriss,cifar10,93.530000,3.645620,0.488955,16502
29,4,8720,fpga,cifar10,89.875000,1.648160,0.420663,16263
29,4,11692,fpga,cifar10,94.130000,4.163360,0.420663,16263
29,4,8008,fpga,cifar10,93.480000,2.905760,0.420663,16263
29,4,6111,fpga,cifar10,94.373340,6.678560,0.420663,16263
29,4,15000,fpga,cifar10,92.400000,2.390560,0.420663,16263
29,4,13714,fpga,cifar10,94.373340,6.678560,0.420663,16263
29,4,11525,fpga,cifar10,90.000000,2.057760,0.420663,16263
29,4,4384,fpga,cifar10,86.796670,1.132960,0.420663,16263
29,4,3731,fpga,cifar10,94.343330,5.936160,0.420663,16263
29,4,5111,fpga,cifar10,94.306660,5.193760,0.420663,16263
29,4,8323,fpga,cifar10,90.870000,2.163360,0.420663,16263
29,4,11472,fpga,cifar10,93.970000,3.648160,0.420663,16263
29,4,13987,fpga,cifar10,93.596664,3.420960,0.420663,16263
29,4,12438,fpga,cifar10,89.875000,1.648160,0.420663,16263
29,5,1631,pixel3,cifar10,89.506670,1.697120,0.723025,16238
29,5,7001,pixel3,cifar10,10.000000,0.003277,0.723025,16238
29,5,6434,pixel3,cifar10,91.080000,4.811140,0.723025,16238
29,5,8323,pixel3,cifar10,90.870000,3.106420,0.723025,16238
29,5,8836,pixel3,cifar10,92.220000,6.313990,0.723025,16238
29,5,1943,pixel3,cifar10,93.116670,6.492030,0.723025,16238
29,5,7197,pixel3,cifar10,90.366670,2.447670,0.723025,16238
29,5,6854,pixel3,cifar10,91.040000,4.514220,0.723025,16238
29,5,2779,pixel3,cifar10,90.806660,3.102950,0.723025,16238
29,5,7017,pixel3,cifar10,86.970000,1.403930,0.723025,16238
29,5,12452,pixel3,cifar10,91.350000,5.590110,0.723025,16238
29,5,13987,pixel3,cifar10,93.596664,9.922680,0.723025,16238
29,5,6918,pixel3,cifar10,87.000000,1.478790,0.723025,16238
29,5,8708,pixel3,cifar10,94.080000,12.839000,0.723025,16238
29,5,6985,pixel3,cifar10,89.940000,2.367450,0.723025,16238
29,5,6382,pixel3,cifar10,93.376660,7.048190,0.723025,16238
29,5,9230,pixel3,cifar10,86.580000,1.056760,0.723025,16238
29,5,4554,pixel3,cifar10,86.670000,1.114880,0.723025,16238
29,5,4627,pixel3,cifar10,93.270000,7.036050,0.723025,16238
29,5,5111,pixel3,cifar10,94.306660,17.584600,0.723025,16238
29,5,6863,pixel3,cifar10,86.740000,1.229320,0.723025,16238
29,5,8695,pixel3,cifar10,94.220000,17.564500,0.723025,16238
29,5,1941,pixel3,cifar10,93.533330,9.128690,0.723025,16238
29,5,1425,pixel3,cifar10,93.933334,12.536500,0.723025,16238
29,5,8592,pixel3,cifar10,93.750000,10.769800,0.723025,16238
29,5,1497,pixel3,cifar10,86.556660,1.056630,0.723025,16238
29,5,13171,pixel3,cifar10,93.530000,7.717220,0.723025,16238
29,5,1781,pixel3,cifar10,89.883330,1.712020,0.723025,16238
29,5,13869,pixel3,cifar10,93.656670,10.634700,0.723025,16238
29,5,6899,pixel3,cifar10,90.900000,3.961410,0.723025,16238
29,5,11972,pixel3,cifar10,91.510000,5.627010,0.723025,16238
29,5,3731,pixel3,cifar10,94.343330,23.361300,0.723025,16238
29,5,1339,pixel3,cifar10,92.136665,5.802240,0.723025,16238
29,5,1804,pixel3,cifar10,89.063330,1.579900,0.723025,16238
29,5,6111,pixel3,cifar10,94.373340,23.584800,0.723025,16238
29,5,11692,pixel3,cifar10,94.130000,15.490100,0.723025,16238
29,5,6999,pixel3,cifar10,93.820000,12.260900,0.723025,16238
29,5,5224,pixel3,cifar10,88.980000,1.570360,0.723025,16238
29,5,10689,pixel3,cifar10,90.790000,2.669770,0.723025,16238
29,5,2035,pixel3,cifar10,89.670000,1.706480,0.723025,16238
29,6,6985,raspi4,cifar10,89.940000,4.995646,0.621245,16259
29,6,11972,raspi4,cifar10,91.510000,12.403558,0.621245,16259
29,6,8008,raspi4,cifar10,93.480000,22.571420,0.621245,16259
29,6,14677,raspi4,cifar10,88.670000,4.755260,0.621245,16259
29,6,11810,raspi4,cifar10,92.780000,18.619905,0.621245,16259
29,6,11533,raspi4,cifar10,93.420000,21.715693,0.621245,16259
29,6,6918,raspi4,cifar10,87.000000,2.787590,0.621245,16259
29,6,1962,raspi4,cifar10,86.530000,2.529453,0.621245,16259
29,6,6111,raspi4,cifar10,94.373340,68.404106,0.621245,16259
29,6,13846,raspi4,cifar10,90.720000,7.176163,0.621245,16259
29,6,7017,raspi4,cifar10,86.970000,2.544041,0.621245,16259
29,6,14565,raspi4,cifar10,88.880000,4.781183,0.621245,16259
29,6,11692,raspi4,cifar10,94.130000,37.583630,0.621245,16259
29,6,3731,raspi4,cifar10,94.343330,58.070793,0.621245,16259
29,6,1690,raspi4,cifar10,86.646670,2.536549,0.621245,16259
29,6,5111,raspi4,cifar10,94.306660,41.756905,0.621245,16259
29,6,12002,raspi4,cifar10,93.510000,24.816572,0.621245,16259
29,6,8592,raspi4,cifar10,93.750000,25.477009,0.621245,16259
29,6,8323,raspi4,cifar10,90.870000,7.426308,0.621245,16259
29,6,5780,raspi4,cifar10,93.980000,34.928463,0.621245,16259
29,6,12505,raspi4,cifar10,92.150000,16.747276,0.621245,16259
29,6,1804,raspi4,cifar10,89.063330,4.791845,0.621245,16259
29,6,2058,raspi4,cifar10,93.270000,19.484835,0.621245,16259
29,6,6953,raspi4,cifar10,91.990000,15.601654,0.621245,16259
29,6,2035,raspi4,cifar10,89.670000,4.984099,0.621245,16259
29,6,6946,raspi4,cifar10,92.026665,16.686316,0.621245,16259
29,6,1941,raspi4,cifar10,93.533330,25.121769,0.621245,16259
29,6,4210,raspi4,cifar10,89.030000,4.782748,0.621245,16259
29,6,9380,raspi4,cifar10,89.335000,4.875613,0.621245,16259
29,6,6382,raspi4,cifar10,93.376660,21.461164,0.621245,16259
29,6,13611,raspi4,cifar10,92.490000,18.523302,0.621245,16259
29,6,10412,raspi4,cifar10,93.530000,25.079220,0.621245,16259
29,6,9271,raspi4,cifar10,89.250000,4.830311,0.621245,16259
29,6,8426,raspi4,cifar10,93.840000,31.394428,0.621245,16259
29,6,6960,raspi4,cifar10,92.280000,17.162752,0.621245,16259
29,6,10275,raspi4,cifar10,91.080000,9.993188,0.621245,16259
29,6,9980,raspi4,cifar10,10.000000,0.011284,0.621245,16259
29,7,3888,edgegpu,cifar100,73.260000,6.797867,0.480007,16454
29,7,8401,edgegpu,cifar100,71.080000,3.302102,0.480007,16454
29,7,9922,edgegpu,cifar100,58.560000,1.428552,0.480007,16454
29,7,4418,edgegpu,cifar100,72.746666,5.352364,0.480007,16454
29,7,11810,edgegpu,cifar100,68.300000,1.779551,0.480007,16454
29,7,6381,edgegpu,cifar100,66.800000,1.753340,0.480007,16454
29,7,2304,edgegpu,cifar100,58.660000,1.440253,0.480007,16454
29,7,9930,edgegpu,cifar100,73.513336,6.803060,0.480007,16454
29,7,4954,edgegpu,cifar100,73.000000,6.669736,0.480007,16454
29,7,9997,edgegpu,cifar100,71.520000,3.466139,0.480007,16454
29,7,8912,edgegpu,cifar100,59.200000,1.441355,0.480007,16454
29,7,2778,edgegpu,cifar100,72.993330,6.134028,0.480007,16454
29,7,6124,edgegpu,cifar100,68.360000,3.185835,0.480007,16454
29,7,1425,edgegpu,cifar100,72.093330,5.310225,0.480007,16454
29,7,14677,edgegpu,cifar100,62.420000,1.746187,0.480007,16454
29,7,1509,edgegpu,cifar100,1.000000,0.505853,0.480007,16454
29,7,12415,edgegpu,cifar100,71.940000,4.828467,0.480007,16454
29,7,11885,edgegpu,cifar100,68.040000,1.776652,0.480007,16454
29,7,1038,edgegpu,cifar100,67.500000,1.758428,0.480007,16454
29,8,8638,edgetpu,cifar100,58.860000,0.356631,0.630298,16111
29,8,13829,edgetpu,cifar100,66.873340,0.485137,0.630298,16111
29,8,5019,edgetpu,cifar100,58.880000,0.357058,0.630298,16111
29,8,8401,edgetpu,cifar100,71.080000,0.728572,0.630298,16111
29,8,12415,edgetpu,cifar100,71.940000,0.872299,0.630298,16111
29,8,777,edgetpu,cifar100,58.650000,0.355588,0.630298,16111
29,8,15363,edgetpu,cifar100,70.520000,0.676394,0.630298,16111
29,8,577,edgetpu,cifar100,69.680000,0.635228,0.630298,16111
29,8,12574,edgetpu,cifar100,72.740000,0.932430,0.630298,16111
29,8,12761,edgetpu,cifar100,72.860000,1.225212,0.630298,16111
29,8,857,edgetpu,cifar100,72.880000,1.264168,0.630298,16111
29,8,1383,edgetpu,cifar100,70.273330,0.673722,0.630298,16111
29,8,4418,edgetpu,cifar100,72.746666,1.093699,0.630298,16111
29,8,2705,edgetpu,cifar100,62.813330,0.393026,0.630298,16111
29,8,3303,edgetpu,cifar100,62.420000,0.392593,0.630298,16111
29,8,1110,edgetpu,cifar100,58.840000,0.355938,0.630298,16111
29,8,10443,edgetpu,cifar100,68.300000,0.489020,0.630298,16111
29,8,8912,edgetpu,cifar100,59.200000,0.377698,0.630298,16111
29,8,6358,edgetpu,cifar100,67.193340,0.486737,0.630298,16111
29,8,1425,edgetpu,cifar100,72.093330,0.910660,0.630298,16111
29,8,9930,edgetpu,cifar100,73.513336,1.454107,0.630298,16111
29,8,9541,edgetpu,cifar100,67.660000,0.486829,0.630298,16111
29,8,69,edgetpu,cifar100,71.020000,0.727259,0.630298,16111
29,8,3888,edgetpu,cifar100,73.260000,1.316226,0.630298,16111
29,8,9997,edgetpu,cifar100,71.520000,0.729986,0.630298,16111
29,8,12607,edgetpu,cifar100,62.600000,0.392830,0.630298,16111
29,8,1943,edgetpu,cifar100,69.626660,0.634759,0.630298,16111
29,8,11533,edgetpu,cifar100,69.760000,0.635877,0.630298,16111
29,8,9271,edgetpu,cifar100,63.400000,0.393151,0.630298,16111
29,8,14945,edgetpu,cifar100,58.500000,0.354940,0.630298,16111
29,8,10000,edgetpu,cifar100,73.160000,1.283461,0.630298,16111
29,8,4659,edgetpu,cifar100,70.060000,0.636433,0.630298,16111
29,8,797,edgetpu,cifar100,69.580000,0.633351,0.630298,16111
29,8,4155,edgetpu,cifar100,62.306667,0.391442,0.630298,16111
29,8,11112,edgetpu,cifar100,66.893330,0.486713,0.630298,16111
29,9,4659,eyeriss,cifar100,70.060000,3.402880,0.458870,16635
29,9,6925,eyeriss,cifar100,71.220000,3.894400,0.458870,16635
29,9,14714,eyeriss,cifar100,71.280000,4.140160,0.458870,16635
29,9,12761,eyeriss,cifar100,72.860000,6.352000,0.458870,16635
29,9,12820,eyeriss,cifar100,67.720000,2.419840,0.458870,16635
29,9,14112,eyeriss,cifar100,68.386665,2.911360,0.458870,16635
29,9,5084,eyeriss,cifar100,58.813330,1.682560,0.458870,16635
29,9,12574,eyeriss,cifar100,72.740000,5.123200,0.458870,16635
29,9,5651,eyeriss,cifar100,64.690000,1.928320,0.458870,16635
29,9,11301,eyeriss,cifar100,68.220000,2.665600,0.458870,16635
29,9,3888,eyeriss,cifar100,73.260000,6.597760,0.458870,16635
29,9,10689,eyeriss,cifar100,67.500000,2.174080,0.458870,16635
29,9,3540,eyeriss,cifar100,71.500000,4.877440,0.458870,16635
29,9,9930,eyeriss,cifar100,73.513336,9.055360,0.458870,16635
29,9,6787,eyeriss,cifar100,70.720000,3.648640,0.458870,16635
29,10,11973,fpga,cifar100,70.340000,2.905760,0.410917,16298
29,10,12295,fpga,cifar100,71.160000,3.648160,0.410917,16298
29,10,12574,fpga,cifar100,72.740000,4.678560,0.410917,16298
29,10,9997,fpga,cifar100,71.520000,4.572960,0.410917,16298
29,10,10689,fpga,cifar100,67.500000,2.163360,0.410917,16298
29,10,5033,fpga,cifar100,59.060000,1.542560,0.410917,16298
29,10,5084,fpga,cifar100,58.813330,1.132960,0.410917,16298
29,10,5743,fpga,cifar100,67.800000,2.800160,0.410917,16298
29,10,9930,fpga,cifar100,73.513336,7.420960,0.410917,16298
29,10,4249,fpga,cifar100,65.080000,2.057760,0.410917,16298
29,10,3888,fpga,cifar100,73.260000,5.936160,0.410917,16298
29,10,12761,fpga,cifar100,72.860000,5.420960,0.410917,16298
29,10,6925,fpga,cifar100,71.220000,3.936160,0.410917,16298
29,10,7250,fpga,cifar100,67.706665,2.390560,0.410917,16298
29,10,6830,fpga,cifar100,71.460000,4.057760,0.410917,16298
29,10,12820,fpga,cifar100,67.720000,2.678560,0.410917,16298
29,10,3540,fpga,cifar100,71.500000,4.163360,0.410917,16298
29,10,6787,fpga,cifar100,70.720000,3.420960,0.410917,16298
29,10,5651,fpga,cifar100,64.690000,1.648160,0.410917,16298
29,11,572,pixel3,cifar100,70.313330,8.017480,0.538867,16394
29,11,724,pixel3,cifar100,67.053340,2.875650,0.538867,16394
29,11,1416,pixel3,cifar100,64.493330,2.084060,0.538867,16394
29,11,1558,pixel3,cifar100,64.020000,1.705220,0.538867,16394
29,11,6925,pixel3,cifar100,71.220000,10.688000,0.538867,16394
29,11,1409,pixel3,cifar100,58.853333,1.275090,0.538867,16394
29,11,8638,pixel3,cifar100,58.860000,1.478570,0.538867,16394
29,11,9930,pixel3,cifar100,73.513336,42.003600,0.538867,16394
29,11,1450,pixel3,cifar100,70.506670,9.337360,0.538867,16394
29,11,12970,pixel3,cifar100,68.140000,4.782110,0.538867,16394
29,11,906,pixel3,cifar100,62.393333,1.661810,0.538867,16394
29,11,857,pixel3,cifar100,72.880000,19.113200,0.538867,16394
29,11,1090,pixel3,cifar100,65.220000,2.811310,0.538867,16394
29,11,3888,pixel3,cifar100,73.260000,23.477200,0.538867,16394
29,11,699,pixel3,cifar100,72.240000,12.079400,0.538867,16394
29,11,11000,pixel3,cifar100,71.180000,10.677600,0.538867,16394
29,11,5651,pixel3,cifar100,64.690000,2.376870,0.538867,16394
29,11,14112,pixel3,cifar100,68.386665,5.745320,0.538867,16394
29,11,898,pixel3,cifar100,70.000000,6.516140,0.538867,16394
29,11,858,pixel3,cifar100,64.133330,2.003500,0.538867,16394
29,11,12574,pixel3,cifar100,72.740000,16.473900,0.538867,16394
29,11,10689,pixel3,cifar100,67.500000,3.109220,0.538867,16394
29,11,6337,pixel3,cifar100,1.000000,0.008753,0.538867,16394
29,11,15363,pixel3,cifar100,70.520000,9.708640,0.538867,16394
29,11,1459,pixel3,cifar100,73.140000,23.437900,0.538867,16394
29,11,11973,pixel3,cifar100,70.340000,8.988510,0.538867,16394
29,11,8323,pixel3,cifar100,67.080000,3.106340,0.538867,16394
29,11,1593,pixel3,cifar100,62.126667,1.582050,0.538867,16394
29,11,777,pixel3,cifar100,58.650000,1.087020,0.538867,16394
29,11,485,pixel3,cifar100,67.593330,4.124800,0.538867,16394
29,11,8912,pixel3,cifar100,59.200000,1.478790,0.538867,16394
29,11,894,pixel3,cifar100,61.933334,1.581120,0.538867,16394
29,11,11301,pixel3,cifar100,68.220000,5.352090,0.538867,16394
29,11,6787,pixel3,cifar100,70.720000,9.854430,0.538867,16394
29,11,10042,pixel3,cifar100,64.880000,2.794690,0.538867,16394
29,12,6787,raspi4,cifar100,70.720000,23.081835,0.643079,16380
29,12,8740,raspi4,cifar100,1.000000,0.015215,0.643079,16380
29,12,9930,raspi4,cifar100,73.513336,71.152000,0.643079,16380
29,12,3888,raspi4,cifar100,73.260000,55.029520,0.643079,16380
29,12,4418,raspi4,cifar100,72.746666,47.162354,0.643079,16380
29,12,14112,raspi4,cifar100,68.386665,14.423308,0.643079,16380
29,12,898,raspi4,cifar100,70.000000,21.506163,0.643079,16380
29,12,1459,raspi4,cifar100,73.140000,53.879950,0.643079,16380
29,12,4409,raspi4,cifar100,67.173330,7.228629,0.643079,16380
29,12,7030,raspi4,cifar100,69.600000,19.218203,0.643079,16380
29,12,15589,raspi4,cifar100,59.060000,2.795078,0.643079,16380
29,12,15363,raspi4,cifar100,70.520000,21.809430,0.643079,16380
29,12,12915,raspi4,cifar100,66.950000,7.226311,0.643079,16380
29,12,9271,raspi4,cifar100,63.400000,4.800893,0.643079,16380
29,12,14714,raspi4,cifar100,71.280000,24.692347,0.643079,16380
29,12,6822,raspi4,cifar100,58.426666,2.558594,0.643079,16380
29,12,14612,raspi4,cifar100,58.720000,2.563505,0.643079,16380
29,12,2035,raspi4,cifar100,63.926666,5.005698,0.643079,16380
29,12,12574,raspi4,cifar100,72.740000,36.371254,0.643079,16380
29,12,8912,raspi4,cifar100,59.200000,2.818969,0.643079,16380
29,12,9997,raspi4,cifar100,71.520000,34.996710,0.643079,16380
29,12,10222,raspi4,cifar100,58.860000,2.747804,0.643079,16380
29,12,6925,raspi4,cifar100,71.220000,24.195030,0.643079,16380
29,12,13430,raspi4,cifar100,66.700000,7.203785,0.643079,16380
29,12,10042,raspi4,cifar100,64.880000,5.100886,0.643079,16380
29,12,375,raspi4,cifar100,64.440000,5.099302,0.643079,16380
29,12,12761,raspi4,cifar100,72.860000,53.718200,0.643079,16380
29,12,2222,raspi4,cifar100,58.313330,2.538255,0.643079,16380
29,12,1572,raspi4,cifar100,69.900000,19.916142,0.643079,16380
29,12,4659,raspi4,cifar100,70.060000,21.672482,0.643079,16380
29,12,4498,raspi4,cifar100,64.086670,5.022347,0.643079,16380
29,12,14792,raspi4,cifar100,69.500000,19.111843,0.643079,16380
29,12,6918,raspi4,cifar100,58.800000,2.571364,0.643079,16380
29,12,10689,raspi4,cifar100,67.500000,7.381845,0.643079,16380
29,12,8720,raspi4,cifar100,64.130000,5.082239,0.643079,16380
29,12,12607,raspi4,cifar100,62.600000,4.779045,0.643079,16380
29,12,9926,raspi4,cifar100,63.520000,4.999532,0.643079,16380
29,13,6950,edgegpu,ImageNet16-120,38.700000,1.740150,0.561100,16372
29,13,4587,edgegpu,ImageNet16-120,28.800000,1.445131,0.561100,16372
29,13,4946,edgegpu,ImageNet16-120,44.700000,3.490419,0.561100,16372
29,13,9722,edgegpu,ImageNet16-120,44.000000,3.327813,0.561100,16372
29,13,8401,edgegpu,ImageNet16-120,43.833332,3.322444,0.561100,16372
29,13,7760,edgegpu,ImageNet16-120,39.100000,1.743751,0.561100,16372
29,13,15288,edgegpu,ImageNet16-120,28.422222,1.417041,0.561100,16372
29,13,12415,edgegpu,ImageNet16-120,46.566666,4.667692,0.561100,16372
29,13,8426,edgegpu,ImageNet16-120,44.633335,3.370147,0.561100,16372
29,13,14840,edgegpu,ImageNet16-120,45.311110,4.224715,0.561100,16372
29,13,1164,edgegpu,ImageNet16-120,28.522223,1.435223,0.561100,16372
29,13,14612,edgegpu,ImageNet16-120,28.488890,1.434064,0.561100,16372
29,13,8884,edgegpu,ImageNet16-120,45.033333,3.499999,0.561100,16372
29,13,4160,edgegpu,ImageNet16-120,39.833332,1.756272,0.561100,16372
29,13,14117,edgegpu,ImageNet16-120,28.677778,1.435547,0.561100,16372
29,13,10947,edgegpu,ImageNet16-120,39.944443,1.909800,0.561100,16372
29,13,15376,edgegpu,ImageNet16-120,0.833333,0.533953,0.561100,16372
29,13,11217,edgegpu,ImageNet16-120,43.466667,3.316708,0.561100,16372
29,13,9586,edgegpu,ImageNet16-120,46.933334,5.222673,0.561100,16372
29,13,7187,edgegpu,ImageNet16-120,28.683332,1.443858,0.561100,16372
29,13,13760,edgegpu,ImageNet16-120,32.333332,1.739759,0.561100,16372
29,13,2650,edgegpu,ImageNet16-120,42.433334,3.309817,0.561100,16372
29,13,454,edgegpu,ImageNet16-120,41.277780,3.303313,0.561100,16372
29,13,857,edgegpu,ImageNet16-120,47.311110,6.707663,0.561100,16372
29,13,15383,edgegpu,ImageNet16-120,47.033333,6.262836,0.561100,16372
29,13,5751,edgegpu,ImageNet16-120,40.044445,2.434626,0.561100,16372
29,13,4988,edgegpu,ImageNet16-120,28.933332,1.448212,0.561100,16372
29,13,4332,edgegpu,ImageNet16-120,39.444443,1.745496,0.561100,16372
29,13,13411,edgegpu,ImageNet16-120,31.855556,1.736240,0.561100,16372
29,13,15159,edgegpu,ImageNet16-120,45.566666,4.632421,0.561100,16372
29,13,12081,edgegpu,ImageNet16-120,40.233334,2.730479,0.561100,16372
29,14,7750,edgetpu,ImageNet16-120,43.066666,0.551617,0.514163,15913
29,14,13097,edgetpu,ImageNet16-120,39.655556,0.428424,0.514163,15913
29,14,7174,edgetpu,ImageNet16-120,33.116665,0.391775,0.514163,15913
29,14,10332,edgetpu,ImageNet16-120,40.033333,0.516152,0.514163,15913
29,14,5751,edgetpu,ImageNet16-120,40.044445,0.516992,0.514163,15913
29,14,11079,edgetpu,ImageNet16-120,43.566666,0.552430,0.514163,15913
29,14,7273,edgetpu,ImageNet16-120,42.966667,0.550014,0.514163,15913
29,14,4977,edgetpu,ImageNet16-120,32.966667,0.367728,0.514163,15913
29,14,5973,edgetpu,ImageNet16-120,40.100000,0.517454,0.514163,15913
29,14,13769,edgetpu,ImageNet16-120,41.555557,0.549360,0.514163,15913
29,14,11885,edgetpu,ImageNet16-120,39.166668,0.427395,0.514163,15913
29,14,857,edgetpu,ImageNet16-120,47.311110,0.997730,0.514163,15913
29,14,5586,edgetpu,ImageNet16-120,40.811110,0.546420,0.514163,15913
29,14,3540,edgetpu,ImageNet16-120,45.122223,0.648670,0.514163,15913
29,14,4627,edgetpu,ImageNet16-120,43.500000,0.552306,0.514163,15913
29,14,9689,edgetpu,ImageNet16-120,42.533333,0.549702,0.514163,15913
29,14,8884,edgetpu,ImageNet16-120,45.033333,0.615792,0.514163,15913
29,14,8781,edgetpu,ImageNet16-120,32.366665,0.363484,0.514163,15913
29,14,13931,edgetpu,ImageNet16-120,28.788889,0.360349,0.514163,15913
29,14,8915,edgetpu,ImageNet16-120,32.611110,0.364729,0.514163,15913
29,14,7357,edgetpu,ImageNet16-120,44.666668,0.600498,0.514163,15913
29,14,10167,edgetpu,ImageNet16-120,39.944443,0.444058,0.514163,15913
29,14,15014,edgetpu,ImageNet16-120,28.266666,0.358110,0.514163,15913
29,14,15363,edgetpu,ImageNet16-120,44.333332,0.582280,0.514163,15913
29,14,15383,edgetpu,ImageNet16-120,47.033333,0.780914,0.514163,15913
29,14,12415,edgetpu,ImageNet16-120,46.566666,0.710906,0.514163,15913
29,14,4830,edgetpu,ImageNet16-120,42.233334,0.549457,0.514163,15913
29,14,14662,edgetpu,ImageNet16-120,41.166668,0.547835,0.514163,15913
29,14,6520,edgetpu,ImageNet16-120,32.383335,0.363944,0.514163,15913
29,14,15107,edgetpu,ImageNet16-120,39.800000,0.430284,0.514163,15913
29,14,13284,edgetpu,ImageNet16-120,40.177776,0.534381,0.514163,15913
29,14,14840,edgetpu,ImageNet16-120,45.311110,0.666690,0.514163,15913
29,14,13972,edgetpu,ImageNet16-120,31.933332,0.363440,0.514163,15913
29,14,10888,edgetpu,ImageNet16-120,28.333334,0.359044,0.514163,15913
29,14,6858,edgetpu,ImageNet16-120,40.333332,0.541300,0.514163,15913
29,14,4988,edgetpu,ImageNet16-120,28.933332,0.360694,0.514163,15913
29,14,6950,edgetpu,ImageNet16-120,38.700000,0.427379,0.514163,15913
29,14,8447,edgetpu,ImageNet16-120,40.011112,0.514586,0.514163,15913
29,14,11282,edgetpu,ImageNet16-120,39.633335,0.428409,0.514163,15913
29,14,11177,edgetpu,ImageNet16-120,33.200000,0.393637,0.514163,15913
29,14,4160,edgetpu,ImageNet16-120,39.833332,0.430355,0.514163,15913
29,14,7431,edgetpu,ImageNet16-120,32.577778,0.363954,0.514163,15913
29,15,4988,eyeriss,ImageNet16-120,28.933332,0.423040,0.464972,16674
29,15,8853,eyeriss,ImageNet16-120,45.600000,1.037440,0.464972,16674
29,15,5487,eyeriss,ImageNet16-120,38.500000,0.607360,0.464972,16674
29,15,6854,eyeriss,ImageNet16-120,40.800000,0.668800,0.464972,16674
29,15,8008,eyeriss,ImageNet16-120,43.500000,0.853120,0.464972,16674
29,15,6787,eyeriss,ImageNet16-120,44.400000,0.914560,0.464972,16674
29,15,15383,eyeriss,ImageNet16-120,47.033333,1.283200,0.464972,16674
29,15,2835,eyeriss,ImageNet16-120,38.222220,0.545920,0.464972,16674
29,15,1939,eyeriss,ImageNet16-120,45.077778,0.976000,0.464972,16674
29,15,14417,eyeriss,ImageNet16-120,45.900000,1.098880,0.464972,16674
29,15,857,eyeriss,ImageNet16-120,47.311110,1.651840,0.464972,16674
29,15,4829,eyeriss,ImageNet16-120,34.200000,0.484480,0.464972,16674
29,16,6854,fpga,ImageNet16-120,40.800000,0.809120,0.504906,16416
29,16,8008,fpga,ImageNet16-120,43.500000,0.876800,0.504906,16416
29,16,2835,fpga,ImageNet16-120,38.222220,0.546720,0.504906,16416
29,16,857,fpga,ImageNet16-120,47.311110,2.038400,0.504906,16416
29,16,1939,fpga,ImageNet16-120,45.077778,1.062400,0.504906,16416
29,16,6787,fpga,ImageNet16-120,44.400000,0.969600,0.504906,16416
29,16,10017,fpga,ImageNet16-120,40.566666,0.784000,0.504906,16416
29,16,6868,fpga,ImageNet16-120,39.000000,0.649120,0.504906,16416
29,16,14417,fpga,ImageNet16-120,45.900000,1.276320,0.504906,16416
29,16,15446,fpga,ImageNet16-120,45.766666,1.116320,0.504906,16416
29,16,14748,fpga,ImageNet16-120,44.900000,0.995200,0.504906,16416
29,16,15383,fpga,ImageNet16-120,47.033333,1.504000,0.504906,16416
29,16,4829,fpga,ImageNet16-120,34.200000,0.415520,0.504906,16416
29,16,11593,fpga,ImageNet16-120,40.166668,0.780320,0.504906,16416
29,16,5793,fpga,ImageNet16-120,35.033333,0.517920,0.504906,16416
29,16,4988,fpga,ImageNet16-120,28.933332,0.284320,0.504906,16416
29,17,735,pixel3,ImageNet16-120,38.544445,1.107950,0.676957,16172
29,17,4988,pixel3,ImageNet16-120,28.933332,0.485996,0.676957,16172
29,17,1110,pixel3,ImageNet16-120,28.600000,0.423927,0.676957,16172
29,17,2835,pixel3,ImageNet16-120,38.222220,0.868646,0.676957,16172
29,17,4384,pixel3,ImageNet16-120,28.133333,0.421612,0.676957,16172
29,17,10340,pixel3,ImageNet16-120,31.522223,0.617772,0.676957,16172
29,17,13059,pixel3,ImageNet16-120,34.266666,0.668679,0.676957,16172
29,17,12516,pixel3,ImageNet16-120,32.083332,0.617816,0.676957,16172
29,17,12639,pixel3,ImageNet16-120,40.400000,1.304440,0.676957,16172
29,17,6854,pixel3,ImageNet16-120,40.800000,1.621620,0.676957,16172
29,17,11079,pixel3,ImageNet16-120,43.566666,2.479610,0.676957,16172
29,17,2018,pixel3,ImageNet16-120,46.433334,4.949210,0.676957,16172
29,17,4432,pixel3,ImageNet16-120,37.800000,0.861157,0.676957,16172
29,17,4004,pixel3,ImageNet16-120,42.811110,2.467510,0.676957,16172
29,17,11000,pixel3,ImageNet16-120,44.866665,2.962520,0.676957,16172
29,17,14417,pixel3,ImageNet16-120,45.900000,4.143030,0.676957,16172
29,17,8584,pixel3,ImageNet16-120,34.088890,0.664046,0.676957,16172
29,17,12424,pixel3,ImageNet16-120,43.133330,2.470150,0.676957,16172
29,17,1549,pixel3,ImageNet16-120,28.655556,0.424747,0.676957,16172
29,17,10154,pixel3,ImageNet16-120,46.133335,4.783700,0.676957,16172
29,17,872,pixel3,ImageNet16-120,41.777780,2.465030,0.676957,16172
29,17,12103,pixel3,ImageNet16-120,28.250000,0.422433,0.676957,16172
29,17,12452,pixel3,ImageNet16-120,40.533333,1.504410,0.676957,16172
29,17,1860,pixel3,ImageNet16-120,28.433332,0.422587,0.676957,16172
29,17,15383,pixel3,ImageNet16-120,47.033333,5.191720,0.676957,16172
29,17,15446,pixel3,ImageNet16-120,45.766666,3.439380,0.676957,16172
29,17,857,pixel3,ImageNet16-120,47.311110,6.686850,0.676957,16172
29,17,3728,pixel3,ImageNet16-120,28.500000,0.422880,0.676957,16172
29,17,1939,pixel3,ImageNet16-120,45.077778,3.021500,0.676957,16172
29,17,4895,pixel3,ImageNet16-120,33.200000,0.619070,0.676957,16172
29,17,6014,pixel3,ImageNet16-120,28.533333,0.423391,0.676957,16172
29,17,4587,pixel3,ImageNet16-120,28.800000,0.445767,0.676957,16172
29,17,8954,pixel3,ImageNet16-120,28.733334,0.424855,0.676957,16172
29,17,1425,pixel3,ImageNet16-120,45.977780,4.619290,0.676957,16172
29,17,2899,pixel3,ImageNet16-120,43.911110,2.701210,0.676957,16172
29,17,1204,pixel3,ImageNet16-120,37.844444,0.864966,0.676957,16172
29,17,898,pixel3,ImageNet16-120,42.466667,2.467210,0.676957,16172
29,17,12506,pixel3,ImageNet16-120,43.983334,2.929990,0.676957,16172
29,17,12466,pixel3,ImageNet16-120,46.100000,4.680280,0.676957,16172
29,17,13756,pixel3,ImageNet16-120,0.833333,0.005289,0.676957,16172
29,17,4977,pixel3,ImageNet16-120,32.966667,0.617991,0.676957,16172
29,17,12355,pixel3,ImageNet16-120,45.033333,2.989390,0.676957,16172
29,18,10472,raspi4,ImageNet16-120,39.633335,3.079679,0.660443,16159
29,18,15363,raspi4,ImageNet16-120,44.333332,4.480516,0.660443,16159
29,18,15383,raspi4,ImageNet16-120,47.033333,8.565354,0.660443,16159
29,18,219,raspi4,ImageNet16-120,42.500000,3.768475,0.660443,16159
29,18,14677,raspi4,ImageNet16-120,33.233334,1.537227,0.660443,16159
29,18,13931,raspi4,ImageNet16-120,28.788889,0.956195,0.660443,16159
29,18,10017,raspi4,ImageNet16-120,40.566666,3.181383,0.660443,16159
29,18,6336,raspi4,ImageNet16-120,39.366665,3.073392,0.660443,16159
29,18,10167,raspi4,ImageNet16-120,39.944443,3.106316,0.660443,16159
29,18,8584,raspi4,ImageNet16-120,34.088890,1.586268,0.660443,16159
29,18,8683,raspi4,ImageNet16-120,44.200000,4.462997,0.660443,16159
29,18,6787,raspi4,ImageNet16-120,44.400000,4.532777,0.660443,16159
29,18,10835,raspi4,ImageNet16-120,45.233334,6.632419,0.660443,16159
29,18,15107,raspi4,ImageNet16-120,39.800000,3.083329,0.660443,16159
29,18,10217,raspi4,ImageNet16-120,45.100000,6.109362,0.660443,16159
29,18,3960,raspi4,ImageNet16-120,37.755554,2.197980,0.660443,16159
29,18,4995,raspi4,ImageNet16-120,42.166668,3.766336,0.660443,16159
29,18,8426,raspi4,ImageNet16-120,44.633335,5.288439,0.660443,16159
29,18,9806,raspi4,ImageNet16-120,39.966667,3.162904,0.660443,16159
29,18,1939,raspi4,ImageNet16-120,45.077778,5.341908,0.660443,16159
29,18,8733,raspi4,ImageNet16-120,46.600000,7.477213,0.660443,16159
29,18,13059,raspi4,ImageNet16-120,34.266666,1.595651,0.660443,16159
29,18,1204,raspi4,ImageNet16-120,37.844444,2.199356,0.660443,16159
29,18,8736,raspi4,ImageNet16-120,45.700000,6.658077,0.660443,16159
29,18,3782,raspi4,ImageNet16-120,41.866665,3.755286,0.660443,16159
29,18,6854,raspi4,ImageNet16-120,40.800000,3.661016,0.660443,16159
29,18,4988,raspi4,ImageNet16-120,28.933332,1.003251,0.660443,16159
29,18,2779,raspi4,ImageNet16-120,37.355556,2.190654,0.660443,16159
29,18,15446,raspi4,ImageNet16-120,45.766666,7.469873,0.660443,16159
29,18,9032,raspi4,ImageNet16-120,38.016666,2.201532,0.660443,16159
29,18,857,raspi4,ImageNet16-120,47.311110,9.020064,0.660443,16159
29,18,14792,raspi4,ImageNet16-120,43.033333,3.792447,0.660443,16159
29,18,13771,raspi4,ImageNet16-120,32.744446,1.533813,0.660443,16159
29,18,11079,raspi4,ImageNet16-120,43.566666,3.802027,0.660443,16159
29,18,8884,raspi4,ImageNet16-120,45.033333,5.293177,0.660443,16159
29,18,5530,raspi4,ImageNet16-120,42.577778,3.785925,0.660443,16159
29,18,7227,raspi4,ImageNet16-120,32.533333,1.530737,0.660443,16159
29,18,9496,raspi4,ImageNet16-120,38.200000,2.204048,0.660443,16159
29,18,1413,raspi4,ImageNet16-120,42.711113,3.788479,0.660443,16159
29,18,14750,raspi4,ImageNet16-120,32.933334,1.536700,0.660443,16159
29,18,735,raspi4,ImageNet16-120,38.544445,2.911079,0.660443,16159
29,18,12505,raspi4,ImageNet16-120,39.283333,3.062432,0.660443,16159
29,18,1188,raspi4,ImageNet16-120,32.455555,1.526725,0.660443,16159
29,18,933,raspi4,ImageNet16-120,0.833333,0.011514,0.660443,16159
29,18,12358,raspi4,ImageNet16-120,34.055557,1.582727,0.660443,16159
29,18,14697,raspi4,ImageNet16-120,33.900000,1.580382,0.660443,16159
29,18,11584,raspi4,ImageNet16-120,46.666668,8.014434,0.660443,16159
29,18,6868,raspi4,ImageNet16-120,39.000000,2.982937,0.660443,16159
29,18,7187,raspi4,ImageNet16-120,28.683332,0.952790,0.660443,16159
29,18,11946,raspi4,ImageNet16-120,28.200000,0.940293,0.660443,16159
30,1,11438,edgegpu,cifar10,92.500000,1.846719,0.523408,16555
30,1,11692,edgegpu,cifar10,94.130000,4.708362,0.523408,16555
30,1,13401,edgegpu,cifar10,87.010000,1.457009,0.523408,16555
30,1,561,edgegpu,cifar10,86.880000,1.451068,0.523408,16555
30,1,6960,edgegpu,cifar10,92.280000,1.764450,0.523408,16555
30,1,2053,edgegpu,cifar10,94.206665,5.482254,0.523408,16555
30,1,9099,edgegpu,cifar10,93.940000,3.357520,0.523408,16555
30,1,10484,edgegpu,cifar10,93.810000,3.354015,0.523408,16555
30,1,5400,edgegpu,cifar10,86.630000,1.427460,0.523408,16555
30,1,6950,edgegpu,cifar10,92.000000,1.738467,0.523408,16555
30,1,14407,edgegpu,cifar10,86.770000,1.440282,0.523408,16555
30,1,2776,edgegpu,cifar10,93.666664,3.331194,0.523408,16555
30,1,5780,edgegpu,cifar10,93.980000,3.361888,0.523408,16555
30,1,14527,edgegpu,cifar10,86.765000,1.439619,0.523408,16555
30,1,6499,edgegpu,cifar10,93.645000,3.331041,0.523408,16555
30,1,13714,edgegpu,cifar10,94.373340,6.772180,0.523408,16555
30,1,258,edgegpu,cifar10,93.640000,3.307109,0.523408,16555
30,1,5292,edgegpu,cifar10,94.293335,6.663151,0.523408,16555
30,1,15200,edgegpu,cifar10,10.000000,0.501385,0.523408,16555
30,1,14090,edgegpu,cifar10,92.086670,1.749086,0.523408,16555
30,1,1459,edgegpu,cifar10,94.296670,6.748991,0.523408,16555
30,1,1339,edgegpu,cifar10,92.136665,1.751881,0.523408,16555
30,1,6330,edgegpu,cifar10,94.006670,4.384699,0.523408,16555
30,1,11810,edgegpu,cifar10,92.780000,1.992798,0.523408,16555
30,1,1549,edgegpu,cifar10,86.710000,1.436324,0.523408,16555
30,2,5224,edgetpu,cifar10,88.980000,0.389900,0.475773,15878
30,2,13611,edgetpu,cifar10,92.490000,0.481826,0.475773,15878
30,2,11112,edgetpu,cifar10,92.110000,0.480732,0.475773,15878
30,2,11438,edgetpu,cifar10,92.500000,0.482393,0.475773,15878
30,2,4161,edgetpu,cifar10,89.250000,0.391221,0.475773,15878
30,2,5780,edgetpu,cifar10,93.980000,0.723967,0.475773,15878
30,2,6382,edgetpu,cifar10,93.376660,0.628638,0.475773,15878
30,2,7017,edgetpu,cifar10,86.970000,0.353089,0.475773,15878
30,2,2053,edgetpu,cifar10,94.206665,1.042178,0.475773,15878
30,2,797,edgetpu,cifar10,93.280000,0.627996,0.475773,15878
30,2,13714,edgetpu,cifar10,94.373340,1.377865,0.475773,15878
30,2,6584,edgetpu,cifar10,94.160000,0.888877,0.475773,15878
30,2,11810,edgetpu,cifar10,92.780000,0.482879,0.475773,15878
30,2,3731,edgetpu,cifar10,94.343330,1.282820,0.475773,15878
30,2,9950,edgetpu,cifar10,93.840000,0.723767,0.475773,15878
30,2,5111,edgetpu,cifar10,94.306660,1.152010,0.475773,15878
30,2,8008,edgetpu,cifar10,93.480000,0.629746,0.475773,15878
30,2,10683,edgetpu,cifar10,92.330000,0.481277,0.475773,15878
30,2,11692,edgetpu,cifar10,94.130000,0.761100,0.475773,15878
30,2,3927,edgetpu,cifar10,93.626660,0.723268,0.475773,15878
30,2,5258,edgetpu,cifar10,88.775000,0.388629,0.475773,15878
30,2,2485,edgetpu,cifar10,86.700000,0.346546,0.475773,15878
30,2,9380,edgetpu,cifar10,89.335000,0.395662,0.475773,15878
30,2,9689,edgetpu,cifar10,93.370000,0.628386,0.475773,15878
30,2,6407,edgetpu,cifar10,88.933334,0.389381,0.475773,15878
30,2,1595,edgetpu,cifar10,88.963330,0.389815,0.475773,15878
30,2,15000,edgetpu,cifar10,92.400000,0.481741,0.475773,15878
30,2,10581,edgetpu,cifar10,89.015000,0.390403,0.475773,15878
30,2,6515,edgetpu,cifar10,93.616670,0.722858,0.475773,15878
30,2,10815,edgetpu,cifar10,88.970000,0.389885,0.475773,15878
30,3,8008,eyeriss,cifar10,93.480000,3.399860,0.451944,16477
30,3,13714,eyeriss,cifar10,94.373340,7.823540,0.451944,16477
30,3,6854,eyeriss,cifar10,91.040000,2.662580,0.451944,16477
30,3,8592,eyeriss,cifar10,93.750000,3.891380,0.451944,16477
30,3,11472,eyeriss,cifar10,93.970000,4.628660,0.451944,16477
30,3,5111,eyeriss,cifar10,94.306660,5.365940,0.451944,16477
30,3,6899,eyeriss,cifar10,90.900000,2.416820,0.451944,16477
30,3,6584,eyeriss,cifar10,94.160000,4.874420,0.451944,16477
30,3,6111,eyeriss,cifar10,94.373340,7.823540,0.451944,16477
30,3,3731,eyeriss,cifar10,94.343330,6.594740,0.451944,16477
30,3,14112,eyeriss,cifar10,91.296670,2.908340,0.451944,16477
30,3,8323,eyeriss,cifar10,90.870000,2.171060,0.451944,16477
30,3,4384,eyeriss,cifar10,86.796670,1.679540,0.451944,16477
30,3,13987,eyeriss,cifar10,93.596664,3.645620,0.451944,16477
30,3,12438,eyeriss,cifar10,89.875000,1.925300,0.451944,16477
30,3,13611,eyeriss,cifar10,92.490000,3.154100,0.451944,16477
30,4,10431,fpga,cifar10,87.000000,1.542560,0.446828,16270
30,4,5217,fpga,cifar10,89.910000,2.057760,0.446828,16270
30,4,12438,fpga,cifar10,89.875000,1.648160,0.446828,16270
30,4,15000,fpga,cifar10,92.400000,2.390560,0.446828,16270
30,4,8720,fpga,cifar10,89.875000,1.648160,0.446828,16270
30,4,11472,fpga,cifar10,93.970000,3.648160,0.446828,16270
30,4,5111,fpga,cifar10,94.306660,5.193760,0.446828,16270
30,4,3731,fpga,cifar10,94.343330,5.936160,0.446828,16270
30,4,6584,fpga,cifar10,94.160000,4.163360,0.446828,16270
30,4,10412,fpga,cifar10,93.530000,3.420960,0.446828,16270
30,4,8323,fpga,cifar10,90.870000,2.163360,0.446828,16270
30,4,8008,fpga,cifar10,93.480000,2.905760,0.446828,16270
30,4,4384,fpga,cifar10,86.796670,1.132960,0.446828,16270
30,4,6111,fpga,cifar10,94.373340,6.678560,0.446828,16270
30,4,13714,fpga,cifar10,94.373340,6.678560,0.446828,16270
30,5,1943,pixel3,cifar10,93.116670,6.492030,0.681627,16335
30,5,8836,pixel3,cifar10,92.220000,6.313990,0.681627,16335
30,5,13096,pixel3,cifar10,90.700000,2.666040,0.681627,16335
30,5,6985,pixel3,cifar10,89.940000,2.367450,0.681627,16335
30,5,1781,pixel3,cifar10,89.883330,1.712020,0.681627,16335
30,5,5111,pixel3,cifar10,94.306660,17.584600,0.681627,16335
30,5,2779,pixel3,cifar10,90.806660,3.102950,0.681627,16335
30,5,7197,pixel3,cifar10,90.366670,2.447670,0.681627,16335
30,5,6918,pixel3,cifar10,87.000000,1.478790,0.681627,16335
30,5,13987,pixel3,cifar10,93.596664,9.922680,0.681627,16335
30,5,5224,pixel3,cifar10,88.980000,1.570360,0.681627,16335
30,5,1631,pixel3,cifar10,89.506670,1.697120,0.681627,16335
30,5,8323,pixel3,cifar10,90.870000,3.106420,0.681627,16335
30,5,1804,pixel3,cifar10,89.063330,1.579900,0.681627,16335
30,5,13171,pixel3,cifar10,93.530000,7.717220,0.681627,16335
30,5,8592,pixel3,cifar10,93.750000,10.769800,0.681627,16335
30,5,6434,pixel3,cifar10,91.080000,4.811140,0.681627,16335
30,5,1941,pixel3,cifar10,93.533330,9.128690,0.681627,16335
30,5,2035,pixel3,cifar10,89.670000,1.706480,0.681627,16335
30,5,6854,pixel3,cifar10,91.040000,4.514220,0.681627,16335
30,5,7017,pixel3,cifar10,86.970000,1.403930,0.681627,16335
30,5,4627,pixel3,cifar10,93.270000,7.036050,0.681627,16335
30,5,1425,pixel3,cifar10,93.933334,12.536500,0.681627,16335
30,5,6382,pixel3,cifar10,93.376660,7.048190,0.681627,16335
30,5,11692,pixel3,cifar10,94.130000,15.490100,0.681627,16335
30,5,10689,pixel3,cifar10,90.790000,2.669770,0.681627,16335
30,5,9230,pixel3,cifar10,86.580000,1.056760,0.681627,16335
30,5,12452,pixel3,cifar10,91.350000,5.590110,0.681627,16335
30,5,1339,pixel3,cifar10,92.136665,5.802240,0.681627,16335
30,5,3731,pixel3,cifar10,94.343330,23.361300,0.681627,16335
30,5,55,pixel3,cifar10,86.756670,1.057440,0.681627,16335
30,5,6999,pixel3,cifar10,93.820000,12.260900,0.681627,16335
30,5,8695,pixel3,cifar10,94.220000,17.564500,0.681627,16335
30,5,2018,pixel3,cifar10,94.063330,14.960500,0.681627,16335
30,5,6899,pixel3,cifar10,90.900000,3.961410,0.681627,16335
30,5,1497,pixel3,cifar10,86.556660,1.056630,0.681627,16335
30,5,13869,pixel3,cifar10,93.656670,10.634700,0.681627,16335
30,5,25,pixel3,cifar10,86.540000,1.054570,0.681627,16335
30,5,3385,pixel3,cifar10,93.990000,13.656500,0.681627,16335
30,5,11972,pixel3,cifar10,91.510000,5.627010,0.681627,16335
30,5,6111,pixel3,cifar10,94.373340,23.584800,0.681627,16335
30,5,7001,pixel3,cifar10,10.000000,0.003277,0.681627,16335
30,6,6985,raspi4,cifar10,89.940000,4.995646,0.563537,16170
30,6,8008,raspi4,cifar10,93.480000,22.571420,0.563537,16170
30,6,1690,raspi4,cifar10,86.646670,2.536549,0.563537,16170
30,6,13846,raspi4,cifar10,90.720000,7.176163,0.563537,16170
30,6,5780,raspi4,cifar10,93.980000,34.928463,0.563537,16170
30,6,9380,raspi4,cifar10,89.335000,4.875613,0.563537,16170
30,6,9980,raspi4,cifar10,10.000000,0.011284,0.563537,16170
30,6,6918,raspi4,cifar10,87.000000,2.787590,0.563537,16170
30,6,14677,raspi4,cifar10,88.670000,4.755260,0.563537,16170
30,6,7017,raspi4,cifar10,86.970000,2.544041,0.563537,16170
30,6,12238,raspi4,cifar10,91.690000,16.046099,0.563537,16170
30,6,1804,raspi4,cifar10,89.063330,4.791845,0.563537,16170
30,6,1962,raspi4,cifar10,86.530000,2.529453,0.563537,16170
30,6,11692,raspi4,cifar10,94.130000,37.583630,0.563537,16170
30,6,6382,raspi4,cifar10,93.376660,21.461164,0.563537,16170
30,6,11533,raspi4,cifar10,93.420000,21.715693,0.563537,16170
30,6,13611,raspi4,cifar10,92.490000,18.523302,0.563537,16170
30,6,2058,raspi4,cifar10,93.270000,19.484835,0.563537,16170
30,6,8426,raspi4,cifar10,93.840000,31.394428,0.563537,16170
30,6,8323,raspi4,cifar10,90.870000,7.426308,0.563537,16170
30,6,8592,raspi4,cifar10,93.750000,25.477009,0.563537,16170
30,6,11810,raspi4,cifar10,92.780000,18.619905,0.563537,16170
30,6,10275,raspi4,cifar10,91.080000,9.993188,0.563537,16170
30,6,5111,raspi4,cifar10,94.306660,41.756905,0.563537,16170
30,6,12385,raspi4,cifar10,91.990000,16.485830,0.563537,16170
30,6,2035,raspi4,cifar10,89.670000,4.984099,0.563537,16170
30,6,14565,raspi4,cifar10,88.880000,4.781183,0.563537,16170
30,6,9271,raspi4,cifar10,89.250000,4.830311,0.563537,16170
30,6,11972,raspi4,cifar10,91.510000,12.403558,0.563537,16170
30,6,3731,raspi4,cifar10,94.343330,58.070793,0.563537,16170
30,6,6111,raspi4,cifar10,94.373340,68.404106,0.563537,16170
30,6,12002,raspi4,cifar10,93.510000,24.816572,0.563537,16170
30,6,12505,raspi4,cifar10,92.150000,16.747276,0.563537,16170
30,6,10412,raspi4,cifar10,93.530000,25.079220,0.563537,16170
30,6,1941,raspi4,cifar10,93.533330,25.121769,0.563537,16170
30,6,4210,raspi4,cifar10,89.030000,4.782748,0.563537,16170
30,6,6960,raspi4,cifar10,92.280000,17.162752,0.563537,16170
30,7,9930,edgegpu,cifar100,73.513336,6.803060,0.541432,16266
30,7,4954,edgegpu,cifar100,73.000000,6.669736,0.541432,16266
30,7,9997,edgegpu,cifar100,71.520000,3.466139,0.541432,16266
30,7,12415,edgegpu,cifar100,71.940000,4.828467,0.541432,16266
30,7,2304,edgegpu,cifar100,58.660000,1.440253,0.541432,16266
30,7,8401,edgegpu,cifar100,71.080000,3.302102,0.541432,16266
30,7,4418,edgegpu,cifar100,72.746666,5.352364,0.541432,16266
30,7,9922,edgegpu,cifar100,58.560000,1.428552,0.541432,16266
30,7,2778,edgegpu,cifar100,72.993330,6.134028,0.541432,16266
30,7,11810,edgegpu,cifar100,68.300000,1.779551,0.541432,16266
30,7,14677,edgegpu,cifar100,62.420000,1.746187,0.541432,16266
30,7,11885,edgegpu,cifar100,68.040000,1.776652,0.541432,16266
30,7,11067,edgegpu,cifar100,58.186670,1.427836,0.541432,16266
30,7,1425,edgegpu,cifar100,72.093330,5.310225,0.541432,16266
30,7,6381,edgegpu,cifar100,66.800000,1.753340,0.541432,16266
30,7,6124,edgegpu,cifar100,68.360000,3.185835,0.541432,16266
30,7,8912,edgegpu,cifar100,59.200000,1.441355,0.541432,16266
30,7,3888,edgegpu,cifar100,73.260000,6.797867,0.541432,16266
30,7,1038,edgegpu,cifar100,67.500000,1.758428,0.541432,16266
30,7,1509,edgegpu,cifar100,1.000000,0.505853,0.541432,16266
30,8,1425,edgetpu,cifar100,72.093330,0.910660,0.525124,16091
30,8,9930,edgetpu,cifar100,73.513336,1.454107,0.525124,16091
30,8,12415,edgetpu,cifar100,71.940000,0.872299,0.525124,16091
30,8,781,edgetpu,cifar100,67.960000,0.487922,0.525124,16091
30,8,1110,edgetpu,cifar100,58.840000,0.355938,0.525124,16091
30,8,9271,edgetpu,cifar100,63.400000,0.393151,0.525124,16091
30,8,69,edgetpu,cifar100,71.020000,0.727259,0.525124,16091
30,8,14945,edgetpu,cifar100,58.500000,0.354940,0.525124,16091
30,8,577,edgetpu,cifar100,69.680000,0.635228,0.525124,16091
30,8,5019,edgetpu,cifar100,58.880000,0.357058,0.525124,16091
30,8,12761,edgetpu,cifar100,72.860000,1.225212,0.525124,16091
30,8,898,edgetpu,cifar100,70.000000,0.636860,0.525124,16091
30,8,4418,edgetpu,cifar100,72.746666,1.093699,0.525124,16091
30,8,1383,edgetpu,cifar100,70.273330,0.673722,0.525124,16091
30,8,797,edgetpu,cifar100,69.580000,0.633351,0.525124,16091
30,8,12574,edgetpu,cifar100,72.740000,0.932430,0.525124,16091
30,8,15363,edgetpu,cifar100,70.520000,0.676394,0.525124,16091
30,8,8401,edgetpu,cifar100,71.080000,0.728572,0.525124,16091
30,8,9997,edgetpu,cifar100,71.520000,0.729986,0.525124,16091
30,8,8912,edgetpu,cifar100,59.200000,0.377698,0.525124,16091
30,8,2705,edgetpu,cifar100,62.813330,0.393026,0.525124,16091
30,8,8638,edgetpu,cifar100,58.860000,0.356631,0.525124,16091
30,8,10000,edgetpu,cifar100,73.160000,1.283461,0.525124,16091
30,8,1996,edgetpu,cifar100,67.820000,0.486748,0.525124,16091
30,8,857,edgetpu,cifar100,72.880000,1.264168,0.525124,16091
30,8,14816,edgetpu,cifar100,66.860000,0.486025,0.525124,16091
30,8,3303,edgetpu,cifar100,62.420000,0.392593,0.525124,16091
30,8,777,edgetpu,cifar100,58.650000,0.355588,0.525124,16091
30,8,11533,edgetpu,cifar100,69.760000,0.635877,0.525124,16091
30,8,3888,edgetpu,cifar100,73.260000,1.316226,0.525124,16091
30,8,4155,edgetpu,cifar100,62.306667,0.391442,0.525124,16091
30,8,10443,edgetpu,cifar100,68.300000,0.489020,0.525124,16091
30,8,11112,edgetpu,cifar100,66.893330,0.486713,0.525124,16091
30,8,1943,edgetpu,cifar100,69.626660,0.634759,0.525124,16091
30,9,11301,eyeriss,cifar100,68.220000,2.665600,0.436346,16636
30,9,11973,eyeriss,cifar100,70.340000,3.402880,0.436346,16636
30,9,12574,eyeriss,cifar100,72.740000,5.123200,0.436346,16636
30,9,10689,eyeriss,cifar100,67.500000,2.174080,0.436346,16636
30,9,6787,eyeriss,cifar100,70.720000,3.648640,0.436346,16636
30,9,3540,eyeriss,cifar100,71.500000,4.877440,0.436346,16636
30,9,14112,eyeriss,cifar100,68.386665,2.911360,0.436346,16636
30,9,6925,eyeriss,cifar100,71.220000,3.894400,0.436346,16636
30,9,12761,eyeriss,cifar100,72.860000,6.352000,0.436346,16636
30,9,3888,eyeriss,cifar100,73.260000,6.597760,0.436346,16636
30,9,14714,eyeriss,cifar100,71.280000,4.140160,0.436346,16636
30,9,12820,eyeriss,cifar100,67.720000,2.419840,0.436346,16636
30,9,9930,eyeriss,cifar100,73.513336,9.055360,0.436346,16636
30,9,5651,eyeriss,cifar100,64.690000,1.928320,0.436346,16636
30,9,5084,eyeriss,cifar100,58.813330,1.682560,0.436346,16636
30,10,3540,fpga,cifar100,71.500000,4.163360,0.456134,16412
30,10,6787,fpga,cifar100,70.720000,3.420960,0.456134,16412
30,10,7250,fpga,cifar100,67.706665,2.390560,0.456134,16412
30,10,5084,fpga,cifar100,58.813330,1.132960,0.456134,16412
30,10,6830,fpga,cifar100,71.460000,4.057760,0.456134,16412
30,10,12820,fpga,cifar100,67.720000,2.678560,0.456134,16412
30,10,5651,fpga,cifar100,64.690000,1.648160,0.456134,16412
30,10,6925,fpga,cifar100,71.220000,3.936160,0.456134,16412
30,10,3888,fpga,cifar100,73.260000,5.936160,0.456134,16412
30,10,9930,fpga,cifar100,73.513336,7.420960,0.456134,16412
30,10,4249,fpga,cifar100,65.080000,2.057760,0.456134,16412
30,10,12574,fpga,cifar100,72.740000,4.678560,0.456134,16412
30,10,12761,fpga,cifar100,72.860000,5.420960,0.456134,16412
30,10,10689,fpga,cifar100,67.500000,2.163360,0.456134,16412
30,10,11973,fpga,cifar100,70.340000,2.905760,0.456134,16412
30,10,12295,fpga,cifar100,71.160000,3.648160,0.456134,16412
30,11,657,pixel3,cifar100,58.233334,1.233070,0.642169,16429
30,11,1450,pixel3,cifar100,70.506670,9.337360,0.642169,16429
30,11,1409,pixel3,cifar100,58.853333,1.275090,0.642169,16429
30,11,9930,pixel3,cifar100,73.513336,42.003600,0.642169,16429
30,11,14112,pixel3,cifar100,68.386665,5.745320,0.642169,16429
30,11,12970,pixel3,cifar100,68.140000,4.782110,0.642169,16429
30,11,11000,pixel3,cifar100,71.180000,10.677600,0.642169,16429
30,11,3888,pixel3,cifar100,73.260000,23.477200,0.642169,16429
30,11,8638,pixel3,cifar100,58.860000,1.478570,0.642169,16429
30,11,906,pixel3,cifar100,62.393333,1.661810,0.642169,16429
30,11,699,pixel3,cifar100,72.240000,12.079400,0.642169,16429
30,11,11301,pixel3,cifar100,68.220000,5.352090,0.642169,16429
30,11,6925,pixel3,cifar100,71.220000,10.688000,0.642169,16429
30,11,12574,pixel3,cifar100,72.740000,16.473900,0.642169,16429
30,11,1416,pixel3,cifar100,64.493330,2.084060,0.642169,16429
30,11,857,pixel3,cifar100,72.880000,19.113200,0.642169,16429
30,11,8323,pixel3,cifar100,67.080000,3.106340,0.642169,16429
30,11,15363,pixel3,cifar100,70.520000,9.708640,0.642169,16429
30,11,898,pixel3,cifar100,70.000000,6.516140,0.642169,16429
30,11,5651,pixel3,cifar100,64.690000,2.376870,0.642169,16429
30,11,1090,pixel3,cifar100,65.220000,2.811310,0.642169,16429
30,11,858,pixel3,cifar100,64.133330,2.003500,0.642169,16429
30,11,8912,pixel3,cifar100,59.200000,1.478790,0.642169,16429
30,11,4432,pixel3,cifar100,66.486664,3.105870,0.642169,16429
30,11,1459,pixel3,cifar100,73.140000,23.437900,0.642169,16429
30,11,6787,pixel3,cifar100,70.720000,9.854430,0.642169,16429
30,11,1631,pixel3,cifar100,63.986668,1.805000,0.642169,16429
30,11,485,pixel3,cifar100,67.593330,4.124800,0.642169,16429
30,11,1593,pixel3,cifar100,62.126667,1.582050,0.642169,16429
30,11,10689,pixel3,cifar100,67.500000,3.109220,0.642169,16429
30,11,6337,pixel3,cifar100,1.000000,0.008753,0.642169,16429
30,11,10042,pixel3,cifar100,64.880000,2.794690,0.642169,16429
30,12,14112,raspi4,cifar100,68.386665,14.423308,0.614119,16418
30,12,6822,raspi4,cifar100,58.426666,2.558594,0.614119,16418
30,12,7891,raspi4,cifar100,67.550000,12.536592,0.614119,16418
30,12,14714,raspi4,cifar100,71.280000,24.692347,0.614119,16418
30,12,3888,raspi4,cifar100,73.260000,55.029520,0.614119,16418
30,12,6787,raspi4,cifar100,70.720000,23.081835,0.614119,16418
30,12,375,raspi4,cifar100,64.440000,5.099302,0.614119,16418
30,12,12915,raspi4,cifar100,66.950000,7.226311,0.614119,16418
30,12,3408,raspi4,cifar100,63.993332,5.081906,0.614119,16418
30,12,12761,raspi4,cifar100,72.860000,53.718200,0.614119,16418
30,12,10689,raspi4,cifar100,67.500000,7.381845,0.614119,16418
30,12,4418,raspi4,cifar100,72.746666,47.162354,0.614119,16418
30,12,8912,raspi4,cifar100,59.200000,2.818969,0.614119,16418
30,12,6918,raspi4,cifar100,58.800000,2.571364,0.614119,16418
30,12,15363,raspi4,cifar100,70.520000,21.809430,0.614119,16418
30,12,10042,raspi4,cifar100,64.880000,5.100886,0.614119,16418
30,12,6925,raspi4,cifar100,71.220000,24.195030,0.614119,16418
30,12,898,raspi4,cifar100,70.000000,21.506163,0.614119,16418
30,12,13430,raspi4,cifar100,66.700000,7.203785,0.614119,16418
30,12,9997,raspi4,cifar100,71.520000,34.996710,0.614119,16418
30,12,12574,raspi4,cifar100,72.740000,36.371254,0.614119,16418
30,12,15589,raspi4,cifar100,59.060000,2.795078,0.614119,16418
30,12,14612,raspi4,cifar100,58.720000,2.563505,0.614119,16418
30,12,2222,raspi4,cifar100,58.313330,2.538255,0.614119,16418
30,12,9271,raspi4,cifar100,63.400000,4.800893,0.614119,16418
30,12,2035,raspi4,cifar100,63.926666,5.005698,0.614119,16418
30,12,8740,raspi4,cifar100,1.000000,0.015215,0.614119,16418
30,12,4659,raspi4,cifar100,70.060000,21.672482,0.614119,16418
30,12,9930,raspi4,cifar100,73.513336,71.152000,0.614119,16418
30,12,10222,raspi4,cifar100,58.860000,2.747804,0.614119,16418
30,12,14792,raspi4,cifar100,69.500000,19.111843,0.614119,16418
30,12,4409,raspi4,cifar100,67.173330,7.228629,0.614119,16418
30,12,1572,raspi4,cifar100,69.900000,19.916142,0.614119,16418
30,12,9926,raspi4,cifar100,63.520000,4.999532,0.614119,16418
30,12,7030,raspi4,cifar100,69.600000,19.218203,0.614119,16418
30,12,12607,raspi4,cifar100,62.600000,4.779045,0.614119,16418
30,12,1459,raspi4,cifar100,73.140000,53.879950,0.614119,16418
30,12,6830,raspi4,cifar100,71.460000,34.491814,0.614119,16418
30,13,11217,edgegpu,ImageNet16-120,43.466667,3.316708,0.569489,16358
30,13,8401,edgegpu,ImageNet16-120,43.833332,3.322444,0.569489,16358
30,13,9722,edgegpu,ImageNet16-120,44.000000,3.327813,0.569489,16358
30,13,4587,edgegpu,ImageNet16-120,28.800000,1.445131,0.569489,16358
30,13,14612,edgegpu,ImageNet16-120,28.488890,1.434064,0.569489,16358
30,13,4160,edgegpu,ImageNet16-120,39.833332,1.756272,0.569489,16358
30,13,12415,edgegpu,ImageNet16-120,46.566666,4.667692,0.569489,16358
30,13,8884,edgegpu,ImageNet16-120,45.033333,3.499999,0.569489,16358
30,13,4946,edgegpu,ImageNet16-120,44.700000,3.490419,0.569489,16358
30,13,6950,edgegpu,ImageNet16-120,38.700000,1.740150,0.569489,16358
30,13,5751,edgegpu,ImageNet16-120,40.044445,2.434626,0.569489,16358
30,13,857,edgegpu,ImageNet16-120,47.311110,6.707663,0.569489,16358
30,13,2650,edgegpu,ImageNet16-120,42.433334,3.309817,0.569489,16358
30,13,15288,edgegpu,ImageNet16-120,28.422222,1.417041,0.569489,16358
30,13,14117,edgegpu,ImageNet16-120,28.677778,1.435547,0.569489,16358
30,13,10947,edgegpu,ImageNet16-120,39.944443,1.909800,0.569489,16358
30,13,15159,edgegpu,ImageNet16-120,45.566666,4.632421,0.569489,16358
30,13,8426,edgegpu,ImageNet16-120,44.633335,3.370147,0.569489,16358
30,13,1164,edgegpu,ImageNet16-120,28.522223,1.435223,0.569489,16358
30,13,7760,edgegpu,ImageNet16-120,39.100000,1.743751,0.569489,16358
30,13,7187,edgegpu,ImageNet16-120,28.683332,1.443858,0.569489,16358
30,13,454,edgegpu,ImageNet16-120,41.277780,3.303313,0.569489,16358
30,13,4988,edgegpu,ImageNet16-120,28.933332,1.448212,0.569489,16358
30,13,14840,edgegpu,ImageNet16-120,45.311110,4.224715,0.569489,16358
30,13,13411,edgegpu,ImageNet16-120,31.855556,1.736240,0.569489,16358
30,13,9586,edgegpu,ImageNet16-120,46.933334,5.222673,0.569489,16358
30,13,12081,edgegpu,ImageNet16-120,40.233334,2.730479,0.569489,16358
30,13,15376,edgegpu,ImageNet16-120,0.833333,0.533953,0.569489,16358
30,13,4332,edgegpu,ImageNet16-120,39.444443,1.745496,0.569489,16358
30,13,13760,edgegpu,ImageNet16-120,32.333332,1.739759,0.569489,16358
30,13,15383,edgegpu,ImageNet16-120,47.033333,6.262836,0.569489,16358
30,14,5674,edgetpu,ImageNet16-120,39.650000,0.428605,0.498085,15904
30,14,13769,edgetpu,ImageNet16-120,41.555557,0.549360,0.498085,15904
30,14,13972,edgetpu,ImageNet16-120,31.933332,0.363440,0.498085,15904
30,14,3540,edgetpu,ImageNet16-120,45.122223,0.648670,0.498085,15904
30,14,4830,edgetpu,ImageNet16-120,42.233334,0.549457,0.498085,15904
30,14,12415,edgetpu,ImageNet16-120,46.566666,0.710906,0.498085,15904
30,14,13931,edgetpu,ImageNet16-120,28.788889,0.360349,0.498085,15904
30,14,15363,edgetpu,ImageNet16-120,44.333332,0.582280,0.498085,15904
30,14,5751,edgetpu,ImageNet16-120,40.044445,0.516992,0.498085,15904
30,14,8884,edgetpu,ImageNet16-120,45.033333,0.615792,0.498085,15904
30,14,4627,edgetpu,ImageNet16-120,43.500000,0.552306,0.498085,15904
30,14,857,edgetpu,ImageNet16-120,47.311110,0.997730,0.498085,15904
30,14,10888,edgetpu,ImageNet16-120,28.333334,0.359044,0.498085,15904
30,14,15014,edgetpu,ImageNet16-120,28.266666,0.358110,0.498085,15904
30,14,7273,edgetpu,ImageNet16-120,42.966667,0.550014,0.498085,15904
30,14,11885,edgetpu,ImageNet16-120,39.166668,0.427395,0.498085,15904
30,14,10167,edgetpu,ImageNet16-120,39.944443,0.444058,0.498085,15904
30,14,10332,edgetpu,ImageNet16-120,40.033333,0.516152,0.498085,15904
30,14,15383,edgetpu,ImageNet16-120,47.033333,0.780914,0.498085,15904
30,14,15107,edgetpu,ImageNet16-120,39.800000,0.430284,0.498085,15904
30,14,4160,edgetpu,ImageNet16-120,39.833332,0.430355,0.498085,15904
30,14,7357,edgetpu,ImageNet16-120,44.666668,0.600498,0.498085,15904
30,14,9689,edgetpu,ImageNet16-120,42.533333,0.549702,0.498085,15904
30,14,8781,edgetpu,ImageNet16-120,32.366665,0.363484,0.498085,15904
30,14,10017,edgetpu,ImageNet16-120,40.566666,0.524950,0.498085,15904
30,14,7431,edgetpu,ImageNet16-120,32.577778,0.363954,0.498085,15904
30,14,11079,edgetpu,ImageNet16-120,43.566666,0.552430,0.498085,15904
30,14,7750,edgetpu,ImageNet16-120,43.066666,0.551617,0.498085,15904
30,14,7396,edgetpu,ImageNet16-120,40.177776,0.517218,0.498085,15904
30,14,70,edgetpu,ImageNet16-120,39.377777,0.428228,0.498085,15904
30,14,12231,edgetpu,ImageNet16-120,40.200000,0.518358,0.498085,15904
30,14,4988,edgetpu,ImageNet16-120,28.933332,0.360694,0.498085,15904
30,14,14840,edgetpu,ImageNet16-120,45.311110,0.666690,0.498085,15904
30,14,14677,edgetpu,ImageNet16-120,33.233334,0.364575,0.498085,15904
30,14,11282,edgetpu,ImageNet16-120,39.633335,0.428409,0.498085,15904
30,14,6950,edgetpu,ImageNet16-120,38.700000,0.427379,0.498085,15904
30,14,8447,edgetpu,ImageNet16-120,40.011112,0.514586,0.498085,15904
30,14,14662,edgetpu,ImageNet16-120,41.166668,0.547835,0.498085,15904
30,15,5487,eyeriss,ImageNet16-120,38.500000,0.607360,0.480968,16651
30,15,4988,eyeriss,ImageNet16-120,28.933332,0.423040,0.480968,16651
30,15,6854,eyeriss,ImageNet16-120,40.800000,0.668800,0.480968,16651
30,15,857,eyeriss,ImageNet16-120,47.311110,1.651840,0.480968,16651
30,15,8853,eyeriss,ImageNet16-120,45.600000,1.037440,0.480968,16651
30,15,2835,eyeriss,ImageNet16-120,38.222220,0.545920,0.480968,16651
30,15,1939,eyeriss,ImageNet16-120,45.077778,0.976000,0.480968,16651
30,15,4829,eyeriss,ImageNet16-120,34.200000,0.484480,0.480968,16651
30,15,8008,eyeriss,ImageNet16-120,43.500000,0.853120,0.480968,16651
30,15,14417,eyeriss,ImageNet16-120,45.900000,1.098880,0.480968,16651
30,15,6787,eyeriss,ImageNet16-120,44.400000,0.914560,0.480968,16651
30,15,15383,eyeriss,ImageNet16-120,47.033333,1.283200,0.480968,16651
30,16,6868,fpga,ImageNet16-120,39.000000,0.649120,0.496144,16410
30,16,5793,fpga,ImageNet16-120,35.033333,0.517920,0.496144,16410
30,16,14748,fpga,ImageNet16-120,44.900000,0.995200,0.496144,16410
30,16,2835,fpga,ImageNet16-120,38.222220,0.546720,0.496144,16410
30,16,6787,fpga,ImageNet16-120,44.400000,0.969600,0.496144,16410
30,16,15383,fpga,ImageNet16-120,47.033333,1.504000,0.496144,16410
30,16,8008,fpga,ImageNet16-120,43.500000,0.876800,0.496144,16410
30,16,1939,fpga,ImageNet16-120,45.077778,1.062400,0.496144,16410
30,16,6854,fpga,ImageNet16-120,40.800000,0.809120,0.496144,16410
30,16,14417,fpga,ImageNet16-120,45.900000,1.276320,0.496144,16410
30,16,4988,fpga,ImageNet16-120,28.933332,0.284320,0.496144,16410
30,16,857,fpga,ImageNet16-120,47.311110,2.038400,0.496144,16410
30,16,4829,fpga,ImageNet16-120,34.200000,0.415520,0.496144,16410
30,16,11593,fpga,ImageNet16-120,40.166668,0.780320,0.496144,16410
30,16,10017,fpga,ImageNet16-120,40.566666,0.784000,0.496144,16410
30,16,15446,fpga,ImageNet16-120,45.766666,1.116320,0.496144,16410
30,17,10340,pixel3,ImageNet16-120,31.522223,0.617772,0.668896,16260
30,17,4004,pixel3,ImageNet16-120,42.811110,2.467510,0.668896,16260
30,17,12639,pixel3,ImageNet16-120,40.400000,1.304440,0.668896,16260
30,17,872,pixel3,ImageNet16-120,41.777780,2.465030,0.668896,16260
30,17,1425,pixel3,ImageNet16-120,45.977780,4.619290,0.668896,16260
30,17,8683,pixel3,ImageNet16-120,44.200000,2.711960,0.668896,16260
30,17,2018,pixel3,ImageNet16-120,46.433334,4.949210,0.668896,16260
30,17,1110,pixel3,ImageNet16-120,28.600000,0.423927,0.668896,16260
30,17,4384,pixel3,ImageNet16-120,28.133333,0.421612,0.668896,16260
30,17,6854,pixel3,ImageNet16-120,40.800000,1.621620,0.668896,16260
30,17,8853,pixel3,ImageNet16-120,45.600000,3.554540,0.668896,16260
30,17,14417,pixel3,ImageNet16-120,45.900000,4.143030,0.668896,16260
30,17,10154,pixel3,ImageNet16-120,46.133335,4.783700,0.668896,16260
30,17,12424,pixel3,ImageNet16-120,43.133330,2.470150,0.668896,16260
30,17,4895,pixel3,ImageNet16-120,33.200000,0.619070,0.668896,16260
30,17,11000,pixel3,ImageNet16-120,44.866665,2.962520,0.668896,16260
30,17,4977,pixel3,ImageNet16-120,32.966667,0.617991,0.668896,16260
30,17,2835,pixel3,ImageNet16-120,38.222220,0.868646,0.668896,16260
30,17,13756,pixel3,ImageNet16-120,0.833333,0.005289,0.668896,16260
30,17,1549,pixel3,ImageNet16-120,28.655556,0.424747,0.668896,16260
30,17,758,pixel3,ImageNet16-120,28.333334,0.422134,0.668896,16260
30,17,4587,pixel3,ImageNet16-120,28.800000,0.445767,0.668896,16260
30,17,857,pixel3,ImageNet16-120,47.311110,6.686850,0.668896,16260
30,17,3728,pixel3,ImageNet16-120,28.500000,0.422880,0.668896,16260
30,17,2899,pixel3,ImageNet16-120,43.911110,2.701210,0.668896,16260
30,17,1204,pixel3,ImageNet16-120,37.844444,0.864966,0.668896,16260
30,17,1939,pixel3,ImageNet16-120,45.077778,3.021500,0.668896,16260
30,17,4988,pixel3,ImageNet16-120,28.933332,0.485996,0.668896,16260
30,17,8584,pixel3,ImageNet16-120,34.088890,0.664046,0.668896,16260
30,17,735,pixel3,ImageNet16-120,38.544445,1.107950,0.668896,16260
30,17,4432,pixel3,ImageNet16-120,37.800000,0.861157,0.668896,16260
30,17,12466,pixel3,ImageNet16-120,46.100000,4.680280,0.668896,16260
30,17,13059,pixel3,ImageNet16-120,34.266666,0.668679,0.668896,16260
30,17,8954,pixel3,ImageNet16-120,28.733334,0.424855,0.668896,16260
30,17,12452,pixel3,ImageNet16-120,40.533333,1.504410,0.668896,16260
30,17,15383,pixel3,ImageNet16-120,47.033333,5.191720,0.668896,16260
30,17,11079,pixel3,ImageNet16-120,43.566666,2.479610,0.668896,16260
30,17,6014,pixel3,ImageNet16-120,28.533333,0.423391,0.668896,16260
30,18,4160,raspi4,ImageNet16-120,39.833332,3.114462,0.697915,16101
30,18,219,raspi4,ImageNet16-120,42.500000,3.768475,0.697915,16101
30,18,3782,raspi4,ImageNet16-120,41.866665,3.755286,0.697915,16101
30,18,13059,raspi4,ImageNet16-120,34.266666,1.595651,0.697915,16101
30,18,14677,raspi4,ImageNet16-120,33.233334,1.537227,0.697915,16101
30,18,15363,raspi4,ImageNet16-120,44.333332,4.480516,0.697915,16101
30,18,1413,raspi4,ImageNet16-120,42.711113,3.788479,0.697915,16101
30,18,11584,raspi4,ImageNet16-120,46.666668,8.014434,0.697915,16101
30,18,3960,raspi4,ImageNet16-120,37.755554,2.197980,0.697915,16101
30,18,15383,raspi4,ImageNet16-120,47.033333,8.565354,0.697915,16101
30,18,13931,raspi4,ImageNet16-120,28.788889,0.956195,0.697915,16101
30,18,8884,raspi4,ImageNet16-120,45.033333,5.293177,0.697915,16101
30,18,6854,raspi4,ImageNet16-120,40.800000,3.661016,0.697915,16101
30,18,12505,raspi4,ImageNet16-120,39.283333,3.062432,0.697915,16101
30,18,8736,raspi4,ImageNet16-120,45.700000,6.658077,0.697915,16101
30,18,10835,raspi4,ImageNet16-120,45.233334,6.632419,0.697915,16101
30,18,6787,raspi4,ImageNet16-120,44.400000,4.532777,0.697915,16101
30,18,14792,raspi4,ImageNet16-120,43.033333,3.792447,0.697915,16101
30,18,3687,raspi4,ImageNet16-120,34.066666,1.583497,0.697915,16101
30,18,8426,raspi4,ImageNet16-120,44.633335,5.288439,0.697915,16101
30,18,7187,raspi4,ImageNet16-120,28.683332,0.952790,0.697915,16101
30,18,11079,raspi4,ImageNet16-120,43.566666,3.802027,0.697915,16101
30,18,11946,raspi4,ImageNet16-120,28.200000,0.940293,0.697915,16101
30,18,1939,raspi4,ImageNet16-120,45.077778,5.341908,0.697915,16101
30,18,2779,raspi4,ImageNet16-120,37.355556,2.190654,0.697915,16101
30,18,10217,raspi4,ImageNet16-120,45.100000,6.109362,0.697915,16101
30,18,4995,raspi4,ImageNet16-120,42.166668,3.766336,0.697915,16101
30,18,8683,raspi4,ImageNet16-120,44.200000,4.462997,0.697915,16101
30,18,10472,raspi4,ImageNet16-120,39.633335,3.079679,0.697915,16101
30,18,8355,raspi4,ImageNet16-120,39.666668,3.083286,0.697915,16101
30,18,4988,raspi4,ImageNet16-120,28.933332,1.003251,0.697915,16101
30,18,5455,raspi4,ImageNet16-120,32.611110,1.532377,0.697915,16101
30,18,1204,raspi4,ImageNet16-120,37.844444,2.199356,0.697915,16101
30,18,6868,raspi4,ImageNet16-120,39.000000,2.982937,0.697915,16101
30,18,933,raspi4,ImageNet16-120,0.833333,0.011514,0.697915,16101
30,18,735,raspi4,ImageNet16-120,38.544445,2.911079,0.697915,16101
30,18,8733,raspi4,ImageNet16-120,46.600000,7.477213,0.697915,16101
30,18,9496,raspi4,ImageNet16-120,38.200000,2.204048,0.697915,16101
30,18,8447,raspi4,ImageNet16-120,40.011112,3.156609,0.697915,16101
30,18,5530,raspi4,ImageNet16-120,42.577778,3.785925,0.697915,16101
30,18,14417,raspi4,ImageNet16-120,45.900000,6.948865,0.697915,16101
30,18,10017,raspi4,ImageNet16-120,40.566666,3.181383,0.697915,16101
30,18,8584,raspi4,ImageNet16-120,34.088890,1.586268,0.697915,16101
30,18,12358,raspi4,ImageNet16-120,34.055557,1.582727,0.697915,16101
30,18,1188,raspi4,ImageNet16-120,32.455555,1.526725,0.697915,16101
30,18,14750,raspi4,ImageNet16-120,32.933334,1.536700,0.697915,16101
30,18,5637,raspi4,ImageNet16-120,33.933334,1.580707,0.697915,16101
30,18,857,raspi4,ImageNet16-120,47.311110,9.020064,0.697915,16101
30,18,9032,raspi4,ImageNet16-120,38.016666,2.201532,0.697915,16101
