run_id,context_id,archid,device,dataset,accuracy,latency,runtime_sec,evaluations
1,1,13714,edgegpu,cifar10,94.373340,6.772180,0.165971,950
1,1,1339,edgegpu,cifar10,92.136665,1.751881,0.165971,950
1,1,2053,edgegpu,cifar10,94.206665,5.482254,0.165971,950
1,1,10683,edgegpu,cifar10,92.330000,1.924162,0.165971,950
1,1,14527,edgegpu,cifar10,86.765000,1.439619,0.165971,950
1,1,11810,edgegpu,cifar10,92.780000,1.992798,0.165971,950
1,1,1459,edgegpu,cifar10,94.296670,6.748991,0.165971,950
1,1,10484,edgegpu,cifar10,93.810000,3.354015,0.165971,950
1,1,1317,edgegpu,cifar10,94.090000,5.292902,0.165971,950
1,1,5292,edgegpu,cifar10,94.293335,6.663151,0.165971,950
1,1,6330,edgegpu,cifar10,94.006670,4.384699,0.165971,950
1,1,1601,edgegpu,cifar10,86.336670,1.433892,0.165971,950
1,1,8421,edgegpu,cifar10,10.000000,0.538597,0.165971,950
1,1,9099,edgegpu,cifar10,93.940000,3.357520,0.165971,950
1,1,5780,edgegpu,cifar10,93.980000,3.361888,0.165971,950
1,1,2776,edgegpu,cifar10,93.666664,3.331194,0.165971,950
1,1,6259,edgegpu,cifar10,86.443340,1.433926,0.165971,950
1,1,13401,edgegpu,cifar10,87.010000,1.457009,0.165971,950
1,1,3489,edgegpu,cifar10,92.190000,1.780648,0.165971,950
1,2,9950,edgetpu,cifar10,93.840000,0.723767,0.146742,950
1,2,13320,edgetpu,cifar10,89.330000,0.396446,0.146742,950
1,2,5258,edgetpu,cifar10,88.775000,0.388629,0.146742,950
1,2,6382,edgetpu,cifar10,93.376660,0.628638,0.146742,950
1,2,13714,edgetpu,cifar10,94.373340,1.377865,0.146742,950
1,2,12439,edgetpu,cifar10,86.393330,0.352159,0.146742,950
1,2,2053,edgetpu,cifar10,94.206665,1.042178,0.146742,950
1,2,797,edgetpu,cifar10,93.280000,0.627996,0.146742,950
1,2,12415,edgetpu,cifar10,93.990000,0.865453,0.146742,950
1,2,5111,edgetpu,cifar10,94.306660,1.152010,0.146742,950
1,2,4609,edgetpu,cifar10,91.930000,0.481311,0.146742,950
1,2,15288,edgetpu,cifar10,86.660000,0.354230,0.146742,950
1,2,11472,edgetpu,cifar10,93.970000,0.725244,0.146742,950
1,2,9817,edgetpu,cifar10,93.490000,0.723286,0.146742,950
1,2,6584,edgetpu,cifar10,94.160000,0.888877,0.146742,950
1,2,12607,edgetpu,cifar10,89.180000,0.391577,0.146742,950
1,2,10440,edgetpu,cifar10,88.950000,0.390495,0.146742,950
1,2,5915,edgetpu,cifar10,86.846664,0.376449,0.146742,950
1,2,12113,edgetpu,cifar10,92.245000,0.485768,0.146742,950
1,2,2385,edgetpu,cifar10,86.706665,0.369095,0.146742,950
1,3,12820,eyeriss,cifar10,90.880000,2.416820,0.100511,972
1,3,12970,eyeriss,cifar10,90.970000,2.662580,0.100511,972
1,3,6330,eyeriss,cifar10,94.006670,4.874420,0.100511,972
1,3,13987,eyeriss,cifar10,93.596664,3.645620,0.100511,972
1,3,12438,eyeriss,cifar10,89.875000,1.925300,0.100511,972
1,3,14146,eyeriss,cifar10,86.620000,1.679540,0.100511,972
1,3,9032,eyeriss,cifar10,90.740000,2.171060,0.100511,972
1,3,898,eyeriss,cifar10,93.356670,3.399860,0.100511,972
1,3,5991,eyeriss,cifar10,92.186670,3.154100,0.100511,972
1,3,2053,eyeriss,cifar10,94.206665,6.348980,0.100511,972
1,3,8649,eyeriss,cifar10,93.785000,4.628660,0.100511,972
1,3,13714,eyeriss,cifar10,94.373340,7.823540,0.100511,972
1,3,1459,eyeriss,cifar10,94.296670,6.594740,0.100511,972
1,4,9805,fpga,cifar10,89.790000,1.648160,0.084533,962
1,4,5217,fpga,cifar10,89.910000,2.057760,0.084533,962
1,4,9032,fpga,cifar10,90.740000,2.163360,0.084533,962
1,4,758,fpga,cifar10,86.705000,1.132960,0.084533,962
1,4,15000,fpga,cifar10,92.400000,2.390560,0.084533,962
1,4,3256,fpga,cifar10,93.280000,3.420960,0.084533,962
1,4,1114,fpga,cifar10,93.820000,3.648160,0.084533,962
1,4,2053,fpga,cifar10,94.206665,5.420960,0.084533,962
1,4,10431,fpga,cifar10,87.000000,1.542560,0.084533,962
1,4,11692,fpga,cifar10,94.130000,4.163360,0.084533,962
1,4,6111,fpga,cifar10,94.373340,6.678560,0.084533,962
1,4,1572,fpga,cifar10,93.226670,2.905760,0.084533,962
1,4,3731,fpga,cifar10,94.343330,5.936160,0.084533,962
1,5,4578,pixel3,cifar10,89.673330,1.714730,0.106105,961
1,5,32,pixel3,cifar10,92.376660,6.622090,0.106105,961
1,5,3960,pixel3,cifar10,90.830000,3.112580,0.106105,961
1,5,4478,pixel3,cifar10,10.000000,0.003603,0.106105,961
1,5,8573,pixel3,cifar10,89.803340,2.372100,0.106105,961
1,5,11692,pixel3,cifar10,94.130000,15.490100,0.106105,961
1,5,12820,pixel3,cifar10,90.880000,3.982790,0.106105,961
1,5,3731,pixel3,cifar10,94.343330,23.361300,0.106105,961
1,5,5915,pixel3,cifar10,86.846664,1.472530,0.106105,961
1,5,13171,pixel3,cifar10,93.530000,7.717220,0.106105,961
1,5,5224,pixel3,cifar10,88.980000,1.570360,0.106105,961
1,5,6330,pixel3,cifar10,94.006670,11.512400,0.106105,961
1,5,5111,pixel3,cifar10,94.306660,17.584600,0.106105,961
1,5,70,pixel3,cifar10,91.983330,5.810430,0.106105,961
1,5,1204,pixel3,cifar10,90.336670,2.856460,0.106105,961
1,5,11000,pixel3,cifar10,93.560000,10.109500,0.106105,961
1,5,3,pixel3,cifar10,86.616670,1.062640,0.106105,961
1,5,6111,pixel3,cifar10,94.373340,23.584800,0.106105,961
1,5,9313,pixel3,cifar10,92.910000,7.278180,0.106105,961
1,5,8592,pixel3,cifar10,93.750000,10.769800,0.106105,961
1,6,11533,raspi4,cifar10,93.420000,21.715693,0.114877,951
1,6,7030,raspi4,cifar10,93.173330,20.230932,0.114877,951
1,6,1962,raspi4,cifar10,86.530000,2.529453,0.114877,951
1,6,6918,raspi4,cifar10,87.000000,2.787590,0.114877,951
1,6,4409,raspi4,cifar10,90.590000,7.329025,0.114877,951
1,6,9240,raspi4,cifar10,90.860000,9.774760,0.114877,951
1,6,11972,raspi4,cifar10,91.510000,12.403558,0.114877,951
1,6,9893,raspi4,cifar10,88.860000,4.853474,0.114877,951
1,6,6986,raspi4,cifar10,91.600000,16.910786,0.114877,951
1,6,8426,raspi4,cifar10,93.840000,31.394428,0.114877,951
1,6,12970,raspi4,cifar10,90.970000,11.904152,0.114877,951
1,6,11692,raspi4,cifar10,94.130000,37.583630,0.114877,951
1,6,13389,raspi4,cifar10,92.240000,20.047688,0.114877,951
1,6,6111,raspi4,cifar10,94.373340,68.404106,0.114877,951
1,6,3731,raspi4,cifar10,94.343330,58.070793,0.114877,951
1,6,6358,raspi4,cifar10,92.136665,18.471127,0.114877,951
1,6,5111,raspi4,cifar10,94.306660,41.756905,0.114877,951
1,6,9543,raspi4,cifar10,93.453330,24.144102,0.114877,951
1,6,6491,raspi4,cifar10,89.803340,5.208337,0.114877,951
1,6,6577,raspi4,cifar10,10.000000,0.011297,0.114877,951
1,7,3888,edgegpu,cifar100,73.260000,6.797867,0.156209,950
1,7,8401,edgegpu,cifar100,71.080000,3.302102,0.156209,950
1,7,4609,edgegpu,cifar100,66.520000,1.758838,0.156209,950
1,7,9930,edgegpu,cifar100,73.513336,6.803060,0.156209,950
1,7,5019,edgegpu,cifar100,58.880000,1.488929,0.156209,950
1,7,12415,edgegpu,cifar100,71.940000,4.828467,0.156209,950
1,7,9922,edgegpu,cifar100,58.560000,1.428552,0.156209,950
1,7,4954,edgegpu,cifar100,73.000000,6.669736,0.156209,950
1,7,2778,edgegpu,cifar100,72.993330,6.134028,0.156209,950
1,7,7419,edgegpu,cifar100,71.260000,4.747424,0.156209,950
1,7,11465,edgegpu,cifar100,71.160000,4.351864,0.156209,950
1,7,6124,edgegpu,cifar100,68.360000,3.185835,0.156209,950
1,7,11810,edgegpu,cifar100,68.300000,1.779551,0.156209,950
1,7,2304,edgegpu,cifar100,58.660000,1.440253,0.156209,950
1,7,3953,edgegpu,cifar100,62.613335,1.757269,0.156209,950
1,7,4418,edgegpu,cifar100,72.746666,5.352364,0.156209,950
1,7,1425,edgegpu,cifar100,72.093330,5.310225,0.156209,950
1,7,14612,edgegpu,cifar100,58.720000,1.449442,0.156209,950
1,7,11438,edgegpu,cifar100,67.700000,1.778135,0.156209,950
1,7,1509,edgegpu,cifar100,1.000000,0.505853,0.156209,950
1,8,781,edgetpu,cifar100,67.960000,0.487922,0.148229,950
1,8,12424,edgetpu,cifar100,69.980000,0.638946,0.148229,950
1,8,9997,edgetpu,cifar100,71.520000,0.729986,0.148229,950
1,8,9930,edgetpu,cifar100,73.513336,1.454107,0.148229,950
1,8,3888,edgetpu,cifar100,73.260000,1.316226,0.148229,950
1,8,5019,edgetpu,cifar100,58.880000,0.357058,0.148229,950
1,8,12415,edgetpu,cifar100,71.940000,0.872299,0.148229,950
1,8,1383,edgetpu,cifar100,70.273330,0.673722,0.148229,950
1,8,9950,edgetpu,cifar100,70.380000,0.727540,0.148229,950
1,8,11219,edgetpu,cifar100,67.200000,0.486929,0.148229,950
1,8,1425,edgetpu,cifar100,72.093330,0.910660,0.148229,950
1,8,13113,edgetpu,cifar100,63.140000,0.398170,0.148229,950
1,8,12574,edgetpu,cifar100,72.740000,0.932430,0.148229,950
1,8,3811,edgetpu,cifar100,69.360000,0.634206,0.148229,950
1,8,12761,edgetpu,cifar100,72.860000,1.225212,0.148229,950
1,8,777,edgetpu,cifar100,58.650000,0.355588,0.148229,950
1,8,6974,edgetpu,cifar100,61.880000,0.392555,0.148229,950
1,8,4237,edgetpu,cifar100,73.073330,1.285767,0.148229,950
1,8,4418,edgetpu,cifar100,72.746666,1.093699,0.148229,950
1,8,906,edgetpu,cifar100,62.393333,0.394185,0.148229,950
1,9,3487,eyeriss,cifar100,70.093330,3.402880,0.104102,950
1,9,12574,eyeriss,cifar100,72.740000,5.123200,0.104102,950
1,9,9930,eyeriss,cifar100,73.513336,9.055360,0.104102,950
1,9,11472,eyeriss,cifar100,70.860000,4.631680,0.104102,950
1,9,7250,eyeriss,cifar100,67.706665,3.157120,0.104102,950
1,9,5084,eyeriss,cifar100,58.813330,1.682560,0.104102,950
1,9,3256,eyeriss,cifar100,70.106670,3.648640,0.104102,950
1,9,12761,eyeriss,cifar100,72.860000,6.352000,0.104102,950
1,9,3888,eyeriss,cifar100,73.260000,6.597760,0.104102,950
1,9,13291,eyeriss,cifar100,70.480000,3.894400,0.104102,950
1,9,3540,eyeriss,cifar100,71.500000,4.877440,0.104102,950
1,9,12857,eyeriss,cifar100,66.660000,2.174080,0.104102,950
1,9,12002,eyeriss,cifar100,70.106670,3.648640,0.104102,950
1,9,5651,eyeriss,cifar100,64.690000,1.928320,0.104102,950
1,10,10000,fpga,cifar100,73.160000,5.936160,0.102035,954
1,10,69,fpga,cifar100,71.020000,3.648160,0.102035,954
1,10,2018,fpga,cifar100,72.360000,5.193760,0.102035,954
1,10,10092,fpga,cifar100,67.640000,2.390560,0.102035,954
1,10,1943,fpga,cifar100,69.626660,2.905760,0.102035,954
1,10,4249,fpga,cifar100,65.080000,2.057760,0.102035,954
1,10,10689,fpga,cifar100,67.500000,2.163360,0.102035,954
1,10,3540,fpga,cifar100,71.500000,4.163360,0.102035,954
1,10,13734,fpga,cifar100,58.306667,1.132960,0.102035,954
1,10,10154,fpga,cifar100,71.960000,4.678560,0.102035,954
1,10,5725,fpga,cifar100,70.600000,3.420960,0.102035,954
1,10,9930,fpga,cifar100,73.513336,7.420960,0.102035,954
1,10,6111,fpga,cifar100,73.220000,6.678560,0.102035,954
1,10,12761,fpga,cifar100,72.860000,5.420960,0.102035,954
1,10,5651,fpga,cifar100,64.690000,1.648160,0.102035,954
1,10,5743,fpga,cifar100,67.800000,2.800160,0.102035,954
1,10,5033,fpga,cifar100,59.060000,1.542560,0.102035,954
1,10,12820,fpga,cifar100,67.720000,2.678560,0.102035,954
1,11,12915,pixel3,cifar100,66.950000,3.129190,0.130230,952
1,11,577,pixel3,cifar100,69.680000,8.944490,0.130230,952
1,11,1459,pixel3,cifar100,73.140000,23.437900,0.130230,952
1,11,2581,pixel3,cifar100,73.166664,34.693600,0.130230,952
1,11,1593,pixel3,cifar100,62.126667,1.582050,0.130230,952
1,11,12574,pixel3,cifar100,72.740000,16.473900,0.130230,952
1,11,1527,pixel3,cifar100,70.340000,10.107800,0.130230,952
1,11,10000,pixel3,cifar100,73.160000,24.970900,0.130230,952
1,11,857,pixel3,cifar100,72.880000,19.113200,0.130230,952
1,11,10066,pixel3,cifar100,70.660000,11.229000,0.130230,952
1,11,9930,pixel3,cifar100,73.513336,42.003600,0.130230,952
1,11,6337,pixel3,cifar100,1.000000,0.008753,0.130230,952
1,11,1425,pixel3,cifar100,72.093330,15.692300,0.130230,952
1,11,14112,pixel3,cifar100,68.386665,5.745320,0.130230,952
1,11,1583,pixel3,cifar100,71.326670,12.345800,0.130230,952
1,11,733,pixel3,cifar100,69.430000,6.796300,0.130230,952
1,11,657,pixel3,cifar100,58.233334,1.233070,0.130230,952
1,11,6111,pixel3,cifar100,73.220000,35.197000,0.130230,952
1,11,9579,pixel3,cifar100,63.880000,2.397300,0.130230,952
1,11,1357,pixel3,cifar100,67.480000,3.998260,0.130230,952
1,12,10222,raspi4,cifar100,58.860000,2.747804,0.098088,951
1,12,14612,raspi4,cifar100,58.720000,2.563505,0.098088,951
1,12,2018,raspi4,cifar100,72.360000,39.345867,0.098088,951
1,12,6925,raspi4,cifar100,71.220000,24.195030,0.098088,951
1,12,12915,raspi4,cifar100,66.950000,7.226311,0.098088,951
1,12,1996,raspi4,cifar100,67.820000,17.816296,0.098088,951
1,12,9649,raspi4,cifar100,64.540000,5.252811,0.098088,951
1,12,4409,raspi4,cifar100,67.173330,7.228629,0.098088,951
1,12,9930,raspi4,cifar100,73.513336,71.152000,0.098088,951
1,12,4418,raspi4,cifar100,72.746666,47.162354,0.098088,951
1,12,485,raspi4,cifar100,67.593330,14.719852,0.098088,951
1,12,1572,raspi4,cifar100,69.900000,19.916142,0.098088,951
1,12,9997,raspi4,cifar100,71.520000,34.996710,0.098088,951
1,12,12761,raspi4,cifar100,72.860000,53.718200,0.098088,951
1,12,1651,raspi4,cifar100,1.000000,0.015243,0.098088,951
1,12,4806,raspi4,cifar100,62.270000,4.787734,0.098088,951
1,12,10189,raspi4,cifar100,71.600000,39.150010,0.098088,951
1,12,2200,raspi4,cifar100,63.886665,5.014668,0.098088,951
1,12,3888,raspi4,cifar100,73.260000,55.029520,0.098088,951
1,13,8733,edgegpu,ImageNet16-120,46.600000,5.249434,0.143995,950
1,13,7760,edgegpu,ImageNet16-120,39.100000,1.743751,0.143995,950
1,13,15112,edgegpu,ImageNet16-120,0.833333,0.539045,0.143995,950
1,13,11438,edgegpu,ImageNet16-120,39.733334,1.903386,0.143995,950
1,13,10835,edgegpu,ImageNet16-120,45.233334,4.434366,0.143995,950
1,13,4587,edgegpu,ImageNet16-120,28.800000,1.445131,0.143995,950
1,13,9672,edgegpu,ImageNet16-120,39.388890,1.758208,0.143995,950
1,13,14550,edgegpu,ImageNet16-120,28.133333,1.431842,0.143995,950
1,13,11174,edgegpu,ImageNet16-120,43.933334,3.352251,0.143995,950
1,13,12081,edgegpu,ImageNet16-120,40.233334,2.730479,0.143995,950
1,13,1601,edgegpu,ImageNet16-120,28.600000,1.436777,0.143995,950
1,13,12505,edgegpu,ImageNet16-120,39.283333,1.750417,0.143995,950
1,13,5674,edgegpu,ImageNet16-120,39.650000,1.763358,0.143995,950
1,13,15206,edgegpu,ImageNet16-120,27.866667,1.424794,0.143995,950
1,13,5731,edgegpu,ImageNet16-120,43.966667,3.363695,0.143995,950
1,13,2776,edgegpu,ImageNet16-120,43.588890,3.349247,0.143995,950
1,13,12451,edgegpu,ImageNet16-120,44.433334,3.542786,0.143995,950
1,13,8687,edgegpu,ImageNet16-120,28.888890,1.470962,0.143995,950
1,13,9819,edgegpu,ImageNet16-120,44.000000,3.539810,0.143995,950
1,13,12415,edgegpu,ImageNet16-120,46.566666,4.667692,0.143995,950
1,14,15014,edgetpu,ImageNet16-120,28.266666,0.358110,0.161698,950
1,14,13931,edgetpu,ImageNet16-120,28.788889,0.360349,0.161698,950
1,14,1172,edgetpu,ImageNet16-120,39.933334,0.515935,0.161698,950
1,14,10699,edgetpu,ImageNet16-120,46.833332,0.858130,0.161698,950
1,14,5374,edgetpu,ImageNet16-120,46.766666,0.843987,0.161698,950
1,14,12415,edgetpu,ImageNet16-120,46.566666,0.710906,0.161698,950
1,14,13284,edgetpu,ImageNet16-120,40.177776,0.534381,0.161698,950
1,14,6407,edgetpu,ImageNet16-120,32.333332,0.363748,0.161698,950
1,14,3540,edgetpu,ImageNet16-120,45.122223,0.648670,0.161698,950
1,14,11079,edgetpu,ImageNet16-120,43.566666,0.552430,0.161698,950
1,14,15029,edgetpu,ImageNet16-120,42.700000,0.552331,0.161698,950
1,14,11177,edgetpu,ImageNet16-120,33.200000,0.393637,0.161698,950
1,14,15363,edgetpu,ImageNet16-120,44.333332,0.582280,0.161698,950
1,14,4438,edgetpu,ImageNet16-120,39.800000,0.475448,0.161698,950
1,14,13972,edgetpu,ImageNet16-120,31.933332,0.363440,0.161698,950
1,14,5674,edgetpu,ImageNet16-120,39.650000,0.428605,0.161698,950
1,14,9689,edgetpu,ImageNet16-120,42.533333,0.549702,0.161698,950
1,14,8884,edgetpu,ImageNet16-120,45.033333,0.615792,0.161698,950
1,14,4831,edgetpu,ImageNet16-120,32.611110,0.379098,0.161698,950
1,14,4830,edgetpu,ImageNet16-120,42.233334,0.549457,0.161698,950
1,15,8683,eyeriss,ImageNet16-120,44.200000,0.914560,0.090245,976
1,15,11000,eyeriss,ImageNet16-120,44.866665,0.976000,0.090245,976
1,15,1977,eyeriss,ImageNet16-120,28.111110,0.423040,0.090245,976
1,15,8853,eyeriss,ImageNet16-120,45.600000,1.037440,0.090245,976
1,15,6854,eyeriss,ImageNet16-120,40.800000,0.668800,0.090245,976
1,15,1943,eyeriss,ImageNet16-120,42.866665,0.853120,0.090245,976
1,15,5487,eyeriss,ImageNet16-120,38.500000,0.607360,0.090245,976
1,15,5111,eyeriss,ImageNet16-120,46.588890,1.344640,0.090245,976
1,15,9032,eyeriss,ImageNet16-120,38.016666,0.545920,0.090245,976
1,15,9805,eyeriss,ImageNet16-120,34.133335,0.484480,0.090245,976
1,15,10699,eyeriss,ImageNet16-120,46.833332,1.590400,0.090245,976
1,16,2476,fpga,ImageNet16-120,44.777780,1.062400,0.120499,950
1,16,8768,fpga,ImageNet16-120,45.066666,1.155200,0.120499,950
1,16,12639,fpga,ImageNet16-120,40.400000,0.809120,0.120499,950
1,16,2159,fpga,ImageNet16-120,45.755554,1.529600,0.120499,950
1,16,4988,fpga,ImageNet16-120,28.933332,0.284320,0.120499,950
1,16,735,fpga,ImageNet16-120,38.544445,0.677920,0.120499,950
1,16,15363,fpga,ImageNet16-120,44.333332,0.969600,0.120499,950
1,16,5637,fpga,ImageNet16-120,33.933334,0.415520,0.120499,950
1,16,10699,fpga,ImageNet16-120,46.833332,1.945600,0.120499,950
1,16,11079,fpga,ImageNet16-120,43.566666,0.902400,0.120499,950
1,16,5111,fpga,ImageNet16-120,46.588890,1.596800,0.120499,950
1,16,3261,fpga,ImageNet16-120,43.022220,0.876800,0.120499,950
1,16,10603,fpga,ImageNet16-120,45.583332,1.504000,0.120499,950
1,16,2162,fpga,ImageNet16-120,45.166668,1.436800,0.120499,950
1,16,14718,fpga,ImageNet16-120,34.233334,0.517920,0.120499,950
1,16,3540,fpga,ImageNet16-120,45.122223,1.411200,0.120499,950
1,16,13284,fpga,ImageNet16-120,40.177776,0.784000,0.120499,950
1,16,14964,fpga,ImageNet16-120,38.744446,0.780320,0.120499,950
1,16,2835,fpga,ImageNet16-120,38.222220,0.546720,0.120499,950
1,17,2476,pixel3,ImageNet16-120,44.777780,3.017320,0.118253,959
1,17,13059,pixel3,ImageNet16-120,34.266666,0.668679,0.118253,959
1,17,3652,pixel3,ImageNet16-120,38.350000,1.530760,0.118253,959
1,17,1425,pixel3,ImageNet16-120,45.977780,4.619290,0.118253,959
1,17,4977,pixel3,ImageNet16-120,32.966667,0.617991,0.118253,959
1,17,4004,pixel3,ImageNet16-120,42.811110,2.467510,0.118253,959
1,17,3650,pixel3,ImageNet16-120,43.866665,2.716840,0.118253,959
1,17,13756,pixel3,ImageNet16-120,0.833333,0.005289,0.118253,959
1,17,12660,pixel3,ImageNet16-120,40.233334,1.759070,0.118253,959
1,17,9762,pixel3,ImageNet16-120,38.200000,1.331900,0.118253,959
1,17,14714,pixel3,ImageNet16-120,44.833332,3.855880,0.118253,959
1,17,2018,pixel3,ImageNet16-120,46.433334,4.949210,0.118253,959
1,17,10154,pixel3,ImageNet16-120,46.133335,4.783700,0.118253,959
1,17,11079,pixel3,ImageNet16-120,43.566666,2.479610,0.118253,959
1,17,5374,pixel3,ImageNet16-120,46.766666,6.317500,0.118253,959
1,17,4587,pixel3,ImageNet16-120,28.800000,0.445767,0.118253,959
1,17,446,pixel3,ImageNet16-120,44.222220,3.005500,0.118253,959
1,17,2779,pixel3,ImageNet16-120,37.355556,0.869808,0.118253,959
1,17,5111,pixel3,ImageNet16-120,46.588890,5.571030,0.118253,959
1,17,1785,pixel3,ImageNet16-120,28.155556,0.422695,0.118253,959
1,18,9585,raspi4,ImageNet16-120,0.833333,0.011519,0.123456,953
1,18,10835,raspi4,ImageNet16-120,45.233334,6.632419,0.123456,953
1,18,12988,raspi4,ImageNet16-120,32.200000,1.535030,0.123456,953
1,18,3960,raspi4,ImageNet16-120,37.755554,2.197980,0.123456,953
1,18,8008,raspi4,ImageNet16-120,43.500000,3.819445,0.123456,953
1,18,13171,raspi4,ImageNet16-120,44.966667,5.574186,0.123456,953
1,18,8733,raspi4,ImageNet16-120,46.600000,7.477213,0.123456,953
1,18,3687,raspi4,ImageNet16-120,34.066666,1.583497,0.123456,953
1,18,8323,raspi4,ImageNet16-120,38.033333,2.287984,0.123456,953
1,18,15383,raspi4,ImageNet16-120,47.033333,8.565354,0.123456,953
1,18,7551,raspi4,ImageNet16-120,38.477780,2.950436,0.123456,953
1,18,8683,raspi4,ImageNet16-120,44.200000,4.462997,0.123456,953
1,18,14550,raspi4,ImageNet16-120,28.133333,0.960201,0.123456,953
1,18,6519,raspi4,ImageNet16-120,40.183334,3.212652,0.123456,953
1,18,4988,raspi4,ImageNet16-120,28.933332,1.003251,0.123456,953
1,18,6854,raspi4,ImageNet16-120,40.800000,3.661016,0.123456,953
1,18,6358,raspi4,ImageNet16-120,39.288887,3.105076,0.123456,953
1,18,6787,raspi4,ImageNet16-120,44.400000,4.532777,0.123456,953
1,18,3782,raspi4,ImageNet16-120,41.866665,3.755286,0.123456,953
1,18,15510,raspi4,ImageNet16-120,45.333332,7.375227,0.123456,953
2,1,1339,edgegpu,cifar10,92.136665,1.751881,0.106794,950
2,1,14527,edgegpu,cifar10,86.765000,1.439619,0.106794,950
2,1,5292,edgegpu,cifar10,94.293335,6.663151,0.106794,950
2,1,15200,edgegpu,cifar10,10.000000,0.501385,0.106794,950
2,1,14392,edgegpu,cifar10,86.520000,1.435742,0.106794,950
2,1,3420,edgegpu,cifar10,92.350000,3.337994,0.106794,950
2,1,561,edgegpu,cifar10,86.880000,1.451068,0.106794,950
2,1,10484,edgegpu,cifar10,93.810000,3.354015,0.106794,950
2,1,13714,edgegpu,cifar10,94.373340,6.772180,0.106794,950
2,1,2053,edgegpu,cifar10,94.206665,5.482254,0.106794,950
2,1,3811,edgegpu,cifar10,92.790000,3.338466,0.106794,950
2,1,1459,edgegpu,cifar10,94.296670,6.748991,0.106794,950
2,1,13508,edgegpu,cifar10,92.150000,2.758532,0.106794,950
2,1,355,edgegpu,cifar10,93.045000,3.339400,0.106794,950
2,1,1601,edgegpu,cifar10,86.336670,1.433892,0.106794,950
2,1,8192,edgegpu,cifar10,93.093330,3.345461,0.106794,950
2,1,6330,edgegpu,cifar10,94.006670,4.384699,0.106794,950
2,1,11692,edgegpu,cifar10,94.130000,4.708362,0.106794,950
2,1,15108,edgegpu,cifar10,92.160000,2.797189,0.106794,950
2,2,9271,edgetpu,cifar10,89.250000,0.396381,0.164166,950
2,2,970,edgetpu,cifar10,86.770000,0.371488,0.164166,950
2,2,4609,edgetpu,cifar10,91.930000,0.481311,0.164166,950
2,2,6111,edgetpu,cifar10,94.373340,1.379029,0.164166,950
2,2,11692,edgetpu,cifar10,94.130000,0.761100,0.164166,950
2,2,1595,edgetpu,cifar10,88.963330,0.389815,0.164166,950
2,2,12439,edgetpu,cifar10,86.393330,0.352159,0.164166,950
2,2,3731,edgetpu,cifar10,94.343330,1.282820,0.164166,950
2,2,5981,edgetpu,cifar10,92.050000,0.482524,0.164166,950
2,2,9689,edgetpu,cifar10,93.370000,0.628386,0.164166,950
2,2,5258,edgetpu,cifar10,88.775000,0.388629,0.164166,950
2,2,5780,edgetpu,cifar10,93.980000,0.723967,0.164166,950
2,2,10293,edgetpu,cifar10,86.513336,0.352328,0.164166,950
2,2,6918,edgetpu,cifar10,87.000000,0.375819,0.164166,950
2,2,6382,edgetpu,cifar10,93.376660,0.628638,0.164166,950
2,2,1099,edgetpu,cifar10,92.240000,0.484565,0.164166,950
2,2,3022,edgetpu,cifar10,86.670000,0.355117,0.164166,950
2,2,5111,edgetpu,cifar10,94.306660,1.152010,0.164166,950
2,2,12607,edgetpu,cifar10,89.180000,0.391577,0.164166,950
2,2,10581,edgetpu,cifar10,89.015000,0.390403,0.164166,950
2,3,8592,eyeriss,cifar10,93.750000,3.891380,0.138993,951
2,3,12438,eyeriss,cifar10,89.875000,1.925300,0.138993,951
2,3,6111,eyeriss,cifar10,94.373340,7.823540,0.138993,951
2,3,13987,eyeriss,cifar10,93.596664,3.645620,0.138993,951
2,3,13714,eyeriss,cifar10,94.373340,7.823540,0.138993,951
2,3,5111,eyeriss,cifar10,94.306660,5.365940,0.138993,951
2,3,11713,eyeriss,cifar10,92.153336,3.154100,0.138993,951
2,3,3731,eyeriss,cifar10,94.343330,6.594740,0.138993,951
2,3,11692,eyeriss,cifar10,94.130000,4.874420,0.138993,951
2,3,12820,eyeriss,cifar10,90.880000,2.416820,0.138993,951
2,3,4384,eyeriss,cifar10,86.796670,1.679540,0.138993,951
2,3,8323,eyeriss,cifar10,90.870000,2.171060,0.138993,951
2,3,11472,eyeriss,cifar10,93.970000,4.628660,0.138993,951
2,3,11533,eyeriss,cifar10,93.420000,3.399860,0.138993,951
2,4,13987,fpga,cifar10,93.596664,3.420960,0.084128,974
2,4,9805,fpga,cifar10,89.790000,1.648160,0.084128,974
2,4,1114,fpga,cifar10,93.820000,3.648160,0.084128,974
2,4,4384,fpga,cifar10,86.796670,1.132960,0.084128,974
2,4,13611,fpga,cifar10,92.490000,2.390560,0.084128,974
2,4,5111,fpga,cifar10,94.306660,5.193760,0.084128,974
2,4,11525,fpga,cifar10,90.000000,2.057760,0.084128,974
2,4,8008,fpga,cifar10,93.480000,2.905760,0.084128,974
2,4,8323,fpga,cifar10,90.870000,2.163360,0.084128,974
2,4,11692,fpga,cifar10,94.130000,4.163360,0.084128,974
2,4,3731,fpga,cifar10,94.343330,5.936160,0.084128,974
2,4,6111,fpga,cifar10,94.373340,6.678560,0.084128,974
2,5,1339,pixel3,cifar10,92.136665,5.802240,0.164684,950
2,5,11000,pixel3,cifar10,93.560000,10.109500,0.164684,950
2,5,8592,pixel3,cifar10,93.750000,10.769800,0.164684,950
2,5,1413,pixel3,cifar10,92.710000,6.779480,0.164684,950
2,5,8695,pixel3,cifar10,94.220000,17.564500,0.164684,950
2,5,1497,pixel3,cifar10,86.556660,1.056630,0.164684,950
2,5,8323,pixel3,cifar10,90.870000,3.106420,0.164684,950
2,5,12452,pixel3,cifar10,91.350000,5.590110,0.164684,950
2,5,12639,pixel3,cifar10,90.990000,4.749000,0.164684,950
2,5,10,pixel3,cifar10,10.000000,0.003401,0.164684,950
2,5,1317,pixel3,cifar10,94.090000,16.450500,0.164684,950
2,5,13171,pixel3,cifar10,93.530000,7.717220,0.164684,950
2,5,6111,pixel3,cifar10,94.373340,23.584800,0.164684,950
2,5,3731,pixel3,cifar10,94.343330,23.361300,0.164684,950
2,5,12820,pixel3,cifar10,90.880000,3.982790,0.164684,950
2,5,8915,pixel3,cifar10,88.773330,1.736850,0.164684,950
2,5,2013,pixel3,cifar10,93.796670,13.412500,0.164684,950
2,5,81,pixel3,cifar10,94.300000,21.593400,0.164684,950
2,5,3385,pixel3,cifar10,93.990000,13.656500,0.164684,950
2,5,6985,pixel3,cifar10,89.940000,2.367450,0.164684,950
2,6,2779,raspi4,cifar10,90.806660,11.641934,0.126011,950
2,6,6111,raspi4,cifar10,94.373340,68.404106,0.126011,950
2,6,9980,raspi4,cifar10,10.000000,0.011284,0.126011,950
2,6,6931,raspi4,cifar10,93.780000,33.088142,0.126011,950
2,6,3731,raspi4,cifar10,94.343330,58.070793,0.126011,950
2,6,12385,raspi4,cifar10,91.990000,16.485830,0.126011,950
2,6,11692,raspi4,cifar10,94.130000,37.583630,0.126011,950
2,6,2058,raspi4,cifar10,93.270000,19.484835,0.126011,950
2,6,11376,raspi4,cifar10,93.510000,26.310488,0.126011,950
2,6,3177,raspi4,cifar10,92.130000,18.394455,0.126011,950
2,6,9654,raspi4,cifar10,89.573330,5.120729,0.126011,950
2,6,1962,raspi4,cifar10,86.530000,2.529453,0.126011,950
2,6,14565,raspi4,cifar10,88.880000,4.781183,0.126011,950
2,6,14941,raspi4,cifar10,89.710000,8.890511,0.126011,950
2,6,485,raspi4,cifar10,90.210000,9.881104,0.126011,950
2,6,9782,raspi4,cifar10,93.305000,21.922150,0.126011,950
2,6,6918,raspi4,cifar10,87.000000,2.787590,0.126011,950
2,6,5780,raspi4,cifar10,93.980000,34.928463,0.126011,950
2,6,3045,raspi4,cifar10,93.630000,28.401274,0.126011,950
2,6,5111,raspi4,cifar10,94.306660,41.756905,0.126011,950
2,7,1509,edgegpu,cifar100,1.000000,0.505853,0.234179,950
2,7,8912,edgegpu,cifar100,59.200000,1.441355,0.234179,950
2,7,9922,edgegpu,cifar100,58.560000,1.428552,0.234179,950
2,7,9930,edgegpu,cifar100,73.513336,6.803060,0.234179,950
2,7,4609,edgegpu,cifar100,66.520000,1.758838,0.234179,950
2,7,9997,edgegpu,cifar100,71.520000,3.466139,0.234179,950
2,7,12415,edgegpu,cifar100,71.940000,4.828467,0.234179,950
2,7,4954,edgegpu,cifar100,73.000000,6.669736,0.234179,950
2,7,2304,edgegpu,cifar100,58.660000,1.440253,0.234179,950
2,7,2778,edgegpu,cifar100,72.993330,6.134028,0.234179,950
2,7,8401,edgegpu,cifar100,71.080000,3.302102,0.234179,950
2,7,11885,edgegpu,cifar100,68.040000,1.776652,0.234179,950
2,7,1425,edgegpu,cifar100,72.093330,5.310225,0.234179,950
2,7,4418,edgegpu,cifar100,72.746666,5.352364,0.234179,950
2,8,9997,edgetpu,cifar100,71.520000,0.729986,0.189315,950
2,8,699,edgetpu,cifar100,72.240000,0.940479,0.189315,950
2,8,1425,edgetpu,cifar100,72.093330,0.910660,0.189315,950
2,8,3811,edgetpu,cifar100,69.360000,0.634206,0.189315,950
2,8,1383,edgetpu,cifar100,70.273330,0.673722,0.189315,950
2,8,10750,edgetpu,cifar100,70.540000,0.727712,0.189315,950
2,8,12415,edgetpu,cifar100,71.940000,0.872299,0.189315,950
2,8,1210,edgetpu,cifar100,67.600000,0.517204,0.189315,950
2,8,5019,edgetpu,cifar100,58.880000,0.357058,0.189315,950
2,8,9930,edgetpu,cifar100,73.513336,1.454107,0.189315,950
2,8,9782,edgetpu,cifar100,69.970000,0.639918,0.189315,950
2,8,10000,edgetpu,cifar100,73.160000,1.283461,0.189315,950
2,8,4418,edgetpu,cifar100,72.746666,1.093699,0.189315,950
2,8,1317,edgetpu,cifar100,72.566666,1.023844,0.189315,950
2,8,6974,edgetpu,cifar100,61.880000,0.392555,0.189315,950
2,8,8876,edgetpu,cifar100,62.600000,0.396800,0.189315,950
2,8,11112,edgetpu,cifar100,66.893330,0.486713,0.189315,950
2,8,3888,edgetpu,cifar100,73.260000,1.316226,0.189315,950
2,8,14945,edgetpu,cifar100,58.500000,0.354940,0.189315,950
2,8,13559,edgetpu,cifar100,67.820000,0.627590,0.189315,950
2,9,3487,eyeriss,cifar100,70.093330,3.402880,0.107976,951
2,9,11301,eyeriss,cifar100,68.220000,2.665600,0.107976,951
2,9,7551,eyeriss,cifar100,67.286670,2.419840,0.107976,951
2,9,2835,eyeriss,cifar100,66.866670,2.174080,0.107976,951
2,9,25,eyeriss,cifar100,58.406666,1.682560,0.107976,951
2,9,8610,eyeriss,cifar100,71.300000,4.877440,0.107976,951
2,9,6787,eyeriss,cifar100,70.720000,3.648640,0.107976,951
2,9,3888,eyeriss,cifar100,73.260000,6.597760,0.107976,951
2,9,12761,eyeriss,cifar100,72.860000,6.352000,0.107976,951
2,9,8139,eyeriss,cifar100,64.440000,1.928320,0.107976,951
2,9,6925,eyeriss,cifar100,71.220000,3.894400,0.107976,951
2,9,12574,eyeriss,cifar100,72.740000,5.123200,0.107976,951
2,10,6925,fpga,cifar100,71.220000,3.936160,0.277838,950
2,10,4768,fpga,cifar100,64.486664,2.057760,0.277838,950
2,10,5084,fpga,cifar100,58.813330,1.132960,0.277838,950
2,10,9824,fpga,cifar100,67.686670,2.390560,0.277838,950
2,10,15363,fpga,cifar100,70.520000,3.420960,0.277838,950
2,10,3888,fpga,cifar100,73.260000,5.936160,0.277838,950
2,10,898,fpga,cifar100,70.000000,2.905760,0.277838,950
2,10,858,fpga,cifar100,64.133330,1.648160,0.277838,950
2,10,9930,fpga,cifar100,73.513336,7.420960,0.277838,950
2,10,69,fpga,cifar100,71.020000,3.648160,0.277838,950
2,10,8610,fpga,cifar100,71.300000,4.163360,0.277838,950
2,10,12761,fpga,cifar100,72.860000,5.420960,0.277838,950
2,10,10689,fpga,cifar100,67.500000,2.163360,0.277838,950
2,10,12820,fpga,cifar100,67.720000,2.678560,0.277838,950
2,10,12574,fpga,cifar100,72.740000,4.678560,0.277838,950
2,11,722,pixel3,cifar100,72.260000,16.581200,0.376659,951
2,11,12915,pixel3,cifar100,66.950000,3.129190,0.376659,951
2,11,857,pixel3,cifar100,72.880000,19.113200,0.376659,951
2,11,6787,pixel3,cifar100,70.720000,9.854430,0.376659,951
2,11,3888,pixel3,cifar100,73.260000,23.477200,0.376659,951
2,11,3385,pixel3,cifar100,72.380000,17.527800,0.376659,951
2,11,1425,pixel3,cifar100,72.093330,15.692300,0.376659,951
2,11,6758,pixel3,cifar100,62.546665,2.195650,0.376659,951
2,11,12970,pixel3,cifar100,68.140000,4.782110,0.376659,951
2,11,6985,pixel3,cifar100,64.160000,2.372000,0.376659,951
2,11,657,pixel3,cifar100,58.233334,1.233070,0.376659,951
2,11,7551,pixel3,cifar100,67.286670,4.597820,0.376659,951
2,11,1090,pixel3,cifar100,65.220000,2.811310,0.376659,951
2,11,6925,pixel3,cifar100,71.220000,10.688000,0.376659,951
2,11,1593,pixel3,cifar100,62.126667,1.582050,0.376659,951
2,11,2148,pixel3,cifar100,1.000000,0.008891,0.376659,951
2,11,898,pixel3,cifar100,70.000000,6.516140,0.376659,951
2,11,10769,pixel3,cifar100,64.266670,2.411190,0.376659,951
2,11,1409,pixel3,cifar100,58.853333,1.275090,0.376659,951
2,11,8912,pixel3,cifar100,59.200000,1.478790,0.376659,951
2,12,12915,raspi4,cifar100,66.950000,7.226311,0.129195,954
2,12,5111,raspi4,cifar100,72.373340,44.227980,0.129195,954
2,12,12639,raspi4,cifar100,68.000000,16.932909,0.129195,954
2,12,1459,raspi4,cifar100,73.140000,53.879950,0.129195,954
2,12,7556,raspi4,cifar100,71.526665,36.461315,0.129195,954
2,12,14443,raspi4,cifar100,71.740000,39.168526,0.129195,954
2,12,14714,raspi4,cifar100,71.280000,24.692347,0.129195,954
2,12,2222,raspi4,cifar100,58.313330,2.538255,0.129195,954
2,12,13954,raspi4,cifar100,64.166664,6.443488,0.129195,954
2,12,4418,raspi4,cifar100,72.746666,47.162354,0.129195,954
2,12,699,raspi4,cifar100,72.240000,40.448723,0.129195,954
2,12,2058,raspi4,cifar100,69.613335,20.052132,0.129195,954
2,12,6040,raspi4,cifar100,1.000000,0.015365,0.129195,954
2,12,7585,raspi4,cifar100,62.410000,4.802180,0.129195,954
2,12,9930,raspi4,cifar100,73.513336,71.152000,0.129195,954
2,12,8912,raspi4,cifar100,59.200000,2.818969,0.129195,954
2,12,11593,raspi4,cifar100,67.340000,12.762895,0.129195,954
2,12,3888,raspi4,cifar100,73.260000,55.029520,0.129195,954
2,12,9782,raspi4,cifar100,69.970000,21.914854,0.129195,954
2,12,9762,raspi4,cifar100,67.080000,9.740194,0.129195,954
2,13,12812,edgegpu,ImageNet16-120,40.100000,3.174190,0.170298,953
2,13,4160,edgegpu,ImageNet16-120,39.833332,1.756272,0.170298,953
2,13,8236,edgegpu,ImageNet16-120,39.233334,1.749978,0.170298,953
2,13,12415,edgegpu,ImageNet16-120,46.566666,4.667692,0.170298,953
2,13,15159,edgegpu,ImageNet16-120,45.566666,4.632421,0.170298,953
2,13,10835,edgegpu,ImageNet16-120,45.233334,4.434366,0.170298,953
2,13,13411,edgegpu,ImageNet16-120,31.855556,1.736240,0.170298,953
2,13,9586,edgegpu,ImageNet16-120,46.933334,5.222673,0.170298,953
2,13,561,edgegpu,ImageNet16-120,28.911112,1.461983,0.170298,953
2,13,6950,edgegpu,ImageNet16-120,38.700000,1.740150,0.170298,953
2,13,454,edgegpu,ImageNet16-120,41.277780,3.303313,0.170298,953
2,13,5751,edgegpu,ImageNet16-120,40.044445,2.434626,0.170298,953
2,13,14527,edgegpu,ImageNet16-120,28.133333,1.423783,0.170298,953
2,13,10947,edgegpu,ImageNet16-120,39.944443,1.909800,0.170298,953
2,13,11217,edgegpu,ImageNet16-120,43.466667,3.316708,0.170298,953
2,13,11174,edgegpu,ImageNet16-120,43.933334,3.352251,0.170298,953
2,13,8884,edgegpu,ImageNet16-120,45.033333,3.499999,0.170298,953
2,13,12645,edgegpu,ImageNet16-120,44.366665,3.452802,0.170298,953
2,13,857,edgegpu,ImageNet16-120,47.311110,6.707663,0.170298,953
2,13,15376,edgegpu,ImageNet16-120,0.833333,0.533953,0.170298,953
2,14,12451,edgetpu,ImageNet16-120,44.433334,0.625187,0.171934,950
2,14,6600,edgetpu,ImageNet16-120,39.611110,0.516500,0.171934,950
2,14,857,edgetpu,ImageNet16-120,47.311110,0.997730,0.171934,950
2,14,7676,edgetpu,ImageNet16-120,39.533333,0.440163,0.171934,950
2,14,550,edgetpu,ImageNet16-120,33.177776,0.391468,0.171934,950
2,14,3540,edgetpu,ImageNet16-120,45.122223,0.648670,0.171934,950
2,14,4830,edgetpu,ImageNet16-120,42.233334,0.549457,0.171934,950
2,14,6858,edgetpu,ImageNet16-120,40.333332,0.541300,0.171934,950
2,14,4587,edgetpu,ImageNet16-120,28.800000,0.375744,0.171934,950
2,14,1425,edgetpu,ImageNet16-120,45.977780,0.760716,0.171934,950
2,14,13769,edgetpu,ImageNet16-120,41.555557,0.549360,0.171934,950
2,14,4627,edgetpu,ImageNet16-120,43.500000,0.552306,0.171934,950
2,14,6162,edgetpu,ImageNet16-120,39.200000,0.429288,0.171934,950
2,14,8290,edgetpu,ImageNet16-120,46.133335,0.764174,0.171934,950
2,14,10835,edgetpu,ImageNet16-120,45.233334,0.719910,0.171934,950
2,14,15363,edgetpu,ImageNet16-120,44.333332,0.582280,0.171934,950
2,14,2560,edgetpu,ImageNet16-120,28.200000,0.359160,0.171934,950
2,14,15383,edgetpu,ImageNet16-120,47.033333,0.780914,0.171934,950
2,14,7750,edgetpu,ImageNet16-120,43.066666,0.551617,0.171934,950
2,14,4815,edgetpu,ImageNet16-120,39.711113,0.519072,0.171934,950
2,15,4618,eyeriss,ImageNet16-120,28.544445,0.423040,0.145871,950
2,15,857,eyeriss,ImageNet16-120,47.311110,1.651840,0.145871,950
2,15,8853,eyeriss,ImageNet16-120,45.600000,1.037440,0.145871,950
2,15,9805,eyeriss,ImageNet16-120,34.133335,0.484480,0.145871,950
2,15,15383,eyeriss,ImageNet16-120,47.033333,1.283200,0.145871,950
2,15,1939,eyeriss,ImageNet16-120,45.077778,0.976000,0.145871,950
2,15,6854,eyeriss,ImageNet16-120,40.800000,0.668800,0.145871,950
2,15,6787,eyeriss,ImageNet16-120,44.400000,0.914560,0.145871,950
2,15,2835,eyeriss,ImageNet16-120,38.222220,0.545920,0.145871,950
2,15,8008,eyeriss,ImageNet16-120,43.500000,0.853120,0.145871,950
2,15,735,eyeriss,ImageNet16-120,38.544445,0.607360,0.145871,950
2,16,12653,fpga,ImageNet16-120,33.977780,0.415520,0.144900,966
2,16,4618,fpga,ImageNet16-120,28.544445,0.284320,0.144900,966
2,16,13284,fpga,ImageNet16-120,40.177776,0.784000,0.144900,966
2,16,3982,fpga,ImageNet16-120,45.333332,1.411200,0.144900,966
2,16,4179,fpga,ImageNet16-120,38.433334,0.649120,0.144900,966
2,16,7551,fpga,ImageNet16-120,38.477780,0.677920,0.144900,966
2,16,2835,fpga,ImageNet16-120,38.222220,0.546720,0.144900,966
2,16,8954,fpga,ImageNet16-120,28.733334,0.386720,0.144900,966
2,16,11079,fpga,ImageNet16-120,43.566666,0.902400,0.144900,966
2,16,11593,fpga,ImageNet16-120,40.166668,0.780320,0.144900,966
2,16,1939,fpga,ImageNet16-120,45.077778,1.062400,0.144900,966
2,16,6787,fpga,ImageNet16-120,44.400000,0.969600,0.144900,966
2,16,8008,fpga,ImageNet16-120,43.500000,0.876800,0.144900,966
2,16,12358,fpga,ImageNet16-120,34.055557,0.517920,0.144900,966
2,16,4612,fpga,ImageNet16-120,33.977780,0.415520,0.144900,966
2,16,15383,fpga,ImageNet16-120,47.033333,1.504000,0.144900,966
2,16,14748,fpga,ImageNet16-120,44.900000,0.995200,0.144900,966
2,17,4384,pixel3,ImageNet16-120,28.133333,0.421612,0.151139,953
2,17,2018,pixel3,ImageNet16-120,46.433334,4.949210,0.151139,953
2,17,4587,pixel3,ImageNet16-120,28.800000,0.445767,0.151139,953
2,17,4567,pixel3,ImageNet16-120,31.866667,0.618117,0.151139,953
2,17,669,pixel3,ImageNet16-120,0.833333,0.005671,0.151139,953
2,17,8627,pixel3,ImageNet16-120,43.633335,2.707490,0.151139,953
2,17,1941,pixel3,ImageNet16-120,44.988888,3.431960,0.151139,953
2,17,11000,pixel3,ImageNet16-120,44.866665,2.962520,0.151139,953
2,17,857,pixel3,ImageNet16-120,47.311110,6.686850,0.151139,953
2,17,12639,pixel3,ImageNet16-120,40.400000,1.304440,0.151139,953
2,17,4004,pixel3,ImageNet16-120,42.811110,2.467510,0.151139,953
2,17,8584,pixel3,ImageNet16-120,34.088890,0.664046,0.151139,953
2,17,10154,pixel3,ImageNet16-120,46.133335,4.783700,0.151139,953
2,17,8853,pixel3,ImageNet16-120,45.600000,3.554540,0.151139,953
2,17,13754,pixel3,ImageNet16-120,32.577778,0.621305,0.151139,953
2,17,15383,pixel3,ImageNet16-120,47.033333,5.191720,0.151139,953
2,17,4432,pixel3,ImageNet16-120,37.800000,0.861157,0.151139,953
2,17,2586,pixel3,ImageNet16-120,42.877777,2.475410,0.151139,953
2,17,14112,pixel3,ImageNet16-120,40.733334,1.913100,0.151139,953
2,17,8572,pixel3,ImageNet16-120,45.666668,4.679750,0.151139,953
2,18,10835,raspi4,ImageNet16-120,45.233334,6.632419,0.118264,956
2,18,12387,raspi4,ImageNet16-120,32.466667,1.535795,0.118264,956
2,18,9585,raspi4,ImageNet16-120,0.833333,0.011519,0.118264,956
2,18,4988,raspi4,ImageNet16-120,28.933332,1.003251,0.118264,956
2,18,2369,raspi4,ImageNet16-120,43.566666,5.221914,0.118264,956
2,18,9937,raspi4,ImageNet16-120,42.911110,4.493903,0.118264,956
2,18,11584,raspi4,ImageNet16-120,46.666668,8.014434,0.118264,956
2,18,6931,raspi4,ImageNet16-120,44.833332,6.035823,0.118264,956
2,18,2586,raspi4,ImageNet16-120,42.877777,3.813151,0.118264,956
2,18,6519,raspi4,ImageNet16-120,40.183334,3.212652,0.118264,956
2,18,13869,raspi4,ImageNet16-120,44.333332,5.290446,0.118264,956
2,18,8853,raspi4,ImageNet16-120,45.600000,6.961605,0.118264,956
2,18,10797,raspi4,ImageNet16-120,28.033333,0.946706,0.118264,956
2,18,10699,raspi4,ImageNet16-120,46.833332,9.167005,0.118264,956
2,18,6854,raspi4,ImageNet16-120,40.800000,3.661016,0.118264,956
2,18,3687,raspi4,ImageNet16-120,34.066666,1.583497,0.118264,956
2,18,2018,raspi4,ImageNet16-120,46.433334,7.482383,0.118264,956
2,18,2139,raspi4,ImageNet16-120,37.533333,2.990387,0.118264,956
2,18,2779,raspi4,ImageNet16-120,37.355556,2.190654,0.118264,956
2,18,4689,raspi4,ImageNet16-120,37.455555,2.198343,0.118264,956
3,1,14407,edgegpu,cifar10,86.770000,1.440282,0.117931,951
3,1,6960,edgegpu,cifar10,92.280000,1.764450,0.117931,951
3,1,11438,edgegpu,cifar10,92.500000,1.846719,0.117931,951
3,1,5292,edgegpu,cifar10,94.293335,6.663151,0.117931,951
3,1,258,edgegpu,cifar10,93.640000,3.307109,0.117931,951
3,1,13401,edgegpu,cifar10,87.010000,1.457009,0.117931,951
3,1,13714,edgegpu,cifar10,94.373340,6.772180,0.117931,951
3,1,1459,edgegpu,cifar10,94.296670,6.748991,0.117931,951
3,1,1317,edgegpu,cifar10,94.090000,5.292902,0.117931,951
3,1,5400,edgegpu,cifar10,86.630000,1.427460,0.117931,951
3,1,2053,edgegpu,cifar10,94.206665,5.482254,0.117931,951
3,1,6499,edgegpu,cifar10,93.645000,3.331041,0.117931,951
3,1,11810,edgegpu,cifar10,92.780000,1.992798,0.117931,951
3,1,9099,edgegpu,cifar10,93.940000,3.357520,0.117931,951
3,1,12415,edgegpu,cifar10,93.990000,4.716892,0.117931,951
3,1,8421,edgegpu,cifar10,10.000000,0.538597,0.117931,951
3,2,5946,edgetpu,cifar10,88.963330,0.389012,0.149539,951
3,2,11472,edgetpu,cifar10,93.970000,0.725244,0.149539,951
3,2,11533,edgetpu,cifar10,93.420000,0.632626,0.149539,951
3,2,8695,edgetpu,cifar10,94.220000,1.160932,0.149539,951
3,2,4512,edgetpu,cifar10,85.970000,0.352544,0.149539,951
3,2,10154,edgetpu,cifar10,94.090000,0.909960,0.149539,951
3,2,12113,edgetpu,cifar10,92.245000,0.485768,0.149539,951
3,2,9586,edgetpu,cifar10,94.250000,1.185374,0.149539,951
3,2,13047,edgetpu,cifar10,86.390000,0.353481,0.149539,951
3,2,2053,edgetpu,cifar10,94.206665,1.042178,0.149539,951
3,2,3731,edgetpu,cifar10,94.343330,1.282820,0.149539,951
3,2,258,edgetpu,cifar10,93.640000,0.724584,0.149539,951
3,2,4675,edgetpu,cifar10,89.200000,0.395661,0.149539,951
3,2,13714,edgetpu,cifar10,94.373340,1.377865,0.149539,951
3,2,4609,edgetpu,cifar10,91.930000,0.481311,0.149539,951
3,2,970,edgetpu,cifar10,86.770000,0.371488,0.149539,951
3,2,6126,edgetpu,cifar10,93.980000,0.837913,0.149539,951
3,2,6330,edgetpu,cifar10,94.006670,0.867172,0.149539,951
3,2,797,edgetpu,cifar10,93.280000,0.627996,0.149539,951
3,2,1459,edgetpu,cifar10,94.296670,1.268000,0.149539,951
3,3,13325,eyeriss,cifar10,93.863335,6.348980,0.184064,950
3,3,12002,eyeriss,cifar10,93.510000,3.645620,0.184064,950
3,3,3487,eyeriss,cifar10,93.293335,3.399860,0.184064,950
3,3,7407,eyeriss,cifar10,93.510000,3.645620,0.184064,950
3,3,3986,eyeriss,cifar10,93.836670,6.103220,0.184064,950
3,3,1114,eyeriss,cifar10,93.820000,4.628660,0.184064,950
3,3,15000,eyeriss,cifar10,92.400000,3.154100,0.184064,950
3,3,5939,eyeriss,cifar10,86.546670,1.679540,0.184064,950
3,3,8720,eyeriss,cifar10,89.875000,1.925300,0.184064,950
3,3,479,eyeriss,cifar10,90.620000,2.416820,0.184064,950
3,3,7685,eyeriss,cifar10,90.430000,2.171060,0.184064,950
3,4,3687,fpga,cifar10,89.820000,1.648160,0.092368,951
3,4,11472,fpga,cifar10,93.970000,3.648160,0.092368,951
3,4,758,fpga,cifar10,86.705000,1.132960,0.092368,951
3,4,11692,fpga,cifar10,94.130000,4.163360,0.092368,951
3,4,8008,fpga,cifar10,93.480000,2.905760,0.092368,951
3,4,10412,fpga,cifar10,93.530000,3.420960,0.092368,951
3,4,15000,fpga,cifar10,92.400000,2.390560,0.092368,951
3,4,8323,fpga,cifar10,90.870000,2.163360,0.092368,951
3,4,4768,fpga,cifar10,89.873340,2.057760,0.092368,951
3,4,6111,fpga,cifar10,94.373340,6.678560,0.092368,951
3,4,3731,fpga,cifar10,94.343330,5.936160,0.092368,951
3,4,5111,fpga,cifar10,94.306660,5.193760,0.092368,951
3,4,13714,fpga,cifar10,94.373340,6.678560,0.092368,951
3,5,2035,pixel3,cifar10,89.670000,1.706480,0.149615,951
3,5,3385,pixel3,cifar10,93.990000,13.656500,0.149615,951
3,5,7717,pixel3,cifar10,91.890000,5.911940,0.149615,951
3,5,13846,pixel3,cifar10,90.720000,3.099760,0.149615,951
3,5,4112,pixel3,cifar10,89.710000,2.373950,0.149615,951
3,5,250,pixel3,cifar10,93.743330,12.221300,0.149615,951
3,5,8606,pixel3,cifar10,93.655000,11.221700,0.149615,951
3,5,1497,pixel3,cifar10,86.556660,1.056630,0.149615,951
3,5,10,pixel3,cifar10,10.000000,0.003401,0.149615,951
3,5,6111,pixel3,cifar10,94.373340,23.584800,0.149615,951
3,5,5244,pixel3,cifar10,93.290000,8.505330,0.149615,951
3,5,3731,pixel3,cifar10,94.343330,23.361300,0.149615,951
3,5,6918,pixel3,cifar10,87.000000,1.478790,0.149615,951
3,5,13987,pixel3,cifar10,93.596664,9.922680,0.149615,951
3,5,1943,pixel3,cifar10,93.116670,6.492030,0.149615,951
3,5,11692,pixel3,cifar10,94.130000,15.490100,0.149615,951
3,5,1918,pixel3,cifar10,88.880000,1.615140,0.149615,951
3,5,6434,pixel3,cifar10,91.080000,4.811140,0.149615,951
3,5,1941,pixel3,cifar10,93.533330,9.128690,0.149615,951
3,5,5111,pixel3,cifar10,94.306660,17.584600,0.149615,951
3,6,11692,raspi4,cifar10,94.130000,37.583630,0.137909,950
3,6,11472,raspi4,cifar10,93.970000,34.958935,0.137909,950
3,6,777,raspi4,cifar10,86.810000,2.873216,0.137909,950
3,6,7174,raspi4,cifar10,88.870000,4.784453,0.137909,950
3,6,2058,raspi4,cifar10,93.270000,19.484835,0.137909,950
3,6,2035,raspi4,cifar10,89.670000,4.984099,0.137909,950
3,6,9051,raspi4,cifar10,10.000000,0.011330,0.137909,950
3,6,8426,raspi4,cifar10,93.840000,31.394428,0.137909,950
3,6,6960,raspi4,cifar10,92.280000,17.162752,0.137909,950
3,6,9689,raspi4,cifar10,93.370000,21.666395,0.137909,950
3,6,8008,raspi4,cifar10,93.480000,22.571420,0.137909,950
3,6,13430,raspi4,cifar10,90.580000,7.299066,0.137909,950
3,6,12505,raspi4,cifar10,92.150000,16.747276,0.137909,950
3,6,2328,raspi4,cifar10,89.210000,4.918894,0.137909,950
3,6,13987,raspi4,cifar10,93.596664,26.130186,0.137909,950
3,6,12302,raspi4,cifar10,86.313330,2.548470,0.137909,950
3,6,8323,raspi4,cifar10,90.870000,7.426308,0.137909,950
3,6,11438,raspi4,cifar10,92.500000,18.742697,0.137909,950
3,6,1941,raspi4,cifar10,93.533330,25.121769,0.137909,950
3,6,9394,raspi4,cifar10,86.670000,2.752290,0.137909,950
3,7,2778,edgegpu,cifar100,72.993330,6.134028,0.174129,950
3,7,12415,edgegpu,cifar100,71.940000,4.828467,0.174129,950
3,7,14300,edgegpu,cifar100,67.300000,1.765666,0.174129,950
3,7,9930,edgegpu,cifar100,73.513336,6.803060,0.174129,950
3,7,11810,edgegpu,cifar100,68.300000,1.779551,0.174129,950
3,7,9586,edgegpu,cifar100,72.400000,5.387192,0.174129,950
3,7,4609,edgegpu,cifar100,66.520000,1.758838,0.174129,950
3,7,7419,edgegpu,cifar100,71.260000,4.747424,0.174129,950
3,7,11885,edgegpu,cifar100,68.040000,1.776652,0.174129,950
3,7,1509,edgegpu,cifar100,1.000000,0.505853,0.174129,950
3,7,9922,edgegpu,cifar100,58.560000,1.428552,0.174129,950
3,7,14174,edgegpu,cifar100,72.646670,5.395265,0.174129,950
3,7,4954,edgegpu,cifar100,73.000000,6.669736,0.174129,950
3,7,5019,edgegpu,cifar100,58.880000,1.488929,0.174129,950
3,7,6124,edgegpu,cifar100,68.360000,3.185835,0.174129,950
3,7,11465,edgegpu,cifar100,71.160000,4.351864,0.174129,950
3,7,8401,edgegpu,cifar100,71.080000,3.302102,0.174129,950
3,7,15589,edgegpu,cifar100,59.060000,1.502299,0.174129,950
3,7,12574,edgegpu,cifar100,72.740000,5.418716,0.174129,950
3,7,5400,edgegpu,cifar100,58.800000,1.446357,0.174129,950
3,8,1425,edgetpu,cifar100,72.093330,0.910660,0.167776,950
3,8,4418,edgetpu,cifar100,72.746666,1.093699,0.167776,950
3,8,9997,edgetpu,cifar100,71.520000,0.729986,0.167776,950
3,8,12574,edgetpu,cifar100,72.740000,0.932430,0.167776,950
3,8,4977,edgetpu,cifar100,63.360000,0.398743,0.167776,950
3,8,9930,edgetpu,cifar100,73.513336,1.454107,0.167776,950
3,8,12761,edgetpu,cifar100,72.860000,1.225212,0.167776,950
3,8,3811,edgetpu,cifar100,69.360000,0.634206,0.167776,950
3,8,12415,edgetpu,cifar100,71.940000,0.872299,0.167776,950
3,8,11810,edgetpu,cifar100,68.300000,0.492126,0.167776,950
3,8,1973,edgetpu,cifar100,67.453330,0.488234,0.167776,950
3,8,10750,edgetpu,cifar100,70.540000,0.727712,0.167776,950
3,8,8884,edgetpu,cifar100,69.920000,0.667299,0.167776,950
3,8,9077,edgetpu,cifar100,66.820000,0.486830,0.167776,950
3,8,8912,edgetpu,cifar100,59.200000,0.377698,0.167776,950
3,8,8876,edgetpu,cifar100,62.600000,0.396800,0.167776,950
3,8,6974,edgetpu,cifar100,61.880000,0.392555,0.167776,950
3,8,3888,edgetpu,cifar100,73.260000,1.316226,0.167776,950
3,8,857,edgetpu,cifar100,72.880000,1.264168,0.167776,950
3,8,3294,edgetpu,cifar100,58.400000,0.355341,0.167776,950
3,9,4418,eyeriss,cifar100,72.746666,6.352000,0.114941,951
3,9,1425,eyeriss,cifar100,72.093330,5.123200,0.114941,951
3,9,10000,eyeriss,cifar100,73.160000,6.597760,0.114941,951
3,9,14112,eyeriss,cifar100,68.386665,2.911360,0.114941,951
3,9,11301,eyeriss,cifar100,68.220000,2.665600,0.114941,951
3,9,3540,eyeriss,cifar100,71.500000,4.877440,0.114941,951
3,9,8323,eyeriss,cifar100,67.080000,2.174080,0.114941,951
3,9,14714,eyeriss,cifar100,71.280000,4.140160,0.114941,951
3,9,5651,eyeriss,cifar100,64.690000,1.928320,0.114941,951
3,9,2257,eyeriss,cifar100,70.800000,3.894400,0.114941,951
3,9,12820,eyeriss,cifar100,67.720000,2.419840,0.114941,951
3,9,14133,eyeriss,cifar100,58.320000,1.682560,0.114941,951
3,9,4659,eyeriss,cifar100,70.060000,3.402880,0.114941,951
3,9,3385,eyeriss,cifar100,72.380000,5.368960,0.114941,951
3,9,6787,eyeriss,cifar100,70.720000,3.648640,0.114941,951
3,10,5084,fpga,cifar100,58.813330,1.132960,0.109999,951
3,10,7250,fpga,cifar100,67.706665,2.390560,0.109999,951
3,10,4418,fpga,cifar100,72.746666,5.420960,0.109999,951
3,10,9930,fpga,cifar100,73.513336,7.420960,0.109999,951
3,10,3540,fpga,cifar100,71.500000,4.163360,0.109999,951
3,10,898,fpga,cifar100,70.000000,2.905760,0.109999,951
3,10,375,fpga,cifar100,64.440000,1.648160,0.109999,951
3,10,10689,fpga,cifar100,67.500000,2.163360,0.109999,951
3,10,1425,fpga,cifar100,72.093330,4.678560,0.109999,951
3,10,69,fpga,cifar100,71.020000,3.648160,0.109999,951
3,10,3888,fpga,cifar100,73.260000,5.936160,0.109999,951
3,10,2369,fpga,cifar100,70.273330,3.420960,0.109999,951
3,10,9197,fpga,cifar100,64.660000,2.057760,0.109999,951
3,10,6830,fpga,cifar100,71.460000,4.057760,0.109999,951
3,11,6337,pixel3,cifar100,1.000000,0.008753,0.141576,950
3,11,1416,pixel3,cifar100,64.493330,2.084060,0.141576,950
3,11,1459,pixel3,cifar100,73.140000,23.437900,0.141576,950
3,11,733,pixel3,cifar100,69.430000,6.796300,0.141576,950
3,11,14112,pixel3,cifar100,68.386665,5.745320,0.141576,950
3,11,2880,pixel3,cifar100,67.473335,5.260790,0.141576,950
3,11,5244,pixel3,cifar100,69.760000,8.975570,0.141576,950
3,11,5111,pixel3,cifar100,72.373340,17.609500,0.141576,950
3,11,11000,pixel3,cifar100,71.180000,10.677600,0.141576,950
3,11,1409,pixel3,cifar100,58.853333,1.275090,0.141576,950
3,11,2581,pixel3,cifar100,73.166664,34.693600,0.141576,950
3,11,6294,pixel3,cifar100,66.973335,3.112950,0.141576,950
3,11,857,pixel3,cifar100,72.880000,19.113200,0.141576,950
3,11,1425,pixel3,cifar100,72.093330,15.692300,0.141576,950
3,11,9930,pixel3,cifar100,73.513336,42.003600,0.141576,950
3,11,6111,pixel3,cifar100,73.220000,35.197000,0.141576,950
3,11,10000,pixel3,cifar100,73.160000,24.970900,0.141576,950
3,11,1583,pixel3,cifar100,71.326670,12.345800,0.141576,950
3,11,1595,pixel3,cifar100,62.146667,1.665240,0.141576,950
3,11,657,pixel3,cifar100,58.233334,1.233070,0.141576,950
3,12,9037,raspi4,cifar100,67.920000,18.898500,0.234075,950
3,12,2063,raspi4,cifar100,62.320000,4.792511,0.234075,950
3,12,9930,raspi4,cifar100,73.513336,71.152000,0.234075,950
3,12,6294,raspi4,cifar100,66.973335,7.376450,0.234075,950
3,12,10000,raspi4,cifar100,73.160000,57.735558,0.234075,950
3,12,4418,raspi4,cifar100,72.746666,47.162354,0.234075,950
3,12,11635,raspi4,cifar100,64.640000,5.177113,0.234075,950
3,12,4208,raspi4,cifar100,72.160000,42.382973,0.234075,950
3,12,6111,raspi4,cifar100,73.220000,61.573837,0.234075,950
3,12,12761,raspi4,cifar100,72.860000,53.718200,0.234075,950
3,12,1572,raspi4,cifar100,69.900000,19.916142,0.234075,950
3,12,10382,raspi4,cifar100,67.040000,10.401278,0.234075,950
3,12,1651,raspi4,cifar100,1.000000,0.015243,0.234075,950
3,12,8912,raspi4,cifar100,59.200000,2.818969,0.234075,950
3,12,15363,raspi4,cifar100,70.520000,21.809430,0.234075,950
3,12,10154,raspi4,cifar100,71.960000,39.904926,0.234075,950
3,12,9722,raspi4,cifar100,70.540000,33.473915,0.234075,950
3,12,8401,raspi4,cifar100,71.080000,34.297170,0.234075,950
3,12,6960,raspi4,cifar100,67.260000,17.012001,0.234075,950
3,12,9230,raspi4,cifar100,57.740000,2.560905,0.234075,950
3,13,5751,edgegpu,ImageNet16-120,40.044445,2.434626,0.127134,950
3,13,15376,edgegpu,ImageNet16-120,0.833333,0.533953,0.127134,950
3,13,561,edgegpu,ImageNet16-120,28.911112,1.461983,0.127134,950
3,13,15288,edgegpu,ImageNet16-120,28.422222,1.417041,0.127134,950
3,13,4160,edgegpu,ImageNet16-120,39.833332,1.756272,0.127134,950
3,13,12081,edgegpu,ImageNet16-120,40.233334,2.730479,0.127134,950
3,13,4946,edgegpu,ImageNet16-120,44.700000,3.490419,0.127134,950
3,13,6950,edgegpu,ImageNet16-120,38.700000,1.740150,0.127134,950
3,13,4587,edgegpu,ImageNet16-120,28.800000,1.445131,0.127134,950
3,13,12505,edgegpu,ImageNet16-120,39.283333,1.750417,0.127134,950
3,13,8426,edgegpu,ImageNet16-120,44.633335,3.370147,0.127134,950
3,13,9586,edgegpu,ImageNet16-120,46.933334,5.222673,0.127134,950
3,13,11271,edgegpu,ImageNet16-120,45.066666,4.669433,0.127134,950
3,13,8884,edgegpu,ImageNet16-120,45.033333,3.499999,0.127134,950
3,13,10947,edgegpu,ImageNet16-120,39.944443,1.909800,0.127134,950
3,13,8401,edgegpu,ImageNet16-120,43.833332,3.322444,0.127134,950
3,14,1973,edgetpu,ImageNet16-120,38.855556,0.427802,0.132553,958
3,14,8733,edgetpu,ImageNet16-120,46.600000,0.800426,0.132553,958
3,14,4977,edgetpu,ImageNet16-120,32.966667,0.367728,0.132553,958
3,14,11472,edgetpu,ImageNet16-120,43.633335,0.615738,0.132553,958
3,14,4195,edgetpu,ImageNet16-120,32.166668,0.364007,0.132553,958
3,14,11222,edgetpu,ImageNet16-120,39.766666,0.516482,0.132553,958
3,14,11079,edgetpu,ImageNet16-120,43.566666,0.552430,0.132553,958
3,14,7174,edgetpu,ImageNet16-120,33.116665,0.391775,0.132553,958
3,14,12415,edgetpu,ImageNet16-120,46.566666,0.710906,0.132553,958
3,14,15014,edgetpu,ImageNet16-120,28.266666,0.358110,0.132553,958
3,14,10472,edgetpu,ImageNet16-120,39.633335,0.444442,0.132553,958
3,14,9806,edgetpu,ImageNet16-120,39.966667,0.517371,0.132553,958
3,14,4988,edgetpu,ImageNet16-120,28.933332,0.360694,0.132553,958
3,14,14840,edgetpu,ImageNet16-120,45.311110,0.666690,0.132553,958
3,14,4946,edgetpu,ImageNet16-120,44.700000,0.618328,0.132553,958
3,14,5374,edgetpu,ImageNet16-120,46.766666,0.843987,0.132553,958
3,14,10699,edgetpu,ImageNet16-120,46.833332,0.858130,0.132553,958
3,14,9689,edgetpu,ImageNet16-120,42.533333,0.549702,0.132553,958
3,14,2136,edgetpu,ImageNet16-120,42.166668,0.549614,0.132553,958
3,14,3540,edgetpu,ImageNet16-120,45.122223,0.648670,0.132553,958
3,15,2213,eyeriss,ImageNet16-120,45.588890,1.283200,0.121380,950
3,15,7627,eyeriss,ImageNet16-120,37.766666,0.545920,0.121380,950
3,15,9586,eyeriss,ImageNet16-120,46.933334,1.897600,0.121380,950
3,15,11973,eyeriss,ImageNet16-120,42.933334,0.853120,0.121380,950
3,15,6621,eyeriss,ImageNet16-120,44.866665,1.221760,0.121380,950
3,15,4988,eyeriss,ImageNet16-120,28.933332,0.423040,0.121380,950
3,15,4946,eyeriss,ImageNet16-120,44.700000,1.160320,0.121380,950
3,15,572,eyeriss,ImageNet16-120,43.577778,0.914560,0.121380,950
3,15,5374,eyeriss,ImageNet16-120,46.766666,1.590400,0.121380,950
3,15,12231,eyeriss,ImageNet16-120,40.200000,0.791680,0.121380,950
3,15,3458,eyeriss,ImageNet16-120,45.666668,1.344640,0.121380,950
3,15,9805,eyeriss,ImageNet16-120,34.133335,0.484480,0.121380,950
3,15,7252,eyeriss,ImageNet16-120,44.666668,0.976000,0.121380,950
3,16,4988,fpga,ImageNet16-120,28.933332,0.284320,0.136511,970
3,16,11867,fpga,ImageNet16-120,43.866665,0.969600,0.136511,970
3,16,4829,fpga,ImageNet16-120,34.200000,0.415520,0.136511,970
3,16,10017,fpga,ImageNet16-120,40.566666,0.784000,0.136511,970
3,16,8323,fpga,ImageNet16-120,38.033333,0.546720,0.136511,970
3,16,11161,fpga,ImageNet16-120,34.500000,0.517920,0.136511,970
3,16,8008,fpga,ImageNet16-120,43.500000,0.876800,0.136511,970
3,16,13778,fpga,ImageNet16-120,46.277780,1.504000,0.136511,970
3,16,5111,fpga,ImageNet16-120,46.588890,1.596800,0.136511,970
3,16,3650,fpga,ImageNet16-120,43.866665,0.969600,0.136511,970
3,16,6854,fpga,ImageNet16-120,40.800000,0.809120,0.136511,970
3,16,8853,fpga,ImageNet16-120,45.600000,1.155200,0.136511,970
3,16,1939,fpga,ImageNet16-120,45.077778,1.062400,0.136511,970
3,16,11436,fpga,ImageNet16-120,38.133335,0.677920,0.136511,970
3,16,11079,fpga,ImageNet16-120,43.566666,0.902400,0.136511,970
3,16,8633,fpga,ImageNet16-120,39.766666,0.780320,0.136511,970
3,16,10699,fpga,ImageNet16-120,46.833332,1.945600,0.136511,970
3,17,8627,pixel3,ImageNet16-120,43.633335,2.707490,0.154135,950
3,17,12156,pixel3,ImageNet16-120,46.550000,5.198720,0.154135,950
3,17,1785,pixel3,ImageNet16-120,28.155556,0.422695,0.154135,950
3,17,5111,pixel3,ImageNet16-120,46.588890,5.571030,0.154135,950
3,17,14417,pixel3,ImageNet16-120,45.900000,4.143030,0.154135,950
3,17,8853,pixel3,ImageNet16-120,45.600000,3.554540,0.154135,950
3,17,7187,pixel3,ImageNet16-120,28.683332,0.425223,0.154135,950
3,17,12639,pixel3,ImageNet16-120,40.400000,1.304440,0.154135,950
3,17,11000,pixel3,ImageNet16-120,44.866665,2.962520,0.154135,950
3,17,735,pixel3,ImageNet16-120,38.544445,1.107950,0.154135,950
3,17,12452,pixel3,ImageNet16-120,40.533333,1.504410,0.154135,950
3,17,669,pixel3,ImageNet16-120,0.833333,0.005671,0.154135,950
3,17,10313,pixel3,ImageNet16-120,40.600000,1.769330,0.154135,950
3,17,1939,pixel3,ImageNet16-120,45.077778,3.021500,0.154135,950
3,17,12358,pixel3,ImageNet16-120,34.055557,0.666287,0.154135,950
3,17,2018,pixel3,ImageNet16-120,46.433334,4.949210,0.154135,950
3,17,4432,pixel3,ImageNet16-120,37.800000,0.861157,0.154135,950
3,17,2002,pixel3,ImageNet16-120,32.277780,0.617751,0.154135,950
3,17,14112,pixel3,ImageNet16-120,40.733334,1.913100,0.154135,950
3,17,4004,pixel3,ImageNet16-120,42.811110,2.467510,0.154135,950
3,18,9496,raspi4,ImageNet16-120,38.200000,2.204048,0.114652,963
3,18,4948,raspi4,ImageNet16-120,43.066666,3.826901,0.114652,963
3,18,41,raspi4,ImageNet16-120,32.388890,1.528043,0.114652,963
3,18,249,raspi4,ImageNet16-120,43.577778,5.006169,0.114652,963
3,18,9585,raspi4,ImageNet16-120,0.833333,0.011519,0.114652,963
3,18,3782,raspi4,ImageNet16-120,41.866665,3.755286,0.114652,963
3,18,1751,raspi4,ImageNet16-120,33.955555,1.593308,0.114652,963
3,18,4731,raspi4,ImageNet16-120,37.333332,2.199167,0.114652,963
3,18,7252,raspi4,ImageNet16-120,44.666668,5.322441,0.114652,963
3,18,7551,raspi4,ImageNet16-120,38.477780,2.950436,0.114652,963
3,18,6519,raspi4,ImageNet16-120,40.183334,3.212652,0.114652,963
3,18,10146,raspi4,ImageNet16-120,28.366667,1.037090,0.114652,963
3,18,8768,raspi4,ImageNet16-120,45.066666,6.333859,0.114652,963
3,18,4747,raspi4,ImageNet16-120,45.755554,7.972725,0.114652,963
3,18,6055,raspi4,ImageNet16-120,43.366665,4.491082,0.114652,963
3,18,4244,raspi4,ImageNet16-120,46.200000,8.679493,0.114652,963
3,18,3385,raspi4,ImageNet16-120,46.400000,10.565948,0.114652,963
3,18,15510,raspi4,ImageNet16-120,45.333332,7.375227,0.114652,963
3,18,9149,raspi4,ImageNet16-120,46.900000,10.889383,0.114652,963
3,18,657,raspi4,ImageNet16-120,27.688889,0.953181,0.114652,963
4,1,2090,edgegpu,cifar10,86.650000,1.437702,0.120207,950
4,1,5780,edgegpu,cifar10,93.980000,3.361888,0.120207,950
4,1,5292,edgegpu,cifar10,94.293335,6.663151,0.120207,950
4,1,2053,edgegpu,cifar10,94.206665,5.482254,0.120207,950
4,1,13714,edgegpu,cifar10,94.373340,6.772180,0.120207,950
4,1,1099,edgegpu,cifar10,92.240000,1.774683,0.120207,950
4,1,10222,edgegpu,cifar10,86.200000,1.429176,0.120207,950
4,1,14407,edgegpu,cifar10,86.770000,1.440282,0.120207,950
4,1,1459,edgegpu,cifar10,94.296670,6.748991,0.120207,950
4,1,1601,edgegpu,cifar10,86.336670,1.433892,0.120207,950
4,1,1317,edgegpu,cifar10,94.090000,5.292902,0.120207,950
4,1,11810,edgegpu,cifar10,92.780000,1.992798,0.120207,950
4,1,1339,edgegpu,cifar10,92.136665,1.751881,0.120207,950
4,1,6330,edgegpu,cifar10,94.006670,4.384699,0.120207,950
4,1,13401,edgegpu,cifar10,87.010000,1.457009,0.120207,950
4,1,4803,edgegpu,cifar10,88.746666,1.748652,0.120207,950
4,1,8421,edgegpu,cifar10,10.000000,0.538597,0.120207,950
4,1,2776,edgegpu,cifar10,93.666664,3.331194,0.120207,950
4,2,970,edgetpu,cifar10,86.770000,0.371488,0.140567,951
4,2,11112,edgetpu,cifar10,92.110000,0.480732,0.140567,951
4,2,6918,edgetpu,cifar10,87.000000,0.375819,0.140567,951
4,2,13611,edgetpu,cifar10,92.490000,0.481826,0.140567,951
4,2,5780,edgetpu,cifar10,93.980000,0.723967,0.140567,951
4,2,11810,edgetpu,cifar10,92.780000,0.482879,0.140567,951
4,2,8192,edgetpu,cifar10,93.093330,0.627745,0.140567,951
4,2,13714,edgetpu,cifar10,94.373340,1.377865,0.140567,951
4,2,2053,edgetpu,cifar10,94.206665,1.042178,0.140567,951
4,2,10581,edgetpu,cifar10,89.015000,0.390403,0.140567,951
4,2,9817,edgetpu,cifar10,93.490000,0.723286,0.140567,951
4,2,9271,edgetpu,cifar10,89.250000,0.396381,0.140567,951
4,2,12439,edgetpu,cifar10,86.393330,0.352159,0.140567,951
4,2,6382,edgetpu,cifar10,93.376660,0.628638,0.140567,951
4,2,11692,edgetpu,cifar10,94.130000,0.761100,0.140567,951
4,2,5111,edgetpu,cifar10,94.306660,1.152010,0.140567,951
4,2,9394,edgetpu,cifar10,86.670000,0.356919,0.140567,951
4,3,4384,eyeriss,cifar10,86.796670,1.679540,0.118998,951
4,3,13714,eyeriss,cifar10,94.373340,7.823540,0.118998,951
4,3,13611,eyeriss,cifar10,92.490000,3.154100,0.118998,951
4,3,11692,eyeriss,cifar10,94.130000,4.874420,0.118998,951
4,3,6111,eyeriss,cifar10,94.373340,7.823540,0.118998,951
4,3,8008,eyeriss,cifar10,93.480000,3.399860,0.118998,951
4,3,3731,eyeriss,cifar10,94.343330,6.594740,0.118998,951
4,3,5111,eyeriss,cifar10,94.306660,5.365940,0.118998,951
4,3,8592,eyeriss,cifar10,93.750000,3.891380,0.118998,951
4,3,6899,eyeriss,cifar10,90.900000,2.416820,0.118998,951
4,3,11472,eyeriss,cifar10,93.970000,4.628660,0.118998,951
4,3,3687,eyeriss,cifar10,89.820000,1.925300,0.118998,951
4,3,8323,eyeriss,cifar10,90.870000,2.171060,0.118998,951
4,3,10412,eyeriss,cifar10,93.530000,3.645620,0.118998,951
4,4,9099,fpga,cifar10,93.940000,4.163360,0.090456,964
4,4,12438,fpga,cifar10,89.875000,1.648160,0.090456,964
4,4,8720,fpga,cifar10,89.875000,1.648160,0.090456,964
4,4,13611,fpga,cifar10,92.490000,2.390560,0.090456,964
4,4,12857,fpga,cifar10,90.510000,2.163360,0.090456,964
4,4,13539,fpga,cifar10,94.190000,5.830560,0.090456,964
4,4,10154,fpga,cifar10,94.090000,4.678560,0.090456,964
4,4,4384,fpga,cifar10,86.796670,1.132960,0.090456,964
4,4,168,fpga,cifar10,94.126660,5.193760,0.090456,964
4,4,9950,fpga,cifar10,93.840000,3.648160,0.090456,964
4,4,11525,fpga,cifar10,90.000000,2.057760,0.090456,964
4,4,8008,fpga,cifar10,93.480000,2.905760,0.090456,964
4,4,6111,fpga,cifar10,94.373340,6.678560,0.090456,964
4,4,3731,fpga,cifar10,94.343330,5.936160,0.090456,964
4,5,13869,pixel3,cifar10,93.656670,10.634700,0.108088,967
4,5,3687,pixel3,cifar10,89.820000,2.387250,0.108088,967
4,5,8695,pixel3,cifar10,94.220000,17.564500,0.108088,967
4,5,8323,pixel3,cifar10,90.870000,3.106420,0.108088,967
4,5,6854,pixel3,cifar10,91.040000,4.514220,0.108088,967
4,5,6584,pixel3,cifar10,94.160000,15.720300,0.108088,967
4,5,45,pixel3,cifar10,89.593330,1.713590,0.108088,967
4,5,13171,pixel3,cifar10,93.530000,7.717220,0.108088,967
4,5,1291,pixel3,cifar10,10.000000,0.003595,0.108088,967
4,5,6358,pixel3,cifar10,92.136665,6.066150,0.108088,967
4,5,25,pixel3,cifar10,86.540000,1.054570,0.108088,967
4,5,14112,pixel3,cifar10,91.296670,5.767020,0.108088,967
4,5,1941,pixel3,cifar10,93.533330,9.128690,0.108088,967
4,5,3731,pixel3,cifar10,94.343330,23.361300,0.108088,967
4,5,5111,pixel3,cifar10,94.306660,17.584600,0.108088,967
4,5,2952,pixel3,cifar10,93.070000,7.054800,0.108088,967
4,5,3540,pixel3,cifar10,93.916664,13.921100,0.108088,967
4,5,11472,pixel3,cifar10,93.970000,14.718900,0.108088,967
4,5,2013,pixel3,cifar10,93.796670,13.412500,0.108088,967
4,5,6111,pixel3,cifar10,94.373340,23.584800,0.108088,967
4,6,1785,raspi4,cifar10,86.586670,2.538737,0.198946,950
4,6,2297,raspi4,cifar10,90.430000,7.343672,0.198946,950
4,6,3731,raspi4,cifar10,94.343330,58.070793,0.198946,950
4,6,2058,raspi4,cifar10,93.270000,19.484835,0.198946,950
4,6,10275,raspi4,cifar10,91.080000,9.993188,0.198946,950
4,6,6111,raspi4,cifar10,94.373340,68.404106,0.198946,950
4,6,5780,raspi4,cifar10,93.980000,34.928463,0.198946,950
4,6,2064,raspi4,cifar10,91.970000,16.916330,0.198946,950
4,6,8426,raspi4,cifar10,93.840000,31.394428,0.198946,950
4,6,6577,raspi4,cifar10,10.000000,0.011297,0.198946,950
4,6,13987,raspi4,cifar10,93.596664,26.130186,0.198946,950
4,6,11692,raspi4,cifar10,94.130000,37.583630,0.198946,950
4,6,3496,raspi4,cifar10,89.763336,5.172737,0.198946,950
4,6,12915,raspi4,cifar10,90.570000,7.381027,0.198946,950
4,6,3177,raspi4,cifar10,92.130000,18.394455,0.198946,950
4,6,898,raspi4,cifar10,93.356670,21.520990,0.198946,950
4,6,6918,raspi4,cifar10,87.000000,2.787590,0.198946,950
4,6,5111,raspi4,cifar10,94.306660,41.756905,0.198946,950
4,6,9543,raspi4,cifar10,93.453330,24.144102,0.198946,950
4,6,14565,raspi4,cifar10,88.880000,4.781183,0.198946,950
4,7,9586,edgegpu,cifar100,72.400000,5.387192,0.144418,950
4,7,4609,edgegpu,cifar100,66.520000,1.758838,0.144418,950
4,7,9930,edgegpu,cifar100,73.513336,6.803060,0.144418,950
4,7,10222,edgegpu,cifar100,58.860000,1.449347,0.144418,950
4,7,8401,edgegpu,cifar100,71.080000,3.302102,0.144418,950
4,7,11067,edgegpu,cifar100,58.186670,1.427836,0.144418,950
4,7,14089,edgegpu,cifar100,61.806667,1.752892,0.144418,950
4,7,3540,edgegpu,cifar100,71.500000,4.730291,0.144418,950
4,7,2778,edgegpu,cifar100,72.993330,6.134028,0.144418,950
4,7,12415,edgegpu,cifar100,71.940000,4.828467,0.144418,950
4,7,4954,edgegpu,cifar100,73.000000,6.669736,0.144418,950
4,7,11465,edgegpu,cifar100,71.160000,4.351864,0.144418,950
4,7,7210,edgegpu,cifar100,67.860000,1.795692,0.144418,950
4,7,9922,edgegpu,cifar100,58.560000,1.428552,0.144418,950
4,7,1317,edgegpu,cifar100,72.566666,5.444756,0.144418,950
4,7,15224,edgegpu,cifar100,67.900000,2.829962,0.144418,950
4,7,6372,edgegpu,cifar100,67.686670,1.780295,0.144418,950
4,7,13699,edgegpu,cifar100,1.000000,0.533452,0.144418,950
4,7,9037,edgegpu,cifar100,67.920000,3.290758,0.144418,950
4,7,14090,edgegpu,cifar100,67.060000,1.774616,0.144418,950
4,8,8915,edgetpu,cifar100,61.746666,0.392179,0.167920,950
4,8,8032,edgetpu,cifar100,67.600000,0.487441,0.167920,950
4,8,9782,edgetpu,cifar100,69.970000,0.639918,0.167920,950
4,8,11810,edgetpu,cifar100,68.300000,0.492126,0.167920,950
4,8,9077,edgetpu,cifar100,66.820000,0.486830,0.167920,950
4,8,5019,edgetpu,cifar100,58.880000,0.357058,0.167920,950
4,8,12574,edgetpu,cifar100,72.740000,0.932430,0.167920,950
4,8,12761,edgetpu,cifar100,72.860000,1.225212,0.167920,950
4,8,3811,edgetpu,cifar100,69.360000,0.634206,0.167920,950
4,8,9930,edgetpu,cifar100,73.513336,1.454107,0.167920,950
4,8,10750,edgetpu,cifar100,70.540000,0.727712,0.167920,950
4,8,1425,edgetpu,cifar100,72.093330,0.910660,0.167920,950
4,8,2705,edgetpu,cifar100,62.813330,0.393026,0.167920,950
4,8,4418,edgetpu,cifar100,72.746666,1.093699,0.167920,950
4,8,4977,edgetpu,cifar100,63.360000,0.398743,0.167920,950
4,8,2581,edgetpu,cifar100,73.166664,1.354564,0.167920,950
4,8,9997,edgetpu,cifar100,71.520000,0.729986,0.167920,950
4,8,9922,edgetpu,cifar100,58.560000,0.355595,0.167920,950
4,8,1459,edgetpu,cifar100,73.140000,1.311551,0.167920,950
4,8,12415,edgetpu,cifar100,71.940000,0.872299,0.167920,950
4,9,7627,eyeriss,cifar100,66.860000,2.174080,0.087116,951
4,9,9930,eyeriss,cifar100,73.513336,9.055360,0.087116,951
4,9,3687,eyeriss,cifar100,64.460000,1.928320,0.087116,951
4,9,1357,eyeriss,cifar100,67.480000,2.419840,0.087116,951
4,9,12574,eyeriss,cifar100,72.740000,5.123200,0.087116,951
4,9,1459,eyeriss,cifar100,73.140000,6.597760,0.087116,951
4,9,355,eyeriss,cifar100,69.860000,3.402880,0.087116,951
4,9,6111,eyeriss,cifar100,73.220000,7.826560,0.087116,951
4,9,12761,eyeriss,cifar100,72.860000,6.352000,0.087116,951
4,9,12970,eyeriss,cifar100,68.140000,2.665600,0.087116,951
4,9,5084,eyeriss,cifar100,58.813330,1.682560,0.087116,951
4,9,3540,eyeriss,cifar100,71.500000,4.877440,0.087116,951
4,9,11472,eyeriss,cifar100,70.860000,4.631680,0.087116,951
4,9,15363,eyeriss,cifar100,70.520000,3.648640,0.087116,951
4,10,10042,fpga,cifar100,64.880000,2.057760,0.101771,952
4,10,8323,fpga,cifar100,67.080000,2.163360,0.101771,952
4,10,5651,fpga,cifar100,64.690000,1.648160,0.101771,952
4,10,15033,fpga,cifar100,67.793335,2.390560,0.101771,952
4,10,15363,fpga,cifar100,70.520000,3.420960,0.101771,952
4,10,12761,fpga,cifar100,72.860000,5.420960,0.101771,952
4,10,9930,fpga,cifar100,73.513336,7.420960,0.101771,952
4,10,12574,fpga,cifar100,72.740000,4.678560,0.101771,952
4,10,4659,fpga,cifar100,70.060000,2.905760,0.101771,952
4,10,2191,fpga,cifar100,58.386665,1.132960,0.101771,952
4,10,10200,fpga,cifar100,70.553330,3.648160,0.101771,952
4,10,3888,fpga,cifar100,73.260000,5.936160,0.101771,952
4,10,6830,fpga,cifar100,71.460000,4.057760,0.101771,952
4,11,658,pixel3,cifar100,69.560000,8.466920,0.122337,952
4,11,5019,pixel3,cifar100,58.880000,1.483640,0.122337,952
4,11,857,pixel3,cifar100,72.880000,19.113200,0.122337,952
4,11,906,pixel3,cifar100,62.393333,1.661810,0.122337,952
4,11,1459,pixel3,cifar100,73.140000,23.437900,0.122337,952
4,11,14990,pixel3,cifar100,69.920000,9.845940,0.122337,952
4,11,1583,pixel3,cifar100,71.326670,12.345800,0.122337,952
4,11,11000,pixel3,cifar100,71.180000,10.677600,0.122337,952
4,11,5241,pixel3,cifar100,1.000000,0.008823,0.122337,952
4,11,9930,pixel3,cifar100,73.513336,42.003600,0.122337,952
4,11,657,pixel3,cifar100,58.233334,1.233070,0.122337,952
4,11,1413,pixel3,cifar100,69.186670,6.545880,0.122337,952
4,11,1425,pixel3,cifar100,72.093330,15.692300,0.122337,952
4,11,9271,pixel3,cifar100,63.400000,2.201440,0.122337,952
4,11,9649,pixel3,cifar100,64.540000,2.536210,0.122337,952
4,11,3888,pixel3,cifar100,73.260000,23.477200,0.122337,952
4,11,9997,pixel3,cifar100,71.520000,14.777900,0.122337,952
4,11,3385,pixel3,cifar100,72.380000,17.527800,0.122337,952
4,11,8323,pixel3,cifar100,67.080000,3.106340,0.122337,952
4,11,485,pixel3,cifar100,67.593330,4.124800,0.122337,952
4,12,1939,raspi4,cifar100,70.760000,24.555029,0.124255,963
4,12,10042,raspi4,cifar100,64.880000,5.100886,0.124255,963
4,12,7760,raspi4,cifar100,67.800000,18.461674,0.124255,963
4,12,6040,raspi4,cifar100,1.000000,0.015365,0.124255,963
4,12,5019,raspi4,cifar100,58.880000,2.822617,0.124255,963
4,12,8768,raspi4,cifar100,71.120000,25.648617,0.124255,963
4,12,7585,raspi4,cifar100,62.410000,4.802180,0.124255,963
4,12,12820,raspi4,cifar100,67.720000,15.998039,0.124255,963
4,12,10000,raspi4,cifar100,73.160000,57.735558,0.124255,963
4,12,9997,raspi4,cifar100,71.520000,34.996710,0.124255,963
4,12,1459,raspi4,cifar100,73.140000,53.879950,0.124255,963
4,12,14811,raspi4,cifar100,69.680000,20.361189,0.124255,963
4,12,6854,raspi4,cifar100,67.260000,12.135427,0.124255,963
4,12,4418,raspi4,cifar100,72.746666,47.162354,0.124255,963
4,12,8323,raspi4,cifar100,67.080000,7.271148,0.124255,963
4,12,9782,raspi4,cifar100,69.970000,21.914854,0.124255,963
4,12,12574,raspi4,cifar100,72.740000,36.371254,0.124255,963
4,12,9394,raspi4,cifar100,58.110000,2.552768,0.124255,963
4,12,9930,raspi4,cifar100,73.513336,71.152000,0.124255,963
4,12,6111,raspi4,cifar100,73.220000,61.573837,0.124255,963
4,13,15383,edgegpu,ImageNet16-120,47.033333,6.262836,0.162357,951
4,13,12736,edgegpu,ImageNet16-120,42.466667,3.326759,0.162357,951
4,13,5751,edgegpu,ImageNet16-120,40.044445,2.434626,0.162357,951
4,13,857,edgegpu,ImageNet16-120,47.311110,6.707663,0.162357,951
4,13,15288,edgegpu,ImageNet16-120,28.422222,1.417041,0.162357,951
4,13,5374,edgegpu,ImageNet16-120,46.766666,5.294285,0.162357,951
4,13,12415,edgegpu,ImageNet16-120,46.566666,4.667692,0.162357,951
4,13,4946,edgegpu,ImageNet16-120,44.700000,3.490419,0.162357,951
4,13,2650,edgegpu,ImageNet16-120,42.433334,3.309817,0.162357,951
4,13,4587,edgegpu,ImageNet16-120,28.800000,1.445131,0.162357,951
4,13,14027,edgegpu,ImageNet16-120,40.266666,3.306937,0.162357,951
4,13,6950,edgegpu,ImageNet16-120,38.700000,1.740150,0.162357,951
4,13,4988,edgegpu,ImageNet16-120,28.933332,1.448212,0.162357,951
4,13,9722,edgegpu,ImageNet16-120,44.000000,3.327813,0.162357,951
4,13,70,edgegpu,ImageNet16-120,39.377777,1.761627,0.162357,951
4,13,15376,edgegpu,ImageNet16-120,0.833333,0.533953,0.162357,951
4,13,14117,edgegpu,ImageNet16-120,28.677778,1.435547,0.162357,951
4,13,10838,edgegpu,ImageNet16-120,45.033333,4.388719,0.162357,951
4,14,13438,edgetpu,ImageNet16-120,39.100000,0.428747,0.122773,967
4,14,7837,edgetpu,ImageNet16-120,32.111110,0.363571,0.122773,967
4,14,1475,edgetpu,ImageNet16-120,39.900000,0.516949,0.122773,967
4,14,3236,edgetpu,ImageNet16-120,40.044445,0.517540,0.122773,967
4,14,10699,edgetpu,ImageNet16-120,46.833332,0.858130,0.122773,967
4,14,11079,edgetpu,ImageNet16-120,43.566666,0.552430,0.122773,967
4,14,3650,edgetpu,ImageNet16-120,43.866665,0.597881,0.122773,967
4,14,4831,edgetpu,ImageNet16-120,32.611110,0.379098,0.122773,967
4,14,12544,edgetpu,ImageNet16-120,39.466667,0.429414,0.122773,967
4,14,4438,edgetpu,ImageNet16-120,39.800000,0.475448,0.122773,967
4,14,12415,edgetpu,ImageNet16-120,46.566666,0.710906,0.122773,967
4,14,6499,edgetpu,ImageNet16-120,44.466667,0.635770,0.122773,967
4,14,3540,edgetpu,ImageNet16-120,45.122223,0.648670,0.122773,967
4,14,13931,edgetpu,ImageNet16-120,28.788889,0.360349,0.122773,967
4,14,5374,edgetpu,ImageNet16-120,46.766666,0.843987,0.122773,967
4,14,15014,edgetpu,ImageNet16-120,28.266666,0.358110,0.122773,967
4,14,4830,edgetpu,ImageNet16-120,42.233334,0.549457,0.122773,967
4,14,4675,edgetpu,ImageNet16-120,33.100000,0.393316,0.122773,967
4,14,857,edgetpu,ImageNet16-120,47.311110,0.997730,0.122773,967
4,14,9997,edgetpu,ImageNet16-120,43.966667,0.615641,0.122773,967
4,15,3687,eyeriss,ImageNet16-120,34.066666,0.484480,0.101530,950
4,15,10699,eyeriss,ImageNet16-120,46.833332,1.590400,0.101530,950
4,15,14655,eyeriss,ImageNet16-120,44.000000,0.914560,0.101530,950
4,15,3982,eyeriss,ImageNet16-120,45.333332,1.221760,0.101530,950
4,15,11000,eyeriss,ImageNet16-120,44.866665,0.976000,0.101530,950
4,15,11973,eyeriss,ImageNet16-120,42.933334,0.853120,0.101530,950
4,15,5487,eyeriss,ImageNet16-120,38.500000,0.607360,0.101530,950
4,15,8323,eyeriss,ImageNet16-120,38.033333,0.545920,0.101530,950
4,15,14146,eyeriss,ImageNet16-120,28.433332,0.423040,0.101530,950
4,15,12231,eyeriss,ImageNet16-120,40.200000,0.791680,0.101530,950
4,15,5111,eyeriss,ImageNet16-120,46.588890,1.344640,0.101530,950
4,15,13778,eyeriss,ImageNet16-120,46.277780,1.283200,0.101530,950
4,16,4829,fpga,ImageNet16-120,34.200000,0.415520,0.124188,951
4,16,9586,fpga,ImageNet16-120,46.933334,2.387200,0.124188,951
4,16,10017,fpga,ImageNet16-120,40.566666,0.784000,0.124188,951
4,16,5793,fpga,ImageNet16-120,35.033333,0.517920,0.124188,951
4,16,8633,fpga,ImageNet16-120,39.766666,0.780320,0.124188,951
4,16,8290,fpga,ImageNet16-120,46.133335,1.504000,0.124188,951
4,16,6868,fpga,ImageNet16-120,39.000000,0.649120,0.124188,951
4,16,8008,fpga,ImageNet16-120,43.500000,0.876800,0.124188,951
4,16,8736,fpga,ImageNet16-120,45.700000,1.411200,0.124188,951
4,16,1939,fpga,ImageNet16-120,45.077778,1.062400,0.124188,951
4,16,14748,fpga,ImageNet16-120,44.900000,0.995200,0.124188,951
4,16,2835,fpga,ImageNet16-120,38.222220,0.546720,0.124188,951
4,16,5374,fpga,ImageNet16-120,46.766666,1.945600,0.124188,951
4,16,4618,fpga,ImageNet16-120,28.544445,0.284320,0.124188,951
4,16,15363,fpga,ImageNet16-120,44.333332,0.969600,0.124188,951
4,16,8853,fpga,ImageNet16-120,45.600000,1.155200,0.124188,951
4,17,13597,pixel3,ImageNet16-120,41.866665,2.472200,0.142270,950
4,17,12156,pixel3,ImageNet16-120,46.550000,5.198720,0.142270,950
4,17,13184,pixel3,ImageNet16-120,0.833333,0.005804,0.142270,950
4,17,758,pixel3,ImageNet16-120,28.333334,0.422134,0.142270,950
4,17,5111,pixel3,ImageNet16-120,46.588890,5.571030,0.142270,950
4,17,11000,pixel3,ImageNet16-120,44.866665,2.962520,0.142270,950
4,17,12452,pixel3,ImageNet16-120,40.533333,1.504410,0.142270,950
4,17,14417,pixel3,ImageNet16-120,45.900000,4.143030,0.142270,950
4,17,8853,pixel3,ImageNet16-120,45.600000,3.554540,0.142270,950
4,17,4988,pixel3,ImageNet16-120,28.933332,0.485996,0.142270,950
4,17,1939,pixel3,ImageNet16-120,45.077778,3.021500,0.142270,950
4,17,11653,pixel3,ImageNet16-120,38.100000,1.107920,0.142270,950
4,17,10412,pixel3,ImageNet16-120,43.733334,2.753550,0.142270,950
4,17,4977,pixel3,ImageNet16-120,32.966667,0.617991,0.142270,950
4,17,4829,pixel3,ImageNet16-120,34.200000,0.795625,0.142270,950
4,17,4627,pixel3,ImageNet16-120,43.500000,2.479640,0.142270,950
4,17,4432,pixel3,ImageNet16-120,37.800000,0.861157,0.142270,950
4,17,12639,pixel3,ImageNet16-120,40.400000,1.304440,0.142270,950
4,17,6854,pixel3,ImageNet16-120,40.800000,1.621620,0.142270,950
4,17,5637,pixel3,ImageNet16-120,33.933334,0.673067,0.142270,950
4,18,6111,raspi4,ImageNet16-120,46.711110,13.874590,0.124865,950
4,18,13931,raspi4,ImageNet16-120,28.788889,0.956195,0.124865,950
4,18,3731,raspi4,ImageNet16-120,46.588890,8.664017,0.124865,950
4,18,13644,raspi4,ImageNet16-120,45.333332,6.780282,0.124865,950
4,18,8449,raspi4,ImageNet16-120,46.233334,8.000248,0.124865,950
4,18,933,raspi4,ImageNet16-120,0.833333,0.011514,0.124865,950
4,18,8426,raspi4,ImageNet16-120,44.633335,5.288439,0.124865,950
4,18,12740,raspi4,ImageNet16-120,33.833332,1.611015,0.124865,950
4,18,14792,raspi4,ImageNet16-120,43.033333,3.792447,0.124865,950
4,18,5973,raspi4,ImageNet16-120,40.100000,3.159922,0.124865,950
4,18,11946,raspi4,ImageNet16-120,28.200000,0.940293,0.124865,950
4,18,219,raspi4,ImageNet16-120,42.500000,3.768475,0.124865,950
4,18,6787,raspi4,ImageNet16-120,44.400000,4.532777,0.124865,950
4,18,12505,raspi4,ImageNet16-120,39.283333,3.062432,0.124865,950
4,18,3960,raspi4,ImageNet16-120,37.755554,2.197980,0.124865,950
4,18,1939,raspi4,ImageNet16-120,45.077778,5.341908,0.124865,950
4,18,8853,raspi4,ImageNet16-120,45.600000,6.961605,0.124865,950
4,18,779,raspi4,ImageNet16-120,32.700000,1.540673,0.124865,950
4,18,3874,raspi4,ImageNet16-120,31.300000,1.531011,0.124865,950
4,18,8290,raspi4,ImageNet16-120,46.133335,7.585358,0.124865,950
5,1,1459,edgegpu,cifar10,94.296670,6.748991,0.117986,951
5,1,5400,edgegpu,cifar10,86.630000,1.427460,0.117986,951
5,1,11810,edgegpu,cifar10,92.780000,1.992798,0.117986,951
5,1,5039,edgegpu,cifar10,10.000000,0.539684,0.117986,951
5,1,2385,edgegpu,cifar10,86.706665,1.442532,0.117986,951
5,1,6111,edgegpu,cifar10,94.373340,6.810174,0.117986,951
5,1,11692,edgegpu,cifar10,94.130000,4.708362,0.117986,951
5,1,10484,edgegpu,cifar10,93.810000,3.354015,0.117986,951
5,1,777,edgegpu,cifar10,86.810000,1.463118,0.117986,951
5,1,13539,edgegpu,cifar10,94.190000,6.504121,0.117986,951
5,1,6960,edgegpu,cifar10,92.280000,1.764450,0.117986,951
5,1,1051,edgegpu,cifar10,86.700000,1.440959,0.117986,951
5,1,5780,edgegpu,cifar10,93.980000,3.361888,0.117986,951
5,1,70,edgegpu,cifar10,91.983330,1.760149,0.117986,951
5,1,6499,edgegpu,cifar10,93.645000,3.331041,0.117986,951
5,1,8687,edgegpu,cifar10,86.763336,1.454229,0.117986,951
5,2,14090,edgetpu,cifar10,92.086670,0.482273,0.154521,951
5,2,2053,edgetpu,cifar10,94.206665,1.042178,0.154521,951
5,2,3487,edgetpu,cifar10,93.293335,0.628484,0.154521,951
5,2,13714,edgetpu,cifar10,94.373340,1.377865,0.154521,951
5,2,5946,edgetpu,cifar10,88.963330,0.389012,0.154521,951
5,2,9394,edgetpu,cifar10,86.670000,0.356919,0.154521,951
5,2,9271,edgetpu,cifar10,89.250000,0.396381,0.154521,951
5,2,11810,edgetpu,cifar10,92.780000,0.482879,0.154521,951
5,2,11692,edgetpu,cifar10,94.130000,0.761100,0.154521,951
5,2,3927,edgetpu,cifar10,93.626660,0.723268,0.154521,951
5,2,4675,edgetpu,cifar10,89.200000,0.395661,0.154521,951
5,2,11472,edgetpu,cifar10,93.970000,0.725244,0.154521,951
5,2,11533,edgetpu,cifar10,93.420000,0.632626,0.154521,951
5,2,12439,edgetpu,cifar10,86.393330,0.352159,0.154521,951
5,2,1996,edgetpu,cifar10,92.000000,0.481224,0.154521,951
5,2,11438,edgetpu,cifar10,92.500000,0.482393,0.154521,951
5,2,5915,edgetpu,cifar10,86.846664,0.376449,0.154521,951
5,2,5111,edgetpu,cifar10,94.306660,1.152010,0.154521,951
5,2,10293,edgetpu,cifar10,86.513336,0.352328,0.154521,951
5,2,2648,edgetpu,cifar10,93.246666,0.628167,0.154521,951
5,3,4659,eyeriss,cifar10,93.396670,3.399860,0.124394,952
5,3,4384,eyeriss,cifar10,86.796670,1.679540,0.124394,952
5,3,13714,eyeriss,cifar10,94.373340,7.823540,0.124394,952
5,3,2053,eyeriss,cifar10,94.206665,6.348980,0.124394,952
5,3,6111,eyeriss,cifar10,94.373340,7.823540,0.124394,952
5,3,9950,eyeriss,cifar10,93.840000,4.628660,0.124394,952
5,3,6126,eyeriss,cifar10,93.980000,4.874420,0.124394,952
5,3,3731,eyeriss,cifar10,94.343330,6.594740,0.124394,952
5,3,12438,eyeriss,cifar10,89.875000,1.925300,0.124394,952
5,3,13611,eyeriss,cifar10,92.490000,3.154100,0.124394,952
5,3,5645,eyeriss,cifar10,93.485000,3.645620,0.124394,952
5,3,9240,eyeriss,cifar10,90.860000,2.416820,0.124394,952
5,3,5576,eyeriss,cifar10,93.530000,3.891380,0.124394,952
5,3,3960,eyeriss,cifar10,90.830000,2.171060,0.124394,952
5,4,8323,fpga,cifar10,90.870000,2.163360,0.116623,950
5,4,4384,fpga,cifar10,86.796670,1.132960,0.116623,950
5,4,8720,fpga,cifar10,89.875000,1.648160,0.116623,950
5,4,14346,fpga,cifar10,89.986664,2.057760,0.116623,950
5,4,12002,fpga,cifar10,93.510000,3.420960,0.116623,950
5,4,11472,fpga,cifar10,93.970000,3.648160,0.116623,950
5,4,11692,fpga,cifar10,94.130000,4.163360,0.116623,950
5,4,8008,fpga,cifar10,93.480000,2.905760,0.116623,950
5,4,11376,fpga,cifar10,93.510000,3.420960,0.116623,950
5,4,13611,fpga,cifar10,92.490000,2.390560,0.116623,950
5,5,81,pixel3,cifar10,94.300000,21.593400,0.106725,952
5,5,11000,pixel3,cifar10,93.560000,10.109500,0.106725,952
5,5,11475,pixel3,cifar10,89.630000,2.363430,0.106725,952
5,5,3385,pixel3,cifar10,93.990000,13.656500,0.106725,952
5,5,7602,pixel3,cifar10,94.085000,16.340500,0.106725,952
5,5,1918,pixel3,cifar10,88.880000,1.615140,0.106725,952
5,5,2018,pixel3,cifar10,94.063330,14.960500,0.106725,952
5,5,8695,pixel3,cifar10,94.220000,17.564500,0.106725,952
5,5,5456,pixel3,cifar10,91.746666,6.452500,0.106725,952
5,5,1425,pixel3,cifar10,93.933334,12.536500,0.106725,952
5,5,13714,pixel3,cifar10,94.373340,26.010500,0.106725,952
5,5,4689,pixel3,cifar10,90.720000,3.106280,0.106725,952
5,5,8592,pixel3,cifar10,93.750000,10.769800,0.106725,952
5,5,1852,pixel3,cifar10,10.000000,0.003285,0.106725,952
5,5,1459,pixel3,cifar10,94.296670,21.286200,0.106725,952
5,5,12639,pixel3,cifar10,90.990000,4.749000,0.106725,952
5,5,6382,pixel3,cifar10,93.376660,7.048190,0.106725,952
5,5,1497,pixel3,cifar10,86.556660,1.056630,0.106725,952
5,5,7124,pixel3,cifar10,90.835000,3.975450,0.106725,952
5,5,11972,pixel3,cifar10,91.510000,5.627010,0.106725,952
5,6,7030,raspi4,cifar10,93.173330,20.230932,0.141874,950
5,6,12970,raspi4,cifar10,90.970000,11.904152,0.141874,950
5,6,11533,raspi4,cifar10,93.420000,21.715693,0.141874,950
5,6,12387,raspi4,cifar10,88.930000,4.797579,0.141874,950
5,6,4237,raspi4,cifar10,94.216670,52.082386,0.141874,950
5,6,6111,raspi4,cifar10,94.373340,68.404106,0.141874,950
5,6,1962,raspi4,cifar10,86.530000,2.529453,0.141874,950
5,6,15340,raspi4,cifar10,91.650000,17.463320,0.141874,950
5,6,9240,raspi4,cifar10,90.860000,9.774760,0.141874,950
5,6,3731,raspi4,cifar10,94.343330,58.070793,0.141874,950
5,6,4409,raspi4,cifar10,90.590000,7.329025,0.141874,950
5,6,11692,raspi4,cifar10,94.130000,37.583630,0.141874,950
5,6,6577,raspi4,cifar10,10.000000,0.011297,0.141874,950
5,6,2053,raspi4,cifar10,94.206665,48.051453,0.141874,950
5,6,12620,raspi4,cifar10,93.430000,24.987091,0.141874,950
5,6,1099,raspi4,cifar10,92.240000,18.358124,0.141874,950
5,6,8592,raspi4,cifar10,93.750000,25.477009,0.141874,950
5,6,8426,raspi4,cifar10,93.840000,31.394428,0.141874,950
5,6,5780,raspi4,cifar10,93.980000,34.928463,0.141874,950
5,6,7017,raspi4,cifar10,86.970000,2.544041,0.141874,950
5,7,11067,edgegpu,cifar100,58.186670,1.427836,0.115939,950
5,7,12505,edgegpu,cifar100,67.510000,1.795840,0.115939,950
5,7,10947,edgegpu,cifar100,67.133330,1.782675,0.115939,950
5,7,10443,edgegpu,cifar100,68.300000,1.810923,0.115939,950
5,7,2588,edgegpu,cifar100,1.000000,0.509501,0.115939,950
5,7,14677,edgegpu,cifar100,62.420000,1.746187,0.115939,950
5,7,4954,edgegpu,cifar100,73.000000,6.669736,0.115939,950
5,7,9997,edgegpu,cifar100,71.520000,3.466139,0.115939,950
5,7,5019,edgegpu,cifar100,58.880000,1.488929,0.115939,950
5,7,12415,edgegpu,cifar100,71.940000,4.828467,0.115939,950
5,7,9930,edgegpu,cifar100,73.513336,6.803060,0.115939,950
5,7,10222,edgegpu,cifar100,58.860000,1.449347,0.115939,950
5,7,2778,edgegpu,cifar100,72.993330,6.134028,0.115939,950
5,7,7760,edgegpu,cifar100,67.800000,1.798687,0.115939,950
5,7,9922,edgegpu,cifar100,58.560000,1.428552,0.115939,950
5,7,8401,edgegpu,cifar100,71.080000,3.302102,0.115939,950
5,7,4609,edgegpu,cifar100,66.520000,1.758838,0.115939,950
5,7,15589,edgegpu,cifar100,59.060000,1.502299,0.115939,950
5,7,9586,edgegpu,cifar100,72.400000,5.387192,0.115939,950
5,8,2528,edgetpu,cifar100,70.180000,0.727227,0.117686,951
5,8,10596,edgetpu,cifar100,67.633330,0.488672,0.117686,951
5,8,12424,edgetpu,cifar100,69.980000,0.638946,0.117686,951
5,8,5019,edgetpu,cifar100,58.880000,0.357058,0.117686,951
5,8,9997,edgetpu,cifar100,71.520000,0.729986,0.117686,951
5,8,1425,edgetpu,cifar100,72.093330,0.910660,0.117686,951
5,8,69,edgetpu,cifar100,71.020000,0.727259,0.117686,951
5,8,4977,edgetpu,cifar100,63.360000,0.398743,0.117686,951
5,8,9930,edgetpu,cifar100,73.513336,1.454107,0.117686,951
5,8,2705,edgetpu,cifar100,62.813330,0.393026,0.117686,951
5,8,3888,edgetpu,cifar100,73.260000,1.316226,0.117686,951
5,8,11810,edgetpu,cifar100,68.300000,0.492126,0.117686,951
5,8,4155,edgetpu,cifar100,62.306667,0.391442,0.117686,951
5,8,3811,edgetpu,cifar100,69.360000,0.634206,0.117686,951
5,8,14945,edgetpu,cifar100,58.500000,0.354940,0.117686,951
5,8,12574,edgetpu,cifar100,72.740000,0.932430,0.117686,951
5,8,12415,edgetpu,cifar100,71.940000,0.872299,0.117686,951
5,8,4418,edgetpu,cifar100,72.746666,1.093699,0.117686,951
5,8,1459,edgetpu,cifar100,73.140000,1.311551,0.117686,951
5,8,11112,edgetpu,cifar100,66.893330,0.486713,0.117686,951
5,9,1459,eyeriss,cifar100,73.140000,6.597760,0.113847,950
5,9,12574,eyeriss,cifar100,72.740000,5.123200,0.113847,950
5,9,9930,eyeriss,cifar100,73.513336,9.055360,0.113847,950
5,9,3540,eyeriss,cifar100,71.500000,4.877440,0.113847,950
5,9,8323,eyeriss,cifar100,67.080000,2.174080,0.113847,950
5,9,6111,eyeriss,cifar100,73.220000,7.826560,0.113847,950
5,9,6925,eyeriss,cifar100,71.220000,3.894400,0.113847,950
5,9,1357,eyeriss,cifar100,67.480000,2.419840,0.113847,950
5,9,12761,eyeriss,cifar100,72.860000,6.352000,0.113847,950
5,9,5651,eyeriss,cifar100,64.690000,1.928320,0.113847,950
5,9,25,eyeriss,cifar100,58.406666,1.682560,0.113847,950
5,9,15363,eyeriss,cifar100,70.520000,3.648640,0.113847,950
5,9,7250,eyeriss,cifar100,67.706665,3.157120,0.113847,950
5,9,3487,eyeriss,cifar100,70.093330,3.402880,0.113847,950
5,10,9997,fpga,cifar100,71.520000,4.572960,0.151512,950
5,10,5084,fpga,cifar100,58.813330,1.132960,0.151512,950
5,10,12574,fpga,cifar100,72.740000,4.678560,0.151512,950
5,10,7250,fpga,cifar100,67.706665,2.390560,0.151512,950
5,10,9197,fpga,cifar100,64.660000,2.057760,0.151512,950
5,10,375,fpga,cifar100,64.440000,1.648160,0.151512,950
5,10,6925,fpga,cifar100,71.220000,3.936160,0.151512,950
5,10,9930,fpga,cifar100,73.513336,7.420960,0.151512,950
5,10,3487,fpga,cifar100,70.093330,2.905760,0.151512,950
5,10,12761,fpga,cifar100,72.860000,5.420960,0.151512,950
5,10,6111,fpga,cifar100,73.220000,6.678560,0.151512,950
5,10,1459,fpga,cifar100,73.140000,5.936160,0.151512,950
5,10,15363,fpga,cifar100,70.520000,3.420960,0.151512,950
5,10,69,fpga,cifar100,71.020000,3.648160,0.151512,950
5,10,10689,fpga,cifar100,67.500000,2.163360,0.151512,950
5,10,3540,fpga,cifar100,71.500000,4.163360,0.151512,950
5,11,6337,pixel3,cifar100,1.000000,0.008753,0.172584,950
5,11,3888,pixel3,cifar100,73.260000,23.477200,0.172584,950
5,11,8853,pixel3,cifar100,71.220000,12.088100,0.172584,950
5,11,12970,pixel3,cifar100,68.140000,4.782110,0.172584,950
5,11,9649,pixel3,cifar100,64.540000,2.536210,0.172584,950
5,11,15383,pixel3,cifar100,71.660000,16.604600,0.172584,950
5,11,657,pixel3,cifar100,58.233334,1.233070,0.172584,950
5,11,1413,pixel3,cifar100,69.186670,6.545880,0.172584,950
5,11,14253,pixel3,cifar100,70.860000,10.679300,0.172584,950
5,11,12424,pixel3,cifar100,69.980000,8.954760,0.172584,950
5,11,3385,pixel3,cifar100,72.380000,17.527800,0.172584,950
5,11,15589,pixel3,cifar100,59.060000,1.483890,0.172584,950
5,11,1357,pixel3,cifar100,67.480000,3.998260,0.172584,950
5,11,3192,pixel3,cifar100,71.133330,11.671300,0.172584,950
5,11,1631,pixel3,cifar100,63.986668,1.805000,0.172584,950
5,11,7897,pixel3,cifar100,71.230000,15.922700,0.172584,950
5,11,724,pixel3,cifar100,67.053340,2.875650,0.172584,950
5,11,1584,pixel3,cifar100,68.213330,6.534880,0.172584,950
5,11,857,pixel3,cifar100,72.880000,19.113200,0.172584,950
5,11,15363,pixel3,cifar100,70.520000,9.708640,0.172584,950
5,12,11436,raspi4,cifar100,67.280000,14.271958,0.140872,952
5,12,6854,raspi4,cifar100,67.260000,12.135427,0.140872,952
5,12,1651,raspi4,cifar100,1.000000,0.015243,0.140872,952
5,12,9895,raspi4,cifar100,69.400000,19.211880,0.140872,952
5,12,2222,raspi4,cifar100,58.313330,2.538255,0.140872,952
5,12,12505,raspi4,cifar100,67.510000,16.772425,0.140872,952
5,12,3888,raspi4,cifar100,73.260000,55.029520,0.140872,952
5,12,2002,raspi4,cifar100,61.880000,4.808286,0.140872,952
5,12,13055,raspi4,cifar100,66.006670,8.910913,0.140872,952
5,12,12761,raspi4,cifar100,72.860000,53.718200,0.140872,952
5,12,15383,raspi4,cifar100,71.660000,38.693768,0.140872,952
5,12,3385,raspi4,cifar100,72.380000,42.309270,0.140872,952
5,12,9649,raspi4,cifar100,64.540000,5.252811,0.140872,952
5,12,1939,raspi4,cifar100,70.760000,24.555029,0.140872,952
5,12,8853,raspi4,cifar100,71.220000,31.380384,0.140872,952
5,12,4659,raspi4,cifar100,70.060000,21.672482,0.140872,952
5,12,14174,raspi4,cifar100,72.646670,51.067350,0.140872,952
5,12,10222,raspi4,cifar100,58.860000,2.747804,0.140872,952
5,12,7556,raspi4,cifar100,71.526665,36.461315,0.140872,952
5,12,1645,raspi4,cifar100,66.440000,10.016595,0.140872,952
5,13,4332,edgegpu,ImageNet16-120,39.444443,1.745496,0.108725,952
5,13,4160,edgegpu,ImageNet16-120,39.833332,1.756272,0.108725,952
5,13,15159,edgegpu,ImageNet16-120,45.566666,4.632421,0.108725,952
5,13,15288,edgegpu,ImageNet16-120,28.422222,1.417041,0.108725,952
5,13,12645,edgegpu,ImageNet16-120,44.366665,3.452802,0.108725,952
5,13,14638,edgegpu,ImageNet16-120,44.266666,3.433437,0.108725,952
5,13,454,edgegpu,ImageNet16-120,41.277780,3.303313,0.108725,952
5,13,15376,edgegpu,ImageNet16-120,0.833333,0.533953,0.108725,952
5,13,10947,edgegpu,ImageNet16-120,39.944443,1.909800,0.108725,952
5,13,14840,edgegpu,ImageNet16-120,45.311110,4.224715,0.108725,952
5,13,4988,edgegpu,ImageNet16-120,28.933332,1.448212,0.108725,952
5,13,9586,edgegpu,ImageNet16-120,46.933334,5.222673,0.108725,952
5,13,14407,edgegpu,ImageNet16-120,28.700000,1.445184,0.108725,952
5,13,6950,edgegpu,ImageNet16-120,38.700000,1.740150,0.108725,952
5,13,14117,edgegpu,ImageNet16-120,28.677778,1.435547,0.108725,952
5,13,9722,edgegpu,ImageNet16-120,44.000000,3.327813,0.108725,952
5,13,4946,edgegpu,ImageNet16-120,44.700000,3.490419,0.108725,952
5,14,4675,edgetpu,ImageNet16-120,33.100000,0.393316,0.116243,965
5,14,4195,edgetpu,ImageNet16-120,32.166668,0.364007,0.116243,965
5,14,4438,edgetpu,ImageNet16-120,39.800000,0.475448,0.116243,965
5,14,15383,edgetpu,ImageNet16-120,47.033333,0.780914,0.116243,965
5,14,10835,edgetpu,ImageNet16-120,45.233334,0.719910,0.116243,965
5,14,13769,edgetpu,ImageNet16-120,41.555557,0.549360,0.116243,965
5,14,15363,edgetpu,ImageNet16-120,44.333332,0.582280,0.116243,965
5,14,8290,edgetpu,ImageNet16-120,46.133335,0.764174,0.116243,965
5,14,3540,edgetpu,ImageNet16-120,45.122223,0.648670,0.116243,965
5,14,2705,edgetpu,ImageNet16-120,32.355556,0.393094,0.116243,965
5,14,13931,edgetpu,ImageNet16-120,28.788889,0.360349,0.116243,965
5,14,11079,edgetpu,ImageNet16-120,43.566666,0.552430,0.116243,965
5,14,11219,edgetpu,ImageNet16-120,39.666668,0.439987,0.116243,965
5,14,10750,edgetpu,ImageNet16-120,44.600000,0.615553,0.116243,965
5,14,10132,edgetpu,ImageNet16-120,26.700000,0.360253,0.116243,965
5,14,5973,edgetpu,ImageNet16-120,40.100000,0.517454,0.116243,965
5,14,13097,edgetpu,ImageNet16-120,39.655556,0.428424,0.116243,965
5,14,857,edgetpu,ImageNet16-120,47.311110,0.997730,0.116243,965
5,14,1425,edgetpu,ImageNet16-120,45.977780,0.760716,0.116243,965
5,14,4830,edgetpu,ImageNet16-120,42.233334,0.549457,0.116243,965
5,15,9805,eyeriss,ImageNet16-120,34.133335,0.484480,0.149531,950
5,15,12639,eyeriss,ImageNet16-120,40.400000,0.668800,0.149531,950
5,15,9032,eyeriss,ImageNet16-120,38.016666,0.545920,0.149531,950
5,15,4618,eyeriss,ImageNet16-120,28.544445,0.423040,0.149531,950
5,15,857,eyeriss,ImageNet16-120,47.311110,1.651840,0.149531,950
5,15,15383,eyeriss,ImageNet16-120,47.033333,1.283200,0.149531,950
5,15,3261,eyeriss,ImageNet16-120,43.022220,0.853120,0.149531,950
5,15,6787,eyeriss,ImageNet16-120,44.400000,0.914560,0.149531,950
5,15,1939,eyeriss,ImageNet16-120,45.077778,0.976000,0.149531,950
5,15,3982,eyeriss,ImageNet16-120,45.333332,1.221760,0.149531,950
5,15,9762,eyeriss,ImageNet16-120,38.200000,0.607360,0.149531,950
5,16,12606,fpga,ImageNet16-120,46.500000,2.131200,0.133591,955
5,16,4988,fpga,ImageNet16-120,28.933332,0.284320,0.133591,955
5,16,11161,fpga,ImageNet16-120,34.500000,0.517920,0.133591,955
5,16,5063,fpga,ImageNet16-120,46.300000,2.038400,0.133591,955
5,16,3650,fpga,ImageNet16-120,43.866665,0.969600,0.133591,955
5,16,14253,fpga,ImageNet16-120,44.350000,1.062400,0.133591,955
5,16,11882,fpga,ImageNet16-120,46.133335,1.689600,0.133591,955
5,16,15446,fpga,ImageNet16-120,45.766666,1.116320,0.133591,955
5,16,8323,fpga,ImageNet16-120,38.033333,0.546720,0.133591,955
5,16,3316,fpga,ImageNet16-120,39.483334,0.780320,0.133591,955
5,16,9586,fpga,ImageNet16-120,46.933334,2.387200,0.133591,955
5,16,9805,fpga,ImageNet16-120,34.133335,0.415520,0.133591,955
5,16,10017,fpga,ImageNet16-120,40.566666,0.784000,0.133591,955
5,16,14792,fpga,ImageNet16-120,43.033333,0.902400,0.133591,955
5,16,7551,fpga,ImageNet16-120,38.477780,0.677920,0.133591,955
5,16,12466,fpga,ImageNet16-120,46.100000,1.504000,0.133591,955
5,16,1943,fpga,ImageNet16-120,42.866665,0.876800,0.133591,955
5,17,894,pixel3,ImageNet16-120,32.533333,0.619909,0.157742,955
5,17,12156,pixel3,ImageNet16-120,46.550000,5.198720,0.157742,955
5,17,4829,pixel3,ImageNet16-120,34.200000,0.795625,0.157742,955
5,17,11000,pixel3,ImageNet16-120,44.866665,2.962520,0.157742,955
5,17,5111,pixel3,ImageNet16-120,46.588890,5.571030,0.157742,955
5,17,1204,pixel3,ImageNet16-120,37.844444,0.864966,0.157742,955
5,17,6121,pixel3,ImageNet16-120,28.433332,0.424335,0.157742,955
5,17,14417,pixel3,ImageNet16-120,45.900000,4.143030,0.157742,955
5,17,8853,pixel3,ImageNet16-120,45.600000,3.554540,0.157742,955
5,17,11653,pixel3,ImageNet16-120,38.100000,1.107920,0.157742,955
5,17,14112,pixel3,ImageNet16-120,40.733334,1.913100,0.157742,955
5,17,1939,pixel3,ImageNet16-120,45.077778,3.021500,0.157742,955
5,17,12639,pixel3,ImageNet16-120,40.400000,1.304440,0.157742,955
5,17,10699,pixel3,ImageNet16-120,46.833332,6.353010,0.157742,955
5,17,4004,pixel3,ImageNet16-120,42.811110,2.467510,0.157742,955
5,17,4627,pixel3,ImageNet16-120,43.500000,2.479640,0.157742,955
5,17,758,pixel3,ImageNet16-120,28.333334,0.422134,0.157742,955
5,17,4384,pixel3,ImageNet16-120,28.133333,0.421612,0.157742,955
5,17,2796,pixel3,ImageNet16-120,0.833333,0.005898,0.157742,955
5,17,3408,pixel3,ImageNet16-120,33.733334,0.666583,0.157742,955
5,18,3782,raspi4,ImageNet16-120,41.866665,3.755286,0.120430,961
5,18,10332,raspi4,ImageNet16-120,40.033333,3.185980,0.120430,961
5,18,4627,raspi4,ImageNet16-120,43.500000,3.811407,0.120430,961
5,18,13904,raspi4,ImageNet16-120,45.077778,7.324779,0.120430,961
5,18,9311,raspi4,ImageNet16-120,0.833333,0.011566,0.120430,961
5,18,2779,raspi4,ImageNet16-120,37.355556,2.190654,0.120430,961
5,18,6294,raspi4,ImageNet16-120,38.011112,2.203638,0.120430,961
5,18,97,raspi4,ImageNet16-120,32.177776,1.530789,0.120430,961
5,18,9762,raspi4,ImageNet16-120,38.200000,2.912099,0.120430,961
5,18,11584,raspi4,ImageNet16-120,46.666668,8.014434,0.120430,961
5,18,11946,raspi4,ImageNet16-120,28.200000,0.940293,0.120430,961
5,18,244,raspi4,ImageNet16-120,44.966667,6.637569,0.120430,961
5,18,12967,raspi4,ImageNet16-120,46.333332,7.956877,0.120430,961
5,18,3687,raspi4,ImageNet16-120,34.066666,1.583497,0.120430,961
5,18,15383,raspi4,ImageNet16-120,47.033333,8.565354,0.120430,961
5,18,6787,raspi4,ImageNet16-120,44.400000,4.532777,0.120430,961
5,18,15363,raspi4,ImageNet16-120,44.333332,4.480516,0.120430,961
5,18,13438,raspi4,ImageNet16-120,39.100000,3.110450,0.120430,961
5,18,9208,raspi4,ImageNet16-120,44.566666,6.120968,0.120430,961
5,18,4587,raspi4,ImageNet16-120,28.800000,1.008993,0.120430,961
6,1,15200,edgegpu,cifar10,10.000000,0.501385,0.106045,950
6,1,9950,edgegpu,cifar10,93.840000,4.344873,0.106045,950
6,1,11438,edgegpu,cifar10,92.500000,1.846719,0.106045,950
6,1,1459,edgegpu,cifar10,94.296670,6.748991,0.106045,950
6,1,13714,edgegpu,cifar10,94.373340,6.772180,0.106045,950
6,1,10222,edgegpu,cifar10,86.200000,1.429176,0.106045,950
6,1,14527,edgegpu,cifar10,86.765000,1.439619,0.106045,950
6,1,2053,edgegpu,cifar10,94.206665,5.482254,0.106045,950
6,1,10154,edgegpu,cifar10,94.090000,5.401664,0.106045,950
6,1,6330,edgegpu,cifar10,94.006670,4.384699,0.106045,950
6,1,655,edgegpu,cifar10,94.080000,5.315537,0.106045,950
6,1,14407,edgegpu,cifar10,86.770000,1.440282,0.106045,950
6,1,2776,edgegpu,cifar10,93.666664,3.331194,0.106045,950
6,1,13401,edgegpu,cifar10,87.010000,1.457009,0.106045,950
6,1,4006,edgegpu,cifar10,91.986664,1.754365,0.106045,950
6,1,561,edgegpu,cifar10,86.880000,1.451068,0.106045,950
6,1,5292,edgegpu,cifar10,94.293335,6.663151,0.106045,950
6,1,10484,edgegpu,cifar10,93.810000,3.354015,0.106045,950
6,1,14567,edgegpu,cifar10,92.610000,3.314986,0.106045,950
6,1,1601,edgegpu,cifar10,86.336670,1.433892,0.106045,950
6,2,13611,edgetpu,cifar10,92.490000,0.481826,0.177239,950
6,2,797,edgetpu,cifar10,93.280000,0.627996,0.177239,950
6,2,9950,edgetpu,cifar10,93.840000,0.723767,0.177239,950
6,2,13714,edgetpu,cifar10,94.373340,1.377865,0.177239,950
6,2,970,edgetpu,cifar10,86.770000,0.371488,0.177239,950
6,2,12439,edgetpu,cifar10,86.393330,0.352159,0.177239,950
6,2,5111,edgetpu,cifar10,94.306660,1.152010,0.177239,950
6,2,2053,edgetpu,cifar10,94.206665,1.042178,0.177239,950
6,2,9817,edgetpu,cifar10,93.490000,0.723286,0.177239,950
6,2,8525,edgetpu,cifar10,89.320000,0.420874,0.177239,950
6,2,4675,edgetpu,cifar10,89.200000,0.395661,0.177239,950
6,2,11438,edgetpu,cifar10,92.500000,0.482393,0.177239,950
6,2,15288,edgetpu,cifar10,86.660000,0.354230,0.177239,950
6,2,5647,edgetpu,cifar10,89.110000,0.389378,0.177239,950
6,2,8192,edgetpu,cifar10,93.093330,0.627745,0.177239,950
6,2,11692,edgetpu,cifar10,94.130000,0.761100,0.177239,950
6,2,4609,edgetpu,cifar10,91.930000,0.481311,0.177239,950
6,2,10472,edgetpu,cifar10,92.080000,0.481608,0.177239,950
6,2,7937,edgetpu,cifar10,88.610000,0.388867,0.177239,950
6,2,8008,edgetpu,cifar10,93.480000,0.629746,0.177239,950
6,3,1616,eyeriss,cifar10,89.740000,1.925300,0.088854,960
6,3,13611,eyeriss,cifar10,92.490000,3.154100,0.088854,960
6,3,11472,eyeriss,cifar10,93.970000,4.628660,0.088854,960
6,3,8008,eyeriss,cifar10,93.480000,3.399860,0.088854,960
6,3,6899,eyeriss,cifar10,90.900000,2.416820,0.088854,960
6,3,8592,eyeriss,cifar10,93.750000,3.891380,0.088854,960
6,3,4384,eyeriss,cifar10,86.796670,1.679540,0.088854,960
6,3,5111,eyeriss,cifar10,94.306660,5.365940,0.088854,960
6,3,14112,eyeriss,cifar10,91.296670,2.908340,0.088854,960
6,3,6854,eyeriss,cifar10,91.040000,2.662580,0.088854,960
6,3,8323,eyeriss,cifar10,90.870000,2.171060,0.088854,960
6,3,10412,eyeriss,cifar10,93.530000,3.645620,0.088854,960
6,3,3731,eyeriss,cifar10,94.343330,6.594740,0.088854,960
6,3,13714,eyeriss,cifar10,94.373340,7.823540,0.088854,960
6,3,6584,eyeriss,cifar10,94.160000,4.874420,0.088854,960
6,3,6111,eyeriss,cifar10,94.373340,7.823540,0.088854,960
6,4,4384,fpga,cifar10,86.796670,1.132960,0.123107,951
6,4,8008,fpga,cifar10,93.480000,2.905760,0.123107,951
6,4,6111,fpga,cifar10,94.373340,6.678560,0.123107,951
6,4,13611,fpga,cifar10,92.490000,2.390560,0.123107,951
6,4,8323,fpga,cifar10,90.870000,2.163360,0.123107,951
6,4,9950,fpga,cifar10,93.840000,3.648160,0.123107,951
6,4,13539,fpga,cifar10,94.190000,5.830560,0.123107,951
6,4,11692,fpga,cifar10,94.130000,4.163360,0.123107,951
6,4,3687,fpga,cifar10,89.820000,1.648160,0.123107,951
6,4,3731,fpga,cifar10,94.343330,5.936160,0.123107,951
6,4,5645,fpga,cifar10,93.485000,3.420960,0.123107,951
6,5,13171,pixel3,cifar10,93.530000,7.717220,0.125831,963
6,5,2952,pixel3,cifar10,93.070000,7.054800,0.125831,963
6,5,9046,pixel3,cifar10,93.570000,10.207800,0.125831,963
6,5,6899,pixel3,cifar10,90.900000,3.961410,0.125831,963
6,5,13869,pixel3,cifar10,93.656670,10.634700,0.125831,963
6,5,1291,pixel3,cifar10,10.000000,0.003595,0.125831,963
6,5,4384,pixel3,cifar10,86.796670,1.467300,0.125831,963
6,5,8695,pixel3,cifar10,94.220000,17.564500,0.125831,963
6,5,1708,pixel3,cifar10,92.250000,6.546020,0.125831,963
6,5,25,pixel3,cifar10,86.540000,1.054570,0.125831,963
6,5,13705,pixel3,cifar10,90.983330,5.760790,0.125831,963
6,5,10689,pixel3,cifar10,90.790000,2.669770,0.125831,963
6,5,2018,pixel3,cifar10,94.063330,14.960500,0.125831,963
6,5,858,pixel3,cifar10,89.696660,1.870670,0.125831,963
6,5,8323,pixel3,cifar10,90.870000,3.106420,0.125831,963
6,5,2035,pixel3,cifar10,89.670000,1.706480,0.125831,963
6,5,6330,pixel3,cifar10,94.006670,11.512400,0.125831,963
6,5,13714,pixel3,cifar10,94.373340,26.010500,0.125831,963
6,5,6584,pixel3,cifar10,94.160000,15.720300,0.125831,963
6,5,1459,pixel3,cifar10,94.296670,21.286200,0.125831,963
6,6,11534,raspi4,cifar10,92.220000,18.837412,0.118736,952
6,6,14603,raspi4,cifar10,93.010000,21.231344,0.118736,952
6,6,4384,raspi4,cifar10,86.796670,2.759305,0.118736,952
6,6,11692,raspi4,cifar10,94.130000,37.583630,0.118736,952
6,6,6931,raspi4,cifar10,93.780000,33.088142,0.118736,952
6,6,4227,raspi4,cifar10,89.636665,5.014174,0.118736,952
6,6,8008,raspi4,cifar10,93.480000,22.571420,0.118736,952
6,6,5111,raspi4,cifar10,94.306660,41.756905,0.118736,952
6,6,2835,raspi4,cifar10,90.230000,7.299271,0.118736,952
6,6,12286,raspi4,cifar10,86.760000,2.546242,0.118736,952
6,6,4210,raspi4,cifar10,89.030000,4.782748,0.118736,952
6,6,10445,raspi4,cifar10,90.940000,12.393285,0.118736,952
6,6,3731,raspi4,cifar10,94.343330,58.070793,0.118736,952
6,6,8592,raspi4,cifar10,93.750000,25.477009,0.118736,952
6,6,1941,raspi4,cifar10,93.533330,25.121769,0.118736,952
6,6,6111,raspi4,cifar10,94.373340,68.404106,0.118736,952
6,6,9980,raspi4,cifar10,10.000000,0.011284,0.118736,952
6,6,8323,raspi4,cifar10,90.870000,7.426308,0.118736,952
6,6,1894,raspi4,cifar10,92.110000,17.550644,0.118736,952
6,6,5780,raspi4,cifar10,93.980000,34.928463,0.118736,952
6,7,3540,edgegpu,cifar100,71.500000,4.730291,0.135152,951
6,7,11465,edgegpu,cifar100,71.160000,4.351864,0.135152,951
6,7,12415,edgegpu,cifar100,71.940000,4.828467,0.135152,951
6,7,11067,edgegpu,cifar100,58.186670,1.427836,0.135152,951
6,7,1425,edgegpu,cifar100,72.093330,5.310225,0.135152,951
6,7,5019,edgegpu,cifar100,58.880000,1.488929,0.135152,951
6,7,4418,edgegpu,cifar100,72.746666,5.352364,0.135152,951
6,7,1815,edgegpu,cifar100,67.340000,1.793189,0.135152,951
6,7,9930,edgegpu,cifar100,73.513336,6.803060,0.135152,951
6,7,6499,edgegpu,cifar100,70.630000,3.334980,0.135152,951
6,7,2588,edgegpu,cifar100,1.000000,0.509501,0.135152,951
6,7,8413,edgegpu,cifar100,70.880000,3.458881,0.135152,951
6,7,2778,edgegpu,cifar100,72.993330,6.134028,0.135152,951
6,7,4954,edgegpu,cifar100,73.000000,6.669736,0.135152,951
6,7,791,edgegpu,cifar100,67.660000,1.844044,0.135152,951
6,7,15589,edgegpu,cifar100,59.060000,1.502299,0.135152,951
6,7,6381,edgegpu,cifar100,66.800000,1.753340,0.135152,951
6,7,2304,edgegpu,cifar100,58.660000,1.440253,0.135152,951
6,7,3888,edgegpu,cifar100,73.260000,6.797867,0.135152,951
6,7,2776,edgegpu,cifar100,70.733330,3.365278,0.135152,951
6,8,6946,edgetpu,cifar100,67.500000,0.486233,0.148829,950
6,8,11973,edgetpu,cifar100,70.340000,0.641728,0.148829,950
6,8,4418,edgetpu,cifar100,72.746666,1.093699,0.148829,950
6,8,12761,edgetpu,cifar100,72.860000,1.225212,0.148829,950
6,8,5019,edgetpu,cifar100,58.880000,0.357058,0.148829,950
6,8,8649,edgetpu,cifar100,70.690000,0.727284,0.148829,950
6,8,9930,edgetpu,cifar100,73.513336,1.454107,0.148829,950
6,8,15363,edgetpu,cifar100,70.520000,0.676394,0.148829,950
6,8,12574,edgetpu,cifar100,72.740000,0.932430,0.148829,950
6,8,4195,edgetpu,cifar100,62.700000,0.394753,0.148829,950
6,8,10000,edgetpu,cifar100,73.160000,1.283461,0.148829,950
6,8,12415,edgetpu,cifar100,71.940000,0.872299,0.148829,950
6,8,3888,edgetpu,cifar100,73.260000,1.316226,0.148829,950
6,8,3811,edgetpu,cifar100,69.360000,0.634206,0.148829,950
6,8,9997,edgetpu,cifar100,71.520000,0.729986,0.148829,950
6,8,857,edgetpu,cifar100,72.880000,1.264168,0.148829,950
6,8,6974,edgetpu,cifar100,61.880000,0.392555,0.148829,950
6,8,11885,edgetpu,cifar100,68.040000,0.489665,0.148829,950
6,8,5244,edgetpu,cifar100,69.760000,0.636723,0.148829,950
6,8,3294,edgetpu,cifar100,58.400000,0.355341,0.148829,950
6,9,10066,eyeriss,cifar100,70.660000,3.894400,0.191263,950
6,9,12574,eyeriss,cifar100,72.740000,5.123200,0.191263,950
6,9,10689,eyeriss,cifar100,67.500000,2.174080,0.191263,950
6,9,5084,eyeriss,cifar100,58.813330,1.682560,0.191263,950
6,9,9930,eyeriss,cifar100,73.513336,9.055360,0.191263,950
6,9,6111,eyeriss,cifar100,73.220000,7.826560,0.191263,950
6,9,7250,eyeriss,cifar100,67.706665,3.157120,0.191263,950
6,9,10000,eyeriss,cifar100,73.160000,6.597760,0.191263,950
6,9,12295,eyeriss,cifar100,71.160000,4.631680,0.191263,950
6,9,13954,eyeriss,cifar100,64.166664,1.928320,0.191263,950
6,9,898,eyeriss,cifar100,70.000000,3.402880,0.191263,950
6,9,3540,eyeriss,cifar100,71.500000,4.877440,0.191263,950
6,9,12761,eyeriss,cifar100,72.860000,6.352000,0.191263,950
6,9,5725,eyeriss,cifar100,70.600000,3.648640,0.191263,950
6,10,14133,fpga,cifar100,58.320000,1.132960,0.141639,950
6,10,9930,fpga,cifar100,73.513336,7.420960,0.141639,950
6,10,10603,fpga,cifar100,71.760000,4.678560,0.141639,950
6,10,8954,fpga,cifar100,58.580000,1.542560,0.141639,950
6,10,12415,fpga,cifar100,71.940000,4.905760,0.141639,950
6,10,15033,fpga,cifar100,67.793335,2.390560,0.141639,950
6,10,3540,fpga,cifar100,71.500000,4.163360,0.141639,950
6,10,4659,fpga,cifar100,70.060000,2.905760,0.141639,950
6,10,5651,fpga,cifar100,64.690000,1.648160,0.141639,950
6,10,12761,fpga,cifar100,72.860000,5.420960,0.141639,950
6,10,8323,fpga,cifar100,67.080000,2.163360,0.141639,950
6,10,5725,fpga,cifar100,70.600000,3.420960,0.141639,950
6,10,3888,fpga,cifar100,73.260000,5.936160,0.141639,950
6,10,6830,fpga,cifar100,71.460000,4.057760,0.141639,950
6,10,69,fpga,cifar100,71.020000,3.648160,0.141639,950
6,11,5241,pixel3,cifar100,1.000000,0.008823,0.148096,952
6,11,5019,pixel3,cifar100,58.880000,1.483640,0.148096,952
6,11,6925,pixel3,cifar100,71.220000,10.688000,0.148096,952
6,11,857,pixel3,cifar100,72.880000,19.113200,0.148096,952
6,11,464,pixel3,cifar100,57.833332,1.475220,0.148096,952
6,11,3776,pixel3,cifar100,66.920000,3.109320,0.148096,952
6,11,4659,pixel3,cifar100,70.060000,9.026280,0.148096,952
6,11,2581,pixel3,cifar100,73.166664,34.693600,0.148096,952
6,11,1631,pixel3,cifar100,63.986668,1.805000,0.148096,952
6,11,485,pixel3,cifar100,67.593330,4.124800,0.148096,952
6,11,5111,pixel3,cifar100,72.373340,17.609500,0.148096,952
6,11,9930,pixel3,cifar100,73.513336,42.003600,0.148096,952
6,11,4237,pixel3,cifar100,73.073330,23.701000,0.148096,952
6,11,6111,pixel3,cifar100,73.220000,35.197000,0.148096,952
6,11,13714,pixel3,cifar100,73.093330,29.246600,0.148096,952
6,11,722,pixel3,cifar100,72.260000,16.581200,0.148096,952
6,11,9649,pixel3,cifar100,64.540000,2.536210,0.148096,952
6,11,699,pixel3,cifar100,72.240000,12.079400,0.148096,952
6,11,1210,pixel3,cifar100,67.600000,7.934480,0.148096,952
6,11,4995,pixel3,cifar100,68.140000,8.968490,0.148096,952
6,12,11301,raspi4,cifar100,68.220000,14.905408,0.130044,950
6,12,15363,raspi4,cifar100,70.520000,21.809430,0.130044,950
6,12,7556,raspi4,cifar100,71.526665,36.461315,0.130044,950
6,12,14375,raspi4,cifar100,71.740000,41.432550,0.130044,950
6,12,3888,raspi4,cifar100,73.260000,55.029520,0.130044,950
6,12,1459,raspi4,cifar100,73.140000,53.879950,0.130044,950
6,12,15383,raspi4,cifar100,71.660000,38.693768,0.130044,950
6,12,3385,raspi4,cifar100,72.380000,42.309270,0.130044,950
6,12,9649,raspi4,cifar100,64.540000,5.252811,0.130044,950
6,12,6925,raspi4,cifar100,71.220000,24.195030,0.130044,950
6,12,8912,raspi4,cifar100,59.200000,2.818969,0.130044,950
6,12,14811,raspi4,cifar100,69.680000,20.361189,0.130044,950
6,12,6040,raspi4,cifar100,1.000000,0.015365,0.130044,950
6,12,13846,raspi4,cifar100,66.746666,7.239895,0.130044,950
6,12,9926,raspi4,cifar100,63.520000,4.999532,0.130044,950
6,12,6294,raspi4,cifar100,66.973335,7.376450,0.130044,950
6,12,14612,raspi4,cifar100,58.720000,2.563505,0.130044,950
6,12,10382,raspi4,cifar100,67.040000,10.401278,0.130044,950
6,12,12452,raspi4,cifar100,67.280000,14.141342,0.130044,950
6,12,6815,raspi4,cifar100,61.980000,4.799369,0.130044,950
6,13,15206,edgegpu,ImageNet16-120,27.866667,1.424794,0.100245,955
6,13,8032,edgegpu,ImageNet16-120,39.600000,1.773877,0.100245,955
6,13,7760,edgegpu,ImageNet16-120,39.100000,1.743751,0.100245,955
6,13,9037,edgegpu,ImageNet16-120,40.033333,3.320570,0.100245,955
6,13,15417,edgegpu,ImageNet16-120,39.711113,2.428894,0.100245,955
6,13,14840,edgegpu,ImageNet16-120,45.311110,4.224715,0.100245,955
6,13,4946,edgegpu,ImageNet16-120,44.700000,3.490419,0.100245,955
6,13,1164,edgegpu,ImageNet16-120,28.522223,1.435223,0.100245,955
6,13,8426,edgegpu,ImageNet16-120,44.633335,3.370147,0.100245,955
6,13,8401,edgegpu,ImageNet16-120,43.833332,3.322444,0.100245,955
6,13,14090,edgegpu,ImageNet16-120,39.266666,1.757860,0.100245,955
6,13,15112,edgegpu,ImageNet16-120,0.833333,0.539045,0.100245,955
6,13,9997,edgegpu,ImageNet16-120,43.966667,3.355384,0.100245,955
6,13,4587,edgegpu,ImageNet16-120,28.800000,1.445131,0.100245,955
6,13,5374,edgegpu,ImageNet16-120,46.766666,5.294285,0.100245,955
6,13,1110,edgegpu,ImageNet16-120,28.600000,1.441469,0.100245,955
6,13,11174,edgegpu,ImageNet16-120,43.933334,3.352251,0.100245,955
6,13,15589,edgegpu,ImageNet16-120,28.288889,1.428628,0.100245,955
6,13,12415,edgegpu,ImageNet16-120,46.566666,4.667692,0.100245,955
6,14,2952,edgetpu,ImageNet16-120,42.600000,0.550415,0.168643,950
6,14,2858,edgetpu,ImageNet16-120,33.022220,0.399750,0.168643,950
6,14,4321,edgetpu,ImageNet16-120,32.088890,0.390560,0.168643,950
6,14,8447,edgetpu,ImageNet16-120,40.011112,0.514586,0.168643,950
6,14,4627,edgetpu,ImageNet16-120,43.500000,0.552306,0.168643,950
6,14,5724,edgetpu,ImageNet16-120,28.366667,0.359987,0.168643,950
6,14,2136,edgetpu,ImageNet16-120,42.166668,0.549614,0.168643,950
6,14,5586,edgetpu,ImageNet16-120,40.811110,0.546420,0.168643,950
6,14,10699,edgetpu,ImageNet16-120,46.833332,0.858130,0.168643,950
6,14,15360,edgetpu,ImageNet16-120,32.477780,0.394258,0.168643,950
6,14,12415,edgetpu,ImageNet16-120,46.566666,0.710906,0.168643,950
6,14,70,edgetpu,ImageNet16-120,39.377777,0.428228,0.168643,950
6,14,5674,edgetpu,ImageNet16-120,39.650000,0.428605,0.168643,950
6,14,14694,edgetpu,ImageNet16-120,28.488890,0.360686,0.168643,950
6,14,8884,edgetpu,ImageNet16-120,45.033333,0.615792,0.168643,950
6,14,3487,edgetpu,ImageNet16-120,42.366665,0.550272,0.168643,950
6,14,10484,edgetpu,ImageNet16-120,44.133335,0.615451,0.168643,950
6,14,894,edgetpu,ImageNet16-120,32.533333,0.396897,0.168643,950
6,14,11885,edgetpu,ImageNet16-120,39.166668,0.427395,0.168643,950
6,14,5973,edgetpu,ImageNet16-120,40.100000,0.517454,0.168643,950
6,15,4618,eyeriss,ImageNet16-120,28.544445,0.423040,0.112152,951
6,15,7685,eyeriss,ImageNet16-120,37.611110,0.545920,0.112152,951
6,15,10835,eyeriss,ImageNet16-120,45.233334,1.221760,0.112152,951
6,15,11248,eyeriss,ImageNet16-120,33.877777,0.484480,0.112152,951
6,15,14914,eyeriss,ImageNet16-120,38.333332,0.668800,0.112152,951
6,15,5374,eyeriss,ImageNet16-120,46.766666,1.590400,0.112152,951
6,15,2297,eyeriss,ImageNet16-120,37.611110,0.545920,0.112152,951
6,15,9371,eyeriss,ImageNet16-120,38.100000,0.607360,0.112152,951
6,15,5111,eyeriss,ImageNet16-120,46.588890,1.344640,0.112152,951
6,15,11867,eyeriss,ImageNet16-120,43.866665,0.914560,0.112152,951
6,15,8008,eyeriss,ImageNet16-120,43.500000,0.853120,0.112152,951
6,15,10318,eyeriss,ImageNet16-120,37.611110,0.545920,0.112152,951
6,15,13778,eyeriss,ImageNet16-120,46.277780,1.283200,0.112152,951
6,15,13284,eyeriss,ImageNet16-120,40.177776,0.791680,0.112152,951
6,15,11000,eyeriss,ImageNet16-120,44.866665,0.976000,0.112152,951
6,15,9586,eyeriss,ImageNet16-120,46.933334,1.897600,0.112152,951
6,16,11161,fpga,ImageNet16-120,34.500000,0.517920,0.116099,950
6,16,6519,fpga,ImageNet16-120,40.183334,0.784000,0.116099,950
6,16,14792,fpga,ImageNet16-120,43.033333,0.902400,0.116099,950
6,16,11973,fpga,ImageNet16-120,42.933334,0.876800,0.116099,950
6,16,9371,fpga,ImageNet16-120,38.100000,0.677920,0.116099,950
6,16,9586,fpga,ImageNet16-120,46.933334,2.387200,0.116099,950
6,16,14655,fpga,ImageNet16-120,44.000000,0.969600,0.116099,950
6,16,5637,fpga,ImageNet16-120,33.933334,0.415520,0.116099,950
6,16,13778,fpga,ImageNet16-120,46.277780,1.504000,0.116099,950
6,16,7627,fpga,ImageNet16-120,37.766666,0.546720,0.116099,950
6,16,11000,fpga,ImageNet16-120,44.866665,1.062400,0.116099,950
6,16,15446,fpga,ImageNet16-120,45.766666,1.116320,0.116099,950
6,16,4618,fpga,ImageNet16-120,28.544445,0.284320,0.116099,950
6,16,5111,fpga,ImageNet16-120,46.588890,1.596800,0.116099,950
6,17,5374,pixel3,ImageNet16-120,46.766666,6.317500,0.140188,950
6,17,1425,pixel3,ImageNet16-120,45.977780,4.619290,0.140188,950
6,17,669,pixel3,ImageNet16-120,0.833333,0.005671,0.140188,950
6,17,2018,pixel3,ImageNet16-120,46.433334,4.949210,0.140188,950
6,17,3650,pixel3,ImageNet16-120,43.866665,2.716840,0.140188,950
6,17,12452,pixel3,ImageNet16-120,40.533333,1.504410,0.140188,950
6,17,12415,pixel3,ImageNet16-120,46.566666,6.021450,0.140188,950
6,17,12970,pixel3,ImageNet16-120,38.900000,1.318570,0.140188,950
6,17,2002,pixel3,ImageNet16-120,32.277780,0.617751,0.140188,950
6,17,1051,pixel3,ImageNet16-120,28.077778,0.423146,0.140188,950
6,17,8853,pixel3,ImageNet16-120,45.600000,3.554540,0.140188,950
6,17,857,pixel3,ImageNet16-120,47.311110,6.686850,0.140188,950
6,17,2029,pixel3,ImageNet16-120,42.488888,2.470480,0.140188,950
6,17,13059,pixel3,ImageNet16-120,34.266666,0.668679,0.140188,950
6,17,8768,pixel3,ImageNet16-120,45.066666,3.254590,0.140188,950
6,17,14112,pixel3,ImageNet16-120,40.733334,1.913100,0.140188,950
6,17,4587,pixel3,ImageNet16-120,28.800000,0.445767,0.140188,950
6,17,2476,pixel3,ImageNet16-120,44.777780,3.017320,0.140188,950
6,17,9240,pixel3,ImageNet16-120,37.866665,1.307160,0.140188,950
6,17,3960,pixel3,ImageNet16-120,37.755554,0.865747,0.140188,950
6,18,12297,raspi4,ImageNet16-120,31.833334,1.531425,0.151053,950
6,18,4948,raspi4,ImageNet16-120,43.066666,3.826901,0.151053,950
6,18,15383,raspi4,ImageNet16-120,47.033333,8.565354,0.151053,950
6,18,12967,raspi4,ImageNet16-120,46.333332,7.956877,0.151053,950
6,18,6787,raspi4,ImageNet16-120,44.400000,4.532777,0.151053,950
6,18,15363,raspi4,ImageNet16-120,44.333332,4.480516,0.151053,950
6,18,933,raspi4,ImageNet16-120,0.833333,0.011514,0.151053,950
6,18,1939,raspi4,ImageNet16-120,45.077778,5.341908,0.151053,950
6,18,4988,raspi4,ImageNet16-120,28.933332,1.003251,0.151053,950
6,18,8853,raspi4,ImageNet16-120,45.600000,6.961605,0.151053,950
6,18,9496,raspi4,ImageNet16-120,38.200000,2.204048,0.151053,950
6,18,735,raspi4,ImageNet16-120,38.544445,2.911079,0.151053,950
6,18,9805,raspi4,ImageNet16-120,34.133335,1.617568,0.151053,950
6,18,8290,raspi4,ImageNet16-120,46.133335,7.585358,0.151053,950
6,18,10835,raspi4,ImageNet16-120,45.233334,6.632419,0.151053,950
6,18,12639,raspi4,ImageNet16-120,40.400000,3.628959,0.151053,950
6,18,55,raspi4,ImageNet16-120,28.322222,0.957719,0.151053,950
6,18,12355,raspi4,ImageNet16-120,45.033333,5.326674,0.151053,950
6,18,5973,raspi4,ImageNet16-120,40.100000,3.159922,0.151053,950
6,18,3776,raspi4,ImageNet16-120,37.133335,2.191733,0.151053,950
7,1,1549,edgegpu,cifar10,86.710000,1.436324,0.127550,950
7,1,13401,edgegpu,cifar10,87.010000,1.457009,0.127550,950
7,1,11692,edgegpu,cifar10,94.130000,4.708362,0.127550,950
7,1,5400,edgegpu,cifar10,86.630000,1.427460,0.127550,950
7,1,11438,edgegpu,cifar10,92.500000,1.846719,0.127550,950
7,1,70,edgegpu,cifar10,91.983330,1.760149,0.127550,950
7,1,6499,edgegpu,cifar10,93.645000,3.331041,0.127550,950
7,1,5780,edgegpu,cifar10,93.980000,3.361888,0.127550,950
7,1,14407,edgegpu,cifar10,86.770000,1.440282,0.127550,950
7,1,13539,edgegpu,cifar10,94.190000,6.504121,0.127550,950
7,1,6111,edgegpu,cifar10,94.373340,6.810174,0.127550,950
7,1,258,edgegpu,cifar10,93.640000,3.307109,0.127550,950
7,1,10484,edgegpu,cifar10,93.810000,3.354015,0.127550,950
7,1,1099,edgegpu,cifar10,92.240000,1.774683,0.127550,950
7,1,15200,edgegpu,cifar10,10.000000,0.501385,0.127550,950
7,2,3487,edgetpu,cifar10,93.293335,0.628484,0.127864,950
7,2,5780,edgetpu,cifar10,93.980000,0.723967,0.127864,950
7,2,10167,edgetpu,cifar10,92.020000,0.481180,0.127864,950
7,2,4438,edgetpu,cifar10,92.270000,0.481473,0.127864,950
7,2,7017,edgetpu,cifar10,86.970000,0.353089,0.127864,950
7,2,13714,edgetpu,cifar10,94.373340,1.377865,0.127864,950
7,2,6382,edgetpu,cifar10,93.376660,0.628638,0.127864,950
7,2,5111,edgetpu,cifar10,94.306660,1.152010,0.127864,950
7,2,2053,edgetpu,cifar10,94.206665,1.042178,0.127864,950
7,2,6758,edgetpu,cifar10,88.873340,0.390265,0.127864,950
7,2,12415,edgetpu,cifar10,93.990000,0.865453,0.127864,950
7,2,2648,edgetpu,cifar10,93.246666,0.628167,0.127864,950
7,2,10154,edgetpu,cifar10,94.090000,0.909960,0.127864,950
7,2,12439,edgetpu,cifar10,86.393330,0.352159,0.127864,950
7,2,13435,edgetpu,cifar10,88.570000,0.390002,0.127864,950
7,2,12607,edgetpu,cifar10,89.180000,0.391577,0.127864,950
7,2,6330,edgetpu,cifar10,94.006670,0.867172,0.127864,950
7,3,11713,eyeriss,cifar10,92.153336,3.154100,0.112861,951
7,3,3625,eyeriss,cifar10,93.503334,3.645620,0.112861,951
7,3,6111,eyeriss,cifar10,94.373340,7.823540,0.112861,951
7,3,13714,eyeriss,cifar10,94.373340,7.823540,0.112861,951
7,3,12438,eyeriss,cifar10,89.875000,1.925300,0.112861,951
7,3,3731,eyeriss,cifar10,94.343330,6.594740,0.112861,951
7,3,5111,eyeriss,cifar10,94.306660,5.365940,0.112861,951
7,3,12639,eyeriss,cifar10,90.990000,2.662580,0.112861,951
7,3,11692,eyeriss,cifar10,94.130000,4.874420,0.112861,951
7,3,10689,eyeriss,cifar10,90.790000,2.171060,0.112861,951
7,3,8008,eyeriss,cifar10,93.480000,3.399860,0.112861,951
7,3,14112,eyeriss,cifar10,91.296670,2.908340,0.112861,951
7,3,4384,eyeriss,cifar10,86.796670,1.679540,0.112861,951
7,3,8720,eyeriss,cifar10,89.875000,1.925300,0.112861,951
7,3,13869,eyeriss,cifar10,93.656670,3.891380,0.112861,951
7,3,11472,eyeriss,cifar10,93.970000,4.628660,0.112861,951
7,4,13714,fpga,cifar10,94.373340,6.678560,0.098631,950
7,4,11376,fpga,cifar10,93.510000,3.420960,0.098631,950
7,4,8008,fpga,cifar10,93.480000,2.905760,0.098631,950
7,4,14697,fpga,cifar10,89.710000,1.648160,0.098631,950
7,4,4249,fpga,cifar10,89.830000,2.057760,0.098631,950
7,4,11472,fpga,cifar10,93.970000,3.648160,0.098631,950
7,4,6584,fpga,cifar10,94.160000,4.163360,0.098631,950
7,4,10689,fpga,cifar10,90.790000,2.163360,0.098631,950
7,4,4384,fpga,cifar10,86.796670,1.132960,0.098631,950
7,4,6111,fpga,cifar10,94.373340,6.678560,0.098631,950
7,4,13611,fpga,cifar10,92.490000,2.390560,0.098631,950
7,4,5111,fpga,cifar10,94.306660,5.193760,0.098631,950
7,5,13278,pixel3,cifar10,10.000000,0.003936,0.162290,950
7,5,11692,pixel3,cifar10,94.130000,15.490100,0.162290,950
7,5,13869,pixel3,cifar10,93.656670,10.634700,0.162290,950
7,5,6931,pixel3,cifar10,93.780000,12.729200,0.162290,950
7,5,6111,pixel3,cifar10,94.373340,23.584800,0.162290,950
7,5,5149,pixel3,cifar10,92.090000,5.987440,0.162290,950
7,5,1941,pixel3,cifar10,93.533330,9.128690,0.162290,950
7,5,8592,pixel3,cifar10,93.750000,10.769800,0.162290,950
7,5,5111,pixel3,cifar10,94.306660,17.584600,0.162290,950
7,5,3731,pixel3,cifar10,94.343330,23.361300,0.162290,950
7,5,10275,pixel3,cifar10,91.080000,4.818050,0.162290,950
7,5,7017,pixel3,cifar10,86.970000,1.403930,0.162290,950
7,5,353,pixel3,cifar10,84.185000,1.219840,0.162290,950
7,5,1781,pixel3,cifar10,89.883330,1.712020,0.162290,950
7,5,8323,pixel3,cifar10,90.870000,3.106420,0.162290,950
7,5,1943,pixel3,cifar10,93.116670,6.492030,0.162290,950
7,5,6830,pixel3,cifar10,93.810000,14.373800,0.162290,950
7,5,1204,pixel3,cifar10,90.336670,2.856460,0.162290,950
7,5,6382,pixel3,cifar10,93.376660,7.048190,0.162290,950
7,5,5780,pixel3,cifar10,93.980000,14.657600,0.162290,950
7,6,8413,raspi4,cifar10,93.650000,33.415108,0.154964,963
7,6,4321,raspi4,cifar10,88.813330,4.794857,0.154964,963
7,6,12295,raspi4,cifar10,93.600000,29.883593,0.154964,963
7,6,6584,raspi4,cifar10,94.160000,38.818527,0.154964,963
7,6,11472,raspi4,cifar10,93.970000,34.958935,0.154964,963
7,6,11376,raspi4,cifar10,93.510000,26.310488,0.154964,963
7,6,5111,raspi4,cifar10,94.306660,41.756905,0.154964,963
7,6,13863,raspi4,cifar10,93.343330,24.552755,0.154964,963
7,6,13175,raspi4,cifar10,90.840000,9.584910,0.154964,963
7,6,4432,raspi4,cifar10,90.700000,7.290926,0.154964,963
7,6,3487,raspi4,cifar10,93.293335,22.371110,0.154964,963
7,6,3731,raspi4,cifar10,94.343330,58.070793,0.154964,963
7,6,11692,raspi4,cifar10,94.130000,37.583630,0.154964,963
7,6,6111,raspi4,cifar10,94.373340,68.404106,0.154964,963
7,6,3076,raspi4,cifar10,86.510000,2.699267,0.154964,963
7,6,13887,raspi4,cifar10,89.636665,5.166658,0.154964,963
7,6,5303,raspi4,cifar10,10.000000,0.011535,0.154964,963
7,6,6953,raspi4,cifar10,91.990000,15.601654,0.154964,963
7,6,12852,raspi4,cifar10,92.083336,19.021202,0.154964,963
7,6,14567,raspi4,cifar10,92.610000,21.292662,0.154964,963
7,7,9922,edgegpu,cifar100,58.560000,1.428552,0.192398,950
7,7,2778,edgegpu,cifar100,72.993330,6.134028,0.192398,950
7,7,8401,edgegpu,cifar100,71.080000,3.302102,0.192398,950
7,7,9930,edgegpu,cifar100,73.513336,6.803060,0.192398,950
7,7,1425,edgegpu,cifar100,72.093330,5.310225,0.192398,950
7,7,4609,edgegpu,cifar100,66.520000,1.758838,0.192398,950
7,7,4954,edgegpu,cifar100,73.000000,6.669736,0.192398,950
7,7,12415,edgegpu,cifar100,71.940000,4.828467,0.192398,950
7,7,9997,edgegpu,cifar100,71.520000,3.466139,0.192398,950
7,7,4418,edgegpu,cifar100,72.746666,5.352364,0.192398,950
7,7,3888,edgegpu,cifar100,73.260000,6.797867,0.192398,950
7,7,1509,edgegpu,cifar100,1.000000,0.505853,0.192398,950
7,7,12238,edgegpu,cifar100,67.240000,1.772847,0.192398,950
7,7,11810,edgegpu,cifar100,68.300000,1.779551,0.192398,950
7,7,8912,edgegpu,cifar100,59.200000,1.441355,0.192398,950
7,7,14527,edgegpu,cifar100,58.590000,1.440539,0.192398,950
7,8,14174,edgetpu,cifar100,72.646670,1.081678,0.251911,953
7,8,1317,edgetpu,cifar100,72.566666,1.023844,0.251911,953
7,8,3888,edgetpu,cifar100,73.260000,1.316226,0.251911,953
7,8,12761,edgetpu,cifar100,72.860000,1.225212,0.251911,953
7,8,12415,edgetpu,cifar100,71.940000,0.872299,0.251911,953
7,8,898,edgetpu,cifar100,70.000000,0.636860,0.251911,953
7,8,857,edgetpu,cifar100,72.880000,1.264168,0.251911,953
7,8,4155,edgetpu,cifar100,62.306667,0.391442,0.251911,953
7,8,13829,edgetpu,cifar100,66.873340,0.485137,0.251911,953
7,8,10166,edgetpu,cifar100,62.700000,0.393769,0.251911,953
7,8,219,edgetpu,cifar100,69.280000,0.634378,0.251911,953
7,8,1425,edgetpu,cifar100,72.093330,0.910660,0.251911,953
7,8,699,edgetpu,cifar100,72.240000,0.940479,0.251911,953
7,8,9930,edgetpu,cifar100,73.513336,1.454107,0.251911,953
7,8,9997,edgetpu,cifar100,71.520000,0.729986,0.251911,953
7,8,15224,edgetpu,cifar100,67.900000,0.491482,0.251911,953
7,8,777,edgetpu,cifar100,58.650000,0.355588,0.251911,953
7,8,8912,edgetpu,cifar100,59.200000,0.377698,0.251911,953
7,8,6499,edgetpu,cifar100,70.630000,0.728320,0.251911,953
7,8,15363,edgetpu,cifar100,70.520000,0.676394,0.251911,953
7,9,1425,eyeriss,cifar100,72.093330,5.123200,0.104825,953
7,9,572,eyeriss,cifar100,70.313330,3.648640,0.104825,953
7,9,8323,eyeriss,cifar100,67.080000,2.174080,0.104825,953
7,9,5651,eyeriss,cifar100,64.690000,1.928320,0.104825,953
7,9,3888,eyeriss,cifar100,73.260000,6.597760,0.104825,953
7,9,3385,eyeriss,cifar100,72.380000,5.368960,0.104825,953
7,9,898,eyeriss,cifar100,70.000000,3.402880,0.104825,953
7,9,7897,eyeriss,cifar100,71.230000,4.877440,0.104825,953
7,9,12761,eyeriss,cifar100,72.860000,6.352000,0.104825,953
7,9,9930,eyeriss,cifar100,73.513336,9.055360,0.104825,953
7,9,12295,eyeriss,cifar100,71.160000,4.631680,0.104825,953
7,9,14253,eyeriss,cifar100,70.860000,3.894400,0.104825,953
7,9,25,eyeriss,cifar100,58.406666,1.682560,0.104825,953
7,9,7250,eyeriss,cifar100,67.706665,3.157120,0.104825,953
7,10,10000,fpga,cifar100,73.160000,5.936160,0.091228,951
7,10,5111,fpga,cifar100,72.373340,5.193760,0.091228,951
7,10,4659,fpga,cifar100,70.060000,2.905760,0.091228,951
7,10,5651,fpga,cifar100,64.690000,1.648160,0.091228,951
7,10,15033,fpga,cifar100,67.793335,2.390560,0.091228,951
7,10,11711,fpga,cifar100,72.393330,5.420960,0.091228,951
7,10,2191,fpga,cifar100,58.386665,1.132960,0.091228,951
7,10,6925,fpga,cifar100,71.220000,3.936160,0.091228,951
7,10,8323,fpga,cifar100,67.080000,2.163360,0.091228,951
7,10,3540,fpga,cifar100,71.500000,4.163360,0.091228,951
7,10,4249,fpga,cifar100,65.080000,2.057760,0.091228,951
7,10,699,fpga,cifar100,72.240000,4.678560,0.091228,951
7,10,5725,fpga,cifar100,70.600000,3.420960,0.091228,951
7,10,13539,fpga,cifar100,72.640000,5.830560,0.091228,951
7,11,1413,pixel3,cifar100,69.186670,6.545880,0.103002,953
7,11,714,pixel3,cifar100,69.270000,8.651590,0.103002,953
7,11,6337,pixel3,cifar100,1.000000,0.008753,0.103002,953
7,11,12574,pixel3,cifar100,72.740000,16.473900,0.103002,953
7,11,1435,pixel3,cifar100,62.226665,1.890210,0.103002,953
7,11,4432,pixel3,cifar100,66.486664,3.105870,0.103002,953
7,11,5651,pixel3,cifar100,64.690000,2.376870,0.103002,953
7,11,1450,pixel3,cifar100,70.506670,9.337360,0.103002,953
7,11,11301,pixel3,cifar100,68.220000,5.352090,0.103002,953
7,11,699,pixel3,cifar100,72.240000,12.079400,0.103002,953
7,11,1409,pixel3,cifar100,58.853333,1.275090,0.103002,953
7,11,2581,pixel3,cifar100,73.166664,34.693600,0.103002,953
7,11,857,pixel3,cifar100,72.880000,19.113200,0.103002,953
7,11,485,pixel3,cifar100,67.593330,4.124800,0.103002,953
7,11,1459,pixel3,cifar100,73.140000,23.437900,0.103002,953
7,11,6111,pixel3,cifar100,73.220000,35.197000,0.103002,953
7,11,9930,pixel3,cifar100,73.513336,42.003600,0.103002,953
7,11,11000,pixel3,cifar100,71.180000,10.677600,0.103002,953
7,11,1918,pixel3,cifar100,62.540000,2.195780,0.103002,953
7,11,15589,pixel3,cifar100,59.060000,1.483890,0.103002,953
7,12,13021,raspi4,cifar100,63.800000,5.009584,0.151568,951
7,12,10000,raspi4,cifar100,73.160000,57.735558,0.151568,951
7,12,1996,raspi4,cifar100,67.820000,17.816296,0.151568,951
7,12,14811,raspi4,cifar100,69.680000,20.361189,0.151568,951
7,12,10042,raspi4,cifar100,64.880000,5.100886,0.151568,951
7,12,6930,raspi4,cifar100,61.720000,4.798524,0.151568,951
7,12,15620,raspi4,cifar100,58.866665,2.849801,0.151568,951
7,12,6830,raspi4,cifar100,71.460000,34.491814,0.151568,951
7,12,13430,raspi4,cifar100,66.700000,7.203785,0.151568,951
7,12,2018,raspi4,cifar100,72.360000,39.345867,0.151568,951
7,12,4409,raspi4,cifar100,67.173330,7.228629,0.151568,951
7,12,3192,raspi4,cifar100,71.133330,27.339523,0.151568,951
7,12,6011,raspi4,cifar100,67.533330,16.060371,0.151568,951
7,12,2286,raspi4,cifar100,58.106667,2.566738,0.151568,951
7,12,1459,raspi4,cifar100,73.140000,53.879950,0.151568,951
7,12,4856,raspi4,cifar100,70.000000,24.904264,0.151568,951
7,12,8768,raspi4,cifar100,71.120000,25.648617,0.151568,951
7,12,2880,raspi4,cifar100,67.473335,11.969307,0.151568,951
7,12,1651,raspi4,cifar100,1.000000,0.015243,0.151568,951
7,12,5244,raspi4,cifar100,69.760000,22.698864,0.151568,951
7,13,8884,edgegpu,ImageNet16-120,45.033333,3.499999,0.130642,951
7,13,11217,edgegpu,ImageNet16-120,43.466667,3.316708,0.130642,951
7,13,9722,edgegpu,ImageNet16-120,44.000000,3.327813,0.130642,951
7,13,12574,edgegpu,ImageNet16-120,45.466667,5.328665,0.130642,951
7,13,8426,edgegpu,ImageNet16-120,44.633335,3.370147,0.130642,951
7,13,13778,edgegpu,ImageNet16-120,46.277780,5.380897,0.130642,951
7,13,7760,edgegpu,ImageNet16-120,39.100000,1.743751,0.130642,951
7,13,10835,edgegpu,ImageNet16-120,45.233334,4.434366,0.130642,951
7,13,561,edgegpu,ImageNet16-120,28.911112,1.461983,0.130642,951
7,13,8230,edgegpu,ImageNet16-120,39.944443,2.585306,0.130642,951
7,13,15383,edgegpu,ImageNet16-120,47.033333,6.262836,0.130642,951
7,13,768,edgegpu,ImageNet16-120,39.466667,1.776605,0.130642,951
7,13,13411,edgegpu,ImageNet16-120,31.855556,1.736240,0.130642,951
7,13,2650,edgegpu,ImageNet16-120,42.433334,3.309817,0.130642,951
7,13,9509,edgegpu,ImageNet16-120,39.788887,2.435136,0.130642,951
7,13,1601,edgegpu,ImageNet16-120,28.600000,1.436777,0.130642,951
7,13,11961,edgegpu,ImageNet16-120,39.722220,1.916986,0.130642,951
7,13,12841,edgegpu,ImageNet16-120,28.177778,1.436691,0.130642,951
7,13,15112,edgegpu,ImageNet16-120,0.833333,0.539045,0.130642,951
7,13,14527,edgegpu,ImageNet16-120,28.133333,1.423783,0.130642,951
7,14,7174,edgetpu,ImageNet16-120,33.116665,0.391775,0.149798,950
7,14,7357,edgetpu,ImageNet16-120,44.666668,0.600498,0.149798,950
7,14,14527,edgetpu,ImageNet16-120,28.133333,0.358865,0.149798,950
7,14,5374,edgetpu,ImageNet16-120,46.766666,0.843987,0.149798,950
7,14,857,edgetpu,ImageNet16-120,47.311110,0.997730,0.149798,950
7,14,6950,edgetpu,ImageNet16-120,38.700000,0.427379,0.149798,950
7,14,1038,edgetpu,ImageNet16-120,39.544445,0.439663,0.149798,950
7,14,5149,edgetpu,ImageNet16-120,39.733334,0.523643,0.149798,950
7,14,4567,edgetpu,ImageNet16-120,31.866667,0.364215,0.149798,950
7,14,3540,edgetpu,ImageNet16-120,45.122223,0.648670,0.149798,950
7,14,15363,edgetpu,ImageNet16-120,44.333332,0.582280,0.149798,950
7,14,4815,edgetpu,ImageNet16-120,39.711113,0.519072,0.149798,950
7,14,2560,edgetpu,ImageNet16-120,28.200000,0.359160,0.149798,950
7,14,779,edgetpu,ImageNet16-120,32.700000,0.366534,0.149798,950
7,14,4830,edgetpu,ImageNet16-120,42.233334,0.549457,0.149798,950
7,14,12424,edgetpu,ImageNet16-120,43.133330,0.557283,0.149798,950
7,14,10699,edgetpu,ImageNet16-120,46.833332,0.858130,0.149798,950
7,14,12415,edgetpu,ImageNet16-120,46.566666,0.710906,0.149798,950
7,14,7273,edgetpu,ImageNet16-120,42.966667,0.550014,0.149798,950
7,14,7760,edgetpu,ImageNet16-120,39.100000,0.429687,0.149798,950
7,15,1943,eyeriss,ImageNet16-120,42.866665,0.853120,0.143480,951
7,15,4988,eyeriss,ImageNet16-120,28.933332,0.423040,0.143480,951
7,15,13171,eyeriss,ImageNet16-120,44.966667,0.976000,0.143480,951
7,15,857,eyeriss,ImageNet16-120,47.311110,1.651840,0.143480,951
7,15,8853,eyeriss,ImageNet16-120,45.600000,1.037440,0.143480,951
7,15,6854,eyeriss,ImageNet16-120,40.800000,0.668800,0.143480,951
7,15,9805,eyeriss,ImageNet16-120,34.133335,0.484480,0.143480,951
7,15,15383,eyeriss,ImageNet16-120,47.033333,1.283200,0.143480,951
7,15,6787,eyeriss,ImageNet16-120,44.400000,0.914560,0.143480,951
7,15,2835,eyeriss,ImageNet16-120,38.222220,0.545920,0.143480,951
7,16,3982,fpga,ImageNet16-120,45.333332,1.411200,0.112685,959
7,16,1939,fpga,ImageNet16-120,45.077778,1.062400,0.112685,959
7,16,15383,fpga,ImageNet16-120,47.033333,1.504000,0.112685,959
7,16,12231,fpga,ImageNet16-120,40.200000,0.784000,0.112685,959
7,16,2835,fpga,ImageNet16-120,38.222220,0.546720,0.112685,959
7,16,6787,fpga,ImageNet16-120,44.400000,0.969600,0.112685,959
7,16,4988,fpga,ImageNet16-120,28.933332,0.284320,0.112685,959
7,16,9805,fpga,ImageNet16-120,34.133335,0.415520,0.112685,959
7,16,5793,fpga,ImageNet16-120,35.033333,0.517920,0.112685,959
7,16,14748,fpga,ImageNet16-120,44.900000,0.995200,0.112685,959
7,16,6868,fpga,ImageNet16-120,39.000000,0.649120,0.112685,959
7,16,12639,fpga,ImageNet16-120,40.400000,0.809120,0.112685,959
7,16,8008,fpga,ImageNet16-120,43.500000,0.876800,0.112685,959
7,16,857,fpga,ImageNet16-120,47.311110,2.038400,0.112685,959
7,17,11086,pixel3,ImageNet16-120,43.211113,2.715740,0.139433,951
7,17,12466,pixel3,ImageNet16-120,46.100000,4.680280,0.139433,951
7,17,1751,pixel3,ImageNet16-120,33.955555,0.666929,0.139433,951
7,17,3385,pixel3,ImageNet16-120,46.400000,4.973160,0.139433,951
7,17,15383,pixel3,ImageNet16-120,47.033333,5.191720,0.139433,951
7,17,8853,pixel3,ImageNet16-120,45.600000,3.554540,0.139433,951
7,17,4559,pixel3,ImageNet16-120,27.733334,0.422492,0.139433,951
7,17,1595,pixel3,ImageNet16-120,32.255554,0.618134,0.139433,951
7,17,7401,pixel3,ImageNet16-120,28.866667,0.505777,0.139433,951
7,17,4948,pixel3,ImageNet16-120,43.066666,2.483080,0.139433,951
7,17,11109,pixel3,ImageNet16-120,41.700000,2.468030,0.139433,951
7,17,14112,pixel3,ImageNet16-120,40.733334,1.913100,0.139433,951
7,17,2835,pixel3,ImageNet16-120,38.222220,0.868646,0.139433,951
7,17,12506,pixel3,ImageNet16-120,43.983334,2.929990,0.139433,951
7,17,7551,pixel3,ImageNet16-120,38.477780,1.266510,0.139433,951
7,17,5393,pixel3,ImageNet16-120,37.300000,0.863687,0.139433,951
7,17,3213,pixel3,ImageNet16-120,0.833333,0.005702,0.139433,951
7,17,1939,pixel3,ImageNet16-120,45.077778,3.021500,0.139433,951
7,17,7115,pixel3,ImageNet16-120,39.900000,1.774610,0.139433,951
7,17,6210,pixel3,ImageNet16-120,39.000000,1.511170,0.139433,951
7,18,933,raspi4,ImageNet16-120,0.833333,0.011514,0.118054,952
7,18,2603,raspi4,ImageNet16-120,43.233334,4.480527,0.118054,952
7,18,6982,raspi4,ImageNet16-120,45.566666,7.409957,0.118054,952
7,18,6111,raspi4,ImageNet16-120,46.711110,13.874590,0.118054,952
7,18,3731,raspi4,ImageNet16-120,46.588890,8.664017,0.118054,952
7,18,4829,raspi4,ImageNet16-120,34.200000,1.614683,0.118054,952
7,18,14792,raspi4,ImageNet16-120,43.033333,3.792447,0.118054,952
7,18,7627,raspi4,ImageNet16-120,37.766666,2.208875,0.118054,952
7,18,13291,raspi4,ImageNet16-120,44.800000,5.846711,0.118054,952
7,18,14544,raspi4,ImageNet16-120,27.900000,0.958080,0.118054,952
7,18,1549,raspi4,ImageNet16-120,28.655556,1.013534,0.118054,952
7,18,8449,raspi4,ImageNet16-120,46.233334,8.000248,0.118054,952
7,18,3898,raspi4,ImageNet16-120,40.400000,3.783961,0.118054,952
7,18,5973,raspi4,ImageNet16-120,40.100000,3.159922,0.118054,952
7,18,7106,raspi4,ImageNet16-120,39.033333,3.071517,0.118054,952
7,18,14990,raspi4,ImageNet16-120,43.888890,4.624598,0.118054,952
7,18,9722,raspi4,ImageNet16-120,44.000000,5.695365,0.118054,952
7,18,12915,raspi4,ImageNet16-120,37.200000,2.203384,0.118054,952
7,18,10209,raspi4,ImageNet16-120,32.411110,1.531913,0.118054,952
7,18,10835,raspi4,ImageNet16-120,45.233334,6.632419,0.118054,952
8,1,14090,edgegpu,cifar10,92.086670,1.749086,0.115141,964
8,1,1459,edgegpu,cifar10,94.296670,6.748991,0.115141,964
8,1,5400,edgegpu,cifar10,86.630000,1.427460,0.115141,964
8,1,2053,edgegpu,cifar10,94.206665,5.482254,0.115141,964
8,1,14527,edgegpu,cifar10,86.765000,1.439619,0.115141,964
8,1,1317,edgegpu,cifar10,94.090000,5.292902,0.115141,964
8,1,10484,edgegpu,cifar10,93.810000,3.354015,0.115141,964
8,1,2776,edgegpu,cifar10,93.666664,3.331194,0.115141,964
8,1,5292,edgegpu,cifar10,94.293335,6.663151,0.115141,964
8,1,5780,edgegpu,cifar10,93.980000,3.361888,0.115141,964
8,1,6918,edgegpu,cifar10,87.000000,1.553979,0.115141,964
8,1,1339,edgegpu,cifar10,92.136665,1.751881,0.115141,964
8,1,777,edgegpu,cifar10,86.810000,1.463118,0.115141,964
8,1,12113,edgegpu,cifar10,92.245000,1.846456,0.115141,964
8,1,7636,edgegpu,cifar10,92.270000,2.802658,0.115141,964
8,1,258,edgegpu,cifar10,93.640000,3.307109,0.115141,964
8,1,15200,edgegpu,cifar10,10.000000,0.501385,0.115141,964
8,1,13714,edgegpu,cifar10,94.373340,6.772180,0.115141,964
8,2,6863,edgetpu,cifar10,86.740000,0.369590,0.127546,950
8,2,6758,edgetpu,cifar10,88.873340,0.390265,0.127546,950
8,2,6515,edgetpu,cifar10,93.616670,0.722858,0.127546,950
8,2,6151,edgetpu,cifar10,89.010000,0.391855,0.127546,950
8,2,3540,edgetpu,cifar10,93.916664,0.767036,0.127546,950
8,2,13714,edgetpu,cifar10,94.373340,1.377865,0.127546,950
8,2,12415,edgetpu,cifar10,93.990000,0.865453,0.127546,950
8,2,2053,edgetpu,cifar10,94.206665,1.042178,0.127546,950
8,2,9950,edgetpu,cifar10,93.840000,0.723767,0.127546,950
8,2,5111,edgetpu,cifar10,94.306660,1.152010,0.127546,950
8,2,797,edgetpu,cifar10,93.280000,0.627996,0.127546,950
8,2,6330,edgetpu,cifar10,94.006670,0.867172,0.127546,950
8,2,6382,edgetpu,cifar10,93.376660,0.628638,0.127546,950
8,2,2485,edgetpu,cifar10,86.700000,0.346546,0.127546,950
8,2,5889,edgetpu,cifar10,91.996666,0.481330,0.127546,950
8,2,5915,edgetpu,cifar10,86.846664,0.376449,0.127546,950
8,2,7636,edgetpu,cifar10,92.270000,0.481888,0.127546,950
8,2,8375,edgetpu,cifar10,92.030000,0.481739,0.127546,950
8,2,3927,edgetpu,cifar10,93.626660,0.723268,0.127546,950
8,2,6584,edgetpu,cifar10,94.160000,0.888877,0.127546,950
8,3,5939,eyeriss,cifar10,86.546670,1.679540,0.127232,951
8,3,14697,eyeriss,cifar10,89.710000,1.925300,0.127232,951
8,3,8008,eyeriss,cifar10,93.480000,3.399860,0.127232,951
8,3,2053,eyeriss,cifar10,94.206665,6.348980,0.127232,951
8,3,11476,eyeriss,cifar10,92.136665,3.154100,0.127232,951
8,3,6111,eyeriss,cifar10,94.373340,7.823540,0.127232,951
8,3,11692,eyeriss,cifar10,94.130000,4.874420,0.127232,951
8,3,11376,eyeriss,cifar10,93.510000,3.645620,0.127232,951
8,3,3731,eyeriss,cifar10,94.343330,6.594740,0.127232,951
8,3,13714,eyeriss,cifar10,94.373340,7.823540,0.127232,951
8,3,11000,eyeriss,cifar10,93.560000,3.891380,0.127232,951
8,3,10689,eyeriss,cifar10,90.790000,2.171060,0.127232,951
8,3,11472,eyeriss,cifar10,93.970000,4.628660,0.127232,951
8,4,10689,fpga,cifar10,90.790000,2.163360,0.138589,955
8,4,3687,fpga,cifar10,89.820000,1.648160,0.138589,955
8,4,6126,fpga,cifar10,93.980000,4.163360,0.138589,955
8,4,8008,fpga,cifar10,93.480000,2.905760,0.138589,955
8,4,12415,fpga,cifar10,93.990000,4.905760,0.138589,955
8,4,11472,fpga,cifar10,93.970000,3.648160,0.138589,955
8,4,4384,fpga,cifar10,86.796670,1.132960,0.138589,955
8,4,13611,fpga,cifar10,92.490000,2.390560,0.138589,955
8,4,11525,fpga,cifar10,90.000000,2.057760,0.138589,955
8,4,13714,fpga,cifar10,94.373340,6.678560,0.138589,955
8,4,2053,fpga,cifar10,94.206665,5.420960,0.138589,955
8,4,1459,fpga,cifar10,94.296670,5.936160,0.138589,955
8,4,2018,fpga,cifar10,94.063330,5.193760,0.138589,955
8,5,13096,pixel3,cifar10,90.700000,2.666040,0.122411,954
8,5,15032,pixel3,cifar10,90.820000,4.065230,0.122411,954
8,5,1616,pixel3,cifar10,89.740000,2.038690,0.122411,954
8,5,8736,pixel3,cifar10,93.730000,13.413700,0.122411,954
8,5,5874,pixel3,cifar10,88.676670,1.580110,0.122411,954
8,5,10,pixel3,cifar10,10.000000,0.003401,0.122411,954
8,5,1196,pixel3,cifar10,92.020000,5.810240,0.122411,954
8,5,6584,pixel3,cifar10,94.160000,15.720300,0.122411,954
8,5,1497,pixel3,cifar10,86.556660,1.056630,0.122411,954
8,5,111,pixel3,cifar10,93.686670,12.273800,0.122411,954
8,5,6111,pixel3,cifar10,94.373340,23.584800,0.122411,954
8,5,1943,pixel3,cifar10,93.116670,6.492030,0.122411,954
8,5,10484,pixel3,cifar10,93.810000,14.657400,0.122411,954
8,5,8695,pixel3,cifar10,94.220000,17.564500,0.122411,954
8,5,6382,pixel3,cifar10,93.376660,7.048190,0.122411,954
8,5,5111,pixel3,cifar10,94.306660,17.584600,0.122411,954
8,5,13869,pixel3,cifar10,93.656670,10.634700,0.122411,954
8,5,13846,pixel3,cifar10,90.720000,3.099760,0.122411,954
8,5,14964,pixel3,cifar10,90.893330,5.649390,0.122411,954
8,5,3731,pixel3,cifar10,94.343330,23.361300,0.122411,954
8,6,6918,raspi4,cifar10,87.000000,2.787590,0.170153,951
8,6,3229,raspi4,cifar10,89.670000,5.126768,0.170153,951
8,6,3045,raspi4,cifar10,93.630000,28.401274,0.170153,951
8,6,5780,raspi4,cifar10,93.980000,34.928463,0.170153,951
8,6,14677,raspi4,cifar10,88.670000,4.755260,0.170153,951
8,6,9395,raspi4,cifar10,90.805000,12.240411,0.170153,951
8,6,9782,raspi4,cifar10,93.305000,21.922150,0.170153,951
8,6,12043,raspi4,cifar10,93.420000,24.104538,0.170153,951
8,6,1962,raspi4,cifar10,86.530000,2.529453,0.170153,951
8,6,10188,raspi4,cifar10,93.570000,27.702166,0.170153,951
8,6,6111,raspi4,cifar10,94.373340,68.404106,0.170153,951
8,6,4237,raspi4,cifar10,94.216670,52.082386,0.170153,951
8,6,9051,raspi4,cifar10,10.000000,0.011330,0.170153,951
8,6,11692,raspi4,cifar10,94.130000,37.583630,0.170153,951
8,6,9035,raspi4,cifar10,90.690000,7.442392,0.170153,951
8,6,2058,raspi4,cifar10,93.270000,19.484835,0.170153,951
8,6,4088,raspi4,cifar10,91.910000,16.968962,0.170153,951
8,6,4609,raspi4,cifar10,91.930000,18.544490,0.170153,951
8,6,3731,raspi4,cifar10,94.343330,58.070793,0.170153,951
8,6,8426,raspi4,cifar10,93.840000,31.394428,0.170153,951
8,7,1509,edgegpu,cifar100,1.000000,0.505853,0.117439,950
8,7,3888,edgegpu,cifar100,73.260000,6.797867,0.117439,950
8,7,8912,edgegpu,cifar100,59.200000,1.441355,0.117439,950
8,7,11810,edgegpu,cifar100,68.300000,1.779551,0.117439,950
8,7,12761,edgegpu,cifar100,72.860000,6.202917,0.117439,950
8,7,9922,edgegpu,cifar100,58.560000,1.428552,0.117439,950
8,7,14089,edgegpu,cifar100,61.806667,1.752892,0.117439,950
8,7,5917,edgegpu,cifar100,69.666664,3.307080,0.117439,950
8,7,2304,edgegpu,cifar100,58.660000,1.440253,0.117439,950
8,7,4609,edgegpu,cifar100,66.520000,1.758838,0.117439,950
8,7,8413,edgegpu,cifar100,70.880000,3.458881,0.117439,950
8,7,11692,edgegpu,cifar100,71.120000,4.674401,0.117439,950
8,7,4418,edgegpu,cifar100,72.746666,5.352364,0.117439,950
8,7,12424,edgegpu,cifar100,69.980000,3.361769,0.117439,950
8,7,2776,edgegpu,cifar100,70.733330,3.365278,0.117439,950
8,7,12415,edgegpu,cifar100,71.940000,4.828467,0.117439,950
8,7,14984,edgegpu,cifar100,67.166664,1.760831,0.117439,950
8,7,10835,edgegpu,cifar100,71.040000,4.341784,0.117439,950
8,7,4954,edgegpu,cifar100,73.000000,6.669736,0.117439,950
8,7,3540,edgegpu,cifar100,71.500000,4.730291,0.117439,950
8,8,8649,edgetpu,cifar100,70.690000,0.727284,0.140187,950
8,8,4418,edgetpu,cifar100,72.746666,1.093699,0.140187,950
8,8,8912,edgetpu,cifar100,59.200000,0.377698,0.140187,950
8,8,12761,edgetpu,cifar100,72.860000,1.225212,0.140187,950
8,8,3888,edgetpu,cifar100,73.260000,1.316226,0.140187,950
8,8,9930,edgetpu,cifar100,73.513336,1.454107,0.140187,950
8,8,9037,edgetpu,cifar100,67.920000,0.598340,0.140187,950
8,8,9997,edgetpu,cifar100,71.520000,0.729986,0.140187,950
8,8,1425,edgetpu,cifar100,72.093330,0.910660,0.140187,950
8,8,12599,edgetpu,cifar100,68.620000,0.634541,0.140187,950
8,8,1317,edgetpu,cifar100,72.566666,1.023844,0.140187,950
8,8,13829,edgetpu,cifar100,66.873340,0.485137,0.140187,950
8,8,12415,edgetpu,cifar100,71.940000,0.872299,0.140187,950
8,8,6974,edgetpu,cifar100,61.880000,0.392555,0.140187,950
8,8,2705,edgetpu,cifar100,62.813330,0.393026,0.140187,950
8,8,898,edgetpu,cifar100,70.000000,0.636860,0.140187,950
8,8,5244,edgetpu,cifar100,69.760000,0.636723,0.140187,950
8,8,15224,edgetpu,cifar100,67.900000,0.491482,0.140187,950
8,8,14108,edgetpu,cifar100,58.226665,0.355243,0.140187,950
8,8,4237,edgetpu,cifar100,73.073330,1.285767,0.140187,950
8,9,12820,eyeriss,cifar100,67.720000,2.419840,0.125235,953
8,9,6787,eyeriss,cifar100,70.720000,3.648640,0.125235,953
8,9,11301,eyeriss,cifar100,68.220000,2.665600,0.125235,953
8,9,5651,eyeriss,cifar100,64.690000,1.928320,0.125235,953
8,9,8853,eyeriss,cifar100,71.220000,4.140160,0.125235,953
8,9,3540,eyeriss,cifar100,71.500000,4.877440,0.125235,953
8,9,14112,eyeriss,cifar100,68.386665,2.911360,0.125235,953
8,9,8323,eyeriss,cifar100,67.080000,2.174080,0.125235,953
8,9,14133,eyeriss,cifar100,58.320000,1.682560,0.125235,953
8,9,4418,eyeriss,cifar100,72.746666,6.352000,0.125235,953
8,9,12574,eyeriss,cifar100,72.740000,5.123200,0.125235,953
8,9,9930,eyeriss,cifar100,73.513336,9.055360,0.125235,953
8,9,4659,eyeriss,cifar100,70.060000,3.402880,0.125235,953
8,9,3888,eyeriss,cifar100,73.260000,6.597760,0.125235,953
8,9,11000,eyeriss,cifar100,71.180000,3.894400,0.125235,953
8,10,3540,fpga,cifar100,71.500000,4.163360,0.137271,950
8,10,3888,fpga,cifar100,73.260000,5.936160,0.137271,950
8,10,5084,fpga,cifar100,58.813330,1.132960,0.137271,950
8,10,15363,fpga,cifar100,70.520000,3.420960,0.137271,950
8,10,3385,fpga,cifar100,72.380000,5.193760,0.137271,950
8,10,898,fpga,cifar100,70.000000,2.905760,0.137271,950
8,10,12820,fpga,cifar100,67.720000,2.678560,0.137271,950
8,10,10154,fpga,cifar100,71.960000,4.678560,0.137271,950
8,10,14174,fpga,cifar100,72.646670,5.420960,0.137271,950
8,10,10689,fpga,cifar100,67.500000,2.163360,0.137271,950
8,10,7250,fpga,cifar100,67.706665,2.390560,0.137271,950
8,10,11472,fpga,cifar100,70.860000,3.648160,0.137271,950
8,10,375,fpga,cifar100,64.440000,1.648160,0.137271,950
8,10,6925,fpga,cifar100,71.220000,3.936160,0.137271,950
8,10,14346,fpga,cifar100,64.540000,2.057760,0.137271,950
8,11,15162,pixel3,cifar100,1.000000,0.008847,0.127421,950
8,11,4977,pixel3,cifar100,63.360000,2.211970,0.127421,950
8,11,5019,pixel3,cifar100,58.880000,1.483640,0.127421,950
8,11,9649,pixel3,cifar100,64.540000,2.536210,0.127421,950
8,11,906,pixel3,cifar100,62.393333,1.661810,0.127421,950
8,11,9930,pixel3,cifar100,73.513336,42.003600,0.127421,950
8,11,3888,pixel3,cifar100,73.260000,23.477200,0.127421,950
8,11,12424,pixel3,cifar100,69.980000,8.954760,0.127421,950
8,11,1497,pixel3,cifar100,58.273335,1.319450,0.127421,950
8,11,689,pixel3,cifar100,70.330000,10.595100,0.127421,950
8,11,1413,pixel3,cifar100,69.186670,6.545880,0.127421,950
8,11,12970,pixel3,cifar100,68.140000,4.782110,0.127421,950
8,11,9208,pixel3,cifar100,70.420000,11.700400,0.127421,950
8,11,1425,pixel3,cifar100,72.093330,15.692300,0.127421,950
8,11,12574,pixel3,cifar100,72.740000,16.473900,0.127421,950
8,11,857,pixel3,cifar100,72.880000,19.113200,0.127421,950
8,11,8413,pixel3,cifar100,70.880000,14.693200,0.127421,950
8,11,12915,pixel3,cifar100,66.950000,3.129190,0.127421,950
8,11,13291,pixel3,cifar100,70.480000,12.720200,0.127421,950
8,11,577,pixel3,cifar100,69.680000,8.944490,0.127421,950
8,12,12505,raspi4,cifar100,67.510000,16.772425,0.206935,950
8,12,8740,raspi4,cifar100,1.000000,0.015215,0.206935,950
8,12,6815,raspi4,cifar100,61.980000,4.799369,0.206935,950
8,12,9930,raspi4,cifar100,73.513336,71.152000,0.206935,950
8,12,1941,raspi4,cifar100,70.580000,25.979572,0.206935,950
8,12,15589,raspi4,cifar100,59.060000,2.795078,0.206935,950
8,12,7551,raspi4,cifar100,67.286670,14.059243,0.206935,950
8,12,7556,raspi4,cifar100,71.526665,36.461315,0.206935,950
8,12,11810,raspi4,cifar100,68.300000,19.289055,0.206935,950
8,12,7207,raspi4,cifar100,64.260000,5.119923,0.206935,950
8,12,3487,raspi4,cifar100,70.093330,21.603350,0.206935,950
8,12,6111,raspi4,cifar100,73.220000,61.573837,0.206935,950
8,12,9394,raspi4,cifar100,58.110000,2.552768,0.206935,950
8,12,699,raspi4,cifar100,72.240000,40.448723,0.206935,950
8,12,1459,raspi4,cifar100,73.140000,53.879950,0.206935,950
8,12,10000,raspi4,cifar100,73.160000,57.735558,0.206935,950
8,12,10318,raspi4,cifar100,66.526665,7.324424,0.206935,950
8,12,1425,raspi4,cifar100,72.093330,39.608680,0.206935,950
8,12,2058,raspi4,cifar100,69.613335,20.052132,0.206935,950
8,12,8426,raspi4,cifar100,70.920000,33.551373,0.206935,950
8,13,2650,edgegpu,ImageNet16-120,42.433334,3.309817,0.142678,955
8,13,8401,edgegpu,ImageNet16-120,43.833332,3.322444,0.142678,955
8,13,454,edgegpu,ImageNet16-120,41.277780,3.303313,0.142678,955
8,13,5374,edgegpu,ImageNet16-120,46.766666,5.294285,0.142678,955
8,13,5751,edgegpu,ImageNet16-120,40.044445,2.434626,0.142678,955
8,13,10947,edgegpu,ImageNet16-120,39.944443,1.909800,0.142678,955
8,13,13011,edgegpu,ImageNet16-120,38.366665,1.742325,0.142678,955
8,13,10835,edgegpu,ImageNet16-120,45.233334,4.434366,0.142678,955
8,13,12415,edgegpu,ImageNet16-120,46.566666,4.667692,0.142678,955
8,13,15159,edgegpu,ImageNet16-120,45.566666,4.632421,0.142678,955
8,13,768,edgegpu,ImageNet16-120,39.466667,1.776605,0.142678,955
8,13,8687,edgegpu,ImageNet16-120,28.888890,1.470962,0.142678,955
8,13,10699,edgegpu,ImageNet16-120,46.833332,6.223283,0.142678,955
8,13,10750,edgegpu,ImageNet16-120,44.600000,3.434558,0.142678,955
8,13,8884,edgegpu,ImageNet16-120,45.033333,3.499999,0.142678,955
8,13,15206,edgegpu,ImageNet16-120,27.866667,1.424794,0.142678,955
8,13,9149,edgegpu,ImageNet16-120,46.900000,6.514106,0.142678,955
8,13,9997,edgegpu,ImageNet16-120,43.966667,3.355384,0.142678,955
8,13,13411,edgegpu,ImageNet16-120,31.855556,1.736240,0.142678,955
8,13,15112,edgegpu,ImageNet16-120,0.833333,0.539045,0.142678,955
8,14,11885,edgetpu,ImageNet16-120,39.166668,0.427395,0.142680,950
8,14,7273,edgetpu,ImageNet16-120,42.966667,0.550014,0.142680,950
8,14,12686,edgetpu,ImageNet16-120,39.733334,0.516870,0.142680,950
8,14,13972,edgetpu,ImageNet16-120,31.933332,0.363440,0.142680,950
8,14,3540,edgetpu,ImageNet16-120,45.122223,0.648670,0.142680,950
8,14,11177,edgetpu,ImageNet16-120,33.200000,0.393637,0.142680,950
8,14,857,edgetpu,ImageNet16-120,47.311110,0.997730,0.142680,950
8,14,4977,edgetpu,ImageNet16-120,32.966667,0.367728,0.142680,950
8,14,13931,edgetpu,ImageNet16-120,28.788889,0.360349,0.142680,950
8,14,14527,edgetpu,ImageNet16-120,28.133333,0.358865,0.142680,950
8,14,10750,edgetpu,ImageNet16-120,44.600000,0.615553,0.142680,950
8,14,15383,edgetpu,ImageNet16-120,47.033333,0.780914,0.142680,950
8,14,4195,edgetpu,ImageNet16-120,32.166668,0.364007,0.142680,950
8,14,4627,edgetpu,ImageNet16-120,43.500000,0.552306,0.142680,950
8,14,15363,edgetpu,ImageNet16-120,44.333332,0.582280,0.142680,950
8,14,8884,edgetpu,ImageNet16-120,45.033333,0.615792,0.142680,950
8,14,5674,edgetpu,ImageNet16-120,39.650000,0.428605,0.142680,950
8,14,12415,edgetpu,ImageNet16-120,46.566666,0.710906,0.142680,950
8,14,4988,edgetpu,ImageNet16-120,28.933332,0.360694,0.142680,950
8,14,13389,edgetpu,ImageNet16-120,39.800000,0.517551,0.142680,950
8,15,13778,eyeriss,ImageNet16-120,46.277780,1.283200,0.150512,950
8,15,5111,eyeriss,ImageNet16-120,46.588890,1.344640,0.150512,950
8,15,3687,eyeriss,ImageNet16-120,34.066666,0.484480,0.150512,950
8,15,8853,eyeriss,ImageNet16-120,45.600000,1.037440,0.150512,950
8,15,13171,eyeriss,ImageNet16-120,44.966667,0.976000,0.150512,950
8,15,10699,eyeriss,ImageNet16-120,46.833332,1.590400,0.150512,950
8,15,8733,eyeriss,ImageNet16-120,46.600000,1.528960,0.150512,950
8,15,8008,eyeriss,ImageNet16-120,43.500000,0.853120,0.150512,950
8,15,6787,eyeriss,ImageNet16-120,44.400000,0.914560,0.150512,950
8,15,2835,eyeriss,ImageNet16-120,38.222220,0.545920,0.150512,950
8,15,7551,eyeriss,ImageNet16-120,38.477780,0.607360,0.150512,950
8,15,6854,eyeriss,ImageNet16-120,40.800000,0.668800,0.150512,950
8,15,4988,eyeriss,ImageNet16-120,28.933332,0.423040,0.150512,950
8,16,4829,fpga,ImageNet16-120,34.200000,0.415520,0.136360,955
8,16,5111,fpga,ImageNet16-120,46.588890,1.596800,0.136360,955
8,16,13778,fpga,ImageNet16-120,46.277780,1.504000,0.136360,955
8,16,8853,fpga,ImageNet16-120,45.600000,1.155200,0.136360,955
8,16,6854,fpga,ImageNet16-120,40.800000,0.809120,0.136360,955
8,16,4004,fpga,ImageNet16-120,42.811110,0.876800,0.136360,955
8,16,1939,fpga,ImageNet16-120,45.077778,1.062400,0.136360,955
8,16,10017,fpga,ImageNet16-120,40.566666,0.784000,0.136360,955
8,16,4988,fpga,ImageNet16-120,28.933332,0.284320,0.136360,955
8,16,15363,fpga,ImageNet16-120,44.333332,0.969600,0.136360,955
8,16,10699,fpga,ImageNet16-120,46.833332,1.945600,0.136360,955
8,16,8323,fpga,ImageNet16-120,38.033333,0.546720,0.136360,955
8,16,5487,fpga,ImageNet16-120,38.500000,0.677920,0.136360,955
8,17,2952,pixel3,ImageNet16-120,42.600000,2.471070,0.147168,953
8,17,1863,pixel3,ImageNet16-120,28.055555,0.422043,0.147168,953
8,17,5374,pixel3,ImageNet16-120,46.766666,6.317500,0.147168,953
8,17,4829,pixel3,ImageNet16-120,34.200000,0.795625,0.147168,953
8,17,4988,pixel3,ImageNet16-120,28.933332,0.485996,0.147168,953
8,17,8853,pixel3,ImageNet16-120,45.600000,3.554540,0.147168,953
8,17,1204,pixel3,ImageNet16-120,37.844444,0.864966,0.147168,953
8,17,2147,pixel3,ImageNet16-120,38.722220,1.561250,0.147168,953
8,17,80,pixel3,ImageNet16-120,43.322224,2.707190,0.147168,953
8,17,5487,pixel3,ImageNet16-120,38.500000,1.109150,0.147168,953
8,17,12516,pixel3,ImageNet16-120,32.083332,0.617816,0.147168,953
8,17,6156,pixel3,ImageNet16-120,39.833332,1.768470,0.147168,953
8,17,857,pixel3,ImageNet16-120,47.311110,6.686850,0.147168,953
8,17,5111,pixel3,ImageNet16-120,46.588890,5.571030,0.147168,953
8,17,13756,pixel3,ImageNet16-120,0.833333,0.005289,0.147168,953
8,17,8572,pixel3,ImageNet16-120,45.666668,4.679750,0.147168,953
8,17,2018,pixel3,ImageNet16-120,46.433334,4.949210,0.147168,953
8,17,14112,pixel3,ImageNet16-120,40.733334,1.913100,0.147168,953
8,17,1939,pixel3,ImageNet16-120,45.077778,3.021500,0.147168,953
8,17,1804,pixel3,ImageNet16-120,32.833332,0.620998,0.147168,953
8,18,3458,raspi4,ImageNet16-120,45.666668,7.428567,0.140001,950
8,18,7357,raspi4,ImageNet16-120,44.666668,4.480689,0.140001,950
8,18,857,raspi4,ImageNet16-120,47.311110,9.020064,0.140001,950
8,18,4829,raspi4,ImageNet16-120,34.200000,1.614683,0.140001,950
8,18,8768,raspi4,ImageNet16-120,45.066666,6.333859,0.140001,950
8,18,3782,raspi4,ImageNet16-120,41.866665,3.755286,0.140001,950
8,18,2018,raspi4,ImageNet16-120,46.433334,7.482383,0.140001,950
8,18,1188,raspi4,ImageNet16-120,32.455555,1.526725,0.140001,950
8,18,15283,raspi4,ImageNet16-120,44.844444,6.026155,0.140001,950
8,18,6519,raspi4,ImageNet16-120,40.183334,3.212652,0.140001,950
8,18,3192,raspi4,ImageNet16-120,45.477780,6.675633,0.140001,950
8,18,10066,raspi4,ImageNet16-120,44.833332,5.670977,0.140001,950
8,18,2112,raspi4,ImageNet16-120,38.355556,2.925188,0.140001,950
8,18,933,raspi4,ImageNet16-120,0.833333,0.011514,0.140001,950
8,18,14146,raspi4,ImageNet16-120,28.433332,0.961556,0.140001,950
8,18,4948,raspi4,ImageNet16-120,43.066666,3.826901,0.140001,950
8,18,4988,raspi4,ImageNet16-120,28.933332,1.003251,0.140001,950
8,18,6336,raspi4,ImageNet16-120,39.366665,3.073392,0.140001,950
8,18,4689,raspi4,ImageNet16-120,37.455555,2.198343,0.140001,950
9,1,561,edgegpu,cifar10,86.880000,1.451068,0.162379,952
9,1,6960,edgegpu,cifar10,92.280000,1.764450,0.162379,952
9,1,13401,edgegpu,cifar10,87.010000,1.457009,0.162379,952
9,1,2776,edgegpu,cifar10,93.666664,3.331194,0.162379,952
9,1,258,edgegpu,cifar10,93.640000,3.307109,0.162379,952
9,1,2053,edgegpu,cifar10,94.206665,5.482254,0.162379,952
9,1,5292,edgegpu,cifar10,94.293335,6.663151,0.162379,952
9,1,81,edgegpu,cifar10,94.300000,6.805201,0.162379,952
9,1,5780,edgegpu,cifar10,93.980000,3.361888,0.162379,952
9,1,6111,edgegpu,cifar10,94.373340,6.810174,0.162379,952
9,1,1601,edgegpu,cifar10,86.336670,1.433892,0.162379,952
9,1,14407,edgegpu,cifar10,86.770000,1.440282,0.162379,952
9,1,11692,edgegpu,cifar10,94.130000,4.708362,0.162379,952
9,1,8421,edgegpu,cifar10,10.000000,0.538597,0.162379,952
9,1,5779,edgegpu,cifar10,86.680000,1.439686,0.162379,952
9,1,10484,edgegpu,cifar10,93.810000,3.354015,0.162379,952
9,2,15241,edgetpu,cifar10,88.936670,0.391453,0.180414,950
9,2,6382,edgetpu,cifar10,93.376660,0.628638,0.180414,950
9,2,3731,edgetpu,cifar10,94.343330,1.282820,0.180414,950
9,2,6758,edgetpu,cifar10,88.873340,0.390265,0.180414,950
9,2,1317,edgetpu,cifar10,94.090000,0.999933,0.180414,950
9,2,970,edgetpu,cifar10,86.770000,0.371488,0.180414,950
9,2,5111,edgetpu,cifar10,94.306660,1.152010,0.180414,950
9,2,13714,edgetpu,cifar10,94.373340,1.377865,0.180414,950
9,2,2053,edgetpu,cifar10,94.206665,1.042178,0.180414,950
9,2,11112,edgetpu,cifar10,92.110000,0.480732,0.180414,950
9,2,6863,edgetpu,cifar10,86.740000,0.369590,0.180414,950
9,2,797,edgetpu,cifar10,93.280000,0.627996,0.180414,950
9,2,8008,edgetpu,cifar10,93.480000,0.629746,0.180414,950
9,2,2485,edgetpu,cifar10,86.700000,0.346546,0.180414,950
9,2,5780,edgetpu,cifar10,93.980000,0.723967,0.180414,950
9,2,9950,edgetpu,cifar10,93.840000,0.723767,0.180414,950
9,2,3927,edgetpu,cifar10,93.626660,0.723268,0.180414,950
9,2,6515,edgetpu,cifar10,93.616670,0.722858,0.180414,950
9,2,6330,edgetpu,cifar10,94.006670,0.867172,0.180414,950
9,2,4675,edgetpu,cifar10,89.200000,0.395661,0.180414,950
9,3,3731,eyeriss,cifar10,94.343330,6.594740,0.148636,950
9,3,8592,eyeriss,cifar10,93.750000,3.891380,0.148636,950
9,3,13714,eyeriss,cifar10,94.373340,7.823540,0.148636,950
9,3,5111,eyeriss,cifar10,94.306660,5.365940,0.148636,950
9,3,6330,eyeriss,cifar10,94.006670,4.874420,0.148636,950
9,3,14112,eyeriss,cifar10,91.296670,2.908340,0.148636,950
9,3,11533,eyeriss,cifar10,93.420000,3.399860,0.148636,950
9,3,10412,eyeriss,cifar10,93.530000,3.645620,0.148636,950
9,3,11146,eyeriss,cifar10,94.040000,5.120180,0.148636,950
9,3,6358,eyeriss,cifar10,92.136665,3.154100,0.148636,950
9,3,6111,eyeriss,cifar10,94.373340,7.823540,0.148636,950
9,3,9805,eyeriss,cifar10,89.790000,1.925300,0.148636,950
9,3,11472,eyeriss,cifar10,93.970000,4.628660,0.148636,950
9,3,6854,eyeriss,cifar10,91.040000,2.662580,0.148636,950
9,3,4384,eyeriss,cifar10,86.796670,1.679540,0.148636,950
9,3,15246,eyeriss,cifar10,90.590000,2.171060,0.148636,950
9,4,8323,fpga,cifar10,90.870000,2.163360,0.143722,953
9,4,3687,fpga,cifar10,89.820000,1.648160,0.143722,953
9,4,5645,fpga,cifar10,93.485000,3.420960,0.143722,953
9,4,9950,fpga,cifar10,93.840000,3.648160,0.143722,953
9,4,4768,fpga,cifar10,89.873340,2.057760,0.143722,953
9,4,8708,fpga,cifar10,94.080000,4.572960,0.143722,953
9,4,8695,fpga,cifar10,94.220000,5.193760,0.143722,953
9,4,8008,fpga,cifar10,93.480000,2.905760,0.143722,953
9,4,4384,fpga,cifar10,86.796670,1.132960,0.143722,953
9,4,13714,fpga,cifar10,94.373340,6.678560,0.143722,953
9,4,1459,fpga,cifar10,94.296670,5.936160,0.143722,953
9,4,6330,fpga,cifar10,94.006670,4.163360,0.143722,953
9,4,13611,fpga,cifar10,92.490000,2.390560,0.143722,953
9,5,3887,pixel3,cifar10,90.640000,3.108160,0.161571,950
9,5,7001,pixel3,cifar10,10.000000,0.003277,0.161571,950
9,5,1425,pixel3,cifar10,93.933334,12.536500,0.161571,950
9,5,1962,pixel3,cifar10,86.530000,1.061010,0.161571,950
9,5,11972,pixel3,cifar10,91.510000,5.627010,0.161571,950
9,5,97,pixel3,cifar10,88.730000,1.602870,0.161571,950
9,5,3385,pixel3,cifar10,93.990000,13.656500,0.161571,950
9,5,8606,pixel3,cifar10,93.655000,11.221700,0.161571,950
9,5,12970,pixel3,cifar10,90.970000,4.723840,0.161571,950
9,5,9240,pixel3,cifar10,90.860000,3.948650,0.161571,950
9,5,6111,pixel3,cifar10,94.373340,23.584800,0.161571,950
9,5,13171,pixel3,cifar10,93.530000,7.717220,0.161571,950
9,5,3731,pixel3,cifar10,94.343330,23.361300,0.161571,950
9,5,1943,pixel3,cifar10,93.116670,6.492030,0.161571,950
9,5,5915,pixel3,cifar10,86.846664,1.472530,0.161571,950
9,5,11692,pixel3,cifar10,94.130000,15.490100,0.161571,950
9,5,8965,pixel3,cifar10,89.536670,1.897570,0.161571,950
9,5,6985,pixel3,cifar10,89.940000,2.367450,0.161571,950
9,5,5111,pixel3,cifar10,94.306660,17.584600,0.161571,950
9,5,2924,pixel3,cifar10,91.890000,6.401870,0.161571,950
9,6,4328,raspi4,cifar10,88.683334,4.816095,0.141315,962
9,6,1962,raspi4,cifar10,86.530000,2.529453,0.141315,962
9,6,970,raspi4,cifar10,86.770000,2.840833,0.141315,962
9,6,10154,raspi4,cifar10,94.090000,41.856940,0.141315,962
9,6,4332,raspi4,cifar10,91.853330,16.863573,0.141315,962
9,6,11972,raspi4,cifar10,91.510000,12.403558,0.141315,962
9,6,9240,raspi4,cifar10,90.860000,9.774760,0.141315,962
9,6,11810,raspi4,cifar10,92.780000,18.619905,0.141315,962
9,6,9051,raspi4,cifar10,10.000000,0.011330,0.141315,962
9,6,4432,raspi4,cifar10,90.700000,7.290926,0.141315,962
9,6,5780,raspi4,cifar10,93.980000,34.928463,0.141315,962
9,6,15303,raspi4,cifar10,93.305000,24.511858,0.141315,962
9,6,14253,raspi4,cifar10,93.485000,29.816393,0.141315,962
9,6,6111,raspi4,cifar10,94.373340,68.404106,0.141315,962
9,6,3731,raspi4,cifar10,94.343330,58.070793,0.141315,962
9,6,8426,raspi4,cifar10,93.840000,31.394428,0.141315,962
9,6,8695,raspi4,cifar10,94.220000,45.759613,0.141315,962
9,6,1781,raspi4,cifar10,89.883330,5.961801,0.141315,962
9,6,2058,raspi4,cifar10,93.270000,19.484835,0.141315,962
9,6,8915,raspi4,cifar10,88.773330,4.896714,0.141315,962
9,7,9586,edgegpu,cifar100,72.400000,5.387192,0.161165,950
9,7,9930,edgegpu,cifar100,73.513336,6.803060,0.161165,950
9,7,2778,edgegpu,cifar100,72.993330,6.134028,0.161165,950
9,7,12238,edgegpu,cifar100,67.240000,1.772847,0.161165,950
9,7,11465,edgegpu,cifar100,71.160000,4.351864,0.161165,950
9,7,9922,edgegpu,cifar100,58.560000,1.428552,0.161165,950
9,7,8401,edgegpu,cifar100,71.080000,3.302102,0.161165,950
9,7,6372,edgegpu,cifar100,67.686670,1.780295,0.161165,950
9,7,9037,edgegpu,cifar100,67.920000,3.290758,0.161165,950
9,7,3888,edgegpu,cifar100,73.260000,6.797867,0.161165,950
9,7,15224,edgegpu,cifar100,67.900000,2.829962,0.161165,950
9,7,1509,edgegpu,cifar100,1.000000,0.505853,0.161165,950
9,7,4609,edgegpu,cifar100,66.520000,1.758838,0.161165,950
9,7,8912,edgegpu,cifar100,59.200000,1.441355,0.161165,950
9,7,4954,edgegpu,cifar100,73.000000,6.669736,0.161165,950
9,7,14174,edgegpu,cifar100,72.646670,5.395265,0.161165,950
9,7,14527,edgegpu,cifar100,58.590000,1.440539,0.161165,950
9,7,12415,edgegpu,cifar100,71.940000,4.828467,0.161165,950
9,7,3540,edgegpu,cifar100,71.500000,4.730291,0.161165,950
9,8,5244,edgetpu,cifar100,69.760000,0.636723,0.161827,950
9,8,3811,edgetpu,cifar100,69.360000,0.634206,0.161827,950
9,8,777,edgetpu,cifar100,58.650000,0.355588,0.161827,950
9,8,6974,edgetpu,cifar100,61.880000,0.392555,0.161827,950
9,8,9930,edgetpu,cifar100,73.513336,1.454107,0.161827,950
9,8,8912,edgetpu,cifar100,59.200000,0.377698,0.161827,950
9,8,8401,edgetpu,cifar100,71.080000,0.728572,0.161827,950
9,8,15224,edgetpu,cifar100,67.900000,0.491482,0.161827,950
9,8,1317,edgetpu,cifar100,72.566666,1.023844,0.161827,950
9,8,2581,edgetpu,cifar100,73.166664,1.354564,0.161827,950
9,8,7174,edgetpu,cifar100,62.600000,0.398893,0.161827,950
9,8,4418,edgetpu,cifar100,72.746666,1.093699,0.161827,950
9,8,10000,edgetpu,cifar100,73.160000,1.283461,0.161827,950
9,8,857,edgetpu,cifar100,72.880000,1.264168,0.161827,950
9,8,12415,edgetpu,cifar100,71.940000,0.872299,0.161827,950
9,8,9541,edgetpu,cifar100,67.660000,0.486829,0.161827,950
9,8,1425,edgetpu,cifar100,72.093330,0.910660,0.161827,950
9,8,3540,edgetpu,cifar100,71.500000,0.770234,0.161827,950
9,8,699,edgetpu,cifar100,72.240000,0.940479,0.161827,950
9,8,8649,edgetpu,cifar100,70.690000,0.727284,0.161827,950
9,9,898,eyeriss,cifar100,70.000000,3.402880,0.145250,950
9,9,12574,eyeriss,cifar100,72.740000,5.123200,0.145250,950
9,9,6787,eyeriss,cifar100,70.720000,3.648640,0.145250,950
9,9,3888,eyeriss,cifar100,73.260000,6.597760,0.145250,950
9,9,14112,eyeriss,cifar100,68.386665,2.911360,0.145250,950
9,9,12761,eyeriss,cifar100,72.860000,6.352000,0.145250,950
9,9,375,eyeriss,cifar100,64.440000,1.928320,0.145250,950
9,9,11301,eyeriss,cifar100,68.220000,2.665600,0.145250,950
9,9,5084,eyeriss,cifar100,58.813330,1.682560,0.145250,950
9,9,3540,eyeriss,cifar100,71.500000,4.877440,0.145250,950
9,9,12820,eyeriss,cifar100,67.720000,2.419840,0.145250,950
9,9,6925,eyeriss,cifar100,71.220000,3.894400,0.145250,950
9,9,10689,eyeriss,cifar100,67.500000,2.174080,0.145250,950
9,10,3888,fpga,cifar100,73.260000,5.936160,0.101566,956
9,10,6830,fpga,cifar100,71.460000,4.057760,0.101566,956
9,10,6787,fpga,cifar100,70.720000,3.420960,0.101566,956
9,10,11979,fpga,cifar100,68.000000,2.800160,0.101566,956
9,10,4659,fpga,cifar100,70.060000,2.905760,0.101566,956
9,10,6925,fpga,cifar100,71.220000,3.936160,0.101566,956
9,10,37,fpga,cifar100,64.933334,2.057760,0.101566,956
9,10,15000,fpga,cifar100,67.510000,2.390560,0.101566,956
9,10,2191,fpga,cifar100,58.386665,1.132960,0.101566,956
9,10,5651,fpga,cifar100,64.690000,1.648160,0.101566,956
9,10,9930,fpga,cifar100,73.513336,7.420960,0.101566,956
9,10,11472,fpga,cifar100,70.860000,3.648160,0.101566,956
9,10,12574,fpga,cifar100,72.740000,4.678560,0.101566,956
9,10,8323,fpga,cifar100,67.080000,2.163360,0.101566,956
9,10,12761,fpga,cifar100,72.860000,5.420960,0.101566,956
9,11,14914,pixel3,cifar100,67.273330,4.945330,0.130664,952
9,11,5019,pixel3,cifar100,58.880000,1.483640,0.130664,952
9,11,10313,pixel3,cifar100,67.820000,6.581660,0.130664,952
9,11,12915,pixel3,cifar100,66.950000,3.129190,0.130664,952
9,11,906,pixel3,cifar100,62.393333,1.661810,0.130664,952
9,11,1459,pixel3,cifar100,73.140000,23.437900,0.130664,952
9,11,8413,pixel3,cifar100,70.880000,14.693200,0.130664,952
9,11,9569,pixel3,cifar100,64.360000,2.608240,0.130664,952
9,11,9930,pixel3,cifar100,73.513336,42.003600,0.130664,952
9,11,12574,pixel3,cifar100,72.740000,16.473900,0.130664,952
9,11,3888,pixel3,cifar100,73.260000,23.477200,0.130664,952
9,11,69,pixel3,cifar100,71.020000,14.711800,0.130664,952
9,11,9271,pixel3,cifar100,63.400000,2.201440,0.130664,952
9,11,6337,pixel3,cifar100,1.000000,0.008753,0.130664,952
9,11,9543,pixel3,cifar100,69.980000,9.923330,0.130664,952
9,11,577,pixel3,cifar100,69.680000,8.944490,0.130664,952
9,11,1939,pixel3,cifar100,70.760000,10.895600,0.130664,952
9,11,733,pixel3,cifar100,69.430000,6.796300,0.130664,952
9,11,777,pixel3,cifar100,58.650000,1.087020,0.130664,952
9,11,14443,pixel3,cifar100,71.740000,16.453000,0.130664,952
9,12,7556,raspi4,cifar100,71.526665,36.461315,0.140599,951
9,12,12915,raspi4,cifar100,66.950000,7.226311,0.140599,951
9,12,13434,raspi4,cifar100,62.106667,4.807464,0.140599,951
9,12,12424,raspi4,cifar100,69.980000,22.443160,0.140599,951
9,12,9895,raspi4,cifar100,69.400000,19.211880,0.140599,951
9,12,2222,raspi4,cifar100,58.313330,2.538255,0.140599,951
9,12,1943,raspi4,cifar100,69.626660,21.212284,0.140599,951
9,12,9930,raspi4,cifar100,73.513336,71.152000,0.140599,951
9,12,12761,raspi4,cifar100,72.860000,53.718200,0.140599,951
9,12,8413,raspi4,cifar100,70.880000,34.667103,0.140599,951
9,12,15589,raspi4,cifar100,59.060000,2.795078,0.140599,951
9,12,1425,raspi4,cifar100,72.093330,39.608680,0.140599,951
9,12,8740,raspi4,cifar100,1.000000,0.015215,0.140599,951
9,12,14253,raspi4,cifar100,70.860000,25.077555,0.140599,951
9,12,5111,raspi4,cifar100,72.373340,44.227980,0.140599,951
9,12,12970,raspi4,cifar100,68.140000,16.583117,0.140599,951
9,12,7551,raspi4,cifar100,67.286670,14.059243,0.140599,951
9,12,3888,raspi4,cifar100,73.260000,55.029520,0.140599,951
9,12,10042,raspi4,cifar100,64.880000,5.100886,0.140599,951
9,12,4321,raspi4,cifar100,62.500000,4.859454,0.140599,951
9,13,212,edgegpu,ImageNet16-120,44.777780,4.505982,0.105973,951
9,13,9997,edgegpu,ImageNet16-120,43.966667,3.355384,0.105973,951
9,13,12415,edgegpu,ImageNet16-120,46.566666,4.667692,0.105973,951
9,13,10699,edgegpu,ImageNet16-120,46.833332,6.223283,0.105973,951
9,13,15376,edgegpu,ImageNet16-120,0.833333,0.533953,0.105973,951
9,13,8355,edgegpu,ImageNet16-120,39.666668,1.810203,0.105973,951
9,13,8401,edgegpu,ImageNet16-120,43.833332,3.322444,0.105973,951
9,13,8426,edgegpu,ImageNet16-120,44.633335,3.370147,0.105973,951
9,13,454,edgegpu,ImageNet16-120,41.277780,3.303313,0.105973,951
9,13,8687,edgegpu,ImageNet16-120,28.888890,1.470962,0.105973,951
9,13,5374,edgegpu,ImageNet16-120,46.766666,5.294285,0.105973,951
9,13,3965,edgegpu,ImageNet16-120,39.722220,2.420974,0.105973,951
9,13,12062,edgegpu,ImageNet16-120,39.900000,2.519493,0.105973,951
9,13,15288,edgegpu,ImageNet16-120,28.422222,1.417041,0.105973,951
9,13,12686,edgegpu,ImageNet16-120,39.733334,2.492566,0.105973,951
9,13,13411,edgegpu,ImageNet16-120,31.855556,1.736240,0.105973,951
9,13,8230,edgegpu,ImageNet16-120,39.944443,2.585306,0.105973,951
9,13,12854,edgegpu,ImageNet16-120,44.700000,4.222531,0.105973,951
9,13,12505,edgegpu,ImageNet16-120,39.283333,1.750417,0.105973,951
9,13,13760,edgegpu,ImageNet16-120,32.333332,1.739759,0.105973,951
9,14,14527,edgetpu,ImageNet16-120,28.133333,0.358865,0.154811,951
9,14,7174,edgetpu,ImageNet16-120,33.116665,0.391775,0.154811,951
9,14,2136,edgetpu,ImageNet16-120,42.166668,0.549614,0.154811,951
9,14,9586,edgetpu,ImageNet16-120,46.933334,0.981196,0.154811,951
9,14,10699,edgetpu,ImageNet16-120,46.833332,0.858130,0.154811,951
9,14,5374,edgetpu,ImageNet16-120,46.766666,0.843987,0.154811,951
9,14,12415,edgetpu,ImageNet16-120,46.566666,0.710906,0.154811,951
9,14,8884,edgetpu,ImageNet16-120,45.033333,0.615792,0.154811,951
9,14,7357,edgetpu,ImageNet16-120,44.666668,0.600498,0.154811,951
9,14,14370,edgetpu,ImageNet16-120,39.577778,0.444421,0.154811,951
9,14,13931,edgetpu,ImageNet16-120,28.788889,0.360349,0.154811,951
9,14,10332,edgetpu,ImageNet16-120,40.033333,0.516152,0.154811,951
9,14,1172,edgetpu,ImageNet16-120,39.933334,0.515935,0.154811,951
9,14,4195,edgetpu,ImageNet16-120,32.166668,0.364007,0.154811,951
9,14,857,edgetpu,ImageNet16-120,47.311110,0.997730,0.154811,951
9,14,3540,edgetpu,ImageNet16-120,45.122223,0.648670,0.154811,951
9,14,12376,edgetpu,ImageNet16-120,32.266666,0.390917,0.154811,951
9,14,8008,edgetpu,ImageNet16-120,43.500000,0.552480,0.154811,951
9,14,12238,edgetpu,ImageNet16-120,38.733334,0.428499,0.154811,951
9,14,2648,edgetpu,ImageNet16-120,42.533333,0.551542,0.154811,951
9,15,680,eyeriss,ImageNet16-120,44.866665,1.037440,0.118267,955
9,15,8008,eyeriss,ImageNet16-120,43.500000,0.853120,0.118267,955
9,15,4829,eyeriss,ImageNet16-120,34.200000,0.484480,0.118267,955
9,15,3982,eyeriss,ImageNet16-120,45.333332,1.221760,0.118267,955
9,15,6787,eyeriss,ImageNet16-120,44.400000,0.914560,0.118267,955
9,15,10699,eyeriss,ImageNet16-120,46.833332,1.590400,0.118267,955
9,15,12415,eyeriss,ImageNet16-120,46.566666,1.528960,0.118267,955
9,15,8323,eyeriss,ImageNet16-120,38.033333,0.545920,0.118267,955
9,15,7551,eyeriss,ImageNet16-120,38.477780,0.607360,0.118267,955
9,15,4618,eyeriss,ImageNet16-120,28.544445,0.423040,0.118267,955
9,15,7252,eyeriss,ImageNet16-120,44.666668,0.976000,0.118267,955
9,15,9586,eyeriss,ImageNet16-120,46.933334,1.897600,0.118267,955
9,15,10154,eyeriss,ImageNet16-120,46.133335,1.283200,0.118267,955
9,15,6519,eyeriss,ImageNet16-120,40.183334,0.791680,0.118267,955
9,16,8736,fpga,ImageNet16-120,45.700000,1.411200,0.178869,957
9,16,4829,fpga,ImageNet16-120,34.200000,0.415520,0.178869,957
9,16,10146,fpga,ImageNet16-120,28.366667,0.284320,0.178869,957
9,16,1939,fpga,ImageNet16-120,45.077778,1.062400,0.178869,957
9,16,6787,fpga,ImageNet16-120,44.400000,0.969600,0.178869,957
9,16,10017,fpga,ImageNet16-120,40.566666,0.784000,0.178869,957
9,16,8008,fpga,ImageNet16-120,43.500000,0.876800,0.178869,957
9,16,2835,fpga,ImageNet16-120,38.222220,0.546720,0.178869,957
9,16,14346,fpga,ImageNet16-120,34.644444,0.517920,0.178869,957
9,16,7187,fpga,ImageNet16-120,28.683332,0.386720,0.178869,957
9,16,15383,fpga,ImageNet16-120,47.033333,1.504000,0.178869,957
9,16,6854,fpga,ImageNet16-120,40.800000,0.809120,0.178869,957
9,16,6868,fpga,ImageNet16-120,39.000000,0.649120,0.178869,957
9,16,14748,fpga,ImageNet16-120,44.900000,0.995200,0.178869,957
9,17,12857,pixel3,ImageNet16-120,37.700000,0.864750,0.184056,969
9,17,7401,pixel3,ImageNet16-120,28.866667,0.505777,0.184056,969
9,17,2904,pixel3,ImageNet16-120,42.744446,2.473160,0.184056,969
9,17,3650,pixel3,ImageNet16-120,43.866665,2.716840,0.184056,969
9,17,3496,pixel3,ImageNet16-120,34.233334,0.670584,0.184056,969
9,17,1595,pixel3,ImageNet16-120,32.255554,0.618134,0.184056,969
9,17,1860,pixel3,ImageNet16-120,28.433332,0.422587,0.184056,969
9,17,5111,pixel3,ImageNet16-120,46.588890,5.571030,0.184056,969
9,17,1941,pixel3,ImageNet16-120,44.988888,3.431960,0.184056,969
9,17,11000,pixel3,ImageNet16-120,44.866665,2.962520,0.184056,969
9,17,12574,pixel3,ImageNet16-120,45.466667,4.611000,0.184056,969
9,17,13778,pixel3,ImageNet16-120,46.277780,5.556790,0.184056,969
9,17,5374,pixel3,ImageNet16-120,46.766666,6.317500,0.184056,969
9,17,10835,pixel3,ImageNet16-120,45.233334,4.367520,0.184056,969
9,17,7551,pixel3,ImageNet16-120,38.477780,1.266510,0.184056,969
9,17,11272,pixel3,ImageNet16-120,40.333332,2.084870,0.184056,969
9,17,13756,pixel3,ImageNet16-120,0.833333,0.005289,0.184056,969
9,17,2058,pixel3,ImageNet16-120,42.522220,2.472210,0.184056,969
9,17,12578,pixel3,ImageNet16-120,39.100000,1.508560,0.184056,969
9,17,10154,pixel3,ImageNet16-120,46.133335,4.783700,0.184056,969
9,18,12297,raspi4,ImageNet16-120,31.833334,1.531425,0.177575,950
9,18,12123,raspi4,ImageNet16-120,45.466667,7.134879,0.177575,950
9,18,10699,raspi4,ImageNet16-120,46.833332,9.167005,0.177575,950
9,18,11584,raspi4,ImageNet16-120,46.666668,8.014434,0.177575,950
9,18,9496,raspi4,ImageNet16-120,38.200000,2.204048,0.177575,950
9,18,15363,raspi4,ImageNet16-120,44.333332,4.480516,0.177575,950
9,18,8008,raspi4,ImageNet16-120,43.500000,3.819445,0.177575,950
9,18,8884,raspi4,ImageNet16-120,45.033333,5.293177,0.177575,950
9,18,12421,raspi4,ImageNet16-120,45.166668,6.699855,0.177575,950
9,18,6519,raspi4,ImageNet16-120,40.183334,3.212652,0.177575,950
9,18,3431,raspi4,ImageNet16-120,32.966667,1.536690,0.177575,950
9,18,12504,raspi4,ImageNet16-120,38.783333,3.089147,0.177575,950
9,18,219,raspi4,ImageNet16-120,42.500000,3.768475,0.177575,950
9,18,2018,raspi4,ImageNet16-120,46.433334,7.482383,0.177575,950
9,18,14443,raspi4,ImageNet16-120,45.177776,7.016182,0.177575,950
9,18,6960,raspi4,ImageNet16-120,39.566666,3.141007,0.177575,950
9,18,933,raspi4,ImageNet16-120,0.833333,0.011514,0.177575,950
9,18,3496,raspi4,ImageNet16-120,34.233334,1.598666,0.177575,950
9,18,7187,raspi4,ImageNet16-120,28.683332,0.952790,0.177575,950
10,1,5780,edgegpu,cifar10,93.980000,3.361888,0.110722,970
10,1,1099,edgegpu,cifar10,92.240000,1.774683,0.110722,970
10,1,10484,edgegpu,cifar10,93.810000,3.354015,0.110722,970
10,1,1339,edgegpu,cifar10,92.136665,1.751881,0.110722,970
10,1,11810,edgegpu,cifar10,92.780000,1.992798,0.110722,970
10,1,6499,edgegpu,cifar10,93.645000,3.331041,0.110722,970
10,1,14527,edgegpu,cifar10,86.765000,1.439619,0.110722,970
10,1,2053,edgegpu,cifar10,94.206665,5.482254,0.110722,970
10,1,5292,edgegpu,cifar10,94.293335,6.663151,0.110722,970
10,1,15200,edgegpu,cifar10,10.000000,0.501385,0.110722,970
10,1,1038,edgegpu,cifar10,92.276665,1.828198,0.110722,970
10,1,9099,edgegpu,cifar10,93.940000,3.357520,0.110722,970
10,1,6330,edgegpu,cifar10,94.006670,4.384699,0.110722,970
10,1,14407,edgegpu,cifar10,86.770000,1.440282,0.110722,970
10,1,655,edgegpu,cifar10,94.080000,5.315537,0.110722,970
10,1,13401,edgegpu,cifar10,87.010000,1.457009,0.110722,970
10,1,1601,edgegpu,cifar10,86.336670,1.433892,0.110722,970
10,1,13714,edgegpu,cifar10,94.373340,6.772180,0.110722,970
10,1,1459,edgegpu,cifar10,94.296670,6.748991,0.110722,970
10,2,8192,edgetpu,cifar10,93.093330,0.627745,0.207596,950
10,2,6918,edgetpu,cifar10,87.000000,0.375819,0.207596,950
10,2,970,edgetpu,cifar10,86.770000,0.371488,0.207596,950
10,2,3731,edgetpu,cifar10,94.343330,1.282820,0.207596,950
10,2,5780,edgetpu,cifar10,93.980000,0.723967,0.207596,950
10,2,7220,edgetpu,cifar10,88.660000,0.389490,0.207596,950
10,2,13714,edgetpu,cifar10,94.373340,1.377865,0.207596,950
10,2,2053,edgetpu,cifar10,94.206665,1.042178,0.207596,950
10,2,6382,edgetpu,cifar10,93.376660,0.628638,0.207596,950
10,2,5111,edgetpu,cifar10,94.306660,1.152010,0.207596,950
10,2,1595,edgetpu,cifar10,88.963330,0.389815,0.207596,950
10,2,11692,edgetpu,cifar10,94.130000,0.761100,0.207596,950
10,2,11438,edgetpu,cifar10,92.500000,0.482393,0.207596,950
10,2,4675,edgetpu,cifar10,89.200000,0.395661,0.207596,950
10,2,1996,edgetpu,cifar10,92.000000,0.481224,0.207596,950
10,2,3955,edgetpu,cifar10,88.863335,0.389665,0.207596,950
10,2,2485,edgetpu,cifar10,86.700000,0.346546,0.207596,950
10,2,3927,edgetpu,cifar10,93.626660,0.723268,0.207596,950
10,2,8375,edgetpu,cifar10,92.030000,0.481739,0.207596,950
10,2,7636,edgetpu,cifar10,92.270000,0.481888,0.207596,950
10,3,3487,eyeriss,cifar10,93.293335,3.399860,0.102617,951
10,3,7407,eyeriss,cifar10,93.510000,3.645620,0.102617,951
10,3,14146,eyeriss,cifar10,86.620000,1.679540,0.102617,951
10,3,13714,eyeriss,cifar10,94.373340,7.823540,0.102617,951
10,3,5991,eyeriss,cifar10,92.186670,3.154100,0.102617,951
10,3,6584,eyeriss,cifar10,94.160000,4.874420,0.102617,951
10,3,14112,eyeriss,cifar10,91.296670,2.908340,0.102617,951
10,3,12438,eyeriss,cifar10,89.875000,1.925300,0.102617,951
10,3,8592,eyeriss,cifar10,93.750000,3.891380,0.102617,951
10,3,5111,eyeriss,cifar10,94.306660,5.365940,0.102617,951
10,3,3731,eyeriss,cifar10,94.343330,6.594740,0.102617,951
10,3,13096,eyeriss,cifar10,90.700000,2.171060,0.102617,951
10,3,13175,eyeriss,cifar10,90.840000,2.416820,0.102617,951
10,3,11376,eyeriss,cifar10,93.510000,3.645620,0.102617,951
10,4,7407,fpga,cifar10,93.510000,3.420960,0.174955,981
10,4,5939,fpga,cifar10,86.546670,1.132960,0.174955,981
10,4,250,fpga,cifar10,93.743330,3.648160,0.174955,981
10,4,3487,fpga,cifar10,93.293335,2.905760,0.174955,981
10,4,12002,fpga,cifar10,93.510000,3.420960,0.174955,981
10,4,8720,fpga,cifar10,89.875000,1.648160,0.174955,981
10,4,7685,fpga,cifar10,90.430000,2.163360,0.174955,981
10,4,55,fpga,cifar10,86.756670,1.542560,0.174955,981
10,4,11713,fpga,cifar10,92.153336,2.390560,0.174955,981
10,4,11376,fpga,cifar10,93.510000,3.420960,0.174955,981
10,4,4438,fpga,cifar10,92.270000,2.800160,0.174955,981
10,4,15383,fpga,cifar10,93.890000,4.678560,0.174955,981
10,4,3255,fpga,cifar10,93.866670,4.163360,0.174955,981
10,4,6016,fpga,cifar10,93.916664,4.905760,0.174955,981
10,4,13714,fpga,cifar10,94.373340,6.678560,0.174955,981
10,4,1459,fpga,cifar10,94.296670,5.936160,0.174955,981
10,4,2053,fpga,cifar10,94.206665,5.420960,0.174955,981
10,5,5111,pixel3,cifar10,94.306660,17.584600,0.132995,950
10,5,1941,pixel3,cifar10,93.533330,9.128690,0.132995,950
10,5,3731,pixel3,cifar10,94.343330,23.361300,0.132995,950
10,5,1852,pixel3,cifar10,10.000000,0.003285,0.132995,950
10,5,5224,pixel3,cifar10,88.980000,1.570360,0.132995,950
10,5,6111,pixel3,cifar10,94.373340,23.584800,0.132995,950
10,5,1424,pixel3,cifar10,92.206665,6.664240,0.132995,950
10,5,3385,pixel3,cifar10,93.990000,13.656500,0.132995,950
10,5,70,pixel3,cifar10,91.983330,5.810430,0.132995,950
10,5,8649,pixel3,cifar10,93.785000,12.720300,0.132995,950
10,5,6382,pixel3,cifar10,93.376660,7.048190,0.132995,950
10,5,7197,pixel3,cifar10,90.366670,2.447670,0.132995,950
10,5,5132,pixel3,cifar10,89.433334,2.169840,0.132995,950
10,5,8592,pixel3,cifar10,93.750000,10.769800,0.132995,950
10,5,2013,pixel3,cifar10,93.796670,13.412500,0.132995,950
10,5,6918,pixel3,cifar10,87.000000,1.478790,0.132995,950
10,5,1497,pixel3,cifar10,86.556660,1.056630,0.132995,950
10,5,11000,pixel3,cifar10,93.560000,10.109500,0.132995,950
10,5,11692,pixel3,cifar10,94.130000,15.490100,0.132995,950
10,5,4432,pixel3,cifar10,90.700000,2.826310,0.132995,950
10,6,11692,raspi4,cifar10,94.130000,37.583630,0.183992,962
10,6,11472,raspi4,cifar10,93.970000,34.958935,0.183992,962
10,6,11605,raspi4,cifar10,10.000000,0.011378,0.183992,962
10,6,2058,raspi4,cifar10,93.270000,19.484835,0.183992,962
10,6,8008,raspi4,cifar10,93.480000,22.571420,0.183992,962
10,6,1690,raspi4,cifar10,86.646670,2.536549,0.183992,962
10,6,13611,raspi4,cifar10,92.490000,18.523302,0.183992,962
10,6,7174,raspi4,cifar10,88.870000,4.784453,0.183992,962
10,6,5111,raspi4,cifar10,94.306660,41.756905,0.183992,962
10,6,6382,raspi4,cifar10,93.376660,21.461164,0.183992,962
10,6,9240,raspi4,cifar10,90.860000,9.774760,0.183992,962
10,6,4432,raspi4,cifar10,90.700000,7.290926,0.183992,962
10,6,1781,raspi4,cifar10,89.883330,5.961801,0.183992,962
10,6,3731,raspi4,cifar10,94.343330,58.070793,0.183992,962
10,6,6918,raspi4,cifar10,87.000000,2.787590,0.183992,962
10,6,8426,raspi4,cifar10,93.840000,31.394428,0.183992,962
10,6,12639,raspi4,cifar10,90.990000,11.857850,0.183992,962
10,6,7058,raspi4,cifar10,92.040000,16.469465,0.183992,962
10,6,8592,raspi4,cifar10,93.750000,25.477009,0.183992,962
10,6,6111,raspi4,cifar10,94.373340,68.404106,0.183992,962
10,7,4954,edgegpu,cifar100,73.000000,6.669736,0.131417,950
10,7,9930,edgegpu,cifar100,73.513336,6.803060,0.131417,950
10,7,9997,edgegpu,cifar100,71.520000,3.466139,0.131417,950
10,7,5477,edgegpu,cifar100,67.426670,1.789546,0.131417,950
10,7,2778,edgegpu,cifar100,72.993330,6.134028,0.131417,950
10,7,12415,edgegpu,cifar100,71.940000,4.828467,0.131417,950
10,7,9922,edgegpu,cifar100,58.560000,1.428552,0.131417,950
10,7,2588,edgegpu,cifar100,1.000000,0.509501,0.131417,950
10,7,5019,edgegpu,cifar100,58.880000,1.488929,0.131417,950
10,7,4418,edgegpu,cifar100,72.746666,5.352364,0.131417,950
10,7,7760,edgegpu,cifar100,67.800000,1.798687,0.131417,950
10,7,6470,edgegpu,cifar100,67.120000,1.786151,0.131417,950
10,7,8401,edgegpu,cifar100,71.080000,3.302102,0.131417,950
10,7,2304,edgegpu,cifar100,58.660000,1.440253,0.131417,950
10,7,10222,edgegpu,cifar100,58.860000,1.449347,0.131417,950
10,7,14415,edgegpu,cifar100,66.893330,1.782107,0.131417,950
10,7,15589,edgegpu,cifar100,59.060000,1.502299,0.131417,950
10,7,6381,edgegpu,cifar100,66.800000,1.753340,0.131417,950
10,8,2431,edgetpu,cifar100,62.653330,0.402724,0.138559,957
10,8,3303,edgetpu,cifar100,62.420000,0.392593,0.138559,957
10,8,11973,edgetpu,cifar100,70.340000,0.641728,0.138559,957
10,8,8401,edgetpu,cifar100,71.080000,0.728572,0.138559,957
10,8,1973,edgetpu,cifar100,67.453330,0.488234,0.138559,957
10,8,9782,edgetpu,cifar100,69.970000,0.639918,0.138559,957
10,8,1317,edgetpu,cifar100,72.566666,1.023844,0.138559,957
10,8,10443,edgetpu,cifar100,68.300000,0.489020,0.138559,957
10,8,3811,edgetpu,cifar100,69.360000,0.634206,0.138559,957
10,8,9997,edgetpu,cifar100,71.520000,0.729986,0.138559,957
10,8,12761,edgetpu,cifar100,72.860000,1.225212,0.138559,957
10,8,10189,edgetpu,cifar100,71.600000,0.918776,0.138559,957
10,8,10750,edgetpu,cifar100,70.540000,0.727712,0.138559,957
10,8,13731,edgetpu,cifar100,66.953330,0.487148,0.138559,957
10,8,8912,edgetpu,cifar100,59.200000,0.377698,0.138559,957
10,8,4237,edgetpu,cifar100,73.073330,1.285767,0.138559,957
10,8,14375,edgetpu,cifar100,71.740000,0.984291,0.138559,957
10,8,3888,edgetpu,cifar100,73.260000,1.316226,0.138559,957
10,8,777,edgetpu,cifar100,58.650000,0.355588,0.138559,957
10,8,15383,edgetpu,cifar100,71.660000,0.940888,0.138559,957
10,9,14714,eyeriss,cifar100,71.280000,4.140160,0.086049,951
10,9,699,eyeriss,cifar100,72.240000,5.123200,0.086049,951
10,9,5651,eyeriss,cifar100,64.690000,1.928320,0.086049,951
10,9,5111,eyeriss,cifar100,72.373340,5.368960,0.086049,951
10,9,12761,eyeriss,cifar100,72.860000,6.352000,0.086049,951
10,9,898,eyeriss,cifar100,70.000000,3.402880,0.086049,951
10,9,9930,eyeriss,cifar100,73.513336,9.055360,0.086049,951
10,9,25,eyeriss,cifar100,58.406666,1.682560,0.086049,951
10,9,7250,eyeriss,cifar100,67.706665,3.157120,0.086049,951
10,9,3888,eyeriss,cifar100,73.260000,6.597760,0.086049,951
10,9,13869,eyeriss,cifar100,70.713330,3.894400,0.086049,951
10,9,10318,eyeriss,cifar100,66.526665,2.174080,0.086049,951
10,9,9371,eyeriss,cifar100,67.200000,2.419840,0.086049,951
10,9,15363,eyeriss,cifar100,70.520000,3.648640,0.086049,951
10,10,9824,fpga,cifar100,67.686670,2.390560,0.114020,951
10,10,5651,fpga,cifar100,64.690000,1.648160,0.114020,951
10,10,12574,fpga,cifar100,72.740000,4.678560,0.114020,951
10,10,11979,fpga,cifar100,68.000000,2.800160,0.114020,951
10,10,8323,fpga,cifar100,67.080000,2.163360,0.114020,951
10,10,11000,fpga,cifar100,71.180000,3.936160,0.114020,951
10,10,69,fpga,cifar100,71.020000,3.648160,0.114020,951
10,10,8008,fpga,cifar100,69.820000,2.905760,0.114020,951
10,10,5084,fpga,cifar100,58.813330,1.132960,0.114020,951
10,10,9930,fpga,cifar100,73.513336,7.420960,0.114020,951
10,10,12761,fpga,cifar100,72.860000,5.420960,0.114020,951
10,10,6111,fpga,cifar100,73.220000,6.678560,0.114020,951
10,10,1459,fpga,cifar100,73.140000,5.936160,0.114020,951
10,10,15363,fpga,cifar100,70.520000,3.420960,0.114020,951
10,10,3540,fpga,cifar100,71.500000,4.163360,0.114020,951
10,11,1425,pixel3,cifar100,72.093330,15.692300,0.184955,953
10,11,1583,pixel3,cifar100,71.326670,12.345800,0.184955,953
10,11,5111,pixel3,cifar100,72.373340,17.609500,0.184955,953
10,11,15162,pixel3,cifar100,1.000000,0.008847,0.184955,953
10,11,1459,pixel3,cifar100,73.140000,23.437900,0.184955,953
10,11,9997,pixel3,cifar100,71.520000,14.777900,0.184955,953
10,11,1527,pixel3,cifar100,70.340000,10.107800,0.184955,953
10,11,2581,pixel3,cifar100,73.166664,34.693600,0.184955,953
10,11,906,pixel3,cifar100,62.393333,1.661810,0.184955,953
10,11,10066,pixel3,cifar100,70.660000,11.229000,0.184955,953
10,11,12970,pixel3,cifar100,68.140000,4.782110,0.184955,953
10,11,857,pixel3,cifar100,72.880000,19.113200,0.184955,953
10,11,6294,pixel3,cifar100,66.973335,3.112950,0.184955,953
10,11,733,pixel3,cifar100,69.430000,6.796300,0.184955,953
10,11,9930,pixel3,cifar100,73.513336,42.003600,0.184955,953
10,11,1497,pixel3,cifar100,58.273335,1.319450,0.184955,953
10,11,10000,pixel3,cifar100,73.160000,24.970900,0.184955,953
10,11,6111,pixel3,cifar100,73.220000,35.197000,0.184955,953
10,11,577,pixel3,cifar100,69.680000,8.944490,0.184955,953
10,11,3687,pixel3,cifar100,64.460000,2.655520,0.184955,953
10,12,14792,raspi4,cifar100,69.500000,19.111843,0.120938,951
10,12,6925,raspi4,cifar100,71.220000,24.195030,0.120938,951
10,12,1572,raspi4,cifar100,69.900000,19.916142,0.120938,951
10,12,8610,raspi4,cifar100,71.300000,37.404710,0.120938,951
10,12,11272,raspi4,cifar100,68.260000,14.764390,0.120938,951
10,12,3888,raspi4,cifar100,73.260000,55.029520,0.120938,951
10,12,8912,raspi4,cifar100,59.200000,2.818969,0.120938,951
10,12,3385,raspi4,cifar100,72.380000,42.309270,0.120938,951
10,12,4409,raspi4,cifar100,67.173330,7.228629,0.120938,951
10,12,8740,raspi4,cifar100,1.000000,0.015215,0.120938,951
10,12,14612,raspi4,cifar100,58.720000,2.563505,0.120938,951
10,12,15383,raspi4,cifar100,71.660000,38.693768,0.120938,951
10,12,898,raspi4,cifar100,70.000000,21.506163,0.120938,951
10,12,12607,raspi4,cifar100,62.600000,4.779045,0.120938,951
10,12,12915,raspi4,cifar100,66.950000,7.226311,0.120938,951
10,12,2018,raspi4,cifar100,72.360000,39.345867,0.120938,951
10,12,9649,raspi4,cifar100,64.540000,5.252811,0.120938,951
10,12,1317,raspi4,cifar100,72.566666,54.353985,0.120938,951
10,12,7551,raspi4,cifar100,67.286670,14.059243,0.120938,951
10,12,6787,raspi4,cifar100,70.720000,23.081835,0.120938,951
10,13,8070,edgegpu,ImageNet16-120,0.833333,0.541792,0.171000,950
10,13,6470,edgegpu,ImageNet16-120,39.388890,1.763845,0.171000,950
10,13,14638,edgegpu,ImageNet16-120,44.266666,3.433437,0.171000,950
10,13,11511,edgegpu,ImageNet16-120,39.944443,2.890215,0.171000,950
10,13,6330,edgegpu,ImageNet16-120,44.377777,4.333835,0.171000,950
10,13,13011,edgegpu,ImageNet16-120,38.366665,1.742325,0.171000,950
10,13,15589,edgegpu,ImageNet16-120,28.288889,1.428628,0.171000,950
10,13,8236,edgegpu,ImageNet16-120,39.233334,1.749978,0.171000,950
10,13,12645,edgegpu,ImageNet16-120,44.366665,3.452802,0.171000,950
10,13,4988,edgegpu,ImageNet16-120,28.933332,1.448212,0.171000,950
10,13,10699,edgegpu,ImageNet16-120,46.833332,6.223283,0.171000,950
10,13,12415,edgegpu,ImageNet16-120,46.566666,4.667692,0.171000,950
10,13,1601,edgegpu,ImageNet16-120,28.600000,1.436777,0.171000,950
10,13,11584,edgegpu,ImageNet16-120,46.666668,5.961576,0.171000,950
10,13,14027,edgegpu,ImageNet16-120,40.266666,3.306937,0.171000,950
10,13,3811,edgegpu,ImageNet16-120,42.400000,3.323875,0.171000,950
10,13,2675,edgegpu,ImageNet16-120,39.522220,2.443442,0.171000,950
10,13,12686,edgegpu,ImageNet16-120,39.733334,2.492566,0.171000,950
10,13,8606,edgegpu,ImageNet16-120,43.683334,3.341632,0.171000,950
10,13,15206,edgegpu,ImageNet16-120,27.866667,1.424794,0.171000,950
10,14,13972,edgetpu,ImageNet16-120,31.933332,0.363440,0.130549,951
10,14,7357,edgetpu,ImageNet16-120,44.666668,0.600498,0.130549,951
10,14,4627,edgetpu,ImageNet16-120,43.500000,0.552306,0.130549,951
10,14,3650,edgetpu,ImageNet16-120,43.866665,0.597881,0.130549,951
10,14,12415,edgetpu,ImageNet16-120,46.566666,0.710906,0.130549,951
10,14,12238,edgetpu,ImageNet16-120,38.733334,0.428499,0.130549,951
10,14,7431,edgetpu,ImageNet16-120,32.577778,0.363954,0.130549,951
10,14,14677,edgetpu,ImageNet16-120,33.233334,0.364575,0.130549,951
10,14,857,edgetpu,ImageNet16-120,47.311110,0.997730,0.130549,951
10,14,6381,edgetpu,ImageNet16-120,39.122223,0.429382,0.130549,951
10,14,13931,edgetpu,ImageNet16-120,28.788889,0.360349,0.130549,951
10,14,7273,edgetpu,ImageNet16-120,42.966667,0.550014,0.130549,951
10,14,14328,edgetpu,ImageNet16-120,39.466667,0.430609,0.130549,951
10,14,3540,edgetpu,ImageNet16-120,45.122223,0.648670,0.130549,951
10,14,8355,edgetpu,ImageNet16-120,39.666668,0.431866,0.130549,951
10,14,7750,edgetpu,ImageNet16-120,43.066666,0.551617,0.130549,951
10,14,5751,edgetpu,ImageNet16-120,40.044445,0.516992,0.130549,951
10,14,6407,edgetpu,ImageNet16-120,32.333332,0.363748,0.130549,951
10,14,10132,edgetpu,ImageNet16-120,26.700000,0.360253,0.130549,951
10,14,15383,edgetpu,ImageNet16-120,47.033333,0.780914,0.130549,951
10,15,2835,eyeriss,ImageNet16-120,38.222220,0.545920,0.116191,950
10,15,8008,eyeriss,ImageNet16-120,43.500000,0.853120,0.116191,950
10,15,857,eyeriss,ImageNet16-120,47.311110,1.651840,0.116191,950
10,15,4988,eyeriss,ImageNet16-120,28.933332,0.423040,0.116191,950
10,15,8853,eyeriss,ImageNet16-120,45.600000,1.037440,0.116191,950
10,15,12639,eyeriss,ImageNet16-120,40.400000,0.668800,0.116191,950
10,15,15383,eyeriss,ImageNet16-120,47.033333,1.283200,0.116191,950
10,15,5487,eyeriss,ImageNet16-120,38.500000,0.607360,0.116191,950
10,15,1939,eyeriss,ImageNet16-120,45.077778,0.976000,0.116191,950
10,15,15363,eyeriss,ImageNet16-120,44.333332,0.914560,0.116191,950
10,15,4829,eyeriss,ImageNet16-120,34.200000,0.484480,0.116191,950
10,16,797,fpga,ImageNet16-120,42.733334,0.876800,0.116788,958
10,16,6519,fpga,ImageNet16-120,40.183334,0.784000,0.116788,958
10,16,6854,fpga,ImageNet16-120,40.800000,0.809120,0.116788,958
10,16,15383,fpga,ImageNet16-120,47.033333,1.504000,0.116788,958
10,16,4988,fpga,ImageNet16-120,28.933332,0.284320,0.116788,958
10,16,14748,fpga,ImageNet16-120,44.900000,0.995200,0.116788,958
10,16,6868,fpga,ImageNet16-120,39.000000,0.649120,0.116788,958
10,16,6787,fpga,ImageNet16-120,44.400000,0.969600,0.116788,958
10,16,5793,fpga,ImageNet16-120,35.033333,0.517920,0.116788,958
10,16,12578,fpga,ImageNet16-120,39.100000,0.780320,0.116788,958
10,16,9805,fpga,ImageNet16-120,34.133335,0.415520,0.116788,958
10,16,2835,fpga,ImageNet16-120,38.222220,0.546720,0.116788,958
10,16,4948,fpga,ImageNet16-120,43.066666,0.902400,0.116788,958
10,16,1939,fpga,ImageNet16-120,45.077778,1.062400,0.116788,958
10,16,857,fpga,ImageNet16-120,47.311110,2.038400,0.116788,958
10,16,3982,fpga,ImageNet16-120,45.333332,1.411200,0.116788,958
10,17,758,pixel3,ImageNet16-120,28.333334,0.422134,0.124691,959
10,17,2050,pixel3,ImageNet16-120,0.833333,0.005526,0.124691,959
10,17,8733,pixel3,ImageNet16-120,46.600000,6.059070,0.124691,959
10,17,872,pixel3,ImageNet16-120,41.777780,2.465030,0.124691,959
10,17,12435,pixel3,ImageNet16-120,37.600000,1.094760,0.124691,959
10,17,5393,pixel3,ImageNet16-120,37.300000,0.863687,0.124691,959
10,17,4977,pixel3,ImageNet16-120,32.966667,0.617991,0.124691,959
10,17,3650,pixel3,ImageNet16-120,43.866665,2.716840,0.124691,959
10,17,12970,pixel3,ImageNet16-120,38.900000,1.318570,0.124691,959
10,17,14112,pixel3,ImageNet16-120,40.733334,1.913100,0.124691,959
10,17,13778,pixel3,ImageNet16-120,46.277780,5.556790,0.124691,959
10,17,9805,pixel3,ImageNet16-120,34.133335,0.791370,0.124691,959
10,17,10835,pixel3,ImageNet16-120,45.233334,4.367520,0.124691,959
10,17,12452,pixel3,ImageNet16-120,40.533333,1.504410,0.124691,959
10,17,5374,pixel3,ImageNet16-120,46.766666,6.317500,0.124691,959
10,17,10154,pixel3,ImageNet16-120,46.133335,4.783700,0.124691,959
10,17,14655,pixel3,ImageNet16-120,44.000000,3.225410,0.124691,959
10,17,13171,pixel3,ImageNet16-120,44.966667,3.269370,0.124691,959
10,17,5111,pixel3,ImageNet16-120,46.588890,5.571030,0.124691,959
10,17,6863,pixel3,ImageNet16-120,28.433332,0.504632,0.124691,959
10,18,9496,raspi4,ImageNet16-120,38.200000,2.204048,0.118086,951
10,18,15383,raspi4,ImageNet16-120,47.033333,8.565354,0.118086,951
10,18,15446,raspi4,ImageNet16-120,45.766666,7.469873,0.118086,951
10,18,8853,raspi4,ImageNet16-120,45.600000,6.961605,0.118086,951
10,18,12387,raspi4,ImageNet16-120,32.466667,1.535795,0.118086,951
10,18,3192,raspi4,ImageNet16-120,45.477780,6.675633,0.118086,951
10,18,2827,raspi4,ImageNet16-120,33.977780,1.595211,0.118086,951
10,18,10950,raspi4,ImageNet16-120,0.833333,0.011545,0.118086,951
10,18,6787,raspi4,ImageNet16-120,44.400000,4.532777,0.118086,951
10,18,4948,raspi4,ImageNet16-120,43.066666,3.826901,0.118086,951
10,18,1873,raspi4,ImageNet16-120,39.844444,3.192907,0.118086,951
10,18,15363,raspi4,ImageNet16-120,44.333332,4.480516,0.118086,951
10,18,8671,raspi4,ImageNet16-120,27.700000,0.959780,0.118086,951
10,18,3776,raspi4,ImageNet16-120,37.133335,2.191733,0.118086,951
10,18,4988,raspi4,ImageNet16-120,28.933332,1.003251,0.118086,951
10,18,8884,raspi4,ImageNet16-120,45.033333,5.293177,0.118086,951
10,18,12639,raspi4,ImageNet16-120,40.400000,3.628959,0.118086,951
10,18,14567,raspi4,ImageNet16-120,41.766666,3.807146,0.118086,951
10,18,7551,raspi4,ImageNet16-120,38.477780,2.950436,0.118086,951
10,18,12967,raspi4,ImageNet16-120,46.333332,7.956877,0.118086,951
11,1,11692,edgegpu,cifar10,94.130000,4.708362,0.133458,955
11,1,5039,edgegpu,cifar10,10.000000,0.539684,0.133458,955
11,1,13401,edgegpu,cifar10,87.010000,1.457009,0.133458,955
11,1,14407,edgegpu,cifar10,86.770000,1.440282,0.133458,955
11,1,12736,edgegpu,cifar10,92.680000,3.348827,0.133458,955
11,1,5780,edgegpu,cifar10,93.980000,3.361888,0.133458,955
11,1,5400,edgegpu,cifar10,86.630000,1.427460,0.133458,955
11,1,70,edgegpu,cifar10,91.983330,1.760149,0.133458,955
11,1,10484,edgegpu,cifar10,93.810000,3.354015,0.133458,955
11,1,14567,edgegpu,cifar10,92.610000,3.314986,0.133458,955
11,1,6960,edgegpu,cifar10,92.280000,1.764450,0.133458,955
11,1,561,edgegpu,cifar10,86.880000,1.451068,0.133458,955
11,1,6330,edgegpu,cifar10,94.006670,4.384699,0.133458,955
11,1,13714,edgegpu,cifar10,94.373340,6.772180,0.133458,955
11,1,2053,edgegpu,cifar10,94.206665,5.482254,0.133458,955
11,1,1459,edgegpu,cifar10,94.296670,6.748991,0.133458,955
11,2,2908,edgetpu,cifar10,92.086670,0.588751,0.285908,952
11,2,3731,edgetpu,cifar10,94.343330,1.282820,0.285908,952
11,2,9824,edgetpu,cifar10,92.080000,0.484683,0.285908,952
11,2,5946,edgetpu,cifar10,88.963330,0.389012,0.285908,952
11,2,5111,edgetpu,cifar10,94.306660,1.152010,0.285908,952
11,2,11692,edgetpu,cifar10,94.130000,0.761100,0.285908,952
11,2,6382,edgetpu,cifar10,93.376660,0.628638,0.285908,952
11,2,1061,edgetpu,cifar10,86.603330,0.363996,0.285908,952
11,2,970,edgetpu,cifar10,86.770000,0.371488,0.285908,952
11,2,8008,edgetpu,cifar10,93.480000,0.629746,0.285908,952
11,2,13389,edgetpu,cifar10,92.240000,0.593415,0.285908,952
11,2,4609,edgetpu,cifar10,91.930000,0.481311,0.285908,952
11,2,5780,edgetpu,cifar10,93.980000,0.723967,0.285908,952
11,2,4675,edgetpu,cifar10,89.200000,0.395661,0.285908,952
11,2,6918,edgetpu,cifar10,87.000000,0.375819,0.285908,952
11,2,2648,edgetpu,cifar10,93.246666,0.628167,0.285908,952
11,2,12439,edgetpu,cifar10,86.393330,0.352159,0.285908,952
11,2,13714,edgetpu,cifar10,94.373340,1.377865,0.285908,952
11,2,2053,edgetpu,cifar10,94.206665,1.042178,0.285908,952
11,2,14612,edgetpu,cifar10,86.496666,0.354984,0.285908,952
11,3,13175,eyeriss,cifar10,90.840000,2.416820,0.079419,952
11,3,11692,eyeriss,cifar10,94.130000,4.874420,0.079419,952
11,3,5111,eyeriss,cifar10,94.306660,5.365940,0.079419,952
11,3,8264,eyeriss,cifar10,89.756670,1.925300,0.079419,952
11,3,12639,eyeriss,cifar10,90.990000,2.662580,0.079419,952
11,3,8592,eyeriss,cifar10,93.750000,3.891380,0.079419,952
11,3,10412,eyeriss,cifar10,93.530000,3.645620,0.079419,952
11,3,3487,eyeriss,cifar10,93.293335,3.399860,0.079419,952
11,3,15000,eyeriss,cifar10,92.400000,3.154100,0.079419,952
11,3,3731,eyeriss,cifar10,94.343330,6.594740,0.079419,952
11,3,9032,eyeriss,cifar10,90.740000,2.171060,0.079419,952
11,3,758,eyeriss,cifar10,86.705000,1.679540,0.079419,952
11,3,6111,eyeriss,cifar10,94.373340,7.823540,0.079419,952
11,3,11472,eyeriss,cifar10,93.970000,4.628660,0.079419,952
11,4,11472,fpga,cifar10,93.970000,3.648160,0.117686,952
11,4,1459,fpga,cifar10,94.296670,5.936160,0.117686,952
11,4,13714,fpga,cifar10,94.373340,6.678560,0.117686,952
11,4,7407,fpga,cifar10,93.510000,3.420960,0.117686,952
11,4,14346,fpga,cifar10,89.986664,2.057760,0.117686,952
11,4,758,fpga,cifar10,86.705000,1.132960,0.117686,952
11,4,15000,fpga,cifar10,92.400000,2.390560,0.117686,952
11,4,11533,fpga,cifar10,93.420000,2.905760,0.117686,952
11,4,8695,fpga,cifar10,94.220000,5.193760,0.117686,952
11,4,6584,fpga,cifar10,94.160000,4.163360,0.117686,952
11,4,12740,fpga,cifar10,89.620000,1.648160,0.117686,952
11,4,6111,fpga,cifar10,94.373340,6.678560,0.117686,952
11,4,13096,fpga,cifar10,90.700000,2.163360,0.117686,952
11,5,12139,pixel3,cifar10,90.660000,3.098500,0.176747,950
11,5,8592,pixel3,cifar10,93.750000,10.769800,0.176747,950
11,5,6111,pixel3,cifar10,94.373340,23.584800,0.176747,950
11,5,7124,pixel3,cifar10,90.835000,3.975450,0.176747,950
11,5,5111,pixel3,cifar10,94.306660,17.584600,0.176747,950
11,5,10627,pixel3,cifar10,90.870000,5.576930,0.176747,950
11,5,5149,pixel3,cifar10,92.090000,5.987440,0.176747,950
11,5,10,pixel3,cifar10,10.000000,0.003401,0.176747,950
11,5,1943,pixel3,cifar10,93.116670,6.492030,0.176747,950
11,5,3731,pixel3,cifar10,94.343330,23.361300,0.176747,950
11,5,275,pixel3,cifar10,86.323330,1.201140,0.176747,950
11,5,11692,pixel3,cifar10,94.130000,15.490100,0.176747,950
11,5,6931,pixel3,cifar10,93.780000,12.729200,0.176747,950
11,5,6382,pixel3,cifar10,93.376660,7.048190,0.176747,950
11,5,13171,pixel3,cifar10,93.530000,7.717220,0.176747,950
11,5,3385,pixel3,cifar10,93.990000,13.656500,0.176747,950
11,5,970,pixel3,cifar10,86.770000,1.474220,0.176747,950
11,5,7207,pixel3,cifar10,89.803340,2.382380,0.176747,950
11,5,1804,pixel3,cifar10,89.063330,1.579900,0.176747,950
11,5,4675,pixel3,cifar10,89.200000,1.881350,0.176747,950
11,6,4207,raspi4,cifar10,90.600000,7.406148,0.140304,956
11,6,4099,raspi4,cifar10,93.820000,34.807827,0.140304,956
11,6,6126,raspi4,cifar10,93.980000,37.342278,0.140304,956
11,6,9980,raspi4,cifar10,10.000000,0.011284,0.140304,956
11,6,6111,raspi4,cifar10,94.373340,68.404106,0.140304,956
11,6,4237,raspi4,cifar10,94.216670,52.082386,0.140304,956
11,6,898,raspi4,cifar10,93.356670,21.520990,0.140304,956
11,6,2053,raspi4,cifar10,94.206665,48.051453,0.140304,956
11,6,1962,raspi4,cifar10,86.530000,2.529453,0.140304,956
11,6,6530,raspi4,cifar10,93.990000,44.466860,0.140304,956
11,6,3731,raspi4,cifar10,94.343330,58.070793,0.140304,956
11,6,6931,raspi4,cifar10,93.780000,33.088142,0.140304,956
11,6,12970,raspi4,cifar10,90.970000,11.904152,0.140304,956
11,6,12385,raspi4,cifar10,91.990000,16.485830,0.140304,956
11,6,11112,raspi4,cifar10,92.110000,19.565718,0.140304,956
11,6,8011,raspi4,cifar10,90.610000,11.711045,0.140304,956
11,6,8592,raspi4,cifar10,93.750000,25.477009,0.140304,956
11,6,6918,raspi4,cifar10,87.000000,2.787590,0.140304,956
11,6,6407,raspi4,cifar10,88.933334,4.906300,0.140304,956
11,6,8008,raspi4,cifar10,93.480000,22.571420,0.140304,956
11,7,8912,edgegpu,cifar100,59.200000,1.441355,0.129568,951
11,7,14677,edgegpu,cifar100,62.420000,1.746187,0.129568,951
11,7,3540,edgegpu,cifar100,71.500000,4.730291,0.129568,951
11,7,1425,edgegpu,cifar100,72.093330,5.310225,0.129568,951
11,7,8401,edgegpu,cifar100,71.080000,3.302102,0.129568,951
11,7,11465,edgegpu,cifar100,71.160000,4.351864,0.129568,951
11,7,9922,edgegpu,cifar100,58.560000,1.428552,0.129568,951
11,7,5674,edgegpu,cifar100,67.850000,1.787043,0.129568,951
11,7,4418,edgegpu,cifar100,72.746666,5.352364,0.129568,951
11,7,14527,edgegpu,cifar100,58.590000,1.440539,0.129568,951
11,7,9930,edgegpu,cifar100,73.513336,6.803060,0.129568,951
11,7,13184,edgegpu,cifar100,1.000000,0.535808,0.129568,951
11,7,11438,edgegpu,cifar100,67.700000,1.778135,0.129568,951
11,7,10443,edgegpu,cifar100,68.300000,1.810923,0.129568,951
11,7,12415,edgegpu,cifar100,71.940000,4.828467,0.129568,951
11,7,4954,edgegpu,cifar100,73.000000,6.669736,0.129568,951
11,7,12238,edgegpu,cifar100,67.240000,1.772847,0.129568,951
11,7,2778,edgegpu,cifar100,72.993330,6.134028,0.129568,951
11,8,8915,edgetpu,cifar100,61.746666,0.392179,0.203727,950
11,8,3888,edgetpu,cifar100,73.260000,1.316226,0.203727,950
11,8,15363,edgetpu,cifar100,70.520000,0.676394,0.203727,950
11,8,699,edgetpu,cifar100,72.240000,0.940479,0.203727,950
11,8,1317,edgetpu,cifar100,72.566666,1.023844,0.203727,950
11,8,12415,edgetpu,cifar100,71.940000,0.872299,0.203727,950
11,8,4418,edgetpu,cifar100,72.746666,1.093699,0.203727,950
11,8,5019,edgetpu,cifar100,58.880000,0.357058,0.203727,950
11,8,14984,edgetpu,cifar100,67.166664,0.487587,0.203727,950
11,8,3540,edgetpu,cifar100,71.500000,0.770234,0.203727,950
11,8,4977,edgetpu,cifar100,63.360000,0.398743,0.203727,950
11,8,3811,edgetpu,cifar100,69.360000,0.634206,0.203727,950
11,8,12761,edgetpu,cifar100,72.860000,1.225212,0.203727,950
11,8,4237,edgetpu,cifar100,73.073330,1.285767,0.203727,950
11,8,11472,edgetpu,cifar100,70.860000,0.730228,0.203727,950
11,8,9930,edgetpu,cifar100,73.513336,1.454107,0.203727,950
11,8,14945,edgetpu,cifar100,58.500000,0.354940,0.203727,950
11,8,4659,edgetpu,cifar100,70.060000,0.636433,0.203727,950
11,8,11810,edgetpu,cifar100,68.300000,0.492126,0.203727,950
11,8,2705,edgetpu,cifar100,62.813330,0.393026,0.203727,950
11,9,6931,eyeriss,cifar100,71.180000,4.877440,0.157075,950
11,9,5084,eyeriss,cifar100,58.813330,1.682560,0.157075,950
11,9,14375,eyeriss,cifar100,71.740000,5.123200,0.157075,950
11,9,3888,eyeriss,cifar100,73.260000,6.597760,0.157075,950
11,9,12761,eyeriss,cifar100,72.860000,6.352000,0.157075,950
11,9,10689,eyeriss,cifar100,67.500000,2.174080,0.157075,950
11,9,3487,eyeriss,cifar100,70.093330,3.402880,0.157075,950
11,9,375,eyeriss,cifar100,64.440000,1.928320,0.157075,950
11,9,3385,eyeriss,cifar100,72.380000,5.368960,0.157075,950
11,9,14253,eyeriss,cifar100,70.860000,3.894400,0.157075,950
11,9,12820,eyeriss,cifar100,67.720000,2.419840,0.157075,950
11,9,6787,eyeriss,cifar100,70.720000,3.648640,0.157075,950
11,9,3192,eyeriss,cifar100,71.133330,4.140160,0.157075,950
11,9,11301,eyeriss,cifar100,68.220000,2.665600,0.157075,950
11,9,14112,eyeriss,cifar100,68.386665,2.911360,0.157075,950
11,10,12761,fpga,cifar100,72.860000,5.420960,0.078289,951
11,10,11878,fpga,cifar100,65.060000,2.057760,0.078289,951
11,10,14698,fpga,cifar100,67.700000,2.800160,0.078289,951
11,10,12574,fpga,cifar100,72.740000,4.678560,0.078289,951
11,10,12295,fpga,cifar100,71.160000,3.648160,0.078289,951
11,10,3888,fpga,cifar100,73.260000,5.936160,0.078289,951
11,10,6830,fpga,cifar100,71.460000,4.057760,0.078289,951
11,10,5084,fpga,cifar100,58.813330,1.132960,0.078289,951
11,10,10689,fpga,cifar100,67.500000,2.163360,0.078289,951
11,10,898,fpga,cifar100,70.000000,2.905760,0.078289,951
11,10,9824,fpga,cifar100,67.686670,2.390560,0.078289,951
11,10,6787,fpga,cifar100,70.720000,3.420960,0.078289,951
11,10,3687,fpga,cifar100,64.460000,1.648160,0.078289,951
11,10,6925,fpga,cifar100,71.220000,3.936160,0.078289,951
11,11,9997,pixel3,cifar100,71.520000,14.777900,0.141112,950
11,11,733,pixel3,cifar100,69.430000,6.796300,0.141112,950
11,11,3776,pixel3,cifar100,66.920000,3.109320,0.141112,950
11,11,1631,pixel3,cifar100,63.986668,1.805000,0.141112,950
11,11,1357,pixel3,cifar100,67.480000,3.998260,0.141112,950
11,11,1425,pixel3,cifar100,72.093330,15.692300,0.141112,950
11,11,10313,pixel3,cifar100,67.820000,6.581660,0.141112,950
11,11,5019,pixel3,cifar100,58.880000,1.483640,0.141112,950
11,11,1583,pixel3,cifar100,71.326670,12.345800,0.141112,950
11,11,5111,pixel3,cifar100,72.373340,17.609500,0.141112,950
11,11,10000,pixel3,cifar100,73.160000,24.970900,0.141112,950
11,11,6337,pixel3,cifar100,1.000000,0.008753,0.141112,950
11,11,14253,pixel3,cifar100,70.860000,10.679300,0.141112,950
11,11,9930,pixel3,cifar100,73.513336,42.003600,0.141112,950
11,11,6111,pixel3,cifar100,73.220000,35.197000,0.141112,950
11,11,3687,pixel3,cifar100,64.460000,2.655520,0.141112,950
11,11,2581,pixel3,cifar100,73.166664,34.693600,0.141112,950
11,11,657,pixel3,cifar100,58.233334,1.233070,0.141112,950
11,11,2648,pixel3,cifar100,69.680000,9.022860,0.141112,950
11,11,857,pixel3,cifar100,72.880000,19.113200,0.141112,950
11,12,9271,raspi4,cifar100,63.400000,4.800893,0.135131,954
11,12,9997,raspi4,cifar100,71.520000,34.996710,0.135131,954
11,12,12761,raspi4,cifar100,72.860000,53.718200,0.135131,954
11,12,15589,raspi4,cifar100,59.060000,2.795078,0.135131,954
11,12,2058,raspi4,cifar100,69.613335,20.052132,0.135131,954
11,12,9782,raspi4,cifar100,69.970000,21.914854,0.135131,954
11,12,8740,raspi4,cifar100,1.000000,0.015215,0.135131,954
11,12,8426,raspi4,cifar100,70.920000,33.551373,0.135131,954
11,12,2222,raspi4,cifar100,58.313330,2.538255,0.135131,954
11,12,13390,raspi4,cifar100,72.200000,51.551780,0.135131,954
11,12,10318,raspi4,cifar100,66.526665,7.324424,0.135131,954
11,12,6111,raspi4,cifar100,73.220000,61.573837,0.135131,954
11,12,9930,raspi4,cifar100,73.513336,71.152000,0.135131,954
11,12,4954,raspi4,cifar100,73.000000,61.492350,0.135131,954
11,12,15383,raspi4,cifar100,71.660000,38.693768,0.135131,954
11,12,14253,raspi4,cifar100,70.860000,25.077555,0.135131,954
11,12,1357,raspi4,cifar100,67.480000,10.177114,0.135131,954
11,12,1425,raspi4,cifar100,72.093330,39.608680,0.135131,954
11,12,508,raspi4,cifar100,67.520000,18.300964,0.135131,954
11,12,4359,raspi4,cifar100,64.233330,5.126531,0.135131,954
11,13,13411,edgegpu,ImageNet16-120,31.855556,1.736240,0.129978,952
11,13,11961,edgegpu,ImageNet16-120,39.722220,1.916986,0.129978,952
11,13,2650,edgegpu,ImageNet16-120,42.433334,3.309817,0.129978,952
11,13,15288,edgegpu,ImageNet16-120,28.422222,1.417041,0.129978,952
11,13,6950,edgegpu,ImageNet16-120,38.700000,1.740150,0.129978,952
11,13,14090,edgegpu,ImageNet16-120,39.266666,1.757860,0.129978,952
11,13,8884,edgegpu,ImageNet16-120,45.033333,3.499999,0.129978,952
11,13,11145,edgegpu,ImageNet16-120,45.466667,5.148182,0.129978,952
11,13,5751,edgegpu,ImageNet16-120,40.044445,2.434626,0.129978,952
11,13,10835,edgegpu,ImageNet16-120,45.233334,4.434366,0.129978,952
11,13,70,edgegpu,ImageNet16-120,39.377777,1.761627,0.129978,952
11,13,9586,edgegpu,ImageNet16-120,46.933334,5.222673,0.129978,952
11,13,8736,edgegpu,ImageNet16-120,45.700000,5.206900,0.129978,952
11,13,4988,edgegpu,ImageNet16-120,28.933332,1.448212,0.129978,952
11,13,4946,edgegpu,ImageNet16-120,44.700000,3.490419,0.129978,952
11,13,9722,edgegpu,ImageNet16-120,44.000000,3.327813,0.129978,952
11,13,8426,edgegpu,ImageNet16-120,44.633335,3.370147,0.129978,952
11,13,15376,edgegpu,ImageNet16-120,0.833333,0.533953,0.129978,952
11,13,11217,edgegpu,ImageNet16-120,43.466667,3.316708,0.129978,952
11,13,8355,edgegpu,ImageNet16-120,39.666668,1.810203,0.129978,952
11,14,12415,edgetpu,ImageNet16-120,46.566666,0.710906,0.253578,950
11,14,10790,edgetpu,ImageNet16-120,39.766666,0.516222,0.253578,950
11,14,1804,edgetpu,ImageNet16-120,32.833332,0.394564,0.253578,950
11,14,2136,edgetpu,ImageNet16-120,42.166668,0.549614,0.253578,950
11,14,9037,edgetpu,ImageNet16-120,40.033333,0.528199,0.253578,950
11,14,857,edgetpu,ImageNet16-120,47.311110,0.997730,0.253578,950
11,14,3540,edgetpu,ImageNet16-120,45.122223,0.648670,0.253578,950
11,14,15363,edgetpu,ImageNet16-120,44.333332,0.582280,0.253578,950
11,14,15383,edgetpu,ImageNet16-120,47.033333,0.780914,0.253578,950
11,14,6381,edgetpu,ImageNet16-120,39.122223,0.429382,0.253578,950
11,14,8008,edgetpu,ImageNet16-120,43.500000,0.552480,0.253578,950
11,14,5302,edgetpu,ImageNet16-120,38.833332,0.427711,0.253578,950
11,14,8355,edgetpu,ImageNet16-120,39.666668,0.431866,0.253578,950
11,14,10888,edgetpu,ImageNet16-120,28.333334,0.359044,0.253578,950
11,14,7273,edgetpu,ImageNet16-120,42.966667,0.550014,0.253578,950
11,14,13972,edgetpu,ImageNet16-120,31.933332,0.363440,0.253578,950
11,14,12516,edgetpu,ImageNet16-120,32.083332,0.376134,0.253578,950
11,14,2481,edgetpu,ImageNet16-120,28.455555,0.360864,0.253578,950
11,14,4831,edgetpu,ImageNet16-120,32.611110,0.379098,0.253578,950
11,14,2908,edgetpu,ImageNet16-120,40.022220,0.516595,0.253578,950
11,15,6787,eyeriss,ImageNet16-120,44.400000,0.914560,0.138969,950
11,15,1939,eyeriss,ImageNet16-120,45.077778,0.976000,0.138969,950
11,15,15383,eyeriss,ImageNet16-120,47.033333,1.283200,0.138969,950
11,15,4618,eyeriss,ImageNet16-120,28.544445,0.423040,0.138969,950
11,15,2835,eyeriss,ImageNet16-120,38.222220,0.545920,0.138969,950
11,15,1943,eyeriss,ImageNet16-120,42.866665,0.853120,0.138969,950
11,15,11301,eyeriss,ImageNet16-120,39.700000,0.668800,0.138969,950
11,15,6519,eyeriss,ImageNet16-120,40.183334,0.791680,0.138969,950
11,15,9805,eyeriss,ImageNet16-120,34.133335,0.484480,0.138969,950
11,15,735,eyeriss,ImageNet16-120,38.544445,0.607360,0.138969,950
11,15,8853,eyeriss,ImageNet16-120,45.600000,1.037440,0.138969,950
11,15,14417,eyeriss,ImageNet16-120,45.900000,1.098880,0.138969,950
11,16,7187,fpga,ImageNet16-120,28.683332,0.386720,0.095138,955
11,16,5793,fpga,ImageNet16-120,35.033333,0.517920,0.095138,955
11,16,8736,fpga,ImageNet16-120,45.700000,1.411200,0.095138,955
11,16,4829,fpga,ImageNet16-120,34.200000,0.415520,0.095138,955
11,16,3316,fpga,ImageNet16-120,39.483334,0.780320,0.095138,955
11,16,12887,fpga,ImageNet16-120,46.533333,2.131200,0.095138,955
11,16,10146,fpga,ImageNet16-120,28.366667,0.284320,0.095138,955
11,16,10017,fpga,ImageNet16-120,40.566666,0.784000,0.095138,955
11,16,2018,fpga,ImageNet16-120,46.433334,1.596800,0.095138,955
11,16,8290,fpga,ImageNet16-120,46.133335,1.504000,0.095138,955
11,16,9586,fpga,ImageNet16-120,46.933334,2.387200,0.095138,955
11,16,11867,fpga,ImageNet16-120,43.866665,0.969600,0.095138,955
11,16,2835,fpga,ImageNet16-120,38.222220,0.546720,0.095138,955
11,16,8008,fpga,ImageNet16-120,43.500000,0.876800,0.095138,955
11,16,13171,fpga,ImageNet16-120,44.966667,1.062400,0.095138,955
11,16,6868,fpga,ImageNet16-120,39.000000,0.649120,0.095138,955
11,17,446,pixel3,ImageNet16-120,44.222220,3.005500,0.148134,953
11,17,12138,pixel3,ImageNet16-120,39.083332,1.589340,0.148134,953
11,17,11275,pixel3,ImageNet16-120,38.033333,1.372580,0.148134,953
11,17,4361,pixel3,ImageNet16-120,45.744446,4.605970,0.148134,953
11,17,5393,pixel3,ImageNet16-120,37.300000,0.863687,0.148134,953
11,17,8768,pixel3,ImageNet16-120,45.066666,3.254590,0.148134,953
11,17,9032,pixel3,ImageNet16-120,38.016666,1.020960,0.148134,953
11,17,4384,pixel3,ImageNet16-120,28.133333,0.421612,0.148134,953
11,17,9805,pixel3,ImageNet16-120,34.133335,0.791370,0.148134,953
11,17,5530,pixel3,ImageNet16-120,42.577778,2.483070,0.148134,953
11,17,9586,pixel3,ImageNet16-120,46.933334,9.714070,0.148134,953
11,17,872,pixel3,ImageNet16-120,41.777780,2.465030,0.148134,953
11,17,12384,pixel3,ImageNet16-120,45.966667,6.379670,0.148134,953
11,17,5973,pixel3,ImageNet16-120,40.100000,2.463880,0.148134,953
11,17,7448,pixel3,ImageNet16-120,32.455555,0.619188,0.148134,953
11,17,8836,pixel3,ImageNet16-120,39.166668,2.198840,0.148134,953
11,17,249,pixel3,ImageNet16-120,43.577778,2.720310,0.148134,953
11,17,13756,pixel3,ImageNet16-120,0.833333,0.005289,0.148134,953
11,17,13931,pixel3,ImageNet16-120,28.788889,0.504246,0.148134,953
11,17,10007,pixel3,ImageNet16-120,46.066666,8.454650,0.148134,953
11,18,11793,raspi4,ImageNet16-120,38.033333,3.055120,0.116313,964
11,18,6787,raspi4,ImageNet16-120,44.400000,4.532777,0.116313,964
11,18,7396,raspi4,ImageNet16-120,40.177776,3.202041,0.116313,964
11,18,9805,raspi4,ImageNet16-120,34.133335,1.617568,0.116313,964
11,18,15446,raspi4,ImageNet16-120,45.766666,7.469873,0.116313,964
11,18,8954,raspi4,ImageNet16-120,28.733334,1.011134,0.116313,964
11,18,1188,raspi4,ImageNet16-120,32.455555,1.526725,0.116313,964
11,18,9032,raspi4,ImageNet16-120,38.016666,2.201532,0.116313,964
11,18,7080,raspi4,ImageNet16-120,0.833333,0.011698,0.116313,964
11,18,55,raspi4,ImageNet16-120,28.322222,0.957719,0.116313,964
11,18,5202,raspi4,ImageNet16-120,42.411110,3.783078,0.116313,964
11,18,15383,raspi4,ImageNet16-120,47.033333,8.565354,0.116313,964
11,18,14816,raspi4,ImageNet16-120,39.466667,3.088495,0.116313,964
11,18,12421,raspi4,ImageNet16-120,45.166668,6.699855,0.116313,964
11,18,857,raspi4,ImageNet16-120,47.311110,9.020064,0.116313,964
11,18,9035,raspi4,ImageNet16-120,37.333332,2.201485,0.116313,964
11,18,4948,raspi4,ImageNet16-120,43.066666,3.826901,0.116313,964
11,18,2476,raspi4,ImageNet16-120,44.777780,5.828898,0.116313,964
11,18,15510,raspi4,ImageNet16-120,45.333332,7.375227,0.116313,964
11,18,2018,raspi4,ImageNet16-120,46.433334,7.482383,0.116313,964
12,1,13714,edgegpu,cifar10,94.373340,6.772180,0.143568,950
12,1,5039,edgegpu,cifar10,10.000000,0.539684,0.143568,950
12,1,1051,edgegpu,cifar10,86.700000,1.440959,0.143568,950
12,1,12415,edgegpu,cifar10,93.990000,4.716892,0.143568,950
12,1,1317,edgegpu,cifar10,94.090000,5.292902,0.143568,950
12,1,1459,edgegpu,cifar10,94.296670,6.748991,0.143568,950
12,1,5400,edgegpu,cifar10,86.630000,1.427460,0.143568,950
12,1,2053,edgegpu,cifar10,94.206665,5.482254,0.143568,950
12,1,8687,edgegpu,cifar10,86.763336,1.454229,0.143568,950
12,1,11438,edgegpu,cifar10,92.500000,1.846719,0.143568,950
12,1,70,edgegpu,cifar10,91.983330,1.760149,0.143568,950
12,1,993,edgegpu,cifar10,92.060000,1.779962,0.143568,950
12,1,13401,edgegpu,cifar10,87.010000,1.457009,0.143568,950
12,1,10484,edgegpu,cifar10,93.810000,3.354015,0.143568,950
12,1,9462,edgegpu,cifar10,91.990000,1.764455,0.143568,950
12,1,5779,edgegpu,cifar10,86.680000,1.439686,0.143568,950
12,1,797,edgegpu,cifar10,93.280000,3.336077,0.143568,950
12,1,5780,edgegpu,cifar10,93.980000,3.361888,0.143568,950
12,2,1339,edgetpu,cifar10,92.136665,0.482685,0.296202,950
12,2,13320,edgetpu,cifar10,89.330000,0.396446,0.296202,950
12,2,970,edgetpu,cifar10,86.770000,0.371488,0.296202,950
12,2,13047,edgetpu,cifar10,86.390000,0.353481,0.296202,950
12,2,4609,edgetpu,cifar10,91.930000,0.481311,0.296202,950
12,2,8008,edgetpu,cifar10,93.480000,0.629746,0.296202,950
12,2,9817,edgetpu,cifar10,93.490000,0.723286,0.296202,950
12,2,4675,edgetpu,cifar10,89.200000,0.395661,0.296202,950
12,2,3731,edgetpu,cifar10,94.343330,1.282820,0.296202,950
12,2,6407,edgetpu,cifar10,88.933334,0.389381,0.296202,950
12,2,11692,edgetpu,cifar10,94.130000,0.761100,0.296202,950
12,2,5780,edgetpu,cifar10,93.980000,0.723967,0.296202,950
12,2,5111,edgetpu,cifar10,94.306660,1.152010,0.296202,950
12,2,13714,edgetpu,cifar10,94.373340,1.377865,0.296202,950
12,2,2053,edgetpu,cifar10,94.206665,1.042178,0.296202,950
12,2,10787,edgetpu,cifar10,86.660000,0.353990,0.296202,950
12,2,9950,edgetpu,cifar10,93.840000,0.723767,0.296202,950
12,2,8192,edgetpu,cifar10,93.093330,0.627745,0.296202,950
12,2,797,edgetpu,cifar10,93.280000,0.627996,0.296202,950
12,2,1595,edgetpu,cifar10,88.963330,0.389815,0.296202,950
12,3,8720,eyeriss,cifar10,89.875000,1.925300,0.102528,972
12,3,5111,eyeriss,cifar10,94.306660,5.365940,0.102528,972
12,3,12438,eyeriss,cifar10,89.875000,1.925300,0.102528,972
12,3,8592,eyeriss,cifar10,93.750000,3.891380,0.102528,972
12,3,10412,eyeriss,cifar10,93.530000,3.645620,0.102528,972
12,3,4004,eyeriss,cifar10,93.123340,3.399860,0.102528,972
12,3,6584,eyeriss,cifar10,94.160000,4.874420,0.102528,972
12,3,8323,eyeriss,cifar10,90.870000,2.171060,0.102528,972
12,3,12639,eyeriss,cifar10,90.990000,2.662580,0.102528,972
12,3,8649,eyeriss,cifar10,93.785000,4.628660,0.102528,972
12,3,6899,eyeriss,cifar10,90.900000,2.416820,0.102528,972
12,3,758,eyeriss,cifar10,86.705000,1.679540,0.102528,972
12,3,15000,eyeriss,cifar10,92.400000,3.154100,0.102528,972
12,3,3731,eyeriss,cifar10,94.343330,6.594740,0.102528,972
12,3,6111,eyeriss,cifar10,94.373340,7.823540,0.102528,972
12,4,758,fpga,cifar10,86.705000,1.132960,0.087937,957
12,4,12740,fpga,cifar10,89.620000,1.648160,0.087937,957
12,4,15295,fpga,cifar10,90.050000,2.057760,0.087937,957
12,4,1114,fpga,cifar10,93.820000,3.648160,0.087937,957
12,4,15000,fpga,cifar10,92.400000,2.390560,0.087937,957
12,4,898,fpga,cifar10,93.356670,2.905760,0.087937,957
12,4,13714,fpga,cifar10,94.373340,6.678560,0.087937,957
12,4,6584,fpga,cifar10,94.160000,4.163360,0.087937,957
12,4,10689,fpga,cifar10,90.790000,2.163360,0.087937,957
12,4,5111,fpga,cifar10,94.306660,5.193760,0.087937,957
12,5,1778,pixel3,cifar10,92.180000,6.446230,0.130532,950
12,5,6931,pixel3,cifar10,93.780000,12.729200,0.130532,950
12,5,11692,pixel3,cifar10,94.130000,15.490100,0.130532,950
12,5,3731,pixel3,cifar10,94.343330,23.361300,0.130532,950
12,5,12578,pixel3,cifar10,91.340000,5.654860,0.130532,950
12,5,5111,pixel3,cifar10,94.306660,17.584600,0.130532,950
12,5,7017,pixel3,cifar10,86.970000,1.403930,0.130532,950
12,5,1941,pixel3,cifar10,93.533330,9.128690,0.130532,950
12,5,2203,pixel3,cifar10,90.576670,4.862730,0.130532,950
12,5,6111,pixel3,cifar10,94.373340,23.584800,0.130532,950
12,5,10,pixel3,cifar10,10.000000,0.003401,0.130532,950
12,5,13171,pixel3,cifar10,93.530000,7.717220,0.130532,950
12,5,8606,pixel3,cifar10,93.655000,11.221700,0.130532,950
12,5,6382,pixel3,cifar10,93.376660,7.048190,0.130532,950
12,5,1497,pixel3,cifar10,86.556660,1.056630,0.130532,950
12,5,2013,pixel3,cifar10,93.796670,13.412500,0.130532,950
12,5,8809,pixel3,cifar10,88.916664,1.714080,0.130532,950
12,5,580,pixel3,cifar10,89.720000,2.383450,0.130532,950
12,5,3776,pixel3,cifar10,90.450000,3.116750,0.130532,950
12,5,3385,pixel3,cifar10,93.990000,13.656500,0.130532,950
12,6,5111,raspi4,cifar10,94.306660,41.756905,0.144629,950
12,6,11692,raspi4,cifar10,94.130000,37.583630,0.144629,950
12,6,11000,raspi4,cifar10,93.560000,27.551449,0.144629,950
12,6,12462,raspi4,cifar10,86.350000,2.542524,0.144629,950
12,6,8008,raspi4,cifar10,93.480000,22.571420,0.144629,950
12,6,13714,raspi4,cifar10,94.373340,69.763310,0.144629,950
12,6,10445,raspi4,cifar10,90.940000,12.393285,0.144629,950
12,6,6999,raspi4,cifar10,93.820000,34.005280,0.144629,950
12,6,1941,raspi4,cifar10,93.533330,25.121769,0.144629,950
12,6,9051,raspi4,cifar10,10.000000,0.011330,0.144629,950
12,6,12545,raspi4,cifar10,92.440000,20.255783,0.144629,950
12,6,735,raspi4,cifar10,90.760000,9.699143,0.144629,950
12,6,13430,raspi4,cifar10,90.580000,7.299066,0.144629,950
12,6,5780,raspi4,cifar10,93.980000,34.928463,0.144629,950
12,6,3496,raspi4,cifar10,89.763336,5.172737,0.144629,950
12,6,14603,raspi4,cifar10,93.010000,21.231344,0.144629,950
12,6,4088,raspi4,cifar10,91.910000,16.968962,0.144629,950
12,6,14945,raspi4,cifar10,86.700000,2.785829,0.144629,950
12,6,5149,raspi4,cifar10,92.090000,18.586891,0.144629,950
12,6,9271,raspi4,cifar10,89.250000,4.830311,0.144629,950
12,7,1425,edgegpu,cifar100,72.093330,5.310225,0.125367,953
12,7,8401,edgegpu,cifar100,71.080000,3.302102,0.125367,953
12,7,5019,edgegpu,cifar100,58.880000,1.488929,0.125367,953
12,7,11465,edgegpu,cifar100,71.160000,4.351864,0.125367,953
12,7,9922,edgegpu,cifar100,58.560000,1.428552,0.125367,953
12,7,14089,edgegpu,cifar100,61.806667,1.752892,0.125367,953
12,7,9930,edgegpu,cifar100,73.513336,6.803060,0.125367,953
12,7,15589,edgegpu,cifar100,59.060000,1.502299,0.125367,953
12,7,12415,edgegpu,cifar100,71.940000,4.828467,0.125367,953
12,7,11885,edgegpu,cifar100,68.040000,1.776652,0.125367,953
12,7,4954,edgegpu,cifar100,73.000000,6.669736,0.125367,953
12,7,1038,edgegpu,cifar100,67.500000,1.758428,0.125367,953
12,7,10132,edgegpu,cifar100,58.820000,1.479702,0.125367,953
12,7,11810,edgegpu,cifar100,68.300000,1.779551,0.125367,953
12,7,3540,edgegpu,cifar100,71.500000,4.730291,0.125367,953
12,7,4418,edgegpu,cifar100,72.746666,5.352364,0.125367,953
12,7,13184,edgegpu,cifar100,1.000000,0.535808,0.125367,953
12,7,5400,edgegpu,cifar100,58.800000,1.446357,0.125367,953
12,7,2778,edgegpu,cifar100,72.993330,6.134028,0.125367,953
12,8,5019,edgetpu,cifar100,58.880000,0.357058,0.175957,950
12,8,857,edgetpu,cifar100,72.880000,1.264168,0.175957,950
12,8,6382,edgetpu,cifar100,69.533330,0.634724,0.175957,950
12,8,2581,edgetpu,cifar100,73.166664,1.354564,0.175957,950
12,8,12424,edgetpu,cifar100,69.980000,0.638946,0.175957,950
12,8,13113,edgetpu,cifar100,63.140000,0.398170,0.175957,950
12,8,1425,edgetpu,cifar100,72.093330,0.910660,0.175957,950
12,8,12415,edgetpu,cifar100,71.940000,0.872299,0.175957,950
12,8,1459,edgetpu,cifar100,73.140000,1.311551,0.175957,950
12,8,9997,edgetpu,cifar100,71.520000,0.729986,0.175957,950
12,8,9930,edgetpu,cifar100,73.513336,1.454107,0.175957,950
12,8,1317,edgetpu,cifar100,72.566666,1.023844,0.175957,950
12,8,9037,edgetpu,cifar100,67.920000,0.598340,0.175957,950
12,8,6162,edgetpu,cifar100,66.520000,0.487331,0.175957,950
12,8,777,edgetpu,cifar100,58.650000,0.355588,0.175957,950
12,8,9950,edgetpu,cifar100,70.380000,0.727540,0.175957,950
12,8,6974,edgetpu,cifar100,61.880000,0.392555,0.175957,950
12,8,2461,edgetpu,cifar100,67.400000,0.514241,0.175957,950
12,8,14174,edgetpu,cifar100,72.646670,1.081678,0.175957,950
12,8,6616,edgetpu,cifar100,67.600000,0.594235,0.175957,950
12,9,2018,eyeriss,cifar100,72.360000,5.368960,0.128655,950
12,9,3888,eyeriss,cifar100,73.260000,6.597760,0.128655,950
12,9,8139,eyeriss,cifar100,64.440000,1.928320,0.128655,950
12,9,898,eyeriss,cifar100,70.000000,3.402880,0.128655,950
12,9,5084,eyeriss,cifar100,58.813330,1.682560,0.128655,950
12,9,375,eyeriss,cifar100,64.440000,1.928320,0.128655,950
12,9,9930,eyeriss,cifar100,73.513336,9.055360,0.128655,950
12,9,10689,eyeriss,cifar100,67.500000,2.174080,0.128655,950
12,9,3540,eyeriss,cifar100,71.500000,4.877440,0.128655,950
12,9,6787,eyeriss,cifar100,70.720000,3.648640,0.128655,950
12,9,7250,eyeriss,cifar100,67.706665,3.157120,0.128655,950
12,9,14174,eyeriss,cifar100,72.646670,6.352000,0.128655,950
12,9,699,eyeriss,cifar100,72.240000,5.123200,0.128655,950
12,9,6925,eyeriss,cifar100,71.220000,3.894400,0.128655,950
12,10,15033,fpga,cifar100,67.793335,2.390560,0.099805,950
12,10,9930,fpga,cifar100,73.513336,7.420960,0.099805,950
12,10,898,fpga,cifar100,70.000000,2.905760,0.099805,950
12,10,2766,fpga,cifar100,64.613335,2.057760,0.099805,950
12,10,699,fpga,cifar100,72.240000,4.678560,0.099805,950
12,10,6925,fpga,cifar100,71.220000,3.936160,0.099805,950
12,10,3888,fpga,cifar100,73.260000,5.936160,0.099805,950
12,10,8139,fpga,cifar100,64.440000,1.648160,0.099805,950
12,10,69,fpga,cifar100,71.020000,3.648160,0.099805,950
12,10,5084,fpga,cifar100,58.813330,1.132960,0.099805,950
12,10,12761,fpga,cifar100,72.860000,5.420960,0.099805,950
12,10,5645,fpga,cifar100,70.170000,3.420960,0.099805,950
12,10,12857,fpga,cifar100,66.660000,2.163360,0.099805,950
12,10,3540,fpga,cifar100,71.500000,4.163360,0.099805,950
12,11,1459,pixel3,cifar100,73.140000,23.437900,0.212365,950
12,11,8853,pixel3,cifar100,71.220000,12.088100,0.212365,950
12,11,3888,pixel3,cifar100,73.260000,23.477200,0.212365,950
12,11,12915,pixel3,cifar100,66.950000,3.129190,0.212365,950
12,11,857,pixel3,cifar100,72.880000,19.113200,0.212365,950
12,11,15363,pixel3,cifar100,70.520000,9.708640,0.212365,950
12,11,8290,pixel3,cifar100,71.330000,16.467300,0.212365,950
12,11,3385,pixel3,cifar100,72.380000,17.527800,0.212365,950
12,11,14253,pixel3,cifar100,70.860000,10.679300,0.212365,950
12,11,3192,pixel3,cifar100,71.133330,11.671300,0.212365,950
12,11,14112,pixel3,cifar100,68.386665,5.745320,0.212365,950
12,11,10042,pixel3,cifar100,64.880000,2.794690,0.212365,950
12,11,1572,pixel3,cifar100,69.900000,8.908810,0.212365,950
12,11,8912,pixel3,cifar100,59.200000,1.478790,0.212365,950
12,11,1413,pixel3,cifar100,69.186670,6.545880,0.212365,950
12,11,1631,pixel3,cifar100,63.986668,1.805000,0.212365,950
12,11,6337,pixel3,cifar100,1.000000,0.008753,0.212365,950
12,11,12970,pixel3,cifar100,68.140000,4.782110,0.212365,950
12,11,11653,pixel3,cifar100,67.000000,4.031830,0.212365,950
12,11,657,pixel3,cifar100,58.233334,1.233070,0.212365,950
12,12,15363,raspi4,cifar100,70.520000,21.809430,0.140769,951
12,12,13001,raspi4,cifar100,61.300000,4.807797,0.140769,951
12,12,9762,raspi4,cifar100,67.080000,9.740194,0.140769,951
12,12,9895,raspi4,cifar100,69.400000,19.211880,0.140769,951
12,12,14205,raspi4,cifar100,1.000000,0.015690,0.140769,951
12,12,2222,raspi4,cifar100,58.313330,2.538255,0.140769,951
12,12,7556,raspi4,cifar100,71.526665,36.461315,0.140769,951
12,12,9930,raspi4,cifar100,73.513336,71.152000,0.140769,951
12,12,2018,raspi4,cifar100,72.360000,39.345867,0.140769,951
12,12,4418,raspi4,cifar100,72.746666,47.162354,0.140769,951
12,12,3888,raspi4,cifar100,73.260000,55.029520,0.140769,951
12,12,15589,raspi4,cifar100,59.060000,2.795078,0.140769,951
12,12,1459,raspi4,cifar100,73.140000,53.879950,0.140769,951
12,12,14112,raspi4,cifar100,68.386665,14.423308,0.140769,951
12,12,14914,raspi4,cifar100,67.273330,12.422908,0.140769,951
12,12,5111,raspi4,cifar100,72.373340,44.227980,0.140769,951
12,12,14714,raspi4,cifar100,71.280000,24.692347,0.140769,951
12,12,2648,raspi4,cifar100,69.680000,21.560575,0.140769,951
12,12,12857,raspi4,cifar100,66.660000,7.215488,0.140769,951
12,12,9649,raspi4,cifar100,64.540000,5.252811,0.140769,951
12,13,8426,edgegpu,ImageNet16-120,44.633335,3.370147,0.137488,950
12,13,4946,edgegpu,ImageNet16-120,44.700000,3.490419,0.137488,950
12,13,4587,edgegpu,ImageNet16-120,28.800000,1.445131,0.137488,950
12,13,13612,edgegpu,ImageNet16-120,0.833333,0.534101,0.137488,950
12,13,15589,edgegpu,ImageNet16-120,28.288889,1.428628,0.137488,950
12,13,4332,edgegpu,ImageNet16-120,39.444443,1.745496,0.137488,950
12,13,9586,edgegpu,ImageNet16-120,46.933334,5.222673,0.137488,950
12,13,454,edgegpu,ImageNet16-120,41.277780,3.303313,0.137488,950
12,13,12415,edgegpu,ImageNet16-120,46.566666,4.667692,0.137488,950
12,13,10835,edgegpu,ImageNet16-120,45.233334,4.434366,0.137488,950
12,13,3965,edgegpu,ImageNet16-120,39.722220,2.420974,0.137488,950
12,13,561,edgegpu,ImageNet16-120,28.911112,1.461983,0.137488,950
12,13,13011,edgegpu,ImageNet16-120,38.366665,1.742325,0.137488,950
12,13,5751,edgegpu,ImageNet16-120,40.044445,2.434626,0.137488,950
12,13,9077,edgegpu,ImageNet16-120,39.500000,1.801076,0.137488,950
12,13,14117,edgegpu,ImageNet16-120,28.677778,1.435547,0.137488,950
12,13,9722,edgegpu,ImageNet16-120,44.000000,3.327813,0.137488,950
12,13,15206,edgegpu,ImageNet16-120,27.866667,1.424794,0.137488,950
12,13,8884,edgegpu,ImageNet16-120,45.033333,3.499999,0.137488,950
12,13,7367,edgegpu,ImageNet16-120,39.600000,1.876087,0.137488,950
12,14,8627,edgetpu,ImageNet16-120,43.633335,0.608187,0.133410,950
12,14,4946,edgetpu,ImageNet16-120,44.700000,0.618328,0.133410,950
12,14,13931,edgetpu,ImageNet16-120,28.788889,0.360349,0.133410,950
12,14,11079,edgetpu,ImageNet16-120,43.566666,0.552430,0.133410,950
12,14,15014,edgetpu,ImageNet16-120,28.266666,0.358110,0.133410,950
12,14,5751,edgetpu,ImageNet16-120,40.044445,0.516992,0.133410,950
12,14,6407,edgetpu,ImageNet16-120,32.333332,0.363748,0.133410,950
12,14,14677,edgetpu,ImageNet16-120,33.233334,0.364575,0.133410,950
12,14,9586,edgetpu,ImageNet16-120,46.933334,0.981196,0.133410,950
12,14,10189,edgetpu,ImageNet16-120,45.200000,0.764679,0.133410,950
12,14,5374,edgetpu,ImageNet16-120,46.766666,0.843987,0.133410,950
12,14,8683,edgetpu,ImageNet16-120,44.200000,0.609366,0.133410,950
12,14,6470,edgetpu,ImageNet16-120,39.388890,0.447518,0.133410,950
12,14,3150,edgetpu,ImageNet16-120,38.366665,0.436607,0.133410,950
12,14,4830,edgetpu,ImageNet16-120,42.233334,0.549457,0.133410,950
12,14,10154,edgetpu,ImageNet16-120,46.133335,0.795644,0.133410,950
12,14,898,edgetpu,ImageNet16-120,42.466667,0.550510,0.133410,950
12,14,2213,edgetpu,ImageNet16-120,45.588890,0.779433,0.133410,950
12,14,13171,edgetpu,ImageNet16-120,44.966667,0.697535,0.133410,950
12,14,3719,edgetpu,ImageNet16-120,39.033333,0.438215,0.133410,950
12,15,8683,eyeriss,ImageNet16-120,44.200000,0.914560,0.138145,954
12,15,6121,eyeriss,ImageNet16-120,28.433332,0.423040,0.138145,954
12,15,12653,eyeriss,ImageNet16-120,33.977780,0.484480,0.138145,954
12,15,8621,eyeriss,ImageNet16-120,46.250000,1.590400,0.138145,954
12,15,12231,eyeriss,ImageNet16-120,40.200000,0.791680,0.138145,954
12,15,8736,eyeriss,ImageNet16-120,45.700000,1.221760,0.138145,954
12,15,11882,eyeriss,ImageNet16-120,46.133335,1.406080,0.138145,954
12,15,1425,eyeriss,ImageNet16-120,45.977780,1.283200,0.138145,954
12,15,1459,eyeriss,ImageNet16-120,46.477780,1.651840,0.138145,954
12,15,12887,eyeriss,ImageNet16-120,46.533333,1.713280,0.138145,954
12,15,7349,eyeriss,ImageNet16-120,44.600000,0.976000,0.138145,954
12,15,12036,eyeriss,ImageNet16-120,33.977780,0.484480,0.138145,954
12,15,11973,eyeriss,ImageNet16-120,42.933334,0.853120,0.138145,954
12,15,2835,eyeriss,ImageNet16-120,38.222220,0.545920,0.138145,954
12,16,11079,fpga,ImageNet16-120,43.566666,0.902400,0.085162,955
12,16,2835,fpga,ImageNet16-120,38.222220,0.546720,0.085162,955
12,16,1939,fpga,ImageNet16-120,45.077778,1.062400,0.085162,955
12,16,12231,fpga,ImageNet16-120,40.200000,0.784000,0.085162,955
12,16,6868,fpga,ImageNet16-120,39.000000,0.649120,0.085162,955
12,16,1943,fpga,ImageNet16-120,42.866665,0.876800,0.085162,955
12,16,15383,fpga,ImageNet16-120,47.033333,1.504000,0.085162,955
12,16,3687,fpga,ImageNet16-120,34.066666,0.415520,0.085162,955
12,16,6787,fpga,ImageNet16-120,44.400000,0.969600,0.085162,955
12,16,14748,fpga,ImageNet16-120,44.900000,0.995200,0.085162,955
12,16,4988,fpga,ImageNet16-120,28.933332,0.284320,0.085162,955
12,16,857,fpga,ImageNet16-120,47.311110,2.038400,0.085162,955
12,16,8853,fpga,ImageNet16-120,45.600000,1.155200,0.085162,955
12,16,10627,fpga,ImageNet16-120,39.166668,0.780320,0.085162,955
12,16,11161,fpga,ImageNet16-120,34.500000,0.517920,0.085162,955
12,17,14417,pixel3,ImageNet16-120,45.900000,4.143030,0.104134,952
12,17,11079,pixel3,ImageNet16-120,43.566666,2.479610,0.104134,952
12,17,12156,pixel3,ImageNet16-120,46.550000,5.198720,0.104134,952
12,17,11653,pixel3,ImageNet16-120,38.100000,1.107920,0.104134,952
12,17,3960,pixel3,ImageNet16-120,37.755554,0.865747,0.104134,952
12,17,11000,pixel3,ImageNet16-120,44.866665,2.962520,0.104134,952
12,17,5111,pixel3,ImageNet16-120,46.588890,5.571030,0.104134,952
12,17,15446,pixel3,ImageNet16-120,45.766666,3.439380,0.104134,952
12,17,6854,pixel3,ImageNet16-120,40.800000,1.621620,0.104134,952
12,17,906,pixel3,ImageNet16-120,32.255554,0.619152,0.104134,952
12,17,13153,pixel3,ImageNet16-120,28.233334,0.423670,0.104134,952
12,17,9149,pixel3,ImageNet16-120,46.900000,8.146810,0.104134,952
12,17,13931,pixel3,ImageNet16-120,28.788889,0.504246,0.104134,952
12,17,12639,pixel3,ImageNet16-120,40.400000,1.304440,0.104134,952
12,17,13059,pixel3,ImageNet16-120,34.266666,0.668679,0.104134,952
12,17,2904,pixel3,ImageNet16-120,42.744446,2.473160,0.104134,952
12,17,669,pixel3,ImageNet16-120,0.833333,0.005671,0.104134,952
12,17,5374,pixel3,ImageNet16-120,46.766666,6.317500,0.104134,952
12,17,10154,pixel3,ImageNet16-120,46.133335,4.783700,0.104134,952
12,17,1425,pixel3,ImageNet16-120,45.977780,4.619290,0.104134,952
12,18,13846,raspi4,ImageNet16-120,37.844444,2.205757,0.226856,950
12,18,11438,raspi4,ImageNet16-120,39.733334,3.150053,0.226856,950
12,18,3776,raspi4,ImageNet16-120,37.133335,2.191733,0.226856,950
12,18,8733,raspi4,ImageNet16-120,46.600000,7.477213,0.226856,950
12,18,9380,raspi4,ImageNet16-120,32.533333,1.535316,0.226856,950
12,18,8683,raspi4,ImageNet16-120,44.200000,4.462997,0.226856,950
12,18,9805,raspi4,ImageNet16-120,34.133335,1.617568,0.226856,950
12,18,14146,raspi4,ImageNet16-120,28.433332,0.961556,0.226856,950
12,18,7870,raspi4,ImageNet16-120,42.633335,3.788979,0.226856,950
12,18,9261,raspi4,ImageNet16-120,33.733334,1.593878,0.226856,950
12,18,12505,raspi4,ImageNet16-120,39.283333,3.062432,0.226856,950
12,18,933,raspi4,ImageNet16-120,0.833333,0.011514,0.226856,950
12,18,9806,raspi4,ImageNet16-120,39.966667,3.162904,0.226856,950
12,18,11820,raspi4,ImageNet16-120,39.455555,3.103969,0.226856,950
12,18,3960,raspi4,ImageNet16-120,37.755554,2.197980,0.226856,950
12,18,8323,raspi4,ImageNet16-120,38.033333,2.287984,0.226856,950
12,18,10835,raspi4,ImageNet16-120,45.233334,6.632419,0.226856,950
12,18,9649,raspi4,ImageNet16-120,32.900000,1.580429,0.226856,950
12,18,4988,raspi4,ImageNet16-120,28.933332,1.003251,0.226856,950
12,18,711,raspi4,ImageNet16-120,33.400000,1.587693,0.226856,950
13,1,12113,edgegpu,cifar10,92.245000,1.846456,0.131065,950
13,1,6259,edgegpu,cifar10,86.443340,1.433926,0.131065,950
13,1,15200,edgegpu,cifar10,10.000000,0.501385,0.131065,950
13,1,13714,edgegpu,cifar10,94.373340,6.772180,0.131065,950
13,1,1459,edgegpu,cifar10,94.296670,6.748991,0.131065,950
13,1,561,edgegpu,cifar10,86.880000,1.451068,0.131065,950
13,1,5779,edgegpu,cifar10,86.680000,1.439686,0.131065,950
13,1,2053,edgegpu,cifar10,94.206665,5.482254,0.131065,950
13,1,1317,edgegpu,cifar10,94.090000,5.292902,0.131065,950
13,1,5780,edgegpu,cifar10,93.980000,3.361888,0.131065,950
13,1,8192,edgegpu,cifar10,93.093330,3.345461,0.131065,950
13,1,6330,edgegpu,cifar10,94.006670,4.384699,0.131065,950
13,1,10222,edgegpu,cifar10,86.200000,1.429176,0.131065,950
13,1,3811,edgegpu,cifar10,92.790000,3.338466,0.131065,950
13,1,1099,edgegpu,cifar10,92.240000,1.774683,0.131065,950
13,1,1339,edgegpu,cifar10,92.136665,1.751881,0.131065,950
13,1,11438,edgegpu,cifar10,92.500000,1.846719,0.131065,950
13,1,10750,edgegpu,cifar10,93.640000,3.350625,0.131065,950
13,1,10484,edgegpu,cifar10,93.810000,3.354015,0.131065,950
13,2,11810,edgetpu,cifar10,92.780000,0.482879,0.283349,950
13,2,3731,edgetpu,cifar10,94.343330,1.282820,0.283349,950
13,2,11692,edgetpu,cifar10,94.130000,0.761100,0.283349,950
13,2,12439,edgetpu,cifar10,86.393330,0.352159,0.283349,950
13,2,4675,edgetpu,cifar10,89.200000,0.395661,0.283349,950
13,2,11533,edgetpu,cifar10,93.420000,0.632626,0.283349,950
13,2,2240,edgetpu,cifar10,91.990000,0.480973,0.283349,950
13,2,5780,edgetpu,cifar10,93.980000,0.723967,0.283349,950
13,2,1595,edgetpu,cifar10,88.963330,0.389815,0.283349,950
13,2,1339,edgetpu,cifar10,92.136665,0.482685,0.283349,950
13,2,7937,edgetpu,cifar10,88.610000,0.388867,0.283349,950
13,2,6918,edgetpu,cifar10,87.000000,0.375819,0.283349,950
13,2,13714,edgetpu,cifar10,94.373340,1.377865,0.283349,950
13,2,970,edgetpu,cifar10,86.770000,0.371488,0.283349,950
13,2,5111,edgetpu,cifar10,94.306660,1.152010,0.283349,950
13,2,2053,edgetpu,cifar10,94.206665,1.042178,0.283349,950
13,2,9950,edgetpu,cifar10,93.840000,0.723767,0.283349,950
13,2,797,edgetpu,cifar10,93.280000,0.627996,0.283349,950
13,2,12033,edgetpu,cifar10,86.650000,0.361059,0.283349,950
13,2,8192,edgetpu,cifar10,93.093330,0.627745,0.283349,950
13,3,9032,eyeriss,cifar10,90.740000,2.171060,0.109022,952
13,3,9950,eyeriss,cifar10,93.840000,4.628660,0.109022,952
13,3,4384,eyeriss,cifar10,86.796670,1.679540,0.109022,952
13,3,10412,eyeriss,cifar10,93.530000,3.645620,0.109022,952
13,3,6330,eyeriss,cifar10,94.006670,4.874420,0.109022,952
13,3,8720,eyeriss,cifar10,89.875000,1.925300,0.109022,952
13,3,12438,eyeriss,cifar10,89.875000,1.925300,0.109022,952
13,3,6111,eyeriss,cifar10,94.373340,7.823540,0.109022,952
13,3,13714,eyeriss,cifar10,94.373340,7.823540,0.109022,952
13,3,3731,eyeriss,cifar10,94.343330,6.594740,0.109022,952
13,3,4659,eyeriss,cifar10,93.396670,3.399860,0.109022,952
13,3,6725,eyeriss,cifar10,92.133330,3.154100,0.109022,952
13,3,5111,eyeriss,cifar10,94.306660,5.365940,0.109022,952
13,3,8592,eyeriss,cifar10,93.750000,3.891380,0.109022,952
13,3,6854,eyeriss,cifar10,91.040000,2.662580,0.109022,952
13,4,13611,fpga,cifar10,92.490000,2.390560,0.151548,950
13,4,8008,fpga,cifar10,93.480000,2.905760,0.151548,950
13,4,4384,fpga,cifar10,86.796670,1.132960,0.151548,950
13,4,11376,fpga,cifar10,93.510000,3.420960,0.151548,950
13,4,11692,fpga,cifar10,94.130000,4.163360,0.151548,950
13,4,11472,fpga,cifar10,93.970000,3.648160,0.151548,950
13,4,1090,fpga,cifar10,90.380000,2.163360,0.151548,950
13,4,14697,fpga,cifar10,89.710000,1.648160,0.151548,950
13,4,11525,fpga,cifar10,90.000000,2.057760,0.151548,950
13,4,12002,fpga,cifar10,93.510000,3.420960,0.151548,950
13,5,1516,pixel3,cifar10,92.243330,6.609090,0.161312,950
13,5,6999,pixel3,cifar10,93.820000,12.260900,0.161312,950
13,5,3687,pixel3,cifar10,89.820000,2.387250,0.161312,950
13,5,1497,pixel3,cifar10,86.556660,1.056630,0.161312,950
13,5,3337,pixel3,cifar10,88.690000,1.762270,0.161312,950
13,5,8592,pixel3,cifar10,93.750000,10.769800,0.161312,950
13,5,8323,pixel3,cifar10,90.870000,3.106420,0.161312,950
13,5,10,pixel3,cifar10,10.000000,0.003401,0.161312,950
13,5,4627,pixel3,cifar10,93.270000,7.036050,0.161312,950
13,5,13171,pixel3,cifar10,93.530000,7.717220,0.161312,950
13,5,6918,pixel3,cifar10,87.000000,1.478790,0.161312,950
13,5,12820,pixel3,cifar10,90.880000,3.982790,0.161312,950
13,5,6111,pixel3,cifar10,94.373340,23.584800,0.161312,950
13,5,4398,pixel3,cifar10,92.073330,5.828150,0.161312,950
13,5,5111,pixel3,cifar10,94.306660,17.584600,0.161312,950
13,5,3731,pixel3,cifar10,94.343330,23.361300,0.161312,950
13,5,11972,pixel3,cifar10,91.510000,5.627010,0.161312,950
13,5,3385,pixel3,cifar10,93.990000,13.656500,0.161312,950
13,5,4675,pixel3,cifar10,89.200000,1.881350,0.161312,950
13,5,11692,pixel3,cifar10,94.130000,15.490100,0.161312,950
13,6,1916,raspi4,cifar10,92.393330,21.070625,0.121239,952
13,6,5780,raspi4,cifar10,93.980000,34.928463,0.121239,952
13,6,8426,raspi4,cifar10,93.840000,31.394428,0.121239,952
13,6,6953,raspi4,cifar10,91.990000,15.601654,0.121239,952
13,6,4659,raspi4,cifar10,93.396670,22.249382,0.121239,952
13,6,9980,raspi4,cifar10,10.000000,0.011284,0.121239,952
13,6,12043,raspi4,cifar10,93.420000,24.104538,0.121239,952
13,6,6111,raspi4,cifar10,94.373340,68.404106,0.121239,952
13,6,11207,raspi4,cifar10,90.213330,7.387483,0.121239,952
13,6,12297,raspi4,cifar10,88.890000,4.792384,0.121239,952
13,6,6918,raspi4,cifar10,87.000000,2.787590,0.121239,952
13,6,2734,raspi4,cifar10,92.086670,18.498219,0.121239,952
13,6,11492,raspi4,cifar10,90.530000,9.770110,0.121239,952
13,6,12462,raspi4,cifar10,86.350000,2.542524,0.121239,952
13,6,3731,raspi4,cifar10,94.343330,58.070793,0.121239,952
13,6,5111,raspi4,cifar10,94.306660,41.756905,0.121239,952
13,6,10445,raspi4,cifar10,90.940000,12.393285,0.121239,952
13,6,8592,raspi4,cifar10,93.750000,25.477009,0.121239,952
13,6,2827,raspi4,cifar10,89.680000,5.208588,0.121239,952
13,6,11692,raspi4,cifar10,94.130000,37.583630,0.121239,952
13,7,12238,edgegpu,cifar100,67.240000,1.772847,0.140341,952
13,7,8912,edgegpu,cifar100,59.200000,1.441355,0.140341,952
13,7,4609,edgegpu,cifar100,66.520000,1.758838,0.140341,952
13,7,5674,edgegpu,cifar100,67.850000,1.787043,0.140341,952
13,7,6124,edgegpu,cifar100,68.360000,3.185835,0.140341,952
13,7,3888,edgegpu,cifar100,73.260000,6.797867,0.140341,952
13,7,9930,edgegpu,cifar100,73.513336,6.803060,0.140341,952
13,7,10022,edgegpu,cifar100,68.120000,2.855759,0.140341,952
13,7,14174,edgegpu,cifar100,72.646670,5.395265,0.140341,952
13,7,9586,edgegpu,cifar100,72.400000,5.387192,0.140341,952
13,7,4954,edgegpu,cifar100,73.000000,6.669736,0.140341,952
13,7,9922,edgegpu,cifar100,58.560000,1.428552,0.140341,952
13,7,8401,edgegpu,cifar100,71.080000,3.302102,0.140341,952
13,7,9997,edgegpu,cifar100,71.520000,3.466139,0.140341,952
13,7,1425,edgegpu,cifar100,72.093330,5.310225,0.140341,952
13,7,1509,edgegpu,cifar100,1.000000,0.505853,0.140341,952
13,7,15224,edgegpu,cifar100,67.900000,2.829962,0.140341,952
13,7,2304,edgegpu,cifar100,58.660000,1.440253,0.140341,952
13,7,2778,edgegpu,cifar100,72.993330,6.134028,0.140341,952
13,8,9541,edgetpu,cifar100,67.660000,0.486829,0.170376,950
13,8,12415,edgetpu,cifar100,71.940000,0.872299,0.170376,950
13,8,9271,edgetpu,cifar100,63.400000,0.393151,0.170376,950
13,8,10443,edgetpu,cifar100,68.300000,0.489020,0.170376,950
13,8,5019,edgetpu,cifar100,58.880000,0.357058,0.170376,950
13,8,1425,edgetpu,cifar100,72.093330,0.910660,0.170376,950
13,8,9930,edgetpu,cifar100,73.513336,1.454107,0.170376,950
13,8,15363,edgetpu,cifar100,70.520000,0.676394,0.170376,950
13,8,4418,edgetpu,cifar100,72.746666,1.093699,0.170376,950
13,8,857,edgetpu,cifar100,72.880000,1.264168,0.170376,950
13,8,1317,edgetpu,cifar100,72.566666,1.023844,0.170376,950
13,8,9997,edgetpu,cifar100,71.520000,0.729986,0.170376,950
13,8,9782,edgetpu,cifar100,69.970000,0.639918,0.170376,950
13,8,777,edgetpu,cifar100,58.650000,0.355588,0.170376,950
13,8,12761,edgetpu,cifar100,72.860000,1.225212,0.170376,950
13,8,3888,edgetpu,cifar100,73.260000,1.316226,0.170376,950
13,8,6974,edgetpu,cifar100,61.880000,0.392555,0.170376,950
13,8,6382,edgetpu,cifar100,69.533330,0.634724,0.170376,950
13,8,6499,edgetpu,cifar100,70.630000,0.728320,0.170376,950
13,8,14174,edgetpu,cifar100,72.646670,1.081678,0.170376,950
13,9,10769,eyeriss,cifar100,64.266670,1.928320,0.070993,954
13,9,699,eyeriss,cifar100,72.240000,5.123200,0.070993,954
13,9,6925,eyeriss,cifar100,71.220000,3.894400,0.070993,954
13,9,1317,eyeriss,cifar100,72.566666,6.352000,0.070993,954
13,9,10000,eyeriss,cifar100,73.160000,6.597760,0.070993,954
13,9,10689,eyeriss,cifar100,67.500000,2.174080,0.070993,954
13,9,12820,eyeriss,cifar100,67.720000,2.419840,0.070993,954
13,9,8008,eyeriss,cifar100,69.820000,3.402880,0.070993,954
13,9,15363,eyeriss,cifar100,70.520000,3.648640,0.070993,954
13,9,5111,eyeriss,cifar100,72.373340,5.368960,0.070993,954
13,9,12639,eyeriss,cifar100,68.000000,2.665600,0.070993,954
13,9,5084,eyeriss,cifar100,58.813330,1.682560,0.070993,954
13,9,3540,eyeriss,cifar100,71.500000,4.877440,0.070993,954
13,10,11973,fpga,cifar100,70.340000,2.905760,0.158147,952
13,10,4220,fpga,cifar100,64.480000,2.057760,0.158147,952
13,10,7897,fpga,cifar100,71.230000,4.163360,0.158147,952
13,10,12574,fpga,cifar100,72.740000,4.678560,0.158147,952
13,10,11000,fpga,cifar100,71.180000,3.936160,0.158147,952
13,10,2297,fpga,cifar100,66.526665,2.163360,0.158147,952
13,10,12820,fpga,cifar100,67.720000,2.678560,0.158147,952
13,10,4418,fpga,cifar100,72.746666,5.420960,0.158147,952
13,10,375,fpga,cifar100,64.440000,1.648160,0.158147,952
13,10,5084,fpga,cifar100,58.813330,1.132960,0.158147,952
13,10,9930,fpga,cifar100,73.513336,7.420960,0.158147,952
13,10,4954,fpga,cifar100,73.000000,6.572960,0.158147,952
13,10,7250,fpga,cifar100,67.706665,2.390560,0.158147,952
13,10,6111,fpga,cifar100,73.220000,6.678560,0.158147,952
13,10,12295,fpga,cifar100,71.160000,3.648160,0.158147,952
13,10,2778,fpga,cifar100,72.993330,6.163360,0.158147,952
13,10,8135,fpga,cifar100,72.780000,5.830560,0.158147,952
13,11,6925,pixel3,cifar100,71.220000,10.688000,0.122847,958
13,11,6787,pixel3,cifar100,70.720000,9.854430,0.122847,958
13,11,11301,pixel3,cifar100,68.220000,5.352090,0.122847,958
13,11,3888,pixel3,cifar100,73.260000,23.477200,0.122847,958
13,11,857,pixel3,cifar100,72.880000,19.113200,0.122847,958
13,11,3385,pixel3,cifar100,72.380000,17.527800,0.122847,958
13,11,1090,pixel3,cifar100,65.220000,2.811310,0.122847,958
13,11,485,pixel3,cifar100,67.593330,4.124800,0.122847,958
13,11,1413,pixel3,cifar100,69.186670,6.545880,0.122847,958
13,11,1595,pixel3,cifar100,62.146667,1.665240,0.122847,958
13,11,9930,pixel3,cifar100,73.513336,42.003600,0.122847,958
13,11,572,pixel3,cifar100,70.313330,8.017480,0.122847,958
13,11,1459,pixel3,cifar100,73.140000,23.437900,0.122847,958
13,11,3776,pixel3,cifar100,66.920000,3.109320,0.122847,958
13,11,5019,pixel3,cifar100,58.880000,1.483640,0.122847,958
13,11,1409,pixel3,cifar100,58.853333,1.275090,0.122847,958
13,11,4977,pixel3,cifar100,63.360000,2.211970,0.122847,958
13,11,699,pixel3,cifar100,72.240000,12.079400,0.122847,958
13,11,13754,pixel3,cifar100,62.366665,2.200510,0.122847,958
13,11,15162,pixel3,cifar100,1.000000,0.008847,0.122847,958
13,12,2400,raspi4,cifar100,67.266670,13.706772,0.146878,951
13,12,2286,raspi4,cifar100,58.106667,2.566738,0.146878,951
13,12,2063,raspi4,cifar100,62.320000,4.792511,0.146878,951
13,12,4863,raspi4,cifar100,67.280000,17.068188,0.146878,951
13,12,9997,raspi4,cifar100,71.520000,34.996710,0.146878,951
13,12,9930,raspi4,cifar100,73.513336,71.152000,0.146878,951
13,12,1651,raspi4,cifar100,1.000000,0.015243,0.146878,951
13,12,10603,raspi4,cifar100,71.760000,40.768764,0.146878,951
13,12,4418,raspi4,cifar100,72.746666,47.162354,0.146878,951
13,12,1114,raspi4,cifar100,70.360000,33.277428,0.146878,951
13,12,2053,raspi4,cifar100,72.200000,46.660720,0.146878,951
13,12,3256,raspi4,cifar100,70.106670,23.719236,0.146878,951
13,12,15383,raspi4,cifar100,71.660000,38.693768,0.146878,951
13,12,1572,raspi4,cifar100,69.900000,19.916142,0.146878,951
13,12,1459,raspi4,cifar100,73.140000,53.879950,0.146878,951
13,12,3888,raspi4,cifar100,73.260000,55.029520,0.146878,951
13,12,9569,raspi4,cifar100,64.360000,5.220740,0.146878,951
13,12,12915,raspi4,cifar100,66.950000,7.226311,0.146878,951
13,12,3150,raspi4,cifar100,67.460000,18.585710,0.146878,951
13,12,5019,raspi4,cifar100,58.880000,2.822617,0.146878,951
13,13,8401,edgegpu,ImageNet16-120,43.833332,3.322444,0.128060,951
13,13,9077,edgegpu,ImageNet16-120,39.500000,1.801076,0.128060,951
13,13,8426,edgegpu,ImageNet16-120,44.633335,3.370147,0.128060,951
13,13,12854,edgegpu,ImageNet16-120,44.700000,4.222531,0.128060,951
13,13,561,edgegpu,ImageNet16-120,28.911112,1.461983,0.128060,951
13,13,9672,edgegpu,ImageNet16-120,39.388890,1.758208,0.128060,951
13,13,5751,edgegpu,ImageNet16-120,40.044445,2.434626,0.128060,951
13,13,454,edgegpu,ImageNet16-120,41.277780,3.303313,0.128060,951
13,13,212,edgegpu,ImageNet16-120,44.777780,4.505982,0.128060,951
13,13,12415,edgegpu,ImageNet16-120,46.566666,4.667692,0.128060,951
13,13,5374,edgegpu,ImageNet16-120,46.766666,5.294285,0.128060,951
13,13,7760,edgegpu,ImageNet16-120,39.100000,1.743751,0.128060,951
13,13,15159,edgegpu,ImageNet16-120,45.566666,4.632421,0.128060,951
13,13,9997,edgegpu,ImageNet16-120,43.966667,3.355384,0.128060,951
13,13,15112,edgegpu,ImageNet16-120,0.833333,0.539045,0.128060,951
13,13,15589,edgegpu,ImageNet16-120,28.288889,1.428628,0.128060,951
13,13,11438,edgegpu,ImageNet16-120,39.733334,1.903386,0.128060,951
13,13,9149,edgegpu,ImageNet16-120,46.900000,6.514106,0.128060,951
13,13,7187,edgegpu,ImageNet16-120,28.683332,1.443858,0.128060,951
13,13,1164,edgegpu,ImageNet16-120,28.522223,1.435223,0.128060,951
13,14,5724,edgetpu,ImageNet16-120,28.366667,0.359987,0.135116,950
13,14,9806,edgetpu,ImageNet16-120,39.966667,0.517371,0.135116,950
13,14,8733,edgetpu,ImageNet16-120,46.600000,0.800426,0.135116,950
13,14,7870,edgetpu,ImageNet16-120,42.633335,0.551386,0.135116,950
13,14,6703,edgetpu,ImageNet16-120,44.655556,0.675672,0.135116,950
13,14,13097,edgetpu,ImageNet16-120,39.655556,0.428424,0.135116,950
13,14,10835,edgetpu,ImageNet16-120,45.233334,0.719910,0.135116,950
13,14,14662,edgetpu,ImageNet16-120,41.166668,0.547835,0.135116,950
13,14,550,edgetpu,ImageNet16-120,33.177776,0.391468,0.135116,950
13,14,4977,edgetpu,ImageNet16-120,32.966667,0.367728,0.135116,950
13,14,5973,edgetpu,ImageNet16-120,40.100000,0.517454,0.135116,950
13,14,2213,edgetpu,ImageNet16-120,45.588890,0.779433,0.135116,950
13,14,11973,edgetpu,ImageNet16-120,42.933334,0.565265,0.135116,950
13,14,2734,edgetpu,ImageNet16-120,38.877777,0.428316,0.135116,950
13,14,13284,edgetpu,ImageNet16-120,40.177776,0.534381,0.135116,950
13,14,2371,edgetpu,ImageNet16-120,42.177776,0.550216,0.135116,950
13,14,14655,edgetpu,ImageNet16-120,44.000000,0.599924,0.135116,950
13,15,3687,eyeriss,ImageNet16-120,34.066666,0.484480,0.121618,950
13,15,10146,eyeriss,ImageNet16-120,28.366667,0.423040,0.121618,950
13,15,6787,eyeriss,ImageNet16-120,44.400000,0.914560,0.121618,950
13,15,2835,eyeriss,ImageNet16-120,38.222220,0.545920,0.121618,950
13,15,13171,eyeriss,ImageNet16-120,44.966667,0.976000,0.121618,950
13,15,8736,eyeriss,ImageNet16-120,45.700000,1.221760,0.121618,950
13,15,15383,eyeriss,ImageNet16-120,47.033333,1.283200,0.121618,950
13,15,7551,eyeriss,ImageNet16-120,38.477780,0.607360,0.121618,950
13,15,8008,eyeriss,ImageNet16-120,43.500000,0.853120,0.121618,950
13,15,11301,eyeriss,ImageNet16-120,39.700000,0.668800,0.121618,950
13,15,12231,eyeriss,ImageNet16-120,40.200000,0.791680,0.121618,950
13,16,857,fpga,ImageNet16-120,47.311110,2.038400,0.120286,950
13,16,8008,fpga,ImageNet16-120,43.500000,0.876800,0.120286,950
13,16,1939,fpga,ImageNet16-120,45.077778,1.062400,0.120286,950
13,16,2018,fpga,ImageNet16-120,46.433334,1.596800,0.120286,950
13,16,6787,fpga,ImageNet16-120,44.400000,0.969600,0.120286,950
13,16,4829,fpga,ImageNet16-120,34.200000,0.415520,0.120286,950
13,16,2835,fpga,ImageNet16-120,38.222220,0.546720,0.120286,950
13,16,12415,fpga,ImageNet16-120,46.566666,1.852800,0.120286,950
13,16,14346,fpga,ImageNet16-120,34.644444,0.517920,0.120286,950
13,16,8853,fpga,ImageNet16-120,45.600000,1.155200,0.120286,950
13,16,13778,fpga,ImageNet16-120,46.277780,1.504000,0.120286,950
13,16,4618,fpga,ImageNet16-120,28.544445,0.284320,0.120286,950
13,16,14748,fpga,ImageNet16-120,44.900000,0.995200,0.120286,950
13,16,6210,fpga,ImageNet16-120,39.000000,0.780320,0.120286,950
13,16,10017,fpga,ImageNet16-120,40.566666,0.784000,0.120286,950
13,16,10699,fpga,ImageNet16-120,46.833332,1.945600,0.120286,950
13,16,7187,fpga,ImageNet16-120,28.683332,0.386720,0.120286,950
13,16,7551,fpga,ImageNet16-120,38.477780,0.677920,0.120286,950
13,17,10340,pixel3,ImageNet16-120,31.522223,0.617772,0.186882,967
13,17,12887,pixel3,ImageNet16-120,46.533333,6.897520,0.186882,967
13,17,3496,pixel3,ImageNet16-120,34.233334,0.670584,0.186882,967
13,17,225,pixel3,ImageNet16-120,0.833333,0.005741,0.186882,967
13,17,12103,pixel3,ImageNet16-120,28.250000,0.422433,0.186882,967
13,17,11743,pixel3,ImageNet16-120,43.483334,2.708500,0.186882,967
13,17,9953,pixel3,ImageNet16-120,40.066666,2.296200,0.186882,967
13,17,3385,pixel3,ImageNet16-120,46.400000,4.973160,0.186882,967
13,17,5604,pixel3,ImageNet16-120,38.750000,1.481230,0.186882,967
13,17,12599,pixel3,ImageNet16-120,41.866665,2.472100,0.186882,967
13,17,2672,pixel3,ImageNet16-120,43.633335,2.984100,0.186882,967
13,17,8768,pixel3,ImageNet16-120,45.066666,3.254590,0.186882,967
13,17,9586,pixel3,ImageNet16-120,46.933334,9.714070,0.186882,967
13,17,4409,pixel3,ImageNet16-120,37.722220,0.862979,0.186882,967
13,17,9496,pixel3,ImageNet16-120,38.200000,1.024960,0.186882,967
13,17,13931,pixel3,ImageNet16-120,28.788889,0.504246,0.186882,967
13,17,6156,pixel3,ImageNet16-120,39.833332,1.768470,0.186882,967
13,17,1413,pixel3,ImageNet16-120,42.711113,2.476050,0.186882,967
13,17,4361,pixel3,ImageNet16-120,45.744446,4.605970,0.186882,967
13,17,323,pixel3,ImageNet16-120,32.800000,0.619481,0.186882,967
13,18,219,raspi4,ImageNet16-120,42.500000,3.768475,0.136463,952
13,18,9585,raspi4,ImageNet16-120,0.833333,0.011519,0.136463,952
13,18,9586,raspi4,ImageNet16-120,46.933334,11.730493,0.136463,952
13,18,10400,raspi4,ImageNet16-120,46.533333,9.373583,0.136463,952
13,18,10189,raspi4,ImageNet16-120,45.200000,6.699618,0.136463,952
13,18,8649,raspi4,ImageNet16-120,43.616665,5.288754,0.136463,952
13,18,3888,raspi4,ImageNet16-120,46.500000,8.664338,0.136463,952
13,18,4988,raspi4,ImageNet16-120,28.933332,1.003251,0.136463,952
13,18,12415,raspi4,ImageNet16-120,46.566666,10.327170,0.136463,952
13,18,8884,raspi4,ImageNet16-120,45.033333,5.293177,0.136463,952
13,18,6982,raspi4,ImageNet16-120,45.566666,7.409957,0.136463,952
13,18,3687,raspi4,ImageNet16-120,34.066666,1.583497,0.136463,952
13,18,8323,raspi4,ImageNet16-120,38.033333,2.287984,0.136463,952
13,18,7187,raspi4,ImageNet16-120,28.683332,0.952790,0.136463,952
13,18,10017,raspi4,ImageNet16-120,40.566666,3.181383,0.136463,952
13,18,8008,raspi4,ImageNet16-120,43.500000,3.819445,0.136463,952
13,18,4675,raspi4,ImageNet16-120,33.100000,1.544321,0.136463,952
13,18,12015,raspi4,ImageNet16-120,45.900000,7.814998,0.136463,952
13,18,3452,raspi4,ImageNet16-120,38.966667,3.083896,0.136463,952
13,18,11207,raspi4,ImageNet16-120,37.666668,2.203949,0.136463,952
14,1,1339,edgegpu,cifar10,92.136665,1.751881,0.122771,952
14,1,258,edgegpu,cifar10,93.640000,3.307109,0.122771,952
14,1,6499,edgegpu,cifar10,93.645000,3.331041,0.122771,952
14,1,14090,edgegpu,cifar10,92.086670,1.749086,0.122771,952
14,1,8687,edgegpu,cifar10,86.763336,1.454229,0.122771,952
14,1,11692,edgegpu,cifar10,94.130000,4.708362,0.122771,952
14,1,1099,edgegpu,cifar10,92.240000,1.774683,0.122771,952
14,1,6863,edgegpu,cifar10,86.740000,1.441083,0.122771,952
14,1,13401,edgegpu,cifar10,87.010000,1.457009,0.122771,952
14,1,5039,edgegpu,cifar10,10.000000,0.539684,0.122771,952
14,1,5780,edgegpu,cifar10,93.980000,3.361888,0.122771,952
14,1,1549,edgegpu,cifar10,86.710000,1.436324,0.122771,952
14,1,13539,edgegpu,cifar10,94.190000,6.504121,0.122771,952
14,1,582,edgegpu,cifar10,94.176670,6.117687,0.122771,952
14,1,5400,edgegpu,cifar10,86.630000,1.427460,0.122771,952
14,1,6111,edgegpu,cifar10,94.373340,6.810174,0.122771,952
14,1,5292,edgegpu,cifar10,94.293335,6.663151,0.122771,952
14,2,3731,edgetpu,cifar10,94.343330,1.282820,0.136197,950
14,2,7636,edgetpu,cifar10,92.270000,0.481888,0.136197,950
14,2,11692,edgetpu,cifar10,94.130000,0.761100,0.136197,950
14,2,9722,edgetpu,cifar10,93.540000,0.723575,0.136197,950
14,2,10167,edgetpu,cifar10,92.020000,0.481180,0.136197,950
14,2,9689,edgetpu,cifar10,93.370000,0.628386,0.136197,950
14,2,6111,edgetpu,cifar10,94.373340,1.379029,0.136197,950
14,2,5780,edgetpu,cifar10,93.980000,0.723967,0.136197,950
14,2,6382,edgetpu,cifar10,93.376660,0.628638,0.136197,950
14,2,1595,edgetpu,cifar10,88.963330,0.389815,0.136197,950
14,2,2648,edgetpu,cifar10,93.246666,0.628167,0.136197,950
14,2,12439,edgetpu,cifar10,86.393330,0.352159,0.136197,950
14,2,15459,edgetpu,cifar10,93.160000,0.628147,0.136197,950
14,2,5111,edgetpu,cifar10,94.306660,1.152010,0.136197,950
14,2,3955,edgetpu,cifar10,88.863335,0.389665,0.136197,950
14,2,7017,edgetpu,cifar10,86.970000,0.353089,0.136197,950
14,2,4675,edgetpu,cifar10,89.200000,0.395661,0.136197,950
14,2,8008,edgetpu,cifar10,93.480000,0.629746,0.136197,950
14,3,6854,eyeriss,cifar10,91.040000,2.662580,0.150009,952
14,3,3687,eyeriss,cifar10,89.820000,1.925300,0.150009,952
14,3,12820,eyeriss,cifar10,90.880000,2.416820,0.150009,952
14,3,8323,eyeriss,cifar10,90.870000,2.171060,0.150009,952
14,3,8008,eyeriss,cifar10,93.480000,3.399860,0.150009,952
14,3,9950,eyeriss,cifar10,93.840000,4.628660,0.150009,952
14,3,3731,eyeriss,cifar10,94.343330,6.594740,0.150009,952
14,3,5111,eyeriss,cifar10,94.306660,5.365940,0.150009,952
14,3,11692,eyeriss,cifar10,94.130000,4.874420,0.150009,952
14,3,6111,eyeriss,cifar10,94.373340,7.823540,0.150009,952
14,3,4384,eyeriss,cifar10,86.796670,1.679540,0.150009,952
14,3,8592,eyeriss,cifar10,93.750000,3.891380,0.150009,952
14,3,13611,eyeriss,cifar10,92.490000,3.154100,0.150009,952
14,3,13714,eyeriss,cifar10,94.373340,7.823540,0.150009,952
14,3,13987,eyeriss,cifar10,93.596664,3.645620,0.150009,952
14,4,4384,fpga,cifar10,86.796670,1.132960,0.159235,950
14,4,6111,fpga,cifar10,94.373340,6.678560,0.159235,950
14,4,3731,fpga,cifar10,94.343330,5.936160,0.159235,950
14,4,4249,fpga,cifar10,89.830000,2.057760,0.159235,950
14,4,4659,fpga,cifar10,93.396670,2.905760,0.159235,950
14,4,5111,fpga,cifar10,94.306660,5.193760,0.159235,950
14,4,10412,fpga,cifar10,93.530000,3.420960,0.159235,950
14,4,3687,fpga,cifar10,89.820000,1.648160,0.159235,950
14,4,8323,fpga,cifar10,90.870000,2.163360,0.159235,950
14,4,13611,fpga,cifar10,92.490000,2.390560,0.159235,950
14,4,9950,fpga,cifar10,93.840000,3.648160,0.159235,950
14,4,11692,fpga,cifar10,94.130000,4.163360,0.159235,950
14,5,1962,pixel3,cifar10,86.530000,1.061010,0.162550,951
14,5,6854,pixel3,cifar10,91.040000,4.514220,0.162550,951
14,5,12452,pixel3,cifar10,91.350000,5.590110,0.162550,951
14,5,14941,pixel3,cifar10,89.710000,2.366260,0.162550,951
14,5,8592,pixel3,cifar10,93.750000,10.769800,0.162550,951
14,5,3731,pixel3,cifar10,94.343330,23.361300,0.162550,951
14,5,8323,pixel3,cifar10,90.870000,3.106420,0.162550,951
14,5,5111,pixel3,cifar10,94.306660,17.584600,0.162550,951
14,5,3261,pixel3,cifar10,92.956665,6.620400,0.162550,951
14,5,1631,pixel3,cifar10,89.506670,1.697120,0.162550,951
14,5,1425,pixel3,cifar10,93.933334,12.536500,0.162550,951
14,5,13171,pixel3,cifar10,93.530000,7.717220,0.162550,951
14,5,11000,pixel3,cifar10,93.560000,10.109500,0.162550,951
14,5,6111,pixel3,cifar10,94.373340,23.584800,0.162550,951
14,5,7001,pixel3,cifar10,10.000000,0.003277,0.162550,951
14,5,5149,pixel3,cifar10,92.090000,5.987440,0.162550,951
14,5,11692,pixel3,cifar10,94.130000,15.490100,0.162550,951
14,5,6918,pixel3,cifar10,87.000000,1.478790,0.162550,951
14,5,1941,pixel3,cifar10,93.533330,9.128690,0.162550,951
14,5,5780,pixel3,cifar10,93.980000,14.657600,0.162550,951
14,6,15459,raspi4,cifar10,93.160000,20.628489,0.135744,951
14,6,1781,raspi4,cifar10,89.883330,5.961801,0.135744,951
14,6,9051,raspi4,cifar10,10.000000,0.011330,0.135744,951
14,6,1962,raspi4,cifar10,86.530000,2.529453,0.135744,951
14,6,7017,raspi4,cifar10,86.970000,2.544041,0.135744,951
14,6,10445,raspi4,cifar10,90.940000,12.393285,0.135744,951
14,6,5780,raspi4,cifar10,93.980000,34.928463,0.135744,951
14,6,4210,raspi4,cifar10,89.030000,4.782748,0.135744,951
14,6,6111,raspi4,cifar10,94.373340,68.404106,0.135744,951
14,6,3731,raspi4,cifar10,94.343330,58.070793,0.135744,951
14,6,13171,raspi4,cifar10,93.530000,29.995335,0.135744,951
14,6,5645,raspi4,cifar10,93.485000,25.839832,0.135744,951
14,6,5111,raspi4,cifar10,94.306660,41.756905,0.135744,951
14,6,7676,raspi4,cifar10,92.230000,18.727220,0.135744,951
14,6,11492,raspi4,cifar10,90.530000,9.770110,0.135744,951
14,6,11692,raspi4,cifar10,94.130000,37.583630,0.135744,951
14,6,8426,raspi4,cifar10,93.840000,31.394428,0.135744,951
14,6,4659,raspi4,cifar10,93.396670,22.249382,0.135744,951
14,6,12504,raspi4,cifar10,92.130000,16.890614,0.135744,951
14,7,13184,edgegpu,cifar100,1.000000,0.535808,0.140979,950
14,7,5400,edgegpu,cifar100,58.800000,1.446357,0.140979,950
14,7,9930,edgegpu,cifar100,73.513336,6.803060,0.140979,950
14,7,2778,edgegpu,cifar100,72.993330,6.134028,0.140979,950
14,7,4609,edgegpu,cifar100,66.520000,1.758838,0.140979,950
14,7,8401,edgegpu,cifar100,71.080000,3.302102,0.140979,950
14,7,9922,edgegpu,cifar100,58.560000,1.428552,0.140979,950
14,7,4954,edgegpu,cifar100,73.000000,6.669736,0.140979,950
14,7,4418,edgegpu,cifar100,72.746666,5.352364,0.140979,950
14,7,12415,edgegpu,cifar100,71.940000,4.828467,0.140979,950
14,7,5019,edgegpu,cifar100,58.880000,1.488929,0.140979,950
14,7,1110,edgegpu,cifar100,58.840000,1.451211,0.140979,950
14,7,3888,edgegpu,cifar100,73.260000,6.797867,0.140979,950
14,7,9997,edgegpu,cifar100,71.520000,3.466139,0.140979,950
14,7,11810,edgegpu,cifar100,68.300000,1.779551,0.140979,950
14,8,857,edgetpu,cifar100,72.880000,1.264168,0.176059,950
14,8,5019,edgetpu,cifar100,58.880000,0.357058,0.176059,950
14,8,2581,edgetpu,cifar100,73.166664,1.354564,0.176059,950
14,8,4977,edgetpu,cifar100,63.360000,0.398743,0.176059,950
14,8,1425,edgetpu,cifar100,72.093330,0.910660,0.176059,950
14,8,9997,edgetpu,cifar100,71.520000,0.729986,0.176059,950
14,8,1459,edgetpu,cifar100,73.140000,1.311551,0.176059,950
14,8,4418,edgetpu,cifar100,72.746666,1.093699,0.176059,950
14,8,9930,edgetpu,cifar100,73.513336,1.454107,0.176059,950
14,8,1317,edgetpu,cifar100,72.566666,1.023844,0.176059,950
14,8,12415,edgetpu,cifar100,71.940000,0.872299,0.176059,950
14,8,3811,edgetpu,cifar100,69.360000,0.634206,0.176059,950
14,8,10750,edgetpu,cifar100,70.540000,0.727712,0.176059,950
14,8,12761,edgetpu,cifar100,72.860000,1.225212,0.176059,950
14,8,13731,edgetpu,cifar100,66.953330,0.487148,0.176059,950
14,8,3294,edgetpu,cifar100,58.400000,0.355341,0.176059,950
14,8,11810,edgetpu,cifar100,68.300000,0.492126,0.176059,950
14,8,2705,edgetpu,cifar100,62.813330,0.393026,0.176059,950
14,8,898,edgetpu,cifar100,70.000000,0.636860,0.176059,950
14,9,8323,eyeriss,cifar100,67.080000,2.174080,0.150867,952
14,9,2191,eyeriss,cifar100,58.386665,1.682560,0.150867,952
14,9,5651,eyeriss,cifar100,64.690000,1.928320,0.150867,952
14,9,1459,eyeriss,cifar100,73.140000,6.597760,0.150867,952
14,9,12574,eyeriss,cifar100,72.740000,5.123200,0.150867,952
14,9,11472,eyeriss,cifar100,70.860000,4.631680,0.150867,952
14,9,7897,eyeriss,cifar100,71.230000,4.877440,0.150867,952
14,9,11436,eyeriss,cifar100,67.280000,2.419840,0.150867,952
14,9,9930,eyeriss,cifar100,73.513336,9.055360,0.150867,952
14,9,6111,eyeriss,cifar100,73.220000,7.826560,0.150867,952
14,9,12761,eyeriss,cifar100,72.860000,6.352000,0.150867,952
14,9,5725,eyeriss,cifar100,70.600000,3.648640,0.150867,952
14,9,431,eyeriss,cifar100,67.626660,3.157120,0.150867,952
14,9,11973,eyeriss,cifar100,70.340000,3.402880,0.150867,952
14,10,14698,fpga,cifar100,67.700000,2.800160,0.090896,951
14,10,37,fpga,cifar100,64.933334,2.057760,0.090896,951
14,10,11973,fpga,cifar100,70.340000,2.905760,0.090896,951
14,10,69,fpga,cifar100,71.020000,3.648160,0.090896,951
14,10,12761,fpga,cifar100,72.860000,5.420960,0.090896,951
14,10,10000,fpga,cifar100,73.160000,5.936160,0.090896,951
14,10,2191,fpga,cifar100,58.386665,1.132960,0.090896,951
14,10,4932,fpga,cifar100,66.470000,2.163360,0.090896,951
14,10,10715,fpga,cifar100,71.840000,4.678560,0.090896,951
14,10,9930,fpga,cifar100,73.513336,7.420960,0.090896,951
14,10,2018,fpga,cifar100,72.360000,5.193760,0.090896,951
14,10,8610,fpga,cifar100,71.300000,4.163360,0.090896,951
14,10,431,fpga,cifar100,67.626660,2.390560,0.090896,951
14,10,6111,fpga,cifar100,73.220000,6.678560,0.090896,951
14,10,3687,fpga,cifar100,64.460000,1.648160,0.090896,951
14,11,8290,pixel3,cifar100,71.330000,16.467300,0.119701,952
14,11,8638,pixel3,cifar100,58.860000,1.478570,0.119701,952
14,11,14174,pixel3,cifar100,72.646670,22.353800,0.119701,952
14,11,7690,pixel3,cifar100,57.920000,1.475460,0.119701,952
14,11,10689,pixel3,cifar100,67.500000,3.109220,0.119701,952
14,11,1631,pixel3,cifar100,63.986668,1.805000,0.119701,952
14,11,722,pixel3,cifar100,72.260000,16.581200,0.119701,952
14,11,3888,pixel3,cifar100,73.260000,23.477200,0.119701,952
14,11,9649,pixel3,cifar100,64.540000,2.536210,0.119701,952
14,11,8323,pixel3,cifar100,67.080000,3.106340,0.119701,952
14,11,921,pixel3,cifar100,68.220000,8.424450,0.119701,952
14,11,6787,pixel3,cifar100,70.720000,9.854430,0.119701,952
14,11,3385,pixel3,cifar100,72.380000,17.527800,0.119701,952
14,11,12820,pixel3,cifar100,67.720000,4.806070,0.119701,952
14,11,6925,pixel3,cifar100,71.220000,10.688000,0.119701,952
14,11,1450,pixel3,cifar100,70.506670,9.337360,0.119701,952
14,11,894,pixel3,cifar100,61.933334,1.581120,0.119701,952
14,11,1572,pixel3,cifar100,69.900000,8.908810,0.119701,952
14,11,7330,pixel3,cifar100,1.000000,0.009020,0.119701,952
14,11,6156,pixel3,cifar100,67.820000,7.854340,0.119701,952
14,12,6087,raspi4,cifar100,60.940000,4.798827,0.130396,970
14,12,14112,raspi4,cifar100,68.386665,14.423308,0.130396,970
14,12,4359,raspi4,cifar100,64.233330,5.126531,0.130396,970
14,12,1459,raspi4,cifar100,73.140000,53.879950,0.130396,970
14,12,14443,raspi4,cifar100,71.740000,39.168526,0.130396,970
14,12,2018,raspi4,cifar100,72.360000,39.345867,0.130396,970
14,12,6040,raspi4,cifar100,1.000000,0.015365,0.130396,970
14,12,8853,raspi4,cifar100,71.220000,31.380384,0.130396,970
14,12,1939,raspi4,cifar100,70.760000,24.555029,0.130396,970
14,12,9782,raspi4,cifar100,69.970000,21.914854,0.130396,970
14,12,5111,raspi4,cifar100,72.373340,44.227980,0.130396,970
14,12,11000,raspi4,cifar100,71.180000,26.077381,0.130396,970
14,12,4820,raspi4,cifar100,69.360000,20.316343,0.130396,970
14,12,9997,raspi4,cifar100,71.520000,34.996710,0.130396,970
14,12,13430,raspi4,cifar100,66.700000,7.203785,0.130396,970
14,12,2222,raspi4,cifar100,58.313330,2.538255,0.130396,970
14,12,1357,raspi4,cifar100,67.480000,10.177114,0.130396,970
14,12,4418,raspi4,cifar100,72.746666,47.162354,0.130396,970
14,12,9930,raspi4,cifar100,73.513336,71.152000,0.130396,970
14,12,6111,raspi4,cifar100,73.220000,61.573837,0.130396,970
14,13,8687,edgegpu,ImageNet16-120,28.888890,1.470962,0.187784,951
14,13,14527,edgegpu,ImageNet16-120,28.133333,1.423783,0.187784,951
14,13,11961,edgegpu,ImageNet16-120,39.722220,1.916986,0.187784,951
14,13,1449,edgegpu,ImageNet16-120,40.077778,3.075252,0.187784,951
14,13,4587,edgegpu,ImageNet16-120,28.800000,1.445131,0.187784,951
14,13,14840,edgegpu,ImageNet16-120,45.311110,4.224715,0.187784,951
14,13,12415,edgegpu,ImageNet16-120,46.566666,4.667692,0.187784,951
14,13,14090,edgegpu,ImageNet16-120,39.266666,1.757860,0.187784,951
14,13,14027,edgegpu,ImageNet16-120,40.266666,3.306937,0.187784,951
14,13,10699,edgegpu,ImageNet16-120,46.833332,6.223283,0.187784,951
14,13,5374,edgegpu,ImageNet16-120,46.766666,5.294285,0.187784,951
14,13,14612,edgegpu,ImageNet16-120,28.488890,1.434064,0.187784,951
14,13,7760,edgegpu,ImageNet16-120,39.100000,1.743751,0.187784,951
14,13,9819,edgegpu,ImageNet16-120,44.000000,3.539810,0.187784,951
14,13,8401,edgegpu,ImageNet16-120,43.833332,3.322444,0.187784,951
14,13,12451,edgegpu,ImageNet16-120,44.433334,3.542786,0.187784,951
14,13,9672,edgegpu,ImageNet16-120,39.388890,1.758208,0.187784,951
14,13,8355,edgegpu,ImageNet16-120,39.666668,1.810203,0.187784,951
14,13,9997,edgegpu,ImageNet16-120,43.966667,3.355384,0.187784,951
14,13,15376,edgegpu,ImageNet16-120,0.833333,0.533953,0.187784,951
14,14,15033,edgetpu,ImageNet16-120,39.544445,0.443991,0.216564,950
14,14,5724,edgetpu,ImageNet16-120,28.366667,0.359987,0.216564,950
14,14,1593,edgetpu,ImageNet16-120,31.766666,0.369485,0.216564,950
14,14,6703,edgetpu,ImageNet16-120,44.655556,0.675672,0.216564,950
14,14,4438,edgetpu,ImageNet16-120,39.800000,0.475448,0.216564,950
14,14,6382,edgetpu,ImageNet16-120,42.866665,0.555524,0.216564,950
14,14,13171,edgetpu,ImageNet16-120,44.966667,0.697535,0.216564,950
14,14,7250,edgetpu,ImageNet16-120,39.288887,0.430217,0.216564,950
14,14,9806,edgetpu,ImageNet16-120,39.966667,0.517371,0.216564,950
14,14,15363,edgetpu,ImageNet16-120,44.333332,0.582280,0.216564,950
14,14,10835,edgetpu,ImageNet16-120,45.233334,0.719910,0.216564,950
14,14,15383,edgetpu,ImageNet16-120,47.033333,0.780914,0.216564,950
14,14,8426,edgetpu,ImageNet16-120,44.633335,0.652325,0.216564,950
14,14,12574,edgetpu,ImageNet16-120,45.466667,0.766278,0.216564,950
14,14,5530,edgetpu,ImageNet16-120,42.577778,0.549937,0.216564,950
14,14,3398,edgetpu,ImageNet16-120,32.055557,0.380030,0.216564,950
14,14,13769,edgetpu,ImageNet16-120,41.555557,0.549360,0.216564,950
14,14,3236,edgetpu,ImageNet16-120,40.044445,0.517540,0.216564,950
14,14,13284,edgetpu,ImageNet16-120,40.177776,0.534381,0.216564,950
14,14,15360,edgetpu,ImageNet16-120,32.477780,0.394258,0.216564,950
14,15,5973,eyeriss,ImageNet16-120,40.100000,0.791680,0.143739,970
14,15,2035,eyeriss,ImageNet16-120,33.788887,0.484480,0.143739,970
14,15,3650,eyeriss,ImageNet16-120,43.866665,0.914560,0.143739,970
14,15,9565,eyeriss,ImageNet16-120,33.788887,0.484480,0.143739,970
14,15,4988,eyeriss,ImageNet16-120,28.933332,0.423040,0.143739,970
14,15,8008,eyeriss,ImageNet16-120,43.500000,0.853120,0.143739,970
14,15,11867,eyeriss,ImageNet16-120,43.866665,0.914560,0.143739,970
14,15,8853,eyeriss,ImageNet16-120,45.600000,1.037440,0.143739,970
14,15,1425,eyeriss,ImageNet16-120,45.977780,1.283200,0.143739,970
14,15,11436,eyeriss,ImageNet16-120,38.133335,0.607360,0.143739,970
14,15,7252,eyeriss,ImageNet16-120,44.666668,0.976000,0.143739,970
14,15,9032,eyeriss,ImageNet16-120,38.016666,0.545920,0.143739,970
14,15,5111,eyeriss,ImageNet16-120,46.588890,1.344640,0.143739,970
14,15,10699,eyeriss,ImageNet16-120,46.833332,1.590400,0.143739,970
14,16,4988,fpga,ImageNet16-120,28.933332,0.284320,0.195192,950
14,16,857,fpga,ImageNet16-120,47.311110,2.038400,0.195192,950
14,16,4963,fpga,ImageNet16-120,42.633335,0.876800,0.195192,950
14,16,12639,fpga,ImageNet16-120,40.400000,0.809120,0.195192,950
14,16,5374,fpga,ImageNet16-120,46.766666,1.945600,0.195192,950
14,16,8853,fpga,ImageNet16-120,45.600000,1.155200,0.195192,950
14,16,9032,fpga,ImageNet16-120,38.016666,0.546720,0.195192,950
14,16,10412,fpga,ImageNet16-120,43.733334,0.969600,0.195192,950
14,16,5111,fpga,ImageNet16-120,46.588890,1.596800,0.195192,950
14,16,13778,fpga,ImageNet16-120,46.277780,1.504000,0.195192,950
14,16,4829,fpga,ImageNet16-120,34.200000,0.415520,0.195192,950
14,16,5487,fpga,ImageNet16-120,38.500000,0.677920,0.195192,950
14,16,5390,fpga,ImageNet16-120,43.100000,0.902400,0.195192,950
14,16,11161,fpga,ImageNet16-120,34.500000,0.517920,0.195192,950
14,16,11593,fpga,ImageNet16-120,40.166668,0.780320,0.195192,950
14,16,1939,fpga,ImageNet16-120,45.077778,1.062400,0.195192,950
14,16,14748,fpga,ImageNet16-120,44.900000,0.995200,0.195192,950
14,17,10154,pixel3,ImageNet16-120,46.133335,4.783700,0.118440,956
14,17,12506,pixel3,ImageNet16-120,43.983334,2.929990,0.118440,956
14,17,11301,pixel3,ImageNet16-120,39.700000,1.572350,0.118440,956
14,17,1939,pixel3,ImageNet16-120,45.077778,3.021500,0.118440,956
14,17,4977,pixel3,ImageNet16-120,32.966667,0.617991,0.118440,956
14,17,7685,pixel3,ImageNet16-120,37.611110,0.862589,0.118440,956
14,17,3385,pixel3,ImageNet16-120,46.400000,4.973160,0.118440,956
14,17,479,pixel3,ImageNet16-120,38.500000,1.108070,0.118440,956
14,17,12415,pixel3,ImageNet16-120,46.566666,6.021450,0.118440,956
14,17,4384,pixel3,ImageNet16-120,28.133333,0.421612,0.118440,956
14,17,1383,pixel3,ImageNet16-120,43.244446,2.680690,0.118440,956
14,17,7401,pixel3,ImageNet16-120,28.866667,0.505777,0.118440,956
14,17,3496,pixel3,ImageNet16-120,34.233334,0.670584,0.118440,956
14,17,10699,pixel3,ImageNet16-120,46.833332,6.353010,0.118440,956
14,17,12970,pixel3,ImageNet16-120,38.900000,1.318570,0.118440,956
14,17,14112,pixel3,ImageNet16-120,40.733334,1.913100,0.118440,956
14,17,3213,pixel3,ImageNet16-120,0.833333,0.005702,0.118440,956
14,17,4004,pixel3,ImageNet16-120,42.811110,2.467510,0.118440,956
14,17,8853,pixel3,ImageNet16-120,45.600000,3.554540,0.118440,956
14,17,5374,pixel3,ImageNet16-120,46.766666,6.317500,0.118440,956
14,18,933,raspi4,ImageNet16-120,0.833333,0.011514,0.200084,950
14,18,6336,raspi4,ImageNet16-120,39.366665,3.073392,0.200084,950
14,18,12887,raspi4,ImageNet16-120,46.533333,15.574343,0.200084,950
14,18,3898,raspi4,ImageNet16-120,40.400000,3.783961,0.200084,950
14,18,14840,raspi4,ImageNet16-120,45.311110,6.822836,0.200084,950
14,18,12355,raspi4,ImageNet16-120,45.033333,5.326674,0.200084,950
14,18,14697,raspi4,ImageNet16-120,33.900000,1.580382,0.200084,950
14,18,6413,raspi4,ImageNet16-120,43.711110,5.149632,0.200084,950
14,18,9032,raspi4,ImageNet16-120,38.016666,2.201532,0.200084,950
14,18,15599,raspi4,ImageNet16-120,45.188890,6.678688,0.200084,950
14,18,4986,raspi4,ImageNet16-120,45.444443,7.955931,0.200084,950
14,18,12606,raspi4,ImageNet16-120,46.500000,9.345366,0.200084,950
14,18,8860,raspi4,ImageNet16-120,46.155556,8.008269,0.200084,950
14,18,2029,raspi4,ImageNet16-120,42.488888,3.821965,0.200084,950
14,18,5063,raspi4,ImageNet16-120,46.300000,8.719974,0.200084,950
14,18,5973,raspi4,ImageNet16-120,40.100000,3.159922,0.200084,950
14,18,1362,raspi4,ImageNet16-120,42.933334,4.596485,0.200084,950
14,18,41,raspi4,ImageNet16-120,32.388890,1.528043,0.200084,950
14,18,7187,raspi4,ImageNet16-120,28.683332,0.952790,0.200084,950
14,18,15181,raspi4,ImageNet16-120,42.766666,4.527271,0.200084,950
15,1,5779,edgegpu,cifar10,86.680000,1.439686,0.138796,951
15,1,11692,edgegpu,cifar10,94.130000,4.708362,0.138796,951
15,1,13401,edgegpu,cifar10,87.010000,1.457009,0.138796,951
15,1,1601,edgegpu,cifar10,86.336670,1.433892,0.138796,951
15,1,13714,edgegpu,cifar10,94.373340,6.772180,0.138796,951
15,1,2053,edgegpu,cifar10,94.206665,5.482254,0.138796,951
15,1,2776,edgegpu,cifar10,93.666664,3.331194,0.138796,951
15,1,1459,edgegpu,cifar10,94.296670,6.748991,0.138796,951
15,1,8421,edgegpu,cifar10,10.000000,0.538597,0.138796,951
15,1,10484,edgegpu,cifar10,93.810000,3.354015,0.138796,951
15,1,15072,edgegpu,cifar10,92.350000,2.798777,0.138796,951
15,1,13760,edgegpu,cifar10,88.506670,1.764145,0.138796,951
15,1,5292,edgegpu,cifar10,94.293335,6.663151,0.138796,951
15,1,14407,edgegpu,cifar10,86.770000,1.440282,0.138796,951
15,1,9099,edgegpu,cifar10,93.940000,3.357520,0.138796,951
15,1,6499,edgegpu,cifar10,93.645000,3.331041,0.138796,951
15,1,6960,edgegpu,cifar10,92.280000,1.764450,0.138796,951
15,2,2485,edgetpu,cifar10,86.700000,0.346546,0.228424,950
15,2,4675,edgetpu,cifar10,89.200000,0.395661,0.228424,950
15,2,6515,edgetpu,cifar10,93.616670,0.722858,0.228424,950
15,2,3540,edgetpu,cifar10,93.916664,0.767036,0.228424,950
15,2,13714,edgetpu,cifar10,94.373340,1.377865,0.228424,950
15,2,970,edgetpu,cifar10,86.770000,0.371488,0.228424,950
15,2,6126,edgetpu,cifar10,93.980000,0.837913,0.228424,950
15,2,10484,edgetpu,cifar10,93.810000,0.738188,0.228424,950
15,2,2053,edgetpu,cifar10,94.206665,1.042178,0.228424,950
15,2,6330,edgetpu,cifar10,94.006670,0.867172,0.228424,950
15,2,4609,edgetpu,cifar10,91.930000,0.481311,0.228424,950
15,2,7636,edgetpu,cifar10,92.270000,0.481888,0.228424,950
15,2,5889,edgetpu,cifar10,91.996666,0.481330,0.228424,950
15,2,5111,edgetpu,cifar10,94.306660,1.152010,0.228424,950
15,2,6584,edgetpu,cifar10,94.160000,0.888877,0.228424,950
15,2,69,edgetpu,cifar10,93.706665,0.732691,0.228424,950
15,2,6382,edgetpu,cifar10,93.376660,0.628638,0.228424,950
15,2,6407,edgetpu,cifar10,88.933334,0.389381,0.228424,950
15,2,8697,edgetpu,cifar10,88.980000,0.395390,0.228424,950
15,2,8192,edgetpu,cifar10,93.093330,0.627745,0.228424,950
15,3,4207,eyeriss,cifar10,90.600000,2.171060,0.117232,955
15,3,8720,eyeriss,cifar10,89.875000,1.925300,0.117232,955
15,3,4659,eyeriss,cifar10,93.396670,3.399860,0.117232,955
15,3,15000,eyeriss,cifar10,92.400000,3.154100,0.117232,955
15,3,758,eyeriss,cifar10,86.705000,1.679540,0.117232,955
15,3,8855,eyeriss,cifar10,93.890000,4.874420,0.117232,955
15,3,6111,eyeriss,cifar10,94.373340,7.823540,0.117232,955
15,3,1114,eyeriss,cifar10,93.820000,4.628660,0.117232,955
15,3,13171,eyeriss,cifar10,93.530000,3.891380,0.117232,955
15,3,12820,eyeriss,cifar10,90.880000,2.416820,0.117232,955
15,3,5645,eyeriss,cifar10,93.485000,3.645620,0.117232,955
15,3,12639,eyeriss,cifar10,90.990000,2.662580,0.117232,955
15,3,8290,eyeriss,cifar10,93.950000,5.120180,0.117232,955
15,3,8695,eyeriss,cifar10,94.220000,5.365940,0.117232,955
15,3,3731,eyeriss,cifar10,94.343330,6.594740,0.117232,955
15,4,13714,fpga,cifar10,94.373340,6.678560,0.113047,951
15,4,11472,fpga,cifar10,93.970000,3.648160,0.113047,951
15,4,2053,fpga,cifar10,94.206665,5.420960,0.113047,951
15,4,11146,fpga,cifar10,94.040000,4.678560,0.113047,951
15,4,4384,fpga,cifar10,86.796670,1.132960,0.113047,951
15,4,6111,fpga,cifar10,94.373340,6.678560,0.113047,951
15,4,13611,fpga,cifar10,92.490000,2.390560,0.113047,951
15,4,11376,fpga,cifar10,93.510000,3.420960,0.113047,951
15,4,9032,fpga,cifar10,90.740000,2.163360,0.113047,951
15,4,8008,fpga,cifar10,93.480000,2.905760,0.113047,951
15,4,3731,fpga,cifar10,94.343330,5.936160,0.113047,951
15,4,9805,fpga,cifar10,89.790000,1.648160,0.113047,951
15,5,1778,pixel3,cifar10,92.180000,6.446230,0.159427,953
15,5,7058,pixel3,cifar10,92.040000,5.972550,0.159427,953
15,5,1497,pixel3,cifar10,86.556660,1.056630,0.159427,953
15,5,6918,pixel3,cifar10,87.000000,1.478790,0.159427,953
15,5,41,pixel3,cifar10,88.670000,1.576940,0.159427,953
15,5,10,pixel3,cifar10,10.000000,0.003401,0.159427,953
15,5,12438,pixel3,cifar10,89.875000,2.371270,0.159427,953
15,5,6330,pixel3,cifar10,94.006670,11.512400,0.159427,953
15,5,8695,pixel3,cifar10,94.220000,17.564500,0.159427,953
15,5,6382,pixel3,cifar10,93.376660,7.048190,0.159427,953
15,5,3408,pixel3,cifar10,89.530000,1.911670,0.159427,953
15,5,13846,pixel3,cifar10,90.720000,3.099760,0.159427,953
15,5,5111,pixel3,cifar10,94.306660,17.584600,0.159427,953
15,5,13171,pixel3,cifar10,93.530000,7.717220,0.159427,953
15,5,6111,pixel3,cifar10,94.373340,23.584800,0.159427,953
15,5,14964,pixel3,cifar10,90.893330,5.649390,0.159427,953
15,5,13987,pixel3,cifar10,93.596664,9.922680,0.159427,953
15,5,11692,pixel3,cifar10,94.130000,15.490100,0.159427,953
15,5,5446,pixel3,cifar10,90.500000,2.889680,0.159427,953
15,5,3731,pixel3,cifar10,94.343330,23.361300,0.159427,953
15,6,4175,raspi4,cifar10,10.000000,0.011587,0.121753,952
15,6,13714,raspi4,cifar10,94.373340,69.763310,0.121753,952
15,6,81,raspi4,cifar10,94.300000,69.064620,0.121753,952
15,6,8695,raspi4,cifar10,94.220000,45.759613,0.121753,952
15,6,6126,raspi4,cifar10,93.980000,37.342278,0.121753,952
15,6,5915,raspi4,cifar10,86.846664,2.776470,0.121753,952
15,6,13705,raspi4,cifar10,90.983330,12.544400,0.121753,952
15,6,12415,raspi4,cifar10,93.990000,43.791290,0.121753,952
15,6,12286,raspi4,cifar10,86.760000,2.546242,0.121753,952
15,6,15185,raspi4,cifar10,88.850000,4.793368,0.121753,952
15,6,1459,raspi4,cifar10,94.296670,59.089966,0.121753,952
15,6,6953,raspi4,cifar10,91.990000,15.601654,0.121753,952
15,6,4659,raspi4,cifar10,93.396670,22.249382,0.121753,952
15,6,5725,raspi4,cifar10,93.410000,24.104252,0.121753,952
15,6,6092,raspi4,cifar10,92.130000,18.357866,0.121753,952
15,6,4099,raspi4,cifar10,93.820000,34.807827,0.121753,952
15,6,8592,raspi4,cifar10,93.750000,25.477009,0.121753,952
15,6,9035,raspi4,cifar10,90.690000,7.442392,0.121753,952
15,6,4112,raspi4,cifar10,89.710000,5.004419,0.121753,952
15,6,7764,raspi4,cifar10,92.650000,21.170502,0.121753,952
15,7,9922,edgegpu,cifar100,58.560000,1.428552,0.140991,950
15,7,9930,edgegpu,cifar100,73.513336,6.803060,0.140991,950
15,7,11885,edgegpu,cifar100,68.040000,1.776652,0.140991,950
15,7,4418,edgegpu,cifar100,72.746666,5.352364,0.140991,950
15,7,4954,edgegpu,cifar100,73.000000,6.669736,0.140991,950
15,7,1509,edgegpu,cifar100,1.000000,0.505853,0.140991,950
15,7,11465,edgegpu,cifar100,71.160000,4.351864,0.140991,950
15,7,2778,edgegpu,cifar100,72.993330,6.134028,0.140991,950
15,7,12415,edgegpu,cifar100,71.940000,4.828467,0.140991,950
15,7,8912,edgegpu,cifar100,59.200000,1.441355,0.140991,950
15,7,1425,edgegpu,cifar100,72.093330,5.310225,0.140991,950
15,7,3942,edgegpu,cifar100,61.753334,1.771159,0.140991,950
15,7,8401,edgegpu,cifar100,71.080000,3.302102,0.140991,950
15,7,2304,edgegpu,cifar100,58.660000,1.440253,0.140991,950
15,8,1425,edgetpu,cifar100,72.093330,0.910660,0.236099,950
15,8,14097,edgetpu,cifar100,62.620000,0.478011,0.236099,950
15,8,9930,edgetpu,cifar100,73.513336,1.454107,0.236099,950
15,8,5019,edgetpu,cifar100,58.880000,0.357058,0.236099,950
15,8,4418,edgetpu,cifar100,72.746666,1.093699,0.236099,950
15,8,7174,edgetpu,cifar100,62.600000,0.398893,0.236099,950
15,8,12415,edgetpu,cifar100,71.940000,0.872299,0.236099,950
15,8,1317,edgetpu,cifar100,72.566666,1.023844,0.236099,950
15,8,1383,edgetpu,cifar100,70.273330,0.673722,0.236099,950
15,8,5276,edgetpu,cifar100,66.846664,0.487244,0.236099,950
15,8,6382,edgetpu,cifar100,69.533330,0.634724,0.236099,950
15,8,3888,edgetpu,cifar100,73.260000,1.316226,0.236099,950
15,8,15615,edgetpu,cifar100,70.460000,0.730730,0.236099,950
15,8,12761,edgetpu,cifar100,72.860000,1.225212,0.236099,950
15,8,3540,edgetpu,cifar100,71.500000,0.770234,0.236099,950
15,8,14945,edgetpu,cifar100,58.500000,0.354940,0.236099,950
15,8,14774,edgetpu,cifar100,61.620000,0.391679,0.236099,950
15,8,11014,edgetpu,cifar100,67.620000,0.489284,0.236099,950
15,8,4237,edgetpu,cifar100,73.073330,1.285767,0.236099,950
15,8,3811,edgetpu,cifar100,69.360000,0.634206,0.236099,950
15,9,11973,eyeriss,cifar100,70.340000,3.402880,0.107948,950
15,9,3687,eyeriss,cifar100,64.460000,1.928320,0.107948,950
15,9,5084,eyeriss,cifar100,58.813330,1.682560,0.107948,950
15,9,9930,eyeriss,cifar100,73.513336,9.055360,0.107948,950
15,9,5111,eyeriss,cifar100,72.373340,5.368960,0.107948,950
15,9,8323,eyeriss,cifar100,67.080000,2.174080,0.107948,950
15,9,12761,eyeriss,cifar100,72.860000,6.352000,0.107948,950
15,9,699,eyeriss,cifar100,72.240000,5.123200,0.107948,950
15,9,12639,eyeriss,cifar100,68.000000,2.665600,0.107948,950
15,9,3540,eyeriss,cifar100,71.500000,4.877440,0.107948,950
15,9,3888,eyeriss,cifar100,73.260000,6.597760,0.107948,950
15,9,12820,eyeriss,cifar100,67.720000,2.419840,0.107948,950
15,9,6925,eyeriss,cifar100,71.220000,3.894400,0.107948,950
15,10,4249,fpga,cifar100,65.080000,2.057760,0.132889,952
15,10,11307,fpga,cifar100,71.880000,5.193760,0.132889,952
15,10,6787,fpga,cifar100,70.720000,3.420960,0.132889,952
15,10,10092,fpga,cifar100,67.640000,2.390560,0.132889,952
15,10,13954,fpga,cifar100,64.166664,1.648160,0.132889,952
15,10,12761,fpga,cifar100,72.860000,5.420960,0.132889,952
15,10,9930,fpga,cifar100,73.513336,7.420960,0.132889,952
15,10,3888,fpga,cifar100,73.260000,5.936160,0.132889,952
15,10,2508,fpga,cifar100,71.813330,5.088160,0.132889,952
15,10,10689,fpga,cifar100,67.500000,2.163360,0.132889,952
15,10,10603,fpga,cifar100,71.760000,4.678560,0.132889,952
15,10,6830,fpga,cifar100,71.460000,4.057760,0.132889,952
15,10,758,fpga,cifar100,58.310000,1.132960,0.132889,952
15,10,8954,fpga,cifar100,58.580000,1.542560,0.132889,952
15,10,11973,fpga,cifar100,70.340000,2.905760,0.132889,952
15,10,12295,fpga,cifar100,71.160000,3.648160,0.132889,952
15,11,5208,pixel3,cifar100,67.413330,4.032950,0.181554,952
15,11,2581,pixel3,cifar100,73.166664,34.693600,0.181554,952
15,11,1459,pixel3,cifar100,73.140000,23.437900,0.181554,952
15,11,6337,pixel3,cifar100,1.000000,0.008753,0.181554,952
15,11,733,pixel3,cifar100,69.430000,6.796300,0.181554,952
15,11,1425,pixel3,cifar100,72.093330,15.692300,0.181554,952
15,11,5111,pixel3,cifar100,72.373340,17.609500,0.181554,952
15,11,857,pixel3,cifar100,72.880000,19.113200,0.181554,952
15,11,1939,pixel3,cifar100,70.760000,10.895600,0.181554,952
15,11,12376,pixel3,cifar100,61.100000,2.193890,0.181554,952
15,11,12970,pixel3,cifar100,68.140000,4.782110,0.181554,952
15,11,724,pixel3,cifar100,67.053340,2.875650,0.181554,952
15,11,2649,pixel3,cifar100,64.446660,2.496890,0.181554,952
15,11,9930,pixel3,cifar100,73.513336,42.003600,0.181554,952
15,11,8413,pixel3,cifar100,70.880000,14.693200,0.181554,952
15,11,5244,pixel3,cifar100,69.760000,8.975570,0.181554,952
15,11,2369,pixel3,cifar100,70.273330,9.886420,0.181554,952
15,11,6111,pixel3,cifar100,73.220000,35.197000,0.181554,952
15,11,1409,pixel3,cifar100,58.853333,1.275090,0.181554,952
15,11,8809,pixel3,cifar100,61.893333,2.211860,0.181554,952
15,12,11492,raspi4,cifar100,67.300000,10.479444,0.152747,951
15,12,7556,raspi4,cifar100,71.526665,36.461315,0.152747,951
15,12,1204,raspi4,cifar100,66.773330,7.270641,0.152747,951
15,12,5111,raspi4,cifar100,72.373340,44.227980,0.152747,951
15,12,14714,raspi4,cifar100,71.280000,24.692347,0.152747,951
15,12,1459,raspi4,cifar100,73.140000,53.879950,0.152747,951
15,12,2018,raspi4,cifar100,72.360000,39.345867,0.152747,951
15,12,3023,raspi4,cifar100,1.000000,0.015644,0.152747,951
15,12,9394,raspi4,cifar100,58.110000,2.552768,0.152747,951
15,12,14112,raspi4,cifar100,68.386665,14.423308,0.152747,951
15,12,9930,raspi4,cifar100,73.513336,71.152000,0.152747,951
15,12,6111,raspi4,cifar100,73.220000,61.573837,0.152747,951
15,12,4418,raspi4,cifar100,72.746666,47.162354,0.152747,951
15,12,9895,raspi4,cifar100,69.400000,19.211880,0.152747,951
15,12,9649,raspi4,cifar100,64.540000,5.252811,0.152747,951
15,12,15620,raspi4,cifar100,58.866665,2.849801,0.152747,951
15,12,6830,raspi4,cifar100,71.460000,34.491814,0.152747,951
15,12,10000,raspi4,cifar100,73.160000,57.735558,0.152747,951
15,12,9782,raspi4,cifar100,69.970000,21.914854,0.152747,951
15,12,9271,raspi4,cifar100,63.400000,4.800893,0.152747,951
15,13,15376,edgegpu,ImageNet16-120,0.833333,0.533953,0.198253,950
15,13,1069,edgegpu,ImageNet16-120,44.822224,4.252129,0.198253,950
15,13,6950,edgegpu,ImageNet16-120,38.700000,1.740150,0.198253,950
15,13,8733,edgegpu,ImageNet16-120,46.600000,5.249434,0.198253,950
15,13,10835,edgegpu,ImageNet16-120,45.233334,4.434366,0.198253,950
15,13,11145,edgegpu,ImageNet16-120,45.466667,5.148182,0.198253,950
15,13,14527,edgegpu,ImageNet16-120,28.133333,1.423783,0.198253,950
15,13,2650,edgegpu,ImageNet16-120,42.433334,3.309817,0.198253,950
15,13,4988,edgegpu,ImageNet16-120,28.933332,1.448212,0.198253,950
15,13,69,edgegpu,ImageNet16-120,44.100000,3.448496,0.198253,950
15,13,15567,edgegpu,ImageNet16-120,44.300000,3.482151,0.198253,950
15,13,11174,edgegpu,ImageNet16-120,43.933334,3.352251,0.198253,950
15,13,12081,edgegpu,ImageNet16-120,40.233334,2.730479,0.198253,950
15,13,13760,edgegpu,ImageNet16-120,32.333332,1.739759,0.198253,950
15,13,10838,edgegpu,ImageNet16-120,45.033333,4.388719,0.198253,950
15,13,11217,edgegpu,ImageNet16-120,43.466667,3.316708,0.198253,950
15,13,4160,edgegpu,ImageNet16-120,39.833332,1.756272,0.198253,950
15,13,12505,edgegpu,ImageNet16-120,39.283333,1.750417,0.198253,950
15,13,1255,edgegpu,ImageNet16-120,44.422222,4.205069,0.198253,950
15,14,7431,edgetpu,ImageNet16-120,32.577778,0.363954,0.139071,953
15,14,15029,edgetpu,ImageNet16-120,42.700000,0.552331,0.139071,953
15,14,7174,edgetpu,ImageNet16-120,33.116665,0.391775,0.139071,953
15,14,2734,edgetpu,ImageNet16-120,38.877777,0.428316,0.139071,953
15,14,10699,edgetpu,ImageNet16-120,46.833332,0.858130,0.139071,953
15,14,10484,edgetpu,ImageNet16-120,44.133335,0.615451,0.139071,953
15,14,1172,edgetpu,ImageNet16-120,39.933334,0.515935,0.139071,953
15,14,12231,edgetpu,ImageNet16-120,40.200000,0.518358,0.139071,953
15,14,13931,edgetpu,ImageNet16-120,28.788889,0.360349,0.139071,953
15,14,11282,edgetpu,ImageNet16-120,39.633335,0.428409,0.139071,953
15,14,2136,edgetpu,ImageNet16-120,42.166668,0.549614,0.139071,953
15,14,12415,edgetpu,ImageNet16-120,46.566666,0.710906,0.139071,953
15,14,5374,edgetpu,ImageNet16-120,46.766666,0.843987,0.139071,953
15,14,3540,edgetpu,ImageNet16-120,45.122223,0.648670,0.139071,953
15,14,1973,edgetpu,ImageNet16-120,38.855556,0.427802,0.139071,953
15,14,11079,edgetpu,ImageNet16-120,43.566666,0.552430,0.139071,953
15,14,10750,edgetpu,ImageNet16-120,44.600000,0.615553,0.139071,953
15,14,8884,edgetpu,ImageNet16-120,45.033333,0.615792,0.139071,953
15,14,8915,edgetpu,ImageNet16-120,32.611110,0.364729,0.139071,953
15,14,9586,edgetpu,ImageNet16-120,46.933334,0.981196,0.139071,953
15,15,479,eyeriss,ImageNet16-120,38.500000,0.607360,0.114651,968
15,15,4829,eyeriss,ImageNet16-120,34.200000,0.484480,0.114651,968
15,15,5487,eyeriss,ImageNet16-120,38.500000,0.607360,0.114651,968
15,15,14146,eyeriss,ImageNet16-120,28.433332,0.423040,0.114651,968
15,15,6121,eyeriss,ImageNet16-120,28.433332,0.423040,0.114651,968
15,15,1204,eyeriss,ImageNet16-120,37.844444,0.545920,0.114651,968
15,15,8290,eyeriss,ImageNet16-120,46.133335,1.283200,0.114651,968
15,15,14655,eyeriss,ImageNet16-120,44.000000,0.914560,0.114651,968
15,15,12355,eyeriss,ImageNet16-120,45.033333,0.976000,0.114651,968
15,15,12231,eyeriss,ImageNet16-120,40.200000,0.791680,0.114651,968
15,15,857,eyeriss,ImageNet16-120,47.311110,1.651840,0.114651,968
15,15,11973,eyeriss,ImageNet16-120,42.933334,0.853120,0.114651,968
15,15,10154,eyeriss,ImageNet16-120,46.133335,1.283200,0.114651,968
15,15,11584,eyeriss,ImageNet16-120,46.666668,1.590400,0.114651,968
15,15,2018,eyeriss,ImageNet16-120,46.433334,1.344640,0.114651,968
15,16,11000,fpga,ImageNet16-120,44.866665,1.062400,0.111983,954
15,16,8008,fpga,ImageNet16-120,43.500000,0.876800,0.111983,954
15,16,3236,fpga,ImageNet16-120,40.044445,0.784000,0.111983,954
15,16,12466,fpga,ImageNet16-120,46.100000,1.504000,0.111983,954
15,16,1941,fpga,ImageNet16-120,44.988888,1.116320,0.111983,954
15,16,6854,fpga,ImageNet16-120,40.800000,0.809120,0.111983,954
15,16,3316,fpga,ImageNet16-120,39.483334,0.780320,0.111983,954
15,16,9149,fpga,ImageNet16-120,46.900000,1.971200,0.111983,954
15,16,14655,fpga,ImageNet16-120,44.000000,0.969600,0.111983,954
15,16,10835,fpga,ImageNet16-120,45.233334,1.411200,0.111983,954
15,16,12653,fpga,ImageNet16-120,33.977780,0.415520,0.111983,954
15,16,10214,fpga,ImageNet16-120,34.033333,0.517920,0.111983,954
15,16,2835,fpga,ImageNet16-120,38.222220,0.546720,0.111983,954
15,16,4618,fpga,ImageNet16-120,28.544445,0.284320,0.111983,954
15,17,12103,pixel3,ImageNet16-120,28.250000,0.422433,0.128358,953
15,17,7401,pixel3,ImageNet16-120,28.866667,0.505777,0.128358,953
15,17,13059,pixel3,ImageNet16-120,34.266666,0.668679,0.128358,953
15,17,12452,pixel3,ImageNet16-120,40.533333,1.504410,0.128358,953
15,17,3192,pixel3,ImageNet16-120,45.477780,3.683210,0.128358,953
15,17,15383,pixel3,ImageNet16-120,47.033333,5.191720,0.128358,953
15,17,3385,pixel3,ImageNet16-120,46.400000,4.973160,0.128358,953
15,17,4602,pixel3,ImageNet16-120,39.466667,1.371070,0.128358,953
15,17,10318,pixel3,ImageNet16-120,37.611110,0.867157,0.128358,953
15,17,2050,pixel3,ImageNet16-120,0.833333,0.005526,0.128358,953
15,17,735,pixel3,ImageNet16-120,38.544445,1.107950,0.128358,953
15,17,12970,pixel3,ImageNet16-120,38.900000,1.318570,0.128358,953
15,17,12355,pixel3,ImageNet16-120,45.033333,2.989390,0.128358,953
15,17,4977,pixel3,ImageNet16-120,32.966667,0.617991,0.128358,953
15,17,10603,pixel3,ImageNet16-120,45.583332,4.624120,0.128358,953
15,17,4627,pixel3,ImageNet16-120,43.500000,2.479640,0.128358,953
15,17,2835,pixel3,ImageNet16-120,38.222220,0.868646,0.128358,953
15,17,12466,pixel3,ImageNet16-120,46.100000,4.680280,0.128358,953
15,17,1939,pixel3,ImageNet16-120,45.077778,3.021500,0.128358,953
15,17,12424,pixel3,ImageNet16-120,43.133330,2.470150,0.128358,953
15,18,3369,raspi4,ImageNet16-120,39.944443,3.186260,0.139856,950
15,18,8816,raspi4,ImageNet16-120,40.544445,3.781773,0.139856,950
15,18,12606,raspi4,ImageNet16-120,46.500000,9.345366,0.139856,950
15,18,9565,raspi4,ImageNet16-120,33.788887,1.587710,0.139856,950
15,18,9585,raspi4,ImageNet16-120,0.833333,0.011519,0.139856,950
15,18,446,raspi4,ImageNet16-120,44.222220,5.590307,0.139856,950
15,18,12123,raspi4,ImageNet16-120,45.466667,7.134879,0.139856,950
15,18,2899,raspi4,ImageNet16-120,43.911110,4.506410,0.139856,950
15,18,5063,raspi4,ImageNet16-120,46.300000,8.719974,0.139856,950
15,18,14881,raspi4,ImageNet16-120,43.044445,4.448379,0.139856,950
15,18,7690,raspi4,ImageNet16-120,27.566668,0.972439,0.139856,950
15,18,7955,raspi4,ImageNet16-120,39.388890,3.082832,0.139856,950
15,18,11796,raspi4,ImageNet16-120,44.333332,6.233934,0.139856,950
15,18,5724,raspi4,ImageNet16-120,28.366667,1.018580,0.139856,950
15,18,11882,raspi4,ImageNet16-120,46.133335,8.073068,0.139856,950
15,18,797,raspi4,ImageNet16-120,42.733334,3.820403,0.139856,950
15,18,15599,raspi4,ImageNet16-120,45.188890,6.678688,0.139856,950
15,18,15078,raspi4,ImageNet16-120,31.566666,1.532289,0.139856,950
15,18,9032,raspi4,ImageNet16-120,38.016666,2.201532,0.139856,950
15,18,3458,raspi4,ImageNet16-120,45.666668,7.428567,0.139856,950
16,1,1099,edgegpu,cifar10,92.240000,1.774683,0.137071,950
16,1,2090,edgegpu,cifar10,86.650000,1.437702,0.137071,950
16,1,7636,edgegpu,cifar10,92.270000,2.802658,0.137071,950
16,1,13714,edgegpu,cifar10,94.373340,6.772180,0.137071,950
16,1,2053,edgegpu,cifar10,94.206665,5.482254,0.137071,950
16,1,14527,edgegpu,cifar10,86.765000,1.439619,0.137071,950
16,1,1339,edgegpu,cifar10,92.136665,1.751881,0.137071,950
16,1,1459,edgegpu,cifar10,94.296670,6.748991,0.137071,950
16,1,8421,edgegpu,cifar10,10.000000,0.538597,0.137071,950
16,1,6126,edgegpu,cifar10,93.980000,4.517407,0.137071,950
16,1,1601,edgegpu,cifar10,86.336670,1.433892,0.137071,950
16,1,11692,edgegpu,cifar10,94.130000,4.708362,0.137071,950
16,1,5292,edgegpu,cifar10,94.293335,6.663151,0.137071,950
16,1,13401,edgegpu,cifar10,87.010000,1.457009,0.137071,950
16,1,10484,edgegpu,cifar10,93.810000,3.354015,0.137071,950
16,1,6499,edgegpu,cifar10,93.645000,3.331041,0.137071,950
16,1,9099,edgegpu,cifar10,93.940000,3.357520,0.137071,950
16,2,13714,edgetpu,cifar10,94.373340,1.377865,0.167558,950
16,2,2648,edgetpu,cifar10,93.246666,0.628167,0.167558,950
16,2,2053,edgetpu,cifar10,94.206665,1.042178,0.167558,950
16,2,9743,edgetpu,cifar10,93.890000,0.862952,0.167558,950
16,2,6330,edgetpu,cifar10,94.006670,0.867172,0.167558,950
16,2,6382,edgetpu,cifar10,93.376660,0.628638,0.167558,950
16,2,7017,edgetpu,cifar10,86.970000,0.353089,0.167558,950
16,2,6515,edgetpu,cifar10,93.616670,0.722858,0.167558,950
16,2,1114,edgetpu,cifar10,93.820000,0.750473,0.167558,950
16,2,2485,edgetpu,cifar10,86.700000,0.346546,0.167558,950
16,2,5889,edgetpu,cifar10,91.996666,0.481330,0.167558,950
16,2,7636,edgetpu,cifar10,92.270000,0.481888,0.167558,950
16,2,5111,edgetpu,cifar10,94.306660,1.152010,0.167558,950
16,2,1317,edgetpu,cifar10,94.090000,0.999933,0.167558,950
16,2,11400,edgetpu,cifar10,94.045000,0.993977,0.167558,950
16,2,6177,edgetpu,cifar10,88.813330,0.390095,0.167558,950
16,2,15241,edgetpu,cifar10,88.936670,0.391453,0.167558,950
16,2,4675,edgetpu,cifar10,89.200000,0.395661,0.167558,950
16,2,250,edgetpu,cifar10,93.743330,0.727987,0.167558,950
16,2,3731,edgetpu,cifar10,94.343330,1.282820,0.167558,950
16,3,13611,eyeriss,cifar10,92.490000,3.154100,0.098844,952
16,3,9950,eyeriss,cifar10,93.840000,4.628660,0.098844,952
16,3,3687,eyeriss,cifar10,89.820000,1.925300,0.098844,952
16,3,8008,eyeriss,cifar10,93.480000,3.399860,0.098844,952
16,3,6111,eyeriss,cifar10,94.373340,7.823540,0.098844,952
16,3,3731,eyeriss,cifar10,94.343330,6.594740,0.098844,952
16,3,4384,eyeriss,cifar10,86.796670,1.679540,0.098844,952
16,3,11692,eyeriss,cifar10,94.130000,4.874420,0.098844,952
16,3,6854,eyeriss,cifar10,91.040000,2.662580,0.098844,952
16,3,5111,eyeriss,cifar10,94.306660,5.365940,0.098844,952
16,3,8323,eyeriss,cifar10,90.870000,2.171060,0.098844,952
16,3,10412,eyeriss,cifar10,93.530000,3.645620,0.098844,952
16,4,4384,fpga,cifar10,86.796670,1.132960,0.109778,950
16,4,11472,fpga,cifar10,93.970000,3.648160,0.109778,950
16,4,15246,fpga,cifar10,90.590000,2.163360,0.109778,950
16,4,13714,fpga,cifar10,94.373340,6.678560,0.109778,950
16,4,11534,fpga,cifar10,92.220000,2.390560,0.109778,950
16,4,11525,fpga,cifar10,90.000000,2.057760,0.109778,950
16,4,9689,fpga,cifar10,93.370000,3.315360,0.109778,950
16,4,3681,fpga,cifar10,89.673330,1.648160,0.109778,950
16,4,6330,fpga,cifar10,94.006670,4.163360,0.109778,950
16,4,5111,fpga,cifar10,94.306660,5.193760,0.109778,950
16,4,11146,fpga,cifar10,94.040000,4.678560,0.109778,950
16,4,5645,fpga,cifar10,93.485000,3.420960,0.109778,950
16,4,4562,fpga,cifar10,94.080000,5.088160,0.109778,950
16,4,797,fpga,cifar10,93.280000,2.905760,0.109778,950
16,5,7017,pixel3,cifar10,86.970000,1.403930,0.214428,958
16,5,1114,pixel3,cifar10,93.820000,12.697200,0.214428,958
16,5,5149,pixel3,cifar10,92.090000,5.987440,0.214428,958
16,5,1941,pixel3,cifar10,93.533330,9.128690,0.214428,958
16,5,5111,pixel3,cifar10,94.306660,17.584600,0.214428,958
16,5,2018,pixel3,cifar10,94.063330,14.960500,0.214428,958
16,5,1781,pixel3,cifar10,89.883330,1.712020,0.214428,958
16,5,13430,pixel3,cifar10,90.580000,3.086360,0.214428,958
16,5,11000,pixel3,cifar10,93.560000,10.109500,0.214428,958
16,5,3731,pixel3,cifar10,94.343330,23.361300,0.214428,958
16,5,8592,pixel3,cifar10,93.750000,10.769800,0.214428,958
16,5,1323,pixel3,cifar10,10.000000,0.003780,0.214428,958
16,5,6854,pixel3,cifar10,91.040000,4.514220,0.214428,958
16,5,13171,pixel3,cifar10,93.530000,7.717220,0.214428,958
16,5,4607,pixel3,cifar10,86.350000,1.115910,0.214428,958
16,5,12578,pixel3,cifar10,91.340000,5.654860,0.214428,958
16,5,6111,pixel3,cifar10,94.373340,23.584800,0.214428,958
16,5,3385,pixel3,cifar10,93.990000,13.656500,0.214428,958
16,5,11692,pixel3,cifar10,94.130000,15.490100,0.214428,958
16,5,5202,pixel3,cifar10,92.806660,6.930150,0.214428,958
16,6,10430,raspi4,cifar10,90.670000,10.012257,0.145838,955
16,6,14253,raspi4,cifar10,93.485000,29.816393,0.145838,955
16,6,8695,raspi4,cifar10,94.220000,45.759613,0.145838,955
16,6,14674,raspi4,cifar10,86.440000,2.547931,0.145838,955
16,6,6985,raspi4,cifar10,89.940000,4.995646,0.145838,955
16,6,12043,raspi4,cifar10,93.420000,24.104538,0.145838,955
16,6,12348,raspi4,cifar10,92.570000,20.214622,0.145838,955
16,6,12238,raspi4,cifar10,91.690000,16.046099,0.145838,955
16,6,12639,raspi4,cifar10,90.990000,11.857850,0.145838,955
16,6,3731,raspi4,cifar10,94.343330,58.070793,0.145838,955
16,6,6111,raspi4,cifar10,94.373340,68.404106,0.145838,955
16,6,8426,raspi4,cifar10,93.840000,31.394428,0.145838,955
16,6,4409,raspi4,cifar10,90.590000,7.329025,0.145838,955
16,6,5780,raspi4,cifar10,93.980000,34.928463,0.145838,955
16,6,9051,raspi4,cifar10,10.000000,0.011330,0.145838,955
16,6,9782,raspi4,cifar10,93.305000,21.922150,0.145838,955
16,6,14677,raspi4,cifar10,88.670000,4.755260,0.145838,955
16,6,5915,raspi4,cifar10,86.846664,2.776470,0.145838,955
16,6,4398,raspi4,cifar10,92.073330,17.597267,0.145838,955
16,6,11692,raspi4,cifar10,94.130000,37.583630,0.145838,955
16,7,9922,edgegpu,cifar100,58.560000,1.428552,0.186969,950
16,7,2778,edgegpu,cifar100,72.993330,6.134028,0.186969,950
16,7,9930,edgegpu,cifar100,73.513336,6.803060,0.186969,950
16,7,4738,edgegpu,cifar100,66.993330,1.781268,0.186969,950
16,7,14089,edgegpu,cifar100,61.806667,1.752892,0.186969,950
16,7,5019,edgegpu,cifar100,58.880000,1.488929,0.186969,950
16,7,4954,edgegpu,cifar100,73.000000,6.669736,0.186969,950
16,7,4418,edgegpu,cifar100,72.746666,5.352364,0.186969,950
16,7,11465,edgegpu,cifar100,71.160000,4.351864,0.186969,950
16,7,10222,edgegpu,cifar100,58.860000,1.449347,0.186969,950
16,7,7760,edgegpu,cifar100,67.800000,1.798687,0.186969,950
16,7,4332,edgegpu,cifar100,66.860000,1.769095,0.186969,950
16,7,4609,edgegpu,cifar100,66.520000,1.758838,0.186969,950
16,7,8401,edgegpu,cifar100,71.080000,3.302102,0.186969,950
16,7,10787,edgegpu,cifar100,58.660000,1.444974,0.186969,950
16,7,14527,edgegpu,cifar100,58.590000,1.440539,0.186969,950
16,7,15224,edgegpu,cifar100,67.900000,2.829962,0.186969,950
16,7,12415,edgegpu,cifar100,71.940000,4.828467,0.186969,950
16,7,1509,edgegpu,cifar100,1.000000,0.505853,0.186969,950
16,8,9930,edgetpu,cifar100,73.513336,1.454107,0.150249,950
16,8,10000,edgetpu,cifar100,73.160000,1.283461,0.150249,950
16,8,2581,edgetpu,cifar100,73.166664,1.354564,0.150249,950
16,8,69,edgetpu,cifar100,71.020000,0.727259,0.150249,950
16,8,5019,edgetpu,cifar100,58.880000,0.357058,0.150249,950
16,8,3811,edgetpu,cifar100,69.360000,0.634206,0.150249,950
16,8,12415,edgetpu,cifar100,71.940000,0.872299,0.150249,950
16,8,6974,edgetpu,cifar100,61.880000,0.392555,0.150249,950
16,8,7760,edgetpu,cifar100,67.800000,0.489248,0.150249,950
16,8,1317,edgetpu,cifar100,72.566666,1.023844,0.150249,950
16,8,14945,edgetpu,cifar100,58.500000,0.354940,0.150249,950
16,8,4195,edgetpu,cifar100,62.700000,0.394753,0.150249,950
16,8,9077,edgetpu,cifar100,66.820000,0.486830,0.150249,950
16,8,11810,edgetpu,cifar100,68.300000,0.492126,0.150249,950
16,8,12761,edgetpu,cifar100,72.860000,1.225212,0.150249,950
16,8,699,edgetpu,cifar100,72.240000,0.940479,0.150249,950
16,8,9782,edgetpu,cifar100,69.970000,0.639918,0.150249,950
16,8,9997,edgetpu,cifar100,71.520000,0.729986,0.150249,950
16,8,4418,edgetpu,cifar100,72.746666,1.093699,0.150249,950
16,8,1383,edgetpu,cifar100,70.273330,0.673722,0.150249,950
16,9,375,eyeriss,cifar100,64.440000,1.928320,0.111666,955
16,9,1977,eyeriss,cifar100,58.380000,1.682560,0.111666,955
16,9,2835,eyeriss,cifar100,66.866670,2.174080,0.111666,955
16,9,15033,eyeriss,cifar100,67.793335,3.157120,0.111666,955
16,9,3540,eyeriss,cifar100,71.500000,4.877440,0.111666,955
16,9,3487,eyeriss,cifar100,70.093330,3.402880,0.111666,955
16,9,6787,eyeriss,cifar100,70.720000,3.648640,0.111666,955
16,9,10154,eyeriss,cifar100,71.960000,5.123200,0.111666,955
16,9,3888,eyeriss,cifar100,73.260000,6.597760,0.111666,955
16,9,9930,eyeriss,cifar100,73.513336,9.055360,0.111666,955
16,9,485,eyeriss,cifar100,67.593330,2.419840,0.111666,955
16,9,1939,eyeriss,cifar100,70.760000,3.894400,0.111666,955
16,9,12761,eyeriss,cifar100,72.860000,6.352000,0.111666,955
16,9,3385,eyeriss,cifar100,72.380000,5.368960,0.111666,955
16,9,12295,eyeriss,cifar100,71.160000,4.631680,0.111666,955
16,10,10689,fpga,cifar100,67.500000,2.163360,0.157189,956
16,10,10042,fpga,cifar100,64.880000,2.057760,0.157189,956
16,10,5084,fpga,cifar100,58.813330,1.132960,0.157189,956
16,10,15033,fpga,cifar100,67.793335,2.390560,0.157189,956
16,10,375,fpga,cifar100,64.440000,1.648160,0.157189,956
16,10,699,fpga,cifar100,72.240000,4.678560,0.157189,956
16,10,3540,fpga,cifar100,71.500000,4.163360,0.157189,956
16,10,2018,fpga,cifar100,72.360000,5.193760,0.157189,956
16,10,11472,fpga,cifar100,70.860000,3.648160,0.157189,956
16,10,6925,fpga,cifar100,71.220000,3.936160,0.157189,956
16,10,3888,fpga,cifar100,73.260000,5.936160,0.157189,956
16,10,898,fpga,cifar100,70.000000,2.905760,0.157189,956
16,10,12761,fpga,cifar100,72.860000,5.420960,0.157189,956
16,10,6787,fpga,cifar100,70.720000,3.420960,0.157189,956
16,10,9930,fpga,cifar100,73.513336,7.420960,0.157189,956
16,11,577,pixel3,cifar100,69.680000,8.944490,0.099369,953
16,11,8912,pixel3,cifar100,59.200000,1.478790,0.099369,953
16,11,857,pixel3,cifar100,72.880000,19.113200,0.099369,953
16,11,3888,pixel3,cifar100,73.260000,23.477200,0.099369,953
16,11,9649,pixel3,cifar100,64.540000,2.536210,0.099369,953
16,11,12516,pixel3,cifar100,62.250000,2.197230,0.099369,953
16,11,13869,pixel3,cifar100,70.713330,10.688600,0.099369,953
16,11,3385,pixel3,cifar100,72.380000,17.527800,0.099369,953
16,11,1450,pixel3,cifar100,70.506670,9.337360,0.099369,953
16,11,4689,pixel3,cifar100,66.860000,3.113300,0.099369,953
16,11,1413,pixel3,cifar100,69.186670,6.545880,0.099369,953
16,11,6899,pixel3,cifar100,67.080000,3.983530,0.099369,953
16,11,9930,pixel3,cifar100,73.513336,42.003600,0.099369,953
16,11,1459,pixel3,cifar100,73.140000,23.437900,0.099369,953
16,11,6337,pixel3,cifar100,1.000000,0.008753,0.099369,953
16,11,9997,pixel3,cifar100,71.520000,14.777900,0.099369,953
16,11,733,pixel3,cifar100,69.430000,6.796300,0.099369,953
16,11,11301,pixel3,cifar100,68.220000,5.352090,0.099369,953
16,11,1409,pixel3,cifar100,58.853333,1.275090,0.099369,953
16,11,1583,pixel3,cifar100,71.326670,12.345800,0.099369,953
16,12,9997,raspi4,cifar100,71.520000,34.996710,0.127740,950
16,12,9930,raspi4,cifar100,73.513336,71.152000,0.127740,950
16,12,13055,raspi4,cifar100,66.006670,8.910913,0.127740,950
16,12,10000,raspi4,cifar100,73.160000,57.735558,0.127740,950
16,12,9394,raspi4,cifar100,58.110000,2.552768,0.127740,950
16,12,1459,raspi4,cifar100,73.140000,53.879950,0.127740,950
16,12,6111,raspi4,cifar100,73.220000,61.573837,0.127740,950
16,12,4659,raspi4,cifar100,70.060000,21.672482,0.127740,950
16,12,11000,raspi4,cifar100,71.180000,26.077381,0.127740,950
16,12,14174,raspi4,cifar100,72.646670,51.067350,0.127740,950
16,12,7207,raspi4,cifar100,64.260000,5.119923,0.127740,950
16,12,8781,raspi4,cifar100,62.473330,4.843347,0.127740,950
16,12,8740,raspi4,cifar100,1.000000,0.015215,0.127740,950
16,12,1645,raspi4,cifar100,66.440000,10.016595,0.127740,950
16,12,699,raspi4,cifar100,72.240000,40.448723,0.127740,950
16,12,5645,raspi4,cifar100,70.170000,24.904373,0.127740,950
16,12,14443,raspi4,cifar100,71.740000,39.168526,0.127740,950
16,12,15589,raspi4,cifar100,59.060000,2.795078,0.127740,950
16,12,6210,raspi4,cifar100,67.840000,17.577702,0.127740,950
16,12,2400,raspi4,cifar100,67.266670,13.706772,0.127740,950
16,13,11217,edgegpu,ImageNet16-120,43.466667,3.316708,0.144092,950
16,13,5751,edgegpu,ImageNet16-120,40.044445,2.434626,0.144092,950
16,13,13411,edgegpu,ImageNet16-120,31.855556,1.736240,0.144092,950
16,13,15288,edgegpu,ImageNet16-120,28.422222,1.417041,0.144092,950
16,13,4587,edgegpu,ImageNet16-120,28.800000,1.445131,0.144092,950
16,13,6950,edgegpu,ImageNet16-120,38.700000,1.740150,0.144092,950
16,13,14840,edgegpu,ImageNet16-120,45.311110,4.224715,0.144092,950
16,13,9586,edgegpu,ImageNet16-120,46.933334,5.222673,0.144092,950
16,13,4946,edgegpu,ImageNet16-120,44.700000,3.490419,0.144092,950
16,13,2650,edgegpu,ImageNet16-120,42.433334,3.309817,0.144092,950
16,13,8426,edgegpu,ImageNet16-120,44.633335,3.370147,0.144092,950
16,13,8884,edgegpu,ImageNet16-120,45.033333,3.499999,0.144092,950
16,13,9722,edgegpu,ImageNet16-120,44.000000,3.327813,0.144092,950
16,13,15376,edgegpu,ImageNet16-120,0.833333,0.533953,0.144092,950
16,13,4988,edgegpu,ImageNet16-120,28.933332,1.448212,0.144092,950
16,13,4160,edgegpu,ImageNet16-120,39.833332,1.756272,0.144092,950
16,13,8401,edgegpu,ImageNet16-120,43.833332,3.322444,0.144092,950
16,13,14117,edgegpu,ImageNet16-120,28.677778,1.435547,0.144092,950
16,14,9586,edgetpu,ImageNet16-120,46.933334,0.981196,0.116444,950
16,14,2018,edgetpu,ImageNet16-120,46.433334,0.894333,0.116444,950
16,14,7837,edgetpu,ImageNet16-120,32.111110,0.363571,0.116444,950
16,14,12967,edgetpu,ImageNet16-120,46.333332,0.857097,0.116444,950
16,14,10189,edgetpu,ImageNet16-120,45.200000,0.764679,0.116444,950
16,14,11177,edgetpu,ImageNet16-120,33.200000,0.393637,0.116444,950
16,14,11282,edgetpu,ImageNet16-120,39.633335,0.428409,0.116444,950
16,14,8884,edgetpu,ImageNet16-120,45.033333,0.615792,0.116444,950
16,14,4747,edgetpu,ImageNet16-120,45.755554,0.855164,0.116444,950
16,14,10167,edgetpu,ImageNet16-120,39.944443,0.444058,0.116444,950
16,14,11079,edgetpu,ImageNet16-120,43.566666,0.552430,0.116444,950
16,14,2136,edgetpu,ImageNet16-120,42.166668,0.549614,0.116444,950
16,14,5111,edgetpu,ImageNet16-120,46.588890,0.922062,0.116444,950
16,14,4361,edgetpu,ImageNet16-120,45.744446,0.764971,0.116444,950
16,14,1188,edgetpu,ImageNet16-120,32.455555,0.391702,0.116444,950
16,14,10888,edgetpu,ImageNet16-120,28.333334,0.359044,0.116444,950
16,14,10332,edgetpu,ImageNet16-120,40.033333,0.516152,0.116444,950
16,14,10017,edgetpu,ImageNet16-120,40.566666,0.524950,0.116444,950
16,14,13931,edgetpu,ImageNet16-120,28.788889,0.360349,0.116444,950
16,14,10484,edgetpu,ImageNet16-120,44.133335,0.615451,0.116444,950
16,15,8736,eyeriss,ImageNet16-120,45.700000,1.221760,0.265174,951
16,15,7551,eyeriss,ImageNet16-120,38.477780,0.607360,0.265174,951
16,15,3687,eyeriss,ImageNet16-120,34.066666,0.484480,0.265174,951
16,15,2835,eyeriss,ImageNet16-120,38.222220,0.545920,0.265174,951
16,15,8008,eyeriss,ImageNet16-120,43.500000,0.853120,0.265174,951
16,15,15383,eyeriss,ImageNet16-120,47.033333,1.283200,0.265174,951
16,15,857,eyeriss,ImageNet16-120,47.311110,1.651840,0.265174,951
16,15,6787,eyeriss,ImageNet16-120,44.400000,0.914560,0.265174,951
16,15,1939,eyeriss,ImageNet16-120,45.077778,0.976000,0.265174,951
16,15,6854,eyeriss,ImageNet16-120,40.800000,0.668800,0.265174,951
16,15,8853,eyeriss,ImageNet16-120,45.600000,1.037440,0.265174,951
16,15,4988,eyeriss,ImageNet16-120,28.933332,0.423040,0.265174,951
16,16,8008,fpga,ImageNet16-120,43.500000,0.876800,0.160799,950
16,16,10017,fpga,ImageNet16-120,40.566666,0.784000,0.160799,950
16,16,15383,fpga,ImageNet16-120,47.033333,1.504000,0.160799,950
16,16,10146,fpga,ImageNet16-120,28.366667,0.284320,0.160799,950
16,16,2835,fpga,ImageNet16-120,38.222220,0.546720,0.160799,950
16,16,6787,fpga,ImageNet16-120,44.400000,0.969600,0.160799,950
16,16,14748,fpga,ImageNet16-120,44.900000,0.995200,0.160799,950
16,16,1939,fpga,ImageNet16-120,45.077778,1.062400,0.160799,950
16,16,3982,fpga,ImageNet16-120,45.333332,1.411200,0.160799,950
16,16,6868,fpga,ImageNet16-120,39.000000,0.649120,0.160799,950
16,16,4829,fpga,ImageNet16-120,34.200000,0.415520,0.160799,950
16,16,6854,fpga,ImageNet16-120,40.800000,0.809120,0.160799,950
16,16,12138,fpga,ImageNet16-120,39.083332,0.780320,0.160799,950
16,16,4711,fpga,ImageNet16-120,34.733334,0.517920,0.160799,950
16,16,7187,fpga,ImageNet16-120,28.683332,0.386720,0.160799,950
16,17,5111,pixel3,ImageNet16-120,46.588890,5.571030,0.109056,953
16,17,10412,pixel3,ImageNet16-120,43.733334,2.753550,0.109056,953
16,17,11000,pixel3,ImageNet16-120,44.866665,2.962520,0.109056,953
16,17,6435,pixel3,ImageNet16-120,34.000000,0.793078,0.109056,953
16,17,5487,pixel3,ImageNet16-120,38.500000,1.109150,0.109056,953
16,17,4689,pixel3,ImageNet16-120,37.455555,0.867266,0.109056,953
16,17,8853,pixel3,ImageNet16-120,45.600000,3.554540,0.109056,953
16,17,5374,pixel3,ImageNet16-120,46.766666,6.317500,0.109056,953
16,17,1425,pixel3,ImageNet16-120,45.977780,4.619290,0.109056,953
16,17,12103,pixel3,ImageNet16-120,28.250000,0.422433,0.109056,953
16,17,4004,pixel3,ImageNet16-120,42.811110,2.467510,0.109056,953
16,17,4988,pixel3,ImageNet16-120,28.933332,0.485996,0.109056,953
16,17,857,pixel3,ImageNet16-120,47.311110,6.686850,0.109056,953
16,17,2018,pixel3,ImageNet16-120,46.433334,4.949210,0.109056,953
16,17,6854,pixel3,ImageNet16-120,40.800000,1.621620,0.109056,953
16,17,2050,pixel3,ImageNet16-120,0.833333,0.005526,0.109056,953
16,17,8768,pixel3,ImageNet16-120,45.066666,3.254590,0.109056,953
16,17,12639,pixel3,ImageNet16-120,40.400000,1.304440,0.109056,953
16,17,12424,pixel3,ImageNet16-120,43.133330,2.470150,0.109056,953
16,17,4977,pixel3,ImageNet16-120,32.966667,0.617991,0.109056,953
16,18,12231,raspi4,ImageNet16-120,40.200000,3.188915,0.122590,964
16,18,3719,raspi4,ImageNet16-120,39.033333,3.076736,0.122590,964
16,18,6880,raspi4,ImageNet16-120,43.466667,4.512384,0.122590,964
16,18,55,raspi4,ImageNet16-120,28.322222,0.957719,0.122590,964
16,18,97,raspi4,ImageNet16-120,32.177776,1.530789,0.122590,964
16,18,6590,raspi4,ImageNet16-120,42.511112,3.904568,0.122590,964
16,18,6121,raspi4,ImageNet16-120,28.433332,1.204936,0.122590,964
16,18,6787,raspi4,ImageNet16-120,44.400000,4.532777,0.122590,964
16,18,13644,raspi4,ImageNet16-120,45.333332,6.780282,0.122590,964
16,18,9585,raspi4,ImageNet16-120,0.833333,0.011519,0.122590,964
16,18,1939,raspi4,ImageNet16-120,45.077778,5.341908,0.122590,964
16,18,10217,raspi4,ImageNet16-120,45.100000,6.109362,0.122590,964
16,18,13768,raspi4,ImageNet16-120,42.188890,3.791752,0.122590,964
16,18,11584,raspi4,ImageNet16-120,46.666668,8.014434,0.122590,964
16,18,8733,raspi4,ImageNet16-120,46.600000,7.477213,0.122590,964
16,18,3960,raspi4,ImageNet16-120,37.755554,2.197980,0.122590,964
16,18,5647,raspi4,ImageNet16-120,32.933334,1.542647,0.122590,964
16,18,10835,raspi4,ImageNet16-120,45.233334,6.632419,0.122590,964
16,18,10699,raspi4,ImageNet16-120,46.833332,9.167005,0.122590,964
16,18,6435,raspi4,ImageNet16-120,34.000000,1.591369,0.122590,964
17,1,6372,edgegpu,cifar10,91.913330,1.765590,0.121723,952
17,1,5039,edgegpu,cifar10,10.000000,0.539684,0.121723,952
17,1,11438,edgegpu,cifar10,92.500000,1.846719,0.121723,952
17,1,14407,edgegpu,cifar10,86.770000,1.440282,0.121723,952
17,1,13401,edgegpu,cifar10,87.010000,1.457009,0.121723,952
17,1,12415,edgegpu,cifar10,93.990000,4.716892,0.121723,952
17,1,1601,edgegpu,cifar10,86.336670,1.433892,0.121723,952
17,1,69,edgegpu,cifar10,93.706665,3.388410,0.121723,952
17,1,13714,edgegpu,cifar10,94.373340,6.772180,0.121723,952
17,1,258,edgegpu,cifar10,93.640000,3.307109,0.121723,952
17,1,2053,edgegpu,cifar10,94.206665,5.482254,0.121723,952
17,1,8426,edgegpu,cifar10,93.840000,3.404012,0.121723,952
17,1,1317,edgegpu,cifar10,94.090000,5.292902,0.121723,952
17,1,5292,edgegpu,cifar10,94.293335,6.663151,0.121723,952
17,1,4946,edgegpu,cifar10,93.690000,3.382640,0.121723,952
17,1,14,edgegpu,cifar10,92.013336,1.774511,0.121723,952
17,1,10222,edgegpu,cifar10,86.200000,1.429176,0.121723,952
17,1,14392,edgegpu,cifar10,86.520000,1.435742,0.121723,952
17,1,1459,edgegpu,cifar10,94.296670,6.748991,0.121723,952
17,1,1099,edgegpu,cifar10,92.240000,1.774683,0.121723,952
17,2,12852,edgetpu,cifar10,92.083336,0.481477,0.160704,951
17,2,13397,edgetpu,cifar10,92.140000,0.481764,0.160704,951
17,2,2053,edgetpu,cifar10,94.206665,1.042178,0.160704,951
17,2,13714,edgetpu,cifar10,94.373340,1.377865,0.160704,951
17,2,5111,edgetpu,cifar10,94.306660,1.152010,0.160704,951
17,2,6177,edgetpu,cifar10,88.813330,0.390095,0.160704,951
17,2,6173,edgetpu,cifar10,88.930000,0.391241,0.160704,951
17,2,11533,edgetpu,cifar10,93.420000,0.632626,0.160704,951
17,2,11692,edgetpu,cifar10,94.130000,0.761100,0.160704,951
17,2,2485,edgetpu,cifar10,86.700000,0.346546,0.160704,951
17,2,5889,edgetpu,cifar10,91.996666,0.481330,0.160704,951
17,2,3487,edgetpu,cifar10,93.293335,0.628484,0.160704,951
17,2,6515,edgetpu,cifar10,93.616670,0.722858,0.160704,951
17,2,3927,edgetpu,cifar10,93.626660,0.723268,0.160704,951
17,2,7636,edgetpu,cifar10,92.270000,0.481888,0.160704,951
17,2,797,edgetpu,cifar10,93.280000,0.627996,0.160704,951
17,2,8370,edgetpu,cifar10,86.703330,0.368887,0.160704,951
17,2,8673,edgetpu,cifar10,89.020000,0.395983,0.160704,951
17,2,11472,edgetpu,cifar10,93.970000,0.725244,0.160704,951
17,3,3960,eyeriss,cifar10,90.830000,2.171060,0.111685,950
17,3,6854,eyeriss,cifar10,91.040000,2.662580,0.111685,950
17,3,5645,eyeriss,cifar10,93.485000,3.645620,0.111685,950
17,3,3731,eyeriss,cifar10,94.343330,6.594740,0.111685,950
17,3,758,eyeriss,cifar10,86.705000,1.679540,0.111685,950
17,3,6111,eyeriss,cifar10,94.373340,7.823540,0.111685,950
17,3,11692,eyeriss,cifar10,94.130000,4.874420,0.111685,950
17,3,15000,eyeriss,cifar10,92.400000,3.154100,0.111685,950
17,3,11472,eyeriss,cifar10,93.970000,4.628660,0.111685,950
17,3,14112,eyeriss,cifar10,91.296670,2.908340,0.111685,950
17,3,8720,eyeriss,cifar10,89.875000,1.925300,0.111685,950
17,3,898,eyeriss,cifar10,93.356670,3.399860,0.111685,950
17,3,6899,eyeriss,cifar10,90.900000,2.416820,0.111685,950
17,3,11000,eyeriss,cifar10,93.560000,3.891380,0.111685,950
17,3,5111,eyeriss,cifar10,94.306660,5.365940,0.111685,950
17,4,15000,fpga,cifar10,92.400000,2.390560,0.117441,951
17,4,13714,fpga,cifar10,94.373340,6.678560,0.117441,951
17,4,6584,fpga,cifar10,94.160000,4.163360,0.117441,951
17,4,10495,fpga,cifar10,89.800000,2.057760,0.117441,951
17,4,5111,fpga,cifar10,94.306660,5.193760,0.117441,951
17,4,10412,fpga,cifar10,93.530000,3.420960,0.117441,951
17,4,9805,fpga,cifar10,89.790000,1.648160,0.117441,951
17,4,9032,fpga,cifar10,90.740000,2.163360,0.117441,951
17,4,4384,fpga,cifar10,86.796670,1.132960,0.117441,951
17,4,11472,fpga,cifar10,93.970000,3.648160,0.117441,951
17,4,4659,fpga,cifar10,93.396670,2.905760,0.117441,951
17,5,3385,pixel3,cifar10,93.990000,13.656500,0.156977,950
17,5,7250,pixel3,cifar10,92.093330,6.320010,0.156977,950
17,5,6111,pixel3,cifar10,94.373340,23.584800,0.156977,950
17,5,4689,pixel3,cifar10,90.720000,3.106280,0.156977,950
17,5,13987,pixel3,cifar10,93.596664,9.922680,0.156977,950
17,5,8606,pixel3,cifar10,93.655000,11.221700,0.156977,950
17,5,6931,pixel3,cifar10,93.780000,12.729200,0.156977,950
17,5,13171,pixel3,cifar10,93.530000,7.717220,0.156977,950
17,5,11692,pixel3,cifar10,94.130000,15.490100,0.156977,950
17,5,12578,pixel3,cifar10,91.340000,5.654860,0.156977,950
17,5,4946,pixel3,cifar10,93.690000,11.590400,0.156977,950
17,5,1852,pixel3,cifar10,10.000000,0.003285,0.156977,950
17,5,858,pixel3,cifar10,89.696660,1.870670,0.156977,950
17,5,5111,pixel3,cifar10,94.306660,17.584600,0.156977,950
17,5,3731,pixel3,cifar10,94.343330,23.361300,0.156977,950
17,5,1497,pixel3,cifar10,86.556660,1.056630,0.156977,950
17,5,5250,pixel3,cifar10,92.880000,6.964240,0.156977,950
17,5,6918,pixel3,cifar10,87.000000,1.478790,0.156977,950
17,5,7197,pixel3,cifar10,90.366670,2.447670,0.156977,950
17,5,15032,pixel3,cifar10,90.820000,4.065230,0.156977,950
17,6,2053,raspi4,cifar10,94.206665,48.051453,0.139577,951
17,6,11605,raspi4,cifar10,10.000000,0.011378,0.139577,951
17,6,1690,raspi4,cifar10,86.646670,2.536549,0.139577,951
17,6,5780,raspi4,cifar10,93.980000,34.928463,0.139577,951
17,6,1781,raspi4,cifar10,89.883330,5.961801,0.139577,951
17,6,714,raspi4,cifar10,92.905000,22.197601,0.139577,951
17,6,6111,raspi4,cifar10,94.373340,68.404106,0.139577,951
17,6,3731,raspi4,cifar10,94.343330,58.070793,0.139577,951
17,6,9035,raspi4,cifar10,90.690000,7.442392,0.139577,951
17,6,6931,raspi4,cifar10,93.780000,33.088142,0.139577,951
17,6,4237,raspi4,cifar10,94.216670,52.082386,0.139577,951
17,6,1941,raspi4,cifar10,93.533330,25.121769,0.139577,951
17,6,1973,raspi4,cifar10,91.663330,16.185848,0.139577,951
17,6,11692,raspi4,cifar10,94.130000,37.583630,0.139577,951
17,6,12820,raspi4,cifar10,90.880000,12.761627,0.139577,951
17,6,9395,raspi4,cifar10,90.805000,12.240411,0.139577,951
17,6,777,raspi4,cifar10,86.810000,2.873216,0.139577,951
17,6,12424,raspi4,cifar10,92.320000,19.989092,0.139577,951
17,6,12516,raspi4,cifar10,88.830000,4.861934,0.139577,951
17,6,8375,raspi4,cifar10,92.030000,18.479850,0.139577,951
17,7,9997,edgegpu,cifar100,71.520000,3.466139,0.117415,950
17,7,3888,edgegpu,cifar100,73.260000,6.797867,0.117415,950
17,7,8401,edgegpu,cifar100,71.080000,3.302102,0.117415,950
17,7,9922,edgegpu,cifar100,58.560000,1.428552,0.117415,950
17,7,6372,edgegpu,cifar100,67.686670,1.780295,0.117415,950
17,7,4418,edgegpu,cifar100,72.746666,5.352364,0.117415,950
17,7,2304,edgegpu,cifar100,58.660000,1.440253,0.117415,950
17,7,8569,edgegpu,cifar100,68.200000,1.791072,0.117415,950
17,7,4609,edgegpu,cifar100,66.520000,1.758838,0.117415,950
17,7,5019,edgegpu,cifar100,58.880000,1.488929,0.117415,950
17,7,2778,edgegpu,cifar100,72.993330,6.134028,0.117415,950
17,7,9930,edgegpu,cifar100,73.513336,6.803060,0.117415,950
17,7,4954,edgegpu,cifar100,73.000000,6.669736,0.117415,950
17,7,14984,edgegpu,cifar100,67.166664,1.760831,0.117415,950
17,7,12415,edgegpu,cifar100,71.940000,4.828467,0.117415,950
17,7,8734,edgegpu,cifar100,67.500000,1.777978,0.117415,950
17,7,5400,edgegpu,cifar100,58.800000,1.446357,0.117415,950
17,7,13184,edgegpu,cifar100,1.000000,0.535808,0.117415,950
17,7,5674,edgegpu,cifar100,67.850000,1.787043,0.117415,950
17,7,10222,edgegpu,cifar100,58.860000,1.449347,0.117415,950
17,8,11112,edgetpu,cifar100,66.893330,0.486713,0.173340,950
17,8,1425,edgetpu,cifar100,72.093330,0.910660,0.173340,950
17,8,6382,edgetpu,cifar100,69.533330,0.634724,0.173340,950
17,8,13113,edgetpu,cifar100,63.140000,0.398170,0.173340,950
17,8,12415,edgetpu,cifar100,71.940000,0.872299,0.173340,950
17,8,6499,edgetpu,cifar100,70.630000,0.728320,0.173340,950
17,8,1383,edgetpu,cifar100,70.273330,0.673722,0.173340,950
17,8,9930,edgetpu,cifar100,73.513336,1.454107,0.173340,950
17,8,4418,edgetpu,cifar100,72.746666,1.093699,0.173340,950
17,8,9997,edgetpu,cifar100,71.520000,0.729986,0.173340,950
17,8,3888,edgetpu,cifar100,73.260000,1.316226,0.173340,950
17,8,12574,edgetpu,cifar100,72.740000,0.932430,0.173340,950
17,8,857,edgetpu,cifar100,72.880000,1.264168,0.173340,950
17,8,8884,edgetpu,cifar100,69.920000,0.667299,0.173340,950
17,8,6974,edgetpu,cifar100,61.880000,0.392555,0.173340,950
17,8,14565,edgetpu,cifar100,62.440000,0.395534,0.173340,950
17,8,8912,edgetpu,cifar100,59.200000,0.377698,0.173340,950
17,8,14945,edgetpu,cifar100,58.500000,0.354940,0.173340,950
17,8,11810,edgetpu,cifar100,68.300000,0.492126,0.173340,950
17,8,11014,edgetpu,cifar100,67.620000,0.489284,0.173340,950
17,9,10092,eyeriss,cifar100,67.640000,3.157120,0.130734,950
17,9,14714,eyeriss,cifar100,71.280000,4.140160,0.130734,950
17,9,12574,eyeriss,cifar100,72.740000,5.123200,0.130734,950
17,9,12043,eyeriss,cifar100,70.140000,3.648640,0.130734,950
17,9,4659,eyeriss,cifar100,70.060000,3.402880,0.130734,950
17,9,9930,eyeriss,cifar100,73.513336,9.055360,0.130734,950
17,9,485,eyeriss,cifar100,67.593330,2.419840,0.130734,950
17,9,3540,eyeriss,cifar100,71.500000,4.877440,0.130734,950
17,9,12761,eyeriss,cifar100,72.860000,6.352000,0.130734,950
17,9,10689,eyeriss,cifar100,67.500000,2.174080,0.130734,950
17,9,14133,eyeriss,cifar100,58.320000,1.682560,0.130734,950
17,9,375,eyeriss,cifar100,64.440000,1.928320,0.130734,950
17,9,2257,eyeriss,cifar100,70.800000,3.894400,0.130734,950
17,9,3888,eyeriss,cifar100,73.260000,6.597760,0.130734,950
17,10,10042,fpga,cifar100,64.880000,2.057760,0.169136,951
17,10,12820,fpga,cifar100,67.720000,2.678560,0.169136,951
17,10,5084,fpga,cifar100,58.813330,1.132960,0.169136,951
17,10,3540,fpga,cifar100,71.500000,4.163360,0.169136,951
17,10,12574,fpga,cifar100,72.740000,4.678560,0.169136,951
17,10,4418,fpga,cifar100,72.746666,5.420960,0.169136,951
17,10,10689,fpga,cifar100,67.500000,2.163360,0.169136,951
17,10,9930,fpga,cifar100,73.513336,7.420960,0.169136,951
17,10,6111,fpga,cifar100,73.220000,6.678560,0.169136,951
17,10,898,fpga,cifar100,70.000000,2.905760,0.169136,951
17,10,10000,fpga,cifar100,73.160000,5.936160,0.169136,951
17,10,7250,fpga,cifar100,67.706665,2.390560,0.169136,951
17,10,69,fpga,cifar100,71.020000,3.648160,0.169136,951
17,10,6787,fpga,cifar100,70.720000,3.420960,0.169136,951
17,10,8139,fpga,cifar100,64.440000,1.648160,0.169136,951
17,11,906,pixel3,cifar100,62.393333,1.661810,0.151387,968
17,11,5651,pixel3,cifar100,64.690000,2.376870,0.151387,968
17,11,12820,pixel3,cifar100,67.720000,4.806070,0.151387,968
17,11,1357,pixel3,cifar100,67.480000,3.998260,0.151387,968
17,11,898,pixel3,cifar100,70.000000,6.516140,0.151387,968
17,11,689,pixel3,cifar100,70.330000,10.595100,0.151387,968
17,11,8610,pixel3,cifar100,71.300000,15.797400,0.151387,968
17,11,857,pixel3,cifar100,72.880000,19.113200,0.151387,968
17,11,10000,pixel3,cifar100,73.160000,24.970900,0.151387,968
17,11,8853,pixel3,cifar100,71.220000,12.088100,0.151387,968
17,11,8912,pixel3,cifar100,59.200000,1.478790,0.151387,968
17,11,724,pixel3,cifar100,67.053340,2.875650,0.151387,968
17,11,1459,pixel3,cifar100,73.140000,23.437900,0.151387,968
17,11,6337,pixel3,cifar100,1.000000,0.008753,0.151387,968
17,11,4361,pixel3,cifar100,71.480000,16.572800,0.151387,968
17,11,657,pixel3,cifar100,58.233334,1.233070,0.151387,968
17,11,2581,pixel3,cifar100,73.166664,34.693600,0.151387,968
17,11,5111,pixel3,cifar100,72.373340,17.609500,0.151387,968
17,11,9930,pixel3,cifar100,73.513336,42.003600,0.151387,968
17,11,6111,pixel3,cifar100,73.220000,35.197000,0.151387,968
17,12,13675,raspi4,cifar100,70.286670,28.531263,0.108157,954
17,12,2063,raspi4,cifar100,62.320000,4.792511,0.108157,954
17,12,4418,raspi4,cifar100,72.746666,47.162354,0.108157,954
17,12,781,raspi4,cifar100,67.960000,18.559374,0.108157,954
17,12,8638,raspi4,cifar100,58.860000,2.821191,0.108157,954
17,12,9394,raspi4,cifar100,58.110000,2.552768,0.108157,954
17,12,9997,raspi4,cifar100,71.520000,34.996710,0.108157,954
17,12,8740,raspi4,cifar100,1.000000,0.015215,0.108157,954
17,12,2297,raspi4,cifar100,66.526665,7.226829,0.108157,954
17,12,9930,raspi4,cifar100,73.513336,71.152000,0.108157,954
17,12,9950,raspi4,cifar100,70.380000,31.082172,0.108157,954
17,12,1572,raspi4,cifar100,69.900000,19.916142,0.108157,954
17,12,1357,raspi4,cifar100,67.480000,10.177114,0.108157,954
17,12,4954,raspi4,cifar100,73.000000,61.492350,0.108157,954
17,12,1425,raspi4,cifar100,72.093330,39.608680,0.108157,954
17,12,8135,raspi4,cifar100,72.780000,54.931755,0.108157,954
17,12,2369,raspi4,cifar100,70.273330,25.161810,0.108157,954
17,12,12820,raspi4,cifar100,67.720000,15.998039,0.108157,954
17,12,4359,raspi4,cifar100,64.233330,5.126531,0.108157,954
17,12,6111,raspi4,cifar100,73.220000,61.573837,0.108157,954
17,13,3633,edgegpu,ImageNet16-120,0.833333,0.541496,0.139545,950
17,13,8687,edgegpu,ImageNet16-120,28.888890,1.470962,0.139545,950
17,13,10835,edgegpu,ImageNet16-120,45.233334,4.434366,0.139545,950
17,13,8931,edgegpu,ImageNet16-120,39.688890,2.479262,0.139545,950
17,13,15383,edgegpu,ImageNet16-120,47.033333,6.262836,0.139545,950
17,13,5731,edgegpu,ImageNet16-120,43.966667,3.363695,0.139545,950
17,13,12415,edgegpu,ImageNet16-120,46.566666,4.667692,0.139545,950
17,13,2650,edgegpu,ImageNet16-120,42.433334,3.309817,0.139545,950
17,13,5328,edgegpu,ImageNet16-120,39.300000,1.873140,0.139545,950
17,13,12686,edgegpu,ImageNet16-120,39.733334,2.492566,0.139545,950
17,13,15288,edgegpu,ImageNet16-120,28.422222,1.417041,0.139545,950
17,13,8230,edgegpu,ImageNet16-120,39.944443,2.585306,0.139545,950
17,13,6499,edgegpu,ImageNet16-120,44.466667,3.413672,0.139545,950
17,13,5981,edgegpu,ImageNet16-120,39.211113,1.746097,0.139545,950
17,13,5374,edgegpu,ImageNet16-120,46.766666,5.294285,0.139545,950
17,13,6950,edgegpu,ImageNet16-120,38.700000,1.740150,0.139545,950
17,13,7187,edgegpu,ImageNet16-120,28.683332,1.443858,0.139545,950
17,13,8401,edgegpu,ImageNet16-120,43.833332,3.322444,0.139545,950
17,14,15014,edgetpu,ImageNet16-120,28.266666,0.358110,0.109610,962
17,14,4160,edgetpu,ImageNet16-120,39.833332,0.430355,0.109610,962
17,14,13931,edgetpu,ImageNet16-120,28.788889,0.360349,0.109610,962
17,14,8884,edgetpu,ImageNet16-120,45.033333,0.615792,0.109610,962
17,14,15363,edgetpu,ImageNet16-120,44.333332,0.582280,0.109610,962
17,14,5374,edgetpu,ImageNet16-120,46.766666,0.843987,0.109610,962
17,14,10750,edgetpu,ImageNet16-120,44.600000,0.615553,0.109610,962
17,14,10699,edgetpu,ImageNet16-120,46.833332,0.858130,0.109610,962
17,14,7837,edgetpu,ImageNet16-120,32.111110,0.363571,0.109610,962
17,14,12415,edgetpu,ImageNet16-120,46.566666,0.710906,0.109610,962
17,14,11079,edgetpu,ImageNet16-120,43.566666,0.552430,0.109610,962
17,14,9689,edgetpu,ImageNet16-120,42.533333,0.549702,0.109610,962
17,14,7273,edgetpu,ImageNet16-120,42.966667,0.550014,0.109610,962
17,14,9586,edgetpu,ImageNet16-120,46.933334,0.981196,0.109610,962
17,14,70,edgetpu,ImageNet16-120,39.377777,0.428228,0.109610,962
17,14,7174,edgetpu,ImageNet16-120,33.116665,0.391775,0.109610,962
17,14,10167,edgetpu,ImageNet16-120,39.944443,0.444058,0.109610,962
17,14,5751,edgetpu,ImageNet16-120,40.044445,0.516992,0.109610,962
17,14,857,edgetpu,ImageNet16-120,47.311110,0.997730,0.109610,962
17,14,7750,edgetpu,ImageNet16-120,43.066666,0.551617,0.109610,962
17,15,13778,eyeriss,ImageNet16-120,46.277780,1.283200,0.126685,970
17,15,5111,eyeriss,ImageNet16-120,46.588890,1.344640,0.126685,970
17,15,11867,eyeriss,ImageNet16-120,43.866665,0.914560,0.126685,970
17,15,3687,eyeriss,ImageNet16-120,34.066666,0.484480,0.126685,970
17,15,8008,eyeriss,ImageNet16-120,43.500000,0.853120,0.126685,970
17,15,2835,eyeriss,ImageNet16-120,38.222220,0.545920,0.126685,970
17,15,8853,eyeriss,ImageNet16-120,45.600000,1.037440,0.126685,970
17,15,5374,eyeriss,ImageNet16-120,46.766666,1.590400,0.126685,970
17,15,8733,eyeriss,ImageNet16-120,46.600000,1.528960,0.126685,970
17,15,13171,eyeriss,ImageNet16-120,44.966667,0.976000,0.126685,970
17,15,4988,eyeriss,ImageNet16-120,28.933332,0.423040,0.126685,970
17,15,6854,eyeriss,ImageNet16-120,40.800000,0.668800,0.126685,970
17,15,5487,eyeriss,ImageNet16-120,38.500000,0.607360,0.126685,970
17,15,9586,eyeriss,ImageNet16-120,46.933334,1.897600,0.126685,970
17,16,1943,fpga,ImageNet16-120,42.866665,0.876800,0.179573,950
17,16,4988,fpga,ImageNet16-120,28.933332,0.284320,0.179573,950
17,16,6111,fpga,ImageNet16-120,46.711110,2.480000,0.179573,950
17,16,1941,fpga,ImageNet16-120,44.988888,1.116320,0.179573,950
17,16,5793,fpga,ImageNet16-120,35.033333,0.517920,0.179573,950
17,16,10017,fpga,ImageNet16-120,40.566666,0.784000,0.179573,950
17,16,8884,fpga,ImageNet16-120,45.033333,1.344000,0.179573,950
17,16,4179,fpga,ImageNet16-120,38.433334,0.649120,0.179573,950
17,16,13778,fpga,ImageNet16-120,46.277780,1.504000,0.179573,950
17,16,5111,fpga,ImageNet16-120,46.588890,1.596800,0.179573,950
17,16,4829,fpga,ImageNet16-120,34.200000,0.415520,0.179573,950
17,16,8323,fpga,ImageNet16-120,38.033333,0.546720,0.179573,950
17,16,6787,fpga,ImageNet16-120,44.400000,0.969600,0.179573,950
17,16,14748,fpga,ImageNet16-120,44.900000,0.995200,0.179573,950
17,16,14792,fpga,ImageNet16-120,43.033333,0.902400,0.179573,950
17,16,8736,fpga,ImageNet16-120,45.700000,1.411200,0.179573,950
17,17,13931,pixel3,ImageNet16-120,28.788889,0.504246,0.162852,951
17,17,11079,pixel3,ImageNet16-120,43.566666,2.479610,0.162852,951
17,17,735,pixel3,ImageNet16-120,38.544445,1.107950,0.162852,951
17,17,1425,pixel3,ImageNet16-120,45.977780,4.619290,0.162852,951
17,17,10699,pixel3,ImageNet16-120,46.833332,6.353010,0.162852,951
17,17,4409,pixel3,ImageNet16-120,37.722220,0.862979,0.162852,951
17,17,8736,pixel3,ImageNet16-120,45.700000,4.405980,0.162852,951
17,17,5374,pixel3,ImageNet16-120,46.766666,6.317500,0.162852,951
17,17,11000,pixel3,ImageNet16-120,44.866665,2.962520,0.162852,951
17,17,2018,pixel3,ImageNet16-120,46.433334,4.949210,0.162852,951
17,17,12639,pixel3,ImageNet16-120,40.400000,1.304440,0.162852,951
17,17,2050,pixel3,ImageNet16-120,0.833333,0.005526,0.162852,951
17,17,5111,pixel3,ImageNet16-120,46.588890,5.571030,0.162852,951
17,17,6854,pixel3,ImageNet16-120,40.800000,1.621620,0.162852,951
17,17,4004,pixel3,ImageNet16-120,42.811110,2.467510,0.162852,951
17,17,4977,pixel3,ImageNet16-120,32.966667,0.617991,0.162852,951
17,17,4384,pixel3,ImageNet16-120,28.133333,0.421612,0.162852,951
17,17,1939,pixel3,ImageNet16-120,45.077778,3.021500,0.162852,951
17,17,8853,pixel3,ImageNet16-120,45.600000,3.554540,0.162852,951
17,17,3496,pixel3,ImageNet16-120,34.233334,0.670584,0.162852,951
17,18,3782,raspi4,ImageNet16-120,41.866665,3.755286,0.128156,950
17,18,13644,raspi4,ImageNet16-120,45.333332,6.780282,0.128156,950
17,18,15363,raspi4,ImageNet16-120,44.333332,4.480516,0.128156,950
17,18,12424,raspi4,ImageNet16-120,43.133330,3.805729,0.128156,950
17,18,4587,raspi4,ImageNet16-120,28.800000,1.008993,0.128156,950
17,18,9037,raspi4,ImageNet16-120,40.033333,3.197520,0.128156,950
17,18,15383,raspi4,ImageNet16-120,47.033333,8.565354,0.128156,950
17,18,8853,raspi4,ImageNet16-120,45.600000,6.961605,0.128156,950
17,18,857,raspi4,ImageNet16-120,47.311110,9.020064,0.128156,950
17,18,9311,raspi4,ImageNet16-120,0.833333,0.011566,0.128156,950
17,18,9496,raspi4,ImageNet16-120,38.200000,2.204048,0.128156,950
17,18,1804,raspi4,ImageNet16-120,32.833332,1.536996,0.128156,950
17,18,3776,raspi4,ImageNet16-120,37.133335,2.191733,0.128156,950
17,18,2018,raspi4,ImageNet16-120,46.433334,7.482383,0.128156,950
17,18,97,raspi4,ImageNet16-120,32.177776,1.530789,0.128156,950
17,18,5333,raspi4,ImageNet16-120,38.900000,3.070480,0.128156,950
17,18,6787,raspi4,ImageNet16-120,44.400000,4.532777,0.128156,950
17,18,12653,raspi4,ImageNet16-120,33.977780,1.606440,0.128156,950
17,18,1939,raspi4,ImageNet16-120,45.077778,5.341908,0.128156,950
17,18,7187,raspi4,ImageNet16-120,28.683332,0.952790,0.128156,950
18,1,7352,edgegpu,cifar10,92.200000,1.780667,0.135434,956
18,1,15200,edgegpu,cifar10,10.000000,0.501385,0.135434,956
18,1,10222,edgegpu,cifar10,86.200000,1.429176,0.135434,956
18,1,5779,edgegpu,cifar10,86.680000,1.439686,0.135434,956
18,1,13401,edgegpu,cifar10,87.010000,1.457009,0.135434,956
18,1,14392,edgegpu,cifar10,86.520000,1.435742,0.135434,956
18,1,7636,edgegpu,cifar10,92.270000,2.802658,0.135434,956
18,1,81,edgegpu,cifar10,94.300000,6.805201,0.135434,956
18,1,10484,edgegpu,cifar10,93.810000,3.354015,0.135434,956
18,1,14567,edgegpu,cifar10,92.610000,3.314986,0.135434,956
18,1,6111,edgegpu,cifar10,94.373340,6.810174,0.135434,956
18,1,9462,edgegpu,cifar10,91.990000,1.764455,0.135434,956
18,1,561,edgegpu,cifar10,86.880000,1.451068,0.135434,956
18,1,4006,edgegpu,cifar10,91.986664,1.754365,0.135434,956
18,1,11692,edgegpu,cifar10,94.130000,4.708362,0.135434,956
18,1,7210,edgegpu,cifar10,92.180000,1.776838,0.135434,956
18,1,1601,edgegpu,cifar10,86.336670,1.433892,0.135434,956
18,1,2776,edgegpu,cifar10,93.666664,3.331194,0.135434,956
18,1,13539,edgegpu,cifar10,94.190000,6.504121,0.135434,956
18,2,13714,edgetpu,cifar10,94.373340,1.377865,0.169438,950
18,2,8192,edgetpu,cifar10,93.093330,0.627745,0.169438,950
18,2,9950,edgetpu,cifar10,93.840000,0.723767,0.169438,950
18,2,1038,edgetpu,cifar10,92.276665,0.483895,0.169438,950
18,2,5111,edgetpu,cifar10,94.306660,1.152010,0.169438,950
18,2,5915,edgetpu,cifar10,86.846664,0.376449,0.169438,950
18,2,4675,edgetpu,cifar10,89.200000,0.395661,0.169438,950
18,2,2053,edgetpu,cifar10,94.206665,1.042178,0.169438,950
18,2,11472,edgetpu,cifar10,93.970000,0.725244,0.169438,950
18,2,12439,edgetpu,cifar10,86.393330,0.352159,0.169438,950
18,2,3022,edgetpu,cifar10,86.670000,0.355117,0.169438,950
18,2,8008,edgetpu,cifar10,93.480000,0.629746,0.169438,950
18,2,11692,edgetpu,cifar10,94.130000,0.761100,0.169438,950
18,2,11112,edgetpu,cifar10,92.110000,0.480732,0.169438,950
18,2,970,edgetpu,cifar10,86.770000,0.371488,0.169438,950
18,2,6584,edgetpu,cifar10,94.160000,0.888877,0.169438,950
18,2,797,edgetpu,cifar10,93.280000,0.627996,0.169438,950
18,2,6177,edgetpu,cifar10,88.813330,0.390095,0.169438,950
18,2,6515,edgetpu,cifar10,93.616670,0.722858,0.169438,950
18,2,6173,edgetpu,cifar10,88.930000,0.391241,0.169438,950
18,3,6854,eyeriss,cifar10,91.040000,2.662580,0.144731,950
18,3,6111,eyeriss,cifar10,94.373340,7.823540,0.144731,950
18,3,3731,eyeriss,cifar10,94.343330,6.594740,0.144731,950
18,3,8592,eyeriss,cifar10,93.750000,3.891380,0.144731,950
18,3,4384,eyeriss,cifar10,86.796670,1.679540,0.144731,950
18,3,5111,eyeriss,cifar10,94.306660,5.365940,0.144731,950
18,3,13714,eyeriss,cifar10,94.373340,7.823540,0.144731,950
18,3,11692,eyeriss,cifar10,94.130000,4.874420,0.144731,950
18,3,13611,eyeriss,cifar10,92.490000,3.154100,0.144731,950
18,3,8323,eyeriss,cifar10,90.870000,2.171060,0.144731,950
18,3,13987,eyeriss,cifar10,93.596664,3.645620,0.144731,950
18,3,9950,eyeriss,cifar10,93.840000,4.628660,0.144731,950
18,3,858,eyeriss,cifar10,89.696660,1.925300,0.144731,950
18,3,8008,eyeriss,cifar10,93.480000,3.399860,0.144731,950
18,4,13611,fpga,cifar10,92.490000,2.390560,0.125553,953
18,4,8008,fpga,cifar10,93.480000,2.905760,0.125553,953
18,4,11692,fpga,cifar10,94.130000,4.163360,0.125553,953
18,4,13714,fpga,cifar10,94.373340,6.678560,0.125553,953
18,4,4384,fpga,cifar10,86.796670,1.132960,0.125553,953
18,4,11472,fpga,cifar10,93.970000,3.648160,0.125553,953
18,4,12438,fpga,cifar10,89.875000,1.648160,0.125553,953
18,4,6111,fpga,cifar10,94.373340,6.678560,0.125553,953
18,4,5111,fpga,cifar10,94.306660,5.193760,0.125553,953
18,4,8323,fpga,cifar10,90.870000,2.163360,0.125553,953
18,4,3731,fpga,cifar10,94.343330,5.936160,0.125553,953
18,5,111,pixel3,cifar10,93.686670,12.273800,0.148672,988
18,5,6584,pixel3,cifar10,94.160000,15.720300,0.148672,988
18,5,32,pixel3,cifar10,92.376660,6.622090,0.148672,988
18,5,1194,pixel3,cifar10,86.373340,1.086720,0.148672,988
18,5,15032,pixel3,cifar10,90.820000,4.065230,0.148672,988
18,5,12740,pixel3,cifar10,89.620000,2.368490,0.148672,988
18,5,1852,pixel3,cifar10,10.000000,0.003285,0.148672,988
18,5,99,pixel3,cifar10,93.636665,11.566000,0.148672,988
18,5,45,pixel3,cifar10,89.593330,1.713590,0.148672,988
18,5,6126,pixel3,cifar10,93.980000,15.542600,0.148672,988
18,5,970,pixel3,cifar10,86.770000,1.474220,0.148672,988
18,5,1339,pixel3,cifar10,92.136665,5.802240,0.148672,988
18,5,3887,pixel3,cifar10,90.640000,3.108160,0.148672,988
18,5,11472,pixel3,cifar10,93.970000,14.718900,0.148672,988
18,5,5111,pixel3,cifar10,94.306660,17.584600,0.148672,988
18,5,11000,pixel3,cifar10,93.560000,10.109500,0.148672,988
18,5,6382,pixel3,cifar10,93.376660,7.048190,0.148672,988
18,5,1941,pixel3,cifar10,93.533330,9.128690,0.148672,988
18,5,3731,pixel3,cifar10,94.343330,23.361300,0.148672,988
18,5,6111,pixel3,cifar10,94.373340,23.584800,0.148672,988
18,6,8695,raspi4,cifar10,94.220000,45.759613,0.146938,950
18,6,13869,raspi4,cifar10,93.656670,25.787006,0.146938,950
18,6,13846,raspi4,cifar10,90.720000,7.176163,0.146938,950
18,6,14565,raspi4,cifar10,88.880000,4.781183,0.146938,950
18,6,6111,raspi4,cifar10,94.373340,68.404106,0.146938,950
18,6,6577,raspi4,cifar10,10.000000,0.011297,0.146938,950
18,6,7207,raspi4,cifar10,89.803340,5.099723,0.146938,950
18,6,15459,raspi4,cifar10,93.160000,20.628489,0.146938,950
18,6,1973,raspi4,cifar10,91.663330,16.185848,0.146938,950
18,6,8426,raspi4,cifar10,93.840000,31.394428,0.146938,950
18,6,5780,raspi4,cifar10,93.980000,34.928463,0.146938,950
18,6,3731,raspi4,cifar10,94.343330,58.070793,0.146938,950
18,6,11810,raspi4,cifar10,92.780000,18.619905,0.146938,950
18,6,7017,raspi4,cifar10,86.970000,2.544041,0.146938,950
18,6,3960,raspi4,cifar10,90.830000,7.433146,0.146938,950
18,6,11692,raspi4,cifar10,94.130000,37.583630,0.146938,950
18,6,8008,raspi4,cifar10,93.480000,22.571420,0.146938,950
18,6,1785,raspi4,cifar10,86.586670,2.538737,0.146938,950
18,6,10275,raspi4,cifar10,91.080000,9.993188,0.146938,950
18,6,6960,raspi4,cifar10,92.280000,17.162752,0.146938,950
18,7,8912,edgegpu,cifar100,59.200000,1.441355,0.118618,950
18,7,9586,edgegpu,cifar100,72.400000,5.387192,0.118618,950
18,7,14174,edgegpu,cifar100,72.646670,5.395265,0.118618,950
18,7,14677,edgegpu,cifar100,62.420000,1.746187,0.118618,950
18,7,14984,edgegpu,cifar100,67.166664,1.760831,0.118618,950
18,7,1509,edgegpu,cifar100,1.000000,0.505853,0.118618,950
18,7,9922,edgegpu,cifar100,58.560000,1.428552,0.118618,950
18,7,4954,edgegpu,cifar100,73.000000,6.669736,0.118618,950
18,7,3540,edgegpu,cifar100,71.500000,4.730291,0.118618,950
18,7,9930,edgegpu,cifar100,73.513336,6.803060,0.118618,950
18,7,4609,edgegpu,cifar100,66.520000,1.758838,0.118618,950
18,7,11810,edgegpu,cifar100,68.300000,1.779551,0.118618,950
18,7,3888,edgegpu,cifar100,73.260000,6.797867,0.118618,950
18,7,2778,edgegpu,cifar100,72.993330,6.134028,0.118618,950
18,7,12415,edgegpu,cifar100,71.940000,4.828467,0.118618,950
18,7,11465,edgegpu,cifar100,71.160000,4.351864,0.118618,950
18,7,14527,edgegpu,cifar100,58.590000,1.440539,0.118618,950
18,7,8401,edgegpu,cifar100,71.080000,3.302102,0.118618,950
18,7,11885,edgegpu,cifar100,68.040000,1.776652,0.118618,950
18,8,1425,edgetpu,cifar100,72.093330,0.910660,0.287715,950
18,8,6382,edgetpu,cifar100,69.533330,0.634724,0.287715,950
18,8,2581,edgetpu,cifar100,73.166664,1.354564,0.287715,950
18,8,9930,edgetpu,cifar100,73.513336,1.454107,0.287715,950
18,8,9997,edgetpu,cifar100,71.520000,0.729986,0.287715,950
18,8,5019,edgetpu,cifar100,58.880000,0.357058,0.287715,950
18,8,777,edgetpu,cifar100,58.650000,0.355588,0.287715,950
18,8,4977,edgetpu,cifar100,63.360000,0.398743,0.287715,950
18,8,6974,edgetpu,cifar100,61.880000,0.392555,0.287715,950
18,8,9037,edgetpu,cifar100,67.920000,0.598340,0.287715,950
18,8,5674,edgetpu,cifar100,67.850000,0.489972,0.287715,950
18,8,11219,edgetpu,cifar100,67.200000,0.486929,0.287715,950
18,8,12415,edgetpu,cifar100,71.940000,0.872299,0.287715,950
18,8,857,edgetpu,cifar100,72.880000,1.264168,0.287715,950
18,8,1317,edgetpu,cifar100,72.566666,1.023844,0.287715,950
18,8,9950,edgetpu,cifar100,70.380000,0.727540,0.287715,950
18,8,8884,edgetpu,cifar100,69.920000,0.667299,0.287715,950
18,8,4418,edgetpu,cifar100,72.746666,1.093699,0.287715,950
18,8,12599,edgetpu,cifar100,68.620000,0.634541,0.287715,950
18,8,2705,edgetpu,cifar100,62.813330,0.393026,0.287715,950
18,9,7627,eyeriss,cifar100,66.860000,2.174080,0.117427,951
18,9,7897,eyeriss,cifar100,71.230000,4.877440,0.117427,951
18,9,9930,eyeriss,cifar100,73.513336,9.055360,0.117427,951
18,9,12761,eyeriss,cifar100,72.860000,6.352000,0.117427,951
18,9,7250,eyeriss,cifar100,67.706665,3.157120,0.117427,951
18,9,5651,eyeriss,cifar100,64.690000,1.928320,0.117427,951
18,9,11533,eyeriss,cifar100,69.760000,3.402880,0.117427,951
18,9,3888,eyeriss,cifar100,73.260000,6.597760,0.117427,951
18,9,10154,eyeriss,cifar100,71.960000,5.123200,0.117427,951
18,9,1383,eyeriss,cifar100,70.273330,3.648640,0.117427,951
18,9,14253,eyeriss,cifar100,70.860000,3.894400,0.117427,951
18,9,5084,eyeriss,cifar100,58.813330,1.682560,0.117427,951
18,10,5344,fpga,cifar100,64.680000,2.057760,0.137303,954
18,10,15033,fpga,cifar100,67.793335,2.390560,0.137303,954
18,10,375,fpga,cifar100,64.440000,1.648160,0.137303,954
18,10,12574,fpga,cifar100,72.740000,4.678560,0.137303,954
18,10,5084,fpga,cifar100,58.813330,1.132960,0.137303,954
18,10,15246,fpga,cifar100,66.966670,2.163360,0.137303,954
18,10,2369,fpga,cifar100,70.273330,3.420960,0.137303,954
18,10,11472,fpga,cifar100,70.860000,3.648160,0.137303,954
18,10,9930,fpga,cifar100,73.513336,7.420960,0.137303,954
18,10,3888,fpga,cifar100,73.260000,5.936160,0.137303,954
18,10,12761,fpga,cifar100,72.860000,5.420960,0.137303,954
18,10,8610,fpga,cifar100,71.300000,4.163360,0.137303,954
18,10,898,fpga,cifar100,70.000000,2.905760,0.137303,954
18,10,6925,fpga,cifar100,71.220000,3.936160,0.137303,954
18,11,9997,pixel3,cifar100,71.520000,14.777900,0.158288,954
18,11,1459,pixel3,cifar100,73.140000,23.437900,0.158288,954
18,11,1425,pixel3,cifar100,72.093330,15.692300,0.158288,954
18,11,11492,pixel3,cifar100,67.300000,4.774640,0.158288,954
18,11,781,pixel3,cifar100,67.960000,6.675490,0.158288,954
18,11,733,pixel3,cifar100,69.430000,6.796300,0.158288,954
18,11,724,pixel3,cifar100,67.053340,2.875650,0.158288,954
18,11,1583,pixel3,cifar100,71.326670,12.345800,0.158288,954
18,11,5019,pixel3,cifar100,58.880000,1.483640,0.158288,954
18,11,5111,pixel3,cifar100,72.373340,17.609500,0.158288,954
18,11,2581,pixel3,cifar100,73.166664,34.693600,0.158288,954
18,11,6337,pixel3,cifar100,1.000000,0.008753,0.158288,954
18,11,857,pixel3,cifar100,72.880000,19.113200,0.158288,954
18,11,464,pixel3,cifar100,57.833332,1.475220,0.158288,954
18,11,8592,pixel3,cifar100,70.610000,10.919100,0.158288,954
18,11,9930,pixel3,cifar100,73.513336,42.003600,0.158288,954
18,11,7207,pixel3,cifar100,64.260000,2.722700,0.158288,954
18,11,6111,pixel3,cifar100,73.220000,35.197000,0.158288,954
18,11,6758,pixel3,cifar100,62.546665,2.195650,0.158288,954
18,11,12424,pixel3,cifar100,69.980000,8.954760,0.158288,954
18,12,6931,raspi4,cifar100,71.180000,34.009453,0.149120,952
18,12,7551,raspi4,cifar100,67.286670,14.059243,0.149120,952
18,12,2165,raspi4,cifar100,68.253334,19.781107,0.149120,952
18,12,12574,raspi4,cifar100,72.740000,36.371254,0.149120,952
18,12,15363,raspi4,cifar100,70.520000,21.809430,0.149120,952
18,12,1939,raspi4,cifar100,70.760000,24.555029,0.149120,952
18,12,12639,raspi4,cifar100,68.000000,16.932909,0.149120,952
18,12,9930,raspi4,cifar100,73.513336,71.152000,0.149120,952
18,12,1572,raspi4,cifar100,69.900000,19.916142,0.149120,952
18,12,4418,raspi4,cifar100,72.746666,47.162354,0.149120,952
18,12,3888,raspi4,cifar100,73.260000,55.029520,0.149120,952
18,12,3307,raspi4,cifar100,62.620000,4.846187,0.149120,952
18,12,8740,raspi4,cifar100,1.000000,0.015215,0.149120,952
18,12,15589,raspi4,cifar100,59.060000,2.795078,0.149120,952
18,12,7594,raspi4,cifar100,58.300000,2.566444,0.149120,952
18,12,13430,raspi4,cifar100,66.700000,7.203785,0.149120,952
18,12,10042,raspi4,cifar100,64.880000,5.100886,0.149120,952
18,12,9997,raspi4,cifar100,71.520000,34.996710,0.149120,952
18,12,15246,raspi4,cifar100,66.966670,7.350053,0.149120,952
18,12,3408,raspi4,cifar100,63.993332,5.081906,0.149120,952
18,13,9586,edgegpu,ImageNet16-120,46.933334,5.222673,0.138376,950
18,13,5674,edgegpu,ImageNet16-120,39.650000,1.763358,0.138376,950
18,13,11438,edgegpu,ImageNet16-120,39.733334,1.903386,0.138376,950
18,13,8884,edgegpu,ImageNet16-120,45.033333,3.499999,0.138376,950
18,13,15376,edgegpu,ImageNet16-120,0.833333,0.533953,0.138376,950
18,13,12505,edgegpu,ImageNet16-120,39.283333,1.750417,0.138376,950
18,13,4946,edgegpu,ImageNet16-120,44.700000,3.490419,0.138376,950
18,13,8355,edgegpu,ImageNet16-120,39.666668,1.810203,0.138376,950
18,13,4988,edgegpu,ImageNet16-120,28.933332,1.448212,0.138376,950
18,13,9722,edgegpu,ImageNet16-120,44.000000,3.327813,0.138376,950
18,13,6950,edgegpu,ImageNet16-120,38.700000,1.740150,0.138376,950
18,13,454,edgegpu,ImageNet16-120,41.277780,3.303313,0.138376,950
18,13,14117,edgegpu,ImageNet16-120,28.677778,1.435547,0.138376,950
18,13,15288,edgegpu,ImageNet16-120,28.422222,1.417041,0.138376,950
18,13,8401,edgegpu,ImageNet16-120,43.833332,3.322444,0.138376,950
18,13,15159,edgegpu,ImageNet16-120,45.566666,4.632421,0.138376,950
18,13,7187,edgegpu,ImageNet16-120,28.683332,1.443858,0.138376,950
18,13,10947,edgegpu,ImageNet16-120,39.944443,1.909800,0.138376,950
18,13,8426,edgegpu,ImageNet16-120,44.633335,3.370147,0.138376,950
18,14,11079,edgetpu,ImageNet16-120,43.566666,0.552430,0.173575,950
18,14,10835,edgetpu,ImageNet16-120,45.233334,0.719910,0.173575,950
18,14,2560,edgetpu,ImageNet16-120,28.200000,0.359160,0.173575,950
18,14,14677,edgetpu,ImageNet16-120,33.233334,0.364575,0.173575,950
18,14,857,edgetpu,ImageNet16-120,47.311110,0.997730,0.173575,950
18,14,8290,edgetpu,ImageNet16-120,46.133335,0.764174,0.173575,950
18,14,2240,edgetpu,ImageNet16-120,39.422222,0.440468,0.173575,950
18,14,3540,edgetpu,ImageNet16-120,45.122223,0.648670,0.173575,950
18,14,15383,edgetpu,ImageNet16-120,47.033333,0.780914,0.173575,950
18,14,1425,edgetpu,ImageNet16-120,45.977780,0.760716,0.173575,950
18,14,14108,edgetpu,ImageNet16-120,28.311111,0.361512,0.173575,950
18,14,9037,edgetpu,ImageNet16-120,40.033333,0.528199,0.173575,950
18,14,4830,edgetpu,ImageNet16-120,42.233334,0.549457,0.173575,950
18,14,6950,edgetpu,ImageNet16-120,38.700000,0.427379,0.173575,950
18,14,7273,edgetpu,ImageNet16-120,42.966667,0.550014,0.173575,950
18,14,15363,edgetpu,ImageNet16-120,44.333332,0.582280,0.173575,950
18,14,11222,edgetpu,ImageNet16-120,39.766666,0.516482,0.173575,950
18,14,13769,edgetpu,ImageNet16-120,41.555557,0.549360,0.173575,950
18,14,6858,edgetpu,ImageNet16-120,40.333332,0.541300,0.173575,950
18,14,6499,edgetpu,ImageNet16-120,44.466667,0.635770,0.173575,950
18,15,7627,eyeriss,ImageNet16-120,37.766666,0.545920,0.100668,954
18,15,6854,eyeriss,ImageNet16-120,40.800000,0.668800,0.100668,954
18,15,4612,eyeriss,ImageNet16-120,33.977780,0.484480,0.100668,954
18,15,6787,eyeriss,ImageNet16-120,44.400000,0.914560,0.100668,954
18,15,1939,eyeriss,ImageNet16-120,45.077778,0.976000,0.100668,954
18,15,6121,eyeriss,ImageNet16-120,28.433332,0.423040,0.100668,954
18,15,12036,eyeriss,ImageNet16-120,33.977780,0.484480,0.100668,954
18,15,8853,eyeriss,ImageNet16-120,45.600000,1.037440,0.100668,954
18,15,3261,eyeriss,ImageNet16-120,43.022220,0.853120,0.100668,954
18,15,857,eyeriss,ImageNet16-120,47.311110,1.651840,0.100668,954
18,15,5487,eyeriss,ImageNet16-120,38.500000,0.607360,0.100668,954
18,15,15383,eyeriss,ImageNet16-120,47.033333,1.283200,0.100668,954
18,16,4618,fpga,ImageNet16-120,28.544445,0.284320,0.146566,950
18,16,1939,fpga,ImageNet16-120,45.077778,1.062400,0.146566,950
18,16,6787,fpga,ImageNet16-120,44.400000,0.969600,0.146566,950
18,16,14748,fpga,ImageNet16-120,44.900000,0.995200,0.146566,950
18,16,13284,fpga,ImageNet16-120,40.177776,0.784000,0.146566,950
18,16,10699,fpga,ImageNet16-120,46.833332,1.945600,0.146566,950
18,16,8853,fpga,ImageNet16-120,45.600000,1.155200,0.146566,950
18,16,7187,fpga,ImageNet16-120,28.683332,0.386720,0.146566,950
18,16,13778,fpga,ImageNet16-120,46.277780,1.504000,0.146566,950
18,16,5111,fpga,ImageNet16-120,46.588890,1.596800,0.146566,950
18,16,3261,fpga,ImageNet16-120,43.022220,0.876800,0.146566,950
18,16,12358,fpga,ImageNet16-120,34.055557,0.517920,0.146566,950
18,16,13705,fpga,ImageNet16-120,39.655556,0.780320,0.146566,950
18,16,12857,fpga,ImageNet16-120,37.700000,0.546720,0.146566,950
18,16,12653,fpga,ImageNet16-120,33.977780,0.415520,0.146566,950
18,16,5487,fpga,ImageNet16-120,38.500000,0.677920,0.146566,950
18,16,2112,fpga,ImageNet16-120,38.355556,0.649120,0.146566,950
18,16,6854,fpga,ImageNet16-120,40.800000,0.809120,0.146566,950
18,17,15446,pixel3,ImageNet16-120,45.766666,3.439380,0.156299,950
18,17,7180,pixel3,ImageNet16-120,39.683334,1.814760,0.156299,950
18,17,10699,pixel3,ImageNet16-120,46.833332,6.353010,0.156299,950
18,17,735,pixel3,ImageNet16-120,38.544445,1.107950,0.156299,950
18,17,3186,pixel3,ImageNet16-120,31.411112,0.620009,0.156299,950
18,17,14112,pixel3,ImageNet16-120,40.733334,1.913100,0.156299,950
18,17,5111,pixel3,ImageNet16-120,46.588890,5.571030,0.156299,950
18,17,4384,pixel3,ImageNet16-120,28.133333,0.421612,0.156299,950
18,17,13778,pixel3,ImageNet16-120,46.277780,5.556790,0.156299,950
18,17,4409,pixel3,ImageNet16-120,37.722220,0.862979,0.156299,950
18,17,6014,pixel3,ImageNet16-120,28.533333,0.423391,0.156299,950
18,17,12266,pixel3,ImageNet16-120,0.833333,0.005541,0.156299,950
18,17,13059,pixel3,ImageNet16-120,34.266666,0.668679,0.156299,950
18,17,3316,pixel3,ImageNet16-120,39.483334,1.541100,0.156299,950
18,17,5233,pixel3,ImageNet16-120,43.222220,2.718750,0.156299,950
18,17,8715,pixel3,ImageNet16-120,38.800000,1.454500,0.156299,950
18,17,2476,pixel3,ImageNet16-120,44.777780,3.017320,0.156299,950
18,17,4004,pixel3,ImageNet16-120,42.811110,2.467510,0.156299,950
18,17,4107,pixel3,ImageNet16-120,43.466667,2.976890,0.156299,950
18,17,10154,pixel3,ImageNet16-120,46.133335,4.783700,0.156299,950
18,18,3431,raspi4,ImageNet16-120,32.966667,1.536690,0.191974,963
18,18,10699,raspi4,ImageNet16-120,46.833332,9.167005,0.191974,963
18,18,11584,raspi4,ImageNet16-120,46.666668,8.014434,0.191974,963
18,18,12123,raspi4,ImageNet16-120,45.466667,7.134879,0.191974,963
18,18,13869,raspi4,ImageNet16-120,44.333332,5.290446,0.191974,963
18,18,5711,raspi4,ImageNet16-120,45.533333,7.858469,0.191974,963
18,18,9585,raspi4,ImageNet16-120,0.833333,0.011519,0.191974,963
18,18,7187,raspi4,ImageNet16-120,28.683332,0.952790,0.191974,963
18,18,8592,raspi4,ImageNet16-120,44.366665,5.947540,0.191974,963
18,18,9805,raspi4,ImageNet16-120,34.133335,1.617568,0.191974,963
18,18,6519,raspi4,ImageNet16-120,40.183334,3.212652,0.191974,963
18,18,8008,raspi4,ImageNet16-120,43.500000,3.819445,0.191974,963
18,18,2835,raspi4,ImageNet16-120,38.222220,3.071540,0.191974,963
18,18,10835,raspi4,ImageNet16-120,45.233334,6.632419,0.191974,963
18,18,8649,raspi4,ImageNet16-120,43.616665,5.288754,0.191974,963
18,18,9586,raspi4,ImageNet16-120,46.933334,11.730493,0.191974,963
18,18,6358,raspi4,ImageNet16-120,39.288887,3.105076,0.191974,963
18,18,5530,raspi4,ImageNet16-120,42.577778,3.785925,0.191974,963
18,18,9035,raspi4,ImageNet16-120,37.333332,2.201485,0.191974,963
18,18,4747,raspi4,ImageNet16-120,45.755554,7.972725,0.191974,963
19,1,13760,edgegpu,cifar10,88.506670,1.764145,0.124409,950
19,1,1224,edgegpu,cifar10,92.123340,2.443504,0.124409,950
19,1,1459,edgegpu,cifar10,94.296670,6.748991,0.124409,950
19,1,2053,edgegpu,cifar10,94.206665,5.482254,0.124409,950
19,1,2776,edgegpu,cifar10,93.666664,3.331194,0.124409,950
19,1,655,edgegpu,cifar10,94.080000,5.315537,0.124409,950
19,1,9099,edgegpu,cifar10,93.940000,3.357520,0.124409,950
19,1,13714,edgegpu,cifar10,94.373340,6.772180,0.124409,950
19,1,10222,edgegpu,cifar10,86.200000,1.429176,0.124409,950
19,1,15200,edgegpu,cifar10,10.000000,0.501385,0.124409,950
19,1,10154,edgegpu,cifar10,94.090000,5.401664,0.124409,950
19,1,13508,edgegpu,cifar10,92.150000,2.758532,0.124409,950
19,1,11112,edgegpu,cifar10,92.110000,1.868019,0.124409,950
19,1,8801,edgegpu,cifar10,91.990000,1.792116,0.124409,950
19,1,6330,edgegpu,cifar10,94.006670,4.384699,0.124409,950
19,1,13401,edgegpu,cifar10,87.010000,1.457009,0.124409,950
19,1,15072,edgegpu,cifar10,92.350000,2.798777,0.124409,950
19,1,2090,edgegpu,cifar10,86.650000,1.437702,0.124409,950
19,1,6372,edgegpu,cifar10,91.913330,1.765590,0.124409,950
19,2,6584,edgetpu,cifar10,94.160000,0.888877,0.217487,952
19,2,15288,edgetpu,cifar10,86.660000,0.354230,0.217487,952
19,2,6382,edgetpu,cifar10,93.376660,0.628638,0.217487,952
19,2,2240,edgetpu,cifar10,91.990000,0.480973,0.217487,952
19,2,9380,edgetpu,cifar10,89.335000,0.395662,0.217487,952
19,2,797,edgetpu,cifar10,93.280000,0.627996,0.217487,952
19,2,4512,edgetpu,cifar10,85.970000,0.352544,0.217487,952
19,2,6151,edgetpu,cifar10,89.010000,0.391855,0.217487,952
19,2,13047,edgetpu,cifar10,86.390000,0.353481,0.217487,952
19,2,1005,edgetpu,cifar10,89.183334,0.392518,0.217487,952
19,2,13001,edgetpu,cifar10,88.760000,0.389467,0.217487,952
19,2,9722,edgetpu,cifar10,93.540000,0.723575,0.217487,952
19,2,7210,edgetpu,cifar10,92.180000,0.484111,0.217487,952
19,2,5111,edgetpu,cifar10,94.306660,1.152010,0.217487,952
19,2,970,edgetpu,cifar10,86.770000,0.371488,0.217487,952
19,2,3731,edgetpu,cifar10,94.343330,1.282820,0.217487,952
19,2,6111,edgetpu,cifar10,94.373340,1.379029,0.217487,952
19,2,5780,edgetpu,cifar10,93.980000,0.723967,0.217487,952
19,2,8781,edgetpu,cifar10,88.936670,0.391592,0.217487,952
19,2,4675,edgetpu,cifar10,89.200000,0.395661,0.217487,952
19,3,6584,eyeriss,cifar10,94.160000,4.874420,0.163142,950
19,3,9805,eyeriss,cifar10,89.790000,1.925300,0.163142,950
19,3,14146,eyeriss,cifar10,86.620000,1.679540,0.163142,950
19,3,9032,eyeriss,cifar10,90.740000,2.171060,0.163142,950
19,3,15032,eyeriss,cifar10,90.820000,2.416820,0.163142,950
19,3,3927,eyeriss,cifar10,93.626660,4.628660,0.163142,950
19,3,7407,eyeriss,cifar10,93.510000,3.645620,0.163142,950
19,3,15000,eyeriss,cifar10,92.400000,3.154100,0.163142,950
19,3,898,eyeriss,cifar10,93.356670,3.399860,0.163142,950
19,4,6330,fpga,cifar10,94.006670,4.163360,0.091822,959
19,4,14697,fpga,cifar10,89.710000,1.648160,0.091822,959
19,4,4331,fpga,cifar10,89.766670,2.057760,0.091822,959
19,4,1114,fpga,cifar10,93.820000,3.648160,0.091822,959
19,4,4384,fpga,cifar10,86.796670,1.132960,0.091822,959
19,4,5645,fpga,cifar10,93.485000,3.420960,0.091822,959
19,4,4659,fpga,cifar10,93.396670,2.905760,0.091822,959
19,4,8708,fpga,cifar10,94.080000,4.572960,0.091822,959
19,4,8323,fpga,cifar10,90.870000,2.163360,0.091822,959
19,4,13611,fpga,cifar10,92.490000,2.390560,0.091822,959
19,4,13714,fpga,cifar10,94.373340,6.678560,0.091822,959
19,4,5111,fpga,cifar10,94.306660,5.193760,0.091822,959
19,5,1425,pixel3,cifar10,93.933334,12.536500,0.142989,960
19,5,11972,pixel3,cifar10,91.510000,5.627010,0.142989,960
19,5,8592,pixel3,cifar10,93.750000,10.769800,0.142989,960
19,5,1941,pixel3,cifar10,93.533330,9.128690,0.142989,960
19,5,5780,pixel3,cifar10,93.980000,14.657600,0.142989,960
19,5,13278,pixel3,cifar10,10.000000,0.003936,0.142989,960
19,5,6382,pixel3,cifar10,93.376660,7.048190,0.142989,960
19,5,5111,pixel3,cifar10,94.306660,17.584600,0.142989,960
19,5,1962,pixel3,cifar10,86.530000,1.061010,0.142989,960
19,5,6854,pixel3,cifar10,91.040000,4.514220,0.142989,960
19,5,6999,pixel3,cifar10,93.820000,12.260900,0.142989,960
19,5,11000,pixel3,cifar10,93.560000,10.109500,0.142989,960
19,5,11692,pixel3,cifar10,94.130000,15.490100,0.142989,960
19,5,6111,pixel3,cifar10,94.373340,23.584800,0.142989,960
19,5,3731,pixel3,cifar10,94.343330,23.361300,0.142989,960
19,5,8695,pixel3,cifar10,94.220000,17.564500,0.142989,960
19,5,4731,pixel3,cifar10,90.360000,2.573470,0.142989,960
19,5,1631,pixel3,cifar10,89.506670,1.697120,0.142989,960
19,5,2779,pixel3,cifar10,90.806660,3.102950,0.142989,960
19,5,8735,pixel3,cifar10,91.910000,6.634280,0.142989,960
19,6,6918,raspi4,cifar10,87.000000,2.787590,0.145411,950
19,6,1690,raspi4,cifar10,86.646670,2.536549,0.145411,950
19,6,1781,raspi4,cifar10,89.883330,5.961801,0.145411,950
19,6,4274,raspi4,cifar10,91.620000,17.177172,0.145411,950
19,6,5780,raspi4,cifar10,93.980000,34.928463,0.145411,950
19,6,8426,raspi4,cifar10,93.840000,31.394428,0.145411,950
19,6,6577,raspi4,cifar10,10.000000,0.011297,0.145411,950
19,6,6111,raspi4,cifar10,94.373340,68.404106,0.145411,950
19,6,6382,raspi4,cifar10,93.376660,21.461164,0.145411,950
19,6,13430,raspi4,cifar10,90.580000,7.299066,0.145411,950
19,6,8876,raspi4,cifar10,88.910000,4.861280,0.145411,950
19,6,3731,raspi4,cifar10,94.343330,58.070793,0.145411,950
19,6,11810,raspi4,cifar10,92.780000,18.619905,0.145411,950
19,6,11692,raspi4,cifar10,94.130000,37.583630,0.145411,950
19,6,8008,raspi4,cifar10,93.480000,22.571420,0.145411,950
19,6,8592,raspi4,cifar10,93.750000,25.477009,0.145411,950
19,6,5111,raspi4,cifar10,94.306660,41.756905,0.145411,950
19,6,1941,raspi4,cifar10,93.533330,25.121769,0.145411,950
19,6,8323,raspi4,cifar10,90.870000,7.426308,0.145411,950
19,6,3452,raspi4,cifar10,91.880000,18.359980,0.145411,950
19,7,12238,edgegpu,cifar100,67.240000,1.772847,0.174223,952
19,7,5647,edgegpu,cifar100,62.660000,1.766348,0.174223,952
19,7,3540,edgegpu,cifar100,71.500000,4.730291,0.174223,952
19,7,12415,edgegpu,cifar100,71.940000,4.828467,0.174223,952
19,7,5019,edgegpu,cifar100,58.880000,1.488929,0.174223,952
19,7,3073,edgegpu,cifar100,62.160000,1.763811,0.174223,952
19,7,9930,edgegpu,cifar100,73.513336,6.803060,0.174223,952
19,7,11465,edgegpu,cifar100,71.160000,4.351864,0.174223,952
19,7,9922,edgegpu,cifar100,58.560000,1.428552,0.174223,952
19,7,9586,edgegpu,cifar100,72.400000,5.387192,0.174223,952
19,7,8569,edgegpu,cifar100,68.200000,1.791072,0.174223,952
19,7,4954,edgegpu,cifar100,73.000000,6.669736,0.174223,952
19,7,3888,edgegpu,cifar100,73.260000,6.797867,0.174223,952
19,7,1317,edgegpu,cifar100,72.566666,5.444756,0.174223,952
19,7,8401,edgegpu,cifar100,71.080000,3.302102,0.174223,952
19,7,1110,edgegpu,cifar100,58.840000,1.451211,0.174223,952
19,7,1509,edgegpu,cifar100,1.000000,0.505853,0.174223,952
19,7,1425,edgegpu,cifar100,72.093330,5.310225,0.174223,952
19,7,2778,edgegpu,cifar100,72.993330,6.134028,0.174223,952
19,7,14527,edgegpu,cifar100,58.590000,1.440539,0.174223,952
19,8,9930,edgetpu,cifar100,73.513336,1.454107,0.129253,950
19,8,6925,edgetpu,cifar100,71.220000,0.815992,0.129253,950
19,8,3888,edgetpu,cifar100,73.260000,1.316226,0.129253,950
19,8,12761,edgetpu,cifar100,72.860000,1.225212,0.129253,950
19,8,12574,edgetpu,cifar100,72.740000,0.932430,0.129253,950
19,8,1425,edgetpu,cifar100,72.093330,0.910660,0.129253,950
19,8,69,edgetpu,cifar100,71.020000,0.727259,0.129253,950
19,8,4418,edgetpu,cifar100,72.746666,1.093699,0.129253,950
19,8,857,edgetpu,cifar100,72.880000,1.264168,0.129253,950
19,8,3811,edgetpu,cifar100,69.360000,0.634206,0.129253,950
19,8,11522,edgetpu,cifar100,62.740000,0.394259,0.129253,950
19,8,5019,edgetpu,cifar100,58.880000,0.357058,0.129253,950
19,8,12415,edgetpu,cifar100,71.940000,0.872299,0.129253,950
19,8,1383,edgetpu,cifar100,70.273330,0.673722,0.129253,950
19,8,4659,edgetpu,cifar100,70.060000,0.636433,0.129253,950
19,8,4161,edgetpu,cifar100,61.340000,0.393701,0.129253,950
19,8,3719,edgetpu,cifar100,67.840000,0.496326,0.129253,950
19,8,14534,edgetpu,cifar100,62.770000,0.399174,0.129253,950
19,8,1996,edgetpu,cifar100,67.820000,0.486748,0.129253,950
19,8,14550,edgetpu,cifar100,58.340000,0.355754,0.129253,950
19,9,6925,eyeriss,cifar100,71.220000,3.894400,0.090151,951
19,9,4659,eyeriss,cifar100,70.060000,3.402880,0.090151,951
19,9,8610,eyeriss,cifar100,71.300000,4.877440,0.090151,951
19,9,10689,eyeriss,cifar100,67.500000,2.174080,0.090151,951
19,9,3385,eyeriss,cifar100,72.380000,5.368960,0.090151,951
19,9,5084,eyeriss,cifar100,58.813330,1.682560,0.090151,951
19,9,5651,eyeriss,cifar100,64.690000,1.928320,0.090151,951
19,9,3888,eyeriss,cifar100,73.260000,6.597760,0.090151,951
19,9,11301,eyeriss,cifar100,68.220000,2.665600,0.090151,951
19,9,14174,eyeriss,cifar100,72.646670,6.352000,0.090151,951
19,9,699,eyeriss,cifar100,72.240000,5.123200,0.090151,951
19,9,12820,eyeriss,cifar100,67.720000,2.419840,0.090151,951
19,9,6787,eyeriss,cifar100,70.720000,3.648640,0.090151,951
19,10,8216,fpga,cifar100,71.660000,4.678560,0.133067,950
19,10,14133,fpga,cifar100,58.320000,1.132960,0.133067,950
19,10,4659,fpga,cifar100,70.060000,2.905760,0.133067,950
19,10,6830,fpga,cifar100,71.460000,4.057760,0.133067,950
19,10,6111,fpga,cifar100,73.220000,6.678560,0.133067,950
19,10,15383,fpga,cifar100,71.660000,4.678560,0.133067,950
19,10,6787,fpga,cifar100,70.720000,3.420960,0.133067,950
19,10,9930,fpga,cifar100,73.513336,7.420960,0.133067,950
19,10,2778,fpga,cifar100,72.993330,6.163360,0.133067,950
19,10,12761,fpga,cifar100,72.860000,5.420960,0.133067,950
19,10,5033,fpga,cifar100,59.060000,1.542560,0.133067,950
19,10,4954,fpga,cifar100,73.000000,6.572960,0.133067,950
19,10,857,fpga,cifar100,72.880000,5.936160,0.133067,950
19,10,5651,fpga,cifar100,64.690000,1.648160,0.133067,950
19,10,15033,fpga,cifar100,67.793335,2.390560,0.133067,950
19,10,8323,fpga,cifar100,67.080000,2.163360,0.133067,950
19,11,6337,pixel3,cifar100,1.000000,0.008753,0.151560,950
19,11,10042,pixel3,cifar100,64.880000,2.794690,0.151560,950
19,11,5019,pixel3,cifar100,58.880000,1.483640,0.151560,950
19,11,2581,pixel3,cifar100,73.166664,34.693600,0.151560,950
19,11,572,pixel3,cifar100,70.313330,8.017480,0.151560,950
19,11,857,pixel3,cifar100,72.880000,19.113200,0.151560,950
19,11,2297,pixel3,cifar100,66.526665,3.689310,0.151560,950
19,11,9997,pixel3,cifar100,71.520000,14.777900,0.151560,950
19,11,733,pixel3,cifar100,69.430000,6.796300,0.151560,950
19,11,9930,pixel3,cifar100,73.513336,42.003600,0.151560,950
19,11,8413,pixel3,cifar100,70.880000,14.693200,0.151560,950
19,11,6111,pixel3,cifar100,73.220000,35.197000,0.151560,950
19,11,906,pixel3,cifar100,62.393333,1.661810,0.151560,950
19,11,1147,pixel3,cifar100,63.993332,2.371520,0.151560,950
19,11,2018,pixel3,cifar100,72.360000,17.639500,0.151560,950
19,11,13869,pixel3,cifar100,70.713330,10.688600,0.151560,950
19,11,657,pixel3,cifar100,58.233334,1.233070,0.151560,950
19,11,2880,pixel3,cifar100,67.473335,5.260790,0.151560,950
19,11,1459,pixel3,cifar100,73.140000,23.437900,0.151560,950
19,11,15363,pixel3,cifar100,70.520000,9.708640,0.151560,950
19,12,4659,raspi4,cifar100,70.060000,21.672482,0.125927,950
19,12,1459,raspi4,cifar100,73.140000,53.879950,0.125927,950
19,12,9394,raspi4,cifar100,58.110000,2.552768,0.125927,950
19,12,4232,raspi4,cifar100,71.080000,26.211258,0.125927,950
19,12,5111,raspi4,cifar100,72.373340,44.227980,0.125927,950
19,12,2018,raspi4,cifar100,72.360000,39.345867,0.125927,950
19,12,7207,raspi4,cifar100,64.260000,5.119923,0.125927,950
19,12,4689,raspi4,cifar100,66.860000,13.144063,0.125927,950
19,12,11810,raspi4,cifar100,68.300000,19.289055,0.125927,950
19,12,9271,raspi4,cifar100,63.400000,4.800893,0.125927,950
19,12,9496,raspi4,cifar100,66.560000,7.323690,0.125927,950
19,12,8853,raspi4,cifar100,71.220000,31.380384,0.125927,950
19,12,9997,raspi4,cifar100,71.520000,34.996710,0.125927,950
19,12,10000,raspi4,cifar100,73.160000,57.735558,0.125927,950
19,12,14174,raspi4,cifar100,72.646670,51.067350,0.125927,950
19,12,6111,raspi4,cifar100,73.220000,61.573837,0.125927,950
19,12,9930,raspi4,cifar100,73.513336,71.152000,0.125927,950
19,12,5991,raspi4,cifar100,67.360000,16.188808,0.125927,950
19,12,15589,raspi4,cifar100,59.060000,2.795078,0.125927,950
19,12,8740,raspi4,cifar100,1.000000,0.015215,0.125927,950
19,13,13760,edgegpu,ImageNet16-120,32.333332,1.739759,0.107173,950
19,13,5374,edgegpu,ImageNet16-120,46.766666,5.294285,0.107173,950
19,13,15107,edgegpu,ImageNet16-120,39.800000,2.758832,0.107173,950
19,13,4332,edgegpu,ImageNet16-120,39.444443,1.745496,0.107173,950
19,13,857,edgegpu,ImageNet16-120,47.311110,6.707663,0.107173,950
19,13,12415,edgegpu,ImageNet16-120,46.566666,4.667692,0.107173,950
19,13,15159,edgegpu,ImageNet16-120,45.566666,4.632421,0.107173,950
19,13,15288,edgegpu,ImageNet16-120,28.422222,1.417041,0.107173,950
19,13,6621,edgegpu,ImageNet16-120,44.866665,4.564285,0.107173,950
19,13,15376,edgegpu,ImageNet16-120,0.833333,0.533953,0.107173,950
19,13,6950,edgegpu,ImageNet16-120,38.700000,1.740150,0.107173,950
19,13,15567,edgegpu,ImageNet16-120,44.300000,3.482151,0.107173,950
19,13,8355,edgegpu,ImageNet16-120,39.666668,1.810203,0.107173,950
19,13,7252,edgegpu,ImageNet16-120,44.666668,4.556346,0.107173,950
19,13,4988,edgegpu,ImageNet16-120,28.933332,1.448212,0.107173,950
19,13,8931,edgegpu,ImageNet16-120,39.688890,2.479262,0.107173,950
19,13,8401,edgegpu,ImageNet16-120,43.833332,3.322444,0.107173,950
19,14,12424,edgetpu,ImageNet16-120,43.133330,0.557283,0.180469,957
19,14,5674,edgetpu,ImageNet16-120,39.650000,0.428605,0.180469,957
19,14,2858,edgetpu,ImageNet16-120,33.022220,0.399750,0.180469,957
19,14,15363,edgetpu,ImageNet16-120,44.333332,0.582280,0.180469,957
19,14,15383,edgetpu,ImageNet16-120,47.033333,0.780914,0.180469,957
19,14,8230,edgetpu,ImageNet16-120,39.944443,0.517514,0.180469,957
19,14,7273,edgetpu,ImageNet16-120,42.966667,0.550014,0.180469,957
19,14,13769,edgetpu,ImageNet16-120,41.555557,0.549360,0.180469,957
19,14,2560,edgetpu,ImageNet16-120,28.200000,0.359160,0.180469,957
19,14,4946,edgetpu,ImageNet16-120,44.700000,0.618328,0.180469,957
19,14,3540,edgetpu,ImageNet16-120,45.122223,0.648670,0.180469,957
19,14,13284,edgetpu,ImageNet16-120,40.177776,0.534381,0.180469,957
19,14,5110,edgetpu,ImageNet16-120,32.300000,0.364115,0.180469,957
19,14,2064,edgetpu,ImageNet16-120,38.744446,0.428116,0.180469,957
19,14,13104,edgetpu,ImageNet16-120,32.800000,0.393103,0.180469,957
19,14,4988,edgetpu,ImageNet16-120,28.933332,0.360694,0.180469,957
19,14,6950,edgetpu,ImageNet16-120,38.700000,0.427379,0.180469,957
19,14,12415,edgetpu,ImageNet16-120,46.566666,0.710906,0.180469,957
19,14,857,edgetpu,ImageNet16-120,47.311110,0.997730,0.180469,957
19,14,70,edgetpu,ImageNet16-120,39.377777,0.428228,0.180469,957
19,15,10699,eyeriss,ImageNet16-120,46.833332,1.590400,0.158951,950
19,15,12415,eyeriss,ImageNet16-120,46.566666,1.528960,0.158951,950
19,15,4829,eyeriss,ImageNet16-120,34.200000,0.484480,0.158951,950
19,15,2018,eyeriss,ImageNet16-120,46.433334,1.344640,0.158951,950
19,15,14990,eyeriss,ImageNet16-120,43.888890,0.914560,0.158951,950
19,15,8008,eyeriss,ImageNet16-120,43.500000,0.853120,0.158951,950
19,15,2835,eyeriss,ImageNet16-120,38.222220,0.545920,0.158951,950
19,15,3192,eyeriss,ImageNet16-120,45.477780,1.037440,0.158951,950
19,15,13171,eyeriss,ImageNet16-120,44.966667,0.976000,0.158951,950
19,15,7551,eyeriss,ImageNet16-120,38.477780,0.607360,0.158951,950
19,15,10154,eyeriss,ImageNet16-120,46.133335,1.283200,0.158951,950
19,15,4988,eyeriss,ImageNet16-120,28.933332,0.423040,0.158951,950
19,15,6854,eyeriss,ImageNet16-120,40.800000,0.668800,0.158951,950
19,16,4988,fpga,ImageNet16-120,28.933332,0.284320,0.186444,952
19,16,5111,fpga,ImageNet16-120,46.588890,1.596800,0.186444,952
19,16,1941,fpga,ImageNet16-120,44.988888,1.116320,0.186444,952
19,16,8853,fpga,ImageNet16-120,45.600000,1.155200,0.186444,952
19,16,14990,fpga,ImageNet16-120,43.888890,0.969600,0.186444,952
19,16,13778,fpga,ImageNet16-120,46.277780,1.504000,0.186444,952
19,16,6854,fpga,ImageNet16-120,40.800000,0.809120,0.186444,952
19,16,6519,fpga,ImageNet16-120,40.183334,0.784000,0.186444,952
19,16,8323,fpga,ImageNet16-120,38.033333,0.546720,0.186444,952
19,16,8008,fpga,ImageNet16-120,43.500000,0.876800,0.186444,952
19,16,9805,fpga,ImageNet16-120,34.133335,0.415520,0.186444,952
19,16,10699,fpga,ImageNet16-120,46.833332,1.945600,0.186444,952
19,16,13171,fpga,ImageNet16-120,44.966667,1.062400,0.186444,952
19,16,11436,fpga,ImageNet16-120,38.133335,0.677920,0.186444,952
19,16,13705,fpga,ImageNet16-120,39.655556,0.780320,0.186444,952
19,17,12156,pixel3,ImageNet16-120,46.550000,5.198720,0.144571,950
19,17,11000,pixel3,ImageNet16-120,44.866665,2.962520,0.144571,950
19,17,5111,pixel3,ImageNet16-120,46.588890,5.571030,0.144571,950
19,17,2170,pixel3,ImageNet16-120,43.255554,2.709210,0.144571,950
19,17,4977,pixel3,ImageNet16-120,32.966667,0.617991,0.144571,950
19,17,13887,pixel3,ImageNet16-120,33.744446,0.794637,0.144571,950
19,17,5487,pixel3,ImageNet16-120,38.500000,1.109150,0.144571,950
19,17,13756,pixel3,ImageNet16-120,0.833333,0.005289,0.144571,950
19,17,6111,pixel3,ImageNet16-120,46.711110,10.144100,0.144571,950
19,17,4587,pixel3,ImageNet16-120,28.800000,0.445767,0.144571,950
19,17,12639,pixel3,ImageNet16-120,40.400000,1.304440,0.144571,950
19,17,12452,pixel3,ImageNet16-120,40.533333,1.504410,0.144571,950
19,17,3728,pixel3,ImageNet16-120,28.500000,0.422880,0.144571,950
19,17,1941,pixel3,ImageNet16-120,44.988888,3.431960,0.144571,950
19,17,10412,pixel3,ImageNet16-120,43.733334,2.753550,0.144571,950
19,17,15446,pixel3,ImageNet16-120,45.766666,3.439380,0.144571,950
19,17,12466,pixel3,ImageNet16-120,46.100000,4.680280,0.144571,950
19,17,6294,pixel3,ImageNet16-120,38.011112,0.869124,0.144571,950
19,17,898,pixel3,ImageNet16-120,42.466667,2.467210,0.144571,950
19,17,2297,pixel3,ImageNet16-120,37.611110,0.865401,0.144571,950
19,18,8853,raspi4,ImageNet16-120,45.600000,6.961605,0.136769,960
19,18,12639,raspi4,ImageNet16-120,40.400000,3.628959,0.136769,960
19,18,1939,raspi4,ImageNet16-120,45.077778,5.341908,0.136769,960
19,18,6519,raspi4,ImageNet16-120,40.183334,3.212652,0.136769,960
19,18,15363,raspi4,ImageNet16-120,44.333332,4.480516,0.136769,960
19,18,6787,raspi4,ImageNet16-120,44.400000,4.532777,0.136769,960
19,18,3960,raspi4,ImageNet16-120,37.755554,2.197980,0.136769,960
19,18,4829,raspi4,ImageNet16-120,34.200000,1.614683,0.136769,960
19,18,3431,raspi4,ImageNet16-120,32.966667,1.536690,0.136769,960
19,18,10275,raspi4,ImageNet16-120,38.000000,2.868521,0.136769,960
19,18,219,raspi4,ImageNet16-120,42.500000,3.768475,0.136769,960
19,18,933,raspi4,ImageNet16-120,0.833333,0.011514,0.136769,960
19,18,10835,raspi4,ImageNet16-120,45.233334,6.632419,0.136769,960
19,18,6336,raspi4,ImageNet16-120,39.366665,3.073392,0.136769,960
19,18,15383,raspi4,ImageNet16-120,47.033333,8.565354,0.136769,960
19,18,7273,raspi4,ImageNet16-120,42.966667,3.825910,0.136769,960
19,18,4587,raspi4,ImageNet16-120,28.800000,1.008993,0.136769,960
19,18,12967,raspi4,ImageNet16-120,46.333332,7.956877,0.136769,960
19,18,8671,raspi4,ImageNet16-120,27.700000,0.959780,0.136769,960
19,18,711,raspi4,ImageNet16-120,33.400000,1.587693,0.136769,960
20,1,4803,edgegpu,cifar10,88.746666,1.748652,0.180117,950
20,1,6918,edgegpu,cifar10,87.000000,1.553979,0.180117,950
20,1,5292,edgegpu,cifar10,94.293335,6.663151,0.180117,950
20,1,561,edgegpu,cifar10,86.880000,1.451068,0.180117,950
20,1,9099,edgegpu,cifar10,93.940000,3.357520,0.180117,950
20,1,13714,edgegpu,cifar10,94.373340,6.772180,0.180117,950
20,1,6330,edgegpu,cifar10,94.006670,4.384699,0.180117,950
20,1,11692,edgegpu,cifar10,94.130000,4.708362,0.180117,950
20,1,6499,edgegpu,cifar10,93.645000,3.331041,0.180117,950
20,1,1459,edgegpu,cifar10,94.296670,6.748991,0.180117,950
20,1,13365,edgegpu,cifar10,92.290000,2.850156,0.180117,950
20,1,5039,edgegpu,cifar10,10.000000,0.539684,0.180117,950
20,1,2053,edgegpu,cifar10,94.206665,5.482254,0.180117,950
20,1,6960,edgegpu,cifar10,92.280000,1.764450,0.180117,950
20,1,5400,edgegpu,cifar10,86.630000,1.427460,0.180117,950
20,2,4806,edgetpu,cifar10,89.070000,0.390448,0.169339,950
20,2,15108,edgetpu,cifar10,92.160000,0.482246,0.169339,950
20,2,15459,edgetpu,cifar10,93.160000,0.628147,0.169339,950
20,2,11692,edgetpu,cifar10,94.130000,0.761100,0.169339,950
20,2,13714,edgetpu,cifar10,94.373340,1.377865,0.169339,950
20,2,5111,edgetpu,cifar10,94.306660,1.152010,0.169339,950
20,2,970,edgetpu,cifar10,86.770000,0.371488,0.169339,950
20,2,4675,edgetpu,cifar10,89.200000,0.395661,0.169339,950
20,2,11472,edgetpu,cifar10,93.970000,0.725244,0.169339,950
20,2,12439,edgetpu,cifar10,86.393330,0.352159,0.169339,950
20,2,2053,edgetpu,cifar10,94.206665,1.042178,0.169339,950
20,2,6758,edgetpu,cifar10,88.873340,0.390265,0.169339,950
20,2,9817,edgetpu,cifar10,93.490000,0.723286,0.169339,950
20,2,8008,edgetpu,cifar10,93.480000,0.629746,0.169339,950
20,2,9950,edgetpu,cifar10,93.840000,0.723767,0.169339,950
20,2,13389,edgetpu,cifar10,92.240000,0.593415,0.169339,950
20,2,3022,edgetpu,cifar10,86.670000,0.355117,0.169339,950
20,2,5915,edgetpu,cifar10,86.846664,0.376449,0.169339,950
20,2,2240,edgetpu,cifar10,91.990000,0.480973,0.169339,950
20,2,6584,edgetpu,cifar10,94.160000,0.888877,0.169339,950
20,3,6584,eyeriss,cifar10,94.160000,4.874420,0.097902,969
20,3,10689,eyeriss,cifar10,90.790000,2.171060,0.097902,969
20,3,6899,eyeriss,cifar10,90.900000,2.416820,0.097902,969
20,3,858,eyeriss,cifar10,89.696660,1.925300,0.097902,969
20,3,758,eyeriss,cifar10,86.705000,1.679540,0.097902,969
20,3,15000,eyeriss,cifar10,92.400000,3.154100,0.097902,969
20,3,1114,eyeriss,cifar10,93.820000,4.628660,0.097902,969
20,3,8695,eyeriss,cifar10,94.220000,5.365940,0.097902,969
20,3,10412,eyeriss,cifar10,93.530000,3.645620,0.097902,969
20,3,8008,eyeriss,cifar10,93.480000,3.399860,0.097902,969
20,3,12639,eyeriss,cifar10,90.990000,2.662580,0.097902,969
20,3,6111,eyeriss,cifar10,94.373340,7.823540,0.097902,969
20,3,3731,eyeriss,cifar10,94.343330,6.594740,0.097902,969
20,4,11525,fpga,cifar10,90.000000,2.057760,0.154548,950
20,4,3687,fpga,cifar10,89.820000,1.648160,0.154548,950
20,4,11472,fpga,cifar10,93.970000,3.648160,0.154548,950
20,4,11692,fpga,cifar10,94.130000,4.163360,0.154548,950
20,4,8008,fpga,cifar10,93.480000,2.905760,0.154548,950
20,4,4384,fpga,cifar10,86.796670,1.132960,0.154548,950
20,4,11376,fpga,cifar10,93.510000,3.420960,0.154548,950
20,4,8323,fpga,cifar10,90.870000,2.163360,0.154548,950
20,4,13611,fpga,cifar10,92.490000,2.390560,0.154548,950
20,5,13987,pixel3,cifar10,93.596664,9.922680,0.132354,950
20,5,1339,pixel3,cifar10,92.136665,5.802240,0.132354,950
20,5,970,pixel3,cifar10,86.770000,1.474220,0.132354,950
20,5,1425,pixel3,cifar10,93.933334,12.536500,0.132354,950
20,5,6111,pixel3,cifar10,94.373340,23.584800,0.132354,950
20,5,1962,pixel3,cifar10,86.530000,1.061010,0.132354,950
20,5,2035,pixel3,cifar10,89.670000,1.706480,0.132354,950
20,5,11692,pixel3,cifar10,94.130000,15.490100,0.132354,950
20,5,7001,pixel3,cifar10,10.000000,0.003277,0.132354,950
20,5,8606,pixel3,cifar10,93.655000,11.221700,0.132354,950
20,5,6382,pixel3,cifar10,93.376660,7.048190,0.132354,950
20,5,5111,pixel3,cifar10,94.306660,17.584600,0.132354,950
20,5,3731,pixel3,cifar10,94.343330,23.361300,0.132354,950
20,5,1584,pixel3,cifar10,92.346664,6.530220,0.132354,950
20,5,8323,pixel3,cifar10,90.870000,3.106420,0.132354,950
20,5,3385,pixel3,cifar10,93.990000,13.656500,0.132354,950
20,5,13171,pixel3,cifar10,93.530000,7.717220,0.132354,950
20,5,12970,pixel3,cifar10,90.970000,4.723840,0.132354,950
20,5,5400,pixel3,cifar10,86.630000,1.231400,0.132354,950
20,5,7627,pixel3,cifar10,90.060000,3.098170,0.132354,950
20,6,12505,raspi4,cifar10,92.150000,16.747276,0.107737,962
20,6,7174,raspi4,cifar10,88.870000,4.784453,0.107737,962
20,6,4438,raspi4,cifar10,92.270000,19.227798,0.107737,962
20,6,14546,raspi4,cifar10,92.473335,20.571022,0.107737,962
20,6,3487,raspi4,cifar10,93.293335,22.371110,0.107737,962
20,6,1690,raspi4,cifar10,86.646670,2.536549,0.107737,962
20,6,11605,raspi4,cifar10,10.000000,0.011378,0.107737,962
20,6,5780,raspi4,cifar10,93.980000,34.928463,0.107737,962
20,6,8426,raspi4,cifar10,93.840000,31.394428,0.107737,962
20,6,3625,raspi4,cifar10,93.503334,26.091053,0.107737,962
20,6,1781,raspi4,cifar10,89.883330,5.961801,0.107737,962
20,6,7017,raspi4,cifar10,86.970000,2.544041,0.107737,962
20,6,7750,raspi4,cifar10,92.560000,21.725714,0.107737,962
20,6,6111,raspi4,cifar10,94.373340,68.404106,0.107737,962
20,6,3731,raspi4,cifar10,94.343330,58.070793,0.107737,962
20,6,3960,raspi4,cifar10,90.830000,7.433146,0.107737,962
20,6,5111,raspi4,cifar10,94.306660,41.756905,0.107737,962
20,7,4418,edgegpu,cifar100,72.746666,5.352364,0.111783,951
20,7,13184,edgegpu,cifar100,1.000000,0.535808,0.111783,951
20,7,2304,edgegpu,cifar100,58.660000,1.440253,0.111783,951
20,7,5400,edgegpu,cifar100,58.800000,1.446357,0.111783,951
20,7,5019,edgegpu,cifar100,58.880000,1.488929,0.111783,951
20,7,11885,edgegpu,cifar100,68.040000,1.776652,0.111783,951
20,7,1425,edgegpu,cifar100,72.093330,5.310225,0.111783,951
20,7,9997,edgegpu,cifar100,71.520000,3.466139,0.111783,951
20,7,8401,edgegpu,cifar100,71.080000,3.302102,0.111783,951
20,7,9930,edgegpu,cifar100,73.513336,6.803060,0.111783,951
20,7,10443,edgegpu,cifar100,68.300000,1.810923,0.111783,951
20,7,9922,edgegpu,cifar100,58.560000,1.428552,0.111783,951
20,7,2778,edgegpu,cifar100,72.993330,6.134028,0.111783,951
20,7,4954,edgegpu,cifar100,73.000000,6.669736,0.111783,951
20,7,12415,edgegpu,cifar100,71.940000,4.828467,0.111783,951
20,7,1110,edgegpu,cifar100,58.840000,1.451211,0.111783,951
20,7,6124,edgegpu,cifar100,68.360000,3.185835,0.111783,951
20,8,11692,edgetpu,cifar100,71.120000,0.769536,0.138358,950
20,8,15363,edgetpu,cifar100,70.520000,0.676394,0.138358,950
20,8,11219,edgetpu,cifar100,67.200000,0.486929,0.138358,950
20,8,1317,edgetpu,cifar100,72.566666,1.023844,0.138358,950
20,8,12415,edgetpu,cifar100,71.940000,0.872299,0.138358,950
20,8,12761,edgetpu,cifar100,72.860000,1.225212,0.138358,950
20,8,4532,edgetpu,cifar100,68.040000,0.489947,0.138358,950
20,8,9893,edgetpu,cifar100,61.960000,0.392867,0.138358,950
20,8,8569,edgetpu,cifar100,68.200000,0.612892,0.138358,950
20,8,3888,edgetpu,cifar100,73.260000,1.316226,0.138358,950
20,8,9930,edgetpu,cifar100,73.513336,1.454107,0.138358,950
20,8,11973,edgetpu,cifar100,70.340000,0.641728,0.138358,950
20,8,857,edgetpu,cifar100,72.880000,1.264168,0.138358,950
20,8,797,edgetpu,cifar100,69.580000,0.633351,0.138358,950
20,8,5019,edgetpu,cifar100,58.880000,0.357058,0.138358,950
20,8,13113,edgetpu,cifar100,63.140000,0.398170,0.138358,950
20,8,1425,edgetpu,cifar100,72.093330,0.910660,0.138358,950
20,8,5776,edgetpu,cifar100,70.740000,0.732861,0.138358,950
20,8,9922,edgetpu,cifar100,58.560000,0.355595,0.138358,950
20,8,6758,edgetpu,cifar100,62.546665,0.397895,0.138358,950
20,9,9930,eyeriss,cifar100,73.513336,9.055360,0.093228,950
20,9,11973,eyeriss,cifar100,70.340000,3.402880,0.093228,950
20,9,3888,eyeriss,cifar100,73.260000,6.597760,0.093228,950
20,9,12761,eyeriss,cifar100,72.860000,6.352000,0.093228,950
20,9,2962,eyeriss,cifar100,70.360000,3.894400,0.093228,950
20,9,5651,eyeriss,cifar100,64.690000,1.928320,0.093228,950
20,9,10689,eyeriss,cifar100,67.500000,2.174080,0.093228,950
20,9,5084,eyeriss,cifar100,58.813330,1.682560,0.093228,950
20,9,69,eyeriss,cifar100,71.020000,4.631680,0.093228,950
20,9,3385,eyeriss,cifar100,72.380000,5.368960,0.093228,950
20,9,11301,eyeriss,cifar100,68.220000,2.665600,0.093228,950
20,9,3540,eyeriss,cifar100,71.500000,4.877440,0.093228,950
20,9,14443,eyeriss,cifar100,71.740000,5.123200,0.093228,950
20,10,11472,fpga,cifar100,70.860000,3.648160,0.130671,951
20,10,4249,fpga,cifar100,65.080000,2.057760,0.130671,951
20,10,5084,fpga,cifar100,58.813330,1.132960,0.130671,951
20,10,10689,fpga,cifar100,67.500000,2.163360,0.130671,951
20,10,4659,fpga,cifar100,70.060000,2.905760,0.130671,951
20,10,375,fpga,cifar100,64.440000,1.648160,0.130671,951
20,10,9824,fpga,cifar100,67.686670,2.390560,0.130671,951
20,10,3888,fpga,cifar100,73.260000,5.936160,0.130671,951
20,10,12761,fpga,cifar100,72.860000,5.420960,0.130671,951
20,10,12574,fpga,cifar100,72.740000,4.678560,0.130671,951
20,10,3540,fpga,cifar100,71.500000,4.163360,0.130671,951
20,10,6787,fpga,cifar100,70.720000,3.420960,0.130671,951
20,10,12820,fpga,cifar100,67.720000,2.678560,0.130671,951
20,11,781,pixel3,cifar100,67.960000,6.675490,0.201670,951
20,11,9930,pixel3,cifar100,73.513336,42.003600,0.201670,951
20,11,5241,pixel3,cifar100,1.000000,0.008823,0.201670,951
20,11,464,pixel3,cifar100,57.833332,1.475220,0.201670,951
20,11,12574,pixel3,cifar100,72.740000,16.473900,0.201670,951
20,11,8413,pixel3,cifar100,70.880000,14.693200,0.201670,951
20,11,9649,pixel3,cifar100,64.540000,2.536210,0.201670,951
20,11,12915,pixel3,cifar100,66.950000,3.129190,0.201670,951
20,11,857,pixel3,cifar100,72.880000,19.113200,0.201670,951
20,11,1416,pixel3,cifar100,64.493330,2.084060,0.201670,951
20,11,14694,pixel3,cifar100,58.720000,1.485580,0.201670,951
20,11,1939,pixel3,cifar100,70.760000,10.895600,0.201670,951
20,11,9997,pixel3,cifar100,71.520000,14.777900,0.201670,951
20,11,1434,pixel3,cifar100,68.026665,8.200620,0.201670,951
20,11,15363,pixel3,cifar100,70.520000,9.708640,0.201670,951
20,11,1459,pixel3,cifar100,73.140000,23.437900,0.201670,951
20,11,4820,pixel3,cifar100,69.360000,8.989770,0.201670,951
20,11,3888,pixel3,cifar100,73.260000,23.477200,0.201670,951
20,11,14674,pixel3,cifar100,57.840000,1.483370,0.201670,951
20,12,6040,raspi4,cifar100,1.000000,0.015365,0.168654,951
20,12,15426,raspi4,cifar100,67.460000,15.691097,0.168654,951
20,12,9344,raspi4,cifar100,61.360000,4.806574,0.168654,951
20,12,7627,raspi4,cifar100,66.860000,7.561993,0.168654,951
20,12,5651,raspi4,cifar100,64.690000,5.126510,0.168654,951
20,12,2222,raspi4,cifar100,58.313330,2.538255,0.168654,951
20,12,8592,raspi4,cifar100,70.610000,25.303915,0.168654,951
20,12,9930,raspi4,cifar100,73.513336,71.152000,0.168654,951
20,12,7030,raspi4,cifar100,69.600000,19.218203,0.168654,951
20,12,6499,raspi4,cifar100,70.630000,32.986027,0.168654,951
20,12,14174,raspi4,cifar100,72.646670,51.067350,0.168654,951
20,12,9782,raspi4,cifar100,69.970000,21.914854,0.168654,951
20,12,699,raspi4,cifar100,72.240000,40.448723,0.168654,951
20,12,3385,raspi4,cifar100,72.380000,42.309270,0.168654,951
20,12,15589,raspi4,cifar100,59.060000,2.795078,0.168654,951
20,12,9997,raspi4,cifar100,71.520000,34.996710,0.168654,951
20,12,6111,raspi4,cifar100,73.220000,61.573837,0.168654,951
20,12,1459,raspi4,cifar100,73.140000,53.879950,0.168654,951
20,12,956,raspi4,cifar100,62.346670,4.883750,0.168654,951
20,12,8032,raspi4,cifar100,67.600000,17.803700,0.168654,951
20,13,12451,edgegpu,ImageNet16-120,44.433334,3.542786,0.119198,951
20,13,15206,edgegpu,ImageNet16-120,27.866667,1.424794,0.119198,951
20,13,8401,edgegpu,ImageNet16-120,43.833332,3.322444,0.119198,951
20,13,15383,edgegpu,ImageNet16-120,47.033333,6.262836,0.119198,951
20,13,8449,edgegpu,ImageNet16-120,46.233334,6.107111,0.119198,951
20,13,857,edgegpu,ImageNet16-120,47.311110,6.707663,0.119198,951
20,13,8230,edgegpu,ImageNet16-120,39.944443,2.585306,0.119198,951
20,13,15159,edgegpu,ImageNet16-120,45.566666,4.632421,0.119198,951
20,13,14638,edgegpu,ImageNet16-120,44.266666,3.433437,0.119198,951
20,13,7401,edgegpu,ImageNet16-120,28.866667,1.554208,0.119198,951
20,13,10154,edgegpu,ImageNet16-120,46.133335,5.447974,0.119198,951
20,13,454,edgegpu,ImageNet16-120,41.277780,3.303313,0.119198,951
20,13,13612,edgegpu,ImageNet16-120,0.833333,0.534101,0.119198,951
20,13,2650,edgegpu,ImageNet16-120,42.433334,3.309817,0.119198,951
20,13,77,edgegpu,ImageNet16-120,44.455555,4.381347,0.119198,951
20,13,4332,edgegpu,ImageNet16-120,39.444443,1.745496,0.119198,951
20,13,13011,edgegpu,ImageNet16-120,38.366665,1.742325,0.119198,951
20,13,6863,edgegpu,ImageNet16-120,28.433332,1.521969,0.119198,951
20,13,869,edgegpu,ImageNet16-120,45.822224,5.319676,0.119198,951
20,13,14766,edgegpu,ImageNet16-120,28.333334,1.456399,0.119198,951
20,14,1973,edgetpu,ImageNet16-120,38.855556,0.427802,0.143595,950
20,14,2240,edgetpu,ImageNet16-120,39.422222,0.440468,0.143595,950
20,14,4977,edgetpu,ImageNet16-120,32.966667,0.367728,0.143595,950
20,14,10340,edgetpu,ImageNet16-120,31.522223,0.363639,0.143595,950
20,14,5110,edgetpu,ImageNet16-120,32.300000,0.364115,0.143595,950
20,14,11079,edgetpu,ImageNet16-120,43.566666,0.552430,0.143595,950
20,14,12415,edgetpu,ImageNet16-120,46.566666,0.710906,0.143595,950
20,14,3540,edgetpu,ImageNet16-120,45.122223,0.648670,0.143595,950
20,14,4675,edgetpu,ImageNet16-120,33.100000,0.393316,0.143595,950
20,14,13931,edgetpu,ImageNet16-120,28.788889,0.360349,0.143595,950
20,14,15383,edgetpu,ImageNet16-120,47.033333,0.780914,0.143595,950
20,14,7273,edgetpu,ImageNet16-120,42.966667,0.550014,0.143595,950
20,14,15363,edgetpu,ImageNet16-120,44.333332,0.582280,0.143595,950
20,14,14527,edgetpu,ImageNet16-120,28.133333,0.358865,0.143595,950
20,14,857,edgetpu,ImageNet16-120,47.311110,0.997730,0.143595,950
20,14,11505,edgetpu,ImageNet16-120,39.566666,0.517029,0.143595,950
20,14,9037,edgetpu,ImageNet16-120,40.033333,0.528199,0.143595,950
20,14,7357,edgetpu,ImageNet16-120,44.666668,0.600498,0.143595,950
20,14,13769,edgetpu,ImageNet16-120,41.555557,0.549360,0.143595,950
20,14,4830,edgetpu,ImageNet16-120,42.233334,0.549457,0.143595,950
20,15,4988,eyeriss,ImageNet16-120,28.933332,0.423040,0.123326,950
20,15,6787,eyeriss,ImageNet16-120,44.400000,0.914560,0.123326,950
20,15,9805,eyeriss,ImageNet16-120,34.133335,0.484480,0.123326,950
20,15,8323,eyeriss,ImageNet16-120,38.033333,0.545920,0.123326,950
20,15,8853,eyeriss,ImageNet16-120,45.600000,1.037440,0.123326,950
20,15,1939,eyeriss,ImageNet16-120,45.077778,0.976000,0.123326,950
20,15,857,eyeriss,ImageNet16-120,47.311110,1.651840,0.123326,950
20,15,6854,eyeriss,ImageNet16-120,40.800000,0.668800,0.123326,950
20,15,15383,eyeriss,ImageNet16-120,47.033333,1.283200,0.123326,950
20,15,5487,eyeriss,ImageNet16-120,38.500000,0.607360,0.123326,950
20,15,1943,eyeriss,ImageNet16-120,42.866665,0.853120,0.123326,950
20,16,10017,fpga,ImageNet16-120,40.566666,0.784000,0.147314,951
20,16,6868,fpga,ImageNet16-120,39.000000,0.649120,0.147314,951
20,16,6854,fpga,ImageNet16-120,40.800000,0.809120,0.147314,951
20,16,10146,fpga,ImageNet16-120,28.366667,0.284320,0.147314,951
20,16,4829,fpga,ImageNet16-120,34.200000,0.415520,0.147314,951
20,16,8008,fpga,ImageNet16-120,43.500000,0.876800,0.147314,951
20,16,6787,fpga,ImageNet16-120,44.400000,0.969600,0.147314,951
20,16,2835,fpga,ImageNet16-120,38.222220,0.546720,0.147314,951
20,16,15383,fpga,ImageNet16-120,47.033333,1.504000,0.147314,951
20,16,8853,fpga,ImageNet16-120,45.600000,1.155200,0.147314,951
20,16,13171,fpga,ImageNet16-120,44.966667,1.062400,0.147314,951
20,16,14748,fpga,ImageNet16-120,44.900000,0.995200,0.147314,951
20,16,5793,fpga,ImageNet16-120,35.033333,0.517920,0.147314,951
20,17,25,pixel3,ImageNet16-120,28.300000,0.422510,0.136797,951
20,17,4587,pixel3,ImageNet16-120,28.800000,0.445767,0.136797,951
20,17,10313,pixel3,ImageNet16-120,40.600000,1.769330,0.136797,951
20,17,669,pixel3,ImageNet16-120,0.833333,0.005671,0.136797,951
20,17,12452,pixel3,ImageNet16-120,40.533333,1.504410,0.136797,951
20,17,1425,pixel3,ImageNet16-120,45.977780,4.619290,0.136797,951
20,17,4977,pixel3,ImageNet16-120,32.966667,0.617991,0.136797,951
20,17,4432,pixel3,ImageNet16-120,37.800000,0.861157,0.136797,951
20,17,8573,pixel3,ImageNet16-120,33.622223,0.668915,0.136797,951
20,17,5374,pixel3,ImageNet16-120,46.766666,6.317500,0.136797,951
20,17,1289,pixel3,ImageNet16-120,42.900000,2.719380,0.136797,951
20,17,13778,pixel3,ImageNet16-120,46.277780,5.556790,0.136797,951
20,17,10154,pixel3,ImageNet16-120,46.133335,4.783700,0.136797,951
20,17,2058,pixel3,ImageNet16-120,42.522220,2.472210,0.136797,951
20,17,12970,pixel3,ImageNet16-120,38.900000,1.318570,0.136797,951
20,17,5487,pixel3,ImageNet16-120,38.500000,1.109150,0.136797,951
20,17,5111,pixel3,ImageNet16-120,46.588890,5.571030,0.136797,951
20,17,11867,pixel3,ImageNet16-120,43.866665,3.027840,0.136797,951
20,17,13171,pixel3,ImageNet16-120,44.966667,3.269370,0.136797,951
20,18,10209,raspi4,ImageNet16-120,32.411110,1.531913,0.127111,951
20,18,15363,raspi4,ImageNet16-120,44.333332,4.480516,0.127111,951
20,18,15383,raspi4,ImageNet16-120,47.033333,8.565354,0.127111,951
20,18,55,raspi4,ImageNet16-120,28.322222,0.957719,0.127111,951
20,18,857,raspi4,ImageNet16-120,47.311110,9.020064,0.127111,951
20,18,12505,raspi4,ImageNet16-120,39.283333,3.062432,0.127111,951
20,18,933,raspi4,ImageNet16-120,0.833333,0.011514,0.127111,951
20,18,15510,raspi4,ImageNet16-120,45.333332,7.375227,0.127111,951
20,18,2018,raspi4,ImageNet16-120,46.433334,7.482383,0.127111,951
20,18,12639,raspi4,ImageNet16-120,40.400000,3.628959,0.127111,951
20,18,14443,raspi4,ImageNet16-120,45.177776,7.016182,0.127111,951
20,18,8884,raspi4,ImageNet16-120,45.033333,5.293177,0.127111,951
20,18,9805,raspi4,ImageNet16-120,34.133335,1.617568,0.127111,951
20,18,11079,raspi4,ImageNet16-120,43.566666,3.802027,0.127111,951
20,18,12062,raspi4,ImageNet16-120,39.900000,3.164291,0.127111,951
20,18,6014,raspi4,ImageNet16-120,28.533333,0.971206,0.127111,951
20,18,9496,raspi4,ImageNet16-120,38.200000,2.204048,0.127111,951
20,18,4995,raspi4,ImageNet16-120,42.166668,3.766336,0.127111,951
20,18,3776,raspi4,ImageNet16-120,37.133335,2.191733,0.127111,951
20,18,8768,raspi4,ImageNet16-120,45.066666,6.333859,0.127111,951
