run_id,context_id,archid,device,dataset,accuracy,latency,runtime_sec,evaluations
1,1,11438,edgegpu,cifar10,92.500000,1.846719,0.583619,16319
1,1,5780,edgegpu,cifar10,93.980000,3.361888,0.583619,16319
1,1,9099,edgegpu,cifar10,93.940000,3.357520,0.583619,16319
1,1,11692,edgegpu,cifar10,94.130000,4.708362,0.583619,16319
1,1,6499,edgegpu,cifar10,93.645000,3.331041,0.583619,16319
1,1,10484,edgegpu,cifar10,93.810000,3.354015,0.583619,16319
1,1,13401,edgegpu,cifar10,87.010000,1.457009,0.583619,16319
1,1,6960,edgegpu,cifar10,92.280000,1.764450,0.583619,16319
1,1,5292,edgegpu,cifar10,94.293335,6.663151,0.583619,16319
1,1,14407,edgegpu,cifar10,86.770000,1.440282,0.583619,16319
1,1,11810,edgegpu,cifar10,92.780000,1.992798,0.583619,16319
1,1,2776,edgegpu,cifar10,93.666664,3.331194,0.583619,16319
1,1,561,edgegpu,cifar10,86.880000,1.451068,0.583619,16319
1,1,15200,edgegpu,cifar10,10.000000,0.501385,0.583619,16319
1,1,13714,edgegpu,cifar10,94.373340,6.772180,0.583619,16319
1,1,2053,edgegpu,cifar10,94.206665,5.482254,0.583619,16319
1,1,1459,edgegpu,cifar10,94.296670,6.748991,0.583619,16319
1,1,5400,edgegpu,cifar10,86.630000,1.427460,0.583619,16319
1,1,6330,edgegpu,cifar10,94.006670,4.384699,0.583619,16319
1,1,258,edgegpu,cifar10,93.640000,3.307109,0.583619,16319
1,1,2090,edgegpu,cifar10,86.650000,1.437702,0.583619,16319
1,1,14527,edgegpu,cifar10,86.765000,1.439619,0.583619,16319
1,1,6950,edgegpu,cifar10,92.000000,1.738467,0.583619,16319
1,2,13611,edgetpu,cifar10,92.490000,0.481826,0.747478,16410
1,2,11112,edgetpu,cifar10,92.110000,0.480732,0.747478,16410
1,2,6382,edgetpu,cifar10,93.376660,0.628638,0.747478,16410
1,2,4438,edgetpu,cifar10,92.270000,0.481473,0.747478,16410
1,2,9950,edgetpu,cifar10,93.840000,0.723767,0.747478,16410
1,2,5258,edgetpu,cifar10,88.775000,0.388629,0.747478,16410
1,2,3731,edgetpu,cifar10,94.343330,1.282820,0.747478,16410
1,2,13714,edgetpu,cifar10,94.373340,1.377865,0.747478,16410
1,2,797,edgetpu,cifar10,93.280000,0.627996,0.747478,16410
1,2,2053,edgetpu,cifar10,94.206665,1.042178,0.747478,16410
1,2,1005,edgetpu,cifar10,89.183334,0.392518,0.747478,16410
1,2,9722,edgetpu,cifar10,93.540000,0.723575,0.747478,16410
1,2,4675,edgetpu,cifar10,89.200000,0.395661,0.747478,16410
1,2,8192,edgetpu,cifar10,93.093330,0.627745,0.747478,16410
1,2,5111,edgetpu,cifar10,94.306660,1.152010,0.747478,16410
1,2,6918,edgetpu,cifar10,87.000000,0.375819,0.747478,16410
1,2,9817,edgetpu,cifar10,93.490000,0.723286,0.747478,16410
1,2,5647,edgetpu,cifar10,89.110000,0.389378,0.747478,16410
1,2,5780,edgetpu,cifar10,93.980000,0.723967,0.747478,16410
1,2,12607,edgetpu,cifar10,89.180000,0.391577,0.747478,16410
1,2,11810,edgetpu,cifar10,92.780000,0.482879,0.747478,16410
1,2,9689,edgetpu,cifar10,93.370000,0.628386,0.747478,16410
1,2,4659,edgetpu,cifar10,93.396670,0.633420,0.747478,16410
1,2,9271,edgetpu,cifar10,89.250000,0.396381,0.747478,16410
1,2,7017,edgetpu,cifar10,86.970000,0.353089,0.747478,16410
1,2,10293,edgetpu,cifar10,86.513336,0.352328,0.747478,16410
1,2,12439,edgetpu,cifar10,86.393330,0.352159,0.747478,16410
1,2,11692,edgetpu,cifar10,94.130000,0.761100,0.747478,16410
1,2,8525,edgetpu,cifar10,89.320000,0.420874,0.747478,16410
1,3,4384,eyeriss,cifar10,86.796670,1.679540,0.465110,16364
1,3,8008,eyeriss,cifar10,93.480000,3.399860,0.465110,16364
1,3,11692,eyeriss,cifar10,94.130000,4.874420,0.465110,16364
1,3,13714,eyeriss,cifar10,94.373340,7.823540,0.465110,16364
1,3,13987,eyeriss,cifar10,93.596664,3.645620,0.465110,16364
1,3,8323,eyeriss,cifar10,90.870000,2.171060,0.465110,16364
1,3,6111,eyeriss,cifar10,94.373340,7.823540,0.465110,16364
1,3,3731,eyeriss,cifar10,94.343330,6.594740,0.465110,16364
1,3,13611,eyeriss,cifar10,92.490000,3.154100,0.465110,16364
1,3,8592,eyeriss,cifar10,93.750000,3.891380,0.465110,16364
1,3,5111,eyeriss,cifar10,94.306660,5.365940,0.465110,16364
1,3,12438,eyeriss,cifar10,89.875000,1.925300,0.465110,16364
1,3,14112,eyeriss,cifar10,91.296670,2.908340,0.465110,16364
1,3,12639,eyeriss,cifar10,90.990000,2.662580,0.465110,16364
1,3,11472,eyeriss,cifar10,93.970000,4.628660,0.465110,16364
1,3,6899,eyeriss,cifar10,90.900000,2.416820,0.465110,16364
1,4,8008,fpga,cifar10,93.480000,2.905760,0.451818,16348
1,4,11472,fpga,cifar10,93.970000,3.648160,0.451818,16348
1,4,4384,fpga,cifar10,86.796670,1.132960,0.451818,16348
1,4,14346,fpga,cifar10,89.986664,2.057760,0.451818,16348
1,4,13611,fpga,cifar10,92.490000,2.390560,0.451818,16348
1,4,3731,fpga,cifar10,94.343330,5.936160,0.451818,16348
1,4,6111,fpga,cifar10,94.373340,6.678560,0.451818,16348
1,4,5111,fpga,cifar10,94.306660,5.193760,0.451818,16348
1,4,8323,fpga,cifar10,90.870000,2.163360,0.451818,16348
1,4,13987,fpga,cifar10,93.596664,3.420960,0.451818,16348
1,4,3687,fpga,cifar10,89.820000,1.648160,0.451818,16348
1,4,13714,fpga,cifar10,94.373340,6.678560,0.451818,16348
1,4,6584,fpga,cifar10,94.160000,4.163360,0.451818,16348
1,5,6111,pixel3,cifar10,94.373340,23.584800,0.744989,15981
1,5,5111,pixel3,cifar10,94.306660,17.584600,0.744989,15981
1,5,7197,pixel3,cifar10,90.366670,2.447670,0.744989,15981
1,5,1778,pixel3,cifar10,92.180000,6.446230,0.744989,15981
1,5,3731,pixel3,cifar10,94.343330,23.361300,0.744989,15981
1,5,1943,pixel3,cifar10,93.116670,6.492030,0.744989,15981
1,5,1425,pixel3,cifar10,93.933334,12.536500,0.744989,15981
1,5,13987,pixel3,cifar10,93.596664,9.922680,0.744989,15981
1,5,6382,pixel3,cifar10,93.376660,7.048190,0.744989,15981
1,5,8695,pixel3,cifar10,94.220000,17.564500,0.744989,15981
1,5,3385,pixel3,cifar10,93.990000,13.656500,0.744989,15981
1,5,55,pixel3,cifar10,86.756670,1.057440,0.744989,15981
1,5,1339,pixel3,cifar10,92.136665,5.802240,0.744989,15981
1,5,7001,pixel3,cifar10,10.000000,0.003277,0.744989,15981
1,5,11692,pixel3,cifar10,94.130000,15.490100,0.744989,15981
1,5,4432,pixel3,cifar10,90.700000,2.826310,0.744989,15981
1,5,14697,pixel3,cifar10,89.710000,2.364630,0.744989,15981
1,5,12452,pixel3,cifar10,91.350000,5.590110,0.744989,15981
1,5,6999,pixel3,cifar10,93.820000,12.260900,0.744989,15981
1,5,13171,pixel3,cifar10,93.530000,7.717220,0.744989,15981
1,5,7017,pixel3,cifar10,86.970000,1.403930,0.744989,15981
1,5,4689,pixel3,cifar10,90.720000,3.106280,0.744989,15981
1,5,1497,pixel3,cifar10,86.556660,1.056630,0.744989,15981
1,5,12970,pixel3,cifar10,90.970000,4.723840,0.744989,15981
1,5,12623,pixel3,cifar10,89.780000,2.377300,0.744989,15981
1,5,6918,pixel3,cifar10,87.000000,1.478790,0.744989,15981
1,5,9230,pixel3,cifar10,86.580000,1.056760,0.744989,15981
1,5,5224,pixel3,cifar10,88.980000,1.570360,0.744989,15981
1,5,8323,pixel3,cifar10,90.870000,3.106420,0.744989,15981
1,5,858,pixel3,cifar10,89.696660,1.870670,0.744989,15981
1,5,8264,pixel3,cifar10,89.756670,2.370420,0.744989,15981
1,5,2035,pixel3,cifar10,89.670000,1.706480,0.744989,15981
1,5,3687,pixel3,cifar10,89.820000,2.387250,0.744989,15981
1,5,1894,pixel3,cifar10,92.110000,5.778250,0.744989,15981
1,5,11972,pixel3,cifar10,91.510000,5.627010,0.744989,15981
1,5,8592,pixel3,cifar10,93.750000,10.769800,0.744989,15981
1,5,13869,pixel3,cifar10,93.656670,10.634700,0.744989,15981
1,6,4432,raspi4,cifar10,90.700000,7.290926,0.739051,16157
1,6,6111,raspi4,cifar10,94.373340,68.404106,0.739051,16157
1,6,6985,raspi4,cifar10,89.940000,4.995646,0.739051,16157
1,6,8426,raspi4,cifar10,93.840000,31.394428,0.739051,16157
1,6,6953,raspi4,cifar10,91.990000,15.601654,0.739051,16157
1,6,5780,raspi4,cifar10,93.980000,34.928463,0.739051,16157
1,6,13611,raspi4,cifar10,92.490000,18.523302,0.739051,16157
1,6,4659,raspi4,cifar10,93.396670,22.249382,0.739051,16157
1,6,4384,raspi4,cifar10,86.796670,2.759305,0.739051,16157
1,6,3731,raspi4,cifar10,94.343330,58.070793,0.739051,16157
1,6,5111,raspi4,cifar10,94.306660,41.756905,0.739051,16157
1,6,12286,raspi4,cifar10,86.760000,2.546242,0.739051,16157
1,6,11692,raspi4,cifar10,94.130000,37.583630,0.739051,16157
1,6,5915,raspi4,cifar10,86.846664,2.776470,0.739051,16157
1,6,6918,raspi4,cifar10,87.000000,2.787590,0.739051,16157
1,6,1894,raspi4,cifar10,92.110000,17.550644,0.739051,16157
1,6,11810,raspi4,cifar10,92.780000,18.619905,0.739051,16157
1,6,6584,raspi4,cifar10,94.160000,38.818527,0.739051,16157
1,6,1099,raspi4,cifar10,92.240000,18.358124,0.739051,16157
1,6,6382,raspi4,cifar10,93.376660,21.461164,0.739051,16157
1,6,12970,raspi4,cifar10,90.970000,11.904152,0.739051,16157
1,6,9980,raspi4,cifar10,10.000000,0.011284,0.739051,16157
1,6,1941,raspi4,cifar10,93.533330,25.121769,0.739051,16157
1,6,8592,raspi4,cifar10,93.750000,25.477009,0.739051,16157
1,6,8323,raspi4,cifar10,90.870000,7.426308,0.739051,16157
1,6,2937,raspi4,cifar10,92.190000,17.768639,0.739051,16157
1,6,1804,raspi4,cifar10,89.063330,4.791845,0.739051,16157
1,6,1785,raspi4,cifar10,86.586670,2.538737,0.739051,16157
1,6,7058,raspi4,cifar10,92.040000,16.469465,0.739051,16157
1,6,8008,raspi4,cifar10,93.480000,22.571420,0.739051,16157
1,6,2035,raspi4,cifar10,89.670000,4.984099,0.739051,16157
1,6,10412,raspi4,cifar10,93.530000,25.079220,0.739051,16157
1,6,1962,raspi4,cifar10,86.530000,2.529453,0.739051,16157
1,6,14565,raspi4,cifar10,88.880000,4.781183,0.739051,16157
1,6,8525,raspi4,cifar10,89.320000,4.900777,0.739051,16157
1,6,2058,raspi4,cifar10,93.270000,19.484835,0.739051,16157
1,7,4954,edgegpu,cifar100,73.000000,6.669736,0.658588,16347
1,7,9930,edgegpu,cifar100,73.513336,6.803060,0.658588,16347
1,7,2778,edgegpu,cifar100,72.993330,6.134028,0.658588,16347
1,7,4418,edgegpu,cifar100,72.746666,5.352364,0.658588,16347
1,7,11067,edgegpu,cifar100,58.186670,1.427836,0.658588,16347
1,7,2304,edgegpu,cifar100,58.660000,1.440253,0.658588,16347
1,7,14984,edgegpu,cifar100,67.166664,1.760831,0.658588,16347
1,7,3888,edgegpu,cifar100,73.260000,6.797867,0.658588,16347
1,7,11810,edgegpu,cifar100,68.300000,1.779551,0.658588,16347
1,7,8401,edgegpu,cifar100,71.080000,3.302102,0.658588,16347
1,7,1425,edgegpu,cifar100,72.093330,5.310225,0.658588,16347
1,7,9922,edgegpu,cifar100,58.560000,1.428552,0.658588,16347
1,7,12415,edgegpu,cifar100,71.940000,4.828467,0.658588,16347
1,7,14300,edgegpu,cifar100,67.300000,1.765666,0.658588,16347
1,7,1509,edgegpu,cifar100,1.000000,0.505853,0.658588,16347
1,7,11885,edgegpu,cifar100,68.040000,1.776652,0.658588,16347
1,7,8912,edgegpu,cifar100,59.200000,1.441355,0.658588,16347
1,7,6124,edgegpu,cifar100,68.360000,3.185835,0.658588,16347
1,7,9997,edgegpu,cifar100,71.520000,3.466139,0.658588,16347
1,7,14089,edgegpu,cifar100,61.806667,1.752892,0.658588,16347
1,7,6381,edgegpu,cifar100,66.800000,1.753340,0.658588,16347
1,8,5019,edgetpu,cifar100,58.880000,0.357058,0.691934,16027
1,8,9930,edgetpu,cifar100,73.513336,1.454107,0.691934,16027
1,8,1425,edgetpu,cifar100,72.093330,0.910660,0.691934,16027
1,8,1943,edgetpu,cifar100,69.626660,0.634759,0.691934,16027
1,8,8638,edgetpu,cifar100,58.860000,0.356631,0.691934,16027
1,8,3811,edgetpu,cifar100,69.360000,0.634206,0.691934,16027
1,8,10000,edgetpu,cifar100,73.160000,1.283461,0.691934,16027
1,8,8912,edgetpu,cifar100,59.200000,0.377698,0.691934,16027
1,8,777,edgetpu,cifar100,58.650000,0.355588,0.691934,16027
1,8,4418,edgetpu,cifar100,72.746666,1.093699,0.691934,16027
1,8,577,edgetpu,cifar100,69.680000,0.635228,0.691934,16027
1,8,3888,edgetpu,cifar100,73.260000,1.316226,0.691934,16027
1,8,12761,edgetpu,cifar100,72.860000,1.225212,0.691934,16027
1,8,12574,edgetpu,cifar100,72.740000,0.932430,0.691934,16027
1,8,8401,edgetpu,cifar100,71.080000,0.728572,0.691934,16027
1,8,3303,edgetpu,cifar100,62.420000,0.392593,0.691934,16027
1,8,6382,edgetpu,cifar100,69.533330,0.634724,0.691934,16027
1,8,12415,edgetpu,cifar100,71.940000,0.872299,0.691934,16027
1,8,69,edgetpu,cifar100,71.020000,0.727259,0.691934,16027
1,8,13829,edgetpu,cifar100,66.873340,0.485137,0.691934,16027
1,8,14945,edgetpu,cifar100,58.500000,0.354940,0.691934,16027
1,8,1383,edgetpu,cifar100,70.273330,0.673722,0.691934,16027
1,8,9997,edgetpu,cifar100,71.520000,0.729986,0.691934,16027
1,8,9271,edgetpu,cifar100,63.400000,0.393151,0.691934,16027
1,8,1110,edgetpu,cifar100,58.840000,0.355938,0.691934,16027
1,8,898,edgetpu,cifar100,70.000000,0.636860,0.691934,16027
1,8,857,edgetpu,cifar100,72.880000,1.264168,0.691934,16027
1,8,8032,edgetpu,cifar100,67.600000,0.487441,0.691934,16027
1,8,10443,edgetpu,cifar100,68.300000,0.489020,0.691934,16027
1,8,11533,edgetpu,cifar100,69.760000,0.635877,0.691934,16027
1,8,2705,edgetpu,cifar100,62.813330,0.393026,0.691934,16027
1,8,4155,edgetpu,cifar100,62.306667,0.391442,0.691934,16027
1,8,11112,edgetpu,cifar100,66.893330,0.486713,0.691934,16027
1,9,14112,eyeriss,cifar100,68.386665,2.911360,0.520639,16561
1,9,6925,eyeriss,cifar100,71.220000,3.894400,0.520639,16561
1,9,12574,eyeriss,cifar100,72.740000,5.123200,0.520639,16561
1,9,5084,eyeriss,cifar100,58.813330,1.682560,0.520639,16561
1,9,9930,eyeriss,cifar100,73.513336,9.055360,0.520639,16561
1,9,12820,eyeriss,cifar100,67.720000,2.419840,0.520639,16561
1,9,10689,eyeriss,cifar100,67.500000,2.174080,0.520639,16561
1,9,12761,eyeriss,cifar100,72.860000,6.352000,0.520639,16561
1,9,3888,eyeriss,cifar100,73.260000,6.597760,0.520639,16561
1,9,375,eyeriss,cifar100,64.440000,1.928320,0.520639,16561
1,9,14714,eyeriss,cifar100,71.280000,4.140160,0.520639,16561
1,9,3540,eyeriss,cifar100,71.500000,4.877440,0.520639,16561
1,9,11301,eyeriss,cifar100,68.220000,2.665600,0.520639,16561
1,9,6787,eyeriss,cifar100,70.720000,3.648640,0.520639,16561
1,9,4659,eyeriss,cifar100,70.060000,3.402880,0.520639,16561
1,10,6925,fpga,cifar100,71.220000,3.936160,0.547353,16327
1,10,3888,fpga,cifar100,73.260000,5.936160,0.547353,16327
1,10,10689,fpga,cifar100,67.500000,2.163360,0.547353,16327
1,10,12820,fpga,cifar100,67.720000,2.678560,0.547353,16327
1,10,7250,fpga,cifar100,67.706665,2.390560,0.547353,16327
1,10,5084,fpga,cifar100,58.813330,1.132960,0.547353,16327
1,10,12761,fpga,cifar100,72.860000,5.420960,0.547353,16327
1,10,69,fpga,cifar100,71.020000,3.648160,0.547353,16327
1,10,6787,fpga,cifar100,70.720000,3.420960,0.547353,16327
1,10,4249,fpga,cifar100,65.080000,2.057760,0.547353,16327
1,10,5651,fpga,cifar100,64.690000,1.648160,0.547353,16327
1,10,3487,fpga,cifar100,70.093330,2.905760,0.547353,16327
1,10,3540,fpga,cifar100,71.500000,4.163360,0.547353,16327
1,10,9930,fpga,cifar100,73.513336,7.420960,0.547353,16327
1,10,12574,fpga,cifar100,72.740000,4.678560,0.547353,16327
1,10,6830,fpga,cifar100,71.460000,4.057760,0.547353,16327
1,11,5019,pixel3,cifar100,58.880000,1.483640,0.688350,16067
1,11,906,pixel3,cifar100,62.393333,1.661810,0.688350,16067
1,11,6337,pixel3,cifar100,1.000000,0.008753,0.688350,16067
1,11,9930,pixel3,cifar100,73.513336,42.003600,0.688350,16067
1,11,1459,pixel3,cifar100,73.140000,23.437900,0.688350,16067
1,11,699,pixel3,cifar100,72.240000,12.079400,0.688350,16067
1,11,857,pixel3,cifar100,72.880000,19.113200,0.688350,16067
1,11,898,pixel3,cifar100,70.000000,6.516140,0.688350,16067
1,11,2649,pixel3,cifar100,64.446660,2.496890,0.688350,16067
1,11,724,pixel3,cifar100,67.053340,2.875650,0.688350,16067
1,11,3888,pixel3,cifar100,73.260000,23.477200,0.688350,16067
1,11,978,pixel3,cifar100,64.180000,2.372340,0.688350,16067
1,11,12574,pixel3,cifar100,72.740000,16.473900,0.688350,16067
1,11,8895,pixel3,cifar100,64.280000,2.379800,0.688350,16067
1,11,1090,pixel3,cifar100,65.220000,2.811310,0.688350,16067
1,11,485,pixel3,cifar100,67.593330,4.124800,0.688350,16067
1,11,1409,pixel3,cifar100,58.853333,1.275090,0.688350,16067
1,11,1357,pixel3,cifar100,67.480000,3.998260,0.688350,16067
1,11,657,pixel3,cifar100,58.233334,1.233070,0.688350,16067
1,11,9649,pixel3,cifar100,64.540000,2.536210,0.688350,16067
1,11,8323,pixel3,cifar100,67.080000,3.106340,0.688350,16067
1,11,1781,pixel3,cifar100,64.326670,2.386170,0.688350,16067
1,11,11000,pixel3,cifar100,71.180000,10.677600,0.688350,16067
1,11,15589,pixel3,cifar100,59.060000,1.483890,0.688350,16067
1,11,8638,pixel3,cifar100,58.860000,1.478570,0.688350,16067
1,11,45,pixel3,cifar100,64.153336,2.368020,0.688350,16067
1,11,6787,pixel3,cifar100,70.720000,9.854430,0.688350,16067
1,11,1450,pixel3,cifar100,70.506670,9.337360,0.688350,16067
1,11,858,pixel3,cifar100,64.133330,2.003500,0.688350,16067
1,11,15363,pixel3,cifar100,70.520000,9.708640,0.688350,16067
1,11,12970,pixel3,cifar100,68.140000,4.782110,0.688350,16067
1,11,1558,pixel3,cifar100,64.020000,1.705220,0.688350,16067
1,12,2222,raspi4,cifar100,58.313330,2.538255,0.754168,16067
1,12,15589,raspi4,cifar100,59.060000,2.795078,0.754168,16067
1,12,4409,raspi4,cifar100,67.173330,7.228629,0.754168,16067
1,12,9930,raspi4,cifar100,73.513336,71.152000,0.754168,16067
1,12,8740,raspi4,cifar100,1.000000,0.015215,0.754168,16067
1,12,898,raspi4,cifar100,70.000000,21.506163,0.754168,16067
1,12,15363,raspi4,cifar100,70.520000,21.809430,0.754168,16067
1,12,6177,raspi4,cifar100,62.373333,4.795128,0.754168,16067
1,12,6822,raspi4,cifar100,58.426666,2.558594,0.754168,16067
1,12,355,raspi4,cifar100,69.860000,20.791758,0.754168,16067
1,12,3888,raspi4,cifar100,73.260000,55.029520,0.754168,16067
1,12,9997,raspi4,cifar100,71.520000,34.996710,0.754168,16067
1,12,3385,raspi4,cifar100,72.380000,42.309270,0.754168,16067
1,12,8912,raspi4,cifar100,59.200000,2.818969,0.754168,16067
1,12,3408,raspi4,cifar100,63.993332,5.081906,0.754168,16067
1,12,2018,raspi4,cifar100,72.360000,39.345867,0.754168,16067
1,12,4418,raspi4,cifar100,72.746666,47.162354,0.754168,16067
1,12,7556,raspi4,cifar100,71.526665,36.461315,0.754168,16067
1,12,9926,raspi4,cifar100,63.520000,4.999532,0.754168,16067
1,12,1459,raspi4,cifar100,73.140000,53.879950,0.754168,16067
1,12,6918,raspi4,cifar100,58.800000,2.571364,0.754168,16067
1,12,14112,raspi4,cifar100,68.386665,14.423308,0.754168,16067
1,12,8697,raspi4,cifar100,62.520000,4.854997,0.754168,16067
1,12,12761,raspi4,cifar100,72.860000,53.718200,0.754168,16067
1,12,2058,raspi4,cifar100,69.613335,20.052132,0.754168,16067
1,12,8781,raspi4,cifar100,62.473330,4.843347,0.754168,16067
1,12,1939,raspi4,cifar100,70.760000,24.555029,0.754168,16067
1,12,7585,raspi4,cifar100,62.410000,4.802180,0.754168,16067
1,12,10222,raspi4,cifar100,58.860000,2.747804,0.754168,16067
1,12,10042,raspi4,cifar100,64.880000,5.100886,0.754168,16067
1,12,14714,raspi4,cifar100,71.280000,24.692347,0.754168,16067
1,12,14612,raspi4,cifar100,58.720000,2.563505,0.754168,16067
1,12,12915,raspi4,cifar100,66.950000,7.226311,0.754168,16067
1,12,14443,raspi4,cifar100,71.740000,39.168526,0.754168,16067
1,12,15383,raspi4,cifar100,71.660000,38.693768,0.754168,16067
1,12,375,raspi4,cifar100,64.440000,5.099302,0.754168,16067
1,12,13430,raspi4,cifar100,66.700000,7.203785,0.754168,16067
1,12,3487,raspi4,cifar100,70.093330,21.603350,0.754168,16067
1,12,9895,raspi4,cifar100,69.400000,19.211880,0.754168,16067
1,12,6787,raspi4,cifar100,70.720000,23.081835,0.754168,16067
1,12,7031,raspi4,cifar100,69.526665,19.879576,0.754168,16067
1,12,14811,raspi4,cifar100,69.680000,20.361189,0.754168,16067
1,12,1357,raspi4,cifar100,67.480000,10.177114,0.754168,16067
1,12,1918,raspi4,cifar100,62.540000,4.912174,0.754168,16067
1,12,2035,raspi4,cifar100,63.926666,5.005698,0.754168,16067
1,13,8426,edgegpu,ImageNet16-120,44.633335,3.370147,0.619769,16394
1,13,8401,edgegpu,ImageNet16-120,43.833332,3.322444,0.619769,16394
1,13,8884,edgegpu,ImageNet16-120,45.033333,3.499999,0.619769,16394
1,13,12415,edgegpu,ImageNet16-120,46.566666,4.667692,0.619769,16394
1,13,15288,edgegpu,ImageNet16-120,28.422222,1.417041,0.619769,16394
1,13,4946,edgegpu,ImageNet16-120,44.700000,3.490419,0.619769,16394
1,13,7187,edgegpu,ImageNet16-120,28.683332,1.443858,0.619769,16394
1,13,14117,edgegpu,ImageNet16-120,28.677778,1.435547,0.619769,16394
1,13,6950,edgegpu,ImageNet16-120,38.700000,1.740150,0.619769,16394
1,13,15376,edgegpu,ImageNet16-120,0.833333,0.533953,0.619769,16394
1,13,4988,edgegpu,ImageNet16-120,28.933332,1.448212,0.619769,16394
1,13,2650,edgegpu,ImageNet16-120,42.433334,3.309817,0.619769,16394
1,13,9586,edgegpu,ImageNet16-120,46.933334,5.222673,0.619769,16394
1,13,5751,edgegpu,ImageNet16-120,40.044445,2.434626,0.619769,16394
1,13,9722,edgegpu,ImageNet16-120,44.000000,3.327813,0.619769,16394
1,13,4587,edgegpu,ImageNet16-120,28.800000,1.445131,0.619769,16394
1,13,15383,edgegpu,ImageNet16-120,47.033333,6.262836,0.619769,16394
1,13,1164,edgegpu,ImageNet16-120,28.522223,1.435223,0.619769,16394
1,13,14840,edgegpu,ImageNet16-120,45.311110,4.224715,0.619769,16394
1,13,14027,edgegpu,ImageNet16-120,40.266666,3.306937,0.619769,16394
1,13,12081,edgegpu,ImageNet16-120,40.233334,2.730479,0.619769,16394
1,13,4160,edgegpu,ImageNet16-120,39.833332,1.756272,0.619769,16394
1,13,857,edgegpu,ImageNet16-120,47.311110,6.707663,0.619769,16394
1,13,7760,edgegpu,ImageNet16-120,39.100000,1.743751,0.619769,16394
1,13,5981,edgegpu,ImageNet16-120,39.211113,1.746097,0.619769,16394
1,13,12505,edgegpu,ImageNet16-120,39.283333,1.750417,0.619769,16394
1,13,11217,edgegpu,ImageNet16-120,43.466667,3.316708,0.619769,16394
1,13,13760,edgegpu,ImageNet16-120,32.333332,1.739759,0.619769,16394
1,13,15159,edgegpu,ImageNet16-120,45.566666,4.632421,0.619769,16394
1,14,10332,edgetpu,ImageNet16-120,40.033333,0.516152,0.661854,16081
1,14,4977,edgetpu,ImageNet16-120,32.966667,0.367728,0.661854,16081
1,14,7174,edgetpu,ImageNet16-120,33.116665,0.391775,0.661854,16081
1,14,10699,edgetpu,ImageNet16-120,46.833332,0.858130,0.661854,16081
1,14,12415,edgetpu,ImageNet16-120,46.566666,0.710906,0.661854,16081
1,14,5374,edgetpu,ImageNet16-120,46.766666,0.843987,0.661854,16081
1,14,3540,edgetpu,ImageNet16-120,45.122223,0.648670,0.661854,16081
1,14,11885,edgetpu,ImageNet16-120,39.166668,0.427395,0.661854,16081
1,14,7357,edgetpu,ImageNet16-120,44.666668,0.600498,0.661854,16081
1,14,4160,edgetpu,ImageNet16-120,39.833332,0.430355,0.661854,16081
1,14,14840,edgetpu,ImageNet16-120,45.311110,0.666690,0.661854,16081
1,14,8884,edgetpu,ImageNet16-120,45.033333,0.615792,0.661854,16081
1,14,9689,edgetpu,ImageNet16-120,42.533333,0.549702,0.661854,16081
1,14,4627,edgetpu,ImageNet16-120,43.500000,0.552306,0.661854,16081
1,14,6950,edgetpu,ImageNet16-120,38.700000,0.427379,0.661854,16081
1,14,13931,edgetpu,ImageNet16-120,28.788889,0.360349,0.661854,16081
1,14,11079,edgetpu,ImageNet16-120,43.566666,0.552430,0.661854,16081
1,14,8781,edgetpu,ImageNet16-120,32.366665,0.363484,0.661854,16081
1,14,4830,edgetpu,ImageNet16-120,42.233334,0.549457,0.661854,16081
1,14,10167,edgetpu,ImageNet16-120,39.944443,0.444058,0.661854,16081
1,14,9586,edgetpu,ImageNet16-120,46.933334,0.981196,0.661854,16081
1,14,9109,edgetpu,ImageNet16-120,39.466667,0.428971,0.661854,16081
1,14,10888,edgetpu,ImageNet16-120,28.333334,0.359044,0.661854,16081
1,14,7273,edgetpu,ImageNet16-120,42.966667,0.550014,0.661854,16081
1,14,15014,edgetpu,ImageNet16-120,28.266666,0.358110,0.661854,16081
1,14,8915,edgetpu,ImageNet16-120,32.611110,0.364729,0.661854,16081
1,14,12231,edgetpu,ImageNet16-120,40.200000,0.518358,0.661854,16081
1,14,5751,edgetpu,ImageNet16-120,40.044445,0.516992,0.661854,16081
1,14,7750,edgetpu,ImageNet16-120,43.066666,0.551617,0.661854,16081
1,14,6960,edgetpu,ImageNet16-120,39.566666,0.429523,0.661854,16081
1,14,10017,edgetpu,ImageNet16-120,40.566666,0.524950,0.661854,16081
1,14,70,edgetpu,ImageNet16-120,39.377777,0.428228,0.661854,16081
1,14,4988,edgetpu,ImageNet16-120,28.933332,0.360694,0.661854,16081
1,14,8733,edgetpu,ImageNet16-120,46.600000,0.800426,0.661854,16081
1,14,6520,edgetpu,ImageNet16-120,32.383335,0.363944,0.661854,16081
1,14,3650,edgetpu,ImageNet16-120,43.866665,0.597881,0.661854,16081
1,14,8447,edgetpu,ImageNet16-120,40.011112,0.514586,0.661854,16081
1,15,857,eyeriss,ImageNet16-120,47.311110,1.651840,0.500010,16571
1,15,5487,eyeriss,ImageNet16-120,38.500000,0.607360,0.500010,16571
1,15,4988,eyeriss,ImageNet16-120,28.933332,0.423040,0.500010,16571
1,15,6854,eyeriss,ImageNet16-120,40.800000,0.668800,0.500010,16571
1,15,4829,eyeriss,ImageNet16-120,34.200000,0.484480,0.500010,16571
1,15,8853,eyeriss,ImageNet16-120,45.600000,1.037440,0.500010,16571
1,15,14417,eyeriss,ImageNet16-120,45.900000,1.098880,0.500010,16571
1,15,15383,eyeriss,ImageNet16-120,47.033333,1.283200,0.500010,16571
1,15,1943,eyeriss,ImageNet16-120,42.866665,0.853120,0.500010,16571
1,15,1939,eyeriss,ImageNet16-120,45.077778,0.976000,0.500010,16571
1,15,6787,eyeriss,ImageNet16-120,44.400000,0.914560,0.500010,16571
1,15,2835,eyeriss,ImageNet16-120,38.222220,0.545920,0.500010,16571
1,16,8008,fpga,ImageNet16-120,43.500000,0.876800,0.495233,16226
1,16,2835,fpga,ImageNet16-120,38.222220,0.546720,0.495233,16226
1,16,4829,fpga,ImageNet16-120,34.200000,0.415520,0.495233,16226
1,16,10017,fpga,ImageNet16-120,40.566666,0.784000,0.495233,16226
1,16,4988,fpga,ImageNet16-120,28.933332,0.284320,0.495233,16226
1,16,15446,fpga,ImageNet16-120,45.766666,1.116320,0.495233,16226
1,16,14417,fpga,ImageNet16-120,45.900000,1.276320,0.495233,16226
1,16,15383,fpga,ImageNet16-120,47.033333,1.504000,0.495233,16226
1,16,6787,fpga,ImageNet16-120,44.400000,0.969600,0.495233,16226
1,16,6868,fpga,ImageNet16-120,39.000000,0.649120,0.495233,16226
1,16,1939,fpga,ImageNet16-120,45.077778,1.062400,0.495233,16226
1,16,14748,fpga,ImageNet16-120,44.900000,0.995200,0.495233,16226
1,16,857,fpga,ImageNet16-120,47.311110,2.038400,0.495233,16226
1,16,11593,fpga,ImageNet16-120,40.166668,0.780320,0.495233,16226
1,16,5793,fpga,ImageNet16-120,35.033333,0.517920,0.495233,16226
1,17,4988,pixel3,ImageNet16-120,28.933332,0.485996,0.749036,16016
1,17,4384,pixel3,ImageNet16-120,28.133333,0.421612,0.749036,16016
1,17,12452,pixel3,ImageNet16-120,40.533333,1.504410,0.749036,16016
1,17,9496,pixel3,ImageNet16-120,38.200000,1.024960,0.749036,16016
1,17,857,pixel3,ImageNet16-120,47.311110,6.686850,0.749036,16016
1,17,12424,pixel3,ImageNet16-120,43.133330,2.470150,0.749036,16016
1,17,10154,pixel3,ImageNet16-120,46.133335,4.783700,0.749036,16016
1,17,1939,pixel3,ImageNet16-120,45.077778,3.021500,0.749036,16016
1,17,3496,pixel3,ImageNet16-120,34.233334,0.670584,0.749036,16016
1,17,8584,pixel3,ImageNet16-120,34.088890,0.664046,0.749036,16016
1,17,12506,pixel3,ImageNet16-120,43.983334,2.929990,0.749036,16016
1,17,1425,pixel3,ImageNet16-120,45.977780,4.619290,0.749036,16016
1,17,4432,pixel3,ImageNet16-120,37.800000,0.861157,0.749036,16016
1,17,2018,pixel3,ImageNet16-120,46.433334,4.949210,0.749036,16016
1,17,1549,pixel3,ImageNet16-120,28.655556,0.424747,0.749036,16016
1,17,12103,pixel3,ImageNet16-120,28.250000,0.422433,0.749036,16016
1,17,4977,pixel3,ImageNet16-120,32.966667,0.617991,0.749036,16016
1,17,8853,pixel3,ImageNet16-120,45.600000,3.554540,0.749036,16016
1,17,4587,pixel3,ImageNet16-120,28.800000,0.445767,0.749036,16016
1,17,4627,pixel3,ImageNet16-120,43.500000,2.479640,0.749036,16016
1,17,13756,pixel3,ImageNet16-120,0.833333,0.005289,0.749036,16016
1,17,872,pixel3,ImageNet16-120,41.777780,2.465030,0.749036,16016
1,17,12639,pixel3,ImageNet16-120,40.400000,1.304440,0.749036,16016
1,17,4895,pixel3,ImageNet16-120,33.200000,0.619070,0.749036,16016
1,17,7187,pixel3,ImageNet16-120,28.683332,0.425223,0.749036,16016
1,17,15383,pixel3,ImageNet16-120,47.033333,5.191720,0.749036,16016
1,17,3728,pixel3,ImageNet16-120,28.500000,0.422880,0.749036,16016
1,17,11000,pixel3,ImageNet16-120,44.866665,2.962520,0.749036,16016
1,17,4004,pixel3,ImageNet16-120,42.811110,2.467510,0.749036,16016
1,17,249,pixel3,ImageNet16-120,43.577778,2.720310,0.749036,16016
1,17,6014,pixel3,ImageNet16-120,28.533333,0.423391,0.749036,16016
1,17,10888,pixel3,ImageNet16-120,28.333334,0.422652,0.749036,16016
1,17,2002,pixel3,ImageNet16-120,32.277780,0.617751,0.749036,16016
1,17,1110,pixel3,ImageNet16-120,28.600000,0.423927,0.749036,16016
1,17,6294,pixel3,ImageNet16-120,38.011112,0.869124,0.749036,16016
1,17,9032,pixel3,ImageNet16-120,38.016666,1.020960,0.749036,16016
1,17,6854,pixel3,ImageNet16-120,40.800000,1.621620,0.749036,16016
1,17,12466,pixel3,ImageNet16-120,46.100000,4.680280,0.749036,16016
1,17,5487,pixel3,ImageNet16-120,38.500000,1.109150,0.749036,16016
1,17,14417,pixel3,ImageNet16-120,45.900000,4.143030,0.749036,16016
1,18,1939,raspi4,ImageNet16-120,45.077778,5.341908,0.859749,16178
1,18,8355,raspi4,ImageNet16-120,39.666668,3.083286,0.859749,16178
1,18,10189,raspi4,ImageNet16-120,45.200000,6.699618,0.859749,16178
1,18,15383,raspi4,ImageNet16-120,47.033333,8.565354,0.859749,16178
1,18,5530,raspi4,ImageNet16-120,42.577778,3.785925,0.859749,16178
1,18,857,raspi4,ImageNet16-120,47.311110,9.020064,0.859749,16178
1,18,6868,raspi4,ImageNet16-120,39.000000,2.982937,0.859749,16178
1,18,6787,raspi4,ImageNet16-120,44.400000,4.532777,0.859749,16178
1,18,9032,raspi4,ImageNet16-120,38.016666,2.201532,0.859749,16178
1,18,1188,raspi4,ImageNet16-120,32.455555,1.526725,0.859749,16178
1,18,219,raspi4,ImageNet16-120,42.500000,3.768475,0.859749,16178
1,18,10017,raspi4,ImageNet16-120,40.566666,3.181383,0.859749,16178
1,18,5637,raspi4,ImageNet16-120,33.933334,1.580707,0.859749,16178
1,18,3960,raspi4,ImageNet16-120,37.755554,2.197980,0.859749,16178
1,18,15363,raspi4,ImageNet16-120,44.333332,4.480516,0.859749,16178
1,18,2018,raspi4,ImageNet16-120,46.433334,7.482383,0.859749,16178
1,18,1413,raspi4,ImageNet16-120,42.711113,3.788479,0.859749,16178
1,18,9496,raspi4,ImageNet16-120,38.200000,2.204048,0.859749,16178
1,18,3782,raspi4,ImageNet16-120,41.866665,3.755286,0.859749,16178
1,18,2779,raspi4,ImageNet16-120,37.355556,2.190654,0.859749,16178
1,18,3431,raspi4,ImageNet16-120,32.966667,1.536690,0.859749,16178
1,18,4995,raspi4,ImageNet16-120,42.166668,3.766336,0.859749,16178
1,18,12424,raspi4,ImageNet16-120,43.133330,3.805729,0.859749,16178
1,18,4988,raspi4,ImageNet16-120,28.933332,1.003251,0.859749,16178
1,18,933,raspi4,ImageNet16-120,0.833333,0.011514,0.859749,16178
1,18,7955,raspi4,ImageNet16-120,39.388890,3.082832,0.859749,16178
1,18,11438,raspi4,ImageNet16-120,39.733334,3.150053,0.859749,16178
1,18,1204,raspi4,ImageNet16-120,37.844444,2.199356,0.859749,16178
1,18,8426,raspi4,ImageNet16-120,44.633335,5.288439,0.859749,16178
1,18,6336,raspi4,ImageNet16-120,39.366665,3.073392,0.859749,16178
1,18,7187,raspi4,ImageNet16-120,28.683332,0.952790,0.859749,16178
1,18,4675,raspi4,ImageNet16-120,33.100000,1.544321,0.859749,16178
1,18,12505,raspi4,ImageNet16-120,39.283333,3.062432,0.859749,16178
1,18,6854,raspi4,ImageNet16-120,40.800000,3.661016,0.859749,16178
1,18,8884,raspi4,ImageNet16-120,45.033333,5.293177,0.859749,16178
1,18,3687,raspi4,ImageNet16-120,34.066666,1.583497,0.859749,16178
1,18,13644,raspi4,ImageNet16-120,45.333332,6.780282,0.859749,16178
1,18,14697,raspi4,ImageNet16-120,33.900000,1.580382,0.859749,16178
1,18,5973,raspi4,ImageNet16-120,40.100000,3.159922,0.859749,16178
1,18,13771,raspi4,ImageNet16-120,32.744446,1.533813,0.859749,16178
1,18,8447,raspi4,ImageNet16-120,40.011112,3.156609,0.859749,16178
1,18,14417,raspi4,ImageNet16-120,45.900000,6.948865,0.859749,16178
1,18,12358,raspi4,ImageNet16-120,34.055557,1.582727,0.859749,16178
1,18,7227,raspi4,ImageNet16-120,32.533333,1.530737,0.859749,16178
1,18,10715,raspi4,ImageNet16-120,45.533333,6.790813,0.859749,16178
1,18,3496,raspi4,ImageNet16-120,34.233334,1.598666,0.859749,16178
1,18,7551,raspi4,ImageNet16-120,38.477780,2.950436,0.859749,16178
1,18,11946,raspi4,ImageNet16-120,28.200000,0.940293,0.859749,16178
1,18,8584,raspi4,ImageNet16-120,34.088890,1.586268,0.859749,16178
2,1,11692,edgegpu,cifar10,94.130000,4.708362,0.594562,16392
2,1,9099,edgegpu,cifar10,93.940000,3.357520,0.594562,16392
2,1,1459,edgegpu,cifar10,94.296670,6.748991,0.594562,16392
2,1,2090,edgegpu,cifar10,86.650000,1.437702,0.594562,16392
2,1,1099,edgegpu,cifar10,92.240000,1.774683,0.594562,16392
2,1,2776,edgegpu,cifar10,93.666664,3.331194,0.594562,16392
2,1,1339,edgegpu,cifar10,92.136665,1.751881,0.594562,16392
2,1,14527,edgegpu,cifar10,86.765000,1.439619,0.594562,16392
2,1,13401,edgegpu,cifar10,87.010000,1.457009,0.594562,16392
2,1,6499,edgegpu,cifar10,93.645000,3.331041,0.594562,16392
2,1,10484,edgegpu,cifar10,93.810000,3.354015,0.594562,16392
2,1,5780,edgegpu,cifar10,93.980000,3.361888,0.594562,16392
2,1,11810,edgegpu,cifar10,92.780000,1.992798,0.594562,16392
2,1,2053,edgegpu,cifar10,94.206665,5.482254,0.594562,16392
2,1,13714,edgegpu,cifar10,94.373340,6.772180,0.594562,16392
2,1,5292,edgegpu,cifar10,94.293335,6.663151,0.594562,16392
2,1,15200,edgegpu,cifar10,10.000000,0.501385,0.594562,16392
2,1,6330,edgegpu,cifar10,94.006670,4.384699,0.594562,16392
2,1,14407,edgegpu,cifar10,86.770000,1.440282,0.594562,16392
2,1,14090,edgegpu,cifar10,92.086670,1.749086,0.594562,16392
2,1,561,edgegpu,cifar10,86.880000,1.451068,0.594562,16392
2,1,5400,edgegpu,cifar10,86.630000,1.427460,0.594562,16392
2,1,1038,edgegpu,cifar10,92.276665,1.828198,0.594562,16392
2,2,13714,edgetpu,cifar10,94.373340,1.377865,0.671259,16385
2,2,2053,edgetpu,cifar10,94.206665,1.042178,0.671259,16385
2,2,6407,edgetpu,cifar10,88.933334,0.389381,0.671259,16385
2,2,797,edgetpu,cifar10,93.280000,0.627996,0.671259,16385
2,2,3731,edgetpu,cifar10,94.343330,1.282820,0.671259,16385
2,2,11810,edgetpu,cifar10,92.780000,0.482879,0.671259,16385
2,2,9689,edgetpu,cifar10,93.370000,0.628386,0.671259,16385
2,2,1051,edgetpu,cifar10,86.700000,0.359608,0.671259,16385
2,2,6382,edgetpu,cifar10,93.376660,0.628638,0.671259,16385
2,2,9950,edgetpu,cifar10,93.840000,0.723767,0.671259,16385
2,2,5780,edgetpu,cifar10,93.980000,0.723967,0.671259,16385
2,2,11692,edgetpu,cifar10,94.130000,0.761100,0.671259,16385
2,2,12439,edgetpu,cifar10,86.393330,0.352159,0.671259,16385
2,2,10293,edgetpu,cifar10,86.513336,0.352328,0.671259,16385
2,2,13320,edgetpu,cifar10,89.330000,0.396446,0.671259,16385
2,2,6918,edgetpu,cifar10,87.000000,0.375819,0.671259,16385
2,2,5111,edgetpu,cifar10,94.306660,1.152010,0.671259,16385
2,2,6584,edgetpu,cifar10,94.160000,0.888877,0.671259,16385
2,2,9817,edgetpu,cifar10,93.490000,0.723286,0.671259,16385
2,2,4384,edgetpu,cifar10,86.796670,0.362569,0.671259,16385
2,2,11112,edgetpu,cifar10,92.110000,0.480732,0.671259,16385
2,2,11438,edgetpu,cifar10,92.500000,0.482393,0.671259,16385
2,2,7937,edgetpu,cifar10,88.610000,0.388867,0.671259,16385
2,2,4161,edgetpu,cifar10,89.250000,0.391221,0.671259,16385
2,2,7676,edgetpu,cifar10,92.230000,0.481331,0.671259,16385
2,2,7636,edgetpu,cifar10,92.270000,0.481888,0.671259,16385
2,2,6014,edgetpu,cifar10,86.690000,0.353858,0.671259,16385
2,2,8192,edgetpu,cifar10,93.093330,0.627745,0.671259,16385
2,3,13714,eyeriss,cifar10,94.373340,7.823540,0.512539,16490
2,3,4384,eyeriss,cifar10,86.796670,1.679540,0.512539,16490
2,3,10689,eyeriss,cifar10,90.790000,2.171060,0.512539,16490
2,3,6111,eyeriss,cifar10,94.373340,7.823540,0.512539,16490
2,3,10412,eyeriss,cifar10,93.530000,3.645620,0.512539,16490
2,3,5111,eyeriss,cifar10,94.306660,5.365940,0.512539,16490
2,3,14112,eyeriss,cifar10,91.296670,2.908340,0.512539,16490
2,3,11692,eyeriss,cifar10,94.130000,4.874420,0.512539,16490
2,3,8008,eyeriss,cifar10,93.480000,3.399860,0.512539,16490
2,3,8592,eyeriss,cifar10,93.750000,3.891380,0.512539,16490
2,3,3731,eyeriss,cifar10,94.343330,6.594740,0.512539,16490
2,3,13611,eyeriss,cifar10,92.490000,3.154100,0.512539,16490
2,3,11472,eyeriss,cifar10,93.970000,4.628660,0.512539,16490
2,3,6854,eyeriss,cifar10,91.040000,2.662580,0.512539,16490
2,3,6899,eyeriss,cifar10,90.900000,2.416820,0.512539,16490
2,3,12438,eyeriss,cifar10,89.875000,1.925300,0.512539,16490
2,4,4384,fpga,cifar10,86.796670,1.132960,0.476947,16265
2,4,13714,fpga,cifar10,94.373340,6.678560,0.476947,16265
2,4,10689,fpga,cifar10,90.790000,2.163360,0.476947,16265
2,4,8008,fpga,cifar10,93.480000,2.905760,0.476947,16265
2,4,13611,fpga,cifar10,92.490000,2.390560,0.476947,16265
2,4,5111,fpga,cifar10,94.306660,5.193760,0.476947,16265
2,4,12438,fpga,cifar10,89.875000,1.648160,0.476947,16265
2,4,11472,fpga,cifar10,93.970000,3.648160,0.476947,16265
2,4,11692,fpga,cifar10,94.130000,4.163360,0.476947,16265
2,4,6111,fpga,cifar10,94.373340,6.678560,0.476947,16265
2,4,3731,fpga,cifar10,94.343330,5.936160,0.476947,16265
2,4,15295,fpga,cifar10,90.050000,2.057760,0.476947,16265
2,4,10412,fpga,cifar10,93.530000,3.420960,0.476947,16265
2,5,1425,pixel3,cifar10,93.933334,12.536500,0.797003,16197
2,5,2018,pixel3,cifar10,94.063330,14.960500,0.797003,16197
2,5,55,pixel3,cifar10,86.756670,1.057440,0.797003,16197
2,5,7197,pixel3,cifar10,90.366670,2.447670,0.797003,16197
2,5,6382,pixel3,cifar10,93.376660,7.048190,0.797003,16197
2,5,4627,pixel3,cifar10,93.270000,7.036050,0.797003,16197
2,5,1941,pixel3,cifar10,93.533330,9.128690,0.797003,16197
2,5,13987,pixel3,cifar10,93.596664,9.922680,0.797003,16197
2,5,8592,pixel3,cifar10,93.750000,10.769800,0.797003,16197
2,5,2779,pixel3,cifar10,90.806660,3.102950,0.797003,16197
2,5,5111,pixel3,cifar10,94.306660,17.584600,0.797003,16197
2,5,13171,pixel3,cifar10,93.530000,7.717220,0.797003,16197
2,5,3731,pixel3,cifar10,94.343330,23.361300,0.797003,16197
2,5,6854,pixel3,cifar10,91.040000,4.514220,0.797003,16197
2,5,6111,pixel3,cifar10,94.373340,23.584800,0.797003,16197
2,5,6985,pixel3,cifar10,89.940000,2.367450,0.797003,16197
2,5,6918,pixel3,cifar10,87.000000,1.478790,0.797003,16197
2,5,1339,pixel3,cifar10,92.136665,5.802240,0.797003,16197
2,5,11692,pixel3,cifar10,94.130000,15.490100,0.797003,16197
2,5,7001,pixel3,cifar10,10.000000,0.003277,0.797003,16197
2,5,6999,pixel3,cifar10,93.820000,12.260900,0.797003,16197
2,5,3385,pixel3,cifar10,93.990000,13.656500,0.797003,16197
2,5,8695,pixel3,cifar10,94.220000,17.564500,0.797003,16197
2,5,1778,pixel3,cifar10,92.180000,6.446230,0.797003,16197
2,5,1416,pixel3,cifar10,89.546670,1.691430,0.797003,16197
2,5,12820,pixel3,cifar10,90.880000,3.982790,0.797003,16197
2,5,13869,pixel3,cifar10,93.656670,10.634700,0.797003,16197
2,5,12452,pixel3,cifar10,91.350000,5.590110,0.797003,16197
2,5,5224,pixel3,cifar10,88.980000,1.570360,0.797003,16197
2,5,1943,pixel3,cifar10,93.116670,6.492030,0.797003,16197
2,5,7017,pixel3,cifar10,86.970000,1.403930,0.797003,16197
2,5,8323,pixel3,cifar10,90.870000,3.106420,0.797003,16197
2,5,11972,pixel3,cifar10,91.510000,5.627010,0.797003,16197
2,5,9032,pixel3,cifar10,90.740000,3.102890,0.797003,16197
2,5,1497,pixel3,cifar10,86.556660,1.056630,0.797003,16197
2,5,1781,pixel3,cifar10,89.883330,1.712020,0.797003,16197
2,5,9230,pixel3,cifar10,86.580000,1.056760,0.797003,16197
2,5,1804,pixel3,cifar10,89.063330,1.579900,0.797003,16197
2,5,6434,pixel3,cifar10,91.080000,4.811140,0.797003,16197
2,5,4432,pixel3,cifar10,90.700000,2.826310,0.797003,16197
2,6,6918,raspi4,cifar10,87.000000,2.787590,0.771275,16170
2,6,9380,raspi4,cifar10,89.335000,4.875613,0.771275,16170
2,6,6111,raspi4,cifar10,94.373340,68.404106,0.771275,16170
2,6,1962,raspi4,cifar10,86.530000,2.529453,0.771275,16170
2,6,12238,raspi4,cifar10,91.690000,16.046099,0.771275,16170
2,6,3731,raspi4,cifar10,94.343330,58.070793,0.771275,16170
2,6,6382,raspi4,cifar10,93.376660,21.461164,0.771275,16170
2,6,14677,raspi4,cifar10,88.670000,4.755260,0.771275,16170
2,6,6960,raspi4,cifar10,92.280000,17.162752,0.771275,16170
2,6,1941,raspi4,cifar10,93.533330,25.121769,0.771275,16170
2,6,5111,raspi4,cifar10,94.306660,41.756905,0.771275,16170
2,6,5915,raspi4,cifar10,86.846664,2.776470,0.771275,16170
2,6,11692,raspi4,cifar10,94.130000,37.583630,0.771275,16170
2,6,8426,raspi4,cifar10,93.840000,31.394428,0.771275,16170
2,6,2058,raspi4,cifar10,93.270000,19.484835,0.771275,16170
2,6,7207,raspi4,cifar10,89.803340,5.099723,0.771275,16170
2,6,5780,raspi4,cifar10,93.980000,34.928463,0.771275,16170
2,6,11533,raspi4,cifar10,93.420000,21.715693,0.771275,16170
2,6,6584,raspi4,cifar10,94.160000,38.818527,0.771275,16170
2,6,11810,raspi4,cifar10,92.780000,18.619905,0.771275,16170
2,6,9980,raspi4,cifar10,10.000000,0.011284,0.771275,16170
2,6,11972,raspi4,cifar10,91.510000,12.403558,0.771275,16170
2,6,7058,raspi4,cifar10,92.040000,16.469465,0.771275,16170
2,6,8008,raspi4,cifar10,93.480000,22.571420,0.771275,16170
2,6,12970,raspi4,cifar10,90.970000,11.904152,0.771275,16170
2,6,12286,raspi4,cifar10,86.760000,2.546242,0.771275,16170
2,6,4384,raspi4,cifar10,86.796670,2.759305,0.771275,16170
2,6,4210,raspi4,cifar10,89.030000,4.782748,0.771275,16170
2,6,8592,raspi4,cifar10,93.750000,25.477009,0.771275,16170
2,6,2035,raspi4,cifar10,89.670000,4.984099,0.771275,16170
2,6,9271,raspi4,cifar10,89.250000,4.830311,0.771275,16170
2,6,4689,raspi4,cifar10,90.720000,7.356712,0.771275,16170
2,6,4432,raspi4,cifar10,90.700000,7.290926,0.771275,16170
2,6,1804,raspi4,cifar10,89.063330,4.791845,0.771275,16170
2,6,14565,raspi4,cifar10,88.880000,4.781183,0.771275,16170
2,6,8323,raspi4,cifar10,90.870000,7.426308,0.771275,16170
2,7,11067,edgegpu,cifar100,58.186670,1.427836,0.595265,16294
2,7,14300,edgegpu,cifar100,67.300000,1.765666,0.595265,16294
2,7,9930,edgegpu,cifar100,73.513336,6.803060,0.595265,16294
2,7,1425,edgegpu,cifar100,72.093330,5.310225,0.595265,16294
2,7,4954,edgegpu,cifar100,73.000000,6.669736,0.595265,16294
2,7,12415,edgegpu,cifar100,71.940000,4.828467,0.595265,16294
2,7,9922,edgegpu,cifar100,58.560000,1.428552,0.595265,16294
2,7,1509,edgegpu,cifar100,1.000000,0.505853,0.595265,16294
2,7,2778,edgegpu,cifar100,72.993330,6.134028,0.595265,16294
2,7,4609,edgegpu,cifar100,66.520000,1.758838,0.595265,16294
2,7,9997,edgegpu,cifar100,71.520000,3.466139,0.595265,16294
2,7,8912,edgegpu,cifar100,59.200000,1.441355,0.595265,16294
2,7,11810,edgegpu,cifar100,68.300000,1.779551,0.595265,16294
2,7,8401,edgegpu,cifar100,71.080000,3.302102,0.595265,16294
2,7,4418,edgegpu,cifar100,72.746666,5.352364,0.595265,16294
2,7,3888,edgegpu,cifar100,73.260000,6.797867,0.595265,16294
2,7,14984,edgegpu,cifar100,67.166664,1.760831,0.595265,16294
2,7,11885,edgegpu,cifar100,68.040000,1.776652,0.595265,16294
2,7,2304,edgegpu,cifar100,58.660000,1.440253,0.595265,16294
2,7,13172,edgegpu,cifar100,62.180000,1.757636,0.595265,16294
2,8,1110,edgetpu,cifar100,58.840000,0.355938,0.668532,16126
2,8,12761,edgetpu,cifar100,72.860000,1.225212,0.668532,16126
2,8,9930,edgetpu,cifar100,73.513336,1.454107,0.668532,16126
2,8,8401,edgetpu,cifar100,71.080000,0.728572,0.668532,16126
2,8,3888,edgetpu,cifar100,73.260000,1.316226,0.668532,16126
2,8,10443,edgetpu,cifar100,68.300000,0.489020,0.668532,16126
2,8,5019,edgetpu,cifar100,58.880000,0.357058,0.668532,16126
2,8,9997,edgetpu,cifar100,71.520000,0.729986,0.668532,16126
2,8,10000,edgetpu,cifar100,73.160000,1.283461,0.668532,16126
2,8,577,edgetpu,cifar100,69.680000,0.635228,0.668532,16126
2,8,12574,edgetpu,cifar100,72.740000,0.932430,0.668532,16126
2,8,857,edgetpu,cifar100,72.880000,1.264168,0.668532,16126
2,8,12415,edgetpu,cifar100,71.940000,0.872299,0.668532,16126
2,8,1973,edgetpu,cifar100,67.453330,0.488234,0.668532,16126
2,8,13731,edgetpu,cifar100,66.953330,0.487148,0.668532,16126
2,8,3303,edgetpu,cifar100,62.420000,0.392593,0.668532,16126
2,8,13829,edgetpu,cifar100,66.873340,0.485137,0.668532,16126
2,8,4418,edgetpu,cifar100,72.746666,1.093699,0.668532,16126
2,8,777,edgetpu,cifar100,58.650000,0.355588,0.668532,16126
2,8,8912,edgetpu,cifar100,59.200000,0.377698,0.668532,16126
2,8,797,edgetpu,cifar100,69.580000,0.633351,0.668532,16126
2,8,1425,edgetpu,cifar100,72.093330,0.910660,0.668532,16126
2,8,4627,edgetpu,cifar100,69.600000,0.635153,0.668532,16126
2,8,898,edgetpu,cifar100,70.000000,0.636860,0.668532,16126
2,8,9271,edgetpu,cifar100,63.400000,0.393151,0.668532,16126
2,8,10596,edgetpu,cifar100,67.633330,0.488672,0.668532,16126
2,8,4155,edgetpu,cifar100,62.306667,0.391442,0.668532,16126
2,8,8638,edgetpu,cifar100,58.860000,0.356631,0.668532,16126
2,8,2705,edgetpu,cifar100,62.813330,0.393026,0.668532,16126
2,8,14945,edgetpu,cifar100,58.500000,0.354940,0.668532,16126
2,8,15363,edgetpu,cifar100,70.520000,0.676394,0.668532,16126
2,8,11112,edgetpu,cifar100,66.893330,0.486713,0.668532,16126
2,8,14300,edgetpu,cifar100,67.300000,0.487450,0.668532,16126
2,8,69,edgetpu,cifar100,71.020000,0.727259,0.668532,16126
2,8,10082,edgetpu,cifar100,67.386665,0.487567,0.668532,16126
2,8,12607,edgetpu,cifar100,62.600000,0.392830,0.668532,16126
2,8,11533,edgetpu,cifar100,69.760000,0.635877,0.668532,16126
2,8,6011,edgetpu,cifar100,67.533330,0.488646,0.668532,16126
2,8,1383,edgetpu,cifar100,70.273330,0.673722,0.668532,16126
2,9,12820,eyeriss,cifar100,67.720000,2.419840,0.474628,16595
2,9,12761,eyeriss,cifar100,72.860000,6.352000,0.474628,16595
2,9,3888,eyeriss,cifar100,73.260000,6.597760,0.474628,16595
2,9,5651,eyeriss,cifar100,64.690000,1.928320,0.474628,16595
2,9,6787,eyeriss,cifar100,70.720000,3.648640,0.474628,16595
2,9,11301,eyeriss,cifar100,68.220000,2.665600,0.474628,16595
2,9,6925,eyeriss,cifar100,71.220000,3.894400,0.474628,16595
2,9,4659,eyeriss,cifar100,70.060000,3.402880,0.474628,16595
2,9,9930,eyeriss,cifar100,73.513336,9.055360,0.474628,16595
2,9,5084,eyeriss,cifar100,58.813330,1.682560,0.474628,16595
2,9,10689,eyeriss,cifar100,67.500000,2.174080,0.474628,16595
2,9,3540,eyeriss,cifar100,71.500000,4.877440,0.474628,16595
2,9,12574,eyeriss,cifar100,72.740000,5.123200,0.474628,16595
2,9,14714,eyeriss,cifar100,71.280000,4.140160,0.474628,16595
2,10,6830,fpga,cifar100,71.460000,4.057760,0.524674,16269
2,10,3888,fpga,cifar100,73.260000,5.936160,0.524674,16269
2,10,6925,fpga,cifar100,71.220000,3.936160,0.524674,16269
2,10,9930,fpga,cifar100,73.513336,7.420960,0.524674,16269
2,10,4659,fpga,cifar100,70.060000,2.905760,0.524674,16269
2,10,12761,fpga,cifar100,72.860000,5.420960,0.524674,16269
2,10,12574,fpga,cifar100,72.740000,4.678560,0.524674,16269
2,10,12295,fpga,cifar100,71.160000,3.648160,0.524674,16269
2,10,5084,fpga,cifar100,58.813330,1.132960,0.524674,16269
2,10,7250,fpga,cifar100,67.706665,2.390560,0.524674,16269
2,10,10689,fpga,cifar100,67.500000,2.163360,0.524674,16269
2,10,3540,fpga,cifar100,71.500000,4.163360,0.524674,16269
2,10,6787,fpga,cifar100,70.720000,3.420960,0.524674,16269
2,10,12820,fpga,cifar100,67.720000,2.678560,0.524674,16269
2,10,3687,fpga,cifar100,64.460000,1.648160,0.524674,16269
2,10,37,fpga,cifar100,64.933334,2.057760,0.524674,16269
2,11,11973,pixel3,cifar100,70.340000,8.988510,0.709369,16199
2,11,8912,pixel3,cifar100,59.200000,1.478790,0.709369,16199
2,11,4731,pixel3,cifar100,67.046670,3.712030,0.709369,16199
2,11,1409,pixel3,cifar100,58.853333,1.275090,0.709369,16199
2,11,1450,pixel3,cifar100,70.506670,9.337360,0.709369,16199
2,11,1090,pixel3,cifar100,65.220000,2.811310,0.709369,16199
2,11,3888,pixel3,cifar100,73.260000,23.477200,0.709369,16199
2,11,857,pixel3,cifar100,72.880000,19.113200,0.709369,16199
2,11,12970,pixel3,cifar100,68.140000,4.782110,0.709369,16199
2,11,6899,pixel3,cifar100,67.080000,3.983530,0.709369,16199
2,11,375,pixel3,cifar100,64.440000,2.363140,0.709369,16199
2,11,1357,pixel3,cifar100,67.480000,3.998260,0.709369,16199
2,11,12574,pixel3,cifar100,72.740000,16.473900,0.709369,16199
2,11,9997,pixel3,cifar100,71.520000,14.777900,0.709369,16199
2,11,906,pixel3,cifar100,62.393333,1.661810,0.709369,16199
2,11,858,pixel3,cifar100,64.133330,2.003500,0.709369,16199
2,11,8638,pixel3,cifar100,58.860000,1.478570,0.709369,16199
2,11,9649,pixel3,cifar100,64.540000,2.536210,0.709369,16199
2,11,6787,pixel3,cifar100,70.720000,9.854430,0.709369,16199
2,11,11000,pixel3,cifar100,71.180000,10.677600,0.709369,16199
2,11,15363,pixel3,cifar100,70.520000,9.708640,0.709369,16199
2,11,6925,pixel3,cifar100,71.220000,10.688000,0.709369,16199
2,11,1631,pixel3,cifar100,63.986668,1.805000,0.709369,16199
2,11,6337,pixel3,cifar100,1.000000,0.008753,0.709369,16199
2,11,14112,pixel3,cifar100,68.386665,5.745320,0.709369,16199
2,11,777,pixel3,cifar100,58.650000,1.087020,0.709369,16199
2,11,898,pixel3,cifar100,70.000000,6.516140,0.709369,16199
2,11,6294,pixel3,cifar100,66.973335,3.112950,0.709369,16199
2,11,9930,pixel3,cifar100,73.513336,42.003600,0.709369,16199
2,11,11301,pixel3,cifar100,68.220000,5.352090,0.709369,16199
2,11,1459,pixel3,cifar100,73.140000,23.437900,0.709369,16199
2,11,1425,pixel3,cifar100,72.093330,15.692300,0.709369,16199
2,11,14714,pixel3,cifar100,71.280000,13.842100,0.709369,16199
2,11,1593,pixel3,cifar100,62.126667,1.582050,0.709369,16199
2,11,3776,pixel3,cifar100,66.920000,3.109320,0.709369,16199
2,11,4432,pixel3,cifar100,66.486664,3.105870,0.709369,16199
2,11,2649,pixel3,cifar100,64.446660,2.496890,0.709369,16199
2,12,485,raspi4,cifar100,67.593330,14.719852,0.706362,16099
2,12,10042,raspi4,cifar100,64.880000,5.100886,0.706362,16099
2,12,9997,raspi4,cifar100,71.520000,34.996710,0.706362,16099
2,12,8853,raspi4,cifar100,71.220000,31.380384,0.706362,16099
2,12,4418,raspi4,cifar100,72.746666,47.162354,0.706362,16099
2,12,1459,raspi4,cifar100,73.140000,53.879950,0.706362,16099
2,12,9930,raspi4,cifar100,73.513336,71.152000,0.706362,16099
2,12,1939,raspi4,cifar100,70.760000,24.555029,0.706362,16099
2,12,6787,raspi4,cifar100,70.720000,23.081835,0.706362,16099
2,12,10222,raspi4,cifar100,58.860000,2.747804,0.706362,16099
2,12,3888,raspi4,cifar100,73.260000,55.029520,0.706362,16099
2,12,8768,raspi4,cifar100,71.120000,25.648617,0.706362,16099
2,12,8323,raspi4,cifar100,67.080000,7.271148,0.706362,16099
2,12,12761,raspi4,cifar100,72.860000,53.718200,0.706362,16099
2,12,3487,raspi4,cifar100,70.093330,21.603350,0.706362,16099
2,12,12574,raspi4,cifar100,72.740000,36.371254,0.706362,16099
2,12,6177,raspi4,cifar100,62.373333,4.795128,0.706362,16099
2,12,898,raspi4,cifar100,70.000000,21.506163,0.706362,16099
2,12,2222,raspi4,cifar100,58.313330,2.538255,0.706362,16099
2,12,11593,raspi4,cifar100,67.340000,12.762895,0.706362,16099
2,12,355,raspi4,cifar100,69.860000,20.791758,0.706362,16099
2,12,3408,raspi4,cifar100,63.993332,5.081906,0.706362,16099
2,12,9271,raspi4,cifar100,63.400000,4.800893,0.706362,16099
2,12,6854,raspi4,cifar100,67.260000,12.135427,0.706362,16099
2,12,13430,raspi4,cifar100,66.700000,7.203785,0.706362,16099
2,12,11209,raspi4,cifar100,64.120000,5.100011,0.706362,16099
2,12,14792,raspi4,cifar100,69.500000,19.111843,0.706362,16099
2,12,14811,raspi4,cifar100,69.680000,20.361189,0.706362,16099
2,12,14612,raspi4,cifar100,58.720000,2.563505,0.706362,16099
2,12,8740,raspi4,cifar100,1.000000,0.015215,0.706362,16099
2,12,15589,raspi4,cifar100,59.060000,2.795078,0.706362,16099
2,12,8912,raspi4,cifar100,59.200000,2.818969,0.706362,16099
2,12,14253,raspi4,cifar100,70.860000,25.077555,0.706362,16099
2,12,12915,raspi4,cifar100,66.950000,7.226311,0.706362,16099
2,12,11272,raspi4,cifar100,68.260000,14.764390,0.706362,16099
2,12,15363,raspi4,cifar100,70.520000,21.809430,0.706362,16099
2,12,2058,raspi4,cifar100,69.613335,20.052132,0.706362,16099
2,12,11000,raspi4,cifar100,71.180000,26.077381,0.706362,16099
2,12,2035,raspi4,cifar100,63.926666,5.005698,0.706362,16099
2,13,857,edgegpu,ImageNet16-120,47.311110,6.707663,0.669737,16299
2,13,11217,edgegpu,ImageNet16-120,43.466667,3.316708,0.669737,16299
2,13,8733,edgegpu,ImageNet16-120,46.600000,5.249434,0.669737,16299
2,13,5374,edgegpu,ImageNet16-120,46.766666,5.294285,0.669737,16299
2,13,15159,edgegpu,ImageNet16-120,45.566666,4.632421,0.669737,16299
2,13,10332,edgegpu,ImageNet16-120,40.033333,3.269434,0.669737,16299
2,13,4587,edgegpu,ImageNet16-120,28.800000,1.445131,0.669737,16299
2,13,4332,edgegpu,ImageNet16-120,39.444443,1.745496,0.669737,16299
2,13,10947,edgegpu,ImageNet16-120,39.944443,1.909800,0.669737,16299
2,13,15383,edgegpu,ImageNet16-120,47.033333,6.262836,0.669737,16299
2,13,768,edgegpu,ImageNet16-120,39.466667,1.776605,0.669737,16299
2,13,10835,edgegpu,ImageNet16-120,45.233334,4.434366,0.669737,16299
2,13,8401,edgegpu,ImageNet16-120,43.833332,3.322444,0.669737,16299
2,13,15288,edgegpu,ImageNet16-120,28.422222,1.417041,0.669737,16299
2,13,14117,edgegpu,ImageNet16-120,28.677778,1.435547,0.669737,16299
2,13,9722,edgegpu,ImageNet16-120,44.000000,3.327813,0.669737,16299
2,13,13760,edgegpu,ImageNet16-120,32.333332,1.739759,0.669737,16299
2,13,2650,edgegpu,ImageNet16-120,42.433334,3.309817,0.669737,16299
2,13,9077,edgegpu,ImageNet16-120,39.500000,1.801076,0.669737,16299
2,13,8426,edgegpu,ImageNet16-120,44.633335,3.370147,0.669737,16299
2,13,6950,edgegpu,ImageNet16-120,38.700000,1.740150,0.669737,16299
2,13,15376,edgegpu,ImageNet16-120,0.833333,0.533953,0.669737,16299
2,13,4946,edgegpu,ImageNet16-120,44.700000,3.490419,0.669737,16299
2,13,8355,edgegpu,ImageNet16-120,39.666668,1.810203,0.669737,16299
2,13,12415,edgegpu,ImageNet16-120,46.566666,4.667692,0.669737,16299
2,13,4988,edgegpu,ImageNet16-120,28.933332,1.448212,0.669737,16299
2,13,8884,edgegpu,ImageNet16-120,45.033333,3.499999,0.669737,16299
2,13,6636,edgegpu,ImageNet16-120,40.544445,3.305931,0.669737,16299
2,13,1164,edgegpu,ImageNet16-120,28.522223,1.435223,0.669737,16299
2,13,7187,edgegpu,ImageNet16-120,28.683332,1.443858,0.669737,16299
2,13,14612,edgegpu,ImageNet16-120,28.488890,1.434064,0.669737,16299
2,14,13972,edgetpu,ImageNet16-120,31.933332,0.363440,0.693711,16015
2,14,15014,edgetpu,ImageNet16-120,28.266666,0.358110,0.693711,16015
2,14,13931,edgetpu,ImageNet16-120,28.788889,0.360349,0.693711,16015
2,14,4988,edgetpu,ImageNet16-120,28.933332,0.360694,0.693711,16015
2,14,5751,edgetpu,ImageNet16-120,40.044445,0.516992,0.693711,16015
2,14,10888,edgetpu,ImageNet16-120,28.333334,0.359044,0.693711,16015
2,14,11079,edgetpu,ImageNet16-120,43.566666,0.552430,0.693711,16015
2,14,8884,edgetpu,ImageNet16-120,45.033333,0.615792,0.693711,16015
2,14,4830,edgetpu,ImageNet16-120,42.233334,0.549457,0.693711,16015
2,14,13097,edgetpu,ImageNet16-120,39.655556,0.428424,0.693711,16015
2,14,11885,edgetpu,ImageNet16-120,39.166668,0.427395,0.693711,16015
2,14,10332,edgetpu,ImageNet16-120,40.033333,0.516152,0.693711,16015
2,14,8781,edgetpu,ImageNet16-120,32.366665,0.363484,0.693711,16015
2,14,13769,edgetpu,ImageNet16-120,41.555557,0.549360,0.693711,16015
2,14,10017,edgetpu,ImageNet16-120,40.566666,0.524950,0.693711,16015
2,14,8355,edgetpu,ImageNet16-120,39.666668,0.431866,0.693711,16015
2,14,7431,edgetpu,ImageNet16-120,32.577778,0.363954,0.693711,16015
2,14,14677,edgetpu,ImageNet16-120,33.233334,0.364575,0.693711,16015
2,14,12231,edgetpu,ImageNet16-120,40.200000,0.518358,0.693711,16015
2,14,12415,edgetpu,ImageNet16-120,46.566666,0.710906,0.693711,16015
2,14,3540,edgetpu,ImageNet16-120,45.122223,0.648670,0.693711,16015
2,14,857,edgetpu,ImageNet16-120,47.311110,0.997730,0.693711,16015
2,14,15363,edgetpu,ImageNet16-120,44.333332,0.582280,0.693711,16015
2,14,7750,edgetpu,ImageNet16-120,43.066666,0.551617,0.693711,16015
2,14,7273,edgetpu,ImageNet16-120,42.966667,0.550014,0.693711,16015
2,14,70,edgetpu,ImageNet16-120,39.377777,0.428228,0.693711,16015
2,14,9689,edgetpu,ImageNet16-120,42.533333,0.549702,0.693711,16015
2,14,10750,edgetpu,ImageNet16-120,44.600000,0.615553,0.693711,16015
2,14,15383,edgetpu,ImageNet16-120,47.033333,0.780914,0.693711,16015
2,14,6950,edgetpu,ImageNet16-120,38.700000,0.427379,0.693711,16015
2,15,6121,eyeriss,ImageNet16-120,28.433332,0.423040,0.472044,16498
2,15,6854,eyeriss,ImageNet16-120,40.800000,0.668800,0.472044,16498
2,15,14417,eyeriss,ImageNet16-120,45.900000,1.098880,0.472044,16498
2,15,8853,eyeriss,ImageNet16-120,45.600000,1.037440,0.472044,16498
2,15,1939,eyeriss,ImageNet16-120,45.077778,0.976000,0.472044,16498
2,15,8008,eyeriss,ImageNet16-120,43.500000,0.853120,0.472044,16498
2,15,2835,eyeriss,ImageNet16-120,38.222220,0.545920,0.472044,16498
2,15,6787,eyeriss,ImageNet16-120,44.400000,0.914560,0.472044,16498
2,15,15383,eyeriss,ImageNet16-120,47.033333,1.283200,0.472044,16498
2,15,4829,eyeriss,ImageNet16-120,34.200000,0.484480,0.472044,16498
2,15,857,eyeriss,ImageNet16-120,47.311110,1.651840,0.472044,16498
2,15,14146,eyeriss,ImageNet16-120,28.433332,0.423040,0.472044,16498
2,15,5487,eyeriss,ImageNet16-120,38.500000,0.607360,0.472044,16498
2,16,11079,fpga,ImageNet16-120,43.566666,0.902400,0.529945,16031
2,16,15446,fpga,ImageNet16-120,45.766666,1.116320,0.529945,16031
2,16,735,fpga,ImageNet16-120,38.544445,0.677920,0.529945,16031
2,16,8008,fpga,ImageNet16-120,43.500000,0.876800,0.529945,16031
2,16,857,fpga,ImageNet16-120,47.311110,2.038400,0.529945,16031
2,16,1939,fpga,ImageNet16-120,45.077778,1.062400,0.529945,16031
2,16,15383,fpga,ImageNet16-120,47.033333,1.504000,0.529945,16031
2,16,14748,fpga,ImageNet16-120,44.900000,0.995200,0.529945,16031
2,16,2835,fpga,ImageNet16-120,38.222220,0.546720,0.529945,16031
2,16,6787,fpga,ImageNet16-120,44.400000,0.969600,0.529945,16031
2,16,5793,fpga,ImageNet16-120,35.033333,0.517920,0.529945,16031
2,16,4988,fpga,ImageNet16-120,28.933332,0.284320,0.529945,16031
2,16,6854,fpga,ImageNet16-120,40.800000,0.809120,0.529945,16031
2,16,4179,fpga,ImageNet16-120,38.433334,0.649120,0.529945,16031
2,16,10017,fpga,ImageNet16-120,40.566666,0.784000,0.529945,16031
2,16,12452,fpga,ImageNet16-120,40.533333,0.780320,0.529945,16031
2,16,4829,fpga,ImageNet16-120,34.200000,0.415520,0.529945,16031
2,17,7685,pixel3,ImageNet16-120,37.611110,0.862589,0.745345,15924
2,17,14417,pixel3,ImageNet16-120,45.900000,4.143030,0.745345,15924
2,17,1425,pixel3,ImageNet16-120,45.977780,4.619290,0.745345,15924
2,17,4384,pixel3,ImageNet16-120,28.133333,0.421612,0.745345,15924
2,17,4587,pixel3,ImageNet16-120,28.800000,0.445767,0.745345,15924
2,17,4004,pixel3,ImageNet16-120,42.811110,2.467510,0.745345,15924
2,17,11079,pixel3,ImageNet16-120,43.566666,2.479610,0.745345,15924
2,17,2018,pixel3,ImageNet16-120,46.433334,4.949210,0.745345,15924
2,17,15446,pixel3,ImageNet16-120,45.766666,3.439380,0.745345,15924
2,17,3496,pixel3,ImageNet16-120,34.233334,0.670584,0.745345,15924
2,17,3728,pixel3,ImageNet16-120,28.500000,0.422880,0.745345,15924
2,17,4977,pixel3,ImageNet16-120,32.966667,0.617991,0.745345,15924
2,17,13756,pixel3,ImageNet16-120,0.833333,0.005289,0.745345,15924
2,17,11000,pixel3,ImageNet16-120,44.866665,2.962520,0.745345,15924
2,17,4988,pixel3,ImageNet16-120,28.933332,0.485996,0.745345,15924
2,17,4895,pixel3,ImageNet16-120,33.200000,0.619070,0.745345,15924
2,17,4409,pixel3,ImageNet16-120,37.722220,0.862979,0.745345,15924
2,17,8584,pixel3,ImageNet16-120,34.088890,0.664046,0.745345,15924
2,17,10382,pixel3,ImageNet16-120,37.733334,0.866875,0.745345,15924
2,17,7187,pixel3,ImageNet16-120,28.683332,0.425223,0.745345,15924
2,17,872,pixel3,ImageNet16-120,41.777780,2.465030,0.745345,15924
2,17,6014,pixel3,ImageNet16-120,28.533333,0.423391,0.745345,15924
2,17,12103,pixel3,ImageNet16-120,28.250000,0.422433,0.745345,15924
2,17,12424,pixel3,ImageNet16-120,43.133330,2.470150,0.745345,15924
2,17,1549,pixel3,ImageNet16-120,28.655556,0.424747,0.745345,15924
2,17,9032,pixel3,ImageNet16-120,38.016666,1.020960,0.745345,15924
2,17,1110,pixel3,ImageNet16-120,28.600000,0.423927,0.745345,15924
2,17,1860,pixel3,ImageNet16-120,28.433332,0.422587,0.745345,15924
2,17,12639,pixel3,ImageNet16-120,40.400000,1.304440,0.745345,15924
2,17,2899,pixel3,ImageNet16-120,43.911110,2.701210,0.745345,15924
2,17,15383,pixel3,ImageNet16-120,47.033333,5.191720,0.745345,15924
2,17,857,pixel3,ImageNet16-120,47.311110,6.686850,0.745345,15924
2,17,10154,pixel3,ImageNet16-120,46.133335,4.783700,0.745345,15924
2,17,6294,pixel3,ImageNet16-120,38.011112,0.869124,0.745345,15924
2,17,12516,pixel3,ImageNet16-120,32.083332,0.617816,0.745345,15924
2,17,8768,pixel3,ImageNet16-120,45.066666,3.254590,0.745345,15924
2,17,735,pixel3,ImageNet16-120,38.544445,1.107950,0.745345,15924
2,17,6854,pixel3,ImageNet16-120,40.800000,1.621620,0.745345,15924
2,17,9496,pixel3,ImageNet16-120,38.200000,1.024960,0.745345,15924
2,17,898,pixel3,ImageNet16-120,42.466667,2.467210,0.745345,15924
2,18,8884,raspi4,ImageNet16-120,45.033333,5.293177,0.828983,16143
2,18,857,raspi4,ImageNet16-120,47.311110,9.020064,0.828983,16143
2,18,12424,raspi4,ImageNet16-120,43.133330,3.805729,0.828983,16143
2,18,2018,raspi4,ImageNet16-120,46.433334,7.482383,0.828983,16143
2,18,1413,raspi4,ImageNet16-120,42.711113,3.788479,0.828983,16143
2,18,2650,raspi4,ImageNet16-120,42.433334,3.788408,0.828983,16143
2,18,4689,raspi4,ImageNet16-120,37.455555,2.198343,0.828983,16143
2,18,933,raspi4,ImageNet16-120,0.833333,0.011514,0.828983,16143
2,18,3782,raspi4,ImageNet16-120,41.866665,3.755286,0.828983,16143
2,18,9032,raspi4,ImageNet16-120,38.016666,2.201532,0.828983,16143
2,18,15107,raspi4,ImageNet16-120,39.800000,3.083329,0.828983,16143
2,18,8355,raspi4,ImageNet16-120,39.666668,3.083286,0.828983,16143
2,18,6336,raspi4,ImageNet16-120,39.366665,3.073392,0.828983,16143
2,18,13931,raspi4,ImageNet16-120,28.788889,0.956195,0.828983,16143
2,18,4988,raspi4,ImageNet16-120,28.933332,1.003251,0.828983,16143
2,18,6854,raspi4,ImageNet16-120,40.800000,3.661016,0.828983,16143
2,18,2779,raspi4,ImageNet16-120,37.355556,2.190654,0.828983,16143
2,18,5202,raspi4,ImageNet16-120,42.411110,3.783078,0.828983,16143
2,18,1939,raspi4,ImageNet16-120,45.077778,5.341908,0.828983,16143
2,18,15383,raspi4,ImageNet16-120,47.033333,8.565354,0.828983,16143
2,18,15363,raspi4,ImageNet16-120,44.333332,4.480516,0.828983,16143
2,18,4995,raspi4,ImageNet16-120,42.166668,3.766336,0.828983,16143
2,18,7227,raspi4,ImageNet16-120,32.533333,1.530737,0.828983,16143
2,18,5973,raspi4,ImageNet16-120,40.100000,3.159922,0.828983,16143
2,18,13059,raspi4,ImageNet16-120,34.266666,1.595651,0.828983,16143
2,18,12505,raspi4,ImageNet16-120,39.283333,3.062432,0.828983,16143
2,18,4627,raspi4,ImageNet16-120,43.500000,3.811407,0.828983,16143
2,18,8426,raspi4,ImageNet16-120,44.633335,5.288439,0.828983,16143
2,18,735,raspi4,ImageNet16-120,38.544445,2.911079,0.828983,16143
2,18,13644,raspi4,ImageNet16-120,45.333332,6.780282,0.828983,16143
2,18,13771,raspi4,ImageNet16-120,32.744446,1.533813,0.828983,16143
2,18,6787,raspi4,ImageNet16-120,44.400000,4.532777,0.828983,16143
2,18,11946,raspi4,ImageNet16-120,28.200000,0.940293,0.828983,16143
2,18,9496,raspi4,ImageNet16-120,38.200000,2.204048,0.828983,16143
2,18,5455,raspi4,ImageNet16-120,32.611110,1.532377,0.828983,16143
2,18,10835,raspi4,ImageNet16-120,45.233334,6.632419,0.828983,16143
2,18,380,raspi4,ImageNet16-120,38.900000,3.038936,0.828983,16143
2,18,3431,raspi4,ImageNet16-120,32.966667,1.536690,0.828983,16143
2,18,3650,raspi4,ImageNet16-120,43.866665,4.475790,0.828983,16143
2,18,10017,raspi4,ImageNet16-120,40.566666,3.181383,0.828983,16143
2,18,41,raspi4,ImageNet16-120,32.388890,1.528043,0.828983,16143
2,18,14697,raspi4,ImageNet16-120,33.900000,1.580382,0.828983,16143
2,18,8584,raspi4,ImageNet16-120,34.088890,1.586268,0.828983,16143
2,18,7187,raspi4,ImageNet16-120,28.683332,0.952790,0.828983,16143
2,18,3687,raspi4,ImageNet16-120,34.066666,1.583497,0.828983,16143
2,18,10472,raspi4,ImageNet16-120,39.633335,3.079679,0.828983,16143
2,18,14417,raspi4,ImageNet16-120,45.900000,6.948865,0.828983,16143
3,1,13401,edgegpu,cifar10,87.010000,1.457009,0.621032,16267
3,1,14407,edgegpu,cifar10,86.770000,1.440282,0.621032,16267
3,1,10484,edgegpu,cifar10,93.810000,3.354015,0.621032,16267
3,1,9099,edgegpu,cifar10,93.940000,3.357520,0.621032,16267
3,1,5780,edgegpu,cifar10,93.980000,3.361888,0.621032,16267
3,1,5400,edgegpu,cifar10,86.630000,1.427460,0.621032,16267
3,1,11692,edgegpu,cifar10,94.130000,4.708362,0.621032,16267
3,1,1549,edgegpu,cifar10,86.710000,1.436324,0.621032,16267
3,1,6499,edgegpu,cifar10,93.645000,3.331041,0.621032,16267
3,1,11438,edgegpu,cifar10,92.500000,1.846719,0.621032,16267
3,1,6960,edgegpu,cifar10,92.280000,1.764450,0.621032,16267
3,1,2776,edgegpu,cifar10,93.666664,3.331194,0.621032,16267
3,1,13714,edgegpu,cifar10,94.373340,6.772180,0.621032,16267
3,1,2053,edgegpu,cifar10,94.206665,5.482254,0.621032,16267
3,1,1459,edgegpu,cifar10,94.296670,6.748991,0.621032,16267
3,1,6330,edgegpu,cifar10,94.006670,4.384699,0.621032,16267
3,1,561,edgegpu,cifar10,86.880000,1.451068,0.621032,16267
3,1,4006,edgegpu,cifar10,91.986664,1.754365,0.621032,16267
3,1,5292,edgegpu,cifar10,94.293335,6.663151,0.621032,16267
3,1,14527,edgegpu,cifar10,86.765000,1.439619,0.621032,16267
3,1,15200,edgegpu,cifar10,10.000000,0.501385,0.621032,16267
3,1,11810,edgegpu,cifar10,92.780000,1.992798,0.621032,16267
3,2,11810,edgetpu,cifar10,92.780000,0.482879,0.620456,16466
3,2,1005,edgetpu,cifar10,89.183334,0.392518,0.620456,16466
3,2,5780,edgetpu,cifar10,93.980000,0.723967,0.620456,16466
3,2,9689,edgetpu,cifar10,93.370000,0.628386,0.620456,16466
3,2,9950,edgetpu,cifar10,93.840000,0.723767,0.620456,16466
3,2,797,edgetpu,cifar10,93.280000,0.627996,0.620456,16466
3,2,11692,edgetpu,cifar10,94.130000,0.761100,0.620456,16466
3,2,3731,edgetpu,cifar10,94.343330,1.282820,0.620456,16466
3,2,13714,edgetpu,cifar10,94.373340,1.377865,0.620456,16466
3,2,2053,edgetpu,cifar10,94.206665,1.042178,0.620456,16466
3,2,7017,edgetpu,cifar10,86.970000,0.353089,0.620456,16466
3,2,6382,edgetpu,cifar10,93.376660,0.628638,0.620456,16466
3,2,4675,edgetpu,cifar10,89.200000,0.395661,0.620456,16466
3,2,5111,edgetpu,cifar10,94.306660,1.152010,0.620456,16466
3,2,9344,edgetpu,cifar10,89.010000,0.391062,0.620456,16466
3,2,8008,edgetpu,cifar10,93.480000,0.629746,0.620456,16466
3,2,3955,edgetpu,cifar10,88.863335,0.389665,0.620456,16466
3,2,11112,edgetpu,cifar10,92.110000,0.480732,0.620456,16466
3,2,1595,edgetpu,cifar10,88.963330,0.389815,0.620456,16466
3,2,2485,edgetpu,cifar10,86.700000,0.346546,0.620456,16466
3,2,6515,edgetpu,cifar10,93.616670,0.722858,0.620456,16466
3,2,13611,edgetpu,cifar10,92.490000,0.481826,0.620456,16466
3,2,3927,edgetpu,cifar10,93.626660,0.723268,0.620456,16466
3,2,11438,edgetpu,cifar10,92.500000,0.482393,0.620456,16466
3,2,8192,edgetpu,cifar10,93.093330,0.627745,0.620456,16466
3,2,5224,edgetpu,cifar10,88.980000,0.389900,0.620456,16466
3,2,9380,edgetpu,cifar10,89.335000,0.395662,0.620456,16466
3,2,13001,edgetpu,cifar10,88.760000,0.389467,0.620456,16466
3,3,8008,eyeriss,cifar10,93.480000,3.399860,0.484472,16416
3,3,8592,eyeriss,cifar10,93.750000,3.891380,0.484472,16416
3,3,13714,eyeriss,cifar10,94.373340,7.823540,0.484472,16416
3,3,5111,eyeriss,cifar10,94.306660,5.365940,0.484472,16416
3,3,4384,eyeriss,cifar10,86.796670,1.679540,0.484472,16416
3,3,3731,eyeriss,cifar10,94.343330,6.594740,0.484472,16416
3,3,13987,eyeriss,cifar10,93.596664,3.645620,0.484472,16416
3,3,13611,eyeriss,cifar10,92.490000,3.154100,0.484472,16416
3,3,6854,eyeriss,cifar10,91.040000,2.662580,0.484472,16416
3,3,11692,eyeriss,cifar10,94.130000,4.874420,0.484472,16416
3,3,6111,eyeriss,cifar10,94.373340,7.823540,0.484472,16416
3,3,8323,eyeriss,cifar10,90.870000,2.171060,0.484472,16416
3,3,11472,eyeriss,cifar10,93.970000,4.628660,0.484472,16416
3,3,14112,eyeriss,cifar10,91.296670,2.908340,0.484472,16416
3,3,12438,eyeriss,cifar10,89.875000,1.925300,0.484472,16416
3,4,4384,fpga,cifar10,86.796670,1.132960,0.499815,16230
3,4,13611,fpga,cifar10,92.490000,2.390560,0.499815,16230
3,4,13714,fpga,cifar10,94.373340,6.678560,0.499815,16230
3,4,12438,fpga,cifar10,89.875000,1.648160,0.499815,16230
3,4,11472,fpga,cifar10,93.970000,3.648160,0.499815,16230
3,4,5111,fpga,cifar10,94.306660,5.193760,0.499815,16230
3,4,11692,fpga,cifar10,94.130000,4.163360,0.499815,16230
3,4,6111,fpga,cifar10,94.373340,6.678560,0.499815,16230
3,4,8008,fpga,cifar10,93.480000,2.905760,0.499815,16230
3,4,3731,fpga,cifar10,94.343330,5.936160,0.499815,16230
3,4,15295,fpga,cifar10,90.050000,2.057760,0.499815,16230
3,4,8720,fpga,cifar10,89.875000,1.648160,0.499815,16230
3,4,10412,fpga,cifar10,93.530000,3.420960,0.499815,16230
3,4,8323,fpga,cifar10,90.870000,2.163360,0.499815,16230
3,5,6111,pixel3,cifar10,94.373340,23.584800,0.749415,16118
3,5,1497,pixel3,cifar10,86.556660,1.056630,0.749415,16118
3,5,4627,pixel3,cifar10,93.270000,7.036050,0.749415,16118
3,5,9230,pixel3,cifar10,86.580000,1.056760,0.749415,16118
3,5,3731,pixel3,cifar10,94.343330,23.361300,0.749415,16118
3,5,6470,pixel3,cifar10,92.000000,5.826540,0.749415,16118
3,5,6382,pixel3,cifar10,93.376660,7.048190,0.749415,16118
3,5,6330,pixel3,cifar10,94.006670,11.512400,0.749415,16118
3,5,5111,pixel3,cifar10,94.306660,17.584600,0.749415,16118
3,5,8695,pixel3,cifar10,94.220000,17.564500,0.749415,16118
3,5,6918,pixel3,cifar10,87.000000,1.478790,0.749415,16118
3,5,4398,pixel3,cifar10,92.073330,5.828150,0.749415,16118
3,5,7017,pixel3,cifar10,86.970000,1.403930,0.749415,16118
3,5,8323,pixel3,cifar10,90.870000,3.106420,0.749415,16118
3,5,13171,pixel3,cifar10,93.530000,7.717220,0.749415,16118
3,5,1943,pixel3,cifar10,93.116670,6.492030,0.749415,16118
3,5,11692,pixel3,cifar10,94.130000,15.490100,0.749415,16118
3,5,69,pixel3,cifar10,93.706665,10.811600,0.749415,16118
3,5,7001,pixel3,cifar10,10.000000,0.003277,0.749415,16118
3,5,4554,pixel3,cifar10,86.670000,1.114880,0.749415,16118
3,5,78,pixel3,cifar10,91.933334,5.807870,0.749415,16118
3,5,1549,pixel3,cifar10,86.710000,1.332030,0.749415,16118
3,5,12970,pixel3,cifar10,90.970000,4.723840,0.749415,16118
3,5,4731,pixel3,cifar10,90.360000,2.573470,0.749415,16118
3,5,5149,pixel3,cifar10,92.090000,5.987440,0.749415,16118
3,5,13987,pixel3,cifar10,93.596664,9.922680,0.749415,16118
3,5,1941,pixel3,cifar10,93.533330,9.128690,0.749415,16118
3,5,1781,pixel3,cifar10,89.883330,1.712020,0.749415,16118
3,5,4689,pixel3,cifar10,90.720000,3.106280,0.749415,16118
3,5,4432,pixel3,cifar10,90.700000,2.826310,0.749415,16118
3,5,8708,pixel3,cifar10,94.080000,12.839000,0.749415,16118
3,5,1804,pixel3,cifar10,89.063330,1.579900,0.749415,16118
3,5,12452,pixel3,cifar10,91.350000,5.590110,0.749415,16118
3,5,2035,pixel3,cifar10,89.670000,1.706480,0.749415,16118
3,5,11972,pixel3,cifar10,91.510000,5.627010,0.749415,16118
3,6,7407,raspi4,cifar10,93.510000,24.855400,0.803519,16029
3,6,1804,raspi4,cifar10,89.063330,4.791845,0.803519,16029
3,6,14565,raspi4,cifar10,88.880000,4.781183,0.803519,16029
3,6,14677,raspi4,cifar10,88.670000,4.755260,0.803519,16029
3,6,13846,raspi4,cifar10,90.720000,7.176163,0.803519,16029
3,6,4112,raspi4,cifar10,89.710000,5.004419,0.803519,16029
3,6,4210,raspi4,cifar10,89.030000,4.782748,0.803519,16029
3,6,6111,raspi4,cifar10,94.373340,68.404106,0.803519,16029
3,6,8426,raspi4,cifar10,93.840000,31.394428,0.803519,16029
3,6,7017,raspi4,cifar10,86.970000,2.544041,0.803519,16029
3,6,3731,raspi4,cifar10,94.343330,58.070793,0.803519,16029
3,6,10412,raspi4,cifar10,93.530000,25.079220,0.803519,16029
3,6,5780,raspi4,cifar10,93.980000,34.928463,0.803519,16029
3,6,5111,raspi4,cifar10,94.306660,41.756905,0.803519,16029
3,6,1690,raspi4,cifar10,86.646670,2.536549,0.803519,16029
3,6,9380,raspi4,cifar10,89.335000,4.875613,0.803519,16029
3,6,8323,raspi4,cifar10,90.870000,7.426308,0.803519,16029
3,6,11810,raspi4,cifar10,92.780000,18.619905,0.803519,16029
3,6,13611,raspi4,cifar10,92.490000,18.523302,0.803519,16029
3,6,12639,raspi4,cifar10,90.990000,11.857850,0.803519,16029
3,6,12504,raspi4,cifar10,92.130000,16.890614,0.803519,16029
3,6,6382,raspi4,cifar10,93.376660,21.461164,0.803519,16029
3,6,6953,raspi4,cifar10,91.990000,15.601654,0.803519,16029
3,6,1941,raspi4,cifar10,93.533330,25.121769,0.803519,16029
3,6,11692,raspi4,cifar10,94.130000,37.583630,0.803519,16029
3,6,6960,raspi4,cifar10,92.280000,17.162752,0.803519,16029
3,6,9271,raspi4,cifar10,89.250000,4.830311,0.803519,16029
3,6,8008,raspi4,cifar10,93.480000,22.571420,0.803519,16029
3,6,9980,raspi4,cifar10,10.000000,0.011284,0.803519,16029
3,6,4659,raspi4,cifar10,93.396670,22.249382,0.803519,16029
3,6,6918,raspi4,cifar10,87.000000,2.787590,0.803519,16029
3,6,8592,raspi4,cifar10,93.750000,25.477009,0.803519,16029
3,6,7058,raspi4,cifar10,92.040000,16.469465,0.803519,16029
3,6,7207,raspi4,cifar10,89.803340,5.099723,0.803519,16029
3,6,2058,raspi4,cifar10,93.270000,19.484835,0.803519,16029
3,6,2035,raspi4,cifar10,89.670000,4.984099,0.803519,16029
3,6,1781,raspi4,cifar10,89.883330,5.961801,0.803519,16029
3,7,1509,edgegpu,cifar100,1.000000,0.505853,0.582989,16299
3,7,4954,edgegpu,cifar100,73.000000,6.669736,0.582989,16299
3,7,9930,edgegpu,cifar100,73.513336,6.803060,0.582989,16299
3,7,9922,edgegpu,cifar100,58.560000,1.428552,0.582989,16299
3,7,8912,edgegpu,cifar100,59.200000,1.441355,0.582989,16299
3,7,2778,edgegpu,cifar100,72.993330,6.134028,0.582989,16299
3,7,4418,edgegpu,cifar100,72.746666,5.352364,0.582989,16299
3,7,8401,edgegpu,cifar100,71.080000,3.302102,0.582989,16299
3,7,12415,edgegpu,cifar100,71.940000,4.828467,0.582989,16299
3,7,11885,edgegpu,cifar100,68.040000,1.776652,0.582989,16299
3,7,2304,edgegpu,cifar100,58.660000,1.440253,0.582989,16299
3,7,11810,edgegpu,cifar100,68.300000,1.779551,0.582989,16299
3,7,9997,edgegpu,cifar100,71.520000,3.466139,0.582989,16299
3,7,1038,edgegpu,cifar100,67.500000,1.758428,0.582989,16299
3,7,3888,edgegpu,cifar100,73.260000,6.797867,0.582989,16299
3,7,1425,edgegpu,cifar100,72.093330,5.310225,0.582989,16299
3,7,11067,edgegpu,cifar100,58.186670,1.427836,0.582989,16299
3,8,5019,edgetpu,cifar100,58.880000,0.357058,0.629436,16059
3,8,1425,edgetpu,cifar100,72.093330,0.910660,0.629436,16059
3,8,12415,edgetpu,cifar100,71.940000,0.872299,0.629436,16059
3,8,9930,edgetpu,cifar100,73.513336,1.454107,0.629436,16059
3,8,777,edgetpu,cifar100,58.650000,0.355588,0.629436,16059
3,8,8401,edgetpu,cifar100,71.080000,0.728572,0.629436,16059
3,8,3888,edgetpu,cifar100,73.260000,1.316226,0.629436,16059
3,8,4418,edgetpu,cifar100,72.746666,1.093699,0.629436,16059
3,8,577,edgetpu,cifar100,69.680000,0.635228,0.629436,16059
3,8,9997,edgetpu,cifar100,71.520000,0.729986,0.629436,16059
3,8,2705,edgetpu,cifar100,62.813330,0.393026,0.629436,16059
3,8,14945,edgetpu,cifar100,58.500000,0.354940,0.629436,16059
3,8,8032,edgetpu,cifar100,67.600000,0.487441,0.629436,16059
3,8,1110,edgetpu,cifar100,58.840000,0.355938,0.629436,16059
3,8,10443,edgetpu,cifar100,68.300000,0.489020,0.629436,16059
3,8,9271,edgetpu,cifar100,63.400000,0.393151,0.629436,16059
3,8,10000,edgetpu,cifar100,73.160000,1.283461,0.629436,16059
3,8,15363,edgetpu,cifar100,70.520000,0.676394,0.629436,16059
3,8,12761,edgetpu,cifar100,72.860000,1.225212,0.629436,16059
3,8,11112,edgetpu,cifar100,66.893330,0.486713,0.629436,16059
3,8,10596,edgetpu,cifar100,67.633330,0.488672,0.629436,16059
3,8,6382,edgetpu,cifar100,69.533330,0.634724,0.629436,16059
3,8,12574,edgetpu,cifar100,72.740000,0.932430,0.629436,16059
3,8,4155,edgetpu,cifar100,62.306667,0.391442,0.629436,16059
3,8,11533,edgetpu,cifar100,69.760000,0.635877,0.629436,16059
3,8,3811,edgetpu,cifar100,69.360000,0.634206,0.629436,16059
3,8,1383,edgetpu,cifar100,70.273330,0.673722,0.629436,16059
3,8,11219,edgetpu,cifar100,67.200000,0.486929,0.629436,16059
3,8,69,edgetpu,cifar100,71.020000,0.727259,0.629436,16059
3,8,857,edgetpu,cifar100,72.880000,1.264168,0.629436,16059
3,8,4659,edgetpu,cifar100,70.060000,0.636433,0.629436,16059
3,8,1943,edgetpu,cifar100,69.626660,0.634759,0.629436,16059
3,9,12574,eyeriss,cifar100,72.740000,5.123200,0.478682,16596
3,9,12761,eyeriss,cifar100,72.860000,6.352000,0.478682,16596
3,9,5084,eyeriss,cifar100,58.813330,1.682560,0.478682,16596
3,9,3540,eyeriss,cifar100,71.500000,4.877440,0.478682,16596
3,9,9930,eyeriss,cifar100,73.513336,9.055360,0.478682,16596
3,9,3888,eyeriss,cifar100,73.260000,6.597760,0.478682,16596
3,9,12820,eyeriss,cifar100,67.720000,2.419840,0.478682,16596
3,9,14112,eyeriss,cifar100,68.386665,2.911360,0.478682,16596
3,9,4659,eyeriss,cifar100,70.060000,3.402880,0.478682,16596
3,9,6787,eyeriss,cifar100,70.720000,3.648640,0.478682,16596
3,9,10689,eyeriss,cifar100,67.500000,2.174080,0.478682,16596
3,9,14714,eyeriss,cifar100,71.280000,4.140160,0.478682,16596
3,9,3687,eyeriss,cifar100,64.460000,1.928320,0.478682,16596
3,9,6925,eyeriss,cifar100,71.220000,3.894400,0.478682,16596
3,9,11301,eyeriss,cifar100,68.220000,2.665600,0.478682,16596
3,10,4249,fpga,cifar100,65.080000,2.057760,0.529289,16142
3,10,15033,fpga,cifar100,67.793335,2.390560,0.529289,16142
3,10,9930,fpga,cifar100,73.513336,7.420960,0.529289,16142
3,10,12761,fpga,cifar100,72.860000,5.420960,0.529289,16142
3,10,6830,fpga,cifar100,71.460000,4.057760,0.529289,16142
3,10,3540,fpga,cifar100,71.500000,4.163360,0.529289,16142
3,10,3888,fpga,cifar100,73.260000,5.936160,0.529289,16142
3,10,3385,fpga,cifar100,72.380000,5.193760,0.529289,16142
3,10,11973,fpga,cifar100,70.340000,2.905760,0.529289,16142
3,10,12295,fpga,cifar100,71.160000,3.648160,0.529289,16142
3,10,5084,fpga,cifar100,58.813330,1.132960,0.529289,16142
3,10,5651,fpga,cifar100,64.690000,1.648160,0.529289,16142
3,10,10689,fpga,cifar100,67.500000,2.163360,0.529289,16142
3,10,699,fpga,cifar100,72.240000,4.678560,0.529289,16142
3,10,15363,fpga,cifar100,70.520000,3.420960,0.529289,16142
3,11,11635,pixel3,cifar100,64.640000,2.823120,0.730457,15982
3,11,5019,pixel3,cifar100,58.880000,1.483640,0.730457,15982
3,11,857,pixel3,cifar100,72.880000,19.113200,0.730457,15982
3,11,9930,pixel3,cifar100,73.513336,42.003600,0.730457,15982
3,11,1599,pixel3,cifar100,64.633330,2.819200,0.730457,15982
3,11,1459,pixel3,cifar100,73.140000,23.437900,0.730457,15982
3,11,906,pixel3,cifar100,62.393333,1.661810,0.730457,15982
3,11,699,pixel3,cifar100,72.240000,12.079400,0.730457,15982
3,11,4432,pixel3,cifar100,66.486664,3.105870,0.730457,15982
3,11,6337,pixel3,cifar100,1.000000,0.008753,0.730457,15982
3,11,777,pixel3,cifar100,58.650000,1.087020,0.730457,15982
3,11,15589,pixel3,cifar100,59.060000,1.483890,0.730457,15982
3,11,3983,pixel3,cifar100,64.293335,2.372440,0.730457,15982
3,11,978,pixel3,cifar100,64.180000,2.372340,0.730457,15982
3,11,2649,pixel3,cifar100,64.446660,2.496890,0.730457,15982
3,11,45,pixel3,cifar100,64.153336,2.368020,0.730457,15982
3,11,1781,pixel3,cifar100,64.326670,2.386170,0.730457,15982
3,11,11301,pixel3,cifar100,68.220000,5.352090,0.730457,15982
3,11,14112,pixel3,cifar100,68.386665,5.745320,0.730457,15982
3,11,858,pixel3,cifar100,64.133330,2.003500,0.730457,15982
3,11,10689,pixel3,cifar100,67.500000,3.109220,0.730457,15982
3,11,3888,pixel3,cifar100,73.260000,23.477200,0.730457,15982
3,11,1409,pixel3,cifar100,58.853333,1.275090,0.730457,15982
3,11,15363,pixel3,cifar100,70.520000,9.708640,0.730457,15982
3,11,6925,pixel3,cifar100,71.220000,10.688000,0.730457,15982
3,11,9649,pixel3,cifar100,64.540000,2.536210,0.730457,15982
3,11,11000,pixel3,cifar100,71.180000,10.677600,0.730457,15982
3,11,1626,pixel3,cifar100,68.766670,7.726470,0.730457,15982
3,11,572,pixel3,cifar100,70.313330,8.017480,0.730457,15982
3,11,12574,pixel3,cifar100,72.740000,16.473900,0.730457,15982
3,11,15539,pixel3,cifar100,67.673330,4.995770,0.730457,15982
3,11,1593,pixel3,cifar100,62.126667,1.582050,0.730457,15982
3,12,898,raspi4,cifar100,70.000000,21.506163,0.756428,15970
3,12,12857,raspi4,cifar100,66.660000,7.215488,0.756428,15970
3,12,375,raspi4,cifar100,64.440000,5.099302,0.756428,15970
3,12,6925,raspi4,cifar100,71.220000,24.195030,0.756428,15970
3,12,7031,raspi4,cifar100,69.526665,19.879576,0.756428,15970
3,12,3487,raspi4,cifar100,70.093330,21.603350,0.756428,15970
3,12,1572,raspi4,cifar100,69.900000,19.916142,0.756428,15970
3,12,12761,raspi4,cifar100,72.860000,53.718200,0.756428,15970
3,12,3888,raspi4,cifar100,73.260000,55.029520,0.756428,15970
3,12,12915,raspi4,cifar100,66.950000,7.226311,0.756428,15970
3,12,8912,raspi4,cifar100,59.200000,2.818969,0.756428,15970
3,12,15363,raspi4,cifar100,70.520000,21.809430,0.756428,15970
3,12,6918,raspi4,cifar100,58.800000,2.571364,0.756428,15970
3,12,6787,raspi4,cifar100,70.720000,23.081835,0.756428,15970
3,12,10222,raspi4,cifar100,58.860000,2.747804,0.756428,15970
3,12,10042,raspi4,cifar100,64.880000,5.100886,0.756428,15970
3,12,9997,raspi4,cifar100,71.520000,34.996710,0.756428,15970
3,12,7891,raspi4,cifar100,67.550000,12.536592,0.756428,15970
3,12,12607,raspi4,cifar100,62.600000,4.779045,0.756428,15970
3,12,3307,raspi4,cifar100,62.620000,4.846187,0.756428,15970
3,12,14112,raspi4,cifar100,68.386665,14.423308,0.756428,15970
3,12,10689,raspi4,cifar100,67.500000,7.381845,0.756428,15970
3,12,4418,raspi4,cifar100,72.746666,47.162354,0.756428,15970
3,12,1459,raspi4,cifar100,73.140000,53.879950,0.756428,15970
3,12,15137,raspi4,cifar100,63.160000,4.941014,0.756428,15970
3,12,9930,raspi4,cifar100,73.513336,71.152000,0.756428,15970
3,12,2222,raspi4,cifar100,58.313330,2.538255,0.756428,15970
3,12,14612,raspi4,cifar100,58.720000,2.563505,0.756428,15970
3,12,15589,raspi4,cifar100,59.060000,2.795078,0.756428,15970
3,12,8740,raspi4,cifar100,1.000000,0.015215,0.756428,15970
3,12,14792,raspi4,cifar100,69.500000,19.111843,0.756428,15970
3,12,6822,raspi4,cifar100,58.426666,2.558594,0.756428,15970
3,12,12574,raspi4,cifar100,72.740000,36.371254,0.756428,15970
3,12,8323,raspi4,cifar100,67.080000,7.271148,0.756428,15970
3,12,2035,raspi4,cifar100,63.926666,5.005698,0.756428,15970
3,12,14714,raspi4,cifar100,71.280000,24.692347,0.756428,15970
3,12,4195,raspi4,cifar100,62.700000,4.877588,0.756428,15970
3,12,3408,raspi4,cifar100,63.993332,5.081906,0.756428,15970
3,13,9672,edgegpu,ImageNet16-120,39.388890,1.758208,0.647558,16298
3,13,15376,edgegpu,ImageNet16-120,0.833333,0.533953,0.647558,16298
3,13,9722,edgegpu,ImageNet16-120,44.000000,3.327813,0.647558,16298
3,13,8426,edgegpu,ImageNet16-120,44.633335,3.370147,0.647558,16298
3,13,15383,edgegpu,ImageNet16-120,47.033333,6.262836,0.647558,16298
3,13,4587,edgegpu,ImageNet16-120,28.800000,1.445131,0.647558,16298
3,13,15288,edgegpu,ImageNet16-120,28.422222,1.417041,0.647558,16298
3,13,14117,edgegpu,ImageNet16-120,28.677778,1.435547,0.647558,16298
3,13,2650,edgegpu,ImageNet16-120,42.433334,3.309817,0.647558,16298
3,13,4988,edgegpu,ImageNet16-120,28.933332,1.448212,0.647558,16298
3,13,857,edgegpu,ImageNet16-120,47.311110,6.707663,0.647558,16298
3,13,8401,edgegpu,ImageNet16-120,43.833332,3.322444,0.647558,16298
3,13,10699,edgegpu,ImageNet16-120,46.833332,6.223283,0.647558,16298
3,13,5374,edgegpu,ImageNet16-120,46.766666,5.294285,0.647558,16298
3,13,12505,edgegpu,ImageNet16-120,39.283333,1.750417,0.647558,16298
3,13,6950,edgegpu,ImageNet16-120,38.700000,1.740150,0.647558,16298
3,13,11438,edgegpu,ImageNet16-120,39.733334,1.903386,0.647558,16298
3,13,7187,edgegpu,ImageNet16-120,28.683332,1.443858,0.647558,16298
3,13,15159,edgegpu,ImageNet16-120,45.566666,4.632421,0.647558,16298
3,13,7760,edgegpu,ImageNet16-120,39.100000,1.743751,0.647558,16298
3,13,8801,edgegpu,ImageNet16-120,39.166668,1.746321,0.647558,16298
3,13,8236,edgegpu,ImageNet16-120,39.233334,1.749978,0.647558,16298
3,13,1164,edgegpu,ImageNet16-120,28.522223,1.435223,0.647558,16298
3,13,8355,edgegpu,ImageNet16-120,39.666668,1.810203,0.647558,16298
3,13,12760,edgegpu,ImageNet16-120,40.833332,3.308015,0.647558,16298
3,13,14027,edgegpu,ImageNet16-120,40.266666,3.306937,0.647558,16298
3,13,4946,edgegpu,ImageNet16-120,44.700000,3.490419,0.647558,16298
3,13,12415,edgegpu,ImageNet16-120,46.566666,4.667692,0.647558,16298
3,13,14612,edgegpu,ImageNet16-120,28.488890,1.434064,0.647558,16298
3,13,5751,edgegpu,ImageNet16-120,40.044445,2.434626,0.647558,16298
3,13,11217,edgegpu,ImageNet16-120,43.466667,3.316708,0.647558,16298
3,13,8884,edgegpu,ImageNet16-120,45.033333,3.499999,0.647558,16298
3,13,14840,edgegpu,ImageNet16-120,45.311110,4.224715,0.647558,16298
3,13,5674,edgegpu,ImageNet16-120,39.650000,1.763358,0.647558,16298
3,14,13931,edgetpu,ImageNet16-120,28.788889,0.360349,0.630567,15885
3,14,4627,edgetpu,ImageNet16-120,43.500000,0.552306,0.630567,15885
3,14,15014,edgetpu,ImageNet16-120,28.266666,0.358110,0.630567,15885
3,14,1172,edgetpu,ImageNet16-120,39.933334,0.515935,0.630567,15885
3,14,11282,edgetpu,ImageNet16-120,39.633335,0.428409,0.630567,15885
3,14,10332,edgetpu,ImageNet16-120,40.033333,0.516152,0.630567,15885
3,14,6407,edgetpu,ImageNet16-120,32.333332,0.363748,0.630567,15885
3,14,4830,edgetpu,ImageNet16-120,42.233334,0.549457,0.630567,15885
3,14,6858,edgetpu,ImageNet16-120,40.333332,0.541300,0.630567,15885
3,14,12415,edgetpu,ImageNet16-120,46.566666,0.710906,0.630567,15885
3,14,4988,edgetpu,ImageNet16-120,28.933332,0.360694,0.630567,15885
3,14,10750,edgetpu,ImageNet16-120,44.600000,0.615553,0.630567,15885
3,14,7750,edgetpu,ImageNet16-120,43.066666,0.551617,0.630567,15885
3,14,5674,edgetpu,ImageNet16-120,39.650000,0.428605,0.630567,15885
3,14,3540,edgetpu,ImageNet16-120,45.122223,0.648670,0.630567,15885
3,14,5751,edgetpu,ImageNet16-120,40.044445,0.516992,0.630567,15885
3,14,857,edgetpu,ImageNet16-120,47.311110,0.997730,0.630567,15885
3,14,13769,edgetpu,ImageNet16-120,41.555557,0.549360,0.630567,15885
3,14,7273,edgetpu,ImageNet16-120,42.966667,0.550014,0.630567,15885
3,14,15383,edgetpu,ImageNet16-120,47.033333,0.780914,0.630567,15885
3,14,15363,edgetpu,ImageNet16-120,44.333332,0.582280,0.630567,15885
3,14,11079,edgetpu,ImageNet16-120,43.566666,0.552430,0.630567,15885
3,14,70,edgetpu,ImageNet16-120,39.377777,0.428228,0.630567,15885
3,14,11885,edgetpu,ImageNet16-120,39.166668,0.427395,0.630567,15885
3,14,14677,edgetpu,ImageNet16-120,33.233334,0.364575,0.630567,15885
3,14,5530,edgetpu,ImageNet16-120,42.577778,0.549937,0.630567,15885
3,14,7837,edgetpu,ImageNet16-120,32.111110,0.363571,0.630567,15885
3,14,8884,edgetpu,ImageNet16-120,45.033333,0.615792,0.630567,15885
3,14,13284,edgetpu,ImageNet16-120,40.177776,0.534381,0.630567,15885
3,14,6950,edgetpu,ImageNet16-120,38.700000,0.427379,0.630567,15885
3,14,4160,edgetpu,ImageNet16-120,39.833332,0.430355,0.630567,15885
3,15,6854,eyeriss,ImageNet16-120,40.800000,0.668800,0.468908,16556
3,15,2835,eyeriss,ImageNet16-120,38.222220,0.545920,0.468908,16556
3,15,8853,eyeriss,ImageNet16-120,45.600000,1.037440,0.468908,16556
3,15,6787,eyeriss,ImageNet16-120,44.400000,0.914560,0.468908,16556
3,15,14417,eyeriss,ImageNet16-120,45.900000,1.098880,0.468908,16556
3,15,1939,eyeriss,ImageNet16-120,45.077778,0.976000,0.468908,16556
3,15,15383,eyeriss,ImageNet16-120,47.033333,1.283200,0.468908,16556
3,15,8008,eyeriss,ImageNet16-120,43.500000,0.853120,0.468908,16556
3,15,857,eyeriss,ImageNet16-120,47.311110,1.651840,0.468908,16556
3,15,5487,eyeriss,ImageNet16-120,38.500000,0.607360,0.468908,16556
3,15,4988,eyeriss,ImageNet16-120,28.933332,0.423040,0.468908,16556
3,15,4829,eyeriss,ImageNet16-120,34.200000,0.484480,0.468908,16556
3,16,4829,fpga,ImageNet16-120,34.200000,0.415520,0.510313,16262
3,16,14748,fpga,ImageNet16-120,44.900000,0.995200,0.510313,16262
3,16,6868,fpga,ImageNet16-120,39.000000,0.649120,0.510313,16262
3,16,10017,fpga,ImageNet16-120,40.566666,0.784000,0.510313,16262
3,16,15383,fpga,ImageNet16-120,47.033333,1.504000,0.510313,16262
3,16,6787,fpga,ImageNet16-120,44.400000,0.969600,0.510313,16262
3,16,2835,fpga,ImageNet16-120,38.222220,0.546720,0.510313,16262
3,16,8008,fpga,ImageNet16-120,43.500000,0.876800,0.510313,16262
3,16,4988,fpga,ImageNet16-120,28.933332,0.284320,0.510313,16262
3,16,1939,fpga,ImageNet16-120,45.077778,1.062400,0.510313,16262
3,16,8853,fpga,ImageNet16-120,45.600000,1.155200,0.510313,16262
3,16,14417,fpga,ImageNet16-120,45.900000,1.276320,0.510313,16262
3,16,857,fpga,ImageNet16-120,47.311110,2.038400,0.510313,16262
3,16,6854,fpga,ImageNet16-120,40.800000,0.809120,0.510313,16262
3,16,11079,fpga,ImageNet16-120,43.566666,0.902400,0.510313,16262
3,16,11593,fpga,ImageNet16-120,40.166668,0.780320,0.510313,16262
3,16,5793,fpga,ImageNet16-120,35.033333,0.517920,0.510313,16262
3,17,12516,pixel3,ImageNet16-120,32.083332,0.617816,0.726930,16047
3,17,2018,pixel3,ImageNet16-120,46.433334,4.949210,0.726930,16047
3,17,12639,pixel3,ImageNet16-120,40.400000,1.304440,0.726930,16047
3,17,1110,pixel3,ImageNet16-120,28.600000,0.423927,0.726930,16047
3,17,11000,pixel3,ImageNet16-120,44.866665,2.962520,0.726930,16047
3,17,1939,pixel3,ImageNet16-120,45.077778,3.021500,0.726930,16047
3,17,4432,pixel3,ImageNet16-120,37.800000,0.861157,0.726930,16047
3,17,4977,pixel3,ImageNet16-120,32.966667,0.617991,0.726930,16047
3,17,8853,pixel3,ImageNet16-120,45.600000,3.554540,0.726930,16047
3,17,12466,pixel3,ImageNet16-120,46.100000,4.680280,0.726930,16047
3,17,10154,pixel3,ImageNet16-120,46.133335,4.783700,0.726930,16047
3,17,4587,pixel3,ImageNet16-120,28.800000,0.445767,0.726930,16047
3,17,6854,pixel3,ImageNet16-120,40.800000,1.621620,0.726930,16047
3,17,4384,pixel3,ImageNet16-120,28.133333,0.421612,0.726930,16047
3,17,12103,pixel3,ImageNet16-120,28.250000,0.422433,0.726930,16047
3,17,4675,pixel3,ImageNet16-120,33.100000,0.620036,0.726930,16047
3,17,11079,pixel3,ImageNet16-120,43.566666,2.479610,0.726930,16047
3,17,13756,pixel3,ImageNet16-120,0.833333,0.005289,0.726930,16047
3,17,15383,pixel3,ImageNet16-120,47.033333,5.191720,0.726930,16047
3,17,5487,pixel3,ImageNet16-120,38.500000,1.109150,0.726930,16047
3,17,2835,pixel3,ImageNet16-120,38.222220,0.868646,0.726930,16047
3,17,3728,pixel3,ImageNet16-120,28.500000,0.422880,0.726930,16047
3,17,10888,pixel3,ImageNet16-120,28.333334,0.422652,0.726930,16047
3,17,12506,pixel3,ImageNet16-120,43.983334,2.929990,0.726930,16047
3,17,857,pixel3,ImageNet16-120,47.311110,6.686850,0.726930,16047
3,17,12452,pixel3,ImageNet16-120,40.533333,1.504410,0.726930,16047
3,17,872,pixel3,ImageNet16-120,41.777780,2.465030,0.726930,16047
3,17,12424,pixel3,ImageNet16-120,43.133330,2.470150,0.726930,16047
3,17,8584,pixel3,ImageNet16-120,34.088890,0.664046,0.726930,16047
3,17,7187,pixel3,ImageNet16-120,28.683332,0.425223,0.726930,16047
3,17,1425,pixel3,ImageNet16-120,45.977780,4.619290,0.726930,16047
3,17,9805,pixel3,ImageNet16-120,34.133335,0.791370,0.726930,16047
3,17,1204,pixel3,ImageNet16-120,37.844444,0.864966,0.726930,16047
3,17,2899,pixel3,ImageNet16-120,43.911110,2.701210,0.726930,16047
3,17,4988,pixel3,ImageNet16-120,28.933332,0.485996,0.726930,16047
3,17,898,pixel3,ImageNet16-120,42.466667,2.467210,0.726930,16047
3,17,4829,pixel3,ImageNet16-120,34.200000,0.795625,0.726930,16047
3,17,6014,pixel3,ImageNet16-120,28.533333,0.423391,0.726930,16047
3,17,14417,pixel3,ImageNet16-120,45.900000,4.143030,0.726930,16047
3,18,7859,raspi4,ImageNet16-120,32.966667,1.566048,0.839751,16124
3,18,3650,raspi4,ImageNet16-120,43.866665,4.475790,0.839751,16124
3,18,933,raspi4,ImageNet16-120,0.833333,0.011514,0.839751,16124
3,18,5530,raspi4,ImageNet16-120,42.577778,3.785925,0.839751,16124
3,18,15363,raspi4,ImageNet16-120,44.333332,4.480516,0.839751,16124
3,18,3496,raspi4,ImageNet16-120,34.233334,1.598666,0.839751,16124
3,18,10017,raspi4,ImageNet16-120,40.566666,3.181383,0.839751,16124
3,18,8884,raspi4,ImageNet16-120,45.033333,5.293177,0.839751,16124
3,18,4988,raspi4,ImageNet16-120,28.933332,1.003251,0.839751,16124
3,18,14750,raspi4,ImageNet16-120,32.933334,1.536700,0.839751,16124
3,18,10217,raspi4,ImageNet16-120,45.100000,6.109362,0.839751,16124
3,18,1413,raspi4,ImageNet16-120,42.711113,3.788479,0.839751,16124
3,18,9032,raspi4,ImageNet16-120,38.016666,2.201532,0.839751,16124
3,18,5973,raspi4,ImageNet16-120,40.100000,3.159922,0.839751,16124
3,18,15383,raspi4,ImageNet16-120,47.033333,8.565354,0.839751,16124
3,18,6787,raspi4,ImageNet16-120,44.400000,4.532777,0.839751,16124
3,18,6336,raspi4,ImageNet16-120,39.366665,3.073392,0.839751,16124
3,18,10472,raspi4,ImageNet16-120,39.633335,3.079679,0.839751,16124
3,18,2904,raspi4,ImageNet16-120,42.744446,3.799936,0.839751,16124
3,18,8426,raspi4,ImageNet16-120,44.633335,5.288439,0.839751,16124
3,18,4995,raspi4,ImageNet16-120,42.166668,3.766336,0.839751,16124
3,18,1188,raspi4,ImageNet16-120,32.455555,1.526725,0.839751,16124
3,18,12505,raspi4,ImageNet16-120,39.283333,3.062432,0.839751,16124
3,18,9496,raspi4,ImageNet16-120,38.200000,2.204048,0.839751,16124
3,18,8853,raspi4,ImageNet16-120,45.600000,6.961605,0.839751,16124
3,18,13771,raspi4,ImageNet16-120,32.744446,1.533813,0.839751,16124
3,18,8355,raspi4,ImageNet16-120,39.666668,3.083286,0.839751,16124
3,18,11946,raspi4,ImageNet16-120,28.200000,0.940293,0.839751,16124
3,18,5202,raspi4,ImageNet16-120,42.411110,3.783078,0.839751,16124
3,18,3782,raspi4,ImageNet16-120,41.866665,3.755286,0.839751,16124
3,18,12358,raspi4,ImageNet16-120,34.055557,1.582727,0.839751,16124
3,18,2779,raspi4,ImageNet16-120,37.355556,2.190654,0.839751,16124
3,18,6868,raspi4,ImageNet16-120,39.000000,2.982937,0.839751,16124
3,18,2018,raspi4,ImageNet16-120,46.433334,7.482383,0.839751,16124
3,18,7187,raspi4,ImageNet16-120,28.683332,0.952790,0.839751,16124
3,18,10835,raspi4,ImageNet16-120,45.233334,6.632419,0.839751,16124
3,18,735,raspi4,ImageNet16-120,38.544445,2.911079,0.839751,16124
3,18,3192,raspi4,ImageNet16-120,45.477780,6.675633,0.839751,16124
3,18,857,raspi4,ImageNet16-120,47.311110,9.020064,0.839751,16124
3,18,1939,raspi4,ImageNet16-120,45.077778,5.341908,0.839751,16124
3,18,8584,raspi4,ImageNet16-120,34.088890,1.586268,0.839751,16124
3,18,11584,raspi4,ImageNet16-120,46.666668,8.014434,0.839751,16124
3,18,15107,raspi4,ImageNet16-120,39.800000,3.083329,0.839751,16124
3,18,11079,raspi4,ImageNet16-120,43.566666,3.802027,0.839751,16124
3,18,3960,raspi4,ImageNet16-120,37.755554,2.197980,0.839751,16124
3,18,11209,raspi4,ImageNet16-120,33.266666,1.580655,0.839751,16124
3,18,6854,raspi4,ImageNet16-120,40.800000,3.661016,0.839751,16124
3,18,5637,raspi4,ImageNet16-120,33.933334,1.580707,0.839751,16124
4,1,13714,edgegpu,cifar10,94.373340,6.772180,0.646657,16337
4,1,11692,edgegpu,cifar10,94.130000,4.708362,0.646657,16337
4,1,2053,edgegpu,cifar10,94.206665,5.482254,0.646657,16337
4,1,5292,edgegpu,cifar10,94.293335,6.663151,0.646657,16337
4,1,13401,edgegpu,cifar10,87.010000,1.457009,0.646657,16337
4,1,14407,edgegpu,cifar10,86.770000,1.440282,0.646657,16337
4,1,9846,edgegpu,cifar10,92.360000,3.263712,0.646657,16337
4,1,1459,edgegpu,cifar10,94.296670,6.748991,0.646657,16337
4,1,15072,edgegpu,cifar10,92.350000,2.798777,0.646657,16337
4,1,5400,edgegpu,cifar10,86.630000,1.427460,0.646657,16337
4,1,10484,edgegpu,cifar10,93.810000,3.354015,0.646657,16337
4,1,2776,edgegpu,cifar10,93.666664,3.331194,0.646657,16337
4,1,14527,edgegpu,cifar10,86.765000,1.439619,0.646657,16337
4,1,258,edgegpu,cifar10,93.640000,3.307109,0.646657,16337
4,1,561,edgegpu,cifar10,86.880000,1.451068,0.646657,16337
4,1,6330,edgegpu,cifar10,94.006670,4.384699,0.646657,16337
4,1,14090,edgegpu,cifar10,92.086670,1.749086,0.646657,16337
4,1,1339,edgegpu,cifar10,92.136665,1.751881,0.646657,16337
4,1,6960,edgegpu,cifar10,92.280000,1.764450,0.646657,16337
4,1,5780,edgegpu,cifar10,93.980000,3.361888,0.646657,16337
4,1,9099,edgegpu,cifar10,93.940000,3.357520,0.646657,16337
4,1,1549,edgegpu,cifar10,86.710000,1.436324,0.646657,16337
4,1,15200,edgegpu,cifar10,10.000000,0.501385,0.646657,16337
4,1,6950,edgegpu,cifar10,92.000000,1.738467,0.646657,16337
4,2,6918,edgetpu,cifar10,87.000000,0.375819,0.616400,16376
4,2,5111,edgetpu,cifar10,94.306660,1.152010,0.616400,16376
4,2,6382,edgetpu,cifar10,93.376660,0.628638,0.616400,16376
4,2,11692,edgetpu,cifar10,94.130000,0.761100,0.616400,16376
4,2,3731,edgetpu,cifar10,94.343330,1.282820,0.616400,16376
4,2,797,edgetpu,cifar10,93.280000,0.627996,0.616400,16376
4,2,11438,edgetpu,cifar10,92.500000,0.482393,0.616400,16376
4,2,5780,edgetpu,cifar10,93.980000,0.723967,0.616400,16376
4,2,13714,edgetpu,cifar10,94.373340,1.377865,0.616400,16376
4,2,2053,edgetpu,cifar10,94.206665,1.042178,0.616400,16376
4,2,5647,edgetpu,cifar10,89.110000,0.389378,0.616400,16376
4,2,2485,edgetpu,cifar10,86.700000,0.346546,0.616400,16376
4,2,3927,edgetpu,cifar10,93.626660,0.723268,0.616400,16376
4,2,6515,edgetpu,cifar10,93.616670,0.722858,0.616400,16376
4,2,6584,edgetpu,cifar10,94.160000,0.888877,0.616400,16376
4,2,8008,edgetpu,cifar10,93.480000,0.629746,0.616400,16376
4,2,4438,edgetpu,cifar10,92.270000,0.481473,0.616400,16376
4,2,11810,edgetpu,cifar10,92.780000,0.482879,0.616400,16376
4,2,4384,edgetpu,cifar10,86.796670,0.362569,0.616400,16376
4,2,9950,edgetpu,cifar10,93.840000,0.723767,0.616400,16376
4,2,11112,edgetpu,cifar10,92.110000,0.480732,0.616400,16376
4,2,9689,edgetpu,cifar10,93.370000,0.628386,0.616400,16376
4,2,4161,edgetpu,cifar10,89.250000,0.391221,0.616400,16376
4,2,7937,edgetpu,cifar10,88.610000,0.388867,0.616400,16376
4,2,13611,edgetpu,cifar10,92.490000,0.481826,0.616400,16376
4,3,5111,eyeriss,cifar10,94.306660,5.365940,0.475242,16480
4,3,8592,eyeriss,cifar10,93.750000,3.891380,0.475242,16480
4,3,6854,eyeriss,cifar10,91.040000,2.662580,0.475242,16480
4,3,3731,eyeriss,cifar10,94.343330,6.594740,0.475242,16480
4,3,4384,eyeriss,cifar10,86.796670,1.679540,0.475242,16480
4,3,8008,eyeriss,cifar10,93.480000,3.399860,0.475242,16480
4,3,12438,eyeriss,cifar10,89.875000,1.925300,0.475242,16480
4,3,6111,eyeriss,cifar10,94.373340,7.823540,0.475242,16480
4,3,11692,eyeriss,cifar10,94.130000,4.874420,0.475242,16480
4,3,14112,eyeriss,cifar10,91.296670,2.908340,0.475242,16480
4,3,8323,eyeriss,cifar10,90.870000,2.171060,0.475242,16480
4,3,13714,eyeriss,cifar10,94.373340,7.823540,0.475242,16480
4,3,11472,eyeriss,cifar10,93.970000,4.628660,0.475242,16480
4,3,13611,eyeriss,cifar10,92.490000,3.154100,0.475242,16480
4,3,8720,eyeriss,cifar10,89.875000,1.925300,0.475242,16480
4,3,10412,eyeriss,cifar10,93.530000,3.645620,0.475242,16480
4,4,8008,fpga,cifar10,93.480000,2.905760,0.468433,16246
4,4,6111,fpga,cifar10,94.373340,6.678560,0.468433,16246
4,4,11472,fpga,cifar10,93.970000,3.648160,0.468433,16246
4,4,11692,fpga,cifar10,94.130000,4.163360,0.468433,16246
4,4,3731,fpga,cifar10,94.343330,5.936160,0.468433,16246
4,4,4384,fpga,cifar10,86.796670,1.132960,0.468433,16246
4,4,5111,fpga,cifar10,94.306660,5.193760,0.468433,16246
4,4,12438,fpga,cifar10,89.875000,1.648160,0.468433,16246
4,4,13987,fpga,cifar10,93.596664,3.420960,0.468433,16246
4,4,13611,fpga,cifar10,92.490000,2.390560,0.468433,16246
4,4,5217,fpga,cifar10,89.910000,2.057760,0.468433,16246
4,4,8323,fpga,cifar10,90.870000,2.163360,0.468433,16246
4,4,13714,fpga,cifar10,94.373340,6.678560,0.468433,16246
4,5,8708,pixel3,cifar10,94.080000,12.839000,0.756092,16133
4,5,4554,pixel3,cifar10,86.670000,1.114880,0.756092,16133
4,5,6111,pixel3,cifar10,94.373340,23.584800,0.756092,16133
4,5,4432,pixel3,cifar10,90.700000,2.826310,0.756092,16133
4,5,6999,pixel3,cifar10,93.820000,12.260900,0.756092,16133
4,5,3731,pixel3,cifar10,94.343330,23.361300,0.756092,16133
4,5,7197,pixel3,cifar10,90.366670,2.447670,0.756092,16133
4,5,5149,pixel3,cifar10,92.090000,5.987440,0.756092,16133
4,5,11692,pixel3,cifar10,94.130000,15.490100,0.756092,16133
4,5,6854,pixel3,cifar10,91.040000,4.514220,0.756092,16133
4,5,9230,pixel3,cifar10,86.580000,1.056760,0.756092,16133
4,5,7001,pixel3,cifar10,10.000000,0.003277,0.756092,16133
4,5,8323,pixel3,cifar10,90.870000,3.106420,0.756092,16133
4,5,13171,pixel3,cifar10,93.530000,7.717220,0.756092,16133
4,5,1943,pixel3,cifar10,93.116670,6.492030,0.756092,16133
4,5,1497,pixel3,cifar10,86.556660,1.056630,0.756092,16133
4,5,12452,pixel3,cifar10,91.350000,5.590110,0.756092,16133
4,5,6918,pixel3,cifar10,87.000000,1.478790,0.756092,16133
4,5,7017,pixel3,cifar10,86.970000,1.403930,0.756092,16133
4,5,5111,pixel3,cifar10,94.306660,17.584600,0.756092,16133
4,5,5224,pixel3,cifar10,88.980000,1.570360,0.756092,16133
4,5,6863,pixel3,cifar10,86.740000,1.229320,0.756092,16133
4,5,78,pixel3,cifar10,91.933334,5.807870,0.756092,16133
4,5,2779,pixel3,cifar10,90.806660,3.102950,0.756092,16133
4,5,6434,pixel3,cifar10,91.080000,4.811140,0.756092,16133
4,5,1425,pixel3,cifar10,93.933334,12.536500,0.756092,16133
4,5,8695,pixel3,cifar10,94.220000,17.564500,0.756092,16133
4,5,6382,pixel3,cifar10,93.376660,7.048190,0.756092,16133
4,5,6624,pixel3,cifar10,89.120000,1.670570,0.756092,16133
4,5,6584,pixel3,cifar10,94.160000,15.720300,0.756092,16133
4,5,1781,pixel3,cifar10,89.883330,1.712020,0.756092,16133
4,5,13869,pixel3,cifar10,93.656670,10.634700,0.756092,16133
4,5,1804,pixel3,cifar10,89.063330,1.579900,0.756092,16133
4,5,4627,pixel3,cifar10,93.270000,7.036050,0.756092,16133
4,5,1196,pixel3,cifar10,92.020000,5.810240,0.756092,16133
4,5,13987,pixel3,cifar10,93.596664,9.922680,0.756092,16133
4,5,1941,pixel3,cifar10,93.533330,9.128690,0.756092,16133
4,5,1778,pixel3,cifar10,92.180000,6.446230,0.756092,16133
4,5,11972,pixel3,cifar10,91.510000,5.627010,0.756092,16133
4,5,12820,pixel3,cifar10,90.880000,3.982790,0.756092,16133
4,5,8592,pixel3,cifar10,93.750000,10.769800,0.756092,16133
4,6,7058,raspi4,cifar10,92.040000,16.469465,0.746764,16117
4,6,9980,raspi4,cifar10,10.000000,0.011284,0.746764,16117
4,6,3731,raspi4,cifar10,94.343330,58.070793,0.746764,16117
4,6,6918,raspi4,cifar10,87.000000,2.787590,0.746764,16117
4,6,10412,raspi4,cifar10,93.530000,25.079220,0.746764,16117
4,6,5111,raspi4,cifar10,94.306660,41.756905,0.746764,16117
4,6,1973,raspi4,cifar10,91.663330,16.185848,0.746764,16117
4,6,12002,raspi4,cifar10,93.510000,24.816572,0.746764,16117
4,6,8592,raspi4,cifar10,93.750000,25.477009,0.746764,16117
4,6,8876,raspi4,cifar10,88.910000,4.861280,0.746764,16117
4,6,6111,raspi4,cifar10,94.373340,68.404106,0.746764,16117
4,6,11692,raspi4,cifar10,94.130000,37.583630,0.746764,16117
4,6,8323,raspi4,cifar10,90.870000,7.426308,0.746764,16117
4,6,6584,raspi4,cifar10,94.160000,38.818527,0.746764,16117
4,6,7207,raspi4,cifar10,89.803340,5.099723,0.746764,16117
4,6,2835,raspi4,cifar10,90.230000,7.299271,0.746764,16117
4,6,9380,raspi4,cifar10,89.335000,4.875613,0.746764,16117
4,6,2058,raspi4,cifar10,93.270000,19.484835,0.746764,16117
4,6,6931,raspi4,cifar10,93.780000,33.088142,0.746764,16117
4,6,3687,raspi4,cifar10,89.820000,5.156255,0.746764,16117
4,6,12639,raspi4,cifar10,90.990000,11.857850,0.746764,16117
4,6,2035,raspi4,cifar10,89.670000,4.984099,0.746764,16117
4,6,5780,raspi4,cifar10,93.980000,34.928463,0.746764,16117
4,6,6868,raspi4,cifar10,90.880000,10.226877,0.746764,16117
4,6,9950,raspi4,cifar10,93.840000,33.860363,0.746764,16117
4,6,11810,raspi4,cifar10,92.780000,18.619905,0.746764,16117
4,6,8008,raspi4,cifar10,93.480000,22.571420,0.746764,16117
4,6,4659,raspi4,cifar10,93.396670,22.249382,0.746764,16117
4,6,4689,raspi4,cifar10,90.720000,7.356712,0.746764,16117
4,6,1962,raspi4,cifar10,86.530000,2.529453,0.746764,16117
4,6,6382,raspi4,cifar10,93.376660,21.461164,0.746764,16117
4,6,2297,raspi4,cifar10,90.430000,7.343672,0.746764,16117
4,6,2002,raspi4,cifar10,88.893330,4.817687,0.746764,16117
4,6,7017,raspi4,cifar10,86.970000,2.544041,0.746764,16117
4,6,12505,raspi4,cifar10,92.150000,16.747276,0.746764,16117
4,6,14565,raspi4,cifar10,88.880000,4.781183,0.746764,16117
4,6,1099,raspi4,cifar10,92.240000,18.358124,0.746764,16117
4,6,1941,raspi4,cifar10,93.533330,25.121769,0.746764,16117
4,6,4112,raspi4,cifar10,89.710000,5.004419,0.746764,16117
4,6,5940,raspi4,cifar10,91.056660,12.563456,0.746764,16117
4,6,1785,raspi4,cifar10,86.586670,2.538737,0.746764,16117
4,7,11810,edgegpu,cifar100,68.300000,1.779551,0.559681,16358
4,7,2778,edgegpu,cifar100,72.993330,6.134028,0.559681,16358
4,7,4418,edgegpu,cifar100,72.746666,5.352364,0.559681,16358
4,7,9922,edgegpu,cifar100,58.560000,1.428552,0.559681,16358
4,7,6381,edgegpu,cifar100,66.800000,1.753340,0.559681,16358
4,7,9930,edgegpu,cifar100,73.513336,6.803060,0.559681,16358
4,7,11067,edgegpu,cifar100,58.186670,1.427836,0.559681,16358
4,7,4954,edgegpu,cifar100,73.000000,6.669736,0.559681,16358
4,7,8401,edgegpu,cifar100,71.080000,3.302102,0.559681,16358
4,7,12415,edgegpu,cifar100,71.940000,4.828467,0.559681,16358
4,7,2304,edgegpu,cifar100,58.660000,1.440253,0.559681,16358
4,7,14984,edgegpu,cifar100,67.166664,1.760831,0.559681,16358
4,7,11885,edgegpu,cifar100,68.040000,1.776652,0.559681,16358
4,7,1509,edgegpu,cifar100,1.000000,0.505853,0.559681,16358
4,7,1425,edgegpu,cifar100,72.093330,5.310225,0.559681,16358
4,7,8912,edgegpu,cifar100,59.200000,1.441355,0.559681,16358
4,7,3888,edgegpu,cifar100,73.260000,6.797867,0.559681,16358
4,7,9997,edgegpu,cifar100,71.520000,3.466139,0.559681,16358
4,7,12238,edgegpu,cifar100,67.240000,1.772847,0.559681,16358
4,8,1425,edgetpu,cifar100,72.093330,0.910660,0.629320,15990
4,8,3303,edgetpu,cifar100,62.420000,0.392593,0.629320,15990
4,8,11533,edgetpu,cifar100,69.760000,0.635877,0.629320,15990
4,8,1110,edgetpu,cifar100,58.840000,0.355938,0.629320,15990
4,8,8638,edgetpu,cifar100,58.860000,0.356631,0.629320,15990
4,8,1317,edgetpu,cifar100,72.566666,1.023844,0.629320,15990
4,8,12761,edgetpu,cifar100,72.860000,1.225212,0.629320,15990
4,8,797,edgetpu,cifar100,69.580000,0.633351,0.629320,15990
4,8,3888,edgetpu,cifar100,73.260000,1.316226,0.629320,15990
4,8,777,edgetpu,cifar100,58.650000,0.355588,0.629320,15990
4,8,13829,edgetpu,cifar100,66.873340,0.485137,0.629320,15990
4,8,15363,edgetpu,cifar100,70.520000,0.676394,0.629320,15990
4,8,14174,edgetpu,cifar100,72.646670,1.081678,0.629320,15990
4,8,9271,edgetpu,cifar100,63.400000,0.393151,0.629320,15990
4,8,14945,edgetpu,cifar100,58.500000,0.354940,0.629320,15990
4,8,8401,edgetpu,cifar100,71.080000,0.728572,0.629320,15990
4,8,857,edgetpu,cifar100,72.880000,1.264168,0.629320,15990
4,8,12415,edgetpu,cifar100,71.940000,0.872299,0.629320,15990
4,8,4155,edgetpu,cifar100,62.306667,0.391442,0.629320,15990
4,8,10443,edgetpu,cifar100,68.300000,0.489020,0.629320,15990
4,8,9997,edgetpu,cifar100,71.520000,0.729986,0.629320,15990
4,8,9541,edgetpu,cifar100,67.660000,0.486829,0.629320,15990
4,8,12607,edgetpu,cifar100,62.600000,0.392830,0.629320,15990
4,8,9930,edgetpu,cifar100,73.513336,1.454107,0.629320,15990
4,8,699,edgetpu,cifar100,72.240000,0.940479,0.629320,15990
4,8,69,edgetpu,cifar100,71.020000,0.727259,0.629320,15990
4,8,5019,edgetpu,cifar100,58.880000,0.357058,0.629320,15990
4,8,10000,edgetpu,cifar100,73.160000,1.283461,0.629320,15990
4,8,6946,edgetpu,cifar100,67.500000,0.486233,0.629320,15990
4,8,577,edgetpu,cifar100,69.680000,0.635228,0.629320,15990
4,8,3487,edgetpu,cifar100,70.093330,0.637182,0.629320,15990
4,8,2705,edgetpu,cifar100,62.813330,0.393026,0.629320,15990
4,8,4627,edgetpu,cifar100,69.600000,0.635153,0.629320,15990
4,8,4659,edgetpu,cifar100,70.060000,0.636433,0.629320,15990
4,8,11973,edgetpu,cifar100,70.340000,0.641728,0.629320,15990
4,8,4418,edgetpu,cifar100,72.746666,1.093699,0.629320,15990
4,9,11973,eyeriss,cifar100,70.340000,3.402880,0.467861,16443
4,9,10689,eyeriss,cifar100,67.500000,2.174080,0.467861,16443
4,9,3540,eyeriss,cifar100,71.500000,4.877440,0.467861,16443
4,9,6925,eyeriss,cifar100,71.220000,3.894400,0.467861,16443
4,9,12574,eyeriss,cifar100,72.740000,5.123200,0.467861,16443
4,9,9930,eyeriss,cifar100,73.513336,9.055360,0.467861,16443
4,9,5651,eyeriss,cifar100,64.690000,1.928320,0.467861,16443
4,9,5084,eyeriss,cifar100,58.813330,1.682560,0.467861,16443
4,9,12820,eyeriss,cifar100,67.720000,2.419840,0.467861,16443
4,9,5725,eyeriss,cifar100,70.600000,3.648640,0.467861,16443
4,9,3888,eyeriss,cifar100,73.260000,6.597760,0.467861,16443
4,9,12761,eyeriss,cifar100,72.860000,6.352000,0.467861,16443
4,9,14112,eyeriss,cifar100,68.386665,2.911360,0.467861,16443
4,9,14714,eyeriss,cifar100,71.280000,4.140160,0.467861,16443
4,9,12970,eyeriss,cifar100,68.140000,2.665600,0.467861,16443
4,10,5743,fpga,cifar100,67.800000,2.800160,0.513128,16352
4,10,3540,fpga,cifar100,71.500000,4.163360,0.513128,16352
4,10,3888,fpga,cifar100,73.260000,5.936160,0.513128,16352
4,10,4659,fpga,cifar100,70.060000,2.905760,0.513128,16352
4,10,4249,fpga,cifar100,65.080000,2.057760,0.513128,16352
4,10,6787,fpga,cifar100,70.720000,3.420960,0.513128,16352
4,10,6925,fpga,cifar100,71.220000,3.936160,0.513128,16352
4,10,5084,fpga,cifar100,58.813330,1.132960,0.513128,16352
4,10,9930,fpga,cifar100,73.513336,7.420960,0.513128,16352
4,10,12761,fpga,cifar100,72.860000,5.420960,0.513128,16352
4,10,5651,fpga,cifar100,64.690000,1.648160,0.513128,16352
4,10,69,fpga,cifar100,71.020000,3.648160,0.513128,16352
4,10,10689,fpga,cifar100,67.500000,2.163360,0.513128,16352
4,10,12574,fpga,cifar100,72.740000,4.678560,0.513128,16352
4,10,9997,fpga,cifar100,71.520000,4.572960,0.513128,16352
4,10,15033,fpga,cifar100,67.793335,2.390560,0.513128,16352
4,10,5033,fpga,cifar100,59.060000,1.542560,0.513128,16352
4,11,858,pixel3,cifar100,64.133330,2.003500,0.701347,16086
4,11,1459,pixel3,cifar100,73.140000,23.437900,0.701347,16086
4,11,11000,pixel3,cifar100,71.180000,10.677600,0.701347,16086
4,11,5019,pixel3,cifar100,58.880000,1.483640,0.701347,16086
4,11,906,pixel3,cifar100,62.393333,1.661810,0.701347,16086
4,11,1631,pixel3,cifar100,63.986668,1.805000,0.701347,16086
4,11,14112,pixel3,cifar100,68.386665,5.745320,0.701347,16086
4,11,9930,pixel3,cifar100,73.513336,42.003600,0.701347,16086
4,11,3888,pixel3,cifar100,73.260000,23.477200,0.701347,16086
4,11,6337,pixel3,cifar100,1.000000,0.008753,0.701347,16086
4,11,857,pixel3,cifar100,72.880000,19.113200,0.701347,16086
4,11,8323,pixel3,cifar100,67.080000,3.106340,0.701347,16086
4,11,15589,pixel3,cifar100,59.060000,1.483890,0.701347,16086
4,11,657,pixel3,cifar100,58.233334,1.233070,0.701347,16086
4,11,1409,pixel3,cifar100,58.853333,1.275090,0.701347,16086
4,11,12574,pixel3,cifar100,72.740000,16.473900,0.701347,16086
4,11,15363,pixel3,cifar100,70.520000,9.708640,0.701347,16086
4,11,9649,pixel3,cifar100,64.540000,2.536210,0.701347,16086
4,11,12970,pixel3,cifar100,68.140000,4.782110,0.701347,16086
4,11,1357,pixel3,cifar100,67.480000,3.998260,0.701347,16086
4,11,11301,pixel3,cifar100,68.220000,5.352090,0.701347,16086
4,11,1090,pixel3,cifar100,65.220000,2.811310,0.701347,16086
4,11,898,pixel3,cifar100,70.000000,6.516140,0.701347,16086
4,11,1593,pixel3,cifar100,62.126667,1.582050,0.701347,16086
4,11,8638,pixel3,cifar100,58.860000,1.478570,0.701347,16086
4,11,1416,pixel3,cifar100,64.493330,2.084060,0.701347,16086
4,11,1450,pixel3,cifar100,70.506670,9.337360,0.701347,16086
4,11,699,pixel3,cifar100,72.240000,12.079400,0.701347,16086
4,11,724,pixel3,cifar100,67.053340,2.875650,0.701347,16086
4,11,6925,pixel3,cifar100,71.220000,10.688000,0.701347,16086
4,12,6787,raspi4,cifar100,70.720000,23.081835,0.747172,16161
4,12,1939,raspi4,cifar100,70.760000,24.555029,0.747172,16161
4,12,4731,raspi4,cifar100,67.046670,7.444095,0.747172,16161
4,12,9930,raspi4,cifar100,73.513336,71.152000,0.747172,16161
4,12,6177,raspi4,cifar100,62.373333,4.795128,0.747172,16161
4,12,11533,raspi4,cifar100,69.760000,21.446177,0.747172,16161
4,12,8740,raspi4,cifar100,1.000000,0.015215,0.747172,16161
4,12,2035,raspi4,cifar100,63.926666,5.005698,0.747172,16161
4,12,12761,raspi4,cifar100,72.860000,53.718200,0.747172,16161
4,12,14612,raspi4,cifar100,58.720000,2.563505,0.747172,16161
4,12,1459,raspi4,cifar100,73.140000,53.879950,0.747172,16161
4,12,15363,raspi4,cifar100,70.520000,21.809430,0.747172,16161
4,12,9997,raspi4,cifar100,71.520000,34.996710,0.747172,16161
4,12,2058,raspi4,cifar100,69.613335,20.052132,0.747172,16161
4,12,3888,raspi4,cifar100,73.260000,55.029520,0.747172,16161
4,12,2222,raspi4,cifar100,58.313330,2.538255,0.747172,16161
4,12,9895,raspi4,cifar100,69.400000,19.211880,0.747172,16161
4,12,15589,raspi4,cifar100,59.060000,2.795078,0.747172,16161
4,12,4418,raspi4,cifar100,72.746666,47.162354,0.747172,16161
4,12,13430,raspi4,cifar100,66.700000,7.203785,0.747172,16161
4,12,3408,raspi4,cifar100,63.993332,5.081906,0.747172,16161
4,12,10222,raspi4,cifar100,58.860000,2.747804,0.747172,16161
4,12,9271,raspi4,cifar100,63.400000,4.800893,0.747172,16161
4,12,3385,raspi4,cifar100,72.380000,42.309270,0.747172,16161
4,12,2018,raspi4,cifar100,72.360000,39.345867,0.747172,16161
4,12,6918,raspi4,cifar100,58.800000,2.571364,0.747172,16161
4,12,10042,raspi4,cifar100,64.880000,5.100886,0.747172,16161
4,12,14714,raspi4,cifar100,71.280000,24.692347,0.747172,16161
4,12,11209,raspi4,cifar100,64.120000,5.100011,0.747172,16161
4,12,6822,raspi4,cifar100,58.426666,2.558594,0.747172,16161
4,12,15383,raspi4,cifar100,71.660000,38.693768,0.747172,16161
4,12,12915,raspi4,cifar100,66.950000,7.226311,0.747172,16161
4,12,6294,raspi4,cifar100,66.973335,7.376450,0.747172,16161
4,12,7556,raspi4,cifar100,71.526665,36.461315,0.747172,16161
4,12,14443,raspi4,cifar100,71.740000,39.168526,0.747172,16161
4,12,14112,raspi4,cifar100,68.386665,14.423308,0.747172,16161
4,12,11492,raspi4,cifar100,67.300000,10.479444,0.747172,16161
4,12,8912,raspi4,cifar100,59.200000,2.818969,0.747172,16161
4,12,14811,raspi4,cifar100,69.680000,20.361189,0.747172,16161
4,13,9586,edgegpu,ImageNet16-120,46.933334,5.222673,0.626356,16355
4,13,5751,edgegpu,ImageNet16-120,40.044445,2.434626,0.626356,16355
4,13,4946,edgegpu,ImageNet16-120,44.700000,3.490419,0.626356,16355
4,13,8884,edgegpu,ImageNet16-120,45.033333,3.499999,0.626356,16355
4,13,4160,edgegpu,ImageNet16-120,39.833332,1.756272,0.626356,16355
4,13,8426,edgegpu,ImageNet16-120,44.633335,3.370147,0.626356,16355
4,13,9722,edgegpu,ImageNet16-120,44.000000,3.327813,0.626356,16355
4,13,14612,edgegpu,ImageNet16-120,28.488890,1.434064,0.626356,16355
4,13,10947,edgegpu,ImageNet16-120,39.944443,1.909800,0.626356,16355
4,13,15288,edgegpu,ImageNet16-120,28.422222,1.417041,0.626356,16355
4,13,5981,edgegpu,ImageNet16-120,39.211113,1.746097,0.626356,16355
4,13,15376,edgegpu,ImageNet16-120,0.833333,0.533953,0.626356,16355
4,13,6950,edgegpu,ImageNet16-120,38.700000,1.740150,0.626356,16355
4,13,14117,edgegpu,ImageNet16-120,28.677778,1.435547,0.626356,16355
4,13,4587,edgegpu,ImageNet16-120,28.800000,1.445131,0.626356,16355
4,13,6636,edgegpu,ImageNet16-120,40.544445,3.305931,0.626356,16355
4,13,7187,edgegpu,ImageNet16-120,28.683332,1.443858,0.626356,16355
4,13,4988,edgegpu,ImageNet16-120,28.933332,1.448212,0.626356,16355
4,13,12505,edgegpu,ImageNet16-120,39.283333,1.750417,0.626356,16355
4,13,14840,edgegpu,ImageNet16-120,45.311110,4.224715,0.626356,16355
4,13,11217,edgegpu,ImageNet16-120,43.466667,3.316708,0.626356,16355
4,13,8401,edgegpu,ImageNet16-120,43.833332,3.322444,0.626356,16355
4,13,8736,edgegpu,ImageNet16-120,45.700000,5.206900,0.626356,16355
4,13,857,edgegpu,ImageNet16-120,47.311110,6.707663,0.626356,16355
4,13,12081,edgegpu,ImageNet16-120,40.233334,2.730479,0.626356,16355
4,13,15383,edgegpu,ImageNet16-120,47.033333,6.262836,0.626356,16355
4,13,1164,edgegpu,ImageNet16-120,28.522223,1.435223,0.626356,16355
4,13,11145,edgegpu,ImageNet16-120,45.466667,5.148182,0.626356,16355
4,13,2650,edgegpu,ImageNet16-120,42.433334,3.309817,0.626356,16355
4,14,10167,edgetpu,ImageNet16-120,39.944443,0.444058,0.612911,16178
4,14,6672,edgetpu,ImageNet16-120,27.822222,0.358864,0.612911,16178
4,14,7357,edgetpu,ImageNet16-120,44.666668,0.600498,0.612911,16178
4,14,10332,edgetpu,ImageNet16-120,40.033333,0.516152,0.612911,16178
4,14,8781,edgetpu,ImageNet16-120,32.366665,0.363484,0.612911,16178
4,14,8884,edgetpu,ImageNet16-120,45.033333,0.615792,0.612911,16178
4,14,15107,edgetpu,ImageNet16-120,39.800000,0.430284,0.612911,16178
4,14,5751,edgetpu,ImageNet16-120,40.044445,0.516992,0.612911,16178
4,14,15383,edgetpu,ImageNet16-120,47.033333,0.780914,0.612911,16178
4,14,5530,edgetpu,ImageNet16-120,42.577778,0.549937,0.612911,16178
4,14,8447,edgetpu,ImageNet16-120,40.011112,0.514586,0.612911,16178
4,14,15363,edgetpu,ImageNet16-120,44.333332,0.582280,0.612911,16178
4,14,8915,edgetpu,ImageNet16-120,32.611110,0.364729,0.612911,16178
4,14,7273,edgetpu,ImageNet16-120,42.966667,0.550014,0.612911,16178
4,14,13931,edgetpu,ImageNet16-120,28.788889,0.360349,0.612911,16178
4,14,7396,edgetpu,ImageNet16-120,40.177776,0.517218,0.612911,16178
4,14,13769,edgetpu,ImageNet16-120,41.555557,0.549360,0.612911,16178
4,14,11079,edgetpu,ImageNet16-120,43.566666,0.552430,0.612911,16178
4,14,11885,edgetpu,ImageNet16-120,39.166668,0.427395,0.612911,16178
4,14,2136,edgetpu,ImageNet16-120,42.166668,0.549614,0.612911,16178
4,14,13972,edgetpu,ImageNet16-120,31.933332,0.363440,0.612911,16178
4,14,3540,edgetpu,ImageNet16-120,45.122223,0.648670,0.612911,16178
4,14,9689,edgetpu,ImageNet16-120,42.533333,0.549702,0.612911,16178
4,14,7295,edgetpu,ImageNet16-120,27.944445,0.359522,0.612911,16178
4,14,12415,edgetpu,ImageNet16-120,46.566666,0.710906,0.612911,16178
4,14,7750,edgetpu,ImageNet16-120,43.066666,0.551617,0.612911,16178
4,14,7174,edgetpu,ImageNet16-120,33.116665,0.391775,0.612911,16178
4,14,323,edgetpu,ImageNet16-120,32.800000,0.377385,0.612911,16178
4,14,13097,edgetpu,ImageNet16-120,39.655556,0.428424,0.612911,16178
4,14,5724,edgetpu,ImageNet16-120,28.366667,0.359987,0.612911,16178
4,14,70,edgetpu,ImageNet16-120,39.377777,0.428228,0.612911,16178
4,14,857,edgetpu,ImageNet16-120,47.311110,0.997730,0.612911,16178
4,15,14417,eyeriss,ImageNet16-120,45.900000,1.098880,0.496281,16529
4,15,6854,eyeriss,ImageNet16-120,40.800000,0.668800,0.496281,16529
4,15,6787,eyeriss,ImageNet16-120,44.400000,0.914560,0.496281,16529
4,15,8853,eyeriss,ImageNet16-120,45.600000,1.037440,0.496281,16529
4,15,1939,eyeriss,ImageNet16-120,45.077778,0.976000,0.496281,16529
4,15,2835,eyeriss,ImageNet16-120,38.222220,0.545920,0.496281,16529
4,15,4988,eyeriss,ImageNet16-120,28.933332,0.423040,0.496281,16529
4,15,735,eyeriss,ImageNet16-120,38.544445,0.607360,0.496281,16529
4,15,8008,eyeriss,ImageNet16-120,43.500000,0.853120,0.496281,16529
4,15,15383,eyeriss,ImageNet16-120,47.033333,1.283200,0.496281,16529
4,15,857,eyeriss,ImageNet16-120,47.311110,1.651840,0.496281,16529
4,15,4829,eyeriss,ImageNet16-120,34.200000,0.484480,0.496281,16529
4,16,12452,fpga,ImageNet16-120,40.533333,0.780320,0.531168,16170
4,16,14748,fpga,ImageNet16-120,44.900000,0.995200,0.531168,16170
4,16,14417,fpga,ImageNet16-120,45.900000,1.276320,0.531168,16170
4,16,10017,fpga,ImageNet16-120,40.566666,0.784000,0.531168,16170
4,16,15383,fpga,ImageNet16-120,47.033333,1.504000,0.531168,16170
4,16,4988,fpga,ImageNet16-120,28.933332,0.284320,0.531168,16170
4,16,6787,fpga,ImageNet16-120,44.400000,0.969600,0.531168,16170
4,16,9805,fpga,ImageNet16-120,34.133335,0.415520,0.531168,16170
4,16,6854,fpga,ImageNet16-120,40.800000,0.809120,0.531168,16170
4,16,1939,fpga,ImageNet16-120,45.077778,1.062400,0.531168,16170
4,16,857,fpga,ImageNet16-120,47.311110,2.038400,0.531168,16170
4,16,6868,fpga,ImageNet16-120,39.000000,0.649120,0.531168,16170
4,16,5793,fpga,ImageNet16-120,35.033333,0.517920,0.531168,16170
4,16,8008,fpga,ImageNet16-120,43.500000,0.876800,0.531168,16170
4,16,15446,fpga,ImageNet16-120,45.766666,1.116320,0.531168,16170
4,16,11079,fpga,ImageNet16-120,43.566666,0.902400,0.531168,16170
4,16,2835,fpga,ImageNet16-120,38.222220,0.546720,0.531168,16170
4,17,1751,pixel3,ImageNet16-120,33.955555,0.666929,0.837026,16091
4,17,12424,pixel3,ImageNet16-120,43.133330,2.470150,0.837026,16091
4,17,10340,pixel3,ImageNet16-120,31.522223,0.617772,0.837026,16091
4,17,8853,pixel3,ImageNet16-120,45.600000,3.554540,0.837026,16091
4,17,857,pixel3,ImageNet16-120,47.311110,6.686850,0.837026,16091
4,17,10154,pixel3,ImageNet16-120,46.133335,4.783700,0.837026,16091
4,17,12355,pixel3,ImageNet16-120,45.033333,2.989390,0.837026,16091
4,17,12516,pixel3,ImageNet16-120,32.083332,0.617816,0.837026,16091
4,17,4988,pixel3,ImageNet16-120,28.933332,0.485996,0.837026,16091
4,17,2018,pixel3,ImageNet16-120,46.433334,4.949210,0.837026,16091
4,17,25,pixel3,ImageNet16-120,28.300000,0.422510,0.837026,16091
4,17,1860,pixel3,ImageNet16-120,28.433332,0.422587,0.837026,16091
4,17,14417,pixel3,ImageNet16-120,45.900000,4.143030,0.837026,16091
4,17,1939,pixel3,ImageNet16-120,45.077778,3.021500,0.837026,16091
4,17,13059,pixel3,ImageNet16-120,34.266666,0.668679,0.837026,16091
4,17,6014,pixel3,ImageNet16-120,28.533333,0.423391,0.837026,16091
4,17,6854,pixel3,ImageNet16-120,40.800000,1.621620,0.837026,16091
4,17,4432,pixel3,ImageNet16-120,37.800000,0.861157,0.837026,16091
4,17,12639,pixel3,ImageNet16-120,40.400000,1.304440,0.837026,16091
4,17,1147,pixel3,ImageNet16-120,33.733334,0.666281,0.837026,16091
4,17,15383,pixel3,ImageNet16-120,47.033333,5.191720,0.837026,16091
4,17,1558,pixel3,ImageNet16-120,33.977780,0.667566,0.837026,16091
4,17,4627,pixel3,ImageNet16-120,43.500000,2.479640,0.837026,16091
4,17,4384,pixel3,ImageNet16-120,28.133333,0.421612,0.837026,16091
4,17,12506,pixel3,ImageNet16-120,43.983334,2.929990,0.837026,16091
4,17,978,pixel3,ImageNet16-120,33.488888,0.665489,0.837026,16091
4,17,12466,pixel3,ImageNet16-120,46.100000,4.680280,0.837026,16091
4,17,4977,pixel3,ImageNet16-120,32.966667,0.617991,0.837026,16091
4,17,1425,pixel3,ImageNet16-120,45.977780,4.619290,0.837026,16091
4,17,11000,pixel3,ImageNet16-120,44.866665,2.962520,0.837026,16091
4,17,2835,pixel3,ImageNet16-120,38.222220,0.868646,0.837026,16091
4,17,1110,pixel3,ImageNet16-120,28.600000,0.423927,0.837026,16091
4,17,4587,pixel3,ImageNet16-120,28.800000,0.445767,0.837026,16091
4,17,13756,pixel3,ImageNet16-120,0.833333,0.005289,0.837026,16091
4,17,3728,pixel3,ImageNet16-120,28.500000,0.422880,0.837026,16091
4,17,1549,pixel3,ImageNet16-120,28.655556,0.424747,0.837026,16091
4,17,10412,pixel3,ImageNet16-120,43.733334,2.753550,0.837026,16091
4,17,872,pixel3,ImageNet16-120,41.777780,2.465030,0.837026,16091
4,17,5487,pixel3,ImageNet16-120,38.500000,1.109150,0.837026,16091
4,17,249,pixel3,ImageNet16-120,43.577778,2.720310,0.837026,16091
4,17,12103,pixel3,ImageNet16-120,28.250000,0.422433,0.837026,16091
4,17,7187,pixel3,ImageNet16-120,28.683332,0.425223,0.837026,16091
4,17,4895,pixel3,ImageNet16-120,33.200000,0.619070,0.837026,16091
4,18,4988,raspi4,ImageNet16-120,28.933332,1.003251,0.931567,16130
4,18,857,raspi4,ImageNet16-120,47.311110,9.020064,0.931567,16130
4,18,12452,raspi4,ImageNet16-120,40.533333,3.592146,0.931567,16130
4,18,2018,raspi4,ImageNet16-120,46.433334,7.482383,0.931567,16130
4,18,15446,raspi4,ImageNet16-120,45.766666,7.469873,0.931567,16130
4,18,3782,raspi4,ImageNet16-120,41.866665,3.755286,0.931567,16130
4,18,1413,raspi4,ImageNet16-120,42.711113,3.788479,0.931567,16130
4,18,9496,raspi4,ImageNet16-120,38.200000,2.204048,0.931567,16130
4,18,13931,raspi4,ImageNet16-120,28.788889,0.956195,0.931567,16130
4,18,15383,raspi4,ImageNet16-120,47.033333,8.565354,0.931567,16130
4,18,4995,raspi4,ImageNet16-120,42.166668,3.766336,0.931567,16130
4,18,7551,raspi4,ImageNet16-120,38.477780,2.950436,0.931567,16130
4,18,14677,raspi4,ImageNet16-120,33.233334,1.537227,0.931567,16130
4,18,6854,raspi4,ImageNet16-120,40.800000,3.661016,0.931567,16130
4,18,12231,raspi4,ImageNet16-120,40.200000,3.188915,0.931567,16130
4,18,6787,raspi4,ImageNet16-120,44.400000,4.532777,0.931567,16130
4,18,1939,raspi4,ImageNet16-120,45.077778,5.341908,0.931567,16130
4,18,933,raspi4,ImageNet16-120,0.833333,0.011514,0.931567,16130
4,18,9032,raspi4,ImageNet16-120,38.016666,2.201532,0.931567,16130
4,18,2779,raspi4,ImageNet16-120,37.355556,2.190654,0.931567,16130
4,18,5973,raspi4,ImageNet16-120,40.100000,3.159922,0.931567,16130
4,18,15363,raspi4,ImageNet16-120,44.333332,4.480516,0.931567,16130
4,18,41,raspi4,ImageNet16-120,32.388890,1.528043,0.931567,16130
4,18,7252,raspi4,ImageNet16-120,44.666668,5.322441,0.931567,16130
4,18,7187,raspi4,ImageNet16-120,28.683332,0.952790,0.931567,16130
4,18,45,raspi4,ImageNet16-120,33.611110,1.581422,0.931567,16130
4,18,7955,raspi4,ImageNet16-120,39.388890,3.082832,0.931567,16130
4,18,14750,raspi4,ImageNet16-120,32.933334,1.536700,0.931567,16130
4,18,8426,raspi4,ImageNet16-120,44.633335,5.288439,0.931567,16130
4,18,8355,raspi4,ImageNet16-120,39.666668,3.083286,0.931567,16130
4,18,8853,raspi4,ImageNet16-120,45.600000,6.961605,0.931567,16130
4,18,10189,raspi4,ImageNet16-120,45.200000,6.699618,0.931567,16130
4,18,1204,raspi4,ImageNet16-120,37.844444,2.199356,0.931567,16130
4,18,7227,raspi4,ImageNet16-120,32.533333,1.530737,0.931567,16130
4,18,11946,raspi4,ImageNet16-120,28.200000,0.940293,0.931567,16130
4,18,14792,raspi4,ImageNet16-120,43.033333,3.792447,0.931567,16130
4,18,3496,raspi4,ImageNet16-120,34.233334,1.598666,0.931567,16130
4,18,12355,raspi4,ImageNet16-120,45.033333,5.326674,0.931567,16130
4,18,10217,raspi4,ImageNet16-120,45.100000,6.109362,0.931567,16130
4,18,12358,raspi4,ImageNet16-120,34.055557,1.582727,0.931567,16130
4,18,12505,raspi4,ImageNet16-120,39.283333,3.062432,0.931567,16130
4,18,13771,raspi4,ImageNet16-120,32.744446,1.533813,0.931567,16130
4,18,2035,raspi4,ImageNet16-120,33.788887,1.582606,0.931567,16130
4,18,219,raspi4,ImageNet16-120,42.500000,3.768475,0.931567,16130
4,18,3960,raspi4,ImageNet16-120,37.755554,2.197980,0.931567,16130
4,18,5487,raspi4,ImageNet16-120,38.500000,3.019000,0.931567,16130
4,18,10715,raspi4,ImageNet16-120,45.533333,6.790813,0.931567,16130
4,18,10167,raspi4,ImageNet16-120,39.944443,3.106316,0.931567,16130
4,18,11079,raspi4,ImageNet16-120,43.566666,3.802027,0.931567,16130
4,18,3687,raspi4,ImageNet16-120,34.066666,1.583497,0.931567,16130
5,1,15200,edgegpu,cifar10,10.000000,0.501385,0.571950,16209
5,1,13401,edgegpu,cifar10,87.010000,1.457009,0.571950,16209
5,1,10484,edgegpu,cifar10,93.810000,3.354015,0.571950,16209
5,1,2776,edgegpu,cifar10,93.666664,3.331194,0.571950,16209
5,1,11692,edgegpu,cifar10,94.130000,4.708362,0.571950,16209
5,1,6950,edgegpu,cifar10,92.000000,1.738467,0.571950,16209
5,1,5780,edgegpu,cifar10,93.980000,3.361888,0.571950,16209
5,1,13714,edgegpu,cifar10,94.373340,6.772180,0.571950,16209
5,1,1099,edgegpu,cifar10,92.240000,1.774683,0.571950,16209
5,1,2053,edgegpu,cifar10,94.206665,5.482254,0.571950,16209
5,1,1459,edgegpu,cifar10,94.296670,6.748991,0.571950,16209
5,1,5400,edgegpu,cifar10,86.630000,1.427460,0.571950,16209
5,1,5292,edgegpu,cifar10,94.293335,6.663151,0.571950,16209
5,1,1339,edgegpu,cifar10,92.136665,1.751881,0.571950,16209
5,1,2090,edgegpu,cifar10,86.650000,1.437702,0.571950,16209
5,1,14090,edgegpu,cifar10,92.086670,1.749086,0.571950,16209
5,1,14527,edgegpu,cifar10,86.765000,1.439619,0.571950,16209
5,1,10683,edgegpu,cifar10,92.330000,1.924162,0.571950,16209
5,1,6330,edgegpu,cifar10,94.006670,4.384699,0.571950,16209
5,1,12113,edgegpu,cifar10,92.245000,1.846456,0.571950,16209
5,1,561,edgegpu,cifar10,86.880000,1.451068,0.571950,16209
5,1,14407,edgegpu,cifar10,86.770000,1.440282,0.571950,16209
5,1,11810,edgegpu,cifar10,92.780000,1.992798,0.571950,16209
5,2,6382,edgetpu,cifar10,93.376660,0.628638,0.701321,16287
5,2,9344,edgetpu,cifar10,89.010000,0.391062,0.701321,16287
5,2,13714,edgetpu,cifar10,94.373340,1.377865,0.701321,16287
5,2,4675,edgetpu,cifar10,89.200000,0.395661,0.701321,16287
5,2,2053,edgetpu,cifar10,94.206665,1.042178,0.701321,16287
5,2,5111,edgetpu,cifar10,94.306660,1.152010,0.701321,16287
5,2,11533,edgetpu,cifar10,93.420000,0.632626,0.701321,16287
5,2,6918,edgetpu,cifar10,87.000000,0.375819,0.701321,16287
5,2,2648,edgetpu,cifar10,93.246666,0.628167,0.701321,16287
5,2,3731,edgetpu,cifar10,94.343330,1.282820,0.701321,16287
5,2,7017,edgetpu,cifar10,86.970000,0.353089,0.701321,16287
5,2,12607,edgetpu,cifar10,89.180000,0.391577,0.701321,16287
5,2,11692,edgetpu,cifar10,94.130000,0.761100,0.701321,16287
5,2,10167,edgetpu,cifar10,92.020000,0.481180,0.701321,16287
5,2,2240,edgetpu,cifar10,91.990000,0.480973,0.701321,16287
5,2,11438,edgetpu,cifar10,92.500000,0.482393,0.701321,16287
5,2,15459,edgetpu,cifar10,93.160000,0.628147,0.701321,16287
5,2,2485,edgetpu,cifar10,86.700000,0.346546,0.701321,16287
5,2,6515,edgetpu,cifar10,93.616670,0.722858,0.701321,16287
5,2,7636,edgetpu,cifar10,92.270000,0.481888,0.701321,16287
5,2,3927,edgetpu,cifar10,93.626660,0.723268,0.701321,16287
5,2,8525,edgetpu,cifar10,89.320000,0.420874,0.701321,16287
5,2,6584,edgetpu,cifar10,94.160000,0.888877,0.701321,16287
5,2,7676,edgetpu,cifar10,92.230000,0.481331,0.701321,16287
5,2,9950,edgetpu,cifar10,93.840000,0.723767,0.701321,16287
5,2,5946,edgetpu,cifar10,88.963330,0.389012,0.701321,16287
5,2,5780,edgetpu,cifar10,93.980000,0.723967,0.701321,16287
5,2,8192,edgetpu,cifar10,93.093330,0.627745,0.701321,16287
5,2,9689,edgetpu,cifar10,93.370000,0.628386,0.701321,16287
5,3,3687,eyeriss,cifar10,89.820000,1.925300,0.523363,16415
5,3,6899,eyeriss,cifar10,90.900000,2.416820,0.523363,16415
5,3,4384,eyeriss,cifar10,86.796670,1.679540,0.523363,16415
5,3,13714,eyeriss,cifar10,94.373340,7.823540,0.523363,16415
5,3,6111,eyeriss,cifar10,94.373340,7.823540,0.523363,16415
5,3,3731,eyeriss,cifar10,94.343330,6.594740,0.523363,16415
5,3,8008,eyeriss,cifar10,93.480000,3.399860,0.523363,16415
5,3,11692,eyeriss,cifar10,94.130000,4.874420,0.523363,16415
5,3,6854,eyeriss,cifar10,91.040000,2.662580,0.523363,16415
5,3,5111,eyeriss,cifar10,94.306660,5.365940,0.523363,16415
5,3,8323,eyeriss,cifar10,90.870000,2.171060,0.523363,16415
5,3,11472,eyeriss,cifar10,93.970000,4.628660,0.523363,16415
5,3,13611,eyeriss,cifar10,92.490000,3.154100,0.523363,16415
5,3,8592,eyeriss,cifar10,93.750000,3.891380,0.523363,16415
5,3,12002,eyeriss,cifar10,93.510000,3.645620,0.523363,16415
5,3,11376,eyeriss,cifar10,93.510000,3.645620,0.523363,16415
5,4,8008,fpga,cifar10,93.480000,2.905760,0.472010,16249
5,4,8323,fpga,cifar10,90.870000,2.163360,0.472010,16249
5,4,11692,fpga,cifar10,94.130000,4.163360,0.472010,16249
5,4,3687,fpga,cifar10,89.820000,1.648160,0.472010,16249
5,4,4384,fpga,cifar10,86.796670,1.132960,0.472010,16249
5,4,10431,fpga,cifar10,87.000000,1.542560,0.472010,16249
5,4,6111,fpga,cifar10,94.373340,6.678560,0.472010,16249
5,4,3731,fpga,cifar10,94.343330,5.936160,0.472010,16249
5,4,11472,fpga,cifar10,93.970000,3.648160,0.472010,16249
5,4,13611,fpga,cifar10,92.490000,2.390560,0.472010,16249
5,4,11525,fpga,cifar10,90.000000,2.057760,0.472010,16249
5,4,5111,fpga,cifar10,94.306660,5.193760,0.472010,16249
5,4,13987,fpga,cifar10,93.596664,3.420960,0.472010,16249
5,4,13714,fpga,cifar10,94.373340,6.678560,0.472010,16249
5,5,1894,pixel3,cifar10,92.110000,5.778250,0.837636,16179
5,5,1778,pixel3,cifar10,92.180000,6.446230,0.837636,16179
5,5,1616,pixel3,cifar10,89.740000,2.038690,0.837636,16179
5,5,1339,pixel3,cifar10,92.136665,5.802240,0.837636,16179
5,5,6111,pixel3,cifar10,94.373340,23.584800,0.837636,16179
5,5,3731,pixel3,cifar10,94.343330,23.361300,0.837636,16179
5,5,13987,pixel3,cifar10,93.596664,9.922680,0.837636,16179
5,5,7197,pixel3,cifar10,90.366670,2.447670,0.837636,16179
5,5,11692,pixel3,cifar10,94.130000,15.490100,0.837636,16179
5,5,6863,pixel3,cifar10,86.740000,1.229320,0.837636,16179
5,5,6918,pixel3,cifar10,87.000000,1.478790,0.837636,16179
5,5,6382,pixel3,cifar10,93.376660,7.048190,0.837636,16179
5,5,8695,pixel3,cifar10,94.220000,17.564500,0.837636,16179
5,5,6434,pixel3,cifar10,91.080000,4.811140,0.837636,16179
5,5,6985,pixel3,cifar10,89.940000,2.367450,0.837636,16179
5,5,10689,pixel3,cifar10,90.790000,2.669770,0.837636,16179
5,5,5111,pixel3,cifar10,94.306660,17.584600,0.837636,16179
5,5,6584,pixel3,cifar10,94.160000,15.720300,0.837636,16179
5,5,7001,pixel3,cifar10,10.000000,0.003277,0.837636,16179
5,5,5915,pixel3,cifar10,86.846664,1.472530,0.837636,16179
5,5,8592,pixel3,cifar10,93.750000,10.769800,0.837636,16179
5,5,4554,pixel3,cifar10,86.670000,1.114880,0.837636,16179
5,5,9230,pixel3,cifar10,86.580000,1.056760,0.837636,16179
5,5,12452,pixel3,cifar10,91.350000,5.590110,0.837636,16179
5,5,13171,pixel3,cifar10,93.530000,7.717220,0.837636,16179
5,5,1497,pixel3,cifar10,86.556660,1.056630,0.837636,16179
5,5,6999,pixel3,cifar10,93.820000,12.260900,0.837636,16179
5,5,4384,pixel3,cifar10,86.796670,1.467300,0.837636,16179
5,5,1943,pixel3,cifar10,93.116670,6.492030,0.837636,16179
5,5,8323,pixel3,cifar10,90.870000,3.106420,0.837636,16179
5,5,2779,pixel3,cifar10,90.806660,3.102950,0.837636,16179
5,5,8708,pixel3,cifar10,94.080000,12.839000,0.837636,16179
5,5,4578,pixel3,cifar10,89.673330,1.714730,0.837636,16179
5,5,11972,pixel3,cifar10,91.510000,5.627010,0.837636,16179
5,5,5224,pixel3,cifar10,88.980000,1.570360,0.837636,16179
5,5,1425,pixel3,cifar10,93.933334,12.536500,0.837636,16179
5,5,4627,pixel3,cifar10,93.270000,7.036050,0.837636,16179
5,5,6899,pixel3,cifar10,90.900000,3.961410,0.837636,16179
5,5,1941,pixel3,cifar10,93.533330,9.128690,0.837636,16179
5,5,1804,pixel3,cifar10,89.063330,1.579900,0.837636,16179
5,5,6624,pixel3,cifar10,89.120000,1.670570,0.837636,16179
5,5,6854,pixel3,cifar10,91.040000,4.514220,0.837636,16179
5,5,1631,pixel3,cifar10,89.506670,1.697120,0.837636,16179
5,6,11692,raspi4,cifar10,94.130000,37.583630,0.710548,16007
5,6,2058,raspi4,cifar10,93.270000,19.484835,0.710548,16007
5,6,13611,raspi4,cifar10,92.490000,18.523302,0.710548,16007
5,6,6960,raspi4,cifar10,92.280000,17.162752,0.710548,16007
5,6,5111,raspi4,cifar10,94.306660,41.756905,0.710548,16007
5,6,1941,raspi4,cifar10,93.533330,25.121769,0.710548,16007
5,6,8592,raspi4,cifar10,93.750000,25.477009,0.710548,16007
5,6,1690,raspi4,cifar10,86.646670,2.536549,0.710548,16007
5,6,10275,raspi4,cifar10,91.080000,9.993188,0.710548,16007
5,6,3731,raspi4,cifar10,94.343330,58.070793,0.710548,16007
5,6,6382,raspi4,cifar10,93.376660,21.461164,0.710548,16007
5,6,9380,raspi4,cifar10,89.335000,4.875613,0.710548,16007
5,6,9240,raspi4,cifar10,90.860000,9.774760,0.710548,16007
5,6,8426,raspi4,cifar10,93.840000,31.394428,0.710548,16007
5,6,6111,raspi4,cifar10,94.373340,68.404106,0.710548,16007
5,6,1962,raspi4,cifar10,86.530000,2.529453,0.710548,16007
5,6,5780,raspi4,cifar10,93.980000,34.928463,0.710548,16007
5,6,9271,raspi4,cifar10,89.250000,4.830311,0.710548,16007
5,6,11810,raspi4,cifar10,92.780000,18.619905,0.710548,16007
5,6,7017,raspi4,cifar10,86.970000,2.544041,0.710548,16007
5,6,6985,raspi4,cifar10,89.940000,4.995646,0.710548,16007
5,6,3960,raspi4,cifar10,90.830000,7.433146,0.710548,16007
5,6,6584,raspi4,cifar10,94.160000,38.818527,0.710548,16007
5,6,6577,raspi4,cifar10,10.000000,0.011297,0.710548,16007
5,6,12002,raspi4,cifar10,93.510000,24.816572,0.710548,16007
5,6,6953,raspi4,cifar10,91.990000,15.601654,0.710548,16007
5,6,14565,raspi4,cifar10,88.880000,4.781183,0.710548,16007
5,6,12504,raspi4,cifar10,92.130000,16.890614,0.710548,16007
5,6,13846,raspi4,cifar10,90.720000,7.176163,0.710548,16007
5,6,10412,raspi4,cifar10,93.530000,25.079220,0.710548,16007
5,6,8008,raspi4,cifar10,93.480000,22.571420,0.710548,16007
5,6,6918,raspi4,cifar10,87.000000,2.787590,0.710548,16007
5,6,14677,raspi4,cifar10,88.670000,4.755260,0.710548,16007
5,6,2035,raspi4,cifar10,89.670000,4.984099,0.710548,16007
5,6,1804,raspi4,cifar10,89.063330,4.791845,0.710548,16007
5,6,11533,raspi4,cifar10,93.420000,21.715693,0.710548,16007
5,7,3888,edgegpu,cifar100,73.260000,6.797867,0.627762,16182
5,7,4332,edgegpu,cifar100,66.860000,1.769095,0.627762,16182
5,7,9930,edgegpu,cifar100,73.513336,6.803060,0.627762,16182
5,7,2778,edgegpu,cifar100,72.993330,6.134028,0.627762,16182
5,7,4954,edgegpu,cifar100,73.000000,6.669736,0.627762,16182
5,7,8569,edgegpu,cifar100,68.200000,1.791072,0.627762,16182
5,7,8401,edgegpu,cifar100,71.080000,3.302102,0.627762,16182
5,7,12415,edgegpu,cifar100,71.940000,4.828467,0.627762,16182
5,7,2304,edgegpu,cifar100,58.660000,1.440253,0.627762,16182
5,7,10443,edgegpu,cifar100,68.300000,1.810923,0.627762,16182
5,7,9922,edgegpu,cifar100,58.560000,1.428552,0.627762,16182
5,7,4609,edgegpu,cifar100,66.520000,1.758838,0.627762,16182
5,7,1509,edgegpu,cifar100,1.000000,0.505853,0.627762,16182
5,7,11885,edgegpu,cifar100,68.040000,1.776652,0.627762,16182
5,7,3953,edgegpu,cifar100,62.613335,1.757269,0.627762,16182
5,7,8912,edgegpu,cifar100,59.200000,1.441355,0.627762,16182
5,7,4418,edgegpu,cifar100,72.746666,5.352364,0.627762,16182
5,7,6124,edgegpu,cifar100,68.360000,3.185835,0.627762,16182
5,7,1425,edgegpu,cifar100,72.093330,5.310225,0.627762,16182
5,7,9997,edgegpu,cifar100,71.520000,3.466139,0.627762,16182
5,7,12238,edgegpu,cifar100,67.240000,1.772847,0.627762,16182
5,8,1110,edgetpu,cifar100,58.840000,0.355938,0.717145,16017
5,8,577,edgetpu,cifar100,69.680000,0.635228,0.717145,16017
5,8,10000,edgetpu,cifar100,73.160000,1.283461,0.717145,16017
5,8,5019,edgetpu,cifar100,58.880000,0.357058,0.717145,16017
5,8,69,edgetpu,cifar100,71.020000,0.727259,0.717145,16017
5,8,7760,edgetpu,cifar100,67.800000,0.489248,0.717145,16017
5,8,1425,edgetpu,cifar100,72.093330,0.910660,0.717145,16017
5,8,13731,edgetpu,cifar100,66.953330,0.487148,0.717145,16017
5,8,857,edgetpu,cifar100,72.880000,1.264168,0.717145,16017
5,8,9930,edgetpu,cifar100,73.513336,1.454107,0.717145,16017
5,8,8401,edgetpu,cifar100,71.080000,0.728572,0.717145,16017
5,8,14945,edgetpu,cifar100,58.500000,0.354940,0.717145,16017
5,8,11810,edgetpu,cifar100,68.300000,0.492126,0.717145,16017
5,8,14300,edgetpu,cifar100,67.300000,0.487450,0.717145,16017
5,8,12415,edgetpu,cifar100,71.940000,0.872299,0.717145,16017
5,8,777,edgetpu,cifar100,58.650000,0.355588,0.717145,16017
5,8,4418,edgetpu,cifar100,72.746666,1.093699,0.717145,16017
5,8,9689,edgetpu,cifar100,69.760000,0.636296,0.717145,16017
5,8,9997,edgetpu,cifar100,71.520000,0.729986,0.717145,16017
5,8,12607,edgetpu,cifar100,62.600000,0.392830,0.717145,16017
5,8,15363,edgetpu,cifar100,70.520000,0.676394,0.717145,16017
5,8,898,edgetpu,cifar100,70.000000,0.636860,0.717145,16017
5,8,11885,edgetpu,cifar100,68.040000,0.489665,0.717145,16017
5,8,12113,edgetpu,cifar100,67.480000,0.487574,0.717145,16017
5,8,13829,edgetpu,cifar100,66.873340,0.485137,0.717145,16017
5,8,1804,edgetpu,cifar100,62.246666,0.392786,0.717145,16017
5,8,8638,edgetpu,cifar100,58.860000,0.356631,0.717145,16017
5,8,12574,edgetpu,cifar100,72.740000,0.932430,0.717145,16017
5,8,10596,edgetpu,cifar100,67.633330,0.488672,0.717145,16017
5,8,9271,edgetpu,cifar100,63.400000,0.393151,0.717145,16017
5,8,12761,edgetpu,cifar100,72.860000,1.225212,0.717145,16017
5,8,1383,edgetpu,cifar100,70.273330,0.673722,0.717145,16017
5,8,2705,edgetpu,cifar100,62.813330,0.393026,0.717145,16017
5,8,797,edgetpu,cifar100,69.580000,0.633351,0.717145,16017
5,8,3888,edgetpu,cifar100,73.260000,1.316226,0.717145,16017
5,8,1943,edgetpu,cifar100,69.626660,0.634759,0.717145,16017
5,8,10679,edgetpu,cifar100,62.080000,0.391915,0.717145,16017
5,8,431,edgetpu,cifar100,67.626660,0.488557,0.717145,16017
5,9,10689,eyeriss,cifar100,67.500000,2.174080,0.509953,16667
5,9,3687,eyeriss,cifar100,64.460000,1.928320,0.509953,16667
5,9,3487,eyeriss,cifar100,70.093330,3.402880,0.509953,16667
5,9,9930,eyeriss,cifar100,73.513336,9.055360,0.509953,16667
5,9,3888,eyeriss,cifar100,73.260000,6.597760,0.509953,16667
5,9,12574,eyeriss,cifar100,72.740000,5.123200,0.509953,16667
5,9,5084,eyeriss,cifar100,58.813330,1.682560,0.509953,16667
5,9,12761,eyeriss,cifar100,72.860000,6.352000,0.509953,16667
5,9,12970,eyeriss,cifar100,68.140000,2.665600,0.509953,16667
5,9,6925,eyeriss,cifar100,71.220000,3.894400,0.509953,16667
5,9,3540,eyeriss,cifar100,71.500000,4.877440,0.509953,16667
5,9,6787,eyeriss,cifar100,70.720000,3.648640,0.509953,16667
5,9,12820,eyeriss,cifar100,67.720000,2.419840,0.509953,16667
5,10,15033,fpga,cifar100,67.793335,2.390560,0.514319,16288
5,10,9930,fpga,cifar100,73.513336,7.420960,0.514319,16288
5,10,12761,fpga,cifar100,72.860000,5.420960,0.514319,16288
5,10,3888,fpga,cifar100,73.260000,5.936160,0.514319,16288
5,10,6787,fpga,cifar100,70.720000,3.420960,0.514319,16288
5,10,5651,fpga,cifar100,64.690000,1.648160,0.514319,16288
5,10,6925,fpga,cifar100,71.220000,3.936160,0.514319,16288
5,10,11973,fpga,cifar100,70.340000,2.905760,0.514319,16288
5,10,12295,fpga,cifar100,71.160000,3.648160,0.514319,16288
5,10,5033,fpga,cifar100,59.060000,1.542560,0.514319,16288
5,10,5084,fpga,cifar100,58.813330,1.132960,0.514319,16288
5,10,3540,fpga,cifar100,71.500000,4.163360,0.514319,16288
5,10,10689,fpga,cifar100,67.500000,2.163360,0.514319,16288
5,10,12574,fpga,cifar100,72.740000,4.678560,0.514319,16288
5,10,11979,fpga,cifar100,68.000000,2.800160,0.514319,16288
5,10,6830,fpga,cifar100,71.460000,4.057760,0.514319,16288
5,10,4249,fpga,cifar100,65.080000,2.057760,0.514319,16288
5,11,8912,pixel3,cifar100,59.200000,1.478790,0.660428,16016
5,11,12574,pixel3,cifar100,72.740000,16.473900,0.660428,16016
5,11,9930,pixel3,cifar100,73.513336,42.003600,0.660428,16016
5,11,3888,pixel3,cifar100,73.260000,23.477200,0.660428,16016
5,11,1459,pixel3,cifar100,73.140000,23.437900,0.660428,16016
5,11,11000,pixel3,cifar100,71.180000,10.677600,0.660428,16016
5,11,15246,pixel3,cifar100,66.966670,3.115230,0.660428,16016
5,11,6899,pixel3,cifar100,67.080000,3.983530,0.660428,16016
5,11,2649,pixel3,cifar100,64.446660,2.496890,0.660428,16016
5,11,1593,pixel3,cifar100,62.126667,1.582050,0.660428,16016
5,11,1781,pixel3,cifar100,64.326670,2.386170,0.660428,16016
5,11,6985,pixel3,cifar100,64.160000,2.372000,0.660428,16016
5,11,1357,pixel3,cifar100,67.480000,3.998260,0.660428,16016
5,11,1616,pixel3,cifar100,63.946667,1.731160,0.660428,16016
5,11,9649,pixel3,cifar100,64.540000,2.536210,0.660428,16016
5,11,857,pixel3,cifar100,72.880000,19.113200,0.660428,16016
5,11,6337,pixel3,cifar100,1.000000,0.008753,0.660428,16016
5,11,10042,pixel3,cifar100,64.880000,2.794690,0.660428,16016
5,11,898,pixel3,cifar100,70.000000,6.516140,0.660428,16016
5,11,1409,pixel3,cifar100,58.853333,1.275090,0.660428,16016
5,11,978,pixel3,cifar100,64.180000,2.372340,0.660428,16016
5,11,1631,pixel3,cifar100,63.986668,1.805000,0.660428,16016
5,11,4689,pixel3,cifar100,66.860000,3.113300,0.660428,16016
5,11,12970,pixel3,cifar100,68.140000,4.782110,0.660428,16016
5,11,906,pixel3,cifar100,62.393333,1.661810,0.660428,16016
5,11,699,pixel3,cifar100,72.240000,12.079400,0.660428,16016
5,11,1147,pixel3,cifar100,63.993332,2.371520,0.660428,16016
5,11,777,pixel3,cifar100,58.650000,1.087020,0.660428,16016
5,11,15363,pixel3,cifar100,70.520000,9.708640,0.660428,16016
5,11,14112,pixel3,cifar100,68.386665,5.745320,0.660428,16016
5,12,11000,raspi4,cifar100,71.180000,26.077381,0.683084,15979
5,12,9762,raspi4,cifar100,67.080000,9.740194,0.683084,15979
5,12,6787,raspi4,cifar100,70.720000,23.081835,0.683084,15979
5,12,3487,raspi4,cifar100,70.093330,21.603350,0.683084,15979
5,12,1939,raspi4,cifar100,70.760000,24.555029,0.683084,15979
5,12,12607,raspi4,cifar100,62.600000,4.779045,0.683084,15979
5,12,1459,raspi4,cifar100,73.140000,53.879950,0.683084,15979
5,12,15246,raspi4,cifar100,66.966670,7.350053,0.683084,15979
5,12,9930,raspi4,cifar100,73.513336,71.152000,0.683084,15979
5,12,8740,raspi4,cifar100,1.000000,0.015215,0.683084,15979
5,12,15589,raspi4,cifar100,59.060000,2.795078,0.683084,15979
5,12,12761,raspi4,cifar100,72.860000,53.718200,0.683084,15979
5,12,2222,raspi4,cifar100,58.313330,2.538255,0.683084,15979
5,12,11272,raspi4,cifar100,68.260000,14.764390,0.683084,15979
5,12,12574,raspi4,cifar100,72.740000,36.371254,0.683084,15979
5,12,1572,raspi4,cifar100,69.900000,19.916142,0.683084,15979
5,12,6294,raspi4,cifar100,66.973335,7.376450,0.683084,15979
5,12,9997,raspi4,cifar100,71.520000,34.996710,0.683084,15979
5,12,4418,raspi4,cifar100,72.746666,47.162354,0.683084,15979
5,12,12857,raspi4,cifar100,66.660000,7.215488,0.683084,15979
5,12,8720,raspi4,cifar100,64.130000,5.082239,0.683084,15979
5,12,375,raspi4,cifar100,64.440000,5.099302,0.683084,15979
5,12,3888,raspi4,cifar100,73.260000,55.029520,0.683084,15979
5,12,9271,raspi4,cifar100,63.400000,4.800893,0.683084,15979
5,12,15363,raspi4,cifar100,70.520000,21.809430,0.683084,15979
5,12,2200,raspi4,cifar100,63.886665,5.014668,0.683084,15979
5,12,7551,raspi4,cifar100,67.286670,14.059243,0.683084,15979
5,12,3408,raspi4,cifar100,63.993332,5.081906,0.683084,15979
5,12,10222,raspi4,cifar100,58.860000,2.747804,0.683084,15979
5,12,14612,raspi4,cifar100,58.720000,2.563505,0.683084,15979
5,12,9895,raspi4,cifar100,69.400000,19.211880,0.683084,15979
5,12,10042,raspi4,cifar100,64.880000,5.100886,0.683084,15979
5,12,6822,raspi4,cifar100,58.426666,2.558594,0.683084,15979
5,12,4731,raspi4,cifar100,67.046670,7.444095,0.683084,15979
5,12,7031,raspi4,cifar100,69.526665,19.879576,0.683084,15979
5,12,12915,raspi4,cifar100,66.950000,7.226311,0.683084,15979
5,12,8912,raspi4,cifar100,59.200000,2.818969,0.683084,15979
5,13,8355,edgegpu,ImageNet16-120,39.666668,1.810203,0.706547,16113
5,13,10947,edgegpu,ImageNet16-120,39.944443,1.909800,0.706547,16113
5,13,1164,edgegpu,ImageNet16-120,28.522223,1.435223,0.706547,16113
5,13,4988,edgegpu,ImageNet16-120,28.933332,1.448212,0.706547,16113
5,13,9077,edgegpu,ImageNet16-120,39.500000,1.801076,0.706547,16113
5,13,8401,edgegpu,ImageNet16-120,43.833332,3.322444,0.706547,16113
5,13,1449,edgegpu,ImageNet16-120,40.077778,3.075252,0.706547,16113
5,13,9997,edgegpu,ImageNet16-120,43.966667,3.355384,0.706547,16113
5,13,15159,edgegpu,ImageNet16-120,45.566666,4.632421,0.706547,16113
5,13,1069,edgegpu,ImageNet16-120,44.822224,4.252129,0.706547,16113
5,13,4332,edgegpu,ImageNet16-120,39.444443,1.745496,0.706547,16113
5,13,5751,edgegpu,ImageNet16-120,40.044445,2.434626,0.706547,16113
5,13,13411,edgegpu,ImageNet16-120,31.855556,1.736240,0.706547,16113
5,13,11174,edgegpu,ImageNet16-120,43.933334,3.352251,0.706547,16113
5,13,15383,edgegpu,ImageNet16-120,47.033333,6.262836,0.706547,16113
5,13,768,edgegpu,ImageNet16-120,39.466667,1.776605,0.706547,16113
5,13,14117,edgegpu,ImageNet16-120,28.677778,1.435547,0.706547,16113
5,13,10835,edgegpu,ImageNet16-120,45.233334,4.434366,0.706547,16113
5,13,14612,edgegpu,ImageNet16-120,28.488890,1.434064,0.706547,16113
5,13,4587,edgegpu,ImageNet16-120,28.800000,1.445131,0.706547,16113
5,13,2650,edgegpu,ImageNet16-120,42.433334,3.309817,0.706547,16113
5,13,15288,edgegpu,ImageNet16-120,28.422222,1.417041,0.706547,16113
5,13,11217,edgegpu,ImageNet16-120,43.466667,3.316708,0.706547,16113
5,13,4946,edgegpu,ImageNet16-120,44.700000,3.490419,0.706547,16113
5,13,12415,edgegpu,ImageNet16-120,46.566666,4.667692,0.706547,16113
5,13,6950,edgegpu,ImageNet16-120,38.700000,1.740150,0.706547,16113
5,13,8426,edgegpu,ImageNet16-120,44.633335,3.370147,0.706547,16113
5,13,11438,edgegpu,ImageNet16-120,39.733334,1.903386,0.706547,16113
5,13,857,edgegpu,ImageNet16-120,47.311110,6.707663,0.706547,16113
5,13,7760,edgegpu,ImageNet16-120,39.100000,1.743751,0.706547,16113
5,13,9586,edgegpu,ImageNet16-120,46.933334,5.222673,0.706547,16113
5,13,15376,edgegpu,ImageNet16-120,0.833333,0.533953,0.706547,16113
5,13,10838,edgegpu,ImageNet16-120,45.033333,4.388719,0.706547,16113
5,13,454,edgegpu,ImageNet16-120,41.277780,3.303313,0.706547,16113
5,13,13760,edgegpu,ImageNet16-120,32.333332,1.739759,0.706547,16113
5,13,7187,edgegpu,ImageNet16-120,28.683332,1.443858,0.706547,16113
5,14,15014,edgetpu,ImageNet16-120,28.266666,0.358110,0.700823,15882
5,14,6407,edgetpu,ImageNet16-120,32.333332,0.363748,0.700823,15882
5,14,13931,edgetpu,ImageNet16-120,28.788889,0.360349,0.700823,15882
5,14,8447,edgetpu,ImageNet16-120,40.011112,0.514586,0.700823,15882
5,14,5751,edgetpu,ImageNet16-120,40.044445,0.516992,0.700823,15882
5,14,7750,edgetpu,ImageNet16-120,43.066666,0.551617,0.700823,15882
5,14,4863,edgetpu,ImageNet16-120,39.400000,0.429526,0.700823,15882
5,14,8884,edgetpu,ImageNet16-120,45.033333,0.615792,0.700823,15882
5,14,14662,edgetpu,ImageNet16-120,41.166668,0.547835,0.700823,15882
5,14,10750,edgetpu,ImageNet16-120,44.600000,0.615553,0.700823,15882
5,14,4988,edgetpu,ImageNet16-120,28.933332,0.360694,0.700823,15882
5,14,11079,edgetpu,ImageNet16-120,43.566666,0.552430,0.700823,15882
5,14,2064,edgetpu,ImageNet16-120,38.744446,0.428116,0.700823,15882
5,14,10888,edgetpu,ImageNet16-120,28.333334,0.359044,0.700823,15882
5,14,13397,edgetpu,ImageNet16-120,39.633335,0.430001,0.700823,15882
5,14,7273,edgetpu,ImageNet16-120,42.966667,0.550014,0.700823,15882
5,14,10332,edgetpu,ImageNet16-120,40.033333,0.516152,0.700823,15882
5,14,70,edgetpu,ImageNet16-120,39.377777,0.428228,0.700823,15882
5,14,857,edgetpu,ImageNet16-120,47.311110,0.997730,0.700823,15882
5,14,14677,edgetpu,ImageNet16-120,33.233334,0.364575,0.700823,15882
5,14,4830,edgetpu,ImageNet16-120,42.233334,0.549457,0.700823,15882
5,14,15363,edgetpu,ImageNet16-120,44.333332,0.582280,0.700823,15882
5,14,15383,edgetpu,ImageNet16-120,47.033333,0.780914,0.700823,15882
5,14,5530,edgetpu,ImageNet16-120,42.577778,0.549937,0.700823,15882
5,14,3540,edgetpu,ImageNet16-120,45.122223,0.648670,0.700823,15882
5,14,7396,edgetpu,ImageNet16-120,40.177776,0.517218,0.700823,15882
5,14,9689,edgetpu,ImageNet16-120,42.533333,0.549702,0.700823,15882
5,14,13769,edgetpu,ImageNet16-120,41.555557,0.549360,0.700823,15882
5,14,6950,edgetpu,ImageNet16-120,38.700000,0.427379,0.700823,15882
5,14,13972,edgetpu,ImageNet16-120,31.933332,0.363440,0.700823,15882
5,14,6858,edgetpu,ImageNet16-120,40.333332,0.541300,0.700823,15882
5,14,12415,edgetpu,ImageNet16-120,46.566666,0.710906,0.700823,15882
5,14,4160,edgetpu,ImageNet16-120,39.833332,0.430355,0.700823,15882
5,15,735,eyeriss,ImageNet16-120,38.544445,0.607360,0.462174,16465
5,15,15383,eyeriss,ImageNet16-120,47.033333,1.283200,0.462174,16465
5,15,6787,eyeriss,ImageNet16-120,44.400000,0.914560,0.462174,16465
5,15,857,eyeriss,ImageNet16-120,47.311110,1.651840,0.462174,16465
5,15,1939,eyeriss,ImageNet16-120,45.077778,0.976000,0.462174,16465
5,15,4829,eyeriss,ImageNet16-120,34.200000,0.484480,0.462174,16465
5,15,8853,eyeriss,ImageNet16-120,45.600000,1.037440,0.462174,16465
5,15,6854,eyeriss,ImageNet16-120,40.800000,0.668800,0.462174,16465
5,15,2835,eyeriss,ImageNet16-120,38.222220,0.545920,0.462174,16465
5,15,4988,eyeriss,ImageNet16-120,28.933332,0.423040,0.462174,16465
5,15,8008,eyeriss,ImageNet16-120,43.500000,0.853120,0.462174,16465
5,16,6854,fpga,ImageNet16-120,40.800000,0.809120,0.548029,16186
5,16,8633,fpga,ImageNet16-120,39.766666,0.780320,0.548029,16186
5,16,8008,fpga,ImageNet16-120,43.500000,0.876800,0.548029,16186
5,16,1939,fpga,ImageNet16-120,45.077778,1.062400,0.548029,16186
5,16,14417,fpga,ImageNet16-120,45.900000,1.276320,0.548029,16186
5,16,14748,fpga,ImageNet16-120,44.900000,0.995200,0.548029,16186
5,16,10017,fpga,ImageNet16-120,40.566666,0.784000,0.548029,16186
5,16,4988,fpga,ImageNet16-120,28.933332,0.284320,0.548029,16186
5,16,11161,fpga,ImageNet16-120,34.500000,0.517920,0.548029,16186
5,16,2835,fpga,ImageNet16-120,38.222220,0.546720,0.548029,16186
5,16,15446,fpga,ImageNet16-120,45.766666,1.116320,0.548029,16186
5,16,11079,fpga,ImageNet16-120,43.566666,0.902400,0.548029,16186
5,16,15383,fpga,ImageNet16-120,47.033333,1.504000,0.548029,16186
5,16,6787,fpga,ImageNet16-120,44.400000,0.969600,0.548029,16186
5,16,4829,fpga,ImageNet16-120,34.200000,0.415520,0.548029,16186
5,16,6868,fpga,ImageNet16-120,39.000000,0.649120,0.548029,16186
5,16,857,fpga,ImageNet16-120,47.311110,2.038400,0.548029,16186
5,17,2899,pixel3,ImageNet16-120,43.911110,2.701210,0.743623,16034
5,17,4977,pixel3,ImageNet16-120,32.966667,0.617991,0.743623,16034
5,17,14417,pixel3,ImageNet16-120,45.900000,4.143030,0.743623,16034
5,17,11000,pixel3,ImageNet16-120,44.866665,2.962520,0.743623,16034
5,17,3983,pixel3,ImageNet16-120,33.155556,0.665324,0.743623,16034
5,17,978,pixel3,ImageNet16-120,33.488888,0.665489,0.743623,16034
5,17,4627,pixel3,ImageNet16-120,43.500000,2.479640,0.743623,16034
5,17,10293,pixel3,ImageNet16-120,28.188889,0.422463,0.743623,16034
5,17,1110,pixel3,ImageNet16-120,28.600000,0.423927,0.743623,16034
5,17,2002,pixel3,ImageNet16-120,32.277780,0.617751,0.743623,16034
5,17,1860,pixel3,ImageNet16-120,28.433332,0.422587,0.743623,16034
5,17,1147,pixel3,ImageNet16-120,33.733334,0.666281,0.743623,16034
5,17,1549,pixel3,ImageNet16-120,28.655556,0.424747,0.743623,16034
5,17,4432,pixel3,ImageNet16-120,37.800000,0.861157,0.743623,16034
5,17,15383,pixel3,ImageNet16-120,47.033333,5.191720,0.743623,16034
5,17,12355,pixel3,ImageNet16-120,45.033333,2.989390,0.743623,16034
5,17,857,pixel3,ImageNet16-120,47.311110,6.686850,0.743623,16034
5,17,12424,pixel3,ImageNet16-120,43.133330,2.470150,0.743623,16034
5,17,10154,pixel3,ImageNet16-120,46.133335,4.783700,0.743623,16034
5,17,2018,pixel3,ImageNet16-120,46.433334,4.949210,0.743623,16034
5,17,12452,pixel3,ImageNet16-120,40.533333,1.504410,0.743623,16034
5,17,2835,pixel3,ImageNet16-120,38.222220,0.868646,0.743623,16034
5,17,13756,pixel3,ImageNet16-120,0.833333,0.005289,0.743623,16034
5,17,872,pixel3,ImageNet16-120,41.777780,2.465030,0.743623,16034
5,17,12358,pixel3,ImageNet16-120,34.055557,0.666287,0.743623,16034
5,17,2858,pixel3,ImageNet16-120,33.022220,0.622191,0.743623,16034
5,17,3728,pixel3,ImageNet16-120,28.500000,0.422880,0.743623,16034
5,17,1425,pixel3,ImageNet16-120,45.977780,4.619290,0.743623,16034
5,17,5487,pixel3,ImageNet16-120,38.500000,1.109150,0.743623,16034
5,17,1939,pixel3,ImageNet16-120,45.077778,3.021500,0.743623,16034
5,17,6854,pixel3,ImageNet16-120,40.800000,1.621620,0.743623,16034
5,17,8853,pixel3,ImageNet16-120,45.600000,3.554540,0.743623,16034
5,17,12639,pixel3,ImageNet16-120,40.400000,1.304440,0.743623,16034
5,17,12466,pixel3,ImageNet16-120,46.100000,4.680280,0.743623,16034
5,17,8954,pixel3,ImageNet16-120,28.733334,0.424855,0.743623,16034
5,17,6014,pixel3,ImageNet16-120,28.533333,0.423391,0.743623,16034
5,17,9805,pixel3,ImageNet16-120,34.133335,0.791370,0.743623,16034
5,17,4988,pixel3,ImageNet16-120,28.933332,0.485996,0.743623,16034
5,17,1204,pixel3,ImageNet16-120,37.844444,0.864966,0.743623,16034
5,17,12506,pixel3,ImageNet16-120,43.983334,2.929990,0.743623,16034
5,18,1413,raspi4,ImageNet16-120,42.711113,3.788479,0.833327,16013
5,18,14677,raspi4,ImageNet16-120,33.233334,1.537227,0.833327,16013
5,18,10167,raspi4,ImageNet16-120,39.944443,3.106316,0.833327,16013
5,18,10715,raspi4,ImageNet16-120,45.533333,6.790813,0.833327,16013
5,18,7187,raspi4,ImageNet16-120,28.683332,0.952790,0.833327,16013
5,18,5530,raspi4,ImageNet16-120,42.577778,3.785925,0.833327,16013
5,18,6868,raspi4,ImageNet16-120,39.000000,2.982937,0.833327,16013
5,18,8884,raspi4,ImageNet16-120,45.033333,5.293177,0.833327,16013
5,18,13931,raspi4,ImageNet16-120,28.788889,0.956195,0.833327,16013
5,18,2779,raspi4,ImageNet16-120,37.355556,2.190654,0.833327,16013
5,18,4771,raspi4,ImageNet16-120,33.766666,1.582308,0.833327,16013
5,18,8584,raspi4,ImageNet16-120,34.088890,1.586268,0.833327,16013
5,18,15383,raspi4,ImageNet16-120,47.033333,8.565354,0.833327,16013
5,18,15363,raspi4,ImageNet16-120,44.333332,4.480516,0.833327,16013
5,18,12358,raspi4,ImageNet16-120,34.055557,1.582727,0.833327,16013
5,18,6787,raspi4,ImageNet16-120,44.400000,4.532777,0.833327,16013
5,18,11946,raspi4,ImageNet16-120,28.200000,0.940293,0.833327,16013
5,18,219,raspi4,ImageNet16-120,42.500000,3.768475,0.833327,16013
5,18,13059,raspi4,ImageNet16-120,34.266666,1.595651,0.833327,16013
5,18,11584,raspi4,ImageNet16-120,46.666668,8.014434,0.833327,16013
5,18,857,raspi4,ImageNet16-120,47.311110,9.020064,0.833327,16013
5,18,2018,raspi4,ImageNet16-120,46.433334,7.482383,0.833327,16013
5,18,3782,raspi4,ImageNet16-120,41.866665,3.755286,0.833327,16013
5,18,4988,raspi4,ImageNet16-120,28.933332,1.003251,0.833327,16013
5,18,3431,raspi4,ImageNet16-120,32.966667,1.536690,0.833327,16013
5,18,1939,raspi4,ImageNet16-120,45.077778,5.341908,0.833327,16013
5,18,10017,raspi4,ImageNet16-120,40.566666,3.181383,0.833327,16013
5,18,7551,raspi4,ImageNet16-120,38.477780,2.950436,0.833327,16013
5,18,4995,raspi4,ImageNet16-120,42.166668,3.766336,0.833327,16013
5,18,7227,raspi4,ImageNet16-120,32.533333,1.530737,0.833327,16013
5,18,6336,raspi4,ImageNet16-120,39.366665,3.073392,0.833327,16013
5,18,3960,raspi4,ImageNet16-120,37.755554,2.197980,0.833327,16013
5,18,8853,raspi4,ImageNet16-120,45.600000,6.961605,0.833327,16013
5,18,11653,raspi4,ImageNet16-120,38.100000,2.898014,0.833327,16013
5,18,933,raspi4,ImageNet16-120,0.833333,0.011514,0.833327,16013
5,18,5455,raspi4,ImageNet16-120,32.611110,1.532377,0.833327,16013
5,18,12505,raspi4,ImageNet16-120,39.283333,3.062432,0.833327,16013
5,18,10835,raspi4,ImageNet16-120,45.233334,6.632419,0.833327,16013
5,18,5973,raspi4,ImageNet16-120,40.100000,3.159922,0.833327,16013
5,18,1204,raspi4,ImageNet16-120,37.844444,2.199356,0.833327,16013
5,18,8426,raspi4,ImageNet16-120,44.633335,5.288439,0.833327,16013
5,18,45,raspi4,ImageNet16-120,33.611110,1.581422,0.833327,16013
5,18,13644,raspi4,ImageNet16-120,45.333332,6.780282,0.833327,16013
5,18,11079,raspi4,ImageNet16-120,43.566666,3.802027,0.833327,16013
5,18,9032,raspi4,ImageNet16-120,38.016666,2.201532,0.833327,16013
5,18,10217,raspi4,ImageNet16-120,45.100000,6.109362,0.833327,16013
5,18,41,raspi4,ImageNet16-120,32.388890,1.528043,0.833327,16013
5,18,8355,raspi4,ImageNet16-120,39.666668,3.083286,0.833327,16013
5,18,7955,raspi4,ImageNet16-120,39.388890,3.082832,0.833327,16013
5,18,2035,raspi4,ImageNet16-120,33.788887,1.582606,0.833327,16013
6,1,11692,edgegpu,cifar10,94.130000,4.708362,0.613907,16447
6,1,5780,edgegpu,cifar10,93.980000,3.361888,0.613907,16447
6,1,6499,edgegpu,cifar10,93.645000,3.331041,0.613907,16447
6,1,13401,edgegpu,cifar10,87.010000,1.457009,0.613907,16447
6,1,10484,edgegpu,cifar10,93.810000,3.354015,0.613907,16447
6,1,2090,edgegpu,cifar10,86.650000,1.437702,0.613907,16447
6,1,9099,edgegpu,cifar10,93.940000,3.357520,0.613907,16447
6,1,2776,edgegpu,cifar10,93.666664,3.331194,0.613907,16447
6,1,5292,edgegpu,cifar10,94.293335,6.663151,0.613907,16447
6,1,13714,edgegpu,cifar10,94.373340,6.772180,0.613907,16447
6,1,2053,edgegpu,cifar10,94.206665,5.482254,0.613907,16447
6,1,5400,edgegpu,cifar10,86.630000,1.427460,0.613907,16447
6,1,14407,edgegpu,cifar10,86.770000,1.440282,0.613907,16447
6,1,561,edgegpu,cifar10,86.880000,1.451068,0.613907,16447
6,1,14527,edgegpu,cifar10,86.765000,1.439619,0.613907,16447
6,1,6960,edgegpu,cifar10,92.280000,1.764450,0.613907,16447
6,1,1459,edgegpu,cifar10,94.296670,6.748991,0.613907,16447
6,1,6330,edgegpu,cifar10,94.006670,4.384699,0.613907,16447
6,1,14090,edgegpu,cifar10,92.086670,1.749086,0.613907,16447
6,1,15200,edgegpu,cifar10,10.000000,0.501385,0.613907,16447
6,1,1339,edgegpu,cifar10,92.136665,1.751881,0.613907,16447
6,1,11438,edgegpu,cifar10,92.500000,1.846719,0.613907,16447
6,1,258,edgegpu,cifar10,93.640000,3.307109,0.613907,16447
6,1,11810,edgegpu,cifar10,92.780000,1.992798,0.613907,16447
6,2,15620,edgetpu,cifar10,86.446660,0.352791,0.579178,16138
6,2,9950,edgetpu,cifar10,93.840000,0.723767,0.579178,16138
6,2,5780,edgetpu,cifar10,93.980000,0.723967,0.579178,16138
6,2,4161,edgetpu,cifar10,89.250000,0.391221,0.579178,16138
6,2,6584,edgetpu,cifar10,94.160000,0.888877,0.579178,16138
6,2,7017,edgetpu,cifar10,86.970000,0.353089,0.579178,16138
6,2,2053,edgetpu,cifar10,94.206665,1.042178,0.579178,16138
6,2,3927,edgetpu,cifar10,93.626660,0.723268,0.579178,16138
6,2,3731,edgetpu,cifar10,94.343330,1.282820,0.579178,16138
6,2,6382,edgetpu,cifar10,93.376660,0.628638,0.579178,16138
6,2,11692,edgetpu,cifar10,94.130000,0.761100,0.579178,16138
6,2,8008,edgetpu,cifar10,93.480000,0.629746,0.579178,16138
6,2,13611,edgetpu,cifar10,92.490000,0.481826,0.579178,16138
6,2,13714,edgetpu,cifar10,94.373340,1.377865,0.579178,16138
6,2,9689,edgetpu,cifar10,93.370000,0.628386,0.579178,16138
6,2,6918,edgetpu,cifar10,87.000000,0.375819,0.579178,16138
6,2,5111,edgetpu,cifar10,94.306660,1.152010,0.579178,16138
6,2,10683,edgetpu,cifar10,92.330000,0.481277,0.579178,16138
6,2,4512,edgetpu,cifar10,85.970000,0.352544,0.579178,16138
6,2,797,edgetpu,cifar10,93.280000,0.627996,0.579178,16138
6,2,9380,edgetpu,cifar10,89.335000,0.395662,0.579178,16138
6,2,5258,edgetpu,cifar10,88.775000,0.388629,0.579178,16138
6,2,5647,edgetpu,cifar10,89.110000,0.389378,0.579178,16138
6,2,8192,edgetpu,cifar10,93.093330,0.627745,0.579178,16138
6,2,11810,edgetpu,cifar10,92.780000,0.482879,0.579178,16138
6,2,11479,edgetpu,cifar10,86.490000,0.352966,0.579178,16138
6,2,10167,edgetpu,cifar10,92.020000,0.481180,0.579178,16138
6,3,13714,eyeriss,cifar10,94.373340,7.823540,0.486969,16431
6,3,5111,eyeriss,cifar10,94.306660,5.365940,0.486969,16431
6,3,8720,eyeriss,cifar10,89.875000,1.925300,0.486969,16431
6,3,4384,eyeriss,cifar10,86.796670,1.679540,0.486969,16431
6,3,11472,eyeriss,cifar10,93.970000,4.628660,0.486969,16431
6,3,11692,eyeriss,cifar10,94.130000,4.874420,0.486969,16431
6,3,6899,eyeriss,cifar10,90.900000,2.416820,0.486969,16431
6,3,6111,eyeriss,cifar10,94.373340,7.823540,0.486969,16431
6,3,8008,eyeriss,cifar10,93.480000,3.399860,0.486969,16431
6,3,14112,eyeriss,cifar10,91.296670,2.908340,0.486969,16431
6,3,6854,eyeriss,cifar10,91.040000,2.662580,0.486969,16431
6,3,3731,eyeriss,cifar10,94.343330,6.594740,0.486969,16431
6,3,8323,eyeriss,cifar10,90.870000,2.171060,0.486969,16431
6,3,12438,eyeriss,cifar10,89.875000,1.925300,0.486969,16431
6,3,8592,eyeriss,cifar10,93.750000,3.891380,0.486969,16431
6,3,13611,eyeriss,cifar10,92.490000,3.154100,0.486969,16431
6,3,10412,eyeriss,cifar10,93.530000,3.645620,0.486969,16431
6,4,4384,fpga,cifar10,86.796670,1.132960,0.446263,16309
6,4,13987,fpga,cifar10,93.596664,3.420960,0.446263,16309
6,4,11692,fpga,cifar10,94.130000,4.163360,0.446263,16309
6,4,8008,fpga,cifar10,93.480000,2.905760,0.446263,16309
6,4,12438,fpga,cifar10,89.875000,1.648160,0.446263,16309
6,4,13714,fpga,cifar10,94.373340,6.678560,0.446263,16309
6,4,11472,fpga,cifar10,93.970000,3.648160,0.446263,16309
6,4,13611,fpga,cifar10,92.490000,2.390560,0.446263,16309
6,4,6111,fpga,cifar10,94.373340,6.678560,0.446263,16309
6,4,3731,fpga,cifar10,94.343330,5.936160,0.446263,16309
6,4,5111,fpga,cifar10,94.306660,5.193760,0.446263,16309
6,4,14346,fpga,cifar10,89.986664,2.057760,0.446263,16309
6,4,8323,fpga,cifar10,90.870000,2.163360,0.446263,16309
6,4,10431,fpga,cifar10,87.000000,1.542560,0.446263,16309
6,5,9230,pixel3,cifar10,86.580000,1.056760,0.820764,16113
6,5,4946,pixel3,cifar10,93.690000,11.590400,0.820764,16113
6,5,3731,pixel3,cifar10,94.343330,23.361300,0.820764,16113
6,5,1497,pixel3,cifar10,86.556660,1.056630,0.820764,16113
6,5,8695,pixel3,cifar10,94.220000,17.564500,0.820764,16113
6,5,6382,pixel3,cifar10,93.376660,7.048190,0.820764,16113
6,5,6111,pixel3,cifar10,94.373340,23.584800,0.820764,16113
6,5,5111,pixel3,cifar10,94.306660,17.584600,0.820764,16113
6,5,11692,pixel3,cifar10,94.130000,15.490100,0.820764,16113
6,5,13987,pixel3,cifar10,93.596664,9.922680,0.820764,16113
6,5,1425,pixel3,cifar10,93.933334,12.536500,0.820764,16113
6,5,6999,pixel3,cifar10,93.820000,12.260900,0.820764,16113
6,5,6863,pixel3,cifar10,86.740000,1.229320,0.820764,16113
6,5,8606,pixel3,cifar10,93.655000,11.221700,0.820764,16113
6,5,8720,pixel3,cifar10,89.875000,2.362840,0.820764,16113
6,5,8323,pixel3,cifar10,90.870000,3.106420,0.820764,16113
6,5,2779,pixel3,cifar10,90.806660,3.102950,0.820764,16113
6,5,12820,pixel3,cifar10,90.880000,3.982790,0.820764,16113
6,5,4627,pixel3,cifar10,93.270000,7.036050,0.820764,16113
6,5,13171,pixel3,cifar10,93.530000,7.717220,0.820764,16113
6,5,6918,pixel3,cifar10,87.000000,1.478790,0.820764,16113
6,5,7197,pixel3,cifar10,90.366670,2.447670,0.820764,16113
6,5,6584,pixel3,cifar10,94.160000,15.720300,0.820764,16113
6,5,6854,pixel3,cifar10,91.040000,4.514220,0.820764,16113
6,5,1339,pixel3,cifar10,92.136665,5.802240,0.820764,16113
6,5,11972,pixel3,cifar10,91.510000,5.627010,0.820764,16113
6,5,6985,pixel3,cifar10,89.940000,2.367450,0.820764,16113
6,5,8884,pixel3,cifar10,93.750000,11.812100,0.820764,16113
6,5,7001,pixel3,cifar10,10.000000,0.003277,0.820764,16113
6,5,5224,pixel3,cifar10,88.980000,1.570360,0.820764,16113
6,5,296,pixel3,cifar10,89.713330,1.805350,0.820764,16113
6,5,5446,pixel3,cifar10,90.500000,2.889680,0.820764,16113
6,5,4554,pixel3,cifar10,86.670000,1.114880,0.820764,16113
6,5,6434,pixel3,cifar10,91.080000,4.811140,0.820764,16113
6,5,5915,pixel3,cifar10,86.846664,1.472530,0.820764,16113
6,5,12452,pixel3,cifar10,91.350000,5.590110,0.820764,16113
6,5,1941,pixel3,cifar10,93.533330,9.128690,0.820764,16113
6,5,8708,pixel3,cifar10,94.080000,12.839000,0.820764,16113
6,5,1943,pixel3,cifar10,93.116670,6.492030,0.820764,16113
6,6,7030,raspi4,cifar10,93.173330,20.230932,0.706139,16011
6,6,6918,raspi4,cifar10,87.000000,2.787590,0.706139,16011
6,6,3073,raspi4,cifar10,88.980000,4.813324,0.706139,16011
6,6,6382,raspi4,cifar10,93.376660,21.461164,0.706139,16011
6,6,1941,raspi4,cifar10,93.533330,25.121769,0.706139,16011
6,6,4689,raspi4,cifar10,90.720000,7.356712,0.706139,16011
6,6,8592,raspi4,cifar10,93.750000,25.477009,0.706139,16011
6,6,6111,raspi4,cifar10,94.373340,68.404106,0.706139,16011
6,6,11810,raspi4,cifar10,92.780000,18.619905,0.706139,16011
6,6,8426,raspi4,cifar10,93.840000,31.394428,0.706139,16011
6,6,3731,raspi4,cifar10,94.343330,58.070793,0.706139,16011
6,6,6985,raspi4,cifar10,89.940000,4.995646,0.706139,16011
6,6,5780,raspi4,cifar10,93.980000,34.928463,0.706139,16011
6,6,15288,raspi4,cifar10,86.660000,2.557443,0.706139,16011
6,6,12639,raspi4,cifar10,90.990000,11.857850,0.706139,16011
6,6,11972,raspi4,cifar10,91.510000,12.403558,0.706139,16011
6,6,14565,raspi4,cifar10,88.880000,4.781183,0.706139,16011
6,6,5111,raspi4,cifar10,94.306660,41.756905,0.706139,16011
6,6,11533,raspi4,cifar10,93.420000,21.715693,0.706139,16011
6,6,14674,raspi4,cifar10,86.440000,2.547931,0.706139,16011
6,6,6953,raspi4,cifar10,91.990000,15.601654,0.706139,16011
6,6,9980,raspi4,cifar10,10.000000,0.011284,0.706139,16011
6,6,8323,raspi4,cifar10,90.870000,7.426308,0.706139,16011
6,6,6014,raspi4,cifar10,86.690000,2.736959,0.706139,16011
6,6,8008,raspi4,cifar10,93.480000,22.571420,0.706139,16011
6,6,11692,raspi4,cifar10,94.130000,37.583630,0.706139,16011
6,6,4384,raspi4,cifar10,86.796670,2.759305,0.706139,16011
6,6,2328,raspi4,cifar10,89.210000,4.918894,0.706139,16011
6,6,8873,raspi4,cifar10,89.050000,4.839358,0.706139,16011
6,6,1977,raspi4,cifar10,86.490000,2.555619,0.706139,16011
6,6,5915,raspi4,cifar10,86.846664,2.776470,0.706139,16011
6,6,4432,raspi4,cifar10,90.700000,7.290926,0.706139,16011
6,6,7058,raspi4,cifar10,92.040000,16.469465,0.706139,16011
6,6,14677,raspi4,cifar10,88.670000,4.755260,0.706139,16011
6,6,3307,raspi4,cifar10,89.085000,4.906052,0.706139,16011
6,6,12505,raspi4,cifar10,92.150000,16.747276,0.706139,16011
6,6,10412,raspi4,cifar10,93.530000,25.079220,0.706139,16011
6,6,6960,raspi4,cifar10,92.280000,17.162752,0.706139,16011
6,6,13611,raspi4,cifar10,92.490000,18.523302,0.706139,16011
6,6,12297,raspi4,cifar10,88.890000,4.792384,0.706139,16011
6,7,6124,edgegpu,cifar100,68.360000,3.185835,0.560586,16376
6,7,2778,edgegpu,cifar100,72.993330,6.134028,0.560586,16376
6,7,1038,edgegpu,cifar100,67.500000,1.758428,0.560586,16376
6,7,11067,edgegpu,cifar100,58.186670,1.427836,0.560586,16376
6,7,9930,edgegpu,cifar100,73.513336,6.803060,0.560586,16376
6,7,8401,edgegpu,cifar100,71.080000,3.302102,0.560586,16376
6,7,4954,edgegpu,cifar100,73.000000,6.669736,0.560586,16376
6,7,12415,edgegpu,cifar100,71.940000,4.828467,0.560586,16376
6,7,2304,edgegpu,cifar100,58.660000,1.440253,0.560586,16376
6,7,9922,edgegpu,cifar100,58.560000,1.428552,0.560586,16376
6,7,4418,edgegpu,cifar100,72.746666,5.352364,0.560586,16376
6,7,9997,edgegpu,cifar100,71.520000,3.466139,0.560586,16376
6,7,1509,edgegpu,cifar100,1.000000,0.505853,0.560586,16376
6,7,11885,edgegpu,cifar100,68.040000,1.776652,0.560586,16376
6,7,8912,edgegpu,cifar100,59.200000,1.441355,0.560586,16376
6,7,13172,edgegpu,cifar100,62.180000,1.757636,0.560586,16376
6,7,3888,edgegpu,cifar100,73.260000,6.797867,0.560586,16376
6,7,11810,edgegpu,cifar100,68.300000,1.779551,0.560586,16376
6,7,1425,edgegpu,cifar100,72.093330,5.310225,0.560586,16376
6,8,1110,edgetpu,cifar100,58.840000,0.355938,0.613276,15991
6,8,8401,edgetpu,cifar100,71.080000,0.728572,0.613276,15991
6,8,9930,edgetpu,cifar100,73.513336,1.454107,0.613276,15991
6,8,1425,edgetpu,cifar100,72.093330,0.910660,0.613276,15991
6,8,10000,edgetpu,cifar100,73.160000,1.283461,0.613276,15991
6,8,4418,edgetpu,cifar100,72.746666,1.093699,0.613276,15991
6,8,3888,edgetpu,cifar100,73.260000,1.316226,0.613276,15991
6,8,9271,edgetpu,cifar100,63.400000,0.393151,0.613276,15991
6,8,9541,edgetpu,cifar100,67.660000,0.486829,0.613276,15991
6,8,797,edgetpu,cifar100,69.580000,0.633351,0.613276,15991
6,8,5019,edgetpu,cifar100,58.880000,0.357058,0.613276,15991
6,8,7760,edgetpu,cifar100,67.800000,0.489248,0.613276,15991
6,8,857,edgetpu,cifar100,72.880000,1.264168,0.613276,15991
6,8,4627,edgetpu,cifar100,69.600000,0.635153,0.613276,15991
6,8,11810,edgetpu,cifar100,68.300000,0.492126,0.613276,15991
6,8,12415,edgetpu,cifar100,71.940000,0.872299,0.613276,15991
6,8,11533,edgetpu,cifar100,69.760000,0.635877,0.613276,15991
6,8,9997,edgetpu,cifar100,71.520000,0.729986,0.613276,15991
6,8,577,edgetpu,cifar100,69.680000,0.635228,0.613276,15991
6,8,777,edgetpu,cifar100,58.650000,0.355588,0.613276,15991
6,8,2705,edgetpu,cifar100,62.813330,0.393026,0.613276,15991
6,8,14945,edgetpu,cifar100,58.500000,0.354940,0.613276,15991
6,8,12761,edgetpu,cifar100,72.860000,1.225212,0.613276,15991
6,8,898,edgetpu,cifar100,70.000000,0.636860,0.613276,15991
6,8,12607,edgetpu,cifar100,62.600000,0.392830,0.613276,15991
6,8,15363,edgetpu,cifar100,70.520000,0.676394,0.613276,15991
6,8,4532,edgetpu,cifar100,68.040000,0.489947,0.613276,15991
6,8,12574,edgetpu,cifar100,72.740000,0.932430,0.613276,15991
6,8,69,edgetpu,cifar100,71.020000,0.727259,0.613276,15991
6,8,1383,edgetpu,cifar100,70.273330,0.673722,0.613276,15991
6,8,8912,edgetpu,cifar100,59.200000,0.377698,0.613276,15991
6,8,4155,edgetpu,cifar100,62.306667,0.391442,0.613276,15991
6,9,3540,eyeriss,cifar100,71.500000,4.877440,0.488253,16518
6,9,5084,eyeriss,cifar100,58.813330,1.682560,0.488253,16518
6,9,9930,eyeriss,cifar100,73.513336,9.055360,0.488253,16518
6,9,12761,eyeriss,cifar100,72.860000,6.352000,0.488253,16518
6,9,12574,eyeriss,cifar100,72.740000,5.123200,0.488253,16518
6,9,10689,eyeriss,cifar100,67.500000,2.174080,0.488253,16518
6,9,11973,eyeriss,cifar100,70.340000,3.402880,0.488253,16518
6,9,12970,eyeriss,cifar100,68.140000,2.665600,0.488253,16518
6,9,12820,eyeriss,cifar100,67.720000,2.419840,0.488253,16518
6,9,3888,eyeriss,cifar100,73.260000,6.597760,0.488253,16518
6,9,5651,eyeriss,cifar100,64.690000,1.928320,0.488253,16518
6,9,6925,eyeriss,cifar100,71.220000,3.894400,0.488253,16518
6,9,5725,eyeriss,cifar100,70.600000,3.648640,0.488253,16518
6,10,11973,fpga,cifar100,70.340000,2.905760,0.494375,16244
6,10,12761,fpga,cifar100,72.860000,5.420960,0.494375,16244
6,10,3540,fpga,cifar100,71.500000,4.163360,0.494375,16244
6,10,6830,fpga,cifar100,71.460000,4.057760,0.494375,16244
6,10,3888,fpga,cifar100,73.260000,5.936160,0.494375,16244
6,10,5651,fpga,cifar100,64.690000,1.648160,0.494375,16244
6,10,6787,fpga,cifar100,70.720000,3.420960,0.494375,16244
6,10,12295,fpga,cifar100,71.160000,3.648160,0.494375,16244
6,10,9930,fpga,cifar100,73.513336,7.420960,0.494375,16244
6,10,15033,fpga,cifar100,67.793335,2.390560,0.494375,16244
6,10,12574,fpga,cifar100,72.740000,4.678560,0.494375,16244
6,10,5084,fpga,cifar100,58.813330,1.132960,0.494375,16244
6,10,9997,fpga,cifar100,71.520000,4.572960,0.494375,16244
6,10,10689,fpga,cifar100,67.500000,2.163360,0.494375,16244
6,10,4249,fpga,cifar100,65.080000,2.057760,0.494375,16244
6,11,4659,pixel3,cifar100,70.060000,9.026280,0.737508,16005
6,11,1459,pixel3,cifar100,73.140000,23.437900,0.737508,16005
6,11,5651,pixel3,cifar100,64.690000,2.376870,0.737508,16005
6,11,9930,pixel3,cifar100,73.513336,42.003600,0.737508,16005
6,11,1357,pixel3,cifar100,67.480000,3.998260,0.737508,16005
6,11,906,pixel3,cifar100,62.393333,1.661810,0.737508,16005
6,11,13113,pixel3,cifar100,63.140000,2.205990,0.737508,16005
6,11,1383,pixel3,cifar100,70.273330,9.668440,0.737508,16005
6,11,4977,pixel3,cifar100,63.360000,2.211970,0.737508,16005
6,11,1527,pixel3,cifar100,70.340000,10.107800,0.737508,16005
6,11,1409,pixel3,cifar100,58.853333,1.275090,0.737508,16005
6,11,857,pixel3,cifar100,72.880000,19.113200,0.737508,16005
6,11,375,pixel3,cifar100,64.440000,2.363140,0.737508,16005
6,11,6758,pixel3,cifar100,62.546665,2.195650,0.737508,16005
6,11,12820,pixel3,cifar100,67.720000,4.806070,0.737508,16005
6,11,6337,pixel3,cifar100,1.000000,0.008753,0.737508,16005
6,11,3888,pixel3,cifar100,73.260000,23.477200,0.737508,16005
6,11,777,pixel3,cifar100,58.650000,1.087020,0.737508,16005
6,11,4432,pixel3,cifar100,66.486664,3.105870,0.737508,16005
6,11,8638,pixel3,cifar100,58.860000,1.478570,0.737508,16005
6,11,1090,pixel3,cifar100,65.220000,2.811310,0.737508,16005
6,11,8323,pixel3,cifar100,67.080000,3.106340,0.737508,16005
6,11,11000,pixel3,cifar100,71.180000,10.677600,0.737508,16005
6,11,699,pixel3,cifar100,72.240000,12.079400,0.737508,16005
6,11,898,pixel3,cifar100,70.000000,6.516140,0.737508,16005
6,11,1593,pixel3,cifar100,62.126667,1.582050,0.737508,16005
6,11,12574,pixel3,cifar100,72.740000,16.473900,0.737508,16005
6,11,8912,pixel3,cifar100,59.200000,1.478790,0.737508,16005
6,11,14112,pixel3,cifar100,68.386665,5.745320,0.737508,16005
6,11,13828,pixel3,cifar100,62.620000,2.197760,0.737508,16005
6,12,9930,raspi4,cifar100,73.513336,71.152000,0.688775,16028
6,12,1572,raspi4,cifar100,69.900000,19.916142,0.688775,16028
6,12,12574,raspi4,cifar100,72.740000,36.371254,0.688775,16028
6,12,2222,raspi4,cifar100,58.313330,2.538255,0.688775,16028
6,12,3888,raspi4,cifar100,73.260000,55.029520,0.688775,16028
6,12,15589,raspi4,cifar100,59.060000,2.795078,0.688775,16028
6,12,8740,raspi4,cifar100,1.000000,0.015215,0.688775,16028
6,12,15363,raspi4,cifar100,70.520000,21.809430,0.688775,16028
6,12,14612,raspi4,cifar100,58.720000,2.563505,0.688775,16028
6,12,13430,raspi4,cifar100,66.700000,7.203785,0.688775,16028
6,12,4418,raspi4,cifar100,72.746666,47.162354,0.688775,16028
6,12,10222,raspi4,cifar100,58.860000,2.747804,0.688775,16028
6,12,10042,raspi4,cifar100,64.880000,5.100886,0.688775,16028
6,12,9997,raspi4,cifar100,71.520000,34.996710,0.688775,16028
6,12,2035,raspi4,cifar100,63.926666,5.005698,0.688775,16028
6,12,1459,raspi4,cifar100,73.140000,53.879950,0.688775,16028
6,12,4232,raspi4,cifar100,71.080000,26.211258,0.688775,16028
6,12,4409,raspi4,cifar100,67.173330,7.228629,0.688775,16028
6,12,898,raspi4,cifar100,70.000000,21.506163,0.688775,16028
6,12,6822,raspi4,cifar100,58.426666,2.558594,0.688775,16028
6,12,8720,raspi4,cifar100,64.130000,5.082239,0.688775,16028
6,12,1939,raspi4,cifar100,70.760000,24.555029,0.688775,16028
6,12,12761,raspi4,cifar100,72.860000,53.718200,0.688775,16028
6,12,4806,raspi4,cifar100,62.270000,4.787734,0.688775,16028
6,12,12915,raspi4,cifar100,66.950000,7.226311,0.688775,16028
6,12,1357,raspi4,cifar100,67.480000,10.177114,0.688775,16028
6,12,7031,raspi4,cifar100,69.526665,19.879576,0.688775,16028
6,12,7115,raspi4,cifar100,68.160000,14.756705,0.688775,16028
6,12,3408,raspi4,cifar100,63.993332,5.081906,0.688775,16028
6,12,375,raspi4,cifar100,64.440000,5.099302,0.688775,16028
6,12,7891,raspi4,cifar100,67.550000,12.536592,0.688775,16028
6,12,9895,raspi4,cifar100,69.400000,19.211880,0.688775,16028
6,12,6177,raspi4,cifar100,62.373333,4.795128,0.688775,16028
6,12,4659,raspi4,cifar100,70.060000,21.672482,0.688775,16028
6,12,6918,raspi4,cifar100,58.800000,2.571364,0.688775,16028
6,12,9271,raspi4,cifar100,63.400000,4.800893,0.688775,16028
6,12,6787,raspi4,cifar100,70.720000,23.081835,0.688775,16028
6,12,8853,raspi4,cifar100,71.220000,31.380384,0.688775,16028
6,13,15159,edgegpu,ImageNet16-120,45.566666,4.632421,0.625469,16170
6,13,8401,edgegpu,ImageNet16-120,43.833332,3.322444,0.625469,16170
6,13,5751,edgegpu,ImageNet16-120,40.044445,2.434626,0.625469,16170
6,13,7760,edgegpu,ImageNet16-120,39.100000,1.743751,0.625469,16170
6,13,1164,edgegpu,ImageNet16-120,28.522223,1.435223,0.625469,16170
6,13,12415,edgegpu,ImageNet16-120,46.566666,4.667692,0.625469,16170
6,13,12812,edgegpu,ImageNet16-120,40.100000,3.174190,0.625469,16170
6,13,14027,edgegpu,ImageNet16-120,40.266666,3.306937,0.625469,16170
6,13,857,edgegpu,ImageNet16-120,47.311110,6.707663,0.625469,16170
6,13,14612,edgegpu,ImageNet16-120,28.488890,1.434064,0.625469,16170
6,13,2650,edgegpu,ImageNet16-120,42.433334,3.309817,0.625469,16170
6,13,561,edgegpu,ImageNet16-120,28.911112,1.461983,0.625469,16170
6,13,8426,edgegpu,ImageNet16-120,44.633335,3.370147,0.625469,16170
6,13,4332,edgegpu,ImageNet16-120,39.444443,1.745496,0.625469,16170
6,13,13612,edgegpu,ImageNet16-120,0.833333,0.534101,0.625469,16170
6,13,10947,edgegpu,ImageNet16-120,39.944443,1.909800,0.625469,16170
6,13,9722,edgegpu,ImageNet16-120,44.000000,3.327813,0.625469,16170
6,13,14117,edgegpu,ImageNet16-120,28.677778,1.435547,0.625469,16170
6,13,4587,edgegpu,ImageNet16-120,28.800000,1.445131,0.625469,16170
6,13,11217,edgegpu,ImageNet16-120,43.466667,3.316708,0.625469,16170
6,13,8884,edgegpu,ImageNet16-120,45.033333,3.499999,0.625469,16170
6,13,15288,edgegpu,ImageNet16-120,28.422222,1.417041,0.625469,16170
6,13,4946,edgegpu,ImageNet16-120,44.700000,3.490419,0.625469,16170
6,13,9586,edgegpu,ImageNet16-120,46.933334,5.222673,0.625469,16170
6,13,6950,edgegpu,ImageNet16-120,38.700000,1.740150,0.625469,16170
6,13,4160,edgegpu,ImageNet16-120,39.833332,1.756272,0.625469,16170
6,13,15383,edgegpu,ImageNet16-120,47.033333,6.262836,0.625469,16170
6,14,8884,edgetpu,ImageNet16-120,45.033333,0.615792,0.669559,16203
6,14,3540,edgetpu,ImageNet16-120,45.122223,0.648670,0.669559,16203
6,14,12415,edgetpu,ImageNet16-120,46.566666,0.710906,0.669559,16203
6,14,7357,edgetpu,ImageNet16-120,44.666668,0.600498,0.669559,16203
6,14,7396,edgetpu,ImageNet16-120,40.177776,0.517218,0.669559,16203
6,14,4627,edgetpu,ImageNet16-120,43.500000,0.552306,0.669559,16203
6,14,4830,edgetpu,ImageNet16-120,42.233334,0.549457,0.669559,16203
6,14,9689,edgetpu,ImageNet16-120,42.533333,0.549702,0.669559,16203
6,14,10332,edgetpu,ImageNet16-120,40.033333,0.516152,0.669559,16203
6,14,857,edgetpu,ImageNet16-120,47.311110,0.997730,0.669559,16203
6,14,4160,edgetpu,ImageNet16-120,39.833332,0.430355,0.669559,16203
6,14,7750,edgetpu,ImageNet16-120,43.066666,0.551617,0.669559,16203
6,14,5674,edgetpu,ImageNet16-120,39.650000,0.428605,0.669559,16203
6,14,7273,edgetpu,ImageNet16-120,42.966667,0.550014,0.669559,16203
6,14,11885,edgetpu,ImageNet16-120,39.166668,0.427395,0.669559,16203
6,14,15363,edgetpu,ImageNet16-120,44.333332,0.582280,0.669559,16203
6,14,13972,edgetpu,ImageNet16-120,31.933332,0.363440,0.669559,16203
6,14,13769,edgetpu,ImageNet16-120,41.555557,0.549360,0.669559,16203
6,14,14662,edgetpu,ImageNet16-120,41.166668,0.547835,0.669559,16203
6,14,15383,edgetpu,ImageNet16-120,47.033333,0.780914,0.669559,16203
6,14,13931,edgetpu,ImageNet16-120,28.788889,0.360349,0.669559,16203
6,14,6520,edgetpu,ImageNet16-120,32.383335,0.363944,0.669559,16203
6,14,6407,edgetpu,ImageNet16-120,32.333332,0.363748,0.669559,16203
6,14,15014,edgetpu,ImageNet16-120,28.266666,0.358110,0.669559,16203
6,14,4988,edgetpu,ImageNet16-120,28.933332,0.360694,0.669559,16203
6,14,10017,edgetpu,ImageNet16-120,40.566666,0.524950,0.669559,16203
6,14,12231,edgetpu,ImageNet16-120,40.200000,0.518358,0.669559,16203
6,14,7837,edgetpu,ImageNet16-120,32.111110,0.363571,0.669559,16203
6,14,1172,edgetpu,ImageNet16-120,39.933334,0.515935,0.669559,16203
6,14,14677,edgetpu,ImageNet16-120,33.233334,0.364575,0.669559,16203
6,14,70,edgetpu,ImageNet16-120,39.377777,0.428228,0.669559,16203
6,14,5751,edgetpu,ImageNet16-120,40.044445,0.516992,0.669559,16203
6,14,10888,edgetpu,ImageNet16-120,28.333334,0.359044,0.669559,16203
6,15,8736,eyeriss,ImageNet16-120,45.700000,1.221760,0.449903,16525
6,15,15383,eyeriss,ImageNet16-120,47.033333,1.283200,0.449903,16525
6,15,4988,eyeriss,ImageNet16-120,28.933332,0.423040,0.449903,16525
6,15,6787,eyeriss,ImageNet16-120,44.400000,0.914560,0.449903,16525
6,15,2835,eyeriss,ImageNet16-120,38.222220,0.545920,0.449903,16525
6,15,11973,eyeriss,ImageNet16-120,42.933334,0.853120,0.449903,16525
6,15,8853,eyeriss,ImageNet16-120,45.600000,1.037440,0.449903,16525
6,15,4829,eyeriss,ImageNet16-120,34.200000,0.484480,0.449903,16525
6,15,857,eyeriss,ImageNet16-120,47.311110,1.651840,0.449903,16525
6,15,6854,eyeriss,ImageNet16-120,40.800000,0.668800,0.449903,16525
6,15,1939,eyeriss,ImageNet16-120,45.077778,0.976000,0.449903,16525
6,15,5487,eyeriss,ImageNet16-120,38.500000,0.607360,0.449903,16525
6,16,1939,fpga,ImageNet16-120,45.077778,1.062400,0.507610,16200
6,16,4988,fpga,ImageNet16-120,28.933332,0.284320,0.507610,16200
6,16,857,fpga,ImageNet16-120,47.311110,2.038400,0.507610,16200
6,16,8853,fpga,ImageNet16-120,45.600000,1.155200,0.507610,16200
6,16,6854,fpga,ImageNet16-120,40.800000,0.809120,0.507610,16200
6,16,14417,fpga,ImageNet16-120,45.900000,1.276320,0.507610,16200
6,16,6868,fpga,ImageNet16-120,39.000000,0.649120,0.507610,16200
6,16,9805,fpga,ImageNet16-120,34.133335,0.415520,0.507610,16200
6,16,6519,fpga,ImageNet16-120,40.183334,0.784000,0.507610,16200
6,16,8008,fpga,ImageNet16-120,43.500000,0.876800,0.507610,16200
6,16,11593,fpga,ImageNet16-120,40.166668,0.780320,0.507610,16200
6,16,15383,fpga,ImageNet16-120,47.033333,1.504000,0.507610,16200
6,16,2835,fpga,ImageNet16-120,38.222220,0.546720,0.507610,16200
6,16,14748,fpga,ImageNet16-120,44.900000,0.995200,0.507610,16200
6,16,5793,fpga,ImageNet16-120,35.033333,0.517920,0.507610,16200
6,16,6787,fpga,ImageNet16-120,44.400000,0.969600,0.507610,16200
6,17,1425,pixel3,ImageNet16-120,45.977780,4.619290,0.754069,16010
6,17,10154,pixel3,ImageNet16-120,46.133335,4.783700,0.754069,16010
6,17,3728,pixel3,ImageNet16-120,28.500000,0.422880,0.754069,16010
6,17,8954,pixel3,ImageNet16-120,28.733334,0.424855,0.754069,16010
6,17,2899,pixel3,ImageNet16-120,43.911110,2.701210,0.754069,16010
6,17,2002,pixel3,ImageNet16-120,32.277780,0.617751,0.754069,16010
6,17,1549,pixel3,ImageNet16-120,28.655556,0.424747,0.754069,16010
6,17,12466,pixel3,ImageNet16-120,46.100000,4.680280,0.754069,16010
6,17,872,pixel3,ImageNet16-120,41.777780,2.465030,0.754069,16010
6,17,9032,pixel3,ImageNet16-120,38.016666,1.020960,0.754069,16010
6,17,4977,pixel3,ImageNet16-120,32.966667,0.617991,0.754069,16010
6,17,4627,pixel3,ImageNet16-120,43.500000,2.479640,0.754069,16010
6,17,12424,pixel3,ImageNet16-120,43.133330,2.470150,0.754069,16010
6,17,2018,pixel3,ImageNet16-120,46.433334,4.949210,0.754069,16010
6,17,1204,pixel3,ImageNet16-120,37.844444,0.864966,0.754069,16010
6,17,4384,pixel3,ImageNet16-120,28.133333,0.421612,0.754069,16010
6,17,4587,pixel3,ImageNet16-120,28.800000,0.445767,0.754069,16010
6,17,4432,pixel3,ImageNet16-120,37.800000,0.861157,0.754069,16010
6,17,857,pixel3,ImageNet16-120,47.311110,6.686850,0.754069,16010
6,17,12639,pixel3,ImageNet16-120,40.400000,1.304440,0.754069,16010
6,17,4004,pixel3,ImageNet16-120,42.811110,2.467510,0.754069,16010
6,17,10888,pixel3,ImageNet16-120,28.333334,0.422652,0.754069,16010
6,17,1110,pixel3,ImageNet16-120,28.600000,0.423927,0.754069,16010
6,17,1939,pixel3,ImageNet16-120,45.077778,3.021500,0.754069,16010
6,17,13756,pixel3,ImageNet16-120,0.833333,0.005289,0.754069,16010
6,17,15383,pixel3,ImageNet16-120,47.033333,5.191720,0.754069,16010
6,17,6014,pixel3,ImageNet16-120,28.533333,0.423391,0.754069,16010
6,17,9496,pixel3,ImageNet16-120,38.200000,1.024960,0.754069,16010
6,17,14417,pixel3,ImageNet16-120,45.900000,4.143030,0.754069,16010
6,17,8683,pixel3,ImageNet16-120,44.200000,2.711960,0.754069,16010
6,17,6294,pixel3,ImageNet16-120,38.011112,0.869124,0.754069,16010
6,17,12103,pixel3,ImageNet16-120,28.250000,0.422433,0.754069,16010
6,17,8853,pixel3,ImageNet16-120,45.600000,3.554540,0.754069,16010
6,17,6854,pixel3,ImageNet16-120,40.800000,1.621620,0.754069,16010
6,17,11000,pixel3,ImageNet16-120,44.866665,2.962520,0.754069,16010
6,17,4895,pixel3,ImageNet16-120,33.200000,0.619070,0.754069,16010
6,17,8584,pixel3,ImageNet16-120,34.088890,0.664046,0.754069,16010
6,17,7551,pixel3,ImageNet16-120,38.477780,1.266510,0.754069,16010
6,18,11584,raspi4,ImageNet16-120,46.666668,8.014434,0.826212,16078
6,18,2018,raspi4,ImageNet16-120,46.433334,7.482383,0.826212,16078
6,18,6336,raspi4,ImageNet16-120,39.366665,3.073392,0.826212,16078
6,18,4627,raspi4,ImageNet16-120,43.500000,3.811407,0.826212,16078
6,18,6854,raspi4,ImageNet16-120,40.800000,3.661016,0.826212,16078
6,18,10167,raspi4,ImageNet16-120,39.944443,3.106316,0.826212,16078
6,18,97,raspi4,ImageNet16-120,32.177776,1.530789,0.826212,16078
6,18,11282,raspi4,ImageNet16-120,39.633335,3.080430,0.826212,16078
6,18,2063,raspi4,ImageNet16-120,32.333332,1.531321,0.826212,16078
6,18,13771,raspi4,ImageNet16-120,32.744446,1.533813,0.826212,16078
6,18,14697,raspi4,ImageNet16-120,33.900000,1.580382,0.826212,16078
6,18,10217,raspi4,ImageNet16-120,45.100000,6.109362,0.826212,16078
6,18,4689,raspi4,ImageNet16-120,37.455555,2.198343,0.826212,16078
6,18,13644,raspi4,ImageNet16-120,45.333332,6.780282,0.826212,16078
6,18,15107,raspi4,ImageNet16-120,39.800000,3.083329,0.826212,16078
6,18,6787,raspi4,ImageNet16-120,44.400000,4.532777,0.826212,16078
6,18,2904,raspi4,ImageNet16-120,42.744446,3.799936,0.826212,16078
6,18,9032,raspi4,ImageNet16-120,38.016666,2.201532,0.826212,16078
6,18,2650,raspi4,ImageNet16-120,42.433334,3.788408,0.826212,16078
6,18,12231,raspi4,ImageNet16-120,40.200000,3.188915,0.826212,16078
6,18,1939,raspi4,ImageNet16-120,45.077778,5.341908,0.826212,16078
6,18,9805,raspi4,ImageNet16-120,34.133335,1.617568,0.826212,16078
6,18,5202,raspi4,ImageNet16-120,42.411110,3.783078,0.826212,16078
6,18,13931,raspi4,ImageNet16-120,28.788889,0.956195,0.826212,16078
6,18,857,raspi4,ImageNet16-120,47.311110,9.020064,0.826212,16078
6,18,12424,raspi4,ImageNet16-120,43.133330,3.805729,0.826212,16078
6,18,11616,raspi4,ImageNet16-120,32.133335,1.530442,0.826212,16078
6,18,7252,raspi4,ImageNet16-120,44.666668,5.322441,0.826212,16078
6,18,1413,raspi4,ImageNet16-120,42.711113,3.788479,0.826212,16078
6,18,15383,raspi4,ImageNet16-120,47.033333,8.565354,0.826212,16078
6,18,3782,raspi4,ImageNet16-120,41.866665,3.755286,0.826212,16078
6,18,12639,raspi4,ImageNet16-120,40.400000,3.628959,0.826212,16078
6,18,933,raspi4,ImageNet16-120,0.833333,0.011514,0.826212,16078
6,18,5973,raspi4,ImageNet16-120,40.100000,3.159922,0.826212,16078
6,18,4988,raspi4,ImageNet16-120,28.933332,1.003251,0.826212,16078
6,18,14750,raspi4,ImageNet16-120,32.933334,1.536700,0.826212,16078
6,18,8584,raspi4,ImageNet16-120,34.088890,1.586268,0.826212,16078
6,18,8447,raspi4,ImageNet16-120,40.011112,3.156609,0.826212,16078
6,18,11946,raspi4,ImageNet16-120,28.200000,0.940293,0.826212,16078
6,18,10835,raspi4,ImageNet16-120,45.233334,6.632419,0.826212,16078
6,18,2779,raspi4,ImageNet16-120,37.355556,2.190654,0.826212,16078
6,18,4995,raspi4,ImageNet16-120,42.166668,3.766336,0.826212,16078
6,18,15363,raspi4,ImageNet16-120,44.333332,4.480516,0.826212,16078
6,18,5455,raspi4,ImageNet16-120,32.611110,1.532377,0.826212,16078
6,18,14417,raspi4,ImageNet16-120,45.900000,6.948865,0.826212,16078
6,18,7859,raspi4,ImageNet16-120,32.966667,1.566048,0.826212,16078
6,18,12358,raspi4,ImageNet16-120,34.055557,1.582727,0.826212,16078
6,18,12505,raspi4,ImageNet16-120,39.283333,3.062432,0.826212,16078
6,18,9496,raspi4,ImageNet16-120,38.200000,2.204048,0.826212,16078
6,18,1204,raspi4,ImageNet16-120,37.844444,2.199356,0.826212,16078
7,1,2776,edgegpu,cifar10,93.666664,3.331194,0.588906,16235
7,1,258,edgegpu,cifar10,93.640000,3.307109,0.588906,16235
7,1,4803,edgegpu,cifar10,88.746666,1.748652,0.588906,16235
7,1,14407,edgegpu,cifar10,86.770000,1.440282,0.588906,16235
7,1,6499,edgegpu,cifar10,93.645000,3.331041,0.588906,16235
7,1,11692,edgegpu,cifar10,94.130000,4.708362,0.588906,16235
7,1,14527,edgegpu,cifar10,86.765000,1.439619,0.588906,16235
7,1,9099,edgegpu,cifar10,93.940000,3.357520,0.588906,16235
7,1,15200,edgegpu,cifar10,10.000000,0.501385,0.588906,16235
7,1,10484,edgegpu,cifar10,93.810000,3.354015,0.588906,16235
7,1,13401,edgegpu,cifar10,87.010000,1.457009,0.588906,16235
7,1,2090,edgegpu,cifar10,86.650000,1.437702,0.588906,16235
7,1,13714,edgegpu,cifar10,94.373340,6.772180,0.588906,16235
7,1,2053,edgegpu,cifar10,94.206665,5.482254,0.588906,16235
7,1,6330,edgegpu,cifar10,94.006670,4.384699,0.588906,16235
7,1,4006,edgegpu,cifar10,91.986664,1.754365,0.588906,16235
7,1,1459,edgegpu,cifar10,94.296670,6.748991,0.588906,16235
7,1,561,edgegpu,cifar10,86.880000,1.451068,0.588906,16235
7,1,5292,edgegpu,cifar10,94.293335,6.663151,0.588906,16235
7,1,5780,edgegpu,cifar10,93.980000,3.361888,0.588906,16235
7,1,6960,edgegpu,cifar10,92.280000,1.764450,0.588906,16235
7,1,5400,edgegpu,cifar10,86.630000,1.427460,0.588906,16235
7,1,11810,edgegpu,cifar10,92.780000,1.992798,0.588906,16235
7,1,11438,edgegpu,cifar10,92.500000,1.846719,0.588906,16235
7,2,6382,edgetpu,cifar10,93.376660,0.628638,0.658785,16282
7,2,6515,edgetpu,cifar10,93.616670,0.722858,0.658785,16282
7,2,3731,edgetpu,cifar10,94.343330,1.282820,0.658785,16282
7,2,5915,edgetpu,cifar10,86.846664,0.376449,0.658785,16282
7,2,5780,edgetpu,cifar10,93.980000,0.723967,0.658785,16282
7,2,9950,edgetpu,cifar10,93.840000,0.723767,0.658785,16282
7,2,13714,edgetpu,cifar10,94.373340,1.377865,0.658785,16282
7,2,5111,edgetpu,cifar10,94.306660,1.152010,0.658785,16282
7,2,2240,edgetpu,cifar10,91.990000,0.480973,0.658785,16282
7,2,11438,edgetpu,cifar10,92.500000,0.482393,0.658785,16282
7,2,14527,edgetpu,cifar10,86.765000,0.365664,0.658785,16282
7,2,9689,edgetpu,cifar10,93.370000,0.628386,0.658785,16282
7,2,970,edgetpu,cifar10,86.770000,0.371488,0.658785,16282
7,2,2053,edgetpu,cifar10,94.206665,1.042178,0.658785,16282
7,2,11692,edgetpu,cifar10,94.130000,0.761100,0.658785,16282
7,2,13320,edgetpu,cifar10,89.330000,0.396446,0.658785,16282
7,2,8008,edgetpu,cifar10,93.480000,0.629746,0.658785,16282
7,2,797,edgetpu,cifar10,93.280000,0.627996,0.658785,16282
7,2,2485,edgetpu,cifar10,86.700000,0.346546,0.658785,16282
7,2,10167,edgetpu,cifar10,92.020000,0.481180,0.658785,16282
7,2,3927,edgetpu,cifar10,93.626660,0.723268,0.658785,16282
7,2,5224,edgetpu,cifar10,88.980000,0.389900,0.658785,16282
7,2,6407,edgetpu,cifar10,88.933334,0.389381,0.658785,16282
7,2,8192,edgetpu,cifar10,93.093330,0.627745,0.658785,16282
7,2,4438,edgetpu,cifar10,92.270000,0.481473,0.658785,16282
7,2,6584,edgetpu,cifar10,94.160000,0.888877,0.658785,16282
7,2,4161,edgetpu,cifar10,89.250000,0.391221,0.658785,16282
7,2,10815,edgetpu,cifar10,88.970000,0.389885,0.658785,16282
7,3,3731,eyeriss,cifar10,94.343330,6.594740,0.502206,16467
7,3,5111,eyeriss,cifar10,94.306660,5.365940,0.502206,16467
7,3,4384,eyeriss,cifar10,86.796670,1.679540,0.502206,16467
7,3,12438,eyeriss,cifar10,89.875000,1.925300,0.502206,16467
7,3,8592,eyeriss,cifar10,93.750000,3.891380,0.502206,16467
7,3,6111,eyeriss,cifar10,94.373340,7.823540,0.502206,16467
7,3,11692,eyeriss,cifar10,94.130000,4.874420,0.502206,16467
7,3,8008,eyeriss,cifar10,93.480000,3.399860,0.502206,16467
7,3,6899,eyeriss,cifar10,90.900000,2.416820,0.502206,16467
7,3,13611,eyeriss,cifar10,92.490000,3.154100,0.502206,16467
7,3,6854,eyeriss,cifar10,91.040000,2.662580,0.502206,16467
7,3,13714,eyeriss,cifar10,94.373340,7.823540,0.502206,16467
7,3,11472,eyeriss,cifar10,93.970000,4.628660,0.502206,16467
7,3,8323,eyeriss,cifar10,90.870000,2.171060,0.502206,16467
7,3,7407,eyeriss,cifar10,93.510000,3.645620,0.502206,16467
7,3,11376,eyeriss,cifar10,93.510000,3.645620,0.502206,16467
7,4,15295,fpga,cifar10,90.050000,2.057760,0.490194,16314
7,4,11472,fpga,cifar10,93.970000,3.648160,0.490194,16314
7,4,8008,fpga,cifar10,93.480000,2.905760,0.490194,16314
7,4,3731,fpga,cifar10,94.343330,5.936160,0.490194,16314
7,4,6111,fpga,cifar10,94.373340,6.678560,0.490194,16314
7,4,13714,fpga,cifar10,94.373340,6.678560,0.490194,16314
7,4,11692,fpga,cifar10,94.130000,4.163360,0.490194,16314
7,4,5111,fpga,cifar10,94.306660,5.193760,0.490194,16314
7,4,8720,fpga,cifar10,89.875000,1.648160,0.490194,16314
7,4,10412,fpga,cifar10,93.530000,3.420960,0.490194,16314
7,4,4384,fpga,cifar10,86.796670,1.132960,0.490194,16314
7,4,8323,fpga,cifar10,90.870000,2.163360,0.490194,16314
7,4,12438,fpga,cifar10,89.875000,1.648160,0.490194,16314
7,4,13611,fpga,cifar10,92.490000,2.390560,0.490194,16314
7,5,6863,pixel3,cifar10,86.740000,1.229320,0.827048,16143
7,5,70,pixel3,cifar10,91.983330,5.810430,0.827048,16143
7,5,9032,pixel3,cifar10,90.740000,3.102890,0.827048,16143
7,5,6899,pixel3,cifar10,90.900000,3.961410,0.827048,16143
7,5,6330,pixel3,cifar10,94.006670,11.512400,0.827048,16143
7,5,8695,pixel3,cifar10,94.220000,17.564500,0.827048,16143
7,5,1804,pixel3,cifar10,89.063330,1.579900,0.827048,16143
7,5,6382,pixel3,cifar10,93.376660,7.048190,0.827048,16143
7,5,2779,pixel3,cifar10,90.806660,3.102950,0.827048,16143
7,5,1497,pixel3,cifar10,86.556660,1.056630,0.827048,16143
7,5,7207,pixel3,cifar10,89.803340,2.382380,0.827048,16143
7,5,6584,pixel3,cifar10,94.160000,15.720300,0.827048,16143
7,5,7197,pixel3,cifar10,90.366670,2.447670,0.827048,16143
7,5,6470,pixel3,cifar10,92.000000,5.826540,0.827048,16143
7,5,7001,pixel3,cifar10,10.000000,0.003277,0.827048,16143
7,5,4627,pixel3,cifar10,93.270000,7.036050,0.827048,16143
7,5,5111,pixel3,cifar10,94.306660,17.584600,0.827048,16143
7,5,7017,pixel3,cifar10,86.970000,1.403930,0.827048,16143
7,5,6111,pixel3,cifar10,94.373340,23.584800,0.827048,16143
7,5,12452,pixel3,cifar10,91.350000,5.590110,0.827048,16143
7,5,296,pixel3,cifar10,89.713330,1.805350,0.827048,16143
7,5,78,pixel3,cifar10,91.933334,5.807870,0.827048,16143
7,5,3731,pixel3,cifar10,94.343330,23.361300,0.827048,16143
7,5,6918,pixel3,cifar10,87.000000,1.478790,0.827048,16143
7,5,11692,pixel3,cifar10,94.130000,15.490100,0.827048,16143
7,5,8323,pixel3,cifar10,90.870000,3.106420,0.827048,16143
7,5,5149,pixel3,cifar10,92.090000,5.987440,0.827048,16143
7,5,8592,pixel3,cifar10,93.750000,10.769800,0.827048,16143
7,5,1941,pixel3,cifar10,93.533330,9.128690,0.827048,16143
7,5,11972,pixel3,cifar10,91.510000,5.627010,0.827048,16143
7,5,13987,pixel3,cifar10,93.596664,9.922680,0.827048,16143
7,5,13171,pixel3,cifar10,93.530000,7.717220,0.827048,16143
7,5,4398,pixel3,cifar10,92.073330,5.828150,0.827048,16143
7,5,13869,pixel3,cifar10,93.656670,10.634700,0.827048,16143
7,5,4554,pixel3,cifar10,86.670000,1.114880,0.827048,16143
7,5,1943,pixel3,cifar10,93.116670,6.492030,0.827048,16143
7,5,9230,pixel3,cifar10,86.580000,1.056760,0.827048,16143
7,5,4432,pixel3,cifar10,90.700000,2.826310,0.827048,16143
7,5,2035,pixel3,cifar10,89.670000,1.706480,0.827048,16143
7,5,5224,pixel3,cifar10,88.980000,1.570360,0.827048,16143
7,5,8708,pixel3,cifar10,94.080000,12.839000,0.827048,16143
7,5,1778,pixel3,cifar10,92.180000,6.446230,0.827048,16143
7,5,6434,pixel3,cifar10,91.080000,4.811140,0.827048,16143
7,5,6854,pixel3,cifar10,91.040000,4.514220,0.827048,16143
7,6,6960,raspi4,cifar10,92.280000,17.162752,0.710250,16046
7,6,14677,raspi4,cifar10,88.670000,4.755260,0.710250,16046
7,6,5111,raspi4,cifar10,94.306660,41.756905,0.710250,16046
7,6,11810,raspi4,cifar10,92.780000,18.619905,0.710250,16046
7,6,9496,raspi4,cifar10,90.690000,7.330004,0.710250,16046
7,6,6382,raspi4,cifar10,93.376660,21.461164,0.710250,16046
7,6,4659,raspi4,cifar10,93.396670,22.249382,0.710250,16046
7,6,9380,raspi4,cifar10,89.335000,4.875613,0.710250,16046
7,6,12504,raspi4,cifar10,92.130000,16.890614,0.710250,16046
7,6,5780,raspi4,cifar10,93.980000,34.928463,0.710250,16046
7,6,8592,raspi4,cifar10,93.750000,25.477009,0.710250,16046
7,6,9271,raspi4,cifar10,89.250000,4.830311,0.710250,16046
7,6,1690,raspi4,cifar10,86.646670,2.536549,0.710250,16046
7,6,4689,raspi4,cifar10,90.720000,7.356712,0.710250,16046
7,6,12970,raspi4,cifar10,90.970000,11.904152,0.710250,16046
7,6,13430,raspi4,cifar10,90.580000,7.299066,0.710250,16046
7,6,3731,raspi4,cifar10,94.343330,58.070793,0.710250,16046
7,6,8426,raspi4,cifar10,93.840000,31.394428,0.710250,16046
7,6,1941,raspi4,cifar10,93.533330,25.121769,0.710250,16046
7,6,6111,raspi4,cifar10,94.373340,68.404106,0.710250,16046
7,6,7017,raspi4,cifar10,86.970000,2.544041,0.710250,16046
7,6,11692,raspi4,cifar10,94.130000,37.583630,0.710250,16046
7,6,8008,raspi4,cifar10,93.480000,22.571420,0.710250,16046
7,6,2058,raspi4,cifar10,93.270000,19.484835,0.710250,16046
7,6,6985,raspi4,cifar10,89.940000,4.995646,0.710250,16046
7,6,7058,raspi4,cifar10,92.040000,16.469465,0.710250,16046
7,6,1804,raspi4,cifar10,89.063330,4.791845,0.710250,16046
7,6,9980,raspi4,cifar10,10.000000,0.011284,0.710250,16046
7,6,1973,raspi4,cifar10,91.663330,16.185848,0.710250,16046
7,6,14565,raspi4,cifar10,88.880000,4.781183,0.710250,16046
7,6,8323,raspi4,cifar10,90.870000,7.426308,0.710250,16046
7,6,6918,raspi4,cifar10,87.000000,2.787590,0.710250,16046
7,6,4409,raspi4,cifar10,90.590000,7.329025,0.710250,16046
7,6,11972,raspi4,cifar10,91.510000,12.403558,0.710250,16046
7,7,9922,edgegpu,cifar100,58.560000,1.428552,0.527598,16336
7,7,4418,edgegpu,cifar100,72.746666,5.352364,0.527598,16336
7,7,11067,edgegpu,cifar100,58.186670,1.427836,0.527598,16336
7,7,2304,edgegpu,cifar100,58.660000,1.440253,0.527598,16336
7,7,11885,edgegpu,cifar100,68.040000,1.776652,0.527598,16336
7,7,2778,edgegpu,cifar100,72.993330,6.134028,0.527598,16336
7,7,8401,edgegpu,cifar100,71.080000,3.302102,0.527598,16336
7,7,9930,edgegpu,cifar100,73.513336,6.803060,0.527598,16336
7,7,4954,edgegpu,cifar100,73.000000,6.669736,0.527598,16336
7,7,12415,edgegpu,cifar100,71.940000,4.828467,0.527598,16336
7,7,1509,edgegpu,cifar100,1.000000,0.505853,0.527598,16336
7,7,8912,edgegpu,cifar100,59.200000,1.441355,0.527598,16336
7,7,9997,edgegpu,cifar100,71.520000,3.466139,0.527598,16336
7,7,11810,edgegpu,cifar100,68.300000,1.779551,0.527598,16336
7,7,1425,edgegpu,cifar100,72.093330,5.310225,0.527598,16336
7,7,3888,edgegpu,cifar100,73.260000,6.797867,0.527598,16336
7,7,1038,edgegpu,cifar100,67.500000,1.758428,0.527598,16336
7,8,9997,edgetpu,cifar100,71.520000,0.729986,0.672056,16102
7,8,4155,edgetpu,cifar100,62.306667,0.391442,0.672056,16102
7,8,11112,edgetpu,cifar100,66.893330,0.486713,0.672056,16102
7,8,9271,edgetpu,cifar100,63.400000,0.393151,0.672056,16102
7,8,5019,edgetpu,cifar100,58.880000,0.357058,0.672056,16102
7,8,777,edgetpu,cifar100,58.650000,0.355588,0.672056,16102
7,8,3303,edgetpu,cifar100,62.420000,0.392593,0.672056,16102
7,8,857,edgetpu,cifar100,72.880000,1.264168,0.672056,16102
7,8,11219,edgetpu,cifar100,67.200000,0.486929,0.672056,16102
7,8,8401,edgetpu,cifar100,71.080000,0.728572,0.672056,16102
7,8,4418,edgetpu,cifar100,72.746666,1.093699,0.672056,16102
7,8,1383,edgetpu,cifar100,70.273330,0.673722,0.672056,16102
7,8,1110,edgetpu,cifar100,58.840000,0.355938,0.672056,16102
7,8,9930,edgetpu,cifar100,73.513336,1.454107,0.672056,16102
7,8,8638,edgetpu,cifar100,58.860000,0.356631,0.672056,16102
7,8,7760,edgetpu,cifar100,67.800000,0.489248,0.672056,16102
7,8,797,edgetpu,cifar100,69.580000,0.633351,0.672056,16102
7,8,12574,edgetpu,cifar100,72.740000,0.932430,0.672056,16102
7,8,3487,edgetpu,cifar100,70.093330,0.637182,0.672056,16102
7,8,12761,edgetpu,cifar100,72.860000,1.225212,0.672056,16102
7,8,10596,edgetpu,cifar100,67.633330,0.488672,0.672056,16102
7,8,3888,edgetpu,cifar100,73.260000,1.316226,0.672056,16102
7,8,6358,edgetpu,cifar100,67.193340,0.486737,0.672056,16102
7,8,1425,edgetpu,cifar100,72.093330,0.910660,0.672056,16102
7,8,577,edgetpu,cifar100,69.680000,0.635228,0.672056,16102
7,8,12415,edgetpu,cifar100,71.940000,0.872299,0.672056,16102
7,8,14945,edgetpu,cifar100,58.500000,0.354940,0.672056,16102
7,8,1973,edgetpu,cifar100,67.453330,0.488234,0.672056,16102
7,8,10000,edgetpu,cifar100,73.160000,1.283461,0.672056,16102
7,8,15363,edgetpu,cifar100,70.520000,0.676394,0.672056,16102
7,8,2705,edgetpu,cifar100,62.813330,0.393026,0.672056,16102
7,8,11810,edgetpu,cifar100,68.300000,0.492126,0.672056,16102
7,8,1943,edgetpu,cifar100,69.626660,0.634759,0.672056,16102
7,8,8649,edgetpu,cifar100,70.690000,0.727284,0.672056,16102
7,8,11533,edgetpu,cifar100,69.760000,0.635877,0.672056,16102
7,8,10082,edgetpu,cifar100,67.386665,0.487567,0.672056,16102
7,8,14300,edgetpu,cifar100,67.300000,0.487450,0.672056,16102
7,9,12820,eyeriss,cifar100,67.720000,2.419840,0.462281,16555
7,9,3540,eyeriss,cifar100,71.500000,4.877440,0.462281,16555
7,9,5084,eyeriss,cifar100,58.813330,1.682560,0.462281,16555
7,9,10689,eyeriss,cifar100,67.500000,2.174080,0.462281,16555
7,9,6925,eyeriss,cifar100,71.220000,3.894400,0.462281,16555
7,9,4659,eyeriss,cifar100,70.060000,3.402880,0.462281,16555
7,9,699,eyeriss,cifar100,72.240000,5.123200,0.462281,16555
7,9,3888,eyeriss,cifar100,73.260000,6.597760,0.462281,16555
7,9,6787,eyeriss,cifar100,70.720000,3.648640,0.462281,16555
7,9,11301,eyeriss,cifar100,68.220000,2.665600,0.462281,16555
7,9,3385,eyeriss,cifar100,72.380000,5.368960,0.462281,16555
7,9,12761,eyeriss,cifar100,72.860000,6.352000,0.462281,16555
7,9,9930,eyeriss,cifar100,73.513336,9.055360,0.462281,16555
7,9,14112,eyeriss,cifar100,68.386665,2.911360,0.462281,16555
7,9,5651,eyeriss,cifar100,64.690000,1.928320,0.462281,16555
7,10,12295,fpga,cifar100,71.160000,3.648160,0.515291,16237
7,10,9930,fpga,cifar100,73.513336,7.420960,0.515291,16237
7,10,5725,fpga,cifar100,70.600000,3.420960,0.515291,16237
7,10,5651,fpga,cifar100,64.690000,1.648160,0.515291,16237
7,10,11973,fpga,cifar100,70.340000,2.905760,0.515291,16237
7,10,3888,fpga,cifar100,73.260000,5.936160,0.515291,16237
7,10,12761,fpga,cifar100,72.860000,5.420960,0.515291,16237
7,10,15033,fpga,cifar100,67.793335,2.390560,0.515291,16237
7,10,9997,fpga,cifar100,71.520000,4.572960,0.515291,16237
7,10,6830,fpga,cifar100,71.460000,4.057760,0.515291,16237
7,10,5084,fpga,cifar100,58.813330,1.132960,0.515291,16237
7,10,10689,fpga,cifar100,67.500000,2.163360,0.515291,16237
7,10,12574,fpga,cifar100,72.740000,4.678560,0.515291,16237
7,10,4249,fpga,cifar100,65.080000,2.057760,0.515291,16237
7,10,6925,fpga,cifar100,71.220000,3.936160,0.515291,16237
7,11,12574,pixel3,cifar100,72.740000,16.473900,0.622048,16143
7,11,857,pixel3,cifar100,72.880000,19.113200,0.622048,16143
7,11,485,pixel3,cifar100,67.593330,4.124800,0.622048,16143
7,11,3776,pixel3,cifar100,66.920000,3.109320,0.622048,16143
7,11,9930,pixel3,cifar100,73.513336,42.003600,0.622048,16143
7,11,12970,pixel3,cifar100,68.140000,4.782110,0.622048,16143
7,11,906,pixel3,cifar100,62.393333,1.661810,0.622048,16143
7,11,1459,pixel3,cifar100,73.140000,23.437900,0.622048,16143
7,11,11000,pixel3,cifar100,71.180000,10.677600,0.622048,16143
7,11,3888,pixel3,cifar100,73.260000,23.477200,0.622048,16143
7,11,699,pixel3,cifar100,72.240000,12.079400,0.622048,16143
7,11,8638,pixel3,cifar100,58.860000,1.478570,0.622048,16143
7,11,8912,pixel3,cifar100,59.200000,1.478790,0.622048,16143
7,11,1409,pixel3,cifar100,58.853333,1.275090,0.622048,16143
7,11,6337,pixel3,cifar100,1.000000,0.008753,0.622048,16143
7,11,1416,pixel3,cifar100,64.493330,2.084060,0.622048,16143
7,11,4409,pixel3,cifar100,67.173330,3.113370,0.622048,16143
7,11,777,pixel3,cifar100,58.650000,1.087020,0.622048,16143
7,11,1593,pixel3,cifar100,62.126667,1.582050,0.622048,16143
7,11,11301,pixel3,cifar100,68.220000,5.352090,0.622048,16143
7,11,6925,pixel3,cifar100,71.220000,10.688000,0.622048,16143
7,11,1450,pixel3,cifar100,70.506670,9.337360,0.622048,16143
7,11,4432,pixel3,cifar100,66.486664,3.105870,0.622048,16143
7,11,1090,pixel3,cifar100,65.220000,2.811310,0.622048,16143
7,11,898,pixel3,cifar100,70.000000,6.516140,0.622048,16143
7,12,6830,raspi4,cifar100,71.460000,34.491814,0.692777,15980
7,12,12607,raspi4,cifar100,62.600000,4.779045,0.692777,15980
7,12,11301,raspi4,cifar100,68.220000,14.905408,0.692777,15980
7,12,10166,raspi4,cifar100,62.700000,4.857379,0.692777,15980
7,12,6822,raspi4,cifar100,58.426666,2.558594,0.692777,15980
7,12,15137,raspi4,cifar100,63.160000,4.941014,0.692777,15980
7,12,1572,raspi4,cifar100,69.900000,19.916142,0.692777,15980
7,12,9930,raspi4,cifar100,73.513336,71.152000,0.692777,15980
7,12,2035,raspi4,cifar100,63.926666,5.005698,0.692777,15980
7,12,12761,raspi4,cifar100,72.860000,53.718200,0.692777,15980
7,12,8740,raspi4,cifar100,1.000000,0.015215,0.692777,15980
7,12,15589,raspi4,cifar100,59.060000,2.795078,0.692777,15980
7,12,485,raspi4,cifar100,67.593330,14.719852,0.692777,15980
7,12,1459,raspi4,cifar100,73.140000,53.879950,0.692777,15980
7,12,2222,raspi4,cifar100,58.313330,2.538255,0.692777,15980
7,12,898,raspi4,cifar100,70.000000,21.506163,0.692777,15980
7,12,7891,raspi4,cifar100,67.550000,12.536592,0.692777,15980
7,12,8768,raspi4,cifar100,71.120000,25.648617,0.692777,15980
7,12,9895,raspi4,cifar100,69.400000,19.211880,0.692777,15980
7,12,3888,raspi4,cifar100,73.260000,55.029520,0.692777,15980
7,12,3487,raspi4,cifar100,70.093330,21.603350,0.692777,15980
7,12,1939,raspi4,cifar100,70.760000,24.555029,0.692777,15980
7,12,6918,raspi4,cifar100,58.800000,2.571364,0.692777,15980
7,12,13430,raspi4,cifar100,66.700000,7.203785,0.692777,15980
7,12,14612,raspi4,cifar100,58.720000,2.563505,0.692777,15980
7,12,7030,raspi4,cifar100,69.600000,19.218203,0.692777,15980
7,12,10042,raspi4,cifar100,64.880000,5.100886,0.692777,15980
7,12,4418,raspi4,cifar100,72.746666,47.162354,0.692777,15980
7,12,12915,raspi4,cifar100,66.950000,7.226311,0.692777,15980
7,12,9997,raspi4,cifar100,71.520000,34.996710,0.692777,15980
7,12,10222,raspi4,cifar100,58.860000,2.747804,0.692777,15980
7,12,15363,raspi4,cifar100,70.520000,21.809430,0.692777,15980
7,12,10689,raspi4,cifar100,67.500000,7.381845,0.692777,15980
7,12,3408,raspi4,cifar100,63.993332,5.081906,0.692777,15980
7,12,12574,raspi4,cifar100,72.740000,36.371254,0.692777,15980
7,12,375,raspi4,cifar100,64.440000,5.099302,0.692777,15980
7,12,4409,raspi4,cifar100,67.173330,7.228629,0.692777,15980
7,12,6931,raspi4,cifar100,71.180000,34.009453,0.692777,15980
7,13,9722,edgegpu,ImageNet16-120,44.000000,3.327813,0.551843,16430
7,13,4160,edgegpu,ImageNet16-120,39.833332,1.756272,0.551843,16430
7,13,14117,edgegpu,ImageNet16-120,28.677778,1.435547,0.551843,16430
7,13,15376,edgegpu,ImageNet16-120,0.833333,0.533953,0.551843,16430
7,13,9586,edgegpu,ImageNet16-120,46.933334,5.222673,0.551843,16430
7,13,11217,edgegpu,ImageNet16-120,43.466667,3.316708,0.551843,16430
7,13,4946,edgegpu,ImageNet16-120,44.700000,3.490419,0.551843,16430
7,13,1164,edgegpu,ImageNet16-120,28.522223,1.435223,0.551843,16430
7,13,14840,edgegpu,ImageNet16-120,45.311110,4.224715,0.551843,16430
7,13,8426,edgegpu,ImageNet16-120,44.633335,3.370147,0.551843,16430
7,13,4988,edgegpu,ImageNet16-120,28.933332,1.448212,0.551843,16430
7,13,4587,edgegpu,ImageNet16-120,28.800000,1.445131,0.551843,16430
7,13,8884,edgegpu,ImageNet16-120,45.033333,3.499999,0.551843,16430
7,13,10947,edgegpu,ImageNet16-120,39.944443,1.909800,0.551843,16430
7,13,8401,edgegpu,ImageNet16-120,43.833332,3.322444,0.551843,16430
7,13,857,edgegpu,ImageNet16-120,47.311110,6.707663,0.551843,16430
7,13,15288,edgegpu,ImageNet16-120,28.422222,1.417041,0.551843,16430
7,13,12415,edgegpu,ImageNet16-120,46.566666,4.667692,0.551843,16430
7,13,2650,edgegpu,ImageNet16-120,42.433334,3.309817,0.551843,16430
7,13,13760,edgegpu,ImageNet16-120,32.333332,1.739759,0.551843,16430
7,13,12505,edgegpu,ImageNet16-120,39.283333,1.750417,0.551843,16430
7,13,14612,edgegpu,ImageNet16-120,28.488890,1.434064,0.551843,16430
7,13,7187,edgegpu,ImageNet16-120,28.683332,1.443858,0.551843,16430
7,13,6950,edgegpu,ImageNet16-120,38.700000,1.740150,0.551843,16430
7,13,15159,edgegpu,ImageNet16-120,45.566666,4.632421,0.551843,16430
7,13,5981,edgegpu,ImageNet16-120,39.211113,1.746097,0.551843,16430
7,13,15383,edgegpu,ImageNet16-120,47.033333,6.262836,0.551843,16430
7,14,13931,edgetpu,ImageNet16-120,28.788889,0.360349,0.593597,16070
7,14,11282,edgetpu,ImageNet16-120,39.633335,0.428409,0.593597,16070
7,14,4675,edgetpu,ImageNet16-120,33.100000,0.393316,0.593597,16070
7,14,15014,edgetpu,ImageNet16-120,28.266666,0.358110,0.593597,16070
7,14,5374,edgetpu,ImageNet16-120,46.766666,0.843987,0.593597,16070
7,14,12415,edgetpu,ImageNet16-120,46.566666,0.710906,0.593597,16070
7,14,70,edgetpu,ImageNet16-120,39.377777,0.428228,0.593597,16070
7,14,4988,edgetpu,ImageNet16-120,28.933332,0.360694,0.593597,16070
7,14,9586,edgetpu,ImageNet16-120,46.933334,0.981196,0.593597,16070
7,14,10017,edgetpu,ImageNet16-120,40.566666,0.524950,0.593597,16070
7,14,8884,edgetpu,ImageNet16-120,45.033333,0.615792,0.593597,16070
7,14,10332,edgetpu,ImageNet16-120,40.033333,0.516152,0.593597,16070
7,14,7750,edgetpu,ImageNet16-120,43.066666,0.551617,0.593597,16070
7,14,5751,edgetpu,ImageNet16-120,40.044445,0.516992,0.593597,16070
7,14,11079,edgetpu,ImageNet16-120,43.566666,0.552430,0.593597,16070
7,14,13769,edgetpu,ImageNet16-120,41.555557,0.549360,0.593597,16070
7,14,1172,edgetpu,ImageNet16-120,39.933334,0.515935,0.593597,16070
7,14,7396,edgetpu,ImageNet16-120,40.177776,0.517218,0.593597,16070
7,14,10699,edgetpu,ImageNet16-120,46.833332,0.858130,0.593597,16070
7,14,4438,edgetpu,ImageNet16-120,39.800000,0.475448,0.593597,16070
7,14,9380,edgetpu,ImageNet16-120,32.533333,0.390999,0.593597,16070
7,14,11885,edgetpu,ImageNet16-120,39.166668,0.427395,0.593597,16070
7,14,5530,edgetpu,ImageNet16-120,42.577778,0.549937,0.593597,16070
7,14,9689,edgetpu,ImageNet16-120,42.533333,0.549702,0.593597,16070
7,14,10750,edgetpu,ImageNet16-120,44.600000,0.615553,0.593597,16070
7,14,3650,edgetpu,ImageNet16-120,43.866665,0.597881,0.593597,16070
7,14,12231,edgetpu,ImageNet16-120,40.200000,0.518358,0.593597,16070
7,14,4830,edgetpu,ImageNet16-120,42.233334,0.549457,0.593597,16070
7,14,10484,edgetpu,ImageNet16-120,44.133335,0.615451,0.593597,16070
7,14,8781,edgetpu,ImageNet16-120,32.366665,0.363484,0.593597,16070
7,14,6520,edgetpu,ImageNet16-120,32.383335,0.363944,0.593597,16070
7,14,7273,edgetpu,ImageNet16-120,42.966667,0.550014,0.593597,16070
7,15,8853,eyeriss,ImageNet16-120,45.600000,1.037440,0.481444,16504
7,15,6854,eyeriss,ImageNet16-120,40.800000,0.668800,0.481444,16504
7,15,14417,eyeriss,ImageNet16-120,45.900000,1.098880,0.481444,16504
7,15,5487,eyeriss,ImageNet16-120,38.500000,0.607360,0.481444,16504
7,15,2835,eyeriss,ImageNet16-120,38.222220,0.545920,0.481444,16504
7,15,479,eyeriss,ImageNet16-120,38.500000,0.607360,0.481444,16504
7,15,8008,eyeriss,ImageNet16-120,43.500000,0.853120,0.481444,16504
7,15,4988,eyeriss,ImageNet16-120,28.933332,0.423040,0.481444,16504
7,15,4829,eyeriss,ImageNet16-120,34.200000,0.484480,0.481444,16504
7,15,6787,eyeriss,ImageNet16-120,44.400000,0.914560,0.481444,16504
7,15,857,eyeriss,ImageNet16-120,47.311110,1.651840,0.481444,16504
7,15,15383,eyeriss,ImageNet16-120,47.033333,1.283200,0.481444,16504
7,15,1939,eyeriss,ImageNet16-120,45.077778,0.976000,0.481444,16504
7,16,14417,fpga,ImageNet16-120,45.900000,1.276320,0.485807,16328
7,16,4988,fpga,ImageNet16-120,28.933332,0.284320,0.485807,16328
7,16,1939,fpga,ImageNet16-120,45.077778,1.062400,0.485807,16328
7,16,2835,fpga,ImageNet16-120,38.222220,0.546720,0.485807,16328
7,16,857,fpga,ImageNet16-120,47.311110,2.038400,0.485807,16328
7,16,11079,fpga,ImageNet16-120,43.566666,0.902400,0.485807,16328
7,16,12452,fpga,ImageNet16-120,40.533333,0.780320,0.485807,16328
7,16,7551,fpga,ImageNet16-120,38.477780,0.677920,0.485807,16328
7,16,8008,fpga,ImageNet16-120,43.500000,0.876800,0.485807,16328
7,16,15383,fpga,ImageNet16-120,47.033333,1.504000,0.485807,16328
7,16,4179,fpga,ImageNet16-120,38.433334,0.649120,0.485807,16328
7,16,5793,fpga,ImageNet16-120,35.033333,0.517920,0.485807,16328
7,16,6787,fpga,ImageNet16-120,44.400000,0.969600,0.485807,16328
7,16,14748,fpga,ImageNet16-120,44.900000,0.995200,0.485807,16328
7,16,6854,fpga,ImageNet16-120,40.800000,0.809120,0.485807,16328
7,16,4829,fpga,ImageNet16-120,34.200000,0.415520,0.485807,16328
7,16,15446,fpga,ImageNet16-120,45.766666,1.116320,0.485807,16328
7,16,10017,fpga,ImageNet16-120,40.566666,0.784000,0.485807,16328
7,17,3728,pixel3,ImageNet16-120,28.500000,0.422880,0.700962,16055
7,17,11000,pixel3,ImageNet16-120,44.866665,2.962520,0.700962,16055
7,17,4988,pixel3,ImageNet16-120,28.933332,0.485996,0.700962,16055
7,17,1939,pixel3,ImageNet16-120,45.077778,3.021500,0.700962,16055
7,17,857,pixel3,ImageNet16-120,47.311110,6.686850,0.700962,16055
7,17,10154,pixel3,ImageNet16-120,46.133335,4.783700,0.700962,16055
7,17,8853,pixel3,ImageNet16-120,45.600000,3.554540,0.700962,16055
7,17,2018,pixel3,ImageNet16-120,46.433334,4.949210,0.700962,16055
7,17,12424,pixel3,ImageNet16-120,43.133330,2.470150,0.700962,16055
7,17,1425,pixel3,ImageNet16-120,45.977780,4.619290,0.700962,16055
7,17,6854,pixel3,ImageNet16-120,40.800000,1.621620,0.700962,16055
7,17,1549,pixel3,ImageNet16-120,28.655556,0.424747,0.700962,16055
7,17,12358,pixel3,ImageNet16-120,34.055557,0.666287,0.700962,16055
7,17,15383,pixel3,ImageNet16-120,47.033333,5.191720,0.700962,16055
7,17,2002,pixel3,ImageNet16-120,32.277780,0.617751,0.700962,16055
7,17,9496,pixel3,ImageNet16-120,38.200000,1.024960,0.700962,16055
7,17,12639,pixel3,ImageNet16-120,40.400000,1.304440,0.700962,16055
7,17,14417,pixel3,ImageNet16-120,45.900000,4.143030,0.700962,16055
7,17,2705,pixel3,ImageNet16-120,32.355556,0.618693,0.700962,16055
7,17,5487,pixel3,ImageNet16-120,38.500000,1.109150,0.700962,16055
7,17,12466,pixel3,ImageNet16-120,46.100000,4.680280,0.700962,16055
7,17,13059,pixel3,ImageNet16-120,34.266666,0.668679,0.700962,16055
7,17,12452,pixel3,ImageNet16-120,40.533333,1.504410,0.700962,16055
7,17,12355,pixel3,ImageNet16-120,45.033333,2.989390,0.700962,16055
7,17,13756,pixel3,ImageNet16-120,0.833333,0.005289,0.700962,16055
7,17,872,pixel3,ImageNet16-120,41.777780,2.465030,0.700962,16055
7,17,4627,pixel3,ImageNet16-120,43.500000,2.479640,0.700962,16055
7,17,4895,pixel3,ImageNet16-120,33.200000,0.619070,0.700962,16055
7,17,4432,pixel3,ImageNet16-120,37.800000,0.861157,0.700962,16055
7,17,12103,pixel3,ImageNet16-120,28.250000,0.422433,0.700962,16055
7,17,6294,pixel3,ImageNet16-120,38.011112,0.869124,0.700962,16055
7,17,4587,pixel3,ImageNet16-120,28.800000,0.445767,0.700962,16055
7,17,12036,pixel3,ImageNet16-120,33.977780,0.665306,0.700962,16055
7,17,6014,pixel3,ImageNet16-120,28.533333,0.423391,0.700962,16055
7,17,2899,pixel3,ImageNet16-120,43.911110,2.701210,0.700962,16055
7,17,10888,pixel3,ImageNet16-120,28.333334,0.422652,0.700962,16055
7,18,5530,raspi4,ImageNet16-120,42.577778,3.785925,0.802596,16102
7,18,6787,raspi4,ImageNet16-120,44.400000,4.532777,0.802596,16102
7,18,9032,raspi4,ImageNet16-120,38.016666,2.201532,0.802596,16102
7,18,4995,raspi4,ImageNet16-120,42.166668,3.766336,0.802596,16102
7,18,2779,raspi4,ImageNet16-120,37.355556,2.190654,0.802596,16102
7,18,2018,raspi4,ImageNet16-120,46.433334,7.482383,0.802596,16102
7,18,4988,raspi4,ImageNet16-120,28.933332,1.003251,0.802596,16102
7,18,11079,raspi4,ImageNet16-120,43.566666,3.802027,0.802596,16102
7,18,11584,raspi4,ImageNet16-120,46.666668,8.014434,0.802596,16102
7,18,13931,raspi4,ImageNet16-120,28.788889,0.956195,0.802596,16102
7,18,857,raspi4,ImageNet16-120,47.311110,9.020064,0.802596,16102
7,18,1413,raspi4,ImageNet16-120,42.711113,3.788479,0.802596,16102
7,18,3782,raspi4,ImageNet16-120,41.866665,3.755286,0.802596,16102
7,18,8884,raspi4,ImageNet16-120,45.033333,5.293177,0.802596,16102
7,18,933,raspi4,ImageNet16-120,0.833333,0.011514,0.802596,16102
7,18,12358,raspi4,ImageNet16-120,34.055557,1.582727,0.802596,16102
7,18,8426,raspi4,ImageNet16-120,44.633335,5.288439,0.802596,16102
7,18,45,raspi4,ImageNet16-120,33.611110,1.581422,0.802596,16102
7,18,12452,raspi4,ImageNet16-120,40.533333,3.592146,0.802596,16102
7,18,7955,raspi4,ImageNet16-120,39.388890,3.082832,0.802596,16102
7,18,5973,raspi4,ImageNet16-120,40.100000,3.159922,0.802596,16102
7,18,6336,raspi4,ImageNet16-120,39.366665,3.073392,0.802596,16102
7,18,9762,raspi4,ImageNet16-120,38.200000,2.912099,0.802596,16102
7,18,1939,raspi4,ImageNet16-120,45.077778,5.341908,0.802596,16102
7,18,14792,raspi4,ImageNet16-120,43.033333,3.792447,0.802596,16102
7,18,15383,raspi4,ImageNet16-120,47.033333,8.565354,0.802596,16102
7,18,6854,raspi4,ImageNet16-120,40.800000,3.661016,0.802596,16102
7,18,13059,raspi4,ImageNet16-120,34.266666,1.595651,0.802596,16102
7,18,7227,raspi4,ImageNet16-120,32.533333,1.530737,0.802596,16102
7,18,2649,raspi4,ImageNet16-120,33.788887,1.582191,0.802596,16102
7,18,4675,raspi4,ImageNet16-120,33.100000,1.544321,0.802596,16102
7,18,13644,raspi4,ImageNet16-120,45.333332,6.780282,0.802596,16102
7,18,3960,raspi4,ImageNet16-120,37.755554,2.197980,0.802596,16102
7,18,12505,raspi4,ImageNet16-120,39.283333,3.062432,0.802596,16102
7,18,11653,raspi4,ImageNet16-120,38.100000,2.898014,0.802596,16102
7,18,3431,raspi4,ImageNet16-120,32.966667,1.536690,0.802596,16102
7,18,8853,raspi4,ImageNet16-120,45.600000,6.961605,0.802596,16102
7,18,13771,raspi4,ImageNet16-120,32.744446,1.533813,0.802596,16102
7,18,11438,raspi4,ImageNet16-120,39.733334,3.150053,0.802596,16102
7,18,8355,raspi4,ImageNet16-120,39.666668,3.083286,0.802596,16102
7,18,1188,raspi4,ImageNet16-120,32.455555,1.526725,0.802596,16102
7,18,10835,raspi4,ImageNet16-120,45.233334,6.632419,0.802596,16102
7,18,5487,raspi4,ImageNet16-120,38.500000,3.019000,0.802596,16102
7,18,3687,raspi4,ImageNet16-120,34.066666,1.583497,0.802596,16102
7,18,11946,raspi4,ImageNet16-120,28.200000,0.940293,0.802596,16102
7,18,15363,raspi4,ImageNet16-120,44.333332,4.480516,0.802596,16102
7,18,15446,raspi4,ImageNet16-120,45.766666,7.469873,0.802596,16102
8,1,13401,edgegpu,cifar10,87.010000,1.457009,0.558511,16311
8,1,12113,edgegpu,cifar10,92.245000,1.846456,0.558511,16311
8,1,15200,edgegpu,cifar10,10.000000,0.501385,0.558511,16311
8,1,6330,edgegpu,cifar10,94.006670,4.384699,0.558511,16311
8,1,2053,edgegpu,cifar10,94.206665,5.482254,0.558511,16311
8,1,13714,edgegpu,cifar10,94.373340,6.772180,0.558511,16311
8,1,9099,edgegpu,cifar10,93.940000,3.357520,0.558511,16311
8,1,1459,edgegpu,cifar10,94.296670,6.748991,0.558511,16311
8,1,2090,edgegpu,cifar10,86.650000,1.437702,0.558511,16311
8,1,561,edgegpu,cifar10,86.880000,1.451068,0.558511,16311
8,1,5292,edgegpu,cifar10,94.293335,6.663151,0.558511,16311
8,1,14527,edgegpu,cifar10,86.765000,1.439619,0.558511,16311
8,1,5400,edgegpu,cifar10,86.630000,1.427460,0.558511,16311
8,1,11692,edgegpu,cifar10,94.130000,4.708362,0.558511,16311
8,1,6499,edgegpu,cifar10,93.645000,3.331041,0.558511,16311
8,1,5780,edgegpu,cifar10,93.980000,3.361888,0.558511,16311
8,1,1099,edgegpu,cifar10,92.240000,1.774683,0.558511,16311
8,1,11810,edgegpu,cifar10,92.780000,1.992798,0.558511,16311
8,1,10484,edgegpu,cifar10,93.810000,3.354015,0.558511,16311
8,1,14407,edgegpu,cifar10,86.770000,1.440282,0.558511,16311
8,1,14090,edgegpu,cifar10,92.086670,1.749086,0.558511,16311
8,1,11438,edgegpu,cifar10,92.500000,1.846719,0.558511,16311
8,1,258,edgegpu,cifar10,93.640000,3.307109,0.558511,16311
8,1,1339,edgegpu,cifar10,92.136665,1.751881,0.558511,16311
8,2,3731,edgetpu,cifar10,94.343330,1.282820,0.634683,16175
8,2,11692,edgetpu,cifar10,94.130000,0.761100,0.634683,16175
8,2,9689,edgetpu,cifar10,93.370000,0.628386,0.634683,16175
8,2,5780,edgetpu,cifar10,93.980000,0.723967,0.634683,16175
8,2,6382,edgetpu,cifar10,93.376660,0.628638,0.634683,16175
8,2,13714,edgetpu,cifar10,94.373340,1.377865,0.634683,16175
8,2,11533,edgetpu,cifar10,93.420000,0.632626,0.634683,16175
8,2,2053,edgetpu,cifar10,94.206665,1.042178,0.634683,16175
8,2,11438,edgetpu,cifar10,92.500000,0.482393,0.634683,16175
8,2,5111,edgetpu,cifar10,94.306660,1.152010,0.634683,16175
8,2,6515,edgetpu,cifar10,93.616670,0.722858,0.634683,16175
8,2,797,edgetpu,cifar10,93.280000,0.627996,0.634683,16175
8,2,8192,edgetpu,cifar10,93.093330,0.627745,0.634683,16175
8,2,6918,edgetpu,cifar10,87.000000,0.375819,0.634683,16175
8,2,11810,edgetpu,cifar10,92.780000,0.482879,0.634683,16175
8,2,3927,edgetpu,cifar10,93.626660,0.723268,0.634683,16175
8,2,4384,edgetpu,cifar10,86.796670,0.362569,0.634683,16175
8,2,5647,edgetpu,cifar10,89.110000,0.389378,0.634683,16175
8,2,9950,edgetpu,cifar10,93.840000,0.723767,0.634683,16175
8,2,11112,edgetpu,cifar10,92.110000,0.480732,0.634683,16175
8,2,5258,edgetpu,cifar10,88.775000,0.388629,0.634683,16175
8,2,13611,edgetpu,cifar10,92.490000,0.481826,0.634683,16175
8,2,2485,edgetpu,cifar10,86.700000,0.346546,0.634683,16175
8,2,4161,edgetpu,cifar10,89.250000,0.391221,0.634683,16175
8,2,9380,edgetpu,cifar10,89.335000,0.395662,0.634683,16175
8,3,4384,eyeriss,cifar10,86.796670,1.679540,0.499468,16493
8,3,8592,eyeriss,cifar10,93.750000,3.891380,0.499468,16493
8,3,8720,eyeriss,cifar10,89.875000,1.925300,0.499468,16493
8,3,6111,eyeriss,cifar10,94.373340,7.823540,0.499468,16493
8,3,11692,eyeriss,cifar10,94.130000,4.874420,0.499468,16493
8,3,3731,eyeriss,cifar10,94.343330,6.594740,0.499468,16493
8,3,6899,eyeriss,cifar10,90.900000,2.416820,0.499468,16493
8,3,13714,eyeriss,cifar10,94.373340,7.823540,0.499468,16493
8,3,10412,eyeriss,cifar10,93.530000,3.645620,0.499468,16493
8,3,8008,eyeriss,cifar10,93.480000,3.399860,0.499468,16493
8,3,13611,eyeriss,cifar10,92.490000,3.154100,0.499468,16493
8,3,5111,eyeriss,cifar10,94.306660,5.365940,0.499468,16493
8,3,9950,eyeriss,cifar10,93.840000,4.628660,0.499468,16493
8,3,12438,eyeriss,cifar10,89.875000,1.925300,0.499468,16493
8,3,8323,eyeriss,cifar10,90.870000,2.171060,0.499468,16493
8,4,13611,fpga,cifar10,92.490000,2.390560,0.485921,16227
8,4,12438,fpga,cifar10,89.875000,1.648160,0.485921,16227
8,4,4384,fpga,cifar10,86.796670,1.132960,0.485921,16227
8,4,14346,fpga,cifar10,89.986664,2.057760,0.485921,16227
8,4,6111,fpga,cifar10,94.373340,6.678560,0.485921,16227
8,4,3731,fpga,cifar10,94.343330,5.936160,0.485921,16227
8,4,11692,fpga,cifar10,94.130000,4.163360,0.485921,16227
8,4,5111,fpga,cifar10,94.306660,5.193760,0.485921,16227
8,4,8008,fpga,cifar10,93.480000,2.905760,0.485921,16227
8,4,13714,fpga,cifar10,94.373340,6.678560,0.485921,16227
8,4,8323,fpga,cifar10,90.870000,2.163360,0.485921,16227
8,4,13987,fpga,cifar10,93.596664,3.420960,0.485921,16227
8,4,8720,fpga,cifar10,89.875000,1.648160,0.485921,16227
8,4,11472,fpga,cifar10,93.970000,3.648160,0.485921,16227
8,5,25,pixel3,cifar10,86.540000,1.054570,0.793910,16025
8,5,6999,pixel3,cifar10,93.820000,12.260900,0.793910,16025
8,5,11972,pixel3,cifar10,91.510000,5.627010,0.793910,16025
8,5,3731,pixel3,cifar10,94.343330,23.361300,0.793910,16025
8,5,6111,pixel3,cifar10,94.373340,23.584800,0.793910,16025
8,5,8592,pixel3,cifar10,93.750000,10.769800,0.793910,16025
8,5,11692,pixel3,cifar10,94.130000,15.490100,0.793910,16025
8,5,5111,pixel3,cifar10,94.306660,17.584600,0.793910,16025
8,5,1339,pixel3,cifar10,92.136665,5.802240,0.793910,16025
8,5,6434,pixel3,cifar10,91.080000,4.811140,0.793910,16025
8,5,3385,pixel3,cifar10,93.990000,13.656500,0.793910,16025
8,5,4554,pixel3,cifar10,86.670000,1.114880,0.793910,16025
8,5,1497,pixel3,cifar10,86.556660,1.056630,0.793910,16025
8,5,6918,pixel3,cifar10,87.000000,1.478790,0.793910,16025
8,5,8695,pixel3,cifar10,94.220000,17.564500,0.793910,16025
8,5,2035,pixel3,cifar10,89.670000,1.706480,0.793910,16025
8,5,6382,pixel3,cifar10,93.376660,7.048190,0.793910,16025
8,5,13171,pixel3,cifar10,93.530000,7.717220,0.793910,16025
8,5,6854,pixel3,cifar10,91.040000,4.514220,0.793910,16025
8,5,12820,pixel3,cifar10,90.880000,3.982790,0.793910,16025
8,5,4627,pixel3,cifar10,93.270000,7.036050,0.793910,16025
8,5,6584,pixel3,cifar10,94.160000,15.720300,0.793910,16025
8,5,6863,pixel3,cifar10,86.740000,1.229320,0.793910,16025
8,5,1804,pixel3,cifar10,89.063330,1.579900,0.793910,16025
8,5,7197,pixel3,cifar10,90.366670,2.447670,0.793910,16025
8,5,13096,pixel3,cifar10,90.700000,2.666040,0.793910,16025
8,5,858,pixel3,cifar10,89.696660,1.870670,0.793910,16025
8,5,7001,pixel3,cifar10,10.000000,0.003277,0.793910,16025
8,5,5224,pixel3,cifar10,88.980000,1.570360,0.793910,16025
8,5,1943,pixel3,cifar10,93.116670,6.492030,0.793910,16025
8,5,12452,pixel3,cifar10,91.350000,5.590110,0.793910,16025
8,5,5915,pixel3,cifar10,86.846664,1.472530,0.793910,16025
8,5,8323,pixel3,cifar10,90.870000,3.106420,0.793910,16025
8,5,1425,pixel3,cifar10,93.933334,12.536500,0.793910,16025
8,5,4689,pixel3,cifar10,90.720000,3.106280,0.793910,16025
8,5,9230,pixel3,cifar10,86.580000,1.056760,0.793910,16025
8,5,1941,pixel3,cifar10,93.533330,9.128690,0.793910,16025
8,5,4384,pixel3,cifar10,86.796670,1.467300,0.793910,16025
8,5,8720,pixel3,cifar10,89.875000,2.362840,0.793910,16025
8,5,13987,pixel3,cifar10,93.596664,9.922680,0.793910,16025
8,6,8426,raspi4,cifar10,93.840000,31.394428,0.736022,15902
8,6,6111,raspi4,cifar10,94.373340,68.404106,0.736022,15902
8,6,1962,raspi4,cifar10,86.530000,2.529453,0.736022,15902
8,6,13320,raspi4,cifar10,89.330000,4.889096,0.736022,15902
8,6,8323,raspi4,cifar10,90.870000,7.426308,0.736022,15902
8,6,11692,raspi4,cifar10,94.130000,37.583630,0.736022,15902
8,6,3731,raspi4,cifar10,94.343330,58.070793,0.736022,15902
8,6,2058,raspi4,cifar10,93.270000,19.484835,0.736022,15902
8,6,5780,raspi4,cifar10,93.980000,34.928463,0.736022,15902
8,6,1894,raspi4,cifar10,92.110000,17.550644,0.736022,15902
8,6,5111,raspi4,cifar10,94.306660,41.756905,0.736022,15902
8,6,1781,raspi4,cifar10,89.883330,5.961801,0.736022,15902
8,6,3687,raspi4,cifar10,89.820000,5.156255,0.736022,15902
8,6,8592,raspi4,cifar10,93.750000,25.477009,0.736022,15902
8,6,6382,raspi4,cifar10,93.376660,21.461164,0.736022,15902
8,6,1941,raspi4,cifar10,93.533330,25.121769,0.736022,15902
8,6,7017,raspi4,cifar10,86.970000,2.544041,0.736022,15902
8,6,13611,raspi4,cifar10,92.490000,18.523302,0.736022,15902
8,6,9271,raspi4,cifar10,89.250000,4.830311,0.736022,15902
8,6,1099,raspi4,cifar10,92.240000,18.358124,0.736022,15902
8,6,11810,raspi4,cifar10,92.780000,18.619905,0.736022,15902
8,6,7210,raspi4,cifar10,92.180000,18.080248,0.736022,15902
8,6,9980,raspi4,cifar10,10.000000,0.011284,0.736022,15902
8,6,8008,raspi4,cifar10,93.480000,22.571420,0.736022,15902
8,6,6918,raspi4,cifar10,87.000000,2.787590,0.736022,15902
8,6,14565,raspi4,cifar10,88.880000,4.781183,0.736022,15902
8,6,1973,raspi4,cifar10,91.663330,16.185848,0.736022,15902
8,6,7058,raspi4,cifar10,92.040000,16.469465,0.736022,15902
8,6,2035,raspi4,cifar10,89.670000,4.984099,0.736022,15902
8,6,7407,raspi4,cifar10,93.510000,24.855400,0.736022,15902
8,6,4432,raspi4,cifar10,90.700000,7.290926,0.736022,15902
8,6,14677,raspi4,cifar10,88.670000,4.755260,0.736022,15902
8,6,1804,raspi4,cifar10,89.063330,4.791845,0.736022,15902
8,6,12639,raspi4,cifar10,90.990000,11.857850,0.736022,15902
8,6,1690,raspi4,cifar10,86.646670,2.536549,0.736022,15902
8,6,4659,raspi4,cifar10,93.396670,22.249382,0.736022,15902
8,6,6868,raspi4,cifar10,90.880000,10.226877,0.736022,15902
8,6,3681,raspi4,cifar10,89.673330,5.140564,0.736022,15902
8,7,2778,edgegpu,cifar100,72.993330,6.134028,0.573169,16285
8,7,9922,edgegpu,cifar100,58.560000,1.428552,0.573169,16285
8,7,4954,edgegpu,cifar100,73.000000,6.669736,0.573169,16285
8,7,1509,edgegpu,cifar100,1.000000,0.505853,0.573169,16285
8,7,11810,edgegpu,cifar100,68.300000,1.779551,0.573169,16285
8,7,11885,edgegpu,cifar100,68.040000,1.776652,0.573169,16285
8,7,9930,edgegpu,cifar100,73.513336,6.803060,0.573169,16285
8,7,3888,edgegpu,cifar100,73.260000,6.797867,0.573169,16285
8,7,12415,edgegpu,cifar100,71.940000,4.828467,0.573169,16285
8,7,2304,edgegpu,cifar100,58.660000,1.440253,0.573169,16285
8,7,8912,edgegpu,cifar100,59.200000,1.441355,0.573169,16285
8,7,8401,edgegpu,cifar100,71.080000,3.302102,0.573169,16285
8,7,4418,edgegpu,cifar100,72.746666,5.352364,0.573169,16285
8,7,9997,edgegpu,cifar100,71.520000,3.466139,0.573169,16285
8,7,1038,edgegpu,cifar100,67.500000,1.758428,0.573169,16285
8,8,14774,edgetpu,cifar100,61.620000,0.391679,0.700660,15929
8,8,577,edgetpu,cifar100,69.680000,0.635228,0.700660,15929
8,8,1804,edgetpu,cifar100,62.246666,0.392786,0.700660,15929
8,8,5019,edgetpu,cifar100,58.880000,0.357058,0.700660,15929
8,8,14300,edgetpu,cifar100,67.300000,0.487450,0.700660,15929
8,8,10679,edgetpu,cifar100,62.080000,0.391915,0.700660,15929
8,8,1425,edgetpu,cifar100,72.093330,0.910660,0.700660,15929
8,8,9930,edgetpu,cifar100,73.513336,1.454107,0.700660,15929
8,8,8401,edgetpu,cifar100,71.080000,0.728572,0.700660,15929
8,8,8912,edgetpu,cifar100,59.200000,0.377698,0.700660,15929
8,8,777,edgetpu,cifar100,58.650000,0.355588,0.700660,15929
8,8,3888,edgetpu,cifar100,73.260000,1.316226,0.700660,15929
8,8,4418,edgetpu,cifar100,72.746666,1.093699,0.700660,15929
8,8,2705,edgetpu,cifar100,62.813330,0.393026,0.700660,15929
8,8,12415,edgetpu,cifar100,71.940000,0.872299,0.700660,15929
8,8,898,edgetpu,cifar100,70.000000,0.636860,0.700660,15929
8,8,10750,edgetpu,cifar100,70.540000,0.727712,0.700660,15929
8,8,11112,edgetpu,cifar100,66.893330,0.486713,0.700660,15929
8,8,6499,edgetpu,cifar100,70.630000,0.728320,0.700660,15929
8,8,1110,edgetpu,cifar100,58.840000,0.355938,0.700660,15929
8,8,12761,edgetpu,cifar100,72.860000,1.225212,0.700660,15929
8,8,797,edgetpu,cifar100,69.580000,0.633351,0.700660,15929
8,8,1383,edgetpu,cifar100,70.273330,0.673722,0.700660,15929
8,8,9950,edgetpu,cifar100,70.380000,0.727540,0.700660,15929
8,8,11533,edgetpu,cifar100,69.760000,0.635877,0.700660,15929
8,8,12574,edgetpu,cifar100,72.740000,0.932430,0.700660,15929
8,8,13829,edgetpu,cifar100,66.873340,0.485137,0.700660,15929
8,8,11885,edgetpu,cifar100,68.040000,0.489665,0.700660,15929
8,8,857,edgetpu,cifar100,72.880000,1.264168,0.700660,15929
8,8,8638,edgetpu,cifar100,58.860000,0.356631,0.700660,15929
8,8,781,edgetpu,cifar100,67.960000,0.487922,0.700660,15929
8,8,11219,edgetpu,cifar100,67.200000,0.486929,0.700660,15929
8,8,10000,edgetpu,cifar100,73.160000,1.283461,0.700660,15929
8,8,14945,edgetpu,cifar100,58.500000,0.354940,0.700660,15929
8,8,9997,edgetpu,cifar100,71.520000,0.729986,0.700660,15929
8,8,9271,edgetpu,cifar100,63.400000,0.393151,0.700660,15929
8,8,11810,edgetpu,cifar100,68.300000,0.492126,0.700660,15929
8,8,12607,edgetpu,cifar100,62.600000,0.392830,0.700660,15929
8,8,4627,edgetpu,cifar100,69.600000,0.635153,0.700660,15929
8,9,6787,eyeriss,cifar100,70.720000,3.648640,0.463884,16509
8,9,3687,eyeriss,cifar100,64.460000,1.928320,0.463884,16509
8,9,11973,eyeriss,cifar100,70.340000,3.402880,0.463884,16509
8,9,12820,eyeriss,cifar100,67.720000,2.419840,0.463884,16509
8,9,9930,eyeriss,cifar100,73.513336,9.055360,0.463884,16509
8,9,3888,eyeriss,cifar100,73.260000,6.597760,0.463884,16509
8,9,5084,eyeriss,cifar100,58.813330,1.682560,0.463884,16509
8,9,10689,eyeriss,cifar100,67.500000,2.174080,0.463884,16509
8,9,12574,eyeriss,cifar100,72.740000,5.123200,0.463884,16509
8,9,3540,eyeriss,cifar100,71.500000,4.877440,0.463884,16509
8,9,6925,eyeriss,cifar100,71.220000,3.894400,0.463884,16509
8,9,12761,eyeriss,cifar100,72.860000,6.352000,0.463884,16509
8,9,11301,eyeriss,cifar100,68.220000,2.665600,0.463884,16509
8,10,6925,fpga,cifar100,71.220000,3.936160,0.583340,16240
8,10,6830,fpga,cifar100,71.460000,4.057760,0.583340,16240
8,10,9930,fpga,cifar100,73.513336,7.420960,0.583340,16240
8,10,12820,fpga,cifar100,67.720000,2.678560,0.583340,16240
8,10,3540,fpga,cifar100,71.500000,4.163360,0.583340,16240
8,10,5743,fpga,cifar100,67.800000,2.800160,0.583340,16240
8,10,5651,fpga,cifar100,64.690000,1.648160,0.583340,16240
8,10,12761,fpga,cifar100,72.860000,5.420960,0.583340,16240
8,10,699,fpga,cifar100,72.240000,4.678560,0.583340,16240
8,10,12295,fpga,cifar100,71.160000,3.648160,0.583340,16240
8,10,7250,fpga,cifar100,67.706665,2.390560,0.583340,16240
8,10,3385,fpga,cifar100,72.380000,5.193760,0.583340,16240
8,10,3888,fpga,cifar100,73.260000,5.936160,0.583340,16240
8,10,898,fpga,cifar100,70.000000,2.905760,0.583340,16240
8,10,5084,fpga,cifar100,58.813330,1.132960,0.583340,16240
8,10,5725,fpga,cifar100,70.600000,3.420960,0.583340,16240
8,10,10689,fpga,cifar100,67.500000,2.163360,0.583340,16240
8,10,5033,fpga,cifar100,59.060000,1.542560,0.583340,16240
8,10,4249,fpga,cifar100,65.080000,2.057760,0.583340,16240
8,11,6337,pixel3,cifar100,1.000000,0.008753,0.669662,16144
8,11,12574,pixel3,cifar100,72.740000,16.473900,0.669662,16144
8,11,857,pixel3,cifar100,72.880000,19.113200,0.669662,16144
8,11,9930,pixel3,cifar100,73.513336,42.003600,0.669662,16144
8,11,5019,pixel3,cifar100,58.880000,1.483640,0.669662,16144
8,11,1459,pixel3,cifar100,73.140000,23.437900,0.669662,16144
8,11,1409,pixel3,cifar100,58.853333,1.275090,0.669662,16144
8,11,15589,pixel3,cifar100,59.060000,1.483890,0.669662,16144
8,11,1416,pixel3,cifar100,64.493330,2.084060,0.669662,16144
8,11,6925,pixel3,cifar100,71.220000,10.688000,0.669662,16144
8,11,11000,pixel3,cifar100,71.180000,10.677600,0.669662,16144
8,11,3888,pixel3,cifar100,73.260000,23.477200,0.669662,16144
8,11,1558,pixel3,cifar100,64.020000,1.705220,0.669662,16144
8,11,1357,pixel3,cifar100,67.480000,3.998260,0.669662,16144
8,11,11301,pixel3,cifar100,68.220000,5.352090,0.669662,16144
8,11,699,pixel3,cifar100,72.240000,12.079400,0.669662,16144
8,11,777,pixel3,cifar100,58.650000,1.087020,0.669662,16144
8,11,15363,pixel3,cifar100,70.520000,9.708640,0.669662,16144
8,11,8638,pixel3,cifar100,58.860000,1.478570,0.669662,16144
8,11,1450,pixel3,cifar100,70.506670,9.337360,0.669662,16144
8,11,898,pixel3,cifar100,70.000000,6.516140,0.669662,16144
8,11,6787,pixel3,cifar100,70.720000,9.854430,0.669662,16144
8,11,724,pixel3,cifar100,67.053340,2.875650,0.669662,16144
8,11,12970,pixel3,cifar100,68.140000,4.782110,0.669662,16144
8,11,5651,pixel3,cifar100,64.690000,2.376870,0.669662,16144
8,11,858,pixel3,cifar100,64.133330,2.003500,0.669662,16144
8,12,4731,raspi4,cifar100,67.046670,7.444095,0.715981,16104
8,12,8740,raspi4,cifar100,1.000000,0.015215,0.715981,16104
8,12,15589,raspi4,cifar100,59.060000,2.795078,0.715981,16104
8,12,6294,raspi4,cifar100,66.973335,7.376450,0.715981,16104
8,12,12761,raspi4,cifar100,72.860000,53.718200,0.715981,16104
8,12,2058,raspi4,cifar100,69.613335,20.052132,0.715981,16104
8,12,2035,raspi4,cifar100,63.926666,5.005698,0.715981,16104
8,12,7031,raspi4,cifar100,69.526665,19.879576,0.715981,16104
8,12,3888,raspi4,cifar100,73.260000,55.029520,0.715981,16104
8,12,1459,raspi4,cifar100,73.140000,53.879950,0.715981,16104
8,12,14714,raspi4,cifar100,71.280000,24.692347,0.715981,16104
8,12,9762,raspi4,cifar100,67.080000,9.740194,0.715981,16104
8,12,12915,raspi4,cifar100,66.950000,7.226311,0.715981,16104
8,12,15363,raspi4,cifar100,70.520000,21.809430,0.715981,16104
8,12,11533,raspi4,cifar100,69.760000,21.446177,0.715981,16104
8,12,12574,raspi4,cifar100,72.740000,36.371254,0.715981,16104
8,12,9930,raspi4,cifar100,73.513336,71.152000,0.715981,16104
8,12,3487,raspi4,cifar100,70.093330,21.603350,0.715981,16104
8,12,4418,raspi4,cifar100,72.746666,47.162354,0.715981,16104
8,12,14612,raspi4,cifar100,58.720000,2.563505,0.715981,16104
8,12,9997,raspi4,cifar100,71.520000,34.996710,0.715981,16104
8,12,12607,raspi4,cifar100,62.600000,4.779045,0.715981,16104
8,12,9271,raspi4,cifar100,63.400000,4.800893,0.715981,16104
8,12,2222,raspi4,cifar100,58.313330,2.538255,0.715981,16104
8,12,10222,raspi4,cifar100,58.860000,2.747804,0.715981,16104
8,12,9895,raspi4,cifar100,69.400000,19.211880,0.715981,16104
8,12,13430,raspi4,cifar100,66.700000,7.203785,0.715981,16104
8,12,14112,raspi4,cifar100,68.386665,14.423308,0.715981,16104
8,12,11635,raspi4,cifar100,64.640000,5.177113,0.715981,16104
8,12,898,raspi4,cifar100,70.000000,21.506163,0.715981,16104
8,12,8912,raspi4,cifar100,59.200000,2.818969,0.715981,16104
8,12,6830,raspi4,cifar100,71.460000,34.491814,0.715981,16104
8,12,6925,raspi4,cifar100,71.220000,24.195030,0.715981,16104
8,12,6822,raspi4,cifar100,58.426666,2.558594,0.715981,16104
8,12,1357,raspi4,cifar100,67.480000,10.177114,0.715981,16104
8,12,4498,raspi4,cifar100,64.086670,5.022347,0.715981,16104
8,12,375,raspi4,cifar100,64.440000,5.099302,0.715981,16104
8,13,6950,edgegpu,ImageNet16-120,38.700000,1.740150,0.636456,16316
8,13,4988,edgegpu,ImageNet16-120,28.933332,1.448212,0.636456,16316
8,13,5751,edgegpu,ImageNet16-120,40.044445,2.434626,0.636456,16316
8,13,8884,edgegpu,ImageNet16-120,45.033333,3.499999,0.636456,16316
8,13,14117,edgegpu,ImageNet16-120,28.677778,1.435547,0.636456,16316
8,13,8236,edgegpu,ImageNet16-120,39.233334,1.749978,0.636456,16316
8,13,9722,edgegpu,ImageNet16-120,44.000000,3.327813,0.636456,16316
8,13,9586,edgegpu,ImageNet16-120,46.933334,5.222673,0.636456,16316
8,13,15376,edgegpu,ImageNet16-120,0.833333,0.533953,0.636456,16316
8,13,4946,edgegpu,ImageNet16-120,44.700000,3.490419,0.636456,16316
8,13,8426,edgegpu,ImageNet16-120,44.633335,3.370147,0.636456,16316
8,13,15288,edgegpu,ImageNet16-120,28.422222,1.417041,0.636456,16316
8,13,4587,edgegpu,ImageNet16-120,28.800000,1.445131,0.636456,16316
8,13,15159,edgegpu,ImageNet16-120,45.566666,4.632421,0.636456,16316
8,13,1164,edgegpu,ImageNet16-120,28.522223,1.435223,0.636456,16316
8,13,7187,edgegpu,ImageNet16-120,28.683332,1.443858,0.636456,16316
8,13,11217,edgegpu,ImageNet16-120,43.466667,3.316708,0.636456,16316
8,13,8401,edgegpu,ImageNet16-120,43.833332,3.322444,0.636456,16316
8,13,454,edgegpu,ImageNet16-120,41.277780,3.303313,0.636456,16316
8,13,8801,edgegpu,ImageNet16-120,39.166668,1.746321,0.636456,16316
8,13,7760,edgegpu,ImageNet16-120,39.100000,1.743751,0.636456,16316
8,13,12505,edgegpu,ImageNet16-120,39.283333,1.750417,0.636456,16316
8,13,13760,edgegpu,ImageNet16-120,32.333332,1.739759,0.636456,16316
8,13,12415,edgegpu,ImageNet16-120,46.566666,4.667692,0.636456,16316
8,13,14840,edgegpu,ImageNet16-120,45.311110,4.224715,0.636456,16316
8,13,14612,edgegpu,ImageNet16-120,28.488890,1.434064,0.636456,16316
8,13,10947,edgegpu,ImageNet16-120,39.944443,1.909800,0.636456,16316
8,13,4160,edgegpu,ImageNet16-120,39.833332,1.756272,0.636456,16316
8,14,6407,edgetpu,ImageNet16-120,32.333332,0.363748,0.665666,16435
8,14,2560,edgetpu,ImageNet16-120,28.200000,0.359160,0.665666,16435
8,14,13972,edgetpu,ImageNet16-120,31.933332,0.363440,0.665666,16435
8,14,14677,edgetpu,ImageNet16-120,33.233334,0.364575,0.665666,16435
8,14,4988,edgetpu,ImageNet16-120,28.933332,0.360694,0.665666,16435
8,14,857,edgetpu,ImageNet16-120,47.311110,0.997730,0.665666,16435
8,14,15363,edgetpu,ImageNet16-120,44.333332,0.582280,0.665666,16435
8,14,6950,edgetpu,ImageNet16-120,38.700000,0.427379,0.665666,16435
8,14,4160,edgetpu,ImageNet16-120,39.833332,0.430355,0.665666,16435
8,14,15383,edgetpu,ImageNet16-120,47.033333,0.780914,0.665666,16435
8,14,5530,edgetpu,ImageNet16-120,42.577778,0.549937,0.665666,16435
8,14,3540,edgetpu,ImageNet16-120,45.122223,0.648670,0.665666,16435
8,14,7750,edgetpu,ImageNet16-120,43.066666,0.551617,0.665666,16435
8,14,14527,edgetpu,ImageNet16-120,28.133333,0.358865,0.665666,16435
8,14,12415,edgetpu,ImageNet16-120,46.566666,0.710906,0.665666,16435
8,14,7273,edgetpu,ImageNet16-120,42.966667,0.550014,0.665666,16435
8,14,9109,edgetpu,ImageNet16-120,39.466667,0.428971,0.665666,16435
8,14,11885,edgetpu,ImageNet16-120,39.166668,0.427395,0.665666,16435
8,14,13769,edgetpu,ImageNet16-120,41.555557,0.549360,0.665666,16435
8,14,12231,edgetpu,ImageNet16-120,40.200000,0.518358,0.665666,16435
8,14,8884,edgetpu,ImageNet16-120,45.033333,0.615792,0.665666,16435
8,14,5751,edgetpu,ImageNet16-120,40.044445,0.516992,0.665666,16435
8,14,70,edgetpu,ImageNet16-120,39.377777,0.428228,0.665666,16435
8,14,14840,edgetpu,ImageNet16-120,45.311110,0.666690,0.665666,16435
8,14,1172,edgetpu,ImageNet16-120,39.933334,0.515935,0.665666,16435
8,14,10332,edgetpu,ImageNet16-120,40.033333,0.516152,0.665666,16435
8,14,7357,edgetpu,ImageNet16-120,44.666668,0.600498,0.665666,16435
8,14,13931,edgetpu,ImageNet16-120,28.788889,0.360349,0.665666,16435
8,14,4627,edgetpu,ImageNet16-120,43.500000,0.552306,0.665666,16435
8,14,11079,edgetpu,ImageNet16-120,43.566666,0.552430,0.665666,16435
8,15,1939,eyeriss,ImageNet16-120,45.077778,0.976000,0.444165,16325
8,15,15383,eyeriss,ImageNet16-120,47.033333,1.283200,0.444165,16325
8,15,4829,eyeriss,ImageNet16-120,34.200000,0.484480,0.444165,16325
8,15,2835,eyeriss,ImageNet16-120,38.222220,0.545920,0.444165,16325
8,15,735,eyeriss,ImageNet16-120,38.544445,0.607360,0.444165,16325
8,15,6787,eyeriss,ImageNet16-120,44.400000,0.914560,0.444165,16325
8,15,6854,eyeriss,ImageNet16-120,40.800000,0.668800,0.444165,16325
8,15,8853,eyeriss,ImageNet16-120,45.600000,1.037440,0.444165,16325
8,15,857,eyeriss,ImageNet16-120,47.311110,1.651840,0.444165,16325
8,15,8008,eyeriss,ImageNet16-120,43.500000,0.853120,0.444165,16325
8,15,4988,eyeriss,ImageNet16-120,28.933332,0.423040,0.444165,16325
8,15,14417,eyeriss,ImageNet16-120,45.900000,1.098880,0.444165,16325
8,16,6787,fpga,ImageNet16-120,44.400000,0.969600,0.514455,16333
8,16,14417,fpga,ImageNet16-120,45.900000,1.276320,0.514455,16333
8,16,15383,fpga,ImageNet16-120,47.033333,1.504000,0.514455,16333
8,16,2835,fpga,ImageNet16-120,38.222220,0.546720,0.514455,16333
8,16,1939,fpga,ImageNet16-120,45.077778,1.062400,0.514455,16333
8,16,14748,fpga,ImageNet16-120,44.900000,0.995200,0.514455,16333
8,16,8008,fpga,ImageNet16-120,43.500000,0.876800,0.514455,16333
8,16,6868,fpga,ImageNet16-120,39.000000,0.649120,0.514455,16333
8,16,6854,fpga,ImageNet16-120,40.800000,0.809120,0.514455,16333
8,16,10017,fpga,ImageNet16-120,40.566666,0.784000,0.514455,16333
8,16,15446,fpga,ImageNet16-120,45.766666,1.116320,0.514455,16333
8,16,5793,fpga,ImageNet16-120,35.033333,0.517920,0.514455,16333
8,16,4988,fpga,ImageNet16-120,28.933332,0.284320,0.514455,16333
8,16,857,fpga,ImageNet16-120,47.311110,2.038400,0.514455,16333
8,16,4829,fpga,ImageNet16-120,34.200000,0.415520,0.514455,16333
8,16,12452,fpga,ImageNet16-120,40.533333,0.780320,0.514455,16333
8,17,12452,pixel3,ImageNet16-120,40.533333,1.504410,0.718574,16033
8,17,11209,pixel3,ImageNet16-120,33.266666,0.665423,0.718574,16033
8,17,7252,pixel3,ImageNet16-120,44.666668,2.979450,0.718574,16033
8,17,14417,pixel3,ImageNet16-120,45.900000,4.143030,0.718574,16033
8,17,2018,pixel3,ImageNet16-120,46.433334,4.949210,0.718574,16033
8,17,2705,pixel3,ImageNet16-120,32.355556,0.618693,0.718574,16033
8,17,1110,pixel3,ImageNet16-120,28.600000,0.423927,0.718574,16033
8,17,12103,pixel3,ImageNet16-120,28.250000,0.422433,0.718574,16033
8,17,14112,pixel3,ImageNet16-120,40.733334,1.913100,0.718574,16033
8,17,4895,pixel3,ImageNet16-120,33.200000,0.619070,0.718574,16033
8,17,1549,pixel3,ImageNet16-120,28.655556,0.424747,0.718574,16033
8,17,978,pixel3,ImageNet16-120,33.488888,0.665489,0.718574,16033
8,17,9032,pixel3,ImageNet16-120,38.016666,1.020960,0.718574,16033
8,17,10412,pixel3,ImageNet16-120,43.733334,2.753550,0.718574,16033
8,17,669,pixel3,ImageNet16-120,0.833333,0.005671,0.718574,16033
8,17,3728,pixel3,ImageNet16-120,28.500000,0.422880,0.718574,16033
8,17,8627,pixel3,ImageNet16-120,43.633335,2.707490,0.718574,16033
8,17,12639,pixel3,ImageNet16-120,40.400000,1.304440,0.718574,16033
8,17,15383,pixel3,ImageNet16-120,47.033333,5.191720,0.718574,16033
8,17,10154,pixel3,ImageNet16-120,46.133335,4.783700,0.718574,16033
8,17,9496,pixel3,ImageNet16-120,38.200000,1.024960,0.718574,16033
8,17,2002,pixel3,ImageNet16-120,32.277780,0.617751,0.718574,16033
8,17,872,pixel3,ImageNet16-120,41.777780,2.465030,0.718574,16033
8,17,12506,pixel3,ImageNet16-120,43.983334,2.929990,0.718574,16033
8,17,7187,pixel3,ImageNet16-120,28.683332,0.425223,0.718574,16033
8,17,735,pixel3,ImageNet16-120,38.544445,1.107950,0.718574,16033
8,17,857,pixel3,ImageNet16-120,47.311110,6.686850,0.718574,16033
8,17,1939,pixel3,ImageNet16-120,45.077778,3.021500,0.718574,16033
8,17,12424,pixel3,ImageNet16-120,43.133330,2.470150,0.718574,16033
8,17,8853,pixel3,ImageNet16-120,45.600000,3.554540,0.718574,16033
8,17,4432,pixel3,ImageNet16-120,37.800000,0.861157,0.718574,16033
8,17,1425,pixel3,ImageNet16-120,45.977780,4.619290,0.718574,16033
8,17,6294,pixel3,ImageNet16-120,38.011112,0.869124,0.718574,16033
8,17,13059,pixel3,ImageNet16-120,34.266666,0.668679,0.718574,16033
8,17,4627,pixel3,ImageNet16-120,43.500000,2.479640,0.718574,16033
8,17,1751,pixel3,ImageNet16-120,33.955555,0.666929,0.718574,16033
8,17,12355,pixel3,ImageNet16-120,45.033333,2.989390,0.718574,16033
8,17,10313,pixel3,ImageNet16-120,40.600000,1.769330,0.718574,16033
8,17,4988,pixel3,ImageNet16-120,28.933332,0.485996,0.718574,16033
8,17,1204,pixel3,ImageNet16-120,37.844444,0.864966,0.718574,16033
8,18,41,raspi4,ImageNet16-120,32.388890,1.528043,0.911796,16157
8,18,3782,raspi4,ImageNet16-120,41.866665,3.755286,0.911796,16157
8,18,2779,raspi4,ImageNet16-120,37.355556,2.190654,0.911796,16157
8,18,14677,raspi4,ImageNet16-120,33.233334,1.537227,0.911796,16157
8,18,1413,raspi4,ImageNet16-120,42.711113,3.788479,0.911796,16157
8,18,6336,raspi4,ImageNet16-120,39.366665,3.073392,0.911796,16157
8,18,11282,raspi4,ImageNet16-120,39.633335,3.080430,0.911796,16157
8,18,10835,raspi4,ImageNet16-120,45.233334,6.632419,0.911796,16157
8,18,5973,raspi4,ImageNet16-120,40.100000,3.159922,0.911796,16157
8,18,13059,raspi4,ImageNet16-120,34.266666,1.595651,0.911796,16157
8,18,4359,raspi4,ImageNet16-120,33.800000,1.586506,0.911796,16157
8,18,8683,raspi4,ImageNet16-120,44.200000,4.462997,0.911796,16157
8,18,4160,raspi4,ImageNet16-120,39.833332,3.114462,0.911796,16157
8,18,11946,raspi4,ImageNet16-120,28.200000,0.940293,0.911796,16157
8,18,13931,raspi4,ImageNet16-120,28.788889,0.956195,0.911796,16157
8,18,4988,raspi4,ImageNet16-120,28.933332,1.003251,0.911796,16157
8,18,15107,raspi4,ImageNet16-120,39.800000,3.083329,0.911796,16157
8,18,7187,raspi4,ImageNet16-120,28.683332,0.952790,0.911796,16157
8,18,6519,raspi4,ImageNet16-120,40.183334,3.212652,0.911796,16157
8,18,8884,raspi4,ImageNet16-120,45.033333,5.293177,0.911796,16157
8,18,15363,raspi4,ImageNet16-120,44.333332,4.480516,0.911796,16157
8,18,3960,raspi4,ImageNet16-120,37.755554,2.197980,0.911796,16157
8,18,10209,raspi4,ImageNet16-120,32.411110,1.531913,0.911796,16157
8,18,15383,raspi4,ImageNet16-120,47.033333,8.565354,0.911796,16157
8,18,11079,raspi4,ImageNet16-120,43.566666,3.802027,0.911796,16157
8,18,9032,raspi4,ImageNet16-120,38.016666,2.201532,0.911796,16157
8,18,8853,raspi4,ImageNet16-120,45.600000,6.961605,0.911796,16157
8,18,7551,raspi4,ImageNet16-120,38.477780,2.950436,0.911796,16157
8,18,6787,raspi4,ImageNet16-120,44.400000,4.532777,0.911796,16157
8,18,4995,raspi4,ImageNet16-120,42.166668,3.766336,0.911796,16157
8,18,6868,raspi4,ImageNet16-120,39.000000,2.982937,0.911796,16157
8,18,933,raspi4,ImageNet16-120,0.833333,0.011514,0.911796,16157
8,18,1939,raspi4,ImageNet16-120,45.077778,5.341908,0.911796,16157
8,18,14750,raspi4,ImageNet16-120,32.933334,1.536700,0.911796,16157
8,18,45,raspi4,ImageNet16-120,33.611110,1.581422,0.911796,16157
8,18,2112,raspi4,ImageNet16-120,38.355556,2.925188,0.911796,16157
8,18,8426,raspi4,ImageNet16-120,44.633335,5.288439,0.911796,16157
8,18,6854,raspi4,ImageNet16-120,40.800000,3.661016,0.911796,16157
8,18,9496,raspi4,ImageNet16-120,38.200000,2.204048,0.911796,16157
8,18,3192,raspi4,ImageNet16-120,45.477780,6.675633,0.911796,16157
8,18,15446,raspi4,ImageNet16-120,45.766666,7.469873,0.911796,16157
8,18,12505,raspi4,ImageNet16-120,39.283333,3.062432,0.911796,16157
8,18,13771,raspi4,ImageNet16-120,32.744446,1.533813,0.911796,16157
8,18,2018,raspi4,ImageNet16-120,46.433334,7.482383,0.911796,16157
8,18,1751,raspi4,ImageNet16-120,33.955555,1.593308,0.911796,16157
8,18,14792,raspi4,ImageNet16-120,43.033333,3.792447,0.911796,16157
8,18,857,raspi4,ImageNet16-120,47.311110,9.020064,0.911796,16157
8,18,219,raspi4,ImageNet16-120,42.500000,3.768475,0.911796,16157
8,18,12639,raspi4,ImageNet16-120,40.400000,3.628959,0.911796,16157
8,18,11584,raspi4,ImageNet16-120,46.666668,8.014434,0.911796,16157
9,1,14527,edgegpu,cifar10,86.765000,1.439619,0.504218,16191
9,1,1339,edgegpu,cifar10,92.136665,1.751881,0.504218,16191
9,1,6960,edgegpu,cifar10,92.280000,1.764450,0.504218,16191
9,1,9099,edgegpu,cifar10,93.940000,3.357520,0.504218,16191
9,1,13401,edgegpu,cifar10,87.010000,1.457009,0.504218,16191
9,1,11438,edgegpu,cifar10,92.500000,1.846719,0.504218,16191
9,1,258,edgegpu,cifar10,93.640000,3.307109,0.504218,16191
9,1,11692,edgegpu,cifar10,94.130000,4.708362,0.504218,16191
9,1,5400,edgegpu,cifar10,86.630000,1.427460,0.504218,16191
9,1,2776,edgegpu,cifar10,93.666664,3.331194,0.504218,16191
9,1,15200,edgegpu,cifar10,10.000000,0.501385,0.504218,16191
9,1,12081,edgegpu,cifar10,92.590000,2.886577,0.504218,16191
9,1,6330,edgegpu,cifar10,94.006670,4.384699,0.504218,16191
9,1,2053,edgegpu,cifar10,94.206665,5.482254,0.504218,16191
9,1,13714,edgegpu,cifar10,94.373340,6.772180,0.504218,16191
9,1,1459,edgegpu,cifar10,94.296670,6.748991,0.504218,16191
9,1,5292,edgegpu,cifar10,94.293335,6.663151,0.504218,16191
9,1,10484,edgegpu,cifar10,93.810000,3.354015,0.504218,16191
9,1,6499,edgegpu,cifar10,93.645000,3.331041,0.504218,16191
9,1,561,edgegpu,cifar10,86.880000,1.451068,0.504218,16191
9,1,2090,edgegpu,cifar10,86.650000,1.437702,0.504218,16191
9,1,14407,edgegpu,cifar10,86.770000,1.440282,0.504218,16191
9,1,5780,edgegpu,cifar10,93.980000,3.361888,0.504218,16191
9,2,6382,edgetpu,cifar10,93.376660,0.628638,0.629641,16348
9,2,11692,edgetpu,cifar10,94.130000,0.761100,0.629641,16348
9,2,9689,edgetpu,cifar10,93.370000,0.628386,0.629641,16348
9,2,5780,edgetpu,cifar10,93.980000,0.723967,0.629641,16348
9,2,4675,edgetpu,cifar10,89.200000,0.395661,0.629641,16348
9,2,13714,edgetpu,cifar10,94.373340,1.377865,0.629641,16348
9,2,2053,edgetpu,cifar10,94.206665,1.042178,0.629641,16348
9,2,6758,edgetpu,cifar10,88.873340,0.390265,0.629641,16348
9,2,5111,edgetpu,cifar10,94.306660,1.152010,0.629641,16348
9,2,8192,edgetpu,cifar10,93.093330,0.627745,0.629641,16348
9,2,797,edgetpu,cifar10,93.280000,0.627996,0.629641,16348
9,2,7017,edgetpu,cifar10,86.970000,0.353089,0.629641,16348
9,2,11438,edgetpu,cifar10,92.500000,0.482393,0.629641,16348
9,2,10683,edgetpu,cifar10,92.330000,0.481277,0.629641,16348
9,2,6918,edgetpu,cifar10,87.000000,0.375819,0.629641,16348
9,2,5258,edgetpu,cifar10,88.775000,0.388629,0.629641,16348
9,2,12607,edgetpu,cifar10,89.180000,0.391577,0.629641,16348
9,2,3731,edgetpu,cifar10,94.343330,1.282820,0.629641,16348
9,2,9271,edgetpu,cifar10,89.250000,0.396381,0.629641,16348
9,2,3955,edgetpu,cifar10,88.863335,0.389665,0.629641,16348
9,2,11533,edgetpu,cifar10,93.420000,0.632626,0.629641,16348
9,2,9344,edgetpu,cifar10,89.010000,0.391062,0.629641,16348
9,2,2485,edgetpu,cifar10,86.700000,0.346546,0.629641,16348
9,2,6515,edgetpu,cifar10,93.616670,0.722858,0.629641,16348
9,2,3927,edgetpu,cifar10,93.626660,0.723268,0.629641,16348
9,2,9950,edgetpu,cifar10,93.840000,0.723767,0.629641,16348
9,2,15000,edgetpu,cifar10,92.400000,0.481741,0.629641,16348
9,2,6584,edgetpu,cifar10,94.160000,0.888877,0.629641,16348
9,2,11112,edgetpu,cifar10,92.110000,0.480732,0.629641,16348
9,2,10440,edgetpu,cifar10,88.950000,0.390495,0.629641,16348
9,3,13714,eyeriss,cifar10,94.373340,7.823540,0.455918,16431
9,3,11692,eyeriss,cifar10,94.130000,4.874420,0.455918,16431
9,3,8008,eyeriss,cifar10,93.480000,3.399860,0.455918,16431
9,3,11472,eyeriss,cifar10,93.970000,4.628660,0.455918,16431
9,3,6854,eyeriss,cifar10,91.040000,2.662580,0.455918,16431
9,3,5111,eyeriss,cifar10,94.306660,5.365940,0.455918,16431
9,3,13987,eyeriss,cifar10,93.596664,3.645620,0.455918,16431
9,3,4384,eyeriss,cifar10,86.796670,1.679540,0.455918,16431
9,3,8323,eyeriss,cifar10,90.870000,2.171060,0.455918,16431
9,3,8592,eyeriss,cifar10,93.750000,3.891380,0.455918,16431
9,3,13611,eyeriss,cifar10,92.490000,3.154100,0.455918,16431
9,3,6111,eyeriss,cifar10,94.373340,7.823540,0.455918,16431
9,3,6899,eyeriss,cifar10,90.900000,2.416820,0.455918,16431
9,3,3731,eyeriss,cifar10,94.343330,6.594740,0.455918,16431
9,3,12438,eyeriss,cifar10,89.875000,1.925300,0.455918,16431
9,4,11692,fpga,cifar10,94.130000,4.163360,0.436658,16301
9,4,11472,fpga,cifar10,93.970000,3.648160,0.436658,16301
9,4,14346,fpga,cifar10,89.986664,2.057760,0.436658,16301
9,4,5111,fpga,cifar10,94.306660,5.193760,0.436658,16301
9,4,4384,fpga,cifar10,86.796670,1.132960,0.436658,16301
9,4,13714,fpga,cifar10,94.373340,6.678560,0.436658,16301
9,4,13611,fpga,cifar10,92.490000,2.390560,0.436658,16301
9,4,8323,fpga,cifar10,90.870000,2.163360,0.436658,16301
9,4,8008,fpga,cifar10,93.480000,2.905760,0.436658,16301
9,4,12438,fpga,cifar10,89.875000,1.648160,0.436658,16301
9,4,6111,fpga,cifar10,94.373340,6.678560,0.436658,16301
9,4,3731,fpga,cifar10,94.343330,5.936160,0.436658,16301
9,4,10412,fpga,cifar10,93.530000,3.420960,0.436658,16301
9,5,4398,pixel3,cifar10,92.073330,5.828150,0.746508,16193
9,5,8720,pixel3,cifar10,89.875000,2.362840,0.746508,16193
9,5,9230,pixel3,cifar10,86.580000,1.056760,0.746508,16193
9,5,5915,pixel3,cifar10,86.846664,1.472530,0.746508,16193
9,5,6382,pixel3,cifar10,93.376660,7.048190,0.746508,16193
9,5,6330,pixel3,cifar10,94.006670,11.512400,0.746508,16193
9,5,10689,pixel3,cifar10,90.790000,2.669770,0.746508,16193
9,5,5111,pixel3,cifar10,94.306660,17.584600,0.746508,16193
9,5,6584,pixel3,cifar10,94.160000,15.720300,0.746508,16193
9,5,1497,pixel3,cifar10,86.556660,1.056630,0.746508,16193
9,5,6918,pixel3,cifar10,87.000000,1.478790,0.746508,16193
9,5,25,pixel3,cifar10,86.540000,1.054570,0.746508,16193
9,5,8592,pixel3,cifar10,93.750000,10.769800,0.746508,16193
9,5,1941,pixel3,cifar10,93.533330,9.128690,0.746508,16193
9,5,6985,pixel3,cifar10,89.940000,2.367450,0.746508,16193
9,5,2018,pixel3,cifar10,94.063330,14.960500,0.746508,16193
9,5,70,pixel3,cifar10,91.983330,5.810430,0.746508,16193
9,5,4554,pixel3,cifar10,86.670000,1.114880,0.746508,16193
9,5,12639,pixel3,cifar10,90.990000,4.749000,0.746508,16193
9,5,6111,pixel3,cifar10,94.373340,23.584800,0.746508,16193
9,5,8695,pixel3,cifar10,94.220000,17.564500,0.746508,16193
9,5,6491,pixel3,cifar10,89.803340,2.032570,0.746508,16193
9,5,11692,pixel3,cifar10,94.130000,15.490100,0.746508,16193
9,5,12452,pixel3,cifar10,91.350000,5.590110,0.746508,16193
9,5,3731,pixel3,cifar10,94.343330,23.361300,0.746508,16193
9,5,13987,pixel3,cifar10,93.596664,9.922680,0.746508,16193
9,5,4731,pixel3,cifar10,90.360000,2.573470,0.746508,16193
9,5,6863,pixel3,cifar10,86.740000,1.229320,0.746508,16193
9,5,2779,pixel3,cifar10,90.806660,3.102950,0.746508,16193
9,5,6358,pixel3,cifar10,92.136665,6.066150,0.746508,16193
9,5,3,pixel3,cifar10,86.616670,1.062640,0.746508,16193
9,5,7001,pixel3,cifar10,10.000000,0.003277,0.746508,16193
9,5,1943,pixel3,cifar10,93.116670,6.492030,0.746508,16193
9,5,2035,pixel3,cifar10,89.670000,1.706480,0.746508,16193
9,5,8323,pixel3,cifar10,90.870000,3.106420,0.746508,16193
9,5,13171,pixel3,cifar10,93.530000,7.717220,0.746508,16193
9,5,4627,pixel3,cifar10,93.270000,7.036050,0.746508,16193
9,5,1804,pixel3,cifar10,89.063330,1.579900,0.746508,16193
9,5,12970,pixel3,cifar10,90.970000,4.723840,0.746508,16193
9,5,858,pixel3,cifar10,89.696660,1.870670,0.746508,16193
9,5,78,pixel3,cifar10,91.933334,5.807870,0.746508,16193
9,5,1778,pixel3,cifar10,92.180000,6.446230,0.746508,16193
9,6,6930,raspi4,cifar10,88.900000,4.827062,0.724562,16012
9,6,6953,raspi4,cifar10,91.990000,15.601654,0.724562,16012
9,6,5780,raspi4,cifar10,93.980000,34.928463,0.724562,16012
9,6,8426,raspi4,cifar10,93.840000,31.394428,0.724562,16012
9,6,7058,raspi4,cifar10,92.040000,16.469465,0.724562,16012
9,6,5915,raspi4,cifar10,86.846664,2.776470,0.724562,16012
9,6,14565,raspi4,cifar10,88.880000,4.781183,0.724562,16012
9,6,296,raspi4,cifar10,89.713330,5.163324,0.724562,16012
9,6,6382,raspi4,cifar10,93.376660,21.461164,0.724562,16012
9,6,12639,raspi4,cifar10,90.990000,11.857850,0.724562,16012
9,6,6111,raspi4,cifar10,94.373340,68.404106,0.724562,16012
9,6,3731,raspi4,cifar10,94.343330,58.070793,0.724562,16012
9,6,11692,raspi4,cifar10,94.130000,37.583630,0.724562,16012
9,6,8592,raspi4,cifar10,93.750000,25.477009,0.724562,16012
9,6,2058,raspi4,cifar10,93.270000,19.484835,0.724562,16012
9,6,6918,raspi4,cifar10,87.000000,2.787590,0.724562,16012
9,6,1941,raspi4,cifar10,93.533330,25.121769,0.724562,16012
9,6,3681,raspi4,cifar10,89.673330,5.140564,0.724562,16012
9,6,5111,raspi4,cifar10,94.306660,41.756905,0.724562,16012
9,6,11810,raspi4,cifar10,92.780000,18.619905,0.724562,16012
9,6,10412,raspi4,cifar10,93.530000,25.079220,0.724562,16012
9,6,12286,raspi4,cifar10,86.760000,2.546242,0.724562,16012
9,6,6960,raspi4,cifar10,92.280000,17.162752,0.724562,16012
9,6,9980,raspi4,cifar10,10.000000,0.011284,0.724562,16012
9,6,8323,raspi4,cifar10,90.870000,7.426308,0.724562,16012
9,6,1690,raspi4,cifar10,86.646670,2.536549,0.724562,16012
9,6,4432,raspi4,cifar10,90.700000,7.290926,0.724562,16012
9,6,8525,raspi4,cifar10,89.320000,4.900777,0.724562,16012
9,6,8876,raspi4,cifar10,88.910000,4.861280,0.724562,16012
9,6,8008,raspi4,cifar10,93.480000,22.571420,0.724562,16012
9,6,2002,raspi4,cifar10,88.893330,4.817687,0.724562,16012
9,6,8573,raspi4,cifar10,89.803340,5.202662,0.724562,16012
9,6,2035,raspi4,cifar10,89.670000,4.984099,0.724562,16012
9,6,14677,raspi4,cifar10,88.670000,4.755260,0.724562,16012
9,6,9735,raspi4,cifar10,88.966670,4.884901,0.724562,16012
9,7,6124,edgegpu,cifar100,68.360000,3.185835,0.509739,16355
9,7,9997,edgegpu,cifar100,71.520000,3.466139,0.509739,16355
9,7,1509,edgegpu,cifar100,1.000000,0.505853,0.509739,16355
9,7,9922,edgegpu,cifar100,58.560000,1.428552,0.509739,16355
9,7,2304,edgegpu,cifar100,58.660000,1.440253,0.509739,16355
9,7,11810,edgegpu,cifar100,68.300000,1.779551,0.509739,16355
9,7,4954,edgegpu,cifar100,73.000000,6.669736,0.509739,16355
9,7,8912,edgegpu,cifar100,59.200000,1.441355,0.509739,16355
9,7,9930,edgegpu,cifar100,73.513336,6.803060,0.509739,16355
9,7,2778,edgegpu,cifar100,72.993330,6.134028,0.509739,16355
9,7,12415,edgegpu,cifar100,71.940000,4.828467,0.509739,16355
9,7,8401,edgegpu,cifar100,71.080000,3.302102,0.509739,16355
9,7,4418,edgegpu,cifar100,72.746666,5.352364,0.509739,16355
9,7,11885,edgegpu,cifar100,68.040000,1.776652,0.509739,16355
9,7,3888,edgegpu,cifar100,73.260000,6.797867,0.509739,16355
9,7,1038,edgegpu,cifar100,67.500000,1.758428,0.509739,16355
9,7,1425,edgegpu,cifar100,72.093330,5.310225,0.509739,16355
9,8,3888,edgetpu,cifar100,73.260000,1.316226,0.621904,16015
9,8,8912,edgetpu,cifar100,59.200000,0.377698,0.621904,16015
9,8,3487,edgetpu,cifar100,70.093330,0.637182,0.621904,16015
9,8,10443,edgetpu,cifar100,68.300000,0.489020,0.621904,16015
9,8,8401,edgetpu,cifar100,71.080000,0.728572,0.621904,16015
9,8,2705,edgetpu,cifar100,62.813330,0.393026,0.621904,16015
9,8,3811,edgetpu,cifar100,69.360000,0.634206,0.621904,16015
9,8,5019,edgetpu,cifar100,58.880000,0.357058,0.621904,16015
9,8,11533,edgetpu,cifar100,69.760000,0.635877,0.621904,16015
9,8,8638,edgetpu,cifar100,58.860000,0.356631,0.621904,16015
9,8,9997,edgetpu,cifar100,71.520000,0.729986,0.621904,16015
9,8,1110,edgetpu,cifar100,58.840000,0.355938,0.621904,16015
9,8,6358,edgetpu,cifar100,67.193340,0.486737,0.621904,16015
9,8,1425,edgetpu,cifar100,72.093330,0.910660,0.621904,16015
9,8,1383,edgetpu,cifar100,70.273330,0.673722,0.621904,16015
9,8,15363,edgetpu,cifar100,70.520000,0.676394,0.621904,16015
9,8,4627,edgetpu,cifar100,69.600000,0.635153,0.621904,16015
9,8,857,edgetpu,cifar100,72.880000,1.264168,0.621904,16015
9,8,14945,edgetpu,cifar100,58.500000,0.354940,0.621904,16015
9,8,6382,edgetpu,cifar100,69.533330,0.634724,0.621904,16015
9,8,12415,edgetpu,cifar100,71.940000,0.872299,0.621904,16015
9,8,10000,edgetpu,cifar100,73.160000,1.283461,0.621904,16015
9,8,9930,edgetpu,cifar100,73.513336,1.454107,0.621904,16015
9,8,777,edgetpu,cifar100,58.650000,0.355588,0.621904,16015
9,8,4418,edgetpu,cifar100,72.746666,1.093699,0.621904,16015
9,8,1996,edgetpu,cifar100,67.820000,0.486748,0.621904,16015
9,8,69,edgetpu,cifar100,71.020000,0.727259,0.621904,16015
9,8,577,edgetpu,cifar100,69.680000,0.635228,0.621904,16015
9,8,4977,edgetpu,cifar100,63.360000,0.398743,0.621904,16015
9,8,12574,edgetpu,cifar100,72.740000,0.932430,0.621904,16015
9,8,12761,edgetpu,cifar100,72.860000,1.225212,0.621904,16015
9,8,15137,edgetpu,cifar100,63.160000,0.393504,0.621904,16015
9,8,4155,edgetpu,cifar100,62.306667,0.391442,0.621904,16015
9,9,14714,eyeriss,cifar100,71.280000,4.140160,0.465727,16695
9,9,12574,eyeriss,cifar100,72.740000,5.123200,0.465727,16695
9,9,5084,eyeriss,cifar100,58.813330,1.682560,0.465727,16695
9,9,3540,eyeriss,cifar100,71.500000,4.877440,0.465727,16695
9,9,3888,eyeriss,cifar100,73.260000,6.597760,0.465727,16695
9,9,6787,eyeriss,cifar100,70.720000,3.648640,0.465727,16695
9,9,14112,eyeriss,cifar100,68.386665,2.911360,0.465727,16695
9,9,5651,eyeriss,cifar100,64.690000,1.928320,0.465727,16695
9,9,10689,eyeriss,cifar100,67.500000,2.174080,0.465727,16695
9,9,12820,eyeriss,cifar100,67.720000,2.419840,0.465727,16695
9,9,11301,eyeriss,cifar100,68.220000,2.665600,0.465727,16695
9,9,4659,eyeriss,cifar100,70.060000,3.402880,0.465727,16695
9,9,6925,eyeriss,cifar100,71.220000,3.894400,0.465727,16695
9,9,9930,eyeriss,cifar100,73.513336,9.055360,0.465727,16695
9,9,12761,eyeriss,cifar100,72.860000,6.352000,0.465727,16695
9,10,3540,fpga,cifar100,71.500000,4.163360,0.494628,16251
9,10,5033,fpga,cifar100,59.060000,1.542560,0.494628,16251
9,10,3888,fpga,cifar100,73.260000,5.936160,0.494628,16251
9,10,5651,fpga,cifar100,64.690000,1.648160,0.494628,16251
9,10,5743,fpga,cifar100,67.800000,2.800160,0.494628,16251
9,10,6787,fpga,cifar100,70.720000,3.420960,0.494628,16251
9,10,15033,fpga,cifar100,67.793335,2.390560,0.494628,16251
9,10,6925,fpga,cifar100,71.220000,3.936160,0.494628,16251
9,10,3487,fpga,cifar100,70.093330,2.905760,0.494628,16251
9,10,12761,fpga,cifar100,72.860000,5.420960,0.494628,16251
9,10,12574,fpga,cifar100,72.740000,4.678560,0.494628,16251
9,10,5084,fpga,cifar100,58.813330,1.132960,0.494628,16251
9,10,10689,fpga,cifar100,67.500000,2.163360,0.494628,16251
9,10,9930,fpga,cifar100,73.513336,7.420960,0.494628,16251
9,10,6830,fpga,cifar100,71.460000,4.057760,0.494628,16251
9,10,4249,fpga,cifar100,65.080000,2.057760,0.494628,16251
9,10,12295,fpga,cifar100,71.160000,3.648160,0.494628,16251
9,11,5019,pixel3,cifar100,58.880000,1.483640,0.641628,15990
9,11,857,pixel3,cifar100,72.880000,19.113200,0.641628,15990
9,11,1459,pixel3,cifar100,73.140000,23.437900,0.641628,15990
9,11,9930,pixel3,cifar100,73.513336,42.003600,0.641628,15990
9,11,9649,pixel3,cifar100,64.540000,2.536210,0.641628,15990
9,11,1416,pixel3,cifar100,64.493330,2.084060,0.641628,15990
9,11,6337,pixel3,cifar100,1.000000,0.008753,0.641628,15990
9,11,699,pixel3,cifar100,72.240000,12.079400,0.641628,15990
9,11,722,pixel3,cifar100,72.260000,16.581200,0.641628,15990
9,11,1409,pixel3,cifar100,58.853333,1.275090,0.641628,15990
9,11,15589,pixel3,cifar100,59.060000,1.483890,0.641628,15990
9,11,11301,pixel3,cifar100,68.220000,5.352090,0.641628,15990
9,11,10042,pixel3,cifar100,64.880000,2.794690,0.641628,15990
9,11,11000,pixel3,cifar100,71.180000,10.677600,0.641628,15990
9,11,3888,pixel3,cifar100,73.260000,23.477200,0.641628,15990
9,11,906,pixel3,cifar100,62.393333,1.661810,0.641628,15990
9,11,898,pixel3,cifar100,70.000000,6.516140,0.641628,15990
9,11,1357,pixel3,cifar100,67.480000,3.998260,0.641628,15990
9,11,777,pixel3,cifar100,58.650000,1.087020,0.641628,15990
9,11,3385,pixel3,cifar100,72.380000,17.527800,0.641628,15990
9,11,4432,pixel3,cifar100,66.486664,3.105870,0.641628,15990
9,11,8638,pixel3,cifar100,58.860000,1.478570,0.641628,15990
9,11,6925,pixel3,cifar100,71.220000,10.688000,0.641628,15990
9,11,12820,pixel3,cifar100,67.720000,4.806070,0.641628,15990
9,11,12915,pixel3,cifar100,66.950000,3.129190,0.641628,15990
9,11,1631,pixel3,cifar100,63.986668,1.805000,0.641628,15990
9,11,15363,pixel3,cifar100,70.520000,9.708640,0.641628,15990
9,11,3776,pixel3,cifar100,66.920000,3.109320,0.641628,15990
9,11,1593,pixel3,cifar100,62.126667,1.582050,0.641628,15990
9,12,14112,raspi4,cifar100,68.386665,14.423308,0.709461,16031
9,12,5208,raspi4,cifar100,67.413330,9.665987,0.709461,16031
9,12,4731,raspi4,cifar100,67.046670,7.444095,0.709461,16031
9,12,9930,raspi4,cifar100,73.513336,71.152000,0.709461,16031
9,12,14714,raspi4,cifar100,71.280000,24.692347,0.709461,16031
9,12,1357,raspi4,cifar100,67.480000,10.177114,0.709461,16031
9,12,6177,raspi4,cifar100,62.373333,4.795128,0.709461,16031
9,12,15246,raspi4,cifar100,66.966670,7.350053,0.709461,16031
9,12,8912,raspi4,cifar100,59.200000,2.818969,0.709461,16031
9,12,1459,raspi4,cifar100,73.140000,53.879950,0.709461,16031
9,12,15363,raspi4,cifar100,70.520000,21.809430,0.709461,16031
9,12,2222,raspi4,cifar100,58.313330,2.538255,0.709461,16031
9,12,3408,raspi4,cifar100,63.993332,5.081906,0.709461,16031
9,12,3888,raspi4,cifar100,73.260000,55.029520,0.709461,16031
9,12,13430,raspi4,cifar100,66.700000,7.203785,0.709461,16031
9,12,12574,raspi4,cifar100,72.740000,36.371254,0.709461,16031
9,12,9997,raspi4,cifar100,71.520000,34.996710,0.709461,16031
9,12,12761,raspi4,cifar100,72.860000,53.718200,0.709461,16031
9,12,4418,raspi4,cifar100,72.746666,47.162354,0.709461,16031
9,12,14612,raspi4,cifar100,58.720000,2.563505,0.709461,16031
9,12,6925,raspi4,cifar100,71.220000,24.195030,0.709461,16031
9,12,12915,raspi4,cifar100,66.950000,7.226311,0.709461,16031
9,12,2035,raspi4,cifar100,63.926666,5.005698,0.709461,16031
9,12,7030,raspi4,cifar100,69.600000,19.218203,0.709461,16031
9,12,6918,raspi4,cifar100,58.800000,2.571364,0.709461,16031
9,12,8740,raspi4,cifar100,1.000000,0.015215,0.709461,16031
9,12,15589,raspi4,cifar100,59.060000,2.795078,0.709461,16031
9,12,4659,raspi4,cifar100,70.060000,21.672482,0.709461,16031
9,12,6830,raspi4,cifar100,71.460000,34.491814,0.709461,16031
9,12,355,raspi4,cifar100,69.860000,20.791758,0.709461,16031
9,12,6294,raspi4,cifar100,66.973335,7.376450,0.709461,16031
9,12,9271,raspi4,cifar100,63.400000,4.800893,0.709461,16031
9,12,10042,raspi4,cifar100,64.880000,5.100886,0.709461,16031
9,12,2058,raspi4,cifar100,69.613335,20.052132,0.709461,16031
9,12,10222,raspi4,cifar100,58.860000,2.747804,0.709461,16031
9,12,14792,raspi4,cifar100,69.500000,19.111843,0.709461,16031
9,13,14612,edgegpu,ImageNet16-120,28.488890,1.434064,0.636796,16344
9,13,8401,edgegpu,ImageNet16-120,43.833332,3.322444,0.636796,16344
9,13,13411,edgegpu,ImageNet16-120,31.855556,1.736240,0.636796,16344
9,13,8426,edgegpu,ImageNet16-120,44.633335,3.370147,0.636796,16344
9,13,5674,edgegpu,ImageNet16-120,39.650000,1.763358,0.636796,16344
9,13,9586,edgegpu,ImageNet16-120,46.933334,5.222673,0.636796,16344
9,13,6950,edgegpu,ImageNet16-120,38.700000,1.740150,0.636796,16344
9,13,15159,edgegpu,ImageNet16-120,45.566666,4.632421,0.636796,16344
9,13,9722,edgegpu,ImageNet16-120,44.000000,3.327813,0.636796,16344
9,13,4946,edgegpu,ImageNet16-120,44.700000,3.490419,0.636796,16344
9,13,7760,edgegpu,ImageNet16-120,39.100000,1.743751,0.636796,16344
9,13,10947,edgegpu,ImageNet16-120,39.944443,1.909800,0.636796,16344
9,13,8884,edgegpu,ImageNet16-120,45.033333,3.499999,0.636796,16344
9,13,11217,edgegpu,ImageNet16-120,43.466667,3.316708,0.636796,16344
9,13,1164,edgegpu,ImageNet16-120,28.522223,1.435223,0.636796,16344
9,13,4587,edgegpu,ImageNet16-120,28.800000,1.445131,0.636796,16344
9,13,8355,edgegpu,ImageNet16-120,39.666668,1.810203,0.636796,16344
9,13,14027,edgegpu,ImageNet16-120,40.266666,3.306937,0.636796,16344
9,13,4332,edgegpu,ImageNet16-120,39.444443,1.745496,0.636796,16344
9,13,2650,edgegpu,ImageNet16-120,42.433334,3.309817,0.636796,16344
9,13,13760,edgegpu,ImageNet16-120,32.333332,1.739759,0.636796,16344
9,13,7187,edgegpu,ImageNet16-120,28.683332,1.443858,0.636796,16344
9,13,15288,edgegpu,ImageNet16-120,28.422222,1.417041,0.636796,16344
9,13,15376,edgegpu,ImageNet16-120,0.833333,0.533953,0.636796,16344
9,13,4988,edgegpu,ImageNet16-120,28.933332,1.448212,0.636796,16344
9,13,14117,edgegpu,ImageNet16-120,28.677778,1.435547,0.636796,16344
9,13,5751,edgegpu,ImageNet16-120,40.044445,2.434626,0.636796,16344
9,13,12415,edgegpu,ImageNet16-120,46.566666,4.667692,0.636796,16344
9,13,14840,edgegpu,ImageNet16-120,45.311110,4.224715,0.636796,16344
9,13,12081,edgegpu,ImageNet16-120,40.233334,2.730479,0.636796,16344
9,14,5530,edgetpu,ImageNet16-120,42.577778,0.549937,0.618610,15893
9,14,15363,edgetpu,ImageNet16-120,44.333332,0.582280,0.618610,15893
9,14,857,edgetpu,ImageNet16-120,47.311110,0.997730,0.618610,15893
9,14,3540,edgetpu,ImageNet16-120,45.122223,0.648670,0.618610,15893
9,14,10750,edgetpu,ImageNet16-120,44.600000,0.615553,0.618610,15893
9,14,7750,edgetpu,ImageNet16-120,43.066666,0.551617,0.618610,15893
9,14,4988,edgetpu,ImageNet16-120,28.933332,0.360694,0.618610,15893
9,14,70,edgetpu,ImageNet16-120,39.377777,0.428228,0.618610,15893
9,14,13931,edgetpu,ImageNet16-120,28.788889,0.360349,0.618610,15893
9,14,15014,edgetpu,ImageNet16-120,28.266666,0.358110,0.618610,15893
9,14,4830,edgetpu,ImageNet16-120,42.233334,0.549457,0.618610,15893
9,14,9689,edgetpu,ImageNet16-120,42.533333,0.549702,0.618610,15893
9,14,5973,edgetpu,ImageNet16-120,40.100000,0.517454,0.618610,15893
9,14,13769,edgetpu,ImageNet16-120,41.555557,0.549360,0.618610,15893
9,14,12415,edgetpu,ImageNet16-120,46.566666,0.710906,0.618610,15893
9,14,7273,edgetpu,ImageNet16-120,42.966667,0.550014,0.618610,15893
9,14,8447,edgetpu,ImageNet16-120,40.011112,0.514586,0.618610,15893
9,14,5674,edgetpu,ImageNet16-120,39.650000,0.428605,0.618610,15893
9,14,5751,edgetpu,ImageNet16-120,40.044445,0.516992,0.618610,15893
9,14,14677,edgetpu,ImageNet16-120,33.233334,0.364575,0.618610,15893
9,14,11282,edgetpu,ImageNet16-120,39.633335,0.428409,0.618610,15893
9,14,15383,edgetpu,ImageNet16-120,47.033333,0.780914,0.618610,15893
9,14,8884,edgetpu,ImageNet16-120,45.033333,0.615792,0.618610,15893
9,14,8781,edgetpu,ImageNet16-120,32.366665,0.363484,0.618610,15893
9,14,4160,edgetpu,ImageNet16-120,39.833332,0.430355,0.618610,15893
9,14,4627,edgetpu,ImageNet16-120,43.500000,0.552306,0.618610,15893
9,14,11885,edgetpu,ImageNet16-120,39.166668,0.427395,0.618610,15893
9,15,6787,eyeriss,ImageNet16-120,44.400000,0.914560,0.439974,16324
9,15,4988,eyeriss,ImageNet16-120,28.933332,0.423040,0.439974,16324
9,15,14417,eyeriss,ImageNet16-120,45.900000,1.098880,0.439974,16324
9,15,8853,eyeriss,ImageNet16-120,45.600000,1.037440,0.439974,16324
9,15,1939,eyeriss,ImageNet16-120,45.077778,0.976000,0.439974,16324
9,15,4829,eyeriss,ImageNet16-120,34.200000,0.484480,0.439974,16324
9,15,8008,eyeriss,ImageNet16-120,43.500000,0.853120,0.439974,16324
9,15,2835,eyeriss,ImageNet16-120,38.222220,0.545920,0.439974,16324
9,15,6854,eyeriss,ImageNet16-120,40.800000,0.668800,0.439974,16324
9,15,735,eyeriss,ImageNet16-120,38.544445,0.607360,0.439974,16324
9,15,857,eyeriss,ImageNet16-120,47.311110,1.651840,0.439974,16324
9,15,15383,eyeriss,ImageNet16-120,47.033333,1.283200,0.439974,16324
9,16,735,fpga,ImageNet16-120,38.544445,0.677920,0.525512,16232
9,16,6854,fpga,ImageNet16-120,40.800000,0.809120,0.525512,16232
9,16,2835,fpga,ImageNet16-120,38.222220,0.546720,0.525512,16232
9,16,857,fpga,ImageNet16-120,47.311110,2.038400,0.525512,16232
9,16,14748,fpga,ImageNet16-120,44.900000,0.995200,0.525512,16232
9,16,11593,fpga,ImageNet16-120,40.166668,0.780320,0.525512,16232
9,16,4829,fpga,ImageNet16-120,34.200000,0.415520,0.525512,16232
9,16,15383,fpga,ImageNet16-120,47.033333,1.504000,0.525512,16232
9,16,1939,fpga,ImageNet16-120,45.077778,1.062400,0.525512,16232
9,16,5390,fpga,ImageNet16-120,43.100000,0.902400,0.525512,16232
9,16,4988,fpga,ImageNet16-120,28.933332,0.284320,0.525512,16232
9,16,14417,fpga,ImageNet16-120,45.900000,1.276320,0.525512,16232
9,16,1943,fpga,ImageNet16-120,42.866665,0.876800,0.525512,16232
9,16,10017,fpga,ImageNet16-120,40.566666,0.784000,0.525512,16232
9,16,14346,fpga,ImageNet16-120,34.644444,0.517920,0.525512,16232
9,16,15446,fpga,ImageNet16-120,45.766666,1.116320,0.525512,16232
9,16,6787,fpga,ImageNet16-120,44.400000,0.969600,0.525512,16232
9,17,12506,pixel3,ImageNet16-120,43.983334,2.929990,0.724533,16094
9,17,13059,pixel3,ImageNet16-120,34.266666,0.668679,0.724533,16094
9,17,12466,pixel3,ImageNet16-120,46.100000,4.680280,0.724533,16094
9,17,12516,pixel3,ImageNet16-120,32.083332,0.617816,0.724533,16094
9,17,872,pixel3,ImageNet16-120,41.777780,2.465030,0.724533,16094
9,17,15383,pixel3,ImageNet16-120,47.033333,5.191720,0.724533,16094
9,17,7685,pixel3,ImageNet16-120,37.611110,0.862589,0.724533,16094
9,17,12355,pixel3,ImageNet16-120,45.033333,2.989390,0.724533,16094
9,17,12358,pixel3,ImageNet16-120,34.055557,0.666287,0.724533,16094
9,17,2369,pixel3,ImageNet16-120,43.566666,2.751440,0.724533,16094
9,17,1939,pixel3,ImageNet16-120,45.077778,3.021500,0.724533,16094
9,17,1860,pixel3,ImageNet16-120,28.433332,0.422587,0.724533,16094
9,17,1204,pixel3,ImageNet16-120,37.844444,0.864966,0.724533,16094
9,17,12639,pixel3,ImageNet16-120,40.400000,1.304440,0.724533,16094
9,17,8853,pixel3,ImageNet16-120,45.600000,3.554540,0.724533,16094
9,17,4384,pixel3,ImageNet16-120,28.133333,0.421612,0.724533,16094
9,17,857,pixel3,ImageNet16-120,47.311110,6.686850,0.724533,16094
9,17,2018,pixel3,ImageNet16-120,46.433334,4.949210,0.724533,16094
9,17,4179,pixel3,ImageNet16-120,38.433334,1.304180,0.724533,16094
9,17,12424,pixel3,ImageNet16-120,43.133330,2.470150,0.724533,16094
9,17,10154,pixel3,ImageNet16-120,46.133335,4.783700,0.724533,16094
9,17,6014,pixel3,ImageNet16-120,28.533333,0.423391,0.724533,16094
9,17,6854,pixel3,ImageNet16-120,40.800000,1.621620,0.724533,16094
9,17,4895,pixel3,ImageNet16-120,33.200000,0.619070,0.724533,16094
9,17,14417,pixel3,ImageNet16-120,45.900000,4.143030,0.724533,16094
9,17,4587,pixel3,ImageNet16-120,28.800000,0.445767,0.724533,16094
9,17,1425,pixel3,ImageNet16-120,45.977780,4.619290,0.724533,16094
9,17,1549,pixel3,ImageNet16-120,28.655556,0.424747,0.724533,16094
9,17,11000,pixel3,ImageNet16-120,44.866665,2.962520,0.724533,16094
9,17,3728,pixel3,ImageNet16-120,28.500000,0.422880,0.724533,16094
9,17,12452,pixel3,ImageNet16-120,40.533333,1.504410,0.724533,16094
9,17,978,pixel3,ImageNet16-120,33.488888,0.665489,0.724533,16094
9,17,4627,pixel3,ImageNet16-120,43.500000,2.479640,0.724533,16094
9,17,4977,pixel3,ImageNet16-120,32.966667,0.617991,0.724533,16094
9,17,2835,pixel3,ImageNet16-120,38.222220,0.868646,0.724533,16094
9,17,4409,pixel3,ImageNet16-120,37.722220,0.862979,0.724533,16094
9,17,13756,pixel3,ImageNet16-120,0.833333,0.005289,0.724533,16094
9,18,3650,raspi4,ImageNet16-120,43.866665,4.475790,0.751230,16196
9,18,4988,raspi4,ImageNet16-120,28.933332,1.003251,0.751230,16196
9,18,3192,raspi4,ImageNet16-120,45.477780,6.675633,0.751230,16196
9,18,3776,raspi4,ImageNet16-120,37.133335,2.191733,0.751230,16196
9,18,7227,raspi4,ImageNet16-120,32.533333,1.530737,0.751230,16196
9,18,14677,raspi4,ImageNet16-120,33.233334,1.537227,0.751230,16196
9,18,6336,raspi4,ImageNet16-120,39.366665,3.073392,0.751230,16196
9,18,15383,raspi4,ImageNet16-120,47.033333,8.565354,0.751230,16196
9,18,15363,raspi4,ImageNet16-120,44.333332,4.480516,0.751230,16196
9,18,5530,raspi4,ImageNet16-120,42.577778,3.785925,0.751230,16196
9,18,6868,raspi4,ImageNet16-120,39.000000,2.982937,0.751230,16196
9,18,7187,raspi4,ImageNet16-120,28.683332,0.952790,0.751230,16196
9,18,219,raspi4,ImageNet16-120,42.500000,3.768475,0.751230,16196
9,18,6787,raspi4,ImageNet16-120,44.400000,4.532777,0.751230,16196
9,18,1939,raspi4,ImageNet16-120,45.077778,5.341908,0.751230,16196
9,18,8853,raspi4,ImageNet16-120,45.600000,6.961605,0.751230,16196
9,18,14792,raspi4,ImageNet16-120,43.033333,3.792447,0.751230,16196
9,18,3687,raspi4,ImageNet16-120,34.066666,1.583497,0.751230,16196
9,18,3960,raspi4,ImageNet16-120,37.755554,2.197980,0.751230,16196
9,18,45,raspi4,ImageNet16-120,33.611110,1.581422,0.751230,16196
9,18,3431,raspi4,ImageNet16-120,32.966667,1.536690,0.751230,16196
9,18,12639,raspi4,ImageNet16-120,40.400000,3.628959,0.751230,16196
9,18,1413,raspi4,ImageNet16-120,42.711113,3.788479,0.751230,16196
9,18,4995,raspi4,ImageNet16-120,42.166668,3.766336,0.751230,16196
9,18,2035,raspi4,ImageNet16-120,33.788887,1.582606,0.751230,16196
9,18,857,raspi4,ImageNet16-120,47.311110,9.020064,0.751230,16196
9,18,2018,raspi4,ImageNet16-120,46.433334,7.482383,0.751230,16196
9,18,4829,raspi4,ImageNet16-120,34.200000,1.614683,0.751230,16196
9,18,4771,raspi4,ImageNet16-120,33.766666,1.582308,0.751230,16196
9,18,9032,raspi4,ImageNet16-120,38.016666,2.201532,0.751230,16196
9,18,9496,raspi4,ImageNet16-120,38.200000,2.204048,0.751230,16196
9,18,10835,raspi4,ImageNet16-120,45.233334,6.632419,0.751230,16196
9,18,8884,raspi4,ImageNet16-120,45.033333,5.293177,0.751230,16196
9,18,12505,raspi4,ImageNet16-120,39.283333,3.062432,0.751230,16196
9,18,10167,raspi4,ImageNet16-120,39.944443,3.106316,0.751230,16196
9,18,15107,raspi4,ImageNet16-120,39.800000,3.083329,0.751230,16196
9,18,3782,raspi4,ImageNet16-120,41.866665,3.755286,0.751230,16196
9,18,12231,raspi4,ImageNet16-120,40.200000,3.188915,0.751230,16196
9,18,735,raspi4,ImageNet16-120,38.544445,2.911079,0.751230,16196
9,18,933,raspi4,ImageNet16-120,0.833333,0.011514,0.751230,16196
9,18,7955,raspi4,ImageNet16-120,39.388890,3.082832,0.751230,16196
9,18,11079,raspi4,ImageNet16-120,43.566666,3.802027,0.751230,16196
9,18,11946,raspi4,ImageNet16-120,28.200000,0.940293,0.751230,16196
9,18,5973,raspi4,ImageNet16-120,40.100000,3.159922,0.751230,16196
10,1,258,edgegpu,cifar10,93.640000,3.307109,0.562896,16340
10,1,1459,edgegpu,cifar10,94.296670,6.748991,0.562896,16340
10,1,6499,edgegpu,cifar10,93.645000,3.331041,0.562896,16340
10,1,11810,edgegpu,cifar10,92.780000,1.992798,0.562896,16340
10,1,11692,edgegpu,cifar10,94.130000,4.708362,0.562896,16340
10,1,2776,edgegpu,cifar10,93.666664,3.331194,0.562896,16340
10,1,9099,edgegpu,cifar10,93.940000,3.357520,0.562896,16340
10,1,5780,edgegpu,cifar10,93.980000,3.361888,0.562896,16340
10,1,2090,edgegpu,cifar10,86.650000,1.437702,0.562896,16340
10,1,13714,edgegpu,cifar10,94.373340,6.772180,0.562896,16340
10,1,2053,edgegpu,cifar10,94.206665,5.482254,0.562896,16340
10,1,5400,edgegpu,cifar10,86.630000,1.427460,0.562896,16340
10,1,6960,edgegpu,cifar10,92.280000,1.764450,0.562896,16340
10,1,13401,edgegpu,cifar10,87.010000,1.457009,0.562896,16340
10,1,14527,edgegpu,cifar10,86.765000,1.439619,0.562896,16340
10,1,10484,edgegpu,cifar10,93.810000,3.354015,0.562896,16340
10,1,6330,edgegpu,cifar10,94.006670,4.384699,0.562896,16340
10,1,561,edgegpu,cifar10,86.880000,1.451068,0.562896,16340
10,1,5292,edgegpu,cifar10,94.293335,6.663151,0.562896,16340
10,1,14090,edgegpu,cifar10,92.086670,1.749086,0.562896,16340
10,1,15200,edgegpu,cifar10,10.000000,0.501385,0.562896,16340
10,1,1339,edgegpu,cifar10,92.136665,1.751881,0.562896,16340
10,1,14407,edgegpu,cifar10,86.770000,1.440282,0.562896,16340
10,2,8008,edgetpu,cifar10,93.480000,0.629746,0.653687,16397
10,2,11692,edgetpu,cifar10,94.130000,0.761100,0.653687,16397
10,2,6382,edgetpu,cifar10,93.376660,0.628638,0.653687,16397
10,2,5111,edgetpu,cifar10,94.306660,1.152010,0.653687,16397
10,2,3731,edgetpu,cifar10,94.343330,1.282820,0.653687,16397
10,2,5780,edgetpu,cifar10,93.980000,0.723967,0.653687,16397
10,2,797,edgetpu,cifar10,93.280000,0.627996,0.653687,16397
10,2,6918,edgetpu,cifar10,87.000000,0.375819,0.653687,16397
10,2,970,edgetpu,cifar10,86.770000,0.371488,0.653687,16397
10,2,14527,edgetpu,cifar10,86.765000,0.365664,0.653687,16397
10,2,11438,edgetpu,cifar10,92.500000,0.482393,0.653687,16397
10,2,3955,edgetpu,cifar10,88.863335,0.389665,0.653687,16397
10,2,13714,edgetpu,cifar10,94.373340,1.377865,0.653687,16397
10,2,1595,edgetpu,cifar10,88.963330,0.389815,0.653687,16397
10,2,2053,edgetpu,cifar10,94.206665,1.042178,0.653687,16397
10,2,11810,edgetpu,cifar10,92.780000,0.482879,0.653687,16397
10,2,9950,edgetpu,cifar10,93.840000,0.723767,0.653687,16397
10,2,13611,edgetpu,cifar10,92.490000,0.481826,0.653687,16397
10,2,11112,edgetpu,cifar10,92.110000,0.480732,0.653687,16397
10,2,2485,edgetpu,cifar10,86.700000,0.346546,0.653687,16397
10,2,3927,edgetpu,cifar10,93.626660,0.723268,0.653687,16397
10,2,10683,edgetpu,cifar10,92.330000,0.481277,0.653687,16397
10,2,6515,edgetpu,cifar10,93.616670,0.722858,0.653687,16397
10,2,13001,edgetpu,cifar10,88.760000,0.389467,0.653687,16397
10,2,6584,edgetpu,cifar10,94.160000,0.888877,0.653687,16397
10,2,10581,edgetpu,cifar10,89.015000,0.390403,0.653687,16397
10,2,9689,edgetpu,cifar10,93.370000,0.628386,0.653687,16397
10,2,5224,edgetpu,cifar10,88.980000,0.389900,0.653687,16397
10,2,4161,edgetpu,cifar10,89.250000,0.391221,0.653687,16397
10,3,4384,eyeriss,cifar10,86.796670,1.679540,0.457621,16334
10,3,11692,eyeriss,cifar10,94.130000,4.874420,0.457621,16334
10,3,8720,eyeriss,cifar10,89.875000,1.925300,0.457621,16334
10,3,6111,eyeriss,cifar10,94.373340,7.823540,0.457621,16334
10,3,12438,eyeriss,cifar10,89.875000,1.925300,0.457621,16334
10,3,8592,eyeriss,cifar10,93.750000,3.891380,0.457621,16334
10,3,3731,eyeriss,cifar10,94.343330,6.594740,0.457621,16334
10,3,13611,eyeriss,cifar10,92.490000,3.154100,0.457621,16334
10,3,8008,eyeriss,cifar10,93.480000,3.399860,0.457621,16334
10,3,13714,eyeriss,cifar10,94.373340,7.823540,0.457621,16334
10,3,5111,eyeriss,cifar10,94.306660,5.365940,0.457621,16334
10,3,8323,eyeriss,cifar10,90.870000,2.171060,0.457621,16334
10,3,9950,eyeriss,cifar10,93.840000,4.628660,0.457621,16334
10,3,13987,eyeriss,cifar10,93.596664,3.645620,0.457621,16334
10,3,6899,eyeriss,cifar10,90.900000,2.416820,0.457621,16334
10,3,6854,eyeriss,cifar10,91.040000,2.662580,0.457621,16334
10,3,14112,eyeriss,cifar10,91.296670,2.908340,0.457621,16334
10,4,13714,fpga,cifar10,94.373340,6.678560,0.519223,16246
10,4,6111,fpga,cifar10,94.373340,6.678560,0.519223,16246
10,4,3731,fpga,cifar10,94.343330,5.936160,0.519223,16246
10,4,11533,fpga,cifar10,93.420000,2.905760,0.519223,16246
10,4,5111,fpga,cifar10,94.306660,5.193760,0.519223,16246
10,4,11472,fpga,cifar10,93.970000,3.648160,0.519223,16246
10,4,10412,fpga,cifar10,93.530000,3.420960,0.519223,16246
10,4,15000,fpga,cifar10,92.400000,2.390560,0.519223,16246
10,4,6584,fpga,cifar10,94.160000,4.163360,0.519223,16246
10,4,10431,fpga,cifar10,87.000000,1.542560,0.519223,16246
10,4,3687,fpga,cifar10,89.820000,1.648160,0.519223,16246
10,4,8323,fpga,cifar10,90.870000,2.163360,0.519223,16246
10,4,15295,fpga,cifar10,90.050000,2.057760,0.519223,16246
10,4,12286,fpga,cifar10,86.760000,1.132960,0.519223,16246
10,5,7017,pixel3,cifar10,86.970000,1.403930,0.819296,16161
10,5,13171,pixel3,cifar10,93.530000,7.717220,0.819296,16161
10,5,13846,pixel3,cifar10,90.720000,3.099760,0.819296,16161
10,5,6111,pixel3,cifar10,94.373340,23.584800,0.819296,16161
10,5,6382,pixel3,cifar10,93.376660,7.048190,0.819296,16161
10,5,3385,pixel3,cifar10,93.990000,13.656500,0.819296,16161
10,5,6918,pixel3,cifar10,87.000000,1.478790,0.819296,16161
10,5,8695,pixel3,cifar10,94.220000,17.564500,0.819296,16161
10,5,3731,pixel3,cifar10,94.343330,23.361300,0.819296,16161
10,5,13869,pixel3,cifar10,93.656670,10.634700,0.819296,16161
10,5,11692,pixel3,cifar10,94.130000,15.490100,0.819296,16161
10,5,1941,pixel3,cifar10,93.533330,9.128690,0.819296,16161
10,5,6434,pixel3,cifar10,91.080000,4.811140,0.819296,16161
10,5,8592,pixel3,cifar10,93.750000,10.769800,0.819296,16161
10,5,6957,pixel3,cifar10,90.400000,3.086110,0.819296,16161
10,5,6899,pixel3,cifar10,90.900000,3.961410,0.819296,16161
10,5,5111,pixel3,cifar10,94.306660,17.584600,0.819296,16161
10,5,1497,pixel3,cifar10,86.556660,1.056630,0.819296,16161
10,5,1943,pixel3,cifar10,93.116670,6.492030,0.819296,16161
10,5,1616,pixel3,cifar10,89.740000,2.038690,0.819296,16161
10,5,6999,pixel3,cifar10,93.820000,12.260900,0.819296,16161
10,5,13430,pixel3,cifar10,90.580000,3.086360,0.819296,16161
10,5,9032,pixel3,cifar10,90.740000,3.102890,0.819296,16161
10,5,7197,pixel3,cifar10,90.366670,2.447670,0.819296,16161
10,5,9230,pixel3,cifar10,86.580000,1.056760,0.819296,16161
10,5,6863,pixel3,cifar10,86.740000,1.229320,0.819296,16161
10,5,12452,pixel3,cifar10,91.350000,5.590110,0.819296,16161
10,5,6804,pixel3,cifar10,93.920000,13.514700,0.819296,16161
10,5,6584,pixel3,cifar10,94.160000,15.720300,0.819296,16161
10,5,1339,pixel3,cifar10,92.136665,5.802240,0.819296,16161
10,5,2035,pixel3,cifar10,89.670000,1.706480,0.819296,16161
10,5,6624,pixel3,cifar10,89.120000,1.670570,0.819296,16161
10,5,1631,pixel3,cifar10,89.506670,1.697120,0.819296,16161
10,5,4554,pixel3,cifar10,86.670000,1.114880,0.819296,16161
10,5,7001,pixel3,cifar10,10.000000,0.003277,0.819296,16161
10,5,13987,pixel3,cifar10,93.596664,9.922680,0.819296,16161
10,5,5224,pixel3,cifar10,88.980000,1.570360,0.819296,16161
10,5,8323,pixel3,cifar10,90.870000,3.106420,0.819296,16161
10,5,2779,pixel3,cifar10,90.806660,3.102950,0.819296,16161
10,5,1778,pixel3,cifar10,92.180000,6.446230,0.819296,16161
10,5,6854,pixel3,cifar10,91.040000,4.514220,0.819296,16161
10,5,4627,pixel3,cifar10,93.270000,7.036050,0.819296,16161
10,5,11972,pixel3,cifar10,91.510000,5.627010,0.819296,16161
10,6,8876,raspi4,cifar10,88.910000,4.861280,0.834603,16068
10,6,8008,raspi4,cifar10,93.480000,22.571420,0.834603,16068
10,6,15288,raspi4,cifar10,86.660000,2.557443,0.834603,16068
10,6,5780,raspi4,cifar10,93.980000,34.928463,0.834603,16068
10,6,7058,raspi4,cifar10,92.040000,16.469465,0.834603,16068
10,6,11692,raspi4,cifar10,94.130000,37.583630,0.834603,16068
10,6,7210,raspi4,cifar10,92.180000,18.080248,0.834603,16068
10,6,6111,raspi4,cifar10,94.373340,68.404106,0.834603,16068
10,6,13829,raspi4,cifar10,92.193340,18.405771,0.834603,16068
10,6,2058,raspi4,cifar10,93.270000,19.484835,0.834603,16068
10,6,3731,raspi4,cifar10,94.343330,58.070793,0.834603,16068
10,6,1690,raspi4,cifar10,86.646670,2.536549,0.834603,16068
10,6,10412,raspi4,cifar10,93.530000,25.079220,0.834603,16068
10,6,6382,raspi4,cifar10,93.376660,21.461164,0.834603,16068
10,6,5111,raspi4,cifar10,94.306660,41.756905,0.834603,16068
10,6,9394,raspi4,cifar10,86.670000,2.752290,0.834603,16068
10,6,11810,raspi4,cifar10,92.780000,18.619905,0.834603,16068
10,6,4689,raspi4,cifar10,90.720000,7.356712,0.834603,16068
10,6,14677,raspi4,cifar10,88.670000,4.755260,0.834603,16068
10,6,11533,raspi4,cifar10,93.420000,21.715693,0.834603,16068
10,6,8592,raspi4,cifar10,93.750000,25.477009,0.834603,16068
10,6,5915,raspi4,cifar10,86.846664,2.776470,0.834603,16068
10,6,9980,raspi4,cifar10,10.000000,0.011284,0.834603,16068
10,6,6918,raspi4,cifar10,87.000000,2.787590,0.834603,16068
10,6,8323,raspi4,cifar10,90.870000,7.426308,0.834603,16068
10,6,2035,raspi4,cifar10,89.670000,4.984099,0.834603,16068
10,6,4112,raspi4,cifar10,89.710000,5.004419,0.834603,16068
10,6,12505,raspi4,cifar10,92.150000,16.747276,0.834603,16068
10,6,14565,raspi4,cifar10,88.880000,4.781183,0.834603,16068
10,6,3496,raspi4,cifar10,89.763336,5.172737,0.834603,16068
10,6,2002,raspi4,cifar10,88.893330,4.817687,0.834603,16068
10,6,12002,raspi4,cifar10,93.510000,24.816572,0.834603,16068
10,6,1941,raspi4,cifar10,93.533330,25.121769,0.834603,16068
10,6,12970,raspi4,cifar10,90.970000,11.904152,0.834603,16068
10,6,9380,raspi4,cifar10,89.335000,4.875613,0.834603,16068
10,6,8426,raspi4,cifar10,93.840000,31.394428,0.834603,16068
10,6,12238,raspi4,cifar10,91.690000,16.046099,0.834603,16068
10,6,1781,raspi4,cifar10,89.883330,5.961801,0.834603,16068
10,6,4432,raspi4,cifar10,90.700000,7.290926,0.834603,16068
10,6,11088,raspi4,cifar10,92.200000,18.435175,0.834603,16068
10,7,8401,edgegpu,cifar100,71.080000,3.302102,0.579080,16368
10,7,2304,edgegpu,cifar100,58.660000,1.440253,0.579080,16368
10,7,4418,edgegpu,cifar100,72.746666,5.352364,0.579080,16368
10,7,9930,edgegpu,cifar100,73.513336,6.803060,0.579080,16368
10,7,9922,edgegpu,cifar100,58.560000,1.428552,0.579080,16368
10,7,11067,edgegpu,cifar100,58.186670,1.427836,0.579080,16368
10,7,4954,edgegpu,cifar100,73.000000,6.669736,0.579080,16368
10,7,12415,edgegpu,cifar100,71.940000,4.828467,0.579080,16368
10,7,9997,edgegpu,cifar100,71.520000,3.466139,0.579080,16368
10,7,2778,edgegpu,cifar100,72.993330,6.134028,0.579080,16368
10,7,4609,edgegpu,cifar100,66.520000,1.758838,0.579080,16368
10,7,12238,edgegpu,cifar100,67.240000,1.772847,0.579080,16368
10,7,14089,edgegpu,cifar100,61.806667,1.752892,0.579080,16368
10,7,3888,edgegpu,cifar100,73.260000,6.797867,0.579080,16368
10,7,6124,edgegpu,cifar100,68.360000,3.185835,0.579080,16368
10,7,1425,edgegpu,cifar100,72.093330,5.310225,0.579080,16368
10,7,11810,edgegpu,cifar100,68.300000,1.779551,0.579080,16368
10,7,13172,edgegpu,cifar100,62.180000,1.757636,0.579080,16368
10,7,12988,edgegpu,cifar100,62.300000,1.758661,0.579080,16368
10,7,1509,edgegpu,cifar100,1.000000,0.505853,0.579080,16368
10,7,8912,edgegpu,cifar100,59.200000,1.441355,0.579080,16368
10,7,11885,edgegpu,cifar100,68.040000,1.776652,0.579080,16368
10,7,14984,edgegpu,cifar100,67.166664,1.760831,0.579080,16368
10,8,9271,edgetpu,cifar100,63.400000,0.393151,0.648363,16002
10,8,1317,edgetpu,cifar100,72.566666,1.023844,0.648363,16002
10,8,8401,edgetpu,cifar100,71.080000,0.728572,0.648363,16002
10,8,2705,edgetpu,cifar100,62.813330,0.393026,0.648363,16002
10,8,14945,edgetpu,cifar100,58.500000,0.354940,0.648363,16002
10,8,12761,edgetpu,cifar100,72.860000,1.225212,0.648363,16002
10,8,7760,edgetpu,cifar100,67.800000,0.489248,0.648363,16002
10,8,3888,edgetpu,cifar100,73.260000,1.316226,0.648363,16002
10,8,1943,edgetpu,cifar100,69.626660,0.634759,0.648363,16002
10,8,15363,edgetpu,cifar100,70.520000,0.676394,0.648363,16002
10,8,4532,edgetpu,cifar100,68.040000,0.489947,0.648363,16002
10,8,12415,edgetpu,cifar100,71.940000,0.872299,0.648363,16002
10,8,1383,edgetpu,cifar100,70.273330,0.673722,0.648363,16002
10,8,857,edgetpu,cifar100,72.880000,1.264168,0.648363,16002
10,8,9930,edgetpu,cifar100,73.513336,1.454107,0.648363,16002
10,8,577,edgetpu,cifar100,69.680000,0.635228,0.648363,16002
10,8,3811,edgetpu,cifar100,69.360000,0.634206,0.648363,16002
10,8,6382,edgetpu,cifar100,69.533330,0.634724,0.648363,16002
10,8,777,edgetpu,cifar100,58.650000,0.355588,0.648363,16002
10,8,5019,edgetpu,cifar100,58.880000,0.357058,0.648363,16002
10,8,10000,edgetpu,cifar100,73.160000,1.283461,0.648363,16002
10,8,14174,edgetpu,cifar100,72.646670,1.081678,0.648363,16002
10,8,6946,edgetpu,cifar100,67.500000,0.486233,0.648363,16002
10,8,10596,edgetpu,cifar100,67.633330,0.488672,0.648363,16002
10,8,11533,edgetpu,cifar100,69.760000,0.635877,0.648363,16002
10,8,69,edgetpu,cifar100,71.020000,0.727259,0.648363,16002
10,8,9997,edgetpu,cifar100,71.520000,0.729986,0.648363,16002
10,8,12607,edgetpu,cifar100,62.600000,0.392830,0.648363,16002
10,8,1110,edgetpu,cifar100,58.840000,0.355938,0.648363,16002
10,8,13760,edgetpu,cifar100,61.686670,0.392028,0.648363,16002
10,8,6974,edgetpu,cifar100,61.880000,0.392555,0.648363,16002
10,8,699,edgetpu,cifar100,72.240000,0.940479,0.648363,16002
10,8,3303,edgetpu,cifar100,62.420000,0.392593,0.648363,16002
10,8,2537,edgetpu,cifar100,67.566666,0.488000,0.648363,16002
10,8,13434,edgetpu,cifar100,62.106667,0.392580,0.648363,16002
10,8,8638,edgetpu,cifar100,58.860000,0.356631,0.648363,16002
10,8,8912,edgetpu,cifar100,59.200000,0.377698,0.648363,16002
10,8,11810,edgetpu,cifar100,68.300000,0.492126,0.648363,16002
10,8,1425,edgetpu,cifar100,72.093330,0.910660,0.648363,16002
10,8,4418,edgetpu,cifar100,72.746666,1.093699,0.648363,16002
10,8,12424,edgetpu,cifar100,69.980000,0.638946,0.648363,16002
10,9,12761,eyeriss,cifar100,72.860000,6.352000,0.491285,16545
10,9,9930,eyeriss,cifar100,73.513336,9.055360,0.491285,16545
10,9,3888,eyeriss,cifar100,73.260000,6.597760,0.491285,16545
10,9,5725,eyeriss,cifar100,70.600000,3.648640,0.491285,16545
10,9,3487,eyeriss,cifar100,70.093330,3.402880,0.491285,16545
10,9,5651,eyeriss,cifar100,64.690000,1.928320,0.491285,16545
10,9,14714,eyeriss,cifar100,71.280000,4.140160,0.491285,16545
10,9,14112,eyeriss,cifar100,68.386665,2.911360,0.491285,16545
10,9,12820,eyeriss,cifar100,67.720000,2.419840,0.491285,16545
10,9,5084,eyeriss,cifar100,58.813330,1.682560,0.491285,16545
10,9,12970,eyeriss,cifar100,68.140000,2.665600,0.491285,16545
10,9,6925,eyeriss,cifar100,71.220000,3.894400,0.491285,16545
10,9,12574,eyeriss,cifar100,72.740000,5.123200,0.491285,16545
10,9,3540,eyeriss,cifar100,71.500000,4.877440,0.491285,16545
10,9,10689,eyeriss,cifar100,67.500000,2.174080,0.491285,16545
10,10,3888,fpga,cifar100,73.260000,5.936160,0.516362,16322
10,10,5033,fpga,cifar100,59.060000,1.542560,0.516362,16322
10,10,5651,fpga,cifar100,64.690000,1.648160,0.516362,16322
10,10,6787,fpga,cifar100,70.720000,3.420960,0.516362,16322
10,10,4659,fpga,cifar100,70.060000,2.905760,0.516362,16322
10,10,4249,fpga,cifar100,65.080000,2.057760,0.516362,16322
10,10,12761,fpga,cifar100,72.860000,5.420960,0.516362,16322
10,10,12574,fpga,cifar100,72.740000,4.678560,0.516362,16322
10,10,6925,fpga,cifar100,71.220000,3.936160,0.516362,16322
10,10,69,fpga,cifar100,71.020000,3.648160,0.516362,16322
10,10,9930,fpga,cifar100,73.513336,7.420960,0.516362,16322
10,10,6830,fpga,cifar100,71.460000,4.057760,0.516362,16322
10,10,7250,fpga,cifar100,67.706665,2.390560,0.516362,16322
10,10,3540,fpga,cifar100,71.500000,4.163360,0.516362,16322
10,10,9997,fpga,cifar100,71.520000,4.572960,0.516362,16322
10,10,5084,fpga,cifar100,58.813330,1.132960,0.516362,16322
10,10,10689,fpga,cifar100,67.500000,2.163360,0.516362,16322
10,10,12820,fpga,cifar100,67.720000,2.678560,0.516362,16322
10,11,6787,pixel3,cifar100,70.720000,9.854430,0.651346,16087
10,11,699,pixel3,cifar100,72.240000,12.079400,0.651346,16087
10,11,6925,pixel3,cifar100,71.220000,10.688000,0.651346,16087
10,11,14112,pixel3,cifar100,68.386665,5.745320,0.651346,16087
10,11,11000,pixel3,cifar100,71.180000,10.677600,0.651346,16087
10,11,5019,pixel3,cifar100,58.880000,1.483640,0.651346,16087
10,11,9930,pixel3,cifar100,73.513336,42.003600,0.651346,16087
10,11,1357,pixel3,cifar100,67.480000,3.998260,0.651346,16087
10,11,3888,pixel3,cifar100,73.260000,23.477200,0.651346,16087
10,11,4432,pixel3,cifar100,66.486664,3.105870,0.651346,16087
10,11,375,pixel3,cifar100,64.440000,2.363140,0.651346,16087
10,11,8638,pixel3,cifar100,58.860000,1.478570,0.651346,16087
10,11,906,pixel3,cifar100,62.393333,1.661810,0.651346,16087
10,11,777,pixel3,cifar100,58.650000,1.087020,0.651346,16087
10,11,12970,pixel3,cifar100,68.140000,4.782110,0.651346,16087
10,11,857,pixel3,cifar100,72.880000,19.113200,0.651346,16087
10,11,12574,pixel3,cifar100,72.740000,16.473900,0.651346,16087
10,11,1459,pixel3,cifar100,73.140000,23.437900,0.651346,16087
10,11,1450,pixel3,cifar100,70.506670,9.337360,0.651346,16087
10,11,6337,pixel3,cifar100,1.000000,0.008753,0.651346,16087
10,11,1409,pixel3,cifar100,58.853333,1.275090,0.651346,16087
10,11,898,pixel3,cifar100,70.000000,6.516140,0.651346,16087
10,11,15363,pixel3,cifar100,70.520000,9.708640,0.651346,16087
10,11,11301,pixel3,cifar100,68.220000,5.352090,0.651346,16087
10,11,8323,pixel3,cifar100,67.080000,3.106340,0.651346,16087
10,11,858,pixel3,cifar100,64.133330,2.003500,0.651346,16087
10,11,5651,pixel3,cifar100,64.690000,2.376870,0.651346,16087
10,11,15589,pixel3,cifar100,59.060000,1.483890,0.651346,16087
10,12,1572,raspi4,cifar100,69.900000,19.916142,0.605108,15991
10,12,1357,raspi4,cifar100,67.480000,10.177114,0.605108,15991
10,12,1459,raspi4,cifar100,73.140000,53.879950,0.605108,15991
10,12,4418,raspi4,cifar100,72.746666,47.162354,0.605108,15991
10,12,9930,raspi4,cifar100,73.513336,71.152000,0.605108,15991
10,12,2063,raspi4,cifar100,62.320000,4.792511,0.605108,15991
10,12,6822,raspi4,cifar100,58.426666,2.558594,0.605108,15991
10,12,15589,raspi4,cifar100,59.060000,2.795078,0.605108,15991
10,12,8740,raspi4,cifar100,1.000000,0.015215,0.605108,15991
10,12,8323,raspi4,cifar100,67.080000,7.271148,0.605108,15991
10,12,6830,raspi4,cifar100,71.460000,34.491814,0.605108,15991
10,12,6918,raspi4,cifar100,58.800000,2.571364,0.605108,15991
10,12,3888,raspi4,cifar100,73.260000,55.029520,0.605108,15991
10,12,14612,raspi4,cifar100,58.720000,2.563505,0.605108,15991
10,12,2222,raspi4,cifar100,58.313330,2.538255,0.605108,15991
10,12,12761,raspi4,cifar100,72.860000,53.718200,0.605108,15991
10,12,2200,raspi4,cifar100,63.886665,5.014668,0.605108,15991
10,12,898,raspi4,cifar100,70.000000,21.506163,0.605108,15991
10,12,12574,raspi4,cifar100,72.740000,36.371254,0.605108,15991
10,12,9271,raspi4,cifar100,63.400000,4.800893,0.605108,15991
10,12,10042,raspi4,cifar100,64.880000,5.100886,0.605108,15991
10,12,9997,raspi4,cifar100,71.520000,34.996710,0.605108,15991
10,12,15363,raspi4,cifar100,70.520000,21.809430,0.605108,15991
10,12,3408,raspi4,cifar100,63.993332,5.081906,0.605108,15991
10,12,2297,raspi4,cifar100,66.526665,7.226829,0.605108,15991
10,12,14112,raspi4,cifar100,68.386665,14.423308,0.605108,15991
10,12,375,raspi4,cifar100,64.440000,5.099302,0.605108,15991
10,12,14714,raspi4,cifar100,71.280000,24.692347,0.605108,15991
10,12,14792,raspi4,cifar100,69.500000,19.111843,0.605108,15991
10,12,6925,raspi4,cifar100,71.220000,24.195030,0.605108,15991
10,12,3487,raspi4,cifar100,70.093330,21.603350,0.605108,15991
10,13,2650,edgegpu,ImageNet16-120,42.433334,3.309817,0.637539,16374
10,13,14117,edgegpu,ImageNet16-120,28.677778,1.435547,0.637539,16374
10,13,15159,edgegpu,ImageNet16-120,45.566666,4.632421,0.637539,16374
10,13,15376,edgegpu,ImageNet16-120,0.833333,0.533953,0.637539,16374
10,13,768,edgegpu,ImageNet16-120,39.466667,1.776605,0.637539,16374
10,13,13760,edgegpu,ImageNet16-120,32.333332,1.739759,0.637539,16374
10,13,7187,edgegpu,ImageNet16-120,28.683332,1.443858,0.637539,16374
10,13,9586,edgegpu,ImageNet16-120,46.933334,5.222673,0.637539,16374
10,13,15288,edgegpu,ImageNet16-120,28.422222,1.417041,0.637539,16374
10,13,4988,edgegpu,ImageNet16-120,28.933332,1.448212,0.637539,16374
10,13,9722,edgegpu,ImageNet16-120,44.000000,3.327813,0.637539,16374
10,13,4587,edgegpu,ImageNet16-120,28.800000,1.445131,0.637539,16374
10,13,4946,edgegpu,ImageNet16-120,44.700000,3.490419,0.637539,16374
10,13,8884,edgegpu,ImageNet16-120,45.033333,3.499999,0.637539,16374
10,13,10947,edgegpu,ImageNet16-120,39.944443,1.909800,0.637539,16374
10,13,9077,edgegpu,ImageNet16-120,39.500000,1.801076,0.637539,16374
10,13,6950,edgegpu,ImageNet16-120,38.700000,1.740150,0.637539,16374
10,13,14612,edgegpu,ImageNet16-120,28.488890,1.434064,0.637539,16374
10,13,12415,edgegpu,ImageNet16-120,46.566666,4.667692,0.637539,16374
10,13,1164,edgegpu,ImageNet16-120,28.522223,1.435223,0.637539,16374
10,13,8355,edgegpu,ImageNet16-120,39.666668,1.810203,0.637539,16374
10,13,5751,edgegpu,ImageNet16-120,40.044445,2.434626,0.637539,16374
10,13,5981,edgegpu,ImageNet16-120,39.211113,1.746097,0.637539,16374
10,13,6636,edgegpu,ImageNet16-120,40.544445,3.305931,0.637539,16374
10,13,8426,edgegpu,ImageNet16-120,44.633335,3.370147,0.637539,16374
10,13,11217,edgegpu,ImageNet16-120,43.466667,3.316708,0.637539,16374
10,13,12505,edgegpu,ImageNet16-120,39.283333,1.750417,0.637539,16374
10,13,8401,edgegpu,ImageNet16-120,43.833332,3.322444,0.637539,16374
10,13,11438,edgegpu,ImageNet16-120,39.733334,1.903386,0.637539,16374
10,13,70,edgegpu,ImageNet16-120,39.377777,1.761627,0.637539,16374
10,13,12081,edgegpu,ImageNet16-120,40.233334,2.730479,0.637539,16374
10,14,7750,edgetpu,ImageNet16-120,43.066666,0.551617,0.588841,15968
10,14,8884,edgetpu,ImageNet16-120,45.033333,0.615792,0.588841,15968
10,14,13931,edgetpu,ImageNet16-120,28.788889,0.360349,0.588841,15968
10,14,15383,edgetpu,ImageNet16-120,47.033333,0.780914,0.588841,15968
10,14,11079,edgetpu,ImageNet16-120,43.566666,0.552430,0.588841,15968
10,14,15363,edgetpu,ImageNet16-120,44.333332,0.582280,0.588841,15968
10,14,13769,edgetpu,ImageNet16-120,41.555557,0.549360,0.588841,15968
10,14,5751,edgetpu,ImageNet16-120,40.044445,0.516992,0.588841,15968
10,14,5530,edgetpu,ImageNet16-120,42.577778,0.549937,0.588841,15968
10,14,323,edgetpu,ImageNet16-120,32.800000,0.377385,0.588841,15968
10,14,7273,edgetpu,ImageNet16-120,42.966667,0.550014,0.588841,15968
10,14,4160,edgetpu,ImageNet16-120,39.833332,0.430355,0.588841,15968
10,14,3540,edgetpu,ImageNet16-120,45.122223,0.648670,0.588841,15968
10,14,15014,edgetpu,ImageNet16-120,28.266666,0.358110,0.588841,15968
10,14,4830,edgetpu,ImageNet16-120,42.233334,0.549457,0.588841,15968
10,14,8447,edgetpu,ImageNet16-120,40.011112,0.514586,0.588841,15968
10,14,7396,edgetpu,ImageNet16-120,40.177776,0.517218,0.588841,15968
10,14,10750,edgetpu,ImageNet16-120,44.600000,0.615553,0.588841,15968
10,14,5302,edgetpu,ImageNet16-120,38.833332,0.427711,0.588841,15968
10,14,857,edgetpu,ImageNet16-120,47.311110,0.997730,0.588841,15968
10,14,10736,edgetpu,ImageNet16-120,32.500000,0.365101,0.588841,15968
10,14,12231,edgetpu,ImageNet16-120,40.200000,0.518358,0.588841,15968
10,14,10888,edgetpu,ImageNet16-120,28.333334,0.359044,0.588841,15968
10,14,1973,edgetpu,ImageNet16-120,38.855556,0.427802,0.588841,15968
10,14,6520,edgetpu,ImageNet16-120,32.383335,0.363944,0.588841,15968
10,14,9689,edgetpu,ImageNet16-120,42.533333,0.549702,0.588841,15968
10,14,14662,edgetpu,ImageNet16-120,41.166668,0.547835,0.588841,15968
10,14,4988,edgetpu,ImageNet16-120,28.933332,0.360694,0.588841,15968
10,14,13972,edgetpu,ImageNet16-120,31.933332,0.363440,0.588841,15968
10,14,7174,edgetpu,ImageNet16-120,33.116665,0.391775,0.588841,15968
10,14,6407,edgetpu,ImageNet16-120,32.333332,0.363748,0.588841,15968
10,14,70,edgetpu,ImageNet16-120,39.377777,0.428228,0.588841,15968
10,14,12415,edgetpu,ImageNet16-120,46.566666,0.710906,0.588841,15968
10,14,5674,edgetpu,ImageNet16-120,39.650000,0.428605,0.588841,15968
10,14,10332,edgetpu,ImageNet16-120,40.033333,0.516152,0.588841,15968
10,14,10017,edgetpu,ImageNet16-120,40.566666,0.524950,0.588841,15968
10,14,13754,edgetpu,ImageNet16-120,32.577778,0.375977,0.588841,15968
10,15,9805,eyeriss,ImageNet16-120,34.133335,0.484480,0.455230,16498
10,15,6787,eyeriss,ImageNet16-120,44.400000,0.914560,0.455230,16498
10,15,2835,eyeriss,ImageNet16-120,38.222220,0.545920,0.455230,16498
10,15,8853,eyeriss,ImageNet16-120,45.600000,1.037440,0.455230,16498
10,15,6854,eyeriss,ImageNet16-120,40.800000,0.668800,0.455230,16498
10,15,857,eyeriss,ImageNet16-120,47.311110,1.651840,0.455230,16498
10,15,1939,eyeriss,ImageNet16-120,45.077778,0.976000,0.455230,16498
10,15,15383,eyeriss,ImageNet16-120,47.033333,1.283200,0.455230,16498
10,15,735,eyeriss,ImageNet16-120,38.544445,0.607360,0.455230,16498
10,15,4988,eyeriss,ImageNet16-120,28.933332,0.423040,0.455230,16498
10,15,1943,eyeriss,ImageNet16-120,42.866665,0.853120,0.455230,16498
10,16,10017,fpga,ImageNet16-120,40.566666,0.784000,0.508064,16192
10,16,4988,fpga,ImageNet16-120,28.933332,0.284320,0.508064,16192
10,16,1943,fpga,ImageNet16-120,42.866665,0.876800,0.508064,16192
10,16,5793,fpga,ImageNet16-120,35.033333,0.517920,0.508064,16192
10,16,857,fpga,ImageNet16-120,47.311110,2.038400,0.508064,16192
10,16,4829,fpga,ImageNet16-120,34.200000,0.415520,0.508064,16192
10,16,1939,fpga,ImageNet16-120,45.077778,1.062400,0.508064,16192
10,16,8853,fpga,ImageNet16-120,45.600000,1.155200,0.508064,16192
10,16,14417,fpga,ImageNet16-120,45.900000,1.276320,0.508064,16192
10,16,12452,fpga,ImageNet16-120,40.533333,0.780320,0.508064,16192
10,16,5390,fpga,ImageNet16-120,43.100000,0.902400,0.508064,16192
10,16,479,fpga,ImageNet16-120,38.500000,0.677920,0.508064,16192
10,16,6787,fpga,ImageNet16-120,44.400000,0.969600,0.508064,16192
10,16,6854,fpga,ImageNet16-120,40.800000,0.809120,0.508064,16192
10,16,5487,fpga,ImageNet16-120,38.500000,0.677920,0.508064,16192
10,16,15383,fpga,ImageNet16-120,47.033333,1.504000,0.508064,16192
10,16,2835,fpga,ImageNet16-120,38.222220,0.546720,0.508064,16192
10,16,14748,fpga,ImageNet16-120,44.900000,0.995200,0.508064,16192
10,16,4179,fpga,ImageNet16-120,38.433334,0.649120,0.508064,16192
10,17,8627,pixel3,ImageNet16-120,43.633335,2.707490,0.803848,16089
10,17,1549,pixel3,ImageNet16-120,28.655556,0.424747,0.803848,16089
10,17,10340,pixel3,ImageNet16-120,31.522223,0.617772,0.803848,16089
10,17,7685,pixel3,ImageNet16-120,37.611110,0.862589,0.803848,16089
10,17,14417,pixel3,ImageNet16-120,45.900000,4.143030,0.803848,16089
10,17,12516,pixel3,ImageNet16-120,32.083332,0.617816,0.803848,16089
10,17,6854,pixel3,ImageNet16-120,40.800000,1.621620,0.803848,16089
10,17,479,pixel3,ImageNet16-120,38.500000,1.108070,0.803848,16089
10,17,1860,pixel3,ImageNet16-120,28.433332,0.422587,0.803848,16089
10,17,4409,pixel3,ImageNet16-120,37.722220,0.862979,0.803848,16089
10,17,758,pixel3,ImageNet16-120,28.333334,0.422134,0.803848,16089
10,17,4384,pixel3,ImageNet16-120,28.133333,0.421612,0.803848,16089
10,17,1204,pixel3,ImageNet16-120,37.844444,0.864966,0.803848,16089
10,17,12355,pixel3,ImageNet16-120,45.033333,2.989390,0.803848,16089
10,17,1425,pixel3,ImageNet16-120,45.977780,4.619290,0.803848,16089
10,17,2018,pixel3,ImageNet16-120,46.433334,4.949210,0.803848,16089
10,17,4587,pixel3,ImageNet16-120,28.800000,0.445767,0.803848,16089
10,17,857,pixel3,ImageNet16-120,47.311110,6.686850,0.803848,16089
10,17,10154,pixel3,ImageNet16-120,46.133335,4.783700,0.803848,16089
10,17,12424,pixel3,ImageNet16-120,43.133330,2.470150,0.803848,16089
10,17,8853,pixel3,ImageNet16-120,45.600000,3.554540,0.803848,16089
10,17,6014,pixel3,ImageNet16-120,28.533333,0.423391,0.803848,16089
10,17,12639,pixel3,ImageNet16-120,40.400000,1.304440,0.803848,16089
10,17,1939,pixel3,ImageNet16-120,45.077778,3.021500,0.803848,16089
10,17,15383,pixel3,ImageNet16-120,47.033333,5.191720,0.803848,16089
10,17,12036,pixel3,ImageNet16-120,33.977780,0.665306,0.803848,16089
10,17,13059,pixel3,ImageNet16-120,34.266666,0.668679,0.803848,16089
10,17,8954,pixel3,ImageNet16-120,28.733334,0.424855,0.803848,16089
10,17,2050,pixel3,ImageNet16-120,0.833333,0.005526,0.803848,16089
10,17,10412,pixel3,ImageNet16-120,43.733334,2.753550,0.803848,16089
10,17,4977,pixel3,ImageNet16-120,32.966667,0.617991,0.803848,16089
10,17,12466,pixel3,ImageNet16-120,46.100000,4.680280,0.803848,16089
10,17,4675,pixel3,ImageNet16-120,33.100000,0.620036,0.803848,16089
10,17,3728,pixel3,ImageNet16-120,28.500000,0.422880,0.803848,16089
10,17,11079,pixel3,ImageNet16-120,43.566666,2.479610,0.803848,16089
10,17,2835,pixel3,ImageNet16-120,38.222220,0.868646,0.803848,16089
10,17,1110,pixel3,ImageNet16-120,28.600000,0.423927,0.803848,16089
10,17,4004,pixel3,ImageNet16-120,42.811110,2.467510,0.803848,16089
10,17,11000,pixel3,ImageNet16-120,44.866665,2.962520,0.803848,16089
10,18,3782,raspi4,ImageNet16-120,41.866665,3.755286,0.799673,15920
10,18,7291,raspi4,ImageNet16-120,33.255554,1.581494,0.799673,15920
10,18,8569,raspi4,ImageNet16-120,38.833332,3.065497,0.799673,15920
10,18,6854,raspi4,ImageNet16-120,40.800000,3.661016,0.799673,15920
10,18,3431,raspi4,ImageNet16-120,32.966667,1.536690,0.799673,15920
10,18,6336,raspi4,ImageNet16-120,39.366665,3.073392,0.799673,15920
10,18,11079,raspi4,ImageNet16-120,43.566666,3.802027,0.799673,15920
10,18,8323,raspi4,ImageNet16-120,38.033333,2.287984,0.799673,15920
10,18,10797,raspi4,ImageNet16-120,28.033333,0.946706,0.799673,15920
10,18,10835,raspi4,ImageNet16-120,45.233334,6.632419,0.799673,15920
10,18,4988,raspi4,ImageNet16-120,28.933332,1.003251,0.799673,15920
10,18,11584,raspi4,ImageNet16-120,46.666668,8.014434,0.799673,15920
10,18,4995,raspi4,ImageNet16-120,42.166668,3.766336,0.799673,15920
10,18,9585,raspi4,ImageNet16-120,0.833333,0.011519,0.799673,15920
10,18,3776,raspi4,ImageNet16-120,37.133335,2.191733,0.799673,15920
10,18,12358,raspi4,ImageNet16-120,34.055557,1.582727,0.799673,15920
10,18,8884,raspi4,ImageNet16-120,45.033333,5.293177,0.799673,15920
10,18,3960,raspi4,ImageNet16-120,37.755554,2.197980,0.799673,15920
10,18,9762,raspi4,ImageNet16-120,38.200000,2.912099,0.799673,15920
10,18,4829,raspi4,ImageNet16-120,34.200000,1.614683,0.799673,15920
10,18,13931,raspi4,ImageNet16-120,28.788889,0.956195,0.799673,15920
10,18,12387,raspi4,ImageNet16-120,32.466667,1.535795,0.799673,15920
10,18,7187,raspi4,ImageNet16-120,28.683332,0.952790,0.799673,15920
10,18,6294,raspi4,ImageNet16-120,38.011112,2.203638,0.799673,15920
10,18,11810,raspi4,ImageNet16-120,39.166668,3.069856,0.799673,15920
10,18,7551,raspi4,ImageNet16-120,38.477780,2.950436,0.799673,15920
10,18,4771,raspi4,ImageNet16-120,33.766666,1.582308,0.799673,15920
10,18,10017,raspi4,ImageNet16-120,40.566666,3.181383,0.799673,15920
10,18,10217,raspi4,ImageNet16-120,45.100000,6.109362,0.799673,15920
10,18,7870,raspi4,ImageNet16-120,42.633335,3.788979,0.799673,15920
10,18,15363,raspi4,ImageNet16-120,44.333332,4.480516,0.799673,15920
10,18,5487,raspi4,ImageNet16-120,38.500000,3.019000,0.799673,15920
10,18,14792,raspi4,ImageNet16-120,43.033333,3.792447,0.799673,15920
10,18,3687,raspi4,ImageNet16-120,34.066666,1.583497,0.799673,15920
10,18,15107,raspi4,ImageNet16-120,39.800000,3.083329,0.799673,15920
10,18,11653,raspi4,ImageNet16-120,38.100000,2.898014,0.799673,15920
10,18,8733,raspi4,ImageNet16-120,46.600000,7.477213,0.799673,15920
10,18,1204,raspi4,ImageNet16-120,37.844444,2.199356,0.799673,15920
10,18,4675,raspi4,ImageNet16-120,33.100000,1.544321,0.799673,15920
10,18,2035,raspi4,ImageNet16-120,33.788887,1.582606,0.799673,15920
10,18,219,raspi4,ImageNet16-120,42.500000,3.768475,0.799673,15920
10,18,41,raspi4,ImageNet16-120,32.388890,1.528043,0.799673,15920
10,18,8736,raspi4,ImageNet16-120,45.700000,6.658077,0.799673,15920
10,18,7357,raspi4,ImageNet16-120,44.666668,4.480689,0.799673,15920
10,18,5973,raspi4,ImageNet16-120,40.100000,3.159922,0.799673,15920
10,18,15383,raspi4,ImageNet16-120,47.033333,8.565354,0.799673,15920
10,18,14417,raspi4,ImageNet16-120,45.900000,6.948865,0.799673,15920
10,18,1939,raspi4,ImageNet16-120,45.077778,5.341908,0.799673,15920
10,18,857,raspi4,ImageNet16-120,47.311110,9.020064,0.799673,15920
10,18,10167,raspi4,ImageNet16-120,39.944443,3.106316,0.799673,15920
11,1,5292,edgegpu,cifar10,94.293335,6.663151,0.642990,16212
11,1,1459,edgegpu,cifar10,94.296670,6.748991,0.642990,16212
11,1,2053,edgegpu,cifar10,94.206665,5.482254,0.642990,16212
11,1,13714,edgegpu,cifar10,94.373340,6.772180,0.642990,16212
11,1,4803,edgegpu,cifar10,88.746666,1.748652,0.642990,16212
11,1,5780,edgegpu,cifar10,93.980000,3.361888,0.642990,16212
11,1,11810,edgegpu,cifar10,92.780000,1.992798,0.642990,16212
11,1,14407,edgegpu,cifar10,86.770000,1.440282,0.642990,16212
11,1,561,edgegpu,cifar10,86.880000,1.451068,0.642990,16212
11,1,13401,edgegpu,cifar10,87.010000,1.457009,0.642990,16212
11,1,5400,edgegpu,cifar10,86.630000,1.427460,0.642990,16212
11,1,6330,edgegpu,cifar10,94.006670,4.384699,0.642990,16212
11,1,14090,edgegpu,cifar10,92.086670,1.749086,0.642990,16212
11,1,9099,edgegpu,cifar10,93.940000,3.357520,0.642990,16212
11,1,2776,edgegpu,cifar10,93.666664,3.331194,0.642990,16212
11,1,10484,edgegpu,cifar10,93.810000,3.354015,0.642990,16212
11,1,1339,edgegpu,cifar10,92.136665,1.751881,0.642990,16212
11,1,11438,edgegpu,cifar10,92.500000,1.846719,0.642990,16212
11,1,11692,edgegpu,cifar10,94.130000,4.708362,0.642990,16212
11,1,15200,edgegpu,cifar10,10.000000,0.501385,0.642990,16212
11,1,14527,edgegpu,cifar10,86.765000,1.439619,0.642990,16212
11,1,2090,edgegpu,cifar10,86.650000,1.437702,0.642990,16212
11,1,6499,edgegpu,cifar10,93.645000,3.331041,0.642990,16212
11,1,1099,edgegpu,cifar10,92.240000,1.774683,0.642990,16212
11,1,12113,edgegpu,cifar10,92.245000,1.846456,0.642990,16212
11,2,9380,edgetpu,cifar10,89.335000,0.395662,0.687752,16373
11,2,2053,edgetpu,cifar10,94.206665,1.042178,0.687752,16373
11,2,4675,edgetpu,cifar10,89.200000,0.395661,0.687752,16373
11,2,13714,edgetpu,cifar10,94.373340,1.377865,0.687752,16373
11,2,6382,edgetpu,cifar10,93.376660,0.628638,0.687752,16373
11,2,11472,edgetpu,cifar10,93.970000,0.725244,0.687752,16373
11,2,797,edgetpu,cifar10,93.280000,0.627996,0.687752,16373
11,2,6918,edgetpu,cifar10,87.000000,0.375819,0.687752,16373
11,2,970,edgetpu,cifar10,86.770000,0.371488,0.687752,16373
11,2,9950,edgetpu,cifar10,93.840000,0.723767,0.687752,16373
11,2,11112,edgetpu,cifar10,92.110000,0.480732,0.687752,16373
11,2,5111,edgetpu,cifar10,94.306660,1.152010,0.687752,16373
11,2,1595,edgetpu,cifar10,88.963330,0.389815,0.687752,16373
11,2,11692,edgetpu,cifar10,94.130000,0.761100,0.687752,16373
11,2,8192,edgetpu,cifar10,93.093330,0.627745,0.687752,16373
11,2,12607,edgetpu,cifar10,89.180000,0.391577,0.687752,16373
11,2,11438,edgetpu,cifar10,92.500000,0.482393,0.687752,16373
11,2,13611,edgetpu,cifar10,92.490000,0.481826,0.687752,16373
11,2,6407,edgetpu,cifar10,88.933334,0.389381,0.687752,16373
11,2,3731,edgetpu,cifar10,94.343330,1.282820,0.687752,16373
11,2,14527,edgetpu,cifar10,86.765000,0.365664,0.687752,16373
11,2,13397,edgetpu,cifar10,92.140000,0.481764,0.687752,16373
11,2,5258,edgetpu,cifar10,88.775000,0.388629,0.687752,16373
11,2,11810,edgetpu,cifar10,92.780000,0.482879,0.687752,16373
11,2,8008,edgetpu,cifar10,93.480000,0.629746,0.687752,16373
11,2,9689,edgetpu,cifar10,93.370000,0.628386,0.687752,16373
11,2,2485,edgetpu,cifar10,86.700000,0.346546,0.687752,16373
11,2,3927,edgetpu,cifar10,93.626660,0.723268,0.687752,16373
11,2,6515,edgetpu,cifar10,93.616670,0.722858,0.687752,16373
11,2,10581,edgetpu,cifar10,89.015000,0.390403,0.687752,16373
11,3,12970,eyeriss,cifar10,90.970000,2.662580,0.500691,16484
11,3,3687,eyeriss,cifar10,89.820000,1.925300,0.500691,16484
11,3,6899,eyeriss,cifar10,90.900000,2.416820,0.500691,16484
11,3,11472,eyeriss,cifar10,93.970000,4.628660,0.500691,16484
11,3,10412,eyeriss,cifar10,93.530000,3.645620,0.500691,16484
11,3,5111,eyeriss,cifar10,94.306660,5.365940,0.500691,16484
11,3,8592,eyeriss,cifar10,93.750000,3.891380,0.500691,16484
11,3,3731,eyeriss,cifar10,94.343330,6.594740,0.500691,16484
11,3,8323,eyeriss,cifar10,90.870000,2.171060,0.500691,16484
11,3,6111,eyeriss,cifar10,94.373340,7.823540,0.500691,16484
11,3,13714,eyeriss,cifar10,94.373340,7.823540,0.500691,16484
11,3,6584,eyeriss,cifar10,94.160000,4.874420,0.500691,16484
11,3,4384,eyeriss,cifar10,86.796670,1.679540,0.500691,16484
11,3,13611,eyeriss,cifar10,92.490000,3.154100,0.500691,16484
11,3,14112,eyeriss,cifar10,91.296670,2.908340,0.500691,16484
11,3,8008,eyeriss,cifar10,93.480000,3.399860,0.500691,16484
11,4,8008,fpga,cifar10,93.480000,2.905760,0.430506,16263
11,4,4384,fpga,cifar10,86.796670,1.132960,0.430506,16263
11,4,6111,fpga,cifar10,94.373340,6.678560,0.430506,16263
11,4,11692,fpga,cifar10,94.130000,4.163360,0.430506,16263
11,4,3731,fpga,cifar10,94.343330,5.936160,0.430506,16263
11,4,13611,fpga,cifar10,92.490000,2.390560,0.430506,16263
11,4,13987,fpga,cifar10,93.596664,3.420960,0.430506,16263
11,4,14697,fpga,cifar10,89.710000,1.648160,0.430506,16263
11,4,13714,fpga,cifar10,94.373340,6.678560,0.430506,16263
11,4,5111,fpga,cifar10,94.306660,5.193760,0.430506,16263
11,4,11472,fpga,cifar10,93.970000,3.648160,0.430506,16263
11,4,8323,fpga,cifar10,90.870000,2.163360,0.430506,16263
11,4,15295,fpga,cifar10,90.050000,2.057760,0.430506,16263
11,5,11692,pixel3,cifar10,94.130000,15.490100,0.792584,15988
11,5,6111,pixel3,cifar10,94.373340,23.584800,0.792584,15988
11,5,1497,pixel3,cifar10,86.556660,1.056630,0.792584,15988
11,5,3731,pixel3,cifar10,94.343330,23.361300,0.792584,15988
11,5,6624,pixel3,cifar10,89.120000,1.670570,0.792584,15988
11,5,1943,pixel3,cifar10,93.116670,6.492030,0.792584,15988
11,5,1894,pixel3,cifar10,92.110000,5.778250,0.792584,15988
11,5,12452,pixel3,cifar10,91.350000,5.590110,0.792584,15988
11,5,6434,pixel3,cifar10,91.080000,4.811140,0.792584,15988
11,5,1781,pixel3,cifar10,89.883330,1.712020,0.792584,15988
11,5,1339,pixel3,cifar10,92.136665,5.802240,0.792584,15988
11,5,5111,pixel3,cifar10,94.306660,17.584600,0.792584,15988
11,5,13171,pixel3,cifar10,93.530000,7.717220,0.792584,15988
11,5,6584,pixel3,cifar10,94.160000,15.720300,0.792584,15988
11,5,6918,pixel3,cifar10,87.000000,1.478790,0.792584,15988
11,5,1941,pixel3,cifar10,93.533330,9.128690,0.792584,15988
11,5,7197,pixel3,cifar10,90.366670,2.447670,0.792584,15988
11,5,13987,pixel3,cifar10,93.596664,9.922680,0.792584,15988
11,5,1804,pixel3,cifar10,89.063330,1.579900,0.792584,15988
11,5,12970,pixel3,cifar10,90.970000,4.723840,0.792584,15988
11,5,6863,pixel3,cifar10,86.740000,1.229320,0.792584,15988
11,5,8695,pixel3,cifar10,94.220000,17.564500,0.792584,15988
11,5,5224,pixel3,cifar10,88.980000,1.570360,0.792584,15988
11,5,6899,pixel3,cifar10,90.900000,3.961410,0.792584,15988
11,5,8836,pixel3,cifar10,92.220000,6.313990,0.792584,15988
11,5,6382,pixel3,cifar10,93.376660,7.048190,0.792584,15988
11,5,7001,pixel3,cifar10,10.000000,0.003277,0.792584,15988
11,5,4554,pixel3,cifar10,86.670000,1.114880,0.792584,15988
11,5,8592,pixel3,cifar10,93.750000,10.769800,0.792584,15988
11,5,4627,pixel3,cifar10,93.270000,7.036050,0.792584,15988
11,5,8323,pixel3,cifar10,90.870000,3.106420,0.792584,15988
11,5,8708,pixel3,cifar10,94.080000,12.839000,0.792584,15988
11,5,6330,pixel3,cifar10,94.006670,11.512400,0.792584,15988
11,5,4432,pixel3,cifar10,90.700000,2.826310,0.792584,15988
11,5,13869,pixel3,cifar10,93.656670,10.634700,0.792584,15988
11,5,5915,pixel3,cifar10,86.846664,1.472530,0.792584,15988
11,5,2779,pixel3,cifar10,90.806660,3.102950,0.792584,15988
11,5,11972,pixel3,cifar10,91.510000,5.627010,0.792584,15988
11,6,7207,raspi4,cifar10,89.803340,5.099723,0.717433,16083
11,6,12238,raspi4,cifar10,91.690000,16.046099,0.717433,16083
11,6,13320,raspi4,cifar10,89.330000,4.889096,0.717433,16083
11,6,2058,raspi4,cifar10,93.270000,19.484835,0.717433,16083
11,6,9980,raspi4,cifar10,10.000000,0.011284,0.717433,16083
11,6,14565,raspi4,cifar10,88.880000,4.781183,0.717433,16083
11,6,1690,raspi4,cifar10,86.646670,2.536549,0.717433,16083
11,6,5780,raspi4,cifar10,93.980000,34.928463,0.717433,16083
11,6,5111,raspi4,cifar10,94.306660,41.756905,0.717433,16083
11,6,6382,raspi4,cifar10,93.376660,21.461164,0.717433,16083
11,6,11692,raspi4,cifar10,94.130000,37.583630,0.717433,16083
11,6,9394,raspi4,cifar10,86.670000,2.752290,0.717433,16083
11,6,6111,raspi4,cifar10,94.373340,68.404106,0.717433,16083
11,6,3731,raspi4,cifar10,94.343330,58.070793,0.717433,16083
11,6,4659,raspi4,cifar10,93.396670,22.249382,0.717433,16083
11,6,6918,raspi4,cifar10,87.000000,2.787590,0.717433,16083
11,6,7407,raspi4,cifar10,93.510000,24.855400,0.717433,16083
11,6,8426,raspi4,cifar10,93.840000,31.394428,0.717433,16083
11,6,8008,raspi4,cifar10,93.480000,22.571420,0.717433,16083
11,6,14677,raspi4,cifar10,88.670000,4.755260,0.717433,16083
11,6,2035,raspi4,cifar10,89.670000,4.984099,0.717433,16083
11,6,1099,raspi4,cifar10,92.240000,18.358124,0.717433,16083
11,6,4432,raspi4,cifar10,90.700000,7.290926,0.717433,16083
11,6,1962,raspi4,cifar10,86.530000,2.529453,0.717433,16083
11,6,8592,raspi4,cifar10,93.750000,25.477009,0.717433,16083
11,6,10275,raspi4,cifar10,91.080000,9.993188,0.717433,16083
11,6,2090,raspi4,cifar10,86.650000,2.558456,0.717433,16083
11,6,4689,raspi4,cifar10,90.720000,7.356712,0.717433,16083
11,6,1804,raspi4,cifar10,89.063330,4.791845,0.717433,16083
11,6,1894,raspi4,cifar10,92.110000,17.550644,0.717433,16083
11,6,1941,raspi4,cifar10,93.533330,25.121769,0.717433,16083
11,6,7058,raspi4,cifar10,92.040000,16.469465,0.717433,16083
11,6,4384,raspi4,cifar10,86.796670,2.759305,0.717433,16083
11,6,8323,raspi4,cifar10,90.870000,7.426308,0.717433,16083
11,6,11810,raspi4,cifar10,92.780000,18.619905,0.717433,16083
11,6,10412,raspi4,cifar10,93.530000,25.079220,0.717433,16083
11,6,2937,raspi4,cifar10,92.190000,17.768639,0.717433,16083
11,7,3953,edgegpu,cifar100,62.613335,1.757269,0.591157,16243
11,7,9922,edgegpu,cifar100,58.560000,1.428552,0.591157,16243
11,7,8912,edgegpu,cifar100,59.200000,1.441355,0.591157,16243
11,7,1038,edgegpu,cifar100,67.500000,1.758428,0.591157,16243
11,7,11067,edgegpu,cifar100,58.186670,1.427836,0.591157,16243
11,7,12415,edgegpu,cifar100,71.940000,4.828467,0.591157,16243
11,7,3888,edgegpu,cifar100,73.260000,6.797867,0.591157,16243
11,7,9930,edgegpu,cifar100,73.513336,6.803060,0.591157,16243
11,7,2778,edgegpu,cifar100,72.993330,6.134028,0.591157,16243
11,7,8401,edgegpu,cifar100,71.080000,3.302102,0.591157,16243
11,7,1509,edgegpu,cifar100,1.000000,0.505853,0.591157,16243
11,7,4418,edgegpu,cifar100,72.746666,5.352364,0.591157,16243
11,7,9997,edgegpu,cifar100,71.520000,3.466139,0.591157,16243
11,7,4954,edgegpu,cifar100,73.000000,6.669736,0.591157,16243
11,7,14677,edgegpu,cifar100,62.420000,1.746187,0.591157,16243
11,7,2304,edgegpu,cifar100,58.660000,1.440253,0.591157,16243
11,7,11885,edgegpu,cifar100,68.040000,1.776652,0.591157,16243
11,7,1425,edgegpu,cifar100,72.093330,5.310225,0.591157,16243
11,7,11810,edgegpu,cifar100,68.300000,1.779551,0.591157,16243
11,7,6124,edgegpu,cifar100,68.360000,3.185835,0.591157,16243
11,8,6946,edgetpu,cifar100,67.500000,0.486233,0.702132,16064
11,8,8401,edgetpu,cifar100,71.080000,0.728572,0.702132,16064
11,8,1943,edgetpu,cifar100,69.626660,0.634759,0.702132,16064
11,8,699,edgetpu,cifar100,72.240000,0.940479,0.702132,16064
11,8,1317,edgetpu,cifar100,72.566666,1.023844,0.702132,16064
11,8,1425,edgetpu,cifar100,72.093330,0.910660,0.702132,16064
11,8,9930,edgetpu,cifar100,73.513336,1.454107,0.702132,16064
11,8,3303,edgetpu,cifar100,62.420000,0.392593,0.702132,16064
11,8,5019,edgetpu,cifar100,58.880000,0.357058,0.702132,16064
11,8,4418,edgetpu,cifar100,72.746666,1.093699,0.702132,16064
11,8,5674,edgetpu,cifar100,67.850000,0.489972,0.702132,16064
11,8,777,edgetpu,cifar100,58.650000,0.355588,0.702132,16064
11,8,577,edgetpu,cifar100,69.680000,0.635228,0.702132,16064
11,8,12761,edgetpu,cifar100,72.860000,1.225212,0.702132,16064
11,8,12415,edgetpu,cifar100,71.940000,0.872299,0.702132,16064
11,8,6382,edgetpu,cifar100,69.533330,0.634724,0.702132,16064
11,8,14174,edgetpu,cifar100,72.646670,1.081678,0.702132,16064
11,8,857,edgetpu,cifar100,72.880000,1.264168,0.702132,16064
11,8,9997,edgetpu,cifar100,71.520000,0.729986,0.702132,16064
11,8,9689,edgetpu,cifar100,69.760000,0.636296,0.702132,16064
11,8,10000,edgetpu,cifar100,73.160000,1.283461,0.702132,16064
11,8,1110,edgetpu,cifar100,58.840000,0.355938,0.702132,16064
11,8,15137,edgetpu,cifar100,63.160000,0.393504,0.702132,16064
11,8,3888,edgetpu,cifar100,73.260000,1.316226,0.702132,16064
11,8,4977,edgetpu,cifar100,63.360000,0.398743,0.702132,16064
11,8,14945,edgetpu,cifar100,58.500000,0.354940,0.702132,16064
11,8,8638,edgetpu,cifar100,58.860000,0.356631,0.702132,16064
11,8,12607,edgetpu,cifar100,62.600000,0.392830,0.702132,16064
11,8,15363,edgetpu,cifar100,70.520000,0.676394,0.702132,16064
11,8,2705,edgetpu,cifar100,62.813330,0.393026,0.702132,16064
11,8,1383,edgetpu,cifar100,70.273330,0.673722,0.702132,16064
11,8,11810,edgetpu,cifar100,68.300000,0.492126,0.702132,16064
11,8,3487,edgetpu,cifar100,70.093330,0.637182,0.702132,16064
11,8,898,edgetpu,cifar100,70.000000,0.636860,0.702132,16064
11,8,69,edgetpu,cifar100,71.020000,0.727259,0.702132,16064
11,8,15224,edgetpu,cifar100,67.900000,0.491482,0.702132,16064
11,8,3811,edgetpu,cifar100,69.360000,0.634206,0.702132,16064
11,8,7760,edgetpu,cifar100,67.800000,0.489248,0.702132,16064
11,8,431,edgetpu,cifar100,67.626660,0.488557,0.702132,16064
11,8,4155,edgetpu,cifar100,62.306667,0.391442,0.702132,16064
11,9,14714,eyeriss,cifar100,71.280000,4.140160,0.480535,16536
11,9,3540,eyeriss,cifar100,71.500000,4.877440,0.480535,16536
11,9,14112,eyeriss,cifar100,68.386665,2.911360,0.480535,16536
11,9,9930,eyeriss,cifar100,73.513336,9.055360,0.480535,16536
11,9,4659,eyeriss,cifar100,70.060000,3.402880,0.480535,16536
11,9,3888,eyeriss,cifar100,73.260000,6.597760,0.480535,16536
11,9,12761,eyeriss,cifar100,72.860000,6.352000,0.480535,16536
11,9,11000,eyeriss,cifar100,71.180000,3.894400,0.480535,16536
11,9,5084,eyeriss,cifar100,58.813330,1.682560,0.480535,16536
11,9,11301,eyeriss,cifar100,68.220000,2.665600,0.480535,16536
11,9,10689,eyeriss,cifar100,67.500000,2.174080,0.480535,16536
11,9,5651,eyeriss,cifar100,64.690000,1.928320,0.480535,16536
11,9,12820,eyeriss,cifar100,67.720000,2.419840,0.480535,16536
11,9,12574,eyeriss,cifar100,72.740000,5.123200,0.480535,16536
11,9,6787,eyeriss,cifar100,70.720000,3.648640,0.480535,16536
11,10,6787,fpga,cifar100,70.720000,3.420960,0.488633,16352
11,10,7250,fpga,cifar100,67.706665,2.390560,0.488633,16352
11,10,12574,fpga,cifar100,72.740000,4.678560,0.488633,16352
11,10,9997,fpga,cifar100,71.520000,4.572960,0.488633,16352
11,10,12761,fpga,cifar100,72.860000,5.420960,0.488633,16352
11,10,5084,fpga,cifar100,58.813330,1.132960,0.488633,16352
11,10,9930,fpga,cifar100,73.513336,7.420960,0.488633,16352
11,10,898,fpga,cifar100,70.000000,2.905760,0.488633,16352
11,10,3888,fpga,cifar100,73.260000,5.936160,0.488633,16352
11,10,3540,fpga,cifar100,71.500000,4.163360,0.488633,16352
11,10,69,fpga,cifar100,71.020000,3.648160,0.488633,16352
11,10,11979,fpga,cifar100,68.000000,2.800160,0.488633,16352
11,10,12820,fpga,cifar100,67.720000,2.678560,0.488633,16352
11,10,10689,fpga,cifar100,67.500000,2.163360,0.488633,16352
11,10,6925,fpga,cifar100,71.220000,3.936160,0.488633,16352
11,10,5033,fpga,cifar100,59.060000,1.542560,0.488633,16352
11,10,4249,fpga,cifar100,65.080000,2.057760,0.488633,16352
11,10,3687,fpga,cifar100,64.460000,1.648160,0.488633,16352
11,11,12574,pixel3,cifar100,72.740000,16.473900,0.629143,15978
11,11,11000,pixel3,cifar100,71.180000,10.677600,0.629143,15978
11,11,9930,pixel3,cifar100,73.513336,42.003600,0.629143,15978
11,11,699,pixel3,cifar100,72.240000,12.079400,0.629143,15978
11,11,4432,pixel3,cifar100,66.486664,3.105870,0.629143,15978
11,11,857,pixel3,cifar100,72.880000,19.113200,0.629143,15978
11,11,3983,pixel3,cifar100,64.293335,2.372440,0.629143,15978
11,11,4659,pixel3,cifar100,70.060000,9.026280,0.629143,15978
11,11,8912,pixel3,cifar100,59.200000,1.478790,0.629143,15978
11,11,12639,pixel3,cifar100,68.000000,5.704280,0.629143,15978
11,11,485,pixel3,cifar100,67.593330,4.124800,0.629143,15978
11,11,6294,pixel3,cifar100,66.973335,3.112950,0.629143,15978
11,11,894,pixel3,cifar100,61.933334,1.581120,0.629143,15978
11,11,6899,pixel3,cifar100,67.080000,3.983530,0.629143,15978
11,11,1631,pixel3,cifar100,63.986668,1.805000,0.629143,15978
11,11,3776,pixel3,cifar100,66.920000,3.109320,0.629143,15978
11,11,5651,pixel3,cifar100,64.690000,2.376870,0.629143,15978
11,11,10042,pixel3,cifar100,64.880000,2.794690,0.629143,15978
11,11,1459,pixel3,cifar100,73.140000,23.437900,0.629143,15978
11,11,6337,pixel3,cifar100,1.000000,0.008753,0.629143,15978
11,11,3888,pixel3,cifar100,73.260000,23.477200,0.629143,15978
11,11,1090,pixel3,cifar100,65.220000,2.811310,0.629143,15978
11,11,8638,pixel3,cifar100,58.860000,1.478570,0.629143,15978
11,11,978,pixel3,cifar100,64.180000,2.372340,0.629143,15978
11,11,1409,pixel3,cifar100,58.853333,1.275090,0.629143,15978
11,11,2369,pixel3,cifar100,70.273330,9.886420,0.629143,15978
11,11,689,pixel3,cifar100,70.330000,10.595100,0.629143,15978
11,11,1357,pixel3,cifar100,67.480000,3.998260,0.629143,15978
11,11,657,pixel3,cifar100,58.233334,1.233070,0.629143,15978
11,11,898,pixel3,cifar100,70.000000,6.516140,0.629143,15978
11,11,14112,pixel3,cifar100,68.386665,5.745320,0.629143,15978
11,12,9930,raspi4,cifar100,73.513336,71.152000,0.656255,15928
11,12,6918,raspi4,cifar100,58.800000,2.571364,0.656255,15928
11,12,355,raspi4,cifar100,69.860000,20.791758,0.656255,15928
11,12,3888,raspi4,cifar100,73.260000,55.029520,0.656255,15928
11,12,14811,raspi4,cifar100,69.680000,20.361189,0.656255,15928
11,12,14612,raspi4,cifar100,58.720000,2.563505,0.656255,15928
11,12,485,raspi4,cifar100,67.593330,14.719852,0.656255,15928
11,12,12915,raspi4,cifar100,66.950000,7.226311,0.656255,15928
11,12,12574,raspi4,cifar100,72.740000,36.371254,0.656255,15928
11,12,7115,raspi4,cifar100,68.160000,14.756705,0.656255,15928
11,12,15363,raspi4,cifar100,70.520000,21.809430,0.656255,15928
11,12,9271,raspi4,cifar100,63.400000,4.800893,0.656255,15928
11,12,375,raspi4,cifar100,64.440000,5.099302,0.656255,15928
11,12,4418,raspi4,cifar100,72.746666,47.162354,0.656255,15928
11,12,8740,raspi4,cifar100,1.000000,0.015215,0.656255,15928
11,12,15589,raspi4,cifar100,59.060000,2.795078,0.656255,15928
11,12,1939,raspi4,cifar100,70.760000,24.555029,0.656255,15928
11,12,12761,raspi4,cifar100,72.860000,53.718200,0.656255,15928
11,12,3487,raspi4,cifar100,70.093330,21.603350,0.656255,15928
11,12,8720,raspi4,cifar100,64.130000,5.082239,0.656255,15928
11,12,10042,raspi4,cifar100,64.880000,5.100886,0.656255,15928
11,12,2058,raspi4,cifar100,69.613335,20.052132,0.656255,15928
11,12,9997,raspi4,cifar100,71.520000,34.996710,0.656255,15928
11,12,2035,raspi4,cifar100,63.926666,5.005698,0.656255,15928
11,12,2222,raspi4,cifar100,58.313330,2.538255,0.656255,15928
11,12,1459,raspi4,cifar100,73.140000,53.879950,0.656255,15928
11,12,6787,raspi4,cifar100,70.720000,23.081835,0.656255,15928
11,12,6822,raspi4,cifar100,58.426666,2.558594,0.656255,15928
11,12,7030,raspi4,cifar100,69.600000,19.218203,0.656255,15928
11,12,11653,raspi4,cifar100,67.000000,9.786123,0.656255,15928
11,12,10222,raspi4,cifar100,58.860000,2.747804,0.656255,15928
11,12,898,raspi4,cifar100,70.000000,21.506163,0.656255,15928
11,12,14714,raspi4,cifar100,71.280000,24.692347,0.656255,15928
11,12,8912,raspi4,cifar100,59.200000,2.818969,0.656255,15928
11,12,4806,raspi4,cifar100,62.270000,4.787734,0.656255,15928
11,12,9895,raspi4,cifar100,69.400000,19.211880,0.656255,15928
11,12,1113,raspi4,cifar100,67.440000,12.254540,0.656255,15928
11,12,13430,raspi4,cifar100,66.700000,7.203785,0.656255,15928
11,12,10275,raspi4,cifar100,67.060000,9.839916,0.656255,15928
11,12,15246,raspi4,cifar100,66.966670,7.350053,0.656255,15928
11,13,14612,edgegpu,ImageNet16-120,28.488890,1.434064,0.623181,16332
11,13,12415,edgegpu,ImageNet16-120,46.566666,4.667692,0.623181,16332
11,13,5374,edgegpu,ImageNet16-120,46.766666,5.294285,0.623181,16332
11,13,857,edgegpu,ImageNet16-120,47.311110,6.707663,0.623181,16332
11,13,15383,edgegpu,ImageNet16-120,47.033333,6.262836,0.623181,16332
11,13,14840,edgegpu,ImageNet16-120,45.311110,4.224715,0.623181,16332
11,13,9722,edgegpu,ImageNet16-120,44.000000,3.327813,0.623181,16332
11,13,8401,edgegpu,ImageNet16-120,43.833332,3.322444,0.623181,16332
11,13,15159,edgegpu,ImageNet16-120,45.566666,4.632421,0.623181,16332
11,13,15376,edgegpu,ImageNet16-120,0.833333,0.533953,0.623181,16332
11,13,4946,edgegpu,ImageNet16-120,44.700000,3.490419,0.623181,16332
11,13,8426,edgegpu,ImageNet16-120,44.633335,3.370147,0.623181,16332
11,13,14117,edgegpu,ImageNet16-120,28.677778,1.435547,0.623181,16332
11,13,4988,edgegpu,ImageNet16-120,28.933332,1.448212,0.623181,16332
11,13,15288,edgegpu,ImageNet16-120,28.422222,1.417041,0.623181,16332
11,13,6950,edgegpu,ImageNet16-120,38.700000,1.740150,0.623181,16332
11,13,8884,edgegpu,ImageNet16-120,45.033333,3.499999,0.623181,16332
11,13,5751,edgegpu,ImageNet16-120,40.044445,2.434626,0.623181,16332
11,13,5477,edgegpu,ImageNet16-120,38.977780,1.744175,0.623181,16332
11,13,4160,edgegpu,ImageNet16-120,39.833332,1.756272,0.623181,16332
11,13,1164,edgegpu,ImageNet16-120,28.522223,1.435223,0.623181,16332
11,13,4587,edgegpu,ImageNet16-120,28.800000,1.445131,0.623181,16332
11,13,2650,edgegpu,ImageNet16-120,42.433334,3.309817,0.623181,16332
11,13,10947,edgegpu,ImageNet16-120,39.944443,1.909800,0.623181,16332
11,13,4332,edgegpu,ImageNet16-120,39.444443,1.745496,0.623181,16332
11,14,14677,edgetpu,ImageNet16-120,33.233334,0.364575,0.580149,16166
11,14,7357,edgetpu,ImageNet16-120,44.666668,0.600498,0.580149,16166
11,14,4160,edgetpu,ImageNet16-120,39.833332,0.430355,0.580149,16166
11,14,12415,edgetpu,ImageNet16-120,46.566666,0.710906,0.580149,16166
11,14,13931,edgetpu,ImageNet16-120,28.788889,0.360349,0.580149,16166
11,14,8447,edgetpu,ImageNet16-120,40.011112,0.514586,0.580149,16166
11,14,10332,edgetpu,ImageNet16-120,40.033333,0.516152,0.580149,16166
11,14,9689,edgetpu,ImageNet16-120,42.533333,0.549702,0.580149,16166
11,14,11079,edgetpu,ImageNet16-120,43.566666,0.552430,0.580149,16166
11,14,3540,edgetpu,ImageNet16-120,45.122223,0.648670,0.580149,16166
11,14,11885,edgetpu,ImageNet16-120,39.166668,0.427395,0.580149,16166
11,14,7396,edgetpu,ImageNet16-120,40.177776,0.517218,0.580149,16166
11,14,8884,edgetpu,ImageNet16-120,45.033333,0.615792,0.580149,16166
11,14,13769,edgetpu,ImageNet16-120,41.555557,0.549360,0.580149,16166
11,14,4830,edgetpu,ImageNet16-120,42.233334,0.549457,0.580149,16166
11,14,15363,edgetpu,ImageNet16-120,44.333332,0.582280,0.580149,16166
11,14,4627,edgetpu,ImageNet16-120,43.500000,0.552306,0.580149,16166
11,14,5674,edgetpu,ImageNet16-120,39.650000,0.428605,0.580149,16166
11,14,6407,edgetpu,ImageNet16-120,32.333332,0.363748,0.580149,16166
11,14,13972,edgetpu,ImageNet16-120,31.933332,0.363440,0.580149,16166
11,14,857,edgetpu,ImageNet16-120,47.311110,0.997730,0.580149,16166
11,14,5530,edgetpu,ImageNet16-120,42.577778,0.549937,0.580149,16166
11,14,7273,edgetpu,ImageNet16-120,42.966667,0.550014,0.580149,16166
11,14,7750,edgetpu,ImageNet16-120,43.066666,0.551617,0.580149,16166
11,14,15383,edgetpu,ImageNet16-120,47.033333,0.780914,0.580149,16166
11,14,15014,edgetpu,ImageNet16-120,28.266666,0.358110,0.580149,16166
11,15,2835,eyeriss,ImageNet16-120,38.222220,0.545920,0.454944,16400
11,15,8008,eyeriss,ImageNet16-120,43.500000,0.853120,0.454944,16400
11,15,4988,eyeriss,ImageNet16-120,28.933332,0.423040,0.454944,16400
11,15,857,eyeriss,ImageNet16-120,47.311110,1.651840,0.454944,16400
11,15,4829,eyeriss,ImageNet16-120,34.200000,0.484480,0.454944,16400
11,15,8853,eyeriss,ImageNet16-120,45.600000,1.037440,0.454944,16400
11,15,15383,eyeriss,ImageNet16-120,47.033333,1.283200,0.454944,16400
11,15,6787,eyeriss,ImageNet16-120,44.400000,0.914560,0.454944,16400
11,15,5487,eyeriss,ImageNet16-120,38.500000,0.607360,0.454944,16400
11,15,1939,eyeriss,ImageNet16-120,45.077778,0.976000,0.454944,16400
11,15,14417,eyeriss,ImageNet16-120,45.900000,1.098880,0.454944,16400
11,15,6854,eyeriss,ImageNet16-120,40.800000,0.668800,0.454944,16400
11,15,479,eyeriss,ImageNet16-120,38.500000,0.607360,0.454944,16400
11,16,14748,fpga,ImageNet16-120,44.900000,0.995200,0.536794,16299
11,16,12639,fpga,ImageNet16-120,40.400000,0.809120,0.536794,16299
11,16,15446,fpga,ImageNet16-120,45.766666,1.116320,0.536794,16299
11,16,6787,fpga,ImageNet16-120,44.400000,0.969600,0.536794,16299
11,16,4988,fpga,ImageNet16-120,28.933332,0.284320,0.536794,16299
11,16,11079,fpga,ImageNet16-120,43.566666,0.902400,0.536794,16299
11,16,1939,fpga,ImageNet16-120,45.077778,1.062400,0.536794,16299
11,16,8008,fpga,ImageNet16-120,43.500000,0.876800,0.536794,16299
11,16,5793,fpga,ImageNet16-120,35.033333,0.517920,0.536794,16299
11,16,857,fpga,ImageNet16-120,47.311110,2.038400,0.536794,16299
11,16,2835,fpga,ImageNet16-120,38.222220,0.546720,0.536794,16299
11,16,5487,fpga,ImageNet16-120,38.500000,0.677920,0.536794,16299
11,16,15383,fpga,ImageNet16-120,47.033333,1.504000,0.536794,16299
11,16,4179,fpga,ImageNet16-120,38.433334,0.649120,0.536794,16299
11,16,4829,fpga,ImageNet16-120,34.200000,0.415520,0.536794,16299
11,16,11593,fpga,ImageNet16-120,40.166668,0.780320,0.536794,16299
11,16,6519,fpga,ImageNet16-120,40.183334,0.784000,0.536794,16299
11,17,479,pixel3,ImageNet16-120,38.500000,1.108070,0.690330,15938
11,17,7187,pixel3,ImageNet16-120,28.683332,0.425223,0.690330,15938
11,17,13756,pixel3,ImageNet16-120,0.833333,0.005289,0.690330,15938
11,17,2002,pixel3,ImageNet16-120,32.277780,0.617751,0.690330,15938
11,17,872,pixel3,ImageNet16-120,41.777780,2.465030,0.690330,15938
11,17,857,pixel3,ImageNet16-120,47.311110,6.686850,0.690330,15938
11,17,10154,pixel3,ImageNet16-120,46.133335,4.783700,0.690330,15938
11,17,2018,pixel3,ImageNet16-120,46.433334,4.949210,0.690330,15938
11,17,3728,pixel3,ImageNet16-120,28.500000,0.422880,0.690330,15938
11,17,4627,pixel3,ImageNet16-120,43.500000,2.479640,0.690330,15938
11,17,15383,pixel3,ImageNet16-120,47.033333,5.191720,0.690330,15938
11,17,1425,pixel3,ImageNet16-120,45.977780,4.619290,0.690330,15938
11,17,12424,pixel3,ImageNet16-120,43.133330,2.470150,0.690330,15938
11,17,1939,pixel3,ImageNet16-120,45.077778,3.021500,0.690330,15938
11,17,10382,pixel3,ImageNet16-120,37.733334,0.866875,0.690330,15938
11,17,249,pixel3,ImageNet16-120,43.577778,2.720310,0.690330,15938
11,17,1549,pixel3,ImageNet16-120,28.655556,0.424747,0.690330,15938
11,17,8584,pixel3,ImageNet16-120,34.088890,0.664046,0.690330,15938
11,17,4409,pixel3,ImageNet16-120,37.722220,0.862979,0.690330,15938
11,17,12103,pixel3,ImageNet16-120,28.250000,0.422433,0.690330,15938
11,17,10888,pixel3,ImageNet16-120,28.333334,0.422652,0.690330,15938
11,17,12639,pixel3,ImageNet16-120,40.400000,1.304440,0.690330,15938
11,17,6014,pixel3,ImageNet16-120,28.533333,0.423391,0.690330,15938
11,17,4004,pixel3,ImageNet16-120,42.811110,2.467510,0.690330,15938
11,17,6854,pixel3,ImageNet16-120,40.800000,1.621620,0.690330,15938
11,17,2835,pixel3,ImageNet16-120,38.222220,0.868646,0.690330,15938
11,17,12466,pixel3,ImageNet16-120,46.100000,4.680280,0.690330,15938
11,17,4895,pixel3,ImageNet16-120,33.200000,0.619070,0.690330,15938
11,17,8853,pixel3,ImageNet16-120,45.600000,3.554540,0.690330,15938
11,17,11000,pixel3,ImageNet16-120,44.866665,2.962520,0.690330,15938
11,17,4988,pixel3,ImageNet16-120,28.933332,0.485996,0.690330,15938
11,17,9805,pixel3,ImageNet16-120,34.133335,0.791370,0.690330,15938
11,17,10412,pixel3,ImageNet16-120,43.733334,2.753550,0.690330,15938
11,17,1110,pixel3,ImageNet16-120,28.600000,0.423927,0.690330,15938
11,17,14417,pixel3,ImageNet16-120,45.900000,4.143030,0.690330,15938
11,18,8584,raspi4,ImageNet16-120,34.088890,1.586268,0.794651,16074
11,18,13097,raspi4,ImageNet16-120,39.655556,3.097133,0.794651,16074
11,18,4627,raspi4,ImageNet16-120,43.500000,3.811407,0.794651,16074
11,18,933,raspi4,ImageNet16-120,0.833333,0.011514,0.794651,16074
11,18,2779,raspi4,ImageNet16-120,37.355556,2.190654,0.794651,16074
11,18,6336,raspi4,ImageNet16-120,39.366665,3.073392,0.794651,16074
11,18,14990,raspi4,ImageNet16-120,43.888890,4.624598,0.794651,16074
11,18,7955,raspi4,ImageNet16-120,39.388890,3.082832,0.794651,16074
11,18,1413,raspi4,ImageNet16-120,42.711113,3.788479,0.794651,16074
11,18,12279,raspi4,ImageNet16-120,39.555557,3.091751,0.794651,16074
11,18,41,raspi4,ImageNet16-120,32.388890,1.528043,0.794651,16074
11,18,10835,raspi4,ImageNet16-120,45.233334,6.632419,0.794651,16074
11,18,9586,raspi4,ImageNet16-120,46.933334,11.730493,0.794651,16074
11,18,14792,raspi4,ImageNet16-120,43.033333,3.792447,0.794651,16074
11,18,8884,raspi4,ImageNet16-120,45.033333,5.293177,0.794651,16074
11,18,5973,raspi4,ImageNet16-120,40.100000,3.159922,0.794651,16074
11,18,8426,raspi4,ImageNet16-120,44.633335,5.288439,0.794651,16074
11,18,5455,raspi4,ImageNet16-120,32.611110,1.532377,0.794651,16074
11,18,4988,raspi4,ImageNet16-120,28.933332,1.003251,0.794651,16074
11,18,10797,raspi4,ImageNet16-120,28.033333,0.946706,0.794651,16074
11,18,219,raspi4,ImageNet16-120,42.500000,3.768475,0.794651,16074
11,18,6519,raspi4,ImageNet16-120,40.183334,3.212652,0.794651,16074
11,18,10699,raspi4,ImageNet16-120,46.833332,9.167005,0.794651,16074
11,18,5530,raspi4,ImageNet16-120,42.577778,3.785925,0.794651,16074
11,18,9149,raspi4,ImageNet16-120,46.900000,10.889383,0.794651,16074
11,18,6854,raspi4,ImageNet16-120,40.800000,3.661016,0.794651,16074
11,18,572,raspi4,ImageNet16-120,43.577778,4.535235,0.794651,16074
11,18,13931,raspi4,ImageNet16-120,28.788889,0.956195,0.794651,16074
11,18,9032,raspi4,ImageNet16-120,38.016666,2.201532,0.794651,16074
11,18,11584,raspi4,ImageNet16-120,46.666668,8.014434,0.794651,16074
11,18,3431,raspi4,ImageNet16-120,32.966667,1.536690,0.794651,16074
11,18,13059,raspi4,ImageNet16-120,34.266666,1.595651,0.794651,16074
11,18,4995,raspi4,ImageNet16-120,42.166668,3.766336,0.794651,16074
11,18,13389,raspi4,ImageNet16-120,39.800000,3.158450,0.794651,16074
11,18,12424,raspi4,ImageNet16-120,43.133330,3.805729,0.794651,16074
11,18,8323,raspi4,ImageNet16-120,38.033333,2.287984,0.794651,16074
11,18,12505,raspi4,ImageNet16-120,39.283333,3.062432,0.794651,16074
11,18,13771,raspi4,ImageNet16-120,32.744446,1.533813,0.794651,16074
11,18,8736,raspi4,ImageNet16-120,45.700000,6.658077,0.794651,16074
11,18,3960,raspi4,ImageNet16-120,37.755554,2.197980,0.794651,16074
11,18,12358,raspi4,ImageNet16-120,34.055557,1.582727,0.794651,16074
11,18,12639,raspi4,ImageNet16-120,40.400000,3.628959,0.794651,16074
11,18,7227,raspi4,ImageNet16-120,32.533333,1.530737,0.794651,16074
11,18,5637,raspi4,ImageNet16-120,33.933334,1.580707,0.794651,16074
11,18,3782,raspi4,ImageNet16-120,41.866665,3.755286,0.794651,16074
11,18,14677,raspi4,ImageNet16-120,33.233334,1.537227,0.794651,16074
11,18,2018,raspi4,ImageNet16-120,46.433334,7.482383,0.794651,16074
11,18,8768,raspi4,ImageNet16-120,45.066666,6.333859,0.794651,16074
11,18,14816,raspi4,ImageNet16-120,39.466667,3.088495,0.794651,16074
11,18,1204,raspi4,ImageNet16-120,37.844444,2.199356,0.794651,16074
12,1,5400,edgegpu,cifar10,86.630000,1.427460,0.542490,16323
12,1,10484,edgegpu,cifar10,93.810000,3.354015,0.542490,16323
12,1,11692,edgegpu,cifar10,94.130000,4.708362,0.542490,16323
12,1,2776,edgegpu,cifar10,93.666664,3.331194,0.542490,16323
12,1,1339,edgegpu,cifar10,92.136665,1.751881,0.542490,16323
12,1,6960,edgegpu,cifar10,92.280000,1.764450,0.542490,16323
12,1,561,edgegpu,cifar10,86.880000,1.451068,0.542490,16323
12,1,13401,edgegpu,cifar10,87.010000,1.457009,0.542490,16323
12,1,9099,edgegpu,cifar10,93.940000,3.357520,0.542490,16323
12,1,13714,edgegpu,cifar10,94.373340,6.772180,0.542490,16323
12,1,2053,edgegpu,cifar10,94.206665,5.482254,0.542490,16323
12,1,15200,edgegpu,cifar10,10.000000,0.501385,0.542490,16323
12,1,6950,edgegpu,cifar10,92.000000,1.738467,0.542490,16323
12,1,5292,edgegpu,cifar10,94.293335,6.663151,0.542490,16323
12,1,1459,edgegpu,cifar10,94.296670,6.748991,0.542490,16323
12,1,14527,edgegpu,cifar10,86.765000,1.439619,0.542490,16323
12,1,6330,edgegpu,cifar10,94.006670,4.384699,0.542490,16323
12,1,5780,edgegpu,cifar10,93.980000,3.361888,0.542490,16323
12,1,11438,edgegpu,cifar10,92.500000,1.846719,0.542490,16323
12,1,1549,edgegpu,cifar10,86.710000,1.436324,0.542490,16323
12,1,14567,edgegpu,cifar10,92.610000,3.314986,0.542490,16323
12,2,8192,edgetpu,cifar10,93.093330,0.627745,0.670506,16438
12,2,13714,edgetpu,cifar10,94.373340,1.377865,0.670506,16438
12,2,797,edgetpu,cifar10,93.280000,0.627996,0.670506,16438
12,2,4438,edgetpu,cifar10,92.270000,0.481473,0.670506,16438
12,2,1005,edgetpu,cifar10,89.183334,0.392518,0.670506,16438
12,2,2053,edgetpu,cifar10,94.206665,1.042178,0.670506,16438
12,2,4675,edgetpu,cifar10,89.200000,0.395661,0.670506,16438
12,2,9271,edgetpu,cifar10,89.250000,0.396381,0.670506,16438
12,2,5111,edgetpu,cifar10,94.306660,1.152010,0.670506,16438
12,2,5780,edgetpu,cifar10,93.980000,0.723967,0.670506,16438
12,2,6382,edgetpu,cifar10,93.376660,0.628638,0.670506,16438
12,2,10167,edgetpu,cifar10,92.020000,0.481180,0.670506,16438
12,2,3731,edgetpu,cifar10,94.343330,1.282820,0.670506,16438
12,2,2485,edgetpu,cifar10,86.700000,0.346546,0.670506,16438
12,2,9689,edgetpu,cifar10,93.370000,0.628386,0.670506,16438
12,2,3927,edgetpu,cifar10,93.626660,0.723268,0.670506,16438
12,2,6515,edgetpu,cifar10,93.616670,0.722858,0.670506,16438
12,2,11438,edgetpu,cifar10,92.500000,0.482393,0.670506,16438
12,2,6584,edgetpu,cifar10,94.160000,0.888877,0.670506,16438
12,2,11810,edgetpu,cifar10,92.780000,0.482879,0.670506,16438
12,2,11692,edgetpu,cifar10,94.130000,0.761100,0.670506,16438
12,2,5647,edgetpu,cifar10,89.110000,0.389378,0.670506,16438
12,2,15000,edgetpu,cifar10,92.400000,0.481741,0.670506,16438
12,2,9950,edgetpu,cifar10,93.840000,0.723767,0.670506,16438
12,2,7017,edgetpu,cifar10,86.970000,0.353089,0.670506,16438
12,3,13987,eyeriss,cifar10,93.596664,3.645620,0.463928,16360
12,3,13611,eyeriss,cifar10,92.490000,3.154100,0.463928,16360
12,3,4384,eyeriss,cifar10,86.796670,1.679540,0.463928,16360
12,3,6111,eyeriss,cifar10,94.373340,7.823540,0.463928,16360
12,3,11692,eyeriss,cifar10,94.130000,4.874420,0.463928,16360
12,3,8323,eyeriss,cifar10,90.870000,2.171060,0.463928,16360
12,3,11472,eyeriss,cifar10,93.970000,4.628660,0.463928,16360
12,3,3731,eyeriss,cifar10,94.343330,6.594740,0.463928,16360
12,3,8008,eyeriss,cifar10,93.480000,3.399860,0.463928,16360
12,3,5111,eyeriss,cifar10,94.306660,5.365940,0.463928,16360
12,3,8592,eyeriss,cifar10,93.750000,3.891380,0.463928,16360
12,3,6854,eyeriss,cifar10,91.040000,2.662580,0.463928,16360
12,3,3687,eyeriss,cifar10,89.820000,1.925300,0.463928,16360
12,3,14112,eyeriss,cifar10,91.296670,2.908340,0.463928,16360
12,4,6111,fpga,cifar10,94.373340,6.678560,0.502239,16141
12,4,13714,fpga,cifar10,94.373340,6.678560,0.502239,16141
12,4,6584,fpga,cifar10,94.160000,4.163360,0.502239,16141
12,4,3731,fpga,cifar10,94.343330,5.936160,0.502239,16141
12,4,5111,fpga,cifar10,94.306660,5.193760,0.502239,16141
12,4,10412,fpga,cifar10,93.530000,3.420960,0.502239,16141
12,4,12438,fpga,cifar10,89.875000,1.648160,0.502239,16141
12,4,4384,fpga,cifar10,86.796670,1.132960,0.502239,16141
12,4,10431,fpga,cifar10,87.000000,1.542560,0.502239,16141
12,4,8008,fpga,cifar10,93.480000,2.905760,0.502239,16141
12,4,8323,fpga,cifar10,90.870000,2.163360,0.502239,16141
12,4,13611,fpga,cifar10,92.490000,2.390560,0.502239,16141
12,4,11472,fpga,cifar10,93.970000,3.648160,0.502239,16141
12,5,6434,pixel3,cifar10,91.080000,4.811140,0.870128,16053
12,5,7017,pixel3,cifar10,86.970000,1.403930,0.870128,16053
12,5,1941,pixel3,cifar10,93.533330,9.128690,0.870128,16053
12,5,6999,pixel3,cifar10,93.820000,12.260900,0.870128,16053
12,5,6382,pixel3,cifar10,93.376660,7.048190,0.870128,16053
12,5,1497,pixel3,cifar10,86.556660,1.056630,0.870128,16053
12,5,1425,pixel3,cifar10,93.933334,12.536500,0.870128,16053
12,5,12139,pixel3,cifar10,90.660000,3.098500,0.870128,16053
12,5,2018,pixel3,cifar10,94.063330,14.960500,0.870128,16053
12,5,4627,pixel3,cifar10,93.270000,7.036050,0.870128,16053
12,5,13171,pixel3,cifar10,93.530000,7.717220,0.870128,16053
12,5,4731,pixel3,cifar10,90.360000,2.573470,0.870128,16053
12,5,12820,pixel3,cifar10,90.880000,3.982790,0.870128,16053
12,5,11972,pixel3,cifar10,91.510000,5.627010,0.870128,16053
12,5,5111,pixel3,cifar10,94.306660,17.584600,0.870128,16053
12,5,11692,pixel3,cifar10,94.130000,15.490100,0.870128,16053
12,5,5149,pixel3,cifar10,92.090000,5.987440,0.870128,16053
12,5,6111,pixel3,cifar10,94.373340,23.584800,0.870128,16053
12,5,1804,pixel3,cifar10,89.063330,1.579900,0.870128,16053
12,5,3731,pixel3,cifar10,94.343330,23.361300,0.870128,16053
12,5,3385,pixel3,cifar10,93.990000,13.656500,0.870128,16053
12,5,8695,pixel3,cifar10,94.220000,17.564500,0.870128,16053
12,5,8836,pixel3,cifar10,92.220000,6.313990,0.870128,16053
12,5,6918,pixel3,cifar10,87.000000,1.478790,0.870128,16053
12,5,6863,pixel3,cifar10,86.740000,1.229320,0.870128,16053
12,5,13846,pixel3,cifar10,90.720000,3.099760,0.870128,16053
12,5,6985,pixel3,cifar10,89.940000,2.367450,0.870128,16053
12,5,8323,pixel3,cifar10,90.870000,3.106420,0.870128,16053
12,5,2035,pixel3,cifar10,89.670000,1.706480,0.870128,16053
12,5,13987,pixel3,cifar10,93.596664,9.922680,0.870128,16053
12,5,7001,pixel3,cifar10,10.000000,0.003277,0.870128,16053
12,5,1943,pixel3,cifar10,93.116670,6.492030,0.870128,16053
12,5,6470,pixel3,cifar10,92.000000,5.826540,0.870128,16053
12,5,12970,pixel3,cifar10,90.970000,4.723840,0.870128,16053
12,5,6957,pixel3,cifar10,90.400000,3.086110,0.870128,16053
12,5,4554,pixel3,cifar10,86.670000,1.114880,0.870128,16053
12,5,12452,pixel3,cifar10,91.350000,5.590110,0.870128,16053
12,5,78,pixel3,cifar10,91.933334,5.807870,0.870128,16053
12,5,4398,pixel3,cifar10,92.073330,5.828150,0.870128,16053
12,5,1781,pixel3,cifar10,89.883330,1.712020,0.870128,16053
12,5,13430,pixel3,cifar10,90.580000,3.086360,0.870128,16053
12,5,8592,pixel3,cifar10,93.750000,10.769800,0.870128,16053
12,5,9230,pixel3,cifar10,86.580000,1.056760,0.870128,16053
12,5,6358,pixel3,cifar10,92.136665,6.066150,0.870128,16053
12,6,12504,raspi4,cifar10,92.130000,16.890614,0.696978,15986
12,6,9380,raspi4,cifar10,89.335000,4.875613,0.696978,15986
12,6,10412,raspi4,cifar10,93.530000,25.079220,0.696978,15986
12,6,5111,raspi4,cifar10,94.306660,41.756905,0.696978,15986
12,6,1690,raspi4,cifar10,86.646670,2.536549,0.696978,15986
12,6,8592,raspi4,cifar10,93.750000,25.477009,0.696978,15986
12,6,6382,raspi4,cifar10,93.376660,21.461164,0.696978,15986
12,6,15288,raspi4,cifar10,86.660000,2.557443,0.696978,15986
12,6,9394,raspi4,cifar10,86.670000,2.752290,0.696978,15986
12,6,6584,raspi4,cifar10,94.160000,38.818527,0.696978,15986
12,6,5915,raspi4,cifar10,86.846664,2.776470,0.696978,15986
12,6,3496,raspi4,cifar10,89.763336,5.172737,0.696978,15986
12,6,12297,raspi4,cifar10,88.890000,4.792384,0.696978,15986
12,6,1781,raspi4,cifar10,89.883330,5.961801,0.696978,15986
12,6,5780,raspi4,cifar10,93.980000,34.928463,0.696978,15986
12,6,3073,raspi4,cifar10,88.980000,4.813324,0.696978,15986
12,6,11088,raspi4,cifar10,92.200000,18.435175,0.696978,15986
12,6,1941,raspi4,cifar10,93.533330,25.121769,0.696978,15986
12,6,8008,raspi4,cifar10,93.480000,22.571420,0.696978,15986
12,6,6111,raspi4,cifar10,94.373340,68.404106,0.696978,15986
12,6,3731,raspi4,cifar10,94.343330,58.070793,0.696978,15986
12,6,11692,raspi4,cifar10,94.130000,37.583630,0.696978,15986
12,6,6953,raspi4,cifar10,91.990000,15.601654,0.696978,15986
12,6,2937,raspi4,cifar10,92.190000,17.768639,0.696978,15986
12,6,14677,raspi4,cifar10,88.670000,4.755260,0.696978,15986
12,6,6918,raspi4,cifar10,87.000000,2.787590,0.696978,15986
12,6,12639,raspi4,cifar10,90.990000,11.857850,0.696978,15986
12,6,13611,raspi4,cifar10,92.490000,18.523302,0.696978,15986
12,6,11810,raspi4,cifar10,92.780000,18.619905,0.696978,15986
12,6,9980,raspi4,cifar10,10.000000,0.011284,0.696978,15986
12,6,7058,raspi4,cifar10,92.040000,16.469465,0.696978,15986
12,6,8323,raspi4,cifar10,90.870000,7.426308,0.696978,15986
12,6,8426,raspi4,cifar10,93.840000,31.394428,0.696978,15986
12,6,8873,raspi4,cifar10,89.050000,4.839358,0.696978,15986
12,6,2035,raspi4,cifar10,89.670000,4.984099,0.696978,15986
12,6,4432,raspi4,cifar10,90.700000,7.290926,0.696978,15986
12,6,2058,raspi4,cifar10,93.270000,19.484835,0.696978,15986
12,6,4659,raspi4,cifar10,93.396670,22.249382,0.696978,15986
12,6,13829,raspi4,cifar10,92.193340,18.405771,0.696978,15986
12,7,12238,edgegpu,cifar100,67.240000,1.772847,0.526507,16249
12,7,2778,edgegpu,cifar100,72.993330,6.134028,0.526507,16249
12,7,9930,edgegpu,cifar100,73.513336,6.803060,0.526507,16249
12,7,1509,edgegpu,cifar100,1.000000,0.505853,0.526507,16249
12,7,11885,edgegpu,cifar100,68.040000,1.776652,0.526507,16249
12,7,4954,edgegpu,cifar100,73.000000,6.669736,0.526507,16249
12,7,8401,edgegpu,cifar100,71.080000,3.302102,0.526507,16249
12,7,9922,edgegpu,cifar100,58.560000,1.428552,0.526507,16249
12,7,4418,edgegpu,cifar100,72.746666,5.352364,0.526507,16249
12,7,2304,edgegpu,cifar100,58.660000,1.440253,0.526507,16249
12,7,12415,edgegpu,cifar100,71.940000,4.828467,0.526507,16249
12,7,11810,edgegpu,cifar100,68.300000,1.779551,0.526507,16249
12,7,8912,edgegpu,cifar100,59.200000,1.441355,0.526507,16249
12,7,3888,edgegpu,cifar100,73.260000,6.797867,0.526507,16249
12,7,4332,edgegpu,cifar100,66.860000,1.769095,0.526507,16249
12,7,6381,edgegpu,cifar100,66.800000,1.753340,0.526507,16249
12,7,9997,edgegpu,cifar100,71.520000,3.466139,0.526507,16249
12,8,781,edgetpu,cifar100,67.960000,0.487922,0.667449,16122
12,8,8401,edgetpu,cifar100,71.080000,0.728572,0.667449,16122
12,8,9930,edgetpu,cifar100,73.513336,1.454107,0.667449,16122
12,8,12415,edgetpu,cifar100,71.940000,0.872299,0.667449,16122
12,8,1943,edgetpu,cifar100,69.626660,0.634759,0.667449,16122
12,8,12761,edgetpu,cifar100,72.860000,1.225212,0.667449,16122
12,8,9997,edgetpu,cifar100,71.520000,0.729986,0.667449,16122
12,8,14774,edgetpu,cifar100,61.620000,0.391679,0.667449,16122
12,8,15137,edgetpu,cifar100,63.160000,0.393504,0.667449,16122
12,8,4418,edgetpu,cifar100,72.746666,1.093699,0.667449,16122
12,8,10000,edgetpu,cifar100,73.160000,1.283461,0.667449,16122
12,8,577,edgetpu,cifar100,69.680000,0.635228,0.667449,16122
12,8,11533,edgetpu,cifar100,69.760000,0.635877,0.667449,16122
12,8,857,edgetpu,cifar100,72.880000,1.264168,0.667449,16122
12,8,1425,edgetpu,cifar100,72.093330,0.910660,0.667449,16122
12,8,3888,edgetpu,cifar100,73.260000,1.316226,0.667449,16122
12,8,6358,edgetpu,cifar100,67.193340,0.486737,0.667449,16122
12,8,5019,edgetpu,cifar100,58.880000,0.357058,0.667449,16122
12,8,11810,edgetpu,cifar100,68.300000,0.492126,0.667449,16122
12,8,1110,edgetpu,cifar100,58.840000,0.355938,0.667449,16122
12,8,797,edgetpu,cifar100,69.580000,0.633351,0.667449,16122
12,8,6974,edgetpu,cifar100,61.880000,0.392555,0.667449,16122
12,8,1383,edgetpu,cifar100,70.273330,0.673722,0.667449,16122
12,8,69,edgetpu,cifar100,71.020000,0.727259,0.667449,16122
12,8,9541,edgetpu,cifar100,67.660000,0.486829,0.667449,16122
12,8,8638,edgetpu,cifar100,58.860000,0.356631,0.667449,16122
12,8,4977,edgetpu,cifar100,63.360000,0.398743,0.667449,16122
12,8,777,edgetpu,cifar100,58.650000,0.355588,0.667449,16122
12,8,8912,edgetpu,cifar100,59.200000,0.377698,0.667449,16122
12,8,2705,edgetpu,cifar100,62.813330,0.393026,0.667449,16122
12,8,14945,edgetpu,cifar100,58.500000,0.354940,0.667449,16122
12,8,13760,edgetpu,cifar100,61.686670,0.392028,0.667449,16122
12,8,12574,edgetpu,cifar100,72.740000,0.932430,0.667449,16122
12,8,12424,edgetpu,cifar100,69.980000,0.638946,0.667449,16122
12,8,12607,edgetpu,cifar100,62.600000,0.392830,0.667449,16122
12,8,13829,edgetpu,cifar100,66.873340,0.485137,0.667449,16122
12,8,3303,edgetpu,cifar100,62.420000,0.392593,0.667449,16122
12,8,11112,edgetpu,cifar100,66.893330,0.486713,0.667449,16122
12,8,15363,edgetpu,cifar100,70.520000,0.676394,0.667449,16122
12,9,3888,eyeriss,cifar100,73.260000,6.597760,0.474763,16661
12,9,9930,eyeriss,cifar100,73.513336,9.055360,0.474763,16661
12,9,5084,eyeriss,cifar100,58.813330,1.682560,0.474763,16661
12,9,11973,eyeriss,cifar100,70.340000,3.402880,0.474763,16661
12,9,3540,eyeriss,cifar100,71.500000,4.877440,0.474763,16661
12,9,10689,eyeriss,cifar100,67.500000,2.174080,0.474763,16661
12,9,12761,eyeriss,cifar100,72.860000,6.352000,0.474763,16661
12,9,12574,eyeriss,cifar100,72.740000,5.123200,0.474763,16661
12,9,3687,eyeriss,cifar100,64.460000,1.928320,0.474763,16661
12,9,6787,eyeriss,cifar100,70.720000,3.648640,0.474763,16661
12,9,14112,eyeriss,cifar100,68.386665,2.911360,0.474763,16661
12,9,14714,eyeriss,cifar100,71.280000,4.140160,0.474763,16661
12,9,12970,eyeriss,cifar100,68.140000,2.665600,0.474763,16661
12,9,6925,eyeriss,cifar100,71.220000,3.894400,0.474763,16661
12,9,12820,eyeriss,cifar100,67.720000,2.419840,0.474763,16661
12,10,12761,fpga,cifar100,72.860000,5.420960,0.508634,16273
12,10,9930,fpga,cifar100,73.513336,7.420960,0.508634,16273
12,10,5084,fpga,cifar100,58.813330,1.132960,0.508634,16273
12,10,12574,fpga,cifar100,72.740000,4.678560,0.508634,16273
12,10,3540,fpga,cifar100,71.500000,4.163360,0.508634,16273
12,10,10689,fpga,cifar100,67.500000,2.163360,0.508634,16273
12,10,4249,fpga,cifar100,65.080000,2.057760,0.508634,16273
12,10,3888,fpga,cifar100,73.260000,5.936160,0.508634,16273
12,10,7250,fpga,cifar100,67.706665,2.390560,0.508634,16273
12,10,5651,fpga,cifar100,64.690000,1.648160,0.508634,16273
12,10,12295,fpga,cifar100,71.160000,3.648160,0.508634,16273
12,10,6787,fpga,cifar100,70.720000,3.420960,0.508634,16273
12,10,5033,fpga,cifar100,59.060000,1.542560,0.508634,16273
12,10,6925,fpga,cifar100,71.220000,3.936160,0.508634,16273
12,10,12820,fpga,cifar100,67.720000,2.678560,0.508634,16273
12,10,11973,fpga,cifar100,70.340000,2.905760,0.508634,16273
12,11,14112,pixel3,cifar100,68.386665,5.745320,0.594964,16119
12,11,12574,pixel3,cifar100,72.740000,16.473900,0.594964,16119
12,11,898,pixel3,cifar100,70.000000,6.516140,0.594964,16119
12,11,3888,pixel3,cifar100,73.260000,23.477200,0.594964,16119
12,11,6337,pixel3,cifar100,1.000000,0.008753,0.594964,16119
12,11,15363,pixel3,cifar100,70.520000,9.708640,0.594964,16119
12,11,1409,pixel3,cifar100,58.853333,1.275090,0.594964,16119
12,11,8323,pixel3,cifar100,67.080000,3.106340,0.594964,16119
12,11,1357,pixel3,cifar100,67.480000,3.998260,0.594964,16119
12,11,1450,pixel3,cifar100,70.506670,9.337360,0.594964,16119
12,11,12970,pixel3,cifar100,68.140000,4.782110,0.594964,16119
12,11,857,pixel3,cifar100,72.880000,19.113200,0.594964,16119
12,11,6925,pixel3,cifar100,71.220000,10.688000,0.594964,16119
12,11,14253,pixel3,cifar100,70.860000,10.679300,0.594964,16119
12,11,699,pixel3,cifar100,72.240000,12.079400,0.594964,16119
12,11,8638,pixel3,cifar100,58.860000,1.478570,0.594964,16119
12,11,11301,pixel3,cifar100,68.220000,5.352090,0.594964,16119
12,11,6787,pixel3,cifar100,70.720000,9.854430,0.594964,16119
12,11,9930,pixel3,cifar100,73.513336,42.003600,0.594964,16119
12,11,5651,pixel3,cifar100,64.690000,2.376870,0.594964,16119
12,11,1090,pixel3,cifar100,65.220000,2.811310,0.594964,16119
12,11,1459,pixel3,cifar100,73.140000,23.437900,0.594964,16119
12,11,724,pixel3,cifar100,67.053340,2.875650,0.594964,16119
12,11,906,pixel3,cifar100,62.393333,1.661810,0.594964,16119
12,11,777,pixel3,cifar100,58.650000,1.087020,0.594964,16119
12,11,1558,pixel3,cifar100,64.020000,1.705220,0.594964,16119
12,11,1416,pixel3,cifar100,64.493330,2.084060,0.594964,16119
12,11,8912,pixel3,cifar100,59.200000,1.478790,0.594964,16119
12,12,375,raspi4,cifar100,64.440000,5.099302,0.781087,15980
12,12,6830,raspi4,cifar100,71.460000,34.491814,0.781087,15980
12,12,12574,raspi4,cifar100,72.740000,36.371254,0.781087,15980
12,12,9930,raspi4,cifar100,73.513336,71.152000,0.781087,15980
12,12,9271,raspi4,cifar100,63.400000,4.800893,0.781087,15980
12,12,4418,raspi4,cifar100,72.746666,47.162354,0.781087,15980
12,12,12761,raspi4,cifar100,72.860000,53.718200,0.781087,15980
12,12,355,raspi4,cifar100,69.860000,20.791758,0.781087,15980
12,12,2200,raspi4,cifar100,63.886665,5.014668,0.781087,15980
12,12,12915,raspi4,cifar100,66.950000,7.226311,0.781087,15980
12,12,12639,raspi4,cifar100,68.000000,16.932909,0.781087,15980
12,12,2222,raspi4,cifar100,58.313330,2.538255,0.781087,15980
12,12,9649,raspi4,cifar100,64.540000,5.252811,0.781087,15980
12,12,7030,raspi4,cifar100,69.600000,19.218203,0.781087,15980
12,12,1631,raspi4,cifar100,63.986668,5.097326,0.781087,15980
12,12,1459,raspi4,cifar100,73.140000,53.879950,0.781087,15980
12,12,14792,raspi4,cifar100,69.500000,19.111843,0.781087,15980
12,12,6822,raspi4,cifar100,58.426666,2.558594,0.781087,15980
12,12,9997,raspi4,cifar100,71.520000,34.996710,0.781087,15980
12,12,14811,raspi4,cifar100,69.680000,20.361189,0.781087,15980
12,12,11885,raspi4,cifar100,68.040000,18.749735,0.781087,15980
12,12,8912,raspi4,cifar100,59.200000,2.818969,0.781087,15980
12,12,15589,raspi4,cifar100,59.060000,2.795078,0.781087,15980
12,12,13430,raspi4,cifar100,66.700000,7.203785,0.781087,15980
12,12,14612,raspi4,cifar100,58.720000,2.563505,0.781087,15980
12,12,3888,raspi4,cifar100,73.260000,55.029520,0.781087,15980
12,12,6918,raspi4,cifar100,58.800000,2.571364,0.781087,15980
12,12,7891,raspi4,cifar100,67.550000,12.536592,0.781087,15980
12,12,6925,raspi4,cifar100,71.220000,24.195030,0.781087,15980
12,12,9926,raspi4,cifar100,63.520000,4.999532,0.781087,15980
12,12,6930,raspi4,cifar100,61.720000,4.798524,0.781087,15980
12,12,12820,raspi4,cifar100,67.720000,15.998039,0.781087,15980
12,12,13021,raspi4,cifar100,63.800000,5.009584,0.781087,15980
12,12,2880,raspi4,cifar100,67.473335,11.969307,0.781087,15980
12,12,10222,raspi4,cifar100,58.860000,2.747804,0.781087,15980
12,12,1416,raspi4,cifar100,64.493330,5.234321,0.781087,15980
12,12,4409,raspi4,cifar100,67.173330,7.228629,0.781087,15980
12,12,8740,raspi4,cifar100,1.000000,0.015215,0.781087,15980
12,12,15363,raspi4,cifar100,70.520000,21.809430,0.781087,15980
12,13,12760,edgegpu,ImageNet16-120,40.833332,3.308015,0.669780,16338
12,13,11217,edgegpu,ImageNet16-120,43.466667,3.316708,0.669780,16338
12,13,4988,edgegpu,ImageNet16-120,28.933332,1.448212,0.669780,16338
12,13,15376,edgegpu,ImageNet16-120,0.833333,0.533953,0.669780,16338
12,13,15288,edgegpu,ImageNet16-120,28.422222,1.417041,0.669780,16338
12,13,8884,edgegpu,ImageNet16-120,45.033333,3.499999,0.669780,16338
12,13,8401,edgegpu,ImageNet16-120,43.833332,3.322444,0.669780,16338
12,13,10835,edgegpu,ImageNet16-120,45.233334,4.434366,0.669780,16338
12,13,5981,edgegpu,ImageNet16-120,39.211113,1.746097,0.669780,16338
12,13,12505,edgegpu,ImageNet16-120,39.283333,1.750417,0.669780,16338
12,13,7760,edgegpu,ImageNet16-120,39.100000,1.743751,0.669780,16338
12,13,4946,edgegpu,ImageNet16-120,44.700000,3.490419,0.669780,16338
12,13,12415,edgegpu,ImageNet16-120,46.566666,4.667692,0.669780,16338
12,13,2650,edgegpu,ImageNet16-120,42.433334,3.309817,0.669780,16338
12,13,6950,edgegpu,ImageNet16-120,38.700000,1.740150,0.669780,16338
12,13,14117,edgegpu,ImageNet16-120,28.677778,1.435547,0.669780,16338
12,13,4587,edgegpu,ImageNet16-120,28.800000,1.445131,0.669780,16338
12,13,1164,edgegpu,ImageNet16-120,28.522223,1.435223,0.669780,16338
12,13,8426,edgegpu,ImageNet16-120,44.633335,3.370147,0.669780,16338
12,13,13760,edgegpu,ImageNet16-120,32.333332,1.739759,0.669780,16338
12,13,5751,edgegpu,ImageNet16-120,40.044445,2.434626,0.669780,16338
12,13,7187,edgegpu,ImageNet16-120,28.683332,1.443858,0.669780,16338
12,13,9586,edgegpu,ImageNet16-120,46.933334,5.222673,0.669780,16338
12,13,9722,edgegpu,ImageNet16-120,44.000000,3.327813,0.669780,16338
12,13,15159,edgegpu,ImageNet16-120,45.566666,4.632421,0.669780,16338
12,13,14612,edgegpu,ImageNet16-120,28.488890,1.434064,0.669780,16338
12,13,10947,edgegpu,ImageNet16-120,39.944443,1.909800,0.669780,16338
12,13,6636,edgegpu,ImageNet16-120,40.544445,3.305931,0.669780,16338
12,13,857,edgegpu,ImageNet16-120,47.311110,6.707663,0.669780,16338
12,13,12081,edgegpu,ImageNet16-120,40.233334,2.730479,0.669780,16338
12,13,15383,edgegpu,ImageNet16-120,47.033333,6.262836,0.669780,16338
12,13,8236,edgegpu,ImageNet16-120,39.233334,1.749978,0.669780,16338
12,13,4160,edgegpu,ImageNet16-120,39.833332,1.756272,0.669780,16338
12,14,7837,edgetpu,ImageNet16-120,32.111110,0.363571,0.635095,16025
12,14,5751,edgetpu,ImageNet16-120,40.044445,0.516992,0.635095,16025
12,14,1172,edgetpu,ImageNet16-120,39.933334,0.515935,0.635095,16025
12,14,11079,edgetpu,ImageNet16-120,43.566666,0.552430,0.635095,16025
12,14,12451,edgetpu,ImageNet16-120,44.433334,0.625187,0.635095,16025
12,14,6407,edgetpu,ImageNet16-120,32.333332,0.363748,0.635095,16025
12,14,857,edgetpu,ImageNet16-120,47.311110,0.997730,0.635095,16025
12,14,7273,edgetpu,ImageNet16-120,42.966667,0.550014,0.635095,16025
12,14,4160,edgetpu,ImageNet16-120,39.833332,0.430355,0.635095,16025
12,14,6499,edgetpu,ImageNet16-120,44.466667,0.635770,0.635095,16025
12,14,7750,edgetpu,ImageNet16-120,43.066666,0.551617,0.635095,16025
12,14,6950,edgetpu,ImageNet16-120,38.700000,0.427379,0.635095,16025
12,14,15014,edgetpu,ImageNet16-120,28.266666,0.358110,0.635095,16025
12,14,13931,edgetpu,ImageNet16-120,28.788889,0.360349,0.635095,16025
12,14,70,edgetpu,ImageNet16-120,39.377777,0.428228,0.635095,16025
12,14,4627,edgetpu,ImageNet16-120,43.500000,0.552306,0.635095,16025
12,14,3540,edgetpu,ImageNet16-120,45.122223,0.648670,0.635095,16025
12,14,4830,edgetpu,ImageNet16-120,42.233334,0.549457,0.635095,16025
12,14,15383,edgetpu,ImageNet16-120,47.033333,0.780914,0.635095,16025
12,14,7396,edgetpu,ImageNet16-120,40.177776,0.517218,0.635095,16025
12,14,10332,edgetpu,ImageNet16-120,40.033333,0.516152,0.635095,16025
12,14,11282,edgetpu,ImageNet16-120,39.633335,0.428409,0.635095,16025
12,14,6520,edgetpu,ImageNet16-120,32.383335,0.363944,0.635095,16025
12,14,5586,edgetpu,ImageNet16-120,40.811110,0.546420,0.635095,16025
12,14,15363,edgetpu,ImageNet16-120,44.333332,0.582280,0.635095,16025
12,14,12415,edgetpu,ImageNet16-120,46.566666,0.710906,0.635095,16025
12,14,14677,edgetpu,ImageNet16-120,33.233334,0.364575,0.635095,16025
12,14,4988,edgetpu,ImageNet16-120,28.933332,0.360694,0.635095,16025
12,14,10888,edgetpu,ImageNet16-120,28.333334,0.359044,0.635095,16025
12,14,13769,edgetpu,ImageNet16-120,41.555557,0.549360,0.635095,16025
12,14,10017,edgetpu,ImageNet16-120,40.566666,0.524950,0.635095,16025
12,14,9689,edgetpu,ImageNet16-120,42.533333,0.549702,0.635095,16025
12,14,5674,edgetpu,ImageNet16-120,39.650000,0.428605,0.635095,16025
12,14,12231,edgetpu,ImageNet16-120,40.200000,0.518358,0.635095,16025
12,15,857,eyeriss,ImageNet16-120,47.311110,1.651840,0.481995,16408
12,15,4829,eyeriss,ImageNet16-120,34.200000,0.484480,0.481995,16408
12,15,1939,eyeriss,ImageNet16-120,45.077778,0.976000,0.481995,16408
12,15,8008,eyeriss,ImageNet16-120,43.500000,0.853120,0.481995,16408
12,15,8853,eyeriss,ImageNet16-120,45.600000,1.037440,0.481995,16408
12,15,6854,eyeriss,ImageNet16-120,40.800000,0.668800,0.481995,16408
12,15,15383,eyeriss,ImageNet16-120,47.033333,1.283200,0.481995,16408
12,15,2835,eyeriss,ImageNet16-120,38.222220,0.545920,0.481995,16408
12,15,14417,eyeriss,ImageNet16-120,45.900000,1.098880,0.481995,16408
12,15,6787,eyeriss,ImageNet16-120,44.400000,0.914560,0.481995,16408
12,15,4988,eyeriss,ImageNet16-120,28.933332,0.423040,0.481995,16408
12,15,5487,eyeriss,ImageNet16-120,38.500000,0.607360,0.481995,16408
12,16,5793,fpga,ImageNet16-120,35.033333,0.517920,0.511942,16113
12,16,6787,fpga,ImageNet16-120,44.400000,0.969600,0.511942,16113
12,16,15383,fpga,ImageNet16-120,47.033333,1.504000,0.511942,16113
12,16,857,fpga,ImageNet16-120,47.311110,2.038400,0.511942,16113
12,16,14748,fpga,ImageNet16-120,44.900000,0.995200,0.511942,16113
12,16,8954,fpga,ImageNet16-120,28.733334,0.386720,0.511942,16113
12,16,1939,fpga,ImageNet16-120,45.077778,1.062400,0.511942,16113
12,16,8853,fpga,ImageNet16-120,45.600000,1.155200,0.511942,16113
12,16,8323,fpga,ImageNet16-120,38.033333,0.546720,0.511942,16113
12,16,6121,fpga,ImageNet16-120,28.433332,0.284320,0.511942,16113
12,16,6854,fpga,ImageNet16-120,40.800000,0.809120,0.511942,16113
12,16,14417,fpga,ImageNet16-120,45.900000,1.276320,0.511942,16113
12,16,6868,fpga,ImageNet16-120,39.000000,0.649120,0.511942,16113
12,16,10017,fpga,ImageNet16-120,40.566666,0.784000,0.511942,16113
12,16,11593,fpga,ImageNet16-120,40.166668,0.780320,0.511942,16113
12,16,5390,fpga,ImageNet16-120,43.100000,0.902400,0.511942,16113
12,16,4829,fpga,ImageNet16-120,34.200000,0.415520,0.511942,16113
12,16,3261,fpga,ImageNet16-120,43.022220,0.876800,0.511942,16113
12,17,12466,pixel3,ImageNet16-120,46.100000,4.680280,0.774880,15979
12,17,15446,pixel3,ImageNet16-120,45.766666,3.439380,0.774880,15979
12,17,4627,pixel3,ImageNet16-120,43.500000,2.479640,0.774880,15979
12,17,4977,pixel3,ImageNet16-120,32.966667,0.617991,0.774880,15979
12,17,1204,pixel3,ImageNet16-120,37.844444,0.864966,0.774880,15979
12,17,857,pixel3,ImageNet16-120,47.311110,6.686850,0.774880,15979
12,17,10154,pixel3,ImageNet16-120,46.133335,4.783700,0.774880,15979
12,17,12424,pixel3,ImageNet16-120,43.133330,2.470150,0.774880,15979
12,17,10340,pixel3,ImageNet16-120,31.522223,0.617772,0.774880,15979
12,17,2018,pixel3,ImageNet16-120,46.433334,4.949210,0.774880,15979
12,17,13756,pixel3,ImageNet16-120,0.833333,0.005289,0.774880,15979
12,17,1425,pixel3,ImageNet16-120,45.977780,4.619290,0.774880,15979
12,17,872,pixel3,ImageNet16-120,41.777780,2.465030,0.774880,15979
12,17,6014,pixel3,ImageNet16-120,28.533333,0.423391,0.774880,15979
12,17,3728,pixel3,ImageNet16-120,28.500000,0.422880,0.774880,15979
12,17,12358,pixel3,ImageNet16-120,34.055557,0.666287,0.774880,15979
12,17,1110,pixel3,ImageNet16-120,28.600000,0.423927,0.774880,15979
12,17,4559,pixel3,ImageNet16-120,27.733334,0.422492,0.774880,15979
12,17,13059,pixel3,ImageNet16-120,34.266666,0.668679,0.774880,15979
12,17,1939,pixel3,ImageNet16-120,45.077778,3.021500,0.774880,15979
12,17,12516,pixel3,ImageNet16-120,32.083332,0.617816,0.774880,15979
12,17,4988,pixel3,ImageNet16-120,28.933332,0.485996,0.774880,15979
12,17,4587,pixel3,ImageNet16-120,28.800000,0.445767,0.774880,15979
12,17,11000,pixel3,ImageNet16-120,44.866665,2.962520,0.774880,15979
12,17,15383,pixel3,ImageNet16-120,47.033333,5.191720,0.774880,15979
12,17,7187,pixel3,ImageNet16-120,28.683332,0.425223,0.774880,15979
12,17,4895,pixel3,ImageNet16-120,33.200000,0.619070,0.774880,15979
12,17,12639,pixel3,ImageNet16-120,40.400000,1.304440,0.774880,15979
12,17,12506,pixel3,ImageNet16-120,43.983334,2.929990,0.774880,15979
12,17,14417,pixel3,ImageNet16-120,45.900000,4.143030,0.774880,15979
12,17,5487,pixel3,ImageNet16-120,38.500000,1.109150,0.774880,15979
12,17,1860,pixel3,ImageNet16-120,28.433332,0.422587,0.774880,15979
12,17,11163,pixel3,ImageNet16-120,33.600000,0.665312,0.774880,15979
12,17,4432,pixel3,ImageNet16-120,37.800000,0.861157,0.774880,15979
12,17,1549,pixel3,ImageNet16-120,28.655556,0.424747,0.774880,15979
12,17,6854,pixel3,ImageNet16-120,40.800000,1.621620,0.774880,15979
12,17,3650,pixel3,ImageNet16-120,43.866665,2.716840,0.774880,15979
12,17,2835,pixel3,ImageNet16-120,38.222220,0.868646,0.774880,15979
12,18,14677,raspi4,ImageNet16-120,33.233334,1.537227,0.862403,16119
12,18,11946,raspi4,ImageNet16-120,28.200000,0.940293,0.862403,16119
12,18,8853,raspi4,ImageNet16-120,45.600000,6.961605,0.862403,16119
12,18,3458,raspi4,ImageNet16-120,45.666668,7.428567,0.862403,16119
12,18,5455,raspi4,ImageNet16-120,32.611110,1.532377,0.862403,16119
12,18,4988,raspi4,ImageNet16-120,28.933332,1.003251,0.862403,16119
12,18,5202,raspi4,ImageNet16-120,42.411110,3.783078,0.862403,16119
12,18,13771,raspi4,ImageNet16-120,32.744446,1.533813,0.862403,16119
12,18,11584,raspi4,ImageNet16-120,46.666668,8.014434,0.862403,16119
12,18,11079,raspi4,ImageNet16-120,43.566666,3.802027,0.862403,16119
12,18,13931,raspi4,ImageNet16-120,28.788889,0.956195,0.862403,16119
12,18,7106,raspi4,ImageNet16-120,39.033333,3.071517,0.862403,16119
12,18,15107,raspi4,ImageNet16-120,39.800000,3.083329,0.862403,16119
12,18,11282,raspi4,ImageNet16-120,39.633335,3.080430,0.862403,16119
12,18,2904,raspi4,ImageNet16-120,42.744446,3.799936,0.862403,16119
12,18,2779,raspi4,ImageNet16-120,37.355556,2.190654,0.862403,16119
12,18,5637,raspi4,ImageNet16-120,33.933334,1.580707,0.862403,16119
12,18,9496,raspi4,ImageNet16-120,38.200000,2.204048,0.862403,16119
12,18,5973,raspi4,ImageNet16-120,40.100000,3.159922,0.862403,16119
12,18,6868,raspi4,ImageNet16-120,39.000000,2.982937,0.862403,16119
12,18,8584,raspi4,ImageNet16-120,34.088890,1.586268,0.862403,16119
12,18,8447,raspi4,ImageNet16-120,40.011112,3.156609,0.862403,16119
12,18,10167,raspi4,ImageNet16-120,39.944443,3.106316,0.862403,16119
12,18,2018,raspi4,ImageNet16-120,46.433334,7.482383,0.862403,16119
12,18,6854,raspi4,ImageNet16-120,40.800000,3.661016,0.862403,16119
12,18,7187,raspi4,ImageNet16-120,28.683332,0.952790,0.862403,16119
12,18,3650,raspi4,ImageNet16-120,43.866665,4.475790,0.862403,16119
12,18,9032,raspi4,ImageNet16-120,38.016666,2.201532,0.862403,16119
12,18,10217,raspi4,ImageNet16-120,45.100000,6.109362,0.862403,16119
12,18,14750,raspi4,ImageNet16-120,32.933334,1.536700,0.862403,16119
12,18,13644,raspi4,ImageNet16-120,45.333332,6.780282,0.862403,16119
12,18,7357,raspi4,ImageNet16-120,44.666668,4.480689,0.862403,16119
12,18,10835,raspi4,ImageNet16-120,45.233334,6.632419,0.862403,16119
12,18,6336,raspi4,ImageNet16-120,39.366665,3.073392,0.862403,16119
12,18,15383,raspi4,ImageNet16-120,47.033333,8.565354,0.862403,16119
12,18,7551,raspi4,ImageNet16-120,38.477780,2.950436,0.862403,16119
12,18,857,raspi4,ImageNet16-120,47.311110,9.020064,0.862403,16119
12,18,15363,raspi4,ImageNet16-120,44.333332,4.480516,0.862403,16119
12,18,4995,raspi4,ImageNet16-120,42.166668,3.766336,0.862403,16119
12,18,3782,raspi4,ImageNet16-120,41.866665,3.755286,0.862403,16119
12,18,1413,raspi4,ImageNet16-120,42.711113,3.788479,0.862403,16119
12,18,2650,raspi4,ImageNet16-120,42.433334,3.788408,0.862403,16119
12,18,1939,raspi4,ImageNet16-120,45.077778,5.341908,0.862403,16119
12,18,13059,raspi4,ImageNet16-120,34.266666,1.595651,0.862403,16119
12,18,3960,raspi4,ImageNet16-120,37.755554,2.197980,0.862403,16119
12,18,933,raspi4,ImageNet16-120,0.833333,0.011514,0.862403,16119
12,18,10017,raspi4,ImageNet16-120,40.566666,3.181383,0.862403,16119
12,18,1188,raspi4,ImageNet16-120,32.455555,1.526725,0.862403,16119
12,18,8355,raspi4,ImageNet16-120,39.666668,3.083286,0.862403,16119
12,18,12355,raspi4,ImageNet16-120,45.033333,5.326674,0.862403,16119
13,1,6330,edgegpu,cifar10,94.006670,4.384699,0.593982,16343
13,1,4803,edgegpu,cifar10,88.746666,1.748652,0.593982,16343
13,1,11692,edgegpu,cifar10,94.130000,4.708362,0.593982,16343
13,1,1601,edgegpu,cifar10,86.336670,1.433892,0.593982,16343
13,1,6960,edgegpu,cifar10,92.280000,1.764450,0.593982,16343
13,1,13401,edgegpu,cifar10,87.010000,1.457009,0.593982,16343
13,1,10484,edgegpu,cifar10,93.810000,3.354015,0.593982,16343
13,1,561,edgegpu,cifar10,86.880000,1.451068,0.593982,16343
13,1,6259,edgegpu,cifar10,86.443340,1.433926,0.593982,16343
13,1,1339,edgegpu,cifar10,92.136665,1.751881,0.593982,16343
13,1,14527,edgegpu,cifar10,86.765000,1.439619,0.593982,16343
13,1,1549,edgegpu,cifar10,86.710000,1.436324,0.593982,16343
13,1,5780,edgegpu,cifar10,93.980000,3.361888,0.593982,16343
13,1,2776,edgegpu,cifar10,93.666664,3.331194,0.593982,16343
13,1,15200,edgegpu,cifar10,10.000000,0.501385,0.593982,16343
13,1,258,edgegpu,cifar10,93.640000,3.307109,0.593982,16343
13,1,10222,edgegpu,cifar10,86.200000,1.429176,0.593982,16343
13,1,6499,edgegpu,cifar10,93.645000,3.331041,0.593982,16343
13,1,5292,edgegpu,cifar10,94.293335,6.663151,0.593982,16343
13,1,11810,edgegpu,cifar10,92.780000,1.992798,0.593982,16343
13,1,14392,edgegpu,cifar10,86.520000,1.435742,0.593982,16343
13,1,2053,edgegpu,cifar10,94.206665,5.482254,0.593982,16343
13,1,13714,edgegpu,cifar10,94.373340,6.772180,0.593982,16343
13,1,1459,edgegpu,cifar10,94.296670,6.748991,0.593982,16343
13,1,14407,edgegpu,cifar10,86.770000,1.440282,0.593982,16343
13,1,14090,edgegpu,cifar10,92.086670,1.749086,0.593982,16343
13,1,9099,edgegpu,cifar10,93.940000,3.357520,0.593982,16343
13,2,14527,edgetpu,cifar10,86.765000,0.365664,0.659663,16265
13,2,5780,edgetpu,cifar10,93.980000,0.723967,0.659663,16265
13,2,970,edgetpu,cifar10,86.770000,0.371488,0.659663,16265
13,2,4675,edgetpu,cifar10,89.200000,0.395661,0.659663,16265
13,2,3731,edgetpu,cifar10,94.343330,1.282820,0.659663,16265
13,2,13611,edgetpu,cifar10,92.490000,0.481826,0.659663,16265
13,2,5111,edgetpu,cifar10,94.306660,1.152010,0.659663,16265
13,2,8008,edgetpu,cifar10,93.480000,0.629746,0.659663,16265
13,2,6918,edgetpu,cifar10,87.000000,0.375819,0.659663,16265
13,2,1996,edgetpu,cifar10,92.000000,0.481224,0.659663,16265
13,2,1005,edgetpu,cifar10,89.183334,0.392518,0.659663,16265
13,2,10581,edgetpu,cifar10,89.015000,0.390403,0.659663,16265
13,2,11692,edgetpu,cifar10,94.130000,0.761100,0.659663,16265
13,2,1595,edgetpu,cifar10,88.963330,0.389815,0.659663,16265
13,2,3927,edgetpu,cifar10,93.626660,0.723268,0.659663,16265
13,2,12607,edgetpu,cifar10,89.180000,0.391577,0.659663,16265
13,2,10815,edgetpu,cifar10,88.970000,0.389885,0.659663,16265
13,2,11438,edgetpu,cifar10,92.500000,0.482393,0.659663,16265
13,2,6382,edgetpu,cifar10,93.376660,0.628638,0.659663,16265
13,2,13714,edgetpu,cifar10,94.373340,1.377865,0.659663,16265
13,2,2053,edgetpu,cifar10,94.206665,1.042178,0.659663,16265
13,2,9950,edgetpu,cifar10,93.840000,0.723767,0.659663,16265
13,2,10683,edgetpu,cifar10,92.330000,0.481277,0.659663,16265
13,2,8192,edgetpu,cifar10,93.093330,0.627745,0.659663,16265
13,2,2240,edgetpu,cifar10,91.990000,0.480973,0.659663,16265
13,2,9689,edgetpu,cifar10,93.370000,0.628386,0.659663,16265
13,2,2485,edgetpu,cifar10,86.700000,0.346546,0.659663,16265
13,2,6584,edgetpu,cifar10,94.160000,0.888877,0.659663,16265
13,2,6407,edgetpu,cifar10,88.933334,0.389381,0.659663,16265
13,2,6515,edgetpu,cifar10,93.616670,0.722858,0.659663,16265
13,2,11810,edgetpu,cifar10,92.780000,0.482879,0.659663,16265
13,2,797,edgetpu,cifar10,93.280000,0.627996,0.659663,16265
13,2,5224,edgetpu,cifar10,88.980000,0.389900,0.659663,16265
13,2,7937,edgetpu,cifar10,88.610000,0.388867,0.659663,16265
13,2,9380,edgetpu,cifar10,89.335000,0.395662,0.659663,16265
13,3,8008,eyeriss,cifar10,93.480000,3.399860,0.461963,16380
13,3,5111,eyeriss,cifar10,94.306660,5.365940,0.461963,16380
13,3,8592,eyeriss,cifar10,93.750000,3.891380,0.461963,16380
13,3,6854,eyeriss,cifar10,91.040000,2.662580,0.461963,16380
13,3,11472,eyeriss,cifar10,93.970000,4.628660,0.461963,16380
13,3,13714,eyeriss,cifar10,94.373340,7.823540,0.461963,16380
13,3,14112,eyeriss,cifar10,91.296670,2.908340,0.461963,16380
13,3,4384,eyeriss,cifar10,86.796670,1.679540,0.461963,16380
13,3,13611,eyeriss,cifar10,92.490000,3.154100,0.461963,16380
13,3,6584,eyeriss,cifar10,94.160000,4.874420,0.461963,16380
13,3,8323,eyeriss,cifar10,90.870000,2.171060,0.461963,16380
13,3,3731,eyeriss,cifar10,94.343330,6.594740,0.461963,16380
13,3,6111,eyeriss,cifar10,94.373340,7.823540,0.461963,16380
13,3,3687,eyeriss,cifar10,89.820000,1.925300,0.461963,16380
13,3,10412,eyeriss,cifar10,93.530000,3.645620,0.461963,16380
13,3,6899,eyeriss,cifar10,90.900000,2.416820,0.461963,16380
13,4,3687,fpga,cifar10,89.820000,1.648160,0.467020,16280
13,4,8323,fpga,cifar10,90.870000,2.163360,0.467020,16280
13,4,13611,fpga,cifar10,92.490000,2.390560,0.467020,16280
13,4,3731,fpga,cifar10,94.343330,5.936160,0.467020,16280
13,4,4384,fpga,cifar10,86.796670,1.132960,0.467020,16280
13,4,11472,fpga,cifar10,93.970000,3.648160,0.467020,16280
13,4,6111,fpga,cifar10,94.373340,6.678560,0.467020,16280
13,4,11692,fpga,cifar10,94.130000,4.163360,0.467020,16280
13,4,8008,fpga,cifar10,93.480000,2.905760,0.467020,16280
13,4,5111,fpga,cifar10,94.306660,5.193760,0.467020,16280
13,4,11376,fpga,cifar10,93.510000,3.420960,0.467020,16280
13,4,11525,fpga,cifar10,90.000000,2.057760,0.467020,16280
13,4,13714,fpga,cifar10,94.373340,6.678560,0.467020,16280
13,4,12002,fpga,cifar10,93.510000,3.420960,0.467020,16280
13,5,6985,pixel3,cifar10,89.940000,2.367450,0.740016,16157
13,5,6382,pixel3,cifar10,93.376660,7.048190,0.740016,16157
13,5,4554,pixel3,cifar10,86.670000,1.114880,0.740016,16157
13,5,1781,pixel3,cifar10,89.883330,1.712020,0.740016,16157
13,5,78,pixel3,cifar10,91.933334,5.807870,0.740016,16157
13,5,6918,pixel3,cifar10,87.000000,1.478790,0.740016,16157
13,5,6624,pixel3,cifar10,89.120000,1.670570,0.740016,16157
13,5,5111,pixel3,cifar10,94.306660,17.584600,0.740016,16157
13,5,1497,pixel3,cifar10,86.556660,1.056630,0.740016,16157
13,5,9032,pixel3,cifar10,90.740000,3.102890,0.740016,16157
13,5,6330,pixel3,cifar10,94.006670,11.512400,0.740016,16157
13,5,4627,pixel3,cifar10,93.270000,7.036050,0.740016,16157
13,5,1778,pixel3,cifar10,92.180000,6.446230,0.740016,16157
13,5,3,pixel3,cifar10,86.616670,1.062640,0.740016,16157
13,5,13869,pixel3,cifar10,93.656670,10.634700,0.740016,16157
13,5,6863,pixel3,cifar10,86.740000,1.229320,0.740016,16157
13,5,3731,pixel3,cifar10,94.343330,23.361300,0.740016,16157
13,5,9230,pixel3,cifar10,86.580000,1.056760,0.740016,16157
13,5,12970,pixel3,cifar10,90.970000,4.723840,0.740016,16157
13,5,8708,pixel3,cifar10,94.080000,12.839000,0.740016,16157
13,5,11692,pixel3,cifar10,94.130000,15.490100,0.740016,16157
13,5,8323,pixel3,cifar10,90.870000,3.106420,0.740016,16157
13,5,97,pixel3,cifar10,88.730000,1.602870,0.740016,16157
13,5,6584,pixel3,cifar10,94.160000,15.720300,0.740016,16157
13,5,6111,pixel3,cifar10,94.373340,23.584800,0.740016,16157
13,5,11972,pixel3,cifar10,91.510000,5.627010,0.740016,16157
13,5,13096,pixel3,cifar10,90.700000,2.666040,0.740016,16157
13,5,13171,pixel3,cifar10,93.530000,7.717220,0.740016,16157
13,5,7197,pixel3,cifar10,90.366670,2.447670,0.740016,16157
13,5,8695,pixel3,cifar10,94.220000,17.564500,0.740016,16157
13,5,1941,pixel3,cifar10,93.533330,9.128690,0.740016,16157
13,5,8592,pixel3,cifar10,93.750000,10.769800,0.740016,16157
13,5,1943,pixel3,cifar10,93.116670,6.492030,0.740016,16157
13,5,13987,pixel3,cifar10,93.596664,9.922680,0.740016,16157
13,5,7001,pixel3,cifar10,10.000000,0.003277,0.740016,16157
13,5,7017,pixel3,cifar10,86.970000,1.403930,0.740016,16157
13,5,6434,pixel3,cifar10,91.080000,4.811140,0.740016,16157
13,5,12452,pixel3,cifar10,91.350000,5.590110,0.740016,16157
13,5,294,pixel3,cifar10,92.096664,5.824630,0.740016,16157
13,6,11692,raspi4,cifar10,94.130000,37.583630,0.719829,16060
13,6,2058,raspi4,cifar10,93.270000,19.484835,0.719829,16060
13,6,11810,raspi4,cifar10,92.780000,18.619905,0.719829,16060
13,6,9980,raspi4,cifar10,10.000000,0.011284,0.719829,16060
13,6,6382,raspi4,cifar10,93.376660,21.461164,0.719829,16060
13,6,8876,raspi4,cifar10,88.910000,4.861280,0.719829,16060
13,6,4227,raspi4,cifar10,89.636665,5.014174,0.719829,16060
13,6,5111,raspi4,cifar10,94.306660,41.756905,0.719829,16060
13,6,6918,raspi4,cifar10,87.000000,2.787590,0.719829,16060
13,6,6111,raspi4,cifar10,94.373340,68.404106,0.719829,16060
13,6,8008,raspi4,cifar10,93.480000,22.571420,0.719829,16060
13,6,5780,raspi4,cifar10,93.980000,34.928463,0.719829,16060
13,6,3731,raspi4,cifar10,94.343330,58.070793,0.719829,16060
13,6,9380,raspi4,cifar10,89.335000,4.875613,0.719829,16060
13,6,8426,raspi4,cifar10,93.840000,31.394428,0.719829,16060
13,6,3687,raspi4,cifar10,89.820000,5.156255,0.719829,16060
13,6,3681,raspi4,cifar10,89.673330,5.140564,0.719829,16060
13,6,6930,raspi4,cifar10,88.900000,4.827062,0.719829,16060
13,6,14565,raspi4,cifar10,88.880000,4.781183,0.719829,16060
13,6,1941,raspi4,cifar10,93.533330,25.121769,0.719829,16060
13,6,2002,raspi4,cifar10,88.893330,4.817687,0.719829,16060
13,6,12639,raspi4,cifar10,90.990000,11.857850,0.719829,16060
13,6,8592,raspi4,cifar10,93.750000,25.477009,0.719829,16060
13,6,11533,raspi4,cifar10,93.420000,21.715693,0.719829,16060
13,6,12238,raspi4,cifar10,91.690000,16.046099,0.719829,16060
13,6,7017,raspi4,cifar10,86.970000,2.544041,0.719829,16060
13,6,14677,raspi4,cifar10,88.670000,4.755260,0.719829,16060
13,6,13846,raspi4,cifar10,90.720000,7.176163,0.719829,16060
13,6,6960,raspi4,cifar10,92.280000,17.162752,0.719829,16060
13,6,1690,raspi4,cifar10,86.646670,2.536549,0.719829,16060
13,6,13611,raspi4,cifar10,92.490000,18.523302,0.719829,16060
13,6,1781,raspi4,cifar10,89.883330,5.961801,0.719829,16060
13,6,1962,raspi4,cifar10,86.530000,2.529453,0.719829,16060
13,6,7058,raspi4,cifar10,92.040000,16.469465,0.719829,16060
13,6,6584,raspi4,cifar10,94.160000,38.818527,0.719829,16060
13,6,8323,raspi4,cifar10,90.870000,7.426308,0.719829,16060
13,7,9997,edgegpu,cifar100,71.520000,3.466139,0.511470,16216
13,7,11810,edgegpu,cifar100,68.300000,1.779551,0.511470,16216
13,7,14677,edgegpu,cifar100,62.420000,1.746187,0.511470,16216
13,7,2778,edgegpu,cifar100,72.993330,6.134028,0.511470,16216
13,7,9930,edgegpu,cifar100,73.513336,6.803060,0.511470,16216
13,7,1509,edgegpu,cifar100,1.000000,0.505853,0.511470,16216
13,7,4954,edgegpu,cifar100,73.000000,6.669736,0.511470,16216
13,7,8912,edgegpu,cifar100,59.200000,1.441355,0.511470,16216
13,7,9922,edgegpu,cifar100,58.560000,1.428552,0.511470,16216
13,7,8401,edgegpu,cifar100,71.080000,3.302102,0.511470,16216
13,7,1425,edgegpu,cifar100,72.093330,5.310225,0.511470,16216
13,7,1038,edgegpu,cifar100,67.500000,1.758428,0.511470,16216
13,7,11885,edgegpu,cifar100,68.040000,1.776652,0.511470,16216
13,7,2304,edgegpu,cifar100,58.660000,1.440253,0.511470,16216
13,7,12415,edgegpu,cifar100,71.940000,4.828467,0.511470,16216
13,7,3888,edgegpu,cifar100,73.260000,6.797867,0.511470,16216
13,7,4418,edgegpu,cifar100,72.746666,5.352364,0.511470,16216
13,7,6381,edgegpu,cifar100,66.800000,1.753340,0.511470,16216
13,8,11533,edgetpu,cifar100,69.760000,0.635877,0.645929,16018
13,8,8401,edgetpu,cifar100,71.080000,0.728572,0.645929,16018
13,8,9930,edgetpu,cifar100,73.513336,1.454107,0.645929,16018
13,8,15363,edgetpu,cifar100,70.520000,0.676394,0.645929,16018
13,8,857,edgetpu,cifar100,72.880000,1.264168,0.645929,16018
13,8,12415,edgetpu,cifar100,71.940000,0.872299,0.645929,16018
13,8,1110,edgetpu,cifar100,58.840000,0.355938,0.645929,16018
13,8,1425,edgetpu,cifar100,72.093330,0.910660,0.645929,16018
13,8,9997,edgetpu,cifar100,71.520000,0.729986,0.645929,16018
13,8,5019,edgetpu,cifar100,58.880000,0.357058,0.645929,16018
13,8,4627,edgetpu,cifar100,69.600000,0.635153,0.645929,16018
13,8,577,edgetpu,cifar100,69.680000,0.635228,0.645929,16018
13,8,777,edgetpu,cifar100,58.650000,0.355588,0.645929,16018
13,8,10000,edgetpu,cifar100,73.160000,1.283461,0.645929,16018
13,8,3888,edgetpu,cifar100,73.260000,1.316226,0.645929,16018
13,8,797,edgetpu,cifar100,69.580000,0.633351,0.645929,16018
13,8,12761,edgetpu,cifar100,72.860000,1.225212,0.645929,16018
13,8,8638,edgetpu,cifar100,58.860000,0.356631,0.645929,16018
13,8,9271,edgetpu,cifar100,63.400000,0.393151,0.645929,16018
13,8,2705,edgetpu,cifar100,62.813330,0.393026,0.645929,16018
13,8,13829,edgetpu,cifar100,66.873340,0.485137,0.645929,16018
13,8,14945,edgetpu,cifar100,58.500000,0.354940,0.645929,16018
13,8,6358,edgetpu,cifar100,67.193340,0.486737,0.645929,16018
13,8,69,edgetpu,cifar100,71.020000,0.727259,0.645929,16018
13,8,10443,edgetpu,cifar100,68.300000,0.489020,0.645929,16018
13,8,11112,edgetpu,cifar100,66.893330,0.486713,0.645929,16018
13,8,12574,edgetpu,cifar100,72.740000,0.932430,0.645929,16018
13,8,898,edgetpu,cifar100,70.000000,0.636860,0.645929,16018
13,8,4418,edgetpu,cifar100,72.746666,1.093699,0.645929,16018
13,8,9541,edgetpu,cifar100,67.660000,0.486829,0.645929,16018
13,8,1383,edgetpu,cifar100,70.273330,0.673722,0.645929,16018
13,8,781,edgetpu,cifar100,67.960000,0.487922,0.645929,16018
13,8,4155,edgetpu,cifar100,62.306667,0.391442,0.645929,16018
13,9,14714,eyeriss,cifar100,71.280000,4.140160,0.464278,16577
13,9,12761,eyeriss,cifar100,72.860000,6.352000,0.464278,16577
13,9,5084,eyeriss,cifar100,58.813330,1.682560,0.464278,16577
13,9,9930,eyeriss,cifar100,73.513336,9.055360,0.464278,16577
13,9,3888,eyeriss,cifar100,73.260000,6.597760,0.464278,16577
13,9,12574,eyeriss,cifar100,72.740000,5.123200,0.464278,16577
13,9,3540,eyeriss,cifar100,71.500000,4.877440,0.464278,16577
13,9,5651,eyeriss,cifar100,64.690000,1.928320,0.464278,16577
13,9,10689,eyeriss,cifar100,67.500000,2.174080,0.464278,16577
13,9,12639,eyeriss,cifar100,68.000000,2.665600,0.464278,16577
13,9,12820,eyeriss,cifar100,67.720000,2.419840,0.464278,16577
13,9,6925,eyeriss,cifar100,71.220000,3.894400,0.464278,16577
13,9,6787,eyeriss,cifar100,70.720000,3.648640,0.464278,16577
13,9,4659,eyeriss,cifar100,70.060000,3.402880,0.464278,16577
13,10,12761,fpga,cifar100,72.860000,5.420960,0.493830,16223
13,10,11973,fpga,cifar100,70.340000,2.905760,0.493830,16223
13,10,5084,fpga,cifar100,58.813330,1.132960,0.493830,16223
13,10,6925,fpga,cifar100,71.220000,3.936160,0.493830,16223
13,10,5033,fpga,cifar100,59.060000,1.542560,0.493830,16223
13,10,9930,fpga,cifar100,73.513336,7.420960,0.493830,16223
13,10,12574,fpga,cifar100,72.740000,4.678560,0.493830,16223
13,10,3540,fpga,cifar100,71.500000,4.163360,0.493830,16223
13,10,5743,fpga,cifar100,67.800000,2.800160,0.493830,16223
13,10,3888,fpga,cifar100,73.260000,5.936160,0.493830,16223
13,10,10689,fpga,cifar100,67.500000,2.163360,0.493830,16223
13,10,7250,fpga,cifar100,67.706665,2.390560,0.493830,16223
13,10,5651,fpga,cifar100,64.690000,1.648160,0.493830,16223
13,10,6787,fpga,cifar100,70.720000,3.420960,0.493830,16223
13,10,12295,fpga,cifar100,71.160000,3.648160,0.493830,16223
13,10,12820,fpga,cifar100,67.720000,2.678560,0.493830,16223
13,10,4711,fpga,cifar100,64.993330,2.057760,0.493830,16223
13,11,8912,pixel3,cifar100,59.200000,1.478790,0.731048,16024
13,11,8638,pixel3,cifar100,58.860000,1.478570,0.731048,16024
13,11,1616,pixel3,cifar100,63.946667,1.731160,0.731048,16024
13,11,1090,pixel3,cifar100,65.220000,2.811310,0.731048,16024
13,11,9930,pixel3,cifar100,73.513336,42.003600,0.731048,16024
13,11,1409,pixel3,cifar100,58.853333,1.275090,0.731048,16024
13,11,6787,pixel3,cifar100,70.720000,9.854430,0.731048,16024
13,11,15363,pixel3,cifar100,70.520000,9.708640,0.731048,16024
13,11,10689,pixel3,cifar100,67.500000,3.109220,0.731048,16024
13,11,858,pixel3,cifar100,64.133330,2.003500,0.731048,16024
13,11,12970,pixel3,cifar100,68.140000,4.782110,0.731048,16024
13,11,1459,pixel3,cifar100,73.140000,23.437900,0.731048,16024
13,11,6337,pixel3,cifar100,1.000000,0.008753,0.731048,16024
13,11,5651,pixel3,cifar100,64.690000,2.376870,0.731048,16024
13,11,12574,pixel3,cifar100,72.740000,16.473900,0.731048,16024
13,11,1939,pixel3,cifar100,70.760000,10.895600,0.731048,16024
13,11,3888,pixel3,cifar100,73.260000,23.477200,0.731048,16024
13,11,699,pixel3,cifar100,72.240000,12.079400,0.731048,16024
13,11,777,pixel3,cifar100,58.650000,1.087020,0.731048,16024
13,11,898,pixel3,cifar100,70.000000,6.516140,0.731048,16024
13,11,724,pixel3,cifar100,67.053340,2.875650,0.731048,16024
13,11,906,pixel3,cifar100,62.393333,1.661810,0.731048,16024
13,11,3192,pixel3,cifar100,71.133330,11.671300,0.731048,16024
13,11,857,pixel3,cifar100,72.880000,19.113200,0.731048,16024
13,11,572,pixel3,cifar100,70.313330,8.017480,0.731048,16024
13,11,375,pixel3,cifar100,64.440000,2.363140,0.731048,16024
13,11,1593,pixel3,cifar100,62.126667,1.582050,0.731048,16024
13,11,485,pixel3,cifar100,67.593330,4.124800,0.731048,16024
13,11,1450,pixel3,cifar100,70.506670,9.337360,0.731048,16024
13,11,1631,pixel3,cifar100,63.986668,1.805000,0.731048,16024
13,12,14792,raspi4,cifar100,69.500000,19.111843,0.714528,16054
13,12,15589,raspi4,cifar100,59.060000,2.795078,0.714528,16054
13,12,14112,raspi4,cifar100,68.386665,14.423308,0.714528,16054
13,12,1459,raspi4,cifar100,73.140000,53.879950,0.714528,16054
13,12,8740,raspi4,cifar100,1.000000,0.015215,0.714528,16054
13,12,4418,raspi4,cifar100,72.746666,47.162354,0.714528,16054
13,12,9930,raspi4,cifar100,73.513336,71.152000,0.714528,16054
13,12,2222,raspi4,cifar100,58.313330,2.538255,0.714528,16054
13,12,3888,raspi4,cifar100,73.260000,55.029520,0.714528,16054
13,12,14714,raspi4,cifar100,71.280000,24.692347,0.714528,16054
13,12,375,raspi4,cifar100,64.440000,5.099302,0.714528,16054
13,12,9926,raspi4,cifar100,63.520000,4.999532,0.714528,16054
13,12,2058,raspi4,cifar100,69.613335,20.052132,0.714528,16054
13,12,6925,raspi4,cifar100,71.220000,24.195030,0.714528,16054
13,12,10181,raspi4,cifar100,62.320000,4.816876,0.714528,16054
13,12,10222,raspi4,cifar100,58.860000,2.747804,0.714528,16054
13,12,8781,raspi4,cifar100,62.473330,4.843347,0.714528,16054
13,12,14612,raspi4,cifar100,58.720000,2.563505,0.714528,16054
13,12,12574,raspi4,cifar100,72.740000,36.371254,0.714528,16054
13,12,12761,raspi4,cifar100,72.860000,53.718200,0.714528,16054
13,12,9997,raspi4,cifar100,71.520000,34.996710,0.714528,16054
13,12,14811,raspi4,cifar100,69.680000,20.361189,0.714528,16054
13,12,8912,raspi4,cifar100,59.200000,2.818969,0.714528,16054
13,12,1710,raspi4,cifar100,66.980000,9.885672,0.714528,16054
13,12,2035,raspi4,cifar100,63.926666,5.005698,0.714528,16054
13,12,3408,raspi4,cifar100,63.993332,5.081906,0.714528,16054
13,12,3487,raspi4,cifar100,70.093330,21.603350,0.714528,16054
13,12,15246,raspi4,cifar100,66.966670,7.350053,0.714528,16054
13,12,13430,raspi4,cifar100,66.700000,7.203785,0.714528,16054
13,12,6918,raspi4,cifar100,58.800000,2.571364,0.714528,16054
13,12,10042,raspi4,cifar100,64.880000,5.100886,0.714528,16054
13,12,6830,raspi4,cifar100,71.460000,34.491814,0.714528,16054
13,12,12915,raspi4,cifar100,66.950000,7.226311,0.714528,16054
13,12,11533,raspi4,cifar100,69.760000,21.446177,0.714528,16054
13,12,6787,raspi4,cifar100,70.720000,23.081835,0.714528,16054
13,12,6822,raspi4,cifar100,58.426666,2.558594,0.714528,16054
13,12,1357,raspi4,cifar100,67.480000,10.177114,0.714528,16054
13,12,8697,raspi4,cifar100,62.520000,4.854997,0.714528,16054
13,12,6294,raspi4,cifar100,66.973335,7.376450,0.714528,16054
13,12,10166,raspi4,cifar100,62.700000,4.857379,0.714528,16054
13,12,4806,raspi4,cifar100,62.270000,4.787734,0.714528,16054
13,12,15363,raspi4,cifar100,70.520000,21.809430,0.714528,16054
13,13,14840,edgegpu,ImageNet16-120,45.311110,4.224715,0.613089,16228
13,13,5374,edgegpu,ImageNet16-120,46.766666,5.294285,0.613089,16228
13,13,4332,edgegpu,ImageNet16-120,39.444443,1.745496,0.613089,16228
13,13,12415,edgegpu,ImageNet16-120,46.566666,4.667692,0.613089,16228
13,13,15159,edgegpu,ImageNet16-120,45.566666,4.632421,0.613089,16228
13,13,15383,edgegpu,ImageNet16-120,47.033333,6.262836,0.613089,16228
13,13,8426,edgegpu,ImageNet16-120,44.633335,3.370147,0.613089,16228
13,13,12812,edgegpu,ImageNet16-120,40.100000,3.174190,0.613089,16228
13,13,7760,edgegpu,ImageNet16-120,39.100000,1.743751,0.613089,16228
13,13,7187,edgegpu,ImageNet16-120,28.683332,1.443858,0.613089,16228
13,13,857,edgegpu,ImageNet16-120,47.311110,6.707663,0.613089,16228
13,13,2650,edgegpu,ImageNet16-120,42.433334,3.309817,0.613089,16228
13,13,5751,edgegpu,ImageNet16-120,40.044445,2.434626,0.613089,16228
13,13,8401,edgegpu,ImageNet16-120,43.833332,3.322444,0.613089,16228
13,13,8884,edgegpu,ImageNet16-120,45.033333,3.499999,0.613089,16228
13,13,6950,edgegpu,ImageNet16-120,38.700000,1.740150,0.613089,16228
13,13,15288,edgegpu,ImageNet16-120,28.422222,1.417041,0.613089,16228
13,13,14612,edgegpu,ImageNet16-120,28.488890,1.434064,0.613089,16228
13,13,4988,edgegpu,ImageNet16-120,28.933332,1.448212,0.613089,16228
13,13,4587,edgegpu,ImageNet16-120,28.800000,1.445131,0.613089,16228
13,13,15376,edgegpu,ImageNet16-120,0.833333,0.533953,0.613089,16228
13,13,4946,edgegpu,ImageNet16-120,44.700000,3.490419,0.613089,16228
13,13,9722,edgegpu,ImageNet16-120,44.000000,3.327813,0.613089,16228
13,13,14117,edgegpu,ImageNet16-120,28.677778,1.435547,0.613089,16228
13,13,1164,edgegpu,ImageNet16-120,28.522223,1.435223,0.613089,16228
13,13,4160,edgegpu,ImageNet16-120,39.833332,1.756272,0.613089,16228
13,13,10699,edgegpu,ImageNet16-120,46.833332,6.223283,0.613089,16228
13,14,857,edgetpu,ImageNet16-120,47.311110,0.997730,0.638476,16291
13,14,7750,edgetpu,ImageNet16-120,43.066666,0.551617,0.638476,16291
13,14,12415,edgetpu,ImageNet16-120,46.566666,0.710906,0.638476,16291
13,14,70,edgetpu,ImageNet16-120,39.377777,0.428228,0.638476,16291
13,14,6407,edgetpu,ImageNet16-120,32.333332,0.363748,0.638476,16291
13,14,7273,edgetpu,ImageNet16-120,42.966667,0.550014,0.638476,16291
13,14,15363,edgetpu,ImageNet16-120,44.333332,0.582280,0.638476,16291
13,14,9109,edgetpu,ImageNet16-120,39.466667,0.428971,0.638476,16291
13,14,3540,edgetpu,ImageNet16-120,45.122223,0.648670,0.638476,16291
13,14,4160,edgetpu,ImageNet16-120,39.833332,0.430355,0.638476,16291
13,14,779,edgetpu,ImageNet16-120,32.700000,0.366534,0.638476,16291
13,14,5751,edgetpu,ImageNet16-120,40.044445,0.516992,0.638476,16291
13,14,14840,edgetpu,ImageNet16-120,45.311110,0.666690,0.638476,16291
13,14,15383,edgetpu,ImageNet16-120,47.033333,0.780914,0.638476,16291
13,14,10340,edgetpu,ImageNet16-120,31.522223,0.363639,0.638476,16291
13,14,7174,edgetpu,ImageNet16-120,33.116665,0.391775,0.638476,16291
13,14,10750,edgetpu,ImageNet16-120,44.600000,0.615553,0.638476,16291
13,14,6520,edgetpu,ImageNet16-120,32.383335,0.363944,0.638476,16291
13,14,6858,edgetpu,ImageNet16-120,40.333332,0.541300,0.638476,16291
13,14,6950,edgetpu,ImageNet16-120,38.700000,0.427379,0.638476,16291
13,14,4988,edgetpu,ImageNet16-120,28.933332,0.360694,0.638476,16291
13,14,14527,edgetpu,ImageNet16-120,28.133333,0.358865,0.638476,16291
13,14,11885,edgetpu,ImageNet16-120,39.166668,0.427395,0.638476,16291
13,14,13931,edgetpu,ImageNet16-120,28.788889,0.360349,0.638476,16291
13,14,8884,edgetpu,ImageNet16-120,45.033333,0.615792,0.638476,16291
13,14,4627,edgetpu,ImageNet16-120,43.500000,0.552306,0.638476,16291
13,14,4977,edgetpu,ImageNet16-120,32.966667,0.367728,0.638476,16291
13,14,13769,edgetpu,ImageNet16-120,41.555557,0.549360,0.638476,16291
13,14,10332,edgetpu,ImageNet16-120,40.033333,0.516152,0.638476,16291
13,14,10888,edgetpu,ImageNet16-120,28.333334,0.359044,0.638476,16291
13,14,4830,edgetpu,ImageNet16-120,42.233334,0.549457,0.638476,16291
13,15,6787,eyeriss,ImageNet16-120,44.400000,0.914560,0.449997,16528
13,15,4829,eyeriss,ImageNet16-120,34.200000,0.484480,0.449997,16528
13,15,15383,eyeriss,ImageNet16-120,47.033333,1.283200,0.449997,16528
13,15,8853,eyeriss,ImageNet16-120,45.600000,1.037440,0.449997,16528
13,15,1939,eyeriss,ImageNet16-120,45.077778,0.976000,0.449997,16528
13,15,2835,eyeriss,ImageNet16-120,38.222220,0.545920,0.449997,16528
13,15,5487,eyeriss,ImageNet16-120,38.500000,0.607360,0.449997,16528
13,15,8008,eyeriss,ImageNet16-120,43.500000,0.853120,0.449997,16528
13,15,4988,eyeriss,ImageNet16-120,28.933332,0.423040,0.449997,16528
13,15,857,eyeriss,ImageNet16-120,47.311110,1.651840,0.449997,16528
13,15,14417,eyeriss,ImageNet16-120,45.900000,1.098880,0.449997,16528
13,15,6854,eyeriss,ImageNet16-120,40.800000,0.668800,0.449997,16528
13,16,6868,fpga,ImageNet16-120,39.000000,0.649120,0.565217,16111
13,16,9149,fpga,ImageNet16-120,46.900000,1.971200,0.565217,16111
13,16,4829,fpga,ImageNet16-120,34.200000,0.415520,0.565217,16111
13,16,5374,fpga,ImageNet16-120,46.766666,1.945600,0.565217,16111
13,16,4988,fpga,ImageNet16-120,28.933332,0.284320,0.565217,16111
13,16,11079,fpga,ImageNet16-120,43.566666,0.902400,0.565217,16111
13,16,11161,fpga,ImageNet16-120,34.500000,0.517920,0.565217,16111
13,16,9586,fpga,ImageNet16-120,46.933334,2.387200,0.565217,16111
13,16,5111,fpga,ImageNet16-120,46.588890,1.596800,0.565217,16111
13,16,6854,fpga,ImageNet16-120,40.800000,0.809120,0.565217,16111
13,16,13778,fpga,ImageNet16-120,46.277780,1.504000,0.565217,16111
13,16,10017,fpga,ImageNet16-120,40.566666,0.784000,0.565217,16111
13,16,14990,fpga,ImageNet16-120,43.888890,0.969600,0.565217,16111
13,16,14417,fpga,ImageNet16-120,45.900000,1.276320,0.565217,16111
13,16,2835,fpga,ImageNet16-120,38.222220,0.546720,0.565217,16111
13,16,15446,fpga,ImageNet16-120,45.766666,1.116320,0.565217,16111
13,16,11593,fpga,ImageNet16-120,40.166668,0.780320,0.565217,16111
13,16,1939,fpga,ImageNet16-120,45.077778,1.062400,0.565217,16111
13,16,8008,fpga,ImageNet16-120,43.500000,0.876800,0.565217,16111
13,17,11079,pixel3,ImageNet16-120,43.566666,2.479610,0.730743,15838
13,17,11000,pixel3,ImageNet16-120,44.866665,2.962520,0.730743,15838
13,17,7187,pixel3,ImageNet16-120,28.683332,0.425223,0.730743,15838
13,17,3728,pixel3,ImageNet16-120,28.500000,0.422880,0.730743,15838
13,17,8853,pixel3,ImageNet16-120,45.600000,3.554540,0.730743,15838
13,17,4432,pixel3,ImageNet16-120,37.800000,0.861157,0.730743,15838
13,17,6294,pixel3,ImageNet16-120,38.011112,0.869124,0.730743,15838
13,17,4977,pixel3,ImageNet16-120,32.966667,0.617991,0.730743,15838
13,17,735,pixel3,ImageNet16-120,38.544445,1.107950,0.730743,15838
13,17,1549,pixel3,ImageNet16-120,28.655556,0.424747,0.730743,15838
13,17,6854,pixel3,ImageNet16-120,40.800000,1.621620,0.730743,15838
13,17,12452,pixel3,ImageNet16-120,40.533333,1.504410,0.730743,15838
13,17,1425,pixel3,ImageNet16-120,45.977780,4.619290,0.730743,15838
13,17,1110,pixel3,ImageNet16-120,28.600000,0.423927,0.730743,15838
13,17,13756,pixel3,ImageNet16-120,0.833333,0.005289,0.730743,15838
13,17,8584,pixel3,ImageNet16-120,34.088890,0.664046,0.730743,15838
13,17,898,pixel3,ImageNet16-120,42.466667,2.467210,0.730743,15838
13,17,2899,pixel3,ImageNet16-120,43.911110,2.701210,0.730743,15838
13,17,12103,pixel3,ImageNet16-120,28.250000,0.422433,0.730743,15838
13,17,872,pixel3,ImageNet16-120,41.777780,2.465030,0.730743,15838
13,17,4895,pixel3,ImageNet16-120,33.200000,0.619070,0.730743,15838
13,17,10888,pixel3,ImageNet16-120,28.333334,0.422652,0.730743,15838
13,17,12639,pixel3,ImageNet16-120,40.400000,1.304440,0.730743,15838
13,17,4587,pixel3,ImageNet16-120,28.800000,0.445767,0.730743,15838
13,17,9805,pixel3,ImageNet16-120,34.133335,0.791370,0.730743,15838
13,17,4829,pixel3,ImageNet16-120,34.200000,0.795625,0.730743,15838
13,17,4988,pixel3,ImageNet16-120,28.933332,0.485996,0.730743,15838
13,17,857,pixel3,ImageNet16-120,47.311110,6.686850,0.730743,15838
13,17,10154,pixel3,ImageNet16-120,46.133335,4.783700,0.730743,15838
13,17,1939,pixel3,ImageNet16-120,45.077778,3.021500,0.730743,15838
13,17,9496,pixel3,ImageNet16-120,38.200000,1.024960,0.730743,15838
13,17,2018,pixel3,ImageNet16-120,46.433334,4.949210,0.730743,15838
13,17,14417,pixel3,ImageNet16-120,45.900000,4.143030,0.730743,15838
13,17,12424,pixel3,ImageNet16-120,43.133330,2.470150,0.730743,15838
13,17,15383,pixel3,ImageNet16-120,47.033333,5.191720,0.730743,15838
13,17,12516,pixel3,ImageNet16-120,32.083332,0.617816,0.730743,15838
13,17,6014,pixel3,ImageNet16-120,28.533333,0.423391,0.730743,15838
13,18,13771,raspi4,ImageNet16-120,32.744446,1.533813,0.900596,16166
13,18,8584,raspi4,ImageNet16-120,34.088890,1.586268,0.900596,16166
13,18,7454,raspi4,ImageNet16-120,43.188890,4.468903,0.900596,16166
13,18,6787,raspi4,ImageNet16-120,44.400000,4.532777,0.900596,16166
13,18,3960,raspi4,ImageNet16-120,37.755554,2.197980,0.900596,16166
13,18,11946,raspi4,ImageNet16-120,28.200000,0.940293,0.900596,16166
13,18,10715,raspi4,ImageNet16-120,45.533333,6.790813,0.900596,16166
13,18,15363,raspi4,ImageNet16-120,44.333332,4.480516,0.900596,16166
13,18,10835,raspi4,ImageNet16-120,45.233334,6.632419,0.900596,16166
13,18,219,raspi4,ImageNet16-120,42.500000,3.768475,0.900596,16166
13,18,6519,raspi4,ImageNet16-120,40.183334,3.212652,0.900596,16166
13,18,7551,raspi4,ImageNet16-120,38.477780,2.950436,0.900596,16166
13,18,11177,raspi4,ImageNet16-120,33.200000,1.573414,0.900596,16166
13,18,15383,raspi4,ImageNet16-120,47.033333,8.565354,0.900596,16166
13,18,4988,raspi4,ImageNet16-120,28.933332,1.003251,0.900596,16166
13,18,2779,raspi4,ImageNet16-120,37.355556,2.190654,0.900596,16166
13,18,7187,raspi4,ImageNet16-120,28.683332,0.952790,0.900596,16166
13,18,13284,raspi4,ImageNet16-120,40.177776,3.191073,0.900596,16166
13,18,14792,raspi4,ImageNet16-120,43.033333,3.792447,0.900596,16166
13,18,3782,raspi4,ImageNet16-120,41.866665,3.755286,0.900596,16166
13,18,857,raspi4,ImageNet16-120,47.311110,9.020064,0.900596,16166
13,18,933,raspi4,ImageNet16-120,0.833333,0.011514,0.900596,16166
13,18,8355,raspi4,ImageNet16-120,39.666668,3.083286,0.900596,16166
13,18,12424,raspi4,ImageNet16-120,43.133330,3.805729,0.900596,16166
13,18,5973,raspi4,ImageNet16-120,40.100000,3.159922,0.900596,16166
13,18,4995,raspi4,ImageNet16-120,42.166668,3.766336,0.900596,16166
13,18,5637,raspi4,ImageNet16-120,33.933334,1.580707,0.900596,16166
13,18,5455,raspi4,ImageNet16-120,32.611110,1.532377,0.900596,16166
13,18,2018,raspi4,ImageNet16-120,46.433334,7.482383,0.900596,16166
13,18,9032,raspi4,ImageNet16-120,38.016666,2.201532,0.900596,16166
13,18,3431,raspi4,ImageNet16-120,32.966667,1.536690,0.900596,16166
13,18,6854,raspi4,ImageNet16-120,40.800000,3.661016,0.900596,16166
13,18,1939,raspi4,ImageNet16-120,45.077778,5.341908,0.900596,16166
13,18,14417,raspi4,ImageNet16-120,45.900000,6.948865,0.900596,16166
13,18,12505,raspi4,ImageNet16-120,39.283333,3.062432,0.900596,16166
13,18,11584,raspi4,ImageNet16-120,46.666668,8.014434,0.900596,16166
13,18,3650,raspi4,ImageNet16-120,43.866665,4.475790,0.900596,16166
13,18,8884,raspi4,ImageNet16-120,45.033333,5.293177,0.900596,16166
13,18,3192,raspi4,ImageNet16-120,45.477780,6.675633,0.900596,16166
13,18,1188,raspi4,ImageNet16-120,32.455555,1.526725,0.900596,16166
13,18,9496,raspi4,ImageNet16-120,38.200000,2.204048,0.900596,16166
13,18,12639,raspi4,ImageNet16-120,40.400000,3.628959,0.900596,16166
13,18,10217,raspi4,ImageNet16-120,45.100000,6.109362,0.900596,16166
13,18,1413,raspi4,ImageNet16-120,42.711113,3.788479,0.900596,16166
13,18,11438,raspi4,ImageNet16-120,39.733334,3.150053,0.900596,16166
13,18,13059,raspi4,ImageNet16-120,34.266666,1.595651,0.900596,16166
13,18,8426,raspi4,ImageNet16-120,44.633335,5.288439,0.900596,16166
13,18,13931,raspi4,ImageNet16-120,28.788889,0.956195,0.900596,16166
13,18,10472,raspi4,ImageNet16-120,39.633335,3.079679,0.900596,16166
13,18,6336,raspi4,ImageNet16-120,39.366665,3.073392,0.900596,16166
14,1,13401,edgegpu,cifar10,87.010000,1.457009,0.615032,16349
14,1,10222,edgegpu,cifar10,86.200000,1.429176,0.615032,16349
14,1,11810,edgegpu,cifar10,92.780000,1.992798,0.615032,16349
14,1,2776,edgegpu,cifar10,93.666664,3.331194,0.615032,16349
14,1,11692,edgegpu,cifar10,94.130000,4.708362,0.615032,16349
14,1,1339,edgegpu,cifar10,92.136665,1.751881,0.615032,16349
14,1,5780,edgegpu,cifar10,93.980000,3.361888,0.615032,16349
14,1,1601,edgegpu,cifar10,86.336670,1.433892,0.615032,16349
14,1,9099,edgegpu,cifar10,93.940000,3.357520,0.615032,16349
14,1,1099,edgegpu,cifar10,92.240000,1.774683,0.615032,16349
14,1,10484,edgegpu,cifar10,93.810000,3.354015,0.615032,16349
14,1,13714,edgegpu,cifar10,94.373340,6.772180,0.615032,16349
14,1,1459,edgegpu,cifar10,94.296670,6.748991,0.615032,16349
14,1,2053,edgegpu,cifar10,94.206665,5.482254,0.615032,16349
14,1,5292,edgegpu,cifar10,94.293335,6.663151,0.615032,16349
14,1,6259,edgegpu,cifar10,86.443340,1.433926,0.615032,16349
14,1,14527,edgegpu,cifar10,86.765000,1.439619,0.615032,16349
14,1,11438,edgegpu,cifar10,92.500000,1.846719,0.615032,16349
14,1,6950,edgegpu,cifar10,92.000000,1.738467,0.615032,16349
14,1,14407,edgegpu,cifar10,86.770000,1.440282,0.615032,16349
14,1,15200,edgegpu,cifar10,10.000000,0.501385,0.615032,16349
14,1,561,edgegpu,cifar10,86.880000,1.451068,0.615032,16349
14,1,14392,edgegpu,cifar10,86.520000,1.435742,0.615032,16349
14,1,12113,edgegpu,cifar10,92.245000,1.846456,0.615032,16349
14,1,1549,edgegpu,cifar10,86.710000,1.436324,0.615032,16349
14,1,6330,edgegpu,cifar10,94.006670,4.384699,0.615032,16349
14,2,11692,edgetpu,cifar10,94.130000,0.761100,0.559319,16328
14,2,13714,edgetpu,cifar10,94.373340,1.377865,0.559319,16328
14,2,3927,edgetpu,cifar10,93.626660,0.723268,0.559319,16328
14,2,2734,edgetpu,cifar10,92.086670,0.481291,0.559319,16328
14,2,6382,edgetpu,cifar10,93.376660,0.628638,0.559319,16328
14,2,5780,edgetpu,cifar10,93.980000,0.723967,0.559319,16328
14,2,5647,edgetpu,cifar10,89.110000,0.389378,0.559319,16328
14,2,6863,edgetpu,cifar10,86.740000,0.369590,0.559319,16328
14,2,8192,edgetpu,cifar10,93.093330,0.627745,0.559319,16328
14,2,2053,edgetpu,cifar10,94.206665,1.042178,0.559319,16328
14,2,5111,edgetpu,cifar10,94.306660,1.152010,0.559319,16328
14,2,2385,edgetpu,cifar10,86.706665,0.369095,0.559319,16328
14,2,2485,edgetpu,cifar10,86.700000,0.346546,0.559319,16328
14,2,6515,edgetpu,cifar10,93.616670,0.722858,0.559319,16328
14,2,7636,edgetpu,cifar10,92.270000,0.481888,0.559319,16328
14,2,3487,edgetpu,cifar10,93.293335,0.628484,0.559319,16328
14,2,8525,edgetpu,cifar10,89.320000,0.420874,0.559319,16328
14,2,9950,edgetpu,cifar10,93.840000,0.723767,0.559319,16328
14,2,6918,edgetpu,cifar10,87.000000,0.375819,0.559319,16328
14,2,10167,edgetpu,cifar10,92.020000,0.481180,0.559319,16328
14,2,970,edgetpu,cifar10,86.770000,0.371488,0.559319,16328
14,2,8370,edgetpu,cifar10,86.703330,0.368887,0.559319,16328
14,2,55,edgetpu,cifar10,86.756670,0.370200,0.559319,16328
14,2,797,edgetpu,cifar10,93.280000,0.627996,0.559319,16328
14,2,7937,edgetpu,cifar10,88.610000,0.388867,0.559319,16328
14,2,4161,edgetpu,cifar10,89.250000,0.391221,0.559319,16328
14,2,6584,edgetpu,cifar10,94.160000,0.888877,0.559319,16328
14,3,3687,eyeriss,cifar10,89.820000,1.925300,0.454340,16390
14,3,8592,eyeriss,cifar10,93.750000,3.891380,0.454340,16390
14,3,11472,eyeriss,cifar10,93.970000,4.628660,0.454340,16390
14,3,6111,eyeriss,cifar10,94.373340,7.823540,0.454340,16390
14,3,5111,eyeriss,cifar10,94.306660,5.365940,0.454340,16390
14,3,3731,eyeriss,cifar10,94.343330,6.594740,0.454340,16390
14,3,8323,eyeriss,cifar10,90.870000,2.171060,0.454340,16390
14,3,11692,eyeriss,cifar10,94.130000,4.874420,0.454340,16390
14,3,4384,eyeriss,cifar10,86.796670,1.679540,0.454340,16390
14,3,8008,eyeriss,cifar10,93.480000,3.399860,0.454340,16390
14,3,13611,eyeriss,cifar10,92.490000,3.154100,0.454340,16390
14,3,13714,eyeriss,cifar10,94.373340,7.823540,0.454340,16390
14,3,6854,eyeriss,cifar10,91.040000,2.662580,0.454340,16390
14,3,13987,eyeriss,cifar10,93.596664,3.645620,0.454340,16390
14,4,3731,fpga,cifar10,94.343330,5.936160,0.475135,16333
14,4,15558,fpga,cifar10,92.350000,2.800160,0.475135,16333
14,4,11476,fpga,cifar10,92.136665,2.390560,0.475135,16333
14,4,5111,fpga,cifar10,94.306660,5.193760,0.475135,16333
14,4,6111,fpga,cifar10,94.373340,6.678560,0.475135,16333
14,4,4384,fpga,cifar10,86.796670,1.132960,0.475135,16333
14,4,8008,fpga,cifar10,93.480000,2.905760,0.475135,16333
14,4,13987,fpga,cifar10,93.596664,3.420960,0.475135,16333
14,4,13714,fpga,cifar10,94.373340,6.678560,0.475135,16333
14,4,11472,fpga,cifar10,93.970000,3.648160,0.475135,16333
14,4,10431,fpga,cifar10,87.000000,1.542560,0.475135,16333
14,4,8323,fpga,cifar10,90.870000,2.163360,0.475135,16333
14,4,6584,fpga,cifar10,94.160000,4.163360,0.475135,16333
14,4,12438,fpga,cifar10,89.875000,1.648160,0.475135,16333
14,5,10689,pixel3,cifar10,90.790000,2.669770,0.797419,16046
14,5,4554,pixel3,cifar10,86.670000,1.114880,0.797419,16046
14,5,12452,pixel3,cifar10,91.350000,5.590110,0.797419,16046
14,5,6111,pixel3,cifar10,94.373340,23.584800,0.797419,16046
14,5,1778,pixel3,cifar10,92.180000,6.446230,0.797419,16046
14,5,1497,pixel3,cifar10,86.556660,1.056630,0.797419,16046
14,5,1631,pixel3,cifar10,89.506670,1.697120,0.797419,16046
14,5,3731,pixel3,cifar10,94.343330,23.361300,0.797419,16046
14,5,6999,pixel3,cifar10,93.820000,12.260900,0.797419,16046
14,5,6918,pixel3,cifar10,87.000000,1.478790,0.797419,16046
14,5,11692,pixel3,cifar10,94.130000,15.490100,0.797419,16046
14,5,1339,pixel3,cifar10,92.136665,5.802240,0.797419,16046
14,5,8695,pixel3,cifar10,94.220000,17.564500,0.797419,16046
14,5,6382,pixel3,cifar10,93.376660,7.048190,0.797419,16046
14,5,9230,pixel3,cifar10,86.580000,1.056760,0.797419,16046
14,5,1943,pixel3,cifar10,93.116670,6.492030,0.797419,16046
14,5,7001,pixel3,cifar10,10.000000,0.003277,0.797419,16046
14,5,1425,pixel3,cifar10,93.933334,12.536500,0.797419,16046
14,5,1804,pixel3,cifar10,89.063330,1.579900,0.797419,16046
14,5,11972,pixel3,cifar10,91.510000,5.627010,0.797419,16046
14,5,8323,pixel3,cifar10,90.870000,3.106420,0.797419,16046
14,5,7341,pixel3,cifar10,86.720000,1.270180,0.797419,16046
14,5,12970,pixel3,cifar10,90.970000,4.723840,0.797419,16046
14,5,13171,pixel3,cifar10,93.530000,7.717220,0.797419,16046
14,5,8592,pixel3,cifar10,93.750000,10.769800,0.797419,16046
14,5,6434,pixel3,cifar10,91.080000,4.811140,0.797419,16046
14,5,13987,pixel3,cifar10,93.596664,9.922680,0.797419,16046
14,5,12820,pixel3,cifar10,90.880000,3.982790,0.797419,16046
14,5,13869,pixel3,cifar10,93.656670,10.634700,0.797419,16046
14,5,5111,pixel3,cifar10,94.306660,17.584600,0.797419,16046
14,5,4731,pixel3,cifar10,90.360000,2.573470,0.797419,16046
14,5,7017,pixel3,cifar10,86.970000,1.403930,0.797419,16046
14,5,5224,pixel3,cifar10,88.980000,1.570360,0.797419,16046
14,5,8708,pixel3,cifar10,94.080000,12.839000,0.797419,16046
14,5,6491,pixel3,cifar10,89.803340,2.032570,0.797419,16046
14,5,296,pixel3,cifar10,89.713330,1.805350,0.797419,16046
14,5,25,pixel3,cifar10,86.540000,1.054570,0.797419,16046
14,5,8720,pixel3,cifar10,89.875000,2.362840,0.797419,16046
14,5,2035,pixel3,cifar10,89.670000,1.706480,0.797419,16046
14,6,8008,raspi4,cifar10,93.480000,22.571420,0.726490,16021
14,6,6111,raspi4,cifar10,94.373340,68.404106,0.726490,16021
14,6,6382,raspi4,cifar10,93.376660,21.461164,0.726490,16021
14,6,3731,raspi4,cifar10,94.343330,58.070793,0.726490,16021
14,6,10412,raspi4,cifar10,93.530000,25.079220,0.726490,16021
14,6,1962,raspi4,cifar10,86.530000,2.529453,0.726490,16021
14,6,5111,raspi4,cifar10,94.306660,41.756905,0.726490,16021
14,6,13869,raspi4,cifar10,93.656670,25.787006,0.726490,16021
14,6,5780,raspi4,cifar10,93.980000,34.928463,0.726490,16021
14,6,7058,raspi4,cifar10,92.040000,16.469465,0.726490,16021
14,6,1690,raspi4,cifar10,86.646670,2.536549,0.726490,16021
14,6,1894,raspi4,cifar10,92.110000,17.550644,0.726490,16021
14,6,1781,raspi4,cifar10,89.883330,5.961801,0.726490,16021
14,6,11692,raspi4,cifar10,94.130000,37.583630,0.726490,16021
14,6,7207,raspi4,cifar10,89.803340,5.099723,0.726490,16021
14,6,8426,raspi4,cifar10,93.840000,31.394428,0.726490,16021
14,6,9271,raspi4,cifar10,89.250000,4.830311,0.726490,16021
14,6,7017,raspi4,cifar10,86.970000,2.544041,0.726490,16021
14,6,13846,raspi4,cifar10,90.720000,7.176163,0.726490,16021
14,6,5991,raspi4,cifar10,92.186670,17.979792,0.726490,16021
14,6,6577,raspi4,cifar10,10.000000,0.011297,0.726490,16021
14,6,6918,raspi4,cifar10,87.000000,2.787590,0.726490,16021
14,6,8323,raspi4,cifar10,90.870000,7.426308,0.726490,16021
14,6,11972,raspi4,cifar10,91.510000,12.403558,0.726490,16021
14,6,11810,raspi4,cifar10,92.780000,18.619905,0.726490,16021
14,6,4659,raspi4,cifar10,93.396670,22.249382,0.726490,16021
14,6,1099,raspi4,cifar10,92.240000,18.358124,0.726490,16021
14,6,2058,raspi4,cifar10,93.270000,19.484835,0.726490,16021
14,6,1941,raspi4,cifar10,93.533330,25.121769,0.726490,16021
14,6,14677,raspi4,cifar10,88.670000,4.755260,0.726490,16021
14,6,6584,raspi4,cifar10,94.160000,38.818527,0.726490,16021
14,6,14565,raspi4,cifar10,88.880000,4.781183,0.726490,16021
14,6,6953,raspi4,cifar10,91.990000,15.601654,0.726490,16021
14,6,8525,raspi4,cifar10,89.320000,4.900777,0.726490,16021
14,6,10445,raspi4,cifar10,90.940000,12.393285,0.726490,16021
14,6,2002,raspi4,cifar10,88.893330,4.817687,0.726490,16021
14,6,4078,raspi4,cifar10,89.526665,5.017905,0.726490,16021
14,7,9930,edgegpu,cifar100,73.513336,6.803060,0.598391,16268
14,7,9922,edgegpu,cifar100,58.560000,1.428552,0.598391,16268
14,7,3888,edgegpu,cifar100,73.260000,6.797867,0.598391,16268
14,7,4954,edgegpu,cifar100,73.000000,6.669736,0.598391,16268
14,7,2778,edgegpu,cifar100,72.993330,6.134028,0.598391,16268
14,7,1509,edgegpu,cifar100,1.000000,0.505853,0.598391,16268
14,7,8912,edgegpu,cifar100,59.200000,1.441355,0.598391,16268
14,7,12415,edgegpu,cifar100,71.940000,4.828467,0.598391,16268
14,7,2304,edgegpu,cifar100,58.660000,1.440253,0.598391,16268
14,7,14089,edgegpu,cifar100,61.806667,1.752892,0.598391,16268
14,7,4418,edgegpu,cifar100,72.746666,5.352364,0.598391,16268
14,7,8401,edgegpu,cifar100,71.080000,3.302102,0.598391,16268
14,7,11885,edgegpu,cifar100,68.040000,1.776652,0.598391,16268
14,7,9997,edgegpu,cifar100,71.520000,3.466139,0.598391,16268
14,7,13172,edgegpu,cifar100,62.180000,1.757636,0.598391,16268
14,7,11810,edgegpu,cifar100,68.300000,1.779551,0.598391,16268
14,7,1038,edgegpu,cifar100,67.500000,1.758428,0.598391,16268
14,8,3888,edgetpu,cifar100,73.260000,1.316226,0.647609,15924
14,8,12761,edgetpu,cifar100,72.860000,1.225212,0.647609,15924
14,8,15363,edgetpu,cifar100,70.520000,0.676394,0.647609,15924
14,8,11810,edgetpu,cifar100,68.300000,0.492126,0.647609,15924
14,8,69,edgetpu,cifar100,71.020000,0.727259,0.647609,15924
14,8,9930,edgetpu,cifar100,73.513336,1.454107,0.647609,15924
14,8,11112,edgetpu,cifar100,66.893330,0.486713,0.647609,15924
14,8,8401,edgetpu,cifar100,71.080000,0.728572,0.647609,15924
14,8,1110,edgetpu,cifar100,58.840000,0.355938,0.647609,15924
14,8,12574,edgetpu,cifar100,72.740000,0.932430,0.647609,15924
14,8,4418,edgetpu,cifar100,72.746666,1.093699,0.647609,15924
14,8,857,edgetpu,cifar100,72.880000,1.264168,0.647609,15924
14,8,1943,edgetpu,cifar100,69.626660,0.634759,0.647609,15924
14,8,8638,edgetpu,cifar100,58.860000,0.356631,0.647609,15924
14,8,2705,edgetpu,cifar100,62.813330,0.393026,0.647609,15924
14,8,12415,edgetpu,cifar100,71.940000,0.872299,0.647609,15924
14,8,10596,edgetpu,cifar100,67.633330,0.488672,0.647609,15924
14,8,1425,edgetpu,cifar100,72.093330,0.910660,0.647609,15924
14,8,797,edgetpu,cifar100,69.580000,0.633351,0.647609,15924
14,8,5019,edgetpu,cifar100,58.880000,0.357058,0.647609,15924
14,8,2648,edgetpu,cifar100,69.680000,0.635425,0.647609,15924
14,8,1973,edgetpu,cifar100,67.453330,0.488234,0.647609,15924
14,8,13731,edgetpu,cifar100,66.953330,0.487148,0.647609,15924
14,8,3303,edgetpu,cifar100,62.420000,0.392593,0.647609,15924
14,8,777,edgetpu,cifar100,58.650000,0.355588,0.647609,15924
14,8,14945,edgetpu,cifar100,58.500000,0.354940,0.647609,15924
14,8,10000,edgetpu,cifar100,73.160000,1.283461,0.647609,15924
14,8,9271,edgetpu,cifar100,63.400000,0.393151,0.647609,15924
14,8,14984,edgetpu,cifar100,67.166664,0.487587,0.647609,15924
14,8,898,edgetpu,cifar100,70.000000,0.636860,0.647609,15924
14,8,9997,edgetpu,cifar100,71.520000,0.729986,0.647609,15924
14,8,4155,edgetpu,cifar100,62.306667,0.391442,0.647609,15924
14,8,1383,edgetpu,cifar100,70.273330,0.673722,0.647609,15924
14,8,7760,edgetpu,cifar100,67.800000,0.489248,0.647609,15924
14,8,11885,edgetpu,cifar100,68.040000,0.489665,0.647609,15924
14,8,3379,edgetpu,cifar100,67.140000,0.487571,0.647609,15924
14,8,5851,edgetpu,cifar100,67.326670,0.487691,0.647609,15924
14,8,14816,edgetpu,cifar100,66.860000,0.486025,0.647609,15924
14,8,11533,edgetpu,cifar100,69.760000,0.635877,0.647609,15924
14,8,12607,edgetpu,cifar100,62.600000,0.392830,0.647609,15924
14,9,10689,eyeriss,cifar100,67.500000,2.174080,0.468459,16539
14,9,9930,eyeriss,cifar100,73.513336,9.055360,0.468459,16539
14,9,12761,eyeriss,cifar100,72.860000,6.352000,0.468459,16539
14,9,5651,eyeriss,cifar100,64.690000,1.928320,0.468459,16539
14,9,5084,eyeriss,cifar100,58.813330,1.682560,0.468459,16539
14,9,6925,eyeriss,cifar100,71.220000,3.894400,0.468459,16539
14,9,12574,eyeriss,cifar100,72.740000,5.123200,0.468459,16539
14,9,3888,eyeriss,cifar100,73.260000,6.597760,0.468459,16539
14,9,3540,eyeriss,cifar100,71.500000,4.877440,0.468459,16539
14,9,12820,eyeriss,cifar100,67.720000,2.419840,0.468459,16539
14,9,4659,eyeriss,cifar100,70.060000,3.402880,0.468459,16539
14,9,5725,eyeriss,cifar100,70.600000,3.648640,0.468459,16539
14,9,14714,eyeriss,cifar100,71.280000,4.140160,0.468459,16539
14,9,12970,eyeriss,cifar100,68.140000,2.665600,0.468459,16539
14,10,11000,fpga,cifar100,71.180000,3.936160,0.509987,16345
14,10,9930,fpga,cifar100,73.513336,7.420960,0.509987,16345
14,10,7250,fpga,cifar100,67.706665,2.390560,0.509987,16345
14,10,5084,fpga,cifar100,58.813330,1.132960,0.509987,16345
14,10,10689,fpga,cifar100,67.500000,2.163360,0.509987,16345
14,10,3888,fpga,cifar100,73.260000,5.936160,0.509987,16345
14,10,12295,fpga,cifar100,71.160000,3.648160,0.509987,16345
14,10,3540,fpga,cifar100,71.500000,4.163360,0.509987,16345
14,10,12761,fpga,cifar100,72.860000,5.420960,0.509987,16345
14,10,12820,fpga,cifar100,67.720000,2.678560,0.509987,16345
14,10,3687,fpga,cifar100,64.460000,1.648160,0.509987,16345
14,10,6787,fpga,cifar100,70.720000,3.420960,0.509987,16345
14,10,4659,fpga,cifar100,70.060000,2.905760,0.509987,16345
14,10,4249,fpga,cifar100,65.080000,2.057760,0.509987,16345
14,10,6830,fpga,cifar100,71.460000,4.057760,0.509987,16345
14,10,12574,fpga,cifar100,72.740000,4.678560,0.509987,16345
14,11,12574,pixel3,cifar100,72.740000,16.473900,0.671239,16083
14,11,1459,pixel3,cifar100,73.140000,23.437900,0.671239,16083
14,11,857,pixel3,cifar100,72.880000,19.113200,0.671239,16083
14,11,6337,pixel3,cifar100,1.000000,0.008753,0.671239,16083
14,11,5019,pixel3,cifar100,58.880000,1.483640,0.671239,16083
14,11,1357,pixel3,cifar100,67.480000,3.998260,0.671239,16083
14,11,9930,pixel3,cifar100,73.513336,42.003600,0.671239,16083
14,11,699,pixel3,cifar100,72.240000,12.079400,0.671239,16083
14,11,9649,pixel3,cifar100,64.540000,2.536210,0.671239,16083
14,11,1409,pixel3,cifar100,58.853333,1.275090,0.671239,16083
14,11,657,pixel3,cifar100,58.233334,1.233070,0.671239,16083
14,11,3888,pixel3,cifar100,73.260000,23.477200,0.671239,16083
14,11,6787,pixel3,cifar100,70.720000,9.854430,0.671239,16083
14,11,15589,pixel3,cifar100,59.060000,1.483890,0.671239,16083
14,11,906,pixel3,cifar100,62.393333,1.661810,0.671239,16083
14,11,8323,pixel3,cifar100,67.080000,3.106340,0.671239,16083
14,11,898,pixel3,cifar100,70.000000,6.516140,0.671239,16083
14,11,11000,pixel3,cifar100,71.180000,10.677600,0.671239,16083
14,11,12820,pixel3,cifar100,67.720000,4.806070,0.671239,16083
14,11,4659,pixel3,cifar100,70.060000,9.026280,0.671239,16083
14,11,858,pixel3,cifar100,64.133330,2.003500,0.671239,16083
14,11,485,pixel3,cifar100,67.593330,4.124800,0.671239,16083
14,11,1090,pixel3,cifar100,65.220000,2.811310,0.671239,16083
14,11,1450,pixel3,cifar100,70.506670,9.337360,0.671239,16083
14,11,1416,pixel3,cifar100,64.493330,2.084060,0.671239,16083
14,12,9926,raspi4,cifar100,63.520000,4.999532,0.728898,16010
14,12,4409,raspi4,cifar100,67.173330,7.228629,0.728898,16010
14,12,14612,raspi4,cifar100,58.720000,2.563505,0.728898,16010
14,12,9930,raspi4,cifar100,73.513336,71.152000,0.728898,16010
14,12,6957,raspi4,cifar100,66.720000,7.228374,0.728898,16010
14,12,4418,raspi4,cifar100,72.746666,47.162354,0.728898,16010
14,12,12574,raspi4,cifar100,72.740000,36.371254,0.728898,16010
14,12,355,raspi4,cifar100,69.860000,20.791758,0.728898,16010
14,12,12761,raspi4,cifar100,72.860000,53.718200,0.728898,16010
14,12,14811,raspi4,cifar100,69.680000,20.361189,0.728898,16010
14,12,7031,raspi4,cifar100,69.526665,19.879576,0.728898,16010
14,12,8740,raspi4,cifar100,1.000000,0.015215,0.728898,16010
14,12,15589,raspi4,cifar100,59.060000,2.795078,0.728898,16010
14,12,2035,raspi4,cifar100,63.926666,5.005698,0.728898,16010
14,12,9997,raspi4,cifar100,71.520000,34.996710,0.728898,16010
14,12,3888,raspi4,cifar100,73.260000,55.029520,0.728898,16010
14,12,2058,raspi4,cifar100,69.613335,20.052132,0.728898,16010
14,12,375,raspi4,cifar100,64.440000,5.099302,0.728898,16010
14,12,6925,raspi4,cifar100,71.220000,24.195030,0.728898,16010
14,12,15363,raspi4,cifar100,70.520000,21.809430,0.728898,16010
14,12,1459,raspi4,cifar100,73.140000,53.879950,0.728898,16010
14,12,10222,raspi4,cifar100,58.860000,2.747804,0.728898,16010
14,12,6822,raspi4,cifar100,58.426666,2.558594,0.728898,16010
14,12,898,raspi4,cifar100,70.000000,21.506163,0.728898,16010
14,12,10042,raspi4,cifar100,64.880000,5.100886,0.728898,16010
14,12,14792,raspi4,cifar100,69.500000,19.111843,0.728898,16010
14,12,8912,raspi4,cifar100,59.200000,2.818969,0.728898,16010
14,12,3487,raspi4,cifar100,70.093330,21.603350,0.728898,16010
14,12,2222,raspi4,cifar100,58.313330,2.538255,0.728898,16010
14,12,13430,raspi4,cifar100,66.700000,7.203785,0.728898,16010
14,12,12607,raspi4,cifar100,62.600000,4.779045,0.728898,16010
14,12,485,raspi4,cifar100,67.593330,14.719852,0.728898,16010
14,12,11272,raspi4,cifar100,68.260000,14.764390,0.728898,16010
14,12,9271,raspi4,cifar100,63.400000,4.800893,0.728898,16010
14,12,3408,raspi4,cifar100,63.993332,5.081906,0.728898,16010
14,12,8720,raspi4,cifar100,64.130000,5.082239,0.728898,16010
14,12,10689,raspi4,cifar100,67.500000,7.381845,0.728898,16010
14,13,10835,edgegpu,ImageNet16-120,45.233334,4.434366,0.649118,16309
14,13,12415,edgegpu,ImageNet16-120,46.566666,4.667692,0.649118,16309
14,13,8884,edgegpu,ImageNet16-120,45.033333,3.499999,0.649118,16309
14,13,14612,edgegpu,ImageNet16-120,28.488890,1.434064,0.649118,16309
14,13,15159,edgegpu,ImageNet16-120,45.566666,4.632421,0.649118,16309
14,13,7760,edgegpu,ImageNet16-120,39.100000,1.743751,0.649118,16309
14,13,8401,edgegpu,ImageNet16-120,43.833332,3.322444,0.649118,16309
14,13,9586,edgegpu,ImageNet16-120,46.933334,5.222673,0.649118,16309
14,13,9077,edgegpu,ImageNet16-120,39.500000,1.801076,0.649118,16309
14,13,10750,edgegpu,ImageNet16-120,44.600000,3.434558,0.649118,16309
14,13,4332,edgegpu,ImageNet16-120,39.444443,1.745496,0.649118,16309
14,13,15383,edgegpu,ImageNet16-120,47.033333,6.262836,0.649118,16309
14,13,5751,edgegpu,ImageNet16-120,40.044445,2.434626,0.649118,16309
14,13,8355,edgegpu,ImageNet16-120,39.666668,1.810203,0.649118,16309
14,13,857,edgegpu,ImageNet16-120,47.311110,6.707663,0.649118,16309
14,13,2650,edgegpu,ImageNet16-120,42.433334,3.309817,0.649118,16309
14,13,15288,edgegpu,ImageNet16-120,28.422222,1.417041,0.649118,16309
14,13,6950,edgegpu,ImageNet16-120,38.700000,1.740150,0.649118,16309
14,13,15376,edgegpu,ImageNet16-120,0.833333,0.533953,0.649118,16309
14,13,9722,edgegpu,ImageNet16-120,44.000000,3.327813,0.649118,16309
14,13,4946,edgegpu,ImageNet16-120,44.700000,3.490419,0.649118,16309
14,13,14117,edgegpu,ImageNet16-120,28.677778,1.435547,0.649118,16309
14,13,6499,edgegpu,ImageNet16-120,44.466667,3.413672,0.649118,16309
14,13,4988,edgegpu,ImageNet16-120,28.933332,1.448212,0.649118,16309
14,13,4587,edgegpu,ImageNet16-120,28.800000,1.445131,0.649118,16309
14,13,12081,edgegpu,ImageNet16-120,40.233334,2.730479,0.649118,16309
14,13,8734,edgegpu,ImageNet16-120,39.466667,1.766081,0.649118,16309
14,13,1164,edgegpu,ImageNet16-120,28.522223,1.435223,0.649118,16309
14,13,7187,edgegpu,ImageNet16-120,28.683332,1.443858,0.649118,16309
14,13,6636,edgegpu,ImageNet16-120,40.544445,3.305931,0.649118,16309
14,13,10947,edgegpu,ImageNet16-120,39.944443,1.909800,0.649118,16309
14,14,6858,edgetpu,ImageNet16-120,40.333332,0.541300,0.737772,16188
14,14,12415,edgetpu,ImageNet16-120,46.566666,0.710906,0.737772,16188
14,14,7750,edgetpu,ImageNet16-120,43.066666,0.551617,0.737772,16188
14,14,857,edgetpu,ImageNet16-120,47.311110,0.997730,0.737772,16188
14,14,10167,edgetpu,ImageNet16-120,39.944443,0.444058,0.737772,16188
14,14,13931,edgetpu,ImageNet16-120,28.788889,0.360349,0.737772,16188
14,14,3540,edgetpu,ImageNet16-120,45.122223,0.648670,0.737772,16188
14,14,7273,edgetpu,ImageNet16-120,42.966667,0.550014,0.737772,16188
14,14,5751,edgetpu,ImageNet16-120,40.044445,0.516992,0.737772,16188
14,14,13769,edgetpu,ImageNet16-120,41.555557,0.549360,0.737772,16188
14,14,4160,edgetpu,ImageNet16-120,39.833332,0.430355,0.737772,16188
14,14,6950,edgetpu,ImageNet16-120,38.700000,0.427379,0.737772,16188
14,14,4988,edgetpu,ImageNet16-120,28.933332,0.360694,0.737772,16188
14,14,4830,edgetpu,ImageNet16-120,42.233334,0.549457,0.737772,16188
14,14,4627,edgetpu,ImageNet16-120,43.500000,0.552306,0.737772,16188
14,14,14840,edgetpu,ImageNet16-120,45.311110,0.666690,0.737772,16188
14,14,15383,edgetpu,ImageNet16-120,47.033333,0.780914,0.737772,16188
14,14,14527,edgetpu,ImageNet16-120,28.133333,0.358865,0.737772,16188
14,14,15363,edgetpu,ImageNet16-120,44.333332,0.582280,0.737772,16188
14,14,8884,edgetpu,ImageNet16-120,45.033333,0.615792,0.737772,16188
14,14,13972,edgetpu,ImageNet16-120,31.933332,0.363440,0.737772,16188
14,14,9689,edgetpu,ImageNet16-120,42.533333,0.549702,0.737772,16188
14,14,7357,edgetpu,ImageNet16-120,44.666668,0.600498,0.737772,16188
14,14,70,edgetpu,ImageNet16-120,39.377777,0.428228,0.737772,16188
14,14,15107,edgetpu,ImageNet16-120,39.800000,0.430284,0.737772,16188
14,14,10888,edgetpu,ImageNet16-120,28.333334,0.359044,0.737772,16188
14,14,7396,edgetpu,ImageNet16-120,40.177776,0.517218,0.737772,16188
14,14,10332,edgetpu,ImageNet16-120,40.033333,0.516152,0.737772,16188
14,14,14677,edgetpu,ImageNet16-120,33.233334,0.364575,0.737772,16188
14,14,5674,edgetpu,ImageNet16-120,39.650000,0.428605,0.737772,16188
14,14,7431,edgetpu,ImageNet16-120,32.577778,0.363954,0.737772,16188
14,14,11885,edgetpu,ImageNet16-120,39.166668,0.427395,0.737772,16188
14,15,735,eyeriss,ImageNet16-120,38.544445,0.607360,0.505416,16572
14,15,4988,eyeriss,ImageNet16-120,28.933332,0.423040,0.505416,16572
14,15,1939,eyeriss,ImageNet16-120,45.077778,0.976000,0.505416,16572
14,15,8853,eyeriss,ImageNet16-120,45.600000,1.037440,0.505416,16572
14,15,2835,eyeriss,ImageNet16-120,38.222220,0.545920,0.505416,16572
14,15,15383,eyeriss,ImageNet16-120,47.033333,1.283200,0.505416,16572
14,15,6787,eyeriss,ImageNet16-120,44.400000,0.914560,0.505416,16572
14,15,14417,eyeriss,ImageNet16-120,45.900000,1.098880,0.505416,16572
14,15,6854,eyeriss,ImageNet16-120,40.800000,0.668800,0.505416,16572
14,15,9805,eyeriss,ImageNet16-120,34.133335,0.484480,0.505416,16572
14,15,8008,eyeriss,ImageNet16-120,43.500000,0.853120,0.505416,16572
14,15,857,eyeriss,ImageNet16-120,47.311110,1.651840,0.505416,16572
14,16,4988,fpga,ImageNet16-120,28.933332,0.284320,0.518184,16116
14,16,4829,fpga,ImageNet16-120,34.200000,0.415520,0.518184,16116
14,16,10017,fpga,ImageNet16-120,40.566666,0.784000,0.518184,16116
14,16,11079,fpga,ImageNet16-120,43.566666,0.902400,0.518184,16116
14,16,1943,fpga,ImageNet16-120,42.866665,0.876800,0.518184,16116
14,16,2112,fpga,ImageNet16-120,38.355556,0.649120,0.518184,16116
14,16,857,fpga,ImageNet16-120,47.311110,2.038400,0.518184,16116
14,16,1939,fpga,ImageNet16-120,45.077778,1.062400,0.518184,16116
14,16,15383,fpga,ImageNet16-120,47.033333,1.504000,0.518184,16116
14,16,15446,fpga,ImageNet16-120,45.766666,1.116320,0.518184,16116
14,16,6787,fpga,ImageNet16-120,44.400000,0.969600,0.518184,16116
14,16,2835,fpga,ImageNet16-120,38.222220,0.546720,0.518184,16116
14,16,14748,fpga,ImageNet16-120,44.900000,0.995200,0.518184,16116
14,16,14417,fpga,ImageNet16-120,45.900000,1.276320,0.518184,16116
14,16,8633,fpga,ImageNet16-120,39.766666,0.780320,0.518184,16116
14,16,14346,fpga,ImageNet16-120,34.644444,0.517920,0.518184,16116
14,16,735,fpga,ImageNet16-120,38.544445,0.677920,0.518184,16116
14,17,4432,pixel3,ImageNet16-120,37.800000,0.861157,0.749110,15870
14,17,8584,pixel3,ImageNet16-120,34.088890,0.664046,0.749110,15870
14,17,10154,pixel3,ImageNet16-120,46.133335,4.783700,0.749110,15870
14,17,1549,pixel3,ImageNet16-120,28.655556,0.424747,0.749110,15870
14,17,1425,pixel3,ImageNet16-120,45.977780,4.619290,0.749110,15870
14,17,4587,pixel3,ImageNet16-120,28.800000,0.445767,0.749110,15870
14,17,4977,pixel3,ImageNet16-120,32.966667,0.617991,0.749110,15870
14,17,3496,pixel3,ImageNet16-120,34.233334,0.670584,0.749110,15870
14,17,3728,pixel3,ImageNet16-120,28.500000,0.422880,0.749110,15870
14,17,872,pixel3,ImageNet16-120,41.777780,2.465030,0.749110,15870
14,17,1110,pixel3,ImageNet16-120,28.600000,0.423927,0.749110,15870
14,17,13756,pixel3,ImageNet16-120,0.833333,0.005289,0.749110,15870
14,17,898,pixel3,ImageNet16-120,42.466667,2.467210,0.749110,15870
14,17,12639,pixel3,ImageNet16-120,40.400000,1.304440,0.749110,15870
14,17,2018,pixel3,ImageNet16-120,46.433334,4.949210,0.749110,15870
14,17,15446,pixel3,ImageNet16-120,45.766666,3.439380,0.749110,15870
14,17,12466,pixel3,ImageNet16-120,46.100000,4.680280,0.749110,15870
14,17,11000,pixel3,ImageNet16-120,44.866665,2.962520,0.749110,15870
14,17,12103,pixel3,ImageNet16-120,28.250000,0.422433,0.749110,15870
14,17,8954,pixel3,ImageNet16-120,28.733334,0.424855,0.749110,15870
14,17,857,pixel3,ImageNet16-120,47.311110,6.686850,0.749110,15870
14,17,4895,pixel3,ImageNet16-120,33.200000,0.619070,0.749110,15870
14,17,15383,pixel3,ImageNet16-120,47.033333,5.191720,0.749110,15870
14,17,12424,pixel3,ImageNet16-120,43.133330,2.470150,0.749110,15870
14,17,2835,pixel3,ImageNet16-120,38.222220,0.868646,0.749110,15870
14,17,1204,pixel3,ImageNet16-120,37.844444,0.864966,0.749110,15870
14,17,5487,pixel3,ImageNet16-120,38.500000,1.109150,0.749110,15870
14,17,2899,pixel3,ImageNet16-120,43.911110,2.701210,0.749110,15870
14,17,25,pixel3,ImageNet16-120,28.300000,0.422510,0.749110,15870
14,17,2002,pixel3,ImageNet16-120,32.277780,0.617751,0.749110,15870
14,17,6014,pixel3,ImageNet16-120,28.533333,0.423391,0.749110,15870
14,17,10888,pixel3,ImageNet16-120,28.333334,0.422652,0.749110,15870
14,17,4988,pixel3,ImageNet16-120,28.933332,0.485996,0.749110,15870
14,17,6854,pixel3,ImageNet16-120,40.800000,1.621620,0.749110,15870
14,17,4627,pixel3,ImageNet16-120,43.500000,2.479640,0.749110,15870
14,17,1939,pixel3,ImageNet16-120,45.077778,3.021500,0.749110,15870
14,18,12015,raspi4,ImageNet16-120,45.900000,7.814998,0.744033,16063
14,18,9762,raspi4,ImageNet16-120,38.200000,2.912099,0.744033,16063
14,18,8683,raspi4,ImageNet16-120,44.200000,4.462997,0.744033,16063
14,18,2649,raspi4,ImageNet16-120,33.788887,1.582191,0.744033,16063
14,18,9032,raspi4,ImageNet16-120,38.016666,2.201532,0.744033,16063
14,18,10699,raspi4,ImageNet16-120,46.833332,9.167005,0.744033,16063
14,18,8008,raspi4,ImageNet16-120,43.500000,3.819445,0.744033,16063
14,18,11584,raspi4,ImageNet16-120,46.666668,8.014434,0.744033,16063
14,18,3431,raspi4,ImageNet16-120,32.966667,1.536690,0.744033,16063
14,18,9586,raspi4,ImageNet16-120,46.933334,11.730493,0.744033,16063
14,18,8884,raspi4,ImageNet16-120,45.033333,5.293177,0.744033,16063
14,18,13389,raspi4,ImageNet16-120,39.800000,3.158450,0.744033,16063
14,18,9805,raspi4,ImageNet16-120,34.133335,1.617568,0.744033,16063
14,18,3960,raspi4,ImageNet16-120,37.755554,2.197980,0.744033,16063
14,18,8736,raspi4,ImageNet16-120,45.700000,6.658077,0.744033,16063
14,18,9654,raspi4,ImageNet16-120,33.633335,1.581475,0.744033,16063
14,18,10017,raspi4,ImageNet16-120,40.566666,3.181383,0.744033,16063
14,18,10835,raspi4,ImageNet16-120,45.233334,6.632419,0.744033,16063
14,18,219,raspi4,ImageNet16-120,42.500000,3.768475,0.744033,16063
14,18,14792,raspi4,ImageNet16-120,43.033333,3.792447,0.744033,16063
14,18,12358,raspi4,ImageNet16-120,34.055557,1.582727,0.744033,16063
14,18,13397,raspi4,ImageNet16-120,39.633335,3.117982,0.744033,16063
14,18,9806,raspi4,ImageNet16-120,39.966667,3.162904,0.744033,16063
14,18,1204,raspi4,ImageNet16-120,37.844444,2.199356,0.744033,16063
14,18,6336,raspi4,ImageNet16-120,39.366665,3.073392,0.744033,16063
14,18,12988,raspi4,ImageNet16-120,32.200000,1.535030,0.744033,16063
14,18,9149,raspi4,ImageNet16-120,46.900000,10.889383,0.744033,16063
14,18,13972,raspi4,ImageNet16-120,31.933332,1.531957,0.744033,16063
14,18,4995,raspi4,ImageNet16-120,42.166668,3.766336,0.744033,16063
14,18,8323,raspi4,ImageNet16-120,38.033333,2.287984,0.744033,16063
14,18,11209,raspi4,ImageNet16-120,33.266666,1.580655,0.744033,16063
14,18,13931,raspi4,ImageNet16-120,28.788889,0.956195,0.744033,16063
14,18,346,raspi4,ImageNet16-120,32.183334,1.534463,0.744033,16063
14,18,12967,raspi4,ImageNet16-120,46.333332,7.956877,0.744033,16063
14,18,7870,raspi4,ImageNet16-120,42.633335,3.788979,0.744033,16063
14,18,7551,raspi4,ImageNet16-120,38.477780,2.950436,0.744033,16063
14,18,12297,raspi4,ImageNet16-120,31.833334,1.531425,0.744033,16063
14,18,3687,raspi4,ImageNet16-120,34.066666,1.583497,0.744033,16063
14,18,7187,raspi4,ImageNet16-120,28.683332,0.952790,0.744033,16063
14,18,8426,raspi4,ImageNet16-120,44.633335,5.288439,0.744033,16063
14,18,6787,raspi4,ImageNet16-120,44.400000,4.532777,0.744033,16063
14,18,933,raspi4,ImageNet16-120,0.833333,0.011514,0.744033,16063
14,18,12279,raspi4,ImageNet16-120,39.555557,3.091751,0.744033,16063
14,18,8768,raspi4,ImageNet16-120,45.066666,6.333859,0.744033,16063
14,18,11946,raspi4,ImageNet16-120,28.200000,0.940293,0.744033,16063
14,18,4988,raspi4,ImageNet16-120,28.933332,1.003251,0.744033,16063
14,18,4675,raspi4,ImageNet16-120,33.100000,1.544321,0.744033,16063
14,18,12387,raspi4,ImageNet16-120,32.466667,1.535795,0.744033,16063
14,18,12505,raspi4,ImageNet16-120,39.283333,3.062432,0.744033,16063
14,18,5487,raspi4,ImageNet16-120,38.500000,3.019000,0.744033,16063
15,1,2776,edgegpu,cifar10,93.666664,3.331194,0.611701,16345
15,1,11692,edgegpu,cifar10,94.130000,4.708362,0.611701,16345
15,1,13401,edgegpu,cifar10,87.010000,1.457009,0.611701,16345
15,1,10484,edgegpu,cifar10,93.810000,3.354015,0.611701,16345
15,1,14407,edgegpu,cifar10,86.770000,1.440282,0.611701,16345
15,1,14527,edgegpu,cifar10,86.765000,1.439619,0.611701,16345
15,1,6960,edgegpu,cifar10,92.280000,1.764450,0.611701,16345
15,1,13714,edgegpu,cifar10,94.373340,6.772180,0.611701,16345
15,1,1459,edgegpu,cifar10,94.296670,6.748991,0.611701,16345
15,1,2053,edgegpu,cifar10,94.206665,5.482254,0.611701,16345
15,1,2090,edgegpu,cifar10,86.650000,1.437702,0.611701,16345
15,1,9099,edgegpu,cifar10,93.940000,3.357520,0.611701,16345
15,1,5292,edgegpu,cifar10,94.293335,6.663151,0.611701,16345
15,1,12081,edgegpu,cifar10,92.590000,2.886577,0.611701,16345
15,1,15200,edgegpu,cifar10,10.000000,0.501385,0.611701,16345
15,1,6330,edgegpu,cifar10,94.006670,4.384699,0.611701,16345
15,1,6499,edgegpu,cifar10,93.645000,3.331041,0.611701,16345
15,1,4803,edgegpu,cifar10,88.746666,1.748652,0.611701,16345
15,1,5780,edgegpu,cifar10,93.980000,3.361888,0.611701,16345
15,1,561,edgegpu,cifar10,86.880000,1.451068,0.611701,16345
15,1,4006,edgegpu,cifar10,91.986664,1.754365,0.611701,16345
15,1,15072,edgegpu,cifar10,92.350000,2.798777,0.611701,16345
15,1,5400,edgegpu,cifar10,86.630000,1.427460,0.611701,16345
15,1,258,edgegpu,cifar10,93.640000,3.307109,0.611701,16345
15,2,5647,edgetpu,cifar10,89.110000,0.389378,0.667945,16429
15,2,6918,edgetpu,cifar10,87.000000,0.375819,0.667945,16429
15,2,970,edgetpu,cifar10,86.770000,0.371488,0.667945,16429
15,2,4675,edgetpu,cifar10,89.200000,0.395661,0.667945,16429
15,2,5780,edgetpu,cifar10,93.980000,0.723967,0.667945,16429
15,2,8008,edgetpu,cifar10,93.480000,0.629746,0.667945,16429
15,2,4438,edgetpu,cifar10,92.270000,0.481473,0.667945,16429
15,2,11692,edgetpu,cifar10,94.130000,0.761100,0.667945,16429
15,2,14527,edgetpu,cifar10,86.765000,0.365664,0.667945,16429
15,2,3731,edgetpu,cifar10,94.343330,1.282820,0.667945,16429
15,2,9950,edgetpu,cifar10,93.840000,0.723767,0.667945,16429
15,2,1005,edgetpu,cifar10,89.183334,0.392518,0.667945,16429
15,2,5111,edgetpu,cifar10,94.306660,1.152010,0.667945,16429
15,2,797,edgetpu,cifar10,93.280000,0.627996,0.667945,16429
15,2,5258,edgetpu,cifar10,88.775000,0.388629,0.667945,16429
15,2,6382,edgetpu,cifar10,93.376660,0.628638,0.667945,16429
15,2,13714,edgetpu,cifar10,94.373340,1.377865,0.667945,16429
15,2,2053,edgetpu,cifar10,94.206665,1.042178,0.667945,16429
15,2,9689,edgetpu,cifar10,93.370000,0.628386,0.667945,16429
15,2,6584,edgetpu,cifar10,94.160000,0.888877,0.667945,16429
15,2,11438,edgetpu,cifar10,92.500000,0.482393,0.667945,16429
15,2,8192,edgetpu,cifar10,93.093330,0.627745,0.667945,16429
15,2,2485,edgetpu,cifar10,86.700000,0.346546,0.667945,16429
15,2,3927,edgetpu,cifar10,93.626660,0.723268,0.667945,16429
15,2,6515,edgetpu,cifar10,93.616670,0.722858,0.667945,16429
15,2,11112,edgetpu,cifar10,92.110000,0.480732,0.667945,16429
15,3,11472,eyeriss,cifar10,93.970000,4.628660,0.597498,16526
15,3,10412,eyeriss,cifar10,93.530000,3.645620,0.597498,16526
15,3,13714,eyeriss,cifar10,94.373340,7.823540,0.597498,16526
15,3,6899,eyeriss,cifar10,90.900000,2.416820,0.597498,16526
15,3,6584,eyeriss,cifar10,94.160000,4.874420,0.597498,16526
15,3,5111,eyeriss,cifar10,94.306660,5.365940,0.597498,16526
15,3,8592,eyeriss,cifar10,93.750000,3.891380,0.597498,16526
15,3,12639,eyeriss,cifar10,90.990000,2.662580,0.597498,16526
15,3,4384,eyeriss,cifar10,86.796670,1.679540,0.597498,16526
15,3,3731,eyeriss,cifar10,94.343330,6.594740,0.597498,16526
15,3,6111,eyeriss,cifar10,94.373340,7.823540,0.597498,16526
15,3,12438,eyeriss,cifar10,89.875000,1.925300,0.597498,16526
15,3,8008,eyeriss,cifar10,93.480000,3.399860,0.597498,16526
15,3,10689,eyeriss,cifar10,90.790000,2.171060,0.597498,16526
15,3,14112,eyeriss,cifar10,91.296670,2.908340,0.597498,16526
15,3,13611,eyeriss,cifar10,92.490000,3.154100,0.597498,16526
15,4,3731,fpga,cifar10,94.343330,5.936160,0.519785,16333
15,4,5111,fpga,cifar10,94.306660,5.193760,0.519785,16333
15,4,6111,fpga,cifar10,94.373340,6.678560,0.519785,16333
15,4,11692,fpga,cifar10,94.130000,4.163360,0.519785,16333
15,4,4384,fpga,cifar10,86.796670,1.132960,0.519785,16333
15,4,13714,fpga,cifar10,94.373340,6.678560,0.519785,16333
15,4,8008,fpga,cifar10,93.480000,2.905760,0.519785,16333
15,4,13611,fpga,cifar10,92.490000,2.390560,0.519785,16333
15,4,8323,fpga,cifar10,90.870000,2.163360,0.519785,16333
15,4,10431,fpga,cifar10,87.000000,1.542560,0.519785,16333
15,4,11472,fpga,cifar10,93.970000,3.648160,0.519785,16333
15,4,8720,fpga,cifar10,89.875000,1.648160,0.519785,16333
15,4,13987,fpga,cifar10,93.596664,3.420960,0.519785,16333
15,4,12438,fpga,cifar10,89.875000,1.648160,0.519785,16333
15,5,5111,pixel3,cifar10,94.306660,17.584600,0.884191,16209
15,5,6382,pixel3,cifar10,93.376660,7.048190,0.884191,16209
15,5,1943,pixel3,cifar10,93.116670,6.492030,0.884191,16209
15,5,5446,pixel3,cifar10,90.500000,2.889680,0.884191,16209
15,5,6863,pixel3,cifar10,86.740000,1.229320,0.884191,16209
15,5,1778,pixel3,cifar10,92.180000,6.446230,0.884191,16209
15,5,9032,pixel3,cifar10,90.740000,3.102890,0.884191,16209
15,5,13171,pixel3,cifar10,93.530000,7.717220,0.884191,16209
15,5,8592,pixel3,cifar10,93.750000,10.769800,0.884191,16209
15,5,6854,pixel3,cifar10,91.040000,4.514220,0.884191,16209
15,5,6434,pixel3,cifar10,91.080000,4.811140,0.884191,16209
15,5,6918,pixel3,cifar10,87.000000,1.478790,0.884191,16209
15,5,4409,pixel3,cifar10,90.590000,3.093750,0.884191,16209
15,5,1339,pixel3,cifar10,92.136665,5.802240,0.884191,16209
15,5,3,pixel3,cifar10,86.616670,1.062640,0.884191,16209
15,5,1497,pixel3,cifar10,86.556660,1.056630,0.884191,16209
15,5,8695,pixel3,cifar10,94.220000,17.564500,0.884191,16209
15,5,4554,pixel3,cifar10,86.670000,1.114880,0.884191,16209
15,5,6111,pixel3,cifar10,94.373340,23.584800,0.884191,16209
15,5,3731,pixel3,cifar10,94.343330,23.361300,0.884191,16209
15,5,7001,pixel3,cifar10,10.000000,0.003277,0.884191,16209
15,5,4731,pixel3,cifar10,90.360000,2.573470,0.884191,16209
15,5,7017,pixel3,cifar10,86.970000,1.403930,0.884191,16209
15,5,9035,pixel3,cifar10,90.690000,3.100790,0.884191,16209
15,5,11692,pixel3,cifar10,94.130000,15.490100,0.884191,16209
15,5,9230,pixel3,cifar10,86.580000,1.056760,0.884191,16209
15,5,8323,pixel3,cifar10,90.870000,3.106420,0.884191,16209
15,5,12452,pixel3,cifar10,91.350000,5.590110,0.884191,16209
15,5,1804,pixel3,cifar10,89.063330,1.579900,0.884191,16209
15,5,11972,pixel3,cifar10,91.510000,5.627010,0.884191,16209
15,5,2779,pixel3,cifar10,90.806660,3.102950,0.884191,16209
15,5,1631,pixel3,cifar10,89.506670,1.697120,0.884191,16209
15,5,13430,pixel3,cifar10,90.580000,3.086360,0.884191,16209
15,5,858,pixel3,cifar10,89.696660,1.870670,0.884191,16209
15,5,1941,pixel3,cifar10,93.533330,9.128690,0.884191,16209
15,5,6330,pixel3,cifar10,94.006670,11.512400,0.884191,16209
15,5,45,pixel3,cifar10,89.593330,1.713590,0.884191,16209
15,5,6584,pixel3,cifar10,94.160000,15.720300,0.884191,16209
15,5,13869,pixel3,cifar10,93.656670,10.634700,0.884191,16209
15,5,8708,pixel3,cifar10,94.080000,12.839000,0.884191,16209
15,5,13987,pixel3,cifar10,93.596664,9.922680,0.884191,16209
15,5,6899,pixel3,cifar10,90.900000,3.961410,0.884191,16209
15,5,8720,pixel3,cifar10,89.875000,2.362840,0.884191,16209
15,6,13705,raspi4,cifar10,90.983330,12.544400,0.858704,15987
15,6,13611,raspi4,cifar10,92.490000,18.523302,0.858704,15987
15,6,9980,raspi4,cifar10,10.000000,0.011284,0.858704,15987
15,6,11810,raspi4,cifar10,92.780000,18.619905,0.858704,15987
15,6,6953,raspi4,cifar10,91.990000,15.601654,0.858704,15987
15,6,6111,raspi4,cifar10,94.373340,68.404106,0.858704,15987
15,6,2035,raspi4,cifar10,89.670000,4.984099,0.858704,15987
15,6,3731,raspi4,cifar10,94.343330,58.070793,0.858704,15987
15,6,2058,raspi4,cifar10,93.270000,19.484835,0.858704,15987
15,6,1962,raspi4,cifar10,86.530000,2.529453,0.858704,15987
15,6,11692,raspi4,cifar10,94.130000,37.583630,0.858704,15987
15,6,5780,raspi4,cifar10,93.980000,34.928463,0.858704,15987
15,6,8008,raspi4,cifar10,93.480000,22.571420,0.858704,15987
15,6,6918,raspi4,cifar10,87.000000,2.787590,0.858704,15987
15,6,2002,raspi4,cifar10,88.893330,4.817687,0.858704,15987
15,6,14565,raspi4,cifar10,88.880000,4.781183,0.858704,15987
15,6,6382,raspi4,cifar10,93.376660,21.461164,0.858704,15987
15,6,8876,raspi4,cifar10,88.910000,4.861280,0.858704,15987
15,6,5915,raspi4,cifar10,86.846664,2.776470,0.858704,15987
15,6,12505,raspi4,cifar10,92.150000,16.747276,0.858704,15987
15,6,6930,raspi4,cifar10,88.900000,4.827062,0.858704,15987
15,6,7058,raspi4,cifar10,92.040000,16.469465,0.858704,15987
15,6,5111,raspi4,cifar10,94.306660,41.756905,0.858704,15987
15,6,8323,raspi4,cifar10,90.870000,7.426308,0.858704,15987
15,6,4689,raspi4,cifar10,90.720000,7.356712,0.858704,15987
15,6,1941,raspi4,cifar10,93.533330,25.121769,0.858704,15987
15,6,8592,raspi4,cifar10,93.750000,25.477009,0.858704,15987
15,6,4384,raspi4,cifar10,86.796670,2.759305,0.858704,15987
15,6,4432,raspi4,cifar10,90.700000,7.290926,0.858704,15987
15,6,12286,raspi4,cifar10,86.760000,2.546242,0.858704,15987
15,6,6985,raspi4,cifar10,89.940000,4.995646,0.858704,15987
15,6,1690,raspi4,cifar10,86.646670,2.536549,0.858704,15987
15,6,8426,raspi4,cifar10,93.840000,31.394428,0.858704,15987
15,6,9380,raspi4,cifar10,89.335000,4.875613,0.858704,15987
15,6,14677,raspi4,cifar10,88.670000,4.755260,0.858704,15987
15,6,6960,raspi4,cifar10,92.280000,17.162752,0.858704,15987
15,6,11533,raspi4,cifar10,93.420000,21.715693,0.858704,15987
15,6,12970,raspi4,cifar10,90.970000,11.904152,0.858704,15987
15,7,9930,edgegpu,cifar100,73.513336,6.803060,0.670108,16482
15,7,2778,edgegpu,cifar100,72.993330,6.134028,0.670108,16482
15,7,3888,edgegpu,cifar100,73.260000,6.797867,0.670108,16482
15,7,1509,edgegpu,cifar100,1.000000,0.505853,0.670108,16482
15,7,9922,edgegpu,cifar100,58.560000,1.428552,0.670108,16482
15,7,4954,edgegpu,cifar100,73.000000,6.669736,0.670108,16482
15,7,4418,edgegpu,cifar100,72.746666,5.352364,0.670108,16482
15,7,14089,edgegpu,cifar100,61.806667,1.752892,0.670108,16482
15,7,14527,edgegpu,cifar100,58.590000,1.440539,0.670108,16482
15,7,8912,edgegpu,cifar100,59.200000,1.441355,0.670108,16482
15,7,1425,edgegpu,cifar100,72.093330,5.310225,0.670108,16482
15,7,12415,edgegpu,cifar100,71.940000,4.828467,0.670108,16482
15,7,11810,edgegpu,cifar100,68.300000,1.779551,0.670108,16482
15,7,9997,edgegpu,cifar100,71.520000,3.466139,0.670108,16482
15,7,8401,edgegpu,cifar100,71.080000,3.302102,0.670108,16482
15,7,6381,edgegpu,cifar100,66.800000,1.753340,0.670108,16482
15,7,11885,edgegpu,cifar100,68.040000,1.776652,0.670108,16482
15,7,1038,edgegpu,cifar100,67.500000,1.758428,0.670108,16482
15,7,11067,edgegpu,cifar100,58.186670,1.427836,0.670108,16482
15,8,10000,edgetpu,cifar100,73.160000,1.283461,0.773512,16064
15,8,9930,edgetpu,cifar100,73.513336,1.454107,0.773512,16064
15,8,5019,edgetpu,cifar100,58.880000,0.357058,0.773512,16064
15,8,8401,edgetpu,cifar100,71.080000,0.728572,0.773512,16064
15,8,857,edgetpu,cifar100,72.880000,1.264168,0.773512,16064
15,8,1110,edgetpu,cifar100,58.840000,0.355938,0.773512,16064
15,8,1425,edgetpu,cifar100,72.093330,0.910660,0.773512,16064
15,8,3888,edgetpu,cifar100,73.260000,1.316226,0.773512,16064
15,8,7760,edgetpu,cifar100,67.800000,0.489248,0.773512,16064
15,8,1804,edgetpu,cifar100,62.246666,0.392786,0.773512,16064
15,8,9997,edgetpu,cifar100,71.520000,0.729986,0.773512,16064
15,8,11533,edgetpu,cifar100,69.760000,0.635877,0.773512,16064
15,8,12761,edgetpu,cifar100,72.860000,1.225212,0.773512,16064
15,8,4418,edgetpu,cifar100,72.746666,1.093699,0.773512,16064
15,8,2705,edgetpu,cifar100,62.813330,0.393026,0.773512,16064
15,8,9541,edgetpu,cifar100,67.660000,0.486829,0.773512,16064
15,8,577,edgetpu,cifar100,69.680000,0.635228,0.773512,16064
15,8,12424,edgetpu,cifar100,69.980000,0.638946,0.773512,16064
15,8,11810,edgetpu,cifar100,68.300000,0.492126,0.773512,16064
15,8,12415,edgetpu,cifar100,71.940000,0.872299,0.773512,16064
15,8,8638,edgetpu,cifar100,58.860000,0.356631,0.773512,16064
15,8,777,edgetpu,cifar100,58.650000,0.355588,0.773512,16064
15,8,12574,edgetpu,cifar100,72.740000,0.932430,0.773512,16064
15,8,8912,edgetpu,cifar100,59.200000,0.377698,0.773512,16064
15,8,14945,edgetpu,cifar100,58.500000,0.354940,0.773512,16064
15,8,1943,edgetpu,cifar100,69.626660,0.634759,0.773512,16064
15,8,9271,edgetpu,cifar100,63.400000,0.393151,0.773512,16064
15,8,797,edgetpu,cifar100,69.580000,0.633351,0.773512,16064
15,8,10679,edgetpu,cifar100,62.080000,0.391915,0.773512,16064
15,8,15363,edgetpu,cifar100,70.520000,0.676394,0.773512,16064
15,8,13434,edgetpu,cifar100,62.106667,0.392580,0.773512,16064
15,8,14816,edgetpu,cifar100,66.860000,0.486025,0.773512,16064
15,8,69,edgetpu,cifar100,71.020000,0.727259,0.773512,16064
15,8,11973,edgetpu,cifar100,70.340000,0.641728,0.773512,16064
15,8,4532,edgetpu,cifar100,68.040000,0.489947,0.773512,16064
15,9,3687,eyeriss,cifar100,64.460000,1.928320,0.514330,16570
15,9,5084,eyeriss,cifar100,58.813330,1.682560,0.514330,16570
15,9,10689,eyeriss,cifar100,67.500000,2.174080,0.514330,16570
15,9,3540,eyeriss,cifar100,71.500000,4.877440,0.514330,16570
15,9,6925,eyeriss,cifar100,71.220000,3.894400,0.514330,16570
15,9,12761,eyeriss,cifar100,72.860000,6.352000,0.514330,16570
15,9,3888,eyeriss,cifar100,73.260000,6.597760,0.514330,16570
15,9,6787,eyeriss,cifar100,70.720000,3.648640,0.514330,16570
15,9,12820,eyeriss,cifar100,67.720000,2.419840,0.514330,16570
15,9,3487,eyeriss,cifar100,70.093330,3.402880,0.514330,16570
15,9,9930,eyeriss,cifar100,73.513336,9.055360,0.514330,16570
15,9,14112,eyeriss,cifar100,68.386665,2.911360,0.514330,16570
15,9,12574,eyeriss,cifar100,72.740000,5.123200,0.514330,16570
15,9,14714,eyeriss,cifar100,71.280000,4.140160,0.514330,16570
15,9,11301,eyeriss,cifar100,68.220000,2.665600,0.514330,16570
15,10,5725,fpga,cifar100,70.600000,3.420960,0.537599,16397
15,10,12761,fpga,cifar100,72.860000,5.420960,0.537599,16397
15,10,9930,fpga,cifar100,73.513336,7.420960,0.537599,16397
15,10,5084,fpga,cifar100,58.813330,1.132960,0.537599,16397
15,10,12574,fpga,cifar100,72.740000,4.678560,0.537599,16397
15,10,10689,fpga,cifar100,67.500000,2.163360,0.537599,16397
15,10,12295,fpga,cifar100,71.160000,3.648160,0.537599,16397
15,10,7250,fpga,cifar100,67.706665,2.390560,0.537599,16397
15,10,5033,fpga,cifar100,59.060000,1.542560,0.537599,16397
15,10,3888,fpga,cifar100,73.260000,5.936160,0.537599,16397
15,10,3540,fpga,cifar100,71.500000,4.163360,0.537599,16397
15,10,5651,fpga,cifar100,64.690000,1.648160,0.537599,16397
15,10,11973,fpga,cifar100,70.340000,2.905760,0.537599,16397
15,10,6925,fpga,cifar100,71.220000,3.936160,0.537599,16397
15,10,11979,fpga,cifar100,68.000000,2.800160,0.537599,16397
15,10,4249,fpga,cifar100,65.080000,2.057760,0.537599,16397
15,11,14112,pixel3,cifar100,68.386665,5.745320,0.717771,16087
15,11,9930,pixel3,cifar100,73.513336,42.003600,0.717771,16087
15,11,6787,pixel3,cifar100,70.720000,9.854430,0.717771,16087
15,11,9649,pixel3,cifar100,64.540000,2.536210,0.717771,16087
15,11,857,pixel3,cifar100,72.880000,19.113200,0.717771,16087
15,11,375,pixel3,cifar100,64.440000,2.363140,0.717771,16087
15,11,12574,pixel3,cifar100,72.740000,16.473900,0.717771,16087
15,11,1409,pixel3,cifar100,58.853333,1.275090,0.717771,16087
15,11,906,pixel3,cifar100,62.393333,1.661810,0.717771,16087
15,11,6337,pixel3,cifar100,1.000000,0.008753,0.717771,16087
15,11,2649,pixel3,cifar100,64.446660,2.496890,0.717771,16087
15,11,1459,pixel3,cifar100,73.140000,23.437900,0.717771,16087
15,11,3888,pixel3,cifar100,73.260000,23.477200,0.717771,16087
15,11,777,pixel3,cifar100,58.650000,1.087020,0.717771,16087
15,11,11301,pixel3,cifar100,68.220000,5.352090,0.717771,16087
15,11,699,pixel3,cifar100,72.240000,12.079400,0.717771,16087
15,11,8638,pixel3,cifar100,58.860000,1.478570,0.717771,16087
15,11,1357,pixel3,cifar100,67.480000,3.998260,0.717771,16087
15,11,15363,pixel3,cifar100,70.520000,9.708640,0.717771,16087
15,11,898,pixel3,cifar100,70.000000,6.516140,0.717771,16087
15,11,12820,pixel3,cifar100,67.720000,4.806070,0.717771,16087
15,11,1593,pixel3,cifar100,62.126667,1.582050,0.717771,16087
15,11,1450,pixel3,cifar100,70.506670,9.337360,0.717771,16087
15,11,858,pixel3,cifar100,64.133330,2.003500,0.717771,16087
15,11,8912,pixel3,cifar100,59.200000,1.478790,0.717771,16087
15,11,1631,pixel3,cifar100,63.986668,1.805000,0.717771,16087
15,11,11000,pixel3,cifar100,71.180000,10.677600,0.717771,16087
15,11,724,pixel3,cifar100,67.053340,2.875650,0.717771,16087
15,11,4409,pixel3,cifar100,67.173330,3.113370,0.717771,16087
15,12,4418,raspi4,cifar100,72.746666,47.162354,0.793211,16060
15,12,9271,raspi4,cifar100,63.400000,4.800893,0.793211,16060
15,12,9930,raspi4,cifar100,73.513336,71.152000,0.793211,16060
15,12,6177,raspi4,cifar100,62.373333,4.795128,0.793211,16060
15,12,15589,raspi4,cifar100,59.060000,2.795078,0.793211,16060
15,12,8768,raspi4,cifar100,71.120000,25.648617,0.793211,16060
15,12,8740,raspi4,cifar100,1.000000,0.015215,0.793211,16060
15,12,10042,raspi4,cifar100,64.880000,5.100886,0.793211,16060
15,12,9926,raspi4,cifar100,63.520000,4.999532,0.793211,16060
15,12,10222,raspi4,cifar100,58.860000,2.747804,0.793211,16060
15,12,8853,raspi4,cifar100,71.220000,31.380384,0.793211,16060
15,12,7030,raspi4,cifar100,69.600000,19.218203,0.793211,16060
15,12,12915,raspi4,cifar100,66.950000,7.226311,0.793211,16060
15,12,3192,raspi4,cifar100,71.133330,27.339523,0.793211,16060
15,12,15363,raspi4,cifar100,70.520000,21.809430,0.793211,16060
15,12,12574,raspi4,cifar100,72.740000,36.371254,0.793211,16060
15,12,3888,raspi4,cifar100,73.260000,55.029520,0.793211,16060
15,12,14253,raspi4,cifar100,70.860000,25.077555,0.793211,16060
15,12,375,raspi4,cifar100,64.440000,5.099302,0.793211,16060
15,12,3487,raspi4,cifar100,70.093330,21.603350,0.793211,16060
15,12,11272,raspi4,cifar100,68.260000,14.764390,0.793211,16060
15,12,2880,raspi4,cifar100,67.473335,11.969307,0.793211,16060
15,12,10313,raspi4,cifar100,67.820000,14.691363,0.793211,16060
15,12,12761,raspi4,cifar100,72.860000,53.718200,0.793211,16060
15,12,1459,raspi4,cifar100,73.140000,53.879950,0.793211,16060
15,12,14612,raspi4,cifar100,58.720000,2.563505,0.793211,16060
15,12,9997,raspi4,cifar100,71.520000,34.996710,0.793211,16060
15,12,13430,raspi4,cifar100,66.700000,7.203785,0.793211,16060
15,12,2222,raspi4,cifar100,58.313330,2.538255,0.793211,16060
15,12,14792,raspi4,cifar100,69.500000,19.111843,0.793211,16060
15,12,355,raspi4,cifar100,69.860000,20.791758,0.793211,16060
15,12,11492,raspi4,cifar100,67.300000,10.479444,0.793211,16060
15,12,6822,raspi4,cifar100,58.426666,2.558594,0.793211,16060
15,12,3408,raspi4,cifar100,63.993332,5.081906,0.793211,16060
15,12,2058,raspi4,cifar100,69.613335,20.052132,0.793211,16060
15,12,8323,raspi4,cifar100,67.080000,7.271148,0.793211,16060
15,12,898,raspi4,cifar100,70.000000,21.506163,0.793211,16060
15,12,14811,raspi4,cifar100,69.680000,20.361189,0.793211,16060
15,12,6918,raspi4,cifar100,58.800000,2.571364,0.793211,16060
15,12,2035,raspi4,cifar100,63.926666,5.005698,0.793211,16060
15,13,4988,edgegpu,ImageNet16-120,28.933332,1.448212,0.608159,16358
15,13,4946,edgegpu,ImageNet16-120,44.700000,3.490419,0.608159,16358
15,13,9586,edgegpu,ImageNet16-120,46.933334,5.222673,0.608159,16358
15,13,8426,edgegpu,ImageNet16-120,44.633335,3.370147,0.608159,16358
15,13,8236,edgegpu,ImageNet16-120,39.233334,1.749978,0.608159,16358
15,13,14840,edgegpu,ImageNet16-120,45.311110,4.224715,0.608159,16358
15,13,2650,edgegpu,ImageNet16-120,42.433334,3.309817,0.608159,16358
15,13,4160,edgegpu,ImageNet16-120,39.833332,1.756272,0.608159,16358
15,13,11217,edgegpu,ImageNet16-120,43.466667,3.316708,0.608159,16358
15,13,15376,edgegpu,ImageNet16-120,0.833333,0.533953,0.608159,16358
15,13,4587,edgegpu,ImageNet16-120,28.800000,1.445131,0.608159,16358
15,13,8884,edgegpu,ImageNet16-120,45.033333,3.499999,0.608159,16358
15,13,15288,edgegpu,ImageNet16-120,28.422222,1.417041,0.608159,16358
15,13,6950,edgegpu,ImageNet16-120,38.700000,1.740150,0.608159,16358
15,13,5477,edgegpu,ImageNet16-120,38.977780,1.744175,0.608159,16358
15,13,12081,edgegpu,ImageNet16-120,40.233334,2.730479,0.608159,16358
15,13,9722,edgegpu,ImageNet16-120,44.000000,3.327813,0.608159,16358
15,13,14117,edgegpu,ImageNet16-120,28.677778,1.435547,0.608159,16358
15,13,8401,edgegpu,ImageNet16-120,43.833332,3.322444,0.608159,16358
15,13,12505,edgegpu,ImageNet16-120,39.283333,1.750417,0.608159,16358
15,13,454,edgegpu,ImageNet16-120,41.277780,3.303313,0.608159,16358
15,13,12415,edgegpu,ImageNet16-120,46.566666,4.667692,0.608159,16358
15,13,1164,edgegpu,ImageNet16-120,28.522223,1.435223,0.608159,16358
15,13,10947,edgegpu,ImageNet16-120,39.944443,1.909800,0.608159,16358
15,13,13760,edgegpu,ImageNet16-120,32.333332,1.739759,0.608159,16358
15,13,7187,edgegpu,ImageNet16-120,28.683332,1.443858,0.608159,16358
15,13,15159,edgegpu,ImageNet16-120,45.566666,4.632421,0.608159,16358
15,13,857,edgegpu,ImageNet16-120,47.311110,6.707663,0.608159,16358
15,13,5751,edgegpu,ImageNet16-120,40.044445,2.434626,0.608159,16358
15,14,6950,edgetpu,ImageNet16-120,38.700000,0.427379,0.709301,16257
15,14,7750,edgetpu,ImageNet16-120,43.066666,0.551617,0.709301,16257
15,14,1172,edgetpu,ImageNet16-120,39.933334,0.515935,0.709301,16257
15,14,14527,edgetpu,ImageNet16-120,28.133333,0.358865,0.709301,16257
15,14,4160,edgetpu,ImageNet16-120,39.833332,0.430355,0.709301,16257
15,14,9689,edgetpu,ImageNet16-120,42.533333,0.549702,0.709301,16257
15,14,12415,edgetpu,ImageNet16-120,46.566666,0.710906,0.709301,16257
15,14,13931,edgetpu,ImageNet16-120,28.788889,0.360349,0.709301,16257
15,14,8884,edgetpu,ImageNet16-120,45.033333,0.615792,0.709301,16257
15,14,5751,edgetpu,ImageNet16-120,40.044445,0.516992,0.709301,16257
15,14,10332,edgetpu,ImageNet16-120,40.033333,0.516152,0.709301,16257
15,14,2560,edgetpu,ImageNet16-120,28.200000,0.359160,0.709301,16257
15,14,5674,edgetpu,ImageNet16-120,39.650000,0.428605,0.709301,16257
15,14,857,edgetpu,ImageNet16-120,47.311110,0.997730,0.709301,16257
15,14,15383,edgetpu,ImageNet16-120,47.033333,0.780914,0.709301,16257
15,14,3540,edgetpu,ImageNet16-120,45.122223,0.648670,0.709301,16257
15,14,7357,edgetpu,ImageNet16-120,44.666668,0.600498,0.709301,16257
15,14,7273,edgetpu,ImageNet16-120,42.966667,0.550014,0.709301,16257
15,14,4627,edgetpu,ImageNet16-120,43.500000,0.552306,0.709301,16257
15,14,13769,edgetpu,ImageNet16-120,41.555557,0.549360,0.709301,16257
15,14,15363,edgetpu,ImageNet16-120,44.333332,0.582280,0.709301,16257
15,14,11079,edgetpu,ImageNet16-120,43.566666,0.552430,0.709301,16257
15,14,4830,edgetpu,ImageNet16-120,42.233334,0.549457,0.709301,16257
15,14,14840,edgetpu,ImageNet16-120,45.311110,0.666690,0.709301,16257
15,14,11885,edgetpu,ImageNet16-120,39.166668,0.427395,0.709301,16257
15,14,13972,edgetpu,ImageNet16-120,31.933332,0.363440,0.709301,16257
15,14,5724,edgetpu,ImageNet16-120,28.366667,0.359987,0.709301,16257
15,14,6407,edgetpu,ImageNet16-120,32.333332,0.363748,0.709301,16257
15,14,14677,edgetpu,ImageNet16-120,33.233334,0.364575,0.709301,16257
15,14,10017,edgetpu,ImageNet16-120,40.566666,0.524950,0.709301,16257
15,14,5530,edgetpu,ImageNet16-120,42.577778,0.549937,0.709301,16257
15,14,7396,edgetpu,ImageNet16-120,40.177776,0.517218,0.709301,16257
15,14,4988,edgetpu,ImageNet16-120,28.933332,0.360694,0.709301,16257
15,15,8853,eyeriss,ImageNet16-120,45.600000,1.037440,0.482320,16475
15,15,2835,eyeriss,ImageNet16-120,38.222220,0.545920,0.482320,16475
15,15,1939,eyeriss,ImageNet16-120,45.077778,0.976000,0.482320,16475
15,15,8008,eyeriss,ImageNet16-120,43.500000,0.853120,0.482320,16475
15,15,735,eyeriss,ImageNet16-120,38.544445,0.607360,0.482320,16475
15,15,14417,eyeriss,ImageNet16-120,45.900000,1.098880,0.482320,16475
15,15,6787,eyeriss,ImageNet16-120,44.400000,0.914560,0.482320,16475
15,15,6854,eyeriss,ImageNet16-120,40.800000,0.668800,0.482320,16475
15,15,4829,eyeriss,ImageNet16-120,34.200000,0.484480,0.482320,16475
15,15,4988,eyeriss,ImageNet16-120,28.933332,0.423040,0.482320,16475
15,15,857,eyeriss,ImageNet16-120,47.311110,1.651840,0.482320,16475
15,15,15383,eyeriss,ImageNet16-120,47.033333,1.283200,0.482320,16475
15,16,8008,fpga,ImageNet16-120,43.500000,0.876800,0.534007,16162
15,16,15383,fpga,ImageNet16-120,47.033333,1.504000,0.534007,16162
15,16,6787,fpga,ImageNet16-120,44.400000,0.969600,0.534007,16162
15,16,2835,fpga,ImageNet16-120,38.222220,0.546720,0.534007,16162
15,16,13284,fpga,ImageNet16-120,40.177776,0.784000,0.534007,16162
15,16,14748,fpga,ImageNet16-120,44.900000,0.995200,0.534007,16162
15,16,5793,fpga,ImageNet16-120,35.033333,0.517920,0.534007,16162
15,16,6854,fpga,ImageNet16-120,40.800000,0.809120,0.534007,16162
15,16,857,fpga,ImageNet16-120,47.311110,2.038400,0.534007,16162
15,16,8633,fpga,ImageNet16-120,39.766666,0.780320,0.534007,16162
15,16,14417,fpga,ImageNet16-120,45.900000,1.276320,0.534007,16162
15,16,15446,fpga,ImageNet16-120,45.766666,1.116320,0.534007,16162
15,16,6868,fpga,ImageNet16-120,39.000000,0.649120,0.534007,16162
15,16,1939,fpga,ImageNet16-120,45.077778,1.062400,0.534007,16162
15,16,9805,fpga,ImageNet16-120,34.133335,0.415520,0.534007,16162
15,16,4988,fpga,ImageNet16-120,28.933332,0.284320,0.534007,16162
15,17,15446,pixel3,ImageNet16-120,45.766666,3.439380,0.693991,16044
15,17,978,pixel3,ImageNet16-120,33.488888,0.665489,0.693991,16044
15,17,15383,pixel3,ImageNet16-120,47.033333,5.191720,0.693991,16044
15,17,12506,pixel3,ImageNet16-120,43.983334,2.929990,0.693991,16044
15,17,6014,pixel3,ImageNet16-120,28.533333,0.423391,0.693991,16044
15,17,13059,pixel3,ImageNet16-120,34.266666,0.668679,0.693991,16044
15,17,4384,pixel3,ImageNet16-120,28.133333,0.421612,0.693991,16044
15,17,1939,pixel3,ImageNet16-120,45.077778,3.021500,0.693991,16044
15,17,14417,pixel3,ImageNet16-120,45.900000,4.143030,0.693991,16044
15,17,1860,pixel3,ImageNet16-120,28.433332,0.422587,0.693991,16044
15,17,12424,pixel3,ImageNet16-120,43.133330,2.470150,0.693991,16044
15,17,12639,pixel3,ImageNet16-120,40.400000,1.304440,0.693991,16044
15,17,2835,pixel3,ImageNet16-120,38.222220,0.868646,0.693991,16044
15,17,4977,pixel3,ImageNet16-120,32.966667,0.617991,0.693991,16044
15,17,4627,pixel3,ImageNet16-120,43.500000,2.479640,0.693991,16044
15,17,735,pixel3,ImageNet16-120,38.544445,1.107950,0.693991,16044
15,17,13756,pixel3,ImageNet16-120,0.833333,0.005289,0.693991,16044
15,17,11000,pixel3,ImageNet16-120,44.866665,2.962520,0.693991,16044
15,17,4895,pixel3,ImageNet16-120,33.200000,0.619070,0.693991,16044
15,17,4988,pixel3,ImageNet16-120,28.933332,0.485996,0.693991,16044
15,17,872,pixel3,ImageNet16-120,41.777780,2.465030,0.693991,16044
15,17,3728,pixel3,ImageNet16-120,28.500000,0.422880,0.693991,16044
15,17,2018,pixel3,ImageNet16-120,46.433334,4.949210,0.693991,16044
15,17,10154,pixel3,ImageNet16-120,46.133335,4.783700,0.693991,16044
15,17,1110,pixel3,ImageNet16-120,28.600000,0.423927,0.693991,16044
15,17,12358,pixel3,ImageNet16-120,34.055557,0.666287,0.693991,16044
15,17,758,pixel3,ImageNet16-120,28.333334,0.422134,0.693991,16044
15,17,4409,pixel3,ImageNet16-120,37.722220,0.862979,0.693991,16044
15,17,6854,pixel3,ImageNet16-120,40.800000,1.621620,0.693991,16044
15,17,10412,pixel3,ImageNet16-120,43.733334,2.753550,0.693991,16044
15,17,12466,pixel3,ImageNet16-120,46.100000,4.680280,0.693991,16044
15,17,8954,pixel3,ImageNet16-120,28.733334,0.424855,0.693991,16044
15,17,857,pixel3,ImageNet16-120,47.311110,6.686850,0.693991,16044
15,17,8627,pixel3,ImageNet16-120,43.633335,2.707490,0.693991,16044
15,17,1425,pixel3,ImageNet16-120,45.977780,4.619290,0.693991,16044
15,17,4587,pixel3,ImageNet16-120,28.800000,0.445767,0.693991,16044
15,17,1549,pixel3,ImageNet16-120,28.655556,0.424747,0.693991,16044
15,17,4004,pixel3,ImageNet16-120,42.811110,2.467510,0.693991,16044
15,17,12516,pixel3,ImageNet16-120,32.083332,0.617816,0.693991,16044
15,17,10340,pixel3,ImageNet16-120,31.522223,0.617772,0.693991,16044
15,17,1204,pixel3,ImageNet16-120,37.844444,0.864966,0.693991,16044
15,18,8884,raspi4,ImageNet16-120,45.033333,5.293177,0.825653,16031
15,18,15446,raspi4,ImageNet16-120,45.766666,7.469873,0.825653,16031
15,18,7227,raspi4,ImageNet16-120,32.533333,1.530737,0.825653,16031
15,18,6336,raspi4,ImageNet16-120,39.366665,3.073392,0.825653,16031
15,18,933,raspi4,ImageNet16-120,0.833333,0.011514,0.825653,16031
15,18,14677,raspi4,ImageNet16-120,33.233334,1.537227,0.825653,16031
15,18,1413,raspi4,ImageNet16-120,42.711113,3.788479,0.825653,16031
15,18,9032,raspi4,ImageNet16-120,38.016666,2.201532,0.825653,16031
15,18,10472,raspi4,ImageNet16-120,39.633335,3.079679,0.825653,16031
15,18,1188,raspi4,ImageNet16-120,32.455555,1.526725,0.825653,16031
15,18,5455,raspi4,ImageNet16-120,32.611110,1.532377,0.825653,16031
15,18,13059,raspi4,ImageNet16-120,34.266666,1.595651,0.825653,16031
15,18,3782,raspi4,ImageNet16-120,41.866665,3.755286,0.825653,16031
15,18,7187,raspi4,ImageNet16-120,28.683332,0.952790,0.825653,16031
15,18,6854,raspi4,ImageNet16-120,40.800000,3.661016,0.825653,16031
15,18,12505,raspi4,ImageNet16-120,39.283333,3.062432,0.825653,16031
15,18,8426,raspi4,ImageNet16-120,44.633335,5.288439,0.825653,16031
15,18,8736,raspi4,ImageNet16-120,45.700000,6.658077,0.825653,16031
15,18,3431,raspi4,ImageNet16-120,32.966667,1.536690,0.825653,16031
15,18,13931,raspi4,ImageNet16-120,28.788889,0.956195,0.825653,16031
15,18,4988,raspi4,ImageNet16-120,28.933332,1.003251,0.825653,16031
15,18,10835,raspi4,ImageNet16-120,45.233334,6.632419,0.825653,16031
15,18,5973,raspi4,ImageNet16-120,40.100000,3.159922,0.825653,16031
15,18,8355,raspi4,ImageNet16-120,39.666668,3.083286,0.825653,16031
15,18,14792,raspi4,ImageNet16-120,43.033333,3.792447,0.825653,16031
15,18,4995,raspi4,ImageNet16-120,42.166668,3.766336,0.825653,16031
15,18,4731,raspi4,ImageNet16-120,37.333332,2.199167,0.825653,16031
15,18,735,raspi4,ImageNet16-120,38.544445,2.911079,0.825653,16031
15,18,5530,raspi4,ImageNet16-120,42.577778,3.785925,0.825653,16031
15,18,15107,raspi4,ImageNet16-120,39.800000,3.083329,0.825653,16031
15,18,11079,raspi4,ImageNet16-120,43.566666,3.802027,0.825653,16031
15,18,45,raspi4,ImageNet16-120,33.611110,1.581422,0.825653,16031
15,18,6519,raspi4,ImageNet16-120,40.183334,3.212652,0.825653,16031
15,18,4771,raspi4,ImageNet16-120,33.766666,1.582308,0.825653,16031
15,18,12358,raspi4,ImageNet16-120,34.055557,1.582727,0.825653,16031
15,18,12639,raspi4,ImageNet16-120,40.400000,3.628959,0.825653,16031
15,18,11584,raspi4,ImageNet16-120,46.666668,8.014434,0.825653,16031
15,18,7396,raspi4,ImageNet16-120,40.177776,3.202041,0.825653,16031
15,18,857,raspi4,ImageNet16-120,47.311110,9.020064,0.825653,16031
15,18,6787,raspi4,ImageNet16-120,44.400000,4.532777,0.825653,16031
15,18,2018,raspi4,ImageNet16-120,46.433334,7.482383,0.825653,16031
15,18,15383,raspi4,ImageNet16-120,47.033333,8.565354,0.825653,16031
15,18,1939,raspi4,ImageNet16-120,45.077778,5.341908,0.825653,16031
16,1,14407,edgegpu,cifar10,86.770000,1.440282,0.575640,16294
16,1,11692,edgegpu,cifar10,94.130000,4.708362,0.575640,16294
16,1,5292,edgegpu,cifar10,94.293335,6.663151,0.575640,16294
16,1,9099,edgegpu,cifar10,93.940000,3.357520,0.575640,16294
16,1,2090,edgegpu,cifar10,86.650000,1.437702,0.575640,16294
16,1,5400,edgegpu,cifar10,86.630000,1.427460,0.575640,16294
16,1,5780,edgegpu,cifar10,93.980000,3.361888,0.575640,16294
16,1,258,edgegpu,cifar10,93.640000,3.307109,0.575640,16294
16,1,13401,edgegpu,cifar10,87.010000,1.457009,0.575640,16294
16,1,13714,edgegpu,cifar10,94.373340,6.772180,0.575640,16294
16,1,2053,edgegpu,cifar10,94.206665,5.482254,0.575640,16294
16,1,1099,edgegpu,cifar10,92.240000,1.774683,0.575640,16294
16,1,1459,edgegpu,cifar10,94.296670,6.748991,0.575640,16294
16,1,15200,edgegpu,cifar10,10.000000,0.501385,0.575640,16294
16,1,6330,edgegpu,cifar10,94.006670,4.384699,0.575640,16294
16,1,10484,edgegpu,cifar10,93.810000,3.354015,0.575640,16294
16,1,561,edgegpu,cifar10,86.880000,1.451068,0.575640,16294
16,1,14527,edgegpu,cifar10,86.765000,1.439619,0.575640,16294
16,1,1339,edgegpu,cifar10,92.136665,1.751881,0.575640,16294
16,1,11810,edgegpu,cifar10,92.780000,1.992798,0.575640,16294
16,1,1038,edgegpu,cifar10,92.276665,1.828198,0.575640,16294
16,2,14527,edgetpu,cifar10,86.765000,0.365664,0.799264,16426
16,2,5258,edgetpu,cifar10,88.775000,0.388629,0.799264,16426
16,2,970,edgetpu,cifar10,86.770000,0.371488,0.799264,16426
16,2,13714,edgetpu,cifar10,94.373340,1.377865,0.799264,16426
16,2,8192,edgetpu,cifar10,93.093330,0.627745,0.799264,16426
16,2,9950,edgetpu,cifar10,93.840000,0.723767,0.799264,16426
16,2,4675,edgetpu,cifar10,89.200000,0.395661,0.799264,16426
16,2,2053,edgetpu,cifar10,94.206665,1.042178,0.799264,16426
16,2,5780,edgetpu,cifar10,93.980000,0.723967,0.799264,16426
16,2,3927,edgetpu,cifar10,93.626660,0.723268,0.799264,16426
16,2,6382,edgetpu,cifar10,93.376660,0.628638,0.799264,16426
16,2,13611,edgetpu,cifar10,92.490000,0.481826,0.799264,16426
16,2,9689,edgetpu,cifar10,93.370000,0.628386,0.799264,16426
16,2,11810,edgetpu,cifar10,92.780000,0.482879,0.799264,16426
16,2,5111,edgetpu,cifar10,94.306660,1.152010,0.799264,16426
16,2,11692,edgetpu,cifar10,94.130000,0.761100,0.799264,16426
16,2,11438,edgetpu,cifar10,92.500000,0.482393,0.799264,16426
16,2,2734,edgetpu,cifar10,92.086670,0.481291,0.799264,16426
16,2,1005,edgetpu,cifar10,89.183334,0.392518,0.799264,16426
16,2,3731,edgetpu,cifar10,94.343330,1.282820,0.799264,16426
16,2,2240,edgetpu,cifar10,91.990000,0.480973,0.799264,16426
16,2,5915,edgetpu,cifar10,86.846664,0.376449,0.799264,16426
16,2,797,edgetpu,cifar10,93.280000,0.627996,0.799264,16426
16,2,9271,edgetpu,cifar10,89.250000,0.396381,0.799264,16426
16,2,5647,edgetpu,cifar10,89.110000,0.389378,0.799264,16426
16,2,8008,edgetpu,cifar10,93.480000,0.629746,0.799264,16426
16,2,2485,edgetpu,cifar10,86.700000,0.346546,0.799264,16426
16,2,6515,edgetpu,cifar10,93.616670,0.722858,0.799264,16426
16,3,13611,eyeriss,cifar10,92.490000,3.154100,0.469584,16463
16,3,13987,eyeriss,cifar10,93.596664,3.645620,0.469584,16463
16,3,4384,eyeriss,cifar10,86.796670,1.679540,0.469584,16463
16,3,13714,eyeriss,cifar10,94.373340,7.823540,0.469584,16463
16,3,11692,eyeriss,cifar10,94.130000,4.874420,0.469584,16463
16,3,8008,eyeriss,cifar10,93.480000,3.399860,0.469584,16463
16,3,8720,eyeriss,cifar10,89.875000,1.925300,0.469584,16463
16,3,5111,eyeriss,cifar10,94.306660,5.365940,0.469584,16463
16,3,8323,eyeriss,cifar10,90.870000,2.171060,0.469584,16463
16,3,6111,eyeriss,cifar10,94.373340,7.823540,0.469584,16463
16,3,3731,eyeriss,cifar10,94.343330,6.594740,0.469584,16463
16,3,12438,eyeriss,cifar10,89.875000,1.925300,0.469584,16463
16,3,11472,eyeriss,cifar10,93.970000,4.628660,0.469584,16463
16,3,8592,eyeriss,cifar10,93.750000,3.891380,0.469584,16463
16,3,14112,eyeriss,cifar10,91.296670,2.908340,0.469584,16463
16,3,6899,eyeriss,cifar10,90.900000,2.416820,0.469584,16463
16,3,6854,eyeriss,cifar10,91.040000,2.662580,0.469584,16463
16,4,15000,fpga,cifar10,92.400000,2.390560,0.453513,16371
16,4,6584,fpga,cifar10,94.160000,4.163360,0.453513,16371
16,4,6111,fpga,cifar10,94.373340,6.678560,0.453513,16371
16,4,13714,fpga,cifar10,94.373340,6.678560,0.453513,16371
16,4,5111,fpga,cifar10,94.306660,5.193760,0.453513,16371
16,4,3731,fpga,cifar10,94.343330,5.936160,0.453513,16371
16,4,10412,fpga,cifar10,93.530000,3.420960,0.453513,16371
16,4,11472,fpga,cifar10,93.970000,3.648160,0.453513,16371
16,4,12438,fpga,cifar10,89.875000,1.648160,0.453513,16371
16,4,4384,fpga,cifar10,86.796670,1.132960,0.453513,16371
16,4,8008,fpga,cifar10,93.480000,2.905760,0.453513,16371
16,4,8323,fpga,cifar10,90.870000,2.163360,0.453513,16371
16,4,10431,fpga,cifar10,87.000000,1.542560,0.453513,16371
16,5,3731,pixel3,cifar10,94.343330,23.361300,0.742689,16098
16,5,5224,pixel3,cifar10,88.980000,1.570360,0.742689,16098
16,5,8592,pixel3,cifar10,93.750000,10.769800,0.742689,16098
16,5,7685,pixel3,cifar10,90.430000,3.088390,0.742689,16098
16,5,14941,pixel3,cifar10,89.710000,2.366260,0.742689,16098
16,5,6382,pixel3,cifar10,93.376660,7.048190,0.742689,16098
16,5,6111,pixel3,cifar10,94.373340,23.584800,0.742689,16098
16,5,6863,pixel3,cifar10,86.740000,1.229320,0.742689,16098
16,5,11692,pixel3,cifar10,94.130000,15.490100,0.742689,16098
16,5,6624,pixel3,cifar10,89.120000,1.670570,0.742689,16098
16,5,6985,pixel3,cifar10,89.940000,2.367450,0.742689,16098
16,5,1894,pixel3,cifar10,92.110000,5.778250,0.742689,16098
16,5,6999,pixel3,cifar10,93.820000,12.260900,0.742689,16098
16,5,5111,pixel3,cifar10,94.306660,17.584600,0.742689,16098
16,5,8708,pixel3,cifar10,94.080000,12.839000,0.742689,16098
16,5,6584,pixel3,cifar10,94.160000,15.720300,0.742689,16098
16,5,13987,pixel3,cifar10,93.596664,9.922680,0.742689,16098
16,5,1339,pixel3,cifar10,92.136665,5.802240,0.742689,16098
16,5,13171,pixel3,cifar10,93.530000,7.717220,0.742689,16098
16,5,7197,pixel3,cifar10,90.366670,2.447670,0.742689,16098
16,5,4578,pixel3,cifar10,89.673330,1.714730,0.742689,16098
16,5,6918,pixel3,cifar10,87.000000,1.478790,0.742689,16098
16,5,7001,pixel3,cifar10,10.000000,0.003277,0.742689,16098
16,5,4689,pixel3,cifar10,90.720000,3.106280,0.742689,16098
16,5,1497,pixel3,cifar10,86.556660,1.056630,0.742689,16098
16,5,1425,pixel3,cifar10,93.933334,12.536500,0.742689,16098
16,5,12139,pixel3,cifar10,90.660000,3.098500,0.742689,16098
16,5,9230,pixel3,cifar10,86.580000,1.056760,0.742689,16098
16,5,1943,pixel3,cifar10,93.116670,6.492030,0.742689,16098
16,5,8323,pixel3,cifar10,90.870000,3.106420,0.742689,16098
16,5,12970,pixel3,cifar10,90.970000,4.723840,0.742689,16098
16,5,12452,pixel3,cifar10,91.350000,5.590110,0.742689,16098
16,5,6434,pixel3,cifar10,91.080000,4.811140,0.742689,16098
16,5,4554,pixel3,cifar10,86.670000,1.114880,0.742689,16098
16,5,8695,pixel3,cifar10,94.220000,17.564500,0.742689,16098
16,5,7017,pixel3,cifar10,86.970000,1.403930,0.742689,16098
16,5,12820,pixel3,cifar10,90.880000,3.982790,0.742689,16098
16,5,1941,pixel3,cifar10,93.533330,9.128690,0.742689,16098
16,5,1804,pixel3,cifar10,89.063330,1.579900,0.742689,16098
16,6,3731,raspi4,cifar10,94.343330,58.070793,0.701146,16084
16,6,4398,raspi4,cifar10,92.073330,17.597267,0.701146,16084
16,6,11810,raspi4,cifar10,92.780000,18.619905,0.701146,16084
16,6,5111,raspi4,cifar10,94.306660,41.756905,0.701146,16084
16,6,6111,raspi4,cifar10,94.373340,68.404106,0.701146,16084
16,6,5780,raspi4,cifar10,93.980000,34.928463,0.701146,16084
16,6,8008,raspi4,cifar10,93.480000,22.571420,0.701146,16084
16,6,9380,raspi4,cifar10,89.335000,4.875613,0.701146,16084
16,6,11692,raspi4,cifar10,94.130000,37.583630,0.701146,16084
16,6,7207,raspi4,cifar10,89.803340,5.099723,0.701146,16084
16,6,7017,raspi4,cifar10,86.970000,2.544041,0.701146,16084
16,6,4432,raspi4,cifar10,90.700000,7.290926,0.701146,16084
16,6,1690,raspi4,cifar10,86.646670,2.536549,0.701146,16084
16,6,7058,raspi4,cifar10,92.040000,16.469465,0.701146,16084
16,6,2058,raspi4,cifar10,93.270000,19.484835,0.701146,16084
16,6,9980,raspi4,cifar10,10.000000,0.011284,0.701146,16084
16,6,6918,raspi4,cifar10,87.000000,2.787590,0.701146,16084
16,6,5940,raspi4,cifar10,91.056660,12.563456,0.701146,16084
16,6,10445,raspi4,cifar10,90.940000,12.393285,0.701146,16084
16,6,1941,raspi4,cifar10,93.533330,25.121769,0.701146,16084
16,6,1804,raspi4,cifar10,89.063330,4.791845,0.701146,16084
16,6,1781,raspi4,cifar10,89.883330,5.961801,0.701146,16084
16,6,8592,raspi4,cifar10,93.750000,25.477009,0.701146,16084
16,6,7407,raspi4,cifar10,93.510000,24.855400,0.701146,16084
16,6,6382,raspi4,cifar10,93.376660,21.461164,0.701146,16084
16,6,3687,raspi4,cifar10,89.820000,5.156255,0.701146,16084
16,6,8323,raspi4,cifar10,90.870000,7.426308,0.701146,16084
16,6,14565,raspi4,cifar10,88.880000,4.781183,0.701146,16084
16,6,8426,raspi4,cifar10,93.840000,31.394428,0.701146,16084
16,6,2937,raspi4,cifar10,92.190000,17.768639,0.701146,16084
16,6,4689,raspi4,cifar10,90.720000,7.356712,0.701146,16084
16,6,1099,raspi4,cifar10,92.240000,18.358124,0.701146,16084
16,6,6953,raspi4,cifar10,91.990000,15.601654,0.701146,16084
16,7,4418,edgegpu,cifar100,72.746666,5.352364,0.539717,16221
16,7,9997,edgegpu,cifar100,71.520000,3.466139,0.539717,16221
16,7,14677,edgegpu,cifar100,62.420000,1.746187,0.539717,16221
16,7,2304,edgegpu,cifar100,58.660000,1.440253,0.539717,16221
16,7,9930,edgegpu,cifar100,73.513336,6.803060,0.539717,16221
16,7,8912,edgegpu,cifar100,59.200000,1.441355,0.539717,16221
16,7,4954,edgegpu,cifar100,73.000000,6.669736,0.539717,16221
16,7,8401,edgegpu,cifar100,71.080000,3.302102,0.539717,16221
16,7,11810,edgegpu,cifar100,68.300000,1.779551,0.539717,16221
16,7,2778,edgegpu,cifar100,72.993330,6.134028,0.539717,16221
16,7,12415,edgegpu,cifar100,71.940000,4.828467,0.539717,16221
16,7,1509,edgegpu,cifar100,1.000000,0.505853,0.539717,16221
16,7,9922,edgegpu,cifar100,58.560000,1.428552,0.539717,16221
16,7,11885,edgegpu,cifar100,68.040000,1.776652,0.539717,16221
16,7,3888,edgegpu,cifar100,73.260000,6.797867,0.539717,16221
16,7,1425,edgegpu,cifar100,72.093330,5.310225,0.539717,16221
16,7,1038,edgegpu,cifar100,67.500000,1.758428,0.539717,16221
16,8,797,edgetpu,cifar100,69.580000,0.633351,0.638809,15895
16,8,9930,edgetpu,cifar100,73.513336,1.454107,0.638809,15895
16,8,10596,edgetpu,cifar100,67.633330,0.488672,0.638809,15895
16,8,8401,edgetpu,cifar100,71.080000,0.728572,0.638809,15895
16,8,10443,edgetpu,cifar100,68.300000,0.489020,0.638809,15895
16,8,10000,edgetpu,cifar100,73.160000,1.283461,0.638809,15895
16,8,12415,edgetpu,cifar100,71.940000,0.872299,0.638809,15895
16,8,777,edgetpu,cifar100,58.650000,0.355588,0.638809,15895
16,8,8638,edgetpu,cifar100,58.860000,0.356631,0.638809,15895
16,8,5019,edgetpu,cifar100,58.880000,0.357058,0.638809,15895
16,8,8912,edgetpu,cifar100,59.200000,0.377698,0.638809,15895
16,8,1110,edgetpu,cifar100,58.840000,0.355938,0.638809,15895
16,8,14945,edgetpu,cifar100,58.500000,0.354940,0.638809,15895
16,8,431,edgetpu,cifar100,67.626660,0.488557,0.638809,15895
16,8,9997,edgetpu,cifar100,71.520000,0.729986,0.638809,15895
16,8,12574,edgetpu,cifar100,72.740000,0.932430,0.638809,15895
16,8,4418,edgetpu,cifar100,72.746666,1.093699,0.638809,15895
16,8,577,edgetpu,cifar100,69.680000,0.635228,0.638809,15895
16,8,8649,edgetpu,cifar100,70.690000,0.727284,0.638809,15895
16,8,857,edgetpu,cifar100,72.880000,1.264168,0.638809,15895
16,8,3888,edgetpu,cifar100,73.260000,1.316226,0.638809,15895
16,8,12607,edgetpu,cifar100,62.600000,0.392830,0.638809,15895
16,8,11219,edgetpu,cifar100,67.200000,0.486929,0.638809,15895
16,8,9271,edgetpu,cifar100,63.400000,0.393151,0.638809,15895
16,8,4627,edgetpu,cifar100,69.600000,0.635153,0.638809,15895
16,8,4155,edgetpu,cifar100,62.306667,0.391442,0.638809,15895
16,8,1425,edgetpu,cifar100,72.093330,0.910660,0.638809,15895
16,8,1383,edgetpu,cifar100,70.273330,0.673722,0.638809,15895
16,8,2705,edgetpu,cifar100,62.813330,0.393026,0.638809,15895
16,8,8032,edgetpu,cifar100,67.600000,0.487441,0.638809,15895
16,8,4659,edgetpu,cifar100,70.060000,0.636433,0.638809,15895
16,8,11533,edgetpu,cifar100,69.760000,0.635877,0.638809,15895
16,8,12761,edgetpu,cifar100,72.860000,1.225212,0.638809,15895
16,8,11112,edgetpu,cifar100,66.893330,0.486713,0.638809,15895
16,8,3303,edgetpu,cifar100,62.420000,0.392593,0.638809,15895
16,9,3687,eyeriss,cifar100,64.460000,1.928320,0.473539,16584
16,9,12970,eyeriss,cifar100,68.140000,2.665600,0.473539,16584
16,9,3888,eyeriss,cifar100,73.260000,6.597760,0.473539,16584
16,9,6925,eyeriss,cifar100,71.220000,3.894400,0.473539,16584
16,9,9930,eyeriss,cifar100,73.513336,9.055360,0.473539,16584
16,9,5084,eyeriss,cifar100,58.813330,1.682560,0.473539,16584
16,9,10689,eyeriss,cifar100,67.500000,2.174080,0.473539,16584
16,9,12761,eyeriss,cifar100,72.860000,6.352000,0.473539,16584
16,9,3540,eyeriss,cifar100,71.500000,4.877440,0.473539,16584
16,9,14714,eyeriss,cifar100,71.280000,4.140160,0.473539,16584
16,9,12820,eyeriss,cifar100,67.720000,2.419840,0.473539,16584
16,9,12574,eyeriss,cifar100,72.740000,5.123200,0.473539,16584
16,9,5725,eyeriss,cifar100,70.600000,3.648640,0.473539,16584
16,9,11973,eyeriss,cifar100,70.340000,3.402880,0.473539,16584
16,9,14112,eyeriss,cifar100,68.386665,2.911360,0.473539,16584
16,10,5033,fpga,cifar100,59.060000,1.542560,0.533988,16242
16,10,15033,fpga,cifar100,67.793335,2.390560,0.533988,16242
16,10,12761,fpga,cifar100,72.860000,5.420960,0.533988,16242
16,10,375,fpga,cifar100,64.440000,1.648160,0.533988,16242
16,10,3888,fpga,cifar100,73.260000,5.936160,0.533988,16242
16,10,6830,fpga,cifar100,71.460000,4.057760,0.533988,16242
16,10,3385,fpga,cifar100,72.380000,5.193760,0.533988,16242
16,10,6787,fpga,cifar100,70.720000,3.420960,0.533988,16242
16,10,5743,fpga,cifar100,67.800000,2.800160,0.533988,16242
16,10,5084,fpga,cifar100,58.813330,1.132960,0.533988,16242
16,10,6925,fpga,cifar100,71.220000,3.936160,0.533988,16242
16,10,9930,fpga,cifar100,73.513336,7.420960,0.533988,16242
16,10,3540,fpga,cifar100,71.500000,4.163360,0.533988,16242
16,10,3487,fpga,cifar100,70.093330,2.905760,0.533988,16242
16,10,10689,fpga,cifar100,67.500000,2.163360,0.533988,16242
16,10,8139,fpga,cifar100,64.440000,1.648160,0.533988,16242
16,10,69,fpga,cifar100,71.020000,3.648160,0.533988,16242
16,10,699,fpga,cifar100,72.240000,4.678560,0.533988,16242
16,10,4249,fpga,cifar100,65.080000,2.057760,0.533988,16242
16,11,12574,pixel3,cifar100,72.740000,16.473900,0.618714,16079
16,11,906,pixel3,cifar100,62.393333,1.661810,0.618714,16079
16,11,8323,pixel3,cifar100,67.080000,3.106340,0.618714,16079
16,11,11000,pixel3,cifar100,71.180000,10.677600,0.618714,16079
16,11,777,pixel3,cifar100,58.650000,1.087020,0.618714,16079
16,11,1450,pixel3,cifar100,70.506670,9.337360,0.618714,16079
16,11,9930,pixel3,cifar100,73.513336,42.003600,0.618714,16079
16,11,375,pixel3,cifar100,64.440000,2.363140,0.618714,16079
16,11,857,pixel3,cifar100,72.880000,19.113200,0.618714,16079
16,11,704,pixel3,cifar100,62.870000,1.913330,0.618714,16079
16,11,6337,pixel3,cifar100,1.000000,0.008753,0.618714,16079
16,11,1459,pixel3,cifar100,73.140000,23.437900,0.618714,16079
16,11,3888,pixel3,cifar100,73.260000,23.477200,0.618714,16079
16,11,8638,pixel3,cifar100,58.860000,1.478570,0.618714,16079
16,11,12970,pixel3,cifar100,68.140000,4.782110,0.618714,16079
16,11,2649,pixel3,cifar100,64.446660,2.496890,0.618714,16079
16,11,1409,pixel3,cifar100,58.853333,1.275090,0.618714,16079
16,11,4432,pixel3,cifar100,66.486664,3.105870,0.618714,16079
16,11,699,pixel3,cifar100,72.240000,12.079400,0.618714,16079
16,11,898,pixel3,cifar100,70.000000,6.516140,0.618714,16079
16,11,8912,pixel3,cifar100,59.200000,1.478790,0.618714,16079
16,11,858,pixel3,cifar100,64.133330,2.003500,0.618714,16079
16,11,9649,pixel3,cifar100,64.540000,2.536210,0.618714,16079
16,11,15363,pixel3,cifar100,70.520000,9.708640,0.618714,16079
16,11,10689,pixel3,cifar100,67.500000,3.109220,0.618714,16079
16,12,10042,raspi4,cifar100,64.880000,5.100886,0.699202,16008
16,12,15363,raspi4,cifar100,70.520000,21.809430,0.699202,16008
16,12,6918,raspi4,cifar100,58.800000,2.571364,0.699202,16008
16,12,898,raspi4,cifar100,70.000000,21.506163,0.699202,16008
16,12,3888,raspi4,cifar100,73.260000,55.029520,0.699202,16008
16,12,14253,raspi4,cifar100,70.860000,25.077555,0.699202,16008
16,12,9930,raspi4,cifar100,73.513336,71.152000,0.699202,16008
16,12,485,raspi4,cifar100,67.593330,14.719852,0.699202,16008
16,12,15589,raspi4,cifar100,59.060000,2.795078,0.699202,16008
16,12,6830,raspi4,cifar100,71.460000,34.491814,0.699202,16008
16,12,14612,raspi4,cifar100,58.720000,2.563505,0.699202,16008
16,12,8740,raspi4,cifar100,1.000000,0.015215,0.699202,16008
16,12,1459,raspi4,cifar100,73.140000,53.879950,0.699202,16008
16,12,2222,raspi4,cifar100,58.313330,2.538255,0.699202,16008
16,12,1357,raspi4,cifar100,67.480000,10.177114,0.699202,16008
16,12,9997,raspi4,cifar100,71.520000,34.996710,0.699202,16008
16,12,4607,raspi4,cifar100,58.820000,2.777558,0.699202,16008
16,12,12915,raspi4,cifar100,66.950000,7.226311,0.699202,16008
16,12,12761,raspi4,cifar100,72.860000,53.718200,0.699202,16008
16,12,9271,raspi4,cifar100,63.400000,4.800893,0.699202,16008
16,12,4418,raspi4,cifar100,72.746666,47.162354,0.699202,16008
16,12,12607,raspi4,cifar100,62.600000,4.779045,0.699202,16008
16,12,2035,raspi4,cifar100,63.926666,5.005698,0.699202,16008
16,12,12295,raspi4,cifar100,71.160000,33.477806,0.699202,16008
16,12,9895,raspi4,cifar100,69.400000,19.211880,0.699202,16008
16,12,2058,raspi4,cifar100,69.613335,20.052132,0.699202,16008
16,12,4409,raspi4,cifar100,67.173330,7.228629,0.699202,16008
16,12,6822,raspi4,cifar100,58.426666,2.558594,0.699202,16008
16,12,5208,raspi4,cifar100,67.413330,9.665987,0.699202,16008
16,12,6787,raspi4,cifar100,70.720000,23.081835,0.699202,16008
16,12,12574,raspi4,cifar100,72.740000,36.371254,0.699202,16008
16,12,3487,raspi4,cifar100,70.093330,21.603350,0.699202,16008
16,12,7115,raspi4,cifar100,68.160000,14.756705,0.699202,16008
16,12,11123,raspi4,cifar100,71.000000,27.253435,0.699202,16008
16,12,6931,raspi4,cifar100,71.180000,34.009453,0.699202,16008
16,13,15383,edgegpu,ImageNet16-120,47.033333,6.262836,0.700222,16341
16,13,13411,edgegpu,ImageNet16-120,31.855556,1.736240,0.700222,16341
16,13,14612,edgegpu,ImageNet16-120,28.488890,1.434064,0.700222,16341
16,13,8401,edgegpu,ImageNet16-120,43.833332,3.322444,0.700222,16341
16,13,14117,edgegpu,ImageNet16-120,28.677778,1.435547,0.700222,16341
16,13,10835,edgegpu,ImageNet16-120,45.233334,4.434366,0.700222,16341
16,13,9672,edgegpu,ImageNet16-120,39.388890,1.758208,0.700222,16341
16,13,8230,edgegpu,ImageNet16-120,39.944443,2.585306,0.700222,16341
16,13,4587,edgegpu,ImageNet16-120,28.800000,1.445131,0.700222,16341
16,13,7760,edgegpu,ImageNet16-120,39.100000,1.743751,0.700222,16341
16,13,2650,edgegpu,ImageNet16-120,42.433334,3.309817,0.700222,16341
16,13,15376,edgegpu,ImageNet16-120,0.833333,0.533953,0.700222,16341
16,13,15288,edgegpu,ImageNet16-120,28.422222,1.417041,0.700222,16341
16,13,6950,edgegpu,ImageNet16-120,38.700000,1.740150,0.700222,16341
16,13,12062,edgegpu,ImageNet16-120,39.900000,2.519493,0.700222,16341
16,13,12415,edgegpu,ImageNet16-120,46.566666,4.667692,0.700222,16341
16,13,1164,edgegpu,ImageNet16-120,28.522223,1.435223,0.700222,16341
16,13,4988,edgegpu,ImageNet16-120,28.933332,1.448212,0.700222,16341
16,13,12505,edgegpu,ImageNet16-120,39.283333,1.750417,0.700222,16341
16,13,4946,edgegpu,ImageNet16-120,44.700000,3.490419,0.700222,16341
16,13,11438,edgegpu,ImageNet16-120,39.733334,1.903386,0.700222,16341
16,13,8355,edgegpu,ImageNet16-120,39.666668,1.810203,0.700222,16341
16,13,9509,edgegpu,ImageNet16-120,39.788887,2.435136,0.700222,16341
16,13,454,edgegpu,ImageNet16-120,41.277780,3.303313,0.700222,16341
16,13,9722,edgegpu,ImageNet16-120,44.000000,3.327813,0.700222,16341
16,13,5674,edgegpu,ImageNet16-120,39.650000,1.763358,0.700222,16341
16,13,7187,edgegpu,ImageNet16-120,28.683332,1.443858,0.700222,16341
16,13,12081,edgegpu,ImageNet16-120,40.233334,2.730479,0.700222,16341
16,13,13760,edgegpu,ImageNet16-120,32.333332,1.739759,0.700222,16341
16,13,5374,edgegpu,ImageNet16-120,46.766666,5.294285,0.700222,16341
16,13,10699,edgegpu,ImageNet16-120,46.833332,6.223283,0.700222,16341
16,13,8426,edgegpu,ImageNet16-120,44.633335,3.370147,0.700222,16341
16,13,857,edgegpu,ImageNet16-120,47.311110,6.707663,0.700222,16341
16,13,8884,edgegpu,ImageNet16-120,45.033333,3.499999,0.700222,16341
16,13,5981,edgegpu,ImageNet16-120,39.211113,1.746097,0.700222,16341
16,14,6950,edgetpu,ImageNet16-120,38.700000,0.427379,0.621939,16087
16,14,7273,edgetpu,ImageNet16-120,42.966667,0.550014,0.621939,16087
16,14,15014,edgetpu,ImageNet16-120,28.266666,0.358110,0.621939,16087
16,14,13931,edgetpu,ImageNet16-120,28.788889,0.360349,0.621939,16087
16,14,5751,edgetpu,ImageNet16-120,40.044445,0.516992,0.621939,16087
16,14,4988,edgetpu,ImageNet16-120,28.933332,0.360694,0.621939,16087
16,14,15383,edgetpu,ImageNet16-120,47.033333,0.780914,0.621939,16087
16,14,15363,edgetpu,ImageNet16-120,44.333332,0.582280,0.621939,16087
16,14,6407,edgetpu,ImageNet16-120,32.333332,0.363748,0.621939,16087
16,14,11885,edgetpu,ImageNet16-120,39.166668,0.427395,0.621939,16087
16,14,6520,edgetpu,ImageNet16-120,32.383335,0.363944,0.621939,16087
16,14,857,edgetpu,ImageNet16-120,47.311110,0.997730,0.621939,16087
16,14,8008,edgetpu,ImageNet16-120,43.500000,0.552480,0.621939,16087
16,14,4830,edgetpu,ImageNet16-120,42.233334,0.549457,0.621939,16087
16,14,7750,edgetpu,ImageNet16-120,43.066666,0.551617,0.621939,16087
16,14,3540,edgetpu,ImageNet16-120,45.122223,0.648670,0.621939,16087
16,14,12297,edgetpu,ImageNet16-120,31.833334,0.363596,0.621939,16087
16,14,5674,edgetpu,ImageNet16-120,39.650000,0.428605,0.621939,16087
16,14,6858,edgetpu,ImageNet16-120,40.333332,0.541300,0.621939,16087
16,14,10888,edgetpu,ImageNet16-120,28.333334,0.359044,0.621939,16087
16,14,12415,edgetpu,ImageNet16-120,46.566666,0.710906,0.621939,16087
16,14,9689,edgetpu,ImageNet16-120,42.533333,0.549702,0.621939,16087
16,14,13769,edgetpu,ImageNet16-120,41.555557,0.549360,0.621939,16087
16,14,10750,edgetpu,ImageNet16-120,44.600000,0.615553,0.621939,16087
16,14,14677,edgetpu,ImageNet16-120,33.233334,0.364575,0.621939,16087
16,14,5973,edgetpu,ImageNet16-120,40.100000,0.517454,0.621939,16087
16,14,4438,edgetpu,ImageNet16-120,39.800000,0.475448,0.621939,16087
16,14,10332,edgetpu,ImageNet16-120,40.033333,0.516152,0.621939,16087
16,14,8447,edgetpu,ImageNet16-120,40.011112,0.514586,0.621939,16087
16,14,12231,edgetpu,ImageNet16-120,40.200000,0.518358,0.621939,16087
16,14,5586,edgetpu,ImageNet16-120,40.811110,0.546420,0.621939,16087
16,14,70,edgetpu,ImageNet16-120,39.377777,0.428228,0.621939,16087
16,15,4829,eyeriss,ImageNet16-120,34.200000,0.484480,0.457467,16459
16,15,8853,eyeriss,ImageNet16-120,45.600000,1.037440,0.457467,16459
16,15,1939,eyeriss,ImageNet16-120,45.077778,0.976000,0.457467,16459
16,15,6854,eyeriss,ImageNet16-120,40.800000,0.668800,0.457467,16459
16,15,2835,eyeriss,ImageNet16-120,38.222220,0.545920,0.457467,16459
16,15,8008,eyeriss,ImageNet16-120,43.500000,0.853120,0.457467,16459
16,15,857,eyeriss,ImageNet16-120,47.311110,1.651840,0.457467,16459
16,15,6787,eyeriss,ImageNet16-120,44.400000,0.914560,0.457467,16459
16,15,15383,eyeriss,ImageNet16-120,47.033333,1.283200,0.457467,16459
16,15,14417,eyeriss,ImageNet16-120,45.900000,1.098880,0.457467,16459
16,15,4988,eyeriss,ImageNet16-120,28.933332,0.423040,0.457467,16459
16,15,735,eyeriss,ImageNet16-120,38.544445,0.607360,0.457467,16459
16,16,5487,fpga,ImageNet16-120,38.500000,0.677920,0.521351,16180
16,16,8008,fpga,ImageNet16-120,43.500000,0.876800,0.521351,16180
16,16,857,fpga,ImageNet16-120,47.311110,2.038400,0.521351,16180
16,16,8853,fpga,ImageNet16-120,45.600000,1.155200,0.521351,16180
16,16,15383,fpga,ImageNet16-120,47.033333,1.504000,0.521351,16180
16,16,6854,fpga,ImageNet16-120,40.800000,0.809120,0.521351,16180
16,16,2835,fpga,ImageNet16-120,38.222220,0.546720,0.521351,16180
16,16,6787,fpga,ImageNet16-120,44.400000,0.969600,0.521351,16180
16,16,4988,fpga,ImageNet16-120,28.933332,0.284320,0.521351,16180
16,16,1939,fpga,ImageNet16-120,45.077778,1.062400,0.521351,16180
16,16,4829,fpga,ImageNet16-120,34.200000,0.415520,0.521351,16180
16,16,14417,fpga,ImageNet16-120,45.900000,1.276320,0.521351,16180
16,16,14748,fpga,ImageNet16-120,44.900000,0.995200,0.521351,16180
16,16,10017,fpga,ImageNet16-120,40.566666,0.784000,0.521351,16180
16,16,479,fpga,ImageNet16-120,38.500000,0.677920,0.521351,16180
16,16,12452,fpga,ImageNet16-120,40.533333,0.780320,0.521351,16180
16,16,11161,fpga,ImageNet16-120,34.500000,0.517920,0.521351,16180
16,17,4988,pixel3,ImageNet16-120,28.933332,0.485996,0.839080,16067
16,17,8853,pixel3,ImageNet16-120,45.600000,3.554540,0.839080,16067
16,17,2018,pixel3,ImageNet16-120,46.433334,4.949210,0.839080,16067
16,17,8954,pixel3,ImageNet16-120,28.733334,0.424855,0.839080,16067
16,17,12466,pixel3,ImageNet16-120,46.100000,4.680280,0.839080,16067
16,17,11000,pixel3,ImageNet16-120,44.866665,2.962520,0.839080,16067
16,17,1147,pixel3,ImageNet16-120,33.733334,0.666281,0.839080,16067
16,17,978,pixel3,ImageNet16-120,33.488888,0.665489,0.839080,16067
16,17,1549,pixel3,ImageNet16-120,28.655556,0.424747,0.839080,16067
16,17,5487,pixel3,ImageNet16-120,38.500000,1.109150,0.839080,16067
16,17,6294,pixel3,ImageNet16-120,38.011112,0.869124,0.839080,16067
16,17,12452,pixel3,ImageNet16-120,40.533333,1.504410,0.839080,16067
16,17,2002,pixel3,ImageNet16-120,32.277780,0.617751,0.839080,16067
16,17,4432,pixel3,ImageNet16-120,37.800000,0.861157,0.839080,16067
16,17,1425,pixel3,ImageNet16-120,45.977780,4.619290,0.839080,16067
16,17,9496,pixel3,ImageNet16-120,38.200000,1.024960,0.839080,16067
16,17,12639,pixel3,ImageNet16-120,40.400000,1.304440,0.839080,16067
16,17,1110,pixel3,ImageNet16-120,28.600000,0.423927,0.839080,16067
16,17,4384,pixel3,ImageNet16-120,28.133333,0.421612,0.839080,16067
16,17,4895,pixel3,ImageNet16-120,33.200000,0.619070,0.839080,16067
16,17,13756,pixel3,ImageNet16-120,0.833333,0.005289,0.839080,16067
16,17,12358,pixel3,ImageNet16-120,34.055557,0.666287,0.839080,16067
16,17,872,pixel3,ImageNet16-120,41.777780,2.465030,0.839080,16067
16,17,3728,pixel3,ImageNet16-120,28.500000,0.422880,0.839080,16067
16,17,857,pixel3,ImageNet16-120,47.311110,6.686850,0.839080,16067
16,17,10154,pixel3,ImageNet16-120,46.133335,4.783700,0.839080,16067
16,17,12424,pixel3,ImageNet16-120,43.133330,2.470150,0.839080,16067
16,17,1939,pixel3,ImageNet16-120,45.077778,3.021500,0.839080,16067
16,17,6854,pixel3,ImageNet16-120,40.800000,1.621620,0.839080,16067
16,17,10888,pixel3,ImageNet16-120,28.333334,0.422652,0.839080,16067
16,17,9032,pixel3,ImageNet16-120,38.016666,1.020960,0.839080,16067
16,17,3496,pixel3,ImageNet16-120,34.233334,0.670584,0.839080,16067
16,17,4977,pixel3,ImageNet16-120,32.966667,0.617991,0.839080,16067
16,17,15383,pixel3,ImageNet16-120,47.033333,5.191720,0.839080,16067
16,17,11079,pixel3,ImageNet16-120,43.566666,2.479610,0.839080,16067
16,17,6014,pixel3,ImageNet16-120,28.533333,0.423391,0.839080,16067
16,17,249,pixel3,ImageNet16-120,43.577778,2.720310,0.839080,16067
16,17,14417,pixel3,ImageNet16-120,45.900000,4.143030,0.839080,16067
16,18,2035,raspi4,ImageNet16-120,33.788887,1.582606,0.867639,15912
16,18,13771,raspi4,ImageNet16-120,32.744446,1.533813,0.867639,15912
16,18,4675,raspi4,ImageNet16-120,33.100000,1.544321,0.867639,15912
16,18,6868,raspi4,ImageNet16-120,39.000000,2.982937,0.867639,15912
16,18,12358,raspi4,ImageNet16-120,34.055557,1.582727,0.867639,15912
16,18,1188,raspi4,ImageNet16-120,32.455555,1.526725,0.867639,15912
16,18,7955,raspi4,ImageNet16-120,39.388890,3.082832,0.867639,15912
16,18,4988,raspi4,ImageNet16-120,28.933332,1.003251,0.867639,15912
16,18,4160,raspi4,ImageNet16-120,39.833332,3.114462,0.867639,15912
16,18,11079,raspi4,ImageNet16-120,43.566666,3.802027,0.867639,15912
16,18,3960,raspi4,ImageNet16-120,37.755554,2.197980,0.867639,15912
16,18,11584,raspi4,ImageNet16-120,46.666668,8.014434,0.867639,15912
16,18,8426,raspi4,ImageNet16-120,44.633335,5.288439,0.867639,15912
16,18,11885,raspi4,ImageNet16-120,39.166668,3.065985,0.867639,15912
16,18,10835,raspi4,ImageNet16-120,45.233334,6.632419,0.867639,15912
16,18,8323,raspi4,ImageNet16-120,38.033333,2.287984,0.867639,15912
16,18,10797,raspi4,ImageNet16-120,28.033333,0.946706,0.867639,15912
16,18,8884,raspi4,ImageNet16-120,45.033333,5.293177,0.867639,15912
16,18,1939,raspi4,ImageNet16-120,45.077778,5.341908,0.867639,15912
16,18,13931,raspi4,ImageNet16-120,28.788889,0.956195,0.867639,15912
16,18,3496,raspi4,ImageNet16-120,34.233334,1.598666,0.867639,15912
16,18,219,raspi4,ImageNet16-120,42.500000,3.768475,0.867639,15912
16,18,8355,raspi4,ImageNet16-120,39.666668,3.083286,0.867639,15912
16,18,5455,raspi4,ImageNet16-120,32.611110,1.532377,0.867639,15912
16,18,9585,raspi4,ImageNet16-120,0.833333,0.011519,0.867639,15912
16,18,11209,raspi4,ImageNet16-120,33.266666,1.580655,0.867639,15912
16,18,10017,raspi4,ImageNet16-120,40.566666,3.181383,0.867639,15912
16,18,14792,raspi4,ImageNet16-120,43.033333,3.792447,0.867639,15912
16,18,857,raspi4,ImageNet16-120,47.311110,9.020064,0.867639,15912
16,18,15363,raspi4,ImageNet16-120,44.333332,4.480516,0.867639,15912
16,18,7551,raspi4,ImageNet16-120,38.477780,2.950436,0.867639,15912
16,18,15383,raspi4,ImageNet16-120,47.033333,8.565354,0.867639,15912
16,18,11653,raspi4,ImageNet16-120,38.100000,2.898014,0.867639,15912
16,18,14417,raspi4,ImageNet16-120,45.900000,6.948865,0.867639,15912
16,18,10217,raspi4,ImageNet16-120,45.100000,6.109362,0.867639,15912
16,18,2779,raspi4,ImageNet16-120,37.355556,2.190654,0.867639,15912
16,18,9032,raspi4,ImageNet16-120,38.016666,2.201532,0.867639,15912
16,18,7870,raspi4,ImageNet16-120,42.633335,3.788979,0.867639,15912
16,18,6787,raspi4,ImageNet16-120,44.400000,4.532777,0.867639,15912
16,18,4995,raspi4,ImageNet16-120,42.166668,3.766336,0.867639,15912
16,18,3431,raspi4,ImageNet16-120,32.966667,1.536690,0.867639,15912
16,18,10715,raspi4,ImageNet16-120,45.533333,6.790813,0.867639,15912
16,18,5973,raspi4,ImageNet16-120,40.100000,3.159922,0.867639,15912
16,18,8733,raspi4,ImageNet16-120,46.600000,7.477213,0.867639,15912
16,18,9762,raspi4,ImageNet16-120,38.200000,2.912099,0.867639,15912
16,18,7187,raspi4,ImageNet16-120,28.683332,0.952790,0.867639,15912
16,18,3782,raspi4,ImageNet16-120,41.866665,3.755286,0.867639,15912
16,18,6336,raspi4,ImageNet16-120,39.366665,3.073392,0.867639,15912
16,18,13644,raspi4,ImageNet16-120,45.333332,6.780282,0.867639,15912
16,18,45,raspi4,ImageNet16-120,33.611110,1.581422,0.867639,15912
17,1,2776,edgegpu,cifar10,93.666664,3.331194,0.589860,16375
17,1,1549,edgegpu,cifar10,86.710000,1.436324,0.589860,16375
17,1,14527,edgegpu,cifar10,86.765000,1.439619,0.589860,16375
17,1,10484,edgegpu,cifar10,93.810000,3.354015,0.589860,16375
17,1,5780,edgegpu,cifar10,93.980000,3.361888,0.589860,16375
17,1,5292,edgegpu,cifar10,94.293335,6.663151,0.589860,16375
17,1,13714,edgegpu,cifar10,94.373340,6.772180,0.589860,16375
17,1,1459,edgegpu,cifar10,94.296670,6.748991,0.589860,16375
17,1,13401,edgegpu,cifar10,87.010000,1.457009,0.589860,16375
17,1,2053,edgegpu,cifar10,94.206665,5.482254,0.589860,16375
17,1,15200,edgegpu,cifar10,10.000000,0.501385,0.589860,16375
17,1,6330,edgegpu,cifar10,94.006670,4.384699,0.589860,16375
17,1,1339,edgegpu,cifar10,92.136665,1.751881,0.589860,16375
17,1,11810,edgegpu,cifar10,92.780000,1.992798,0.589860,16375
17,1,1099,edgegpu,cifar10,92.240000,1.774683,0.589860,16375
17,1,561,edgegpu,cifar10,86.880000,1.451068,0.589860,16375
17,1,10683,edgegpu,cifar10,92.330000,1.924162,0.589860,16375
17,1,6950,edgegpu,cifar10,92.000000,1.738467,0.589860,16375
17,1,1038,edgegpu,cifar10,92.276665,1.828198,0.589860,16375
17,1,9099,edgegpu,cifar10,93.940000,3.357520,0.589860,16375
17,1,14407,edgegpu,cifar10,86.770000,1.440282,0.589860,16375
17,1,5400,edgegpu,cifar10,86.630000,1.427460,0.589860,16375
17,1,11692,edgegpu,cifar10,94.130000,4.708362,0.589860,16375
17,2,9271,edgetpu,cifar10,89.250000,0.396381,0.717360,16314
17,2,6918,edgetpu,cifar10,87.000000,0.375819,0.717360,16314
17,2,13611,edgetpu,cifar10,92.490000,0.481826,0.717360,16314
17,2,4675,edgetpu,cifar10,89.200000,0.395661,0.717360,16314
17,2,5647,edgetpu,cifar10,89.110000,0.389378,0.717360,16314
17,2,11692,edgetpu,cifar10,94.130000,0.761100,0.717360,16314
17,2,8008,edgetpu,cifar10,93.480000,0.629746,0.717360,16314
17,2,6382,edgetpu,cifar10,93.376660,0.628638,0.717360,16314
17,2,3731,edgetpu,cifar10,94.343330,1.282820,0.717360,16314
17,2,5111,edgetpu,cifar10,94.306660,1.152010,0.717360,16314
17,2,10683,edgetpu,cifar10,92.330000,0.481277,0.717360,16314
17,2,5780,edgetpu,cifar10,93.980000,0.723967,0.717360,16314
17,2,9722,edgetpu,cifar10,93.540000,0.723575,0.717360,16314
17,2,1996,edgetpu,cifar10,92.000000,0.481224,0.717360,16314
17,2,13714,edgetpu,cifar10,94.373340,1.377865,0.717360,16314
17,2,2053,edgetpu,cifar10,94.206665,1.042178,0.717360,16314
17,2,797,edgetpu,cifar10,93.280000,0.627996,0.717360,16314
17,2,1005,edgetpu,cifar10,89.183334,0.392518,0.717360,16314
17,2,9817,edgetpu,cifar10,93.490000,0.723286,0.717360,16314
17,2,9950,edgetpu,cifar10,93.840000,0.723767,0.717360,16314
17,2,11810,edgetpu,cifar10,92.780000,0.482879,0.717360,16314
17,2,8192,edgetpu,cifar10,93.093330,0.627745,0.717360,16314
17,2,7017,edgetpu,cifar10,86.970000,0.353089,0.717360,16314
17,2,13320,edgetpu,cifar10,89.330000,0.396446,0.717360,16314
17,2,7937,edgetpu,cifar10,88.610000,0.388867,0.717360,16314
17,2,11438,edgetpu,cifar10,92.500000,0.482393,0.717360,16314
17,2,2240,edgetpu,cifar10,91.990000,0.480973,0.717360,16314
17,2,2485,edgetpu,cifar10,86.700000,0.346546,0.717360,16314
17,3,13714,eyeriss,cifar10,94.373340,7.823540,0.502484,16476
17,3,8323,eyeriss,cifar10,90.870000,2.171060,0.502484,16476
17,3,11472,eyeriss,cifar10,93.970000,4.628660,0.502484,16476
17,3,4384,eyeriss,cifar10,86.796670,1.679540,0.502484,16476
17,3,6111,eyeriss,cifar10,94.373340,7.823540,0.502484,16476
17,3,8008,eyeriss,cifar10,93.480000,3.399860,0.502484,16476
17,3,5111,eyeriss,cifar10,94.306660,5.365940,0.502484,16476
17,3,6854,eyeriss,cifar10,91.040000,2.662580,0.502484,16476
17,3,8592,eyeriss,cifar10,93.750000,3.891380,0.502484,16476
17,3,13611,eyeriss,cifar10,92.490000,3.154100,0.502484,16476
17,3,11692,eyeriss,cifar10,94.130000,4.874420,0.502484,16476
17,3,3731,eyeriss,cifar10,94.343330,6.594740,0.502484,16476
17,3,6899,eyeriss,cifar10,90.900000,2.416820,0.502484,16476
17,3,12438,eyeriss,cifar10,89.875000,1.925300,0.502484,16476
17,3,8720,eyeriss,cifar10,89.875000,1.925300,0.502484,16476
17,3,10412,eyeriss,cifar10,93.530000,3.645620,0.502484,16476
17,4,13714,fpga,cifar10,94.373340,6.678560,0.558644,16121
17,4,4384,fpga,cifar10,86.796670,1.132960,0.558644,16121
17,4,6111,fpga,cifar10,94.373340,6.678560,0.558644,16121
17,4,12438,fpga,cifar10,89.875000,1.648160,0.558644,16121
17,4,8008,fpga,cifar10,93.480000,2.905760,0.558644,16121
17,4,3731,fpga,cifar10,94.343330,5.936160,0.558644,16121
17,4,5111,fpga,cifar10,94.306660,5.193760,0.558644,16121
17,4,8323,fpga,cifar10,90.870000,2.163360,0.558644,16121
17,4,6584,fpga,cifar10,94.160000,4.163360,0.558644,16121
17,4,10412,fpga,cifar10,93.530000,3.420960,0.558644,16121
17,4,11472,fpga,cifar10,93.970000,3.648160,0.558644,16121
17,4,11525,fpga,cifar10,90.000000,2.057760,0.558644,16121
17,4,13611,fpga,cifar10,92.490000,2.390560,0.558644,16121
17,5,4578,pixel3,cifar10,89.673330,1.714730,0.871403,16071
17,5,1416,pixel3,cifar10,89.546670,1.691430,0.871403,16071
17,5,6111,pixel3,cifar10,94.373340,23.584800,0.871403,16071
17,5,3385,pixel3,cifar10,93.990000,13.656500,0.871403,16071
17,5,8695,pixel3,cifar10,94.220000,17.564500,0.871403,16071
17,5,6382,pixel3,cifar10,93.376660,7.048190,0.871403,16071
17,5,1804,pixel3,cifar10,89.063330,1.579900,0.871403,16071
17,5,6434,pixel3,cifar10,91.080000,4.811140,0.871403,16071
17,5,3731,pixel3,cifar10,94.343330,23.361300,0.871403,16071
17,5,7207,pixel3,cifar10,89.803340,2.382380,0.871403,16071
17,5,4627,pixel3,cifar10,93.270000,7.036050,0.871403,16071
17,5,5111,pixel3,cifar10,94.306660,17.584600,0.871403,16071
17,5,1497,pixel3,cifar10,86.556660,1.056630,0.871403,16071
17,5,6999,pixel3,cifar10,93.820000,12.260900,0.871403,16071
17,5,11692,pixel3,cifar10,94.130000,15.490100,0.871403,16071
17,5,6918,pixel3,cifar10,87.000000,1.478790,0.871403,16071
17,5,6358,pixel3,cifar10,92.136665,6.066150,0.871403,16071
17,5,78,pixel3,cifar10,91.933334,5.807870,0.871403,16071
17,5,6863,pixel3,cifar10,86.740000,1.229320,0.871403,16071
17,5,13171,pixel3,cifar10,93.530000,7.717220,0.871403,16071
17,5,6470,pixel3,cifar10,92.000000,5.826540,0.871403,16071
17,5,858,pixel3,cifar10,89.696660,1.870670,0.871403,16071
17,5,4398,pixel3,cifar10,92.073330,5.828150,0.871403,16071
17,5,7001,pixel3,cifar10,10.000000,0.003277,0.871403,16071
17,5,8323,pixel3,cifar10,90.870000,3.106420,0.871403,16071
17,5,1943,pixel3,cifar10,93.116670,6.492030,0.871403,16071
17,5,5915,pixel3,cifar10,86.846664,1.472530,0.871403,16071
17,5,70,pixel3,cifar10,91.983330,5.810430,0.871403,16071
17,5,6624,pixel3,cifar10,89.120000,1.670570,0.871403,16071
17,5,6854,pixel3,cifar10,91.040000,4.514220,0.871403,16071
17,5,12820,pixel3,cifar10,90.880000,3.982790,0.871403,16071
17,5,12452,pixel3,cifar10,91.350000,5.590110,0.871403,16071
17,5,4554,pixel3,cifar10,86.670000,1.114880,0.871403,16071
17,5,1425,pixel3,cifar10,93.933334,12.536500,0.871403,16071
17,5,13987,pixel3,cifar10,93.596664,9.922680,0.871403,16071
17,5,14941,pixel3,cifar10,89.710000,2.366260,0.871403,16071
17,5,8592,pixel3,cifar10,93.750000,10.769800,0.871403,16071
17,5,4432,pixel3,cifar10,90.700000,2.826310,0.871403,16071
17,5,25,pixel3,cifar10,86.540000,1.054570,0.871403,16071
17,5,2779,pixel3,cifar10,90.806660,3.102950,0.871403,16071
17,5,4384,pixel3,cifar10,86.796670,1.467300,0.871403,16071
17,5,7197,pixel3,cifar10,90.366670,2.447670,0.871403,16071
17,5,1941,pixel3,cifar10,93.533330,9.128690,0.871403,16071
17,5,2035,pixel3,cifar10,89.670000,1.706480,0.871403,16071
17,5,1778,pixel3,cifar10,92.180000,6.446230,0.871403,16071
17,6,12639,raspi4,cifar10,90.990000,11.857850,0.769825,16039
17,6,9980,raspi4,cifar10,10.000000,0.011284,0.769825,16039
17,6,6382,raspi4,cifar10,93.376660,21.461164,0.769825,16039
17,6,3731,raspi4,cifar10,94.343330,58.070793,0.769825,16039
17,6,6111,raspi4,cifar10,94.373340,68.404106,0.769825,16039
17,6,6918,raspi4,cifar10,87.000000,2.787590,0.769825,16039
17,6,4659,raspi4,cifar10,93.396670,22.249382,0.769825,16039
17,6,1973,raspi4,cifar10,91.663330,16.185848,0.769825,16039
17,6,1894,raspi4,cifar10,92.110000,17.550644,0.769825,16039
17,6,5111,raspi4,cifar10,94.306660,41.756905,0.769825,16039
17,6,1962,raspi4,cifar10,86.530000,2.529453,0.769825,16039
17,6,2002,raspi4,cifar10,88.893330,4.817687,0.769825,16039
17,6,14677,raspi4,cifar10,88.670000,4.755260,0.769825,16039
17,6,5780,raspi4,cifar10,93.980000,34.928463,0.769825,16039
17,6,8323,raspi4,cifar10,90.870000,7.426308,0.769825,16039
17,6,11810,raspi4,cifar10,92.780000,18.619905,0.769825,16039
17,6,8008,raspi4,cifar10,93.480000,22.571420,0.769825,16039
17,6,11692,raspi4,cifar10,94.130000,37.583630,0.769825,16039
17,6,8592,raspi4,cifar10,93.750000,25.477009,0.769825,16039
17,6,10412,raspi4,cifar10,93.530000,25.079220,0.769825,16039
17,6,1690,raspi4,cifar10,86.646670,2.536549,0.769825,16039
17,6,2058,raspi4,cifar10,93.270000,19.484835,0.769825,16039
17,6,8876,raspi4,cifar10,88.910000,4.861280,0.769825,16039
17,6,7017,raspi4,cifar10,86.970000,2.544041,0.769825,16039
17,6,7207,raspi4,cifar10,89.803340,5.099723,0.769825,16039
17,6,2035,raspi4,cifar10,89.670000,4.984099,0.769825,16039
17,6,8426,raspi4,cifar10,93.840000,31.394428,0.769825,16039
17,6,13611,raspi4,cifar10,92.490000,18.523302,0.769825,16039
17,6,11972,raspi4,cifar10,91.510000,12.403558,0.769825,16039
17,6,13846,raspi4,cifar10,90.720000,7.176163,0.769825,16039
17,6,1941,raspi4,cifar10,93.533330,25.121769,0.769825,16039
17,6,7058,raspi4,cifar10,92.040000,16.469465,0.769825,16039
17,6,7174,raspi4,cifar10,88.870000,4.784453,0.769825,16039
17,6,9380,raspi4,cifar10,89.335000,4.875613,0.769825,16039
17,6,1099,raspi4,cifar10,92.240000,18.358124,0.769825,16039
17,7,11067,edgegpu,cifar100,58.186670,1.427836,0.649266,16258
17,7,14300,edgegpu,cifar100,67.300000,1.765666,0.649266,16258
17,7,9930,edgegpu,cifar100,73.513336,6.803060,0.649266,16258
17,7,14984,edgegpu,cifar100,67.166664,1.760831,0.649266,16258
17,7,1509,edgegpu,cifar100,1.000000,0.505853,0.649266,16258
17,7,4954,edgegpu,cifar100,73.000000,6.669736,0.649266,16258
17,7,11465,edgegpu,cifar100,71.160000,4.351864,0.649266,16258
17,7,4609,edgegpu,cifar100,66.520000,1.758838,0.649266,16258
17,7,9922,edgegpu,cifar100,58.560000,1.428552,0.649266,16258
17,7,11885,edgegpu,cifar100,68.040000,1.776652,0.649266,16258
17,7,8401,edgegpu,cifar100,71.080000,3.302102,0.649266,16258
17,7,2778,edgegpu,cifar100,72.993330,6.134028,0.649266,16258
17,7,3888,edgegpu,cifar100,73.260000,6.797867,0.649266,16258
17,7,14089,edgegpu,cifar100,61.806667,1.752892,0.649266,16258
17,7,12415,edgegpu,cifar100,71.940000,4.828467,0.649266,16258
17,7,4418,edgegpu,cifar100,72.746666,5.352364,0.649266,16258
17,7,13172,edgegpu,cifar100,62.180000,1.757636,0.649266,16258
17,7,1425,edgegpu,cifar100,72.093330,5.310225,0.649266,16258
17,7,3540,edgegpu,cifar100,71.500000,4.730291,0.649266,16258
17,7,8912,edgegpu,cifar100,59.200000,1.441355,0.649266,16258
17,7,11810,edgegpu,cifar100,68.300000,1.779551,0.649266,16258
17,7,2304,edgegpu,cifar100,58.660000,1.440253,0.649266,16258
17,8,777,edgetpu,cifar100,58.650000,0.355588,0.603273,15949
17,8,857,edgetpu,cifar100,72.880000,1.264168,0.603273,15949
17,8,5019,edgetpu,cifar100,58.880000,0.357058,0.603273,15949
17,8,1425,edgetpu,cifar100,72.093330,0.910660,0.603273,15949
17,8,1996,edgetpu,cifar100,67.820000,0.486748,0.603273,15949
17,8,14945,edgetpu,cifar100,58.500000,0.354940,0.603273,15949
17,8,12574,edgetpu,cifar100,72.740000,0.932430,0.603273,15949
17,8,9930,edgetpu,cifar100,73.513336,1.454107,0.603273,15949
17,8,1110,edgetpu,cifar100,58.840000,0.355938,0.603273,15949
17,8,10443,edgetpu,cifar100,68.300000,0.489020,0.603273,15949
17,8,10000,edgetpu,cifar100,73.160000,1.283461,0.603273,15949
17,8,12415,edgetpu,cifar100,71.940000,0.872299,0.603273,15949
17,8,3811,edgetpu,cifar100,69.360000,0.634206,0.603273,15949
17,8,12761,edgetpu,cifar100,72.860000,1.225212,0.603273,15949
17,8,6382,edgetpu,cifar100,69.533330,0.634724,0.603273,15949
17,8,9997,edgetpu,cifar100,71.520000,0.729986,0.603273,15949
17,8,15363,edgetpu,cifar100,70.520000,0.676394,0.603273,15949
17,8,4418,edgetpu,cifar100,72.746666,1.093699,0.603273,15949
17,8,69,edgetpu,cifar100,71.020000,0.727259,0.603273,15949
17,8,12607,edgetpu,cifar100,62.600000,0.392830,0.603273,15949
17,8,3888,edgetpu,cifar100,73.260000,1.316226,0.603273,15949
17,8,8401,edgetpu,cifar100,71.080000,0.728572,0.603273,15949
17,8,577,edgetpu,cifar100,69.680000,0.635228,0.603273,15949
17,8,1383,edgetpu,cifar100,70.273330,0.673722,0.603273,15949
17,8,898,edgetpu,cifar100,70.000000,0.636860,0.603273,15949
17,8,9271,edgetpu,cifar100,63.400000,0.393151,0.603273,15949
17,8,1943,edgetpu,cifar100,69.626660,0.634759,0.603273,15949
17,8,11112,edgetpu,cifar100,66.893330,0.486713,0.603273,15949
17,8,4155,edgetpu,cifar100,62.306667,0.391442,0.603273,15949
17,8,8638,edgetpu,cifar100,58.860000,0.356631,0.603273,15949
17,8,11533,edgetpu,cifar100,69.760000,0.635877,0.603273,15949
17,9,3888,eyeriss,cifar100,73.260000,6.597760,0.468136,16626
17,9,3487,eyeriss,cifar100,70.093330,3.402880,0.468136,16626
17,9,6787,eyeriss,cifar100,70.720000,3.648640,0.468136,16626
17,9,3687,eyeriss,cifar100,64.460000,1.928320,0.468136,16626
17,9,5084,eyeriss,cifar100,58.813330,1.682560,0.468136,16626
17,9,12820,eyeriss,cifar100,67.720000,2.419840,0.468136,16626
17,9,6925,eyeriss,cifar100,71.220000,3.894400,0.468136,16626
17,9,3540,eyeriss,cifar100,71.500000,4.877440,0.468136,16626
17,9,11301,eyeriss,cifar100,68.220000,2.665600,0.468136,16626
17,9,12761,eyeriss,cifar100,72.860000,6.352000,0.468136,16626
17,9,10689,eyeriss,cifar100,67.500000,2.174080,0.468136,16626
17,9,9930,eyeriss,cifar100,73.513336,9.055360,0.468136,16626
17,9,12574,eyeriss,cifar100,72.740000,5.123200,0.468136,16626
17,9,14714,eyeriss,cifar100,71.280000,4.140160,0.468136,16626
17,10,9930,fpga,cifar100,73.513336,7.420960,0.487370,16306
17,10,11973,fpga,cifar100,70.340000,2.905760,0.487370,16306
17,10,7250,fpga,cifar100,67.706665,2.390560,0.487370,16306
17,10,12295,fpga,cifar100,71.160000,3.648160,0.487370,16306
17,10,5084,fpga,cifar100,58.813330,1.132960,0.487370,16306
17,10,3540,fpga,cifar100,71.500000,4.163360,0.487370,16306
17,10,3687,fpga,cifar100,64.460000,1.648160,0.487370,16306
17,10,12761,fpga,cifar100,72.860000,5.420960,0.487370,16306
17,10,3888,fpga,cifar100,73.260000,5.936160,0.487370,16306
17,10,4249,fpga,cifar100,65.080000,2.057760,0.487370,16306
17,10,12574,fpga,cifar100,72.740000,4.678560,0.487370,16306
17,10,10689,fpga,cifar100,67.500000,2.163360,0.487370,16306
17,10,6787,fpga,cifar100,70.720000,3.420960,0.487370,16306
17,10,6925,fpga,cifar100,71.220000,3.936160,0.487370,16306
17,10,12820,fpga,cifar100,67.720000,2.678560,0.487370,16306
17,10,11727,fpga,cifar100,67.773330,2.800160,0.487370,16306
17,11,699,pixel3,cifar100,72.240000,12.079400,0.635918,16076
17,11,5019,pixel3,cifar100,58.880000,1.483640,0.635918,16076
17,11,1459,pixel3,cifar100,73.140000,23.437900,0.635918,16076
17,11,14112,pixel3,cifar100,68.386665,5.745320,0.635918,16076
17,11,6337,pixel3,cifar100,1.000000,0.008753,0.635918,16076
17,11,1409,pixel3,cifar100,58.853333,1.275090,0.635918,16076
17,11,11000,pixel3,cifar100,71.180000,10.677600,0.635918,16076
17,11,779,pixel3,cifar100,62.270000,1.676580,0.635918,16076
17,11,2649,pixel3,cifar100,64.446660,2.496890,0.635918,16076
17,11,857,pixel3,cifar100,72.880000,19.113200,0.635918,16076
17,11,9930,pixel3,cifar100,73.513336,42.003600,0.635918,16076
17,11,12574,pixel3,cifar100,72.740000,16.473900,0.635918,16076
17,11,11301,pixel3,cifar100,68.220000,5.352090,0.635918,16076
17,11,3888,pixel3,cifar100,73.260000,23.477200,0.635918,16076
17,11,9649,pixel3,cifar100,64.540000,2.536210,0.635918,16076
17,11,375,pixel3,cifar100,64.440000,2.363140,0.635918,16076
17,11,15589,pixel3,cifar100,59.060000,1.483890,0.635918,16076
17,11,8638,pixel3,cifar100,58.860000,1.478570,0.635918,16076
17,11,777,pixel3,cifar100,58.650000,1.087020,0.635918,16076
17,11,15363,pixel3,cifar100,70.520000,9.708640,0.635918,16076
17,11,10689,pixel3,cifar100,67.500000,3.109220,0.635918,16076
17,11,1450,pixel3,cifar100,70.506670,9.337360,0.635918,16076
17,11,898,pixel3,cifar100,70.000000,6.516140,0.635918,16076
17,11,6925,pixel3,cifar100,71.220000,10.688000,0.635918,16076
17,11,1631,pixel3,cifar100,63.986668,1.805000,0.635918,16076
17,11,12970,pixel3,cifar100,68.140000,4.782110,0.635918,16076
17,11,724,pixel3,cifar100,67.053340,2.875650,0.635918,16076
17,12,3487,raspi4,cifar100,70.093330,21.603350,0.699725,16006
17,12,2649,raspi4,cifar100,64.446660,5.109687,0.699725,16006
17,12,6822,raspi4,cifar100,58.426666,2.558594,0.699725,16006
17,12,13430,raspi4,cifar100,66.700000,7.203785,0.699725,16006
17,12,8323,raspi4,cifar100,67.080000,7.271148,0.699725,16006
17,12,12574,raspi4,cifar100,72.740000,36.371254,0.699725,16006
17,12,12915,raspi4,cifar100,66.950000,7.226311,0.699725,16006
17,12,5651,raspi4,cifar100,64.690000,5.126510,0.699725,16006
17,12,1459,raspi4,cifar100,73.140000,53.879950,0.699725,16006
17,12,4418,raspi4,cifar100,72.746666,47.162354,0.699725,16006
17,12,14612,raspi4,cifar100,58.720000,2.563505,0.699725,16006
17,12,10222,raspi4,cifar100,58.860000,2.747804,0.699725,16006
17,12,6918,raspi4,cifar100,58.800000,2.571364,0.699725,16006
17,12,9930,raspi4,cifar100,73.513336,71.152000,0.699725,16006
17,12,2035,raspi4,cifar100,63.926666,5.005698,0.699725,16006
17,12,12761,raspi4,cifar100,72.860000,53.718200,0.699725,16006
17,12,6177,raspi4,cifar100,62.373333,4.795128,0.699725,16006
17,12,3888,raspi4,cifar100,73.260000,55.029520,0.699725,16006
17,12,375,raspi4,cifar100,64.440000,5.099302,0.699725,16006
17,12,6925,raspi4,cifar100,71.220000,24.195030,0.699725,16006
17,12,2222,raspi4,cifar100,58.313330,2.538255,0.699725,16006
17,12,14112,raspi4,cifar100,68.386665,14.423308,0.699725,16006
17,12,15589,raspi4,cifar100,59.060000,2.795078,0.699725,16006
17,12,8740,raspi4,cifar100,1.000000,0.015215,0.699725,16006
17,12,9997,raspi4,cifar100,71.520000,34.996710,0.699725,16006
17,12,6830,raspi4,cifar100,71.460000,34.491814,0.699725,16006
17,12,898,raspi4,cifar100,70.000000,21.506163,0.699725,16006
17,12,9895,raspi4,cifar100,69.400000,19.211880,0.699725,16006
17,12,9271,raspi4,cifar100,63.400000,4.800893,0.699725,16006
17,12,7031,raspi4,cifar100,69.526665,19.879576,0.699725,16006
17,12,3408,raspi4,cifar100,63.993332,5.081906,0.699725,16006
17,12,10689,raspi4,cifar100,67.500000,7.381845,0.699725,16006
17,12,15363,raspi4,cifar100,70.520000,21.809430,0.699725,16006
17,12,1572,raspi4,cifar100,69.900000,19.916142,0.699725,16006
17,13,5374,edgegpu,ImageNet16-120,46.766666,5.294285,0.644878,16319
17,13,12415,edgegpu,ImageNet16-120,46.566666,4.667692,0.644878,16319
17,13,7760,edgegpu,ImageNet16-120,39.100000,1.743751,0.644878,16319
17,13,4332,edgegpu,ImageNet16-120,39.444443,1.745496,0.644878,16319
17,13,10699,edgegpu,ImageNet16-120,46.833332,6.223283,0.644878,16319
17,13,15288,edgegpu,ImageNet16-120,28.422222,1.417041,0.644878,16319
17,13,15159,edgegpu,ImageNet16-120,45.566666,4.632421,0.644878,16319
17,13,10835,edgegpu,ImageNet16-120,45.233334,4.434366,0.644878,16319
17,13,7187,edgegpu,ImageNet16-120,28.683332,1.443858,0.644878,16319
17,13,11217,edgegpu,ImageNet16-120,43.466667,3.316708,0.644878,16319
17,13,11438,edgegpu,ImageNet16-120,39.733334,1.903386,0.644878,16319
17,13,4988,edgegpu,ImageNet16-120,28.933332,1.448212,0.644878,16319
17,13,6950,edgegpu,ImageNet16-120,38.700000,1.740150,0.644878,16319
17,13,4587,edgegpu,ImageNet16-120,28.800000,1.445131,0.644878,16319
17,13,12081,edgegpu,ImageNet16-120,40.233334,2.730479,0.644878,16319
17,13,8426,edgegpu,ImageNet16-120,44.633335,3.370147,0.644878,16319
17,13,9997,edgegpu,ImageNet16-120,43.966667,3.355384,0.644878,16319
17,13,857,edgegpu,ImageNet16-120,47.311110,6.707663,0.644878,16319
17,13,4946,edgegpu,ImageNet16-120,44.700000,3.490419,0.644878,16319
17,13,8355,edgegpu,ImageNet16-120,39.666668,1.810203,0.644878,16319
17,13,15376,edgegpu,ImageNet16-120,0.833333,0.533953,0.644878,16319
17,13,11174,edgegpu,ImageNet16-120,43.933334,3.352251,0.644878,16319
17,13,14117,edgegpu,ImageNet16-120,28.677778,1.435547,0.644878,16319
17,13,10947,edgegpu,ImageNet16-120,39.944443,1.909800,0.644878,16319
17,13,15383,edgegpu,ImageNet16-120,47.033333,6.262836,0.644878,16319
17,13,8401,edgegpu,ImageNet16-120,43.833332,3.322444,0.644878,16319
17,13,1164,edgegpu,ImageNet16-120,28.522223,1.435223,0.644878,16319
17,13,2650,edgegpu,ImageNet16-120,42.433334,3.309817,0.644878,16319
17,13,8884,edgegpu,ImageNet16-120,45.033333,3.499999,0.644878,16319
17,13,6636,edgegpu,ImageNet16-120,40.544445,3.305931,0.644878,16319
17,13,13760,edgegpu,ImageNet16-120,32.333332,1.739759,0.644878,16319
17,14,5674,edgetpu,ImageNet16-120,39.650000,0.428605,0.657879,16292
17,14,11079,edgetpu,ImageNet16-120,43.566666,0.552430,0.657879,16292
17,14,70,edgetpu,ImageNet16-120,39.377777,0.428228,0.657879,16292
17,14,9689,edgetpu,ImageNet16-120,42.533333,0.549702,0.657879,16292
17,14,7750,edgetpu,ImageNet16-120,43.066666,0.551617,0.657879,16292
17,14,12415,edgetpu,ImageNet16-120,46.566666,0.710906,0.657879,16292
17,14,14840,edgetpu,ImageNet16-120,45.311110,0.666690,0.657879,16292
17,14,13769,edgetpu,ImageNet16-120,41.555557,0.549360,0.657879,16292
17,14,5530,edgetpu,ImageNet16-120,42.577778,0.549937,0.657879,16292
17,14,13284,edgetpu,ImageNet16-120,40.177776,0.534381,0.657879,16292
17,14,13931,edgetpu,ImageNet16-120,28.788889,0.360349,0.657879,16292
17,14,6950,edgetpu,ImageNet16-120,38.700000,0.427379,0.657879,16292
17,14,1172,edgetpu,ImageNet16-120,39.933334,0.515935,0.657879,16292
17,14,3236,edgetpu,ImageNet16-120,40.044445,0.517540,0.657879,16292
17,14,3540,edgetpu,ImageNet16-120,45.122223,0.648670,0.657879,16292
17,14,4830,edgetpu,ImageNet16-120,42.233334,0.549457,0.657879,16292
17,14,15383,edgetpu,ImageNet16-120,47.033333,0.780914,0.657879,16292
17,14,15363,edgetpu,ImageNet16-120,44.333332,0.582280,0.657879,16292
17,14,10757,edgetpu,ImageNet16-120,32.100000,0.364298,0.657879,16292
17,14,2560,edgetpu,ImageNet16-120,28.200000,0.359160,0.657879,16292
17,14,7273,edgetpu,ImageNet16-120,42.966667,0.550014,0.657879,16292
17,14,4988,edgetpu,ImageNet16-120,28.933332,0.360694,0.657879,16292
17,14,14527,edgetpu,ImageNet16-120,28.133333,0.358865,0.657879,16292
17,14,8884,edgetpu,ImageNet16-120,45.033333,0.615792,0.657879,16292
17,14,7357,edgetpu,ImageNet16-120,44.666668,0.600498,0.657879,16292
17,14,14677,edgetpu,ImageNet16-120,33.233334,0.364575,0.657879,16292
17,14,4160,edgetpu,ImageNet16-120,39.833332,0.430355,0.657879,16292
17,14,4567,edgetpu,ImageNet16-120,31.866667,0.364215,0.657879,16292
17,14,11885,edgetpu,ImageNet16-120,39.166668,0.427395,0.657879,16292
17,14,10332,edgetpu,ImageNet16-120,40.033333,0.516152,0.657879,16292
17,14,857,edgetpu,ImageNet16-120,47.311110,0.997730,0.657879,16292
17,14,12297,edgetpu,ImageNet16-120,31.833334,0.363596,0.657879,16292
17,14,5586,edgetpu,ImageNet16-120,40.811110,0.546420,0.657879,16292
17,15,2835,eyeriss,ImageNet16-120,38.222220,0.545920,0.443776,16527
17,15,15383,eyeriss,ImageNet16-120,47.033333,1.283200,0.443776,16527
17,15,8008,eyeriss,ImageNet16-120,43.500000,0.853120,0.443776,16527
17,15,6787,eyeriss,ImageNet16-120,44.400000,0.914560,0.443776,16527
17,15,8853,eyeriss,ImageNet16-120,45.600000,1.037440,0.443776,16527
17,15,1939,eyeriss,ImageNet16-120,45.077778,0.976000,0.443776,16527
17,15,735,eyeriss,ImageNet16-120,38.544445,0.607360,0.443776,16527
17,15,6854,eyeriss,ImageNet16-120,40.800000,0.668800,0.443776,16527
17,15,857,eyeriss,ImageNet16-120,47.311110,1.651840,0.443776,16527
17,15,4988,eyeriss,ImageNet16-120,28.933332,0.423040,0.443776,16527
17,15,4829,eyeriss,ImageNet16-120,34.200000,0.484480,0.443776,16527
17,16,14417,fpga,ImageNet16-120,45.900000,1.276320,0.516206,16146
17,16,4829,fpga,ImageNet16-120,34.200000,0.415520,0.516206,16146
17,16,8853,fpga,ImageNet16-120,45.600000,1.155200,0.516206,16146
17,16,6854,fpga,ImageNet16-120,40.800000,0.809120,0.516206,16146
17,16,2835,fpga,ImageNet16-120,38.222220,0.546720,0.516206,16146
17,16,15383,fpga,ImageNet16-120,47.033333,1.504000,0.516206,16146
17,16,10017,fpga,ImageNet16-120,40.566666,0.784000,0.516206,16146
17,16,6868,fpga,ImageNet16-120,39.000000,0.649120,0.516206,16146
17,16,14748,fpga,ImageNet16-120,44.900000,0.995200,0.516206,16146
17,16,6787,fpga,ImageNet16-120,44.400000,0.969600,0.516206,16146
17,16,8008,fpga,ImageNet16-120,43.500000,0.876800,0.516206,16146
17,16,4988,fpga,ImageNet16-120,28.933332,0.284320,0.516206,16146
17,16,1939,fpga,ImageNet16-120,45.077778,1.062400,0.516206,16146
17,16,5793,fpga,ImageNet16-120,35.033333,0.517920,0.516206,16146
17,16,857,fpga,ImageNet16-120,47.311110,2.038400,0.516206,16146
17,16,12452,fpga,ImageNet16-120,40.533333,0.780320,0.516206,16146
17,17,13059,pixel3,ImageNet16-120,34.266666,0.668679,0.723389,15710
17,17,2835,pixel3,ImageNet16-120,38.222220,0.868646,0.723389,15710
17,17,4361,pixel3,ImageNet16-120,45.744446,4.605970,0.723389,15710
17,17,10382,pixel3,ImageNet16-120,37.733334,0.866875,0.723389,15710
17,17,3728,pixel3,ImageNet16-120,28.500000,0.422880,0.723389,15710
17,17,13756,pixel3,ImageNet16-120,0.833333,0.005289,0.723389,15710
17,17,872,pixel3,ImageNet16-120,41.777780,2.465030,0.723389,15710
17,17,1110,pixel3,ImageNet16-120,28.600000,0.423927,0.723389,15710
17,17,11000,pixel3,ImageNet16-120,44.866665,2.962520,0.723389,15710
17,17,4409,pixel3,ImageNet16-120,37.722220,0.862979,0.723389,15710
17,17,4587,pixel3,ImageNet16-120,28.800000,0.445767,0.723389,15710
17,17,11163,pixel3,ImageNet16-120,33.600000,0.665312,0.723389,15710
17,17,4988,pixel3,ImageNet16-120,28.933332,0.485996,0.723389,15710
17,17,8736,pixel3,ImageNet16-120,45.700000,4.405980,0.723389,15710
17,17,12424,pixel3,ImageNet16-120,43.133330,2.470150,0.723389,15710
17,17,12358,pixel3,ImageNet16-120,34.055557,0.666287,0.723389,15710
17,17,7551,pixel3,ImageNet16-120,38.477780,1.266510,0.723389,15710
17,17,4895,pixel3,ImageNet16-120,33.200000,0.619070,0.723389,15710
17,17,6014,pixel3,ImageNet16-120,28.533333,0.423391,0.723389,15710
17,17,5111,pixel3,ImageNet16-120,46.588890,5.571030,0.723389,15710
17,17,11301,pixel3,ImageNet16-120,39.700000,1.572350,0.723389,15710
17,17,2899,pixel3,ImageNet16-120,43.911110,2.701210,0.723389,15710
17,17,12506,pixel3,ImageNet16-120,43.983334,2.929990,0.723389,15710
17,17,5374,pixel3,ImageNet16-120,46.766666,6.317500,0.723389,15710
17,17,2002,pixel3,ImageNet16-120,32.277780,0.617751,0.723389,15710
17,17,1425,pixel3,ImageNet16-120,45.977780,4.619290,0.723389,15710
17,17,8954,pixel3,ImageNet16-120,28.733334,0.424855,0.723389,15710
17,17,1147,pixel3,ImageNet16-120,33.733334,0.666281,0.723389,15710
17,17,10154,pixel3,ImageNet16-120,46.133335,4.783700,0.723389,15710
17,17,12466,pixel3,ImageNet16-120,46.100000,4.680280,0.723389,15710
17,17,758,pixel3,ImageNet16-120,28.333334,0.422134,0.723389,15710
17,17,12970,pixel3,ImageNet16-120,38.900000,1.318570,0.723389,15710
17,17,4602,pixel3,ImageNet16-120,39.466667,1.371070,0.723389,15710
17,17,6854,pixel3,ImageNet16-120,40.800000,1.621620,0.723389,15710
17,17,12355,pixel3,ImageNet16-120,45.033333,2.989390,0.723389,15710
17,17,4977,pixel3,ImageNet16-120,32.966667,0.617991,0.723389,15710
17,17,11079,pixel3,ImageNet16-120,43.566666,2.479610,0.723389,15710
17,17,857,pixel3,ImageNet16-120,47.311110,6.686850,0.723389,15710
17,17,2018,pixel3,ImageNet16-120,46.433334,4.949210,0.723389,15710
17,17,8853,pixel3,ImageNet16-120,45.600000,3.554540,0.723389,15710
17,18,5530,raspi4,ImageNet16-120,42.577778,3.785925,0.859382,16146
17,18,1413,raspi4,ImageNet16-120,42.711113,3.788479,0.859382,16146
17,18,3431,raspi4,ImageNet16-120,32.966667,1.536690,0.859382,16146
17,18,7357,raspi4,ImageNet16-120,44.666668,4.480689,0.859382,16146
17,18,8355,raspi4,ImageNet16-120,39.666668,3.083286,0.859382,16146
17,18,15363,raspi4,ImageNet16-120,44.333332,4.480516,0.859382,16146
17,18,3960,raspi4,ImageNet16-120,37.755554,2.197980,0.859382,16146
17,18,11177,raspi4,ImageNet16-120,33.200000,1.573414,0.859382,16146
17,18,219,raspi4,ImageNet16-120,42.500000,3.768475,0.859382,16146
17,18,3782,raspi4,ImageNet16-120,41.866665,3.755286,0.859382,16146
17,18,4988,raspi4,ImageNet16-120,28.933332,1.003251,0.859382,16146
17,18,4675,raspi4,ImageNet16-120,33.100000,1.544321,0.859382,16146
17,18,13931,raspi4,ImageNet16-120,28.788889,0.956195,0.859382,16146
17,18,12505,raspi4,ImageNet16-120,39.283333,3.062432,0.859382,16146
17,18,4995,raspi4,ImageNet16-120,42.166668,3.766336,0.859382,16146
17,18,8884,raspi4,ImageNet16-120,45.033333,5.293177,0.859382,16146
17,18,10217,raspi4,ImageNet16-120,45.100000,6.109362,0.859382,16146
17,18,12358,raspi4,ImageNet16-120,34.055557,1.582727,0.859382,16146
17,18,1188,raspi4,ImageNet16-120,32.455555,1.526725,0.859382,16146
17,18,933,raspi4,ImageNet16-120,0.833333,0.011514,0.859382,16146
17,18,5973,raspi4,ImageNet16-120,40.100000,3.159922,0.859382,16146
17,18,5455,raspi4,ImageNet16-120,32.611110,1.532377,0.859382,16146
17,18,7187,raspi4,ImageNet16-120,28.683332,0.952790,0.859382,16146
17,18,5637,raspi4,ImageNet16-120,33.933334,1.580707,0.859382,16146
17,18,14697,raspi4,ImageNet16-120,33.900000,1.580382,0.859382,16146
17,18,11946,raspi4,ImageNet16-120,28.200000,0.940293,0.859382,16146
17,18,9032,raspi4,ImageNet16-120,38.016666,2.201532,0.859382,16146
17,18,8736,raspi4,ImageNet16-120,45.700000,6.658077,0.859382,16146
17,18,6336,raspi4,ImageNet16-120,39.366665,3.073392,0.859382,16146
17,18,6868,raspi4,ImageNet16-120,39.000000,2.982937,0.859382,16146
17,18,10017,raspi4,ImageNet16-120,40.566666,3.181383,0.859382,16146
17,18,7227,raspi4,ImageNet16-120,32.533333,1.530737,0.859382,16146
17,18,8584,raspi4,ImageNet16-120,34.088890,1.586268,0.859382,16146
17,18,14792,raspi4,ImageNet16-120,43.033333,3.792447,0.859382,16146
17,18,15383,raspi4,ImageNet16-120,47.033333,8.565354,0.859382,16146
17,18,3496,raspi4,ImageNet16-120,34.233334,1.598666,0.859382,16146
17,18,857,raspi4,ImageNet16-120,47.311110,9.020064,0.859382,16146
17,18,10472,raspi4,ImageNet16-120,39.633335,3.079679,0.859382,16146
17,18,12424,raspi4,ImageNet16-120,43.133330,3.805729,0.859382,16146
17,18,4627,raspi4,ImageNet16-120,43.500000,3.811407,0.859382,16146
17,18,2018,raspi4,ImageNet16-120,46.433334,7.482383,0.859382,16146
17,18,11584,raspi4,ImageNet16-120,46.666668,8.014434,0.859382,16146
17,18,2779,raspi4,ImageNet16-120,37.355556,2.190654,0.859382,16146
17,18,13771,raspi4,ImageNet16-120,32.744446,1.533813,0.859382,16146
17,18,9496,raspi4,ImageNet16-120,38.200000,2.204048,0.859382,16146
17,18,6854,raspi4,ImageNet16-120,40.800000,3.661016,0.859382,16146
18,1,561,edgegpu,cifar10,86.880000,1.451068,0.566542,16263
18,1,2776,edgegpu,cifar10,93.666664,3.331194,0.566542,16263
18,1,1459,edgegpu,cifar10,94.296670,6.748991,0.566542,16263
18,1,2053,edgegpu,cifar10,94.206665,5.482254,0.566542,16263
18,1,13714,edgegpu,cifar10,94.373340,6.772180,0.566542,16263
18,1,10484,edgegpu,cifar10,93.810000,3.354015,0.566542,16263
18,1,11810,edgegpu,cifar10,92.780000,1.992798,0.566542,16263
18,1,6330,edgegpu,cifar10,94.006670,4.384699,0.566542,16263
18,1,5400,edgegpu,cifar10,86.630000,1.427460,0.566542,16263
18,1,14527,edgegpu,cifar10,86.765000,1.439619,0.566542,16263
18,1,6960,edgegpu,cifar10,92.280000,1.764450,0.566542,16263
18,1,13401,edgegpu,cifar10,87.010000,1.457009,0.566542,16263
18,1,6950,edgegpu,cifar10,92.000000,1.738467,0.566542,16263
18,1,14407,edgegpu,cifar10,86.770000,1.440282,0.566542,16263
18,1,11692,edgegpu,cifar10,94.130000,4.708362,0.566542,16263
18,1,5780,edgegpu,cifar10,93.980000,3.361888,0.566542,16263
18,1,2090,edgegpu,cifar10,86.650000,1.437702,0.566542,16263
18,1,5292,edgegpu,cifar10,94.293335,6.663151,0.566542,16263
18,1,15200,edgegpu,cifar10,10.000000,0.501385,0.566542,16263
18,1,258,edgegpu,cifar10,93.640000,3.307109,0.566542,16263
18,1,6499,edgegpu,cifar10,93.645000,3.331041,0.566542,16263
18,1,10683,edgegpu,cifar10,92.330000,1.924162,0.566542,16263
18,2,14527,edgetpu,cifar10,86.765000,0.365664,0.647354,16409
18,2,13714,edgetpu,cifar10,94.373340,1.377865,0.647354,16409
18,2,5111,edgetpu,cifar10,94.306660,1.152010,0.647354,16409
18,2,2053,edgetpu,cifar10,94.206665,1.042178,0.647354,16409
18,2,797,edgetpu,cifar10,93.280000,0.627996,0.647354,16409
18,2,6382,edgetpu,cifar10,93.376660,0.628638,0.647354,16409
18,2,9950,edgetpu,cifar10,93.840000,0.723767,0.647354,16409
18,2,5647,edgetpu,cifar10,89.110000,0.389378,0.647354,16409
18,2,970,edgetpu,cifar10,86.770000,0.371488,0.647354,16409
18,2,1005,edgetpu,cifar10,89.183334,0.392518,0.647354,16409
18,2,11810,edgetpu,cifar10,92.780000,0.482879,0.647354,16409
18,2,9380,edgetpu,cifar10,89.335000,0.395662,0.647354,16409
18,2,5780,edgetpu,cifar10,93.980000,0.723967,0.647354,16409
18,2,8192,edgetpu,cifar10,93.093330,0.627745,0.647354,16409
18,2,8008,edgetpu,cifar10,93.480000,0.629746,0.647354,16409
18,2,11438,edgetpu,cifar10,92.500000,0.482393,0.647354,16409
18,2,11692,edgetpu,cifar10,94.130000,0.761100,0.647354,16409
18,2,9689,edgetpu,cifar10,93.370000,0.628386,0.647354,16409
18,2,6918,edgetpu,cifar10,87.000000,0.375819,0.647354,16409
18,2,4675,edgetpu,cifar10,89.200000,0.395661,0.647354,16409
18,2,2485,edgetpu,cifar10,86.700000,0.346546,0.647354,16409
18,2,3927,edgetpu,cifar10,93.626660,0.723268,0.647354,16409
18,2,6515,edgetpu,cifar10,93.616670,0.722858,0.647354,16409
18,2,11112,edgetpu,cifar10,92.110000,0.480732,0.647354,16409
18,2,3731,edgetpu,cifar10,94.343330,1.282820,0.647354,16409
18,2,4438,edgetpu,cifar10,92.270000,0.481473,0.647354,16409
18,3,8008,eyeriss,cifar10,93.480000,3.399860,0.488223,16472
18,3,13714,eyeriss,cifar10,94.373340,7.823540,0.488223,16472
18,3,8592,eyeriss,cifar10,93.750000,3.891380,0.488223,16472
18,3,4384,eyeriss,cifar10,86.796670,1.679540,0.488223,16472
18,3,6111,eyeriss,cifar10,94.373340,7.823540,0.488223,16472
18,3,5111,eyeriss,cifar10,94.306660,5.365940,0.488223,16472
18,3,3731,eyeriss,cifar10,94.343330,6.594740,0.488223,16472
18,3,13611,eyeriss,cifar10,92.490000,3.154100,0.488223,16472
18,3,10412,eyeriss,cifar10,93.530000,3.645620,0.488223,16472
18,3,6899,eyeriss,cifar10,90.900000,2.416820,0.488223,16472
18,3,8323,eyeriss,cifar10,90.870000,2.171060,0.488223,16472
18,3,8720,eyeriss,cifar10,89.875000,1.925300,0.488223,16472
18,3,12438,eyeriss,cifar10,89.875000,1.925300,0.488223,16472
18,3,11472,eyeriss,cifar10,93.970000,4.628660,0.488223,16472
18,3,6584,eyeriss,cifar10,94.160000,4.874420,0.488223,16472
18,3,6854,eyeriss,cifar10,91.040000,2.662580,0.488223,16472
18,4,10431,fpga,cifar10,87.000000,1.542560,0.473002,16158
18,4,4384,fpga,cifar10,86.796670,1.132960,0.473002,16158
18,4,8008,fpga,cifar10,93.480000,2.905760,0.473002,16158
18,4,6111,fpga,cifar10,94.373340,6.678560,0.473002,16158
18,4,3731,fpga,cifar10,94.343330,5.936160,0.473002,16158
18,4,14346,fpga,cifar10,89.986664,2.057760,0.473002,16158
18,4,11692,fpga,cifar10,94.130000,4.163360,0.473002,16158
18,4,13611,fpga,cifar10,92.490000,2.390560,0.473002,16158
18,4,13987,fpga,cifar10,93.596664,3.420960,0.473002,16158
18,4,11472,fpga,cifar10,93.970000,3.648160,0.473002,16158
18,4,5111,fpga,cifar10,94.306660,5.193760,0.473002,16158
18,4,8323,fpga,cifar10,90.870000,2.163360,0.473002,16158
18,4,8720,fpga,cifar10,89.875000,1.648160,0.473002,16158
18,5,5446,pixel3,cifar10,90.500000,2.889680,0.840379,16133
18,5,970,pixel3,cifar10,86.770000,1.474220,0.840379,16133
18,5,2018,pixel3,cifar10,94.063330,14.960500,0.840379,16133
18,5,1497,pixel3,cifar10,86.556660,1.056630,0.840379,16133
18,5,4627,pixel3,cifar10,93.270000,7.036050,0.840379,16133
18,5,6382,pixel3,cifar10,93.376660,7.048190,0.840379,16133
18,5,6918,pixel3,cifar10,87.000000,1.478790,0.840379,16133
18,5,5111,pixel3,cifar10,94.306660,17.584600,0.840379,16133
18,5,6111,pixel3,cifar10,94.373340,23.584800,0.840379,16133
18,5,3731,pixel3,cifar10,94.343330,23.361300,0.840379,16133
18,5,11692,pixel3,cifar10,94.130000,15.490100,0.840379,16133
18,5,13987,pixel3,cifar10,93.596664,9.922680,0.840379,16133
18,5,7207,pixel3,cifar10,89.803340,2.382380,0.840379,16133
18,5,1943,pixel3,cifar10,93.116670,6.492030,0.840379,16133
18,5,1941,pixel3,cifar10,93.533330,9.128690,0.840379,16133
18,5,8323,pixel3,cifar10,90.870000,3.106420,0.840379,16133
18,5,6434,pixel3,cifar10,91.080000,4.811140,0.840379,16133
18,5,1425,pixel3,cifar10,93.933334,12.536500,0.840379,16133
18,5,6863,pixel3,cifar10,86.740000,1.229320,0.840379,16133
18,5,6520,pixel3,cifar10,88.835000,1.692110,0.840379,16133
18,5,13171,pixel3,cifar10,93.530000,7.717220,0.840379,16133
18,5,9386,pixel3,cifar10,88.695000,1.671410,0.840379,16133
18,5,8695,pixel3,cifar10,94.220000,17.564500,0.840379,16133
18,5,3385,pixel3,cifar10,93.990000,13.656500,0.840379,16133
18,5,6999,pixel3,cifar10,93.820000,12.260900,0.840379,16133
18,5,13869,pixel3,cifar10,93.656670,10.634700,0.840379,16133
18,5,9230,pixel3,cifar10,86.580000,1.056760,0.840379,16133
18,5,12970,pixel3,cifar10,90.970000,4.723840,0.840379,16133
18,5,2779,pixel3,cifar10,90.806660,3.102950,0.840379,16133
18,5,1339,pixel3,cifar10,92.136665,5.802240,0.840379,16133
18,5,8884,pixel3,cifar10,93.750000,11.812100,0.840379,16133
18,5,12452,pixel3,cifar10,91.350000,5.590110,0.840379,16133
18,5,777,pixel3,cifar10,86.810000,1.474420,0.840379,16133
18,5,1894,pixel3,cifar10,92.110000,5.778250,0.840379,16133
18,5,7197,pixel3,cifar10,90.366670,2.447670,0.840379,16133
18,5,7001,pixel3,cifar10,10.000000,0.003277,0.840379,16133
18,5,69,pixel3,cifar10,93.706665,10.811600,0.840379,16133
18,5,4409,pixel3,cifar10,90.590000,3.093750,0.840379,16133
18,5,296,pixel3,cifar10,89.713330,1.805350,0.840379,16133
18,5,8809,pixel3,cifar10,88.916664,1.714080,0.840379,16133
18,5,4554,pixel3,cifar10,86.670000,1.114880,0.840379,16133
18,5,7227,pixel3,cifar10,88.930000,1.782760,0.840379,16133
18,6,9980,raspi4,cifar10,10.000000,0.011284,0.767563,16018
18,6,2937,raspi4,cifar10,92.190000,17.768639,0.767563,16018
18,6,2035,raspi4,cifar10,89.670000,4.984099,0.767563,16018
18,6,4210,raspi4,cifar10,89.030000,4.782748,0.767563,16018
18,6,12505,raspi4,cifar10,92.150000,16.747276,0.767563,16018
18,6,1973,raspi4,cifar10,91.663330,16.185848,0.767563,16018
18,6,6918,raspi4,cifar10,87.000000,2.787590,0.767563,16018
18,6,6382,raspi4,cifar10,93.376660,21.461164,0.767563,16018
18,6,4112,raspi4,cifar10,89.710000,5.004419,0.767563,16018
18,6,13829,raspi4,cifar10,92.193340,18.405771,0.767563,16018
18,6,5111,raspi4,cifar10,94.306660,41.756905,0.767563,16018
18,6,12639,raspi4,cifar10,90.990000,11.857850,0.767563,16018
18,6,4659,raspi4,cifar10,93.396670,22.249382,0.767563,16018
18,6,6584,raspi4,cifar10,94.160000,38.818527,0.767563,16018
18,6,5780,raspi4,cifar10,93.980000,34.928463,0.767563,16018
18,6,11692,raspi4,cifar10,94.130000,37.583630,0.767563,16018
18,6,6111,raspi4,cifar10,94.373340,68.404106,0.767563,16018
18,6,3731,raspi4,cifar10,94.343330,58.070793,0.767563,16018
18,6,1804,raspi4,cifar10,89.063330,4.791845,0.767563,16018
18,6,8323,raspi4,cifar10,90.870000,7.426308,0.767563,16018
18,6,1941,raspi4,cifar10,93.533330,25.121769,0.767563,16018
18,6,7207,raspi4,cifar10,89.803340,5.099723,0.767563,16018
18,6,3687,raspi4,cifar10,89.820000,5.156255,0.767563,16018
18,6,7407,raspi4,cifar10,93.510000,24.855400,0.767563,16018
18,6,2058,raspi4,cifar10,93.270000,19.484835,0.767563,16018
18,6,8592,raspi4,cifar10,93.750000,25.477009,0.767563,16018
18,6,14565,raspi4,cifar10,88.880000,4.781183,0.767563,16018
18,6,7058,raspi4,cifar10,92.040000,16.469465,0.767563,16018
18,6,13846,raspi4,cifar10,90.720000,7.176163,0.767563,16018
18,6,13611,raspi4,cifar10,92.490000,18.523302,0.767563,16018
18,6,10412,raspi4,cifar10,93.530000,25.079220,0.767563,16018
18,6,11810,raspi4,cifar10,92.780000,18.619905,0.767563,16018
18,6,1785,raspi4,cifar10,86.586670,2.538737,0.767563,16018
18,6,9380,raspi4,cifar10,89.335000,4.875613,0.767563,16018
18,6,1962,raspi4,cifar10,86.530000,2.529453,0.767563,16018
18,6,8008,raspi4,cifar10,93.480000,22.571420,0.767563,16018
18,6,6868,raspi4,cifar10,90.880000,10.226877,0.767563,16018
18,6,8426,raspi4,cifar10,93.840000,31.394428,0.767563,16018
18,6,11088,raspi4,cifar10,92.200000,18.435175,0.767563,16018
18,6,7017,raspi4,cifar10,86.970000,2.544041,0.767563,16018
18,7,14984,edgegpu,cifar100,67.166664,1.760831,0.601145,16273
18,7,14677,edgegpu,cifar100,62.420000,1.746187,0.601145,16273
18,7,9930,edgegpu,cifar100,73.513336,6.803060,0.601145,16273
18,7,8401,edgegpu,cifar100,71.080000,3.302102,0.601145,16273
18,7,12415,edgegpu,cifar100,71.940000,4.828467,0.601145,16273
18,7,4954,edgegpu,cifar100,73.000000,6.669736,0.601145,16273
18,7,1509,edgegpu,cifar100,1.000000,0.505853,0.601145,16273
18,7,9922,edgegpu,cifar100,58.560000,1.428552,0.601145,16273
18,7,4418,edgegpu,cifar100,72.746666,5.352364,0.601145,16273
18,7,2778,edgegpu,cifar100,72.993330,6.134028,0.601145,16273
18,7,1425,edgegpu,cifar100,72.093330,5.310225,0.601145,16273
18,7,11885,edgegpu,cifar100,68.040000,1.776652,0.601145,16273
18,7,11810,edgegpu,cifar100,68.300000,1.779551,0.601145,16273
18,7,8912,edgegpu,cifar100,59.200000,1.441355,0.601145,16273
18,7,6381,edgegpu,cifar100,66.800000,1.753340,0.601145,16273
18,7,2304,edgegpu,cifar100,58.660000,1.440253,0.601145,16273
18,7,3888,edgegpu,cifar100,73.260000,6.797867,0.601145,16273
18,7,9997,edgegpu,cifar100,71.520000,3.466139,0.601145,16273
18,7,14300,edgegpu,cifar100,67.300000,1.765666,0.601145,16273
18,8,1943,edgetpu,cifar100,69.626660,0.634759,0.707467,15899
18,8,10000,edgetpu,cifar100,73.160000,1.283461,0.707467,15899
18,8,9930,edgetpu,cifar100,73.513336,1.454107,0.707467,15899
18,8,3888,edgetpu,cifar100,73.260000,1.316226,0.707467,15899
18,8,1317,edgetpu,cifar100,72.566666,1.023844,0.707467,15899
18,8,14174,edgetpu,cifar100,72.646670,1.081678,0.707467,15899
18,8,699,edgetpu,cifar100,72.240000,0.940479,0.707467,15899
18,8,11885,edgetpu,cifar100,68.040000,0.489665,0.707467,15899
18,8,12761,edgetpu,cifar100,72.860000,1.225212,0.707467,15899
18,8,1425,edgetpu,cifar100,72.093330,0.910660,0.707467,15899
18,8,577,edgetpu,cifar100,69.680000,0.635228,0.707467,15899
18,8,1383,edgetpu,cifar100,70.273330,0.673722,0.707467,15899
18,8,12415,edgetpu,cifar100,71.940000,0.872299,0.707467,15899
18,8,8401,edgetpu,cifar100,71.080000,0.728572,0.707467,15899
18,8,15363,edgetpu,cifar100,70.520000,0.676394,0.707467,15899
18,8,777,edgetpu,cifar100,58.650000,0.355588,0.707467,15899
18,8,11810,edgetpu,cifar100,68.300000,0.492126,0.707467,15899
18,8,5019,edgetpu,cifar100,58.880000,0.357058,0.707467,15899
18,8,12424,edgetpu,cifar100,69.980000,0.638946,0.707467,15899
18,8,7760,edgetpu,cifar100,67.800000,0.489248,0.707467,15899
18,8,14945,edgetpu,cifar100,58.500000,0.354940,0.707467,15899
18,8,9997,edgetpu,cifar100,71.520000,0.729986,0.707467,15899
18,8,13731,edgetpu,cifar100,66.953330,0.487148,0.707467,15899
18,8,8912,edgetpu,cifar100,59.200000,0.377698,0.707467,15899
18,8,797,edgetpu,cifar100,69.580000,0.633351,0.707467,15899
18,8,8638,edgetpu,cifar100,58.860000,0.356631,0.707467,15899
18,8,1110,edgetpu,cifar100,58.840000,0.355938,0.707467,15899
18,8,69,edgetpu,cifar100,71.020000,0.727259,0.707467,15899
18,8,9271,edgetpu,cifar100,63.400000,0.393151,0.707467,15899
18,8,14440,edgetpu,cifar100,67.386665,0.487278,0.707467,15899
18,8,4418,edgetpu,cifar100,72.746666,1.093699,0.707467,15899
18,8,6011,edgetpu,cifar100,67.533330,0.488646,0.707467,15899
18,8,11533,edgetpu,cifar100,69.760000,0.635877,0.707467,15899
18,8,13829,edgetpu,cifar100,66.873340,0.485137,0.707467,15899
18,8,857,edgetpu,cifar100,72.880000,1.264168,0.707467,15899
18,8,3303,edgetpu,cifar100,62.420000,0.392593,0.707467,15899
18,8,13434,edgetpu,cifar100,62.106667,0.392580,0.707467,15899
18,8,10679,edgetpu,cifar100,62.080000,0.391915,0.707467,15899
18,8,11112,edgetpu,cifar100,66.893330,0.486713,0.707467,15899
18,8,4484,edgetpu,cifar100,67.493330,0.487482,0.707467,15899
18,9,6787,eyeriss,cifar100,70.720000,3.648640,0.491214,16615
18,9,3540,eyeriss,cifar100,71.500000,4.877440,0.491214,16615
18,9,9930,eyeriss,cifar100,73.513336,9.055360,0.491214,16615
18,9,5084,eyeriss,cifar100,58.813330,1.682560,0.491214,16615
18,9,6925,eyeriss,cifar100,71.220000,3.894400,0.491214,16615
18,9,14112,eyeriss,cifar100,68.386665,2.911360,0.491214,16615
18,9,3888,eyeriss,cifar100,73.260000,6.597760,0.491214,16615
18,9,10689,eyeriss,cifar100,67.500000,2.174080,0.491214,16615
18,9,12574,eyeriss,cifar100,72.740000,5.123200,0.491214,16615
18,9,12820,eyeriss,cifar100,67.720000,2.419840,0.491214,16615
18,9,12761,eyeriss,cifar100,72.860000,6.352000,0.491214,16615
18,9,3687,eyeriss,cifar100,64.460000,1.928320,0.491214,16615
18,9,11301,eyeriss,cifar100,68.220000,2.665600,0.491214,16615
18,9,4659,eyeriss,cifar100,70.060000,3.402880,0.491214,16615
18,10,3888,fpga,cifar100,73.260000,5.936160,0.517351,16452
18,10,6787,fpga,cifar100,70.720000,3.420960,0.517351,16452
18,10,6830,fpga,cifar100,71.460000,4.057760,0.517351,16452
18,10,11878,fpga,cifar100,65.060000,2.057760,0.517351,16452
18,10,6925,fpga,cifar100,71.220000,3.936160,0.517351,16452
18,10,12574,fpga,cifar100,72.740000,4.678560,0.517351,16452
18,10,15033,fpga,cifar100,67.793335,2.390560,0.517351,16452
18,10,12761,fpga,cifar100,72.860000,5.420960,0.517351,16452
18,10,5651,fpga,cifar100,64.690000,1.648160,0.517351,16452
18,10,5084,fpga,cifar100,58.813330,1.132960,0.517351,16452
18,10,9930,fpga,cifar100,73.513336,7.420960,0.517351,16452
18,10,12295,fpga,cifar100,71.160000,3.648160,0.517351,16452
18,10,10689,fpga,cifar100,67.500000,2.163360,0.517351,16452
18,10,3487,fpga,cifar100,70.093330,2.905760,0.517351,16452
18,10,5033,fpga,cifar100,59.060000,1.542560,0.517351,16452
18,10,3540,fpga,cifar100,71.500000,4.163360,0.517351,16452
18,10,5743,fpga,cifar100,67.800000,2.800160,0.517351,16452
18,11,14112,pixel3,cifar100,68.386665,5.745320,0.679783,16048
18,11,657,pixel3,cifar100,58.233334,1.233070,0.679783,16048
18,11,714,pixel3,cifar100,69.270000,8.651590,0.679783,16048
18,11,12970,pixel3,cifar100,68.140000,4.782110,0.679783,16048
18,11,3888,pixel3,cifar100,73.260000,23.477200,0.679783,16048
18,11,1413,pixel3,cifar100,69.186670,6.545880,0.679783,16048
18,11,1409,pixel3,cifar100,58.853333,1.275090,0.679783,16048
18,11,857,pixel3,cifar100,72.880000,19.113200,0.679783,16048
18,11,9649,pixel3,cifar100,64.540000,2.536210,0.679783,16048
18,11,12424,pixel3,cifar100,69.980000,8.954760,0.679783,16048
18,11,6337,pixel3,cifar100,1.000000,0.008753,0.679783,16048
18,11,14253,pixel3,cifar100,70.860000,10.679300,0.679783,16048
18,11,5019,pixel3,cifar100,58.880000,1.483640,0.679783,16048
18,11,1425,pixel3,cifar100,72.093330,15.692300,0.679783,16048
18,11,10689,pixel3,cifar100,67.500000,3.109220,0.679783,16048
18,11,8323,pixel3,cifar100,67.080000,3.106340,0.679783,16048
18,11,8638,pixel3,cifar100,58.860000,1.478570,0.679783,16048
18,11,9930,pixel3,cifar100,73.513336,42.003600,0.679783,16048
18,11,1631,pixel3,cifar100,63.986668,1.805000,0.679783,16048
18,11,1459,pixel3,cifar100,73.140000,23.437900,0.679783,16048
18,11,906,pixel3,cifar100,62.393333,1.661810,0.679783,16048
18,11,15589,pixel3,cifar100,59.060000,1.483890,0.679783,16048
18,11,8853,pixel3,cifar100,71.220000,12.088100,0.679783,16048
18,11,4659,pixel3,cifar100,70.060000,9.026280,0.679783,16048
18,11,10042,pixel3,cifar100,64.880000,2.794690,0.679783,16048
18,11,15363,pixel3,cifar100,70.520000,9.708640,0.679783,16048
18,11,577,pixel3,cifar100,69.680000,8.944490,0.679783,16048
18,11,724,pixel3,cifar100,67.053340,2.875650,0.679783,16048
18,11,1583,pixel3,cifar100,71.326670,12.345800,0.679783,16048
18,11,3192,pixel3,cifar100,71.133330,11.671300,0.679783,16048
18,11,1090,pixel3,cifar100,65.220000,2.811310,0.679783,16048
18,11,9997,pixel3,cifar100,71.520000,14.777900,0.679783,16048
18,11,12574,pixel3,cifar100,72.740000,16.473900,0.679783,16048
18,11,1416,pixel3,cifar100,64.493330,2.084060,0.679783,16048
18,12,4498,raspi4,cifar100,64.086670,5.022347,0.755705,16082
18,12,14253,raspi4,cifar100,70.860000,25.077555,0.755705,16082
18,12,14612,raspi4,cifar100,58.720000,2.563505,0.755705,16082
18,12,2222,raspi4,cifar100,58.313330,2.538255,0.755705,16082
18,12,4418,raspi4,cifar100,72.746666,47.162354,0.755705,16082
18,12,12574,raspi4,cifar100,72.740000,36.371254,0.755705,16082
18,12,4659,raspi4,cifar100,70.060000,21.672482,0.755705,16082
18,12,11533,raspi4,cifar100,69.760000,21.446177,0.755705,16082
18,12,9997,raspi4,cifar100,71.520000,34.996710,0.755705,16082
18,12,8323,raspi4,cifar100,67.080000,7.271148,0.755705,16082
18,12,9930,raspi4,cifar100,73.513336,71.152000,0.755705,16082
18,12,1459,raspi4,cifar100,73.140000,53.879950,0.755705,16082
18,12,3888,raspi4,cifar100,73.260000,55.029520,0.755705,16082
18,12,8740,raspi4,cifar100,1.000000,0.015215,0.755705,16082
18,12,15589,raspi4,cifar100,59.060000,2.795078,0.755705,16082
18,12,6950,raspi4,cifar100,67.560000,16.749027,0.755705,16082
18,12,12915,raspi4,cifar100,66.950000,7.226311,0.755705,16082
18,12,12761,raspi4,cifar100,72.860000,53.718200,0.755705,16082
18,12,4532,raspi4,cifar100,68.040000,17.522375,0.755705,16082
18,12,13430,raspi4,cifar100,66.700000,7.203785,0.755705,16082
18,12,10222,raspi4,cifar100,58.860000,2.747804,0.755705,16082
18,12,2058,raspi4,cifar100,69.613335,20.052132,0.755705,16082
18,12,6822,raspi4,cifar100,58.426666,2.558594,0.755705,16082
18,12,14792,raspi4,cifar100,69.500000,19.111843,0.755705,16082
18,12,2035,raspi4,cifar100,63.926666,5.005698,0.755705,16082
18,12,14811,raspi4,cifar100,69.680000,20.361189,0.755705,16082
18,12,10042,raspi4,cifar100,64.880000,5.100886,0.755705,16082
18,12,4806,raspi4,cifar100,62.270000,4.787734,0.755705,16082
18,12,2880,raspi4,cifar100,67.473335,11.969307,0.755705,16082
18,12,9271,raspi4,cifar100,63.400000,4.800893,0.755705,16082
18,12,5208,raspi4,cifar100,67.413330,9.665987,0.755705,16082
18,12,15363,raspi4,cifar100,70.520000,21.809430,0.755705,16082
18,12,6918,raspi4,cifar100,58.800000,2.571364,0.755705,16082
18,12,11000,raspi4,cifar100,71.180000,26.077381,0.755705,16082
18,13,12415,edgegpu,ImageNet16-120,46.566666,4.667692,0.624375,16291
18,13,8426,edgegpu,ImageNet16-120,44.633335,3.370147,0.624375,16291
18,13,13411,edgegpu,ImageNet16-120,31.855556,1.736240,0.624375,16291
18,13,10947,edgegpu,ImageNet16-120,39.944443,1.909800,0.624375,16291
18,13,8401,edgegpu,ImageNet16-120,43.833332,3.322444,0.624375,16291
18,13,7760,edgegpu,ImageNet16-120,39.100000,1.743751,0.624375,16291
18,13,14840,edgegpu,ImageNet16-120,45.311110,4.224715,0.624375,16291
18,13,9586,edgegpu,ImageNet16-120,46.933334,5.222673,0.624375,16291
18,13,4946,edgegpu,ImageNet16-120,44.700000,3.490419,0.624375,16291
18,13,14612,edgegpu,ImageNet16-120,28.488890,1.434064,0.624375,16291
18,13,9722,edgegpu,ImageNet16-120,44.000000,3.327813,0.624375,16291
18,13,15159,edgegpu,ImageNet16-120,45.566666,4.632421,0.624375,16291
18,13,4587,edgegpu,ImageNet16-120,28.800000,1.445131,0.624375,16291
18,13,8884,edgegpu,ImageNet16-120,45.033333,3.499999,0.624375,16291
18,13,4332,edgegpu,ImageNet16-120,39.444443,1.745496,0.624375,16291
18,13,11217,edgegpu,ImageNet16-120,43.466667,3.316708,0.624375,16291
18,13,4160,edgegpu,ImageNet16-120,39.833332,1.756272,0.624375,16291
18,13,454,edgegpu,ImageNet16-120,41.277780,3.303313,0.624375,16291
18,13,15376,edgegpu,ImageNet16-120,0.833333,0.533953,0.624375,16291
18,13,15288,edgegpu,ImageNet16-120,28.422222,1.417041,0.624375,16291
18,13,14117,edgegpu,ImageNet16-120,28.677778,1.435547,0.624375,16291
18,13,4988,edgegpu,ImageNet16-120,28.933332,1.448212,0.624375,16291
18,13,2650,edgegpu,ImageNet16-120,42.433334,3.309817,0.624375,16291
18,13,13760,edgegpu,ImageNet16-120,32.333332,1.739759,0.624375,16291
18,13,7187,edgegpu,ImageNet16-120,28.683332,1.443858,0.624375,16291
18,13,6950,edgegpu,ImageNet16-120,38.700000,1.740150,0.624375,16291
18,13,5751,edgegpu,ImageNet16-120,40.044445,2.434626,0.624375,16291
18,14,15383,edgetpu,ImageNet16-120,47.033333,0.780914,0.599156,16276
18,14,15363,edgetpu,ImageNet16-120,44.333332,0.582280,0.599156,16276
18,14,5751,edgetpu,ImageNet16-120,40.044445,0.516992,0.599156,16276
18,14,13284,edgetpu,ImageNet16-120,40.177776,0.534381,0.599156,16276
18,14,7273,edgetpu,ImageNet16-120,42.966667,0.550014,0.599156,16276
18,14,3540,edgetpu,ImageNet16-120,45.122223,0.648670,0.599156,16276
18,14,857,edgetpu,ImageNet16-120,47.311110,0.997730,0.599156,16276
18,14,7750,edgetpu,ImageNet16-120,43.066666,0.551617,0.599156,16276
18,14,13769,edgetpu,ImageNet16-120,41.555557,0.549360,0.599156,16276
18,14,4160,edgetpu,ImageNet16-120,39.833332,0.430355,0.599156,16276
18,14,14677,edgetpu,ImageNet16-120,33.233334,0.364575,0.599156,16276
18,14,4830,edgetpu,ImageNet16-120,42.233334,0.549457,0.599156,16276
18,14,6950,edgetpu,ImageNet16-120,38.700000,0.427379,0.599156,16276
18,14,12415,edgetpu,ImageNet16-120,46.566666,0.710906,0.599156,16276
18,14,6858,edgetpu,ImageNet16-120,40.333332,0.541300,0.599156,16276
18,14,14527,edgetpu,ImageNet16-120,28.133333,0.358865,0.599156,16276
18,14,8884,edgetpu,ImageNet16-120,45.033333,0.615792,0.599156,16276
18,14,10888,edgetpu,ImageNet16-120,28.333334,0.359044,0.599156,16276
18,14,5530,edgetpu,ImageNet16-120,42.577778,0.549937,0.599156,16276
18,14,11282,edgetpu,ImageNet16-120,39.633335,0.428409,0.599156,16276
18,14,13931,edgetpu,ImageNet16-120,28.788889,0.360349,0.599156,16276
18,14,10332,edgetpu,ImageNet16-120,40.033333,0.516152,0.599156,16276
18,14,6672,edgetpu,ImageNet16-120,27.822222,0.358864,0.599156,16276
18,14,8781,edgetpu,ImageNet16-120,32.366665,0.363484,0.599156,16276
18,14,13972,edgetpu,ImageNet16-120,31.933332,0.363440,0.599156,16276
18,14,2064,edgetpu,ImageNet16-120,38.744446,0.428116,0.599156,16276
18,14,11079,edgetpu,ImageNet16-120,43.566666,0.552430,0.599156,16276
18,14,8447,edgetpu,ImageNet16-120,40.011112,0.514586,0.599156,16276
18,14,13097,edgetpu,ImageNet16-120,39.655556,0.428424,0.599156,16276
18,14,7357,edgetpu,ImageNet16-120,44.666668,0.600498,0.599156,16276
18,15,15383,eyeriss,ImageNet16-120,47.033333,1.283200,0.462268,16577
18,15,1939,eyeriss,ImageNet16-120,45.077778,0.976000,0.462268,16577
18,15,6787,eyeriss,ImageNet16-120,44.400000,0.914560,0.462268,16577
18,15,2835,eyeriss,ImageNet16-120,38.222220,0.545920,0.462268,16577
18,15,8853,eyeriss,ImageNet16-120,45.600000,1.037440,0.462268,16577
18,15,735,eyeriss,ImageNet16-120,38.544445,0.607360,0.462268,16577
18,15,857,eyeriss,ImageNet16-120,47.311110,1.651840,0.462268,16577
18,15,6854,eyeriss,ImageNet16-120,40.800000,0.668800,0.462268,16577
18,15,8008,eyeriss,ImageNet16-120,43.500000,0.853120,0.462268,16577
18,15,4988,eyeriss,ImageNet16-120,28.933332,0.423040,0.462268,16577
18,15,4829,eyeriss,ImageNet16-120,34.200000,0.484480,0.462268,16577
18,16,8008,fpga,ImageNet16-120,43.500000,0.876800,0.559760,16285
18,16,6854,fpga,ImageNet16-120,40.800000,0.809120,0.559760,16285
18,16,6787,fpga,ImageNet16-120,44.400000,0.969600,0.559760,16285
18,16,8853,fpga,ImageNet16-120,45.600000,1.155200,0.559760,16285
18,16,14748,fpga,ImageNet16-120,44.900000,0.995200,0.559760,16285
18,16,15383,fpga,ImageNet16-120,47.033333,1.504000,0.559760,16285
18,16,6868,fpga,ImageNet16-120,39.000000,0.649120,0.559760,16285
18,16,2835,fpga,ImageNet16-120,38.222220,0.546720,0.559760,16285
18,16,4988,fpga,ImageNet16-120,28.933332,0.284320,0.559760,16285
18,16,1939,fpga,ImageNet16-120,45.077778,1.062400,0.559760,16285
18,16,11079,fpga,ImageNet16-120,43.566666,0.902400,0.559760,16285
18,16,857,fpga,ImageNet16-120,47.311110,2.038400,0.559760,16285
18,16,11161,fpga,ImageNet16-120,34.500000,0.517920,0.559760,16285
18,16,14417,fpga,ImageNet16-120,45.900000,1.276320,0.559760,16285
18,16,8633,fpga,ImageNet16-120,39.766666,0.780320,0.559760,16285
18,16,10017,fpga,ImageNet16-120,40.566666,0.784000,0.559760,16285
18,16,4829,fpga,ImageNet16-120,34.200000,0.415520,0.559760,16285
18,17,1110,pixel3,ImageNet16-120,28.600000,0.423927,0.770374,16012
18,17,8627,pixel3,ImageNet16-120,43.633335,2.707490,0.770374,16012
18,17,4587,pixel3,ImageNet16-120,28.800000,0.445767,0.770374,16012
18,17,1425,pixel3,ImageNet16-120,45.977780,4.619290,0.770374,16012
18,17,10154,pixel3,ImageNet16-120,46.133335,4.783700,0.770374,16012
18,17,4977,pixel3,ImageNet16-120,32.966667,0.617991,0.770374,16012
18,17,3496,pixel3,ImageNet16-120,34.233334,0.670584,0.770374,16012
18,17,4004,pixel3,ImageNet16-120,42.811110,2.467510,0.770374,16012
18,17,13756,pixel3,ImageNet16-120,0.833333,0.005289,0.770374,16012
18,17,2018,pixel3,ImageNet16-120,46.433334,4.949210,0.770374,16012
18,17,6014,pixel3,ImageNet16-120,28.533333,0.423391,0.770374,16012
18,17,15446,pixel3,ImageNet16-120,45.766666,3.439380,0.770374,16012
18,17,898,pixel3,ImageNet16-120,42.466667,2.467210,0.770374,16012
18,17,10412,pixel3,ImageNet16-120,43.733334,2.753550,0.770374,16012
18,17,9496,pixel3,ImageNet16-120,38.200000,1.024960,0.770374,16012
18,17,10888,pixel3,ImageNet16-120,28.333334,0.422652,0.770374,16012
18,17,4432,pixel3,ImageNet16-120,37.800000,0.861157,0.770374,16012
18,17,14417,pixel3,ImageNet16-120,45.900000,4.143030,0.770374,16012
18,17,11209,pixel3,ImageNet16-120,33.266666,0.665423,0.770374,16012
18,17,4895,pixel3,ImageNet16-120,33.200000,0.619070,0.770374,16012
18,17,6854,pixel3,ImageNet16-120,40.800000,1.621620,0.770374,16012
18,17,12639,pixel3,ImageNet16-120,40.400000,1.304440,0.770374,16012
18,17,7187,pixel3,ImageNet16-120,28.683332,0.425223,0.770374,16012
18,17,3728,pixel3,ImageNet16-120,28.500000,0.422880,0.770374,16012
18,17,7401,pixel3,ImageNet16-120,28.866667,0.505777,0.770374,16012
18,17,10340,pixel3,ImageNet16-120,31.522223,0.617772,0.770374,16012
18,17,11000,pixel3,ImageNet16-120,44.866665,2.962520,0.770374,16012
18,17,12516,pixel3,ImageNet16-120,32.083332,0.617816,0.770374,16012
18,17,12466,pixel3,ImageNet16-120,46.100000,4.680280,0.770374,16012
18,17,857,pixel3,ImageNet16-120,47.311110,6.686850,0.770374,16012
18,17,872,pixel3,ImageNet16-120,41.777780,2.465030,0.770374,16012
18,17,15383,pixel3,ImageNet16-120,47.033333,5.191720,0.770374,16012
18,17,12424,pixel3,ImageNet16-120,43.133330,2.470150,0.770374,16012
18,17,12358,pixel3,ImageNet16-120,34.055557,0.666287,0.770374,16012
18,17,12506,pixel3,ImageNet16-120,43.983334,2.929990,0.770374,16012
18,17,12452,pixel3,ImageNet16-120,40.533333,1.504410,0.770374,16012
18,17,6294,pixel3,ImageNet16-120,38.011112,0.869124,0.770374,16012
18,17,735,pixel3,ImageNet16-120,38.544445,1.107950,0.770374,16012
18,17,978,pixel3,ImageNet16-120,33.488888,0.665489,0.770374,16012
18,17,1204,pixel3,ImageNet16-120,37.844444,0.864966,0.770374,16012
18,17,12103,pixel3,ImageNet16-120,28.250000,0.422433,0.770374,16012
18,17,1939,pixel3,ImageNet16-120,45.077778,3.021500,0.770374,16012
18,17,1549,pixel3,ImageNet16-120,28.655556,0.424747,0.770374,16012
18,17,11079,pixel3,ImageNet16-120,43.566666,2.479610,0.770374,16012
18,18,14677,raspi4,ImageNet16-120,33.233334,1.537227,0.905101,16184
18,18,9032,raspi4,ImageNet16-120,38.016666,2.201532,0.905101,16184
18,18,9496,raspi4,ImageNet16-120,38.200000,2.204048,0.905101,16184
18,18,11946,raspi4,ImageNet16-120,28.200000,0.940293,0.905101,16184
18,18,14697,raspi4,ImageNet16-120,33.900000,1.580382,0.905101,16184
18,18,8426,raspi4,ImageNet16-120,44.633335,5.288439,0.905101,16184
18,18,11079,raspi4,ImageNet16-120,43.566666,3.802027,0.905101,16184
18,18,10167,raspi4,ImageNet16-120,39.944443,3.106316,0.905101,16184
18,18,10835,raspi4,ImageNet16-120,45.233334,6.632419,0.905101,16184
18,18,13931,raspi4,ImageNet16-120,28.788889,0.956195,0.905101,16184
18,18,2779,raspi4,ImageNet16-120,37.355556,2.190654,0.905101,16184
18,18,7227,raspi4,ImageNet16-120,32.533333,1.530737,0.905101,16184
18,18,4988,raspi4,ImageNet16-120,28.933332,1.003251,0.905101,16184
18,18,219,raspi4,ImageNet16-120,42.500000,3.768475,0.905101,16184
18,18,8884,raspi4,ImageNet16-120,45.033333,5.293177,0.905101,16184
18,18,8736,raspi4,ImageNet16-120,45.700000,6.658077,0.905101,16184
18,18,12358,raspi4,ImageNet16-120,34.055557,1.582727,0.905101,16184
18,18,12639,raspi4,ImageNet16-120,40.400000,3.628959,0.905101,16184
18,18,15383,raspi4,ImageNet16-120,47.033333,8.565354,0.905101,16184
18,18,1939,raspi4,ImageNet16-120,45.077778,5.341908,0.905101,16184
18,18,933,raspi4,ImageNet16-120,0.833333,0.011514,0.905101,16184
18,18,6787,raspi4,ImageNet16-120,44.400000,4.532777,0.905101,16184
18,18,6854,raspi4,ImageNet16-120,40.800000,3.661016,0.905101,16184
18,18,15363,raspi4,ImageNet16-120,44.333332,4.480516,0.905101,16184
18,18,1413,raspi4,ImageNet16-120,42.711113,3.788479,0.905101,16184
18,18,14750,raspi4,ImageNet16-120,32.933334,1.536700,0.905101,16184
18,18,7187,raspi4,ImageNet16-120,28.683332,0.952790,0.905101,16184
18,18,12505,raspi4,ImageNet16-120,39.283333,3.062432,0.905101,16184
18,18,5530,raspi4,ImageNet16-120,42.577778,3.785925,0.905101,16184
18,18,735,raspi4,ImageNet16-120,38.544445,2.911079,0.905101,16184
18,18,6868,raspi4,ImageNet16-120,39.000000,2.982937,0.905101,16184
18,18,6336,raspi4,ImageNet16-120,39.366665,3.073392,0.905101,16184
18,18,4995,raspi4,ImageNet16-120,42.166668,3.766336,0.905101,16184
18,18,13284,raspi4,ImageNet16-120,40.177776,3.191073,0.905101,16184
18,18,9805,raspi4,ImageNet16-120,34.133335,1.617568,0.905101,16184
18,18,2018,raspi4,ImageNet16-120,46.433334,7.482383,0.905101,16184
18,18,857,raspi4,ImageNet16-120,47.311110,9.020064,0.905101,16184
18,18,5973,raspi4,ImageNet16-120,40.100000,3.159922,0.905101,16184
18,18,14417,raspi4,ImageNet16-120,45.900000,6.948865,0.905101,16184
18,18,3960,raspi4,ImageNet16-120,37.755554,2.197980,0.905101,16184
18,18,3782,raspi4,ImageNet16-120,41.866665,3.755286,0.905101,16184
18,18,13771,raspi4,ImageNet16-120,32.744446,1.533813,0.905101,16184
18,18,8355,raspi4,ImageNet16-120,39.666668,3.083286,0.905101,16184
18,18,1188,raspi4,ImageNet16-120,32.455555,1.526725,0.905101,16184
18,18,10472,raspi4,ImageNet16-120,39.633335,3.079679,0.905101,16184
19,1,14090,edgegpu,cifar10,92.086670,1.749086,0.561600,16371
19,1,2053,edgegpu,cifar10,94.206665,5.482254,0.561600,16371
19,1,13401,edgegpu,cifar10,87.010000,1.457009,0.561600,16371
19,1,14407,edgegpu,cifar10,86.770000,1.440282,0.561600,16371
19,1,11692,edgegpu,cifar10,94.130000,4.708362,0.561600,16371
19,1,13714,edgegpu,cifar10,94.373340,6.772180,0.561600,16371
19,1,258,edgegpu,cifar10,93.640000,3.307109,0.561600,16371
19,1,1459,edgegpu,cifar10,94.296670,6.748991,0.561600,16371
19,1,5400,edgegpu,cifar10,86.630000,1.427460,0.561600,16371
19,1,5292,edgegpu,cifar10,94.293335,6.663151,0.561600,16371
19,1,561,edgegpu,cifar10,86.880000,1.451068,0.561600,16371
19,1,6330,edgegpu,cifar10,94.006670,4.384699,0.561600,16371
19,1,6960,edgegpu,cifar10,92.280000,1.764450,0.561600,16371
19,1,11438,edgegpu,cifar10,92.500000,1.846719,0.561600,16371
19,1,2090,edgegpu,cifar10,86.650000,1.437702,0.561600,16371
19,1,2776,edgegpu,cifar10,93.666664,3.331194,0.561600,16371
19,1,5780,edgegpu,cifar10,93.980000,3.361888,0.561600,16371
19,1,15200,edgegpu,cifar10,10.000000,0.501385,0.561600,16371
19,1,1339,edgegpu,cifar10,92.136665,1.751881,0.561600,16371
19,1,14527,edgegpu,cifar10,86.765000,1.439619,0.561600,16371
19,1,11810,edgegpu,cifar10,92.780000,1.992798,0.561600,16371
19,2,11692,edgetpu,cifar10,94.130000,0.761100,0.663966,16326
19,2,1005,edgetpu,cifar10,89.183334,0.392518,0.663966,16326
19,2,5111,edgetpu,cifar10,94.306660,1.152010,0.663966,16326
19,2,11533,edgetpu,cifar10,93.420000,0.632626,0.663966,16326
19,2,5258,edgetpu,cifar10,88.775000,0.388629,0.663966,16326
19,2,6382,edgetpu,cifar10,93.376660,0.628638,0.663966,16326
19,2,3731,edgetpu,cifar10,94.343330,1.282820,0.663966,16326
19,2,6918,edgetpu,cifar10,87.000000,0.375819,0.663966,16326
19,2,8192,edgetpu,cifar10,93.093330,0.627745,0.663966,16326
19,2,5780,edgetpu,cifar10,93.980000,0.723967,0.663966,16326
19,2,4675,edgetpu,cifar10,89.200000,0.395661,0.663966,16326
19,2,11438,edgetpu,cifar10,92.500000,0.482393,0.663966,16326
19,2,9271,edgetpu,cifar10,89.250000,0.396381,0.663966,16326
19,2,14090,edgetpu,cifar10,92.086670,0.482273,0.663966,16326
19,2,5647,edgetpu,cifar10,89.110000,0.389378,0.663966,16326
19,2,9950,edgetpu,cifar10,93.840000,0.723767,0.663966,16326
19,2,13714,edgetpu,cifar10,94.373340,1.377865,0.663966,16326
19,2,2053,edgetpu,cifar10,94.206665,1.042178,0.663966,16326
19,2,1996,edgetpu,cifar10,92.000000,0.481224,0.663966,16326
19,2,9689,edgetpu,cifar10,93.370000,0.628386,0.663966,16326
19,2,2240,edgetpu,cifar10,91.990000,0.480973,0.663966,16326
19,2,797,edgetpu,cifar10,93.280000,0.627996,0.663966,16326
19,2,4384,edgetpu,cifar10,86.796670,0.362569,0.663966,16326
19,2,11810,edgetpu,cifar10,92.780000,0.482879,0.663966,16326
19,2,13320,edgetpu,cifar10,89.330000,0.396446,0.663966,16326
19,2,2485,edgetpu,cifar10,86.700000,0.346546,0.663966,16326
19,2,3927,edgetpu,cifar10,93.626660,0.723268,0.663966,16326
19,2,6515,edgetpu,cifar10,93.616670,0.722858,0.663966,16326
19,2,8375,edgetpu,cifar10,92.030000,0.481739,0.663966,16326
19,3,11472,eyeriss,cifar10,93.970000,4.628660,0.465981,16448
19,3,15000,eyeriss,cifar10,92.400000,3.154100,0.465981,16448
19,3,10689,eyeriss,cifar10,90.790000,2.171060,0.465981,16448
19,3,6111,eyeriss,cifar10,94.373340,7.823540,0.465981,16448
19,3,3731,eyeriss,cifar10,94.343330,6.594740,0.465981,16448
19,3,6899,eyeriss,cifar10,90.900000,2.416820,0.465981,16448
19,3,4384,eyeriss,cifar10,86.796670,1.679540,0.465981,16448
19,3,5111,eyeriss,cifar10,94.306660,5.365940,0.465981,16448
19,3,8008,eyeriss,cifar10,93.480000,3.399860,0.465981,16448
19,3,13987,eyeriss,cifar10,93.596664,3.645620,0.465981,16448
19,3,6854,eyeriss,cifar10,91.040000,2.662580,0.465981,16448
19,3,8592,eyeriss,cifar10,93.750000,3.891380,0.465981,16448
19,3,13714,eyeriss,cifar10,94.373340,7.823540,0.465981,16448
19,3,12438,eyeriss,cifar10,89.875000,1.925300,0.465981,16448
19,3,6584,eyeriss,cifar10,94.160000,4.874420,0.465981,16448
19,4,13987,fpga,cifar10,93.596664,3.420960,0.483949,16298
19,4,4384,fpga,cifar10,86.796670,1.132960,0.483949,16298
19,4,13714,fpga,cifar10,94.373340,6.678560,0.483949,16298
19,4,8008,fpga,cifar10,93.480000,2.905760,0.483949,16298
19,4,8720,fpga,cifar10,89.875000,1.648160,0.483949,16298
19,4,5111,fpga,cifar10,94.306660,5.193760,0.483949,16298
19,4,11692,fpga,cifar10,94.130000,4.163360,0.483949,16298
19,4,13611,fpga,cifar10,92.490000,2.390560,0.483949,16298
19,4,8323,fpga,cifar10,90.870000,2.163360,0.483949,16298
19,4,6111,fpga,cifar10,94.373340,6.678560,0.483949,16298
19,4,3731,fpga,cifar10,94.343330,5.936160,0.483949,16298
19,4,12438,fpga,cifar10,89.875000,1.648160,0.483949,16298
19,4,11472,fpga,cifar10,93.970000,3.648160,0.483949,16298
19,4,11525,fpga,cifar10,90.000000,2.057760,0.483949,16298
19,5,7001,pixel3,cifar10,10.000000,0.003277,0.857285,16121
19,5,4554,pixel3,cifar10,86.670000,1.114880,0.857285,16121
19,5,8323,pixel3,cifar10,90.870000,3.106420,0.857285,16121
19,5,4689,pixel3,cifar10,90.720000,3.106280,0.857285,16121
19,5,5111,pixel3,cifar10,94.306660,17.584600,0.857285,16121
19,5,8695,pixel3,cifar10,94.220000,17.564500,0.857285,16121
19,5,1497,pixel3,cifar10,86.556660,1.056630,0.857285,16121
19,5,6382,pixel3,cifar10,93.376660,7.048190,0.857285,16121
19,5,6918,pixel3,cifar10,87.000000,1.478790,0.857285,16121
19,5,8592,pixel3,cifar10,93.750000,10.769800,0.857285,16121
19,5,1804,pixel3,cifar10,89.063330,1.579900,0.857285,16121
19,5,6330,pixel3,cifar10,94.006670,11.512400,0.857285,16121
19,5,6111,pixel3,cifar10,94.373340,23.584800,0.857285,16121
19,5,3731,pixel3,cifar10,94.343330,23.361300,0.857285,16121
19,5,1781,pixel3,cifar10,89.883330,1.712020,0.857285,16121
19,5,1941,pixel3,cifar10,93.533330,9.128690,0.857285,16121
19,5,11692,pixel3,cifar10,94.130000,15.490100,0.857285,16121
19,5,4432,pixel3,cifar10,90.700000,2.826310,0.857285,16121
19,5,12452,pixel3,cifar10,91.350000,5.590110,0.857285,16121
19,5,8708,pixel3,cifar10,94.080000,12.839000,0.857285,16121
19,5,5915,pixel3,cifar10,86.846664,1.472530,0.857285,16121
19,5,4627,pixel3,cifar10,93.270000,7.036050,0.857285,16121
19,5,9230,pixel3,cifar10,86.580000,1.056760,0.857285,16121
19,5,13987,pixel3,cifar10,93.596664,9.922680,0.857285,16121
19,5,1943,pixel3,cifar10,93.116670,6.492030,0.857285,16121
19,5,11972,pixel3,cifar10,91.510000,5.627010,0.857285,16121
19,5,6863,pixel3,cifar10,86.740000,1.229320,0.857285,16121
19,5,12820,pixel3,cifar10,90.880000,3.982790,0.857285,16121
19,5,6434,pixel3,cifar10,91.080000,4.811140,0.857285,16121
19,5,6624,pixel3,cifar10,89.120000,1.670570,0.857285,16121
19,5,13171,pixel3,cifar10,93.530000,7.717220,0.857285,16121
19,5,5224,pixel3,cifar10,88.980000,1.570360,0.857285,16121
19,5,1339,pixel3,cifar10,92.136665,5.802240,0.857285,16121
19,5,7197,pixel3,cifar10,90.366670,2.447670,0.857285,16121
19,5,6854,pixel3,cifar10,91.040000,4.514220,0.857285,16121
19,6,1962,raspi4,cifar10,86.530000,2.529453,0.769443,15932
19,6,1690,raspi4,cifar10,86.646670,2.536549,0.769443,15932
19,6,6584,raspi4,cifar10,94.160000,38.818527,0.769443,15932
19,6,8323,raspi4,cifar10,90.870000,7.426308,0.769443,15932
19,6,8426,raspi4,cifar10,93.840000,31.394428,0.769443,15932
19,6,10275,raspi4,cifar10,91.080000,9.993188,0.769443,15932
19,6,5111,raspi4,cifar10,94.306660,41.756905,0.769443,15932
19,6,9380,raspi4,cifar10,89.335000,4.875613,0.769443,15932
19,6,9271,raspi4,cifar10,89.250000,4.830311,0.769443,15932
19,6,6382,raspi4,cifar10,93.376660,21.461164,0.769443,15932
19,6,7030,raspi4,cifar10,93.173330,20.230932,0.769443,15932
19,6,6960,raspi4,cifar10,92.280000,17.162752,0.769443,15932
19,6,7017,raspi4,cifar10,86.970000,2.544041,0.769443,15932
19,6,11810,raspi4,cifar10,92.780000,18.619905,0.769443,15932
19,6,7207,raspi4,cifar10,89.803340,5.099723,0.769443,15932
19,6,5780,raspi4,cifar10,93.980000,34.928463,0.769443,15932
19,6,9980,raspi4,cifar10,10.000000,0.011284,0.769443,15932
19,6,3731,raspi4,cifar10,94.343330,58.070793,0.769443,15932
19,6,6111,raspi4,cifar10,94.373340,68.404106,0.769443,15932
19,6,12505,raspi4,cifar10,92.150000,16.747276,0.769443,15932
19,6,8592,raspi4,cifar10,93.750000,25.477009,0.769443,15932
19,6,6918,raspi4,cifar10,87.000000,2.787590,0.769443,15932
19,6,11692,raspi4,cifar10,94.130000,37.583630,0.769443,15932
19,6,3687,raspi4,cifar10,89.820000,5.156255,0.769443,15932
19,6,1973,raspi4,cifar10,91.663330,16.185848,0.769443,15932
19,6,4432,raspi4,cifar10,90.700000,7.290926,0.769443,15932
19,6,2035,raspi4,cifar10,89.670000,4.984099,0.769443,15932
19,6,8008,raspi4,cifar10,93.480000,22.571420,0.769443,15932
19,6,1941,raspi4,cifar10,93.533330,25.121769,0.769443,15932
19,6,13611,raspi4,cifar10,92.490000,18.523302,0.769443,15932
19,6,1781,raspi4,cifar10,89.883330,5.961801,0.769443,15932
19,6,7058,raspi4,cifar10,92.040000,16.469465,0.769443,15932
19,6,6974,raspi4,cifar10,88.840000,4.786109,0.769443,15932
19,6,10412,raspi4,cifar10,93.530000,25.079220,0.769443,15932
19,6,14677,raspi4,cifar10,88.670000,4.755260,0.769443,15932
19,6,1804,raspi4,cifar10,89.063330,4.791845,0.769443,15932
19,7,9930,edgegpu,cifar100,73.513336,6.803060,0.615149,16310
19,7,9922,edgegpu,cifar100,58.560000,1.428552,0.615149,16310
19,7,2778,edgegpu,cifar100,72.993330,6.134028,0.615149,16310
19,7,8401,edgegpu,cifar100,71.080000,3.302102,0.615149,16310
19,7,11810,edgegpu,cifar100,68.300000,1.779551,0.615149,16310
19,7,4954,edgegpu,cifar100,73.000000,6.669736,0.615149,16310
19,7,12415,edgegpu,cifar100,71.940000,4.828467,0.615149,16310
19,7,11067,edgegpu,cifar100,58.186670,1.427836,0.615149,16310
19,7,9997,edgegpu,cifar100,71.520000,3.466139,0.615149,16310
19,7,2304,edgegpu,cifar100,58.660000,1.440253,0.615149,16310
19,7,14677,edgegpu,cifar100,62.420000,1.746187,0.615149,16310
19,7,4418,edgegpu,cifar100,72.746666,5.352364,0.615149,16310
19,7,14984,edgegpu,cifar100,67.166664,1.760831,0.615149,16310
19,7,1425,edgegpu,cifar100,72.093330,5.310225,0.615149,16310
19,7,11438,edgegpu,cifar100,67.700000,1.778135,0.615149,16310
19,7,3888,edgegpu,cifar100,73.260000,6.797867,0.615149,16310
19,7,6381,edgegpu,cifar100,66.800000,1.753340,0.615149,16310
19,7,1509,edgegpu,cifar100,1.000000,0.505853,0.615149,16310
19,7,8912,edgegpu,cifar100,59.200000,1.441355,0.615149,16310
19,7,12238,edgegpu,cifar100,67.240000,1.772847,0.615149,16310
19,8,12574,edgetpu,cifar100,72.740000,0.932430,0.669077,16119
19,8,797,edgetpu,cifar100,69.580000,0.633351,0.669077,16119
19,8,1110,edgetpu,cifar100,58.840000,0.355938,0.669077,16119
19,8,11810,edgetpu,cifar100,68.300000,0.492126,0.669077,16119
19,8,4418,edgetpu,cifar100,72.746666,1.093699,0.669077,16119
19,8,8649,edgetpu,cifar100,70.690000,0.727284,0.669077,16119
19,8,5019,edgetpu,cifar100,58.880000,0.357058,0.669077,16119
19,8,12761,edgetpu,cifar100,72.860000,1.225212,0.669077,16119
19,8,1425,edgetpu,cifar100,72.093330,0.910660,0.669077,16119
19,8,11533,edgetpu,cifar100,69.760000,0.635877,0.669077,16119
19,8,3888,edgetpu,cifar100,73.260000,1.316226,0.669077,16119
19,8,15363,edgetpu,cifar100,70.520000,0.676394,0.669077,16119
19,8,9930,edgetpu,cifar100,73.513336,1.454107,0.669077,16119
19,8,9997,edgetpu,cifar100,71.520000,0.729986,0.669077,16119
19,8,4155,edgetpu,cifar100,62.306667,0.391442,0.669077,16119
19,8,577,edgetpu,cifar100,69.680000,0.635228,0.669077,16119
19,8,13731,edgetpu,cifar100,66.953330,0.487148,0.669077,16119
19,8,8401,edgetpu,cifar100,71.080000,0.728572,0.669077,16119
19,8,1973,edgetpu,cifar100,67.453330,0.488234,0.669077,16119
19,8,8638,edgetpu,cifar100,58.860000,0.356631,0.669077,16119
19,8,10596,edgetpu,cifar100,67.633330,0.488672,0.669077,16119
19,8,7760,edgetpu,cifar100,67.800000,0.489248,0.669077,16119
19,8,2705,edgetpu,cifar100,62.813330,0.393026,0.669077,16119
19,8,12415,edgetpu,cifar100,71.940000,0.872299,0.669077,16119
19,8,11112,edgetpu,cifar100,66.893330,0.486713,0.669077,16119
19,8,8912,edgetpu,cifar100,59.200000,0.377698,0.669077,16119
19,8,14300,edgetpu,cifar100,67.300000,0.487450,0.669077,16119
19,8,777,edgetpu,cifar100,58.650000,0.355588,0.669077,16119
19,8,857,edgetpu,cifar100,72.880000,1.264168,0.669077,16119
19,8,14945,edgetpu,cifar100,58.500000,0.354940,0.669077,16119
19,8,4659,edgetpu,cifar100,70.060000,0.636433,0.669077,16119
19,8,5851,edgetpu,cifar100,67.326670,0.487691,0.669077,16119
19,8,10000,edgetpu,cifar100,73.160000,1.283461,0.669077,16119
19,8,1383,edgetpu,cifar100,70.273330,0.673722,0.669077,16119
19,8,13829,edgetpu,cifar100,66.873340,0.485137,0.669077,16119
19,8,9271,edgetpu,cifar100,63.400000,0.393151,0.669077,16119
19,8,431,edgetpu,cifar100,67.626660,0.488557,0.669077,16119
19,8,1943,edgetpu,cifar100,69.626660,0.634759,0.669077,16119
19,8,3303,edgetpu,cifar100,62.420000,0.392593,0.669077,16119
19,8,4532,edgetpu,cifar100,68.040000,0.489947,0.669077,16119
19,9,9930,eyeriss,cifar100,73.513336,9.055360,0.478202,16554
19,9,6925,eyeriss,cifar100,71.220000,3.894400,0.478202,16554
19,9,12761,eyeriss,cifar100,72.860000,6.352000,0.478202,16554
19,9,3888,eyeriss,cifar100,73.260000,6.597760,0.478202,16554
19,9,5084,eyeriss,cifar100,58.813330,1.682560,0.478202,16554
19,9,3540,eyeriss,cifar100,71.500000,4.877440,0.478202,16554
19,9,10689,eyeriss,cifar100,67.500000,2.174080,0.478202,16554
19,9,12574,eyeriss,cifar100,72.740000,5.123200,0.478202,16554
19,9,11301,eyeriss,cifar100,68.220000,2.665600,0.478202,16554
19,9,5651,eyeriss,cifar100,64.690000,1.928320,0.478202,16554
19,9,11973,eyeriss,cifar100,70.340000,3.402880,0.478202,16554
19,9,6787,eyeriss,cifar100,70.720000,3.648640,0.478202,16554
19,9,12820,eyeriss,cifar100,67.720000,2.419840,0.478202,16554
19,9,14112,eyeriss,cifar100,68.386665,2.911360,0.478202,16554
19,10,9997,fpga,cifar100,71.520000,4.572960,0.561995,16350
19,10,10689,fpga,cifar100,67.500000,2.163360,0.561995,16350
19,10,5084,fpga,cifar100,58.813330,1.132960,0.561995,16350
19,10,12820,fpga,cifar100,67.720000,2.678560,0.561995,16350
19,10,9930,fpga,cifar100,73.513336,7.420960,0.561995,16350
19,10,3540,fpga,cifar100,71.500000,4.163360,0.561995,16350
19,10,12761,fpga,cifar100,72.860000,5.420960,0.561995,16350
19,10,3888,fpga,cifar100,73.260000,5.936160,0.561995,16350
19,10,15363,fpga,cifar100,70.520000,3.420960,0.561995,16350
19,10,7250,fpga,cifar100,67.706665,2.390560,0.561995,16350
19,10,12574,fpga,cifar100,72.740000,4.678560,0.561995,16350
19,10,12295,fpga,cifar100,71.160000,3.648160,0.561995,16350
19,10,6925,fpga,cifar100,71.220000,3.936160,0.561995,16350
19,10,4249,fpga,cifar100,65.080000,2.057760,0.561995,16350
19,10,3687,fpga,cifar100,64.460000,1.648160,0.561995,16350
19,10,11973,fpga,cifar100,70.340000,2.905760,0.561995,16350
19,11,15363,pixel3,cifar100,70.520000,9.708640,0.716904,16040
19,11,9649,pixel3,cifar100,64.540000,2.536210,0.716904,16040
19,11,898,pixel3,cifar100,70.000000,6.516140,0.716904,16040
19,11,485,pixel3,cifar100,67.593330,4.124800,0.716904,16040
19,11,8638,pixel3,cifar100,58.860000,1.478570,0.716904,16040
19,11,3888,pixel3,cifar100,73.260000,23.477200,0.716904,16040
19,11,5019,pixel3,cifar100,58.880000,1.483640,0.716904,16040
19,11,906,pixel3,cifar100,62.393333,1.661810,0.716904,16040
19,11,12574,pixel3,cifar100,72.740000,16.473900,0.716904,16040
19,11,9930,pixel3,cifar100,73.513336,42.003600,0.716904,16040
19,11,6787,pixel3,cifar100,70.720000,9.854430,0.716904,16040
19,11,857,pixel3,cifar100,72.880000,19.113200,0.716904,16040
19,11,1459,pixel3,cifar100,73.140000,23.437900,0.716904,16040
19,11,1409,pixel3,cifar100,58.853333,1.275090,0.716904,16040
19,11,11000,pixel3,cifar100,71.180000,10.677600,0.716904,16040
19,11,699,pixel3,cifar100,72.240000,12.079400,0.716904,16040
19,11,6337,pixel3,cifar100,1.000000,0.008753,0.716904,16040
19,11,1599,pixel3,cifar100,64.633330,2.819200,0.716904,16040
19,11,15589,pixel3,cifar100,59.060000,1.483890,0.716904,16040
19,11,858,pixel3,cifar100,64.133330,2.003500,0.716904,16040
19,11,2649,pixel3,cifar100,64.446660,2.496890,0.716904,16040
19,11,375,pixel3,cifar100,64.440000,2.363140,0.716904,16040
19,11,1357,pixel3,cifar100,67.480000,3.998260,0.716904,16040
19,11,1450,pixel3,cifar100,70.506670,9.337360,0.716904,16040
19,11,572,pixel3,cifar100,70.313330,8.017480,0.716904,16040
19,11,724,pixel3,cifar100,67.053340,2.875650,0.716904,16040
19,11,14112,pixel3,cifar100,68.386665,5.745320,0.716904,16040
19,11,12970,pixel3,cifar100,68.140000,4.782110,0.716904,16040
19,11,777,pixel3,cifar100,58.650000,1.087020,0.716904,16040
19,11,6925,pixel3,cifar100,71.220000,10.688000,0.716904,16040
19,11,6899,pixel3,cifar100,67.080000,3.983530,0.716904,16040
19,12,12607,raspi4,cifar100,62.600000,4.779045,0.706928,16006
19,12,3888,raspi4,cifar100,73.260000,55.029520,0.706928,16006
19,12,9380,raspi4,cifar100,62.680000,4.821364,0.706928,16006
19,12,898,raspi4,cifar100,70.000000,21.506163,0.706928,16006
19,12,8740,raspi4,cifar100,1.000000,0.015215,0.706928,16006
19,12,2058,raspi4,cifar100,69.613335,20.052132,0.706928,16006
19,12,10042,raspi4,cifar100,64.880000,5.100886,0.706928,16006
19,12,13430,raspi4,cifar100,66.700000,7.203785,0.706928,16006
19,12,15589,raspi4,cifar100,59.060000,2.795078,0.706928,16006
19,12,15363,raspi4,cifar100,70.520000,21.809430,0.706928,16006
19,12,10222,raspi4,cifar100,58.860000,2.747804,0.706928,16006
19,12,12761,raspi4,cifar100,72.860000,53.718200,0.706928,16006
19,12,485,raspi4,cifar100,67.593330,14.719852,0.706928,16006
19,12,8323,raspi4,cifar100,67.080000,7.271148,0.706928,16006
19,12,14612,raspi4,cifar100,58.720000,2.563505,0.706928,16006
19,12,4195,raspi4,cifar100,62.700000,4.877588,0.706928,16006
19,12,3487,raspi4,cifar100,70.093330,21.603350,0.706928,16006
19,12,2035,raspi4,cifar100,63.926666,5.005698,0.706928,16006
19,12,6925,raspi4,cifar100,71.220000,24.195030,0.706928,16006
19,12,6787,raspi4,cifar100,70.720000,23.081835,0.706928,16006
19,12,375,raspi4,cifar100,64.440000,5.099302,0.706928,16006
19,12,14811,raspi4,cifar100,69.680000,20.361189,0.706928,16006
19,12,12915,raspi4,cifar100,66.950000,7.226311,0.706928,16006
19,12,10689,raspi4,cifar100,67.500000,7.381845,0.706928,16006
19,12,2222,raspi4,cifar100,58.313330,2.538255,0.706928,16006
19,12,8912,raspi4,cifar100,59.200000,2.818969,0.706928,16006
19,12,9997,raspi4,cifar100,71.520000,34.996710,0.706928,16006
19,12,11272,raspi4,cifar100,68.260000,14.764390,0.706928,16006
19,12,3408,raspi4,cifar100,63.993332,5.081906,0.706928,16006
19,12,14792,raspi4,cifar100,69.500000,19.111843,0.706928,16006
19,12,4418,raspi4,cifar100,72.746666,47.162354,0.706928,16006
19,12,6918,raspi4,cifar100,58.800000,2.571364,0.706928,16006
19,12,9930,raspi4,cifar100,73.513336,71.152000,0.706928,16006
19,12,1459,raspi4,cifar100,73.140000,53.879950,0.706928,16006
19,12,12574,raspi4,cifar100,72.740000,36.371254,0.706928,16006
19,12,11533,raspi4,cifar100,69.760000,21.446177,0.706928,16006
19,12,13113,raspi4,cifar100,63.140000,4.941205,0.706928,16006
19,12,6822,raspi4,cifar100,58.426666,2.558594,0.706928,16006
19,12,14714,raspi4,cifar100,71.280000,24.692347,0.706928,16006
19,13,8884,edgegpu,ImageNet16-120,45.033333,3.499999,0.609376,16439
19,13,9586,edgegpu,ImageNet16-120,46.933334,5.222673,0.609376,16439
19,13,11217,edgegpu,ImageNet16-120,43.466667,3.316708,0.609376,16439
19,13,4587,edgegpu,ImageNet16-120,28.800000,1.445131,0.609376,16439
19,13,4946,edgegpu,ImageNet16-120,44.700000,3.490419,0.609376,16439
19,13,15376,edgegpu,ImageNet16-120,0.833333,0.533953,0.609376,16439
19,13,9722,edgegpu,ImageNet16-120,44.000000,3.327813,0.609376,16439
19,13,14840,edgegpu,ImageNet16-120,45.311110,4.224715,0.609376,16439
19,13,4160,edgegpu,ImageNet16-120,39.833332,1.756272,0.609376,16439
19,13,15288,edgegpu,ImageNet16-120,28.422222,1.417041,0.609376,16439
19,13,10947,edgegpu,ImageNet16-120,39.944443,1.909800,0.609376,16439
19,13,4988,edgegpu,ImageNet16-120,28.933332,1.448212,0.609376,16439
19,13,8401,edgegpu,ImageNet16-120,43.833332,3.322444,0.609376,16439
19,13,1164,edgegpu,ImageNet16-120,28.522223,1.435223,0.609376,16439
19,13,2650,edgegpu,ImageNet16-120,42.433334,3.309817,0.609376,16439
19,13,14117,edgegpu,ImageNet16-120,28.677778,1.435547,0.609376,16439
19,13,14612,edgegpu,ImageNet16-120,28.488890,1.434064,0.609376,16439
19,13,6950,edgegpu,ImageNet16-120,38.700000,1.740150,0.609376,16439
19,13,7187,edgegpu,ImageNet16-120,28.683332,1.443858,0.609376,16439
19,13,13411,edgegpu,ImageNet16-120,31.855556,1.736240,0.609376,16439
19,13,4332,edgegpu,ImageNet16-120,39.444443,1.745496,0.609376,16439
19,13,5751,edgegpu,ImageNet16-120,40.044445,2.434626,0.609376,16439
19,13,454,edgegpu,ImageNet16-120,41.277780,3.303313,0.609376,16439
19,13,12415,edgegpu,ImageNet16-120,46.566666,4.667692,0.609376,16439
19,13,8426,edgegpu,ImageNet16-120,44.633335,3.370147,0.609376,16439
19,14,15014,edgetpu,ImageNet16-120,28.266666,0.358110,0.609243,16001
19,14,13931,edgetpu,ImageNet16-120,28.788889,0.360349,0.609243,16001
19,14,4946,edgetpu,ImageNet16-120,44.700000,0.618328,0.609243,16001
19,14,7396,edgetpu,ImageNet16-120,40.177776,0.517218,0.609243,16001
19,14,1172,edgetpu,ImageNet16-120,39.933334,0.515935,0.609243,16001
19,14,6520,edgetpu,ImageNet16-120,32.383335,0.363944,0.609243,16001
19,14,1973,edgetpu,ImageNet16-120,38.855556,0.427802,0.609243,16001
19,14,15363,edgetpu,ImageNet16-120,44.333332,0.582280,0.609243,16001
19,14,12415,edgetpu,ImageNet16-120,46.566666,0.710906,0.609243,16001
19,14,4627,edgetpu,ImageNet16-120,43.500000,0.552306,0.609243,16001
19,14,9689,edgetpu,ImageNet16-120,42.533333,0.549702,0.609243,16001
19,14,3540,edgetpu,ImageNet16-120,45.122223,0.648670,0.609243,16001
19,14,857,edgetpu,ImageNet16-120,47.311110,0.997730,0.609243,16001
19,14,6407,edgetpu,ImageNet16-120,32.333332,0.363748,0.609243,16001
19,14,7750,edgetpu,ImageNet16-120,43.066666,0.551617,0.609243,16001
19,14,70,edgetpu,ImageNet16-120,39.377777,0.428228,0.609243,16001
19,14,4988,edgetpu,ImageNet16-120,28.933332,0.360694,0.609243,16001
19,14,15383,edgetpu,ImageNet16-120,47.033333,0.780914,0.609243,16001
19,14,5751,edgetpu,ImageNet16-120,40.044445,0.516992,0.609243,16001
19,14,7273,edgetpu,ImageNet16-120,42.966667,0.550014,0.609243,16001
19,14,4830,edgetpu,ImageNet16-120,42.233334,0.549457,0.609243,16001
19,14,5674,edgetpu,ImageNet16-120,39.650000,0.428605,0.609243,16001
19,14,14677,edgetpu,ImageNet16-120,33.233334,0.364575,0.609243,16001
19,14,15107,edgetpu,ImageNet16-120,39.800000,0.430284,0.609243,16001
19,14,11282,edgetpu,ImageNet16-120,39.633335,0.428409,0.609243,16001
19,14,6950,edgetpu,ImageNet16-120,38.700000,0.427379,0.609243,16001
19,14,10750,edgetpu,ImageNet16-120,44.600000,0.615553,0.609243,16001
19,14,10888,edgetpu,ImageNet16-120,28.333334,0.359044,0.609243,16001
19,14,13769,edgetpu,ImageNet16-120,41.555557,0.549360,0.609243,16001
19,14,10017,edgetpu,ImageNet16-120,40.566666,0.524950,0.609243,16001
19,14,7837,edgetpu,ImageNet16-120,32.111110,0.363571,0.609243,16001
19,14,10332,edgetpu,ImageNet16-120,40.033333,0.516152,0.609243,16001
19,15,8853,eyeriss,ImageNet16-120,45.600000,1.037440,0.486330,16483
19,15,2835,eyeriss,ImageNet16-120,38.222220,0.545920,0.486330,16483
19,15,6854,eyeriss,ImageNet16-120,40.800000,0.668800,0.486330,16483
19,15,4988,eyeriss,ImageNet16-120,28.933332,0.423040,0.486330,16483
19,15,14417,eyeriss,ImageNet16-120,45.900000,1.098880,0.486330,16483
19,15,8008,eyeriss,ImageNet16-120,43.500000,0.853120,0.486330,16483
19,15,735,eyeriss,ImageNet16-120,38.544445,0.607360,0.486330,16483
19,15,1939,eyeriss,ImageNet16-120,45.077778,0.976000,0.486330,16483
19,15,15383,eyeriss,ImageNet16-120,47.033333,1.283200,0.486330,16483
19,15,6787,eyeriss,ImageNet16-120,44.400000,0.914560,0.486330,16483
19,15,857,eyeriss,ImageNet16-120,47.311110,1.651840,0.486330,16483
19,15,4829,eyeriss,ImageNet16-120,34.200000,0.484480,0.486330,16483
19,16,12452,fpga,ImageNet16-120,40.533333,0.780320,0.470442,16160
19,16,15383,fpga,ImageNet16-120,47.033333,1.504000,0.470442,16160
19,16,2835,fpga,ImageNet16-120,38.222220,0.546720,0.470442,16160
19,16,6787,fpga,ImageNet16-120,44.400000,0.969600,0.470442,16160
19,16,1939,fpga,ImageNet16-120,45.077778,1.062400,0.470442,16160
19,16,4988,fpga,ImageNet16-120,28.933332,0.284320,0.470442,16160
19,16,5793,fpga,ImageNet16-120,35.033333,0.517920,0.470442,16160
19,16,6868,fpga,ImageNet16-120,39.000000,0.649120,0.470442,16160
19,16,14748,fpga,ImageNet16-120,44.900000,0.995200,0.470442,16160
19,16,14417,fpga,ImageNet16-120,45.900000,1.276320,0.470442,16160
19,16,8853,fpga,ImageNet16-120,45.600000,1.155200,0.470442,16160
19,16,4829,fpga,ImageNet16-120,34.200000,0.415520,0.470442,16160
19,16,8008,fpga,ImageNet16-120,43.500000,0.876800,0.470442,16160
19,16,857,fpga,ImageNet16-120,47.311110,2.038400,0.470442,16160
19,16,10017,fpga,ImageNet16-120,40.566666,0.784000,0.470442,16160
19,17,12103,pixel3,ImageNet16-120,28.250000,0.422433,0.819274,15997
19,17,1425,pixel3,ImageNet16-120,45.977780,4.619290,0.819274,15997
19,17,1110,pixel3,ImageNet16-120,28.600000,0.423927,0.819274,15997
19,17,2835,pixel3,ImageNet16-120,38.222220,0.868646,0.819274,15997
19,17,12466,pixel3,ImageNet16-120,46.100000,4.680280,0.819274,15997
19,17,4587,pixel3,ImageNet16-120,28.800000,0.445767,0.819274,15997
19,17,12355,pixel3,ImageNet16-120,45.033333,2.989390,0.819274,15997
19,17,7551,pixel3,ImageNet16-120,38.477780,1.266510,0.819274,15997
19,17,3728,pixel3,ImageNet16-120,28.500000,0.422880,0.819274,15997
19,17,857,pixel3,ImageNet16-120,47.311110,6.686850,0.819274,15997
19,17,1860,pixel3,ImageNet16-120,28.433332,0.422587,0.819274,15997
19,17,8853,pixel3,ImageNet16-120,45.600000,3.554540,0.819274,15997
19,17,1549,pixel3,ImageNet16-120,28.655556,0.424747,0.819274,15997
19,17,2018,pixel3,ImageNet16-120,46.433334,4.949210,0.819274,15997
19,17,12452,pixel3,ImageNet16-120,40.533333,1.504410,0.819274,15997
19,17,12424,pixel3,ImageNet16-120,43.133330,2.470150,0.819274,15997
19,17,11163,pixel3,ImageNet16-120,33.600000,0.665312,0.819274,15997
19,17,10154,pixel3,ImageNet16-120,46.133335,4.783700,0.819274,15997
19,17,6854,pixel3,ImageNet16-120,40.800000,1.621620,0.819274,15997
19,17,4977,pixel3,ImageNet16-120,32.966667,0.617991,0.819274,15997
19,17,4432,pixel3,ImageNet16-120,37.800000,0.861157,0.819274,15997
19,17,12639,pixel3,ImageNet16-120,40.400000,1.304440,0.819274,15997
19,17,1939,pixel3,ImageNet16-120,45.077778,3.021500,0.819274,15997
19,17,13059,pixel3,ImageNet16-120,34.266666,0.668679,0.819274,15997
19,17,15383,pixel3,ImageNet16-120,47.033333,5.191720,0.819274,15997
19,17,14417,pixel3,ImageNet16-120,45.900000,4.143030,0.819274,15997
19,17,4895,pixel3,ImageNet16-120,33.200000,0.619070,0.819274,15997
19,17,1751,pixel3,ImageNet16-120,33.955555,0.666929,0.819274,15997
19,17,6014,pixel3,ImageNet16-120,28.533333,0.423391,0.819274,15997
19,17,8954,pixel3,ImageNet16-120,28.733334,0.424855,0.819274,15997
19,17,4627,pixel3,ImageNet16-120,43.500000,2.479640,0.819274,15997
19,17,4384,pixel3,ImageNet16-120,28.133333,0.421612,0.819274,15997
19,17,4988,pixel3,ImageNet16-120,28.933332,0.485996,0.819274,15997
19,17,11109,pixel3,ImageNet16-120,41.700000,2.468030,0.819274,15997
19,17,3650,pixel3,ImageNet16-120,43.866665,2.716840,0.819274,15997
19,17,13756,pixel3,ImageNet16-120,0.833333,0.005289,0.819274,15997
19,17,11000,pixel3,ImageNet16-120,44.866665,2.962520,0.819274,15997
19,18,10217,raspi4,ImageNet16-120,45.100000,6.109362,0.850724,16206
19,18,3431,raspi4,ImageNet16-120,32.966667,1.536690,0.850724,16206
19,18,3960,raspi4,ImageNet16-120,37.755554,2.197980,0.850724,16206
19,18,4988,raspi4,ImageNet16-120,28.933332,1.003251,0.850724,16206
19,18,6519,raspi4,ImageNet16-120,40.183334,3.212652,0.850724,16206
19,18,857,raspi4,ImageNet16-120,47.311110,9.020064,0.850724,16206
19,18,2018,raspi4,ImageNet16-120,46.433334,7.482383,0.850724,16206
19,18,11079,raspi4,ImageNet16-120,43.566666,3.802027,0.850724,16206
19,18,6336,raspi4,ImageNet16-120,39.366665,3.073392,0.850724,16206
19,18,2112,raspi4,ImageNet16-120,38.355556,2.925188,0.850724,16206
19,18,6868,raspi4,ImageNet16-120,39.000000,2.982937,0.850724,16206
19,18,15383,raspi4,ImageNet16-120,47.033333,8.565354,0.850724,16206
19,18,8426,raspi4,ImageNet16-120,44.633335,5.288439,0.850724,16206
19,18,3782,raspi4,ImageNet16-120,41.866665,3.755286,0.850724,16206
19,18,15363,raspi4,ImageNet16-120,44.333332,4.480516,0.850724,16206
19,18,5530,raspi4,ImageNet16-120,42.577778,3.785925,0.850724,16206
19,18,7551,raspi4,ImageNet16-120,38.477780,2.950436,0.850724,16206
19,18,3776,raspi4,ImageNet16-120,37.133335,2.191733,0.850724,16206
19,18,13284,raspi4,ImageNet16-120,40.177776,3.191073,0.850724,16206
19,18,933,raspi4,ImageNet16-120,0.833333,0.011514,0.850724,16206
19,18,9032,raspi4,ImageNet16-120,38.016666,2.201532,0.850724,16206
19,18,1939,raspi4,ImageNet16-120,45.077778,5.341908,0.850724,16206
19,18,5973,raspi4,ImageNet16-120,40.100000,3.159922,0.850724,16206
19,18,12358,raspi4,ImageNet16-120,34.055557,1.582727,0.850724,16206
19,18,9496,raspi4,ImageNet16-120,38.200000,2.204048,0.850724,16206
19,18,4995,raspi4,ImageNet16-120,42.166668,3.766336,0.850724,16206
19,18,2649,raspi4,ImageNet16-120,33.788887,1.582191,0.850724,16206
19,18,3496,raspi4,ImageNet16-120,34.233334,1.598666,0.850724,16206
19,18,11282,raspi4,ImageNet16-120,39.633335,3.080430,0.850724,16206
19,18,8884,raspi4,ImageNet16-120,45.033333,5.293177,0.850724,16206
19,18,12505,raspi4,ImageNet16-120,39.283333,3.062432,0.850724,16206
19,18,14677,raspi4,ImageNet16-120,33.233334,1.537227,0.850724,16206
19,18,6787,raspi4,ImageNet16-120,44.400000,4.532777,0.850724,16206
19,18,1413,raspi4,ImageNet16-120,42.711113,3.788479,0.850724,16206
19,18,10835,raspi4,ImageNet16-120,45.233334,6.632419,0.850724,16206
19,18,1188,raspi4,ImageNet16-120,32.455555,1.526725,0.850724,16206
19,18,8447,raspi4,ImageNet16-120,40.011112,3.156609,0.850724,16206
19,18,14417,raspi4,ImageNet16-120,45.900000,6.948865,0.850724,16206
19,18,7187,raspi4,ImageNet16-120,28.683332,0.952790,0.850724,16206
19,18,219,raspi4,ImageNet16-120,42.500000,3.768475,0.850724,16206
19,18,8355,raspi4,ImageNet16-120,39.666668,3.083286,0.850724,16206
19,18,13644,raspi4,ImageNet16-120,45.333332,6.780282,0.850724,16206
19,18,13771,raspi4,ImageNet16-120,32.744446,1.533813,0.850724,16206
19,18,45,raspi4,ImageNet16-120,33.611110,1.581422,0.850724,16206
19,18,14792,raspi4,ImageNet16-120,43.033333,3.792447,0.850724,16206
19,18,10715,raspi4,ImageNet16-120,45.533333,6.790813,0.850724,16206
20,1,11692,edgegpu,cifar10,94.130000,4.708362,0.600998,16414
20,1,5780,edgegpu,cifar10,93.980000,3.361888,0.600998,16414
20,1,9099,edgegpu,cifar10,93.940000,3.357520,0.600998,16414
20,1,14527,edgegpu,cifar10,86.765000,1.439619,0.600998,16414
20,1,10484,edgegpu,cifar10,93.810000,3.354015,0.600998,16414
20,1,258,edgegpu,cifar10,93.640000,3.307109,0.600998,16414
20,1,2776,edgegpu,cifar10,93.666664,3.331194,0.600998,16414
20,1,5292,edgegpu,cifar10,94.293335,6.663151,0.600998,16414
20,1,13401,edgegpu,cifar10,87.010000,1.457009,0.600998,16414
20,1,11438,edgegpu,cifar10,92.500000,1.846719,0.600998,16414
20,1,6499,edgegpu,cifar10,93.645000,3.331041,0.600998,16414
20,1,14407,edgegpu,cifar10,86.770000,1.440282,0.600998,16414
20,1,11810,edgegpu,cifar10,92.780000,1.992798,0.600998,16414
20,1,5400,edgegpu,cifar10,86.630000,1.427460,0.600998,16414
20,1,2090,edgegpu,cifar10,86.650000,1.437702,0.600998,16414
20,1,13714,edgegpu,cifar10,94.373340,6.772180,0.600998,16414
20,1,2053,edgegpu,cifar10,94.206665,5.482254,0.600998,16414
20,1,1459,edgegpu,cifar10,94.296670,6.748991,0.600998,16414
20,1,6960,edgegpu,cifar10,92.280000,1.764450,0.600998,16414
20,1,6330,edgegpu,cifar10,94.006670,4.384699,0.600998,16414
20,1,561,edgegpu,cifar10,86.880000,1.451068,0.600998,16414
20,1,1339,edgegpu,cifar10,92.136665,1.751881,0.600998,16414
20,1,15200,edgegpu,cifar10,10.000000,0.501385,0.600998,16414
20,2,5780,edgetpu,cifar10,93.980000,0.723967,0.633287,16234
20,2,11810,edgetpu,cifar10,92.780000,0.482879,0.633287,16234
20,2,15620,edgetpu,cifar10,86.446660,0.352791,0.633287,16234
20,2,4161,edgetpu,cifar10,89.250000,0.391221,0.633287,16234
20,2,4512,edgetpu,cifar10,85.970000,0.352544,0.633287,16234
20,2,9380,edgetpu,cifar10,89.335000,0.395662,0.633287,16234
20,2,7937,edgetpu,cifar10,88.610000,0.388867,0.633287,16234
20,2,3731,edgetpu,cifar10,94.343330,1.282820,0.633287,16234
20,2,11692,edgetpu,cifar10,94.130000,0.761100,0.633287,16234
20,2,8192,edgetpu,cifar10,93.093330,0.627745,0.633287,16234
20,2,11438,edgetpu,cifar10,92.500000,0.482393,0.633287,16234
20,2,2053,edgetpu,cifar10,94.206665,1.042178,0.633287,16234
20,2,9722,edgetpu,cifar10,93.540000,0.723575,0.633287,16234
20,2,8008,edgetpu,cifar10,93.480000,0.629746,0.633287,16234
20,2,13714,edgetpu,cifar10,94.373340,1.377865,0.633287,16234
20,2,9817,edgetpu,cifar10,93.490000,0.723286,0.633287,16234
20,2,6918,edgetpu,cifar10,87.000000,0.375819,0.633287,16234
20,2,5647,edgetpu,cifar10,89.110000,0.389378,0.633287,16234
20,2,6382,edgetpu,cifar10,93.376660,0.628638,0.633287,16234
20,2,797,edgetpu,cifar10,93.280000,0.627996,0.633287,16234
20,2,11479,edgetpu,cifar10,86.490000,0.352966,0.633287,16234
20,2,6584,edgetpu,cifar10,94.160000,0.888877,0.633287,16234
20,2,5111,edgetpu,cifar10,94.306660,1.152010,0.633287,16234
20,2,9950,edgetpu,cifar10,93.840000,0.723767,0.633287,16234
20,2,15000,edgetpu,cifar10,92.400000,0.481741,0.633287,16234
20,2,9689,edgetpu,cifar10,93.370000,0.628386,0.633287,16234
20,2,5946,edgetpu,cifar10,88.963330,0.389012,0.633287,16234
20,2,7017,edgetpu,cifar10,86.970000,0.353089,0.633287,16234
20,2,13611,edgetpu,cifar10,92.490000,0.481826,0.633287,16234
20,2,11112,edgetpu,cifar10,92.110000,0.480732,0.633287,16234
20,3,13714,eyeriss,cifar10,94.373340,7.823540,0.483044,16514
20,3,12438,eyeriss,cifar10,89.875000,1.925300,0.483044,16514
20,3,758,eyeriss,cifar10,86.705000,1.679540,0.483044,16514
20,3,15000,eyeriss,cifar10,92.400000,3.154100,0.483044,16514
20,3,6584,eyeriss,cifar10,94.160000,4.874420,0.483044,16514
20,3,6111,eyeriss,cifar10,94.373340,7.823540,0.483044,16514
20,3,5111,eyeriss,cifar10,94.306660,5.365940,0.483044,16514
20,3,3731,eyeriss,cifar10,94.343330,6.594740,0.483044,16514
20,3,14112,eyeriss,cifar10,91.296670,2.908340,0.483044,16514
20,3,6854,eyeriss,cifar10,91.040000,2.662580,0.483044,16514
20,3,11472,eyeriss,cifar10,93.970000,4.628660,0.483044,16514
20,3,8323,eyeriss,cifar10,90.870000,2.171060,0.483044,16514
20,3,8592,eyeriss,cifar10,93.750000,3.891380,0.483044,16514
20,3,8008,eyeriss,cifar10,93.480000,3.399860,0.483044,16514
20,3,13987,eyeriss,cifar10,93.596664,3.645620,0.483044,16514
20,4,4384,fpga,cifar10,86.796670,1.132960,0.491051,16133
20,4,11525,fpga,cifar10,90.000000,2.057760,0.491051,16133
20,4,6111,fpga,cifar10,94.373340,6.678560,0.491051,16133
20,4,3731,fpga,cifar10,94.343330,5.936160,0.491051,16133
20,4,11472,fpga,cifar10,93.970000,3.648160,0.491051,16133
20,4,3687,fpga,cifar10,89.820000,1.648160,0.491051,16133
20,4,10431,fpga,cifar10,87.000000,1.542560,0.491051,16133
20,4,11692,fpga,cifar10,94.130000,4.163360,0.491051,16133
20,4,8008,fpga,cifar10,93.480000,2.905760,0.491051,16133
20,4,13611,fpga,cifar10,92.490000,2.390560,0.491051,16133
20,4,10412,fpga,cifar10,93.530000,3.420960,0.491051,16133
20,4,5111,fpga,cifar10,94.306660,5.193760,0.491051,16133
20,4,13714,fpga,cifar10,94.373340,6.678560,0.491051,16133
20,4,8323,fpga,cifar10,90.870000,2.163360,0.491051,16133
20,5,2779,pixel3,cifar10,90.806660,3.102950,0.722119,16111
20,5,55,pixel3,cifar10,86.756670,1.057440,0.722119,16111
20,5,8836,pixel3,cifar10,92.220000,6.313990,0.722119,16111
20,5,8573,pixel3,cifar10,89.803340,2.372100,0.722119,16111
20,5,1497,pixel3,cifar10,86.556660,1.056630,0.722119,16111
20,5,1943,pixel3,cifar10,93.116670,6.492030,0.722119,16111
20,5,1941,pixel3,cifar10,93.533330,9.128690,0.722119,16111
20,5,6330,pixel3,cifar10,94.006670,11.512400,0.722119,16111
20,5,8695,pixel3,cifar10,94.220000,17.564500,0.722119,16111
20,5,3496,pixel3,cifar10,89.763336,2.365700,0.722119,16111
20,5,6382,pixel3,cifar10,93.376660,7.048190,0.722119,16111
20,5,5111,pixel3,cifar10,94.306660,17.584600,0.722119,16111
20,5,9032,pixel3,cifar10,90.740000,3.102890,0.722119,16111
20,5,6584,pixel3,cifar10,94.160000,15.720300,0.722119,16111
20,5,7001,pixel3,cifar10,10.000000,0.003277,0.722119,16111
20,5,6918,pixel3,cifar10,87.000000,1.478790,0.722119,16111
20,5,1804,pixel3,cifar10,89.063330,1.579900,0.722119,16111
20,5,3687,pixel3,cifar10,89.820000,2.387250,0.722119,16111
20,5,13171,pixel3,cifar10,93.530000,7.717220,0.722119,16111
20,5,6854,pixel3,cifar10,91.040000,4.514220,0.722119,16111
20,5,1339,pixel3,cifar10,92.136665,5.802240,0.722119,16111
20,5,9230,pixel3,cifar10,86.580000,1.056760,0.722119,16111
20,5,8592,pixel3,cifar10,93.750000,10.769800,0.722119,16111
20,5,6111,pixel3,cifar10,94.373340,23.584800,0.722119,16111
20,5,12452,pixel3,cifar10,91.350000,5.590110,0.722119,16111
20,5,4432,pixel3,cifar10,90.700000,2.826310,0.722119,16111
20,5,3731,pixel3,cifar10,94.343330,23.361300,0.722119,16111
20,5,11692,pixel3,cifar10,94.130000,15.490100,0.722119,16111
20,5,13987,pixel3,cifar10,93.596664,9.922680,0.722119,16111
20,5,8323,pixel3,cifar10,90.870000,3.106420,0.722119,16111
20,5,8708,pixel3,cifar10,94.080000,12.839000,0.722119,16111
20,5,6624,pixel3,cifar10,89.120000,1.670570,0.722119,16111
20,5,296,pixel3,cifar10,89.713330,1.805350,0.722119,16111
20,5,13846,pixel3,cifar10,90.720000,3.099760,0.722119,16111
20,5,7197,pixel3,cifar10,90.366670,2.447670,0.722119,16111
20,5,7017,pixel3,cifar10,86.970000,1.403930,0.722119,16111
20,5,4627,pixel3,cifar10,93.270000,7.036050,0.722119,16111
20,5,5224,pixel3,cifar10,88.980000,1.570360,0.722119,16111
20,5,1894,pixel3,cifar10,92.110000,5.778250,0.722119,16111
20,6,6382,raspi4,cifar10,93.376660,21.461164,0.652584,16141
20,6,6985,raspi4,cifar10,89.940000,4.995646,0.652584,16141
20,6,5111,raspi4,cifar10,94.306660,41.756905,0.652584,16141
20,6,4675,raspi4,cifar10,89.200000,4.948616,0.652584,16141
20,6,14565,raspi4,cifar10,88.880000,4.781183,0.652584,16141
20,6,8323,raspi4,cifar10,90.870000,7.426308,0.652584,16141
20,6,6111,raspi4,cifar10,94.373340,68.404106,0.652584,16141
20,6,6953,raspi4,cifar10,91.990000,15.601654,0.652584,16141
20,6,8873,raspi4,cifar10,89.050000,4.839358,0.652584,16141
20,6,5780,raspi4,cifar10,93.980000,34.928463,0.652584,16141
20,6,8008,raspi4,cifar10,93.480000,22.571420,0.652584,16141
20,6,11692,raspi4,cifar10,94.130000,37.583630,0.652584,16141
20,6,3731,raspi4,cifar10,94.343330,58.070793,0.652584,16141
20,6,9980,raspi4,cifar10,10.000000,0.011284,0.652584,16141
20,6,6960,raspi4,cifar10,92.280000,17.162752,0.652584,16141
20,6,1941,raspi4,cifar10,93.533330,25.121769,0.652584,16141
20,6,6918,raspi4,cifar10,87.000000,2.787590,0.652584,16141
20,6,7017,raspi4,cifar10,86.970000,2.544041,0.652584,16141
20,6,8592,raspi4,cifar10,93.750000,25.477009,0.652584,16141
20,6,12504,raspi4,cifar10,92.130000,16.890614,0.652584,16141
20,6,4689,raspi4,cifar10,90.720000,7.356712,0.652584,16141
20,6,4210,raspi4,cifar10,89.030000,4.782748,0.652584,16141
20,6,7058,raspi4,cifar10,92.040000,16.469465,0.652584,16141
20,6,2058,raspi4,cifar10,93.270000,19.484835,0.652584,16141
20,6,8426,raspi4,cifar10,93.840000,31.394428,0.652584,16141
20,6,4659,raspi4,cifar10,93.396670,22.249382,0.652584,16141
20,6,1690,raspi4,cifar10,86.646670,2.536549,0.652584,16141
20,6,4432,raspi4,cifar10,90.700000,7.290926,0.652584,16141
20,6,7407,raspi4,cifar10,93.510000,24.855400,0.652584,16141
20,6,11810,raspi4,cifar10,92.780000,18.619905,0.652584,16141
20,6,10275,raspi4,cifar10,91.080000,9.993188,0.652584,16141
20,7,6124,edgegpu,cifar100,68.360000,3.185835,0.541199,16300
20,7,8912,edgegpu,cifar100,59.200000,1.441355,0.541199,16300
20,7,4609,edgegpu,cifar100,66.520000,1.758838,0.541199,16300
20,7,4418,edgegpu,cifar100,72.746666,5.352364,0.541199,16300
20,7,8401,edgegpu,cifar100,71.080000,3.302102,0.541199,16300
20,7,9997,edgegpu,cifar100,71.520000,3.466139,0.541199,16300
20,7,3953,edgegpu,cifar100,62.613335,1.757269,0.541199,16300
20,7,2778,edgegpu,cifar100,72.993330,6.134028,0.541199,16300
20,7,9930,edgegpu,cifar100,73.513336,6.803060,0.541199,16300
20,7,8734,edgegpu,cifar100,67.500000,1.777978,0.541199,16300
20,7,12415,edgegpu,cifar100,71.940000,4.828467,0.541199,16300
20,7,11810,edgegpu,cifar100,68.300000,1.779551,0.541199,16300
20,7,4954,edgegpu,cifar100,73.000000,6.669736,0.541199,16300
20,7,9922,edgegpu,cifar100,58.560000,1.428552,0.541199,16300
20,7,12238,edgegpu,cifar100,67.240000,1.772847,0.541199,16300
20,7,11438,edgegpu,cifar100,67.700000,1.778135,0.541199,16300
20,7,14984,edgegpu,cifar100,67.166664,1.760831,0.541199,16300
20,7,2304,edgegpu,cifar100,58.660000,1.440253,0.541199,16300
20,7,3888,edgegpu,cifar100,73.260000,6.797867,0.541199,16300
20,7,1509,edgegpu,cifar100,1.000000,0.505853,0.541199,16300
20,7,14089,edgegpu,cifar100,61.806667,1.752892,0.541199,16300
20,8,704,edgetpu,cifar100,62.870000,0.396870,0.658698,15934
20,8,10000,edgetpu,cifar100,73.160000,1.283461,0.658698,15934
20,8,8912,edgetpu,cifar100,59.200000,0.377698,0.658698,15934
20,8,8638,edgetpu,cifar100,58.860000,0.356631,0.658698,15934
20,8,11810,edgetpu,cifar100,68.300000,0.492126,0.658698,15934
20,8,3811,edgetpu,cifar100,69.360000,0.634206,0.658698,15934
20,8,898,edgetpu,cifar100,70.000000,0.636860,0.658698,15934
20,8,3888,edgetpu,cifar100,73.260000,1.316226,0.658698,15934
20,8,13829,edgetpu,cifar100,66.873340,0.485137,0.658698,15934
20,8,14945,edgetpu,cifar100,58.500000,0.354940,0.658698,15934
20,8,777,edgetpu,cifar100,58.650000,0.355588,0.658698,15934
20,8,15363,edgetpu,cifar100,70.520000,0.676394,0.658698,15934
20,8,9930,edgetpu,cifar100,73.513336,1.454107,0.658698,15934
20,8,12415,edgetpu,cifar100,71.940000,0.872299,0.658698,15934
20,8,5019,edgetpu,cifar100,58.880000,0.357058,0.658698,15934
20,8,1943,edgetpu,cifar100,69.626660,0.634759,0.658698,15934
20,8,8401,edgetpu,cifar100,71.080000,0.728572,0.658698,15934
20,8,1110,edgetpu,cifar100,58.840000,0.355938,0.658698,15934
20,8,1383,edgetpu,cifar100,70.273330,0.673722,0.658698,15934
20,8,857,edgetpu,cifar100,72.880000,1.264168,0.658698,15934
20,8,13731,edgetpu,cifar100,66.953330,0.487148,0.658698,15934
20,8,4418,edgetpu,cifar100,72.746666,1.093699,0.658698,15934
20,8,1425,edgetpu,cifar100,72.093330,0.910660,0.658698,15934
20,8,11885,edgetpu,cifar100,68.040000,0.489665,0.658698,15934
20,8,6382,edgetpu,cifar100,69.533330,0.634724,0.658698,15934
20,8,4155,edgetpu,cifar100,62.306667,0.391442,0.658698,15934
20,8,2705,edgetpu,cifar100,62.813330,0.393026,0.658698,15934
20,8,14440,edgetpu,cifar100,67.386665,0.487278,0.658698,15934
20,8,69,edgetpu,cifar100,71.020000,0.727259,0.658698,15934
20,8,9997,edgetpu,cifar100,71.520000,0.729986,0.658698,15934
20,8,12761,edgetpu,cifar100,72.860000,1.225212,0.658698,15934
20,8,12607,edgetpu,cifar100,62.600000,0.392830,0.658698,15934
20,8,577,edgetpu,cifar100,69.680000,0.635228,0.658698,15934
20,8,8032,edgetpu,cifar100,67.600000,0.487441,0.658698,15934
20,8,11533,edgetpu,cifar100,69.760000,0.635877,0.658698,15934
20,8,7760,edgetpu,cifar100,67.800000,0.489248,0.658698,15934
20,8,12574,edgetpu,cifar100,72.740000,0.932430,0.658698,15934
20,8,11112,edgetpu,cifar100,66.893330,0.486713,0.658698,15934
20,8,4977,edgetpu,cifar100,63.360000,0.398743,0.658698,15934
20,9,3888,eyeriss,cifar100,73.260000,6.597760,0.497985,16755
20,9,3385,eyeriss,cifar100,72.380000,5.368960,0.497985,16755
20,9,6787,eyeriss,cifar100,70.720000,3.648640,0.497985,16755
20,9,12820,eyeriss,cifar100,67.720000,2.419840,0.497985,16755
20,9,14112,eyeriss,cifar100,68.386665,2.911360,0.497985,16755
20,9,5651,eyeriss,cifar100,64.690000,1.928320,0.497985,16755
20,9,3540,eyeriss,cifar100,71.500000,4.877440,0.497985,16755
20,9,4659,eyeriss,cifar100,70.060000,3.402880,0.497985,16755
20,9,11301,eyeriss,cifar100,68.220000,2.665600,0.497985,16755
20,9,5084,eyeriss,cifar100,58.813330,1.682560,0.497985,16755
20,9,10689,eyeriss,cifar100,67.500000,2.174080,0.497985,16755
20,9,6925,eyeriss,cifar100,71.220000,3.894400,0.497985,16755
20,9,12761,eyeriss,cifar100,72.860000,6.352000,0.497985,16755
20,9,14714,eyeriss,cifar100,71.280000,4.140160,0.497985,16755
20,9,699,eyeriss,cifar100,72.240000,5.123200,0.497985,16755
20,9,9930,eyeriss,cifar100,73.513336,9.055360,0.497985,16755
20,10,4249,fpga,cifar100,65.080000,2.057760,0.512639,16353
20,10,7250,fpga,cifar100,67.706665,2.390560,0.512639,16353
20,10,12761,fpga,cifar100,72.860000,5.420960,0.512639,16353
20,10,3888,fpga,cifar100,73.260000,5.936160,0.512639,16353
20,10,6787,fpga,cifar100,70.720000,3.420960,0.512639,16353
20,10,6925,fpga,cifar100,71.220000,3.936160,0.512639,16353
20,10,69,fpga,cifar100,71.020000,3.648160,0.512639,16353
20,10,5033,fpga,cifar100,59.060000,1.542560,0.512639,16353
20,10,3487,fpga,cifar100,70.093330,2.905760,0.512639,16353
20,10,9930,fpga,cifar100,73.513336,7.420960,0.512639,16353
20,10,3540,fpga,cifar100,71.500000,4.163360,0.512639,16353
20,10,12574,fpga,cifar100,72.740000,4.678560,0.512639,16353
20,10,3687,fpga,cifar100,64.460000,1.648160,0.512639,16353
20,10,5084,fpga,cifar100,58.813330,1.132960,0.512639,16353
20,10,10689,fpga,cifar100,67.500000,2.163360,0.512639,16353
20,10,9997,fpga,cifar100,71.520000,4.572960,0.512639,16353
20,10,12820,fpga,cifar100,67.720000,2.678560,0.512639,16353
20,11,858,pixel3,cifar100,64.133330,2.003500,0.639058,16024
20,11,5651,pixel3,cifar100,64.690000,2.376870,0.639058,16024
20,11,9930,pixel3,cifar100,73.513336,42.003600,0.639058,16024
20,11,3983,pixel3,cifar100,64.293335,2.372440,0.639058,16024
20,11,1583,pixel3,cifar100,71.326670,12.345800,0.639058,16024
20,11,1425,pixel3,cifar100,72.093330,15.692300,0.639058,16024
20,11,1459,pixel3,cifar100,73.140000,23.437900,0.639058,16024
20,11,9997,pixel3,cifar100,71.520000,14.777900,0.639058,16024
20,11,1409,pixel3,cifar100,58.853333,1.275090,0.639058,16024
20,11,1357,pixel3,cifar100,67.480000,3.998260,0.639058,16024
20,11,6294,pixel3,cifar100,66.973335,3.112950,0.639058,16024
20,11,906,pixel3,cifar100,62.393333,1.661810,0.639058,16024
20,11,6337,pixel3,cifar100,1.000000,0.008753,0.639058,16024
20,11,978,pixel3,cifar100,64.180000,2.372340,0.639058,16024
20,11,8912,pixel3,cifar100,59.200000,1.478790,0.639058,16024
20,11,3888,pixel3,cifar100,73.260000,23.477200,0.639058,16024
20,11,657,pixel3,cifar100,58.233334,1.233070,0.639058,16024
20,11,572,pixel3,cifar100,70.313330,8.017480,0.639058,16024
20,11,857,pixel3,cifar100,72.880000,19.113200,0.639058,16024
20,11,4409,pixel3,cifar100,67.173330,3.113370,0.639058,16024
20,11,12820,pixel3,cifar100,67.720000,4.806070,0.639058,16024
20,11,14253,pixel3,cifar100,70.860000,10.679300,0.639058,16024
20,11,3385,pixel3,cifar100,72.380000,17.527800,0.639058,16024
20,11,15363,pixel3,cifar100,70.520000,9.708640,0.639058,16024
20,11,1631,pixel3,cifar100,63.986668,1.805000,0.639058,16024
20,11,8638,pixel3,cifar100,58.860000,1.478570,0.639058,16024
20,11,4432,pixel3,cifar100,66.486664,3.105870,0.639058,16024
20,11,722,pixel3,cifar100,72.260000,16.581200,0.639058,16024
20,11,898,pixel3,cifar100,70.000000,6.516140,0.639058,16024
20,11,1450,pixel3,cifar100,70.506670,9.337360,0.639058,16024
20,12,1616,raspi4,cifar100,63.946667,5.080509,0.721118,16089
20,12,12915,raspi4,cifar100,66.950000,7.226311,0.721118,16089
20,12,6925,raspi4,cifar100,71.220000,24.195030,0.721118,16089
20,12,2058,raspi4,cifar100,69.613335,20.052132,0.721118,16089
20,12,10689,raspi4,cifar100,67.500000,7.381845,0.721118,16089
20,12,3888,raspi4,cifar100,73.260000,55.029520,0.721118,16089
20,12,8740,raspi4,cifar100,1.000000,0.015215,0.721118,16089
20,12,15589,raspi4,cifar100,59.060000,2.795078,0.721118,16089
20,12,15363,raspi4,cifar100,70.520000,21.809430,0.721118,16089
20,12,6787,raspi4,cifar100,70.720000,23.081835,0.721118,16089
20,12,14792,raspi4,cifar100,69.500000,19.111843,0.721118,16089
20,12,898,raspi4,cifar100,70.000000,21.506163,0.721118,16089
20,12,9271,raspi4,cifar100,63.400000,4.800893,0.721118,16089
20,12,14612,raspi4,cifar100,58.720000,2.563505,0.721118,16089
20,12,14714,raspi4,cifar100,71.280000,24.692347,0.721118,16089
20,12,10222,raspi4,cifar100,58.860000,2.747804,0.721118,16089
20,12,8323,raspi4,cifar100,67.080000,7.271148,0.721118,16089
20,12,3487,raspi4,cifar100,70.093330,21.603350,0.721118,16089
20,12,3408,raspi4,cifar100,63.993332,5.081906,0.721118,16089
20,12,14112,raspi4,cifar100,68.386665,14.423308,0.721118,16089
20,12,6822,raspi4,cifar100,58.426666,2.558594,0.721118,16089
20,12,12574,raspi4,cifar100,72.740000,36.371254,0.721118,16089
20,12,13430,raspi4,cifar100,66.700000,7.203785,0.721118,16089
20,12,375,raspi4,cifar100,64.440000,5.099302,0.721118,16089
20,12,10042,raspi4,cifar100,64.880000,5.100886,0.721118,16089
20,12,9930,raspi4,cifar100,73.513336,71.152000,0.721118,16089
20,12,1459,raspi4,cifar100,73.140000,53.879950,0.721118,16089
20,12,9997,raspi4,cifar100,71.520000,34.996710,0.721118,16089
20,12,6918,raspi4,cifar100,58.800000,2.571364,0.721118,16089
20,12,4418,raspi4,cifar100,72.746666,47.162354,0.721118,16089
20,12,2222,raspi4,cifar100,58.313330,2.538255,0.721118,16089
20,12,2035,raspi4,cifar100,63.926666,5.005698,0.721118,16089
20,12,7891,raspi4,cifar100,67.550000,12.536592,0.721118,16089
20,12,12761,raspi4,cifar100,72.860000,53.718200,0.721118,16089
20,12,12607,raspi4,cifar100,62.600000,4.779045,0.721118,16089
20,12,355,raspi4,cifar100,69.860000,20.791758,0.721118,16089
20,12,7030,raspi4,cifar100,69.600000,19.218203,0.721118,16089
20,13,15288,edgegpu,ImageNet16-120,28.422222,1.417041,0.632572,16390
20,13,5374,edgegpu,ImageNet16-120,46.766666,5.294285,0.632572,16390
20,13,15159,edgegpu,ImageNet16-120,45.566666,4.632421,0.632572,16390
20,13,1164,edgegpu,ImageNet16-120,28.522223,1.435223,0.632572,16390
20,13,15376,edgegpu,ImageNet16-120,0.833333,0.533953,0.632572,16390
20,13,7760,edgegpu,ImageNet16-120,39.100000,1.743751,0.632572,16390
20,13,857,edgegpu,ImageNet16-120,47.311110,6.707663,0.632572,16390
20,13,4332,edgegpu,ImageNet16-120,39.444443,1.745496,0.632572,16390
20,13,4946,edgegpu,ImageNet16-120,44.700000,3.490419,0.632572,16390
20,13,4587,edgegpu,ImageNet16-120,28.800000,1.445131,0.632572,16390
20,13,12062,edgegpu,ImageNet16-120,39.900000,2.519493,0.632572,16390
20,13,14117,edgegpu,ImageNet16-120,28.677778,1.435547,0.632572,16390
20,13,6950,edgegpu,ImageNet16-120,38.700000,1.740150,0.632572,16390
20,13,14612,edgegpu,ImageNet16-120,28.488890,1.434064,0.632572,16390
20,13,4988,edgegpu,ImageNet16-120,28.933332,1.448212,0.632572,16390
20,13,8884,edgegpu,ImageNet16-120,45.033333,3.499999,0.632572,16390
20,13,12415,edgegpu,ImageNet16-120,46.566666,4.667692,0.632572,16390
20,13,8230,edgegpu,ImageNet16-120,39.944443,2.585306,0.632572,16390
20,13,15383,edgegpu,ImageNet16-120,47.033333,6.262836,0.632572,16390
20,13,6499,edgegpu,ImageNet16-120,44.466667,3.413672,0.632572,16390
20,13,2650,edgegpu,ImageNet16-120,42.433334,3.309817,0.632572,16390
20,13,8401,edgegpu,ImageNet16-120,43.833332,3.322444,0.632572,16390
20,13,4160,edgegpu,ImageNet16-120,39.833332,1.756272,0.632572,16390
20,13,10750,edgegpu,ImageNet16-120,44.600000,3.434558,0.632572,16390
20,13,10332,edgegpu,ImageNet16-120,40.033333,3.269434,0.632572,16390
20,13,9722,edgegpu,ImageNet16-120,44.000000,3.327813,0.632572,16390
20,13,7187,edgegpu,ImageNet16-120,28.683332,1.443858,0.632572,16390
20,14,15363,edgetpu,ImageNet16-120,44.333332,0.582280,0.516773,15937
20,14,15107,edgetpu,ImageNet16-120,39.800000,0.430284,0.516773,15937
20,14,12415,edgetpu,ImageNet16-120,46.566666,0.710906,0.516773,15937
20,14,3540,edgetpu,ImageNet16-120,45.122223,0.648670,0.516773,15937
20,14,13931,edgetpu,ImageNet16-120,28.788889,0.360349,0.516773,15937
20,14,9689,edgetpu,ImageNet16-120,42.533333,0.549702,0.516773,15937
20,14,4627,edgetpu,ImageNet16-120,43.500000,0.552306,0.516773,15937
20,14,1172,edgetpu,ImageNet16-120,39.933334,0.515935,0.516773,15937
20,14,15014,edgetpu,ImageNet16-120,28.266666,0.358110,0.516773,15937
20,14,6520,edgetpu,ImageNet16-120,32.383335,0.363944,0.516773,15937
20,14,15383,edgetpu,ImageNet16-120,47.033333,0.780914,0.516773,15937
20,14,5530,edgetpu,ImageNet16-120,42.577778,0.549937,0.516773,15937
20,14,13769,edgetpu,ImageNet16-120,41.555557,0.549360,0.516773,15937
20,14,6407,edgetpu,ImageNet16-120,32.333332,0.363748,0.516773,15937
20,14,5751,edgetpu,ImageNet16-120,40.044445,0.516992,0.516773,15937
20,14,4830,edgetpu,ImageNet16-120,42.233334,0.549457,0.516773,15937
20,14,857,edgetpu,ImageNet16-120,47.311110,0.997730,0.516773,15937
20,14,11885,edgetpu,ImageNet16-120,39.166668,0.427395,0.516773,15937
20,14,10750,edgetpu,ImageNet16-120,44.600000,0.615553,0.516773,15937
20,14,7750,edgetpu,ImageNet16-120,43.066666,0.551617,0.516773,15937
20,14,7273,edgetpu,ImageNet16-120,42.966667,0.550014,0.516773,15937
20,14,14677,edgetpu,ImageNet16-120,33.233334,0.364575,0.516773,15937
20,14,13097,edgetpu,ImageNet16-120,39.655556,0.428424,0.516773,15937
20,14,8884,edgetpu,ImageNet16-120,45.033333,0.615792,0.516773,15937
20,14,4988,edgetpu,ImageNet16-120,28.933332,0.360694,0.516773,15937
20,14,13972,edgetpu,ImageNet16-120,31.933332,0.363440,0.516773,15937
20,14,10332,edgetpu,ImageNet16-120,40.033333,0.516152,0.516773,15937
20,14,12231,edgetpu,ImageNet16-120,40.200000,0.518358,0.516773,15937
20,15,15383,eyeriss,ImageNet16-120,47.033333,1.283200,0.445193,16449
20,15,6787,eyeriss,ImageNet16-120,44.400000,0.914560,0.445193,16449
20,15,2835,eyeriss,ImageNet16-120,38.222220,0.545920,0.445193,16449
20,15,857,eyeriss,ImageNet16-120,47.311110,1.651840,0.445193,16449
20,15,1939,eyeriss,ImageNet16-120,45.077778,0.976000,0.445193,16449
20,15,8853,eyeriss,ImageNet16-120,45.600000,1.037440,0.445193,16449
20,15,4988,eyeriss,ImageNet16-120,28.933332,0.423040,0.445193,16449
20,15,4829,eyeriss,ImageNet16-120,34.200000,0.484480,0.445193,16449
20,15,14417,eyeriss,ImageNet16-120,45.900000,1.098880,0.445193,16449
20,15,6854,eyeriss,ImageNet16-120,40.800000,0.668800,0.445193,16449
20,15,735,eyeriss,ImageNet16-120,38.544445,0.607360,0.445193,16449
20,15,8008,eyeriss,ImageNet16-120,43.500000,0.853120,0.445193,16449
20,16,857,fpga,ImageNet16-120,47.311110,2.038400,0.527485,16282
20,16,8853,fpga,ImageNet16-120,45.600000,1.155200,0.527485,16282
20,16,1939,fpga,ImageNet16-120,45.077778,1.062400,0.527485,16282
20,16,14748,fpga,ImageNet16-120,44.900000,0.995200,0.527485,16282
20,16,15383,fpga,ImageNet16-120,47.033333,1.504000,0.527485,16282
20,16,6868,fpga,ImageNet16-120,39.000000,0.649120,0.527485,16282
20,16,6787,fpga,ImageNet16-120,44.400000,0.969600,0.527485,16282
20,16,4829,fpga,ImageNet16-120,34.200000,0.415520,0.527485,16282
20,16,4988,fpga,ImageNet16-120,28.933332,0.284320,0.527485,16282
20,16,10017,fpga,ImageNet16-120,40.566666,0.784000,0.527485,16282
20,16,2835,fpga,ImageNet16-120,38.222220,0.546720,0.527485,16282
20,16,11079,fpga,ImageNet16-120,43.566666,0.902400,0.527485,16282
20,16,8008,fpga,ImageNet16-120,43.500000,0.876800,0.527485,16282
20,16,5793,fpga,ImageNet16-120,35.033333,0.517920,0.527485,16282
20,16,14417,fpga,ImageNet16-120,45.900000,1.276320,0.527485,16282
20,16,6854,fpga,ImageNet16-120,40.800000,0.809120,0.527485,16282
20,16,8633,fpga,ImageNet16-120,39.766666,0.780320,0.527485,16282
20,17,25,pixel3,ImageNet16-120,28.300000,0.422510,0.766431,15992
20,17,12355,pixel3,ImageNet16-120,45.033333,2.989390,0.766431,15992
20,17,12506,pixel3,ImageNet16-120,43.983334,2.929990,0.766431,15992
20,17,4988,pixel3,ImageNet16-120,28.933332,0.485996,0.766431,15992
20,17,898,pixel3,ImageNet16-120,42.466667,2.467210,0.766431,15992
20,17,2518,pixel3,ImageNet16-120,28.444445,0.423075,0.766431,15992
20,17,1860,pixel3,ImageNet16-120,28.433332,0.422587,0.766431,15992
20,17,8627,pixel3,ImageNet16-120,43.633335,2.707490,0.766431,15992
20,17,4627,pixel3,ImageNet16-120,43.500000,2.479640,0.766431,15992
20,17,1110,pixel3,ImageNet16-120,28.600000,0.423927,0.766431,15992
20,17,2018,pixel3,ImageNet16-120,46.433334,4.949210,0.766431,15992
20,17,857,pixel3,ImageNet16-120,47.311110,6.686850,0.766431,15992
20,17,1939,pixel3,ImageNet16-120,45.077778,3.021500,0.766431,15992
20,17,10154,pixel3,ImageNet16-120,46.133335,4.783700,0.766431,15992
20,17,15383,pixel3,ImageNet16-120,47.033333,5.191720,0.766431,15992
20,17,12639,pixel3,ImageNet16-120,40.400000,1.304440,0.766431,15992
20,17,12424,pixel3,ImageNet16-120,43.133330,2.470150,0.766431,15992
20,17,1425,pixel3,ImageNet16-120,45.977780,4.619290,0.766431,15992
20,17,1549,pixel3,ImageNet16-120,28.655556,0.424747,0.766431,15992
20,17,6854,pixel3,ImageNet16-120,40.800000,1.621620,0.766431,15992
20,17,2002,pixel3,ImageNet16-120,32.277780,0.617751,0.766431,15992
20,17,669,pixel3,ImageNet16-120,0.833333,0.005671,0.766431,15992
20,17,12466,pixel3,ImageNet16-120,46.100000,4.680280,0.766431,15992
20,17,12036,pixel3,ImageNet16-120,33.977780,0.665306,0.766431,15992
20,17,12452,pixel3,ImageNet16-120,40.533333,1.504410,0.766431,15992
20,17,4432,pixel3,ImageNet16-120,37.800000,0.861157,0.766431,15992
20,17,7551,pixel3,ImageNet16-120,38.477780,1.266510,0.766431,15992
20,17,4977,pixel3,ImageNet16-120,32.966667,0.617991,0.766431,15992
20,17,7252,pixel3,ImageNet16-120,44.666668,2.979450,0.766431,15992
20,17,2835,pixel3,ImageNet16-120,38.222220,0.868646,0.766431,15992
20,17,4675,pixel3,ImageNet16-120,33.100000,0.620036,0.766431,15992
20,17,14417,pixel3,ImageNet16-120,45.900000,4.143030,0.766431,15992
20,17,13059,pixel3,ImageNet16-120,34.266666,0.668679,0.766431,15992
20,17,15446,pixel3,ImageNet16-120,45.766666,3.439380,0.766431,15992
20,18,12505,raspi4,ImageNet16-120,39.283333,3.062432,0.844194,16067
20,18,14677,raspi4,ImageNet16-120,33.233334,1.537227,0.844194,16067
20,18,2649,raspi4,ImageNet16-120,33.788887,1.582191,0.844194,16067
20,18,12452,raspi4,ImageNet16-120,40.533333,3.592146,0.844194,16067
20,18,55,raspi4,ImageNet16-120,28.322222,0.957719,0.844194,16067
20,18,3431,raspi4,ImageNet16-120,32.966667,1.536690,0.844194,16067
20,18,2018,raspi4,ImageNet16-120,46.433334,7.482383,0.844194,16067
20,18,11584,raspi4,ImageNet16-120,46.666668,8.014434,0.844194,16067
20,18,10167,raspi4,ImageNet16-120,39.944443,3.106316,0.844194,16067
20,18,2904,raspi4,ImageNet16-120,42.744446,3.799936,0.844194,16067
20,18,4995,raspi4,ImageNet16-120,42.166668,3.766336,0.844194,16067
20,18,15383,raspi4,ImageNet16-120,47.033333,8.565354,0.844194,16067
20,18,15363,raspi4,ImageNet16-120,44.333332,4.480516,0.844194,16067
20,18,15107,raspi4,ImageNet16-120,39.800000,3.083329,0.844194,16067
20,18,3192,raspi4,ImageNet16-120,45.477780,6.675633,0.844194,16067
20,18,11079,raspi4,ImageNet16-120,43.566666,3.802027,0.844194,16067
20,18,6787,raspi4,ImageNet16-120,44.400000,4.532777,0.844194,16067
20,18,13059,raspi4,ImageNet16-120,34.266666,1.595651,0.844194,16067
20,18,9496,raspi4,ImageNet16-120,38.200000,2.204048,0.844194,16067
20,18,1939,raspi4,ImageNet16-120,45.077778,5.341908,0.844194,16067
20,18,7551,raspi4,ImageNet16-120,38.477780,2.950436,0.844194,16067
20,18,1204,raspi4,ImageNet16-120,37.844444,2.199356,0.844194,16067
20,18,12358,raspi4,ImageNet16-120,34.055557,1.582727,0.844194,16067
20,18,857,raspi4,ImageNet16-120,47.311110,9.020064,0.844194,16067
20,18,933,raspi4,ImageNet16-120,0.833333,0.011514,0.844194,16067
20,18,7955,raspi4,ImageNet16-120,39.388890,3.082832,0.844194,16067
20,18,14146,raspi4,ImageNet16-120,28.433332,0.961556,0.844194,16067
20,18,9032,raspi4,ImageNet16-120,38.016666,2.201532,0.844194,16067
20,18,5973,raspi4,ImageNet16-120,40.100000,3.159922,0.844194,16067
20,18,8355,raspi4,ImageNet16-120,39.666668,3.083286,0.844194,16067
20,18,3782,raspi4,ImageNet16-120,41.866665,3.755286,0.844194,16067
20,18,4988,raspi4,ImageNet16-120,28.933332,1.003251,0.844194,16067
20,18,2779,raspi4,ImageNet16-120,37.355556,2.190654,0.844194,16067
20,18,2112,raspi4,ImageNet16-120,38.355556,2.925188,0.844194,16067
20,18,1188,raspi4,ImageNet16-120,32.455555,1.526725,0.844194,16067
20,18,11946,raspi4,ImageNet16-120,28.200000,0.940293,0.844194,16067
20,18,14417,raspi4,ImageNet16-120,45.900000,6.948865,0.844194,16067
20,18,10217,raspi4,ImageNet16-120,45.100000,6.109362,0.844194,16067
20,18,8426,raspi4,ImageNet16-120,44.633335,5.288439,0.844194,16067
20,18,5530,raspi4,ImageNet16-120,42.577778,3.785925,0.844194,16067
20,18,12355,raspi4,ImageNet16-120,45.033333,5.326674,0.844194,16067
20,18,13771,raspi4,ImageNet16-120,32.744446,1.533813,0.844194,16067
20,18,45,raspi4,ImageNet16-120,33.611110,1.581422,0.844194,16067
20,18,10835,raspi4,ImageNet16-120,45.233334,6.632419,0.844194,16067
20,18,13284,raspi4,ImageNet16-120,40.177776,3.191073,0.844194,16067
20,18,5455,raspi4,ImageNet16-120,32.611110,1.532377,0.844194,16067
20,18,6868,raspi4,ImageNet16-120,39.000000,2.982937,0.844194,16067
20,18,7252,raspi4,ImageNet16-120,44.666668,5.322441,0.844194,16067
20,18,3960,raspi4,ImageNet16-120,37.755554,2.197980,0.844194,16067
20,18,1110,raspi4,ImageNet16-120,28.600000,0.961811,0.844194,16067
21,1,561,edgegpu,cifar10,86.880000,1.451068,0.604489,16432
21,1,5400,edgegpu,cifar10,86.630000,1.427460,0.604489,16432
21,1,5292,edgegpu,cifar10,94.293335,6.663151,0.604489,16432
21,1,6499,edgegpu,cifar10,93.645000,3.331041,0.604489,16432
21,1,13714,edgegpu,cifar10,94.373340,6.772180,0.604489,16432
21,1,2053,edgegpu,cifar10,94.206665,5.482254,0.604489,16432
21,1,1459,edgegpu,cifar10,94.296670,6.748991,0.604489,16432
21,1,11692,edgegpu,cifar10,94.130000,4.708362,0.604489,16432
21,1,9099,edgegpu,cifar10,93.940000,3.357520,0.604489,16432
21,1,6330,edgegpu,cifar10,94.006670,4.384699,0.604489,16432
21,1,13401,edgegpu,cifar10,87.010000,1.457009,0.604489,16432
21,1,15200,edgegpu,cifar10,10.000000,0.501385,0.604489,16432
21,1,1038,edgegpu,cifar10,92.276665,1.828198,0.604489,16432
21,1,10484,edgegpu,cifar10,93.810000,3.354015,0.604489,16432
21,1,5780,edgegpu,cifar10,93.980000,3.361888,0.604489,16432
21,1,1339,edgegpu,cifar10,92.136665,1.751881,0.604489,16432
21,1,14527,edgegpu,cifar10,86.765000,1.439619,0.604489,16432
21,1,11810,edgegpu,cifar10,92.780000,1.992798,0.604489,16432
21,1,1099,edgegpu,cifar10,92.240000,1.774683,0.604489,16432
21,1,14090,edgegpu,cifar10,92.086670,1.749086,0.604489,16432
21,1,2090,edgegpu,cifar10,86.650000,1.437702,0.604489,16432
21,1,14407,edgegpu,cifar10,86.770000,1.440282,0.604489,16432
21,1,11438,edgegpu,cifar10,92.500000,1.846719,0.604489,16432
21,2,10581,edgetpu,cifar10,89.015000,0.390403,0.581351,16393
21,2,5111,edgetpu,cifar10,94.306660,1.152010,0.581351,16393
21,2,6382,edgetpu,cifar10,93.376660,0.628638,0.581351,16393
21,2,6515,edgetpu,cifar10,93.616670,0.722858,0.581351,16393
21,2,2485,edgetpu,cifar10,86.700000,0.346546,0.581351,16393
21,2,3731,edgetpu,cifar10,94.343330,1.282820,0.581351,16393
21,2,3927,edgetpu,cifar10,93.626660,0.723268,0.581351,16393
21,2,11533,edgetpu,cifar10,93.420000,0.632626,0.581351,16393
21,2,970,edgetpu,cifar10,86.770000,0.371488,0.581351,16393
21,2,11692,edgetpu,cifar10,94.130000,0.761100,0.581351,16393
21,2,13714,edgetpu,cifar10,94.373340,1.377865,0.581351,16393
21,2,4438,edgetpu,cifar10,92.270000,0.481473,0.581351,16393
21,2,2053,edgetpu,cifar10,94.206665,1.042178,0.581351,16393
21,2,6918,edgetpu,cifar10,87.000000,0.375819,0.581351,16393
21,2,3487,edgetpu,cifar10,93.293335,0.628484,0.581351,16393
21,2,2648,edgetpu,cifar10,93.246666,0.628167,0.581351,16393
21,2,11810,edgetpu,cifar10,92.780000,0.482879,0.581351,16393
21,2,5780,edgetpu,cifar10,93.980000,0.723967,0.581351,16393
21,2,4806,edgetpu,cifar10,89.070000,0.390448,0.581351,16393
21,2,9950,edgetpu,cifar10,93.840000,0.723767,0.581351,16393
21,2,15459,edgetpu,cifar10,93.160000,0.628147,0.581351,16393
21,2,13320,edgetpu,cifar10,89.330000,0.396446,0.581351,16393
21,2,4161,edgetpu,cifar10,89.250000,0.391221,0.581351,16393
21,2,14527,edgetpu,cifar10,86.765000,0.365664,0.581351,16393
21,2,11112,edgetpu,cifar10,92.110000,0.480732,0.581351,16393
21,2,6407,edgetpu,cifar10,88.933334,0.389381,0.581351,16393
21,2,8192,edgetpu,cifar10,93.093330,0.627745,0.581351,16393
21,2,7937,edgetpu,cifar10,88.610000,0.388867,0.581351,16393
21,2,15000,edgetpu,cifar10,92.400000,0.481741,0.581351,16393
21,3,4384,eyeriss,cifar10,86.796670,1.679540,0.498814,16394
21,3,6111,eyeriss,cifar10,94.373340,7.823540,0.498814,16394
21,3,3731,eyeriss,cifar10,94.343330,6.594740,0.498814,16394
21,3,8720,eyeriss,cifar10,89.875000,1.925300,0.498814,16394
21,3,13714,eyeriss,cifar10,94.373340,7.823540,0.498814,16394
21,3,13611,eyeriss,cifar10,92.490000,3.154100,0.498814,16394
21,3,5111,eyeriss,cifar10,94.306660,5.365940,0.498814,16394
21,3,11472,eyeriss,cifar10,93.970000,4.628660,0.498814,16394
21,3,12438,eyeriss,cifar10,89.875000,1.925300,0.498814,16394
21,3,6854,eyeriss,cifar10,91.040000,2.662580,0.498814,16394
21,3,8008,eyeriss,cifar10,93.480000,3.399860,0.498814,16394
21,3,8323,eyeriss,cifar10,90.870000,2.171060,0.498814,16394
21,3,6584,eyeriss,cifar10,94.160000,4.874420,0.498814,16394
21,3,10412,eyeriss,cifar10,93.530000,3.645620,0.498814,16394
21,3,8592,eyeriss,cifar10,93.750000,3.891380,0.498814,16394
21,3,14112,eyeriss,cifar10,91.296670,2.908340,0.498814,16394
21,4,4384,fpga,cifar10,86.796670,1.132960,0.476974,16157
21,4,6111,fpga,cifar10,94.373340,6.678560,0.476974,16157
21,4,3731,fpga,cifar10,94.343330,5.936160,0.476974,16157
21,4,12438,fpga,cifar10,89.875000,1.648160,0.476974,16157
21,4,13611,fpga,cifar10,92.490000,2.390560,0.476974,16157
21,4,8008,fpga,cifar10,93.480000,2.905760,0.476974,16157
21,4,5111,fpga,cifar10,94.306660,5.193760,0.476974,16157
21,4,8720,fpga,cifar10,89.875000,1.648160,0.476974,16157
21,4,13987,fpga,cifar10,93.596664,3.420960,0.476974,16157
21,4,10431,fpga,cifar10,87.000000,1.542560,0.476974,16157
21,4,13714,fpga,cifar10,94.373340,6.678560,0.476974,16157
21,4,11472,fpga,cifar10,93.970000,3.648160,0.476974,16157
21,4,11525,fpga,cifar10,90.000000,2.057760,0.476974,16157
21,4,8323,fpga,cifar10,90.870000,2.163360,0.476974,16157
21,4,6584,fpga,cifar10,94.160000,4.163360,0.476974,16157
21,5,1497,pixel3,cifar10,86.556660,1.056630,0.859733,16115
21,5,5111,pixel3,cifar10,94.306660,17.584600,0.859733,16115
21,5,6918,pixel3,cifar10,87.000000,1.478790,0.859733,16115
21,5,1631,pixel3,cifar10,89.506670,1.697120,0.859733,16115
21,5,6111,pixel3,cifar10,94.373340,23.584800,0.859733,16115
21,5,3731,pixel3,cifar10,94.343330,23.361300,0.859733,16115
21,5,6435,pixel3,cifar10,89.620000,1.986640,0.859733,16115
21,5,6863,pixel3,cifar10,86.740000,1.229320,0.859733,16115
21,5,11692,pixel3,cifar10,94.130000,15.490100,0.859733,16115
21,5,6382,pixel3,cifar10,93.376660,7.048190,0.859733,16115
21,5,7207,pixel3,cifar10,89.803340,2.382380,0.859733,16115
21,5,9032,pixel3,cifar10,90.740000,3.102890,0.859733,16115
21,5,8323,pixel3,cifar10,90.870000,3.106420,0.859733,16115
21,5,13171,pixel3,cifar10,93.530000,7.717220,0.859733,16115
21,5,8965,pixel3,cifar10,89.536670,1.897570,0.859733,16115
21,5,8695,pixel3,cifar10,94.220000,17.564500,0.859733,16115
21,5,5293,pixel3,cifar10,89.630000,2.285640,0.859733,16115
21,5,13869,pixel3,cifar10,93.656670,10.634700,0.859733,16115
21,5,11972,pixel3,cifar10,91.510000,5.627010,0.859733,16115
21,5,13987,pixel3,cifar10,93.596664,9.922680,0.859733,16115
21,5,8592,pixel3,cifar10,93.750000,10.769800,0.859733,16115
21,5,12452,pixel3,cifar10,91.350000,5.590110,0.859733,16115
21,5,1941,pixel3,cifar10,93.533330,9.128690,0.859733,16115
21,5,7197,pixel3,cifar10,90.366670,2.447670,0.859733,16115
21,5,7001,pixel3,cifar10,10.000000,0.003277,0.859733,16115
21,5,9230,pixel3,cifar10,86.580000,1.056760,0.859733,16115
21,5,10275,pixel3,cifar10,91.080000,4.818050,0.859733,16115
21,5,8708,pixel3,cifar10,94.080000,12.839000,0.859733,16115
21,5,11676,pixel3,cifar10,89.656670,2.364020,0.859733,16115
21,5,1339,pixel3,cifar10,92.136665,5.802240,0.859733,16115
21,5,1425,pixel3,cifar10,93.933334,12.536500,0.859733,16115
21,5,4554,pixel3,cifar10,86.670000,1.114880,0.859733,16115
21,5,6999,pixel3,cifar10,93.820000,12.260900,0.859733,16115
21,5,1943,pixel3,cifar10,93.116670,6.492030,0.859733,16115
21,5,4627,pixel3,cifar10,93.270000,7.036050,0.859733,16115
21,5,12970,pixel3,cifar10,90.970000,4.723840,0.859733,16115
21,5,7017,pixel3,cifar10,86.970000,1.403930,0.859733,16115
21,5,14941,pixel3,cifar10,89.710000,2.366260,0.859733,16115
21,5,1804,pixel3,cifar10,89.063330,1.579900,0.859733,16115
21,5,3,pixel3,cifar10,86.616670,1.062640,0.859733,16115
21,5,1778,pixel3,cifar10,92.180000,6.446230,0.859733,16115
21,5,4432,pixel3,cifar10,90.700000,2.826310,0.859733,16115
21,6,7207,raspi4,cifar10,89.803340,5.099723,0.676932,16050
21,6,12286,raspi4,cifar10,86.760000,2.546242,0.676932,16050
21,6,12639,raspi4,cifar10,90.990000,11.857850,0.676932,16050
21,6,2058,raspi4,cifar10,93.270000,19.484835,0.676932,16050
21,6,1690,raspi4,cifar10,86.646670,2.536549,0.676932,16050
21,6,9980,raspi4,cifar10,10.000000,0.011284,0.676932,16050
21,6,6111,raspi4,cifar10,94.373340,68.404106,0.676932,16050
21,6,1941,raspi4,cifar10,93.533330,25.121769,0.676932,16050
21,6,5111,raspi4,cifar10,94.306660,41.756905,0.676932,16050
21,6,2035,raspi4,cifar10,89.670000,4.984099,0.676932,16050
21,6,3731,raspi4,cifar10,94.343330,58.070793,0.676932,16050
21,6,8008,raspi4,cifar10,93.480000,22.571420,0.676932,16050
21,6,11692,raspi4,cifar10,94.130000,37.583630,0.676932,16050
21,6,14565,raspi4,cifar10,88.880000,4.781183,0.676932,16050
21,6,10412,raspi4,cifar10,93.530000,25.079220,0.676932,16050
21,6,5780,raspi4,cifar10,93.980000,34.928463,0.676932,16050
21,6,1973,raspi4,cifar10,91.663330,16.185848,0.676932,16050
21,6,6918,raspi4,cifar10,87.000000,2.787590,0.676932,16050
21,6,8426,raspi4,cifar10,93.840000,31.394428,0.676932,16050
21,6,1099,raspi4,cifar10,92.240000,18.358124,0.676932,16050
21,6,2937,raspi4,cifar10,92.190000,17.768639,0.676932,16050
21,6,6382,raspi4,cifar10,93.376660,21.461164,0.676932,16050
21,6,1894,raspi4,cifar10,92.110000,17.550644,0.676932,16050
21,6,1962,raspi4,cifar10,86.530000,2.529453,0.676932,16050
21,6,8525,raspi4,cifar10,89.320000,4.900777,0.676932,16050
21,6,13611,raspi4,cifar10,92.490000,18.523302,0.676932,16050
21,6,11810,raspi4,cifar10,92.780000,18.619905,0.676932,16050
21,6,4432,raspi4,cifar10,90.700000,7.290926,0.676932,16050
21,6,14677,raspi4,cifar10,88.670000,4.755260,0.676932,16050
21,6,7058,raspi4,cifar10,92.040000,16.469465,0.676932,16050
21,6,8592,raspi4,cifar10,93.750000,25.477009,0.676932,16050
21,6,8323,raspi4,cifar10,90.870000,7.426308,0.676932,16050
21,6,1804,raspi4,cifar10,89.063330,4.791845,0.676932,16050
21,7,9922,edgegpu,cifar100,58.560000,1.428552,0.561180,16301
21,7,4954,edgegpu,cifar100,73.000000,6.669736,0.561180,16301
21,7,9930,edgegpu,cifar100,73.513336,6.803060,0.561180,16301
21,7,4418,edgegpu,cifar100,72.746666,5.352364,0.561180,16301
21,7,2778,edgegpu,cifar100,72.993330,6.134028,0.561180,16301
21,7,1509,edgegpu,cifar100,1.000000,0.505853,0.561180,16301
21,7,12415,edgegpu,cifar100,71.940000,4.828467,0.561180,16301
21,7,8912,edgegpu,cifar100,59.200000,1.441355,0.561180,16301
21,7,8401,edgegpu,cifar100,71.080000,3.302102,0.561180,16301
21,7,2304,edgegpu,cifar100,58.660000,1.440253,0.561180,16301
21,7,6381,edgegpu,cifar100,66.800000,1.753340,0.561180,16301
21,7,11885,edgegpu,cifar100,68.040000,1.776652,0.561180,16301
21,7,1038,edgegpu,cifar100,67.500000,1.758428,0.561180,16301
21,7,3888,edgegpu,cifar100,73.260000,6.797867,0.561180,16301
21,7,9997,edgegpu,cifar100,71.520000,3.466139,0.561180,16301
21,7,11810,edgegpu,cifar100,68.300000,1.779551,0.561180,16301
21,8,6974,edgetpu,cifar100,61.880000,0.392555,0.613215,15962
21,8,10443,edgetpu,cifar100,68.300000,0.489020,0.613215,15962
21,8,857,edgetpu,cifar100,72.880000,1.264168,0.613215,15962
21,8,10000,edgetpu,cifar100,73.160000,1.283461,0.613215,15962
21,8,3303,edgetpu,cifar100,62.420000,0.392593,0.613215,15962
21,8,777,edgetpu,cifar100,58.650000,0.355588,0.613215,15962
21,8,8401,edgetpu,cifar100,71.080000,0.728572,0.613215,15962
21,8,9930,edgetpu,cifar100,73.513336,1.454107,0.613215,15962
21,8,8912,edgetpu,cifar100,59.200000,0.377698,0.613215,15962
21,8,12415,edgetpu,cifar100,71.940000,0.872299,0.613215,15962
21,8,9541,edgetpu,cifar100,67.660000,0.486829,0.613215,15962
21,8,4418,edgetpu,cifar100,72.746666,1.093699,0.613215,15962
21,8,3888,edgetpu,cifar100,73.260000,1.316226,0.613215,15962
21,8,2705,edgetpu,cifar100,62.813330,0.393026,0.613215,15962
21,8,8638,edgetpu,cifar100,58.860000,0.356631,0.613215,15962
21,8,12761,edgetpu,cifar100,72.860000,1.225212,0.613215,15962
21,8,14945,edgetpu,cifar100,58.500000,0.354940,0.613215,15962
21,8,9271,edgetpu,cifar100,63.400000,0.393151,0.613215,15962
21,8,5019,edgetpu,cifar100,58.880000,0.357058,0.613215,15962
21,8,13760,edgetpu,cifar100,61.686670,0.392028,0.613215,15962
21,8,9997,edgetpu,cifar100,71.520000,0.729986,0.613215,15962
21,8,1110,edgetpu,cifar100,58.840000,0.355938,0.613215,15962
21,8,11533,edgetpu,cifar100,69.760000,0.635877,0.613215,15962
21,8,8649,edgetpu,cifar100,70.690000,0.727284,0.613215,15962
21,8,1425,edgetpu,cifar100,72.093330,0.910660,0.613215,15962
21,8,12574,edgetpu,cifar100,72.740000,0.932430,0.613215,15962
21,8,12607,edgetpu,cifar100,62.600000,0.392830,0.613215,15962
21,8,6382,edgetpu,cifar100,69.533330,0.634724,0.613215,15962
21,8,577,edgetpu,cifar100,69.680000,0.635228,0.613215,15962
21,8,3811,edgetpu,cifar100,69.360000,0.634206,0.613215,15962
21,8,898,edgetpu,cifar100,70.000000,0.636860,0.613215,15962
21,8,13829,edgetpu,cifar100,66.873340,0.485137,0.613215,15962
21,8,1383,edgetpu,cifar100,70.273330,0.673722,0.613215,15962
21,8,15363,edgetpu,cifar100,70.520000,0.676394,0.613215,15962
21,8,6358,edgetpu,cifar100,67.193340,0.486737,0.613215,15962
21,8,3487,edgetpu,cifar100,70.093330,0.637182,0.613215,15962
21,9,9930,eyeriss,cifar100,73.513336,9.055360,0.480517,16427
21,9,3888,eyeriss,cifar100,73.260000,6.597760,0.480517,16427
21,9,5651,eyeriss,cifar100,64.690000,1.928320,0.480517,16427
21,9,12574,eyeriss,cifar100,72.740000,5.123200,0.480517,16427
21,9,12761,eyeriss,cifar100,72.860000,6.352000,0.480517,16427
21,9,3540,eyeriss,cifar100,71.500000,4.877440,0.480517,16427
21,9,4659,eyeriss,cifar100,70.060000,3.402880,0.480517,16427
21,9,14112,eyeriss,cifar100,68.386665,2.911360,0.480517,16427
21,9,5084,eyeriss,cifar100,58.813330,1.682560,0.480517,16427
21,9,12820,eyeriss,cifar100,67.720000,2.419840,0.480517,16427
21,9,6925,eyeriss,cifar100,71.220000,3.894400,0.480517,16427
21,9,6787,eyeriss,cifar100,70.720000,3.648640,0.480517,16427
21,9,14714,eyeriss,cifar100,71.280000,4.140160,0.480517,16427
21,9,10689,eyeriss,cifar100,67.500000,2.174080,0.480517,16427
21,9,11301,eyeriss,cifar100,68.220000,2.665600,0.480517,16427
21,10,11973,fpga,cifar100,70.340000,2.905760,0.513134,16512
21,10,6787,fpga,cifar100,70.720000,3.420960,0.513134,16512
21,10,5084,fpga,cifar100,58.813330,1.132960,0.513134,16512
21,10,12820,fpga,cifar100,67.720000,2.678560,0.513134,16512
21,10,10689,fpga,cifar100,67.500000,2.163360,0.513134,16512
21,10,9930,fpga,cifar100,73.513336,7.420960,0.513134,16512
21,10,7250,fpga,cifar100,67.706665,2.390560,0.513134,16512
21,10,3888,fpga,cifar100,73.260000,5.936160,0.513134,16512
21,10,11878,fpga,cifar100,65.060000,2.057760,0.513134,16512
21,10,3540,fpga,cifar100,71.500000,4.163360,0.513134,16512
21,10,9997,fpga,cifar100,71.520000,4.572960,0.513134,16512
21,10,12574,fpga,cifar100,72.740000,4.678560,0.513134,16512
21,10,5651,fpga,cifar100,64.690000,1.648160,0.513134,16512
21,10,12761,fpga,cifar100,72.860000,5.420960,0.513134,16512
21,10,5033,fpga,cifar100,59.060000,1.542560,0.513134,16512
21,10,5743,fpga,cifar100,67.800000,2.800160,0.513134,16512
21,10,6925,fpga,cifar100,71.220000,3.936160,0.513134,16512
21,10,12295,fpga,cifar100,71.160000,3.648160,0.513134,16512
21,11,9649,pixel3,cifar100,64.540000,2.536210,0.625296,15988
21,11,898,pixel3,cifar100,70.000000,6.516140,0.625296,15988
21,11,9930,pixel3,cifar100,73.513336,42.003600,0.625296,15988
21,11,10382,pixel3,cifar100,67.040000,3.125430,0.625296,15988
21,11,777,pixel3,cifar100,58.650000,1.087020,0.625296,15988
21,11,857,pixel3,cifar100,72.880000,19.113200,0.625296,15988
21,11,12820,pixel3,cifar100,67.720000,4.806070,0.625296,15988
21,11,8895,pixel3,cifar100,64.280000,2.379800,0.625296,15988
21,11,699,pixel3,cifar100,72.240000,12.079400,0.625296,15988
21,11,1599,pixel3,cifar100,64.633330,2.819200,0.625296,15988
21,11,3888,pixel3,cifar100,73.260000,23.477200,0.625296,15988
21,11,8912,pixel3,cifar100,59.200000,1.478790,0.625296,15988
21,11,1409,pixel3,cifar100,58.853333,1.275090,0.625296,15988
21,11,8638,pixel3,cifar100,58.860000,1.478570,0.625296,15988
21,11,1616,pixel3,cifar100,63.946667,1.731160,0.625296,15988
21,11,906,pixel3,cifar100,62.393333,1.661810,0.625296,15988
21,11,1459,pixel3,cifar100,73.140000,23.437900,0.625296,15988
21,11,12574,pixel3,cifar100,72.740000,16.473900,0.625296,15988
21,11,11000,pixel3,cifar100,71.180000,10.677600,0.625296,15988
21,11,12639,pixel3,cifar100,68.000000,5.704280,0.625296,15988
21,11,15363,pixel3,cifar100,70.520000,9.708640,0.625296,15988
21,11,4432,pixel3,cifar100,66.486664,3.105870,0.625296,15988
21,11,485,pixel3,cifar100,67.593330,4.124800,0.625296,15988
21,11,6787,pixel3,cifar100,70.720000,9.854430,0.625296,15988
21,11,6337,pixel3,cifar100,1.000000,0.008753,0.625296,15988
21,11,1357,pixel3,cifar100,67.480000,3.998260,0.625296,15988
21,11,978,pixel3,cifar100,64.180000,2.372340,0.625296,15988
21,11,2649,pixel3,cifar100,64.446660,2.496890,0.625296,15988
21,11,11973,pixel3,cifar100,70.340000,8.988510,0.625296,15988
21,11,1593,pixel3,cifar100,62.126667,1.582050,0.625296,15988
21,11,3776,pixel3,cifar100,66.920000,3.109320,0.625296,15988
21,12,485,raspi4,cifar100,67.593330,14.719852,0.788141,16097
21,12,10275,raspi4,cifar100,67.060000,9.839916,0.788141,16097
21,12,4418,raspi4,cifar100,72.746666,47.162354,0.788141,16097
21,12,14612,raspi4,cifar100,58.720000,2.563505,0.788141,16097
21,12,9895,raspi4,cifar100,69.400000,19.211880,0.788141,16097
21,12,9997,raspi4,cifar100,71.520000,34.996710,0.788141,16097
21,12,11653,raspi4,cifar100,67.000000,9.786123,0.788141,16097
21,12,9930,raspi4,cifar100,73.513336,71.152000,0.788141,16097
21,12,3487,raspi4,cifar100,70.093330,21.603350,0.788141,16097
21,12,3408,raspi4,cifar100,63.993332,5.081906,0.788141,16097
21,12,7031,raspi4,cifar100,69.526665,19.879576,0.788141,16097
21,12,375,raspi4,cifar100,64.440000,5.099302,0.788141,16097
21,12,15246,raspi4,cifar100,66.966670,7.350053,0.788141,16097
21,12,8740,raspi4,cifar100,1.000000,0.015215,0.788141,16097
21,12,12761,raspi4,cifar100,72.860000,53.718200,0.788141,16097
21,12,15589,raspi4,cifar100,59.060000,2.795078,0.788141,16097
21,12,12915,raspi4,cifar100,66.950000,7.226311,0.788141,16097
21,12,7115,raspi4,cifar100,68.160000,14.756705,0.788141,16097
21,12,2222,raspi4,cifar100,58.313330,2.538255,0.788141,16097
21,12,8569,raspi4,cifar100,68.200000,18.520027,0.788141,16097
21,12,3888,raspi4,cifar100,73.260000,55.029520,0.788141,16097
21,12,1459,raspi4,cifar100,73.140000,53.879950,0.788141,16097
21,12,10443,raspi4,cifar100,68.300000,18.810753,0.788141,16097
21,12,6830,raspi4,cifar100,71.460000,34.491814,0.788141,16097
21,12,15363,raspi4,cifar100,70.520000,21.809430,0.788141,16097
21,12,7891,raspi4,cifar100,67.550000,12.536592,0.788141,16097
21,12,13430,raspi4,cifar100,66.700000,7.203785,0.788141,16097
21,12,898,raspi4,cifar100,70.000000,21.506163,0.788141,16097
21,12,8720,raspi4,cifar100,64.130000,5.082239,0.788141,16097
21,12,12607,raspi4,cifar100,62.600000,4.779045,0.788141,16097
21,12,8912,raspi4,cifar100,59.200000,2.818969,0.788141,16097
21,12,10042,raspi4,cifar100,64.880000,5.100886,0.788141,16097
21,12,9271,raspi4,cifar100,63.400000,4.800893,0.788141,16097
21,12,1939,raspi4,cifar100,70.760000,24.555029,0.788141,16097
21,12,1572,raspi4,cifar100,69.900000,19.916142,0.788141,16097
21,12,2200,raspi4,cifar100,63.886665,5.014668,0.788141,16097
21,12,1357,raspi4,cifar100,67.480000,10.177114,0.788141,16097
21,12,8853,raspi4,cifar100,71.220000,31.380384,0.788141,16097
21,12,6918,raspi4,cifar100,58.800000,2.571364,0.788141,16097
21,12,10222,raspi4,cifar100,58.860000,2.747804,0.788141,16097
21,12,6294,raspi4,cifar100,66.973335,7.376450,0.788141,16097
21,12,11000,raspi4,cifar100,71.180000,26.077381,0.788141,16097
21,12,12574,raspi4,cifar100,72.740000,36.371254,0.788141,16097
21,13,13411,edgegpu,ImageNet16-120,31.855556,1.736240,0.709835,16323
21,13,8801,edgegpu,ImageNet16-120,39.166668,1.746321,0.709835,16323
21,13,7187,edgegpu,ImageNet16-120,28.683332,1.443858,0.709835,16323
21,13,8401,edgegpu,ImageNet16-120,43.833332,3.322444,0.709835,16323
21,13,4946,edgegpu,ImageNet16-120,44.700000,3.490419,0.709835,16323
21,13,15383,edgegpu,ImageNet16-120,47.033333,6.262836,0.709835,16323
21,13,6499,edgegpu,ImageNet16-120,44.466667,3.413672,0.709835,16323
21,13,5674,edgegpu,ImageNet16-120,39.650000,1.763358,0.709835,16323
21,13,9722,edgegpu,ImageNet16-120,44.000000,3.327813,0.709835,16323
21,13,15159,edgegpu,ImageNet16-120,45.566666,4.632421,0.709835,16323
21,13,8236,edgegpu,ImageNet16-120,39.233334,1.749978,0.709835,16323
21,13,857,edgegpu,ImageNet16-120,47.311110,6.707663,0.709835,16323
21,13,1164,edgegpu,ImageNet16-120,28.522223,1.435223,0.709835,16323
21,13,14612,edgegpu,ImageNet16-120,28.488890,1.434064,0.709835,16323
21,13,4988,edgegpu,ImageNet16-120,28.933332,1.448212,0.709835,16323
21,13,9672,edgegpu,ImageNet16-120,39.388890,1.758208,0.709835,16323
21,13,8884,edgegpu,ImageNet16-120,45.033333,3.499999,0.709835,16323
21,13,14840,edgegpu,ImageNet16-120,45.311110,4.224715,0.709835,16323
21,13,11217,edgegpu,ImageNet16-120,43.466667,3.316708,0.709835,16323
21,13,2650,edgegpu,ImageNet16-120,42.433334,3.309817,0.709835,16323
21,13,11438,edgegpu,ImageNet16-120,39.733334,1.903386,0.709835,16323
21,13,12505,edgegpu,ImageNet16-120,39.283333,1.750417,0.709835,16323
21,13,12415,edgegpu,ImageNet16-120,46.566666,4.667692,0.709835,16323
21,13,9586,edgegpu,ImageNet16-120,46.933334,5.222673,0.709835,16323
21,13,8355,edgegpu,ImageNet16-120,39.666668,1.810203,0.709835,16323
21,13,15376,edgegpu,ImageNet16-120,0.833333,0.533953,0.709835,16323
21,13,14117,edgegpu,ImageNet16-120,28.677778,1.435547,0.709835,16323
21,13,15288,edgegpu,ImageNet16-120,28.422222,1.417041,0.709835,16323
21,13,10947,edgegpu,ImageNet16-120,39.944443,1.909800,0.709835,16323
21,13,7760,edgegpu,ImageNet16-120,39.100000,1.743751,0.709835,16323
21,13,6950,edgegpu,ImageNet16-120,38.700000,1.740150,0.709835,16323
21,13,10332,edgegpu,ImageNet16-120,40.033333,3.269434,0.709835,16323
21,13,4587,edgegpu,ImageNet16-120,28.800000,1.445131,0.709835,16323
21,13,454,edgegpu,ImageNet16-120,41.277780,3.303313,0.709835,16323
21,13,10750,edgegpu,ImageNet16-120,44.600000,3.434558,0.709835,16323
21,14,11079,edgetpu,ImageNet16-120,43.566666,0.552430,0.585042,16075
21,14,12415,edgetpu,ImageNet16-120,46.566666,0.710906,0.585042,16075
21,14,3540,edgetpu,ImageNet16-120,45.122223,0.648670,0.585042,16075
21,14,4627,edgetpu,ImageNet16-120,43.500000,0.552306,0.585042,16075
21,14,13931,edgetpu,ImageNet16-120,28.788889,0.360349,0.585042,16075
21,14,15363,edgetpu,ImageNet16-120,44.333332,0.582280,0.585042,16075
21,14,10332,edgetpu,ImageNet16-120,40.033333,0.516152,0.585042,16075
21,14,9689,edgetpu,ImageNet16-120,42.533333,0.549702,0.585042,16075
21,14,14840,edgetpu,ImageNet16-120,45.311110,0.666690,0.585042,16075
21,14,11282,edgetpu,ImageNet16-120,39.633335,0.428409,0.585042,16075
21,14,15014,edgetpu,ImageNet16-120,28.266666,0.358110,0.585042,16075
21,14,857,edgetpu,ImageNet16-120,47.311110,0.997730,0.585042,16075
21,14,7750,edgetpu,ImageNet16-120,43.066666,0.551617,0.585042,16075
21,14,7357,edgetpu,ImageNet16-120,44.666668,0.600498,0.585042,16075
21,14,4988,edgetpu,ImageNet16-120,28.933332,0.360694,0.585042,16075
21,14,1973,edgetpu,ImageNet16-120,38.855556,0.427802,0.585042,16075
21,14,5751,edgetpu,ImageNet16-120,40.044445,0.516992,0.585042,16075
21,14,1172,edgetpu,ImageNet16-120,39.933334,0.515935,0.585042,16075
21,14,7273,edgetpu,ImageNet16-120,42.966667,0.550014,0.585042,16075
21,14,8884,edgetpu,ImageNet16-120,45.033333,0.615792,0.585042,16075
21,14,6407,edgetpu,ImageNet16-120,32.333332,0.363748,0.585042,16075
21,14,14677,edgetpu,ImageNet16-120,33.233334,0.364575,0.585042,16075
21,14,6950,edgetpu,ImageNet16-120,38.700000,0.427379,0.585042,16075
21,14,12231,edgetpu,ImageNet16-120,40.200000,0.518358,0.585042,16075
21,14,10017,edgetpu,ImageNet16-120,40.566666,0.524950,0.585042,16075
21,14,6520,edgetpu,ImageNet16-120,32.383335,0.363944,0.585042,16075
21,14,13769,edgetpu,ImageNet16-120,41.555557,0.549360,0.585042,16075
21,14,15383,edgetpu,ImageNet16-120,47.033333,0.780914,0.585042,16075
21,14,4830,edgetpu,ImageNet16-120,42.233334,0.549457,0.585042,16075
21,14,10888,edgetpu,ImageNet16-120,28.333334,0.359044,0.585042,16075
21,14,4160,edgetpu,ImageNet16-120,39.833332,0.430355,0.585042,16075
21,14,2734,edgetpu,ImageNet16-120,38.877777,0.428316,0.585042,16075
21,15,2835,eyeriss,ImageNet16-120,38.222220,0.545920,0.441963,16489
21,15,15383,eyeriss,ImageNet16-120,47.033333,1.283200,0.441963,16489
21,15,735,eyeriss,ImageNet16-120,38.544445,0.607360,0.441963,16489
21,15,6787,eyeriss,ImageNet16-120,44.400000,0.914560,0.441963,16489
21,15,4988,eyeriss,ImageNet16-120,28.933332,0.423040,0.441963,16489
21,15,8008,eyeriss,ImageNet16-120,43.500000,0.853120,0.441963,16489
21,15,857,eyeriss,ImageNet16-120,47.311110,1.651840,0.441963,16489
21,15,6854,eyeriss,ImageNet16-120,40.800000,0.668800,0.441963,16489
21,15,1939,eyeriss,ImageNet16-120,45.077778,0.976000,0.441963,16489
21,15,8853,eyeriss,ImageNet16-120,45.600000,1.037440,0.441963,16489
21,15,4829,eyeriss,ImageNet16-120,34.200000,0.484480,0.441963,16489
21,16,8736,fpga,ImageNet16-120,45.700000,1.411200,0.526115,16323
21,16,2835,fpga,ImageNet16-120,38.222220,0.546720,0.526115,16323
21,16,10017,fpga,ImageNet16-120,40.566666,0.784000,0.526115,16323
21,16,4829,fpga,ImageNet16-120,34.200000,0.415520,0.526115,16323
21,16,4988,fpga,ImageNet16-120,28.933332,0.284320,0.526115,16323
21,16,8008,fpga,ImageNet16-120,43.500000,0.876800,0.526115,16323
21,16,15383,fpga,ImageNet16-120,47.033333,1.504000,0.526115,16323
21,16,6868,fpga,ImageNet16-120,39.000000,0.649120,0.526115,16323
21,16,6787,fpga,ImageNet16-120,44.400000,0.969600,0.526115,16323
21,16,857,fpga,ImageNet16-120,47.311110,2.038400,0.526115,16323
21,16,5793,fpga,ImageNet16-120,35.033333,0.517920,0.526115,16323
21,16,8853,fpga,ImageNet16-120,45.600000,1.155200,0.526115,16323
21,16,1939,fpga,ImageNet16-120,45.077778,1.062400,0.526115,16323
21,16,5940,fpga,ImageNet16-120,39.211110,0.780320,0.526115,16323
21,16,14748,fpga,ImageNet16-120,44.900000,0.995200,0.526115,16323
21,17,1425,pixel3,ImageNet16-120,45.977780,4.619290,0.725487,15963
21,17,2018,pixel3,ImageNet16-120,46.433334,4.949210,0.725487,15963
21,17,4587,pixel3,ImageNet16-120,28.800000,0.445767,0.725487,15963
21,17,11079,pixel3,ImageNet16-120,43.566666,2.479610,0.725487,15963
21,17,4004,pixel3,ImageNet16-120,42.811110,2.467510,0.725487,15963
21,17,3650,pixel3,ImageNet16-120,43.866665,2.716840,0.725487,15963
21,17,3496,pixel3,ImageNet16-120,34.233334,0.670584,0.725487,15963
21,17,8584,pixel3,ImageNet16-120,34.088890,0.664046,0.725487,15963
21,17,898,pixel3,ImageNet16-120,42.466667,2.467210,0.725487,15963
21,17,4977,pixel3,ImageNet16-120,32.966667,0.617991,0.725487,15963
21,17,2835,pixel3,ImageNet16-120,38.222220,0.868646,0.725487,15963
21,17,6854,pixel3,ImageNet16-120,40.800000,1.621620,0.725487,15963
21,17,12516,pixel3,ImageNet16-120,32.083332,0.617816,0.725487,15963
21,17,3728,pixel3,ImageNet16-120,28.500000,0.422880,0.725487,15963
21,17,7551,pixel3,ImageNet16-120,38.477780,1.266510,0.725487,15963
21,17,13756,pixel3,ImageNet16-120,0.833333,0.005289,0.725487,15963
21,17,857,pixel3,ImageNet16-120,47.311110,6.686850,0.725487,15963
21,17,10154,pixel3,ImageNet16-120,46.133335,4.783700,0.725487,15963
21,17,3960,pixel3,ImageNet16-120,37.755554,0.865747,0.725487,15963
21,17,12424,pixel3,ImageNet16-120,43.133330,2.470150,0.725487,15963
21,17,4895,pixel3,ImageNet16-120,33.200000,0.619070,0.725487,15963
21,17,872,pixel3,ImageNet16-120,41.777780,2.465030,0.725487,15963
21,17,1549,pixel3,ImageNet16-120,28.655556,0.424747,0.725487,15963
21,17,1110,pixel3,ImageNet16-120,28.600000,0.423927,0.725487,15963
21,17,15383,pixel3,ImageNet16-120,47.033333,5.191720,0.725487,15963
21,17,1939,pixel3,ImageNet16-120,45.077778,3.021500,0.725487,15963
21,17,15446,pixel3,ImageNet16-120,45.766666,3.439380,0.725487,15963
21,17,12103,pixel3,ImageNet16-120,28.250000,0.422433,0.725487,15963
21,17,14417,pixel3,ImageNet16-120,45.900000,4.143030,0.725487,15963
21,17,11000,pixel3,ImageNet16-120,44.866665,2.962520,0.725487,15963
21,17,4409,pixel3,ImageNet16-120,37.722220,0.862979,0.725487,15963
21,17,12506,pixel3,ImageNet16-120,43.983334,2.929990,0.725487,15963
21,17,10888,pixel3,ImageNet16-120,28.333334,0.422652,0.725487,15963
21,17,8627,pixel3,ImageNet16-120,43.633335,2.707490,0.725487,15963
21,17,4988,pixel3,ImageNet16-120,28.933332,0.485996,0.725487,15963
21,17,12639,pixel3,ImageNet16-120,40.400000,1.304440,0.725487,15963
21,17,6014,pixel3,ImageNet16-120,28.533333,0.423391,0.725487,15963
21,18,2779,raspi4,ImageNet16-120,37.355556,2.190654,0.743436,16187
21,18,857,raspi4,ImageNet16-120,47.311110,9.020064,0.743436,16187
21,18,1939,raspi4,ImageNet16-120,45.077778,5.341908,0.743436,16187
21,18,5455,raspi4,ImageNet16-120,32.611110,1.532377,0.743436,16187
21,18,9585,raspi4,ImageNet16-120,0.833333,0.011519,0.743436,16187
21,18,10217,raspi4,ImageNet16-120,45.100000,6.109362,0.743436,16187
21,18,3782,raspi4,ImageNet16-120,41.866665,3.755286,0.743436,16187
21,18,12424,raspi4,ImageNet16-120,43.133330,3.805729,0.743436,16187
21,18,11885,raspi4,ImageNet16-120,39.166668,3.065985,0.743436,16187
21,18,3960,raspi4,ImageNet16-120,37.755554,2.197980,0.743436,16187
21,18,13644,raspi4,ImageNet16-120,45.333332,6.780282,0.743436,16187
21,18,2018,raspi4,ImageNet16-120,46.433334,7.482383,0.743436,16187
21,18,4988,raspi4,ImageNet16-120,28.933332,1.003251,0.743436,16187
21,18,3687,raspi4,ImageNet16-120,34.066666,1.583497,0.743436,16187
21,18,41,raspi4,ImageNet16-120,32.388890,1.528043,0.743436,16187
21,18,5530,raspi4,ImageNet16-120,42.577778,3.785925,0.743436,16187
21,18,15383,raspi4,ImageNet16-120,47.033333,8.565354,0.743436,16187
21,18,15363,raspi4,ImageNet16-120,44.333332,4.480516,0.743436,16187
21,18,5973,raspi4,ImageNet16-120,40.100000,3.159922,0.743436,16187
21,18,11209,raspi4,ImageNet16-120,33.266666,1.580655,0.743436,16187
21,18,7187,raspi4,ImageNet16-120,28.683332,0.952790,0.743436,16187
21,18,11584,raspi4,ImageNet16-120,46.666668,8.014434,0.743436,16187
21,18,10017,raspi4,ImageNet16-120,40.566666,3.181383,0.743436,16187
21,18,6787,raspi4,ImageNet16-120,44.400000,4.532777,0.743436,16187
21,18,3431,raspi4,ImageNet16-120,32.966667,1.536690,0.743436,16187
21,18,2649,raspi4,ImageNet16-120,33.788887,1.582191,0.743436,16187
21,18,6336,raspi4,ImageNet16-120,39.366665,3.073392,0.743436,16187
21,18,9032,raspi4,ImageNet16-120,38.016666,2.201532,0.743436,16187
21,18,7870,raspi4,ImageNet16-120,42.633335,3.788979,0.743436,16187
21,18,10835,raspi4,ImageNet16-120,45.233334,6.632419,0.743436,16187
21,18,4995,raspi4,ImageNet16-120,42.166668,3.766336,0.743436,16187
21,18,6868,raspi4,ImageNet16-120,39.000000,2.982937,0.743436,16187
21,18,9496,raspi4,ImageNet16-120,38.200000,2.204048,0.743436,16187
21,18,219,raspi4,ImageNet16-120,42.500000,3.768475,0.743436,16187
21,18,2112,raspi4,ImageNet16-120,38.355556,2.925188,0.743436,16187
21,18,1204,raspi4,ImageNet16-120,37.844444,2.199356,0.743436,16187
21,18,13397,raspi4,ImageNet16-120,39.633335,3.117982,0.743436,16187
21,18,7252,raspi4,ImageNet16-120,44.666668,5.322441,0.743436,16187
21,18,4829,raspi4,ImageNet16-120,34.200000,1.614683,0.743436,16187
21,18,11438,raspi4,ImageNet16-120,39.733334,3.150053,0.743436,16187
21,18,6854,raspi4,ImageNet16-120,40.800000,3.661016,0.743436,16187
21,18,11080,raspi4,ImageNet16-120,43.433334,4.472214,0.743436,16187
21,18,7676,raspi4,ImageNet16-120,39.533333,3.098351,0.743436,16187
21,18,8584,raspi4,ImageNet16-120,34.088890,1.586268,0.743436,16187
21,18,7955,raspi4,ImageNet16-120,39.388890,3.082832,0.743436,16187
21,18,12355,raspi4,ImageNet16-120,45.033333,5.326674,0.743436,16187
21,18,14417,raspi4,ImageNet16-120,45.900000,6.948865,0.743436,16187
21,18,7551,raspi4,ImageNet16-120,38.477780,2.950436,0.743436,16187
21,18,1845,raspi4,ImageNet16-120,43.211113,4.465105,0.743436,16187
22,1,14527,edgegpu,cifar10,86.765000,1.439619,0.586240,16326
22,1,11692,edgegpu,cifar10,94.130000,4.708362,0.586240,16326
22,1,5292,edgegpu,cifar10,94.293335,6.663151,0.586240,16326
22,1,6499,edgegpu,cifar10,93.645000,3.331041,0.586240,16326
22,1,6960,edgegpu,cifar10,92.280000,1.764450,0.586240,16326
22,1,258,edgegpu,cifar10,93.640000,3.307109,0.586240,16326
22,1,1601,edgegpu,cifar10,86.336670,1.433892,0.586240,16326
22,1,5780,edgegpu,cifar10,93.980000,3.361888,0.586240,16326
22,1,13401,edgegpu,cifar10,87.010000,1.457009,0.586240,16326
22,1,2776,edgegpu,cifar10,93.666664,3.331194,0.586240,16326
22,1,9099,edgegpu,cifar10,93.940000,3.357520,0.586240,16326
22,1,2090,edgegpu,cifar10,86.650000,1.437702,0.586240,16326
22,1,11810,edgegpu,cifar10,92.780000,1.992798,0.586240,16326
22,1,15200,edgegpu,cifar10,10.000000,0.501385,0.586240,16326
22,1,1459,edgegpu,cifar10,94.296670,6.748991,0.586240,16326
22,1,10222,edgegpu,cifar10,86.200000,1.429176,0.586240,16326
22,1,561,edgegpu,cifar10,86.880000,1.451068,0.586240,16326
22,1,10484,edgegpu,cifar10,93.810000,3.354015,0.586240,16326
22,1,6259,edgegpu,cifar10,86.443340,1.433926,0.586240,16326
22,1,14407,edgegpu,cifar10,86.770000,1.440282,0.586240,16326
22,1,1339,edgegpu,cifar10,92.136665,1.751881,0.586240,16326
22,1,14392,edgegpu,cifar10,86.520000,1.435742,0.586240,16326
22,1,13714,edgegpu,cifar10,94.373340,6.772180,0.586240,16326
22,1,2053,edgegpu,cifar10,94.206665,5.482254,0.586240,16326
22,1,6330,edgegpu,cifar10,94.006670,4.384699,0.586240,16326
22,1,11438,edgegpu,cifar10,92.500000,1.846719,0.586240,16326
22,2,797,edgetpu,cifar10,93.280000,0.627996,0.651873,16332
22,2,2053,edgetpu,cifar10,94.206665,1.042178,0.651873,16332
22,2,6382,edgetpu,cifar10,93.376660,0.628638,0.651873,16332
22,2,9950,edgetpu,cifar10,93.840000,0.723767,0.651873,16332
22,2,11692,edgetpu,cifar10,94.130000,0.761100,0.651873,16332
22,2,5111,edgetpu,cifar10,94.306660,1.152010,0.651873,16332
22,2,13714,edgetpu,cifar10,94.373340,1.377865,0.651873,16332
22,2,14527,edgetpu,cifar10,86.765000,0.365664,0.651873,16332
22,2,3731,edgetpu,cifar10,94.343330,1.282820,0.651873,16332
22,2,5915,edgetpu,cifar10,86.846664,0.376449,0.651873,16332
22,2,11810,edgetpu,cifar10,92.780000,0.482879,0.651873,16332
22,2,13611,edgetpu,cifar10,92.490000,0.481826,0.651873,16332
22,2,970,edgetpu,cifar10,86.770000,0.371488,0.651873,16332
22,2,9380,edgetpu,cifar10,89.335000,0.395662,0.651873,16332
22,2,8192,edgetpu,cifar10,93.093330,0.627745,0.651873,16332
22,2,5780,edgetpu,cifar10,93.980000,0.723967,0.651873,16332
22,2,11438,edgetpu,cifar10,92.500000,0.482393,0.651873,16332
22,2,1005,edgetpu,cifar10,89.183334,0.392518,0.651873,16332
22,2,2328,edgetpu,cifar10,89.210000,0.392618,0.651873,16332
22,2,9689,edgetpu,cifar10,93.370000,0.628386,0.651873,16332
22,2,2485,edgetpu,cifar10,86.700000,0.346546,0.651873,16332
22,2,6515,edgetpu,cifar10,93.616670,0.722858,0.651873,16332
22,2,3927,edgetpu,cifar10,93.626660,0.723268,0.651873,16332
22,2,4438,edgetpu,cifar10,92.270000,0.481473,0.651873,16332
22,2,11112,edgetpu,cifar10,92.110000,0.480732,0.651873,16332
22,2,8008,edgetpu,cifar10,93.480000,0.629746,0.651873,16332
22,2,5647,edgetpu,cifar10,89.110000,0.389378,0.651873,16332
22,3,8008,eyeriss,cifar10,93.480000,3.399860,0.476440,16381
22,3,4384,eyeriss,cifar10,86.796670,1.679540,0.476440,16381
22,3,6111,eyeriss,cifar10,94.373340,7.823540,0.476440,16381
22,3,3731,eyeriss,cifar10,94.343330,6.594740,0.476440,16381
22,3,8323,eyeriss,cifar10,90.870000,2.171060,0.476440,16381
22,3,8592,eyeriss,cifar10,93.750000,3.891380,0.476440,16381
22,3,6899,eyeriss,cifar10,90.900000,2.416820,0.476440,16381
22,3,13611,eyeriss,cifar10,92.490000,3.154100,0.476440,16381
22,3,5111,eyeriss,cifar10,94.306660,5.365940,0.476440,16381
22,3,6854,eyeriss,cifar10,91.040000,2.662580,0.476440,16381
22,3,11472,eyeriss,cifar10,93.970000,4.628660,0.476440,16381
22,3,12438,eyeriss,cifar10,89.875000,1.925300,0.476440,16381
22,3,13714,eyeriss,cifar10,94.373340,7.823540,0.476440,16381
22,3,8720,eyeriss,cifar10,89.875000,1.925300,0.476440,16381
22,3,6584,eyeriss,cifar10,94.160000,4.874420,0.476440,16381
22,3,13987,eyeriss,cifar10,93.596664,3.645620,0.476440,16381
22,3,14112,eyeriss,cifar10,91.296670,2.908340,0.476440,16381
22,4,4384,fpga,cifar10,86.796670,1.132960,0.472277,16175
22,4,3731,fpga,cifar10,94.343330,5.936160,0.472277,16175
22,4,13714,fpga,cifar10,94.373340,6.678560,0.472277,16175
22,4,9950,fpga,cifar10,93.840000,3.648160,0.472277,16175
22,4,5111,fpga,cifar10,94.306660,5.193760,0.472277,16175
22,4,10412,fpga,cifar10,93.530000,3.420960,0.472277,16175
22,4,8720,fpga,cifar10,89.875000,1.648160,0.472277,16175
22,4,8008,fpga,cifar10,93.480000,2.905760,0.472277,16175
22,4,8323,fpga,cifar10,90.870000,2.163360,0.472277,16175
22,4,6584,fpga,cifar10,94.160000,4.163360,0.472277,16175
22,4,12438,fpga,cifar10,89.875000,1.648160,0.472277,16175
22,4,13611,fpga,cifar10,92.490000,2.390560,0.472277,16175
22,4,6111,fpga,cifar10,94.373340,6.678560,0.472277,16175
22,4,11525,fpga,cifar10,90.000000,2.057760,0.472277,16175
22,5,5224,pixel3,cifar10,88.980000,1.570360,0.786180,15974
22,5,4578,pixel3,cifar10,89.673330,1.714730,0.786180,15974
22,5,4384,pixel3,cifar10,86.796670,1.467300,0.786180,15974
22,5,6111,pixel3,cifar10,94.373340,23.584800,0.786180,15974
22,5,5111,pixel3,cifar10,94.306660,17.584600,0.786180,15974
22,5,3731,pixel3,cifar10,94.343330,23.361300,0.786180,15974
22,5,13175,pixel3,cifar10,90.840000,3.127210,0.786180,15974
22,5,6491,pixel3,cifar10,89.803340,2.032570,0.786180,15974
22,5,1497,pixel3,cifar10,86.556660,1.056630,0.786180,15974
22,5,6918,pixel3,cifar10,87.000000,1.478790,0.786180,15974
22,5,11692,pixel3,cifar10,94.130000,15.490100,0.786180,15974
22,5,8695,pixel3,cifar10,94.220000,17.564500,0.786180,15974
22,5,1941,pixel3,cifar10,93.533330,9.128690,0.786180,15974
22,5,1943,pixel3,cifar10,93.116670,6.492030,0.786180,15974
22,5,13096,pixel3,cifar10,90.700000,2.666040,0.786180,15974
22,5,6999,pixel3,cifar10,93.820000,12.260900,0.786180,15974
22,5,13171,pixel3,cifar10,93.530000,7.717220,0.786180,15974
22,5,8720,pixel3,cifar10,89.875000,2.362840,0.786180,15974
22,5,12820,pixel3,cifar10,90.880000,3.982790,0.786180,15974
22,5,6382,pixel3,cifar10,93.376660,7.048190,0.786180,15974
22,5,1339,pixel3,cifar10,92.136665,5.802240,0.786180,15974
22,5,6804,pixel3,cifar10,93.920000,13.514700,0.786180,15974
22,5,5915,pixel3,cifar10,86.846664,1.472530,0.786180,15974
22,5,7197,pixel3,cifar10,90.366670,2.447670,0.786180,15974
22,5,657,pixel3,cifar10,86.666664,1.192640,0.786180,15974
22,5,1894,pixel3,cifar10,92.110000,5.778250,0.786180,15974
22,5,858,pixel3,cifar10,89.696660,1.870670,0.786180,15974
22,5,8592,pixel3,cifar10,93.750000,10.769800,0.786180,15974
22,5,2035,pixel3,cifar10,89.670000,1.706480,0.786180,15974
22,5,9230,pixel3,cifar10,86.580000,1.056760,0.786180,15974
22,5,3385,pixel3,cifar10,93.990000,13.656500,0.786180,15974
22,5,4689,pixel3,cifar10,90.720000,3.106280,0.786180,15974
22,5,10275,pixel3,cifar10,91.080000,4.818050,0.786180,15974
22,5,13987,pixel3,cifar10,93.596664,9.922680,0.786180,15974
22,5,12970,pixel3,cifar10,90.970000,4.723840,0.786180,15974
22,5,4627,pixel3,cifar10,93.270000,7.036050,0.786180,15974
22,5,6863,pixel3,cifar10,86.740000,1.229320,0.786180,15974
22,5,13869,pixel3,cifar10,93.656670,10.634700,0.786180,15974
22,5,1778,pixel3,cifar10,92.180000,6.446230,0.786180,15974
22,5,1852,pixel3,cifar10,10.000000,0.003285,0.786180,15974
22,5,2018,pixel3,cifar10,94.063330,14.960500,0.786180,15974
22,5,1416,pixel3,cifar10,89.546670,1.691430,0.786180,15974
22,5,12639,pixel3,cifar10,90.990000,4.749000,0.786180,15974
22,5,12452,pixel3,cifar10,91.350000,5.590110,0.786180,15974
22,6,6918,raspi4,cifar10,87.000000,2.787590,0.736127,16011
22,6,6953,raspi4,cifar10,91.990000,15.601654,0.736127,16011
22,6,14677,raspi4,cifar10,88.670000,4.755260,0.736127,16011
22,6,5111,raspi4,cifar10,94.306660,41.756905,0.736127,16011
22,6,6584,raspi4,cifar10,94.160000,38.818527,0.736127,16011
22,6,6382,raspi4,cifar10,93.376660,21.461164,0.736127,16011
22,6,1941,raspi4,cifar10,93.533330,25.121769,0.736127,16011
22,6,8592,raspi4,cifar10,93.750000,25.477009,0.736127,16011
22,6,3731,raspi4,cifar10,94.343330,58.070793,0.736127,16011
22,6,6111,raspi4,cifar10,94.373340,68.404106,0.736127,16011
22,6,12387,raspi4,cifar10,88.930000,4.797579,0.736127,16011
22,6,11972,raspi4,cifar10,91.510000,12.403558,0.736127,16011
22,6,5780,raspi4,cifar10,93.980000,34.928463,0.736127,16011
22,6,11692,raspi4,cifar10,94.130000,37.583630,0.736127,16011
22,6,12297,raspi4,cifar10,88.890000,4.792384,0.736127,16011
22,6,779,raspi4,cifar10,89.105000,4.912025,0.736127,16011
22,6,11810,raspi4,cifar10,92.780000,18.619905,0.736127,16011
22,6,8873,raspi4,cifar10,89.050000,4.839358,0.736127,16011
22,6,3307,raspi4,cifar10,89.085000,4.906052,0.736127,16011
22,6,9980,raspi4,cifar10,10.000000,0.011284,0.736127,16011
22,6,2328,raspi4,cifar10,89.210000,4.918894,0.736127,16011
22,6,4432,raspi4,cifar10,90.700000,7.290926,0.736127,16011
22,6,8008,raspi4,cifar10,93.480000,22.571420,0.736127,16011
22,6,6960,raspi4,cifar10,92.280000,17.162752,0.736127,16011
22,6,10412,raspi4,cifar10,93.530000,25.079220,0.736127,16011
22,6,8323,raspi4,cifar10,90.870000,7.426308,0.736127,16011
22,6,10275,raspi4,cifar10,91.080000,9.993188,0.736127,16011
22,6,1690,raspi4,cifar10,86.646670,2.536549,0.736127,16011
22,6,7030,raspi4,cifar10,93.173330,20.230932,0.736127,16011
22,6,6985,raspi4,cifar10,89.940000,4.995646,0.736127,16011
22,6,8426,raspi4,cifar10,93.840000,31.394428,0.736127,16011
22,6,14565,raspi4,cifar10,88.880000,4.781183,0.736127,16011
22,6,7017,raspi4,cifar10,86.970000,2.544041,0.736127,16011
22,6,7058,raspi4,cifar10,92.040000,16.469465,0.736127,16011
22,6,4659,raspi4,cifar10,93.396670,22.249382,0.736127,16011
22,6,13611,raspi4,cifar10,92.490000,18.523302,0.736127,16011
22,7,1509,edgegpu,cifar100,1.000000,0.505853,0.566637,16416
22,7,9930,edgegpu,cifar100,73.513336,6.803060,0.566637,16416
22,7,4954,edgegpu,cifar100,73.000000,6.669736,0.566637,16416
22,7,8401,edgegpu,cifar100,71.080000,3.302102,0.566637,16416
22,7,14677,edgegpu,cifar100,62.420000,1.746187,0.566637,16416
22,7,2778,edgegpu,cifar100,72.993330,6.134028,0.566637,16416
22,7,9922,edgegpu,cifar100,58.560000,1.428552,0.566637,16416
22,7,12415,edgegpu,cifar100,71.940000,4.828467,0.566637,16416
22,7,11810,edgegpu,cifar100,68.300000,1.779551,0.566637,16416
22,7,14984,edgegpu,cifar100,67.166664,1.760831,0.566637,16416
22,7,8912,edgegpu,cifar100,59.200000,1.441355,0.566637,16416
22,7,11885,edgegpu,cifar100,68.040000,1.776652,0.566637,16416
22,7,3888,edgegpu,cifar100,73.260000,6.797867,0.566637,16416
22,7,9997,edgegpu,cifar100,71.520000,3.466139,0.566637,16416
22,7,4418,edgegpu,cifar100,72.746666,5.352364,0.566637,16416
22,7,2304,edgegpu,cifar100,58.660000,1.440253,0.566637,16416
22,7,1425,edgegpu,cifar100,72.093330,5.310225,0.566637,16416
22,7,6381,edgegpu,cifar100,66.800000,1.753340,0.566637,16416
22,7,14300,edgegpu,cifar100,67.300000,1.765666,0.566637,16416
22,8,12415,edgetpu,cifar100,71.940000,0.872299,0.667960,15997
22,8,3303,edgetpu,cifar100,62.420000,0.392593,0.667960,15997
22,8,7760,edgetpu,cifar100,67.800000,0.489248,0.667960,15997
22,8,577,edgetpu,cifar100,69.680000,0.635228,0.667960,15997
22,8,1943,edgetpu,cifar100,69.626660,0.634759,0.667960,15997
22,8,777,edgetpu,cifar100,58.650000,0.355588,0.667960,15997
22,8,1110,edgetpu,cifar100,58.840000,0.355938,0.667960,15997
22,8,797,edgetpu,cifar100,69.580000,0.633351,0.667960,15997
22,8,8638,edgetpu,cifar100,58.860000,0.356631,0.667960,15997
22,8,9930,edgetpu,cifar100,73.513336,1.454107,0.667960,15997
22,8,8401,edgetpu,cifar100,71.080000,0.728572,0.667960,15997
22,8,10000,edgetpu,cifar100,73.160000,1.283461,0.667960,15997
22,8,14440,edgetpu,cifar100,67.386665,0.487278,0.667960,15997
22,8,4418,edgetpu,cifar100,72.746666,1.093699,0.667960,15997
22,8,5019,edgetpu,cifar100,58.880000,0.357058,0.667960,15997
22,8,12761,edgetpu,cifar100,72.860000,1.225212,0.667960,15997
22,8,15363,edgetpu,cifar100,70.520000,0.676394,0.667960,15997
22,8,13434,edgetpu,cifar100,62.106667,0.392580,0.667960,15997
22,8,857,edgetpu,cifar100,72.880000,1.264168,0.667960,15997
22,8,10596,edgetpu,cifar100,67.633330,0.488672,0.667960,15997
22,8,8912,edgetpu,cifar100,59.200000,0.377698,0.667960,15997
22,8,9271,edgetpu,cifar100,63.400000,0.393151,0.667960,15997
22,8,3888,edgetpu,cifar100,73.260000,1.316226,0.667960,15997
22,8,14945,edgetpu,cifar100,58.500000,0.354940,0.667960,15997
22,8,9689,edgetpu,cifar100,69.760000,0.636296,0.667960,15997
22,8,6358,edgetpu,cifar100,67.193340,0.486737,0.667960,15997
22,8,1383,edgetpu,cifar100,70.273330,0.673722,0.667960,15997
22,8,12607,edgetpu,cifar100,62.600000,0.392830,0.667960,15997
22,8,12424,edgetpu,cifar100,69.980000,0.638946,0.667960,15997
22,8,13760,edgetpu,cifar100,61.686670,0.392028,0.667960,15997
22,8,69,edgetpu,cifar100,71.020000,0.727259,0.667960,15997
22,8,11810,edgetpu,cifar100,68.300000,0.492126,0.667960,15997
22,8,11885,edgetpu,cifar100,68.040000,0.489665,0.667960,15997
22,8,14816,edgetpu,cifar100,66.860000,0.486025,0.667960,15997
22,8,1425,edgetpu,cifar100,72.093330,0.910660,0.667960,15997
22,8,4484,edgetpu,cifar100,67.493330,0.487482,0.667960,15997
22,8,6974,edgetpu,cifar100,61.880000,0.392555,0.667960,15997
22,8,9997,edgetpu,cifar100,71.520000,0.729986,0.667960,15997
22,8,12574,edgetpu,cifar100,72.740000,0.932430,0.667960,15997
22,9,5084,eyeriss,cifar100,58.813330,1.682560,0.467573,16697
22,9,898,eyeriss,cifar100,70.000000,3.402880,0.467573,16697
22,9,3540,eyeriss,cifar100,71.500000,4.877440,0.467573,16697
22,9,9930,eyeriss,cifar100,73.513336,9.055360,0.467573,16697
22,9,10689,eyeriss,cifar100,67.500000,2.174080,0.467573,16697
22,9,375,eyeriss,cifar100,64.440000,1.928320,0.467573,16697
22,9,3888,eyeriss,cifar100,73.260000,6.597760,0.467573,16697
22,9,15363,eyeriss,cifar100,70.520000,3.648640,0.467573,16697
22,9,12820,eyeriss,cifar100,67.720000,2.419840,0.467573,16697
22,9,6925,eyeriss,cifar100,71.220000,3.894400,0.467573,16697
22,9,11301,eyeriss,cifar100,68.220000,2.665600,0.467573,16697
22,9,12761,eyeriss,cifar100,72.860000,6.352000,0.467573,16697
22,9,12574,eyeriss,cifar100,72.740000,5.123200,0.467573,16697
22,10,9997,fpga,cifar100,71.520000,4.572960,0.500698,16286
22,10,9930,fpga,cifar100,73.513336,7.420960,0.500698,16286
22,10,15033,fpga,cifar100,67.793335,2.390560,0.500698,16286
22,10,5651,fpga,cifar100,64.690000,1.648160,0.500698,16286
22,10,12574,fpga,cifar100,72.740000,4.678560,0.500698,16286
22,10,12761,fpga,cifar100,72.860000,5.420960,0.500698,16286
22,10,11979,fpga,cifar100,68.000000,2.800160,0.500698,16286
22,10,11973,fpga,cifar100,70.340000,2.905760,0.500698,16286
22,10,5084,fpga,cifar100,58.813330,1.132960,0.500698,16286
22,10,12295,fpga,cifar100,71.160000,3.648160,0.500698,16286
22,10,3888,fpga,cifar100,73.260000,5.936160,0.500698,16286
22,10,3540,fpga,cifar100,71.500000,4.163360,0.500698,16286
22,10,4249,fpga,cifar100,65.080000,2.057760,0.500698,16286
22,10,6787,fpga,cifar100,70.720000,3.420960,0.500698,16286
22,10,10689,fpga,cifar100,67.500000,2.163360,0.500698,16286
22,10,11000,fpga,cifar100,71.180000,3.936160,0.500698,16286
22,11,857,pixel3,cifar100,72.880000,19.113200,0.625587,16001
22,11,4689,pixel3,cifar100,66.860000,3.113300,0.625587,16001
22,11,4731,pixel3,cifar100,67.046670,3.712030,0.625587,16001
22,11,10042,pixel3,cifar100,64.880000,2.794690,0.625587,16001
22,11,1631,pixel3,cifar100,63.986668,1.805000,0.625587,16001
22,11,1409,pixel3,cifar100,58.853333,1.275090,0.625587,16001
22,11,12970,pixel3,cifar100,68.140000,4.782110,0.625587,16001
22,11,1459,pixel3,cifar100,73.140000,23.437900,0.625587,16001
22,11,1425,pixel3,cifar100,72.093330,15.692300,0.625587,16001
22,11,898,pixel3,cifar100,70.000000,6.516140,0.625587,16001
22,11,906,pixel3,cifar100,62.393333,1.661810,0.625587,16001
22,11,11000,pixel3,cifar100,71.180000,10.677600,0.625587,16001
22,11,9930,pixel3,cifar100,73.513336,42.003600,0.625587,16001
22,11,6337,pixel3,cifar100,1.000000,0.008753,0.625587,16001
22,11,15363,pixel3,cifar100,70.520000,9.708640,0.625587,16001
22,11,12915,pixel3,cifar100,66.950000,3.129190,0.625587,16001
22,11,9997,pixel3,cifar100,71.520000,14.777900,0.625587,16001
22,11,1416,pixel3,cifar100,64.493330,2.084060,0.625587,16001
22,11,11301,pixel3,cifar100,68.220000,5.352090,0.625587,16001
22,11,1583,pixel3,cifar100,71.326670,12.345800,0.625587,16001
22,11,12574,pixel3,cifar100,72.740000,16.473900,0.625587,16001
22,11,8638,pixel3,cifar100,58.860000,1.478570,0.625587,16001
22,11,1357,pixel3,cifar100,67.480000,3.998260,0.625587,16001
22,11,3888,pixel3,cifar100,73.260000,23.477200,0.625587,16001
22,11,9649,pixel3,cifar100,64.540000,2.536210,0.625587,16001
22,11,657,pixel3,cifar100,58.233334,1.233070,0.625587,16001
22,11,4432,pixel3,cifar100,66.486664,3.105870,0.625587,16001
22,11,8853,pixel3,cifar100,71.220000,12.088100,0.625587,16001
22,11,8912,pixel3,cifar100,59.200000,1.478790,0.625587,16001
22,11,894,pixel3,cifar100,61.933334,1.581120,0.625587,16001
22,11,1450,pixel3,cifar100,70.506670,9.337360,0.625587,16001
22,12,4659,raspi4,cifar100,70.060000,21.672482,0.664109,15965
22,12,4418,raspi4,cifar100,72.746666,47.162354,0.664109,15965
22,12,9997,raspi4,cifar100,71.520000,34.996710,0.664109,15965
22,12,12574,raspi4,cifar100,72.740000,36.371254,0.664109,15965
22,12,8912,raspi4,cifar100,59.200000,2.818969,0.664109,15965
22,12,13021,raspi4,cifar100,63.800000,5.009584,0.664109,15965
22,12,355,raspi4,cifar100,69.860000,20.791758,0.664109,15965
22,12,1459,raspi4,cifar100,73.140000,53.879950,0.664109,15965
22,12,2222,raspi4,cifar100,58.313330,2.538255,0.664109,15965
22,12,15363,raspi4,cifar100,70.520000,21.809430,0.664109,15965
22,12,14612,raspi4,cifar100,58.720000,2.563505,0.664109,15965
22,12,9930,raspi4,cifar100,73.513336,71.152000,0.664109,15965
22,12,10222,raspi4,cifar100,58.860000,2.747804,0.664109,15965
22,12,6040,raspi4,cifar100,1.000000,0.015365,0.664109,15965
22,12,6918,raspi4,cifar100,58.800000,2.571364,0.664109,15965
22,12,12915,raspi4,cifar100,66.950000,7.226311,0.664109,15965
22,12,15589,raspi4,cifar100,59.060000,2.795078,0.664109,15965
22,12,12761,raspi4,cifar100,72.860000,53.718200,0.664109,15965
22,12,3888,raspi4,cifar100,73.260000,55.029520,0.664109,15965
22,12,1113,raspi4,cifar100,67.440000,12.254540,0.664109,15965
22,12,14811,raspi4,cifar100,69.680000,20.361189,0.664109,15965
22,12,14112,raspi4,cifar100,68.386665,14.423308,0.664109,15965
22,12,2200,raspi4,cifar100,63.886665,5.014668,0.664109,15965
22,12,13430,raspi4,cifar100,66.700000,7.203785,0.664109,15965
22,12,1939,raspi4,cifar100,70.760000,24.555029,0.664109,15965
22,12,9271,raspi4,cifar100,63.400000,4.800893,0.664109,15965
22,12,898,raspi4,cifar100,70.000000,21.506163,0.664109,15965
22,12,11635,raspi4,cifar100,64.640000,5.177113,0.664109,15965
22,12,6854,raspi4,cifar100,67.260000,12.135427,0.664109,15965
22,12,14792,raspi4,cifar100,69.500000,19.111843,0.664109,15965
22,12,4409,raspi4,cifar100,67.173330,7.228629,0.664109,15965
22,12,375,raspi4,cifar100,64.440000,5.099302,0.664109,15965
22,12,14714,raspi4,cifar100,71.280000,24.692347,0.664109,15965
22,13,9077,edgegpu,ImageNet16-120,39.500000,1.801076,0.662398,16144
22,13,10947,edgegpu,ImageNet16-120,39.944443,1.909800,0.662398,16144
22,13,11217,edgegpu,ImageNet16-120,43.466667,3.316708,0.662398,16144
22,13,12415,edgegpu,ImageNet16-120,46.566666,4.667692,0.662398,16144
22,13,15159,edgegpu,ImageNet16-120,45.566666,4.632421,0.662398,16144
22,13,7760,edgegpu,ImageNet16-120,39.100000,1.743751,0.662398,16144
22,13,5751,edgegpu,ImageNet16-120,40.044445,2.434626,0.662398,16144
22,13,8884,edgegpu,ImageNet16-120,45.033333,3.499999,0.662398,16144
22,13,8734,edgegpu,ImageNet16-120,39.466667,1.766081,0.662398,16144
22,13,13411,edgegpu,ImageNet16-120,31.855556,1.736240,0.662398,16144
22,13,8401,edgegpu,ImageNet16-120,43.833332,3.322444,0.662398,16144
22,13,15288,edgegpu,ImageNet16-120,28.422222,1.417041,0.662398,16144
22,13,6950,edgegpu,ImageNet16-120,38.700000,1.740150,0.662398,16144
22,13,4332,edgegpu,ImageNet16-120,39.444443,1.745496,0.662398,16144
22,13,4587,edgegpu,ImageNet16-120,28.800000,1.445131,0.662398,16144
22,13,8426,edgegpu,ImageNet16-120,44.633335,3.370147,0.662398,16144
22,13,14840,edgegpu,ImageNet16-120,45.311110,4.224715,0.662398,16144
22,13,1164,edgegpu,ImageNet16-120,28.522223,1.435223,0.662398,16144
22,13,9586,edgegpu,ImageNet16-120,46.933334,5.222673,0.662398,16144
22,13,13760,edgegpu,ImageNet16-120,32.333332,1.739759,0.662398,16144
22,13,9722,edgegpu,ImageNet16-120,44.000000,3.327813,0.662398,16144
22,13,7187,edgegpu,ImageNet16-120,28.683332,1.443858,0.662398,16144
22,13,4946,edgegpu,ImageNet16-120,44.700000,3.490419,0.662398,16144
22,13,14117,edgegpu,ImageNet16-120,28.677778,1.435547,0.662398,16144
22,13,15376,edgegpu,ImageNet16-120,0.833333,0.533953,0.662398,16144
22,13,4988,edgegpu,ImageNet16-120,28.933332,1.448212,0.662398,16144
22,13,8355,edgegpu,ImageNet16-120,39.666668,1.810203,0.662398,16144
22,13,454,edgegpu,ImageNet16-120,41.277780,3.303313,0.662398,16144
22,13,2650,edgegpu,ImageNet16-120,42.433334,3.309817,0.662398,16144
22,13,857,edgegpu,ImageNet16-120,47.311110,6.707663,0.662398,16144
22,13,15383,edgegpu,ImageNet16-120,47.033333,6.262836,0.662398,16144
22,13,14612,edgegpu,ImageNet16-120,28.488890,1.434064,0.662398,16144
22,13,12081,edgegpu,ImageNet16-120,40.233334,2.730479,0.662398,16144
22,14,7396,edgetpu,ImageNet16-120,40.177776,0.517218,0.575558,16092
22,14,857,edgetpu,ImageNet16-120,47.311110,0.997730,0.575558,16092
22,14,7273,edgetpu,ImageNet16-120,42.966667,0.550014,0.575558,16092
22,14,15363,edgetpu,ImageNet16-120,44.333332,0.582280,0.575558,16092
22,14,13931,edgetpu,ImageNet16-120,28.788889,0.360349,0.575558,16092
22,14,3540,edgetpu,ImageNet16-120,45.122223,0.648670,0.575558,16092
22,14,10332,edgetpu,ImageNet16-120,40.033333,0.516152,0.575558,16092
22,14,5674,edgetpu,ImageNet16-120,39.650000,0.428605,0.575558,16092
22,14,12415,edgetpu,ImageNet16-120,46.566666,0.710906,0.575558,16092
22,14,8884,edgetpu,ImageNet16-120,45.033333,0.615792,0.575558,16092
22,14,10167,edgetpu,ImageNet16-120,39.944443,0.444058,0.575558,16092
22,14,14840,edgetpu,ImageNet16-120,45.311110,0.666690,0.575558,16092
22,14,15014,edgetpu,ImageNet16-120,28.266666,0.358110,0.575558,16092
22,14,7750,edgetpu,ImageNet16-120,43.066666,0.551617,0.575558,16092
22,14,5751,edgetpu,ImageNet16-120,40.044445,0.516992,0.575558,16092
22,14,6407,edgetpu,ImageNet16-120,32.333332,0.363748,0.575558,16092
22,14,4988,edgetpu,ImageNet16-120,28.933332,0.360694,0.575558,16092
22,14,13769,edgetpu,ImageNet16-120,41.555557,0.549360,0.575558,16092
22,14,15383,edgetpu,ImageNet16-120,47.033333,0.780914,0.575558,16092
22,14,11079,edgetpu,ImageNet16-120,43.566666,0.552430,0.575558,16092
22,14,6520,edgetpu,ImageNet16-120,32.383335,0.363944,0.575558,16092
22,14,4830,edgetpu,ImageNet16-120,42.233334,0.549457,0.575558,16092
22,14,14677,edgetpu,ImageNet16-120,33.233334,0.364575,0.575558,16092
22,14,4160,edgetpu,ImageNet16-120,39.833332,0.430355,0.575558,16092
22,14,2734,edgetpu,ImageNet16-120,38.877777,0.428316,0.575558,16092
22,14,7837,edgetpu,ImageNet16-120,32.111110,0.363571,0.575558,16092
22,14,1973,edgetpu,ImageNet16-120,38.855556,0.427802,0.575558,16092
22,14,5530,edgetpu,ImageNet16-120,42.577778,0.549937,0.575558,16092
22,14,10888,edgetpu,ImageNet16-120,28.333334,0.359044,0.575558,16092
22,15,4829,eyeriss,ImageNet16-120,34.200000,0.484480,0.454464,16479
22,15,4988,eyeriss,ImageNet16-120,28.933332,0.423040,0.454464,16479
22,15,8853,eyeriss,ImageNet16-120,45.600000,1.037440,0.454464,16479
22,15,8008,eyeriss,ImageNet16-120,43.500000,0.853120,0.454464,16479
22,15,2835,eyeriss,ImageNet16-120,38.222220,0.545920,0.454464,16479
22,15,857,eyeriss,ImageNet16-120,47.311110,1.651840,0.454464,16479
22,15,15383,eyeriss,ImageNet16-120,47.033333,1.283200,0.454464,16479
22,15,6854,eyeriss,ImageNet16-120,40.800000,0.668800,0.454464,16479
22,15,5487,eyeriss,ImageNet16-120,38.500000,0.607360,0.454464,16479
22,15,6787,eyeriss,ImageNet16-120,44.400000,0.914560,0.454464,16479
22,15,14417,eyeriss,ImageNet16-120,45.900000,1.098880,0.454464,16479
22,15,1939,eyeriss,ImageNet16-120,45.077778,0.976000,0.454464,16479
22,16,4988,fpga,ImageNet16-120,28.933332,0.284320,0.492181,16129
22,16,11079,fpga,ImageNet16-120,43.566666,0.902400,0.492181,16129
22,16,12452,fpga,ImageNet16-120,40.533333,0.780320,0.492181,16129
22,16,1939,fpga,ImageNet16-120,45.077778,1.062400,0.492181,16129
22,16,4829,fpga,ImageNet16-120,34.200000,0.415520,0.492181,16129
22,16,8853,fpga,ImageNet16-120,45.600000,1.155200,0.492181,16129
22,16,6787,fpga,ImageNet16-120,44.400000,0.969600,0.492181,16129
22,16,2835,fpga,ImageNet16-120,38.222220,0.546720,0.492181,16129
22,16,6854,fpga,ImageNet16-120,40.800000,0.809120,0.492181,16129
22,16,8008,fpga,ImageNet16-120,43.500000,0.876800,0.492181,16129
22,16,10017,fpga,ImageNet16-120,40.566666,0.784000,0.492181,16129
22,16,15383,fpga,ImageNet16-120,47.033333,1.504000,0.492181,16129
22,16,6868,fpga,ImageNet16-120,39.000000,0.649120,0.492181,16129
22,16,14748,fpga,ImageNet16-120,44.900000,0.995200,0.492181,16129
22,16,857,fpga,ImageNet16-120,47.311110,2.038400,0.492181,16129
22,16,5793,fpga,ImageNet16-120,35.033333,0.517920,0.492181,16129
22,16,14417,fpga,ImageNet16-120,45.900000,1.276320,0.492181,16129
22,17,11209,pixel3,ImageNet16-120,33.266666,0.665423,0.817930,16140
22,17,7187,pixel3,ImageNet16-120,28.683332,0.425223,0.817930,16140
22,17,4384,pixel3,ImageNet16-120,28.133333,0.421612,0.817930,16140
22,17,14417,pixel3,ImageNet16-120,45.900000,4.143030,0.817930,16140
22,17,758,pixel3,ImageNet16-120,28.333334,0.422134,0.817930,16140
22,17,15383,pixel3,ImageNet16-120,47.033333,5.191720,0.817930,16140
22,17,4988,pixel3,ImageNet16-120,28.933332,0.485996,0.817930,16140
22,17,12639,pixel3,ImageNet16-120,40.400000,1.304440,0.817930,16140
22,17,857,pixel3,ImageNet16-120,47.311110,6.686850,0.817930,16140
22,17,6014,pixel3,ImageNet16-120,28.533333,0.423391,0.817930,16140
22,17,10154,pixel3,ImageNet16-120,46.133335,4.783700,0.817930,16140
22,17,1751,pixel3,ImageNet16-120,33.955555,0.666929,0.817930,16140
22,17,2018,pixel3,ImageNet16-120,46.433334,4.949210,0.817930,16140
22,17,12516,pixel3,ImageNet16-120,32.083332,0.617816,0.817930,16140
22,17,7551,pixel3,ImageNet16-120,38.477780,1.266510,0.817930,16140
22,17,8853,pixel3,ImageNet16-120,45.600000,3.554540,0.817930,16140
22,17,1110,pixel3,ImageNet16-120,28.600000,0.423927,0.817930,16140
22,17,9805,pixel3,ImageNet16-120,34.133335,0.791370,0.817930,16140
22,17,1860,pixel3,ImageNet16-120,28.433332,0.422587,0.817930,16140
22,17,12653,pixel3,ImageNet16-120,33.977780,0.669277,0.817930,16140
22,17,12424,pixel3,ImageNet16-120,43.133330,2.470150,0.817930,16140
22,17,11000,pixel3,ImageNet16-120,44.866665,2.962520,0.817930,16140
22,17,1939,pixel3,ImageNet16-120,45.077778,3.021500,0.817930,16140
22,17,4977,pixel3,ImageNet16-120,32.966667,0.617991,0.817930,16140
22,17,4587,pixel3,ImageNet16-120,28.800000,0.445767,0.817930,16140
22,17,978,pixel3,ImageNet16-120,33.488888,0.665489,0.817930,16140
22,17,1204,pixel3,ImageNet16-120,37.844444,0.864966,0.817930,16140
22,17,3687,pixel3,ImageNet16-120,34.066666,0.702071,0.817930,16140
22,17,4409,pixel3,ImageNet16-120,37.722220,0.862979,0.817930,16140
22,17,872,pixel3,ImageNet16-120,41.777780,2.465030,0.817930,16140
22,17,12466,pixel3,ImageNet16-120,46.100000,4.680280,0.817930,16140
22,17,13756,pixel3,ImageNet16-120,0.833333,0.005289,0.817930,16140
22,17,1425,pixel3,ImageNet16-120,45.977780,4.619290,0.817930,16140
22,17,14112,pixel3,ImageNet16-120,40.733334,1.913100,0.817930,16140
22,17,3728,pixel3,ImageNet16-120,28.500000,0.422880,0.817930,16140
22,17,11079,pixel3,ImageNet16-120,43.566666,2.479610,0.817930,16140
22,17,1549,pixel3,ImageNet16-120,28.655556,0.424747,0.817930,16140
22,17,2899,pixel3,ImageNet16-120,43.911110,2.701210,0.817930,16140
22,17,2835,pixel3,ImageNet16-120,38.222220,0.868646,0.817930,16140
22,17,4895,pixel3,ImageNet16-120,33.200000,0.619070,0.817930,16140
22,18,7357,raspi4,ImageNet16-120,44.666668,4.480689,0.737282,16079
22,18,8584,raspi4,ImageNet16-120,34.088890,1.586268,0.737282,16079
22,18,10167,raspi4,ImageNet16-120,39.944443,3.106316,0.737282,16079
22,18,15107,raspi4,ImageNet16-120,39.800000,3.083329,0.737282,16079
22,18,5637,raspi4,ImageNet16-120,33.933334,1.580707,0.737282,16079
22,18,14697,raspi4,ImageNet16-120,33.900000,1.580382,0.737282,16079
22,18,8736,raspi4,ImageNet16-120,45.700000,6.658077,0.737282,16079
22,18,14677,raspi4,ImageNet16-120,33.233334,1.537227,0.737282,16079
22,18,12355,raspi4,ImageNet16-120,45.033333,5.326674,0.737282,16079
22,18,8683,raspi4,ImageNet16-120,44.200000,4.462997,0.737282,16079
22,18,9380,raspi4,ImageNet16-120,32.533333,1.535316,0.737282,16079
22,18,4988,raspi4,ImageNet16-120,28.933332,1.003251,0.737282,16079
22,18,13059,raspi4,ImageNet16-120,34.266666,1.595651,0.737282,16079
22,18,5973,raspi4,ImageNet16-120,40.100000,3.159922,0.737282,16079
22,18,9585,raspi4,ImageNet16-120,0.833333,0.011519,0.737282,16079
22,18,11584,raspi4,ImageNet16-120,46.666668,8.014434,0.737282,16079
22,18,6336,raspi4,ImageNet16-120,39.366665,3.073392,0.737282,16079
22,18,9032,raspi4,ImageNet16-120,38.016666,2.201532,0.737282,16079
22,18,3776,raspi4,ImageNet16-120,37.133335,2.191733,0.737282,16079
22,18,657,raspi4,ImageNet16-120,27.688889,0.953181,0.737282,16079
22,18,7551,raspi4,ImageNet16-120,38.477780,2.950436,0.737282,16079
22,18,13931,raspi4,ImageNet16-120,28.788889,0.956195,0.737282,16079
22,18,3960,raspi4,ImageNet16-120,37.755554,2.197980,0.737282,16079
22,18,5530,raspi4,ImageNet16-120,42.577778,3.785925,0.737282,16079
22,18,5487,raspi4,ImageNet16-120,38.500000,3.019000,0.737282,16079
22,18,10017,raspi4,ImageNet16-120,40.566666,3.181383,0.737282,16079
22,18,14792,raspi4,ImageNet16-120,43.033333,3.792447,0.737282,16079
22,18,219,raspi4,ImageNet16-120,42.500000,3.768475,0.737282,16079
22,18,857,raspi4,ImageNet16-120,47.311110,9.020064,0.737282,16079
22,18,15363,raspi4,ImageNet16-120,44.333332,4.480516,0.737282,16079
22,18,2018,raspi4,ImageNet16-120,46.433334,7.482383,0.737282,16079
22,18,1413,raspi4,ImageNet16-120,42.711113,3.788479,0.737282,16079
22,18,1939,raspi4,ImageNet16-120,45.077778,5.341908,0.737282,16079
22,18,12505,raspi4,ImageNet16-120,39.283333,3.062432,0.737282,16079
22,18,9762,raspi4,ImageNet16-120,38.200000,2.912099,0.737282,16079
22,18,7955,raspi4,ImageNet16-120,39.388890,3.082832,0.737282,16079
22,18,3431,raspi4,ImageNet16-120,32.966667,1.536690,0.737282,16079
22,18,8355,raspi4,ImageNet16-120,39.666668,3.083286,0.737282,16079
22,18,1204,raspi4,ImageNet16-120,37.844444,2.199356,0.737282,16079
22,18,41,raspi4,ImageNet16-120,32.388890,1.528043,0.737282,16079
22,18,3687,raspi4,ImageNet16-120,34.066666,1.583497,0.737282,16079
22,18,11079,raspi4,ImageNet16-120,43.566666,3.802027,0.737282,16079
22,18,15383,raspi4,ImageNet16-120,47.033333,8.565354,0.737282,16079
22,18,3782,raspi4,ImageNet16-120,41.866665,3.755286,0.737282,16079
23,1,5400,edgegpu,cifar10,86.630000,1.427460,0.554566,16361
23,1,2053,edgegpu,cifar10,94.206665,5.482254,0.554566,16361
23,1,11692,edgegpu,cifar10,94.130000,4.708362,0.554566,16361
23,1,5780,edgegpu,cifar10,93.980000,3.361888,0.554566,16361
23,1,13401,edgegpu,cifar10,87.010000,1.457009,0.554566,16361
23,1,9099,edgegpu,cifar10,93.940000,3.357520,0.554566,16361
23,1,6499,edgegpu,cifar10,93.645000,3.331041,0.554566,16361
23,1,11810,edgegpu,cifar10,92.780000,1.992798,0.554566,16361
23,1,15200,edgegpu,cifar10,10.000000,0.501385,0.554566,16361
23,1,10484,edgegpu,cifar10,93.810000,3.354015,0.554566,16361
23,1,561,edgegpu,cifar10,86.880000,1.451068,0.554566,16361
23,1,258,edgegpu,cifar10,93.640000,3.307109,0.554566,16361
23,1,1339,edgegpu,cifar10,92.136665,1.751881,0.554566,16361
23,1,14527,edgegpu,cifar10,86.765000,1.439619,0.554566,16361
23,1,1459,edgegpu,cifar10,94.296670,6.748991,0.554566,16361
23,1,13714,edgegpu,cifar10,94.373340,6.772180,0.554566,16361
23,1,14407,edgegpu,cifar10,86.770000,1.440282,0.554566,16361
23,1,1099,edgegpu,cifar10,92.240000,1.774683,0.554566,16361
23,1,1038,edgegpu,cifar10,92.276665,1.828198,0.554566,16361
23,1,2776,edgegpu,cifar10,93.666664,3.331194,0.554566,16361
23,1,14090,edgegpu,cifar10,92.086670,1.749086,0.554566,16361
23,1,11438,edgegpu,cifar10,92.500000,1.846719,0.554566,16361
23,1,6330,edgegpu,cifar10,94.006670,4.384699,0.554566,16361
23,1,5292,edgegpu,cifar10,94.293335,6.663151,0.554566,16361
23,1,1549,edgegpu,cifar10,86.710000,1.436324,0.554566,16361
23,1,4803,edgegpu,cifar10,88.746666,1.748652,0.554566,16361
23,2,10293,edgetpu,cifar10,86.513336,0.352328,0.632376,16414
23,2,2053,edgetpu,cifar10,94.206665,1.042178,0.632376,16414
23,2,8192,edgetpu,cifar10,93.093330,0.627745,0.632376,16414
23,2,5780,edgetpu,cifar10,93.980000,0.723967,0.632376,16414
23,2,4161,edgetpu,cifar10,89.250000,0.391221,0.632376,16414
23,2,11692,edgetpu,cifar10,94.130000,0.761100,0.632376,16414
23,2,12439,edgetpu,cifar10,86.393330,0.352159,0.632376,16414
23,2,3731,edgetpu,cifar10,94.343330,1.282820,0.632376,16414
23,2,7017,edgetpu,cifar10,86.970000,0.353089,0.632376,16414
23,2,13714,edgetpu,cifar10,94.373340,1.377865,0.632376,16414
23,2,5111,edgetpu,cifar10,94.306660,1.152010,0.632376,16414
23,2,3955,edgetpu,cifar10,88.863335,0.389665,0.632376,16414
23,2,6382,edgetpu,cifar10,93.376660,0.628638,0.632376,16414
23,2,6515,edgetpu,cifar10,93.616670,0.722858,0.632376,16414
23,2,9950,edgetpu,cifar10,93.840000,0.723767,0.632376,16414
23,2,797,edgetpu,cifar10,93.280000,0.627996,0.632376,16414
23,2,11810,edgetpu,cifar10,92.780000,0.482879,0.632376,16414
23,2,11438,edgetpu,cifar10,92.500000,0.482393,0.632376,16414
23,2,15000,edgetpu,cifar10,92.400000,0.481741,0.632376,16414
23,2,9380,edgetpu,cifar10,89.335000,0.395662,0.632376,16414
23,2,6758,edgetpu,cifar10,88.873340,0.390265,0.632376,16414
23,2,5258,edgetpu,cifar10,88.775000,0.388629,0.632376,16414
23,2,10581,edgetpu,cifar10,89.015000,0.390403,0.632376,16414
23,2,9689,edgetpu,cifar10,93.370000,0.628386,0.632376,16414
23,2,7676,edgetpu,cifar10,92.230000,0.481331,0.632376,16414
23,2,11112,edgetpu,cifar10,92.110000,0.480732,0.632376,16414
23,2,3927,edgetpu,cifar10,93.626660,0.723268,0.632376,16414
23,2,8008,edgetpu,cifar10,93.480000,0.629746,0.632376,16414
23,2,13611,edgetpu,cifar10,92.490000,0.481826,0.632376,16414
23,3,12438,eyeriss,cifar10,89.875000,1.925300,0.458594,16477
23,3,8592,eyeriss,cifar10,93.750000,3.891380,0.458594,16477
23,3,13714,eyeriss,cifar10,94.373340,7.823540,0.458594,16477
23,3,5111,eyeriss,cifar10,94.306660,5.365940,0.458594,16477
23,3,6111,eyeriss,cifar10,94.373340,7.823540,0.458594,16477
23,3,3731,eyeriss,cifar10,94.343330,6.594740,0.458594,16477
23,3,6584,eyeriss,cifar10,94.160000,4.874420,0.458594,16477
23,3,15000,eyeriss,cifar10,92.400000,3.154100,0.458594,16477
23,3,3960,eyeriss,cifar10,90.830000,2.171060,0.458594,16477
23,3,6899,eyeriss,cifar10,90.900000,2.416820,0.458594,16477
23,3,8008,eyeriss,cifar10,93.480000,3.399860,0.458594,16477
23,3,4384,eyeriss,cifar10,86.796670,1.679540,0.458594,16477
23,3,13987,eyeriss,cifar10,93.596664,3.645620,0.458594,16477
23,3,11472,eyeriss,cifar10,93.970000,4.628660,0.458594,16477
23,3,6854,eyeriss,cifar10,91.040000,2.662580,0.458594,16477
23,3,14112,eyeriss,cifar10,91.296670,2.908340,0.458594,16477
23,4,12438,fpga,cifar10,89.875000,1.648160,0.454361,16251
23,4,8008,fpga,cifar10,93.480000,2.905760,0.454361,16251
23,4,4384,fpga,cifar10,86.796670,1.132960,0.454361,16251
23,4,6111,fpga,cifar10,94.373340,6.678560,0.454361,16251
23,4,8323,fpga,cifar10,90.870000,2.163360,0.454361,16251
23,4,3731,fpga,cifar10,94.343330,5.936160,0.454361,16251
23,4,13611,fpga,cifar10,92.490000,2.390560,0.454361,16251
23,4,5111,fpga,cifar10,94.306660,5.193760,0.454361,16251
23,4,13714,fpga,cifar10,94.373340,6.678560,0.454361,16251
23,4,6584,fpga,cifar10,94.160000,4.163360,0.454361,16251
23,4,10412,fpga,cifar10,93.530000,3.420960,0.454361,16251
23,4,14346,fpga,cifar10,89.986664,2.057760,0.454361,16251
23,4,11472,fpga,cifar10,93.970000,3.648160,0.454361,16251
23,5,25,pixel3,cifar10,86.540000,1.054570,0.715121,16021
23,5,6584,pixel3,cifar10,94.160000,15.720300,0.715121,16021
23,5,13096,pixel3,cifar10,90.700000,2.666040,0.715121,16021
23,5,10689,pixel3,cifar10,90.790000,2.669770,0.715121,16021
23,5,6330,pixel3,cifar10,94.006670,11.512400,0.715121,16021
23,5,4627,pixel3,cifar10,93.270000,7.036050,0.715121,16021
23,5,657,pixel3,cifar10,86.666664,1.192640,0.715121,16021
23,5,13171,pixel3,cifar10,93.530000,7.717220,0.715121,16021
23,5,5111,pixel3,cifar10,94.306660,17.584600,0.715121,16021
23,5,8592,pixel3,cifar10,93.750000,10.769800,0.715121,16021
23,5,3,pixel3,cifar10,86.616670,1.062640,0.715121,16021
23,5,1941,pixel3,cifar10,93.533330,9.128690,0.715121,16021
23,5,8695,pixel3,cifar10,94.220000,17.564500,0.715121,16021
23,5,2018,pixel3,cifar10,94.063330,14.960500,0.715121,16021
23,5,11692,pixel3,cifar10,94.130000,15.490100,0.715121,16021
23,5,2779,pixel3,cifar10,90.806660,3.102950,0.715121,16021
23,5,13987,pixel3,cifar10,93.596664,9.922680,0.715121,16021
23,5,6382,pixel3,cifar10,93.376660,7.048190,0.715121,16021
23,5,6111,pixel3,cifar10,94.373340,23.584800,0.715121,16021
23,5,3731,pixel3,cifar10,94.343330,23.361300,0.715121,16021
23,5,1497,pixel3,cifar10,86.556660,1.056630,0.715121,16021
23,5,6863,pixel3,cifar10,86.740000,1.229320,0.715121,16021
23,5,970,pixel3,cifar10,86.770000,1.474220,0.715121,16021
23,5,1778,pixel3,cifar10,92.180000,6.446230,0.715121,16021
23,5,2035,pixel3,cifar10,89.670000,1.706480,0.715121,16021
23,5,3960,pixel3,cifar10,90.830000,3.112580,0.715121,16021
23,5,1894,pixel3,cifar10,92.110000,5.778250,0.715121,16021
23,5,8720,pixel3,cifar10,89.875000,2.362840,0.715121,16021
23,5,1943,pixel3,cifar10,93.116670,6.492030,0.715121,16021
23,5,1339,pixel3,cifar10,92.136665,5.802240,0.715121,16021
23,5,858,pixel3,cifar10,89.696660,1.870670,0.715121,16021
23,5,12820,pixel3,cifar10,90.880000,3.982790,0.715121,16021
23,5,6918,pixel3,cifar10,87.000000,1.478790,0.715121,16021
23,5,6985,pixel3,cifar10,89.940000,2.367450,0.715121,16021
23,5,9240,pixel3,cifar10,90.860000,3.948650,0.715121,16021
23,5,6854,pixel3,cifar10,91.040000,4.514220,0.715121,16021
23,5,7001,pixel3,cifar10,10.000000,0.003277,0.715121,16021
23,5,6434,pixel3,cifar10,91.080000,4.811140,0.715121,16021
23,5,1804,pixel3,cifar10,89.063330,1.579900,0.715121,16021
23,6,6918,raspi4,cifar10,87.000000,2.787590,0.716252,16114
23,6,6985,raspi4,cifar10,89.940000,4.995646,0.716252,16114
23,6,9980,raspi4,cifar10,10.000000,0.011284,0.716252,16114
23,6,9394,raspi4,cifar10,86.670000,2.752290,0.716252,16114
23,6,11810,raspi4,cifar10,92.780000,18.619905,0.716252,16114
23,6,6111,raspi4,cifar10,94.373340,68.404106,0.716252,16114
23,6,15459,raspi4,cifar10,93.160000,20.628489,0.716252,16114
23,6,8525,raspi4,cifar10,89.320000,4.900777,0.716252,16114
23,6,3731,raspi4,cifar10,94.343330,58.070793,0.716252,16114
23,6,6382,raspi4,cifar10,93.376660,21.461164,0.716252,16114
23,6,11692,raspi4,cifar10,94.130000,37.583630,0.716252,16114
23,6,5780,raspi4,cifar10,93.980000,34.928463,0.716252,16114
23,6,5111,raspi4,cifar10,94.306660,41.756905,0.716252,16114
23,6,4384,raspi4,cifar10,86.796670,2.759305,0.716252,16114
23,6,14677,raspi4,cifar10,88.670000,4.755260,0.716252,16114
23,6,8426,raspi4,cifar10,93.840000,31.394428,0.716252,16114
23,6,4659,raspi4,cifar10,93.396670,22.249382,0.716252,16114
23,6,8592,raspi4,cifar10,93.750000,25.477009,0.716252,16114
23,6,1973,raspi4,cifar10,91.663330,16.185848,0.716252,16114
23,6,1099,raspi4,cifar10,92.240000,18.358124,0.716252,16114
23,6,8008,raspi4,cifar10,93.480000,22.571420,0.716252,16114
23,6,2002,raspi4,cifar10,88.893330,4.817687,0.716252,16114
23,6,6151,raspi4,cifar10,89.010000,4.882748,0.716252,16114
23,6,5991,raspi4,cifar10,92.186670,17.979792,0.716252,16114
23,6,14565,raspi4,cifar10,88.880000,4.781183,0.716252,16114
23,6,7227,raspi4,cifar10,88.930000,4.880882,0.716252,16114
23,6,4432,raspi4,cifar10,90.700000,7.290926,0.716252,16114
23,6,12504,raspi4,cifar10,92.130000,16.890614,0.716252,16114
23,6,15288,raspi4,cifar10,86.660000,2.557443,0.716252,16114
23,6,4689,raspi4,cifar10,90.720000,7.356712,0.716252,16114
23,6,10412,raspi4,cifar10,93.530000,25.079220,0.716252,16114
23,6,7058,raspi4,cifar10,92.040000,16.469465,0.716252,16114
23,6,1941,raspi4,cifar10,93.533330,25.121769,0.716252,16114
23,6,2904,raspi4,cifar10,93.173330,21.220476,0.716252,16114
23,6,8323,raspi4,cifar10,90.870000,7.426308,0.716252,16114
23,6,1690,raspi4,cifar10,86.646670,2.536549,0.716252,16114
23,6,12639,raspi4,cifar10,90.990000,11.857850,0.716252,16114
23,7,1509,edgegpu,cifar100,1.000000,0.505853,0.554492,16255
23,7,4954,edgegpu,cifar100,73.000000,6.669736,0.554492,16255
23,7,11810,edgegpu,cifar100,68.300000,1.779551,0.554492,16255
23,7,9922,edgegpu,cifar100,58.560000,1.428552,0.554492,16255
23,7,8912,edgegpu,cifar100,59.200000,1.441355,0.554492,16255
23,7,9930,edgegpu,cifar100,73.513336,6.803060,0.554492,16255
23,7,12415,edgegpu,cifar100,71.940000,4.828467,0.554492,16255
23,7,8401,edgegpu,cifar100,71.080000,3.302102,0.554492,16255
23,7,4418,edgegpu,cifar100,72.746666,5.352364,0.554492,16255
23,7,2778,edgegpu,cifar100,72.993330,6.134028,0.554492,16255
23,7,3888,edgegpu,cifar100,73.260000,6.797867,0.554492,16255
23,7,1425,edgegpu,cifar100,72.093330,5.310225,0.554492,16255
23,7,11885,edgegpu,cifar100,68.040000,1.776652,0.554492,16255
23,7,6381,edgegpu,cifar100,66.800000,1.753340,0.554492,16255
23,7,9997,edgegpu,cifar100,71.520000,3.466139,0.554492,16255
23,7,14677,edgegpu,cifar100,62.420000,1.746187,0.554492,16255
23,7,2304,edgegpu,cifar100,58.660000,1.440253,0.554492,16255
23,7,1038,edgegpu,cifar100,67.500000,1.758428,0.554492,16255
23,8,3487,edgetpu,cifar100,70.093330,0.637182,0.606173,15899
23,8,12761,edgetpu,cifar100,72.860000,1.225212,0.606173,15899
23,8,6946,edgetpu,cifar100,67.500000,0.486233,0.606173,15899
23,8,3888,edgetpu,cifar100,73.260000,1.316226,0.606173,15899
23,8,8401,edgetpu,cifar100,71.080000,0.728572,0.606173,15899
23,8,15363,edgetpu,cifar100,70.520000,0.676394,0.606173,15899
23,8,69,edgetpu,cifar100,71.020000,0.727259,0.606173,15899
23,8,11973,edgetpu,cifar100,70.340000,0.641728,0.606173,15899
23,8,10000,edgetpu,cifar100,73.160000,1.283461,0.606173,15899
23,8,1110,edgetpu,cifar100,58.840000,0.355938,0.606173,15899
23,8,1943,edgetpu,cifar100,69.626660,0.634759,0.606173,15899
23,8,12574,edgetpu,cifar100,72.740000,0.932430,0.606173,15899
23,8,9997,edgetpu,cifar100,71.520000,0.729986,0.606173,15899
23,8,3303,edgetpu,cifar100,62.420000,0.392593,0.606173,15899
23,8,857,edgetpu,cifar100,72.880000,1.264168,0.606173,15899
23,8,8638,edgetpu,cifar100,58.860000,0.356631,0.606173,15899
23,8,898,edgetpu,cifar100,70.000000,0.636860,0.606173,15899
23,8,10443,edgetpu,cifar100,68.300000,0.489020,0.606173,15899
23,8,5019,edgetpu,cifar100,58.880000,0.357058,0.606173,15899
23,8,1425,edgetpu,cifar100,72.093330,0.910660,0.606173,15899
23,8,13113,edgetpu,cifar100,63.140000,0.398170,0.606173,15899
23,8,2705,edgetpu,cifar100,62.813330,0.393026,0.606173,15899
23,8,9930,edgetpu,cifar100,73.513336,1.454107,0.606173,15899
23,8,12415,edgetpu,cifar100,71.940000,0.872299,0.606173,15899
23,8,577,edgetpu,cifar100,69.680000,0.635228,0.606173,15899
23,8,10596,edgetpu,cifar100,67.633330,0.488672,0.606173,15899
23,8,777,edgetpu,cifar100,58.650000,0.355588,0.606173,15899
23,8,14816,edgetpu,cifar100,66.860000,0.486025,0.606173,15899
23,8,8032,edgetpu,cifar100,67.600000,0.487441,0.606173,15899
23,8,4418,edgetpu,cifar100,72.746666,1.093699,0.606173,15899
23,8,4977,edgetpu,cifar100,63.360000,0.398743,0.606173,15899
23,8,797,edgetpu,cifar100,69.580000,0.633351,0.606173,15899
23,8,14945,edgetpu,cifar100,58.500000,0.354940,0.606173,15899
23,8,12607,edgetpu,cifar100,62.600000,0.392830,0.606173,15899
23,8,11533,edgetpu,cifar100,69.760000,0.635877,0.606173,15899
23,8,704,edgetpu,cifar100,62.870000,0.396870,0.606173,15899
23,8,4155,edgetpu,cifar100,62.306667,0.391442,0.606173,15899
23,8,8912,edgetpu,cifar100,59.200000,0.377698,0.606173,15899
23,9,11973,eyeriss,cifar100,70.340000,3.402880,0.497515,16582
23,9,8139,eyeriss,cifar100,64.440000,1.928320,0.497515,16582
23,9,12820,eyeriss,cifar100,67.720000,2.419840,0.497515,16582
23,9,6925,eyeriss,cifar100,71.220000,3.894400,0.497515,16582
23,9,9930,eyeriss,cifar100,73.513336,9.055360,0.497515,16582
23,9,3888,eyeriss,cifar100,73.260000,6.597760,0.497515,16582
23,9,14714,eyeriss,cifar100,71.280000,4.140160,0.497515,16582
23,9,5084,eyeriss,cifar100,58.813330,1.682560,0.497515,16582
23,9,375,eyeriss,cifar100,64.440000,1.928320,0.497515,16582
23,9,10689,eyeriss,cifar100,67.500000,2.174080,0.497515,16582
23,9,12761,eyeriss,cifar100,72.860000,6.352000,0.497515,16582
23,9,3540,eyeriss,cifar100,71.500000,4.877440,0.497515,16582
23,9,14112,eyeriss,cifar100,68.386665,2.911360,0.497515,16582
23,9,6787,eyeriss,cifar100,70.720000,3.648640,0.497515,16582
23,9,12574,eyeriss,cifar100,72.740000,5.123200,0.497515,16582
23,9,11301,eyeriss,cifar100,68.220000,2.665600,0.497515,16582
23,10,12574,fpga,cifar100,72.740000,4.678560,0.508421,16339
23,10,5084,fpga,cifar100,58.813330,1.132960,0.508421,16339
23,10,12820,fpga,cifar100,67.720000,2.678560,0.508421,16339
23,10,12761,fpga,cifar100,72.860000,5.420960,0.508421,16339
23,10,7250,fpga,cifar100,67.706665,2.390560,0.508421,16339
23,10,69,fpga,cifar100,71.020000,3.648160,0.508421,16339
23,10,6787,fpga,cifar100,70.720000,3.420960,0.508421,16339
23,10,4659,fpga,cifar100,70.060000,2.905760,0.508421,16339
23,10,9930,fpga,cifar100,73.513336,7.420960,0.508421,16339
23,10,4249,fpga,cifar100,65.080000,2.057760,0.508421,16339
23,10,3540,fpga,cifar100,71.500000,4.163360,0.508421,16339
23,10,10689,fpga,cifar100,67.500000,2.163360,0.508421,16339
23,10,3888,fpga,cifar100,73.260000,5.936160,0.508421,16339
23,10,3687,fpga,cifar100,64.460000,1.648160,0.508421,16339
23,10,5033,fpga,cifar100,59.060000,1.542560,0.508421,16339
23,10,6925,fpga,cifar100,71.220000,3.936160,0.508421,16339
23,10,9997,fpga,cifar100,71.520000,4.572960,0.508421,16339
23,10,6830,fpga,cifar100,71.460000,4.057760,0.508421,16339
23,11,9930,pixel3,cifar100,73.513336,42.003600,0.625054,16105
23,11,11635,pixel3,cifar100,64.640000,2.823120,0.625054,16105
23,11,857,pixel3,cifar100,72.880000,19.113200,0.625054,16105
23,11,6787,pixel3,cifar100,70.720000,9.854430,0.625054,16105
23,11,572,pixel3,cifar100,70.313330,8.017480,0.625054,16105
23,11,15363,pixel3,cifar100,70.520000,9.708640,0.625054,16105
23,11,11000,pixel3,cifar100,71.180000,10.677600,0.625054,16105
23,11,1409,pixel3,cifar100,58.853333,1.275090,0.625054,16105
23,11,1459,pixel3,cifar100,73.140000,23.437900,0.625054,16105
23,11,906,pixel3,cifar100,62.393333,1.661810,0.625054,16105
23,11,1357,pixel3,cifar100,67.480000,3.998260,0.625054,16105
23,11,777,pixel3,cifar100,58.650000,1.087020,0.625054,16105
23,11,3888,pixel3,cifar100,73.260000,23.477200,0.625054,16105
23,11,8912,pixel3,cifar100,59.200000,1.478790,0.625054,16105
23,11,12574,pixel3,cifar100,72.740000,16.473900,0.625054,16105
23,11,9649,pixel3,cifar100,64.540000,2.536210,0.625054,16105
23,11,699,pixel3,cifar100,72.240000,12.079400,0.625054,16105
23,11,6337,pixel3,cifar100,1.000000,0.008753,0.625054,16105
23,11,1416,pixel3,cifar100,64.493330,2.084060,0.625054,16105
23,11,898,pixel3,cifar100,70.000000,6.516140,0.625054,16105
23,11,724,pixel3,cifar100,67.053340,2.875650,0.625054,16105
23,11,1593,pixel3,cifar100,62.126667,1.582050,0.625054,16105
23,11,12639,pixel3,cifar100,68.000000,5.704280,0.625054,16105
23,11,8638,pixel3,cifar100,58.860000,1.478570,0.625054,16105
23,12,6918,raspi4,cifar100,58.800000,2.571364,0.692417,16036
23,12,10042,raspi4,cifar100,64.880000,5.100886,0.692417,16036
23,12,15363,raspi4,cifar100,70.520000,21.809430,0.692417,16036
23,12,6822,raspi4,cifar100,58.426666,2.558594,0.692417,16036
23,12,12915,raspi4,cifar100,66.950000,7.226311,0.692417,16036
23,12,3888,raspi4,cifar100,73.260000,55.029520,0.692417,16036
23,12,2018,raspi4,cifar100,72.360000,39.345867,0.692417,16036
23,12,15589,raspi4,cifar100,59.060000,2.795078,0.692417,16036
23,12,14612,raspi4,cifar100,58.720000,2.563505,0.692417,16036
23,12,2058,raspi4,cifar100,69.613335,20.052132,0.692417,16036
23,12,15383,raspi4,cifar100,71.660000,38.693768,0.692417,16036
23,12,8740,raspi4,cifar100,1.000000,0.015215,0.692417,16036
23,12,7031,raspi4,cifar100,69.526665,19.879576,0.692417,16036
23,12,12607,raspi4,cifar100,62.600000,4.779045,0.692417,16036
23,12,3385,raspi4,cifar100,72.380000,42.309270,0.692417,16036
23,12,4659,raspi4,cifar100,70.060000,21.672482,0.692417,16036
23,12,6787,raspi4,cifar100,70.720000,23.081835,0.692417,16036
23,12,8912,raspi4,cifar100,59.200000,2.818969,0.692417,16036
23,12,14112,raspi4,cifar100,68.386665,14.423308,0.692417,16036
23,12,10222,raspi4,cifar100,58.860000,2.747804,0.692417,16036
23,12,9997,raspi4,cifar100,71.520000,34.996710,0.692417,16036
23,12,9930,raspi4,cifar100,73.513336,71.152000,0.692417,16036
23,12,4409,raspi4,cifar100,67.173330,7.228629,0.692417,16036
23,12,13430,raspi4,cifar100,66.700000,7.203785,0.692417,16036
23,12,1459,raspi4,cifar100,73.140000,53.879950,0.692417,16036
23,12,2035,raspi4,cifar100,63.926666,5.005698,0.692417,16036
23,12,2222,raspi4,cifar100,58.313330,2.538255,0.692417,16036
23,12,12761,raspi4,cifar100,72.860000,53.718200,0.692417,16036
23,12,4418,raspi4,cifar100,72.746666,47.162354,0.692417,16036
23,12,14792,raspi4,cifar100,69.500000,19.111843,0.692417,16036
23,12,7556,raspi4,cifar100,71.526665,36.461315,0.692417,16036
23,12,898,raspi4,cifar100,70.000000,21.506163,0.692417,16036
23,12,14811,raspi4,cifar100,69.680000,20.361189,0.692417,16036
23,12,14714,raspi4,cifar100,71.280000,24.692347,0.692417,16036
23,12,1357,raspi4,cifar100,67.480000,10.177114,0.692417,16036
23,12,9271,raspi4,cifar100,63.400000,4.800893,0.692417,16036
23,12,375,raspi4,cifar100,64.440000,5.099302,0.692417,16036
23,12,3408,raspi4,cifar100,63.993332,5.081906,0.692417,16036
23,12,6925,raspi4,cifar100,71.220000,24.195030,0.692417,16036
23,13,10947,edgegpu,ImageNet16-120,39.944443,1.909800,0.633689,16385
23,13,4988,edgegpu,ImageNet16-120,28.933332,1.448212,0.633689,16385
23,13,9077,edgegpu,ImageNet16-120,39.500000,1.801076,0.633689,16385
23,13,14840,edgegpu,ImageNet16-120,45.311110,4.224715,0.633689,16385
23,13,15376,edgegpu,ImageNet16-120,0.833333,0.533953,0.633689,16385
23,13,8355,edgegpu,ImageNet16-120,39.666668,1.810203,0.633689,16385
23,13,15288,edgegpu,ImageNet16-120,28.422222,1.417041,0.633689,16385
23,13,6950,edgegpu,ImageNet16-120,38.700000,1.740150,0.633689,16385
23,13,14117,edgegpu,ImageNet16-120,28.677778,1.435547,0.633689,16385
23,13,8401,edgegpu,ImageNet16-120,43.833332,3.322444,0.633689,16385
23,13,7760,edgegpu,ImageNet16-120,39.100000,1.743751,0.633689,16385
23,13,4332,edgegpu,ImageNet16-120,39.444443,1.745496,0.633689,16385
23,13,2650,edgegpu,ImageNet16-120,42.433334,3.309817,0.633689,16385
23,13,4946,edgegpu,ImageNet16-120,44.700000,3.490419,0.633689,16385
23,13,8884,edgegpu,ImageNet16-120,45.033333,3.499999,0.633689,16385
23,13,454,edgegpu,ImageNet16-120,41.277780,3.303313,0.633689,16385
23,13,12081,edgegpu,ImageNet16-120,40.233334,2.730479,0.633689,16385
23,13,4587,edgegpu,ImageNet16-120,28.800000,1.445131,0.633689,16385
23,13,12415,edgegpu,ImageNet16-120,46.566666,4.667692,0.633689,16385
23,13,8734,edgegpu,ImageNet16-120,39.466667,1.766081,0.633689,16385
23,13,15159,edgegpu,ImageNet16-120,45.566666,4.632421,0.633689,16385
23,13,1164,edgegpu,ImageNet16-120,28.522223,1.435223,0.633689,16385
23,13,9586,edgegpu,ImageNet16-120,46.933334,5.222673,0.633689,16385
23,13,9722,edgegpu,ImageNet16-120,44.000000,3.327813,0.633689,16385
23,13,857,edgegpu,ImageNet16-120,47.311110,6.707663,0.633689,16385
23,13,8426,edgegpu,ImageNet16-120,44.633335,3.370147,0.633689,16385
23,13,15383,edgegpu,ImageNet16-120,47.033333,6.262836,0.633689,16385
23,13,11438,edgegpu,ImageNet16-120,39.733334,1.903386,0.633689,16385
23,13,7187,edgegpu,ImageNet16-120,28.683332,1.443858,0.633689,16385
23,14,70,edgetpu,ImageNet16-120,39.377777,0.428228,0.658168,16364
23,14,4627,edgetpu,ImageNet16-120,43.500000,0.552306,0.658168,16364
23,14,857,edgetpu,ImageNet16-120,47.311110,0.997730,0.658168,16364
23,14,7750,edgetpu,ImageNet16-120,43.066666,0.551617,0.658168,16364
23,14,2560,edgetpu,ImageNet16-120,28.200000,0.359160,0.658168,16364
23,14,3540,edgetpu,ImageNet16-120,45.122223,0.648670,0.658168,16364
23,14,8884,edgetpu,ImageNet16-120,45.033333,0.615792,0.658168,16364
23,14,14677,edgetpu,ImageNet16-120,33.233334,0.364575,0.658168,16364
23,14,14527,edgetpu,ImageNet16-120,28.133333,0.358865,0.658168,16364
23,14,13284,edgetpu,ImageNet16-120,40.177776,0.534381,0.658168,16364
23,14,7273,edgetpu,ImageNet16-120,42.966667,0.550014,0.658168,16364
23,14,4160,edgetpu,ImageNet16-120,39.833332,0.430355,0.658168,16364
23,14,11885,edgetpu,ImageNet16-120,39.166668,0.427395,0.658168,16364
23,14,12415,edgetpu,ImageNet16-120,46.566666,0.710906,0.658168,16364
23,14,13769,edgetpu,ImageNet16-120,41.555557,0.549360,0.658168,16364
23,14,15383,edgetpu,ImageNet16-120,47.033333,0.780914,0.658168,16364
23,14,4830,edgetpu,ImageNet16-120,42.233334,0.549457,0.658168,16364
23,14,7431,edgetpu,ImageNet16-120,32.577778,0.363954,0.658168,16364
23,14,7357,edgetpu,ImageNet16-120,44.666668,0.600498,0.658168,16364
23,14,15363,edgetpu,ImageNet16-120,44.333332,0.582280,0.658168,16364
23,14,6950,edgetpu,ImageNet16-120,38.700000,0.427379,0.658168,16364
23,14,5530,edgetpu,ImageNet16-120,42.577778,0.549937,0.658168,16364
23,14,5674,edgetpu,ImageNet16-120,39.650000,0.428605,0.658168,16364
23,14,11079,edgetpu,ImageNet16-120,43.566666,0.552430,0.658168,16364
23,14,11262,edgetpu,ImageNet16-120,39.733334,0.430019,0.658168,16364
23,14,6858,edgetpu,ImageNet16-120,40.333332,0.541300,0.658168,16364
23,14,4988,edgetpu,ImageNet16-120,28.933332,0.360694,0.658168,16364
23,14,13972,edgetpu,ImageNet16-120,31.933332,0.363440,0.658168,16364
23,14,13931,edgetpu,ImageNet16-120,28.788889,0.360349,0.658168,16364
23,14,10332,edgetpu,ImageNet16-120,40.033333,0.516152,0.658168,16364
23,14,1172,edgetpu,ImageNet16-120,39.933334,0.515935,0.658168,16364
23,14,6407,edgetpu,ImageNet16-120,32.333332,0.363748,0.658168,16364
23,14,14662,edgetpu,ImageNet16-120,41.166668,0.547835,0.658168,16364
23,15,4988,eyeriss,ImageNet16-120,28.933332,0.423040,0.485770,16559
23,15,6787,eyeriss,ImageNet16-120,44.400000,0.914560,0.485770,16559
23,15,8853,eyeriss,ImageNet16-120,45.600000,1.037440,0.485770,16559
23,15,8008,eyeriss,ImageNet16-120,43.500000,0.853120,0.485770,16559
23,15,857,eyeriss,ImageNet16-120,47.311110,1.651840,0.485770,16559
23,15,14417,eyeriss,ImageNet16-120,45.900000,1.098880,0.485770,16559
23,15,1939,eyeriss,ImageNet16-120,45.077778,0.976000,0.485770,16559
23,15,479,eyeriss,ImageNet16-120,38.500000,0.607360,0.485770,16559
23,15,15383,eyeriss,ImageNet16-120,47.033333,1.283200,0.485770,16559
23,15,2835,eyeriss,ImageNet16-120,38.222220,0.545920,0.485770,16559
23,15,6854,eyeriss,ImageNet16-120,40.800000,0.668800,0.485770,16559
23,15,5487,eyeriss,ImageNet16-120,38.500000,0.607360,0.485770,16559
23,15,4829,eyeriss,ImageNet16-120,34.200000,0.484480,0.485770,16559
23,16,6519,fpga,ImageNet16-120,40.183334,0.784000,0.521522,16231
23,16,857,fpga,ImageNet16-120,47.311110,2.038400,0.521522,16231
23,16,15383,fpga,ImageNet16-120,47.033333,1.504000,0.521522,16231
23,16,1939,fpga,ImageNet16-120,45.077778,1.062400,0.521522,16231
23,16,14748,fpga,ImageNet16-120,44.900000,0.995200,0.521522,16231
23,16,6787,fpga,ImageNet16-120,44.400000,0.969600,0.521522,16231
23,16,8853,fpga,ImageNet16-120,45.600000,1.155200,0.521522,16231
23,16,6854,fpga,ImageNet16-120,40.800000,0.809120,0.521522,16231
23,16,5793,fpga,ImageNet16-120,35.033333,0.517920,0.521522,16231
23,16,14417,fpga,ImageNet16-120,45.900000,1.276320,0.521522,16231
23,16,2835,fpga,ImageNet16-120,38.222220,0.546720,0.521522,16231
23,16,9805,fpga,ImageNet16-120,34.133335,0.415520,0.521522,16231
23,16,6868,fpga,ImageNet16-120,39.000000,0.649120,0.521522,16231
23,16,4988,fpga,ImageNet16-120,28.933332,0.284320,0.521522,16231
23,16,8008,fpga,ImageNet16-120,43.500000,0.876800,0.521522,16231
23,16,11593,fpga,ImageNet16-120,40.166668,0.780320,0.521522,16231
23,17,12516,pixel3,ImageNet16-120,32.083332,0.617816,0.720162,16000
23,17,13756,pixel3,ImageNet16-120,0.833333,0.005289,0.720162,16000
23,17,12355,pixel3,ImageNet16-120,45.033333,2.989390,0.720162,16000
23,17,1595,pixel3,ImageNet16-120,32.255554,0.618134,0.720162,16000
23,17,1110,pixel3,ImageNet16-120,28.600000,0.423927,0.720162,16000
23,17,872,pixel3,ImageNet16-120,41.777780,2.465030,0.720162,16000
23,17,12466,pixel3,ImageNet16-120,46.100000,4.680280,0.720162,16000
23,17,15383,pixel3,ImageNet16-120,47.033333,5.191720,0.720162,16000
23,17,4004,pixel3,ImageNet16-120,42.811110,2.467510,0.720162,16000
23,17,2835,pixel3,ImageNet16-120,38.222220,0.868646,0.720162,16000
23,17,1804,pixel3,ImageNet16-120,32.833332,0.620998,0.720162,16000
23,17,12639,pixel3,ImageNet16-120,40.400000,1.304440,0.720162,16000
23,17,7187,pixel3,ImageNet16-120,28.683332,0.425223,0.720162,16000
23,17,4988,pixel3,ImageNet16-120,28.933332,0.485996,0.720162,16000
23,17,898,pixel3,ImageNet16-120,42.466667,2.467210,0.720162,16000
23,17,10888,pixel3,ImageNet16-120,28.333334,0.422652,0.720162,16000
23,17,1939,pixel3,ImageNet16-120,45.077778,3.021500,0.720162,16000
23,17,8853,pixel3,ImageNet16-120,45.600000,3.554540,0.720162,16000
23,17,14417,pixel3,ImageNet16-120,45.900000,4.143030,0.720162,16000
23,17,2858,pixel3,ImageNet16-120,33.022220,0.622191,0.720162,16000
23,17,6014,pixel3,ImageNet16-120,28.533333,0.423391,0.720162,16000
23,17,2899,pixel3,ImageNet16-120,43.911110,2.701210,0.720162,16000
23,17,12424,pixel3,ImageNet16-120,43.133330,2.470150,0.720162,16000
23,17,11000,pixel3,ImageNet16-120,44.866665,2.962520,0.720162,16000
23,17,2018,pixel3,ImageNet16-120,46.433334,4.949210,0.720162,16000
23,17,12103,pixel3,ImageNet16-120,28.250000,0.422433,0.720162,16000
23,17,6854,pixel3,ImageNet16-120,40.800000,1.621620,0.720162,16000
23,17,323,pixel3,ImageNet16-120,32.800000,0.619481,0.720162,16000
23,17,3728,pixel3,ImageNet16-120,28.500000,0.422880,0.720162,16000
23,17,12506,pixel3,ImageNet16-120,43.983334,2.929990,0.720162,16000
23,17,5487,pixel3,ImageNet16-120,38.500000,1.109150,0.720162,16000
23,17,4384,pixel3,ImageNet16-120,28.133333,0.421612,0.720162,16000
23,17,4432,pixel3,ImageNet16-120,37.800000,0.861157,0.720162,16000
23,17,2705,pixel3,ImageNet16-120,32.355556,0.618693,0.720162,16000
23,17,1204,pixel3,ImageNet16-120,37.844444,0.864966,0.720162,16000
23,17,11079,pixel3,ImageNet16-120,43.566666,2.479610,0.720162,16000
23,17,857,pixel3,ImageNet16-120,47.311110,6.686850,0.720162,16000
23,17,10154,pixel3,ImageNet16-120,46.133335,4.783700,0.720162,16000
23,17,8584,pixel3,ImageNet16-120,34.088890,0.664046,0.720162,16000
23,17,1425,pixel3,ImageNet16-120,45.977780,4.619290,0.720162,16000
23,17,5647,pixel3,ImageNet16-120,32.933334,0.621090,0.720162,16000
23,17,13059,pixel3,ImageNet16-120,34.266666,0.668679,0.720162,16000
23,18,933,raspi4,ImageNet16-120,0.833333,0.011514,0.833605,16233
23,18,10472,raspi4,ImageNet16-120,39.633335,3.079679,0.833605,16233
23,18,4988,raspi4,ImageNet16-120,28.933332,1.003251,0.833605,16233
23,18,12505,raspi4,ImageNet16-120,39.283333,3.062432,0.833605,16233
23,18,4160,raspi4,ImageNet16-120,39.833332,3.114462,0.833605,16233
23,18,1413,raspi4,ImageNet16-120,42.711113,3.788479,0.833605,16233
23,18,8736,raspi4,ImageNet16-120,45.700000,6.658077,0.833605,16233
23,18,11946,raspi4,ImageNet16-120,28.200000,0.940293,0.833605,16233
23,18,10835,raspi4,ImageNet16-120,45.233334,6.632419,0.833605,16233
23,18,4995,raspi4,ImageNet16-120,42.166668,3.766336,0.833605,16233
23,18,10217,raspi4,ImageNet16-120,45.100000,6.109362,0.833605,16233
23,18,12452,raspi4,ImageNet16-120,40.533333,3.592146,0.833605,16233
23,18,3960,raspi4,ImageNet16-120,37.755554,2.197980,0.833605,16233
23,18,3431,raspi4,ImageNet16-120,32.966667,1.536690,0.833605,16233
23,18,857,raspi4,ImageNet16-120,47.311110,9.020064,0.833605,16233
23,18,6336,raspi4,ImageNet16-120,39.366665,3.073392,0.833605,16233
23,18,15363,raspi4,ImageNet16-120,44.333332,4.480516,0.833605,16233
23,18,5973,raspi4,ImageNet16-120,40.100000,3.159922,0.833605,16233
23,18,380,raspi4,ImageNet16-120,38.900000,3.038936,0.833605,16233
23,18,2018,raspi4,ImageNet16-120,46.433334,7.482383,0.833605,16233
23,18,1939,raspi4,ImageNet16-120,45.077778,5.341908,0.833605,16233
23,18,1188,raspi4,ImageNet16-120,32.455555,1.526725,0.833605,16233
23,18,2649,raspi4,ImageNet16-120,33.788887,1.582191,0.833605,16233
23,18,3782,raspi4,ImageNet16-120,41.866665,3.755286,0.833605,16233
23,18,1204,raspi4,ImageNet16-120,37.844444,2.199356,0.833605,16233
23,18,5530,raspi4,ImageNet16-120,42.577778,3.785925,0.833605,16233
23,18,15383,raspi4,ImageNet16-120,47.033333,8.565354,0.833605,16233
23,18,11584,raspi4,ImageNet16-120,46.666668,8.014434,0.833605,16233
23,18,13284,raspi4,ImageNet16-120,40.177776,3.191073,0.833605,16233
23,18,9496,raspi4,ImageNet16-120,38.200000,2.204048,0.833605,16233
23,18,11079,raspi4,ImageNet16-120,43.566666,3.802027,0.833605,16233
23,18,219,raspi4,ImageNet16-120,42.500000,3.768475,0.833605,16233
23,18,7252,raspi4,ImageNet16-120,44.666668,5.322441,0.833605,16233
23,18,12358,raspi4,ImageNet16-120,34.055557,1.582727,0.833605,16233
23,18,6787,raspi4,ImageNet16-120,44.400000,4.532777,0.833605,16233
23,18,8355,raspi4,ImageNet16-120,39.666668,3.083286,0.833605,16233
23,18,7187,raspi4,ImageNet16-120,28.683332,0.952790,0.833605,16233
23,18,8426,raspi4,ImageNet16-120,44.633335,5.288439,0.833605,16233
23,18,6244,raspi4,ImageNet16-120,33.622223,1.581803,0.833605,16233
23,18,45,raspi4,ImageNet16-120,33.611110,1.581422,0.833605,16233
23,18,4179,raspi4,ImageNet16-120,38.433334,2.951226,0.833605,16233
23,18,12355,raspi4,ImageNet16-120,45.033333,5.326674,0.833605,16233
23,18,11209,raspi4,ImageNet16-120,33.266666,1.580655,0.833605,16233
23,18,13771,raspi4,ImageNet16-120,32.744446,1.533813,0.833605,16233
23,18,9032,raspi4,ImageNet16-120,38.016666,2.201532,0.833605,16233
23,18,8683,raspi4,ImageNet16-120,44.200000,4.462997,0.833605,16233
23,18,13059,raspi4,ImageNet16-120,34.266666,1.595651,0.833605,16233
23,18,5487,raspi4,ImageNet16-120,38.500000,3.019000,0.833605,16233
23,18,2779,raspi4,ImageNet16-120,37.355556,2.190654,0.833605,16233
24,1,10484,edgegpu,cifar10,93.810000,3.354015,0.545726,16323
24,1,258,edgegpu,cifar10,93.640000,3.307109,0.545726,16323
24,1,561,edgegpu,cifar10,86.880000,1.451068,0.545726,16323
24,1,6960,edgegpu,cifar10,92.280000,1.764450,0.545726,16323
24,1,5780,edgegpu,cifar10,93.980000,3.361888,0.545726,16323
24,1,11692,edgegpu,cifar10,94.130000,4.708362,0.545726,16323
24,1,6950,edgegpu,cifar10,92.000000,1.738467,0.545726,16323
24,1,13401,edgegpu,cifar10,87.010000,1.457009,0.545726,16323
24,1,13714,edgegpu,cifar10,94.373340,6.772180,0.545726,16323
24,1,2053,edgegpu,cifar10,94.206665,5.482254,0.545726,16323
24,1,1459,edgegpu,cifar10,94.296670,6.748991,0.545726,16323
24,1,15200,edgegpu,cifar10,10.000000,0.501385,0.545726,16323
24,1,14527,edgegpu,cifar10,86.765000,1.439619,0.545726,16323
24,1,11438,edgegpu,cifar10,92.500000,1.846719,0.545726,16323
24,1,5292,edgegpu,cifar10,94.293335,6.663151,0.545726,16323
24,1,1549,edgegpu,cifar10,86.710000,1.436324,0.545726,16323
24,1,6330,edgegpu,cifar10,94.006670,4.384699,0.545726,16323
24,1,14407,edgegpu,cifar10,86.770000,1.440282,0.545726,16323
24,1,5400,edgegpu,cifar10,86.630000,1.427460,0.545726,16323
24,1,12081,edgegpu,cifar10,92.590000,2.886577,0.545726,16323
24,1,6499,edgegpu,cifar10,93.645000,3.331041,0.545726,16323
24,1,1339,edgegpu,cifar10,92.136665,1.751881,0.545726,16323
24,1,14090,edgegpu,cifar10,92.086670,1.749086,0.545726,16323
24,2,10581,edgetpu,cifar10,89.015000,0.390403,0.679546,16119
24,2,7017,edgetpu,cifar10,86.970000,0.353089,0.679546,16119
24,2,5258,edgetpu,cifar10,88.775000,0.388629,0.679546,16119
24,2,5780,edgetpu,cifar10,93.980000,0.723967,0.679546,16119
24,2,4161,edgetpu,cifar10,89.250000,0.391221,0.679546,16119
24,2,3731,edgetpu,cifar10,94.343330,1.282820,0.679546,16119
24,2,10815,edgetpu,cifar10,88.970000,0.389885,0.679546,16119
24,2,2053,edgetpu,cifar10,94.206665,1.042178,0.679546,16119
24,2,13714,edgetpu,cifar10,94.373340,1.377865,0.679546,16119
24,2,6515,edgetpu,cifar10,93.616670,0.722858,0.679546,16119
24,2,11810,edgetpu,cifar10,92.780000,0.482879,0.679546,16119
24,2,9689,edgetpu,cifar10,93.370000,0.628386,0.679546,16119
24,2,8192,edgetpu,cifar10,93.093330,0.627745,0.679546,16119
24,2,6407,edgetpu,cifar10,88.933334,0.389381,0.679546,16119
24,2,9950,edgetpu,cifar10,93.840000,0.723767,0.679546,16119
24,2,6382,edgetpu,cifar10,93.376660,0.628638,0.679546,16119
24,2,5111,edgetpu,cifar10,94.306660,1.152010,0.679546,16119
24,2,5224,edgetpu,cifar10,88.980000,0.389900,0.679546,16119
24,2,11692,edgetpu,cifar10,94.130000,0.761100,0.679546,16119
24,2,4806,edgetpu,cifar10,89.070000,0.390448,0.679546,16119
24,2,8008,edgetpu,cifar10,93.480000,0.629746,0.679546,16119
24,2,797,edgetpu,cifar10,93.280000,0.627996,0.679546,16119
24,2,15000,edgetpu,cifar10,92.400000,0.481741,0.679546,16119
24,2,13320,edgetpu,cifar10,89.330000,0.396446,0.679546,16119
24,2,11112,edgetpu,cifar10,92.110000,0.480732,0.679546,16119
24,2,2485,edgetpu,cifar10,86.700000,0.346546,0.679546,16119
24,2,3927,edgetpu,cifar10,93.626660,0.723268,0.679546,16119
24,2,4438,edgetpu,cifar10,92.270000,0.481473,0.679546,16119
24,3,5111,eyeriss,cifar10,94.306660,5.365940,0.457147,16495
24,3,8592,eyeriss,cifar10,93.750000,3.891380,0.457147,16495
24,3,12438,eyeriss,cifar10,89.875000,1.925300,0.457147,16495
24,3,8323,eyeriss,cifar10,90.870000,2.171060,0.457147,16495
24,3,6584,eyeriss,cifar10,94.160000,4.874420,0.457147,16495
24,3,3731,eyeriss,cifar10,94.343330,6.594740,0.457147,16495
24,3,6854,eyeriss,cifar10,91.040000,2.662580,0.457147,16495
24,3,4384,eyeriss,cifar10,86.796670,1.679540,0.457147,16495
24,3,6111,eyeriss,cifar10,94.373340,7.823540,0.457147,16495
24,3,13714,eyeriss,cifar10,94.373340,7.823540,0.457147,16495
24,3,13987,eyeriss,cifar10,93.596664,3.645620,0.457147,16495
24,3,13611,eyeriss,cifar10,92.490000,3.154100,0.457147,16495
24,3,8008,eyeriss,cifar10,93.480000,3.399860,0.457147,16495
24,3,14112,eyeriss,cifar10,91.296670,2.908340,0.457147,16495
24,3,11472,eyeriss,cifar10,93.970000,4.628660,0.457147,16495
24,3,8720,eyeriss,cifar10,89.875000,1.925300,0.457147,16495
24,4,11472,fpga,cifar10,93.970000,3.648160,0.436043,16316
24,4,758,fpga,cifar10,86.705000,1.132960,0.436043,16316
24,4,15000,fpga,cifar10,92.400000,2.390560,0.436043,16316
24,4,13714,fpga,cifar10,94.373340,6.678560,0.436043,16316
24,4,6584,fpga,cifar10,94.160000,4.163360,0.436043,16316
24,4,6111,fpga,cifar10,94.373340,6.678560,0.436043,16316
24,4,15295,fpga,cifar10,90.050000,2.057760,0.436043,16316
24,4,10412,fpga,cifar10,93.530000,3.420960,0.436043,16316
24,4,3731,fpga,cifar10,94.343330,5.936160,0.436043,16316
24,4,5111,fpga,cifar10,94.306660,5.193760,0.436043,16316
24,4,8323,fpga,cifar10,90.870000,2.163360,0.436043,16316
24,4,8720,fpga,cifar10,89.875000,1.648160,0.436043,16316
24,4,55,fpga,cifar10,86.756670,1.542560,0.436043,16316
24,4,8008,fpga,cifar10,93.480000,2.905760,0.436043,16316
24,4,12438,fpga,cifar10,89.875000,1.648160,0.436043,16316
24,5,12139,pixel3,cifar10,90.660000,3.098500,0.743454,16190
24,5,6999,pixel3,cifar10,93.820000,12.260900,0.743454,16190
24,5,6382,pixel3,cifar10,93.376660,7.048190,0.743454,16190
24,5,2018,pixel3,cifar10,94.063330,14.960500,0.743454,16190
24,5,5111,pixel3,cifar10,94.306660,17.584600,0.743454,16190
24,5,3731,pixel3,cifar10,94.343330,23.361300,0.743454,16190
24,5,1425,pixel3,cifar10,93.933334,12.536500,0.743454,16190
24,5,6111,pixel3,cifar10,94.373340,23.584800,0.743454,16190
24,5,3385,pixel3,cifar10,93.990000,13.656500,0.743454,16190
24,5,9035,pixel3,cifar10,90.690000,3.100790,0.743454,16190
24,5,55,pixel3,cifar10,86.756670,1.057440,0.743454,16190
24,5,13869,pixel3,cifar10,93.656670,10.634700,0.743454,16190
24,5,11692,pixel3,cifar10,94.130000,15.490100,0.743454,16190
24,5,1781,pixel3,cifar10,89.883330,1.712020,0.743454,16190
24,5,8695,pixel3,cifar10,94.220000,17.564500,0.743454,16190
24,5,6434,pixel3,cifar10,91.080000,4.811140,0.743454,16190
24,5,7001,pixel3,cifar10,10.000000,0.003277,0.743454,16190
24,5,12452,pixel3,cifar10,91.350000,5.590110,0.743454,16190
24,5,8592,pixel3,cifar10,93.750000,10.769800,0.743454,16190
24,5,13171,pixel3,cifar10,93.530000,7.717220,0.743454,16190
24,5,1941,pixel3,cifar10,93.533330,9.128690,0.743454,16190
24,5,1497,pixel3,cifar10,86.556660,1.056630,0.743454,16190
24,5,13987,pixel3,cifar10,93.596664,9.922680,0.743454,16190
24,5,8323,pixel3,cifar10,90.870000,3.106420,0.743454,16190
24,5,4409,pixel3,cifar10,90.590000,3.093750,0.743454,16190
24,5,6918,pixel3,cifar10,87.000000,1.478790,0.743454,16190
24,5,5224,pixel3,cifar10,88.980000,1.570360,0.743454,16190
24,5,6854,pixel3,cifar10,91.040000,4.514220,0.743454,16190
24,5,7197,pixel3,cifar10,90.366670,2.447670,0.743454,16190
24,5,6584,pixel3,cifar10,94.160000,15.720300,0.743454,16190
24,5,1804,pixel3,cifar10,89.063330,1.579900,0.743454,16190
24,5,2779,pixel3,cifar10,90.806660,3.102950,0.743454,16190
24,5,1943,pixel3,cifar10,93.116670,6.492030,0.743454,16190
24,5,4627,pixel3,cifar10,93.270000,7.036050,0.743454,16190
24,5,1339,pixel3,cifar10,92.136665,5.802240,0.743454,16190
24,5,1778,pixel3,cifar10,92.180000,6.446230,0.743454,16190
24,5,6957,pixel3,cifar10,90.400000,3.086110,0.743454,16190
24,5,7017,pixel3,cifar10,86.970000,1.403930,0.743454,16190
24,5,11972,pixel3,cifar10,91.510000,5.627010,0.743454,16190
24,5,9230,pixel3,cifar10,86.580000,1.056760,0.743454,16190
24,6,6985,raspi4,cifar10,89.940000,4.995646,0.710176,16076
24,6,15288,raspi4,cifar10,86.660000,2.557443,0.710176,16076
24,6,7058,raspi4,cifar10,92.040000,16.469465,0.710176,16076
24,6,14565,raspi4,cifar10,88.880000,4.781183,0.710176,16076
24,6,6931,raspi4,cifar10,93.780000,33.088142,0.710176,16076
24,6,8008,raspi4,cifar10,93.480000,22.571420,0.710176,16076
24,6,8323,raspi4,cifar10,90.870000,7.426308,0.710176,16076
24,6,11692,raspi4,cifar10,94.130000,37.583630,0.710176,16076
24,6,13320,raspi4,cifar10,89.330000,4.889096,0.710176,16076
24,6,4689,raspi4,cifar10,90.720000,7.356712,0.710176,16076
24,6,6382,raspi4,cifar10,93.376660,21.461164,0.710176,16076
24,6,12002,raspi4,cifar10,93.510000,24.816572,0.710176,16076
24,6,6953,raspi4,cifar10,91.990000,15.601654,0.710176,16076
24,6,10275,raspi4,cifar10,91.080000,9.993188,0.710176,16076
24,6,5780,raspi4,cifar10,93.980000,34.928463,0.710176,16076
24,6,6111,raspi4,cifar10,94.373340,68.404106,0.710176,16076
24,6,5111,raspi4,cifar10,94.306660,41.756905,0.710176,16076
24,6,6014,raspi4,cifar10,86.690000,2.736959,0.710176,16076
24,6,3731,raspi4,cifar10,94.343330,58.070793,0.710176,16076
24,6,7210,raspi4,cifar10,92.180000,18.080248,0.710176,16076
24,6,11810,raspi4,cifar10,92.780000,18.619905,0.710176,16076
24,6,6918,raspi4,cifar10,87.000000,2.787590,0.710176,16076
24,6,1941,raspi4,cifar10,93.533330,25.121769,0.710176,16076
24,6,6999,raspi4,cifar10,93.820000,34.005280,0.710176,16076
24,6,4659,raspi4,cifar10,93.396670,22.249382,0.710176,16076
24,6,1785,raspi4,cifar10,86.586670,2.538737,0.710176,16076
24,6,8592,raspi4,cifar10,93.750000,25.477009,0.710176,16076
24,6,9980,raspi4,cifar10,10.000000,0.011284,0.710176,16076
24,6,2035,raspi4,cifar10,89.670000,4.984099,0.710176,16076
24,6,1894,raspi4,cifar10,92.110000,17.550644,0.710176,16076
24,6,1099,raspi4,cifar10,92.240000,18.358124,0.710176,16076
24,6,2058,raspi4,cifar10,93.270000,19.484835,0.710176,16076
24,6,14945,raspi4,cifar10,86.700000,2.785829,0.710176,16076
24,6,1804,raspi4,cifar10,89.063330,4.791845,0.710176,16076
24,6,4432,raspi4,cifar10,90.700000,7.290926,0.710176,16076
24,6,10412,raspi4,cifar10,93.530000,25.079220,0.710176,16076
24,7,4954,edgegpu,cifar100,73.000000,6.669736,0.583875,16247
24,7,1509,edgegpu,cifar100,1.000000,0.505853,0.583875,16247
24,7,8401,edgegpu,cifar100,71.080000,3.302102,0.583875,16247
24,7,9922,edgegpu,cifar100,58.560000,1.428552,0.583875,16247
24,7,9930,edgegpu,cifar100,73.513336,6.803060,0.583875,16247
24,7,4418,edgegpu,cifar100,72.746666,5.352364,0.583875,16247
24,7,12415,edgegpu,cifar100,71.940000,4.828467,0.583875,16247
24,7,2778,edgegpu,cifar100,72.993330,6.134028,0.583875,16247
24,7,1425,edgegpu,cifar100,72.093330,5.310225,0.583875,16247
24,7,8912,edgegpu,cifar100,59.200000,1.441355,0.583875,16247
24,7,2304,edgegpu,cifar100,58.660000,1.440253,0.583875,16247
24,7,11885,edgegpu,cifar100,68.040000,1.776652,0.583875,16247
24,7,6124,edgegpu,cifar100,68.360000,3.185835,0.583875,16247
24,7,3888,edgegpu,cifar100,73.260000,6.797867,0.583875,16247
24,7,11810,edgegpu,cifar100,68.300000,1.779551,0.583875,16247
24,7,9997,edgegpu,cifar100,71.520000,3.466139,0.583875,16247
24,7,1038,edgegpu,cifar100,67.500000,1.758428,0.583875,16247
24,7,11067,edgegpu,cifar100,58.186670,1.427836,0.583875,16247
24,8,4659,edgetpu,cifar100,70.060000,0.636433,0.666749,15854
24,8,9930,edgetpu,cifar100,73.513336,1.454107,0.666749,15854
24,8,9997,edgetpu,cifar100,71.520000,0.729986,0.666749,15854
24,8,857,edgetpu,cifar100,72.880000,1.264168,0.666749,15854
24,8,14774,edgetpu,cifar100,61.620000,0.391679,0.666749,15854
24,8,12415,edgetpu,cifar100,71.940000,0.872299,0.666749,15854
24,8,10679,edgetpu,cifar100,62.080000,0.391915,0.666749,15854
24,8,12761,edgetpu,cifar100,72.860000,1.225212,0.666749,15854
24,8,3888,edgetpu,cifar100,73.260000,1.316226,0.666749,15854
24,8,13731,edgetpu,cifar100,66.953330,0.487148,0.666749,15854
24,8,777,edgetpu,cifar100,58.650000,0.355588,0.666749,15854
24,8,5019,edgetpu,cifar100,58.880000,0.357058,0.666749,15854
24,8,14945,edgetpu,cifar100,58.500000,0.354940,0.666749,15854
24,8,8401,edgetpu,cifar100,71.080000,0.728572,0.666749,15854
24,8,8912,edgetpu,cifar100,59.200000,0.377698,0.666749,15854
24,8,13829,edgetpu,cifar100,66.873340,0.485137,0.666749,15854
24,8,6382,edgetpu,cifar100,69.533330,0.634724,0.666749,15854
24,8,4418,edgetpu,cifar100,72.746666,1.093699,0.666749,15854
24,8,11533,edgetpu,cifar100,69.760000,0.635877,0.666749,15854
24,8,1110,edgetpu,cifar100,58.840000,0.355938,0.666749,15854
24,8,8638,edgetpu,cifar100,58.860000,0.356631,0.666749,15854
24,8,4484,edgetpu,cifar100,67.493330,0.487482,0.666749,15854
24,8,14300,edgetpu,cifar100,67.300000,0.487450,0.666749,15854
24,8,781,edgetpu,cifar100,67.960000,0.487922,0.666749,15854
24,8,10000,edgetpu,cifar100,73.160000,1.283461,0.666749,15854
24,8,3811,edgetpu,cifar100,69.360000,0.634206,0.666749,15854
24,8,1943,edgetpu,cifar100,69.626660,0.634759,0.666749,15854
24,8,2705,edgetpu,cifar100,62.813330,0.393026,0.666749,15854
24,8,577,edgetpu,cifar100,69.680000,0.635228,0.666749,15854
24,8,11810,edgetpu,cifar100,68.300000,0.492126,0.666749,15854
24,8,1383,edgetpu,cifar100,70.273330,0.673722,0.666749,15854
24,8,4532,edgetpu,cifar100,68.040000,0.489947,0.666749,15854
24,8,12574,edgetpu,cifar100,72.740000,0.932430,0.666749,15854
24,8,15363,edgetpu,cifar100,70.520000,0.676394,0.666749,15854
24,8,9271,edgetpu,cifar100,63.400000,0.393151,0.666749,15854
24,8,3303,edgetpu,cifar100,62.420000,0.392593,0.666749,15854
24,8,69,edgetpu,cifar100,71.020000,0.727259,0.666749,15854
24,8,1425,edgetpu,cifar100,72.093330,0.910660,0.666749,15854
24,9,9930,eyeriss,cifar100,73.513336,9.055360,0.504042,16495
24,9,4659,eyeriss,cifar100,70.060000,3.402880,0.504042,16495
24,9,3385,eyeriss,cifar100,72.380000,5.368960,0.504042,16495
24,9,12761,eyeriss,cifar100,72.860000,6.352000,0.504042,16495
24,9,3888,eyeriss,cifar100,73.260000,6.597760,0.504042,16495
24,9,5651,eyeriss,cifar100,64.690000,1.928320,0.504042,16495
24,9,6925,eyeriss,cifar100,71.220000,3.894400,0.504042,16495
24,9,699,eyeriss,cifar100,72.240000,5.123200,0.504042,16495
24,9,6787,eyeriss,cifar100,70.720000,3.648640,0.504042,16495
24,9,10689,eyeriss,cifar100,67.500000,2.174080,0.504042,16495
24,9,3540,eyeriss,cifar100,71.500000,4.877440,0.504042,16495
24,9,12820,eyeriss,cifar100,67.720000,2.419840,0.504042,16495
24,9,5084,eyeriss,cifar100,58.813330,1.682560,0.504042,16495
24,9,11301,eyeriss,cifar100,68.220000,2.665600,0.504042,16495
24,9,14112,eyeriss,cifar100,68.386665,2.911360,0.504042,16495
24,9,14714,eyeriss,cifar100,71.280000,4.140160,0.504042,16495
24,10,4711,fpga,cifar100,64.993330,2.057760,0.540702,16321
24,10,5084,fpga,cifar100,58.813330,1.132960,0.540702,16321
24,10,9930,fpga,cifar100,73.513336,7.420960,0.540702,16321
24,10,12820,fpga,cifar100,67.720000,2.678560,0.540702,16321
24,10,7250,fpga,cifar100,67.706665,2.390560,0.540702,16321
24,10,3540,fpga,cifar100,71.500000,4.163360,0.540702,16321
24,10,3487,fpga,cifar100,70.093330,2.905760,0.540702,16321
24,10,3687,fpga,cifar100,64.460000,1.648160,0.540702,16321
24,10,3888,fpga,cifar100,73.260000,5.936160,0.540702,16321
24,10,11727,fpga,cifar100,67.773330,2.800160,0.540702,16321
24,10,10689,fpga,cifar100,67.500000,2.163360,0.540702,16321
24,10,12761,fpga,cifar100,72.860000,5.420960,0.540702,16321
24,10,12574,fpga,cifar100,72.740000,4.678560,0.540702,16321
24,10,6830,fpga,cifar100,71.460000,4.057760,0.540702,16321
24,10,12295,fpga,cifar100,71.160000,3.648160,0.540702,16321
24,10,6925,fpga,cifar100,71.220000,3.936160,0.540702,16321
24,10,6787,fpga,cifar100,70.720000,3.420960,0.540702,16321
24,11,858,pixel3,cifar100,64.133330,2.003500,0.725825,15990
24,11,978,pixel3,cifar100,64.180000,2.372340,0.725825,15990
24,11,1357,pixel3,cifar100,67.480000,3.998260,0.725825,15990
24,11,10042,pixel3,cifar100,64.880000,2.794690,0.725825,15990
24,11,6294,pixel3,cifar100,66.973335,3.112950,0.725825,15990
24,11,15539,pixel3,cifar100,67.673330,4.995770,0.725825,15990
24,11,1459,pixel3,cifar100,73.140000,23.437900,0.725825,15990
24,11,9930,pixel3,cifar100,73.513336,42.003600,0.725825,15990
24,11,733,pixel3,cifar100,69.430000,6.796300,0.725825,15990
24,11,1409,pixel3,cifar100,58.853333,1.275090,0.725825,15990
24,11,5651,pixel3,cifar100,64.690000,2.376870,0.725825,15990
24,11,572,pixel3,cifar100,70.313330,8.017480,0.725825,15990
24,11,906,pixel3,cifar100,62.393333,1.661810,0.725825,15990
24,11,857,pixel3,cifar100,72.880000,19.113200,0.725825,15990
24,11,8912,pixel3,cifar100,59.200000,1.478790,0.725825,15990
24,11,11000,pixel3,cifar100,71.180000,10.677600,0.725825,15990
24,11,8638,pixel3,cifar100,58.860000,1.478570,0.725825,15990
24,11,15363,pixel3,cifar100,70.520000,9.708640,0.725825,15990
24,11,1090,pixel3,cifar100,65.220000,2.811310,0.725825,15990
24,11,3983,pixel3,cifar100,64.293335,2.372440,0.725825,15990
24,11,1413,pixel3,cifar100,69.186670,6.545880,0.725825,15990
24,11,4432,pixel3,cifar100,66.486664,3.105870,0.725825,15990
24,11,12574,pixel3,cifar100,72.740000,16.473900,0.725825,15990
24,11,704,pixel3,cifar100,62.870000,1.913330,0.725825,15990
24,11,6337,pixel3,cifar100,1.000000,0.008753,0.725825,15990
24,11,3888,pixel3,cifar100,73.260000,23.477200,0.725825,15990
24,11,12639,pixel3,cifar100,68.000000,5.704280,0.725825,15990
24,11,14112,pixel3,cifar100,68.386665,5.745320,0.725825,15990
24,11,6787,pixel3,cifar100,70.720000,9.854430,0.725825,15990
24,11,699,pixel3,cifar100,72.240000,12.079400,0.725825,15990
24,11,6925,pixel3,cifar100,71.220000,10.688000,0.725825,15990
24,11,777,pixel3,cifar100,58.650000,1.087020,0.725825,15990
24,11,3776,pixel3,cifar100,66.920000,3.109320,0.725825,15990
24,12,9926,raspi4,cifar100,63.520000,4.999532,0.720911,16045
24,12,12574,raspi4,cifar100,72.740000,36.371254,0.720911,16045
24,12,12761,raspi4,cifar100,72.860000,53.718200,0.720911,16045
24,12,898,raspi4,cifar100,70.000000,21.506163,0.720911,16045
24,12,3888,raspi4,cifar100,73.260000,55.029520,0.720911,16045
24,12,14612,raspi4,cifar100,58.720000,2.563505,0.720911,16045
24,12,12915,raspi4,cifar100,66.950000,7.226311,0.720911,16045
24,12,9895,raspi4,cifar100,69.400000,19.211880,0.720911,16045
24,12,8912,raspi4,cifar100,59.200000,2.818969,0.720911,16045
24,12,10042,raspi4,cifar100,64.880000,5.100886,0.720911,16045
24,12,8740,raspi4,cifar100,1.000000,0.015215,0.720911,16045
24,12,15589,raspi4,cifar100,59.060000,2.795078,0.720911,16045
24,12,6930,raspi4,cifar100,61.720000,4.798524,0.720911,16045
24,12,9997,raspi4,cifar100,71.520000,34.996710,0.720911,16045
24,12,15363,raspi4,cifar100,70.520000,21.809430,0.720911,16045
24,12,3487,raspi4,cifar100,70.093330,21.603350,0.720911,16045
24,12,7891,raspi4,cifar100,67.550000,12.536592,0.720911,16045
24,12,6925,raspi4,cifar100,71.220000,24.195030,0.720911,16045
24,12,6787,raspi4,cifar100,70.720000,23.081835,0.720911,16045
24,12,1572,raspi4,cifar100,69.900000,19.916142,0.720911,16045
24,12,4409,raspi4,cifar100,67.173330,7.228629,0.720911,16045
24,12,10222,raspi4,cifar100,58.860000,2.747804,0.720911,16045
24,12,375,raspi4,cifar100,64.440000,5.099302,0.720911,16045
24,12,9271,raspi4,cifar100,63.400000,4.800893,0.720911,16045
24,12,13430,raspi4,cifar100,66.700000,7.203785,0.720911,16045
24,12,14112,raspi4,cifar100,68.386665,14.423308,0.720911,16045
24,12,2035,raspi4,cifar100,63.926666,5.005698,0.720911,16045
24,12,6918,raspi4,cifar100,58.800000,2.571364,0.720911,16045
24,12,1357,raspi4,cifar100,67.480000,10.177114,0.720911,16045
24,12,9930,raspi4,cifar100,73.513336,71.152000,0.720911,16045
24,12,4418,raspi4,cifar100,72.746666,47.162354,0.720911,16045
24,12,2222,raspi4,cifar100,58.313330,2.538255,0.720911,16045
24,12,4498,raspi4,cifar100,64.086670,5.022347,0.720911,16045
24,12,1459,raspi4,cifar100,73.140000,53.879950,0.720911,16045
24,13,8884,edgegpu,ImageNet16-120,45.033333,3.499999,0.566140,16431
24,13,14612,edgegpu,ImageNet16-120,28.488890,1.434064,0.566140,16431
24,13,12415,edgegpu,ImageNet16-120,46.566666,4.667692,0.566140,16431
24,13,7760,edgegpu,ImageNet16-120,39.100000,1.743751,0.566140,16431
24,13,9722,edgegpu,ImageNet16-120,44.000000,3.327813,0.566140,16431
24,13,15376,edgegpu,ImageNet16-120,0.833333,0.533953,0.566140,16431
24,13,8426,edgegpu,ImageNet16-120,44.633335,3.370147,0.566140,16431
24,13,14117,edgegpu,ImageNet16-120,28.677778,1.435547,0.566140,16431
24,13,4946,edgegpu,ImageNet16-120,44.700000,3.490419,0.566140,16431
24,13,4988,edgegpu,ImageNet16-120,28.933332,1.448212,0.566140,16431
24,13,857,edgegpu,ImageNet16-120,47.311110,6.707663,0.566140,16431
24,13,2650,edgegpu,ImageNet16-120,42.433334,3.309817,0.566140,16431
24,13,9586,edgegpu,ImageNet16-120,46.933334,5.222673,0.566140,16431
24,13,6950,edgegpu,ImageNet16-120,38.700000,1.740150,0.566140,16431
24,13,15288,edgegpu,ImageNet16-120,28.422222,1.417041,0.566140,16431
24,13,4332,edgegpu,ImageNet16-120,39.444443,1.745496,0.566140,16431
24,13,8401,edgegpu,ImageNet16-120,43.833332,3.322444,0.566140,16431
24,13,4160,edgegpu,ImageNet16-120,39.833332,1.756272,0.566140,16431
24,13,4587,edgegpu,ImageNet16-120,28.800000,1.445131,0.566140,16431
24,13,5751,edgegpu,ImageNet16-120,40.044445,2.434626,0.566140,16431
24,13,11217,edgegpu,ImageNet16-120,43.466667,3.316708,0.566140,16431
24,13,7187,edgegpu,ImageNet16-120,28.683332,1.443858,0.566140,16431
24,13,1164,edgegpu,ImageNet16-120,28.522223,1.435223,0.566140,16431
24,13,14027,edgegpu,ImageNet16-120,40.266666,3.306937,0.566140,16431
24,13,14840,edgegpu,ImageNet16-120,45.311110,4.224715,0.566140,16431
24,13,15383,edgegpu,ImageNet16-120,47.033333,6.262836,0.566140,16431
24,13,12760,edgegpu,ImageNet16-120,40.833332,3.308015,0.566140,16431
24,14,7750,edgetpu,ImageNet16-120,43.066666,0.551617,0.635028,16272
24,14,4627,edgetpu,ImageNet16-120,43.500000,0.552306,0.635028,16272
24,14,5973,edgetpu,ImageNet16-120,40.100000,0.517454,0.635028,16272
24,14,10167,edgetpu,ImageNet16-120,39.944443,0.444058,0.635028,16272
24,14,12415,edgetpu,ImageNet16-120,46.566666,0.710906,0.635028,16272
24,14,15107,edgetpu,ImageNet16-120,39.800000,0.430284,0.635028,16272
24,14,11282,edgetpu,ImageNet16-120,39.633335,0.428409,0.635028,16272
24,14,10332,edgetpu,ImageNet16-120,40.033333,0.516152,0.635028,16272
24,14,8884,edgetpu,ImageNet16-120,45.033333,0.615792,0.635028,16272
24,14,6407,edgetpu,ImageNet16-120,32.333332,0.363748,0.635028,16272
24,14,5751,edgetpu,ImageNet16-120,40.044445,0.516992,0.635028,16272
24,14,14662,edgetpu,ImageNet16-120,41.166668,0.547835,0.635028,16272
24,14,13931,edgetpu,ImageNet16-120,28.788889,0.360349,0.635028,16272
24,14,10888,edgetpu,ImageNet16-120,28.333334,0.359044,0.635028,16272
24,14,4988,edgetpu,ImageNet16-120,28.933332,0.360694,0.635028,16272
24,14,10017,edgetpu,ImageNet16-120,40.566666,0.524950,0.635028,16272
24,14,14527,edgetpu,ImageNet16-120,28.133333,0.358865,0.635028,16272
24,14,5724,edgetpu,ImageNet16-120,28.366667,0.359987,0.635028,16272
24,14,14677,edgetpu,ImageNet16-120,33.233334,0.364575,0.635028,16272
24,14,14840,edgetpu,ImageNet16-120,45.311110,0.666690,0.635028,16272
24,14,13097,edgetpu,ImageNet16-120,39.655556,0.428424,0.635028,16272
24,14,7357,edgetpu,ImageNet16-120,44.666668,0.600498,0.635028,16272
24,14,9689,edgetpu,ImageNet16-120,42.533333,0.549702,0.635028,16272
24,14,4160,edgetpu,ImageNet16-120,39.833332,0.430355,0.635028,16272
24,14,11885,edgetpu,ImageNet16-120,39.166668,0.427395,0.635028,16272
24,14,4830,edgetpu,ImageNet16-120,42.233334,0.549457,0.635028,16272
24,14,11079,edgetpu,ImageNet16-120,43.566666,0.552430,0.635028,16272
24,14,857,edgetpu,ImageNet16-120,47.311110,0.997730,0.635028,16272
24,14,7273,edgetpu,ImageNet16-120,42.966667,0.550014,0.635028,16272
24,14,3540,edgetpu,ImageNet16-120,45.122223,0.648670,0.635028,16272
24,14,15383,edgetpu,ImageNet16-120,47.033333,0.780914,0.635028,16272
24,14,15363,edgetpu,ImageNet16-120,44.333332,0.582280,0.635028,16272
24,14,13972,edgetpu,ImageNet16-120,31.933332,0.363440,0.635028,16272
24,15,735,eyeriss,ImageNet16-120,38.544445,0.607360,0.457222,16540
24,15,15383,eyeriss,ImageNet16-120,47.033333,1.283200,0.457222,16540
24,15,1939,eyeriss,ImageNet16-120,45.077778,0.976000,0.457222,16540
24,15,857,eyeriss,ImageNet16-120,47.311110,1.651840,0.457222,16540
24,15,4988,eyeriss,ImageNet16-120,28.933332,0.423040,0.457222,16540
24,15,8853,eyeriss,ImageNet16-120,45.600000,1.037440,0.457222,16540
24,15,6787,eyeriss,ImageNet16-120,44.400000,0.914560,0.457222,16540
24,15,6854,eyeriss,ImageNet16-120,40.800000,0.668800,0.457222,16540
24,15,14417,eyeriss,ImageNet16-120,45.900000,1.098880,0.457222,16540
24,15,4829,eyeriss,ImageNet16-120,34.200000,0.484480,0.457222,16540
24,15,2835,eyeriss,ImageNet16-120,38.222220,0.545920,0.457222,16540
24,15,8008,eyeriss,ImageNet16-120,43.500000,0.853120,0.457222,16540
24,16,4988,fpga,ImageNet16-120,28.933332,0.284320,0.513730,16260
24,16,15383,fpga,ImageNet16-120,47.033333,1.504000,0.513730,16260
24,16,735,fpga,ImageNet16-120,38.544445,0.677920,0.513730,16260
24,16,857,fpga,ImageNet16-120,47.311110,2.038400,0.513730,16260
24,16,11161,fpga,ImageNet16-120,34.500000,0.517920,0.513730,16260
24,16,9805,fpga,ImageNet16-120,34.133335,0.415520,0.513730,16260
24,16,6854,fpga,ImageNet16-120,40.800000,0.809120,0.513730,16260
24,16,11079,fpga,ImageNet16-120,43.566666,0.902400,0.513730,16260
24,16,6787,fpga,ImageNet16-120,44.400000,0.969600,0.513730,16260
24,16,1939,fpga,ImageNet16-120,45.077778,1.062400,0.513730,16260
24,16,2835,fpga,ImageNet16-120,38.222220,0.546720,0.513730,16260
24,16,14748,fpga,ImageNet16-120,44.900000,0.995200,0.513730,16260
24,16,14417,fpga,ImageNet16-120,45.900000,1.276320,0.513730,16260
24,16,6519,fpga,ImageNet16-120,40.183334,0.784000,0.513730,16260
24,16,15446,fpga,ImageNet16-120,45.766666,1.116320,0.513730,16260
24,16,1943,fpga,ImageNet16-120,42.866665,0.876800,0.513730,16260
24,16,13705,fpga,ImageNet16-120,39.655556,0.780320,0.513730,16260
24,17,479,pixel3,ImageNet16-120,38.500000,1.108070,0.831099,16051
24,17,1549,pixel3,ImageNet16-120,28.655556,0.424747,0.831099,16051
24,17,2835,pixel3,ImageNet16-120,38.222220,0.868646,0.831099,16051
24,17,15446,pixel3,ImageNet16-120,45.766666,3.439380,0.831099,16051
24,17,1860,pixel3,ImageNet16-120,28.433332,0.422587,0.831099,16051
24,17,2002,pixel3,ImageNet16-120,32.277780,0.617751,0.831099,16051
24,17,13059,pixel3,ImageNet16-120,34.266666,0.668679,0.831099,16051
24,17,12452,pixel3,ImageNet16-120,40.533333,1.504410,0.831099,16051
24,17,12355,pixel3,ImageNet16-120,45.033333,2.989390,0.831099,16051
24,17,1939,pixel3,ImageNet16-120,45.077778,3.021500,0.831099,16051
24,17,15383,pixel3,ImageNet16-120,47.033333,5.191720,0.831099,16051
24,17,249,pixel3,ImageNet16-120,43.577778,2.720310,0.831099,16051
24,17,12506,pixel3,ImageNet16-120,43.983334,2.929990,0.831099,16051
24,17,872,pixel3,ImageNet16-120,41.777780,2.465030,0.831099,16051
24,17,857,pixel3,ImageNet16-120,47.311110,6.686850,0.831099,16051
24,17,10154,pixel3,ImageNet16-120,46.133335,4.783700,0.831099,16051
24,17,2018,pixel3,ImageNet16-120,46.433334,4.949210,0.831099,16051
24,17,12424,pixel3,ImageNet16-120,43.133330,2.470150,0.831099,16051
24,17,7401,pixel3,ImageNet16-120,28.866667,0.505777,0.831099,16051
24,17,1110,pixel3,ImageNet16-120,28.600000,0.423927,0.831099,16051
24,17,2050,pixel3,ImageNet16-120,0.833333,0.005526,0.831099,16051
24,17,4977,pixel3,ImageNet16-120,32.966667,0.617991,0.831099,16051
24,17,1425,pixel3,ImageNet16-120,45.977780,4.619290,0.831099,16051
24,17,11079,pixel3,ImageNet16-120,43.566666,2.479610,0.831099,16051
24,17,4384,pixel3,ImageNet16-120,28.133333,0.421612,0.831099,16051
24,17,12466,pixel3,ImageNet16-120,46.100000,4.680280,0.831099,16051
24,17,4587,pixel3,ImageNet16-120,28.800000,0.445767,0.831099,16051
24,17,3728,pixel3,ImageNet16-120,28.500000,0.422880,0.831099,16051
24,17,11000,pixel3,ImageNet16-120,44.866665,2.962520,0.831099,16051
24,17,12639,pixel3,ImageNet16-120,40.400000,1.304440,0.831099,16051
24,17,4895,pixel3,ImageNet16-120,33.200000,0.619070,0.831099,16051
24,17,8954,pixel3,ImageNet16-120,28.733334,0.424855,0.831099,16051
24,17,4004,pixel3,ImageNet16-120,42.811110,2.467510,0.831099,16051
24,17,898,pixel3,ImageNet16-120,42.466667,2.467210,0.831099,16051
24,17,6854,pixel3,ImageNet16-120,40.800000,1.621620,0.831099,16051
24,17,7685,pixel3,ImageNet16-120,37.611110,0.862589,0.831099,16051
24,17,14417,pixel3,ImageNet16-120,45.900000,4.143030,0.831099,16051
24,17,12036,pixel3,ImageNet16-120,33.977780,0.665306,0.831099,16051
24,18,1099,raspi4,ImageNet16-120,38.766666,3.064808,0.925316,16064
24,18,10167,raspi4,ImageNet16-120,39.944443,3.106316,0.925316,16064
24,18,13059,raspi4,ImageNet16-120,34.266666,1.595651,0.925316,16064
24,18,5333,raspi4,ImageNet16-120,38.900000,3.070480,0.925316,16064
24,18,1188,raspi4,ImageNet16-120,32.455555,1.526725,0.925316,16064
24,18,15107,raspi4,ImageNet16-120,39.800000,3.083329,0.925316,16064
24,18,6787,raspi4,ImageNet16-120,44.400000,4.532777,0.925316,16064
24,18,8426,raspi4,ImageNet16-120,44.633335,5.288439,0.925316,16064
24,18,5202,raspi4,ImageNet16-120,42.411110,3.783078,0.925316,16064
24,18,10217,raspi4,ImageNet16-120,45.100000,6.109362,0.925316,16064
24,18,3782,raspi4,ImageNet16-120,41.866665,3.755286,0.925316,16064
24,18,4995,raspi4,ImageNet16-120,42.166668,3.766336,0.925316,16064
24,18,7551,raspi4,ImageNet16-120,38.477780,2.950436,0.925316,16064
24,18,11282,raspi4,ImageNet16-120,39.633335,3.080430,0.925316,16064
24,18,2904,raspi4,ImageNet16-120,42.744446,3.799936,0.925316,16064
24,18,5530,raspi4,ImageNet16-120,42.577778,3.785925,0.925316,16064
24,18,13644,raspi4,ImageNet16-120,45.333332,6.780282,0.925316,16064
24,18,1939,raspi4,ImageNet16-120,45.077778,5.341908,0.925316,16064
24,18,857,raspi4,ImageNet16-120,47.311110,9.020064,0.925316,16064
24,18,2018,raspi4,ImageNet16-120,46.433334,7.482383,0.925316,16064
24,18,4689,raspi4,ImageNet16-120,37.455555,2.198343,0.925316,16064
24,18,15383,raspi4,ImageNet16-120,47.033333,8.565354,0.925316,16064
24,18,2779,raspi4,ImageNet16-120,37.355556,2.190654,0.925316,16064
24,18,8853,raspi4,ImageNet16-120,45.600000,6.961605,0.925316,16064
24,18,13771,raspi4,ImageNet16-120,32.744446,1.533813,0.925316,16064
24,18,2112,raspi4,ImageNet16-120,38.355556,2.925188,0.925316,16064
24,18,14677,raspi4,ImageNet16-120,33.233334,1.537227,0.925316,16064
24,18,14697,raspi4,ImageNet16-120,33.900000,1.580382,0.925316,16064
24,18,9496,raspi4,ImageNet16-120,38.200000,2.204048,0.925316,16064
24,18,12231,raspi4,ImageNet16-120,40.200000,3.188915,0.925316,16064
24,18,11946,raspi4,ImageNet16-120,28.200000,0.940293,0.925316,16064
24,18,1204,raspi4,ImageNet16-120,37.844444,2.199356,0.925316,16064
24,18,3431,raspi4,ImageNet16-120,32.966667,1.536690,0.925316,16064
24,18,15363,raspi4,ImageNet16-120,44.333332,4.480516,0.925316,16064
24,18,6336,raspi4,ImageNet16-120,39.366665,3.073392,0.925316,16064
24,18,4988,raspi4,ImageNet16-120,28.933332,1.003251,0.925316,16064
24,18,8884,raspi4,ImageNet16-120,45.033333,5.293177,0.925316,16064
24,18,933,raspi4,ImageNet16-120,0.833333,0.011514,0.925316,16064
24,18,13931,raspi4,ImageNet16-120,28.788889,0.956195,0.925316,16064
24,18,5973,raspi4,ImageNet16-120,40.100000,3.159922,0.925316,16064
24,18,11079,raspi4,ImageNet16-120,43.566666,3.802027,0.925316,16064
24,18,10189,raspi4,ImageNet16-120,45.200000,6.699618,0.925316,16064
24,18,6854,raspi4,ImageNet16-120,40.800000,3.661016,0.925316,16064
24,18,12452,raspi4,ImageNet16-120,40.533333,3.592146,0.925316,16064
24,18,7187,raspi4,ImageNet16-120,28.683332,0.952790,0.925316,16064
24,18,15446,raspi4,ImageNet16-120,45.766666,7.469873,0.925316,16064
24,18,5487,raspi4,ImageNet16-120,38.500000,3.019000,0.925316,16064
24,18,11584,raspi4,ImageNet16-120,46.666668,8.014434,0.925316,16064
24,18,3687,raspi4,ImageNet16-120,34.066666,1.583497,0.925316,16064
24,18,9032,raspi4,ImageNet16-120,38.016666,2.201532,0.925316,16064
25,1,6499,edgegpu,cifar10,93.645000,3.331041,0.552357,16425
25,1,13401,edgegpu,cifar10,87.010000,1.457009,0.552357,16425
25,1,6960,edgegpu,cifar10,92.280000,1.764450,0.552357,16425
25,1,5292,edgegpu,cifar10,94.293335,6.663151,0.552357,16425
25,1,11692,edgegpu,cifar10,94.130000,4.708362,0.552357,16425
25,1,9099,edgegpu,cifar10,93.940000,3.357520,0.552357,16425
25,1,10484,edgegpu,cifar10,93.810000,3.354015,0.552357,16425
25,1,2776,edgegpu,cifar10,93.666664,3.331194,0.552357,16425
25,1,5400,edgegpu,cifar10,86.630000,1.427460,0.552357,16425
25,1,13714,edgegpu,cifar10,94.373340,6.772180,0.552357,16425
25,1,1459,edgegpu,cifar10,94.296670,6.748991,0.552357,16425
25,1,11438,edgegpu,cifar10,92.500000,1.846719,0.552357,16425
25,1,2053,edgegpu,cifar10,94.206665,5.482254,0.552357,16425
25,1,6330,edgegpu,cifar10,94.006670,4.384699,0.552357,16425
25,1,561,edgegpu,cifar10,86.880000,1.451068,0.552357,16425
25,1,14527,edgegpu,cifar10,86.765000,1.439619,0.552357,16425
25,1,15200,edgegpu,cifar10,10.000000,0.501385,0.552357,16425
25,1,5780,edgegpu,cifar10,93.980000,3.361888,0.552357,16425
25,1,258,edgegpu,cifar10,93.640000,3.307109,0.552357,16425
25,1,2090,edgegpu,cifar10,86.650000,1.437702,0.552357,16425
25,1,1339,edgegpu,cifar10,92.136665,1.751881,0.552357,16425
25,1,12081,edgegpu,cifar10,92.590000,2.886577,0.552357,16425
25,1,14407,edgegpu,cifar10,86.770000,1.440282,0.552357,16425
25,2,8008,edgetpu,cifar10,93.480000,0.629746,0.623754,16550
25,2,7017,edgetpu,cifar10,86.970000,0.353089,0.623754,16550
25,2,11692,edgetpu,cifar10,94.130000,0.761100,0.623754,16550
25,2,3731,edgetpu,cifar10,94.343330,1.282820,0.623754,16550
25,2,11438,edgetpu,cifar10,92.500000,0.482393,0.623754,16550
25,2,7636,edgetpu,cifar10,92.270000,0.481888,0.623754,16550
25,2,5111,edgetpu,cifar10,94.306660,1.152010,0.623754,16550
25,2,13714,edgetpu,cifar10,94.373340,1.377865,0.623754,16550
25,2,9950,edgetpu,cifar10,93.840000,0.723767,0.623754,16550
25,2,6382,edgetpu,cifar10,93.376660,0.628638,0.623754,16550
25,2,2053,edgetpu,cifar10,94.206665,1.042178,0.623754,16550
25,2,12607,edgetpu,cifar10,89.180000,0.391577,0.623754,16550
25,2,8192,edgetpu,cifar10,93.093330,0.627745,0.623754,16550
25,2,4675,edgetpu,cifar10,89.200000,0.395661,0.623754,16550
25,2,5780,edgetpu,cifar10,93.980000,0.723967,0.623754,16550
25,2,6584,edgetpu,cifar10,94.160000,0.888877,0.623754,16550
25,2,11112,edgetpu,cifar10,92.110000,0.480732,0.623754,16550
25,2,797,edgetpu,cifar10,93.280000,0.627996,0.623754,16550
25,2,9689,edgetpu,cifar10,93.370000,0.628386,0.623754,16550
25,2,5647,edgetpu,cifar10,89.110000,0.389378,0.623754,16550
25,2,13397,edgetpu,cifar10,92.140000,0.481764,0.623754,16550
25,2,9380,edgetpu,cifar10,89.335000,0.395662,0.623754,16550
25,2,5258,edgetpu,cifar10,88.775000,0.388629,0.623754,16550
25,2,2485,edgetpu,cifar10,86.700000,0.346546,0.623754,16550
25,2,11810,edgetpu,cifar10,92.780000,0.482879,0.623754,16550
25,2,6515,edgetpu,cifar10,93.616670,0.722858,0.623754,16550
25,2,3927,edgetpu,cifar10,93.626660,0.723268,0.623754,16550
25,3,6111,eyeriss,cifar10,94.373340,7.823540,0.471101,16235
25,3,10412,eyeriss,cifar10,93.530000,3.645620,0.471101,16235
25,3,11472,eyeriss,cifar10,93.970000,4.628660,0.471101,16235
25,3,4384,eyeriss,cifar10,86.796670,1.679540,0.471101,16235
25,3,13714,eyeriss,cifar10,94.373340,7.823540,0.471101,16235
25,3,6899,eyeriss,cifar10,90.900000,2.416820,0.471101,16235
25,3,5111,eyeriss,cifar10,94.306660,5.365940,0.471101,16235
25,3,3731,eyeriss,cifar10,94.343330,6.594740,0.471101,16235
25,3,8008,eyeriss,cifar10,93.480000,3.399860,0.471101,16235
25,3,8592,eyeriss,cifar10,93.750000,3.891380,0.471101,16235
25,3,3687,eyeriss,cifar10,89.820000,1.925300,0.471101,16235
25,3,8323,eyeriss,cifar10,90.870000,2.171060,0.471101,16235
25,3,13611,eyeriss,cifar10,92.490000,3.154100,0.471101,16235
25,3,14112,eyeriss,cifar10,91.296670,2.908340,0.471101,16235
25,3,12970,eyeriss,cifar10,90.970000,2.662580,0.471101,16235
25,3,6584,eyeriss,cifar10,94.160000,4.874420,0.471101,16235
25,4,13714,fpga,cifar10,94.373340,6.678560,0.531537,16206
25,4,9032,fpga,cifar10,90.740000,2.163360,0.531537,16206
25,4,6111,fpga,cifar10,94.373340,6.678560,0.531537,16206
25,4,5111,fpga,cifar10,94.306660,5.193760,0.531537,16206
25,4,3731,fpga,cifar10,94.343330,5.936160,0.531537,16206
25,4,4384,fpga,cifar10,86.796670,1.132960,0.531537,16206
25,4,11692,fpga,cifar10,94.130000,4.163360,0.531537,16206
25,4,8008,fpga,cifar10,93.480000,2.905760,0.531537,16206
25,4,13611,fpga,cifar10,92.490000,2.390560,0.531537,16206
25,4,11472,fpga,cifar10,93.970000,3.648160,0.531537,16206
25,4,10431,fpga,cifar10,87.000000,1.542560,0.531537,16206
25,4,13987,fpga,cifar10,93.596664,3.420960,0.531537,16206
25,4,11525,fpga,cifar10,90.000000,2.057760,0.531537,16206
25,4,8720,fpga,cifar10,89.875000,1.648160,0.531537,16206
25,5,4578,pixel3,cifar10,89.673330,1.714730,0.770953,16022
25,5,6382,pixel3,cifar10,93.376660,7.048190,0.770953,16022
25,5,7001,pixel3,cifar10,10.000000,0.003277,0.770953,16022
25,5,13171,pixel3,cifar10,93.530000,7.717220,0.770953,16022
25,5,13869,pixel3,cifar10,93.656670,10.634700,0.770953,16022
25,5,1778,pixel3,cifar10,92.180000,6.446230,0.770953,16022
25,5,11972,pixel3,cifar10,91.510000,5.627010,0.770953,16022
25,5,3385,pixel3,cifar10,93.990000,13.656500,0.770953,16022
25,5,6111,pixel3,cifar10,94.373340,23.584800,0.770953,16022
25,5,3731,pixel3,cifar10,94.343330,23.361300,0.770953,16022
25,5,8573,pixel3,cifar10,89.803340,2.372100,0.770953,16022
25,5,8323,pixel3,cifar10,90.870000,3.106420,0.770953,16022
25,5,3,pixel3,cifar10,86.616670,1.062640,0.770953,16022
25,5,8695,pixel3,cifar10,94.220000,17.564500,0.770953,16022
25,5,5224,pixel3,cifar10,88.980000,1.570360,0.770953,16022
25,5,1425,pixel3,cifar10,93.933334,12.536500,0.770953,16022
25,5,5111,pixel3,cifar10,94.306660,17.584600,0.770953,16022
25,5,6999,pixel3,cifar10,93.820000,12.260900,0.770953,16022
25,5,4554,pixel3,cifar10,86.670000,1.114880,0.770953,16022
25,5,13987,pixel3,cifar10,93.596664,9.922680,0.770953,16022
25,5,7197,pixel3,cifar10,90.366670,2.447670,0.770953,16022
25,5,1616,pixel3,cifar10,89.740000,2.038690,0.770953,16022
25,5,11692,pixel3,cifar10,94.130000,15.490100,0.770953,16022
25,5,12452,pixel3,cifar10,91.350000,5.590110,0.770953,16022
25,5,6434,pixel3,cifar10,91.080000,4.811140,0.770953,16022
25,5,3687,pixel3,cifar10,89.820000,2.387250,0.770953,16022
25,5,1941,pixel3,cifar10,93.533330,9.128690,0.770953,16022
25,5,1943,pixel3,cifar10,93.116670,6.492030,0.770953,16022
25,5,1631,pixel3,cifar10,89.506670,1.697120,0.770953,16022
25,5,1497,pixel3,cifar10,86.556660,1.056630,0.770953,16022
25,5,6918,pixel3,cifar10,87.000000,1.478790,0.770953,16022
25,5,8592,pixel3,cifar10,93.750000,10.769800,0.770953,16022
25,5,1339,pixel3,cifar10,92.136665,5.802240,0.770953,16022
25,5,1804,pixel3,cifar10,89.063330,1.579900,0.770953,16022
25,5,6854,pixel3,cifar10,91.040000,4.514220,0.770953,16022
25,5,6863,pixel3,cifar10,86.740000,1.229320,0.770953,16022
25,5,4627,pixel3,cifar10,93.270000,7.036050,0.770953,16022
25,5,6899,pixel3,cifar10,90.900000,3.961410,0.770953,16022
25,5,10689,pixel3,cifar10,90.790000,2.669770,0.770953,16022
25,5,7017,pixel3,cifar10,86.970000,1.403930,0.770953,16022
25,6,5111,raspi4,cifar10,94.306660,41.756905,0.718925,16079
25,6,5915,raspi4,cifar10,86.846664,2.776470,0.718925,16079
25,6,8426,raspi4,cifar10,93.840000,31.394428,0.718925,16079
25,6,1941,raspi4,cifar10,93.533330,25.121769,0.718925,16079
25,6,6382,raspi4,cifar10,93.376660,21.461164,0.718925,16079
25,6,10412,raspi4,cifar10,93.530000,25.079220,0.718925,16079
25,6,12504,raspi4,cifar10,92.130000,16.890614,0.718925,16079
25,6,6111,raspi4,cifar10,94.373340,68.404106,0.718925,16079
25,6,3731,raspi4,cifar10,94.343330,58.070793,0.718925,16079
25,6,6918,raspi4,cifar10,87.000000,2.787590,0.718925,16079
25,6,11692,raspi4,cifar10,94.130000,37.583630,0.718925,16079
25,6,5780,raspi4,cifar10,93.980000,34.928463,0.718925,16079
25,6,1973,raspi4,cifar10,91.663330,16.185848,0.718925,16079
25,6,9380,raspi4,cifar10,89.335000,4.875613,0.718925,16079
25,6,9271,raspi4,cifar10,89.250000,4.830311,0.718925,16079
25,6,15288,raspi4,cifar10,86.660000,2.557443,0.718925,16079
25,6,12639,raspi4,cifar10,90.990000,11.857850,0.718925,16079
25,6,7174,raspi4,cifar10,88.870000,4.784453,0.718925,16079
25,6,12297,raspi4,cifar10,88.890000,4.792384,0.718925,16079
25,6,11810,raspi4,cifar10,92.780000,18.619905,0.718925,16079
25,6,2058,raspi4,cifar10,93.270000,19.484835,0.718925,16079
25,6,8323,raspi4,cifar10,90.870000,7.426308,0.718925,16079
25,6,3496,raspi4,cifar10,89.763336,5.172737,0.718925,16079
25,6,6014,raspi4,cifar10,86.690000,2.736959,0.718925,16079
25,6,9980,raspi4,cifar10,10.000000,0.011284,0.718925,16079
25,6,8008,raspi4,cifar10,93.480000,22.571420,0.718925,16079
25,6,6960,raspi4,cifar10,92.280000,17.162752,0.718925,16079
25,6,2002,raspi4,cifar10,88.893330,4.817687,0.718925,16079
25,6,1690,raspi4,cifar10,86.646670,2.536549,0.718925,16079
25,6,2035,raspi4,cifar10,89.670000,4.984099,0.718925,16079
25,6,8592,raspi4,cifar10,93.750000,25.477009,0.718925,16079
25,6,4689,raspi4,cifar10,90.720000,7.356712,0.718925,16079
25,6,4432,raspi4,cifar10,90.700000,7.290926,0.718925,16079
25,6,7058,raspi4,cifar10,92.040000,16.469465,0.718925,16079
25,7,14984,edgegpu,cifar100,67.166664,1.760831,0.595752,16318
25,7,9930,edgegpu,cifar100,73.513336,6.803060,0.595752,16318
25,7,9997,edgegpu,cifar100,71.520000,3.466139,0.595752,16318
25,7,6124,edgegpu,cifar100,68.360000,3.185835,0.595752,16318
25,7,9922,edgegpu,cifar100,58.560000,1.428552,0.595752,16318
25,7,4954,edgegpu,cifar100,73.000000,6.669736,0.595752,16318
25,7,11885,edgegpu,cifar100,68.040000,1.776652,0.595752,16318
25,7,1509,edgegpu,cifar100,1.000000,0.505853,0.595752,16318
25,7,2778,edgegpu,cifar100,72.993330,6.134028,0.595752,16318
25,7,1425,edgegpu,cifar100,72.093330,5.310225,0.595752,16318
25,7,12415,edgegpu,cifar100,71.940000,4.828467,0.595752,16318
25,7,8401,edgegpu,cifar100,71.080000,3.302102,0.595752,16318
25,7,4418,edgegpu,cifar100,72.746666,5.352364,0.595752,16318
25,7,4609,edgegpu,cifar100,66.520000,1.758838,0.595752,16318
25,7,14089,edgegpu,cifar100,61.806667,1.752892,0.595752,16318
25,7,8912,edgegpu,cifar100,59.200000,1.441355,0.595752,16318
25,7,3888,edgegpu,cifar100,73.260000,6.797867,0.595752,16318
25,7,11810,edgegpu,cifar100,68.300000,1.779551,0.595752,16318
25,7,12238,edgegpu,cifar100,67.240000,1.772847,0.595752,16318
25,7,2304,edgegpu,cifar100,58.660000,1.440253,0.595752,16318
25,8,11112,edgetpu,cifar100,66.893330,0.486713,0.661145,16096
25,8,857,edgetpu,cifar100,72.880000,1.264168,0.661145,16096
25,8,3888,edgetpu,cifar100,73.260000,1.316226,0.661145,16096
25,8,13113,edgetpu,cifar100,63.140000,0.398170,0.661145,16096
25,8,797,edgetpu,cifar100,69.580000,0.633351,0.661145,16096
25,8,4155,edgetpu,cifar100,62.306667,0.391442,0.661145,16096
25,8,15363,edgetpu,cifar100,70.520000,0.676394,0.661145,16096
25,8,5019,edgetpu,cifar100,58.880000,0.357058,0.661145,16096
25,8,7760,edgetpu,cifar100,67.800000,0.489248,0.661145,16096
25,8,12415,edgetpu,cifar100,71.940000,0.872299,0.661145,16096
25,8,577,edgetpu,cifar100,69.680000,0.635228,0.661145,16096
25,8,9930,edgetpu,cifar100,73.513336,1.454107,0.661145,16096
25,8,777,edgetpu,cifar100,58.650000,0.355588,0.661145,16096
25,8,8912,edgetpu,cifar100,59.200000,0.377698,0.661145,16096
25,8,8401,edgetpu,cifar100,71.080000,0.728572,0.661145,16096
25,8,14945,edgetpu,cifar100,58.500000,0.354940,0.661145,16096
25,8,2705,edgetpu,cifar100,62.813330,0.393026,0.661145,16096
25,8,1110,edgetpu,cifar100,58.840000,0.355938,0.661145,16096
25,8,9997,edgetpu,cifar100,71.520000,0.729986,0.661145,16096
25,8,11810,edgetpu,cifar100,68.300000,0.492126,0.661145,16096
25,8,8638,edgetpu,cifar100,58.860000,0.356631,0.661145,16096
25,8,12761,edgetpu,cifar100,72.860000,1.225212,0.661145,16096
25,8,1425,edgetpu,cifar100,72.093330,0.910660,0.661145,16096
25,8,3487,edgetpu,cifar100,70.093330,0.637182,0.661145,16096
25,8,10000,edgetpu,cifar100,73.160000,1.283461,0.661145,16096
25,8,4977,edgetpu,cifar100,63.360000,0.398743,0.661145,16096
25,8,13829,edgetpu,cifar100,66.873340,0.485137,0.661145,16096
25,8,4659,edgetpu,cifar100,70.060000,0.636433,0.661145,16096
25,8,11533,edgetpu,cifar100,69.760000,0.635877,0.661145,16096
25,8,69,edgetpu,cifar100,71.020000,0.727259,0.661145,16096
25,8,4418,edgetpu,cifar100,72.746666,1.093699,0.661145,16096
25,8,1383,edgetpu,cifar100,70.273330,0.673722,0.661145,16096
25,8,12574,edgetpu,cifar100,72.740000,0.932430,0.661145,16096
25,8,4532,edgetpu,cifar100,68.040000,0.489947,0.661145,16096
25,8,1943,edgetpu,cifar100,69.626660,0.634759,0.661145,16096
25,8,9541,edgetpu,cifar100,67.660000,0.486829,0.661145,16096
25,9,5084,eyeriss,cifar100,58.813330,1.682560,0.498737,16688
25,9,12761,eyeriss,cifar100,72.860000,6.352000,0.498737,16688
25,9,10689,eyeriss,cifar100,67.500000,2.174080,0.498737,16688
25,9,3888,eyeriss,cifar100,73.260000,6.597760,0.498737,16688
25,9,12820,eyeriss,cifar100,67.720000,2.419840,0.498737,16688
25,9,11301,eyeriss,cifar100,68.220000,2.665600,0.498737,16688
25,9,6925,eyeriss,cifar100,71.220000,3.894400,0.498737,16688
25,9,3540,eyeriss,cifar100,71.500000,4.877440,0.498737,16688
25,9,6787,eyeriss,cifar100,70.720000,3.648640,0.498737,16688
25,9,9930,eyeriss,cifar100,73.513336,9.055360,0.498737,16688
25,9,12574,eyeriss,cifar100,72.740000,5.123200,0.498737,16688
25,9,3487,eyeriss,cifar100,70.093330,3.402880,0.498737,16688
25,9,14714,eyeriss,cifar100,71.280000,4.140160,0.498737,16688
25,9,3687,eyeriss,cifar100,64.460000,1.928320,0.498737,16688
25,10,5651,fpga,cifar100,64.690000,1.648160,0.532726,16322
25,10,5084,fpga,cifar100,58.813330,1.132960,0.532726,16322
25,10,11727,fpga,cifar100,67.773330,2.800160,0.532726,16322
25,10,6787,fpga,cifar100,70.720000,3.420960,0.532726,16322
25,10,6925,fpga,cifar100,71.220000,3.936160,0.532726,16322
25,10,10689,fpga,cifar100,67.500000,2.163360,0.532726,16322
25,10,12761,fpga,cifar100,72.860000,5.420960,0.532726,16322
25,10,7250,fpga,cifar100,67.706665,2.390560,0.532726,16322
25,10,9930,fpga,cifar100,73.513336,7.420960,0.532726,16322
25,10,3540,fpga,cifar100,71.500000,4.163360,0.532726,16322
25,10,6830,fpga,cifar100,71.460000,4.057760,0.532726,16322
25,10,12820,fpga,cifar100,67.720000,2.678560,0.532726,16322
25,10,12295,fpga,cifar100,71.160000,3.648160,0.532726,16322
25,10,3888,fpga,cifar100,73.260000,5.936160,0.532726,16322
25,10,12574,fpga,cifar100,72.740000,4.678560,0.532726,16322
25,10,4659,fpga,cifar100,70.060000,2.905760,0.532726,16322
25,10,4249,fpga,cifar100,65.080000,2.057760,0.532726,16322
25,10,9997,fpga,cifar100,71.520000,4.572960,0.532726,16322
25,10,5033,fpga,cifar100,59.060000,1.542560,0.532726,16322
25,11,704,pixel3,cifar100,62.870000,1.913330,0.676710,15972
25,11,6787,pixel3,cifar100,70.720000,9.854430,0.676710,15972
25,11,8638,pixel3,cifar100,58.860000,1.478570,0.676710,15972
25,11,9930,pixel3,cifar100,73.513336,42.003600,0.676710,15972
25,11,9997,pixel3,cifar100,71.520000,14.777900,0.676710,15972
25,11,1459,pixel3,cifar100,73.140000,23.437900,0.676710,15972
25,11,4409,pixel3,cifar100,67.173330,3.113370,0.676710,15972
25,11,14253,pixel3,cifar100,70.860000,10.679300,0.676710,15972
25,11,1425,pixel3,cifar100,72.093330,15.692300,0.676710,15972
25,11,1583,pixel3,cifar100,71.326670,12.345800,0.676710,15972
25,11,12574,pixel3,cifar100,72.740000,16.473900,0.676710,15972
25,11,906,pixel3,cifar100,62.393333,1.661810,0.676710,15972
25,11,6337,pixel3,cifar100,1.000000,0.008753,0.676710,15972
25,11,857,pixel3,cifar100,72.880000,19.113200,0.676710,15972
25,11,8323,pixel3,cifar100,67.080000,3.106340,0.676710,15972
25,11,777,pixel3,cifar100,58.650000,1.087020,0.676710,15972
25,11,3888,pixel3,cifar100,73.260000,23.477200,0.676710,15972
25,11,1357,pixel3,cifar100,67.480000,3.998260,0.676710,15972
25,11,572,pixel3,cifar100,70.313330,8.017480,0.676710,15972
25,11,1409,pixel3,cifar100,58.853333,1.275090,0.676710,15972
25,11,1416,pixel3,cifar100,64.493330,2.084060,0.676710,15972
25,11,1450,pixel3,cifar100,70.506670,9.337360,0.676710,15972
25,11,10042,pixel3,cifar100,64.880000,2.794690,0.676710,15972
25,11,6925,pixel3,cifar100,71.220000,10.688000,0.676710,15972
25,11,15363,pixel3,cifar100,70.520000,9.708640,0.676710,15972
25,11,9649,pixel3,cifar100,64.540000,2.536210,0.676710,15972
25,11,12970,pixel3,cifar100,68.140000,4.782110,0.676710,15972
25,11,1593,pixel3,cifar100,62.126667,1.582050,0.676710,15972
25,11,8912,pixel3,cifar100,59.200000,1.478790,0.676710,15972
25,11,898,pixel3,cifar100,70.000000,6.516140,0.676710,15972
25,12,4418,raspi4,cifar100,72.746666,47.162354,0.712654,16158
25,12,12574,raspi4,cifar100,72.740000,36.371254,0.712654,16158
25,12,9930,raspi4,cifar100,73.513336,71.152000,0.712654,16158
25,12,7030,raspi4,cifar100,69.600000,19.218203,0.712654,16158
25,12,11301,raspi4,cifar100,68.220000,14.905408,0.712654,16158
25,12,12761,raspi4,cifar100,72.860000,53.718200,0.712654,16158
25,12,8740,raspi4,cifar100,1.000000,0.015215,0.712654,16158
25,12,13430,raspi4,cifar100,66.700000,7.203785,0.712654,16158
25,12,15589,raspi4,cifar100,59.060000,2.795078,0.712654,16158
25,12,7891,raspi4,cifar100,67.550000,12.536592,0.712654,16158
25,12,14612,raspi4,cifar100,58.720000,2.563505,0.712654,16158
25,12,2222,raspi4,cifar100,58.313330,2.538255,0.712654,16158
25,12,6822,raspi4,cifar100,58.426666,2.558594,0.712654,16158
25,12,12915,raspi4,cifar100,66.950000,7.226311,0.712654,16158
25,12,8323,raspi4,cifar100,67.080000,7.271148,0.712654,16158
25,12,9997,raspi4,cifar100,71.520000,34.996710,0.712654,16158
25,12,6930,raspi4,cifar100,61.720000,4.798524,0.712654,16158
25,12,8768,raspi4,cifar100,71.120000,25.648617,0.712654,16158
25,12,2058,raspi4,cifar100,69.613335,20.052132,0.712654,16158
25,12,3487,raspi4,cifar100,70.093330,21.603350,0.712654,16158
25,12,2035,raspi4,cifar100,63.926666,5.005698,0.712654,16158
25,12,3408,raspi4,cifar100,63.993332,5.081906,0.712654,16158
25,12,9895,raspi4,cifar100,69.400000,19.211880,0.712654,16158
25,12,1459,raspi4,cifar100,73.140000,53.879950,0.712654,16158
25,12,14253,raspi4,cifar100,70.860000,25.077555,0.712654,16158
25,12,9271,raspi4,cifar100,63.400000,4.800893,0.712654,16158
25,12,14811,raspi4,cifar100,69.680000,20.361189,0.712654,16158
25,12,11533,raspi4,cifar100,69.760000,21.446177,0.712654,16158
25,12,10689,raspi4,cifar100,67.500000,7.381845,0.712654,16158
25,12,485,raspi4,cifar100,67.593330,14.719852,0.712654,16158
25,12,10222,raspi4,cifar100,58.860000,2.747804,0.712654,16158
25,12,3888,raspi4,cifar100,73.260000,55.029520,0.712654,16158
25,12,3192,raspi4,cifar100,71.133330,27.339523,0.712654,16158
25,12,898,raspi4,cifar100,70.000000,21.506163,0.712654,16158
25,12,15363,raspi4,cifar100,70.520000,21.809430,0.712654,16158
25,12,6918,raspi4,cifar100,58.800000,2.571364,0.712654,16158
25,12,10042,raspi4,cifar100,64.880000,5.100886,0.712654,16158
25,13,9722,edgegpu,ImageNet16-120,44.000000,3.327813,0.673187,16351
25,13,2650,edgegpu,ImageNet16-120,42.433334,3.309817,0.673187,16351
25,13,5751,edgegpu,ImageNet16-120,40.044445,2.434626,0.673187,16351
25,13,10947,edgegpu,ImageNet16-120,39.944443,1.909800,0.673187,16351
25,13,12415,edgegpu,ImageNet16-120,46.566666,4.667692,0.673187,16351
25,13,7760,edgegpu,ImageNet16-120,39.100000,1.743751,0.673187,16351
25,13,10835,edgegpu,ImageNet16-120,45.233334,4.434366,0.673187,16351
25,13,1164,edgegpu,ImageNet16-120,28.522223,1.435223,0.673187,16351
25,13,14612,edgegpu,ImageNet16-120,28.488890,1.434064,0.673187,16351
25,13,4587,edgegpu,ImageNet16-120,28.800000,1.445131,0.673187,16351
25,13,9586,edgegpu,ImageNet16-120,46.933334,5.222673,0.673187,16351
25,13,6636,edgegpu,ImageNet16-120,40.544445,3.305931,0.673187,16351
25,13,8884,edgegpu,ImageNet16-120,45.033333,3.499999,0.673187,16351
25,13,4332,edgegpu,ImageNet16-120,39.444443,1.745496,0.673187,16351
25,13,8401,edgegpu,ImageNet16-120,43.833332,3.322444,0.673187,16351
25,13,4946,edgegpu,ImageNet16-120,44.700000,3.490419,0.673187,16351
25,13,15159,edgegpu,ImageNet16-120,45.566666,4.632421,0.673187,16351
25,13,11217,edgegpu,ImageNet16-120,43.466667,3.316708,0.673187,16351
25,13,15376,edgegpu,ImageNet16-120,0.833333,0.533953,0.673187,16351
25,13,4988,edgegpu,ImageNet16-120,28.933332,1.448212,0.673187,16351
25,13,13411,edgegpu,ImageNet16-120,31.855556,1.736240,0.673187,16351
25,13,15288,edgegpu,ImageNet16-120,28.422222,1.417041,0.673187,16351
25,13,6950,edgegpu,ImageNet16-120,38.700000,1.740150,0.673187,16351
25,13,8426,edgegpu,ImageNet16-120,44.633335,3.370147,0.673187,16351
25,13,857,edgegpu,ImageNet16-120,47.311110,6.707663,0.673187,16351
25,13,7187,edgegpu,ImageNet16-120,28.683332,1.443858,0.673187,16351
25,13,4160,edgegpu,ImageNet16-120,39.833332,1.756272,0.673187,16351
25,13,12760,edgegpu,ImageNet16-120,40.833332,3.308015,0.673187,16351
25,13,15383,edgegpu,ImageNet16-120,47.033333,6.262836,0.673187,16351
25,13,14117,edgegpu,ImageNet16-120,28.677778,1.435547,0.673187,16351
25,13,13760,edgegpu,ImageNet16-120,32.333332,1.739759,0.673187,16351
25,13,12081,edgegpu,ImageNet16-120,40.233334,2.730479,0.673187,16351
25,14,7174,edgetpu,ImageNet16-120,33.116665,0.391775,0.557661,16227
25,14,7837,edgetpu,ImageNet16-120,32.111110,0.363571,0.557661,16227
25,14,12415,edgetpu,ImageNet16-120,46.566666,0.710906,0.557661,16227
25,14,3540,edgetpu,ImageNet16-120,45.122223,0.648670,0.557661,16227
25,14,857,edgetpu,ImageNet16-120,47.311110,0.997730,0.557661,16227
25,14,5302,edgetpu,ImageNet16-120,38.833332,0.427711,0.557661,16227
25,14,7273,edgetpu,ImageNet16-120,42.966667,0.550014,0.557661,16227
25,14,7750,edgetpu,ImageNet16-120,43.066666,0.551617,0.557661,16227
25,14,8884,edgetpu,ImageNet16-120,45.033333,0.615792,0.557661,16227
25,14,12424,edgetpu,ImageNet16-120,43.133330,0.557283,0.557661,16227
25,14,5724,edgetpu,ImageNet16-120,28.366667,0.359987,0.557661,16227
25,14,5530,edgetpu,ImageNet16-120,42.577778,0.549937,0.557661,16227
25,14,4830,edgetpu,ImageNet16-120,42.233334,0.549457,0.557661,16227
25,14,9689,edgetpu,ImageNet16-120,42.533333,0.549702,0.557661,16227
25,14,13769,edgetpu,ImageNet16-120,41.555557,0.549360,0.557661,16227
25,14,15383,edgetpu,ImageNet16-120,47.033333,0.780914,0.557661,16227
25,14,5973,edgetpu,ImageNet16-120,40.100000,0.517454,0.557661,16227
25,14,11262,edgetpu,ImageNet16-120,39.733334,0.430019,0.557661,16227
25,14,15363,edgetpu,ImageNet16-120,44.333332,0.582280,0.557661,16227
25,14,6011,edgetpu,ImageNet16-120,39.277780,0.428728,0.557661,16227
25,14,6960,edgetpu,ImageNet16-120,39.566666,0.429523,0.557661,16227
25,14,10167,edgetpu,ImageNet16-120,39.944443,0.444058,0.557661,16227
25,14,10017,edgetpu,ImageNet16-120,40.566666,0.524950,0.557661,16227
25,14,15107,edgetpu,ImageNet16-120,39.800000,0.430284,0.557661,16227
25,14,10750,edgetpu,ImageNet16-120,44.600000,0.615553,0.557661,16227
25,14,8915,edgetpu,ImageNet16-120,32.611110,0.364729,0.557661,16227
25,14,10888,edgetpu,ImageNet16-120,28.333334,0.359044,0.557661,16227
25,14,10332,edgetpu,ImageNet16-120,40.033333,0.516152,0.557661,16227
25,14,11177,edgetpu,ImageNet16-120,33.200000,0.393637,0.557661,16227
25,14,5751,edgetpu,ImageNet16-120,40.044445,0.516992,0.557661,16227
25,15,4988,eyeriss,ImageNet16-120,28.933332,0.423040,0.459905,16567
25,15,2835,eyeriss,ImageNet16-120,38.222220,0.545920,0.459905,16567
25,15,8008,eyeriss,ImageNet16-120,43.500000,0.853120,0.459905,16567
25,15,8853,eyeriss,ImageNet16-120,45.600000,1.037440,0.459905,16567
25,15,6787,eyeriss,ImageNet16-120,44.400000,0.914560,0.459905,16567
25,15,15383,eyeriss,ImageNet16-120,47.033333,1.283200,0.459905,16567
25,15,857,eyeriss,ImageNet16-120,47.311110,1.651840,0.459905,16567
25,15,1939,eyeriss,ImageNet16-120,45.077778,0.976000,0.459905,16567
25,15,7551,eyeriss,ImageNet16-120,38.477780,0.607360,0.459905,16567
25,15,6854,eyeriss,ImageNet16-120,40.800000,0.668800,0.459905,16567
25,15,4829,eyeriss,ImageNet16-120,34.200000,0.484480,0.459905,16567
25,16,857,fpga,ImageNet16-120,47.311110,2.038400,0.507027,16179
25,16,6854,fpga,ImageNet16-120,40.800000,0.809120,0.507027,16179
25,16,4988,fpga,ImageNet16-120,28.933332,0.284320,0.507027,16179
25,16,1939,fpga,ImageNet16-120,45.077778,1.062400,0.507027,16179
25,16,4829,fpga,ImageNet16-120,34.200000,0.415520,0.507027,16179
25,16,15383,fpga,ImageNet16-120,47.033333,1.504000,0.507027,16179
25,16,8008,fpga,ImageNet16-120,43.500000,0.876800,0.507027,16179
25,16,6787,fpga,ImageNet16-120,44.400000,0.969600,0.507027,16179
25,16,2835,fpga,ImageNet16-120,38.222220,0.546720,0.507027,16179
25,16,11161,fpga,ImageNet16-120,34.500000,0.517920,0.507027,16179
25,16,14748,fpga,ImageNet16-120,44.900000,0.995200,0.507027,16179
25,16,6868,fpga,ImageNet16-120,39.000000,0.649120,0.507027,16179
25,16,15446,fpga,ImageNet16-120,45.766666,1.116320,0.507027,16179
25,16,12452,fpga,ImageNet16-120,40.533333,0.780320,0.507027,16179
25,17,4587,pixel3,ImageNet16-120,28.800000,0.445767,0.741123,15784
25,17,1595,pixel3,ImageNet16-120,32.255554,0.618134,0.741123,15784
25,17,10293,pixel3,ImageNet16-120,28.188889,0.422463,0.741123,15784
25,17,11079,pixel3,ImageNet16-120,43.566666,2.479610,0.741123,15784
25,17,1425,pixel3,ImageNet16-120,45.977780,4.619290,0.741123,15784
25,17,10154,pixel3,ImageNet16-120,46.133335,4.783700,0.741123,15784
25,17,12506,pixel3,ImageNet16-120,43.983334,2.929990,0.741123,15784
25,17,1110,pixel3,ImageNet16-120,28.600000,0.423927,0.741123,15784
25,17,1549,pixel3,ImageNet16-120,28.655556,0.424747,0.741123,15784
25,17,1204,pixel3,ImageNet16-120,37.844444,0.864966,0.741123,15784
25,17,2018,pixel3,ImageNet16-120,46.433334,4.949210,0.741123,15784
25,17,8853,pixel3,ImageNet16-120,45.600000,3.554540,0.741123,15784
25,17,4004,pixel3,ImageNet16-120,42.811110,2.467510,0.741123,15784
25,17,4675,pixel3,ImageNet16-120,33.100000,0.620036,0.741123,15784
25,17,8736,pixel3,ImageNet16-120,45.700000,4.405980,0.741123,15784
25,17,10868,pixel3,ImageNet16-120,32.266666,0.619124,0.741123,15784
25,17,15383,pixel3,ImageNet16-120,47.033333,5.191720,0.741123,15784
25,17,13059,pixel3,ImageNet16-120,34.266666,0.668679,0.741123,15784
25,17,7551,pixel3,ImageNet16-120,38.477780,1.266510,0.741123,15784
25,17,12424,pixel3,ImageNet16-120,43.133330,2.470150,0.741123,15784
25,17,12452,pixel3,ImageNet16-120,40.533333,1.504410,0.741123,15784
25,17,12516,pixel3,ImageNet16-120,32.083332,0.617816,0.741123,15784
25,17,2835,pixel3,ImageNet16-120,38.222220,0.868646,0.741123,15784
25,17,857,pixel3,ImageNet16-120,47.311110,6.686850,0.741123,15784
25,17,11000,pixel3,ImageNet16-120,44.866665,2.962520,0.741123,15784
25,17,1939,pixel3,ImageNet16-120,45.077778,3.021500,0.741123,15784
25,17,12355,pixel3,ImageNet16-120,45.033333,2.989390,0.741123,15784
25,17,12466,pixel3,ImageNet16-120,46.100000,4.680280,0.741123,15784
25,17,12639,pixel3,ImageNet16-120,40.400000,1.304440,0.741123,15784
25,17,8954,pixel3,ImageNet16-120,28.733334,0.424855,0.741123,15784
25,17,13756,pixel3,ImageNet16-120,0.833333,0.005289,0.741123,15784
25,17,4432,pixel3,ImageNet16-120,37.800000,0.861157,0.741123,15784
25,17,2899,pixel3,ImageNet16-120,43.911110,2.701210,0.741123,15784
25,17,872,pixel3,ImageNet16-120,41.777780,2.465030,0.741123,15784
25,17,4384,pixel3,ImageNet16-120,28.133333,0.421612,0.741123,15784
25,17,6854,pixel3,ImageNet16-120,40.800000,1.621620,0.741123,15784
25,17,3728,pixel3,ImageNet16-120,28.500000,0.422880,0.741123,15784
25,17,10888,pixel3,ImageNet16-120,28.333334,0.422652,0.741123,15784
25,17,8584,pixel3,ImageNet16-120,34.088890,0.664046,0.741123,15784
25,17,25,pixel3,ImageNet16-120,28.300000,0.422510,0.741123,15784
25,17,794,pixel3,ImageNet16-120,32.488888,0.619502,0.741123,15784
25,18,13931,raspi4,ImageNet16-120,28.788889,0.956195,0.809956,16092
25,18,10797,raspi4,ImageNet16-120,28.033333,0.946706,0.809956,16092
25,18,11177,raspi4,ImageNet16-120,33.200000,1.573414,0.809956,16092
25,18,4995,raspi4,ImageNet16-120,42.166668,3.766336,0.809956,16092
25,18,3496,raspi4,ImageNet16-120,34.233334,1.598666,0.809956,16092
25,18,933,raspi4,ImageNet16-120,0.833333,0.011514,0.809956,16092
25,18,14697,raspi4,ImageNet16-120,33.900000,1.580382,0.809956,16092
25,18,1413,raspi4,ImageNet16-120,42.711113,3.788479,0.809956,16092
25,18,6336,raspi4,ImageNet16-120,39.366665,3.073392,0.809956,16092
25,18,12639,raspi4,ImageNet16-120,40.400000,3.628959,0.809956,16092
25,18,14750,raspi4,ImageNet16-120,32.933334,1.536700,0.809956,16092
25,18,3960,raspi4,ImageNet16-120,37.755554,2.197980,0.809956,16092
25,18,7187,raspi4,ImageNet16-120,28.683332,0.952790,0.809956,16092
25,18,12505,raspi4,ImageNet16-120,39.283333,3.062432,0.809956,16092
25,18,8733,raspi4,ImageNet16-120,46.600000,7.477213,0.809956,16092
25,18,8584,raspi4,ImageNet16-120,34.088890,1.586268,0.809956,16092
25,18,5487,raspi4,ImageNet16-120,38.500000,3.019000,0.809956,16092
25,18,857,raspi4,ImageNet16-120,47.311110,9.020064,0.809956,16092
25,18,5973,raspi4,ImageNet16-120,40.100000,3.159922,0.809956,16092
25,18,8355,raspi4,ImageNet16-120,39.666668,3.083286,0.809956,16092
25,18,7551,raspi4,ImageNet16-120,38.477780,2.950436,0.809956,16092
25,18,10835,raspi4,ImageNet16-120,45.233334,6.632419,0.809956,16092
25,18,7955,raspi4,ImageNet16-120,39.388890,3.082832,0.809956,16092
25,18,11584,raspi4,ImageNet16-120,46.666668,8.014434,0.809956,16092
25,18,4988,raspi4,ImageNet16-120,28.933332,1.003251,0.809956,16092
25,18,9032,raspi4,ImageNet16-120,38.016666,2.201532,0.809956,16092
25,18,3782,raspi4,ImageNet16-120,41.866665,3.755286,0.809956,16092
25,18,1939,raspi4,ImageNet16-120,45.077778,5.341908,0.809956,16092
25,18,8853,raspi4,ImageNet16-120,45.600000,6.961605,0.809956,16092
25,18,13771,raspi4,ImageNet16-120,32.744446,1.533813,0.809956,16092
25,18,6854,raspi4,ImageNet16-120,40.800000,3.661016,0.809956,16092
25,18,2779,raspi4,ImageNet16-120,37.355556,2.190654,0.809956,16092
25,18,13284,raspi4,ImageNet16-120,40.177776,3.191073,0.809956,16092
25,18,5202,raspi4,ImageNet16-120,42.411110,3.783078,0.809956,16092
25,18,380,raspi4,ImageNet16-120,38.900000,3.038936,0.809956,16092
25,18,1204,raspi4,ImageNet16-120,37.844444,2.199356,0.809956,16092
25,18,9496,raspi4,ImageNet16-120,38.200000,2.204048,0.809956,16092
25,18,15363,raspi4,ImageNet16-120,44.333332,4.480516,0.809956,16092
25,18,4675,raspi4,ImageNet16-120,33.100000,1.544321,0.809956,16092
25,18,11079,raspi4,ImageNet16-120,43.566666,3.802027,0.809956,16092
25,18,12358,raspi4,ImageNet16-120,34.055557,1.582727,0.809956,16092
25,18,15383,raspi4,ImageNet16-120,47.033333,8.565354,0.809956,16092
25,18,4160,raspi4,ImageNet16-120,39.833332,3.114462,0.809956,16092
25,18,97,raspi4,ImageNet16-120,32.177776,1.530789,0.809956,16092
25,18,13644,raspi4,ImageNet16-120,45.333332,6.780282,0.809956,16092
25,18,7357,raspi4,ImageNet16-120,44.666668,4.480689,0.809956,16092
25,18,14792,raspi4,ImageNet16-120,43.033333,3.792447,0.809956,16092
25,18,15107,raspi4,ImageNet16-120,39.800000,3.083329,0.809956,16092
26,1,5780,edgegpu,cifar10,93.980000,3.361888,0.567773,16417
26,1,11692,edgegpu,cifar10,94.130000,4.708362,0.567773,16417
26,1,13401,edgegpu,cifar10,87.010000,1.457009,0.567773,16417
26,1,10484,edgegpu,cifar10,93.810000,3.354015,0.567773,16417
26,1,13714,edgegpu,cifar10,94.373340,6.772180,0.567773,16417
26,1,9099,edgegpu,cifar10,93.940000,3.357520,0.567773,16417
26,1,2053,edgegpu,cifar10,94.206665,5.482254,0.567773,16417
26,1,1459,edgegpu,cifar10,94.296670,6.748991,0.567773,16417
26,1,11438,edgegpu,cifar10,92.500000,1.846719,0.567773,16417
26,1,5400,edgegpu,cifar10,86.630000,1.427460,0.567773,16417
26,1,561,edgegpu,cifar10,86.880000,1.451068,0.567773,16417
26,1,6960,edgegpu,cifar10,92.280000,1.764450,0.567773,16417
26,1,6330,edgegpu,cifar10,94.006670,4.384699,0.567773,16417
26,1,5292,edgegpu,cifar10,94.293335,6.663151,0.567773,16417
26,1,14090,edgegpu,cifar10,92.086670,1.749086,0.567773,16417
26,1,2776,edgegpu,cifar10,93.666664,3.331194,0.567773,16417
26,1,15200,edgegpu,cifar10,10.000000,0.501385,0.567773,16417
26,1,14527,edgegpu,cifar10,86.765000,1.439619,0.567773,16417
26,1,1339,edgegpu,cifar10,92.136665,1.751881,0.567773,16417
26,1,14407,edgegpu,cifar10,86.770000,1.440282,0.567773,16417
26,1,1549,edgegpu,cifar10,86.710000,1.436324,0.567773,16417
26,1,11810,edgegpu,cifar10,92.780000,1.992798,0.567773,16417
26,2,12439,edgetpu,cifar10,86.393330,0.352159,0.669313,16404
26,2,6382,edgetpu,cifar10,93.376660,0.628638,0.669313,16404
26,2,13714,edgetpu,cifar10,94.373340,1.377865,0.669313,16404
26,2,2053,edgetpu,cifar10,94.206665,1.042178,0.669313,16404
26,2,9817,edgetpu,cifar10,93.490000,0.723286,0.669313,16404
26,2,11438,edgetpu,cifar10,92.500000,0.482393,0.669313,16404
26,2,10293,edgetpu,cifar10,86.513336,0.352328,0.669313,16404
26,2,11112,edgetpu,cifar10,92.110000,0.480732,0.669313,16404
26,2,5111,edgetpu,cifar10,94.306660,1.152010,0.669313,16404
26,2,2328,edgetpu,cifar10,89.210000,0.392618,0.669313,16404
26,2,7017,edgetpu,cifar10,86.970000,0.353089,0.669313,16404
26,2,5258,edgetpu,cifar10,88.775000,0.388629,0.669313,16404
26,2,1595,edgetpu,cifar10,88.963330,0.389815,0.669313,16404
26,2,7676,edgetpu,cifar10,92.230000,0.481331,0.669313,16404
26,2,10581,edgetpu,cifar10,89.015000,0.390403,0.669313,16404
26,2,5224,edgetpu,cifar10,88.980000,0.389900,0.669313,16404
26,2,11692,edgetpu,cifar10,94.130000,0.761100,0.669313,16404
26,2,3731,edgetpu,cifar10,94.343330,1.282820,0.669313,16404
26,2,13611,edgetpu,cifar10,92.490000,0.481826,0.669313,16404
26,2,12607,edgetpu,cifar10,89.180000,0.391577,0.669313,16404
26,2,6918,edgetpu,cifar10,87.000000,0.375819,0.669313,16404
26,2,797,edgetpu,cifar10,93.280000,0.627996,0.669313,16404
26,2,8008,edgetpu,cifar10,93.480000,0.629746,0.669313,16404
26,2,9950,edgetpu,cifar10,93.840000,0.723767,0.669313,16404
26,2,5780,edgetpu,cifar10,93.980000,0.723967,0.669313,16404
26,2,6407,edgetpu,cifar10,88.933334,0.389381,0.669313,16404
26,3,8008,eyeriss,cifar10,93.480000,3.399860,0.459284,16487
26,3,8323,eyeriss,cifar10,90.870000,2.171060,0.459284,16487
26,3,13714,eyeriss,cifar10,94.373340,7.823540,0.459284,16487
26,3,15000,eyeriss,cifar10,92.400000,3.154100,0.459284,16487
26,3,6584,eyeriss,cifar10,94.160000,4.874420,0.459284,16487
26,3,12820,eyeriss,cifar10,90.880000,2.416820,0.459284,16487
26,3,3731,eyeriss,cifar10,94.343330,6.594740,0.459284,16487
26,3,10412,eyeriss,cifar10,93.530000,3.645620,0.459284,16487
26,3,5111,eyeriss,cifar10,94.306660,5.365940,0.459284,16487
26,3,6111,eyeriss,cifar10,94.373340,7.823540,0.459284,16487
26,3,3687,eyeriss,cifar10,89.820000,1.925300,0.459284,16487
26,3,11472,eyeriss,cifar10,93.970000,4.628660,0.459284,16487
26,3,6854,eyeriss,cifar10,91.040000,2.662580,0.459284,16487
26,3,8592,eyeriss,cifar10,93.750000,3.891380,0.459284,16487
26,3,12286,eyeriss,cifar10,86.760000,1.679540,0.459284,16487
26,4,10431,fpga,cifar10,87.000000,1.542560,0.491104,16455
26,4,6584,fpga,cifar10,94.160000,4.163360,0.491104,16455
26,4,6111,fpga,cifar10,94.373340,6.678560,0.491104,16455
26,4,3731,fpga,cifar10,94.343330,5.936160,0.491104,16455
26,4,4384,fpga,cifar10,86.796670,1.132960,0.491104,16455
26,4,8323,fpga,cifar10,90.870000,2.163360,0.491104,16455
26,4,13611,fpga,cifar10,92.490000,2.390560,0.491104,16455
26,4,13987,fpga,cifar10,93.596664,3.420960,0.491104,16455
26,4,8008,fpga,cifar10,93.480000,2.905760,0.491104,16455
26,4,5111,fpga,cifar10,94.306660,5.193760,0.491104,16455
26,4,11525,fpga,cifar10,90.000000,2.057760,0.491104,16455
26,4,13714,fpga,cifar10,94.373340,6.678560,0.491104,16455
26,4,11472,fpga,cifar10,93.970000,3.648160,0.491104,16455
26,4,12438,fpga,cifar10,89.875000,1.648160,0.491104,16455
26,5,13171,pixel3,cifar10,93.530000,7.717220,0.717571,16160
26,5,6918,pixel3,cifar10,87.000000,1.478790,0.717571,16160
26,5,1339,pixel3,cifar10,92.136665,5.802240,0.717571,16160
26,5,11692,pixel3,cifar10,94.130000,15.490100,0.717571,16160
26,5,12452,pixel3,cifar10,91.350000,5.590110,0.717571,16160
26,5,12970,pixel3,cifar10,90.970000,4.723840,0.717571,16160
26,5,6434,pixel3,cifar10,91.080000,4.811140,0.717571,16160
26,5,11972,pixel3,cifar10,91.510000,5.627010,0.717571,16160
26,5,13869,pixel3,cifar10,93.656670,10.634700,0.717571,16160
26,5,13987,pixel3,cifar10,93.596664,9.922680,0.717571,16160
26,5,55,pixel3,cifar10,86.756670,1.057440,0.717571,16160
26,5,7197,pixel3,cifar10,90.366670,2.447670,0.717571,16160
26,5,7001,pixel3,cifar10,10.000000,0.003277,0.717571,16160
26,5,6624,pixel3,cifar10,89.120000,1.670570,0.717571,16160
26,5,1425,pixel3,cifar10,93.933334,12.536500,0.717571,16160
26,5,1781,pixel3,cifar10,89.883330,1.712020,0.717571,16160
26,5,3731,pixel3,cifar10,94.343330,23.361300,0.717571,16160
26,5,4946,pixel3,cifar10,93.690000,11.590400,0.717571,16160
26,5,8323,pixel3,cifar10,90.870000,3.106420,0.717571,16160
26,5,6382,pixel3,cifar10,93.376660,7.048190,0.717571,16160
26,5,4384,pixel3,cifar10,86.796670,1.467300,0.717571,16160
26,5,6111,pixel3,cifar10,94.373340,23.584800,0.717571,16160
26,5,5111,pixel3,cifar10,94.306660,17.584600,0.717571,16160
26,5,5224,pixel3,cifar10,88.980000,1.570360,0.717571,16160
26,5,2779,pixel3,cifar10,90.806660,3.102950,0.717571,16160
26,5,6899,pixel3,cifar10,90.900000,3.961410,0.717571,16160
26,5,6999,pixel3,cifar10,93.820000,12.260900,0.717571,16160
26,5,8695,pixel3,cifar10,94.220000,17.564500,0.717571,16160
26,5,1497,pixel3,cifar10,86.556660,1.056630,0.717571,16160
26,5,1804,pixel3,cifar10,89.063330,1.579900,0.717571,16160
26,5,5915,pixel3,cifar10,86.846664,1.472530,0.717571,16160
26,5,1943,pixel3,cifar10,93.116670,6.492030,0.717571,16160
26,5,8884,pixel3,cifar10,93.750000,11.812100,0.717571,16160
26,5,1778,pixel3,cifar10,92.180000,6.446230,0.717571,16160
26,5,8708,pixel3,cifar10,94.080000,12.839000,0.717571,16160
26,5,4627,pixel3,cifar10,93.270000,7.036050,0.717571,16160
26,5,9230,pixel3,cifar10,86.580000,1.056760,0.717571,16160
26,5,12639,pixel3,cifar10,90.990000,4.749000,0.717571,16160
26,5,10689,pixel3,cifar10,90.790000,2.669770,0.717571,16160
26,6,2090,raspi4,cifar10,86.650000,2.558456,0.714010,16097
26,6,11692,raspi4,cifar10,94.130000,37.583630,0.714010,16097
26,6,8008,raspi4,cifar10,93.480000,22.571420,0.714010,16097
26,6,7207,raspi4,cifar10,89.803340,5.099723,0.714010,16097
26,6,11533,raspi4,cifar10,93.420000,21.715693,0.714010,16097
26,6,12238,raspi4,cifar10,91.690000,16.046099,0.714010,16097
26,6,1781,raspi4,cifar10,89.883330,5.961801,0.714010,16097
26,6,2058,raspi4,cifar10,93.270000,19.484835,0.714010,16097
26,6,5991,raspi4,cifar10,92.186670,17.979792,0.714010,16097
26,6,6918,raspi4,cifar10,87.000000,2.787590,0.714010,16097
26,6,13430,raspi4,cifar10,90.580000,7.299066,0.714010,16097
26,6,9496,raspi4,cifar10,90.690000,7.330004,0.714010,16097
26,6,6868,raspi4,cifar10,90.880000,10.226877,0.714010,16097
26,6,6111,raspi4,cifar10,94.373340,68.404106,0.714010,16097
26,6,9980,raspi4,cifar10,10.000000,0.011284,0.714010,16097
26,6,3731,raspi4,cifar10,94.343330,58.070793,0.714010,16097
26,6,11088,raspi4,cifar10,92.200000,18.435175,0.714010,16097
26,6,5111,raspi4,cifar10,94.306660,41.756905,0.714010,16097
26,6,7058,raspi4,cifar10,92.040000,16.469465,0.714010,16097
26,6,6382,raspi4,cifar10,93.376660,21.461164,0.714010,16097
26,6,2035,raspi4,cifar10,89.670000,4.984099,0.714010,16097
26,6,9380,raspi4,cifar10,89.335000,4.875613,0.714010,16097
26,6,12505,raspi4,cifar10,92.150000,16.747276,0.714010,16097
26,6,8323,raspi4,cifar10,90.870000,7.426308,0.714010,16097
26,6,5780,raspi4,cifar10,93.980000,34.928463,0.714010,16097
26,6,12002,raspi4,cifar10,93.510000,24.816572,0.714010,16097
26,6,4689,raspi4,cifar10,90.720000,7.356712,0.714010,16097
26,6,8592,raspi4,cifar10,93.750000,25.477009,0.714010,16097
26,6,13829,raspi4,cifar10,92.193340,18.405771,0.714010,16097
26,6,12970,raspi4,cifar10,90.970000,11.904152,0.714010,16097
26,6,1941,raspi4,cifar10,93.533330,25.121769,0.714010,16097
26,6,1690,raspi4,cifar10,86.646670,2.536549,0.714010,16097
26,6,11810,raspi4,cifar10,92.780000,18.619905,0.714010,16097
26,6,13611,raspi4,cifar10,92.490000,18.523302,0.714010,16097
26,6,5915,raspi4,cifar10,86.846664,2.776470,0.714010,16097
26,6,1804,raspi4,cifar10,89.063330,4.791845,0.714010,16097
26,6,9394,raspi4,cifar10,86.670000,2.752290,0.714010,16097
26,6,8426,raspi4,cifar10,93.840000,31.394428,0.714010,16097
26,6,3687,raspi4,cifar10,89.820000,5.156255,0.714010,16097
26,6,14565,raspi4,cifar10,88.880000,4.781183,0.714010,16097
26,6,14677,raspi4,cifar10,88.670000,4.755260,0.714010,16097
26,6,1962,raspi4,cifar10,86.530000,2.529453,0.714010,16097
26,7,9922,edgegpu,cifar100,58.560000,1.428552,0.596434,16261
26,7,11067,edgegpu,cifar100,58.186670,1.427836,0.596434,16261
26,7,2304,edgegpu,cifar100,58.660000,1.440253,0.596434,16261
26,7,4418,edgegpu,cifar100,72.746666,5.352364,0.596434,16261
26,7,1425,edgegpu,cifar100,72.093330,5.310225,0.596434,16261
26,7,12415,edgegpu,cifar100,71.940000,4.828467,0.596434,16261
26,7,14677,edgegpu,cifar100,62.420000,1.746187,0.596434,16261
26,7,9930,edgegpu,cifar100,73.513336,6.803060,0.596434,16261
26,7,2778,edgegpu,cifar100,72.993330,6.134028,0.596434,16261
26,7,8401,edgegpu,cifar100,71.080000,3.302102,0.596434,16261
26,7,4954,edgegpu,cifar100,73.000000,6.669736,0.596434,16261
26,7,1509,edgegpu,cifar100,1.000000,0.505853,0.596434,16261
26,7,8912,edgegpu,cifar100,59.200000,1.441355,0.596434,16261
26,7,9997,edgegpu,cifar100,71.520000,3.466139,0.596434,16261
26,7,1038,edgegpu,cifar100,67.500000,1.758428,0.596434,16261
26,7,3888,edgegpu,cifar100,73.260000,6.797867,0.596434,16261
26,7,6381,edgegpu,cifar100,66.800000,1.753340,0.596434,16261
26,7,11810,edgegpu,cifar100,68.300000,1.779551,0.596434,16261
26,8,9930,edgetpu,cifar100,73.513336,1.454107,0.665977,15897
26,8,12424,edgetpu,cifar100,69.980000,0.638946,0.665977,15897
26,8,1383,edgetpu,cifar100,70.273330,0.673722,0.665977,15897
26,8,8638,edgetpu,cifar100,58.860000,0.356631,0.665977,15897
26,8,14300,edgetpu,cifar100,67.300000,0.487450,0.665977,15897
26,8,857,edgetpu,cifar100,72.880000,1.264168,0.665977,15897
26,8,69,edgetpu,cifar100,71.020000,0.727259,0.665977,15897
26,8,1425,edgetpu,cifar100,72.093330,0.910660,0.665977,15897
26,8,8912,edgetpu,cifar100,59.200000,0.377698,0.665977,15897
26,8,7760,edgetpu,cifar100,67.800000,0.489248,0.665977,15897
26,8,12415,edgetpu,cifar100,71.940000,0.872299,0.665977,15897
26,8,10000,edgetpu,cifar100,73.160000,1.283461,0.665977,15897
26,8,11810,edgetpu,cifar100,68.300000,0.492126,0.665977,15897
26,8,3888,edgetpu,cifar100,73.260000,1.316226,0.665977,15897
26,8,8401,edgetpu,cifar100,71.080000,0.728572,0.665977,15897
26,8,797,edgetpu,cifar100,69.580000,0.633351,0.665977,15897
26,8,15363,edgetpu,cifar100,70.520000,0.676394,0.665977,15897
26,8,5019,edgetpu,cifar100,58.880000,0.357058,0.665977,15897
26,8,1110,edgetpu,cifar100,58.840000,0.355938,0.665977,15897
26,8,2705,edgetpu,cifar100,62.813330,0.393026,0.665977,15897
26,8,12574,edgetpu,cifar100,72.740000,0.932430,0.665977,15897
26,8,13829,edgetpu,cifar100,66.873340,0.485137,0.665977,15897
26,8,9997,edgetpu,cifar100,71.520000,0.729986,0.665977,15897
26,8,12761,edgetpu,cifar100,72.860000,1.225212,0.665977,15897
26,8,4418,edgetpu,cifar100,72.746666,1.093699,0.665977,15897
26,8,11533,edgetpu,cifar100,69.760000,0.635877,0.665977,15897
26,8,11885,edgetpu,cifar100,68.040000,0.489665,0.665977,15897
26,8,577,edgetpu,cifar100,69.680000,0.635228,0.665977,15897
26,8,777,edgetpu,cifar100,58.650000,0.355588,0.665977,15897
26,8,4977,edgetpu,cifar100,63.360000,0.398743,0.665977,15897
26,8,704,edgetpu,cifar100,62.870000,0.396870,0.665977,15897
26,8,11219,edgetpu,cifar100,67.200000,0.486929,0.665977,15897
26,8,14945,edgetpu,cifar100,58.500000,0.354940,0.665977,15897
26,8,4155,edgetpu,cifar100,62.306667,0.391442,0.665977,15897
26,8,1943,edgetpu,cifar100,69.626660,0.634759,0.665977,15897
26,8,4484,edgetpu,cifar100,67.493330,0.487482,0.665977,15897
26,8,12607,edgetpu,cifar100,62.600000,0.392830,0.665977,15897
26,8,11112,edgetpu,cifar100,66.893330,0.486713,0.665977,15897
26,9,6925,eyeriss,cifar100,71.220000,3.894400,0.468355,16456
26,9,14714,eyeriss,cifar100,71.280000,4.140160,0.468355,16456
26,9,3487,eyeriss,cifar100,70.093330,3.402880,0.468355,16456
26,9,9930,eyeriss,cifar100,73.513336,9.055360,0.468355,16456
26,9,12761,eyeriss,cifar100,72.860000,6.352000,0.468355,16456
26,9,11301,eyeriss,cifar100,68.220000,2.665600,0.468355,16456
26,9,12574,eyeriss,cifar100,72.740000,5.123200,0.468355,16456
26,9,3888,eyeriss,cifar100,73.260000,6.597760,0.468355,16456
26,9,12820,eyeriss,cifar100,67.720000,2.419840,0.468355,16456
26,9,6787,eyeriss,cifar100,70.720000,3.648640,0.468355,16456
26,9,5084,eyeriss,cifar100,58.813330,1.682560,0.468355,16456
26,9,3540,eyeriss,cifar100,71.500000,4.877440,0.468355,16456
26,9,10689,eyeriss,cifar100,67.500000,2.174080,0.468355,16456
26,9,375,eyeriss,cifar100,64.440000,1.928320,0.468355,16456
26,10,11973,fpga,cifar100,70.340000,2.905760,0.463582,16376
26,10,15033,fpga,cifar100,67.793335,2.390560,0.463582,16376
26,10,12574,fpga,cifar100,72.740000,4.678560,0.463582,16376
26,10,375,fpga,cifar100,64.440000,1.648160,0.463582,16376
26,10,12761,fpga,cifar100,72.860000,5.420960,0.463582,16376
26,10,5084,fpga,cifar100,58.813330,1.132960,0.463582,16376
26,10,9930,fpga,cifar100,73.513336,7.420960,0.463582,16376
26,10,10689,fpga,cifar100,67.500000,2.163360,0.463582,16376
26,10,3888,fpga,cifar100,73.260000,5.936160,0.463582,16376
26,10,9197,fpga,cifar100,64.660000,2.057760,0.463582,16376
26,10,3540,fpga,cifar100,71.500000,4.163360,0.463582,16376
26,10,12295,fpga,cifar100,71.160000,3.648160,0.463582,16376
26,10,6925,fpga,cifar100,71.220000,3.936160,0.463582,16376
26,10,6830,fpga,cifar100,71.460000,4.057760,0.463582,16376
26,10,6787,fpga,cifar100,70.720000,3.420960,0.463582,16376
26,10,8139,fpga,cifar100,64.440000,1.648160,0.463582,16376
26,11,858,pixel3,cifar100,64.133330,2.003500,0.648119,16083
26,11,857,pixel3,cifar100,72.880000,19.113200,0.648119,16083
26,11,906,pixel3,cifar100,62.393333,1.661810,0.648119,16083
26,11,5019,pixel3,cifar100,58.880000,1.483640,0.648119,16083
26,11,6337,pixel3,cifar100,1.000000,0.008753,0.648119,16083
26,11,9930,pixel3,cifar100,73.513336,42.003600,0.648119,16083
26,11,1409,pixel3,cifar100,58.853333,1.275090,0.648119,16083
26,11,15589,pixel3,cifar100,59.060000,1.483890,0.648119,16083
26,11,1357,pixel3,cifar100,67.480000,3.998260,0.648119,16083
26,11,1459,pixel3,cifar100,73.140000,23.437900,0.648119,16083
26,11,724,pixel3,cifar100,67.053340,2.875650,0.648119,16083
26,11,777,pixel3,cifar100,58.650000,1.087020,0.648119,16083
26,11,6925,pixel3,cifar100,71.220000,10.688000,0.648119,16083
26,11,8638,pixel3,cifar100,58.860000,1.478570,0.648119,16083
26,11,4409,pixel3,cifar100,67.173330,3.113370,0.648119,16083
26,11,3888,pixel3,cifar100,73.260000,23.477200,0.648119,16083
26,11,1416,pixel3,cifar100,64.493330,2.084060,0.648119,16083
26,11,12970,pixel3,cifar100,68.140000,4.782110,0.648119,16083
26,11,6787,pixel3,cifar100,70.720000,9.854430,0.648119,16083
26,11,12574,pixel3,cifar100,72.740000,16.473900,0.648119,16083
26,11,1631,pixel3,cifar100,63.986668,1.805000,0.648119,16083
26,11,898,pixel3,cifar100,70.000000,6.516140,0.648119,16083
26,11,15363,pixel3,cifar100,70.520000,9.708640,0.648119,16083
26,11,699,pixel3,cifar100,72.240000,12.079400,0.648119,16083
26,11,11000,pixel3,cifar100,71.180000,10.677600,0.648119,16083
26,11,9649,pixel3,cifar100,64.540000,2.536210,0.648119,16083
26,12,4659,raspi4,cifar100,70.060000,21.672482,0.672660,15968
26,12,4731,raspi4,cifar100,67.046670,7.444095,0.672660,15968
26,12,1459,raspi4,cifar100,73.140000,53.879950,0.672660,15968
26,12,12761,raspi4,cifar100,72.860000,53.718200,0.672660,15968
26,12,4418,raspi4,cifar100,72.746666,47.162354,0.672660,15968
26,12,14612,raspi4,cifar100,58.720000,2.563505,0.672660,15968
26,12,3888,raspi4,cifar100,73.260000,55.029520,0.672660,15968
26,12,10313,raspi4,cifar100,67.820000,14.691363,0.672660,15968
26,12,6787,raspi4,cifar100,70.720000,23.081835,0.672660,15968
26,12,8633,raspi4,cifar100,67.250000,12.354549,0.672660,15968
26,12,1572,raspi4,cifar100,69.900000,19.916142,0.672660,15968
26,12,9380,raspi4,cifar100,62.680000,4.821364,0.672660,15968
26,12,15363,raspi4,cifar100,70.520000,21.809430,0.672660,15968
26,12,7891,raspi4,cifar100,67.550000,12.536592,0.672660,15968
26,12,12607,raspi4,cifar100,62.600000,4.779045,0.672660,15968
26,12,12915,raspi4,cifar100,66.950000,7.226311,0.672660,15968
26,12,6925,raspi4,cifar100,71.220000,24.195030,0.672660,15968
26,12,15589,raspi4,cifar100,59.060000,2.795078,0.672660,15968
26,12,8720,raspi4,cifar100,64.130000,5.082239,0.672660,15968
26,12,9930,raspi4,cifar100,73.513336,71.152000,0.672660,15968
26,12,375,raspi4,cifar100,64.440000,5.099302,0.672660,15968
26,12,14792,raspi4,cifar100,69.500000,19.111843,0.672660,15968
26,12,9926,raspi4,cifar100,63.520000,4.999532,0.672660,15968
26,12,4195,raspi4,cifar100,62.700000,4.877588,0.672660,15968
26,12,898,raspi4,cifar100,70.000000,21.506163,0.672660,15968
26,12,12574,raspi4,cifar100,72.740000,36.371254,0.672660,15968
26,12,10222,raspi4,cifar100,58.860000,2.747804,0.672660,15968
26,12,2222,raspi4,cifar100,58.313330,2.538255,0.672660,15968
26,12,15137,raspi4,cifar100,63.160000,4.941014,0.672660,15968
26,12,12857,raspi4,cifar100,66.660000,7.215488,0.672660,15968
26,12,9997,raspi4,cifar100,71.520000,34.996710,0.672660,15968
26,12,5651,raspi4,cifar100,64.690000,5.126510,0.672660,15968
26,12,6822,raspi4,cifar100,58.426666,2.558594,0.672660,15968
26,12,15246,raspi4,cifar100,66.966670,7.350053,0.672660,15968
26,12,6830,raspi4,cifar100,71.460000,34.491814,0.672660,15968
26,12,8740,raspi4,cifar100,1.000000,0.015215,0.672660,15968
26,12,2035,raspi4,cifar100,63.926666,5.005698,0.672660,15968
26,12,11272,raspi4,cifar100,68.260000,14.764390,0.672660,15968
26,12,3408,raspi4,cifar100,63.993332,5.081906,0.672660,15968
26,12,6918,raspi4,cifar100,58.800000,2.571364,0.672660,15968
26,12,6294,raspi4,cifar100,66.973335,7.376450,0.672660,15968
26,13,8230,edgegpu,ImageNet16-120,39.944443,2.585306,0.636354,16228
26,13,3965,edgegpu,ImageNet16-120,39.722220,2.420974,0.636354,16228
26,13,10835,edgegpu,ImageNet16-120,45.233334,4.434366,0.636354,16228
26,13,7760,edgegpu,ImageNet16-120,39.100000,1.743751,0.636354,16228
26,13,857,edgegpu,ImageNet16-120,47.311110,6.707663,0.636354,16228
26,13,8426,edgegpu,ImageNet16-120,44.633335,3.370147,0.636354,16228
26,13,4587,edgegpu,ImageNet16-120,28.800000,1.445131,0.636354,16228
26,13,8401,edgegpu,ImageNet16-120,43.833332,3.322444,0.636354,16228
26,13,15288,edgegpu,ImageNet16-120,28.422222,1.417041,0.636354,16228
26,13,6950,edgegpu,ImageNet16-120,38.700000,1.740150,0.636354,16228
26,13,15159,edgegpu,ImageNet16-120,45.566666,4.632421,0.636354,16228
26,13,2650,edgegpu,ImageNet16-120,42.433334,3.309817,0.636354,16228
26,13,14117,edgegpu,ImageNet16-120,28.677778,1.435547,0.636354,16228
26,13,4332,edgegpu,ImageNet16-120,39.444443,1.745496,0.636354,16228
26,13,7187,edgegpu,ImageNet16-120,28.683332,1.443858,0.636354,16228
26,13,8355,edgegpu,ImageNet16-120,39.666668,1.810203,0.636354,16228
26,13,15376,edgegpu,ImageNet16-120,0.833333,0.533953,0.636354,16228
26,13,12686,edgegpu,ImageNet16-120,39.733334,2.492566,0.636354,16228
26,13,9722,edgegpu,ImageNet16-120,44.000000,3.327813,0.636354,16228
26,13,4988,edgegpu,ImageNet16-120,28.933332,1.448212,0.636354,16228
26,13,4946,edgegpu,ImageNet16-120,44.700000,3.490419,0.636354,16228
26,13,12415,edgegpu,ImageNet16-120,46.566666,4.667692,0.636354,16228
26,13,9586,edgegpu,ImageNet16-120,46.933334,5.222673,0.636354,16228
26,13,8884,edgegpu,ImageNet16-120,45.033333,3.499999,0.636354,16228
26,13,11217,edgegpu,ImageNet16-120,43.466667,3.316708,0.636354,16228
26,13,1449,edgegpu,ImageNet16-120,40.077778,3.075252,0.636354,16228
26,13,454,edgegpu,ImageNet16-120,41.277780,3.303313,0.636354,16228
26,13,13411,edgegpu,ImageNet16-120,31.855556,1.736240,0.636354,16228
26,13,1164,edgegpu,ImageNet16-120,28.522223,1.435223,0.636354,16228
26,13,12062,edgegpu,ImageNet16-120,39.900000,2.519493,0.636354,16228
26,13,15383,edgegpu,ImageNet16-120,47.033333,6.262836,0.636354,16228
26,13,13760,edgegpu,ImageNet16-120,32.333332,1.739759,0.636354,16228
26,14,4977,edgetpu,ImageNet16-120,32.966667,0.367728,0.670467,16222
26,14,14527,edgetpu,ImageNet16-120,28.133333,0.358865,0.670467,16222
26,14,7174,edgetpu,ImageNet16-120,33.116665,0.391775,0.670467,16222
26,14,2560,edgetpu,ImageNet16-120,28.200000,0.359160,0.670467,16222
26,14,4160,edgetpu,ImageNet16-120,39.833332,0.430355,0.670467,16222
26,14,12415,edgetpu,ImageNet16-120,46.566666,0.710906,0.670467,16222
26,14,6672,edgetpu,ImageNet16-120,27.822222,0.358864,0.670467,16222
26,14,779,edgetpu,ImageNet16-120,32.700000,0.366534,0.670467,16222
26,14,10167,edgetpu,ImageNet16-120,39.944443,0.444058,0.670467,16222
26,14,14694,edgetpu,ImageNet16-120,28.488890,0.360686,0.670467,16222
26,14,8915,edgetpu,ImageNet16-120,32.611110,0.364729,0.670467,16222
26,14,8447,edgetpu,ImageNet16-120,40.011112,0.514586,0.670467,16222
26,14,8781,edgetpu,ImageNet16-120,32.366665,0.363484,0.670467,16222
26,14,857,edgetpu,ImageNet16-120,47.311110,0.997730,0.670467,16222
26,14,9689,edgetpu,ImageNet16-120,42.533333,0.549702,0.670467,16222
26,14,7273,edgetpu,ImageNet16-120,42.966667,0.550014,0.670467,16222
26,14,15107,edgetpu,ImageNet16-120,39.800000,0.430284,0.670467,16222
26,14,2064,edgetpu,ImageNet16-120,38.744446,0.428116,0.670467,16222
26,14,11079,edgetpu,ImageNet16-120,43.566666,0.552430,0.670467,16222
26,14,4627,edgetpu,ImageNet16-120,43.500000,0.552306,0.670467,16222
26,14,15383,edgetpu,ImageNet16-120,47.033333,0.780914,0.670467,16222
26,14,3540,edgetpu,ImageNet16-120,45.122223,0.648670,0.670467,16222
26,14,7750,edgetpu,ImageNet16-120,43.066666,0.551617,0.670467,16222
26,14,7396,edgetpu,ImageNet16-120,40.177776,0.517218,0.670467,16222
26,14,10332,edgetpu,ImageNet16-120,40.033333,0.516152,0.670467,16222
26,14,15363,edgetpu,ImageNet16-120,44.333332,0.582280,0.670467,16222
26,14,13769,edgetpu,ImageNet16-120,41.555557,0.549360,0.670467,16222
26,14,4830,edgetpu,ImageNet16-120,42.233334,0.549457,0.670467,16222
26,14,5751,edgetpu,ImageNet16-120,40.044445,0.516992,0.670467,16222
26,14,8884,edgetpu,ImageNet16-120,45.033333,0.615792,0.670467,16222
26,14,6950,edgetpu,ImageNet16-120,38.700000,0.427379,0.670467,16222
26,14,70,edgetpu,ImageNet16-120,39.377777,0.428228,0.670467,16222
26,14,7431,edgetpu,ImageNet16-120,32.577778,0.363954,0.670467,16222
26,14,5724,edgetpu,ImageNet16-120,28.366667,0.359987,0.670467,16222
26,14,4863,edgetpu,ImageNet16-120,39.400000,0.429526,0.670467,16222
26,14,5586,edgetpu,ImageNet16-120,40.811110,0.546420,0.670467,16222
26,14,12231,edgetpu,ImageNet16-120,40.200000,0.518358,0.670467,16222
26,14,5530,edgetpu,ImageNet16-120,42.577778,0.549937,0.670467,16222
26,15,6121,eyeriss,ImageNet16-120,28.433332,0.423040,0.458372,16418
26,15,2835,eyeriss,ImageNet16-120,38.222220,0.545920,0.458372,16418
26,15,857,eyeriss,ImageNet16-120,47.311110,1.651840,0.458372,16418
26,15,15383,eyeriss,ImageNet16-120,47.033333,1.283200,0.458372,16418
26,15,1939,eyeriss,ImageNet16-120,45.077778,0.976000,0.458372,16418
26,15,5487,eyeriss,ImageNet16-120,38.500000,0.607360,0.458372,16418
26,15,6787,eyeriss,ImageNet16-120,44.400000,0.914560,0.458372,16418
26,15,4829,eyeriss,ImageNet16-120,34.200000,0.484480,0.458372,16418
26,15,8008,eyeriss,ImageNet16-120,43.500000,0.853120,0.458372,16418
26,15,14417,eyeriss,ImageNet16-120,45.900000,1.098880,0.458372,16418
26,15,12639,eyeriss,ImageNet16-120,40.400000,0.668800,0.458372,16418
26,15,14112,eyeriss,ImageNet16-120,40.733334,0.730240,0.458372,16418
26,15,8853,eyeriss,ImageNet16-120,45.600000,1.037440,0.458372,16418
26,15,14146,eyeriss,ImageNet16-120,28.433332,0.423040,0.458372,16418
26,16,1939,fpga,ImageNet16-120,45.077778,1.062400,0.510364,16269
26,16,735,fpga,ImageNet16-120,38.544445,0.677920,0.510364,16269
26,16,4988,fpga,ImageNet16-120,28.933332,0.284320,0.510364,16269
26,16,8008,fpga,ImageNet16-120,43.500000,0.876800,0.510364,16269
26,16,6787,fpga,ImageNet16-120,44.400000,0.969600,0.510364,16269
26,16,14748,fpga,ImageNet16-120,44.900000,0.995200,0.510364,16269
26,16,4711,fpga,ImageNet16-120,34.733334,0.517920,0.510364,16269
26,16,6854,fpga,ImageNet16-120,40.800000,0.809120,0.510364,16269
26,16,15446,fpga,ImageNet16-120,45.766666,1.116320,0.510364,16269
26,16,857,fpga,ImageNet16-120,47.311110,2.038400,0.510364,16269
26,16,15383,fpga,ImageNet16-120,47.033333,1.504000,0.510364,16269
26,16,4179,fpga,ImageNet16-120,38.433334,0.649120,0.510364,16269
26,16,11079,fpga,ImageNet16-120,43.566666,0.902400,0.510364,16269
26,16,10017,fpga,ImageNet16-120,40.566666,0.784000,0.510364,16269
26,16,14417,fpga,ImageNet16-120,45.900000,1.276320,0.510364,16269
26,16,4829,fpga,ImageNet16-120,34.200000,0.415520,0.510364,16269
26,16,2835,fpga,ImageNet16-120,38.222220,0.546720,0.510364,16269
26,16,11593,fpga,ImageNet16-120,40.166668,0.780320,0.510364,16269
26,17,4895,pixel3,ImageNet16-120,33.200000,0.619070,0.678070,16020
26,17,8627,pixel3,ImageNet16-120,43.633335,2.707490,0.678070,16020
26,17,1860,pixel3,ImageNet16-120,28.433332,0.422587,0.678070,16020
26,17,14417,pixel3,ImageNet16-120,45.900000,4.143030,0.678070,16020
26,17,11079,pixel3,ImageNet16-120,43.566666,2.479610,0.678070,16020
26,17,8768,pixel3,ImageNet16-120,45.066666,3.254590,0.678070,16020
26,17,6294,pixel3,ImageNet16-120,38.011112,0.869124,0.678070,16020
26,17,4004,pixel3,ImageNet16-120,42.811110,2.467510,0.678070,16020
26,17,12639,pixel3,ImageNet16-120,40.400000,1.304440,0.678070,16020
26,17,2018,pixel3,ImageNet16-120,46.433334,4.949210,0.678070,16020
26,17,8584,pixel3,ImageNet16-120,34.088890,0.664046,0.678070,16020
26,17,8853,pixel3,ImageNet16-120,45.600000,3.554540,0.678070,16020
26,17,12424,pixel3,ImageNet16-120,43.133330,2.470150,0.678070,16020
26,17,1425,pixel3,ImageNet16-120,45.977780,4.619290,0.678070,16020
26,17,1204,pixel3,ImageNet16-120,37.844444,0.864966,0.678070,16020
26,17,8954,pixel3,ImageNet16-120,28.733334,0.424855,0.678070,16020
26,17,6014,pixel3,ImageNet16-120,28.533333,0.423391,0.678070,16020
26,17,9032,pixel3,ImageNet16-120,38.016666,1.020960,0.678070,16020
26,17,735,pixel3,ImageNet16-120,38.544445,1.107950,0.678070,16020
26,17,9496,pixel3,ImageNet16-120,38.200000,1.024960,0.678070,16020
26,17,1110,pixel3,ImageNet16-120,28.600000,0.423927,0.678070,16020
26,17,1549,pixel3,ImageNet16-120,28.655556,0.424747,0.678070,16020
26,17,10412,pixel3,ImageNet16-120,43.733334,2.753550,0.678070,16020
26,17,4384,pixel3,ImageNet16-120,28.133333,0.421612,0.678070,16020
26,17,12466,pixel3,ImageNet16-120,46.100000,4.680280,0.678070,16020
26,17,2002,pixel3,ImageNet16-120,32.277780,0.617751,0.678070,16020
26,17,10154,pixel3,ImageNet16-120,46.133335,4.783700,0.678070,16020
26,17,4977,pixel3,ImageNet16-120,32.966667,0.617991,0.678070,16020
26,17,758,pixel3,ImageNet16-120,28.333334,0.422134,0.678070,16020
26,17,11000,pixel3,ImageNet16-120,44.866665,2.962520,0.678070,16020
26,17,13059,pixel3,ImageNet16-120,34.266666,0.668679,0.678070,16020
26,17,3728,pixel3,ImageNet16-120,28.500000,0.422880,0.678070,16020
26,17,4988,pixel3,ImageNet16-120,28.933332,0.485996,0.678070,16020
26,17,13756,pixel3,ImageNet16-120,0.833333,0.005289,0.678070,16020
26,17,4432,pixel3,ImageNet16-120,37.800000,0.861157,0.678070,16020
26,17,857,pixel3,ImageNet16-120,47.311110,6.686850,0.678070,16020
26,17,872,pixel3,ImageNet16-120,41.777780,2.465030,0.678070,16020
26,17,15383,pixel3,ImageNet16-120,47.033333,5.191720,0.678070,16020
26,17,6854,pixel3,ImageNet16-120,40.800000,1.621620,0.678070,16020
26,18,15383,raspi4,ImageNet16-120,47.033333,8.565354,0.908244,16143
26,18,10835,raspi4,ImageNet16-120,45.233334,6.632419,0.908244,16143
26,18,1939,raspi4,ImageNet16-120,45.077778,5.341908,0.908244,16143
26,18,1188,raspi4,ImageNet16-120,32.455555,1.526725,0.908244,16143
26,18,9496,raspi4,ImageNet16-120,38.200000,2.204048,0.908244,16143
26,18,14677,raspi4,ImageNet16-120,33.233334,1.537227,0.908244,16143
26,18,6787,raspi4,ImageNet16-120,44.400000,4.532777,0.908244,16143
26,18,9032,raspi4,ImageNet16-120,38.016666,2.201532,0.908244,16143
26,18,15363,raspi4,ImageNet16-120,44.333332,4.480516,0.908244,16143
26,18,4988,raspi4,ImageNet16-120,28.933332,1.003251,0.908244,16143
26,18,6868,raspi4,ImageNet16-120,39.000000,2.982937,0.908244,16143
26,18,219,raspi4,ImageNet16-120,42.500000,3.768475,0.908244,16143
26,18,13284,raspi4,ImageNet16-120,40.177776,3.191073,0.908244,16143
26,18,5530,raspi4,ImageNet16-120,42.577778,3.785925,0.908244,16143
26,18,3960,raspi4,ImageNet16-120,37.755554,2.197980,0.908244,16143
26,18,735,raspi4,ImageNet16-120,38.544445,2.911079,0.908244,16143
26,18,933,raspi4,ImageNet16-120,0.833333,0.011514,0.908244,16143
26,18,6519,raspi4,ImageNet16-120,40.183334,3.212652,0.908244,16143
26,18,3431,raspi4,ImageNet16-120,32.966667,1.536690,0.908244,16143
26,18,857,raspi4,ImageNet16-120,47.311110,9.020064,0.908244,16143
26,18,12639,raspi4,ImageNet16-120,40.400000,3.628959,0.908244,16143
26,18,3782,raspi4,ImageNet16-120,41.866665,3.755286,0.908244,16143
26,18,7955,raspi4,ImageNet16-120,39.388890,3.082832,0.908244,16143
26,18,8355,raspi4,ImageNet16-120,39.666668,3.083286,0.908244,16143
26,18,5973,raspi4,ImageNet16-120,40.100000,3.159922,0.908244,16143
26,18,6336,raspi4,ImageNet16-120,39.366665,3.073392,0.908244,16143
26,18,5637,raspi4,ImageNet16-120,33.933334,1.580707,0.908244,16143
26,18,14417,raspi4,ImageNet16-120,45.900000,6.948865,0.908244,16143
26,18,12358,raspi4,ImageNet16-120,34.055557,1.582727,0.908244,16143
26,18,6854,raspi4,ImageNet16-120,40.800000,3.661016,0.908244,16143
26,18,13059,raspi4,ImageNet16-120,34.266666,1.595651,0.908244,16143
26,18,1204,raspi4,ImageNet16-120,37.844444,2.199356,0.908244,16143
26,18,12424,raspi4,ImageNet16-120,43.133330,3.805729,0.908244,16143
26,18,4160,raspi4,ImageNet16-120,39.833332,3.114462,0.908244,16143
26,18,7454,raspi4,ImageNet16-120,43.188890,4.468903,0.908244,16143
26,18,1413,raspi4,ImageNet16-120,42.711113,3.788479,0.908244,16143
26,18,14697,raspi4,ImageNet16-120,33.900000,1.580382,0.908244,16143
26,18,13931,raspi4,ImageNet16-120,28.788889,0.956195,0.908244,16143
26,18,8584,raspi4,ImageNet16-120,34.088890,1.586268,0.908244,16143
26,18,2779,raspi4,ImageNet16-120,37.355556,2.190654,0.908244,16143
26,18,14792,raspi4,ImageNet16-120,43.033333,3.792447,0.908244,16143
26,18,13771,raspi4,ImageNet16-120,32.744446,1.533813,0.908244,16143
26,18,8884,raspi4,ImageNet16-120,45.033333,5.293177,0.908244,16143
26,18,12505,raspi4,ImageNet16-120,39.283333,3.062432,0.908244,16143
26,18,8733,raspi4,ImageNet16-120,46.600000,7.477213,0.908244,16143
26,18,10217,raspi4,ImageNet16-120,45.100000,6.109362,0.908244,16143
26,18,15107,raspi4,ImageNet16-120,39.800000,3.083329,0.908244,16143
26,18,5455,raspi4,ImageNet16-120,32.611110,1.532377,0.908244,16143
26,18,3192,raspi4,ImageNet16-120,45.477780,6.675633,0.908244,16143
26,18,11946,raspi4,ImageNet16-120,28.200000,0.940293,0.908244,16143
27,1,5292,edgegpu,cifar10,94.293335,6.663151,0.583967,16288
27,1,11438,edgegpu,cifar10,92.500000,1.846719,0.583967,16288
27,1,5780,edgegpu,cifar10,93.980000,3.361888,0.583967,16288
27,1,10484,edgegpu,cifar10,93.810000,3.354015,0.583967,16288
27,1,11692,edgegpu,cifar10,94.130000,4.708362,0.583967,16288
27,1,258,edgegpu,cifar10,93.640000,3.307109,0.583967,16288
27,1,13714,edgegpu,cifar10,94.373340,6.772180,0.583967,16288
27,1,1459,edgegpu,cifar10,94.296670,6.748991,0.583967,16288
27,1,2053,edgegpu,cifar10,94.206665,5.482254,0.583967,16288
27,1,5400,edgegpu,cifar10,86.630000,1.427460,0.583967,16288
27,1,6960,edgegpu,cifar10,92.280000,1.764450,0.583967,16288
27,1,13401,edgegpu,cifar10,87.010000,1.457009,0.583967,16288
27,1,1549,edgegpu,cifar10,86.710000,1.436324,0.583967,16288
27,1,14407,edgegpu,cifar10,86.770000,1.440282,0.583967,16288
27,1,6330,edgegpu,cifar10,94.006670,4.384699,0.583967,16288
27,1,9099,edgegpu,cifar10,93.940000,3.357520,0.583967,16288
27,1,14527,edgegpu,cifar10,86.765000,1.439619,0.583967,16288
27,1,561,edgegpu,cifar10,86.880000,1.451068,0.583967,16288
27,1,6499,edgegpu,cifar10,93.645000,3.331041,0.583967,16288
27,1,15200,edgegpu,cifar10,10.000000,0.501385,0.583967,16288
27,1,11810,edgegpu,cifar10,92.780000,1.992798,0.583967,16288
27,1,6950,edgegpu,cifar10,92.000000,1.738467,0.583967,16288
27,2,13047,edgetpu,cifar10,86.390000,0.353481,0.693216,16314
27,2,6382,edgetpu,cifar10,93.376660,0.628638,0.693216,16314
27,2,13714,edgetpu,cifar10,94.373340,1.377865,0.693216,16314
27,2,2053,edgetpu,cifar10,94.206665,1.042178,0.693216,16314
27,2,6014,edgetpu,cifar10,86.690000,0.353858,0.693216,16314
27,2,4675,edgetpu,cifar10,89.200000,0.395661,0.693216,16314
27,2,6918,edgetpu,cifar10,87.000000,0.375819,0.693216,16314
27,2,4512,edgetpu,cifar10,85.970000,0.352544,0.693216,16314
27,2,9689,edgetpu,cifar10,93.370000,0.628386,0.693216,16314
27,2,1005,edgetpu,cifar10,89.183334,0.392518,0.693216,16314
27,2,9817,edgetpu,cifar10,93.490000,0.723286,0.693216,16314
27,2,3731,edgetpu,cifar10,94.343330,1.282820,0.693216,16314
27,2,5647,edgetpu,cifar10,89.110000,0.389378,0.693216,16314
27,2,970,edgetpu,cifar10,86.770000,0.371488,0.693216,16314
27,2,1051,edgetpu,cifar10,86.700000,0.359608,0.693216,16314
27,2,8192,edgetpu,cifar10,93.093330,0.627745,0.693216,16314
27,2,5111,edgetpu,cifar10,94.306660,1.152010,0.693216,16314
27,2,11692,edgetpu,cifar10,94.130000,0.761100,0.693216,16314
27,2,9271,edgetpu,cifar10,89.250000,0.396381,0.693216,16314
27,2,797,edgetpu,cifar10,93.280000,0.627996,0.693216,16314
27,2,10683,edgetpu,cifar10,92.330000,0.481277,0.693216,16314
27,2,14527,edgetpu,cifar10,86.765000,0.365664,0.693216,16314
27,2,13611,edgetpu,cifar10,92.490000,0.481826,0.693216,16314
27,2,8008,edgetpu,cifar10,93.480000,0.629746,0.693216,16314
27,2,9950,edgetpu,cifar10,93.840000,0.723767,0.693216,16314
27,2,5780,edgetpu,cifar10,93.980000,0.723967,0.693216,16314
27,2,6584,edgetpu,cifar10,94.160000,0.888877,0.693216,16314
27,2,5258,edgetpu,cifar10,88.775000,0.388629,0.693216,16314
27,2,11810,edgetpu,cifar10,92.780000,0.482879,0.693216,16314
27,2,15000,edgetpu,cifar10,92.400000,0.481741,0.693216,16314
27,2,12607,edgetpu,cifar10,89.180000,0.391577,0.693216,16314
27,3,8592,eyeriss,cifar10,93.750000,3.891380,0.454939,16481
27,3,4384,eyeriss,cifar10,86.796670,1.679540,0.454939,16481
27,3,13714,eyeriss,cifar10,94.373340,7.823540,0.454939,16481
27,3,10412,eyeriss,cifar10,93.530000,3.645620,0.454939,16481
27,3,13611,eyeriss,cifar10,92.490000,3.154100,0.454939,16481
27,3,5111,eyeriss,cifar10,94.306660,5.365940,0.454939,16481
27,3,8323,eyeriss,cifar10,90.870000,2.171060,0.454939,16481
27,3,11472,eyeriss,cifar10,93.970000,4.628660,0.454939,16481
27,3,8008,eyeriss,cifar10,93.480000,3.399860,0.454939,16481
27,3,11692,eyeriss,cifar10,94.130000,4.874420,0.454939,16481
27,3,6111,eyeriss,cifar10,94.373340,7.823540,0.454939,16481
27,3,3731,eyeriss,cifar10,94.343330,6.594740,0.454939,16481
27,3,12438,eyeriss,cifar10,89.875000,1.925300,0.454939,16481
27,3,14112,eyeriss,cifar10,91.296670,2.908340,0.454939,16481
27,4,15295,fpga,cifar10,90.050000,2.057760,0.522121,16204
27,4,10431,fpga,cifar10,87.000000,1.542560,0.522121,16204
27,4,6111,fpga,cifar10,94.373340,6.678560,0.522121,16204
27,4,3731,fpga,cifar10,94.343330,5.936160,0.522121,16204
27,4,4384,fpga,cifar10,86.796670,1.132960,0.522121,16204
27,4,8323,fpga,cifar10,90.870000,2.163360,0.522121,16204
27,4,13714,fpga,cifar10,94.373340,6.678560,0.522121,16204
27,4,5111,fpga,cifar10,94.306660,5.193760,0.522121,16204
27,4,13987,fpga,cifar10,93.596664,3.420960,0.522121,16204
27,4,11472,fpga,cifar10,93.970000,3.648160,0.522121,16204
27,4,13611,fpga,cifar10,92.490000,2.390560,0.522121,16204
27,4,8008,fpga,cifar10,93.480000,2.905760,0.522121,16204
27,4,12438,fpga,cifar10,89.875000,1.648160,0.522121,16204
27,4,6584,fpga,cifar10,94.160000,4.163360,0.522121,16204
27,5,6330,pixel3,cifar10,94.006670,11.512400,0.751075,16110
27,5,7017,pixel3,cifar10,86.970000,1.403930,0.751075,16110
27,5,6624,pixel3,cifar10,89.120000,1.670570,0.751075,16110
27,5,1781,pixel3,cifar10,89.883330,1.712020,0.751075,16110
27,5,13171,pixel3,cifar10,93.530000,7.717220,0.751075,16110
27,5,3731,pixel3,cifar10,94.343330,23.361300,0.751075,16110
27,5,6111,pixel3,cifar10,94.373340,23.584800,0.751075,16110
27,5,11692,pixel3,cifar10,94.130000,15.490100,0.751075,16110
27,5,6382,pixel3,cifar10,93.376660,7.048190,0.751075,16110
27,5,55,pixel3,cifar10,86.756670,1.057440,0.751075,16110
27,5,1941,pixel3,cifar10,93.533330,9.128690,0.751075,16110
27,5,1497,pixel3,cifar10,86.556660,1.056630,0.751075,16110
27,5,13987,pixel3,cifar10,93.596664,9.922680,0.751075,16110
27,5,13869,pixel3,cifar10,93.656670,10.634700,0.751075,16110
27,5,5111,pixel3,cifar10,94.306660,17.584600,0.751075,16110
27,5,6918,pixel3,cifar10,87.000000,1.478790,0.751075,16110
27,5,6899,pixel3,cifar10,90.900000,3.961410,0.751075,16110
27,5,4627,pixel3,cifar10,93.270000,7.036050,0.751075,16110
27,5,4689,pixel3,cifar10,90.720000,3.106280,0.751075,16110
27,5,6854,pixel3,cifar10,91.040000,4.514220,0.751075,16110
27,5,7197,pixel3,cifar10,90.366670,2.447670,0.751075,16110
27,5,9230,pixel3,cifar10,86.580000,1.056760,0.751075,16110
27,5,1894,pixel3,cifar10,92.110000,5.778250,0.751075,16110
27,5,8592,pixel3,cifar10,93.750000,10.769800,0.751075,16110
27,5,1804,pixel3,cifar10,89.063330,1.579900,0.751075,16110
27,5,1339,pixel3,cifar10,92.136665,5.802240,0.751075,16110
27,5,6584,pixel3,cifar10,94.160000,15.720300,0.751075,16110
27,5,8695,pixel3,cifar10,94.220000,17.564500,0.751075,16110
27,5,7001,pixel3,cifar10,10.000000,0.003277,0.751075,16110
27,5,4432,pixel3,cifar10,90.700000,2.826310,0.751075,16110
27,5,8323,pixel3,cifar10,90.870000,3.106420,0.751075,16110
27,5,5224,pixel3,cifar10,88.980000,1.570360,0.751075,16110
27,5,12452,pixel3,cifar10,91.350000,5.590110,0.751075,16110
27,5,8708,pixel3,cifar10,94.080000,12.839000,0.751075,16110
27,5,1631,pixel3,cifar10,89.506670,1.697120,0.751075,16110
27,5,6985,pixel3,cifar10,89.940000,2.367450,0.751075,16110
27,5,1943,pixel3,cifar10,93.116670,6.492030,0.751075,16110
27,6,6584,raspi4,cifar10,94.160000,38.818527,0.723135,16122
27,6,13611,raspi4,cifar10,92.490000,18.523302,0.723135,16122
27,6,12387,raspi4,cifar10,88.930000,4.797579,0.723135,16122
27,6,6946,raspi4,cifar10,92.026665,16.686316,0.723135,16122
27,6,8008,raspi4,cifar10,93.480000,22.571420,0.723135,16122
27,6,12504,raspi4,cifar10,92.130000,16.890614,0.723135,16122
27,6,9271,raspi4,cifar10,89.250000,4.830311,0.723135,16122
27,6,9380,raspi4,cifar10,89.335000,4.875613,0.723135,16122
27,6,5991,raspi4,cifar10,92.186670,17.979792,0.723135,16122
27,6,14565,raspi4,cifar10,88.880000,4.781183,0.723135,16122
27,6,5111,raspi4,cifar10,94.306660,41.756905,0.723135,16122
27,6,7017,raspi4,cifar10,86.970000,2.544041,0.723135,16122
27,6,13705,raspi4,cifar10,90.983330,12.544400,0.723135,16122
27,6,6382,raspi4,cifar10,93.376660,21.461164,0.723135,16122
27,6,10412,raspi4,cifar10,93.530000,25.079220,0.723135,16122
27,6,11810,raspi4,cifar10,92.780000,18.619905,0.723135,16122
27,6,1690,raspi4,cifar10,86.646670,2.536549,0.723135,16122
27,6,2058,raspi4,cifar10,93.270000,19.484835,0.723135,16122
27,6,11692,raspi4,cifar10,94.130000,37.583630,0.723135,16122
27,6,5780,raspi4,cifar10,93.980000,34.928463,0.723135,16122
27,6,1962,raspi4,cifar10,86.530000,2.529453,0.723135,16122
27,6,12970,raspi4,cifar10,90.970000,11.904152,0.723135,16122
27,6,8323,raspi4,cifar10,90.870000,7.426308,0.723135,16122
27,6,14677,raspi4,cifar10,88.670000,4.755260,0.723135,16122
27,6,8592,raspi4,cifar10,93.750000,25.477009,0.723135,16122
27,6,6111,raspi4,cifar10,94.373340,68.404106,0.723135,16122
27,6,3731,raspi4,cifar10,94.343330,58.070793,0.723135,16122
27,6,8426,raspi4,cifar10,93.840000,31.394428,0.723135,16122
27,6,11088,raspi4,cifar10,92.200000,18.435175,0.723135,16122
27,6,3073,raspi4,cifar10,88.980000,4.813324,0.723135,16122
27,6,6985,raspi4,cifar10,89.940000,4.995646,0.723135,16122
27,6,6953,raspi4,cifar10,91.990000,15.601654,0.723135,16122
27,6,6918,raspi4,cifar10,87.000000,2.787590,0.723135,16122
27,6,13846,raspi4,cifar10,90.720000,7.176163,0.723135,16122
27,6,2035,raspi4,cifar10,89.670000,4.984099,0.723135,16122
27,6,9980,raspi4,cifar10,10.000000,0.011284,0.723135,16122
27,6,1941,raspi4,cifar10,93.533330,25.121769,0.723135,16122
27,7,1509,edgegpu,cifar100,1.000000,0.505853,0.567587,16291
27,7,2304,edgegpu,cifar100,58.660000,1.440253,0.567587,16291
27,7,12415,edgegpu,cifar100,71.940000,4.828467,0.567587,16291
27,7,4954,edgegpu,cifar100,73.000000,6.669736,0.567587,16291
27,7,9922,edgegpu,cifar100,58.560000,1.428552,0.567587,16291
27,7,9930,edgegpu,cifar100,73.513336,6.803060,0.567587,16291
27,7,9997,edgegpu,cifar100,71.520000,3.466139,0.567587,16291
27,7,3888,edgegpu,cifar100,73.260000,6.797867,0.567587,16291
27,7,11885,edgegpu,cifar100,68.040000,1.776652,0.567587,16291
27,7,2778,edgegpu,cifar100,72.993330,6.134028,0.567587,16291
27,7,8912,edgegpu,cifar100,59.200000,1.441355,0.567587,16291
27,7,8401,edgegpu,cifar100,71.080000,3.302102,0.567587,16291
27,7,1425,edgegpu,cifar100,72.093330,5.310225,0.567587,16291
27,7,11810,edgegpu,cifar100,68.300000,1.779551,0.567587,16291
27,7,4418,edgegpu,cifar100,72.746666,5.352364,0.567587,16291
27,7,6124,edgegpu,cifar100,68.360000,3.185835,0.567587,16291
27,7,6381,edgegpu,cifar100,66.800000,1.753340,0.567587,16291
27,7,1038,edgegpu,cifar100,67.500000,1.758428,0.567587,16291
27,8,9997,edgetpu,cifar100,71.520000,0.729986,0.596918,15917
27,8,10000,edgetpu,cifar100,73.160000,1.283461,0.596918,15917
27,8,3303,edgetpu,cifar100,62.420000,0.392593,0.596918,15917
27,8,13113,edgetpu,cifar100,63.140000,0.398170,0.596918,15917
27,8,3888,edgetpu,cifar100,73.260000,1.316226,0.596918,15917
27,8,12761,edgetpu,cifar100,72.860000,1.225212,0.596918,15917
27,8,5019,edgetpu,cifar100,58.880000,0.357058,0.596918,15917
27,8,1996,edgetpu,cifar100,67.820000,0.486748,0.596918,15917
27,8,777,edgetpu,cifar100,58.650000,0.355588,0.596918,15917
27,8,15363,edgetpu,cifar100,70.520000,0.676394,0.596918,15917
27,8,6974,edgetpu,cifar100,61.880000,0.392555,0.596918,15917
27,8,8401,edgetpu,cifar100,71.080000,0.728572,0.596918,15917
27,8,14945,edgetpu,cifar100,58.500000,0.354940,0.596918,15917
27,8,12415,edgetpu,cifar100,71.940000,0.872299,0.596918,15917
27,8,577,edgetpu,cifar100,69.680000,0.635228,0.596918,15917
27,8,797,edgetpu,cifar100,69.580000,0.633351,0.596918,15917
27,8,9930,edgetpu,cifar100,73.513336,1.454107,0.596918,15917
27,8,12574,edgetpu,cifar100,72.740000,0.932430,0.596918,15917
27,8,898,edgetpu,cifar100,70.000000,0.636860,0.596918,15917
27,8,13760,edgetpu,cifar100,61.686670,0.392028,0.596918,15917
27,8,1110,edgetpu,cifar100,58.840000,0.355938,0.596918,15917
27,8,4418,edgetpu,cifar100,72.746666,1.093699,0.596918,15917
27,8,2705,edgetpu,cifar100,62.813330,0.393026,0.596918,15917
27,8,4977,edgetpu,cifar100,63.360000,0.398743,0.596918,15917
27,8,1383,edgetpu,cifar100,70.273330,0.673722,0.596918,15917
27,8,857,edgetpu,cifar100,72.880000,1.264168,0.596918,15917
27,8,11533,edgetpu,cifar100,69.760000,0.635877,0.596918,15917
27,8,13434,edgetpu,cifar100,62.106667,0.392580,0.596918,15917
27,8,69,edgetpu,cifar100,71.020000,0.727259,0.596918,15917
27,8,4532,edgetpu,cifar100,68.040000,0.489947,0.596918,15917
27,8,781,edgetpu,cifar100,67.960000,0.487922,0.596918,15917
27,8,8638,edgetpu,cifar100,58.860000,0.356631,0.596918,15917
27,8,11810,edgetpu,cifar100,68.300000,0.492126,0.596918,15917
27,8,1425,edgetpu,cifar100,72.093330,0.910660,0.596918,15917
27,8,1943,edgetpu,cifar100,69.626660,0.634759,0.596918,15917
27,9,3888,eyeriss,cifar100,73.260000,6.597760,0.473208,16686
27,9,6925,eyeriss,cifar100,71.220000,3.894400,0.473208,16686
27,9,10689,eyeriss,cifar100,67.500000,2.174080,0.473208,16686
27,9,375,eyeriss,cifar100,64.440000,1.928320,0.473208,16686
27,9,11301,eyeriss,cifar100,68.220000,2.665600,0.473208,16686
27,9,5084,eyeriss,cifar100,58.813330,1.682560,0.473208,16686
27,9,12761,eyeriss,cifar100,72.860000,6.352000,0.473208,16686
27,9,6787,eyeriss,cifar100,70.720000,3.648640,0.473208,16686
27,9,14714,eyeriss,cifar100,71.280000,4.140160,0.473208,16686
27,9,3540,eyeriss,cifar100,71.500000,4.877440,0.473208,16686
27,9,14112,eyeriss,cifar100,68.386665,2.911360,0.473208,16686
27,9,12574,eyeriss,cifar100,72.740000,5.123200,0.473208,16686
27,9,12820,eyeriss,cifar100,67.720000,2.419840,0.473208,16686
27,9,3487,eyeriss,cifar100,70.093330,3.402880,0.473208,16686
27,9,9930,eyeriss,cifar100,73.513336,9.055360,0.473208,16686
27,9,8139,eyeriss,cifar100,64.440000,1.928320,0.473208,16686
27,10,12820,fpga,cifar100,67.720000,2.678560,0.520464,16391
27,10,6925,fpga,cifar100,71.220000,3.936160,0.520464,16391
27,10,9930,fpga,cifar100,73.513336,7.420960,0.520464,16391
27,10,9997,fpga,cifar100,71.520000,4.572960,0.520464,16391
27,10,10689,fpga,cifar100,67.500000,2.163360,0.520464,16391
27,10,5084,fpga,cifar100,58.813330,1.132960,0.520464,16391
27,10,3888,fpga,cifar100,73.260000,5.936160,0.520464,16391
27,10,3540,fpga,cifar100,71.500000,4.163360,0.520464,16391
27,10,12574,fpga,cifar100,72.740000,4.678560,0.520464,16391
27,10,4249,fpga,cifar100,65.080000,2.057760,0.520464,16391
27,10,3687,fpga,cifar100,64.460000,1.648160,0.520464,16391
27,10,6787,fpga,cifar100,70.720000,3.420960,0.520464,16391
27,10,12761,fpga,cifar100,72.860000,5.420960,0.520464,16391
27,10,12295,fpga,cifar100,71.160000,3.648160,0.520464,16391
27,10,7250,fpga,cifar100,67.706665,2.390560,0.520464,16391
27,10,11973,fpga,cifar100,70.340000,2.905760,0.520464,16391
27,11,1631,pixel3,cifar100,63.986668,1.805000,0.599565,16074
27,11,6337,pixel3,cifar100,1.000000,0.008753,0.599565,16074
27,11,1459,pixel3,cifar100,73.140000,23.437900,0.599565,16074
27,11,1416,pixel3,cifar100,64.493330,2.084060,0.599565,16074
27,11,9930,pixel3,cifar100,73.513336,42.003600,0.599565,16074
27,11,1409,pixel3,cifar100,58.853333,1.275090,0.599565,16074
27,11,8638,pixel3,cifar100,58.860000,1.478570,0.599565,16074
27,11,8323,pixel3,cifar100,67.080000,3.106340,0.599565,16074
27,11,3888,pixel3,cifar100,73.260000,23.477200,0.599565,16074
27,11,857,pixel3,cifar100,72.880000,19.113200,0.599565,16074
27,11,1450,pixel3,cifar100,70.506670,9.337360,0.599565,16074
27,11,12574,pixel3,cifar100,72.740000,16.473900,0.599565,16074
27,11,1090,pixel3,cifar100,65.220000,2.811310,0.599565,16074
27,11,4659,pixel3,cifar100,70.060000,9.026280,0.599565,16074
27,11,9649,pixel3,cifar100,64.540000,2.536210,0.599565,16074
27,11,1357,pixel3,cifar100,67.480000,3.998260,0.599565,16074
27,11,6787,pixel3,cifar100,70.720000,9.854430,0.599565,16074
27,11,777,pixel3,cifar100,58.650000,1.087020,0.599565,16074
27,11,699,pixel3,cifar100,72.240000,12.079400,0.599565,16074
27,11,12820,pixel3,cifar100,67.720000,4.806070,0.599565,16074
27,11,898,pixel3,cifar100,70.000000,6.516140,0.599565,16074
27,11,8912,pixel3,cifar100,59.200000,1.478790,0.599565,16074
27,11,1593,pixel3,cifar100,62.126667,1.582050,0.599565,16074
27,11,14253,pixel3,cifar100,70.860000,10.679300,0.599565,16074
27,12,4498,raspi4,cifar100,64.086670,5.022347,0.703874,16077
27,12,375,raspi4,cifar100,64.440000,5.099302,0.703874,16077
27,12,10222,raspi4,cifar100,58.860000,2.747804,0.703874,16077
27,12,1572,raspi4,cifar100,69.900000,19.916142,0.703874,16077
27,12,1459,raspi4,cifar100,73.140000,53.879950,0.703874,16077
27,12,15363,raspi4,cifar100,70.520000,21.809430,0.703874,16077
27,12,11000,raspi4,cifar100,71.180000,26.077381,0.703874,16077
27,12,1939,raspi4,cifar100,70.760000,24.555029,0.703874,16077
27,12,9930,raspi4,cifar100,73.513336,71.152000,0.703874,16077
27,12,9997,raspi4,cifar100,71.520000,34.996710,0.703874,16077
27,12,8740,raspi4,cifar100,1.000000,0.015215,0.703874,16077
27,12,15589,raspi4,cifar100,59.060000,2.795078,0.703874,16077
27,12,4418,raspi4,cifar100,72.746666,47.162354,0.703874,16077
27,12,6830,raspi4,cifar100,71.460000,34.491814,0.703874,16077
27,12,2222,raspi4,cifar100,58.313330,2.538255,0.703874,16077
27,12,12915,raspi4,cifar100,66.950000,7.226311,0.703874,16077
27,12,2200,raspi4,cifar100,63.886665,5.014668,0.703874,16077
27,12,3888,raspi4,cifar100,73.260000,55.029520,0.703874,16077
27,12,14792,raspi4,cifar100,69.500000,19.111843,0.703874,16077
27,12,485,raspi4,cifar100,67.593330,14.719852,0.703874,16077
27,12,14612,raspi4,cifar100,58.720000,2.563505,0.703874,16077
27,12,12574,raspi4,cifar100,72.740000,36.371254,0.703874,16077
27,12,12820,raspi4,cifar100,67.720000,15.998039,0.703874,16077
27,12,6918,raspi4,cifar100,58.800000,2.571364,0.703874,16077
27,12,7031,raspi4,cifar100,69.526665,19.879576,0.703874,16077
27,12,13430,raspi4,cifar100,66.700000,7.203785,0.703874,16077
27,12,9271,raspi4,cifar100,63.400000,4.800893,0.703874,16077
27,12,6787,raspi4,cifar100,70.720000,23.081835,0.703874,16077
27,12,6294,raspi4,cifar100,66.973335,7.376450,0.703874,16077
27,12,15246,raspi4,cifar100,66.966670,7.350053,0.703874,16077
27,12,10689,raspi4,cifar100,67.500000,7.381845,0.703874,16077
27,12,12970,raspi4,cifar100,68.140000,16.583117,0.703874,16077
27,12,4659,raspi4,cifar100,70.060000,21.672482,0.703874,16077
27,12,12761,raspi4,cifar100,72.860000,53.718200,0.703874,16077
27,12,10042,raspi4,cifar100,64.880000,5.100886,0.703874,16077
27,12,898,raspi4,cifar100,70.000000,21.506163,0.703874,16077
27,12,8853,raspi4,cifar100,71.220000,31.380384,0.703874,16077
27,12,6177,raspi4,cifar100,62.373333,4.795128,0.703874,16077
27,12,6822,raspi4,cifar100,58.426666,2.558594,0.703874,16077
27,12,8912,raspi4,cifar100,59.200000,2.818969,0.703874,16077
27,13,15383,edgegpu,ImageNet16-120,47.033333,6.262836,0.637117,16264
27,13,10835,edgegpu,ImageNet16-120,45.233334,4.434366,0.637117,16264
27,13,4946,edgegpu,ImageNet16-120,44.700000,3.490419,0.637117,16264
27,13,4587,edgegpu,ImageNet16-120,28.800000,1.445131,0.637117,16264
27,13,8884,edgegpu,ImageNet16-120,45.033333,3.499999,0.637117,16264
27,13,8401,edgegpu,ImageNet16-120,43.833332,3.322444,0.637117,16264
27,13,5674,edgegpu,ImageNet16-120,39.650000,1.763358,0.637117,16264
27,13,11438,edgegpu,ImageNet16-120,39.733334,1.903386,0.637117,16264
27,13,9722,edgegpu,ImageNet16-120,44.000000,3.327813,0.637117,16264
27,13,14612,edgegpu,ImageNet16-120,28.488890,1.434064,0.637117,16264
27,13,2650,edgegpu,ImageNet16-120,42.433334,3.309817,0.637117,16264
27,13,14027,edgegpu,ImageNet16-120,40.266666,3.306937,0.637117,16264
27,13,12415,edgegpu,ImageNet16-120,46.566666,4.667692,0.637117,16264
27,13,857,edgegpu,ImageNet16-120,47.311110,6.707663,0.637117,16264
27,13,4332,edgegpu,ImageNet16-120,39.444443,1.745496,0.637117,16264
27,13,8355,edgegpu,ImageNet16-120,39.666668,1.810203,0.637117,16264
27,13,13411,edgegpu,ImageNet16-120,31.855556,1.736240,0.637117,16264
27,13,5374,edgegpu,ImageNet16-120,46.766666,5.294285,0.637117,16264
27,13,15376,edgegpu,ImageNet16-120,0.833333,0.533953,0.637117,16264
27,13,14117,edgegpu,ImageNet16-120,28.677778,1.435547,0.637117,16264
27,13,13760,edgegpu,ImageNet16-120,32.333332,1.739759,0.637117,16264
27,13,7187,edgegpu,ImageNet16-120,28.683332,1.443858,0.637117,16264
27,13,10947,edgegpu,ImageNet16-120,39.944443,1.909800,0.637117,16264
27,13,15159,edgegpu,ImageNet16-120,45.566666,4.632421,0.637117,16264
27,13,15288,edgegpu,ImageNet16-120,28.422222,1.417041,0.637117,16264
27,13,6950,edgegpu,ImageNet16-120,38.700000,1.740150,0.637117,16264
27,13,4988,edgegpu,ImageNet16-120,28.933332,1.448212,0.637117,16264
27,13,8426,edgegpu,ImageNet16-120,44.633335,3.370147,0.637117,16264
27,13,1164,edgegpu,ImageNet16-120,28.522223,1.435223,0.637117,16264
27,14,70,edgetpu,ImageNet16-120,39.377777,0.428228,0.585945,15938
27,14,7357,edgetpu,ImageNet16-120,44.666668,0.600498,0.585945,15938
27,14,13931,edgetpu,ImageNet16-120,28.788889,0.360349,0.585945,15938
27,14,15014,edgetpu,ImageNet16-120,28.266666,0.358110,0.585945,15938
27,14,4627,edgetpu,ImageNet16-120,43.500000,0.552306,0.585945,15938
27,14,5751,edgetpu,ImageNet16-120,40.044445,0.516992,0.585945,15938
27,14,1172,edgetpu,ImageNet16-120,39.933334,0.515935,0.585945,15938
27,14,1973,edgetpu,ImageNet16-120,38.855556,0.427802,0.585945,15938
27,14,7750,edgetpu,ImageNet16-120,43.066666,0.551617,0.585945,15938
27,14,857,edgetpu,ImageNet16-120,47.311110,0.997730,0.585945,15938
27,14,7273,edgetpu,ImageNet16-120,42.966667,0.550014,0.585945,15938
27,14,13769,edgetpu,ImageNet16-120,41.555557,0.549360,0.585945,15938
27,14,15383,edgetpu,ImageNet16-120,47.033333,0.780914,0.585945,15938
27,14,4988,edgetpu,ImageNet16-120,28.933332,0.360694,0.585945,15938
27,14,3540,edgetpu,ImageNet16-120,45.122223,0.648670,0.585945,15938
27,14,6407,edgetpu,ImageNet16-120,32.333332,0.363748,0.585945,15938
27,14,4977,edgetpu,ImageNet16-120,32.966667,0.367728,0.585945,15938
27,14,4160,edgetpu,ImageNet16-120,39.833332,0.430355,0.585945,15938
27,14,12415,edgetpu,ImageNet16-120,46.566666,0.710906,0.585945,15938
27,14,7396,edgetpu,ImageNet16-120,40.177776,0.517218,0.585945,15938
27,14,15363,edgetpu,ImageNet16-120,44.333332,0.582280,0.585945,15938
27,14,7837,edgetpu,ImageNet16-120,32.111110,0.363571,0.585945,15938
27,14,6520,edgetpu,ImageNet16-120,32.383335,0.363944,0.585945,15938
27,14,9689,edgetpu,ImageNet16-120,42.533333,0.549702,0.585945,15938
27,14,11282,edgetpu,ImageNet16-120,39.633335,0.428409,0.585945,15938
27,14,4946,edgetpu,ImageNet16-120,44.700000,0.618328,0.585945,15938
27,14,7174,edgetpu,ImageNet16-120,33.116665,0.391775,0.585945,15938
27,14,10332,edgetpu,ImageNet16-120,40.033333,0.516152,0.585945,15938
27,14,4830,edgetpu,ImageNet16-120,42.233334,0.549457,0.585945,15938
27,14,12231,edgetpu,ImageNet16-120,40.200000,0.518358,0.585945,15938
27,15,2835,eyeriss,ImageNet16-120,38.222220,0.545920,0.501894,16534
27,15,8008,eyeriss,ImageNet16-120,43.500000,0.853120,0.501894,16534
27,15,6854,eyeriss,ImageNet16-120,40.800000,0.668800,0.501894,16534
27,15,5487,eyeriss,ImageNet16-120,38.500000,0.607360,0.501894,16534
27,15,4829,eyeriss,ImageNet16-120,34.200000,0.484480,0.501894,16534
27,15,4988,eyeriss,ImageNet16-120,28.933332,0.423040,0.501894,16534
27,15,15383,eyeriss,ImageNet16-120,47.033333,1.283200,0.501894,16534
27,15,6787,eyeriss,ImageNet16-120,44.400000,0.914560,0.501894,16534
27,15,8853,eyeriss,ImageNet16-120,45.600000,1.037440,0.501894,16534
27,15,1939,eyeriss,ImageNet16-120,45.077778,0.976000,0.501894,16534
27,15,857,eyeriss,ImageNet16-120,47.311110,1.651840,0.501894,16534
27,15,14417,eyeriss,ImageNet16-120,45.900000,1.098880,0.501894,16534
27,16,6868,fpga,ImageNet16-120,39.000000,0.649120,0.491889,16212
27,16,2835,fpga,ImageNet16-120,38.222220,0.546720,0.491889,16212
27,16,8008,fpga,ImageNet16-120,43.500000,0.876800,0.491889,16212
27,16,4988,fpga,ImageNet16-120,28.933332,0.284320,0.491889,16212
27,16,11079,fpga,ImageNet16-120,43.566666,0.902400,0.491889,16212
27,16,15383,fpga,ImageNet16-120,47.033333,1.504000,0.491889,16212
27,16,14748,fpga,ImageNet16-120,44.900000,0.995200,0.491889,16212
27,16,6787,fpga,ImageNet16-120,44.400000,0.969600,0.491889,16212
27,16,8633,fpga,ImageNet16-120,39.766666,0.780320,0.491889,16212
27,16,14417,fpga,ImageNet16-120,45.900000,1.276320,0.491889,16212
27,16,10017,fpga,ImageNet16-120,40.566666,0.784000,0.491889,16212
27,16,8853,fpga,ImageNet16-120,45.600000,1.155200,0.491889,16212
27,16,1939,fpga,ImageNet16-120,45.077778,1.062400,0.491889,16212
27,16,4829,fpga,ImageNet16-120,34.200000,0.415520,0.491889,16212
27,16,6854,fpga,ImageNet16-120,40.800000,0.809120,0.491889,16212
27,16,857,fpga,ImageNet16-120,47.311110,2.038400,0.491889,16212
27,16,5793,fpga,ImageNet16-120,35.033333,0.517920,0.491889,16212
27,17,1939,pixel3,ImageNet16-120,45.077778,3.021500,0.741884,15989
27,17,10154,pixel3,ImageNet16-120,46.133335,4.783700,0.741884,15989
27,17,14417,pixel3,ImageNet16-120,45.900000,4.143030,0.741884,15989
27,17,12424,pixel3,ImageNet16-120,43.133330,2.470150,0.741884,15989
27,17,857,pixel3,ImageNet16-120,47.311110,6.686850,0.741884,15989
27,17,6854,pixel3,ImageNet16-120,40.800000,1.621620,0.741884,15989
27,17,12466,pixel3,ImageNet16-120,46.100000,4.680280,0.741884,15989
27,17,1860,pixel3,ImageNet16-120,28.433332,0.422587,0.741884,15989
27,17,2018,pixel3,ImageNet16-120,46.433334,4.949210,0.741884,15989
27,17,12358,pixel3,ImageNet16-120,34.055557,0.666287,0.741884,15989
27,17,2835,pixel3,ImageNet16-120,38.222220,0.868646,0.741884,15989
27,17,8853,pixel3,ImageNet16-120,45.600000,3.554540,0.741884,15989
27,17,1549,pixel3,ImageNet16-120,28.655556,0.424747,0.741884,15989
27,17,735,pixel3,ImageNet16-120,38.544445,1.107950,0.741884,15989
27,17,12355,pixel3,ImageNet16-120,45.033333,2.989390,0.741884,15989
27,17,1147,pixel3,ImageNet16-120,33.733334,0.666281,0.741884,15989
27,17,7401,pixel3,ImageNet16-120,28.866667,0.505777,0.741884,15989
27,17,12103,pixel3,ImageNet16-120,28.250000,0.422433,0.741884,15989
27,17,12639,pixel3,ImageNet16-120,40.400000,1.304440,0.741884,15989
27,17,13756,pixel3,ImageNet16-120,0.833333,0.005289,0.741884,15989
27,17,872,pixel3,ImageNet16-120,41.777780,2.465030,0.741884,15989
27,17,3728,pixel3,ImageNet16-120,28.500000,0.422880,0.741884,15989
27,17,15383,pixel3,ImageNet16-120,47.033333,5.191720,0.741884,15989
27,17,6014,pixel3,ImageNet16-120,28.533333,0.423391,0.741884,15989
27,17,3496,pixel3,ImageNet16-120,34.233334,0.670584,0.741884,15989
27,17,4895,pixel3,ImageNet16-120,33.200000,0.619070,0.741884,15989
27,17,4432,pixel3,ImageNet16-120,37.800000,0.861157,0.741884,15989
27,17,1425,pixel3,ImageNet16-120,45.977780,4.619290,0.741884,15989
27,17,4587,pixel3,ImageNet16-120,28.800000,0.445767,0.741884,15989
27,17,2002,pixel3,ImageNet16-120,32.277780,0.617751,0.741884,15989
27,17,7187,pixel3,ImageNet16-120,28.683332,0.425223,0.741884,15989
27,17,11079,pixel3,ImageNet16-120,43.566666,2.479610,0.741884,15989
27,17,2899,pixel3,ImageNet16-120,43.911110,2.701210,0.741884,15989
27,17,11163,pixel3,ImageNet16-120,33.600000,0.665312,0.741884,15989
27,17,4004,pixel3,ImageNet16-120,42.811110,2.467510,0.741884,15989
27,17,11000,pixel3,ImageNet16-120,44.866665,2.962520,0.741884,15989
27,17,898,pixel3,ImageNet16-120,42.466667,2.467210,0.741884,15989
27,17,12506,pixel3,ImageNet16-120,43.983334,2.929990,0.741884,15989
27,17,1110,pixel3,ImageNet16-120,28.600000,0.423927,0.741884,15989
27,18,1413,raspi4,ImageNet16-120,42.711113,3.788479,0.829205,16074
27,18,9654,raspi4,ImageNet16-120,33.633335,1.581475,0.829205,16074
27,18,10715,raspi4,ImageNet16-120,45.533333,6.790813,0.829205,16074
27,18,12424,raspi4,ImageNet16-120,43.133330,3.805729,0.829205,16074
27,18,6854,raspi4,ImageNet16-120,40.800000,3.661016,0.829205,16074
27,18,4627,raspi4,ImageNet16-120,43.500000,3.811407,0.829205,16074
27,18,13771,raspi4,ImageNet16-120,32.744446,1.533813,0.829205,16074
27,18,13644,raspi4,ImageNet16-120,45.333332,6.780282,0.829205,16074
27,18,10217,raspi4,ImageNet16-120,45.100000,6.109362,0.829205,16074
27,18,2779,raspi4,ImageNet16-120,37.355556,2.190654,0.829205,16074
27,18,2904,raspi4,ImageNet16-120,42.744446,3.799936,0.829205,16074
27,18,1939,raspi4,ImageNet16-120,45.077778,5.341908,0.829205,16074
27,18,9496,raspi4,ImageNet16-120,38.200000,2.204048,0.829205,16074
27,18,7357,raspi4,ImageNet16-120,44.666668,4.480689,0.829205,16074
27,18,5202,raspi4,ImageNet16-120,42.411110,3.783078,0.829205,16074
27,18,6185,raspi4,ImageNet16-120,39.300000,3.081319,0.829205,16074
27,18,11584,raspi4,ImageNet16-120,46.666668,8.014434,0.829205,16074
27,18,9806,raspi4,ImageNet16-120,39.966667,3.162904,0.829205,16074
27,18,10167,raspi4,ImageNet16-120,39.944443,3.106316,0.829205,16074
27,18,15107,raspi4,ImageNet16-120,39.800000,3.083329,0.829205,16074
27,18,3687,raspi4,ImageNet16-120,34.066666,1.583497,0.829205,16074
27,18,10835,raspi4,ImageNet16-120,45.233334,6.632419,0.829205,16074
27,18,9032,raspi4,ImageNet16-120,38.016666,2.201532,0.829205,16074
27,18,10797,raspi4,ImageNet16-120,28.033333,0.946706,0.829205,16074
27,18,12505,raspi4,ImageNet16-120,39.283333,3.062432,0.829205,16074
27,18,4988,raspi4,ImageNet16-120,28.933332,1.003251,0.829205,16074
27,18,15383,raspi4,ImageNet16-120,47.033333,8.565354,0.829205,16074
27,18,4675,raspi4,ImageNet16-120,33.100000,1.544321,0.829205,16074
27,18,15363,raspi4,ImageNet16-120,44.333332,4.480516,0.829205,16074
27,18,8884,raspi4,ImageNet16-120,45.033333,5.293177,0.829205,16074
27,18,3960,raspi4,ImageNet16-120,37.755554,2.197980,0.829205,16074
27,18,14417,raspi4,ImageNet16-120,45.900000,6.948865,0.829205,16074
27,18,5530,raspi4,ImageNet16-120,42.577778,3.785925,0.829205,16074
27,18,9585,raspi4,ImageNet16-120,0.833333,0.011519,0.829205,16074
27,18,857,raspi4,ImageNet16-120,47.311110,9.020064,0.829205,16074
27,18,735,raspi4,ImageNet16-120,38.544445,2.911079,0.829205,16074
27,18,4829,raspi4,ImageNet16-120,34.200000,1.614683,0.829205,16074
27,18,3431,raspi4,ImageNet16-120,32.966667,1.536690,0.829205,16074
27,18,8733,raspi4,ImageNet16-120,46.600000,7.477213,0.829205,16074
27,18,13931,raspi4,ImageNet16-120,28.788889,0.956195,0.829205,16074
27,18,3782,raspi4,ImageNet16-120,41.866665,3.755286,0.829205,16074
27,18,4771,raspi4,ImageNet16-120,33.766666,1.582308,0.829205,16074
27,18,380,raspi4,ImageNet16-120,38.900000,3.038936,0.829205,16074
27,18,10017,raspi4,ImageNet16-120,40.566666,3.181383,0.829205,16074
27,18,7187,raspi4,ImageNet16-120,28.683332,0.952790,0.829205,16074
27,18,11163,raspi4,ImageNet16-120,33.600000,1.581473,0.829205,16074
27,18,1204,raspi4,ImageNet16-120,37.844444,2.199356,0.829205,16074
27,18,7955,raspi4,ImageNet16-120,39.388890,3.082832,0.829205,16074
27,18,1188,raspi4,ImageNet16-120,32.455555,1.526725,0.829205,16074
27,18,8355,raspi4,ImageNet16-120,39.666668,3.083286,0.829205,16074
28,1,1339,edgegpu,cifar10,92.136665,1.751881,0.585221,16487
28,1,5400,edgegpu,cifar10,86.630000,1.427460,0.585221,16487
28,1,14527,edgegpu,cifar10,86.765000,1.439619,0.585221,16487
28,1,1459,edgegpu,cifar10,94.296670,6.748991,0.585221,16487
28,1,13714,edgegpu,cifar10,94.373340,6.772180,0.585221,16487
28,1,2776,edgegpu,cifar10,93.666664,3.331194,0.585221,16487
28,1,2053,edgegpu,cifar10,94.206665,5.482254,0.585221,16487
28,1,11438,edgegpu,cifar10,92.500000,1.846719,0.585221,16487
28,1,1549,edgegpu,cifar10,86.710000,1.436324,0.585221,16487
28,1,561,edgegpu,cifar10,86.880000,1.451068,0.585221,16487
28,1,6330,edgegpu,cifar10,94.006670,4.384699,0.585221,16487
28,1,11692,edgegpu,cifar10,94.130000,4.708362,0.585221,16487
28,1,9099,edgegpu,cifar10,93.940000,3.357520,0.585221,16487
28,1,5780,edgegpu,cifar10,93.980000,3.361888,0.585221,16487
28,1,5292,edgegpu,cifar10,94.293335,6.663151,0.585221,16487
28,1,13401,edgegpu,cifar10,87.010000,1.457009,0.585221,16487
28,1,6960,edgegpu,cifar10,92.280000,1.764450,0.585221,16487
28,1,14090,edgegpu,cifar10,92.086670,1.749086,0.585221,16487
28,1,15200,edgegpu,cifar10,10.000000,0.501385,0.585221,16487
28,1,14407,edgegpu,cifar10,86.770000,1.440282,0.585221,16487
28,1,10484,edgegpu,cifar10,93.810000,3.354015,0.585221,16487
28,1,11810,edgegpu,cifar10,92.780000,1.992798,0.585221,16487
28,2,4161,edgetpu,cifar10,89.250000,0.391221,0.627337,16314
28,2,13714,edgetpu,cifar10,94.373340,1.377865,0.627337,16314
28,2,5780,edgetpu,cifar10,93.980000,0.723967,0.627337,16314
28,2,1595,edgetpu,cifar10,88.963330,0.389815,0.627337,16314
28,2,2053,edgetpu,cifar10,94.206665,1.042178,0.627337,16314
28,2,5258,edgetpu,cifar10,88.775000,0.388629,0.627337,16314
28,2,9689,edgetpu,cifar10,93.370000,0.628386,0.627337,16314
28,2,9950,edgetpu,cifar10,93.840000,0.723767,0.627337,16314
28,2,6515,edgetpu,cifar10,93.616670,0.722858,0.627337,16314
28,2,797,edgetpu,cifar10,93.280000,0.627996,0.627337,16314
28,2,6382,edgetpu,cifar10,93.376660,0.628638,0.627337,16314
28,2,7017,edgetpu,cifar10,86.970000,0.353089,0.627337,16314
28,2,11692,edgetpu,cifar10,94.130000,0.761100,0.627337,16314
28,2,6918,edgetpu,cifar10,87.000000,0.375819,0.627337,16314
28,2,5111,edgetpu,cifar10,94.306660,1.152010,0.627337,16314
28,2,8008,edgetpu,cifar10,93.480000,0.629746,0.627337,16314
28,2,2485,edgetpu,cifar10,86.700000,0.346546,0.627337,16314
28,2,3927,edgetpu,cifar10,93.626660,0.723268,0.627337,16314
28,2,13611,edgetpu,cifar10,92.490000,0.481826,0.627337,16314
28,2,5224,edgetpu,cifar10,88.980000,0.389900,0.627337,16314
28,2,11112,edgetpu,cifar10,92.110000,0.480732,0.627337,16314
28,2,11810,edgetpu,cifar10,92.780000,0.482879,0.627337,16314
28,2,13320,edgetpu,cifar10,89.330000,0.396446,0.627337,16314
28,2,6407,edgetpu,cifar10,88.933334,0.389381,0.627337,16314
28,2,10581,edgetpu,cifar10,89.015000,0.390403,0.627337,16314
28,2,15000,edgetpu,cifar10,92.400000,0.481741,0.627337,16314
28,2,10683,edgetpu,cifar10,92.330000,0.481277,0.627337,16314
28,3,6111,eyeriss,cifar10,94.373340,7.823540,0.478323,16475
28,3,15000,eyeriss,cifar10,92.400000,3.154100,0.478323,16475
28,3,8008,eyeriss,cifar10,93.480000,3.399860,0.478323,16475
28,3,6584,eyeriss,cifar10,94.160000,4.874420,0.478323,16475
28,3,5111,eyeriss,cifar10,94.306660,5.365940,0.478323,16475
28,3,13714,eyeriss,cifar10,94.373340,7.823540,0.478323,16475
28,3,3731,eyeriss,cifar10,94.343330,6.594740,0.478323,16475
28,3,13987,eyeriss,cifar10,93.596664,3.645620,0.478323,16475
28,3,6854,eyeriss,cifar10,91.040000,2.662580,0.478323,16475
28,3,8323,eyeriss,cifar10,90.870000,2.171060,0.478323,16475
28,3,1616,eyeriss,cifar10,89.740000,1.925300,0.478323,16475
28,3,8592,eyeriss,cifar10,93.750000,3.891380,0.478323,16475
28,3,11472,eyeriss,cifar10,93.970000,4.628660,0.478323,16475
28,3,6899,eyeriss,cifar10,90.900000,2.416820,0.478323,16475
28,3,14112,eyeriss,cifar10,91.296670,2.908340,0.478323,16475
28,3,4384,eyeriss,cifar10,86.796670,1.679540,0.478323,16475
28,4,11692,fpga,cifar10,94.130000,4.163360,0.454151,16305
28,4,13611,fpga,cifar10,92.490000,2.390560,0.454151,16305
28,4,11472,fpga,cifar10,93.970000,3.648160,0.454151,16305
28,4,8008,fpga,cifar10,93.480000,2.905760,0.454151,16305
28,4,4384,fpga,cifar10,86.796670,1.132960,0.454151,16305
28,4,10431,fpga,cifar10,87.000000,1.542560,0.454151,16305
28,4,6111,fpga,cifar10,94.373340,6.678560,0.454151,16305
28,4,3731,fpga,cifar10,94.343330,5.936160,0.454151,16305
28,4,10412,fpga,cifar10,93.530000,3.420960,0.454151,16305
28,4,5111,fpga,cifar10,94.306660,5.193760,0.454151,16305
28,4,13714,fpga,cifar10,94.373340,6.678560,0.454151,16305
28,4,12438,fpga,cifar10,89.875000,1.648160,0.454151,16305
28,4,11525,fpga,cifar10,90.000000,2.057760,0.454151,16305
28,4,8323,fpga,cifar10,90.870000,2.163360,0.454151,16305
28,5,8323,pixel3,cifar10,90.870000,3.106420,0.785602,16140
28,5,2018,pixel3,cifar10,94.063330,14.960500,0.785602,16140
28,5,8695,pixel3,cifar10,94.220000,17.564500,0.785602,16140
28,5,4627,pixel3,cifar10,93.270000,7.036050,0.785602,16140
28,5,6382,pixel3,cifar10,93.376660,7.048190,0.785602,16140
28,5,5111,pixel3,cifar10,94.306660,17.584600,0.785602,16140
28,5,41,pixel3,cifar10,88.670000,1.576940,0.785602,16140
28,5,4689,pixel3,cifar10,90.720000,3.106280,0.785602,16140
28,5,8592,pixel3,cifar10,93.750000,10.769800,0.785602,16140
28,5,1943,pixel3,cifar10,93.116670,6.492030,0.785602,16140
28,5,6999,pixel3,cifar10,93.820000,12.260900,0.785602,16140
28,5,6111,pixel3,cifar10,94.373340,23.584800,0.785602,16140
28,5,1339,pixel3,cifar10,92.136665,5.802240,0.785602,16140
28,5,9230,pixel3,cifar10,86.580000,1.056760,0.785602,16140
28,5,3731,pixel3,cifar10,94.343330,23.361300,0.785602,16140
28,5,6854,pixel3,cifar10,91.040000,4.514220,0.785602,16140
28,5,6863,pixel3,cifar10,86.740000,1.229320,0.785602,16140
28,5,1497,pixel3,cifar10,86.556660,1.056630,0.785602,16140
28,5,11972,pixel3,cifar10,91.510000,5.627010,0.785602,16140
28,5,6434,pixel3,cifar10,91.080000,4.811140,0.785602,16140
28,5,6918,pixel3,cifar10,87.000000,1.478790,0.785602,16140
28,5,3385,pixel3,cifar10,93.990000,13.656500,0.785602,16140
28,5,11692,pixel3,cifar10,94.130000,15.490100,0.785602,16140
28,5,1781,pixel3,cifar10,89.883330,1.712020,0.785602,16140
28,5,4432,pixel3,cifar10,90.700000,2.826310,0.785602,16140
28,5,1425,pixel3,cifar10,93.933334,12.536500,0.785602,16140
28,5,7197,pixel3,cifar10,90.366670,2.447670,0.785602,16140
28,5,12452,pixel3,cifar10,91.350000,5.590110,0.785602,16140
28,5,4384,pixel3,cifar10,86.796670,1.467300,0.785602,16140
28,5,13869,pixel3,cifar10,93.656670,10.634700,0.785602,16140
28,5,13987,pixel3,cifar10,93.596664,9.922680,0.785602,16140
28,5,13171,pixel3,cifar10,93.530000,7.717220,0.785602,16140
28,5,7001,pixel3,cifar10,10.000000,0.003277,0.785602,16140
28,5,4554,pixel3,cifar10,86.670000,1.114880,0.785602,16140
28,5,5915,pixel3,cifar10,86.846664,1.472530,0.785602,16140
28,5,1416,pixel3,cifar10,89.546670,1.691430,0.785602,16140
28,5,12820,pixel3,cifar10,90.880000,3.982790,0.785602,16140
28,5,1804,pixel3,cifar10,89.063330,1.579900,0.785602,16140
28,5,3,pixel3,cifar10,86.616670,1.062640,0.785602,16140
28,6,9980,raspi4,cifar10,10.000000,0.011284,0.729752,16161
28,6,6918,raspi4,cifar10,87.000000,2.787590,0.729752,16161
28,6,9950,raspi4,cifar10,93.840000,33.860363,0.729752,16161
28,6,10412,raspi4,cifar10,93.530000,25.079220,0.729752,16161
28,6,1973,raspi4,cifar10,91.663330,16.185848,0.729752,16161
28,6,12970,raspi4,cifar10,90.970000,11.904152,0.729752,16161
28,6,15288,raspi4,cifar10,86.660000,2.557443,0.729752,16161
28,6,7030,raspi4,cifar10,93.173330,20.230932,0.729752,16161
28,6,14677,raspi4,cifar10,88.670000,4.755260,0.729752,16161
28,6,8323,raspi4,cifar10,90.870000,7.426308,0.729752,16161
28,6,1962,raspi4,cifar10,86.530000,2.529453,0.729752,16161
28,6,14565,raspi4,cifar10,88.880000,4.781183,0.729752,16161
28,6,6382,raspi4,cifar10,93.376660,21.461164,0.729752,16161
28,6,4689,raspi4,cifar10,90.720000,7.356712,0.729752,16161
28,6,5111,raspi4,cifar10,94.306660,41.756905,0.729752,16161
28,6,13829,raspi4,cifar10,92.193340,18.405771,0.729752,16161
28,6,6111,raspi4,cifar10,94.373340,68.404106,0.729752,16161
28,6,3731,raspi4,cifar10,94.343330,58.070793,0.729752,16161
28,6,1690,raspi4,cifar10,86.646670,2.536549,0.729752,16161
28,6,5780,raspi4,cifar10,93.980000,34.928463,0.729752,16161
28,6,1941,raspi4,cifar10,93.533330,25.121769,0.729752,16161
28,6,13611,raspi4,cifar10,92.490000,18.523302,0.729752,16161
28,6,11088,raspi4,cifar10,92.200000,18.435175,0.729752,16161
28,6,11692,raspi4,cifar10,94.130000,37.583630,0.729752,16161
28,6,7058,raspi4,cifar10,92.040000,16.469465,0.729752,16161
28,6,9271,raspi4,cifar10,89.250000,4.830311,0.729752,16161
28,6,11438,raspi4,cifar10,92.500000,18.742697,0.729752,16161
28,6,6985,raspi4,cifar10,89.940000,4.995646,0.729752,16161
28,6,4432,raspi4,cifar10,90.700000,7.290926,0.729752,16161
28,6,12387,raspi4,cifar10,88.930000,4.797579,0.729752,16161
28,6,12505,raspi4,cifar10,92.150000,16.747276,0.729752,16161
28,6,9380,raspi4,cifar10,89.335000,4.875613,0.729752,16161
28,6,6014,raspi4,cifar10,86.690000,2.736959,0.729752,16161
28,6,8592,raspi4,cifar10,93.750000,25.477009,0.729752,16161
28,6,6931,raspi4,cifar10,93.780000,33.088142,0.729752,16161
28,6,4659,raspi4,cifar10,93.396670,22.249382,0.729752,16161
28,6,6868,raspi4,cifar10,90.880000,10.226877,0.729752,16161
28,6,8008,raspi4,cifar10,93.480000,22.571420,0.729752,16161
28,7,11810,edgegpu,cifar100,68.300000,1.779551,0.538124,16314
28,7,2778,edgegpu,cifar100,72.993330,6.134028,0.538124,16314
28,7,12415,edgegpu,cifar100,71.940000,4.828467,0.538124,16314
28,7,9930,edgegpu,cifar100,73.513336,6.803060,0.538124,16314
28,7,6124,edgegpu,cifar100,68.360000,3.185835,0.538124,16314
28,7,8401,edgegpu,cifar100,71.080000,3.302102,0.538124,16314
28,7,4954,edgegpu,cifar100,73.000000,6.669736,0.538124,16314
28,7,9922,edgegpu,cifar100,58.560000,1.428552,0.538124,16314
28,7,9997,edgegpu,cifar100,71.520000,3.466139,0.538124,16314
28,7,6381,edgegpu,cifar100,66.800000,1.753340,0.538124,16314
28,7,11885,edgegpu,cifar100,68.040000,1.776652,0.538124,16314
28,7,3888,edgegpu,cifar100,73.260000,6.797867,0.538124,16314
28,7,1509,edgegpu,cifar100,1.000000,0.505853,0.538124,16314
28,7,8912,edgegpu,cifar100,59.200000,1.441355,0.538124,16314
28,7,2304,edgegpu,cifar100,58.660000,1.440253,0.538124,16314
28,7,1038,edgegpu,cifar100,67.500000,1.758428,0.538124,16314
28,7,11067,edgegpu,cifar100,58.186670,1.427836,0.538124,16314
28,7,4418,edgegpu,cifar100,72.746666,5.352364,0.538124,16314
28,7,1425,edgegpu,cifar100,72.093330,5.310225,0.538124,16314
28,8,1110,edgetpu,cifar100,58.840000,0.355938,0.642585,16059
28,8,11973,edgetpu,cifar100,70.340000,0.641728,0.642585,16059
28,8,5019,edgetpu,cifar100,58.880000,0.357058,0.642585,16059
28,8,10443,edgetpu,cifar100,68.300000,0.489020,0.642585,16059
28,8,781,edgetpu,cifar100,67.960000,0.487922,0.642585,16059
28,8,577,edgetpu,cifar100,69.680000,0.635228,0.642585,16059
28,8,9930,edgetpu,cifar100,73.513336,1.454107,0.642585,16059
28,8,777,edgetpu,cifar100,58.650000,0.355588,0.642585,16059
28,8,14945,edgetpu,cifar100,58.500000,0.354940,0.642585,16059
28,8,12574,edgetpu,cifar100,72.740000,0.932430,0.642585,16059
28,8,797,edgetpu,cifar100,69.580000,0.633351,0.642585,16059
28,8,4418,edgetpu,cifar100,72.746666,1.093699,0.642585,16059
28,8,857,edgetpu,cifar100,72.880000,1.264168,0.642585,16059
28,8,8401,edgetpu,cifar100,71.080000,0.728572,0.642585,16059
28,8,12415,edgetpu,cifar100,71.940000,0.872299,0.642585,16059
28,8,10000,edgetpu,cifar100,73.160000,1.283461,0.642585,16059
28,8,3888,edgetpu,cifar100,73.260000,1.316226,0.642585,16059
28,8,9997,edgetpu,cifar100,71.520000,0.729986,0.642585,16059
28,8,12607,edgetpu,cifar100,62.600000,0.392830,0.642585,16059
28,8,12761,edgetpu,cifar100,72.860000,1.225212,0.642585,16059
28,8,3303,edgetpu,cifar100,62.420000,0.392593,0.642585,16059
28,8,15363,edgetpu,cifar100,70.520000,0.676394,0.642585,16059
28,8,9541,edgetpu,cifar100,67.660000,0.486829,0.642585,16059
28,8,11533,edgetpu,cifar100,69.760000,0.635877,0.642585,16059
28,8,1425,edgetpu,cifar100,72.093330,0.910660,0.642585,16059
28,8,4659,edgetpu,cifar100,70.060000,0.636433,0.642585,16059
28,8,2705,edgetpu,cifar100,62.813330,0.393026,0.642585,16059
28,8,8912,edgetpu,cifar100,59.200000,0.377698,0.642585,16059
28,8,9271,edgetpu,cifar100,63.400000,0.393151,0.642585,16059
28,8,4155,edgetpu,cifar100,62.306667,0.391442,0.642585,16059
28,8,1943,edgetpu,cifar100,69.626660,0.634759,0.642585,16059
28,8,69,edgetpu,cifar100,71.020000,0.727259,0.642585,16059
28,9,3888,eyeriss,cifar100,73.260000,6.597760,0.489541,16553
28,9,6925,eyeriss,cifar100,71.220000,3.894400,0.489541,16553
28,9,9930,eyeriss,cifar100,73.513336,9.055360,0.489541,16553
28,9,6787,eyeriss,cifar100,70.720000,3.648640,0.489541,16553
28,9,12761,eyeriss,cifar100,72.860000,6.352000,0.489541,16553
28,9,5084,eyeriss,cifar100,58.813330,1.682560,0.489541,16553
28,9,12820,eyeriss,cifar100,67.720000,2.419840,0.489541,16553
28,9,14112,eyeriss,cifar100,68.386665,2.911360,0.489541,16553
28,9,12574,eyeriss,cifar100,72.740000,5.123200,0.489541,16553
28,9,10689,eyeriss,cifar100,67.500000,2.174080,0.489541,16553
28,9,3540,eyeriss,cifar100,71.500000,4.877440,0.489541,16553
28,9,375,eyeriss,cifar100,64.440000,1.928320,0.489541,16553
28,9,14714,eyeriss,cifar100,71.280000,4.140160,0.489541,16553
28,9,11301,eyeriss,cifar100,68.220000,2.665600,0.489541,16553
28,9,11973,eyeriss,cifar100,70.340000,3.402880,0.489541,16553
28,10,3385,fpga,cifar100,72.380000,5.193760,0.567167,16329
28,10,4249,fpga,cifar100,65.080000,2.057760,0.567167,16329
28,10,5651,fpga,cifar100,64.690000,1.648160,0.567167,16329
28,10,5033,fpga,cifar100,59.060000,1.542560,0.567167,16329
28,10,5743,fpga,cifar100,67.800000,2.800160,0.567167,16329
28,10,9997,fpga,cifar100,71.520000,4.572960,0.567167,16329
28,10,9930,fpga,cifar100,73.513336,7.420960,0.567167,16329
28,10,12761,fpga,cifar100,72.860000,5.420960,0.567167,16329
28,10,3888,fpga,cifar100,73.260000,5.936160,0.567167,16329
28,10,7250,fpga,cifar100,67.706665,2.390560,0.567167,16329
28,10,6925,fpga,cifar100,71.220000,3.936160,0.567167,16329
28,10,5084,fpga,cifar100,58.813330,1.132960,0.567167,16329
28,10,699,fpga,cifar100,72.240000,4.678560,0.567167,16329
28,10,3540,fpga,cifar100,71.500000,4.163360,0.567167,16329
28,10,10689,fpga,cifar100,67.500000,2.163360,0.567167,16329
28,10,6830,fpga,cifar100,71.460000,4.057760,0.567167,16329
28,10,6787,fpga,cifar100,70.720000,3.420960,0.567167,16329
28,10,11973,fpga,cifar100,70.340000,2.905760,0.567167,16329
28,10,12820,fpga,cifar100,67.720000,2.678560,0.567167,16329
28,10,12295,fpga,cifar100,71.160000,3.648160,0.567167,16329
28,11,1425,pixel3,cifar100,72.093330,15.692300,0.618182,15940
28,11,1459,pixel3,cifar100,73.140000,23.437900,0.618182,15940
28,11,857,pixel3,cifar100,72.880000,19.113200,0.618182,15940
28,11,9930,pixel3,cifar100,73.513336,42.003600,0.618182,15940
28,11,8912,pixel3,cifar100,59.200000,1.478790,0.618182,15940
28,11,906,pixel3,cifar100,62.393333,1.661810,0.618182,15940
28,11,6337,pixel3,cifar100,1.000000,0.008753,0.618182,15940
28,11,8638,pixel3,cifar100,58.860000,1.478570,0.618182,15940
28,11,898,pixel3,cifar100,70.000000,6.516140,0.618182,15940
28,11,1409,pixel3,cifar100,58.853333,1.275090,0.618182,15940
28,11,1583,pixel3,cifar100,71.326670,12.345800,0.618182,15940
28,11,1357,pixel3,cifar100,67.480000,3.998260,0.618182,15940
28,11,12574,pixel3,cifar100,72.740000,16.473900,0.618182,15940
28,11,1416,pixel3,cifar100,64.493330,2.084060,0.618182,15940
28,11,3888,pixel3,cifar100,73.260000,23.477200,0.618182,15940
28,11,11000,pixel3,cifar100,71.180000,10.677600,0.618182,15940
28,11,12970,pixel3,cifar100,68.140000,4.782110,0.618182,15940
28,11,9997,pixel3,cifar100,71.520000,14.777900,0.618182,15940
28,11,1450,pixel3,cifar100,70.506670,9.337360,0.618182,15940
28,11,724,pixel3,cifar100,67.053340,2.875650,0.618182,15940
28,11,657,pixel3,cifar100,58.233334,1.233070,0.618182,15940
28,11,9649,pixel3,cifar100,64.540000,2.536210,0.618182,15940
28,11,485,pixel3,cifar100,67.593330,4.124800,0.618182,15940
28,11,6787,pixel3,cifar100,70.720000,9.854430,0.618182,15940
28,11,1631,pixel3,cifar100,63.986668,1.805000,0.618182,15940
28,11,1593,pixel3,cifar100,62.126667,1.582050,0.618182,15940
28,12,6822,raspi4,cifar100,58.426666,2.558594,0.790214,16076
28,12,1459,raspi4,cifar100,73.140000,53.879950,0.790214,16076
28,12,6294,raspi4,cifar100,66.973335,7.376450,0.790214,16076
28,12,2035,raspi4,cifar100,63.926666,5.005698,0.790214,16076
28,12,12915,raspi4,cifar100,66.950000,7.226311,0.790214,16076
28,12,10689,raspi4,cifar100,67.500000,7.381845,0.790214,16076
28,12,14714,raspi4,cifar100,71.280000,24.692347,0.790214,16076
28,12,7030,raspi4,cifar100,69.600000,19.218203,0.790214,16076
28,12,6925,raspi4,cifar100,71.220000,24.195030,0.790214,16076
28,12,898,raspi4,cifar100,70.000000,21.506163,0.790214,16076
28,12,711,raspi4,cifar100,63.933334,5.090036,0.790214,16076
28,12,14112,raspi4,cifar100,68.386665,14.423308,0.790214,16076
28,12,4418,raspi4,cifar100,72.746666,47.162354,0.790214,16076
28,12,9997,raspi4,cifar100,71.520000,34.996710,0.790214,16076
28,12,10222,raspi4,cifar100,58.860000,2.747804,0.790214,16076
28,12,15363,raspi4,cifar100,70.520000,21.809430,0.790214,16076
28,12,9930,raspi4,cifar100,73.513336,71.152000,0.790214,16076
28,12,8740,raspi4,cifar100,1.000000,0.015215,0.790214,16076
28,12,15589,raspi4,cifar100,59.060000,2.795078,0.790214,16076
28,12,14612,raspi4,cifar100,58.720000,2.563505,0.790214,16076
28,12,12761,raspi4,cifar100,72.860000,53.718200,0.790214,16076
28,12,13430,raspi4,cifar100,66.700000,7.203785,0.790214,16076
28,12,9895,raspi4,cifar100,69.400000,19.211880,0.790214,16076
28,12,12607,raspi4,cifar100,62.600000,4.779045,0.790214,16076
28,12,10042,raspi4,cifar100,64.880000,5.100886,0.790214,16076
28,12,2222,raspi4,cifar100,58.313330,2.538255,0.790214,16076
28,12,12574,raspi4,cifar100,72.740000,36.371254,0.790214,16076
28,12,375,raspi4,cifar100,64.440000,5.099302,0.790214,16076
28,12,1572,raspi4,cifar100,69.900000,19.916142,0.790214,16076
28,12,3487,raspi4,cifar100,70.093330,21.603350,0.790214,16076
28,12,9271,raspi4,cifar100,63.400000,4.800893,0.790214,16076
28,12,3888,raspi4,cifar100,73.260000,55.029520,0.790214,16076
28,13,8884,edgegpu,ImageNet16-120,45.033333,3.499999,0.655775,16221
28,13,2650,edgegpu,ImageNet16-120,42.433334,3.309817,0.655775,16221
28,13,15288,edgegpu,ImageNet16-120,28.422222,1.417041,0.655775,16221
28,13,9509,edgegpu,ImageNet16-120,39.788887,2.435136,0.655775,16221
28,13,8734,edgegpu,ImageNet16-120,39.466667,1.766081,0.655775,16221
28,13,11217,edgegpu,ImageNet16-120,43.466667,3.316708,0.655775,16221
28,13,8801,edgegpu,ImageNet16-120,39.166668,1.746321,0.655775,16221
28,13,15376,edgegpu,ImageNet16-120,0.833333,0.533953,0.655775,16221
28,13,857,edgegpu,ImageNet16-120,47.311110,6.707663,0.655775,16221
28,13,6950,edgegpu,ImageNet16-120,38.700000,1.740150,0.655775,16221
28,13,4946,edgegpu,ImageNet16-120,44.700000,3.490419,0.655775,16221
28,13,12062,edgegpu,ImageNet16-120,39.900000,2.519493,0.655775,16221
28,13,5374,edgegpu,ImageNet16-120,46.766666,5.294285,0.655775,16221
28,13,8426,edgegpu,ImageNet16-120,44.633335,3.370147,0.655775,16221
28,13,3965,edgegpu,ImageNet16-120,39.722220,2.420974,0.655775,16221
28,13,4988,edgegpu,ImageNet16-120,28.933332,1.448212,0.655775,16221
28,13,14117,edgegpu,ImageNet16-120,28.677778,1.435547,0.655775,16221
28,13,15383,edgegpu,ImageNet16-120,47.033333,6.262836,0.655775,16221
28,13,8401,edgegpu,ImageNet16-120,43.833332,3.322444,0.655775,16221
28,13,10835,edgegpu,ImageNet16-120,45.233334,4.434366,0.655775,16221
28,13,10699,edgegpu,ImageNet16-120,46.833332,6.223283,0.655775,16221
28,13,4587,edgegpu,ImageNet16-120,28.800000,1.445131,0.655775,16221
28,13,8032,edgegpu,ImageNet16-120,39.600000,1.773877,0.655775,16221
28,13,12505,edgegpu,ImageNet16-120,39.283333,1.750417,0.655775,16221
28,13,8355,edgegpu,ImageNet16-120,39.666668,1.810203,0.655775,16221
28,13,1164,edgegpu,ImageNet16-120,28.522223,1.435223,0.655775,16221
28,13,7760,edgegpu,ImageNet16-120,39.100000,1.743751,0.655775,16221
28,13,8230,edgegpu,ImageNet16-120,39.944443,2.585306,0.655775,16221
28,13,454,edgegpu,ImageNet16-120,41.277780,3.303313,0.655775,16221
28,13,12415,edgegpu,ImageNet16-120,46.566666,4.667692,0.655775,16221
28,13,9722,edgegpu,ImageNet16-120,44.000000,3.327813,0.655775,16221
28,13,15159,edgegpu,ImageNet16-120,45.566666,4.632421,0.655775,16221
28,13,13411,edgegpu,ImageNet16-120,31.855556,1.736240,0.655775,16221
28,13,14612,edgegpu,ImageNet16-120,28.488890,1.434064,0.655775,16221
28,13,9672,edgegpu,ImageNet16-120,39.388890,1.758208,0.655775,16221
28,13,12081,edgegpu,ImageNet16-120,40.233334,2.730479,0.655775,16221
28,14,7357,edgetpu,ImageNet16-120,44.666668,0.600498,0.597731,15862
28,14,14840,edgetpu,ImageNet16-120,45.311110,0.666690,0.597731,15862
28,14,14677,edgetpu,ImageNet16-120,33.233334,0.364575,0.597731,15862
28,14,15363,edgetpu,ImageNet16-120,44.333332,0.582280,0.597731,15862
28,14,3540,edgetpu,ImageNet16-120,45.122223,0.648670,0.597731,15862
28,14,12415,edgetpu,ImageNet16-120,46.566666,0.710906,0.597731,15862
28,14,4988,edgetpu,ImageNet16-120,28.933332,0.360694,0.597731,15862
28,14,10167,edgetpu,ImageNet16-120,39.944443,0.444058,0.597731,15862
28,14,8008,edgetpu,ImageNet16-120,43.500000,0.552480,0.597731,15862
28,14,70,edgetpu,ImageNet16-120,39.377777,0.428228,0.597731,15862
28,14,10332,edgetpu,ImageNet16-120,40.033333,0.516152,0.597731,15862
28,14,10888,edgetpu,ImageNet16-120,28.333334,0.359044,0.597731,15862
28,14,10017,edgetpu,ImageNet16-120,40.566666,0.524950,0.597731,15862
28,14,8884,edgetpu,ImageNet16-120,45.033333,0.615792,0.597731,15862
28,14,11885,edgetpu,ImageNet16-120,39.166668,0.427395,0.597731,15862
28,14,7273,edgetpu,ImageNet16-120,42.966667,0.550014,0.597731,15862
28,14,13972,edgetpu,ImageNet16-120,31.933332,0.363440,0.597731,15862
28,14,9689,edgetpu,ImageNet16-120,42.533333,0.549702,0.597731,15862
28,14,7837,edgetpu,ImageNet16-120,32.111110,0.363571,0.597731,15862
28,14,14662,edgetpu,ImageNet16-120,41.166668,0.547835,0.597731,15862
28,14,857,edgetpu,ImageNet16-120,47.311110,0.997730,0.597731,15862
28,14,15107,edgetpu,ImageNet16-120,39.800000,0.430284,0.597731,15862
28,14,6520,edgetpu,ImageNet16-120,32.383335,0.363944,0.597731,15862
28,14,5674,edgetpu,ImageNet16-120,39.650000,0.428605,0.597731,15862
28,14,6407,edgetpu,ImageNet16-120,32.333332,0.363748,0.597731,15862
28,14,7750,edgetpu,ImageNet16-120,43.066666,0.551617,0.597731,15862
28,14,15383,edgetpu,ImageNet16-120,47.033333,0.780914,0.597731,15862
28,14,13931,edgetpu,ImageNet16-120,28.788889,0.360349,0.597731,15862
28,14,4830,edgetpu,ImageNet16-120,42.233334,0.549457,0.597731,15862
28,14,12231,edgetpu,ImageNet16-120,40.200000,0.518358,0.597731,15862
28,14,13769,edgetpu,ImageNet16-120,41.555557,0.549360,0.597731,15862
28,14,15014,edgetpu,ImageNet16-120,28.266666,0.358110,0.597731,15862
28,14,5751,edgetpu,ImageNet16-120,40.044445,0.516992,0.597731,15862
28,15,4829,eyeriss,ImageNet16-120,34.200000,0.484480,0.464928,16504
28,15,4988,eyeriss,ImageNet16-120,28.933332,0.423040,0.464928,16504
28,15,857,eyeriss,ImageNet16-120,47.311110,1.651840,0.464928,16504
28,15,15383,eyeriss,ImageNet16-120,47.033333,1.283200,0.464928,16504
28,15,1939,eyeriss,ImageNet16-120,45.077778,0.976000,0.464928,16504
28,15,8853,eyeriss,ImageNet16-120,45.600000,1.037440,0.464928,16504
28,15,6787,eyeriss,ImageNet16-120,44.400000,0.914560,0.464928,16504
28,15,2835,eyeriss,ImageNet16-120,38.222220,0.545920,0.464928,16504
28,15,5487,eyeriss,ImageNet16-120,38.500000,0.607360,0.464928,16504
28,15,6854,eyeriss,ImageNet16-120,40.800000,0.668800,0.464928,16504
28,15,14417,eyeriss,ImageNet16-120,45.900000,1.098880,0.464928,16504
28,15,1943,eyeriss,ImageNet16-120,42.866665,0.853120,0.464928,16504
28,16,10017,fpga,ImageNet16-120,40.566666,0.784000,0.529497,16113
28,16,6868,fpga,ImageNet16-120,39.000000,0.649120,0.529497,16113
28,16,6854,fpga,ImageNet16-120,40.800000,0.809120,0.529497,16113
28,16,4988,fpga,ImageNet16-120,28.933332,0.284320,0.529497,16113
28,16,11079,fpga,ImageNet16-120,43.566666,0.902400,0.529497,16113
28,16,2835,fpga,ImageNet16-120,38.222220,0.546720,0.529497,16113
28,16,15446,fpga,ImageNet16-120,45.766666,1.116320,0.529497,16113
28,16,857,fpga,ImageNet16-120,47.311110,2.038400,0.529497,16113
28,16,15383,fpga,ImageNet16-120,47.033333,1.504000,0.529497,16113
28,16,6787,fpga,ImageNet16-120,44.400000,0.969600,0.529497,16113
28,16,1939,fpga,ImageNet16-120,45.077778,1.062400,0.529497,16113
28,16,8008,fpga,ImageNet16-120,43.500000,0.876800,0.529497,16113
28,16,12452,fpga,ImageNet16-120,40.533333,0.780320,0.529497,16113
28,16,14748,fpga,ImageNet16-120,44.900000,0.995200,0.529497,16113
28,16,5793,fpga,ImageNet16-120,35.033333,0.517920,0.529497,16113
28,16,14417,fpga,ImageNet16-120,45.900000,1.276320,0.529497,16113
28,16,4829,fpga,ImageNet16-120,34.200000,0.415520,0.529497,16113
28,17,10412,pixel3,ImageNet16-120,43.733334,2.753550,0.726149,16062
28,17,8736,pixel3,ImageNet16-120,45.700000,4.405980,0.726149,16062
28,17,12639,pixel3,ImageNet16-120,40.400000,1.304440,0.726149,16062
28,17,4432,pixel3,ImageNet16-120,37.800000,0.861157,0.726149,16062
28,17,4977,pixel3,ImageNet16-120,32.966667,0.617991,0.726149,16062
28,17,898,pixel3,ImageNet16-120,42.466667,2.467210,0.726149,16062
28,17,11000,pixel3,ImageNet16-120,44.866665,2.962520,0.726149,16062
28,17,5487,pixel3,ImageNet16-120,38.500000,1.109150,0.726149,16062
28,17,13059,pixel3,ImageNet16-120,34.266666,0.668679,0.726149,16062
28,17,13756,pixel3,ImageNet16-120,0.833333,0.005289,0.726149,16062
28,17,1110,pixel3,ImageNet16-120,28.600000,0.423927,0.726149,16062
28,17,249,pixel3,ImageNet16-120,43.577778,2.720310,0.726149,16062
28,17,3728,pixel3,ImageNet16-120,28.500000,0.422880,0.726149,16062
28,17,8853,pixel3,ImageNet16-120,45.600000,3.554540,0.726149,16062
28,17,1425,pixel3,ImageNet16-120,45.977780,4.619290,0.726149,16062
28,17,10154,pixel3,ImageNet16-120,46.133335,4.783700,0.726149,16062
28,17,2018,pixel3,ImageNet16-120,46.433334,4.949210,0.726149,16062
28,17,4004,pixel3,ImageNet16-120,42.811110,2.467510,0.726149,16062
28,17,11079,pixel3,ImageNet16-120,43.566666,2.479610,0.726149,16062
28,17,12516,pixel3,ImageNet16-120,32.083332,0.617816,0.726149,16062
28,17,4587,pixel3,ImageNet16-120,28.800000,0.445767,0.726149,16062
28,17,4895,pixel3,ImageNet16-120,33.200000,0.619070,0.726149,16062
28,17,4361,pixel3,ImageNet16-120,45.744446,4.605970,0.726149,16062
28,17,6854,pixel3,ImageNet16-120,40.800000,1.621620,0.726149,16062
28,17,15383,pixel3,ImageNet16-120,47.033333,5.191720,0.726149,16062
28,17,2835,pixel3,ImageNet16-120,38.222220,0.868646,0.726149,16062
28,17,12506,pixel3,ImageNet16-120,43.983334,2.929990,0.726149,16062
28,17,872,pixel3,ImageNet16-120,41.777780,2.465030,0.726149,16062
28,17,1549,pixel3,ImageNet16-120,28.655556,0.424747,0.726149,16062
28,17,1939,pixel3,ImageNet16-120,45.077778,3.021500,0.726149,16062
28,17,7187,pixel3,ImageNet16-120,28.683332,0.425223,0.726149,16062
28,17,857,pixel3,ImageNet16-120,47.311110,6.686850,0.726149,16062
28,17,6014,pixel3,ImageNet16-120,28.533333,0.423391,0.726149,16062
28,17,1204,pixel3,ImageNet16-120,37.844444,0.864966,0.726149,16062
28,17,12424,pixel3,ImageNet16-120,43.133330,2.470150,0.726149,16062
28,17,8584,pixel3,ImageNet16-120,34.088890,0.664046,0.726149,16062
28,17,758,pixel3,ImageNet16-120,28.333334,0.422134,0.726149,16062
28,18,2018,raspi4,ImageNet16-120,46.433334,7.482383,0.813772,16301
28,18,4627,raspi4,ImageNet16-120,43.500000,3.811407,0.813772,16301
28,18,3496,raspi4,ImageNet16-120,34.233334,1.598666,0.813772,16301
28,18,12452,raspi4,ImageNet16-120,40.533333,3.592146,0.813772,16301
28,18,5973,raspi4,ImageNet16-120,40.100000,3.159922,0.813772,16301
28,18,5637,raspi4,ImageNet16-120,33.933334,1.580707,0.813772,16301
28,18,7187,raspi4,ImageNet16-120,28.683332,0.952790,0.813772,16301
28,18,933,raspi4,ImageNet16-120,0.833333,0.011514,0.813772,16301
28,18,4988,raspi4,ImageNet16-120,28.933332,1.003251,0.813772,16301
28,18,15383,raspi4,ImageNet16-120,47.033333,8.565354,0.813772,16301
28,18,10835,raspi4,ImageNet16-120,45.233334,6.632419,0.813772,16301
28,18,15363,raspi4,ImageNet16-120,44.333332,4.480516,0.813772,16301
28,18,10167,raspi4,ImageNet16-120,39.944443,3.106316,0.813772,16301
28,18,6787,raspi4,ImageNet16-120,44.400000,4.532777,0.813772,16301
28,18,3960,raspi4,ImageNet16-120,37.755554,2.197980,0.813772,16301
28,18,6336,raspi4,ImageNet16-120,39.366665,3.073392,0.813772,16301
28,18,5530,raspi4,ImageNet16-120,42.577778,3.785925,0.813772,16301
28,18,857,raspi4,ImageNet16-120,47.311110,9.020064,0.813772,16301
28,18,8355,raspi4,ImageNet16-120,39.666668,3.083286,0.813772,16301
28,18,11946,raspi4,ImageNet16-120,28.200000,0.940293,0.813772,16301
28,18,5487,raspi4,ImageNet16-120,38.500000,3.019000,0.813772,16301
28,18,11584,raspi4,ImageNet16-120,46.666668,8.014434,0.813772,16301
28,18,2779,raspi4,ImageNet16-120,37.355556,2.190654,0.813772,16301
28,18,12424,raspi4,ImageNet16-120,43.133330,3.805729,0.813772,16301
28,18,8884,raspi4,ImageNet16-120,45.033333,5.293177,0.813772,16301
28,18,4995,raspi4,ImageNet16-120,42.166668,3.766336,0.813772,16301
28,18,12505,raspi4,ImageNet16-120,39.283333,3.062432,0.813772,16301
28,18,10472,raspi4,ImageNet16-120,39.633335,3.079679,0.813772,16301
28,18,8426,raspi4,ImageNet16-120,44.633335,5.288439,0.813772,16301
28,18,9032,raspi4,ImageNet16-120,38.016666,2.201532,0.813772,16301
28,18,3782,raspi4,ImageNet16-120,41.866665,3.755286,0.813772,16301
28,18,3431,raspi4,ImageNet16-120,32.966667,1.536690,0.813772,16301
28,18,14792,raspi4,ImageNet16-120,43.033333,3.792447,0.813772,16301
28,18,9496,raspi4,ImageNet16-120,38.200000,2.204048,0.813772,16301
28,18,1939,raspi4,ImageNet16-120,45.077778,5.341908,0.813772,16301
28,18,380,raspi4,ImageNet16-120,38.900000,3.038936,0.813772,16301
28,18,12358,raspi4,ImageNet16-120,34.055557,1.582727,0.813772,16301
28,18,1204,raspi4,ImageNet16-120,37.844444,2.199356,0.813772,16301
28,18,1413,raspi4,ImageNet16-120,42.711113,3.788479,0.813772,16301
28,18,13771,raspi4,ImageNet16-120,32.744446,1.533813,0.813772,16301
28,18,7227,raspi4,ImageNet16-120,32.533333,1.530737,0.813772,16301
28,18,5202,raspi4,ImageNet16-120,42.411110,3.783078,0.813772,16301
28,18,11616,raspi4,ImageNet16-120,32.133335,1.530442,0.813772,16301
28,18,8736,raspi4,ImageNet16-120,45.700000,6.658077,0.813772,16301
28,18,13284,raspi4,ImageNet16-120,40.177776,3.191073,0.813772,16301
28,18,5455,raspi4,ImageNet16-120,32.611110,1.532377,0.813772,16301
28,18,6854,raspi4,ImageNet16-120,40.800000,3.661016,0.813772,16301
29,1,1038,edgegpu,cifar10,92.276665,1.828198,0.577277,16419
29,1,13714,edgegpu,cifar10,94.373340,6.772180,0.577277,16419
29,1,1601,edgegpu,cifar10,86.336670,1.433892,0.577277,16419
29,1,2053,edgegpu,cifar10,94.206665,5.482254,0.577277,16419
29,1,1459,edgegpu,cifar10,94.296670,6.748991,0.577277,16419
29,1,10484,edgegpu,cifar10,93.810000,3.354015,0.577277,16419
29,1,11810,edgegpu,cifar10,92.780000,1.992798,0.577277,16419
29,1,13401,edgegpu,cifar10,87.010000,1.457009,0.577277,16419
29,1,2776,edgegpu,cifar10,93.666664,3.331194,0.577277,16419
29,1,11692,edgegpu,cifar10,94.130000,4.708362,0.577277,16419
29,1,9099,edgegpu,cifar10,93.940000,3.357520,0.577277,16419
29,1,1099,edgegpu,cifar10,92.240000,1.774683,0.577277,16419
29,1,6330,edgegpu,cifar10,94.006670,4.384699,0.577277,16419
29,1,10222,edgegpu,cifar10,86.200000,1.429176,0.577277,16419
29,1,561,edgegpu,cifar10,86.880000,1.451068,0.577277,16419
29,1,1339,edgegpu,cifar10,92.136665,1.751881,0.577277,16419
29,1,15200,edgegpu,cifar10,10.000000,0.501385,0.577277,16419
29,1,5292,edgegpu,cifar10,94.293335,6.663151,0.577277,16419
29,1,2090,edgegpu,cifar10,86.650000,1.437702,0.577277,16419
29,1,14527,edgegpu,cifar10,86.765000,1.439619,0.577277,16419
29,1,5780,edgegpu,cifar10,93.980000,3.361888,0.577277,16419
29,2,11692,edgetpu,cifar10,94.130000,0.761100,0.647472,16345
29,2,13714,edgetpu,cifar10,94.373340,1.377865,0.647472,16345
29,2,4675,edgetpu,cifar10,89.200000,0.395661,0.647472,16345
29,2,3927,edgetpu,cifar10,93.626660,0.723268,0.647472,16345
29,2,970,edgetpu,cifar10,86.770000,0.371488,0.647472,16345
29,2,14527,edgetpu,cifar10,86.765000,0.365664,0.647472,16345
29,2,6758,edgetpu,cifar10,88.873340,0.390265,0.647472,16345
29,2,2053,edgetpu,cifar10,94.206665,1.042178,0.647472,16345
29,2,9271,edgetpu,cifar10,89.250000,0.396381,0.647472,16345
29,2,6382,edgetpu,cifar10,93.376660,0.628638,0.647472,16345
29,2,9950,edgetpu,cifar10,93.840000,0.723767,0.647472,16345
29,2,2240,edgetpu,cifar10,91.990000,0.480973,0.647472,16345
29,2,6918,edgetpu,cifar10,87.000000,0.375819,0.647472,16345
29,2,5111,edgetpu,cifar10,94.306660,1.152010,0.647472,16345
29,2,15000,edgetpu,cifar10,92.400000,0.481741,0.647472,16345
29,2,3955,edgetpu,cifar10,88.863335,0.389665,0.647472,16345
29,2,2648,edgetpu,cifar10,93.246666,0.628167,0.647472,16345
29,2,5258,edgetpu,cifar10,88.775000,0.388629,0.647472,16345
29,2,3731,edgetpu,cifar10,94.343330,1.282820,0.647472,16345
29,2,15459,edgetpu,cifar10,93.160000,0.628147,0.647472,16345
29,2,4438,edgetpu,cifar10,92.270000,0.481473,0.647472,16345
29,2,8525,edgetpu,cifar10,89.320000,0.420874,0.647472,16345
29,2,11810,edgetpu,cifar10,92.780000,0.482879,0.647472,16345
29,2,8192,edgetpu,cifar10,93.093330,0.627745,0.647472,16345
29,2,2485,edgetpu,cifar10,86.700000,0.346546,0.647472,16345
29,2,5889,edgetpu,cifar10,91.996666,0.481330,0.647472,16345
29,2,9689,edgetpu,cifar10,93.370000,0.628386,0.647472,16345
29,2,10581,edgetpu,cifar10,89.015000,0.390403,0.647472,16345
29,2,5780,edgetpu,cifar10,93.980000,0.723967,0.647472,16345
29,2,6515,edgetpu,cifar10,93.616670,0.722858,0.647472,16345
29,2,8008,edgetpu,cifar10,93.480000,0.629746,0.647472,16345
29,3,10412,eyeriss,cifar10,93.530000,3.645620,0.452511,16425
29,3,6111,eyeriss,cifar10,94.373340,7.823540,0.452511,16425
29,3,3687,eyeriss,cifar10,89.820000,1.925300,0.452511,16425
29,3,3731,eyeriss,cifar10,94.343330,6.594740,0.452511,16425
29,3,8008,eyeriss,cifar10,93.480000,3.399860,0.452511,16425
29,3,11472,eyeriss,cifar10,93.970000,4.628660,0.452511,16425
29,3,8323,eyeriss,cifar10,90.870000,2.171060,0.452511,16425
29,3,4384,eyeriss,cifar10,86.796670,1.679540,0.452511,16425
29,3,8592,eyeriss,cifar10,93.750000,3.891380,0.452511,16425
29,3,13611,eyeriss,cifar10,92.490000,3.154100,0.452511,16425
29,3,5111,eyeriss,cifar10,94.306660,5.365940,0.452511,16425
29,3,6854,eyeriss,cifar10,91.040000,2.662580,0.452511,16425
29,3,13714,eyeriss,cifar10,94.373340,7.823540,0.452511,16425
29,3,6584,eyeriss,cifar10,94.160000,4.874420,0.452511,16425
29,4,11525,fpga,cifar10,90.000000,2.057760,0.447608,16140
29,4,8008,fpga,cifar10,93.480000,2.905760,0.447608,16140
29,4,6111,fpga,cifar10,94.373340,6.678560,0.447608,16140
29,4,13714,fpga,cifar10,94.373340,6.678560,0.447608,16140
29,4,11692,fpga,cifar10,94.130000,4.163360,0.447608,16140
29,4,10412,fpga,cifar10,93.530000,3.420960,0.447608,16140
29,4,5111,fpga,cifar10,94.306660,5.193760,0.447608,16140
29,4,13611,fpga,cifar10,92.490000,2.390560,0.447608,16140
29,4,4384,fpga,cifar10,86.796670,1.132960,0.447608,16140
29,4,8323,fpga,cifar10,90.870000,2.163360,0.447608,16140
29,4,3731,fpga,cifar10,94.343330,5.936160,0.447608,16140
29,4,12438,fpga,cifar10,89.875000,1.648160,0.447608,16140
29,4,11472,fpga,cifar10,93.970000,3.648160,0.447608,16140
29,5,8695,pixel3,cifar10,94.220000,17.564500,0.741345,16003
29,5,6111,pixel3,cifar10,94.373340,23.584800,0.741345,16003
29,5,5111,pixel3,cifar10,94.306660,17.584600,0.741345,16003
29,5,3731,pixel3,cifar10,94.343330,23.361300,0.741345,16003
29,5,3385,pixel3,cifar10,93.990000,13.656500,0.741345,16003
29,5,6382,pixel3,cifar10,93.376660,7.048190,0.741345,16003
29,5,4689,pixel3,cifar10,90.720000,3.106280,0.741345,16003
29,5,25,pixel3,cifar10,86.540000,1.054570,0.741345,16003
29,5,11692,pixel3,cifar10,94.130000,15.490100,0.741345,16003
29,5,13987,pixel3,cifar10,93.596664,9.922680,0.741345,16003
29,5,1497,pixel3,cifar10,86.556660,1.056630,0.741345,16003
29,5,2035,pixel3,cifar10,89.670000,1.706480,0.741345,16003
29,5,5224,pixel3,cifar10,88.980000,1.570360,0.741345,16003
29,5,7207,pixel3,cifar10,89.803340,2.382380,0.741345,16003
29,5,6999,pixel3,cifar10,93.820000,12.260900,0.741345,16003
29,5,7001,pixel3,cifar10,10.000000,0.003277,0.741345,16003
29,5,7341,pixel3,cifar10,86.720000,1.270180,0.741345,16003
29,5,1943,pixel3,cifar10,93.116670,6.492030,0.741345,16003
29,5,1425,pixel3,cifar10,93.933334,12.536500,0.741345,16003
29,5,8264,pixel3,cifar10,89.756670,2.370420,0.741345,16003
29,5,8323,pixel3,cifar10,90.870000,3.106420,0.741345,16003
29,5,1339,pixel3,cifar10,92.136665,5.802240,0.741345,16003
29,5,12452,pixel3,cifar10,91.350000,5.590110,0.741345,16003
29,5,12970,pixel3,cifar10,90.970000,4.723840,0.741345,16003
29,5,8592,pixel3,cifar10,93.750000,10.769800,0.741345,16003
29,5,3687,pixel3,cifar10,89.820000,2.387250,0.741345,16003
29,5,1778,pixel3,cifar10,92.180000,6.446230,0.741345,16003
29,5,13171,pixel3,cifar10,93.530000,7.717220,0.741345,16003
29,5,6918,pixel3,cifar10,87.000000,1.478790,0.741345,16003
29,5,11972,pixel3,cifar10,91.510000,5.627010,0.741345,16003
29,5,6434,pixel3,cifar10,91.080000,4.811140,0.741345,16003
29,5,7197,pixel3,cifar10,90.366670,2.447670,0.741345,16003
29,5,4432,pixel3,cifar10,90.700000,2.826310,0.741345,16003
29,5,1631,pixel3,cifar10,89.506670,1.697120,0.741345,16003
29,5,4554,pixel3,cifar10,86.670000,1.114880,0.741345,16003
29,5,6624,pixel3,cifar10,89.120000,1.670570,0.741345,16003
29,5,13869,pixel3,cifar10,93.656670,10.634700,0.741345,16003
29,5,12639,pixel3,cifar10,90.990000,4.749000,0.741345,16003
29,5,7017,pixel3,cifar10,86.970000,1.403930,0.741345,16003
29,5,1941,pixel3,cifar10,93.533330,9.128690,0.741345,16003
29,5,4627,pixel3,cifar10,93.270000,7.036050,0.741345,16003
29,5,1804,pixel3,cifar10,89.063330,1.579900,0.741345,16003
29,5,12820,pixel3,cifar10,90.880000,3.982790,0.741345,16003
29,6,11692,raspi4,cifar10,94.130000,37.583630,0.669989,16059
29,6,8008,raspi4,cifar10,93.480000,22.571420,0.669989,16059
29,6,4659,raspi4,cifar10,93.396670,22.249382,0.669989,16059
29,6,6111,raspi4,cifar10,94.373340,68.404106,0.669989,16059
29,6,9980,raspi4,cifar10,10.000000,0.011284,0.669989,16059
29,6,3731,raspi4,cifar10,94.343330,58.070793,0.669989,16059
29,6,13611,raspi4,cifar10,92.490000,18.523302,0.669989,16059
29,6,6918,raspi4,cifar10,87.000000,2.787590,0.669989,16059
29,6,1941,raspi4,cifar10,93.533330,25.121769,0.669989,16059
29,6,14677,raspi4,cifar10,88.670000,4.755260,0.669989,16059
29,6,4689,raspi4,cifar10,90.720000,7.356712,0.669989,16059
29,6,5780,raspi4,cifar10,93.980000,34.928463,0.669989,16059
29,6,14565,raspi4,cifar10,88.880000,4.781183,0.669989,16059
29,6,7352,raspi4,cifar10,92.200000,18.038305,0.669989,16059
29,6,10275,raspi4,cifar10,91.080000,9.993188,0.669989,16059
29,6,7407,raspi4,cifar10,93.510000,24.855400,0.669989,16059
29,6,6985,raspi4,cifar10,89.940000,4.995646,0.669989,16059
29,6,8592,raspi4,cifar10,93.750000,25.477009,0.669989,16059
29,6,11438,raspi4,cifar10,92.500000,18.742697,0.669989,16059
29,6,5111,raspi4,cifar10,94.306660,41.756905,0.669989,16059
29,6,6382,raspi4,cifar10,93.376660,21.461164,0.669989,16059
29,6,1099,raspi4,cifar10,92.240000,18.358124,0.669989,16059
29,6,7058,raspi4,cifar10,92.040000,16.469465,0.669989,16059
29,6,2058,raspi4,cifar10,93.270000,19.484835,0.669989,16059
29,6,4432,raspi4,cifar10,90.700000,7.290926,0.669989,16059
29,6,8323,raspi4,cifar10,90.870000,7.426308,0.669989,16059
29,6,1690,raspi4,cifar10,86.646670,2.536549,0.669989,16059
29,6,12505,raspi4,cifar10,92.150000,16.747276,0.669989,16059
29,6,7017,raspi4,cifar10,86.970000,2.544041,0.669989,16059
29,6,9380,raspi4,cifar10,89.335000,4.875613,0.669989,16059
29,6,12238,raspi4,cifar10,91.690000,16.046099,0.669989,16059
29,6,2035,raspi4,cifar10,89.670000,4.984099,0.669989,16059
29,6,8426,raspi4,cifar10,93.840000,31.394428,0.669989,16059
29,6,1962,raspi4,cifar10,86.530000,2.529453,0.669989,16059
29,6,1804,raspi4,cifar10,89.063330,4.791845,0.669989,16059
29,7,8401,edgegpu,cifar100,71.080000,3.302102,0.542888,16212
29,7,9930,edgegpu,cifar100,73.513336,6.803060,0.542888,16212
29,7,4954,edgegpu,cifar100,73.000000,6.669736,0.542888,16212
29,7,2778,edgegpu,cifar100,72.993330,6.134028,0.542888,16212
29,7,2304,edgegpu,cifar100,58.660000,1.440253,0.542888,16212
29,7,4418,edgegpu,cifar100,72.746666,5.352364,0.542888,16212
29,7,3888,edgegpu,cifar100,73.260000,6.797867,0.542888,16212
29,7,9922,edgegpu,cifar100,58.560000,1.428552,0.542888,16212
29,7,1509,edgegpu,cifar100,1.000000,0.505853,0.542888,16212
29,7,8912,edgegpu,cifar100,59.200000,1.441355,0.542888,16212
29,7,11885,edgegpu,cifar100,68.040000,1.776652,0.542888,16212
29,7,12415,edgegpu,cifar100,71.940000,4.828467,0.542888,16212
29,7,11810,edgegpu,cifar100,68.300000,1.779551,0.542888,16212
29,7,1038,edgegpu,cifar100,67.500000,1.758428,0.542888,16212
29,7,1425,edgegpu,cifar100,72.093330,5.310225,0.542888,16212
29,7,11067,edgegpu,cifar100,58.186670,1.427836,0.542888,16212
29,7,9997,edgegpu,cifar100,71.520000,3.466139,0.542888,16212
29,8,5019,edgetpu,cifar100,58.880000,0.357058,0.662779,16069
29,8,1425,edgetpu,cifar100,72.093330,0.910660,0.662779,16069
29,8,4418,edgetpu,cifar100,72.746666,1.093699,0.662779,16069
29,8,9930,edgetpu,cifar100,73.513336,1.454107,0.662779,16069
29,8,1110,edgetpu,cifar100,58.840000,0.355938,0.662779,16069
29,8,577,edgetpu,cifar100,69.680000,0.635228,0.662779,16069
29,8,11885,edgetpu,cifar100,68.040000,0.489665,0.662779,16069
29,8,12424,edgetpu,cifar100,69.980000,0.638946,0.662779,16069
29,8,9997,edgetpu,cifar100,71.520000,0.729986,0.662779,16069
29,8,10000,edgetpu,cifar100,73.160000,1.283461,0.662779,16069
29,8,12574,edgetpu,cifar100,72.740000,0.932430,0.662779,16069
29,8,857,edgetpu,cifar100,72.880000,1.264168,0.662779,16069
29,8,8638,edgetpu,cifar100,58.860000,0.356631,0.662779,16069
29,8,13731,edgetpu,cifar100,66.953330,0.487148,0.662779,16069
29,8,10596,edgetpu,cifar100,67.633330,0.488672,0.662779,16069
29,8,8401,edgetpu,cifar100,71.080000,0.728572,0.662779,16069
29,8,12415,edgetpu,cifar100,71.940000,0.872299,0.662779,16069
29,8,12607,edgetpu,cifar100,62.600000,0.392830,0.662779,16069
29,8,797,edgetpu,cifar100,69.580000,0.633351,0.662779,16069
29,8,13434,edgetpu,cifar100,62.106667,0.392580,0.662779,16069
29,8,9271,edgetpu,cifar100,63.400000,0.393151,0.662779,16069
29,8,3888,edgetpu,cifar100,73.260000,1.316226,0.662779,16069
29,8,12761,edgetpu,cifar100,72.860000,1.225212,0.662779,16069
29,8,777,edgetpu,cifar100,58.650000,0.355588,0.662779,16069
29,8,1943,edgetpu,cifar100,69.626660,0.634759,0.662779,16069
29,8,14945,edgetpu,cifar100,58.500000,0.354940,0.662779,16069
29,8,11810,edgetpu,cifar100,68.300000,0.492126,0.662779,16069
29,8,7760,edgetpu,cifar100,67.800000,0.489248,0.662779,16069
29,8,12113,edgetpu,cifar100,67.480000,0.487574,0.662779,16069
29,8,69,edgetpu,cifar100,71.020000,0.727259,0.662779,16069
29,8,2705,edgetpu,cifar100,62.813330,0.393026,0.662779,16069
29,8,14300,edgetpu,cifar100,67.300000,0.487450,0.662779,16069
29,8,15363,edgetpu,cifar100,70.520000,0.676394,0.662779,16069
29,8,6011,edgetpu,cifar100,67.533330,0.488646,0.662779,16069
29,8,10679,edgetpu,cifar100,62.080000,0.391915,0.662779,16069
29,8,1804,edgetpu,cifar100,62.246666,0.392786,0.662779,16069
29,8,11533,edgetpu,cifar100,69.760000,0.635877,0.662779,16069
29,8,11112,edgetpu,cifar100,66.893330,0.486713,0.662779,16069
29,9,11301,eyeriss,cifar100,68.220000,2.665600,0.486041,16405
29,9,9930,eyeriss,cifar100,73.513336,9.055360,0.486041,16405
29,9,3888,eyeriss,cifar100,73.260000,6.597760,0.486041,16405
29,9,6787,eyeriss,cifar100,70.720000,3.648640,0.486041,16405
29,9,14112,eyeriss,cifar100,68.386665,2.911360,0.486041,16405
29,9,3540,eyeriss,cifar100,71.500000,4.877440,0.486041,16405
29,9,3487,eyeriss,cifar100,70.093330,3.402880,0.486041,16405
29,9,5084,eyeriss,cifar100,58.813330,1.682560,0.486041,16405
29,9,12761,eyeriss,cifar100,72.860000,6.352000,0.486041,16405
29,9,14714,eyeriss,cifar100,71.280000,4.140160,0.486041,16405
29,9,10689,eyeriss,cifar100,67.500000,2.174080,0.486041,16405
29,9,12820,eyeriss,cifar100,67.720000,2.419840,0.486041,16405
29,9,12574,eyeriss,cifar100,72.740000,5.123200,0.486041,16405
29,9,5651,eyeriss,cifar100,64.690000,1.928320,0.486041,16405
29,9,6925,eyeriss,cifar100,71.220000,3.894400,0.486041,16405
29,10,3487,fpga,cifar100,70.093330,2.905760,0.489676,16386
29,10,7250,fpga,cifar100,67.706665,2.390560,0.489676,16386
29,10,9930,fpga,cifar100,73.513336,7.420960,0.489676,16386
29,10,69,fpga,cifar100,71.020000,3.648160,0.489676,16386
29,10,6830,fpga,cifar100,71.460000,4.057760,0.489676,16386
29,10,5651,fpga,cifar100,64.690000,1.648160,0.489676,16386
29,10,3888,fpga,cifar100,73.260000,5.936160,0.489676,16386
29,10,5084,fpga,cifar100,58.813330,1.132960,0.489676,16386
29,10,3540,fpga,cifar100,71.500000,4.163360,0.489676,16386
29,10,11727,fpga,cifar100,67.773330,2.800160,0.489676,16386
29,10,12574,fpga,cifar100,72.740000,4.678560,0.489676,16386
29,10,10689,fpga,cifar100,67.500000,2.163360,0.489676,16386
29,10,6925,fpga,cifar100,71.220000,3.936160,0.489676,16386
29,10,12761,fpga,cifar100,72.860000,5.420960,0.489676,16386
29,10,6787,fpga,cifar100,70.720000,3.420960,0.489676,16386
29,10,4249,fpga,cifar100,65.080000,2.057760,0.489676,16386
29,10,12820,fpga,cifar100,67.720000,2.678560,0.489676,16386
29,11,11973,pixel3,cifar100,70.340000,8.988510,0.649081,16077
29,11,9930,pixel3,cifar100,73.513336,42.003600,0.649081,16077
29,11,857,pixel3,cifar100,72.880000,19.113200,0.649081,16077
29,11,1558,pixel3,cifar100,64.020000,1.705220,0.649081,16077
29,11,9649,pixel3,cifar100,64.540000,2.536210,0.649081,16077
29,11,1459,pixel3,cifar100,73.140000,23.437900,0.649081,16077
29,11,3888,pixel3,cifar100,73.260000,23.477200,0.649081,16077
29,11,1416,pixel3,cifar100,64.493330,2.084060,0.649081,16077
29,11,12574,pixel3,cifar100,72.740000,16.473900,0.649081,16077
29,11,1409,pixel3,cifar100,58.853333,1.275090,0.649081,16077
29,11,724,pixel3,cifar100,67.053340,2.875650,0.649081,16077
29,11,6337,pixel3,cifar100,1.000000,0.008753,0.649081,16077
29,11,12820,pixel3,cifar100,67.720000,4.806070,0.649081,16077
29,11,8912,pixel3,cifar100,59.200000,1.478790,0.649081,16077
29,11,8638,pixel3,cifar100,58.860000,1.478570,0.649081,16077
29,11,6787,pixel3,cifar100,70.720000,9.854430,0.649081,16077
29,11,699,pixel3,cifar100,72.240000,12.079400,0.649081,16077
29,11,898,pixel3,cifar100,70.000000,6.516140,0.649081,16077
29,11,1357,pixel3,cifar100,67.480000,3.998260,0.649081,16077
29,11,1090,pixel3,cifar100,65.220000,2.811310,0.649081,16077
29,11,11000,pixel3,cifar100,71.180000,10.677600,0.649081,16077
29,11,777,pixel3,cifar100,58.650000,1.087020,0.649081,16077
29,11,1595,pixel3,cifar100,62.146667,1.665240,0.649081,16077
29,11,858,pixel3,cifar100,64.133330,2.003500,0.649081,16077
29,12,2222,raspi4,cifar100,58.313330,2.538255,0.723125,16077
29,12,14612,raspi4,cifar100,58.720000,2.563505,0.723125,16077
29,12,12607,raspi4,cifar100,62.600000,4.779045,0.723125,16077
29,12,15363,raspi4,cifar100,70.520000,21.809430,0.723125,16077
29,12,8740,raspi4,cifar100,1.000000,0.015215,0.723125,16077
29,12,14811,raspi4,cifar100,69.680000,20.361189,0.723125,16077
29,12,10313,raspi4,cifar100,67.820000,14.691363,0.723125,16077
29,12,898,raspi4,cifar100,70.000000,21.506163,0.723125,16077
29,12,9895,raspi4,cifar100,69.400000,19.211880,0.723125,16077
29,12,6822,raspi4,cifar100,58.426666,2.558594,0.723125,16077
29,12,10222,raspi4,cifar100,58.860000,2.747804,0.723125,16077
29,12,9930,raspi4,cifar100,73.513336,71.152000,0.723125,16077
29,12,1459,raspi4,cifar100,73.140000,53.879950,0.723125,16077
29,12,15589,raspi4,cifar100,59.060000,2.795078,0.723125,16077
29,12,4418,raspi4,cifar100,72.746666,47.162354,0.723125,16077
29,12,3888,raspi4,cifar100,73.260000,55.029520,0.723125,16077
29,12,14714,raspi4,cifar100,71.280000,24.692347,0.723125,16077
29,12,8720,raspi4,cifar100,64.130000,5.082239,0.723125,16077
29,12,13430,raspi4,cifar100,66.700000,7.203785,0.723125,16077
29,12,12761,raspi4,cifar100,72.860000,53.718200,0.723125,16077
29,12,6830,raspi4,cifar100,71.460000,34.491814,0.723125,16077
29,12,10042,raspi4,cifar100,64.880000,5.100886,0.723125,16077
29,12,12915,raspi4,cifar100,66.950000,7.226311,0.723125,16077
29,12,9997,raspi4,cifar100,71.520000,34.996710,0.723125,16077
29,12,6787,raspi4,cifar100,70.720000,23.081835,0.723125,16077
29,12,8323,raspi4,cifar100,67.080000,7.271148,0.723125,16077
29,12,11533,raspi4,cifar100,69.760000,21.446177,0.723125,16077
29,12,2058,raspi4,cifar100,69.613335,20.052132,0.723125,16077
29,12,375,raspi4,cifar100,64.440000,5.099302,0.723125,16077
29,12,6918,raspi4,cifar100,58.800000,2.571364,0.723125,16077
29,12,3408,raspi4,cifar100,63.993332,5.081906,0.723125,16077
29,12,3487,raspi4,cifar100,70.093330,21.603350,0.723125,16077
29,12,2035,raspi4,cifar100,63.926666,5.005698,0.723125,16077
29,12,1939,raspi4,cifar100,70.760000,24.555029,0.723125,16077
29,12,8633,raspi4,cifar100,67.250000,12.354549,0.723125,16077
29,12,12574,raspi4,cifar100,72.740000,36.371254,0.723125,16077
29,12,9271,raspi4,cifar100,63.400000,4.800893,0.723125,16077
29,12,7030,raspi4,cifar100,69.600000,19.218203,0.723125,16077
29,12,7115,raspi4,cifar100,68.160000,14.756705,0.723125,16077
29,12,7891,raspi4,cifar100,67.550000,12.536592,0.723125,16077
29,13,7760,edgegpu,ImageNet16-120,39.100000,1.743751,0.623097,16173
29,13,1164,edgegpu,ImageNet16-120,28.522223,1.435223,0.623097,16173
29,13,8401,edgegpu,ImageNet16-120,43.833332,3.322444,0.623097,16173
29,13,8426,edgegpu,ImageNet16-120,44.633335,3.370147,0.623097,16173
29,13,5751,edgegpu,ImageNet16-120,40.044445,2.434626,0.623097,16173
29,13,12415,edgegpu,ImageNet16-120,46.566666,4.667692,0.623097,16173
29,13,857,edgegpu,ImageNet16-120,47.311110,6.707663,0.623097,16173
29,13,15288,edgegpu,ImageNet16-120,28.422222,1.417041,0.623097,16173
29,13,4587,edgegpu,ImageNet16-120,28.800000,1.445131,0.623097,16173
29,13,10838,edgegpu,ImageNet16-120,45.033333,4.388719,0.623097,16173
29,13,11438,edgegpu,ImageNet16-120,39.733334,1.903386,0.623097,16173
29,13,4332,edgegpu,ImageNet16-120,39.444443,1.745496,0.623097,16173
29,13,2650,edgegpu,ImageNet16-120,42.433334,3.309817,0.623097,16173
29,13,454,edgegpu,ImageNet16-120,41.277780,3.303313,0.623097,16173
29,13,8355,edgegpu,ImageNet16-120,39.666668,1.810203,0.623097,16173
29,13,10835,edgegpu,ImageNet16-120,45.233334,4.434366,0.623097,16173
29,13,14612,edgegpu,ImageNet16-120,28.488890,1.434064,0.623097,16173
29,13,14117,edgegpu,ImageNet16-120,28.677778,1.435547,0.623097,16173
29,13,4946,edgegpu,ImageNet16-120,44.700000,3.490419,0.623097,16173
29,13,13760,edgegpu,ImageNet16-120,32.333332,1.739759,0.623097,16173
29,13,9722,edgegpu,ImageNet16-120,44.000000,3.327813,0.623097,16173
29,13,15383,edgegpu,ImageNet16-120,47.033333,6.262836,0.623097,16173
29,13,15159,edgegpu,ImageNet16-120,45.566666,4.632421,0.623097,16173
29,13,768,edgegpu,ImageNet16-120,39.466667,1.776605,0.623097,16173
29,13,15376,edgegpu,ImageNet16-120,0.833333,0.533953,0.623097,16173
29,13,6950,edgegpu,ImageNet16-120,38.700000,1.740150,0.623097,16173
29,13,4988,edgegpu,ImageNet16-120,28.933332,1.448212,0.623097,16173
29,13,12081,edgegpu,ImageNet16-120,40.233334,2.730479,0.623097,16173
29,13,7187,edgegpu,ImageNet16-120,28.683332,1.443858,0.623097,16173
29,13,9586,edgegpu,ImageNet16-120,46.933334,5.222673,0.623097,16173
29,13,9077,edgegpu,ImageNet16-120,39.500000,1.801076,0.623097,16173
29,14,6520,edgetpu,ImageNet16-120,32.383335,0.363944,0.642961,15922
29,14,14840,edgetpu,ImageNet16-120,45.311110,0.666690,0.642961,15922
29,14,13931,edgetpu,ImageNet16-120,28.788889,0.360349,0.642961,15922
29,14,10332,edgetpu,ImageNet16-120,40.033333,0.516152,0.642961,15922
29,14,2136,edgetpu,ImageNet16-120,42.166668,0.549614,0.642961,15922
29,14,8884,edgetpu,ImageNet16-120,45.033333,0.615792,0.642961,15922
29,14,12415,edgetpu,ImageNet16-120,46.566666,0.710906,0.642961,15922
29,14,12297,edgetpu,ImageNet16-120,31.833334,0.363596,0.642961,15922
29,14,10167,edgetpu,ImageNet16-120,39.944443,0.444058,0.642961,15922
29,14,7357,edgetpu,ImageNet16-120,44.666668,0.600498,0.642961,15922
29,14,11885,edgetpu,ImageNet16-120,39.166668,0.427395,0.642961,15922
29,14,15107,edgetpu,ImageNet16-120,39.800000,0.430284,0.642961,15922
29,14,15014,edgetpu,ImageNet16-120,28.266666,0.358110,0.642961,15922
29,14,5751,edgetpu,ImageNet16-120,40.044445,0.516992,0.642961,15922
29,14,9689,edgetpu,ImageNet16-120,42.533333,0.549702,0.642961,15922
29,14,12231,edgetpu,ImageNet16-120,40.200000,0.518358,0.642961,15922
29,14,9109,edgetpu,ImageNet16-120,39.466667,0.428971,0.642961,15922
29,14,10888,edgetpu,ImageNet16-120,28.333334,0.359044,0.642961,15922
29,14,15383,edgetpu,ImageNet16-120,47.033333,0.780914,0.642961,15922
29,14,15363,edgetpu,ImageNet16-120,44.333332,0.582280,0.642961,15922
29,14,7750,edgetpu,ImageNet16-120,43.066666,0.551617,0.642961,15922
29,14,3540,edgetpu,ImageNet16-120,45.122223,0.648670,0.642961,15922
29,14,857,edgetpu,ImageNet16-120,47.311110,0.997730,0.642961,15922
29,14,7273,edgetpu,ImageNet16-120,42.966667,0.550014,0.642961,15922
29,14,4988,edgetpu,ImageNet16-120,28.933332,0.360694,0.642961,15922
29,14,6407,edgetpu,ImageNet16-120,32.333332,0.363748,0.642961,15922
29,14,70,edgetpu,ImageNet16-120,39.377777,0.428228,0.642961,15922
29,14,11079,edgetpu,ImageNet16-120,43.566666,0.552430,0.642961,15922
29,14,13769,edgetpu,ImageNet16-120,41.555557,0.549360,0.642961,15922
29,14,5530,edgetpu,ImageNet16-120,42.577778,0.549937,0.642961,15922
29,14,6960,edgetpu,ImageNet16-120,39.566666,0.429523,0.642961,15922
29,14,14677,edgetpu,ImageNet16-120,33.233334,0.364575,0.642961,15922
29,15,2835,eyeriss,ImageNet16-120,38.222220,0.545920,0.497279,16483
29,15,8008,eyeriss,ImageNet16-120,43.500000,0.853120,0.497279,16483
29,15,1939,eyeriss,ImageNet16-120,45.077778,0.976000,0.497279,16483
29,15,4829,eyeriss,ImageNet16-120,34.200000,0.484480,0.497279,16483
29,15,6787,eyeriss,ImageNet16-120,44.400000,0.914560,0.497279,16483
29,15,735,eyeriss,ImageNet16-120,38.544445,0.607360,0.497279,16483
29,15,4988,eyeriss,ImageNet16-120,28.933332,0.423040,0.497279,16483
29,15,8853,eyeriss,ImageNet16-120,45.600000,1.037440,0.497279,16483
29,15,15383,eyeriss,ImageNet16-120,47.033333,1.283200,0.497279,16483
29,15,14417,eyeriss,ImageNet16-120,45.900000,1.098880,0.497279,16483
29,15,6854,eyeriss,ImageNet16-120,40.800000,0.668800,0.497279,16483
29,15,857,eyeriss,ImageNet16-120,47.311110,1.651840,0.497279,16483
29,16,15383,fpga,ImageNet16-120,47.033333,1.504000,0.533049,16332
29,16,6787,fpga,ImageNet16-120,44.400000,0.969600,0.533049,16332
29,16,2835,fpga,ImageNet16-120,38.222220,0.546720,0.533049,16332
29,16,14748,fpga,ImageNet16-120,44.900000,0.995200,0.533049,16332
29,16,8008,fpga,ImageNet16-120,43.500000,0.876800,0.533049,16332
29,16,1939,fpga,ImageNet16-120,45.077778,1.062400,0.533049,16332
29,16,6868,fpga,ImageNet16-120,39.000000,0.649120,0.533049,16332
29,16,10017,fpga,ImageNet16-120,40.566666,0.784000,0.533049,16332
29,16,4829,fpga,ImageNet16-120,34.200000,0.415520,0.533049,16332
29,16,11593,fpga,ImageNet16-120,40.166668,0.780320,0.533049,16332
29,16,5793,fpga,ImageNet16-120,35.033333,0.517920,0.533049,16332
29,16,857,fpga,ImageNet16-120,47.311110,2.038400,0.533049,16332
29,16,4988,fpga,ImageNet16-120,28.933332,0.284320,0.533049,16332
29,16,6854,fpga,ImageNet16-120,40.800000,0.809120,0.533049,16332
29,16,8853,fpga,ImageNet16-120,45.600000,1.155200,0.533049,16332
29,16,14417,fpga,ImageNet16-120,45.900000,1.276320,0.533049,16332
29,17,13059,pixel3,ImageNet16-120,34.266666,0.668679,0.915643,15829
29,17,1147,pixel3,ImageNet16-120,33.733334,0.666281,0.915643,15829
29,17,4587,pixel3,ImageNet16-120,28.800000,0.445767,0.915643,15829
29,17,735,pixel3,ImageNet16-120,38.544445,1.107950,0.915643,15829
29,17,11163,pixel3,ImageNet16-120,33.600000,0.665312,0.915643,15829
29,17,1860,pixel3,ImageNet16-120,28.433332,0.422587,0.915643,15829
29,17,1110,pixel3,ImageNet16-120,28.600000,0.423927,0.915643,15829
29,17,1549,pixel3,ImageNet16-120,28.655556,0.424747,0.915643,15829
29,17,2002,pixel3,ImageNet16-120,32.277780,0.617751,0.915643,15829
29,17,1425,pixel3,ImageNet16-120,45.977780,4.619290,0.915643,15829
29,17,7685,pixel3,ImageNet16-120,37.611110,0.862589,0.915643,15829
29,17,857,pixel3,ImageNet16-120,47.311110,6.686850,0.915643,15829
29,17,10154,pixel3,ImageNet16-120,46.133335,4.783700,0.915643,15829
29,17,2018,pixel3,ImageNet16-120,46.433334,4.949210,0.915643,15829
29,17,872,pixel3,ImageNet16-120,41.777780,2.465030,0.915643,15829
29,17,1939,pixel3,ImageNet16-120,45.077778,3.021500,0.915643,15829
29,17,8853,pixel3,ImageNet16-120,45.600000,3.554540,0.915643,15829
29,17,11079,pixel3,ImageNet16-120,43.566666,2.479610,0.915643,15829
29,17,6294,pixel3,ImageNet16-120,38.011112,0.869124,0.915643,15829
29,17,12639,pixel3,ImageNet16-120,40.400000,1.304440,0.915643,15829
29,17,4977,pixel3,ImageNet16-120,32.966667,0.617991,0.915643,15829
29,17,4988,pixel3,ImageNet16-120,28.933332,0.485996,0.915643,15829
29,17,4004,pixel3,ImageNet16-120,42.811110,2.467510,0.915643,15829
29,17,1863,pixel3,ImageNet16-120,28.055555,0.422043,0.915643,15829
29,17,249,pixel3,ImageNet16-120,43.577778,2.720310,0.915643,15829
29,17,12424,pixel3,ImageNet16-120,43.133330,2.470150,0.915643,15829
29,17,12466,pixel3,ImageNet16-120,46.100000,4.680280,0.915643,15829
29,17,13756,pixel3,ImageNet16-120,0.833333,0.005289,0.915643,15829
29,17,9496,pixel3,ImageNet16-120,38.200000,1.024960,0.915643,15829
29,17,6854,pixel3,ImageNet16-120,40.800000,1.621620,0.915643,15829
29,17,4409,pixel3,ImageNet16-120,37.722220,0.862979,0.915643,15829
29,17,3728,pixel3,ImageNet16-120,28.500000,0.422880,0.915643,15829
29,17,15383,pixel3,ImageNet16-120,47.033333,5.191720,0.915643,15829
29,17,14417,pixel3,ImageNet16-120,45.900000,4.143030,0.915643,15829
29,17,9032,pixel3,ImageNet16-120,38.016666,1.020960,0.915643,15829
29,17,1204,pixel3,ImageNet16-120,37.844444,0.864966,0.915643,15829
29,17,4895,pixel3,ImageNet16-120,33.200000,0.619070,0.915643,15829
29,17,8954,pixel3,ImageNet16-120,28.733334,0.424855,0.915643,15829
29,17,758,pixel3,ImageNet16-120,28.333334,0.422134,0.915643,15829
29,17,12355,pixel3,ImageNet16-120,45.033333,2.989390,0.915643,15829
29,17,12358,pixel3,ImageNet16-120,34.055557,0.666287,0.915643,15829
29,17,11000,pixel3,ImageNet16-120,44.866665,2.962520,0.915643,15829
29,17,898,pixel3,ImageNet16-120,42.466667,2.467210,0.915643,15829
29,18,8853,raspi4,ImageNet16-120,45.600000,6.961605,0.891034,16018
29,18,5455,raspi4,ImageNet16-120,32.611110,1.532377,0.891034,16018
29,18,4995,raspi4,ImageNet16-120,42.166668,3.766336,0.891034,16018
29,18,13284,raspi4,ImageNet16-120,40.177776,3.191073,0.891034,16018
29,18,13931,raspi4,ImageNet16-120,28.788889,0.956195,0.891034,16018
29,18,13644,raspi4,ImageNet16-120,45.333332,6.780282,0.891034,16018
29,18,3960,raspi4,ImageNet16-120,37.755554,2.197980,0.891034,16018
29,18,3687,raspi4,ImageNet16-120,34.066666,1.583497,0.891034,16018
29,18,15363,raspi4,ImageNet16-120,44.333332,4.480516,0.891034,16018
29,18,10835,raspi4,ImageNet16-120,45.233334,6.632419,0.891034,16018
29,18,8426,raspi4,ImageNet16-120,44.633335,5.288439,0.891034,16018
29,18,6854,raspi4,ImageNet16-120,40.800000,3.661016,0.891034,16018
29,18,5637,raspi4,ImageNet16-120,33.933334,1.580707,0.891034,16018
29,18,5202,raspi4,ImageNet16-120,42.411110,3.783078,0.891034,16018
29,18,1939,raspi4,ImageNet16-120,45.077778,5.341908,0.891034,16018
29,18,11946,raspi4,ImageNet16-120,28.200000,0.940293,0.891034,16018
29,18,3782,raspi4,ImageNet16-120,41.866665,3.755286,0.891034,16018
29,18,6787,raspi4,ImageNet16-120,44.400000,4.532777,0.891034,16018
29,18,1188,raspi4,ImageNet16-120,32.455555,1.526725,0.891034,16018
29,18,11079,raspi4,ImageNet16-120,43.566666,3.802027,0.891034,16018
29,18,2779,raspi4,ImageNet16-120,37.355556,2.190654,0.891034,16018
29,18,10715,raspi4,ImageNet16-120,45.533333,6.790813,0.891034,16018
29,18,2904,raspi4,ImageNet16-120,42.744446,3.799936,0.891034,16018
29,18,15383,raspi4,ImageNet16-120,47.033333,8.565354,0.891034,16018
29,18,3496,raspi4,ImageNet16-120,34.233334,1.598666,0.891034,16018
29,18,9496,raspi4,ImageNet16-120,38.200000,2.204048,0.891034,16018
29,18,1204,raspi4,ImageNet16-120,37.844444,2.199356,0.891034,16018
29,18,8884,raspi4,ImageNet16-120,45.033333,5.293177,0.891034,16018
29,18,857,raspi4,ImageNet16-120,47.311110,9.020064,0.891034,16018
29,18,2018,raspi4,ImageNet16-120,46.433334,7.482383,0.891034,16018
29,18,14677,raspi4,ImageNet16-120,33.233334,1.537227,0.891034,16018
29,18,4988,raspi4,ImageNet16-120,28.933332,1.003251,0.891034,16018
29,18,6519,raspi4,ImageNet16-120,40.183334,3.212652,0.891034,16018
29,18,9032,raspi4,ImageNet16-120,38.016666,2.201532,0.891034,16018
29,18,1413,raspi4,ImageNet16-120,42.711113,3.788479,0.891034,16018
29,18,3431,raspi4,ImageNet16-120,32.966667,1.536690,0.891034,16018
29,18,10167,raspi4,ImageNet16-120,39.944443,3.106316,0.891034,16018
29,18,5530,raspi4,ImageNet16-120,42.577778,3.785925,0.891034,16018
29,18,933,raspi4,ImageNet16-120,0.833333,0.011514,0.891034,16018
29,18,6336,raspi4,ImageNet16-120,39.366665,3.073392,0.891034,16018
29,18,12639,raspi4,ImageNet16-120,40.400000,3.628959,0.891034,16018
29,18,5487,raspi4,ImageNet16-120,38.500000,3.019000,0.891034,16018
29,18,5973,raspi4,ImageNet16-120,40.100000,3.159922,0.891034,16018
29,18,15107,raspi4,ImageNet16-120,39.800000,3.083329,0.891034,16018
29,18,380,raspi4,ImageNet16-120,38.900000,3.038936,0.891034,16018
29,18,10217,raspi4,ImageNet16-120,45.100000,6.109362,0.891034,16018
29,18,11584,raspi4,ImageNet16-120,46.666668,8.014434,0.891034,16018
29,18,12505,raspi4,ImageNet16-120,39.283333,3.062432,0.891034,16018
29,18,7551,raspi4,ImageNet16-120,38.477780,2.950436,0.891034,16018
29,18,10472,raspi4,ImageNet16-120,39.633335,3.079679,0.891034,16018
30,1,13401,edgegpu,cifar10,87.010000,1.457009,0.612128,16334
30,1,13714,edgegpu,cifar10,94.373340,6.772180,0.612128,16334
30,1,5780,edgegpu,cifar10,93.980000,3.361888,0.612128,16334
30,1,1459,edgegpu,cifar10,94.296670,6.748991,0.612128,16334
30,1,11692,edgegpu,cifar10,94.130000,4.708362,0.612128,16334
30,1,10484,edgegpu,cifar10,93.810000,3.354015,0.612128,16334
30,1,5400,edgegpu,cifar10,86.630000,1.427460,0.612128,16334
30,1,2090,edgegpu,cifar10,86.650000,1.437702,0.612128,16334
30,1,561,edgegpu,cifar10,86.880000,1.451068,0.612128,16334
30,1,2053,edgegpu,cifar10,94.206665,5.482254,0.612128,16334
30,1,258,edgegpu,cifar10,93.640000,3.307109,0.612128,16334
30,1,11810,edgegpu,cifar10,92.780000,1.992798,0.612128,16334
30,1,5292,edgegpu,cifar10,94.293335,6.663151,0.612128,16334
30,1,6960,edgegpu,cifar10,92.280000,1.764450,0.612128,16334
30,1,6330,edgegpu,cifar10,94.006670,4.384699,0.612128,16334
30,1,9099,edgegpu,cifar10,93.940000,3.357520,0.612128,16334
30,1,2776,edgegpu,cifar10,93.666664,3.331194,0.612128,16334
30,1,14527,edgegpu,cifar10,86.765000,1.439619,0.612128,16334
30,1,15200,edgegpu,cifar10,10.000000,0.501385,0.612128,16334
30,1,4006,edgegpu,cifar10,91.986664,1.754365,0.612128,16334
30,1,11438,edgegpu,cifar10,92.500000,1.846719,0.612128,16334
30,1,14407,edgegpu,cifar10,86.770000,1.440282,0.612128,16334
30,2,3927,edgetpu,cifar10,93.626660,0.723268,0.661686,16327
30,2,1996,edgetpu,cifar10,92.000000,0.481224,0.661686,16327
30,2,11438,edgetpu,cifar10,92.500000,0.482393,0.661686,16327
30,2,14527,edgetpu,cifar10,86.765000,0.365664,0.661686,16327
30,2,970,edgetpu,cifar10,86.770000,0.371488,0.661686,16327
30,2,2053,edgetpu,cifar10,94.206665,1.042178,0.661686,16327
30,2,13714,edgetpu,cifar10,94.373340,1.377865,0.661686,16327
30,2,6382,edgetpu,cifar10,93.376660,0.628638,0.661686,16327
30,2,6515,edgetpu,cifar10,93.616670,0.722858,0.661686,16327
30,2,5111,edgetpu,cifar10,94.306660,1.152010,0.661686,16327
30,2,3955,edgetpu,cifar10,88.863335,0.389665,0.661686,16327
30,2,10581,edgetpu,cifar10,89.015000,0.390403,0.661686,16327
30,2,8192,edgetpu,cifar10,93.093330,0.627745,0.661686,16327
30,2,5258,edgetpu,cifar10,88.775000,0.388629,0.661686,16327
30,2,5224,edgetpu,cifar10,88.980000,0.389900,0.661686,16327
30,2,8525,edgetpu,cifar10,89.320000,0.420874,0.661686,16327
30,2,2240,edgetpu,cifar10,91.990000,0.480973,0.661686,16327
30,2,9689,edgetpu,cifar10,93.370000,0.628386,0.661686,16327
30,2,1595,edgetpu,cifar10,88.963330,0.389815,0.661686,16327
30,2,5780,edgetpu,cifar10,93.980000,0.723967,0.661686,16327
30,2,3731,edgetpu,cifar10,94.343330,1.282820,0.661686,16327
30,2,6918,edgetpu,cifar10,87.000000,0.375819,0.661686,16327
30,2,11692,edgetpu,cifar10,94.130000,0.761100,0.661686,16327
30,2,797,edgetpu,cifar10,93.280000,0.627996,0.661686,16327
30,2,2485,edgetpu,cifar10,86.700000,0.346546,0.661686,16327
30,2,2734,edgetpu,cifar10,92.086670,0.481291,0.661686,16327
30,2,13611,edgetpu,cifar10,92.490000,0.481826,0.661686,16327
30,2,8008,edgetpu,cifar10,93.480000,0.629746,0.661686,16327
30,2,9950,edgetpu,cifar10,93.840000,0.723767,0.661686,16327
30,2,4806,edgetpu,cifar10,89.070000,0.390448,0.661686,16327
30,2,4161,edgetpu,cifar10,89.250000,0.391221,0.661686,16327
30,3,12002,eyeriss,cifar10,93.510000,3.645620,0.491001,16528
30,3,8008,eyeriss,cifar10,93.480000,3.399860,0.491001,16528
30,3,6111,eyeriss,cifar10,94.373340,7.823540,0.491001,16528
30,3,4384,eyeriss,cifar10,86.796670,1.679540,0.491001,16528
30,3,3731,eyeriss,cifar10,94.343330,6.594740,0.491001,16528
30,3,8323,eyeriss,cifar10,90.870000,2.171060,0.491001,16528
30,3,5111,eyeriss,cifar10,94.306660,5.365940,0.491001,16528
30,3,11472,eyeriss,cifar10,93.970000,4.628660,0.491001,16528
30,3,3687,eyeriss,cifar10,89.820000,1.925300,0.491001,16528
30,3,13714,eyeriss,cifar10,94.373340,7.823540,0.491001,16528
30,3,13611,eyeriss,cifar10,92.490000,3.154100,0.491001,16528
30,3,11376,eyeriss,cifar10,93.510000,3.645620,0.491001,16528
30,3,6584,eyeriss,cifar10,94.160000,4.874420,0.491001,16528
30,3,8592,eyeriss,cifar10,93.750000,3.891380,0.491001,16528
30,3,14112,eyeriss,cifar10,91.296670,2.908340,0.491001,16528
30,3,6854,eyeriss,cifar10,91.040000,2.662580,0.491001,16528
30,4,6111,fpga,cifar10,94.373340,6.678560,0.517188,16158
30,4,3731,fpga,cifar10,94.343330,5.936160,0.517188,16158
30,4,8720,fpga,cifar10,89.875000,1.648160,0.517188,16158
30,4,8008,fpga,cifar10,93.480000,2.905760,0.517188,16158
30,4,5752,fpga,cifar10,92.400000,2.800160,0.517188,16158
30,4,12438,fpga,cifar10,89.875000,1.648160,0.517188,16158
30,4,13714,fpga,cifar10,94.373340,6.678560,0.517188,16158
30,4,10412,fpga,cifar10,93.530000,3.420960,0.517188,16158
30,4,5111,fpga,cifar10,94.306660,5.193760,0.517188,16158
30,4,4384,fpga,cifar10,86.796670,1.132960,0.517188,16158
30,4,6584,fpga,cifar10,94.160000,4.163360,0.517188,16158
30,4,8323,fpga,cifar10,90.870000,2.163360,0.517188,16158
30,4,11472,fpga,cifar10,93.970000,3.648160,0.517188,16158
30,4,11534,fpga,cifar10,92.220000,2.390560,0.517188,16158
30,4,11525,fpga,cifar10,90.000000,2.057760,0.517188,16158
30,5,2018,pixel3,cifar10,94.063330,14.960500,0.724706,16095
30,5,6358,pixel3,cifar10,92.136665,6.066150,0.724706,16095
30,5,9230,pixel3,cifar10,86.580000,1.056760,0.724706,16095
30,5,25,pixel3,cifar10,86.540000,1.054570,0.724706,16095
30,5,6382,pixel3,cifar10,93.376660,7.048190,0.724706,16095
30,5,5149,pixel3,cifar10,92.090000,5.987440,0.724706,16095
30,5,1943,pixel3,cifar10,93.116670,6.492030,0.724706,16095
30,5,41,pixel3,cifar10,88.670000,1.576940,0.724706,16095
30,5,6330,pixel3,cifar10,94.006670,11.512400,0.724706,16095
30,5,5111,pixel3,cifar10,94.306660,17.584600,0.724706,16095
30,5,11692,pixel3,cifar10,94.130000,15.490100,0.724706,16095
30,5,13171,pixel3,cifar10,93.530000,7.717220,0.724706,16095
30,5,6584,pixel3,cifar10,94.160000,15.720300,0.724706,16095
30,5,4398,pixel3,cifar10,92.073330,5.828150,0.724706,16095
30,5,6899,pixel3,cifar10,90.900000,3.961410,0.724706,16095
30,5,1497,pixel3,cifar10,86.556660,1.056630,0.724706,16095
30,5,3,pixel3,cifar10,86.616670,1.062640,0.724706,16095
30,5,10689,pixel3,cifar10,90.790000,2.669770,0.724706,16095
30,5,5874,pixel3,cifar10,88.676670,1.580110,0.724706,16095
30,5,2035,pixel3,cifar10,89.670000,1.706480,0.724706,16095
30,5,8592,pixel3,cifar10,93.750000,10.769800,0.724706,16095
30,5,6111,pixel3,cifar10,94.373340,23.584800,0.724706,16095
30,5,3731,pixel3,cifar10,94.343330,23.361300,0.724706,16095
30,5,8695,pixel3,cifar10,94.220000,17.564500,0.724706,16095
30,5,970,pixel3,cifar10,86.770000,1.474220,0.724706,16095
30,5,13869,pixel3,cifar10,93.656670,10.634700,0.724706,16095
30,5,7197,pixel3,cifar10,90.366670,2.447670,0.724706,16095
30,5,1781,pixel3,cifar10,89.883330,1.712020,0.724706,16095
30,5,1941,pixel3,cifar10,93.533330,9.128690,0.724706,16095
30,5,13987,pixel3,cifar10,93.596664,9.922680,0.724706,16095
30,5,7001,pixel3,cifar10,10.000000,0.003277,0.724706,16095
30,5,6863,pixel3,cifar10,86.740000,1.229320,0.724706,16095
30,5,4554,pixel3,cifar10,86.670000,1.114880,0.724706,16095
30,5,12452,pixel3,cifar10,91.350000,5.590110,0.724706,16095
30,5,323,pixel3,cifar10,88.940000,1.660340,0.724706,16095
30,5,12970,pixel3,cifar10,90.970000,4.723840,0.724706,16095
30,5,8323,pixel3,cifar10,90.870000,3.106420,0.724706,16095
30,5,12639,pixel3,cifar10,90.990000,4.749000,0.724706,16095
30,6,8008,raspi4,cifar10,93.480000,22.571420,0.753876,16127
30,6,5111,raspi4,cifar10,94.306660,41.756905,0.753876,16127
30,6,7017,raspi4,cifar10,86.970000,2.544041,0.753876,16127
30,6,6382,raspi4,cifar10,93.376660,21.461164,0.753876,16127
30,6,13430,raspi4,cifar10,90.580000,7.299066,0.753876,16127
30,6,1941,raspi4,cifar10,93.533330,25.121769,0.753876,16127
30,6,1781,raspi4,cifar10,89.883330,5.961801,0.753876,16127
30,6,1962,raspi4,cifar10,86.530000,2.529453,0.753876,16127
30,6,3731,raspi4,cifar10,94.343330,58.070793,0.753876,16127
30,6,2058,raspi4,cifar10,93.270000,19.484835,0.753876,16127
30,6,11692,raspi4,cifar10,94.130000,37.583630,0.753876,16127
30,6,2035,raspi4,cifar10,89.670000,4.984099,0.753876,16127
30,6,1690,raspi4,cifar10,86.646670,2.536549,0.753876,16127
30,6,6111,raspi4,cifar10,94.373340,68.404106,0.753876,16127
30,6,7058,raspi4,cifar10,92.040000,16.469465,0.753876,16127
30,6,5780,raspi4,cifar10,93.980000,34.928463,0.753876,16127
30,6,8323,raspi4,cifar10,90.870000,7.426308,0.753876,16127
30,6,6918,raspi4,cifar10,87.000000,2.787590,0.753876,16127
30,6,8426,raspi4,cifar10,93.840000,31.394428,0.753876,16127
30,6,14565,raspi4,cifar10,88.880000,4.781183,0.753876,16127
30,6,4210,raspi4,cifar10,89.030000,4.782748,0.753876,16127
30,6,8592,raspi4,cifar10,93.750000,25.477009,0.753876,16127
30,6,11810,raspi4,cifar10,92.780000,18.619905,0.753876,16127
30,6,4659,raspi4,cifar10,93.396670,22.249382,0.753876,16127
30,6,9380,raspi4,cifar10,89.335000,4.875613,0.753876,16127
30,6,9271,raspi4,cifar10,89.250000,4.830311,0.753876,16127
30,6,12504,raspi4,cifar10,92.130000,16.890614,0.753876,16127
30,6,13611,raspi4,cifar10,92.490000,18.523302,0.753876,16127
30,6,5991,raspi4,cifar10,92.186670,17.979792,0.753876,16127
30,6,11972,raspi4,cifar10,91.510000,12.403558,0.753876,16127
30,6,10275,raspi4,cifar10,91.080000,9.993188,0.753876,16127
30,6,1099,raspi4,cifar10,92.240000,18.358124,0.753876,16127
30,6,6953,raspi4,cifar10,91.990000,15.601654,0.753876,16127
30,6,7207,raspi4,cifar10,89.803340,5.099723,0.753876,16127
30,6,9980,raspi4,cifar10,10.000000,0.011284,0.753876,16127
30,6,6584,raspi4,cifar10,94.160000,38.818527,0.753876,16127
30,7,3888,edgegpu,cifar100,73.260000,6.797867,0.639559,16338
30,7,2304,edgegpu,cifar100,58.660000,1.440253,0.639559,16338
30,7,9930,edgegpu,cifar100,73.513336,6.803060,0.639559,16338
30,7,4954,edgegpu,cifar100,73.000000,6.669736,0.639559,16338
30,7,2778,edgegpu,cifar100,72.993330,6.134028,0.639559,16338
30,7,8401,edgegpu,cifar100,71.080000,3.302102,0.639559,16338
30,7,4418,edgegpu,cifar100,72.746666,5.352364,0.639559,16338
30,7,12415,edgegpu,cifar100,71.940000,4.828467,0.639559,16338
30,7,11810,edgegpu,cifar100,68.300000,1.779551,0.639559,16338
30,7,9997,edgegpu,cifar100,71.520000,3.466139,0.639559,16338
30,7,14677,edgegpu,cifar100,62.420000,1.746187,0.639559,16338
30,7,1038,edgegpu,cifar100,67.500000,1.758428,0.639559,16338
30,7,6381,edgegpu,cifar100,66.800000,1.753340,0.639559,16338
30,7,11885,edgegpu,cifar100,68.040000,1.776652,0.639559,16338
30,7,9922,edgegpu,cifar100,58.560000,1.428552,0.639559,16338
30,7,1509,edgegpu,cifar100,1.000000,0.505853,0.639559,16338
30,7,8912,edgegpu,cifar100,59.200000,1.441355,0.639559,16338
30,7,6124,edgegpu,cifar100,68.360000,3.185835,0.639559,16338
30,7,1425,edgegpu,cifar100,72.093330,5.310225,0.639559,16338
30,7,11067,edgegpu,cifar100,58.186670,1.427836,0.639559,16338
30,8,9541,edgetpu,cifar100,67.660000,0.486829,0.688765,16106
30,8,1110,edgetpu,cifar100,58.840000,0.355938,0.688765,16106
30,8,1425,edgetpu,cifar100,72.093330,0.910660,0.688765,16106
30,8,11810,edgetpu,cifar100,68.300000,0.492126,0.688765,16106
30,8,7760,edgetpu,cifar100,67.800000,0.489248,0.688765,16106
30,8,5019,edgetpu,cifar100,58.880000,0.357058,0.688765,16106
30,8,857,edgetpu,cifar100,72.880000,1.264168,0.688765,16106
30,8,9930,edgetpu,cifar100,73.513336,1.454107,0.688765,16106
30,8,12415,edgetpu,cifar100,71.940000,0.872299,0.688765,16106
30,8,12424,edgetpu,cifar100,69.980000,0.638946,0.688765,16106
30,8,69,edgetpu,cifar100,71.020000,0.727259,0.688765,16106
30,8,9997,edgetpu,cifar100,71.520000,0.729986,0.688765,16106
30,8,4532,edgetpu,cifar100,68.040000,0.489947,0.688765,16106
30,8,1383,edgetpu,cifar100,70.273330,0.673722,0.688765,16106
30,8,12607,edgetpu,cifar100,62.600000,0.392830,0.688765,16106
30,8,4418,edgetpu,cifar100,72.746666,1.093699,0.688765,16106
30,8,8401,edgetpu,cifar100,71.080000,0.728572,0.688765,16106
30,8,8638,edgetpu,cifar100,58.860000,0.356631,0.688765,16106
30,8,577,edgetpu,cifar100,69.680000,0.635228,0.688765,16106
30,8,777,edgetpu,cifar100,58.650000,0.355588,0.688765,16106
30,8,3303,edgetpu,cifar100,62.420000,0.392593,0.688765,16106
30,8,8912,edgetpu,cifar100,59.200000,0.377698,0.688765,16106
30,8,10000,edgetpu,cifar100,73.160000,1.283461,0.688765,16106
30,8,3888,edgetpu,cifar100,73.260000,1.316226,0.688765,16106
30,8,12761,edgetpu,cifar100,72.860000,1.225212,0.688765,16106
30,8,14945,edgetpu,cifar100,58.500000,0.354940,0.688765,16106
30,8,1943,edgetpu,cifar100,69.626660,0.634759,0.688765,16106
30,8,6358,edgetpu,cifar100,67.193340,0.486737,0.688765,16106
30,8,797,edgetpu,cifar100,69.580000,0.633351,0.688765,16106
30,8,4155,edgetpu,cifar100,62.306667,0.391442,0.688765,16106
30,8,9271,edgetpu,cifar100,63.400000,0.393151,0.688765,16106
30,8,2705,edgetpu,cifar100,62.813330,0.393026,0.688765,16106
30,8,11112,edgetpu,cifar100,66.893330,0.486713,0.688765,16106
30,8,12574,edgetpu,cifar100,72.740000,0.932430,0.688765,16106
30,8,13829,edgetpu,cifar100,66.873340,0.485137,0.688765,16106
30,8,11533,edgetpu,cifar100,69.760000,0.635877,0.688765,16106
30,9,11301,eyeriss,cifar100,68.220000,2.665600,0.483547,16456
30,9,14112,eyeriss,cifar100,68.386665,2.911360,0.483547,16456
30,9,12761,eyeriss,cifar100,72.860000,6.352000,0.483547,16456
30,9,9930,eyeriss,cifar100,73.513336,9.055360,0.483547,16456
30,9,485,eyeriss,cifar100,67.593330,2.419840,0.483547,16456
30,9,3888,eyeriss,cifar100,73.260000,6.597760,0.483547,16456
30,9,12574,eyeriss,cifar100,72.740000,5.123200,0.483547,16456
30,9,14714,eyeriss,cifar100,71.280000,4.140160,0.483547,16456
30,9,5651,eyeriss,cifar100,64.690000,1.928320,0.483547,16456
30,9,8323,eyeriss,cifar100,67.080000,2.174080,0.483547,16456
30,9,6925,eyeriss,cifar100,71.220000,3.894400,0.483547,16456
30,9,15363,eyeriss,cifar100,70.520000,3.648640,0.483547,16456
30,9,3540,eyeriss,cifar100,71.500000,4.877440,0.483547,16456
30,9,2191,eyeriss,cifar100,58.386665,1.682560,0.483547,16456
30,9,11973,eyeriss,cifar100,70.340000,3.402880,0.483547,16456
30,10,9930,fpga,cifar100,73.513336,7.420960,0.564908,16387
30,10,12574,fpga,cifar100,72.740000,4.678560,0.564908,16387
30,10,15363,fpga,cifar100,70.520000,3.420960,0.564908,16387
30,10,12820,fpga,cifar100,67.720000,2.678560,0.564908,16387
30,10,3888,fpga,cifar100,73.260000,5.936160,0.564908,16387
30,10,5084,fpga,cifar100,58.813330,1.132960,0.564908,16387
30,10,9997,fpga,cifar100,71.520000,4.572960,0.564908,16387
30,10,12761,fpga,cifar100,72.860000,5.420960,0.564908,16387
30,10,3540,fpga,cifar100,71.500000,4.163360,0.564908,16387
30,10,4249,fpga,cifar100,65.080000,2.057760,0.564908,16387
30,10,7250,fpga,cifar100,67.706665,2.390560,0.564908,16387
30,10,10689,fpga,cifar100,67.500000,2.163360,0.564908,16387
30,10,5651,fpga,cifar100,64.690000,1.648160,0.564908,16387
30,10,12295,fpga,cifar100,71.160000,3.648160,0.564908,16387
30,10,5033,fpga,cifar100,59.060000,1.542560,0.564908,16387
30,10,6925,fpga,cifar100,71.220000,3.936160,0.564908,16387
30,10,5743,fpga,cifar100,67.800000,2.800160,0.564908,16387
30,10,11973,fpga,cifar100,70.340000,2.905760,0.564908,16387
30,11,906,pixel3,cifar100,62.393333,1.661810,0.619517,16023
30,11,699,pixel3,cifar100,72.240000,12.079400,0.619517,16023
30,11,1357,pixel3,cifar100,67.480000,3.998260,0.619517,16023
30,11,9930,pixel3,cifar100,73.513336,42.003600,0.619517,16023
30,11,6337,pixel3,cifar100,1.000000,0.008753,0.619517,16023
30,11,857,pixel3,cifar100,72.880000,19.113200,0.619517,16023
30,11,1409,pixel3,cifar100,58.853333,1.275090,0.619517,16023
30,11,1459,pixel3,cifar100,73.140000,23.437900,0.619517,16023
30,11,3888,pixel3,cifar100,73.260000,23.477200,0.619517,16023
30,11,1593,pixel3,cifar100,62.126667,1.582050,0.619517,16023
30,11,898,pixel3,cifar100,70.000000,6.516140,0.619517,16023
30,11,9649,pixel3,cifar100,64.540000,2.536210,0.619517,16023
30,11,8323,pixel3,cifar100,67.080000,3.106340,0.619517,16023
30,11,11973,pixel3,cifar100,70.340000,8.988510,0.619517,16023
30,11,485,pixel3,cifar100,67.593330,4.124800,0.619517,16023
30,11,1558,pixel3,cifar100,64.020000,1.705220,0.619517,16023
30,11,8638,pixel3,cifar100,58.860000,1.478570,0.619517,16023
30,11,12574,pixel3,cifar100,72.740000,16.473900,0.619517,16023
30,11,1416,pixel3,cifar100,64.493330,2.084060,0.619517,16023
30,11,14253,pixel3,cifar100,70.860000,10.679300,0.619517,16023
30,11,724,pixel3,cifar100,67.053340,2.875650,0.619517,16023
30,11,6925,pixel3,cifar100,71.220000,10.688000,0.619517,16023
30,11,858,pixel3,cifar100,64.133330,2.003500,0.619517,16023
30,11,777,pixel3,cifar100,58.650000,1.087020,0.619517,16023
30,11,15363,pixel3,cifar100,70.520000,9.708640,0.619517,16023
30,11,6787,pixel3,cifar100,70.720000,9.854430,0.619517,16023
30,11,14112,pixel3,cifar100,68.386665,5.745320,0.619517,16023
30,11,8912,pixel3,cifar100,59.200000,1.478790,0.619517,16023
30,11,12970,pixel3,cifar100,68.140000,4.782110,0.619517,16023
30,12,4418,raspi4,cifar100,72.746666,47.162354,0.751946,16091
30,12,12574,raspi4,cifar100,72.740000,36.371254,0.751946,16091
30,12,8740,raspi4,cifar100,1.000000,0.015215,0.751946,16091
30,12,3487,raspi4,cifar100,70.093330,21.603350,0.751946,16091
30,12,15137,raspi4,cifar100,63.160000,4.941014,0.751946,16091
30,12,9997,raspi4,cifar100,71.520000,34.996710,0.751946,16091
30,12,12761,raspi4,cifar100,72.860000,53.718200,0.751946,16091
30,12,2222,raspi4,cifar100,58.313330,2.538255,0.751946,16091
30,12,15589,raspi4,cifar100,59.060000,2.795078,0.751946,16091
30,12,3888,raspi4,cifar100,73.260000,55.029520,0.751946,16091
30,12,6925,raspi4,cifar100,71.220000,24.195030,0.751946,16091
30,12,2058,raspi4,cifar100,69.613335,20.052132,0.751946,16091
30,12,8912,raspi4,cifar100,59.200000,2.818969,0.751946,16091
30,12,6294,raspi4,cifar100,66.973335,7.376450,0.751946,16091
30,12,15363,raspi4,cifar100,70.520000,21.809430,0.751946,16091
30,12,10042,raspi4,cifar100,64.880000,5.100886,0.751946,16091
30,12,2035,raspi4,cifar100,63.926666,5.005698,0.751946,16091
30,12,9895,raspi4,cifar100,69.400000,19.211880,0.751946,16091
30,12,15246,raspi4,cifar100,66.966670,7.350053,0.751946,16091
30,12,12915,raspi4,cifar100,66.950000,7.226311,0.751946,16091
30,12,14612,raspi4,cifar100,58.720000,2.563505,0.751946,16091
30,12,10222,raspi4,cifar100,58.860000,2.747804,0.751946,16091
30,12,6787,raspi4,cifar100,70.720000,23.081835,0.751946,16091
30,12,898,raspi4,cifar100,70.000000,21.506163,0.751946,16091
30,12,13430,raspi4,cifar100,66.700000,7.203785,0.751946,16091
30,12,14714,raspi4,cifar100,71.280000,24.692347,0.751946,16091
30,12,14811,raspi4,cifar100,69.680000,20.361189,0.751946,16091
30,12,9930,raspi4,cifar100,73.513336,71.152000,0.751946,16091
30,12,375,raspi4,cifar100,64.440000,5.099302,0.751946,16091
30,12,1459,raspi4,cifar100,73.140000,53.879950,0.751946,16091
30,12,12607,raspi4,cifar100,62.600000,4.779045,0.751946,16091
30,12,6822,raspi4,cifar100,58.426666,2.558594,0.751946,16091
30,12,6830,raspi4,cifar100,71.460000,34.491814,0.751946,16091
30,12,10166,raspi4,cifar100,62.700000,4.857379,0.751946,16091
30,12,3408,raspi4,cifar100,63.993332,5.081906,0.751946,16091
30,12,10275,raspi4,cifar100,67.060000,9.839916,0.751946,16091
30,12,1357,raspi4,cifar100,67.480000,10.177114,0.751946,16091
30,12,9926,raspi4,cifar100,63.520000,4.999532,0.751946,16091
30,12,14112,raspi4,cifar100,68.386665,14.423308,0.751946,16091
30,12,6918,raspi4,cifar100,58.800000,2.571364,0.751946,16091
30,12,4731,raspi4,cifar100,67.046670,7.444095,0.751946,16091
30,13,857,edgegpu,ImageNet16-120,47.311110,6.707663,0.625626,16215
30,13,2650,edgegpu,ImageNet16-120,42.433334,3.309817,0.625626,16215
30,13,8401,edgegpu,ImageNet16-120,43.833332,3.322444,0.625626,16215
30,13,4160,edgegpu,ImageNet16-120,39.833332,1.756272,0.625626,16215
30,13,7760,edgegpu,ImageNet16-120,39.100000,1.743751,0.625626,16215
30,13,4988,edgegpu,ImageNet16-120,28.933332,1.448212,0.625626,16215
30,13,5751,edgegpu,ImageNet16-120,40.044445,2.434626,0.625626,16215
30,13,4332,edgegpu,ImageNet16-120,39.444443,1.745496,0.625626,16215
30,13,8426,edgegpu,ImageNet16-120,44.633335,3.370147,0.625626,16215
30,13,1164,edgegpu,ImageNet16-120,28.522223,1.435223,0.625626,16215
30,13,12415,edgegpu,ImageNet16-120,46.566666,4.667692,0.625626,16215
30,13,4587,edgegpu,ImageNet16-120,28.800000,1.445131,0.625626,16215
30,13,9722,edgegpu,ImageNet16-120,44.000000,3.327813,0.625626,16215
30,13,15383,edgegpu,ImageNet16-120,47.033333,6.262836,0.625626,16215
30,13,15376,edgegpu,ImageNet16-120,0.833333,0.533953,0.625626,16215
30,13,4946,edgegpu,ImageNet16-120,44.700000,3.490419,0.625626,16215
30,13,1449,edgegpu,ImageNet16-120,40.077778,3.075252,0.625626,16215
30,13,11217,edgegpu,ImageNet16-120,43.466667,3.316708,0.625626,16215
30,13,15288,edgegpu,ImageNet16-120,28.422222,1.417041,0.625626,16215
30,13,6950,edgegpu,ImageNet16-120,38.700000,1.740150,0.625626,16215
30,13,14117,edgegpu,ImageNet16-120,28.677778,1.435547,0.625626,16215
30,13,8884,edgegpu,ImageNet16-120,45.033333,3.499999,0.625626,16215
30,13,10835,edgegpu,ImageNet16-120,45.233334,4.434366,0.625626,16215
30,13,9586,edgegpu,ImageNet16-120,46.933334,5.222673,0.625626,16215
30,13,15159,edgegpu,ImageNet16-120,45.566666,4.632421,0.625626,16215
30,13,7187,edgegpu,ImageNet16-120,28.683332,1.443858,0.625626,16215
30,13,13760,edgegpu,ImageNet16-120,32.333332,1.739759,0.625626,16215
30,14,15107,edgetpu,ImageNet16-120,39.800000,0.430284,0.590324,16016
30,14,13931,edgetpu,ImageNet16-120,28.788889,0.360349,0.590324,16016
30,14,8884,edgetpu,ImageNet16-120,45.033333,0.615792,0.590324,16016
30,14,7357,edgetpu,ImageNet16-120,44.666668,0.600498,0.590324,16016
30,14,15014,edgetpu,ImageNet16-120,28.266666,0.358110,0.590324,16016
30,14,14677,edgetpu,ImageNet16-120,33.233334,0.364575,0.590324,16016
30,14,6407,edgetpu,ImageNet16-120,32.333332,0.363748,0.590324,16016
30,14,12415,edgetpu,ImageNet16-120,46.566666,0.710906,0.590324,16016
30,14,857,edgetpu,ImageNet16-120,47.311110,0.997730,0.590324,16016
30,14,3540,edgetpu,ImageNet16-120,45.122223,0.648670,0.590324,16016
30,14,6950,edgetpu,ImageNet16-120,38.700000,0.427379,0.590324,16016
30,14,4830,edgetpu,ImageNet16-120,42.233334,0.549457,0.590324,16016
30,14,5751,edgetpu,ImageNet16-120,40.044445,0.516992,0.590324,16016
30,14,10340,edgetpu,ImageNet16-120,31.522223,0.363639,0.590324,16016
30,14,7750,edgetpu,ImageNet16-120,43.066666,0.551617,0.590324,16016
30,14,1973,edgetpu,ImageNet16-120,38.855556,0.427802,0.590324,16016
30,14,7273,edgetpu,ImageNet16-120,42.966667,0.550014,0.590324,16016
30,14,14840,edgetpu,ImageNet16-120,45.311110,0.666690,0.590324,16016
30,14,15363,edgetpu,ImageNet16-120,44.333332,0.582280,0.590324,16016
30,14,15383,edgetpu,ImageNet16-120,47.033333,0.780914,0.590324,16016
30,14,13097,edgetpu,ImageNet16-120,39.655556,0.428424,0.590324,16016
30,14,10167,edgetpu,ImageNet16-120,39.944443,0.444058,0.590324,16016
30,14,4988,edgetpu,ImageNet16-120,28.933332,0.360694,0.590324,16016
30,14,13769,edgetpu,ImageNet16-120,41.555557,0.549360,0.590324,16016
30,14,4160,edgetpu,ImageNet16-120,39.833332,0.430355,0.590324,16016
30,14,11079,edgetpu,ImageNet16-120,43.566666,0.552430,0.590324,16016
30,14,12231,edgetpu,ImageNet16-120,40.200000,0.518358,0.590324,16016
30,14,10017,edgetpu,ImageNet16-120,40.566666,0.524950,0.590324,16016
30,14,70,edgetpu,ImageNet16-120,39.377777,0.428228,0.590324,16016
30,14,10888,edgetpu,ImageNet16-120,28.333334,0.359044,0.590324,16016
30,14,5530,edgetpu,ImageNet16-120,42.577778,0.549937,0.590324,16016
30,14,6520,edgetpu,ImageNet16-120,32.383335,0.363944,0.590324,16016
30,15,8008,eyeriss,ImageNet16-120,43.500000,0.853120,0.437534,16487
30,15,6787,eyeriss,ImageNet16-120,44.400000,0.914560,0.437534,16487
30,15,4988,eyeriss,ImageNet16-120,28.933332,0.423040,0.437534,16487
30,15,2835,eyeriss,ImageNet16-120,38.222220,0.545920,0.437534,16487
30,15,8853,eyeriss,ImageNet16-120,45.600000,1.037440,0.437534,16487
30,15,6854,eyeriss,ImageNet16-120,40.800000,0.668800,0.437534,16487
30,15,857,eyeriss,ImageNet16-120,47.311110,1.651840,0.437534,16487
30,15,15383,eyeriss,ImageNet16-120,47.033333,1.283200,0.437534,16487
30,15,1939,eyeriss,ImageNet16-120,45.077778,0.976000,0.437534,16487
30,15,4829,eyeriss,ImageNet16-120,34.200000,0.484480,0.437534,16487
30,15,14417,eyeriss,ImageNet16-120,45.900000,1.098880,0.437534,16487
30,15,5487,eyeriss,ImageNet16-120,38.500000,0.607360,0.437534,16487
30,16,15383,fpga,ImageNet16-120,47.033333,1.504000,0.511156,16363
30,16,4618,fpga,ImageNet16-120,28.544445,0.284320,0.511156,16363
30,16,2835,fpga,ImageNet16-120,38.222220,0.546720,0.511156,16363
30,16,6787,fpga,ImageNet16-120,44.400000,0.969600,0.511156,16363
30,16,1939,fpga,ImageNet16-120,45.077778,1.062400,0.511156,16363
30,16,7187,fpga,ImageNet16-120,28.683332,0.386720,0.511156,16363
30,16,14748,fpga,ImageNet16-120,44.900000,0.995200,0.511156,16363
30,16,15446,fpga,ImageNet16-120,45.766666,1.116320,0.511156,16363
30,16,5793,fpga,ImageNet16-120,35.033333,0.517920,0.511156,16363
30,16,6854,fpga,ImageNet16-120,40.800000,0.809120,0.511156,16363
30,16,8008,fpga,ImageNet16-120,43.500000,0.876800,0.511156,16363
30,16,6868,fpga,ImageNet16-120,39.000000,0.649120,0.511156,16363
30,16,4829,fpga,ImageNet16-120,34.200000,0.415520,0.511156,16363
30,16,12452,fpga,ImageNet16-120,40.533333,0.780320,0.511156,16363
30,16,857,fpga,ImageNet16-120,47.311110,2.038400,0.511156,16363
30,17,2705,pixel3,ImageNet16-120,32.355556,0.618693,0.829655,15997
30,17,10581,pixel3,ImageNet16-120,32.366665,0.618818,0.829655,15997
30,17,857,pixel3,ImageNet16-120,47.311110,6.686850,0.829655,15997
30,17,1549,pixel3,ImageNet16-120,28.655556,0.424747,0.829655,15997
30,17,3728,pixel3,ImageNet16-120,28.500000,0.422880,0.829655,15997
30,17,2018,pixel3,ImageNet16-120,46.433334,4.949210,0.829655,15997
30,17,6014,pixel3,ImageNet16-120,28.533333,0.423391,0.829655,15997
30,17,13756,pixel3,ImageNet16-120,0.833333,0.005289,0.829655,15997
30,17,12103,pixel3,ImageNet16-120,28.250000,0.422433,0.829655,15997
30,17,978,pixel3,ImageNet16-120,33.488888,0.665489,0.829655,15997
30,17,872,pixel3,ImageNet16-120,41.777780,2.465030,0.829655,15997
30,17,4409,pixel3,ImageNet16-120,37.722220,0.862979,0.829655,15997
30,17,12466,pixel3,ImageNet16-120,46.100000,4.680280,0.829655,15997
30,17,12424,pixel3,ImageNet16-120,43.133330,2.470150,0.829655,15997
30,17,1939,pixel3,ImageNet16-120,45.077778,3.021500,0.829655,15997
30,17,10154,pixel3,ImageNet16-120,46.133335,4.783700,0.829655,15997
30,17,8853,pixel3,ImageNet16-120,45.600000,3.554540,0.829655,15997
30,17,12355,pixel3,ImageNet16-120,45.033333,2.989390,0.829655,15997
30,17,10888,pixel3,ImageNet16-120,28.333334,0.422652,0.829655,15997
30,17,2899,pixel3,ImageNet16-120,43.911110,2.701210,0.829655,15997
30,17,15383,pixel3,ImageNet16-120,47.033333,5.191720,0.829655,15997
30,17,6854,pixel3,ImageNet16-120,40.800000,1.621620,0.829655,15997
30,17,1425,pixel3,ImageNet16-120,45.977780,4.619290,0.829655,15997
30,17,12639,pixel3,ImageNet16-120,40.400000,1.304440,0.829655,15997
30,17,4988,pixel3,ImageNet16-120,28.933332,0.485996,0.829655,15997
30,17,4895,pixel3,ImageNet16-120,33.200000,0.619070,0.829655,15997
30,17,11000,pixel3,ImageNet16-120,44.866665,2.962520,0.829655,15997
30,17,8954,pixel3,ImageNet16-120,28.733334,0.424855,0.829655,15997
30,17,5487,pixel3,ImageNet16-120,38.500000,1.109150,0.829655,15997
30,17,4587,pixel3,ImageNet16-120,28.800000,0.445767,0.829655,15997
30,17,1110,pixel3,ImageNet16-120,28.600000,0.423927,0.829655,15997
30,17,11079,pixel3,ImageNet16-120,43.566666,2.479610,0.829655,15997
30,17,13059,pixel3,ImageNet16-120,34.266666,0.668679,0.829655,15997
30,17,12516,pixel3,ImageNet16-120,32.083332,0.617816,0.829655,15997
30,17,3960,pixel3,ImageNet16-120,37.755554,0.865747,0.829655,15997
30,17,14417,pixel3,ImageNet16-120,45.900000,4.143030,0.829655,15997
30,17,12358,pixel3,ImageNet16-120,34.055557,0.666287,0.829655,15997
30,17,2835,pixel3,ImageNet16-120,38.222220,0.868646,0.829655,15997
30,18,14417,raspi4,ImageNet16-120,45.900000,6.948865,0.855795,16190
30,18,8447,raspi4,ImageNet16-120,40.011112,3.156609,0.855795,16190
30,18,15383,raspi4,ImageNet16-120,47.033333,8.565354,0.855795,16190
30,18,15363,raspi4,ImageNet16-120,44.333332,4.480516,0.855795,16190
30,18,11177,raspi4,ImageNet16-120,33.200000,1.573414,0.855795,16190
30,18,6787,raspi4,ImageNet16-120,44.400000,4.532777,0.855795,16190
30,18,10167,raspi4,ImageNet16-120,39.944443,3.106316,0.855795,16190
30,18,1939,raspi4,ImageNet16-120,45.077778,5.341908,0.855795,16190
30,18,6868,raspi4,ImageNet16-120,39.000000,2.982937,0.855795,16190
30,18,15107,raspi4,ImageNet16-120,39.800000,3.083329,0.855795,16190
30,18,4689,raspi4,ImageNet16-120,37.455555,2.198343,0.855795,16190
30,18,5530,raspi4,ImageNet16-120,42.577778,3.785925,0.855795,16190
30,18,933,raspi4,ImageNet16-120,0.833333,0.011514,0.855795,16190
30,18,14750,raspi4,ImageNet16-120,32.933334,1.536700,0.855795,16190
30,18,3782,raspi4,ImageNet16-120,41.866665,3.755286,0.855795,16190
30,18,7187,raspi4,ImageNet16-120,28.683332,0.952790,0.855795,16190
30,18,6336,raspi4,ImageNet16-120,39.366665,3.073392,0.855795,16190
30,18,12505,raspi4,ImageNet16-120,39.283333,3.062432,0.855795,16190
30,18,10472,raspi4,ImageNet16-120,39.633335,3.079679,0.855795,16190
30,18,4675,raspi4,ImageNet16-120,33.100000,1.544321,0.855795,16190
30,18,11946,raspi4,ImageNet16-120,28.200000,0.940293,0.855795,16190
30,18,4988,raspi4,ImageNet16-120,28.933332,1.003251,0.855795,16190
30,18,13931,raspi4,ImageNet16-120,28.788889,0.956195,0.855795,16190
30,18,5973,raspi4,ImageNet16-120,40.100000,3.159922,0.855795,16190
30,18,9032,raspi4,ImageNet16-120,38.016666,2.201532,0.855795,16190
30,18,219,raspi4,ImageNet16-120,42.500000,3.768475,0.855795,16190
30,18,735,raspi4,ImageNet16-120,38.544445,2.911079,0.855795,16190
30,18,10835,raspi4,ImageNet16-120,45.233334,6.632419,0.855795,16190
30,18,4995,raspi4,ImageNet16-120,42.166668,3.766336,0.855795,16190
30,18,857,raspi4,ImageNet16-120,47.311110,9.020064,0.855795,16190
30,18,12358,raspi4,ImageNet16-120,34.055557,1.582727,0.855795,16190
30,18,2018,raspi4,ImageNet16-120,46.433334,7.482383,0.855795,16190
30,18,9805,raspi4,ImageNet16-120,34.133335,1.617568,0.855795,16190
30,18,11584,raspi4,ImageNet16-120,46.666668,8.014434,0.855795,16190
30,18,6854,raspi4,ImageNet16-120,40.800000,3.661016,0.855795,16190
30,18,41,raspi4,ImageNet16-120,32.388890,1.528043,0.855795,16190
30,18,8584,raspi4,ImageNet16-120,34.088890,1.586268,0.855795,16190
30,18,8884,raspi4,ImageNet16-120,45.033333,5.293177,0.855795,16190
30,18,5637,raspi4,ImageNet16-120,33.933334,1.580707,0.855795,16190
30,18,2779,raspi4,ImageNet16-120,37.355556,2.190654,0.855795,16190
30,18,1413,raspi4,ImageNet16-120,42.711113,3.788479,0.855795,16190
30,18,9496,raspi4,ImageNet16-120,38.200000,2.204048,0.855795,16190
30,18,7227,raspi4,ImageNet16-120,32.533333,1.530737,0.855795,16190
30,18,5455,raspi4,ImageNet16-120,32.611110,1.532377,0.855795,16190
30,18,10017,raspi4,ImageNet16-120,40.566666,3.181383,0.855795,16190
30,18,13771,raspi4,ImageNet16-120,32.744446,1.533813,0.855795,16190
30,18,11079,raspi4,ImageNet16-120,43.566666,3.802027,0.855795,16190
