run_id,context_id,archid,device,dataset,accuracy,latency,runtime_sec,evaluations
1,1,11438,edgegpu,cifar10,92.500000,1.846719,0.297181,10050
1,1,13401,edgegpu,cifar10,87.010000,1.457009,0.297181,10050
1,1,5400,edgegpu,cifar10,86.630000,1.427460,0.297181,10050
1,1,258,edgegpu,cifar10,93.640000,3.307109,0.297181,10050
1,1,14527,edgegpu,cifar10,86.765000,1.439619,0.297181,10050
1,1,1459,edgegpu,cifar10,94.296670,6.748991,0.297181,10050
1,1,6499,edgegpu,cifar10,93.645000,3.331041,0.297181,10050
1,1,10484,edgegpu,cifar10,93.810000,3.354015,0.297181,10050
1,1,13714,edgegpu,cifar10,94.373340,6.772180,0.297181,10050
1,1,9099,edgegpu,cifar10,93.940000,3.357520,0.297181,10050
1,1,11692,edgegpu,cifar10,94.130000,4.708362,0.297181,10050
1,1,2053,edgegpu,cifar10,94.206665,5.482254,0.297181,10050
1,1,6330,edgegpu,cifar10,94.006670,4.384699,0.297181,10050
1,1,6950,edgegpu,cifar10,92.000000,1.738467,0.297181,10050
1,1,561,edgegpu,cifar10,86.880000,1.451068,0.297181,10050
1,1,5292,edgegpu,cifar10,94.293335,6.663151,0.297181,10050
1,1,11810,edgegpu,cifar10,92.780000,1.992798,0.297181,10050
1,1,14090,edgegpu,cifar10,92.086670,1.749086,0.297181,10050
1,1,2090,edgegpu,cifar10,86.650000,1.437702,0.297181,10050
1,1,1099,edgegpu,cifar10,92.240000,1.774683,0.297181,10050
1,1,15200,edgegpu,cifar10,10.000000,0.501385,0.297181,10050
1,1,14407,edgegpu,cifar10,86.770000,1.440282,0.297181,10050
1,1,2776,edgegpu,cifar10,93.666664,3.331194,0.297181,10050
1,1,5780,edgegpu,cifar10,93.980000,3.361888,0.297181,10050
1,1,1038,edgegpu,cifar10,92.276665,1.828198,0.297181,10050
1,2,9689,edgetpu,cifar10,93.370000,0.628386,0.421009,10050
1,2,10581,edgetpu,cifar10,89.015000,0.390403,0.421009,10050
1,2,5780,edgetpu,cifar10,93.980000,0.723967,0.421009,10050
1,2,13714,edgetpu,cifar10,94.373340,1.377865,0.421009,10050
1,2,11438,edgetpu,cifar10,92.500000,0.482393,0.421009,10050
1,2,11692,edgetpu,cifar10,94.130000,0.761100,0.421009,10050
1,2,11112,edgetpu,cifar10,92.110000,0.480732,0.421009,10050
1,2,4675,edgetpu,cifar10,89.200000,0.395661,0.421009,10050
1,2,2053,edgetpu,cifar10,94.206665,1.042178,0.421009,10050
1,2,11810,edgetpu,cifar10,92.780000,0.482879,0.421009,10050
1,2,9380,edgetpu,cifar10,89.335000,0.395662,0.421009,10050
1,2,6382,edgetpu,cifar10,93.376660,0.628638,0.421009,10050
1,2,5258,edgetpu,cifar10,88.775000,0.388629,0.421009,10050
1,2,6918,edgetpu,cifar10,87.000000,0.375819,0.421009,10050
1,2,5224,edgetpu,cifar10,88.980000,0.389900,0.421009,10050
1,2,797,edgetpu,cifar10,93.280000,0.627996,0.421009,10050
1,2,10683,edgetpu,cifar10,92.330000,0.481277,0.421009,10050
1,2,5111,edgetpu,cifar10,94.306660,1.152010,0.421009,10050
1,2,7017,edgetpu,cifar10,86.970000,0.353089,0.421009,10050
1,2,6407,edgetpu,cifar10,88.933334,0.389381,0.421009,10050
1,2,3731,edgetpu,cifar10,94.343330,1.282820,0.421009,10050
1,2,13611,edgetpu,cifar10,92.490000,0.481826,0.421009,10050
1,2,3927,edgetpu,cifar10,93.626660,0.723268,0.421009,10050
1,2,9950,edgetpu,cifar10,93.840000,0.723767,0.421009,10050
1,2,8008,edgetpu,cifar10,93.480000,0.629746,0.421009,10050
1,2,8192,edgetpu,cifar10,93.093330,0.627745,0.421009,10050
1,2,2485,edgetpu,cifar10,86.700000,0.346546,0.421009,10050
1,3,6584,eyeriss,cifar10,94.160000,4.874420,0.307422,10050
1,3,6111,eyeriss,cifar10,94.373340,7.823540,0.307422,10050
1,3,3731,eyeriss,cifar10,94.343330,6.594740,0.307422,10050
1,3,4384,eyeriss,cifar10,86.796670,1.679540,0.307422,10050
1,3,6899,eyeriss,cifar10,90.900000,2.416820,0.307422,10050
1,3,5111,eyeriss,cifar10,94.306660,5.365940,0.307422,10050
1,3,13611,eyeriss,cifar10,92.490000,3.154100,0.307422,10050
1,3,10412,eyeriss,cifar10,93.530000,3.645620,0.307422,10050
1,3,8008,eyeriss,cifar10,93.480000,3.399860,0.307422,10050
1,3,8323,eyeriss,cifar10,90.870000,2.171060,0.307422,10050
1,3,13869,eyeriss,cifar10,93.656670,3.891380,0.307422,10050
1,3,8720,eyeriss,cifar10,89.875000,1.925300,0.307422,10050
1,3,9950,eyeriss,cifar10,93.840000,4.628660,0.307422,10050
1,4,15000,fpga,cifar10,92.400000,2.390560,0.270482,10050
1,4,6111,fpga,cifar10,94.373340,6.678560,0.270482,10050
1,4,8008,fpga,cifar10,93.480000,2.905760,0.270482,10050
1,4,3731,fpga,cifar10,94.343330,5.936160,0.270482,10050
1,4,13987,fpga,cifar10,93.596664,3.420960,0.270482,10050
1,4,6584,fpga,cifar10,94.160000,4.163360,0.270482,10050
1,4,8720,fpga,cifar10,89.875000,1.648160,0.270482,10050
1,4,3960,fpga,cifar10,90.830000,2.163360,0.270482,10050
1,4,13714,fpga,cifar10,94.373340,6.678560,0.270482,10050
1,4,11472,fpga,cifar10,93.970000,3.648160,0.270482,10050
1,4,5111,fpga,cifar10,94.306660,5.193760,0.270482,10050
1,4,4384,fpga,cifar10,86.796670,1.132960,0.270482,10050
1,4,15295,fpga,cifar10,90.050000,2.057760,0.270482,10050
1,5,1616,pixel3,cifar10,89.740000,2.038690,0.355655,10050
1,5,7197,pixel3,cifar10,90.366670,2.447670,0.355655,10050
1,5,13987,pixel3,cifar10,93.596664,9.922680,0.355655,10050
1,5,6382,pixel3,cifar10,93.376660,7.048190,0.355655,10050
1,5,8592,pixel3,cifar10,93.750000,10.769800,0.355655,10050
1,5,1497,pixel3,cifar10,86.556660,1.056630,0.355655,10050
1,5,6985,pixel3,cifar10,89.940000,2.367450,0.355655,10050
1,5,4627,pixel3,cifar10,93.270000,7.036050,0.355655,10050
1,5,1943,pixel3,cifar10,93.116670,6.492030,0.355655,10050
1,5,7001,pixel3,cifar10,10.000000,0.003277,0.355655,10050
1,5,13869,pixel3,cifar10,93.656670,10.634700,0.355655,10050
1,5,7017,pixel3,cifar10,86.970000,1.403930,0.355655,10050
1,5,1425,pixel3,cifar10,93.933334,12.536500,0.355655,10050
1,5,1778,pixel3,cifar10,92.180000,6.446230,0.355655,10050
1,5,1804,pixel3,cifar10,89.063330,1.579900,0.355655,10050
1,5,8708,pixel3,cifar10,94.080000,12.839000,0.355655,10050
1,5,10689,pixel3,cifar10,90.790000,2.669770,0.355655,10050
1,5,6918,pixel3,cifar10,87.000000,1.478790,0.355655,10050
1,5,8323,pixel3,cifar10,90.870000,3.106420,0.355655,10050
1,5,9230,pixel3,cifar10,86.580000,1.056760,0.355655,10050
1,5,5111,pixel3,cifar10,94.306660,17.584600,0.355655,10050
1,5,1941,pixel3,cifar10,93.533330,9.128690,0.355655,10050
1,5,6584,pixel3,cifar10,94.160000,15.720300,0.355655,10050
1,5,6999,pixel3,cifar10,93.820000,12.260900,0.355655,10050
1,5,11972,pixel3,cifar10,91.510000,5.627010,0.355655,10050
1,5,6111,pixel3,cifar10,94.373340,23.584800,0.355655,10050
1,5,8695,pixel3,cifar10,94.220000,17.564500,0.355655,10050
1,5,6899,pixel3,cifar10,90.900000,3.961410,0.355655,10050
1,5,2035,pixel3,cifar10,89.670000,1.706480,0.355655,10050
1,5,3731,pixel3,cifar10,94.343330,23.361300,0.355655,10050
1,5,11692,pixel3,cifar10,94.130000,15.490100,0.355655,10050
1,5,5224,pixel3,cifar10,88.980000,1.570360,0.355655,10050
1,5,12970,pixel3,cifar10,90.970000,4.723840,0.355655,10050
1,5,12452,pixel3,cifar10,91.350000,5.590110,0.355655,10050
1,5,13171,pixel3,cifar10,93.530000,7.717220,0.355655,10050
1,5,6624,pixel3,cifar10,89.120000,1.670570,0.355655,10050
1,5,7341,pixel3,cifar10,86.720000,1.270180,0.355655,10050
1,5,296,pixel3,cifar10,89.713330,1.805350,0.355655,10050
1,5,4554,pixel3,cifar10,86.670000,1.114880,0.355655,10050
1,5,1339,pixel3,cifar10,92.136665,5.802240,0.355655,10050
1,5,1631,pixel3,cifar10,89.506670,1.697120,0.355655,10050
1,6,15288,raspi4,cifar10,86.660000,2.557443,0.391094,10050
1,6,9380,raspi4,cifar10,89.335000,4.875613,0.391094,10050
1,6,7352,raspi4,cifar10,92.200000,18.038305,0.391094,10050
1,6,14677,raspi4,cifar10,88.670000,4.755260,0.391094,10050
1,6,7030,raspi4,cifar10,93.173330,20.230932,0.391094,10050
1,6,12639,raspi4,cifar10,90.990000,11.857850,0.391094,10050
1,6,12504,raspi4,cifar10,92.130000,16.890614,0.391094,10050
1,6,9394,raspi4,cifar10,86.670000,2.752290,0.391094,10050
1,6,12002,raspi4,cifar10,93.510000,24.816572,0.391094,10050
1,6,2937,raspi4,cifar10,92.190000,17.768639,0.391094,10050
1,6,11810,raspi4,cifar10,92.780000,18.619905,0.391094,10050
1,6,12475,raspi4,cifar10,86.580000,2.555417,0.391094,10050
1,6,1941,raspi4,cifar10,93.533330,25.121769,0.391094,10050
1,6,7207,raspi4,cifar10,89.803340,5.099723,0.391094,10050
1,6,6953,raspi4,cifar10,91.990000,15.601654,0.391094,10050
1,6,9980,raspi4,cifar10,10.000000,0.011284,0.391094,10050
1,6,5111,raspi4,cifar10,94.306660,41.756905,0.391094,10050
1,6,6382,raspi4,cifar10,93.376660,21.461164,0.391094,10050
1,6,4689,raspi4,cifar10,90.720000,7.356712,0.391094,10050
1,6,10412,raspi4,cifar10,93.530000,25.079220,0.391094,10050
1,6,6918,raspi4,cifar10,87.000000,2.787590,0.391094,10050
1,6,6584,raspi4,cifar10,94.160000,38.818527,0.391094,10050
1,6,8592,raspi4,cifar10,93.750000,25.477009,0.391094,10050
1,6,3731,raspi4,cifar10,94.343330,58.070793,0.391094,10050
1,6,7058,raspi4,cifar10,92.040000,16.469465,0.391094,10050
1,6,4432,raspi4,cifar10,90.700000,7.290926,0.391094,10050
1,6,6111,raspi4,cifar10,94.373340,68.404106,0.391094,10050
1,6,13611,raspi4,cifar10,92.490000,18.523302,0.391094,10050
1,6,5780,raspi4,cifar10,93.980000,34.928463,0.391094,10050
1,6,14945,raspi4,cifar10,86.700000,2.785829,0.391094,10050
1,6,2035,raspi4,cifar10,89.670000,4.984099,0.391094,10050
1,6,11692,raspi4,cifar10,94.130000,37.583630,0.391094,10050
1,6,8426,raspi4,cifar10,93.840000,31.394428,0.391094,10050
1,6,1804,raspi4,cifar10,89.063330,4.791845,0.391094,10050
1,6,8323,raspi4,cifar10,90.870000,7.426308,0.391094,10050
1,6,8008,raspi4,cifar10,93.480000,22.571420,0.391094,10050
1,6,1962,raspi4,cifar10,86.530000,2.529453,0.391094,10050
1,6,4659,raspi4,cifar10,93.396670,22.249382,0.391094,10050
1,6,4210,raspi4,cifar10,89.030000,4.782748,0.391094,10050
1,7,11465,edgegpu,cifar100,71.160000,4.351864,0.546781,10050
1,7,9930,edgegpu,cifar100,73.513336,6.803060,0.546781,10050
1,7,9922,edgegpu,cifar100,58.560000,1.428552,0.546781,10050
1,7,2778,edgegpu,cifar100,72.993330,6.134028,0.546781,10050
1,7,12415,edgegpu,cifar100,71.940000,4.828467,0.546781,10050
1,7,11067,edgegpu,cifar100,58.186670,1.427836,0.546781,10050
1,7,3888,edgegpu,cifar100,73.260000,6.797867,0.546781,10050
1,7,8401,edgegpu,cifar100,71.080000,3.302102,0.546781,10050
1,7,3540,edgegpu,cifar100,71.500000,4.730291,0.546781,10050
1,7,8912,edgegpu,cifar100,59.200000,1.441355,0.546781,10050
1,7,14089,edgegpu,cifar100,61.806667,1.752892,0.546781,10050
1,7,4418,edgegpu,cifar100,72.746666,5.352364,0.546781,10050
1,7,1509,edgegpu,cifar100,1.000000,0.505853,0.546781,10050
1,7,6381,edgegpu,cifar100,66.800000,1.753340,0.546781,10050
1,7,4954,edgegpu,cifar100,73.000000,6.669736,0.546781,10050
1,7,2304,edgegpu,cifar100,58.660000,1.440253,0.546781,10050
1,7,1038,edgegpu,cifar100,67.500000,1.758428,0.546781,10050
1,7,11810,edgegpu,cifar100,68.300000,1.779551,0.546781,10050
1,7,11885,edgegpu,cifar100,68.040000,1.776652,0.546781,10050
1,8,777,edgetpu,cifar100,58.650000,0.355588,0.363329,10050
1,8,3303,edgetpu,cifar100,62.420000,0.392593,0.363329,10050
1,8,5019,edgetpu,cifar100,58.880000,0.357058,0.363329,10050
1,8,9930,edgetpu,cifar100,73.513336,1.454107,0.363329,10050
1,8,3888,edgetpu,cifar100,73.260000,1.316226,0.363329,10050
1,8,10443,edgetpu,cifar100,68.300000,0.489020,0.363329,10050
1,8,69,edgetpu,cifar100,71.020000,0.727259,0.363329,10050
1,8,14945,edgetpu,cifar100,58.500000,0.354940,0.363329,10050
1,8,11533,edgetpu,cifar100,69.760000,0.635877,0.363329,10050
1,8,1317,edgetpu,cifar100,72.566666,1.023844,0.363329,10050
1,8,699,edgetpu,cifar100,72.240000,0.940479,0.363329,10050
1,8,11973,edgetpu,cifar100,70.340000,0.641728,0.363329,10050
1,8,15363,edgetpu,cifar100,70.520000,0.676394,0.363329,10050
1,8,12415,edgetpu,cifar100,71.940000,0.872299,0.363329,10050
1,8,4418,edgetpu,cifar100,72.746666,1.093699,0.363329,10050
1,8,8401,edgetpu,cifar100,71.080000,0.728572,0.363329,10050
1,8,9997,edgetpu,cifar100,71.520000,0.729986,0.363329,10050
1,8,1996,edgetpu,cifar100,67.820000,0.486748,0.363329,10050
1,8,9271,edgetpu,cifar100,63.400000,0.393151,0.363329,10050
1,8,12761,edgetpu,cifar100,72.860000,1.225212,0.363329,10050
1,8,781,edgetpu,cifar100,67.960000,0.487922,0.363329,10050
1,8,10000,edgetpu,cifar100,73.160000,1.283461,0.363329,10050
1,8,4155,edgetpu,cifar100,62.306667,0.391442,0.363329,10050
1,8,12424,edgetpu,cifar100,69.980000,0.638946,0.363329,10050
1,8,1110,edgetpu,cifar100,58.840000,0.355938,0.363329,10050
1,8,2705,edgetpu,cifar100,62.813330,0.393026,0.363329,10050
1,8,797,edgetpu,cifar100,69.580000,0.633351,0.363329,10050
1,8,8638,edgetpu,cifar100,58.860000,0.356631,0.363329,10050
1,8,12607,edgetpu,cifar100,62.600000,0.392830,0.363329,10050
1,8,14174,edgetpu,cifar100,72.646670,1.081678,0.363329,10050
1,8,577,edgetpu,cifar100,69.680000,0.635228,0.363329,10050
1,8,1943,edgetpu,cifar100,69.626660,0.634759,0.363329,10050
1,9,3540,eyeriss,cifar100,71.500000,4.877440,0.349862,10050
1,9,12820,eyeriss,cifar100,67.720000,2.419840,0.349862,10050
1,9,15363,eyeriss,cifar100,70.520000,3.648640,0.349862,10050
1,9,9930,eyeriss,cifar100,73.513336,9.055360,0.349862,10050
1,9,3487,eyeriss,cifar100,70.093330,3.402880,0.349862,10050
1,9,12761,eyeriss,cifar100,72.860000,6.352000,0.349862,10050
1,9,10689,eyeriss,cifar100,67.500000,2.174080,0.349862,10050
1,9,6925,eyeriss,cifar100,71.220000,3.894400,0.349862,10050
1,9,8139,eyeriss,cifar100,64.440000,1.928320,0.349862,10050
1,9,5084,eyeriss,cifar100,58.813330,1.682560,0.349862,10050
1,9,375,eyeriss,cifar100,64.440000,1.928320,0.349862,10050
1,9,12574,eyeriss,cifar100,72.740000,5.123200,0.349862,10050
1,9,3888,eyeriss,cifar100,73.260000,6.597760,0.349862,10050
1,9,11301,eyeriss,cifar100,68.220000,2.665600,0.349862,10050
1,10,5084,fpga,cifar100,58.813330,1.132960,0.297667,10050
1,10,6925,fpga,cifar100,71.220000,3.936160,0.297667,10050
1,10,11472,fpga,cifar100,70.860000,3.648160,0.297667,10050
1,10,11979,fpga,cifar100,68.000000,2.800160,0.297667,10050
1,10,12820,fpga,cifar100,67.720000,2.678560,0.297667,10050
1,10,3540,fpga,cifar100,71.500000,4.163360,0.297667,10050
1,10,10689,fpga,cifar100,67.500000,2.163360,0.297667,10050
1,10,7250,fpga,cifar100,67.706665,2.390560,0.297667,10050
1,10,9930,fpga,cifar100,73.513336,7.420960,0.297667,10050
1,10,3888,fpga,cifar100,73.260000,5.936160,0.297667,10050
1,10,11878,fpga,cifar100,65.060000,2.057760,0.297667,10050
1,10,3487,fpga,cifar100,70.093330,2.905760,0.297667,10050
1,10,699,fpga,cifar100,72.240000,4.678560,0.297667,10050
1,10,375,fpga,cifar100,64.440000,1.648160,0.297667,10050
1,10,6787,fpga,cifar100,70.720000,3.420960,0.297667,10050
1,10,3385,fpga,cifar100,72.380000,5.193760,0.297667,10050
1,10,12761,fpga,cifar100,72.860000,5.420960,0.297667,10050
1,10,5033,fpga,cifar100,59.060000,1.542560,0.297667,10050
1,11,1459,pixel3,cifar100,73.140000,23.437900,0.331623,10050
1,11,9649,pixel3,cifar100,64.540000,2.536210,0.331623,10050
1,11,9930,pixel3,cifar100,73.513336,42.003600,0.331623,10050
1,11,12970,pixel3,cifar100,68.140000,4.782110,0.331623,10050
1,11,375,pixel3,cifar100,64.440000,2.363140,0.331623,10050
1,11,3888,pixel3,cifar100,73.260000,23.477200,0.331623,10050
1,11,898,pixel3,cifar100,70.000000,6.516140,0.331623,10050
1,11,8323,pixel3,cifar100,67.080000,3.106340,0.331623,10050
1,11,657,pixel3,cifar100,58.233334,1.233070,0.331623,10050
1,11,11301,pixel3,cifar100,68.220000,5.352090,0.331623,10050
1,11,1409,pixel3,cifar100,58.853333,1.275090,0.331623,10050
1,11,6337,pixel3,cifar100,1.000000,0.008753,0.331623,10050
1,11,858,pixel3,cifar100,64.133330,2.003500,0.331623,10050
1,11,1593,pixel3,cifar100,62.126667,1.582050,0.331623,10050
1,11,724,pixel3,cifar100,67.053340,2.875650,0.331623,10050
1,11,857,pixel3,cifar100,72.880000,19.113200,0.331623,10050
1,11,10689,pixel3,cifar100,67.500000,3.109220,0.331623,10050
1,11,8912,pixel3,cifar100,59.200000,1.478790,0.331623,10050
1,11,8638,pixel3,cifar100,58.860000,1.478570,0.331623,10050
1,11,2649,pixel3,cifar100,64.446660,2.496890,0.331623,10050
1,11,3192,pixel3,cifar100,71.133330,11.671300,0.331623,10050
1,11,12574,pixel3,cifar100,72.740000,16.473900,0.331623,10050
1,11,906,pixel3,cifar100,62.393333,1.661810,0.331623,10050
1,11,1090,pixel3,cifar100,65.220000,2.811310,0.331623,10050
1,11,14253,pixel3,cifar100,70.860000,10.679300,0.331623,10050
1,11,14112,pixel3,cifar100,68.386665,5.745320,0.331623,10050
1,11,15363,pixel3,cifar100,70.520000,9.708640,0.331623,10050
1,11,6787,pixel3,cifar100,70.720000,9.854430,0.331623,10050
1,11,485,pixel3,cifar100,67.593330,4.124800,0.331623,10050
1,11,699,pixel3,cifar100,72.240000,12.079400,0.331623,10050
1,12,1113,raspi4,cifar100,67.440000,12.254540,0.581523,10050
1,12,6918,raspi4,cifar100,58.800000,2.571364,0.581523,10050
1,12,3408,raspi4,cifar100,63.993332,5.081906,0.581523,10050
1,12,10042,raspi4,cifar100,64.880000,5.100886,0.581523,10050
1,12,3888,raspi4,cifar100,73.260000,55.029520,0.581523,10050
1,12,1572,raspi4,cifar100,69.900000,19.916142,0.581523,10050
1,12,6822,raspi4,cifar100,58.426666,2.558594,0.581523,10050
1,12,15589,raspi4,cifar100,59.060000,2.795078,0.581523,10050
1,12,9930,raspi4,cifar100,73.513336,71.152000,0.581523,10050
1,12,4731,raspi4,cifar100,67.046670,7.444095,0.581523,10050
1,12,4418,raspi4,cifar100,72.746666,47.162354,0.581523,10050
1,12,9997,raspi4,cifar100,71.520000,34.996710,0.581523,10050
1,12,1459,raspi4,cifar100,73.140000,53.879950,0.581523,10050
1,12,12607,raspi4,cifar100,62.600000,4.779045,0.581523,10050
1,12,14792,raspi4,cifar100,69.500000,19.111843,0.581523,10050
1,12,12761,raspi4,cifar100,72.860000,53.718200,0.581523,10050
1,12,12574,raspi4,cifar100,72.740000,36.371254,0.581523,10050
1,12,2222,raspi4,cifar100,58.313330,2.538255,0.581523,10050
1,12,8740,raspi4,cifar100,1.000000,0.015215,0.581523,10050
1,12,2035,raspi4,cifar100,63.926666,5.005698,0.581523,10050
1,12,15137,raspi4,cifar100,63.160000,4.941014,0.581523,10050
1,12,5208,raspi4,cifar100,67.413330,9.665987,0.581523,10050
1,12,14112,raspi4,cifar100,68.386665,14.423308,0.581523,10050
1,12,375,raspi4,cifar100,64.440000,5.099302,0.581523,10050
1,12,10222,raspi4,cifar100,58.860000,2.747804,0.581523,10050
1,12,10166,raspi4,cifar100,62.700000,4.857379,0.581523,10050
1,12,14612,raspi4,cifar100,58.720000,2.563505,0.581523,10050
1,12,8912,raspi4,cifar100,59.200000,2.818969,0.581523,10050
1,12,12915,raspi4,cifar100,66.950000,7.226311,0.581523,10050
1,12,9380,raspi4,cifar100,62.680000,4.821364,0.581523,10050
1,12,6830,raspi4,cifar100,71.460000,34.491814,0.581523,10050
1,12,14714,raspi4,cifar100,71.280000,24.692347,0.581523,10050
1,12,13430,raspi4,cifar100,66.700000,7.203785,0.581523,10050
1,12,15363,raspi4,cifar100,70.520000,21.809430,0.581523,10050
1,13,12415,edgegpu,ImageNet16-120,46.566666,4.667692,0.343016,10050
1,13,6950,edgegpu,ImageNet16-120,38.700000,1.740150,0.343016,10050
1,13,1449,edgegpu,ImageNet16-120,40.077778,3.075252,0.343016,10050
1,13,15383,edgegpu,ImageNet16-120,47.033333,6.262836,0.343016,10050
1,13,14612,edgegpu,ImageNet16-120,28.488890,1.434064,0.343016,10050
1,13,7760,edgegpu,ImageNet16-120,39.100000,1.743751,0.343016,10050
1,13,14117,edgegpu,ImageNet16-120,28.677778,1.435547,0.343016,10050
1,13,4946,edgegpu,ImageNet16-120,44.700000,3.490419,0.343016,10050
1,13,15376,edgegpu,ImageNet16-120,0.833333,0.533953,0.343016,10050
1,13,4160,edgegpu,ImageNet16-120,39.833332,1.756272,0.343016,10050
1,13,7187,edgegpu,ImageNet16-120,28.683332,1.443858,0.343016,10050
1,13,13411,edgegpu,ImageNet16-120,31.855556,1.736240,0.343016,10050
1,13,4988,edgegpu,ImageNet16-120,28.933332,1.448212,0.343016,10050
1,13,15288,edgegpu,ImageNet16-120,28.422222,1.417041,0.343016,10050
1,13,4587,edgegpu,ImageNet16-120,28.800000,1.445131,0.343016,10050
1,13,9722,edgegpu,ImageNet16-120,44.000000,3.327813,0.343016,10050
1,13,6636,edgegpu,ImageNet16-120,40.544445,3.305931,0.343016,10050
1,13,13760,edgegpu,ImageNet16-120,32.333332,1.739759,0.343016,10050
1,13,8401,edgegpu,ImageNet16-120,43.833332,3.322444,0.343016,10050
1,13,857,edgegpu,ImageNet16-120,47.311110,6.707663,0.343016,10050
1,13,9586,edgegpu,ImageNet16-120,46.933334,5.222673,0.343016,10050
1,13,1164,edgegpu,ImageNet16-120,28.522223,1.435223,0.343016,10050
1,13,10947,edgegpu,ImageNet16-120,39.944443,1.909800,0.343016,10050
1,13,5751,edgegpu,ImageNet16-120,40.044445,2.434626,0.343016,10050
1,13,2650,edgegpu,ImageNet16-120,42.433334,3.309817,0.343016,10050
1,13,11217,edgegpu,ImageNet16-120,43.466667,3.316708,0.343016,10050
1,13,10750,edgegpu,ImageNet16-120,44.600000,3.434558,0.343016,10050
1,13,4332,edgegpu,ImageNet16-120,39.444443,1.745496,0.343016,10050
1,13,14840,edgegpu,ImageNet16-120,45.311110,4.224715,0.343016,10050
1,14,14662,edgetpu,ImageNet16-120,41.166668,0.547835,0.339910,10050
1,14,10888,edgetpu,ImageNet16-120,28.333334,0.359044,0.339910,10050
1,14,3236,edgetpu,ImageNet16-120,40.044445,0.517540,0.339910,10050
1,14,6950,edgetpu,ImageNet16-120,38.700000,0.427379,0.339910,10050
1,14,10017,edgetpu,ImageNet16-120,40.566666,0.524950,0.339910,10050
1,14,14527,edgetpu,ImageNet16-120,28.133333,0.358865,0.339910,10050
1,14,8884,edgetpu,ImageNet16-120,45.033333,0.615792,0.339910,10050
1,14,4988,edgetpu,ImageNet16-120,28.933332,0.360694,0.339910,10050
1,14,7357,edgetpu,ImageNet16-120,44.666668,0.600498,0.339910,10050
1,14,11885,edgetpu,ImageNet16-120,39.166668,0.427395,0.339910,10050
1,14,70,edgetpu,ImageNet16-120,39.377777,0.428228,0.339910,10050
1,14,7174,edgetpu,ImageNet16-120,33.116665,0.391775,0.339910,10050
1,14,13972,edgetpu,ImageNet16-120,31.933332,0.363440,0.339910,10050
1,14,10332,edgetpu,ImageNet16-120,40.033333,0.516152,0.339910,10050
1,14,3650,edgetpu,ImageNet16-120,43.866665,0.597881,0.339910,10050
1,14,13931,edgetpu,ImageNet16-120,28.788889,0.360349,0.339910,10050
1,14,4160,edgetpu,ImageNet16-120,39.833332,0.430355,0.339910,10050
1,14,12415,edgetpu,ImageNet16-120,46.566666,0.710906,0.339910,10050
1,14,9689,edgetpu,ImageNet16-120,42.533333,0.549702,0.339910,10050
1,14,5530,edgetpu,ImageNet16-120,42.577778,0.549937,0.339910,10050
1,14,7273,edgetpu,ImageNet16-120,42.966667,0.550014,0.339910,10050
1,14,4627,edgetpu,ImageNet16-120,43.500000,0.552306,0.339910,10050
1,14,14655,edgetpu,ImageNet16-120,44.000000,0.599924,0.339910,10050
1,14,7431,edgetpu,ImageNet16-120,32.577778,0.363954,0.339910,10050
1,14,11282,edgetpu,ImageNet16-120,39.633335,0.428409,0.339910,10050
1,14,14840,edgetpu,ImageNet16-120,45.311110,0.666690,0.339910,10050
1,14,11079,edgetpu,ImageNet16-120,43.566666,0.552430,0.339910,10050
1,14,4830,edgetpu,ImageNet16-120,42.233334,0.549457,0.339910,10050
1,14,779,edgetpu,ImageNet16-120,32.700000,0.366534,0.339910,10050
1,14,3540,edgetpu,ImageNet16-120,45.122223,0.648670,0.339910,10050
1,14,5674,edgetpu,ImageNet16-120,39.650000,0.428605,0.339910,10050
1,14,857,edgetpu,ImageNet16-120,47.311110,0.997730,0.339910,10050
1,14,15383,edgetpu,ImageNet16-120,47.033333,0.780914,0.339910,10050
1,14,8781,edgetpu,ImageNet16-120,32.366665,0.363484,0.339910,10050
1,14,6520,edgetpu,ImageNet16-120,32.383335,0.363944,0.339910,10050
1,14,5724,edgetpu,ImageNet16-120,28.366667,0.359987,0.339910,10050
1,14,4977,edgetpu,ImageNet16-120,32.966667,0.367728,0.339910,10050
1,15,4988,eyeriss,ImageNet16-120,28.933332,0.423040,0.260469,10050
1,15,5487,eyeriss,ImageNet16-120,38.500000,0.607360,0.260469,10050
1,15,8853,eyeriss,ImageNet16-120,45.600000,1.037440,0.260469,10050
1,15,15383,eyeriss,ImageNet16-120,47.033333,1.283200,0.260469,10050
1,15,6787,eyeriss,ImageNet16-120,44.400000,0.914560,0.260469,10050
1,15,14417,eyeriss,ImageNet16-120,45.900000,1.098880,0.260469,10050
1,15,2835,eyeriss,ImageNet16-120,38.222220,0.545920,0.260469,10050
1,15,1939,eyeriss,ImageNet16-120,45.077778,0.976000,0.260469,10050
1,15,479,eyeriss,ImageNet16-120,38.500000,0.607360,0.260469,10050
1,15,4829,eyeriss,ImageNet16-120,34.200000,0.484480,0.260469,10050
1,15,8008,eyeriss,ImageNet16-120,43.500000,0.853120,0.260469,10050
1,15,857,eyeriss,ImageNet16-120,47.311110,1.651840,0.260469,10050
1,15,6854,eyeriss,ImageNet16-120,40.800000,0.668800,0.260469,10050
1,16,1939,fpga,ImageNet16-120,45.077778,1.062400,0.275185,10050
1,16,4829,fpga,ImageNet16-120,34.200000,0.415520,0.275185,10050
1,16,8008,fpga,ImageNet16-120,43.500000,0.876800,0.275185,10050
1,16,2835,fpga,ImageNet16-120,38.222220,0.546720,0.275185,10050
1,16,6854,fpga,ImageNet16-120,40.800000,0.809120,0.275185,10050
1,16,6868,fpga,ImageNet16-120,39.000000,0.649120,0.275185,10050
1,16,8736,fpga,ImageNet16-120,45.700000,1.411200,0.275185,10050
1,16,12231,fpga,ImageNet16-120,40.200000,0.784000,0.275185,10050
1,16,8853,fpga,ImageNet16-120,45.600000,1.155200,0.275185,10050
1,16,15383,fpga,ImageNet16-120,47.033333,1.504000,0.275185,10050
1,16,6787,fpga,ImageNet16-120,44.400000,0.969600,0.275185,10050
1,16,11593,fpga,ImageNet16-120,40.166668,0.780320,0.275185,10050
1,16,14748,fpga,ImageNet16-120,44.900000,0.995200,0.275185,10050
1,16,11079,fpga,ImageNet16-120,43.566666,0.902400,0.275185,10050
1,16,857,fpga,ImageNet16-120,47.311110,2.038400,0.275185,10050
1,16,5793,fpga,ImageNet16-120,35.033333,0.517920,0.275185,10050
1,16,4988,fpga,ImageNet16-120,28.933332,0.284320,0.275185,10050
1,17,3408,pixel3,ImageNet16-120,33.733334,0.666583,0.627378,10050
1,17,11163,pixel3,ImageNet16-120,33.600000,0.665312,0.627378,10050
1,17,10154,pixel3,ImageNet16-120,46.133335,4.783700,0.627378,10050
1,17,872,pixel3,ImageNet16-120,41.777780,2.465030,0.627378,10050
1,17,4612,pixel3,ImageNet16-120,33.977780,0.669637,0.627378,10050
1,17,12103,pixel3,ImageNet16-120,28.250000,0.422433,0.627378,10050
1,17,2018,pixel3,ImageNet16-120,46.433334,4.949210,0.627378,10050
1,17,15383,pixel3,ImageNet16-120,47.033333,5.191720,0.627378,10050
1,17,8853,pixel3,ImageNet16-120,45.600000,3.554540,0.627378,10050
1,17,6854,pixel3,ImageNet16-120,40.800000,1.621620,0.627378,10050
1,17,10340,pixel3,ImageNet16-120,31.522223,0.617772,0.627378,10050
1,17,12639,pixel3,ImageNet16-120,40.400000,1.304440,0.627378,10050
1,17,12506,pixel3,ImageNet16-120,43.983334,2.929990,0.627378,10050
1,17,1751,pixel3,ImageNet16-120,33.955555,0.666929,0.627378,10050
1,17,1110,pixel3,ImageNet16-120,28.600000,0.423927,0.627378,10050
1,17,1860,pixel3,ImageNet16-120,28.433332,0.422587,0.627378,10050
1,17,12424,pixel3,ImageNet16-120,43.133330,2.470150,0.627378,10050
1,17,14417,pixel3,ImageNet16-120,45.900000,4.143030,0.627378,10050
1,17,735,pixel3,ImageNet16-120,38.544445,1.107950,0.627378,10050
1,17,4988,pixel3,ImageNet16-120,28.933332,0.485996,0.627378,10050
1,17,12355,pixel3,ImageNet16-120,45.033333,2.989390,0.627378,10050
1,17,1939,pixel3,ImageNet16-120,45.077778,3.021500,0.627378,10050
1,17,4587,pixel3,ImageNet16-120,28.800000,0.445767,0.627378,10050
1,17,1549,pixel3,ImageNet16-120,28.655556,0.424747,0.627378,10050
1,17,4384,pixel3,ImageNet16-120,28.133333,0.421612,0.627378,10050
1,17,4432,pixel3,ImageNet16-120,37.800000,0.861157,0.627378,10050
1,17,3496,pixel3,ImageNet16-120,34.233334,0.670584,0.627378,10050
1,17,12516,pixel3,ImageNet16-120,32.083332,0.617816,0.627378,10050
1,17,13756,pixel3,ImageNet16-120,0.833333,0.005289,0.627378,10050
1,17,12466,pixel3,ImageNet16-120,46.100000,4.680280,0.627378,10050
1,17,25,pixel3,ImageNet16-120,28.300000,0.422510,0.627378,10050
1,17,4004,pixel3,ImageNet16-120,42.811110,2.467510,0.627378,10050
1,17,2835,pixel3,ImageNet16-120,38.222220,0.868646,0.627378,10050
1,17,4977,pixel3,ImageNet16-120,32.966667,0.617991,0.627378,10050
1,17,1383,pixel3,ImageNet16-120,43.244446,2.680690,0.627378,10050
1,17,11000,pixel3,ImageNet16-120,44.866665,2.962520,0.627378,10050
1,17,1425,pixel3,ImageNet16-120,45.977780,4.619290,0.627378,10050
1,17,7187,pixel3,ImageNet16-120,28.683332,0.425223,0.627378,10050
1,17,857,pixel3,ImageNet16-120,47.311110,6.686850,0.627378,10050
1,17,4895,pixel3,ImageNet16-120,33.200000,0.619070,0.627378,10050
1,17,3728,pixel3,ImageNet16-120,28.500000,0.422880,0.627378,10050
1,17,2899,pixel3,ImageNet16-120,43.911110,2.701210,0.627378,10050
1,18,12358,raspi4,ImageNet16-120,34.055557,1.582727,0.500213,10050
1,18,13931,raspi4,ImageNet16-120,28.788889,0.956195,0.500213,10050
1,18,14792,raspi4,ImageNet16-120,43.033333,3.792447,0.500213,10050
1,18,15363,raspi4,ImageNet16-120,44.333332,4.480516,0.500213,10050
1,18,10189,raspi4,ImageNet16-120,45.200000,6.699618,0.500213,10050
1,18,4995,raspi4,ImageNet16-120,42.166668,3.766336,0.500213,10050
1,18,13059,raspi4,ImageNet16-120,34.266666,1.595651,0.500213,10050
1,18,1188,raspi4,ImageNet16-120,32.455555,1.526725,0.500213,10050
1,18,1939,raspi4,ImageNet16-120,45.077778,5.341908,0.500213,10050
1,18,8355,raspi4,ImageNet16-120,39.666668,3.083286,0.500213,10050
1,18,4988,raspi4,ImageNet16-120,28.933332,1.003251,0.500213,10050
1,18,4627,raspi4,ImageNet16-120,43.500000,3.811407,0.500213,10050
1,18,6336,raspi4,ImageNet16-120,39.366665,3.073392,0.500213,10050
1,18,15383,raspi4,ImageNet16-120,47.033333,8.565354,0.500213,10050
1,18,219,raspi4,ImageNet16-120,42.500000,3.768475,0.500213,10050
1,18,11177,raspi4,ImageNet16-120,33.200000,1.573414,0.500213,10050
1,18,6868,raspi4,ImageNet16-120,39.000000,2.982937,0.500213,10050
1,18,857,raspi4,ImageNet16-120,47.311110,9.020064,0.500213,10050
1,18,6854,raspi4,ImageNet16-120,40.800000,3.661016,0.500213,10050
1,18,11584,raspi4,ImageNet16-120,46.666668,8.014434,0.500213,10050
1,18,12424,raspi4,ImageNet16-120,43.133330,3.805729,0.500213,10050
1,18,7955,raspi4,ImageNet16-120,39.388890,3.082832,0.500213,10050
1,18,1204,raspi4,ImageNet16-120,37.844444,2.199356,0.500213,10050
1,18,3782,raspi4,ImageNet16-120,41.866665,3.755286,0.500213,10050
1,18,2018,raspi4,ImageNet16-120,46.433334,7.482383,0.500213,10050
1,18,8884,raspi4,ImageNet16-120,45.033333,5.293177,0.500213,10050
1,18,9496,raspi4,ImageNet16-120,38.200000,2.204048,0.500213,10050
1,18,8853,raspi4,ImageNet16-120,45.600000,6.961605,0.500213,10050
1,18,5530,raspi4,ImageNet16-120,42.577778,3.785925,0.500213,10050
1,18,7357,raspi4,ImageNet16-120,44.666668,4.480689,0.500213,10050
1,18,3687,raspi4,ImageNet16-120,34.066666,1.583497,0.500213,10050
1,18,4771,raspi4,ImageNet16-120,33.766666,1.582308,0.500213,10050
1,18,15107,raspi4,ImageNet16-120,39.800000,3.083329,0.500213,10050
1,18,13771,raspi4,ImageNet16-120,32.744446,1.533813,0.500213,10050
1,18,7187,raspi4,ImageNet16-120,28.683332,0.952790,0.500213,10050
1,18,10017,raspi4,ImageNet16-120,40.566666,3.181383,0.500213,10050
1,18,7859,raspi4,ImageNet16-120,32.966667,1.566048,0.500213,10050
1,18,5455,raspi4,ImageNet16-120,32.611110,1.532377,0.500213,10050
1,18,933,raspi4,ImageNet16-120,0.833333,0.011514,0.500213,10050
1,18,12505,raspi4,ImageNet16-120,39.283333,3.062432,0.500213,10050
1,18,2779,raspi4,ImageNet16-120,37.355556,2.190654,0.500213,10050
1,18,7551,raspi4,ImageNet16-120,38.477780,2.950436,0.500213,10050
1,18,4689,raspi4,ImageNet16-120,37.455555,2.198343,0.500213,10050
1,18,13644,raspi4,ImageNet16-120,45.333332,6.780282,0.500213,10050
1,18,14750,raspi4,ImageNet16-120,32.933334,1.536700,0.500213,10050
1,18,1413,raspi4,ImageNet16-120,42.711113,3.788479,0.500213,10050
1,18,5973,raspi4,ImageNet16-120,40.100000,3.159922,0.500213,10050
1,18,9032,raspi4,ImageNet16-120,38.016666,2.201532,0.500213,10050
1,18,11163,raspi4,ImageNet16-120,33.600000,1.581473,0.500213,10050
2,1,5780,edgegpu,cifar10,93.980000,3.361888,0.270625,10050
2,1,11810,edgegpu,cifar10,92.780000,1.992798,0.270625,10050
2,1,10683,edgegpu,cifar10,92.330000,1.924162,0.270625,10050
2,1,10484,edgegpu,cifar10,93.810000,3.354015,0.270625,10050
2,1,1317,edgegpu,cifar10,94.090000,5.292902,0.270625,10050
2,1,14527,edgegpu,cifar10,86.765000,1.439619,0.270625,10050
2,1,15200,edgegpu,cifar10,10.000000,0.501385,0.270625,10050
2,1,6960,edgegpu,cifar10,92.280000,1.764450,0.270625,10050
2,1,13714,edgegpu,cifar10,94.373340,6.772180,0.270625,10050
2,1,2053,edgegpu,cifar10,94.206665,5.482254,0.270625,10050
2,1,1459,edgegpu,cifar10,94.296670,6.748991,0.270625,10050
2,1,258,edgegpu,cifar10,93.640000,3.307109,0.270625,10050
2,1,14407,edgegpu,cifar10,86.770000,1.440282,0.270625,10050
2,1,13401,edgegpu,cifar10,87.010000,1.457009,0.270625,10050
2,1,1549,edgegpu,cifar10,86.710000,1.436324,0.270625,10050
2,1,6330,edgegpu,cifar10,94.006670,4.384699,0.270625,10050
2,1,561,edgegpu,cifar10,86.880000,1.451068,0.270625,10050
2,1,2776,edgegpu,cifar10,93.666664,3.331194,0.270625,10050
2,1,6499,edgegpu,cifar10,93.645000,3.331041,0.270625,10050
2,1,5400,edgegpu,cifar10,86.630000,1.427460,0.270625,10050
2,1,6950,edgegpu,cifar10,92.000000,1.738467,0.270625,10050
2,2,6918,edgetpu,cifar10,87.000000,0.375819,0.368501,10050
2,2,10683,edgetpu,cifar10,92.330000,0.481277,0.368501,10050
2,2,1051,edgetpu,cifar10,86.700000,0.359608,0.368501,10050
2,2,13320,edgetpu,cifar10,89.330000,0.396446,0.368501,10050
2,2,11692,edgetpu,cifar10,94.130000,0.761100,0.368501,10050
2,2,10581,edgetpu,cifar10,89.015000,0.390403,0.368501,10050
2,2,5111,edgetpu,cifar10,94.306660,1.152010,0.368501,10050
2,2,970,edgetpu,cifar10,86.770000,0.371488,0.368501,10050
2,2,1595,edgetpu,cifar10,88.963330,0.389815,0.368501,10050
2,2,8008,edgetpu,cifar10,93.480000,0.629746,0.368501,10050
2,2,3731,edgetpu,cifar10,94.343330,1.282820,0.368501,10050
2,2,4161,edgetpu,cifar10,89.250000,0.391221,0.368501,10050
2,2,13001,edgetpu,cifar10,88.760000,0.389467,0.368501,10050
2,2,13611,edgetpu,cifar10,92.490000,0.481826,0.368501,10050
2,2,5780,edgetpu,cifar10,93.980000,0.723967,0.368501,10050
2,2,7937,edgetpu,cifar10,88.610000,0.388867,0.368501,10050
2,2,6382,edgetpu,cifar10,93.376660,0.628638,0.368501,10050
2,2,9689,edgetpu,cifar10,93.370000,0.628386,0.368501,10050
2,2,12439,edgetpu,cifar10,86.393330,0.352159,0.368501,10050
2,2,9817,edgetpu,cifar10,93.490000,0.723286,0.368501,10050
2,2,11112,edgetpu,cifar10,92.110000,0.480732,0.368501,10050
2,2,10293,edgetpu,cifar10,86.513336,0.352328,0.368501,10050
2,2,9722,edgetpu,cifar10,93.540000,0.723575,0.368501,10050
2,2,14527,edgetpu,cifar10,86.765000,0.365664,0.368501,10050
2,2,11438,edgetpu,cifar10,92.500000,0.482393,0.368501,10050
2,2,2648,edgetpu,cifar10,93.246666,0.628167,0.368501,10050
2,2,6014,edgetpu,cifar10,86.690000,0.353858,0.368501,10050
2,2,9950,edgetpu,cifar10,93.840000,0.723767,0.368501,10050
2,2,13714,edgetpu,cifar10,94.373340,1.377865,0.368501,10050
2,2,2053,edgetpu,cifar10,94.206665,1.042178,0.368501,10050
2,3,13611,eyeriss,cifar10,92.490000,3.154100,0.309595,10050
2,3,3960,eyeriss,cifar10,90.830000,2.171060,0.309595,10050
2,3,13714,eyeriss,cifar10,94.373340,7.823540,0.309595,10050
2,3,6111,eyeriss,cifar10,94.373340,7.823540,0.309595,10050
2,3,4384,eyeriss,cifar10,86.796670,1.679540,0.309595,10050
2,3,3731,eyeriss,cifar10,94.343330,6.594740,0.309595,10050
2,3,11472,eyeriss,cifar10,93.970000,4.628660,0.309595,10050
2,3,8592,eyeriss,cifar10,93.750000,3.891380,0.309595,10050
2,3,11692,eyeriss,cifar10,94.130000,4.874420,0.309595,10050
2,3,8008,eyeriss,cifar10,93.480000,3.399860,0.309595,10050
2,3,5111,eyeriss,cifar10,94.306660,5.365940,0.309595,10050
2,3,6854,eyeriss,cifar10,91.040000,2.662580,0.309595,10050
2,3,13987,eyeriss,cifar10,93.596664,3.645620,0.309595,10050
2,3,14112,eyeriss,cifar10,91.296670,2.908340,0.309595,10050
2,3,14697,eyeriss,cifar10,89.710000,1.925300,0.309595,10050
2,3,6899,eyeriss,cifar10,90.900000,2.416820,0.309595,10050
2,4,13987,fpga,cifar10,93.596664,3.420960,0.307157,10050
2,4,6111,fpga,cifar10,94.373340,6.678560,0.307157,10050
2,4,3731,fpga,cifar10,94.343330,5.936160,0.307157,10050
2,4,13714,fpga,cifar10,94.373340,6.678560,0.307157,10050
2,4,4384,fpga,cifar10,86.796670,1.132960,0.307157,10050
2,4,8008,fpga,cifar10,93.480000,2.905760,0.307157,10050
2,4,5111,fpga,cifar10,94.306660,5.193760,0.307157,10050
2,4,6584,fpga,cifar10,94.160000,4.163360,0.307157,10050
2,4,10431,fpga,cifar10,87.000000,1.542560,0.307157,10050
2,4,13611,fpga,cifar10,92.490000,2.390560,0.307157,10050
2,4,8323,fpga,cifar10,90.870000,2.163360,0.307157,10050
2,4,11472,fpga,cifar10,93.970000,3.648160,0.307157,10050
2,4,11525,fpga,cifar10,90.000000,2.057760,0.307157,10050
2,4,12438,fpga,cifar10,89.875000,1.648160,0.307157,10050
2,5,13987,pixel3,cifar10,93.596664,9.922680,0.419796,10050
2,5,7197,pixel3,cifar10,90.366670,2.447670,0.419796,10050
2,5,5446,pixel3,cifar10,90.500000,2.889680,0.419796,10050
2,5,14697,pixel3,cifar10,89.710000,2.364630,0.419796,10050
2,5,8695,pixel3,cifar10,94.220000,17.564500,0.419796,10050
2,5,3731,pixel3,cifar10,94.343330,23.361300,0.419796,10050
2,5,5111,pixel3,cifar10,94.306660,17.584600,0.419796,10050
2,5,55,pixel3,cifar10,86.756670,1.057440,0.419796,10050
2,5,11692,pixel3,cifar10,94.130000,15.490100,0.419796,10050
2,5,6985,pixel3,cifar10,89.940000,2.367450,0.419796,10050
2,5,12578,pixel3,cifar10,91.340000,5.654860,0.419796,10050
2,5,6111,pixel3,cifar10,94.373340,23.584800,0.419796,10050
2,5,323,pixel3,cifar10,88.940000,1.660340,0.419796,10050
2,5,13869,pixel3,cifar10,93.656670,10.634700,0.419796,10050
2,5,12382,pixel3,cifar10,90.930000,4.758720,0.419796,10050
2,5,1425,pixel3,cifar10,93.933334,12.536500,0.419796,10050
2,5,7017,pixel3,cifar10,86.970000,1.403930,0.419796,10050
2,5,6918,pixel3,cifar10,87.000000,1.478790,0.419796,10050
2,5,1943,pixel3,cifar10,93.116670,6.492030,0.419796,10050
2,5,4946,pixel3,cifar10,93.690000,11.590400,0.419796,10050
2,5,1416,pixel3,cifar10,89.546670,1.691430,0.419796,10050
2,5,6999,pixel3,cifar10,93.820000,12.260900,0.419796,10050
2,5,13171,pixel3,cifar10,93.530000,7.717220,0.419796,10050
2,5,13430,pixel3,cifar10,90.580000,3.086360,0.419796,10050
2,5,1852,pixel3,cifar10,10.000000,0.003285,0.419796,10050
2,5,8708,pixel3,cifar10,94.080000,12.839000,0.419796,10050
2,5,2779,pixel3,cifar10,90.806660,3.102950,0.419796,10050
2,5,1339,pixel3,cifar10,92.136665,5.802240,0.419796,10050
2,5,1894,pixel3,cifar10,92.110000,5.778250,0.419796,10050
2,5,8323,pixel3,cifar10,90.870000,3.106420,0.419796,10050
2,5,12820,pixel3,cifar10,90.880000,3.982790,0.419796,10050
2,5,1497,pixel3,cifar10,86.556660,1.056630,0.419796,10050
2,5,97,pixel3,cifar10,88.730000,1.602870,0.419796,10050
2,5,12139,pixel3,cifar10,90.660000,3.098500,0.419796,10050
2,5,1778,pixel3,cifar10,92.180000,6.446230,0.419796,10050
2,5,2035,pixel3,cifar10,89.670000,1.706480,0.419796,10050
2,5,8884,pixel3,cifar10,93.750000,11.812100,0.419796,10050
2,5,858,pixel3,cifar10,89.696660,1.870670,0.419796,10050
2,6,1962,raspi4,cifar10,86.530000,2.529453,0.442809,10050
2,6,8525,raspi4,cifar10,89.320000,4.900777,0.442809,10050
2,6,12286,raspi4,cifar10,86.760000,2.546242,0.442809,10050
2,6,3887,raspi4,cifar10,90.640000,7.364042,0.442809,10050
2,6,1804,raspi4,cifar10,89.063330,4.791845,0.442809,10050
2,6,4409,raspi4,cifar10,90.590000,7.329025,0.442809,10050
2,6,5780,raspi4,cifar10,93.980000,34.928463,0.442809,10050
2,6,9980,raspi4,cifar10,10.000000,0.011284,0.442809,10050
2,6,7636,raspi4,cifar10,92.270000,19.111393,0.442809,10050
2,6,6918,raspi4,cifar10,87.000000,2.787590,0.442809,10050
2,6,5111,raspi4,cifar10,94.306660,41.756905,0.442809,10050
2,6,3731,raspi4,cifar10,94.343330,58.070793,0.442809,10050
2,6,5915,raspi4,cifar10,86.846664,2.776470,0.442809,10050
2,6,6985,raspi4,cifar10,89.940000,4.995646,0.442809,10050
2,6,14565,raspi4,cifar10,88.880000,4.781183,0.442809,10050
2,6,6111,raspi4,cifar10,94.373340,68.404106,0.442809,10050
2,6,9689,raspi4,cifar10,93.370000,21.666395,0.442809,10050
2,6,8008,raspi4,cifar10,93.480000,22.571420,0.442809,10050
2,6,898,raspi4,cifar10,93.356670,21.520990,0.442809,10050
2,6,8592,raspi4,cifar10,93.750000,25.477009,0.442809,10050
2,6,4659,raspi4,cifar10,93.396670,22.249382,0.442809,10050
2,6,13430,raspi4,cifar10,90.580000,7.299066,0.442809,10050
2,6,14677,raspi4,cifar10,88.670000,4.755260,0.442809,10050
2,6,8323,raspi4,cifar10,90.870000,7.426308,0.442809,10050
2,6,11692,raspi4,cifar10,94.130000,37.583630,0.442809,10050
2,6,8426,raspi4,cifar10,93.840000,31.394428,0.442809,10050
2,6,10412,raspi4,cifar10,93.530000,25.079220,0.442809,10050
2,6,7058,raspi4,cifar10,92.040000,16.469465,0.442809,10050
2,6,7352,raspi4,cifar10,92.200000,18.038305,0.442809,10050
2,6,6953,raspi4,cifar10,91.990000,15.601654,0.442809,10050
2,6,10275,raspi4,cifar10,91.080000,9.993188,0.442809,10050
2,6,2058,raspi4,cifar10,93.270000,19.484835,0.442809,10050
2,6,4384,raspi4,cifar10,86.796670,2.759305,0.442809,10050
2,6,6584,raspi4,cifar10,94.160000,38.818527,0.442809,10050
2,6,1894,raspi4,cifar10,92.110000,17.550644,0.442809,10050
2,6,7676,raspi4,cifar10,92.230000,18.727220,0.442809,10050
2,7,6124,edgegpu,cifar100,68.360000,3.185835,0.319025,10050
2,7,11067,edgegpu,cifar100,58.186670,1.427836,0.319025,10050
2,7,14089,edgegpu,cifar100,61.806667,1.752892,0.319025,10050
2,7,2304,edgegpu,cifar100,58.660000,1.440253,0.319025,10050
2,7,1038,edgegpu,cifar100,67.500000,1.758428,0.319025,10050
2,7,4418,edgegpu,cifar100,72.746666,5.352364,0.319025,10050
2,7,9922,edgegpu,cifar100,58.560000,1.428552,0.319025,10050
2,7,13172,edgegpu,cifar100,62.180000,1.757636,0.319025,10050
2,7,9930,edgegpu,cifar100,73.513336,6.803060,0.319025,10050
2,7,2778,edgegpu,cifar100,72.993330,6.134028,0.319025,10050
2,7,8401,edgegpu,cifar100,71.080000,3.302102,0.319025,10050
2,7,12415,edgegpu,cifar100,71.940000,4.828467,0.319025,10050
2,7,4954,edgegpu,cifar100,73.000000,6.669736,0.319025,10050
2,7,1425,edgegpu,cifar100,72.093330,5.310225,0.319025,10050
2,7,11885,edgegpu,cifar100,68.040000,1.776652,0.319025,10050
2,7,11810,edgegpu,cifar100,68.300000,1.779551,0.319025,10050
2,7,9997,edgegpu,cifar100,71.520000,3.466139,0.319025,10050
2,7,1509,edgegpu,cifar100,1.000000,0.505853,0.319025,10050
2,7,8912,edgegpu,cifar100,59.200000,1.441355,0.319025,10050
2,8,8915,edgetpu,cifar100,61.746666,0.392179,0.437893,10050
2,8,1425,edgetpu,cifar100,72.093330,0.910660,0.437893,10050
2,8,577,edgetpu,cifar100,69.680000,0.635228,0.437893,10050
2,8,8401,edgetpu,cifar100,71.080000,0.728572,0.437893,10050
2,8,5019,edgetpu,cifar100,58.880000,0.357058,0.437893,10050
2,8,12415,edgetpu,cifar100,71.940000,0.872299,0.437893,10050
2,8,857,edgetpu,cifar100,72.880000,1.264168,0.437893,10050
2,8,1110,edgetpu,cifar100,58.840000,0.355938,0.437893,10050
2,8,9930,edgetpu,cifar100,73.513336,1.454107,0.437893,10050
2,8,2705,edgetpu,cifar100,62.813330,0.393026,0.437893,10050
2,8,9782,edgetpu,cifar100,69.970000,0.639918,0.437893,10050
2,8,777,edgetpu,cifar100,58.650000,0.355588,0.437893,10050
2,8,14945,edgetpu,cifar100,58.500000,0.354940,0.437893,10050
2,8,13829,edgetpu,cifar100,66.873340,0.485137,0.437893,10050
2,8,1996,edgetpu,cifar100,67.820000,0.486748,0.437893,10050
2,8,3888,edgetpu,cifar100,73.260000,1.316226,0.437893,10050
2,8,9997,edgetpu,cifar100,71.520000,0.729986,0.437893,10050
2,8,1383,edgetpu,cifar100,70.273330,0.673722,0.437893,10050
2,8,1943,edgetpu,cifar100,69.626660,0.634759,0.437893,10050
2,8,69,edgetpu,cifar100,71.020000,0.727259,0.437893,10050
2,8,12761,edgetpu,cifar100,72.860000,1.225212,0.437893,10050
2,8,6974,edgetpu,cifar100,61.880000,0.392555,0.437893,10050
2,8,13434,edgetpu,cifar100,62.106667,0.392580,0.437893,10050
2,8,4418,edgetpu,cifar100,72.746666,1.093699,0.437893,10050
2,8,10443,edgetpu,cifar100,68.300000,0.489020,0.437893,10050
2,8,797,edgetpu,cifar100,69.580000,0.633351,0.437893,10050
2,8,15363,edgetpu,cifar100,70.520000,0.676394,0.437893,10050
2,8,12607,edgetpu,cifar100,62.600000,0.392830,0.437893,10050
2,8,12574,edgetpu,cifar100,72.740000,0.932430,0.437893,10050
2,8,10000,edgetpu,cifar100,73.160000,1.283461,0.437893,10050
2,8,11112,edgetpu,cifar100,66.893330,0.486713,0.437893,10050
2,8,13760,edgetpu,cifar100,61.686670,0.392028,0.437893,10050
2,8,11533,edgetpu,cifar100,69.760000,0.635877,0.437893,10050
2,8,9271,edgetpu,cifar100,63.400000,0.393151,0.437893,10050
2,9,5111,eyeriss,cifar100,72.373340,5.368960,0.260129,10050
2,9,14714,eyeriss,cifar100,71.280000,4.140160,0.260129,10050
2,9,699,eyeriss,cifar100,72.240000,5.123200,0.260129,10050
2,9,5725,eyeriss,cifar100,70.600000,3.648640,0.260129,10050
2,9,5651,eyeriss,cifar100,64.690000,1.928320,0.260129,10050
2,9,12761,eyeriss,cifar100,72.860000,6.352000,0.260129,10050
2,9,9930,eyeriss,cifar100,73.513336,9.055360,0.260129,10050
2,9,6925,eyeriss,cifar100,71.220000,3.894400,0.260129,10050
2,9,3888,eyeriss,cifar100,73.260000,6.597760,0.260129,10050
2,9,3540,eyeriss,cifar100,71.500000,4.877440,0.260129,10050
2,9,11973,eyeriss,cifar100,70.340000,3.402880,0.260129,10050
2,9,12820,eyeriss,cifar100,67.720000,2.419840,0.260129,10050
2,9,8323,eyeriss,cifar100,67.080000,2.174080,0.260129,10050
2,9,12970,eyeriss,cifar100,68.140000,2.665600,0.260129,10050
2,9,25,eyeriss,cifar100,58.406666,1.682560,0.260129,10050
2,10,11973,fpga,cifar100,70.340000,2.905760,0.396025,10050
2,10,3540,fpga,cifar100,71.500000,4.163360,0.396025,10050
2,10,699,fpga,cifar100,72.240000,4.678560,0.396025,10050
2,10,9930,fpga,cifar100,73.513336,7.420960,0.396025,10050
2,10,3687,fpga,cifar100,64.460000,1.648160,0.396025,10050
2,10,3385,fpga,cifar100,72.380000,5.193760,0.396025,10050
2,10,12295,fpga,cifar100,71.160000,3.648160,0.396025,10050
2,10,5084,fpga,cifar100,58.813330,1.132960,0.396025,10050
2,10,6925,fpga,cifar100,71.220000,3.936160,0.396025,10050
2,10,10689,fpga,cifar100,67.500000,2.163360,0.396025,10050
2,10,3888,fpga,cifar100,73.260000,5.936160,0.396025,10050
2,10,12761,fpga,cifar100,72.860000,5.420960,0.396025,10050
2,10,4249,fpga,cifar100,65.080000,2.057760,0.396025,10050
2,10,6787,fpga,cifar100,70.720000,3.420960,0.396025,10050
2,10,15033,fpga,cifar100,67.793335,2.390560,0.396025,10050
2,10,6830,fpga,cifar100,71.460000,4.057760,0.396025,10050
2,11,10042,pixel3,cifar100,64.880000,2.794690,0.387714,10050
2,11,6337,pixel3,cifar100,1.000000,0.008753,0.387714,10050
2,11,11301,pixel3,cifar100,68.220000,5.352090,0.387714,10050
2,11,45,pixel3,cifar100,64.153336,2.368020,0.387714,10050
2,11,1558,pixel3,cifar100,64.020000,1.705220,0.387714,10050
2,11,1459,pixel3,cifar100,73.140000,23.437900,0.387714,10050
2,11,978,pixel3,cifar100,64.180000,2.372340,0.387714,10050
2,11,11000,pixel3,cifar100,71.180000,10.677600,0.387714,10050
2,11,9930,pixel3,cifar100,73.513336,42.003600,0.387714,10050
2,11,1409,pixel3,cifar100,58.853333,1.275090,0.387714,10050
2,11,657,pixel3,cifar100,58.233334,1.233070,0.387714,10050
2,11,5019,pixel3,cifar100,58.880000,1.483640,0.387714,10050
2,11,15589,pixel3,cifar100,59.060000,1.483890,0.387714,10050
2,11,6899,pixel3,cifar100,67.080000,3.983530,0.387714,10050
2,11,572,pixel3,cifar100,70.313330,8.017480,0.387714,10050
2,11,12574,pixel3,cifar100,72.740000,16.473900,0.387714,10050
2,11,857,pixel3,cifar100,72.880000,19.113200,0.387714,10050
2,11,1357,pixel3,cifar100,67.480000,3.998260,0.387714,10050
2,11,1413,pixel3,cifar100,69.186670,6.545880,0.387714,10050
2,11,724,pixel3,cifar100,67.053340,2.875650,0.387714,10050
2,11,733,pixel3,cifar100,69.430000,6.796300,0.387714,10050
2,11,3888,pixel3,cifar100,73.260000,23.477200,0.387714,10050
2,11,8638,pixel3,cifar100,58.860000,1.478570,0.387714,10050
2,11,5651,pixel3,cifar100,64.690000,2.376870,0.387714,10050
2,11,1450,pixel3,cifar100,70.506670,9.337360,0.387714,10050
2,11,1593,pixel3,cifar100,62.126667,1.582050,0.387714,10050
2,11,699,pixel3,cifar100,72.240000,12.079400,0.387714,10050
2,11,1595,pixel3,cifar100,62.146667,1.665240,0.387714,10050
2,11,6985,pixel3,cifar100,64.160000,2.372000,0.387714,10050
2,11,1090,pixel3,cifar100,65.220000,2.811310,0.387714,10050
2,11,12970,pixel3,cifar100,68.140000,4.782110,0.387714,10050
2,12,13430,raspi4,cifar100,66.700000,7.203785,0.374738,10050
2,12,699,raspi4,cifar100,72.240000,40.448723,0.374738,10050
2,12,12761,raspi4,cifar100,72.860000,53.718200,0.374738,10050
2,12,14714,raspi4,cifar100,71.280000,24.692347,0.374738,10050
2,12,12915,raspi4,cifar100,66.950000,7.226311,0.374738,10050
2,12,14112,raspi4,cifar100,68.386665,14.423308,0.374738,10050
2,12,7031,raspi4,cifar100,69.526665,19.879576,0.374738,10050
2,12,1572,raspi4,cifar100,69.900000,19.916142,0.374738,10050
2,12,6787,raspi4,cifar100,70.720000,23.081835,0.374738,10050
2,12,3888,raspi4,cifar100,73.260000,55.029520,0.374738,10050
2,12,3385,raspi4,cifar100,72.380000,42.309270,0.374738,10050
2,12,15383,raspi4,cifar100,71.660000,38.693768,0.374738,10050
2,12,8895,raspi4,cifar100,64.280000,5.109667,0.374738,10050
2,12,13113,raspi4,cifar100,63.140000,4.941205,0.374738,10050
2,12,15363,raspi4,cifar100,70.520000,21.809430,0.374738,10050
2,12,9926,raspi4,cifar100,63.520000,4.999532,0.374738,10050
2,12,12607,raspi4,cifar100,62.600000,4.779045,0.374738,10050
2,12,1459,raspi4,cifar100,73.140000,53.879950,0.374738,10050
2,12,9895,raspi4,cifar100,69.400000,19.211880,0.374738,10050
2,12,6925,raspi4,cifar100,71.220000,24.195030,0.374738,10050
2,12,8323,raspi4,cifar100,67.080000,7.271148,0.374738,10050
2,12,2222,raspi4,cifar100,58.313330,2.538255,0.374738,10050
2,12,8912,raspi4,cifar100,59.200000,2.818969,0.374738,10050
2,12,10222,raspi4,cifar100,58.860000,2.747804,0.374738,10050
2,12,4195,raspi4,cifar100,62.700000,4.877588,0.374738,10050
2,12,4659,raspi4,cifar100,70.060000,21.672482,0.374738,10050
2,12,5651,raspi4,cifar100,64.690000,5.126510,0.374738,10050
2,12,9930,raspi4,cifar100,73.513336,71.152000,0.374738,10050
2,12,14443,raspi4,cifar100,71.740000,39.168526,0.374738,10050
2,12,8740,raspi4,cifar100,1.000000,0.015215,0.374738,10050
2,12,3408,raspi4,cifar100,63.993332,5.081906,0.374738,10050
2,12,15589,raspi4,cifar100,59.060000,2.795078,0.374738,10050
2,12,4418,raspi4,cifar100,72.746666,47.162354,0.374738,10050
2,12,13021,raspi4,cifar100,63.800000,5.009584,0.374738,10050
2,12,9997,raspi4,cifar100,71.520000,34.996710,0.374738,10050
2,12,1425,raspi4,cifar100,72.093330,39.608680,0.374738,10050
2,12,2200,raspi4,cifar100,63.886665,5.014668,0.374738,10050
2,12,14612,raspi4,cifar100,58.720000,2.563505,0.374738,10050
2,12,1357,raspi4,cifar100,67.480000,10.177114,0.374738,10050
2,12,858,raspi4,cifar100,64.133330,5.109057,0.374738,10050
2,13,10835,edgegpu,ImageNet16-120,45.233334,4.434366,0.305682,10050
2,13,7187,edgegpu,ImageNet16-120,28.683332,1.443858,0.305682,10050
2,13,5751,edgegpu,ImageNet16-120,40.044445,2.434626,0.305682,10050
2,13,4988,edgegpu,ImageNet16-120,28.933332,1.448212,0.305682,10050
2,13,5477,edgegpu,ImageNet16-120,38.977780,1.744175,0.305682,10050
2,13,13760,edgegpu,ImageNet16-120,32.333332,1.739759,0.305682,10050
2,13,4160,edgegpu,ImageNet16-120,39.833332,1.756272,0.305682,10050
2,13,15383,edgegpu,ImageNet16-120,47.033333,6.262836,0.305682,10050
2,13,8884,edgegpu,ImageNet16-120,45.033333,3.499999,0.305682,10050
2,13,857,edgegpu,ImageNet16-120,47.311110,6.707663,0.305682,10050
2,13,15376,edgegpu,ImageNet16-120,0.833333,0.533953,0.305682,10050
2,13,4946,edgegpu,ImageNet16-120,44.700000,3.490419,0.305682,10050
2,13,15288,edgegpu,ImageNet16-120,28.422222,1.417041,0.305682,10050
2,13,14117,edgegpu,ImageNet16-120,28.677778,1.435547,0.305682,10050
2,13,6950,edgegpu,ImageNet16-120,38.700000,1.740150,0.305682,10050
2,13,4332,edgegpu,ImageNet16-120,39.444443,1.745496,0.305682,10050
2,13,9586,edgegpu,ImageNet16-120,46.933334,5.222673,0.305682,10050
2,13,12081,edgegpu,ImageNet16-120,40.233334,2.730479,0.305682,10050
2,13,10947,edgegpu,ImageNet16-120,39.944443,1.909800,0.305682,10050
2,13,454,edgegpu,ImageNet16-120,41.277780,3.303313,0.305682,10050
2,13,8401,edgegpu,ImageNet16-120,43.833332,3.322444,0.305682,10050
2,13,14638,edgegpu,ImageNet16-120,44.266666,3.433437,0.305682,10050
2,13,14612,edgegpu,ImageNet16-120,28.488890,1.434064,0.305682,10050
2,13,10750,edgegpu,ImageNet16-120,44.600000,3.434558,0.305682,10050
2,13,12415,edgegpu,ImageNet16-120,46.566666,4.667692,0.305682,10050
2,13,13411,edgegpu,ImageNet16-120,31.855556,1.736240,0.305682,10050
2,13,9997,edgegpu,ImageNet16-120,43.966667,3.355384,0.305682,10050
2,13,2650,edgegpu,ImageNet16-120,42.433334,3.309817,0.305682,10050
2,13,15159,edgegpu,ImageNet16-120,45.566666,4.632421,0.305682,10050
2,13,1164,edgegpu,ImageNet16-120,28.522223,1.435223,0.305682,10050
2,14,857,edgetpu,ImageNet16-120,47.311110,0.997730,0.301068,10050
2,14,7273,edgetpu,ImageNet16-120,42.966667,0.550014,0.301068,10050
2,14,5751,edgetpu,ImageNet16-120,40.044445,0.516992,0.301068,10050
2,14,7750,edgetpu,ImageNet16-120,43.066666,0.551617,0.301068,10050
2,14,13097,edgetpu,ImageNet16-120,39.655556,0.428424,0.301068,10050
2,14,5530,edgetpu,ImageNet16-120,42.577778,0.549937,0.301068,10050
2,14,8884,edgetpu,ImageNet16-120,45.033333,0.615792,0.301068,10050
2,14,3540,edgetpu,ImageNet16-120,45.122223,0.648670,0.301068,10050
2,14,6858,edgetpu,ImageNet16-120,40.333332,0.541300,0.301068,10050
2,14,3650,edgetpu,ImageNet16-120,43.866665,0.597881,0.301068,10050
2,14,4627,edgetpu,ImageNet16-120,43.500000,0.552306,0.301068,10050
2,14,12415,edgetpu,ImageNet16-120,46.566666,0.710906,0.301068,10050
2,14,14527,edgetpu,ImageNet16-120,28.133333,0.358865,0.301068,10050
2,14,11885,edgetpu,ImageNet16-120,39.166668,0.427395,0.301068,10050
2,14,15383,edgetpu,ImageNet16-120,47.033333,0.780914,0.301068,10050
2,14,4160,edgetpu,ImageNet16-120,39.833332,0.430355,0.301068,10050
2,14,4988,edgetpu,ImageNet16-120,28.933332,0.360694,0.301068,10050
2,14,7357,edgetpu,ImageNet16-120,44.666668,0.600498,0.301068,10050
2,14,6672,edgetpu,ImageNet16-120,27.822222,0.358864,0.301068,10050
2,14,10332,edgetpu,ImageNet16-120,40.033333,0.516152,0.301068,10050
2,14,13931,edgetpu,ImageNet16-120,28.788889,0.360349,0.301068,10050
2,14,8781,edgetpu,ImageNet16-120,32.366665,0.363484,0.301068,10050
2,14,15107,edgetpu,ImageNet16-120,39.800000,0.430284,0.301068,10050
2,14,6950,edgetpu,ImageNet16-120,38.700000,0.427379,0.301068,10050
2,14,13972,edgetpu,ImageNet16-120,31.933332,0.363440,0.301068,10050
2,14,14677,edgetpu,ImageNet16-120,33.233334,0.364575,0.301068,10050
2,14,8447,edgetpu,ImageNet16-120,40.011112,0.514586,0.301068,10050
2,14,5724,edgetpu,ImageNet16-120,28.366667,0.359987,0.301068,10050
2,14,10167,edgetpu,ImageNet16-120,39.944443,0.444058,0.301068,10050
2,14,13769,edgetpu,ImageNet16-120,41.555557,0.549360,0.301068,10050
2,15,6854,eyeriss,ImageNet16-120,40.800000,0.668800,0.285628,10050
2,15,1939,eyeriss,ImageNet16-120,45.077778,0.976000,0.285628,10050
2,15,8853,eyeriss,ImageNet16-120,45.600000,1.037440,0.285628,10050
2,15,14417,eyeriss,ImageNet16-120,45.900000,1.098880,0.285628,10050
2,15,857,eyeriss,ImageNet16-120,47.311110,1.651840,0.285628,10050
2,15,11973,eyeriss,ImageNet16-120,42.933334,0.853120,0.285628,10050
2,15,15383,eyeriss,ImageNet16-120,47.033333,1.283200,0.285628,10050
2,15,9805,eyeriss,ImageNet16-120,34.133335,0.484480,0.285628,10050
2,15,6787,eyeriss,ImageNet16-120,44.400000,0.914560,0.285628,10050
2,15,9032,eyeriss,ImageNet16-120,38.016666,0.545920,0.285628,10050
2,15,735,eyeriss,ImageNet16-120,38.544445,0.607360,0.285628,10050
2,15,4988,eyeriss,ImageNet16-120,28.933332,0.423040,0.285628,10050
2,16,11079,fpga,ImageNet16-120,43.566666,0.902400,0.291074,10050
2,16,12231,fpga,ImageNet16-120,40.200000,0.784000,0.291074,10050
2,16,15383,fpga,ImageNet16-120,47.033333,1.504000,0.291074,10050
2,16,14748,fpga,ImageNet16-120,44.900000,0.995200,0.291074,10050
2,16,8853,fpga,ImageNet16-120,45.600000,1.155200,0.291074,10050
2,16,6787,fpga,ImageNet16-120,44.400000,0.969600,0.291074,10050
2,16,2835,fpga,ImageNet16-120,38.222220,0.546720,0.291074,10050
2,16,6854,fpga,ImageNet16-120,40.800000,0.809120,0.291074,10050
2,16,12653,fpga,ImageNet16-120,33.977780,0.415520,0.291074,10050
2,16,12036,fpga,ImageNet16-120,33.977780,0.415520,0.291074,10050
2,16,1939,fpga,ImageNet16-120,45.077778,1.062400,0.291074,10050
2,16,14417,fpga,ImageNet16-120,45.900000,1.276320,0.291074,10050
2,16,7187,fpga,ImageNet16-120,28.683332,0.386720,0.291074,10050
2,16,4612,fpga,ImageNet16-120,33.977780,0.415520,0.291074,10050
2,16,4618,fpga,ImageNet16-120,28.544445,0.284320,0.291074,10050
2,16,8008,fpga,ImageNet16-120,43.500000,0.876800,0.291074,10050
2,16,6868,fpga,ImageNet16-120,39.000000,0.649120,0.291074,10050
2,16,5793,fpga,ImageNet16-120,35.033333,0.517920,0.291074,10050
2,16,857,fpga,ImageNet16-120,47.311110,2.038400,0.291074,10050
2,16,11593,fpga,ImageNet16-120,40.166668,0.780320,0.291074,10050
2,17,7685,pixel3,ImageNet16-120,37.611110,0.862589,0.430482,10050
2,17,12970,pixel3,ImageNet16-120,38.900000,1.318570,0.430482,10050
2,17,5111,pixel3,ImageNet16-120,46.588890,5.571030,0.430482,10050
2,17,8853,pixel3,ImageNet16-120,45.600000,3.554540,0.430482,10050
2,17,13756,pixel3,ImageNet16-120,0.833333,0.005289,0.430482,10050
2,17,7401,pixel3,ImageNet16-120,28.866667,0.505777,0.430482,10050
2,17,4895,pixel3,ImageNet16-120,33.200000,0.619070,0.430482,10050
2,17,1147,pixel3,ImageNet16-120,33.733334,0.666281,0.430482,10050
2,17,735,pixel3,ImageNet16-120,38.544445,1.107950,0.430482,10050
2,17,1425,pixel3,ImageNet16-120,45.977780,4.619290,0.430482,10050
2,17,12452,pixel3,ImageNet16-120,40.533333,1.504410,0.430482,10050
2,17,12103,pixel3,ImageNet16-120,28.250000,0.422433,0.430482,10050
2,17,3728,pixel3,ImageNet16-120,28.500000,0.422880,0.430482,10050
2,17,4587,pixel3,ImageNet16-120,28.800000,0.445767,0.430482,10050
2,17,6854,pixel3,ImageNet16-120,40.800000,1.621620,0.430482,10050
2,17,2018,pixel3,ImageNet16-120,46.433334,4.949210,0.430482,10050
2,17,1943,pixel3,ImageNet16-120,42.866665,2.474540,0.430482,10050
2,17,10699,pixel3,ImageNet16-120,46.833332,6.353010,0.430482,10050
2,17,1110,pixel3,ImageNet16-120,28.600000,0.423927,0.430482,10050
2,17,5374,pixel3,ImageNet16-120,46.766666,6.317500,0.430482,10050
2,17,8954,pixel3,ImageNet16-120,28.733334,0.424855,0.430482,10050
2,17,4004,pixel3,ImageNet16-120,42.811110,2.467510,0.430482,10050
2,17,872,pixel3,ImageNet16-120,41.777780,2.465030,0.430482,10050
2,17,8683,pixel3,ImageNet16-120,44.200000,2.711960,0.430482,10050
2,17,10154,pixel3,ImageNet16-120,46.133335,4.783700,0.430482,10050
2,17,978,pixel3,ImageNet16-120,33.488888,0.665489,0.430482,10050
2,17,6014,pixel3,ImageNet16-120,28.533333,0.423391,0.430482,10050
2,17,11000,pixel3,ImageNet16-120,44.866665,2.962520,0.430482,10050
2,17,898,pixel3,ImageNet16-120,42.466667,2.467210,0.430482,10050
2,17,1860,pixel3,ImageNet16-120,28.433332,0.422587,0.430482,10050
2,17,9032,pixel3,ImageNet16-120,38.016666,1.020960,0.430482,10050
2,17,2899,pixel3,ImageNet16-120,43.911110,2.701210,0.430482,10050
2,17,11079,pixel3,ImageNet16-120,43.566666,2.479610,0.430482,10050
2,17,12358,pixel3,ImageNet16-120,34.055557,0.666287,0.430482,10050
2,17,25,pixel3,ImageNet16-120,28.300000,0.422510,0.430482,10050
2,17,11209,pixel3,ImageNet16-120,33.266666,0.665423,0.430482,10050
2,17,4409,pixel3,ImageNet16-120,37.722220,0.862979,0.430482,10050
2,17,857,pixel3,ImageNet16-120,47.311110,6.686850,0.430482,10050
2,17,14417,pixel3,ImageNet16-120,45.900000,4.143030,0.430482,10050
2,17,1204,pixel3,ImageNet16-120,37.844444,0.864966,0.430482,10050
2,17,6294,pixel3,ImageNet16-120,38.011112,0.869124,0.430482,10050
2,17,1939,pixel3,ImageNet16-120,45.077778,3.021500,0.430482,10050
2,17,1549,pixel3,ImageNet16-120,28.655556,0.424747,0.430482,10050
2,17,12466,pixel3,ImageNet16-120,46.100000,4.680280,0.430482,10050
2,17,3687,pixel3,ImageNet16-120,34.066666,0.702071,0.430482,10050
2,17,12516,pixel3,ImageNet16-120,32.083332,0.617816,0.430482,10050
2,17,4977,pixel3,ImageNet16-120,32.966667,0.617991,0.430482,10050
2,17,9496,pixel3,ImageNet16-120,38.200000,1.024960,0.430482,10050
2,18,6982,raspi4,ImageNet16-120,45.566666,7.409957,0.524488,10050
2,18,10017,raspi4,ImageNet16-120,40.566666,3.181383,0.524488,10050
2,18,9032,raspi4,ImageNet16-120,38.016666,2.201532,0.524488,10050
2,18,4988,raspi4,ImageNet16-120,28.933332,1.003251,0.524488,10050
2,18,7870,raspi4,ImageNet16-120,42.633335,3.788979,0.524488,10050
2,18,11584,raspi4,ImageNet16-120,46.666668,8.014434,0.524488,10050
2,18,933,raspi4,ImageNet16-120,0.833333,0.011514,0.524488,10050
2,18,3458,raspi4,ImageNet16-120,45.666668,7.428567,0.524488,10050
2,18,3776,raspi4,ImageNet16-120,37.133335,2.191733,0.524488,10050
2,18,8733,raspi4,ImageNet16-120,46.600000,7.477213,0.524488,10050
2,18,8884,raspi4,ImageNet16-120,45.033333,5.293177,0.524488,10050
2,18,10835,raspi4,ImageNet16-120,45.233334,6.632419,0.524488,10050
2,18,4689,raspi4,ImageNet16-120,37.455555,2.198343,0.524488,10050
2,18,45,raspi4,ImageNet16-120,33.611110,1.581422,0.524488,10050
2,18,3431,raspi4,ImageNet16-120,32.966667,1.536690,0.524488,10050
2,18,9149,raspi4,ImageNet16-120,46.900000,10.889383,0.524488,10050
2,18,13931,raspi4,ImageNet16-120,28.788889,0.956195,0.524488,10050
2,18,12358,raspi4,ImageNet16-120,34.055557,1.582727,0.524488,10050
2,18,4160,raspi4,ImageNet16-120,39.833332,3.114462,0.524488,10050
2,18,5455,raspi4,ImageNet16-120,32.611110,1.532377,0.524488,10050
2,18,219,raspi4,ImageNet16-120,42.500000,3.768475,0.524488,10050
2,18,6854,raspi4,ImageNet16-120,40.800000,3.661016,0.524488,10050
2,18,1204,raspi4,ImageNet16-120,37.844444,2.199356,0.524488,10050
2,18,2035,raspi4,ImageNet16-120,33.788887,1.582606,0.524488,10050
2,18,14792,raspi4,ImageNet16-120,43.033333,3.792447,0.524488,10050
2,18,11079,raspi4,ImageNet16-120,43.566666,3.802027,0.524488,10050
2,18,7227,raspi4,ImageNet16-120,32.533333,1.530737,0.524488,10050
2,18,9806,raspi4,ImageNet16-120,39.966667,3.162904,0.524488,10050
2,18,15446,raspi4,ImageNet16-120,45.766666,7.469873,0.524488,10050
2,18,13771,raspi4,ImageNet16-120,32.744446,1.533813,0.524488,10050
2,18,11209,raspi4,ImageNet16-120,33.266666,1.580655,0.524488,10050
2,18,1939,raspi4,ImageNet16-120,45.077778,5.341908,0.524488,10050
2,18,9586,raspi4,ImageNet16-120,46.933334,11.730493,0.524488,10050
2,18,5530,raspi4,ImageNet16-120,42.577778,3.785925,0.524488,10050
2,18,11946,raspi4,ImageNet16-120,28.200000,0.940293,0.524488,10050
2,18,10217,raspi4,ImageNet16-120,45.100000,6.109362,0.524488,10050
2,18,7357,raspi4,ImageNet16-120,44.666668,4.480689,0.524488,10050
2,18,8584,raspi4,ImageNet16-120,34.088890,1.586268,0.524488,10050
2,18,5487,raspi4,ImageNet16-120,38.500000,3.019000,0.524488,10050
2,18,11616,raspi4,ImageNet16-120,32.133335,1.530442,0.524488,10050
2,18,10699,raspi4,ImageNet16-120,46.833332,9.167005,0.524488,10050
2,18,13059,raspi4,ImageNet16-120,34.266666,1.595651,0.524488,10050
2,18,12505,raspi4,ImageNet16-120,39.283333,3.062432,0.524488,10050
2,18,3782,raspi4,ImageNet16-120,41.866665,3.755286,0.524488,10050
2,18,10715,raspi4,ImageNet16-120,45.533333,6.790813,0.524488,10050
2,18,380,raspi4,ImageNet16-120,38.900000,3.038936,0.524488,10050
2,18,8355,raspi4,ImageNet16-120,39.666668,3.083286,0.524488,10050
2,18,9496,raspi4,ImageNet16-120,38.200000,2.204048,0.524488,10050
3,1,14090,edgegpu,cifar10,92.086670,1.749086,0.305642,10050
3,1,1339,edgegpu,cifar10,92.136665,1.751881,0.305642,10050
3,1,561,edgegpu,cifar10,86.880000,1.451068,0.305642,10050
3,1,13714,edgegpu,cifar10,94.373340,6.772180,0.305642,10050
3,1,2053,edgegpu,cifar10,94.206665,5.482254,0.305642,10050
3,1,14407,edgegpu,cifar10,86.770000,1.440282,0.305642,10050
3,1,1459,edgegpu,cifar10,94.296670,6.748991,0.305642,10050
3,1,13401,edgegpu,cifar10,87.010000,1.457009,0.305642,10050
3,1,11438,edgegpu,cifar10,92.500000,1.846719,0.305642,10050
3,1,6330,edgegpu,cifar10,94.006670,4.384699,0.305642,10050
3,1,5292,edgegpu,cifar10,94.293335,6.663151,0.305642,10050
3,1,11692,edgegpu,cifar10,94.130000,4.708362,0.305642,10050
3,1,9099,edgegpu,cifar10,93.940000,3.357520,0.305642,10050
3,1,1549,edgegpu,cifar10,86.710000,1.436324,0.305642,10050
3,1,11810,edgegpu,cifar10,92.780000,1.992798,0.305642,10050
3,1,6960,edgegpu,cifar10,92.280000,1.764450,0.305642,10050
3,1,5400,edgegpu,cifar10,86.630000,1.427460,0.305642,10050
3,1,10484,edgegpu,cifar10,93.810000,3.354015,0.305642,10050
3,1,6499,edgegpu,cifar10,93.645000,3.331041,0.305642,10050
3,1,15200,edgegpu,cifar10,10.000000,0.501385,0.305642,10050
3,1,14527,edgegpu,cifar10,86.765000,1.439619,0.305642,10050
3,1,5780,edgegpu,cifar10,93.980000,3.361888,0.305642,10050
3,2,13611,edgetpu,cifar10,92.490000,0.481826,0.272517,10050
3,2,5111,edgetpu,cifar10,94.306660,1.152010,0.272517,10050
3,2,11810,edgetpu,cifar10,92.780000,0.482879,0.272517,10050
3,2,13714,edgetpu,cifar10,94.373340,1.377865,0.272517,10050
3,2,5780,edgetpu,cifar10,93.980000,0.723967,0.272517,10050
3,2,5258,edgetpu,cifar10,88.775000,0.388629,0.272517,10050
3,2,12607,edgetpu,cifar10,89.180000,0.391577,0.272517,10050
3,2,6918,edgetpu,cifar10,87.000000,0.375819,0.272517,10050
3,2,10581,edgetpu,cifar10,89.015000,0.390403,0.272517,10050
3,2,7017,edgetpu,cifar10,86.970000,0.353089,0.272517,10050
3,2,3955,edgetpu,cifar10,88.863335,0.389665,0.272517,10050
3,2,2053,edgetpu,cifar10,94.206665,1.042178,0.272517,10050
3,2,6382,edgetpu,cifar10,93.376660,0.628638,0.272517,10050
3,2,797,edgetpu,cifar10,93.280000,0.627996,0.272517,10050
3,2,9689,edgetpu,cifar10,93.370000,0.628386,0.272517,10050
3,2,4675,edgetpu,cifar10,89.200000,0.395661,0.272517,10050
3,2,6515,edgetpu,cifar10,93.616670,0.722858,0.272517,10050
3,2,8192,edgetpu,cifar10,93.093330,0.627745,0.272517,10050
3,2,11692,edgetpu,cifar10,94.130000,0.761100,0.272517,10050
3,2,10683,edgetpu,cifar10,92.330000,0.481277,0.272517,10050
3,2,4806,edgetpu,cifar10,89.070000,0.390448,0.272517,10050
3,2,11438,edgetpu,cifar10,92.500000,0.482393,0.272517,10050
3,2,2485,edgetpu,cifar10,86.700000,0.346546,0.272517,10050
3,2,5224,edgetpu,cifar10,88.980000,0.389900,0.272517,10050
3,2,8525,edgetpu,cifar10,89.320000,0.420874,0.272517,10050
3,2,11112,edgetpu,cifar10,92.110000,0.480732,0.272517,10050
3,2,3927,edgetpu,cifar10,93.626660,0.723268,0.272517,10050
3,2,3731,edgetpu,cifar10,94.343330,1.282820,0.272517,10050
3,3,13611,eyeriss,cifar10,92.490000,3.154100,0.248621,10050
3,3,6111,eyeriss,cifar10,94.373340,7.823540,0.248621,10050
3,3,8323,eyeriss,cifar10,90.870000,2.171060,0.248621,10050
3,3,3731,eyeriss,cifar10,94.343330,6.594740,0.248621,10050
3,3,13714,eyeriss,cifar10,94.373340,7.823540,0.248621,10050
3,3,5111,eyeriss,cifar10,94.306660,5.365940,0.248621,10050
3,3,6584,eyeriss,cifar10,94.160000,4.874420,0.248621,10050
3,3,13987,eyeriss,cifar10,93.596664,3.645620,0.248621,10050
3,3,4384,eyeriss,cifar10,86.796670,1.679540,0.248621,10050
3,3,8008,eyeriss,cifar10,93.480000,3.399860,0.248621,10050
3,3,6854,eyeriss,cifar10,91.040000,2.662580,0.248621,10050
3,3,9805,eyeriss,cifar10,89.790000,1.925300,0.248621,10050
3,3,8592,eyeriss,cifar10,93.750000,3.891380,0.248621,10050
3,3,11472,eyeriss,cifar10,93.970000,4.628660,0.248621,10050
3,4,5111,fpga,cifar10,94.306660,5.193760,0.245056,10050
3,4,4384,fpga,cifar10,86.796670,1.132960,0.245056,10050
3,4,8323,fpga,cifar10,90.870000,2.163360,0.245056,10050
3,4,13611,fpga,cifar10,92.490000,2.390560,0.245056,10050
3,4,3731,fpga,cifar10,94.343330,5.936160,0.245056,10050
3,4,6111,fpga,cifar10,94.373340,6.678560,0.245056,10050
3,4,11472,fpga,cifar10,93.970000,3.648160,0.245056,10050
3,4,3687,fpga,cifar10,89.820000,1.648160,0.245056,10050
3,4,13714,fpga,cifar10,94.373340,6.678560,0.245056,10050
3,4,10412,fpga,cifar10,93.530000,3.420960,0.245056,10050
3,4,6584,fpga,cifar10,94.160000,4.163360,0.245056,10050
3,4,8008,fpga,cifar10,93.480000,2.905760,0.245056,10050
3,4,11525,fpga,cifar10,90.000000,2.057760,0.245056,10050
3,5,6899,pixel3,cifar10,90.900000,3.961410,0.332900,10050
3,5,4627,pixel3,cifar10,93.270000,7.036050,0.332900,10050
3,5,5224,pixel3,cifar10,88.980000,1.570360,0.332900,10050
3,5,1781,pixel3,cifar10,89.883330,1.712020,0.332900,10050
3,5,1941,pixel3,cifar10,93.533330,9.128690,0.332900,10050
3,5,777,pixel3,cifar10,86.810000,1.474420,0.332900,10050
3,5,25,pixel3,cifar10,86.540000,1.054570,0.332900,10050
3,5,8592,pixel3,cifar10,93.750000,10.769800,0.332900,10050
3,5,13175,pixel3,cifar10,90.840000,3.127210,0.332900,10050
3,5,5111,pixel3,cifar10,94.306660,17.584600,0.332900,10050
3,5,1339,pixel3,cifar10,92.136665,5.802240,0.332900,10050
3,5,55,pixel3,cifar10,86.756670,1.057440,0.332900,10050
3,5,6330,pixel3,cifar10,94.006670,11.512400,0.332900,10050
3,5,970,pixel3,cifar10,86.770000,1.474220,0.332900,10050
3,5,8695,pixel3,cifar10,94.220000,17.564500,0.332900,10050
3,5,6111,pixel3,cifar10,94.373340,23.584800,0.332900,10050
3,5,3731,pixel3,cifar10,94.343330,23.361300,0.332900,10050
3,5,9032,pixel3,cifar10,90.740000,3.102890,0.332900,10050
3,5,6854,pixel3,cifar10,91.040000,4.514220,0.332900,10050
3,5,13171,pixel3,cifar10,93.530000,7.717220,0.332900,10050
3,5,10275,pixel3,cifar10,91.080000,4.818050,0.332900,10050
3,5,12452,pixel3,cifar10,91.350000,5.590110,0.332900,10050
3,5,11692,pixel3,cifar10,94.130000,15.490100,0.332900,10050
3,5,6382,pixel3,cifar10,93.376660,7.048190,0.332900,10050
3,5,4432,pixel3,cifar10,90.700000,2.826310,0.332900,10050
3,5,1943,pixel3,cifar10,93.116670,6.492030,0.332900,10050
3,5,1631,pixel3,cifar10,89.506670,1.697120,0.332900,10050
3,5,1497,pixel3,cifar10,86.556660,1.056630,0.332900,10050
3,5,2779,pixel3,cifar10,90.806660,3.102950,0.332900,10050
3,5,6584,pixel3,cifar10,94.160000,15.720300,0.332900,10050
3,5,2035,pixel3,cifar10,89.670000,1.706480,0.332900,10050
3,5,13987,pixel3,cifar10,93.596664,9.922680,0.332900,10050
3,5,7001,pixel3,cifar10,10.000000,0.003277,0.332900,10050
3,5,9240,pixel3,cifar10,90.860000,3.948650,0.332900,10050
3,5,6918,pixel3,cifar10,87.000000,1.478790,0.332900,10050
3,5,3960,pixel3,cifar10,90.830000,3.112580,0.332900,10050
3,6,14565,raspi4,cifar10,88.880000,4.781183,0.354995,10050
3,6,7352,raspi4,cifar10,92.200000,18.038305,0.354995,10050
3,6,4689,raspi4,cifar10,90.720000,7.356712,0.354995,10050
3,6,14677,raspi4,cifar10,88.670000,4.755260,0.354995,10050
3,6,6382,raspi4,cifar10,93.376660,21.461164,0.354995,10050
3,6,2035,raspi4,cifar10,89.670000,4.984099,0.354995,10050
3,6,6918,raspi4,cifar10,87.000000,2.787590,0.354995,10050
3,6,1962,raspi4,cifar10,86.530000,2.529453,0.354995,10050
3,6,7058,raspi4,cifar10,92.040000,16.469465,0.354995,10050
3,6,3731,raspi4,cifar10,94.343330,58.070793,0.354995,10050
3,6,11692,raspi4,cifar10,94.130000,37.583630,0.354995,10050
3,6,8592,raspi4,cifar10,93.750000,25.477009,0.354995,10050
3,6,8323,raspi4,cifar10,90.870000,7.426308,0.354995,10050
3,6,4409,raspi4,cifar10,90.590000,7.329025,0.354995,10050
3,6,8873,raspi4,cifar10,89.050000,4.839358,0.354995,10050
3,6,4210,raspi4,cifar10,89.030000,4.782748,0.354995,10050
3,6,1690,raspi4,cifar10,86.646670,2.536549,0.354995,10050
3,6,11972,raspi4,cifar10,91.510000,12.403558,0.354995,10050
3,6,8426,raspi4,cifar10,93.840000,31.394428,0.354995,10050
3,6,6111,raspi4,cifar10,94.373340,68.404106,0.354995,10050
3,6,9380,raspi4,cifar10,89.335000,4.875613,0.354995,10050
3,6,6985,raspi4,cifar10,89.940000,4.995646,0.354995,10050
3,6,10412,raspi4,cifar10,93.530000,25.079220,0.354995,10050
3,6,11810,raspi4,cifar10,92.780000,18.619905,0.354995,10050
3,6,12002,raspi4,cifar10,93.510000,24.816572,0.354995,10050
3,6,5111,raspi4,cifar10,94.306660,41.756905,0.354995,10050
3,6,15288,raspi4,cifar10,86.660000,2.557443,0.354995,10050
3,6,5780,raspi4,cifar10,93.980000,34.928463,0.354995,10050
3,6,9394,raspi4,cifar10,86.670000,2.752290,0.354995,10050
3,6,6953,raspi4,cifar10,91.990000,15.601654,0.354995,10050
3,6,12504,raspi4,cifar10,92.130000,16.890614,0.354995,10050
3,6,6584,raspi4,cifar10,94.160000,38.818527,0.354995,10050
3,6,8008,raspi4,cifar10,93.480000,22.571420,0.354995,10050
3,6,9980,raspi4,cifar10,10.000000,0.011284,0.354995,10050
3,6,11533,raspi4,cifar10,93.420000,21.715693,0.354995,10050
3,6,2058,raspi4,cifar10,93.270000,19.484835,0.354995,10050
3,6,10275,raspi4,cifar10,91.080000,9.993188,0.354995,10050
3,7,2304,edgegpu,cifar100,58.660000,1.440253,0.296320,10050
3,7,11465,edgegpu,cifar100,71.160000,4.351864,0.296320,10050
3,7,12238,edgegpu,cifar100,67.240000,1.772847,0.296320,10050
3,7,9930,edgegpu,cifar100,73.513336,6.803060,0.296320,10050
3,7,7419,edgegpu,cifar100,71.260000,4.747424,0.296320,10050
3,7,2778,edgegpu,cifar100,72.993330,6.134028,0.296320,10050
3,7,4954,edgegpu,cifar100,73.000000,6.669736,0.296320,10050
3,7,6381,edgegpu,cifar100,66.800000,1.753340,0.296320,10050
3,7,4418,edgegpu,cifar100,72.746666,5.352364,0.296320,10050
3,7,8401,edgegpu,cifar100,71.080000,3.302102,0.296320,10050
3,7,1509,edgegpu,cifar100,1.000000,0.505853,0.296320,10050
3,7,11810,edgegpu,cifar100,68.300000,1.779551,0.296320,10050
3,7,12415,edgegpu,cifar100,71.940000,4.828467,0.296320,10050
3,7,11885,edgegpu,cifar100,68.040000,1.776652,0.296320,10050
3,7,9922,edgegpu,cifar100,58.560000,1.428552,0.296320,10050
3,7,11067,edgegpu,cifar100,58.186670,1.427836,0.296320,10050
3,7,3888,edgegpu,cifar100,73.260000,6.797867,0.296320,10050
3,7,14984,edgegpu,cifar100,67.166664,1.760831,0.296320,10050
3,7,1425,edgegpu,cifar100,72.093330,5.310225,0.296320,10050
3,7,8912,edgegpu,cifar100,59.200000,1.441355,0.296320,10050
3,8,4155,edgetpu,cifar100,62.306667,0.391442,0.304505,10050
3,8,8638,edgetpu,cifar100,58.860000,0.356631,0.304505,10050
3,8,1110,edgetpu,cifar100,58.840000,0.355938,0.304505,10050
3,8,69,edgetpu,cifar100,71.020000,0.727259,0.304505,10050
3,8,797,edgetpu,cifar100,69.580000,0.633351,0.304505,10050
3,8,9930,edgetpu,cifar100,73.513336,1.454107,0.304505,10050
3,8,8912,edgetpu,cifar100,59.200000,0.377698,0.304505,10050
3,8,4418,edgetpu,cifar100,72.746666,1.093699,0.304505,10050
3,8,577,edgetpu,cifar100,69.680000,0.635228,0.304505,10050
3,8,5019,edgetpu,cifar100,58.880000,0.357058,0.304505,10050
3,8,4977,edgetpu,cifar100,63.360000,0.398743,0.304505,10050
3,8,12415,edgetpu,cifar100,71.940000,0.872299,0.304505,10050
3,8,3303,edgetpu,cifar100,62.420000,0.392593,0.304505,10050
3,8,12574,edgetpu,cifar100,72.740000,0.932430,0.304505,10050
3,8,781,edgetpu,cifar100,67.960000,0.487922,0.304505,10050
3,8,2705,edgetpu,cifar100,62.813330,0.393026,0.304505,10050
3,8,14945,edgetpu,cifar100,58.500000,0.354940,0.304505,10050
3,8,1425,edgetpu,cifar100,72.093330,0.910660,0.304505,10050
3,8,10000,edgetpu,cifar100,73.160000,1.283461,0.304505,10050
3,8,3888,edgetpu,cifar100,73.260000,1.316226,0.304505,10050
3,8,1383,edgetpu,cifar100,70.273330,0.673722,0.304505,10050
3,8,8032,edgetpu,cifar100,67.600000,0.487441,0.304505,10050
3,8,6946,edgetpu,cifar100,67.500000,0.486233,0.304505,10050
3,8,777,edgetpu,cifar100,58.650000,0.355588,0.304505,10050
3,8,15363,edgetpu,cifar100,70.520000,0.676394,0.304505,10050
3,8,15137,edgetpu,cifar100,63.160000,0.393504,0.304505,10050
3,8,11810,edgetpu,cifar100,68.300000,0.492126,0.304505,10050
3,8,11533,edgetpu,cifar100,69.760000,0.635877,0.304505,10050
3,8,9997,edgetpu,cifar100,71.520000,0.729986,0.304505,10050
3,8,857,edgetpu,cifar100,72.880000,1.264168,0.304505,10050
3,8,3487,edgetpu,cifar100,70.093330,0.637182,0.304505,10050
3,8,4627,edgetpu,cifar100,69.600000,0.635153,0.304505,10050
3,8,12761,edgetpu,cifar100,72.860000,1.225212,0.304505,10050
3,8,8401,edgetpu,cifar100,71.080000,0.728572,0.304505,10050
3,8,14816,edgetpu,cifar100,66.860000,0.486025,0.304505,10050
3,9,12820,eyeriss,cifar100,67.720000,2.419840,0.243200,10050
3,9,5084,eyeriss,cifar100,58.813330,1.682560,0.243200,10050
3,9,6787,eyeriss,cifar100,70.720000,3.648640,0.243200,10050
3,9,9930,eyeriss,cifar100,73.513336,9.055360,0.243200,10050
3,9,14714,eyeriss,cifar100,71.280000,4.140160,0.243200,10050
3,9,3888,eyeriss,cifar100,73.260000,6.597760,0.243200,10050
3,9,12761,eyeriss,cifar100,72.860000,6.352000,0.243200,10050
3,9,6925,eyeriss,cifar100,71.220000,3.894400,0.243200,10050
3,9,3540,eyeriss,cifar100,71.500000,4.877440,0.243200,10050
3,9,3487,eyeriss,cifar100,70.093330,3.402880,0.243200,10050
3,9,5651,eyeriss,cifar100,64.690000,1.928320,0.243200,10050
3,9,10689,eyeriss,cifar100,67.500000,2.174080,0.243200,10050
3,9,12639,eyeriss,cifar100,68.000000,2.665600,0.243200,10050
3,9,12574,eyeriss,cifar100,72.740000,5.123200,0.243200,10050
3,10,11979,fpga,cifar100,68.000000,2.800160,0.281566,10050
3,10,9930,fpga,cifar100,73.513336,7.420960,0.281566,10050
3,10,12295,fpga,cifar100,71.160000,3.648160,0.281566,10050
3,10,6830,fpga,cifar100,71.460000,4.057760,0.281566,10050
3,10,12761,fpga,cifar100,72.860000,5.420960,0.281566,10050
3,10,5651,fpga,cifar100,64.690000,1.648160,0.281566,10050
3,10,6111,fpga,cifar100,73.220000,6.678560,0.281566,10050
3,10,4249,fpga,cifar100,65.080000,2.057760,0.281566,10050
3,10,5725,fpga,cifar100,70.600000,3.420960,0.281566,10050
3,10,5111,fpga,cifar100,72.373340,5.193760,0.281566,10050
3,10,7250,fpga,cifar100,67.706665,2.390560,0.281566,10050
3,10,3487,fpga,cifar100,70.093330,2.905760,0.281566,10050
3,10,5084,fpga,cifar100,58.813330,1.132960,0.281566,10050
3,10,10689,fpga,cifar100,67.500000,2.163360,0.281566,10050
3,10,3540,fpga,cifar100,71.500000,4.163360,0.281566,10050
3,10,10154,fpga,cifar100,71.960000,4.678560,0.281566,10050
3,10,12820,fpga,cifar100,67.720000,2.678560,0.281566,10050
3,10,10000,fpga,cifar100,73.160000,5.936160,0.281566,10050
3,11,10689,pixel3,cifar100,67.500000,3.109220,0.320276,10050
3,11,724,pixel3,cifar100,67.053340,2.875650,0.320276,10050
3,11,12970,pixel3,cifar100,68.140000,4.782110,0.320276,10050
3,11,1409,pixel3,cifar100,58.853333,1.275090,0.320276,10050
3,11,857,pixel3,cifar100,72.880000,19.113200,0.320276,10050
3,11,12424,pixel3,cifar100,69.980000,8.954760,0.320276,10050
3,11,9930,pixel3,cifar100,73.513336,42.003600,0.320276,10050
3,11,3888,pixel3,cifar100,73.260000,23.477200,0.320276,10050
3,11,1413,pixel3,cifar100,69.186670,6.545880,0.320276,10050
3,11,12574,pixel3,cifar100,72.740000,16.473900,0.320276,10050
3,11,657,pixel3,cifar100,58.233334,1.233070,0.320276,10050
3,11,733,pixel3,cifar100,69.430000,6.796300,0.320276,10050
3,11,14112,pixel3,cifar100,68.386665,5.745320,0.320276,10050
3,11,906,pixel3,cifar100,62.393333,1.661810,0.320276,10050
3,11,1593,pixel3,cifar100,62.126667,1.582050,0.320276,10050
3,11,6337,pixel3,cifar100,1.000000,0.008753,0.320276,10050
3,11,13869,pixel3,cifar100,70.713330,10.688600,0.320276,10050
3,11,1939,pixel3,cifar100,70.760000,10.895600,0.320276,10050
3,11,5651,pixel3,cifar100,64.690000,2.376870,0.320276,10050
3,11,1585,pixel3,cifar100,69.993330,8.982260,0.320276,10050
3,11,1459,pixel3,cifar100,73.140000,23.437900,0.320276,10050
3,11,8912,pixel3,cifar100,59.200000,1.478790,0.320276,10050
3,11,8638,pixel3,cifar100,58.860000,1.478570,0.320276,10050
3,11,1416,pixel3,cifar100,64.493330,2.084060,0.320276,10050
3,11,1572,pixel3,cifar100,69.900000,8.908810,0.320276,10050
3,11,15363,pixel3,cifar100,70.520000,9.708640,0.320276,10050
3,11,1450,pixel3,cifar100,70.506670,9.337360,0.320276,10050
3,11,3192,pixel3,cifar100,71.133330,11.671300,0.320276,10050
3,11,699,pixel3,cifar100,72.240000,12.079400,0.320276,10050
3,12,6830,raspi4,cifar100,71.460000,34.491814,0.357716,10050
3,12,9997,raspi4,cifar100,71.520000,34.996710,0.357716,10050
3,12,15137,raspi4,cifar100,63.160000,4.941014,0.357716,10050
3,12,4418,raspi4,cifar100,72.746666,47.162354,0.357716,10050
3,12,11272,raspi4,cifar100,68.260000,14.764390,0.357716,10050
3,12,14612,raspi4,cifar100,58.720000,2.563505,0.357716,10050
3,12,1459,raspi4,cifar100,73.140000,53.879950,0.357716,10050
3,12,6822,raspi4,cifar100,58.426666,2.558594,0.357716,10050
3,12,8912,raspi4,cifar100,59.200000,2.818969,0.357716,10050
3,12,13021,raspi4,cifar100,63.800000,5.009584,0.357716,10050
3,12,5208,raspi4,cifar100,67.413330,9.665987,0.357716,10050
3,12,7891,raspi4,cifar100,67.550000,12.536592,0.357716,10050
3,12,8740,raspi4,cifar100,1.000000,0.015215,0.357716,10050
3,12,1113,raspi4,cifar100,67.440000,12.254540,0.357716,10050
3,12,12574,raspi4,cifar100,72.740000,36.371254,0.357716,10050
3,12,4731,raspi4,cifar100,67.046670,7.444095,0.357716,10050
3,12,12915,raspi4,cifar100,66.950000,7.226311,0.357716,10050
3,12,355,raspi4,cifar100,69.860000,20.791758,0.357716,10050
3,12,15589,raspi4,cifar100,59.060000,2.795078,0.357716,10050
3,12,3888,raspi4,cifar100,73.260000,55.029520,0.357716,10050
3,12,12761,raspi4,cifar100,72.860000,53.718200,0.357716,10050
3,12,14792,raspi4,cifar100,69.500000,19.111843,0.357716,10050
3,12,10042,raspi4,cifar100,64.880000,5.100886,0.357716,10050
3,12,15363,raspi4,cifar100,70.520000,21.809430,0.357716,10050
3,12,9930,raspi4,cifar100,73.513336,71.152000,0.357716,10050
3,12,6925,raspi4,cifar100,71.220000,24.195030,0.357716,10050
3,12,7031,raspi4,cifar100,69.526665,19.879576,0.357716,10050
3,12,2200,raspi4,cifar100,63.886665,5.014668,0.357716,10050
3,12,8720,raspi4,cifar100,64.130000,5.082239,0.357716,10050
3,12,2222,raspi4,cifar100,58.313330,2.538255,0.357716,10050
3,12,898,raspi4,cifar100,70.000000,21.506163,0.357716,10050
3,12,14811,raspi4,cifar100,69.680000,20.361189,0.357716,10050
3,12,10222,raspi4,cifar100,58.860000,2.747804,0.357716,10050
3,12,10166,raspi4,cifar100,62.700000,4.857379,0.357716,10050
3,12,4498,raspi4,cifar100,64.086670,5.022347,0.357716,10050
3,12,13430,raspi4,cifar100,66.700000,7.203785,0.357716,10050
3,12,12607,raspi4,cifar100,62.600000,4.779045,0.357716,10050
3,13,15383,edgegpu,ImageNet16-120,47.033333,6.262836,0.305155,10050
3,13,454,edgegpu,ImageNet16-120,41.277780,3.303313,0.305155,10050
3,13,15288,edgegpu,ImageNet16-120,28.422222,1.417041,0.305155,10050
3,13,14117,edgegpu,ImageNet16-120,28.677778,1.435547,0.305155,10050
3,13,4332,edgegpu,ImageNet16-120,39.444443,1.745496,0.305155,10050
3,13,8401,edgegpu,ImageNet16-120,43.833332,3.322444,0.305155,10050
3,13,8426,edgegpu,ImageNet16-120,44.633335,3.370147,0.305155,10050
3,13,7760,edgegpu,ImageNet16-120,39.100000,1.743751,0.305155,10050
3,13,4587,edgegpu,ImageNet16-120,28.800000,1.445131,0.305155,10050
3,13,9722,edgegpu,ImageNet16-120,44.000000,3.327813,0.305155,10050
3,13,2650,edgegpu,ImageNet16-120,42.433334,3.309817,0.305155,10050
3,13,7187,edgegpu,ImageNet16-120,28.683332,1.443858,0.305155,10050
3,13,15376,edgegpu,ImageNet16-120,0.833333,0.533953,0.305155,10050
3,13,5751,edgegpu,ImageNet16-120,40.044445,2.434626,0.305155,10050
3,13,1164,edgegpu,ImageNet16-120,28.522223,1.435223,0.305155,10050
3,13,857,edgegpu,ImageNet16-120,47.311110,6.707663,0.305155,10050
3,13,6950,edgegpu,ImageNet16-120,38.700000,1.740150,0.305155,10050
3,13,12415,edgegpu,ImageNet16-120,46.566666,4.667692,0.305155,10050
3,13,4946,edgegpu,ImageNet16-120,44.700000,3.490419,0.305155,10050
3,13,11217,edgegpu,ImageNet16-120,43.466667,3.316708,0.305155,10050
3,13,12081,edgegpu,ImageNet16-120,40.233334,2.730479,0.305155,10050
3,13,4988,edgegpu,ImageNet16-120,28.933332,1.448212,0.305155,10050
3,13,9586,edgegpu,ImageNet16-120,46.933334,5.222673,0.305155,10050
3,13,10838,edgegpu,ImageNet16-120,45.033333,4.388719,0.305155,10050
3,13,4160,edgegpu,ImageNet16-120,39.833332,1.756272,0.305155,10050
3,13,10835,edgegpu,ImageNet16-120,45.233334,4.434366,0.305155,10050
3,13,10947,edgegpu,ImageNet16-120,39.944443,1.909800,0.305155,10050
3,14,5724,edgetpu,ImageNet16-120,28.366667,0.359987,0.300685,10050
3,14,5530,edgetpu,ImageNet16-120,42.577778,0.549937,0.300685,10050
3,14,10888,edgetpu,ImageNet16-120,28.333334,0.359044,0.300685,10050
3,14,8447,edgetpu,ImageNet16-120,40.011112,0.514586,0.300685,10050
3,14,3540,edgetpu,ImageNet16-120,45.122223,0.648670,0.300685,10050
3,14,4988,edgetpu,ImageNet16-120,28.933332,0.360694,0.300685,10050
3,14,10332,edgetpu,ImageNet16-120,40.033333,0.516152,0.300685,10050
3,14,5674,edgetpu,ImageNet16-120,39.650000,0.428605,0.300685,10050
3,14,7273,edgetpu,ImageNet16-120,42.966667,0.550014,0.300685,10050
3,14,12415,edgetpu,ImageNet16-120,46.566666,0.710906,0.300685,10050
3,14,8884,edgetpu,ImageNet16-120,45.033333,0.615792,0.300685,10050
3,14,10017,edgetpu,ImageNet16-120,40.566666,0.524950,0.300685,10050
3,14,11282,edgetpu,ImageNet16-120,39.633335,0.428409,0.300685,10050
3,14,550,edgetpu,ImageNet16-120,33.177776,0.391468,0.300685,10050
3,14,15363,edgetpu,ImageNet16-120,44.333332,0.582280,0.300685,10050
3,14,8781,edgetpu,ImageNet16-120,32.366665,0.363484,0.300685,10050
3,14,14527,edgetpu,ImageNet16-120,28.133333,0.358865,0.300685,10050
3,14,70,edgetpu,ImageNet16-120,39.377777,0.428228,0.300685,10050
3,14,7357,edgetpu,ImageNet16-120,44.666668,0.600498,0.300685,10050
3,14,6950,edgetpu,ImageNet16-120,38.700000,0.427379,0.300685,10050
3,14,15383,edgetpu,ImageNet16-120,47.033333,0.780914,0.300685,10050
3,14,11885,edgetpu,ImageNet16-120,39.166668,0.427395,0.300685,10050
3,14,4977,edgetpu,ImageNet16-120,32.966667,0.367728,0.300685,10050
3,14,4830,edgetpu,ImageNet16-120,42.233334,0.549457,0.300685,10050
3,14,13769,edgetpu,ImageNet16-120,41.555557,0.549360,0.300685,10050
3,14,13931,edgetpu,ImageNet16-120,28.788889,0.360349,0.300685,10050
3,14,4160,edgetpu,ImageNet16-120,39.833332,0.430355,0.300685,10050
3,14,11079,edgetpu,ImageNet16-120,43.566666,0.552430,0.300685,10050
3,14,14662,edgetpu,ImageNet16-120,41.166668,0.547835,0.300685,10050
3,14,5973,edgetpu,ImageNet16-120,40.100000,0.517454,0.300685,10050
3,14,6520,edgetpu,ImageNet16-120,32.383335,0.363944,0.300685,10050
3,15,4988,eyeriss,ImageNet16-120,28.933332,0.423040,0.255977,10050
3,15,1939,eyeriss,ImageNet16-120,45.077778,0.976000,0.255977,10050
3,15,8853,eyeriss,ImageNet16-120,45.600000,1.037440,0.255977,10050
3,15,15363,eyeriss,ImageNet16-120,44.333332,0.914560,0.255977,10050
3,15,735,eyeriss,ImageNet16-120,38.544445,0.607360,0.255977,10050
3,15,857,eyeriss,ImageNet16-120,47.311110,1.651840,0.255977,10050
3,15,14112,eyeriss,ImageNet16-120,40.733334,0.730240,0.255977,10050
3,15,15383,eyeriss,ImageNet16-120,47.033333,1.283200,0.255977,10050
3,15,4829,eyeriss,ImageNet16-120,34.200000,0.484480,0.255977,10050
3,15,12639,eyeriss,ImageNet16-120,40.400000,0.668800,0.255977,10050
3,15,8736,eyeriss,ImageNet16-120,45.700000,1.221760,0.255977,10050
3,15,2835,eyeriss,ImageNet16-120,38.222220,0.545920,0.255977,10050
3,15,11973,eyeriss,ImageNet16-120,42.933334,0.853120,0.255977,10050
3,16,15363,fpga,ImageNet16-120,44.333332,0.969600,0.285912,10050
3,16,2835,fpga,ImageNet16-120,38.222220,0.546720,0.285912,10050
3,16,8008,fpga,ImageNet16-120,43.500000,0.876800,0.285912,10050
3,16,6519,fpga,ImageNet16-120,40.183334,0.784000,0.285912,10050
3,16,479,fpga,ImageNet16-120,38.500000,0.677920,0.285912,10050
3,16,857,fpga,ImageNet16-120,47.311110,2.038400,0.285912,10050
3,16,6854,fpga,ImageNet16-120,40.800000,0.809120,0.285912,10050
3,16,4988,fpga,ImageNet16-120,28.933332,0.284320,0.285912,10050
3,16,1939,fpga,ImageNet16-120,45.077778,1.062400,0.285912,10050
3,16,15383,fpga,ImageNet16-120,47.033333,1.504000,0.285912,10050
3,16,14417,fpga,ImageNet16-120,45.900000,1.276320,0.285912,10050
3,16,8633,fpga,ImageNet16-120,39.766666,0.780320,0.285912,10050
3,16,8853,fpga,ImageNet16-120,45.600000,1.155200,0.285912,10050
3,16,5487,fpga,ImageNet16-120,38.500000,0.677920,0.285912,10050
3,16,5793,fpga,ImageNet16-120,35.033333,0.517920,0.285912,10050
3,16,11079,fpga,ImageNet16-120,43.566666,0.902400,0.285912,10050
3,16,9805,fpga,ImageNet16-120,34.133335,0.415520,0.285912,10050
3,17,6014,pixel3,ImageNet16-120,28.533333,0.423391,0.365691,10050
3,17,4587,pixel3,ImageNet16-120,28.800000,0.445767,0.365691,10050
3,17,1425,pixel3,ImageNet16-120,45.977780,4.619290,0.365691,10050
3,17,7187,pixel3,ImageNet16-120,28.683332,0.425223,0.365691,10050
3,17,11079,pixel3,ImageNet16-120,43.566666,2.479610,0.365691,10050
3,17,1939,pixel3,ImageNet16-120,45.077778,3.021500,0.365691,10050
3,17,9496,pixel3,ImageNet16-120,38.200000,1.024960,0.365691,10050
3,17,12358,pixel3,ImageNet16-120,34.055557,0.666287,0.365691,10050
3,17,4988,pixel3,ImageNet16-120,28.933332,0.485996,0.365691,10050
3,17,1110,pixel3,ImageNet16-120,28.600000,0.423927,0.365691,10050
3,17,2018,pixel3,ImageNet16-120,46.433334,4.949210,0.365691,10050
3,17,13756,pixel3,ImageNet16-120,0.833333,0.005289,0.365691,10050
3,17,11000,pixel3,ImageNet16-120,44.866665,2.962520,0.365691,10050
3,17,8683,pixel3,ImageNet16-120,44.200000,2.711960,0.365691,10050
3,17,4895,pixel3,ImageNet16-120,33.200000,0.619070,0.365691,10050
3,17,857,pixel3,ImageNet16-120,47.311110,6.686850,0.365691,10050
3,17,4432,pixel3,ImageNet16-120,37.800000,0.861157,0.365691,10050
3,17,12036,pixel3,ImageNet16-120,33.977780,0.665306,0.365691,10050
3,17,10340,pixel3,ImageNet16-120,31.522223,0.617772,0.365691,10050
3,17,9032,pixel3,ImageNet16-120,38.016666,1.020960,0.365691,10050
3,17,12103,pixel3,ImageNet16-120,28.250000,0.422433,0.365691,10050
3,17,872,pixel3,ImageNet16-120,41.777780,2.465030,0.365691,10050
3,17,3728,pixel3,ImageNet16-120,28.500000,0.422880,0.365691,10050
3,17,10154,pixel3,ImageNet16-120,46.133335,4.783700,0.365691,10050
3,17,4004,pixel3,ImageNet16-120,42.811110,2.467510,0.365691,10050
3,17,10627,pixel3,ImageNet16-120,39.166668,1.496290,0.365691,10050
3,17,10888,pixel3,ImageNet16-120,28.333334,0.422652,0.365691,10050
3,17,1549,pixel3,ImageNet16-120,28.655556,0.424747,0.365691,10050
3,17,12516,pixel3,ImageNet16-120,32.083332,0.617816,0.365691,10050
3,17,4977,pixel3,ImageNet16-120,32.966667,0.617991,0.365691,10050
3,17,15446,pixel3,ImageNet16-120,45.766666,3.439380,0.365691,10050
3,17,4384,pixel3,ImageNet16-120,28.133333,0.421612,0.365691,10050
3,17,3496,pixel3,ImageNet16-120,34.233334,0.670584,0.365691,10050
3,17,6294,pixel3,ImageNet16-120,38.011112,0.869124,0.365691,10050
3,17,15383,pixel3,ImageNet16-120,47.033333,5.191720,0.365691,10050
3,17,12424,pixel3,ImageNet16-120,43.133330,2.470150,0.365691,10050
3,17,12452,pixel3,ImageNet16-120,40.533333,1.504410,0.365691,10050
3,17,12970,pixel3,ImageNet16-120,38.900000,1.318570,0.365691,10050
3,18,41,raspi4,ImageNet16-120,32.388890,1.528043,0.403117,10050
3,18,5637,raspi4,ImageNet16-120,33.933334,1.580707,0.403117,10050
3,18,10017,raspi4,ImageNet16-120,40.566666,3.181383,0.403117,10050
3,18,8355,raspi4,ImageNet16-120,39.666668,3.083286,0.403117,10050
3,18,14677,raspi4,ImageNet16-120,33.233334,1.537227,0.403117,10050
3,18,3650,raspi4,ImageNet16-120,43.866665,4.475790,0.403117,10050
3,18,4627,raspi4,ImageNet16-120,43.500000,3.811407,0.403117,10050
3,18,9032,raspi4,ImageNet16-120,38.016666,2.201532,0.403117,10050
3,18,10167,raspi4,ImageNet16-120,39.944443,3.106316,0.403117,10050
3,18,13059,raspi4,ImageNet16-120,34.266666,1.595651,0.403117,10050
3,18,4988,raspi4,ImageNet16-120,28.933332,1.003251,0.403117,10050
3,18,4689,raspi4,ImageNet16-120,37.455555,2.198343,0.403117,10050
3,18,8884,raspi4,ImageNet16-120,45.033333,5.293177,0.403117,10050
3,18,8853,raspi4,ImageNet16-120,45.600000,6.961605,0.403117,10050
3,18,10835,raspi4,ImageNet16-120,45.233334,6.632419,0.403117,10050
3,18,15107,raspi4,ImageNet16-120,39.800000,3.083329,0.403117,10050
3,18,11946,raspi4,ImageNet16-120,28.200000,0.940293,0.403117,10050
3,18,10209,raspi4,ImageNet16-120,32.411110,1.531913,0.403117,10050
3,18,1413,raspi4,ImageNet16-120,42.711113,3.788479,0.403117,10050
3,18,14792,raspi4,ImageNet16-120,43.033333,3.792447,0.403117,10050
3,18,1939,raspi4,ImageNet16-120,45.077778,5.341908,0.403117,10050
3,18,12358,raspi4,ImageNet16-120,34.055557,1.582727,0.403117,10050
3,18,3192,raspi4,ImageNet16-120,45.477780,6.675633,0.403117,10050
3,18,11584,raspi4,ImageNet16-120,46.666668,8.014434,0.403117,10050
3,18,6336,raspi4,ImageNet16-120,39.366665,3.073392,0.403117,10050
3,18,2018,raspi4,ImageNet16-120,46.433334,7.482383,0.403117,10050
3,18,8584,raspi4,ImageNet16-120,34.088890,1.586268,0.403117,10050
3,18,933,raspi4,ImageNet16-120,0.833333,0.011514,0.403117,10050
3,18,5455,raspi4,ImageNet16-120,32.611110,1.532377,0.403117,10050
3,18,8447,raspi4,ImageNet16-120,40.011112,3.156609,0.403117,10050
3,18,7187,raspi4,ImageNet16-120,28.683332,0.952790,0.403117,10050
3,18,12424,raspi4,ImageNet16-120,43.133330,3.805729,0.403117,10050
3,18,13931,raspi4,ImageNet16-120,28.788889,0.956195,0.403117,10050
3,18,12505,raspi4,ImageNet16-120,39.283333,3.062432,0.403117,10050
3,18,735,raspi4,ImageNet16-120,38.544445,2.911079,0.403117,10050
3,18,1204,raspi4,ImageNet16-120,37.844444,2.199356,0.403117,10050
3,18,2779,raspi4,ImageNet16-120,37.355556,2.190654,0.403117,10050
3,18,4995,raspi4,ImageNet16-120,42.166668,3.766336,0.403117,10050
3,18,5973,raspi4,ImageNet16-120,40.100000,3.159922,0.403117,10050
3,18,15383,raspi4,ImageNet16-120,47.033333,8.565354,0.403117,10050
3,18,3431,raspi4,ImageNet16-120,32.966667,1.536690,0.403117,10050
3,18,15363,raspi4,ImageNet16-120,44.333332,4.480516,0.403117,10050
3,18,14697,raspi4,ImageNet16-120,33.900000,1.580382,0.403117,10050
3,18,5530,raspi4,ImageNet16-120,42.577778,3.785925,0.403117,10050
3,18,219,raspi4,ImageNet16-120,42.500000,3.768475,0.403117,10050
3,18,9496,raspi4,ImageNet16-120,38.200000,2.204048,0.403117,10050
3,18,7357,raspi4,ImageNet16-120,44.666668,4.480689,0.403117,10050
3,18,10472,raspi4,ImageNet16-120,39.633335,3.079679,0.403117,10050
3,18,857,raspi4,ImageNet16-120,47.311110,9.020064,0.403117,10050
4,1,15200,edgegpu,cifar10,10.000000,0.501385,0.322609,10050
4,1,2090,edgegpu,cifar10,86.650000,1.437702,0.322609,10050
4,1,5780,edgegpu,cifar10,93.980000,3.361888,0.322609,10050
4,1,10484,edgegpu,cifar10,93.810000,3.354015,0.322609,10050
4,1,2776,edgegpu,cifar10,93.666664,3.331194,0.322609,10050
4,1,5292,edgegpu,cifar10,94.293335,6.663151,0.322609,10050
4,1,1459,edgegpu,cifar10,94.296670,6.748991,0.322609,10050
4,1,2053,edgegpu,cifar10,94.206665,5.482254,0.322609,10050
4,1,13714,edgegpu,cifar10,94.373340,6.772180,0.322609,10050
4,1,14407,edgegpu,cifar10,86.770000,1.440282,0.322609,10050
4,1,11810,edgegpu,cifar10,92.780000,1.992798,0.322609,10050
4,1,561,edgegpu,cifar10,86.880000,1.451068,0.322609,10050
4,1,6960,edgegpu,cifar10,92.280000,1.764450,0.322609,10050
4,1,13401,edgegpu,cifar10,87.010000,1.457009,0.322609,10050
4,1,11692,edgegpu,cifar10,94.130000,4.708362,0.322609,10050
4,1,5400,edgegpu,cifar10,86.630000,1.427460,0.322609,10050
4,1,6950,edgegpu,cifar10,92.000000,1.738467,0.322609,10050
4,1,14527,edgegpu,cifar10,86.765000,1.439619,0.322609,10050
4,1,6330,edgegpu,cifar10,94.006670,4.384699,0.322609,10050
4,2,5111,edgetpu,cifar10,94.306660,1.152010,0.283934,10050
4,2,3731,edgetpu,cifar10,94.343330,1.282820,0.283934,10050
4,2,7017,edgetpu,cifar10,86.970000,0.353089,0.283934,10050
4,2,15459,edgetpu,cifar10,93.160000,0.628147,0.283934,10050
4,2,6382,edgetpu,cifar10,93.376660,0.628638,0.283934,10050
4,2,11692,edgetpu,cifar10,94.130000,0.761100,0.283934,10050
4,2,7636,edgetpu,cifar10,92.270000,0.481888,0.283934,10050
4,2,5780,edgetpu,cifar10,93.980000,0.723967,0.283934,10050
4,2,9380,edgetpu,cifar10,89.335000,0.395662,0.283934,10050
4,2,8008,edgetpu,cifar10,93.480000,0.629746,0.283934,10050
4,2,12439,edgetpu,cifar10,86.393330,0.352159,0.283934,10050
4,2,5647,edgetpu,cifar10,89.110000,0.389378,0.283934,10050
4,2,5946,edgetpu,cifar10,88.963330,0.389012,0.283934,10050
4,2,2648,edgetpu,cifar10,93.246666,0.628167,0.283934,10050
4,2,10293,edgetpu,cifar10,86.513336,0.352328,0.283934,10050
4,2,6918,edgetpu,cifar10,87.000000,0.375819,0.283934,10050
4,2,11112,edgetpu,cifar10,92.110000,0.480732,0.283934,10050
4,2,11438,edgetpu,cifar10,92.500000,0.482393,0.283934,10050
4,2,1005,edgetpu,cifar10,89.183334,0.392518,0.283934,10050
4,2,11810,edgetpu,cifar10,92.780000,0.482879,0.283934,10050
4,2,3927,edgetpu,cifar10,93.626660,0.723268,0.283934,10050
4,2,13714,edgetpu,cifar10,94.373340,1.377865,0.283934,10050
4,2,2053,edgetpu,cifar10,94.206665,1.042178,0.283934,10050
4,2,2328,edgetpu,cifar10,89.210000,0.392618,0.283934,10050
4,2,7937,edgetpu,cifar10,88.610000,0.388867,0.283934,10050
4,3,11472,eyeriss,cifar10,93.970000,4.628660,0.241677,10050
4,3,6584,eyeriss,cifar10,94.160000,4.874420,0.241677,10050
4,3,10412,eyeriss,cifar10,93.530000,3.645620,0.241677,10050
4,3,5111,eyeriss,cifar10,94.306660,5.365940,0.241677,10050
4,3,8323,eyeriss,cifar10,90.870000,2.171060,0.241677,10050
4,3,13869,eyeriss,cifar10,93.656670,3.891380,0.241677,10050
4,3,6111,eyeriss,cifar10,94.373340,7.823540,0.241677,10050
4,3,3731,eyeriss,cifar10,94.343330,6.594740,0.241677,10050
4,3,13714,eyeriss,cifar10,94.373340,7.823540,0.241677,10050
4,3,4384,eyeriss,cifar10,86.796670,1.679540,0.241677,10050
4,3,14112,eyeriss,cifar10,91.296670,2.908340,0.241677,10050
4,3,6854,eyeriss,cifar10,91.040000,2.662580,0.241677,10050
4,3,8008,eyeriss,cifar10,93.480000,3.399860,0.241677,10050
4,3,13611,eyeriss,cifar10,92.490000,3.154100,0.241677,10050
4,3,12438,eyeriss,cifar10,89.875000,1.925300,0.241677,10050
4,4,15000,fpga,cifar10,92.400000,2.390560,0.249798,10050
4,4,8323,fpga,cifar10,90.870000,2.163360,0.249798,10050
4,4,758,fpga,cifar10,86.705000,1.132960,0.249798,10050
4,4,13987,fpga,cifar10,93.596664,3.420960,0.249798,10050
4,4,13714,fpga,cifar10,94.373340,6.678560,0.249798,10050
4,4,6111,fpga,cifar10,94.373340,6.678560,0.249798,10050
4,4,6584,fpga,cifar10,94.160000,4.163360,0.249798,10050
4,4,3731,fpga,cifar10,94.343330,5.936160,0.249798,10050
4,4,55,fpga,cifar10,86.756670,1.542560,0.249798,10050
4,4,12438,fpga,cifar10,89.875000,1.648160,0.249798,10050
4,4,5111,fpga,cifar10,94.306660,5.193760,0.249798,10050
4,4,8008,fpga,cifar10,93.480000,2.905760,0.249798,10050
4,4,15295,fpga,cifar10,90.050000,2.057760,0.249798,10050
4,4,9950,fpga,cifar10,93.840000,3.648160,0.249798,10050
4,5,6985,pixel3,cifar10,89.940000,2.367450,0.367886,10050
4,5,4398,pixel3,cifar10,92.073330,5.828150,0.367886,10050
4,5,8592,pixel3,cifar10,93.750000,10.769800,0.367886,10050
4,5,6111,pixel3,cifar10,94.373340,23.584800,0.367886,10050
4,5,8695,pixel3,cifar10,94.220000,17.564500,0.367886,10050
4,5,3731,pixel3,cifar10,94.343330,23.361300,0.367886,10050
4,5,12452,pixel3,cifar10,91.350000,5.590110,0.367886,10050
4,5,10689,pixel3,cifar10,90.790000,2.669770,0.367886,10050
4,5,12970,pixel3,cifar10,90.970000,4.723840,0.367886,10050
4,5,3385,pixel3,cifar10,93.990000,13.656500,0.367886,10050
4,5,6999,pixel3,cifar10,93.820000,12.260900,0.367886,10050
4,5,13987,pixel3,cifar10,93.596664,9.922680,0.367886,10050
4,5,13171,pixel3,cifar10,93.530000,7.717220,0.367886,10050
4,5,6470,pixel3,cifar10,92.000000,5.826540,0.367886,10050
4,5,5149,pixel3,cifar10,92.090000,5.987440,0.367886,10050
4,5,6804,pixel3,cifar10,93.920000,13.514700,0.367886,10050
4,5,11692,pixel3,cifar10,94.130000,15.490100,0.367886,10050
4,5,1778,pixel3,cifar10,92.180000,6.446230,0.367886,10050
4,5,70,pixel3,cifar10,91.983330,5.810430,0.367886,10050
4,5,1497,pixel3,cifar10,86.556660,1.056630,0.367886,10050
4,5,55,pixel3,cifar10,86.756670,1.057440,0.367886,10050
4,5,41,pixel3,cifar10,88.670000,1.576940,0.367886,10050
4,5,6918,pixel3,cifar10,87.000000,1.478790,0.367886,10050
4,5,97,pixel3,cifar10,88.730000,1.602870,0.367886,10050
4,5,6382,pixel3,cifar10,93.376660,7.048190,0.367886,10050
4,5,7197,pixel3,cifar10,90.366670,2.447670,0.367886,10050
4,5,7001,pixel3,cifar10,10.000000,0.003277,0.367886,10050
4,5,8323,pixel3,cifar10,90.870000,3.106420,0.367886,10050
4,5,1943,pixel3,cifar10,93.116670,6.492030,0.367886,10050
4,5,78,pixel3,cifar10,91.933334,5.807870,0.367886,10050
4,5,11972,pixel3,cifar10,91.510000,5.627010,0.367886,10050
4,5,2035,pixel3,cifar10,89.670000,1.706480,0.367886,10050
4,5,9230,pixel3,cifar10,86.580000,1.056760,0.367886,10050
4,5,5915,pixel3,cifar10,86.846664,1.472530,0.367886,10050
4,5,6520,pixel3,cifar10,88.835000,1.692110,0.367886,10050
4,5,1781,pixel3,cifar10,89.883330,1.712020,0.367886,10050
4,5,5111,pixel3,cifar10,94.306660,17.584600,0.367886,10050
4,6,9980,raspi4,cifar10,10.000000,0.011284,0.361316,10050
4,6,4210,raspi4,cifar10,89.030000,4.782748,0.361316,10050
4,6,7017,raspi4,cifar10,86.970000,2.544041,0.361316,10050
4,6,5111,raspi4,cifar10,94.306660,41.756905,0.361316,10050
4,6,1941,raspi4,cifar10,93.533330,25.121769,0.361316,10050
4,6,1781,raspi4,cifar10,89.883330,5.961801,0.361316,10050
4,6,6382,raspi4,cifar10,93.376660,21.461164,0.361316,10050
4,6,7058,raspi4,cifar10,92.040000,16.469465,0.361316,10050
4,6,13397,raspi4,cifar10,92.140000,18.130080,0.361316,10050
4,6,8592,raspi4,cifar10,93.750000,25.477009,0.361316,10050
4,6,4398,raspi4,cifar10,92.073330,17.597267,0.361316,10050
4,6,11810,raspi4,cifar10,92.780000,18.619905,0.361316,10050
4,6,3731,raspi4,cifar10,94.343330,58.070793,0.361316,10050
4,6,6918,raspi4,cifar10,87.000000,2.787590,0.361316,10050
4,6,6111,raspi4,cifar10,94.373340,68.404106,0.361316,10050
4,6,8426,raspi4,cifar10,93.840000,31.394428,0.361316,10050
4,6,11692,raspi4,cifar10,94.130000,37.583630,0.361316,10050
4,6,9380,raspi4,cifar10,89.335000,4.875613,0.361316,10050
4,6,10689,raspi4,cifar10,90.790000,8.002823,0.361316,10050
4,6,2058,raspi4,cifar10,93.270000,19.484835,0.361316,10050
4,6,1973,raspi4,cifar10,91.663330,16.185848,0.361316,10050
4,6,1962,raspi4,cifar10,86.530000,2.529453,0.361316,10050
4,6,11533,raspi4,cifar10,93.420000,21.715693,0.361316,10050
4,6,14677,raspi4,cifar10,88.670000,4.755260,0.361316,10050
4,6,1785,raspi4,cifar10,86.586670,2.538737,0.361316,10050
4,6,1099,raspi4,cifar10,92.240000,18.358124,0.361316,10050
4,6,13611,raspi4,cifar10,92.490000,18.523302,0.361316,10050
4,6,5780,raspi4,cifar10,93.980000,34.928463,0.361316,10050
4,6,9240,raspi4,cifar10,90.860000,9.774760,0.361316,10050
4,6,3687,raspi4,cifar10,89.820000,5.156255,0.361316,10050
4,6,4432,raspi4,cifar10,90.700000,7.290926,0.361316,10050
4,6,8008,raspi4,cifar10,93.480000,22.571420,0.361316,10050
4,6,6584,raspi4,cifar10,94.160000,38.818527,0.361316,10050
4,6,2035,raspi4,cifar10,89.670000,4.984099,0.361316,10050
4,6,11972,raspi4,cifar10,91.510000,12.403558,0.361316,10050
4,6,12639,raspi4,cifar10,90.990000,11.857850,0.361316,10050
4,7,14984,edgegpu,cifar100,67.166664,1.760831,0.281426,10050
4,7,14089,edgegpu,cifar100,61.806667,1.752892,0.281426,10050
4,7,2304,edgegpu,cifar100,58.660000,1.440253,0.281426,10050
4,7,8401,edgegpu,cifar100,71.080000,3.302102,0.281426,10050
4,7,4418,edgegpu,cifar100,72.746666,5.352364,0.281426,10050
4,7,9930,edgegpu,cifar100,73.513336,6.803060,0.281426,10050
4,7,2778,edgegpu,cifar100,72.993330,6.134028,0.281426,10050
4,7,8912,edgegpu,cifar100,59.200000,1.441355,0.281426,10050
4,7,3888,edgegpu,cifar100,73.260000,6.797867,0.281426,10050
4,7,4954,edgegpu,cifar100,73.000000,6.669736,0.281426,10050
4,7,12415,edgegpu,cifar100,71.940000,4.828467,0.281426,10050
4,7,14300,edgegpu,cifar100,67.300000,1.765666,0.281426,10050
4,7,4609,edgegpu,cifar100,66.520000,1.758838,0.281426,10050
4,7,1425,edgegpu,cifar100,72.093330,5.310225,0.281426,10050
4,7,11810,edgegpu,cifar100,68.300000,1.779551,0.281426,10050
4,7,3540,edgegpu,cifar100,71.500000,4.730291,0.281426,10050
4,7,11465,edgegpu,cifar100,71.160000,4.351864,0.281426,10050
4,7,1509,edgegpu,cifar100,1.000000,0.505853,0.281426,10050
4,7,9922,edgegpu,cifar100,58.560000,1.428552,0.281426,10050
4,8,9930,edgetpu,cifar100,73.513336,1.454107,0.294716,10050
4,8,2705,edgetpu,cifar100,62.813330,0.393026,0.294716,10050
4,8,4659,edgetpu,cifar100,70.060000,0.636433,0.294716,10050
4,8,9271,edgetpu,cifar100,63.400000,0.393151,0.294716,10050
4,8,9997,edgetpu,cifar100,71.520000,0.729986,0.294716,10050
4,8,14945,edgetpu,cifar100,58.500000,0.354940,0.294716,10050
4,8,5019,edgetpu,cifar100,58.880000,0.357058,0.294716,10050
4,8,1383,edgetpu,cifar100,70.273330,0.673722,0.294716,10050
4,8,8401,edgetpu,cifar100,71.080000,0.728572,0.294716,10050
4,8,12761,edgetpu,cifar100,72.860000,1.225212,0.294716,10050
4,8,12415,edgetpu,cifar100,71.940000,0.872299,0.294716,10050
4,8,8912,edgetpu,cifar100,59.200000,0.377698,0.294716,10050
4,8,797,edgetpu,cifar100,69.580000,0.633351,0.294716,10050
4,8,8638,edgetpu,cifar100,58.860000,0.356631,0.294716,10050
4,8,1110,edgetpu,cifar100,58.840000,0.355938,0.294716,10050
4,8,4418,edgetpu,cifar100,72.746666,1.093699,0.294716,10050
4,8,15363,edgetpu,cifar100,70.520000,0.676394,0.294716,10050
4,8,857,edgetpu,cifar100,72.880000,1.264168,0.294716,10050
4,8,11112,edgetpu,cifar100,66.893330,0.486713,0.294716,10050
4,8,3888,edgetpu,cifar100,73.260000,1.316226,0.294716,10050
4,8,781,edgetpu,cifar100,67.960000,0.487922,0.294716,10050
4,8,9541,edgetpu,cifar100,67.660000,0.486829,0.294716,10050
4,8,12574,edgetpu,cifar100,72.740000,0.932430,0.294716,10050
4,8,4155,edgetpu,cifar100,62.306667,0.391442,0.294716,10050
4,8,777,edgetpu,cifar100,58.650000,0.355588,0.294716,10050
4,8,10443,edgetpu,cifar100,68.300000,0.489020,0.294716,10050
4,8,1425,edgetpu,cifar100,72.093330,0.910660,0.294716,10050
4,8,1943,edgetpu,cifar100,69.626660,0.634759,0.294716,10050
4,8,577,edgetpu,cifar100,69.680000,0.635228,0.294716,10050
4,8,10000,edgetpu,cifar100,73.160000,1.283461,0.294716,10050
4,8,69,edgetpu,cifar100,71.020000,0.727259,0.294716,10050
4,8,11533,edgetpu,cifar100,69.760000,0.635877,0.294716,10050
4,9,3540,eyeriss,cifar100,71.500000,4.877440,0.244112,10050
4,9,12574,eyeriss,cifar100,72.740000,5.123200,0.244112,10050
4,9,375,eyeriss,cifar100,64.440000,1.928320,0.244112,10050
4,9,14714,eyeriss,cifar100,71.280000,4.140160,0.244112,10050
4,9,12970,eyeriss,cifar100,68.140000,2.665600,0.244112,10050
4,9,12761,eyeriss,cifar100,72.860000,6.352000,0.244112,10050
4,9,3888,eyeriss,cifar100,73.260000,6.597760,0.244112,10050
4,9,6925,eyeriss,cifar100,71.220000,3.894400,0.244112,10050
4,9,5084,eyeriss,cifar100,58.813330,1.682560,0.244112,10050
4,9,14112,eyeriss,cifar100,68.386665,2.911360,0.244112,10050
4,9,10689,eyeriss,cifar100,67.500000,2.174080,0.244112,10050
4,9,11973,eyeriss,cifar100,70.340000,3.402880,0.244112,10050
4,9,12820,eyeriss,cifar100,67.720000,2.419840,0.244112,10050
4,9,6787,eyeriss,cifar100,70.720000,3.648640,0.244112,10050
4,9,9930,eyeriss,cifar100,73.513336,9.055360,0.244112,10050
4,9,8139,eyeriss,cifar100,64.440000,1.928320,0.244112,10050
4,10,9930,fpga,cifar100,73.513336,7.420960,0.275226,10050
4,10,3687,fpga,cifar100,64.460000,1.648160,0.275226,10050
4,10,7250,fpga,cifar100,67.706665,2.390560,0.275226,10050
4,10,3888,fpga,cifar100,73.260000,5.936160,0.275226,10050
4,10,6925,fpga,cifar100,71.220000,3.936160,0.275226,10050
4,10,5725,fpga,cifar100,70.600000,3.420960,0.275226,10050
4,10,5084,fpga,cifar100,58.813330,1.132960,0.275226,10050
4,10,69,fpga,cifar100,71.020000,3.648160,0.275226,10050
4,10,10689,fpga,cifar100,67.500000,2.163360,0.275226,10050
4,10,11979,fpga,cifar100,68.000000,2.800160,0.275226,10050
4,10,12761,fpga,cifar100,72.860000,5.420960,0.275226,10050
4,10,3540,fpga,cifar100,71.500000,4.163360,0.275226,10050
4,10,6830,fpga,cifar100,71.460000,4.057760,0.275226,10050
4,10,11878,fpga,cifar100,65.060000,2.057760,0.275226,10050
4,10,12574,fpga,cifar100,72.740000,4.678560,0.275226,10050
4,10,898,fpga,cifar100,70.000000,2.905760,0.275226,10050
4,10,12820,fpga,cifar100,67.720000,2.678560,0.275226,10050
4,10,5033,fpga,cifar100,59.060000,1.542560,0.275226,10050
4,11,15589,pixel3,cifar100,59.060000,1.483890,0.344897,10050
4,11,10042,pixel3,cifar100,64.880000,2.794690,0.344897,10050
4,11,722,pixel3,cifar100,72.260000,16.581200,0.344897,10050
4,11,3888,pixel3,cifar100,73.260000,23.477200,0.344897,10050
4,11,15363,pixel3,cifar100,70.520000,9.708640,0.344897,10050
4,11,9649,pixel3,cifar100,64.540000,2.536210,0.344897,10050
4,11,3385,pixel3,cifar100,72.380000,17.527800,0.344897,10050
4,11,1409,pixel3,cifar100,58.853333,1.275090,0.344897,10050
4,11,12970,pixel3,cifar100,68.140000,4.782110,0.344897,10050
4,11,3192,pixel3,cifar100,71.133330,11.671300,0.344897,10050
4,11,724,pixel3,cifar100,67.053340,2.875650,0.344897,10050
4,11,14253,pixel3,cifar100,70.860000,10.679300,0.344897,10050
4,11,1450,pixel3,cifar100,70.506670,9.337360,0.344897,10050
4,11,898,pixel3,cifar100,70.000000,6.516140,0.344897,10050
4,11,485,pixel3,cifar100,67.593330,4.124800,0.344897,10050
4,11,1459,pixel3,cifar100,73.140000,23.437900,0.344897,10050
4,11,9930,pixel3,cifar100,73.513336,42.003600,0.344897,10050
4,11,6337,pixel3,cifar100,1.000000,0.008753,0.344897,10050
4,11,1631,pixel3,cifar100,63.986668,1.805000,0.344897,10050
4,11,857,pixel3,cifar100,72.880000,19.113200,0.344897,10050
4,11,6899,pixel3,cifar100,67.080000,3.983530,0.344897,10050
4,11,5019,pixel3,cifar100,58.880000,1.483640,0.344897,10050
4,11,777,pixel3,cifar100,58.650000,1.087020,0.344897,10050
4,11,1357,pixel3,cifar100,67.480000,3.998260,0.344897,10050
4,11,2649,pixel3,cifar100,64.446660,2.496890,0.344897,10050
4,11,699,pixel3,cifar100,72.240000,12.079400,0.344897,10050
4,11,858,pixel3,cifar100,64.133330,2.003500,0.344897,10050
4,11,375,pixel3,cifar100,64.440000,2.363140,0.344897,10050
4,11,906,pixel3,cifar100,62.393333,1.661810,0.344897,10050
4,12,10042,raspi4,cifar100,64.880000,5.100886,0.381372,10050
4,12,8720,raspi4,cifar100,64.130000,5.082239,0.381372,10050
4,12,12607,raspi4,cifar100,62.600000,4.779045,0.381372,10050
4,12,15589,raspi4,cifar100,59.060000,2.795078,0.381372,10050
4,12,12915,raspi4,cifar100,66.950000,7.226311,0.381372,10050
4,12,3888,raspi4,cifar100,73.260000,55.029520,0.381372,10050
4,12,3385,raspi4,cifar100,72.380000,42.309270,0.381372,10050
4,12,8740,raspi4,cifar100,1.000000,0.015215,0.381372,10050
4,12,15363,raspi4,cifar100,70.520000,21.809430,0.381372,10050
4,12,15383,raspi4,cifar100,71.660000,38.693768,0.381372,10050
4,12,6918,raspi4,cifar100,58.800000,2.571364,0.381372,10050
4,12,6787,raspi4,cifar100,70.720000,23.081835,0.381372,10050
4,12,14612,raspi4,cifar100,58.720000,2.563505,0.381372,10050
4,12,10222,raspi4,cifar100,58.860000,2.747804,0.381372,10050
4,12,9930,raspi4,cifar100,73.513336,71.152000,0.381372,10050
4,12,898,raspi4,cifar100,70.000000,21.506163,0.381372,10050
4,12,14792,raspi4,cifar100,69.500000,19.111843,0.381372,10050
4,12,9997,raspi4,cifar100,71.520000,34.996710,0.381372,10050
4,12,13430,raspi4,cifar100,66.700000,7.203785,0.381372,10050
4,12,4418,raspi4,cifar100,72.746666,47.162354,0.381372,10050
4,12,15246,raspi4,cifar100,66.966670,7.350053,0.381372,10050
4,12,12761,raspi4,cifar100,72.860000,53.718200,0.381372,10050
4,12,3487,raspi4,cifar100,70.093330,21.603350,0.381372,10050
4,12,3408,raspi4,cifar100,63.993332,5.081906,0.381372,10050
4,12,14714,raspi4,cifar100,71.280000,24.692347,0.381372,10050
4,12,4731,raspi4,cifar100,67.046670,7.444095,0.381372,10050
4,12,6822,raspi4,cifar100,58.426666,2.558594,0.381372,10050
4,12,1572,raspi4,cifar100,69.900000,19.916142,0.381372,10050
4,12,1425,raspi4,cifar100,72.093330,39.608680,0.381372,10050
4,12,14112,raspi4,cifar100,68.386665,14.423308,0.381372,10050
4,12,7891,raspi4,cifar100,67.550000,12.536592,0.381372,10050
4,12,2880,raspi4,cifar100,67.473335,11.969307,0.381372,10050
4,12,6294,raspi4,cifar100,66.973335,7.376450,0.381372,10050
4,12,2222,raspi4,cifar100,58.313330,2.538255,0.381372,10050
4,12,7556,raspi4,cifar100,71.526665,36.461315,0.381372,10050
4,12,7030,raspi4,cifar100,69.600000,19.218203,0.381372,10050
4,12,11492,raspi4,cifar100,67.300000,10.479444,0.381372,10050
4,12,2035,raspi4,cifar100,63.926666,5.005698,0.381372,10050
4,12,1459,raspi4,cifar100,73.140000,53.879950,0.381372,10050
4,12,9271,raspi4,cifar100,63.400000,4.800893,0.381372,10050
4,13,15376,edgegpu,ImageNet16-120,0.833333,0.533953,0.299349,10050
4,13,12062,edgegpu,ImageNet16-120,39.900000,2.519493,0.299349,10050
4,13,6950,edgegpu,ImageNet16-120,38.700000,1.740150,0.299349,10050
4,13,15288,edgegpu,ImageNet16-120,28.422222,1.417041,0.299349,10050
4,13,14840,edgegpu,ImageNet16-120,45.311110,4.224715,0.299349,10050
4,13,4587,edgegpu,ImageNet16-120,28.800000,1.445131,0.299349,10050
4,13,6499,edgegpu,ImageNet16-120,44.466667,3.413672,0.299349,10050
4,13,5477,edgegpu,ImageNet16-120,38.977780,1.744175,0.299349,10050
4,13,15159,edgegpu,ImageNet16-120,45.566666,4.632421,0.299349,10050
4,13,454,edgegpu,ImageNet16-120,41.277780,3.303313,0.299349,10050
4,13,11217,edgegpu,ImageNet16-120,43.466667,3.316708,0.299349,10050
4,13,8884,edgegpu,ImageNet16-120,45.033333,3.499999,0.299349,10050
4,13,12415,edgegpu,ImageNet16-120,46.566666,4.667692,0.299349,10050
4,13,4946,edgegpu,ImageNet16-120,44.700000,3.490419,0.299349,10050
4,13,12081,edgegpu,ImageNet16-120,40.233334,2.730479,0.299349,10050
4,13,7187,edgegpu,ImageNet16-120,28.683332,1.443858,0.299349,10050
4,13,9586,edgegpu,ImageNet16-120,46.933334,5.222673,0.299349,10050
4,13,9722,edgegpu,ImageNet16-120,44.000000,3.327813,0.299349,10050
4,13,4332,edgegpu,ImageNet16-120,39.444443,1.745496,0.299349,10050
4,13,8230,edgegpu,ImageNet16-120,39.944443,2.585306,0.299349,10050
4,13,8401,edgegpu,ImageNet16-120,43.833332,3.322444,0.299349,10050
4,13,14117,edgegpu,ImageNet16-120,28.677778,1.435547,0.299349,10050
4,13,4988,edgegpu,ImageNet16-120,28.933332,1.448212,0.299349,10050
4,13,1164,edgegpu,ImageNet16-120,28.522223,1.435223,0.299349,10050
4,13,4160,edgegpu,ImageNet16-120,39.833332,1.756272,0.299349,10050
4,13,10750,edgegpu,ImageNet16-120,44.600000,3.434558,0.299349,10050
4,13,857,edgegpu,ImageNet16-120,47.311110,6.707663,0.299349,10050
4,13,2650,edgegpu,ImageNet16-120,42.433334,3.309817,0.299349,10050
4,14,10332,edgetpu,ImageNet16-120,40.033333,0.516152,0.289287,10050
4,14,15014,edgetpu,ImageNet16-120,28.266666,0.358110,0.289287,10050
4,14,12415,edgetpu,ImageNet16-120,46.566666,0.710906,0.289287,10050
4,14,11079,edgetpu,ImageNet16-120,43.566666,0.552430,0.289287,10050
4,14,3540,edgetpu,ImageNet16-120,45.122223,0.648670,0.289287,10050
4,14,7396,edgetpu,ImageNet16-120,40.177776,0.517218,0.289287,10050
4,14,13931,edgetpu,ImageNet16-120,28.788889,0.360349,0.289287,10050
4,14,7750,edgetpu,ImageNet16-120,43.066666,0.551617,0.289287,10050
4,14,6407,edgetpu,ImageNet16-120,32.333332,0.363748,0.289287,10050
4,14,1172,edgetpu,ImageNet16-120,39.933334,0.515935,0.289287,10050
4,14,14840,edgetpu,ImageNet16-120,45.311110,0.666690,0.289287,10050
4,14,4946,edgetpu,ImageNet16-120,44.700000,0.618328,0.289287,10050
4,14,5751,edgetpu,ImageNet16-120,40.044445,0.516992,0.289287,10050
4,14,10888,edgetpu,ImageNet16-120,28.333334,0.359044,0.289287,10050
4,14,7273,edgetpu,ImageNet16-120,42.966667,0.550014,0.289287,10050
4,14,7357,edgetpu,ImageNet16-120,44.666668,0.600498,0.289287,10050
4,14,4988,edgetpu,ImageNet16-120,28.933332,0.360694,0.289287,10050
4,14,857,edgetpu,ImageNet16-120,47.311110,0.997730,0.289287,10050
4,14,9689,edgetpu,ImageNet16-120,42.533333,0.549702,0.289287,10050
4,14,70,edgetpu,ImageNet16-120,39.377777,0.428228,0.289287,10050
4,14,4830,edgetpu,ImageNet16-120,42.233334,0.549457,0.289287,10050
4,14,14677,edgetpu,ImageNet16-120,33.233334,0.364575,0.289287,10050
4,14,4160,edgetpu,ImageNet16-120,39.833332,0.430355,0.289287,10050
4,14,15383,edgetpu,ImageNet16-120,47.033333,0.780914,0.289287,10050
4,14,5586,edgetpu,ImageNet16-120,40.811110,0.546420,0.289287,10050
4,14,13769,edgetpu,ImageNet16-120,41.555557,0.549360,0.289287,10050
4,14,13097,edgetpu,ImageNet16-120,39.655556,0.428424,0.289287,10050
4,14,15363,edgetpu,ImageNet16-120,44.333332,0.582280,0.289287,10050
4,14,6858,edgetpu,ImageNet16-120,40.333332,0.541300,0.289287,10050
4,14,1973,edgetpu,ImageNet16-120,38.855556,0.427802,0.289287,10050
4,14,10340,edgetpu,ImageNet16-120,31.522223,0.363639,0.289287,10050
4,14,11262,edgetpu,ImageNet16-120,39.733334,0.430019,0.289287,10050
4,14,5530,edgetpu,ImageNet16-120,42.577778,0.549937,0.289287,10050
4,14,11282,edgetpu,ImageNet16-120,39.633335,0.428409,0.289287,10050
4,14,15107,edgetpu,ImageNet16-120,39.800000,0.430284,0.289287,10050
4,15,15383,eyeriss,ImageNet16-120,47.033333,1.283200,0.247066,10050
4,15,4988,eyeriss,ImageNet16-120,28.933332,0.423040,0.247066,10050
4,15,5487,eyeriss,ImageNet16-120,38.500000,0.607360,0.247066,10050
4,15,2835,eyeriss,ImageNet16-120,38.222220,0.545920,0.247066,10050
4,15,8008,eyeriss,ImageNet16-120,43.500000,0.853120,0.247066,10050
4,15,6787,eyeriss,ImageNet16-120,44.400000,0.914560,0.247066,10050
4,15,8853,eyeriss,ImageNet16-120,45.600000,1.037440,0.247066,10050
4,15,857,eyeriss,ImageNet16-120,47.311110,1.651840,0.247066,10050
4,15,6854,eyeriss,ImageNet16-120,40.800000,0.668800,0.247066,10050
4,15,4829,eyeriss,ImageNet16-120,34.200000,0.484480,0.247066,10050
4,15,1939,eyeriss,ImageNet16-120,45.077778,0.976000,0.247066,10050
4,15,8736,eyeriss,ImageNet16-120,45.700000,1.221760,0.247066,10050
4,16,11079,fpga,ImageNet16-120,43.566666,0.902400,0.256302,10050
4,16,15446,fpga,ImageNet16-120,45.766666,1.116320,0.256302,10050
4,16,4988,fpga,ImageNet16-120,28.933332,0.284320,0.256302,10050
4,16,12452,fpga,ImageNet16-120,40.533333,0.780320,0.256302,10050
4,16,15383,fpga,ImageNet16-120,47.033333,1.504000,0.256302,10050
4,16,14748,fpga,ImageNet16-120,44.900000,0.995200,0.256302,10050
4,16,6787,fpga,ImageNet16-120,44.400000,0.969600,0.256302,10050
4,16,4829,fpga,ImageNet16-120,34.200000,0.415520,0.256302,10050
4,16,2835,fpga,ImageNet16-120,38.222220,0.546720,0.256302,10050
4,16,8008,fpga,ImageNet16-120,43.500000,0.876800,0.256302,10050
4,16,6868,fpga,ImageNet16-120,39.000000,0.649120,0.256302,10050
4,16,1939,fpga,ImageNet16-120,45.077778,1.062400,0.256302,10050
4,16,857,fpga,ImageNet16-120,47.311110,2.038400,0.256302,10050
4,16,14417,fpga,ImageNet16-120,45.900000,1.276320,0.256302,10050
4,16,5793,fpga,ImageNet16-120,35.033333,0.517920,0.256302,10050
4,17,8683,pixel3,ImageNet16-120,44.200000,2.711960,0.345984,10050
4,17,8627,pixel3,ImageNet16-120,43.633335,2.707490,0.345984,10050
4,17,11079,pixel3,ImageNet16-120,43.566666,2.479610,0.345984,10050
4,17,2050,pixel3,ImageNet16-120,0.833333,0.005526,0.345984,10050
4,17,6854,pixel3,ImageNet16-120,40.800000,1.621620,0.345984,10050
4,17,4977,pixel3,ImageNet16-120,32.966667,0.617991,0.345984,10050
4,17,4587,pixel3,ImageNet16-120,28.800000,0.445767,0.345984,10050
4,17,7187,pixel3,ImageNet16-120,28.683332,0.425223,0.345984,10050
4,17,8584,pixel3,ImageNet16-120,34.088890,0.664046,0.345984,10050
4,17,4004,pixel3,ImageNet16-120,42.811110,2.467510,0.345984,10050
4,17,1425,pixel3,ImageNet16-120,45.977780,4.619290,0.345984,10050
4,17,10154,pixel3,ImageNet16-120,46.133335,4.783700,0.345984,10050
4,17,12466,pixel3,ImageNet16-120,46.100000,4.680280,0.345984,10050
4,17,1110,pixel3,ImageNet16-120,28.600000,0.423927,0.345984,10050
4,17,15383,pixel3,ImageNet16-120,47.033333,5.191720,0.345984,10050
4,17,4432,pixel3,ImageNet16-120,37.800000,0.861157,0.345984,10050
4,17,12452,pixel3,ImageNet16-120,40.533333,1.504410,0.345984,10050
4,17,12424,pixel3,ImageNet16-120,43.133330,2.470150,0.345984,10050
4,17,3728,pixel3,ImageNet16-120,28.500000,0.422880,0.345984,10050
4,17,1939,pixel3,ImageNet16-120,45.077778,3.021500,0.345984,10050
4,17,2002,pixel3,ImageNet16-120,32.277780,0.617751,0.345984,10050
4,17,3043,pixel3,ImageNet16-120,33.100000,0.621954,0.345984,10050
4,17,2018,pixel3,ImageNet16-120,46.433334,4.949210,0.345984,10050
4,17,12639,pixel3,ImageNet16-120,40.400000,1.304440,0.345984,10050
4,17,1204,pixel3,ImageNet16-120,37.844444,0.864966,0.345984,10050
4,17,7401,pixel3,ImageNet16-120,28.866667,0.505777,0.345984,10050
4,17,1549,pixel3,ImageNet16-120,28.655556,0.424747,0.345984,10050
4,17,13059,pixel3,ImageNet16-120,34.266666,0.668679,0.345984,10050
4,17,11000,pixel3,ImageNet16-120,44.866665,2.962520,0.345984,10050
4,17,2835,pixel3,ImageNet16-120,38.222220,0.868646,0.345984,10050
4,17,857,pixel3,ImageNet16-120,47.311110,6.686850,0.345984,10050
4,17,15446,pixel3,ImageNet16-120,45.766666,3.439380,0.345984,10050
4,17,5487,pixel3,ImageNet16-120,38.500000,1.109150,0.345984,10050
4,17,14417,pixel3,ImageNet16-120,45.900000,4.143030,0.345984,10050
4,17,12355,pixel3,ImageNet16-120,45.033333,2.989390,0.345984,10050
4,17,12103,pixel3,ImageNet16-120,28.250000,0.422433,0.345984,10050
4,18,12988,raspi4,ImageNet16-120,32.200000,1.535030,0.409507,10050
4,18,10797,raspi4,ImageNet16-120,28.033333,0.946706,0.409507,10050
4,18,6787,raspi4,ImageNet16-120,44.400000,4.532777,0.409507,10050
4,18,10217,raspi4,ImageNet16-120,45.100000,6.109362,0.409507,10050
4,18,3192,raspi4,ImageNet16-120,45.477780,6.675633,0.409507,10050
4,18,4988,raspi4,ImageNet16-120,28.933332,1.003251,0.409507,10050
4,18,11177,raspi4,ImageNet16-120,33.200000,1.573414,0.409507,10050
4,18,15383,raspi4,ImageNet16-120,47.033333,8.565354,0.409507,10050
4,18,346,raspi4,ImageNet16-120,32.183334,1.534463,0.409507,10050
4,18,4829,raspi4,ImageNet16-120,34.200000,1.614683,0.409507,10050
4,18,3960,raspi4,ImageNet16-120,37.755554,2.197980,0.409507,10050
4,18,8853,raspi4,ImageNet16-120,45.600000,6.961605,0.409507,10050
4,18,9762,raspi4,ImageNet16-120,38.200000,2.912099,0.409507,10050
4,18,857,raspi4,ImageNet16-120,47.311110,9.020064,0.409507,10050
4,18,6336,raspi4,ImageNet16-120,39.366665,3.073392,0.409507,10050
4,18,3782,raspi4,ImageNet16-120,41.866665,3.755286,0.409507,10050
4,18,11079,raspi4,ImageNet16-120,43.566666,3.802027,0.409507,10050
4,18,1413,raspi4,ImageNet16-120,42.711113,3.788479,0.409507,10050
4,18,12639,raspi4,ImageNet16-120,40.400000,3.628959,0.409507,10050
4,18,97,raspi4,ImageNet16-120,32.177776,1.530789,0.409507,10050
4,18,2018,raspi4,ImageNet16-120,46.433334,7.482383,0.409507,10050
4,18,1939,raspi4,ImageNet16-120,45.077778,5.341908,0.409507,10050
4,18,55,raspi4,ImageNet16-120,28.322222,0.957719,0.409507,10050
4,18,10167,raspi4,ImageNet16-120,39.944443,3.106316,0.409507,10050
4,18,14750,raspi4,ImageNet16-120,32.933334,1.536700,0.409507,10050
4,18,6868,raspi4,ImageNet16-120,39.000000,2.982937,0.409507,10050
4,18,2779,raspi4,ImageNet16-120,37.355556,2.190654,0.409507,10050
4,18,2908,raspi4,ImageNet16-120,40.022220,3.182085,0.409507,10050
4,18,14697,raspi4,ImageNet16-120,33.900000,1.580382,0.409507,10050
4,18,9032,raspi4,ImageNet16-120,38.016666,2.201532,0.409507,10050
4,18,1204,raspi4,ImageNet16-120,37.844444,2.199356,0.409507,10050
4,18,6854,raspi4,ImageNet16-120,40.800000,3.661016,0.409507,10050
4,18,12231,raspi4,ImageNet16-120,40.200000,3.188915,0.409507,10050
4,18,219,raspi4,ImageNet16-120,42.500000,3.768475,0.409507,10050
4,18,6014,raspi4,ImageNet16-120,28.533333,0.971206,0.409507,10050
4,18,5530,raspi4,ImageNet16-120,42.577778,3.785925,0.409507,10050
4,18,8884,raspi4,ImageNet16-120,45.033333,5.293177,0.409507,10050
4,18,15363,raspi4,ImageNet16-120,44.333332,4.480516,0.409507,10050
4,18,7551,raspi4,ImageNet16-120,38.477780,2.950436,0.409507,10050
4,18,8683,raspi4,ImageNet16-120,44.200000,4.462997,0.409507,10050
4,18,10472,raspi4,ImageNet16-120,39.633335,3.079679,0.409507,10050
4,18,14146,raspi4,ImageNet16-120,28.433332,0.961556,0.409507,10050
4,18,4995,raspi4,ImageNet16-120,42.166668,3.766336,0.409507,10050
4,18,15107,raspi4,ImageNet16-120,39.800000,3.083329,0.409507,10050
4,18,3687,raspi4,ImageNet16-120,34.066666,1.583497,0.409507,10050
4,18,12505,raspi4,ImageNet16-120,39.283333,3.062432,0.409507,10050
4,18,8355,raspi4,ImageNet16-120,39.666668,3.083286,0.409507,10050
4,18,933,raspi4,ImageNet16-120,0.833333,0.011514,0.409507,10050
4,18,5637,raspi4,ImageNet16-120,33.933334,1.580707,0.409507,10050
4,18,8447,raspi4,ImageNet16-120,40.011112,3.156609,0.409507,10050
5,1,11438,edgegpu,cifar10,92.500000,1.846719,0.297363,10050
5,1,14407,edgegpu,cifar10,86.770000,1.440282,0.297363,10050
5,1,14527,edgegpu,cifar10,86.765000,1.439619,0.297363,10050
5,1,1459,edgegpu,cifar10,94.296670,6.748991,0.297363,10050
5,1,2053,edgegpu,cifar10,94.206665,5.482254,0.297363,10050
5,1,13714,edgegpu,cifar10,94.373340,6.772180,0.297363,10050
5,1,5292,edgegpu,cifar10,94.293335,6.663151,0.297363,10050
5,1,258,edgegpu,cifar10,93.640000,3.307109,0.297363,10050
5,1,11810,edgegpu,cifar10,92.780000,1.992798,0.297363,10050
5,1,4803,edgegpu,cifar10,88.746666,1.748652,0.297363,10050
5,1,15200,edgegpu,cifar10,10.000000,0.501385,0.297363,10050
5,1,6330,edgegpu,cifar10,94.006670,4.384699,0.297363,10050
5,1,10484,edgegpu,cifar10,93.810000,3.354015,0.297363,10050
5,1,11692,edgegpu,cifar10,94.130000,4.708362,0.297363,10050
5,1,2776,edgegpu,cifar10,93.666664,3.331194,0.297363,10050
5,1,5780,edgegpu,cifar10,93.980000,3.361888,0.297363,10050
5,1,13401,edgegpu,cifar10,87.010000,1.457009,0.297363,10050
5,1,561,edgegpu,cifar10,86.880000,1.451068,0.297363,10050
5,1,5400,edgegpu,cifar10,86.630000,1.427460,0.297363,10050
5,1,1339,edgegpu,cifar10,92.136665,1.751881,0.297363,10050
5,1,14090,edgegpu,cifar10,92.086670,1.749086,0.297363,10050
5,1,2090,edgegpu,cifar10,86.650000,1.437702,0.297363,10050
5,1,9099,edgegpu,cifar10,93.940000,3.357520,0.297363,10050
5,1,6960,edgegpu,cifar10,92.280000,1.764450,0.297363,10050
5,2,5647,edgetpu,cifar10,89.110000,0.389378,0.296449,10050
5,2,4438,edgetpu,cifar10,92.270000,0.481473,0.296449,10050
5,2,9689,edgetpu,cifar10,93.370000,0.628386,0.296449,10050
5,2,6382,edgetpu,cifar10,93.376660,0.628638,0.296449,10050
5,2,2485,edgetpu,cifar10,86.700000,0.346546,0.296449,10050
5,2,3731,edgetpu,cifar10,94.343330,1.282820,0.296449,10050
5,2,5111,edgetpu,cifar10,94.306660,1.152010,0.296449,10050
5,2,1005,edgetpu,cifar10,89.183334,0.392518,0.296449,10050
5,2,3927,edgetpu,cifar10,93.626660,0.723268,0.296449,10050
5,2,13714,edgetpu,cifar10,94.373340,1.377865,0.296449,10050
5,2,2053,edgetpu,cifar10,94.206665,1.042178,0.296449,10050
5,2,6515,edgetpu,cifar10,93.616670,0.722858,0.296449,10050
5,2,5258,edgetpu,cifar10,88.775000,0.388629,0.296449,10050
5,2,11692,edgetpu,cifar10,94.130000,0.761100,0.296449,10050
5,2,5780,edgetpu,cifar10,93.980000,0.723967,0.296449,10050
5,2,6584,edgetpu,cifar10,94.160000,0.888877,0.296449,10050
5,2,4675,edgetpu,cifar10,89.200000,0.395661,0.296449,10050
5,2,8192,edgetpu,cifar10,93.093330,0.627745,0.296449,10050
5,2,11112,edgetpu,cifar10,92.110000,0.480732,0.296449,10050
5,2,15000,edgetpu,cifar10,92.400000,0.481741,0.296449,10050
5,2,5915,edgetpu,cifar10,86.846664,0.376449,0.296449,10050
5,2,4384,edgetpu,cifar10,86.796670,0.362569,0.296449,10050
5,2,11810,edgetpu,cifar10,92.780000,0.482879,0.296449,10050
5,2,13320,edgetpu,cifar10,89.330000,0.396446,0.296449,10050
5,2,2648,edgetpu,cifar10,93.246666,0.628167,0.296449,10050
5,3,5111,eyeriss,cifar10,94.306660,5.365940,0.241997,10050
5,3,8008,eyeriss,cifar10,93.480000,3.399860,0.241997,10050
5,3,3731,eyeriss,cifar10,94.343330,6.594740,0.241997,10050
5,3,11692,eyeriss,cifar10,94.130000,4.874420,0.241997,10050
5,3,3687,eyeriss,cifar10,89.820000,1.925300,0.241997,10050
5,3,8323,eyeriss,cifar10,90.870000,2.171060,0.241997,10050
5,3,6854,eyeriss,cifar10,91.040000,2.662580,0.241997,10050
5,3,11472,eyeriss,cifar10,93.970000,4.628660,0.241997,10050
5,3,6899,eyeriss,cifar10,90.900000,2.416820,0.241997,10050
5,3,13714,eyeriss,cifar10,94.373340,7.823540,0.241997,10050
5,3,4384,eyeriss,cifar10,86.796670,1.679540,0.241997,10050
5,3,6111,eyeriss,cifar10,94.373340,7.823540,0.241997,10050
5,3,8592,eyeriss,cifar10,93.750000,3.891380,0.241997,10050
5,3,14112,eyeriss,cifar10,91.296670,2.908340,0.241997,10050
5,3,13611,eyeriss,cifar10,92.490000,3.154100,0.241997,10050
5,3,13987,eyeriss,cifar10,93.596664,3.645620,0.241997,10050
5,4,13714,fpga,cifar10,94.373340,6.678560,0.266157,10050
5,4,11472,fpga,cifar10,93.970000,3.648160,0.266157,10050
5,4,3687,fpga,cifar10,89.820000,1.648160,0.266157,10050
5,4,6584,fpga,cifar10,94.160000,4.163360,0.266157,10050
5,4,15000,fpga,cifar10,92.400000,2.390560,0.266157,10050
5,4,8008,fpga,cifar10,93.480000,2.905760,0.266157,10050
5,4,8323,fpga,cifar10,90.870000,2.163360,0.266157,10050
5,4,15295,fpga,cifar10,90.050000,2.057760,0.266157,10050
5,4,5111,fpga,cifar10,94.306660,5.193760,0.266157,10050
5,4,6111,fpga,cifar10,94.373340,6.678560,0.266157,10050
5,4,758,fpga,cifar10,86.705000,1.132960,0.266157,10050
5,4,3731,fpga,cifar10,94.343330,5.936160,0.266157,10050
5,4,13987,fpga,cifar10,93.596664,3.420960,0.266157,10050
5,4,10431,fpga,cifar10,87.000000,1.542560,0.266157,10050
5,5,1631,pixel3,cifar10,89.506670,1.697120,0.345883,10050
5,5,8708,pixel3,cifar10,94.080000,12.839000,0.345883,10050
5,5,12639,pixel3,cifar10,90.990000,4.749000,0.345883,10050
5,5,13171,pixel3,cifar10,93.530000,7.717220,0.345883,10050
5,5,7001,pixel3,cifar10,10.000000,0.003277,0.345883,10050
5,5,3,pixel3,cifar10,86.616670,1.062640,0.345883,10050
5,5,4554,pixel3,cifar10,86.670000,1.114880,0.345883,10050
5,5,1339,pixel3,cifar10,92.136665,5.802240,0.345883,10050
5,5,4578,pixel3,cifar10,89.673330,1.714730,0.345883,10050
5,5,12970,pixel3,cifar10,90.970000,4.723840,0.345883,10050
5,5,1425,pixel3,cifar10,93.933334,12.536500,0.345883,10050
5,5,6899,pixel3,cifar10,90.900000,3.961410,0.345883,10050
5,5,13987,pixel3,cifar10,93.596664,9.922680,0.345883,10050
5,5,4432,pixel3,cifar10,90.700000,2.826310,0.345883,10050
5,5,3731,pixel3,cifar10,94.343330,23.361300,0.345883,10050
5,5,5111,pixel3,cifar10,94.306660,17.584600,0.345883,10050
5,5,7197,pixel3,cifar10,90.366670,2.447670,0.345883,10050
5,5,9230,pixel3,cifar10,86.580000,1.056760,0.345883,10050
5,5,1941,pixel3,cifar10,93.533330,9.128690,0.345883,10050
5,5,7017,pixel3,cifar10,86.970000,1.403930,0.345883,10050
5,5,1497,pixel3,cifar10,86.556660,1.056630,0.345883,10050
5,5,6584,pixel3,cifar10,94.160000,15.720300,0.345883,10050
5,5,11692,pixel3,cifar10,94.130000,15.490100,0.345883,10050
5,5,8695,pixel3,cifar10,94.220000,17.564500,0.345883,10050
5,5,858,pixel3,cifar10,89.696660,1.870670,0.345883,10050
5,5,8592,pixel3,cifar10,93.750000,10.769800,0.345883,10050
5,5,6434,pixel3,cifar10,91.080000,4.811140,0.345883,10050
5,5,6382,pixel3,cifar10,93.376660,7.048190,0.345883,10050
5,5,12452,pixel3,cifar10,91.350000,5.590110,0.345883,10050
5,5,6111,pixel3,cifar10,94.373340,23.584800,0.345883,10050
5,5,13869,pixel3,cifar10,93.656670,10.634700,0.345883,10050
5,5,3496,pixel3,cifar10,89.763336,2.365700,0.345883,10050
5,5,12438,pixel3,cifar10,89.875000,2.371270,0.345883,10050
5,5,7341,pixel3,cifar10,86.720000,1.270180,0.345883,10050
5,5,6624,pixel3,cifar10,89.120000,1.670570,0.345883,10050
5,5,1943,pixel3,cifar10,93.116670,6.492030,0.345883,10050
5,5,6918,pixel3,cifar10,87.000000,1.478790,0.345883,10050
5,5,8323,pixel3,cifar10,90.870000,3.106420,0.345883,10050
5,5,11972,pixel3,cifar10,91.510000,5.627010,0.345883,10050
5,5,6999,pixel3,cifar10,93.820000,12.260900,0.345883,10050
5,5,5224,pixel3,cifar10,88.980000,1.570360,0.345883,10050
5,5,4627,pixel3,cifar10,93.270000,7.036050,0.345883,10050
5,5,4689,pixel3,cifar10,90.720000,3.106280,0.345883,10050
5,5,25,pixel3,cifar10,86.540000,1.054570,0.345883,10050
5,6,13175,raspi4,cifar10,90.840000,9.584910,0.385450,10050
5,6,1804,raspi4,cifar10,89.063330,4.791845,0.385450,10050
5,6,11810,raspi4,cifar10,92.780000,18.619905,0.385450,10050
5,6,9271,raspi4,cifar10,89.250000,4.830311,0.385450,10050
5,6,10275,raspi4,cifar10,91.080000,9.993188,0.385450,10050
5,6,9240,raspi4,cifar10,90.860000,9.774760,0.385450,10050
5,6,1785,raspi4,cifar10,86.586670,2.538737,0.385450,10050
5,6,6953,raspi4,cifar10,91.990000,15.601654,0.385450,10050
5,6,6111,raspi4,cifar10,94.373340,68.404106,0.385450,10050
5,6,3731,raspi4,cifar10,94.343330,58.070793,0.385450,10050
5,6,11972,raspi4,cifar10,91.510000,12.403558,0.385450,10050
5,6,1962,raspi4,cifar10,86.530000,2.529453,0.385450,10050
5,6,11692,raspi4,cifar10,94.130000,37.583630,0.385450,10050
5,6,6931,raspi4,cifar10,93.780000,33.088142,0.385450,10050
5,6,5780,raspi4,cifar10,93.980000,34.928463,0.385450,10050
5,6,3960,raspi4,cifar10,90.830000,7.433146,0.385450,10050
5,6,2058,raspi4,cifar10,93.270000,19.484835,0.385450,10050
5,6,12504,raspi4,cifar10,92.130000,16.890614,0.385450,10050
5,6,6382,raspi4,cifar10,93.376660,21.461164,0.385450,10050
5,6,6960,raspi4,cifar10,92.280000,17.162752,0.385450,10050
5,6,2035,raspi4,cifar10,89.670000,4.984099,0.385450,10050
5,6,6985,raspi4,cifar10,89.940000,4.995646,0.385450,10050
5,6,6918,raspi4,cifar10,87.000000,2.787590,0.385450,10050
5,6,8008,raspi4,cifar10,93.480000,22.571420,0.385450,10050
5,6,8592,raspi4,cifar10,93.750000,25.477009,0.385450,10050
5,6,9394,raspi4,cifar10,86.670000,2.752290,0.385450,10050
5,6,7058,raspi4,cifar10,92.040000,16.469465,0.385450,10050
5,6,4432,raspi4,cifar10,90.700000,7.290926,0.385450,10050
5,6,14677,raspi4,cifar10,88.670000,4.755260,0.385450,10050
5,6,14565,raspi4,cifar10,88.880000,4.781183,0.385450,10050
5,6,5111,raspi4,cifar10,94.306660,41.756905,0.385450,10050
5,6,15288,raspi4,cifar10,86.660000,2.557443,0.385450,10050
5,6,13611,raspi4,cifar10,92.490000,18.523302,0.385450,10050
5,6,5915,raspi4,cifar10,86.846664,2.776470,0.385450,10050
5,6,11533,raspi4,cifar10,93.420000,21.715693,0.385450,10050
5,6,9950,raspi4,cifar10,93.840000,33.860363,0.385450,10050
5,6,9980,raspi4,cifar10,10.000000,0.011284,0.385450,10050
5,6,6584,raspi4,cifar10,94.160000,38.818527,0.385450,10050
5,7,9930,edgegpu,cifar100,73.513336,6.803060,0.276730,10050
5,7,8401,edgegpu,cifar100,71.080000,3.302102,0.276730,10050
5,7,14984,edgegpu,cifar100,67.166664,1.760831,0.276730,10050
5,7,4609,edgegpu,cifar100,66.520000,1.758838,0.276730,10050
5,7,11810,edgegpu,cifar100,68.300000,1.779551,0.276730,10050
5,7,9922,edgegpu,cifar100,58.560000,1.428552,0.276730,10050
5,7,2778,edgegpu,cifar100,72.993330,6.134028,0.276730,10050
5,7,11067,edgegpu,cifar100,58.186670,1.427836,0.276730,10050
5,7,4954,edgegpu,cifar100,73.000000,6.669736,0.276730,10050
5,7,13172,edgegpu,cifar100,62.180000,1.757636,0.276730,10050
5,7,2304,edgegpu,cifar100,58.660000,1.440253,0.276730,10050
5,7,14089,edgegpu,cifar100,61.806667,1.752892,0.276730,10050
5,7,12415,edgegpu,cifar100,71.940000,4.828467,0.276730,10050
5,7,4418,edgegpu,cifar100,72.746666,5.352364,0.276730,10050
5,7,1509,edgegpu,cifar100,1.000000,0.505853,0.276730,10050
5,7,6124,edgegpu,cifar100,68.360000,3.185835,0.276730,10050
5,7,11885,edgegpu,cifar100,68.040000,1.776652,0.276730,10050
5,7,3888,edgegpu,cifar100,73.260000,6.797867,0.276730,10050
5,7,9997,edgegpu,cifar100,71.520000,3.466139,0.276730,10050
5,7,14300,edgegpu,cifar100,67.300000,1.765666,0.276730,10050
5,7,8912,edgegpu,cifar100,59.200000,1.441355,0.276730,10050
5,8,577,edgetpu,cifar100,69.680000,0.635228,0.367759,10050
5,8,3303,edgetpu,cifar100,62.420000,0.392593,0.367759,10050
5,8,857,edgetpu,cifar100,72.880000,1.264168,0.367759,10050
5,8,9930,edgetpu,cifar100,73.513336,1.454107,0.367759,10050
5,8,4418,edgetpu,cifar100,72.746666,1.093699,0.367759,10050
5,8,11692,edgetpu,cifar100,71.120000,0.769536,0.367759,10050
5,8,1425,edgetpu,cifar100,72.093330,0.910660,0.367759,10050
5,8,5019,edgetpu,cifar100,58.880000,0.357058,0.367759,10050
5,8,12415,edgetpu,cifar100,71.940000,0.872299,0.367759,10050
5,8,11885,edgetpu,cifar100,68.040000,0.489665,0.367759,10050
5,8,4977,edgetpu,cifar100,63.360000,0.398743,0.367759,10050
5,8,10000,edgetpu,cifar100,73.160000,1.283461,0.367759,10050
5,8,8401,edgetpu,cifar100,71.080000,0.728572,0.367759,10050
5,8,1110,edgetpu,cifar100,58.840000,0.355938,0.367759,10050
5,8,8912,edgetpu,cifar100,59.200000,0.377698,0.367759,10050
5,8,777,edgetpu,cifar100,58.650000,0.355588,0.367759,10050
5,8,3888,edgetpu,cifar100,73.260000,1.316226,0.367759,10050
5,8,3540,edgetpu,cifar100,71.500000,0.770234,0.367759,10050
5,8,781,edgetpu,cifar100,67.960000,0.487922,0.367759,10050
5,8,797,edgetpu,cifar100,69.580000,0.633351,0.367759,10050
5,8,8569,edgetpu,cifar100,68.200000,0.612892,0.367759,10050
5,8,14300,edgetpu,cifar100,67.300000,0.487450,0.367759,10050
5,8,13434,edgetpu,cifar100,62.106667,0.392580,0.367759,10050
5,8,13113,edgetpu,cifar100,63.140000,0.398170,0.367759,10050
5,8,8638,edgetpu,cifar100,58.860000,0.356631,0.367759,10050
5,8,1943,edgetpu,cifar100,69.626660,0.634759,0.367759,10050
5,8,12761,edgetpu,cifar100,72.860000,1.225212,0.367759,10050
5,8,2705,edgetpu,cifar100,62.813330,0.393026,0.367759,10050
5,8,10679,edgetpu,cifar100,62.080000,0.391915,0.367759,10050
5,8,13829,edgetpu,cifar100,66.873340,0.485137,0.367759,10050
5,8,15363,edgetpu,cifar100,70.520000,0.676394,0.367759,10050
5,8,13731,edgetpu,cifar100,66.953330,0.487148,0.367759,10050
5,8,898,edgetpu,cifar100,70.000000,0.636860,0.367759,10050
5,8,12574,edgetpu,cifar100,72.740000,0.932430,0.367759,10050
5,8,8649,edgetpu,cifar100,70.690000,0.727284,0.367759,10050
5,8,14945,edgetpu,cifar100,58.500000,0.354940,0.367759,10050
5,8,9689,edgetpu,cifar100,69.760000,0.636296,0.367759,10050
5,9,3888,eyeriss,cifar100,73.260000,6.597760,0.258850,10050
5,9,12761,eyeriss,cifar100,72.860000,6.352000,0.258850,10050
5,9,898,eyeriss,cifar100,70.000000,3.402880,0.258850,10050
5,9,10689,eyeriss,cifar100,67.500000,2.174080,0.258850,10050
5,9,6787,eyeriss,cifar100,70.720000,3.648640,0.258850,10050
5,9,6925,eyeriss,cifar100,71.220000,3.894400,0.258850,10050
5,9,14112,eyeriss,cifar100,68.386665,2.911360,0.258850,10050
5,9,11301,eyeriss,cifar100,68.220000,2.665600,0.258850,10050
5,9,5084,eyeriss,cifar100,58.813330,1.682560,0.258850,10050
5,9,3687,eyeriss,cifar100,64.460000,1.928320,0.258850,10050
5,9,9930,eyeriss,cifar100,73.513336,9.055360,0.258850,10050
5,9,3540,eyeriss,cifar100,71.500000,4.877440,0.258850,10050
5,9,14714,eyeriss,cifar100,71.280000,4.140160,0.258850,10050
5,9,12574,eyeriss,cifar100,72.740000,5.123200,0.258850,10050
5,9,12820,eyeriss,cifar100,67.720000,2.419840,0.258850,10050
5,10,3888,fpga,cifar100,73.260000,5.936160,0.272584,10050
5,10,6787,fpga,cifar100,70.720000,3.420960,0.272584,10050
5,10,5084,fpga,cifar100,58.813330,1.132960,0.272584,10050
5,10,10689,fpga,cifar100,67.500000,2.163360,0.272584,10050
5,10,9930,fpga,cifar100,73.513336,7.420960,0.272584,10050
5,10,7250,fpga,cifar100,67.706665,2.390560,0.272584,10050
5,10,6925,fpga,cifar100,71.220000,3.936160,0.272584,10050
5,10,12820,fpga,cifar100,67.720000,2.678560,0.272584,10050
5,10,8139,fpga,cifar100,64.440000,1.648160,0.272584,10050
5,10,4249,fpga,cifar100,65.080000,2.057760,0.272584,10050
5,10,12761,fpga,cifar100,72.860000,5.420960,0.272584,10050
5,10,3540,fpga,cifar100,71.500000,4.163360,0.272584,10050
5,10,12574,fpga,cifar100,72.740000,4.678560,0.272584,10050
5,10,375,fpga,cifar100,64.440000,1.648160,0.272584,10050
5,10,4659,fpga,cifar100,70.060000,2.905760,0.272584,10050
5,10,12295,fpga,cifar100,71.160000,3.648160,0.272584,10050
5,11,658,pixel3,cifar100,69.560000,8.466920,0.310376,10050
5,11,12574,pixel3,cifar100,72.740000,16.473900,0.310376,10050
5,11,857,pixel3,cifar100,72.880000,19.113200,0.310376,10050
5,11,1413,pixel3,cifar100,69.186670,6.545880,0.310376,10050
5,11,9930,pixel3,cifar100,73.513336,42.003600,0.310376,10050
5,11,6337,pixel3,cifar100,1.000000,0.008753,0.310376,10050
5,11,1572,pixel3,cifar100,69.900000,8.908810,0.310376,10050
5,11,1409,pixel3,cifar100,58.853333,1.275090,0.310376,10050
5,11,4432,pixel3,cifar100,66.486664,3.105870,0.310376,10050
5,11,8912,pixel3,cifar100,59.200000,1.478790,0.310376,10050
5,11,10042,pixel3,cifar100,64.880000,2.794690,0.310376,10050
5,11,1459,pixel3,cifar100,73.140000,23.437900,0.310376,10050
5,11,6787,pixel3,cifar100,70.720000,9.854430,0.310376,10050
5,11,375,pixel3,cifar100,64.440000,2.363140,0.310376,10050
5,11,8323,pixel3,cifar100,67.080000,3.106340,0.310376,10050
5,11,6925,pixel3,cifar100,71.220000,10.688000,0.310376,10050
5,11,699,pixel3,cifar100,72.240000,12.079400,0.310376,10050
5,11,8638,pixel3,cifar100,58.860000,1.478570,0.310376,10050
5,11,1450,pixel3,cifar100,70.506670,9.337360,0.310376,10050
5,11,3888,pixel3,cifar100,73.260000,23.477200,0.310376,10050
5,11,858,pixel3,cifar100,64.133330,2.003500,0.310376,10050
5,11,5651,pixel3,cifar100,64.690000,2.376870,0.310376,10050
5,11,12424,pixel3,cifar100,69.980000,8.954760,0.310376,10050
5,11,12970,pixel3,cifar100,68.140000,4.782110,0.310376,10050
5,11,906,pixel3,cifar100,62.393333,1.661810,0.310376,10050
5,11,777,pixel3,cifar100,58.650000,1.087020,0.310376,10050
5,11,14253,pixel3,cifar100,70.860000,10.679300,0.310376,10050
5,11,10689,pixel3,cifar100,67.500000,3.109220,0.310376,10050
5,12,14811,raspi4,cifar100,69.680000,20.361189,0.348410,10050
5,12,4418,raspi4,cifar100,72.746666,47.162354,0.348410,10050
5,12,12574,raspi4,cifar100,72.740000,36.371254,0.348410,10050
5,12,6918,raspi4,cifar100,58.800000,2.571364,0.348410,10050
5,12,4806,raspi4,cifar100,62.270000,4.787734,0.348410,10050
5,12,5874,raspi4,cifar100,62.480000,4.810927,0.348410,10050
5,12,9926,raspi4,cifar100,63.520000,4.999532,0.348410,10050
5,12,1459,raspi4,cifar100,73.140000,53.879950,0.348410,10050
5,12,4498,raspi4,cifar100,64.086670,5.022347,0.348410,10050
5,12,12857,raspi4,cifar100,66.660000,7.215488,0.348410,10050
5,12,9997,raspi4,cifar100,71.520000,34.996710,0.348410,10050
5,12,15137,raspi4,cifar100,63.160000,4.941014,0.348410,10050
5,12,13661,raspi4,cifar100,62.506668,4.894130,0.348410,10050
5,12,4409,raspi4,cifar100,67.173330,7.228629,0.348410,10050
5,12,10222,raspi4,cifar100,58.860000,2.747804,0.348410,10050
5,12,6822,raspi4,cifar100,58.426666,2.558594,0.348410,10050
5,12,9930,raspi4,cifar100,73.513336,71.152000,0.348410,10050
5,12,14612,raspi4,cifar100,58.720000,2.563505,0.348410,10050
5,12,8740,raspi4,cifar100,1.000000,0.015215,0.348410,10050
5,12,1357,raspi4,cifar100,67.480000,10.177114,0.348410,10050
5,12,15589,raspi4,cifar100,59.060000,2.795078,0.348410,10050
5,12,6787,raspi4,cifar100,70.720000,23.081835,0.348410,10050
5,12,2035,raspi4,cifar100,63.926666,5.005698,0.348410,10050
5,12,3888,raspi4,cifar100,73.260000,55.029520,0.348410,10050
5,12,14714,raspi4,cifar100,71.280000,24.692347,0.348410,10050
5,12,14792,raspi4,cifar100,69.500000,19.111843,0.348410,10050
5,12,6830,raspi4,cifar100,71.460000,34.491814,0.348410,10050
5,12,14112,raspi4,cifar100,68.386665,14.423308,0.348410,10050
5,12,375,raspi4,cifar100,64.440000,5.099302,0.348410,10050
5,12,2058,raspi4,cifar100,69.613335,20.052132,0.348410,10050
5,12,12761,raspi4,cifar100,72.860000,53.718200,0.348410,10050
5,12,4321,raspi4,cifar100,62.500000,4.859454,0.348410,10050
5,12,1188,raspi4,cifar100,62.486668,4.834681,0.348410,10050
5,12,7585,raspi4,cifar100,62.410000,4.802180,0.348410,10050
5,12,898,raspi4,cifar100,70.000000,21.506163,0.348410,10050
5,12,12915,raspi4,cifar100,66.950000,7.226311,0.348410,10050
5,12,1918,raspi4,cifar100,62.540000,4.912174,0.348410,10050
5,12,355,raspi4,cifar100,69.860000,20.791758,0.348410,10050
5,12,10042,raspi4,cifar100,64.880000,5.100886,0.348410,10050
5,12,15363,raspi4,cifar100,70.520000,21.809430,0.348410,10050
5,12,2222,raspi4,cifar100,58.313330,2.538255,0.348410,10050
5,13,6636,edgegpu,ImageNet16-120,40.544445,3.305931,0.345581,10050
5,13,8230,edgegpu,ImageNet16-120,39.944443,2.585306,0.345581,10050
5,13,8426,edgegpu,ImageNet16-120,44.633335,3.370147,0.345581,10050
5,13,7187,edgegpu,ImageNet16-120,28.683332,1.443858,0.345581,10050
5,13,15159,edgegpu,ImageNet16-120,45.566666,4.632421,0.345581,10050
5,13,11961,edgegpu,ImageNet16-120,39.722220,1.916986,0.345581,10050
5,13,15376,edgegpu,ImageNet16-120,0.833333,0.533953,0.345581,10050
5,13,10838,edgegpu,ImageNet16-120,45.033333,4.388719,0.345581,10050
5,13,9722,edgegpu,ImageNet16-120,44.000000,3.327813,0.345581,10050
5,13,6950,edgegpu,ImageNet16-120,38.700000,1.740150,0.345581,10050
5,13,14117,edgegpu,ImageNet16-120,28.677778,1.435547,0.345581,10050
5,13,9586,edgegpu,ImageNet16-120,46.933334,5.222673,0.345581,10050
5,13,4988,edgegpu,ImageNet16-120,28.933332,1.448212,0.345581,10050
5,13,15288,edgegpu,ImageNet16-120,28.422222,1.417041,0.345581,10050
5,13,4946,edgegpu,ImageNet16-120,44.700000,3.490419,0.345581,10050
5,13,12415,edgegpu,ImageNet16-120,46.566666,4.667692,0.345581,10050
5,13,11217,edgegpu,ImageNet16-120,43.466667,3.316708,0.345581,10050
5,13,857,edgegpu,ImageNet16-120,47.311110,6.707663,0.345581,10050
5,13,8355,edgegpu,ImageNet16-120,39.666668,1.810203,0.345581,10050
5,13,15383,edgegpu,ImageNet16-120,47.033333,6.262836,0.345581,10050
5,13,8401,edgegpu,ImageNet16-120,43.833332,3.322444,0.345581,10050
5,13,14612,edgegpu,ImageNet16-120,28.488890,1.434064,0.345581,10050
5,13,4587,edgegpu,ImageNet16-120,28.800000,1.445131,0.345581,10050
5,13,9509,edgegpu,ImageNet16-120,39.788887,2.435136,0.345581,10050
5,13,5674,edgegpu,ImageNet16-120,39.650000,1.763358,0.345581,10050
5,13,10835,edgegpu,ImageNet16-120,45.233334,4.434366,0.345581,10050
5,13,12062,edgegpu,ImageNet16-120,39.900000,2.519493,0.345581,10050
5,13,4332,edgegpu,ImageNet16-120,39.444443,1.745496,0.345581,10050
5,13,7760,edgegpu,ImageNet16-120,39.100000,1.743751,0.345581,10050
5,14,8447,edgetpu,ImageNet16-120,40.011112,0.514586,0.303388,10050
5,14,11885,edgetpu,ImageNet16-120,39.166668,0.427395,0.303388,10050
5,14,4160,edgetpu,ImageNet16-120,39.833332,0.430355,0.303388,10050
5,14,2136,edgetpu,ImageNet16-120,42.166668,0.549614,0.303388,10050
5,14,15014,edgetpu,ImageNet16-120,28.266666,0.358110,0.303388,10050
5,14,13931,edgetpu,ImageNet16-120,28.788889,0.360349,0.303388,10050
5,14,8884,edgetpu,ImageNet16-120,45.033333,0.615792,0.303388,10050
5,14,2908,edgetpu,ImageNet16-120,40.022220,0.516595,0.303388,10050
5,14,10017,edgetpu,ImageNet16-120,40.566666,0.524950,0.303388,10050
5,14,4988,edgetpu,ImageNet16-120,28.933332,0.360694,0.303388,10050
5,14,7431,edgetpu,ImageNet16-120,32.577778,0.363954,0.303388,10050
5,14,8781,edgetpu,ImageNet16-120,32.366665,0.363484,0.303388,10050
5,14,5751,edgetpu,ImageNet16-120,40.044445,0.516992,0.303388,10050
5,14,11282,edgetpu,ImageNet16-120,39.633335,0.428409,0.303388,10050
5,14,13769,edgetpu,ImageNet16-120,41.555557,0.549360,0.303388,10050
5,14,7750,edgetpu,ImageNet16-120,43.066666,0.551617,0.303388,10050
5,14,12415,edgetpu,ImageNet16-120,46.566666,0.710906,0.303388,10050
5,14,15383,edgetpu,ImageNet16-120,47.033333,0.780914,0.303388,10050
5,14,3540,edgetpu,ImageNet16-120,45.122223,0.648670,0.303388,10050
5,14,15363,edgetpu,ImageNet16-120,44.333332,0.582280,0.303388,10050
5,14,9689,edgetpu,ImageNet16-120,42.533333,0.549702,0.303388,10050
5,14,7273,edgetpu,ImageNet16-120,42.966667,0.550014,0.303388,10050
5,14,5674,edgetpu,ImageNet16-120,39.650000,0.428605,0.303388,10050
5,14,11079,edgetpu,ImageNet16-120,43.566666,0.552430,0.303388,10050
5,14,14677,edgetpu,ImageNet16-120,33.233334,0.364575,0.303388,10050
5,15,5487,eyeriss,ImageNet16-120,38.500000,0.607360,0.243983,10050
5,15,8008,eyeriss,ImageNet16-120,43.500000,0.853120,0.243983,10050
5,15,4829,eyeriss,ImageNet16-120,34.200000,0.484480,0.243983,10050
5,15,2835,eyeriss,ImageNet16-120,38.222220,0.545920,0.243983,10050
5,15,857,eyeriss,ImageNet16-120,47.311110,1.651840,0.243983,10050
5,15,15383,eyeriss,ImageNet16-120,47.033333,1.283200,0.243983,10050
5,15,15363,eyeriss,ImageNet16-120,44.333332,0.914560,0.243983,10050
5,15,6854,eyeriss,ImageNet16-120,40.800000,0.668800,0.243983,10050
5,15,1939,eyeriss,ImageNet16-120,45.077778,0.976000,0.243983,10050
5,15,8853,eyeriss,ImageNet16-120,45.600000,1.037440,0.243983,10050
5,15,14417,eyeriss,ImageNet16-120,45.900000,1.098880,0.243983,10050
5,15,4988,eyeriss,ImageNet16-120,28.933332,0.423040,0.243983,10050
5,16,2835,fpga,ImageNet16-120,38.222220,0.546720,0.270613,10050
5,16,8736,fpga,ImageNet16-120,45.700000,1.411200,0.270613,10050
5,16,6787,fpga,ImageNet16-120,44.400000,0.969600,0.270613,10050
5,16,3261,fpga,ImageNet16-120,43.022220,0.876800,0.270613,10050
5,16,4829,fpga,ImageNet16-120,34.200000,0.415520,0.270613,10050
5,16,14748,fpga,ImageNet16-120,44.900000,0.995200,0.270613,10050
5,16,857,fpga,ImageNet16-120,47.311110,2.038400,0.270613,10050
5,16,15383,fpga,ImageNet16-120,47.033333,1.504000,0.270613,10050
5,16,6868,fpga,ImageNet16-120,39.000000,0.649120,0.270613,10050
5,16,8633,fpga,ImageNet16-120,39.766666,0.780320,0.270613,10050
5,16,8853,fpga,ImageNet16-120,45.600000,1.155200,0.270613,10050
5,16,1939,fpga,ImageNet16-120,45.077778,1.062400,0.270613,10050
5,16,4988,fpga,ImageNet16-120,28.933332,0.284320,0.270613,10050
5,16,10017,fpga,ImageNet16-120,40.566666,0.784000,0.270613,10050
5,16,5793,fpga,ImageNet16-120,35.033333,0.517920,0.270613,10050
5,16,11079,fpga,ImageNet16-120,43.566666,0.902400,0.270613,10050
5,16,6854,fpga,ImageNet16-120,40.800000,0.809120,0.270613,10050
5,17,1425,pixel3,ImageNet16-120,45.977780,4.619290,0.349740,10050
5,17,3728,pixel3,ImageNet16-120,28.500000,0.422880,0.349740,10050
5,17,3496,pixel3,ImageNet16-120,34.233334,0.670584,0.349740,10050
5,17,7401,pixel3,ImageNet16-120,28.866667,0.505777,0.349740,10050
5,17,2899,pixel3,ImageNet16-120,43.911110,2.701210,0.349740,10050
5,17,5111,pixel3,ImageNet16-120,46.588890,5.571030,0.349740,10050
5,17,12156,pixel3,ImageNet16-120,46.550000,5.198720,0.349740,10050
5,17,10154,pixel3,ImageNet16-120,46.133335,4.783700,0.349740,10050
5,17,1941,pixel3,ImageNet16-120,44.988888,3.431960,0.349740,10050
5,17,8853,pixel3,ImageNet16-120,45.600000,3.554540,0.349740,10050
5,17,4627,pixel3,ImageNet16-120,43.500000,2.479640,0.349740,10050
5,17,11000,pixel3,ImageNet16-120,44.866665,2.962520,0.349740,10050
5,17,8584,pixel3,ImageNet16-120,34.088890,0.664046,0.349740,10050
5,17,6854,pixel3,ImageNet16-120,40.800000,1.621620,0.349740,10050
5,17,12424,pixel3,ImageNet16-120,43.133330,2.470150,0.349740,10050
5,17,4004,pixel3,ImageNet16-120,42.811110,2.467510,0.349740,10050
5,17,4977,pixel3,ImageNet16-120,32.966667,0.617991,0.349740,10050
5,17,13756,pixel3,ImageNet16-120,0.833333,0.005289,0.349740,10050
5,17,12466,pixel3,ImageNet16-120,46.100000,4.680280,0.349740,10050
5,17,12103,pixel3,ImageNet16-120,28.250000,0.422433,0.349740,10050
5,17,5374,pixel3,ImageNet16-120,46.766666,6.317500,0.349740,10050
5,17,4587,pixel3,ImageNet16-120,28.800000,0.445767,0.349740,10050
5,17,735,pixel3,ImageNet16-120,38.544445,1.107950,0.349740,10050
5,17,4895,pixel3,ImageNet16-120,33.200000,0.619070,0.349740,10050
5,17,1110,pixel3,ImageNet16-120,28.600000,0.423927,0.349740,10050
5,17,2018,pixel3,ImageNet16-120,46.433334,4.949210,0.349740,10050
5,17,9586,pixel3,ImageNet16-120,46.933334,9.714070,0.349740,10050
5,17,12639,pixel3,ImageNet16-120,40.400000,1.304440,0.349740,10050
5,17,13171,pixel3,ImageNet16-120,44.966667,3.269370,0.349740,10050
5,17,1863,pixel3,ImageNet16-120,28.055555,0.422043,0.349740,10050
5,17,7187,pixel3,ImageNet16-120,28.683332,0.425223,0.349740,10050
5,17,9149,pixel3,ImageNet16-120,46.900000,8.146810,0.349740,10050
5,17,4432,pixel3,ImageNet16-120,37.800000,0.861157,0.349740,10050
5,17,872,pixel3,ImageNet16-120,41.777780,2.465030,0.349740,10050
5,17,12506,pixel3,ImageNet16-120,43.983334,2.929990,0.349740,10050
5,17,2002,pixel3,ImageNet16-120,32.277780,0.617751,0.349740,10050
5,17,4361,pixel3,ImageNet16-120,45.744446,4.605970,0.349740,10050
5,17,25,pixel3,ImageNet16-120,28.300000,0.422510,0.349740,10050
5,17,1860,pixel3,ImageNet16-120,28.433332,0.422587,0.349740,10050
5,17,10699,pixel3,ImageNet16-120,46.833332,6.353010,0.349740,10050
5,17,2835,pixel3,ImageNet16-120,38.222220,0.868646,0.349740,10050
5,18,2904,raspi4,ImageNet16-120,42.744446,3.799936,0.357876,10050
5,18,10797,raspi4,ImageNet16-120,28.033333,0.946706,0.357876,10050
5,18,2779,raspi4,ImageNet16-120,37.355556,2.190654,0.357876,10050
5,18,6519,raspi4,ImageNet16-120,40.183334,3.212652,0.357876,10050
5,18,7357,raspi4,ImageNet16-120,44.666668,4.480689,0.357876,10050
5,18,9585,raspi4,ImageNet16-120,0.833333,0.011519,0.357876,10050
5,18,3192,raspi4,ImageNet16-120,45.477780,6.675633,0.357876,10050
5,18,7187,raspi4,ImageNet16-120,28.683332,0.952790,0.357876,10050
5,18,10209,raspi4,ImageNet16-120,32.411110,1.531913,0.357876,10050
5,18,11584,raspi4,ImageNet16-120,46.666668,8.014434,0.357876,10050
5,18,15107,raspi4,ImageNet16-120,39.800000,3.083329,0.357876,10050
5,18,7396,raspi4,ImageNet16-120,40.177776,3.202041,0.357876,10050
5,18,9496,raspi4,ImageNet16-120,38.200000,2.204048,0.357876,10050
5,18,4675,raspi4,ImageNet16-120,33.100000,1.544321,0.357876,10050
5,18,13931,raspi4,ImageNet16-120,28.788889,0.956195,0.357876,10050
5,18,11616,raspi4,ImageNet16-120,32.133335,1.530442,0.357876,10050
5,18,3496,raspi4,ImageNet16-120,34.233334,1.598666,0.357876,10050
5,18,3687,raspi4,ImageNet16-120,34.066666,1.583497,0.357876,10050
5,18,11079,raspi4,ImageNet16-120,43.566666,3.802027,0.357876,10050
5,18,4179,raspi4,ImageNet16-120,38.433334,2.951226,0.357876,10050
5,18,857,raspi4,ImageNet16-120,47.311110,9.020064,0.357876,10050
5,18,9032,raspi4,ImageNet16-120,38.016666,2.201532,0.357876,10050
5,18,3782,raspi4,ImageNet16-120,41.866665,3.755286,0.357876,10050
5,18,1939,raspi4,ImageNet16-120,45.077778,5.341908,0.357876,10050
5,18,3431,raspi4,ImageNet16-120,32.966667,1.536690,0.357876,10050
5,18,14697,raspi4,ImageNet16-120,33.900000,1.580382,0.357876,10050
5,18,10472,raspi4,ImageNet16-120,39.633335,3.079679,0.357876,10050
5,18,3960,raspi4,ImageNet16-120,37.755554,2.197980,0.357876,10050
5,18,15383,raspi4,ImageNet16-120,47.033333,8.565354,0.357876,10050
5,18,7106,raspi4,ImageNet16-120,39.033333,3.071517,0.357876,10050
5,18,5530,raspi4,ImageNet16-120,42.577778,3.785925,0.357876,10050
5,18,12452,raspi4,ImageNet16-120,40.533333,3.592146,0.357876,10050
5,18,8884,raspi4,ImageNet16-120,45.033333,5.293177,0.357876,10050
5,18,4988,raspi4,ImageNet16-120,28.933332,1.003251,0.357876,10050
5,18,5973,raspi4,ImageNet16-120,40.100000,3.159922,0.357876,10050
5,18,10715,raspi4,ImageNet16-120,45.533333,6.790813,0.357876,10050
5,18,1413,raspi4,ImageNet16-120,42.711113,3.788479,0.357876,10050
5,18,15363,raspi4,ImageNet16-120,44.333332,4.480516,0.357876,10050
5,18,219,raspi4,ImageNet16-120,42.500000,3.768475,0.357876,10050
5,18,1204,raspi4,ImageNet16-120,37.844444,2.199356,0.357876,10050
5,18,8733,raspi4,ImageNet16-120,46.600000,7.477213,0.357876,10050
5,18,6336,raspi4,ImageNet16-120,39.366665,3.073392,0.357876,10050
5,18,14417,raspi4,ImageNet16-120,45.900000,6.948865,0.357876,10050
5,18,8355,raspi4,ImageNet16-120,39.666668,3.083286,0.357876,10050
5,18,12358,raspi4,ImageNet16-120,34.055557,1.582727,0.357876,10050
6,1,13401,edgegpu,cifar10,87.010000,1.457009,0.306814,10050
6,1,9099,edgegpu,cifar10,93.940000,3.357520,0.306814,10050
6,1,5780,edgegpu,cifar10,93.980000,3.361888,0.306814,10050
6,1,2090,edgegpu,cifar10,86.650000,1.437702,0.306814,10050
6,1,10484,edgegpu,cifar10,93.810000,3.354015,0.306814,10050
6,1,11692,edgegpu,cifar10,94.130000,4.708362,0.306814,10050
6,1,2053,edgegpu,cifar10,94.206665,5.482254,0.306814,10050
6,1,2776,edgegpu,cifar10,93.666664,3.331194,0.306814,10050
6,1,6499,edgegpu,cifar10,93.645000,3.331041,0.306814,10050
6,1,5292,edgegpu,cifar10,94.293335,6.663151,0.306814,10050
6,1,13714,edgegpu,cifar10,94.373340,6.772180,0.306814,10050
6,1,14527,edgegpu,cifar10,86.765000,1.439619,0.306814,10050
6,1,1459,edgegpu,cifar10,94.296670,6.748991,0.306814,10050
6,1,6330,edgegpu,cifar10,94.006670,4.384699,0.306814,10050
6,1,5400,edgegpu,cifar10,86.630000,1.427460,0.306814,10050
6,1,6960,edgegpu,cifar10,92.280000,1.764450,0.306814,10050
6,1,14090,edgegpu,cifar10,92.086670,1.749086,0.306814,10050
6,1,1339,edgegpu,cifar10,92.136665,1.751881,0.306814,10050
6,1,561,edgegpu,cifar10,86.880000,1.451068,0.306814,10050
6,1,11438,edgegpu,cifar10,92.500000,1.846719,0.306814,10050
6,1,11810,edgegpu,cifar10,92.780000,1.992798,0.306814,10050
6,1,14407,edgegpu,cifar10,86.770000,1.440282,0.306814,10050
6,1,15200,edgegpu,cifar10,10.000000,0.501385,0.306814,10050
6,2,10167,edgetpu,cifar10,92.020000,0.481180,0.302989,10050
6,2,10581,edgetpu,cifar10,89.015000,0.390403,0.302989,10050
6,2,1595,edgetpu,cifar10,88.963330,0.389815,0.302989,10050
6,2,5111,edgetpu,cifar10,94.306660,1.152010,0.302989,10050
6,2,9271,edgetpu,cifar10,89.250000,0.396381,0.302989,10050
6,2,3731,edgetpu,cifar10,94.343330,1.282820,0.302989,10050
6,2,797,edgetpu,cifar10,93.280000,0.627996,0.302989,10050
6,2,11692,edgetpu,cifar10,94.130000,0.761100,0.302989,10050
6,2,6382,edgetpu,cifar10,93.376660,0.628638,0.302989,10050
6,2,5258,edgetpu,cifar10,88.775000,0.388629,0.302989,10050
6,2,5780,edgetpu,cifar10,93.980000,0.723967,0.302989,10050
6,2,2240,edgetpu,cifar10,91.990000,0.480973,0.302989,10050
6,2,9689,edgetpu,cifar10,93.370000,0.628386,0.302989,10050
6,2,13714,edgetpu,cifar10,94.373340,1.377865,0.302989,10050
6,2,3955,edgetpu,cifar10,88.863335,0.389665,0.302989,10050
6,2,8008,edgetpu,cifar10,93.480000,0.629746,0.302989,10050
6,2,4675,edgetpu,cifar10,89.200000,0.395661,0.302989,10050
6,2,5915,edgetpu,cifar10,86.846664,0.376449,0.302989,10050
6,2,2053,edgetpu,cifar10,94.206665,1.042178,0.302989,10050
6,2,3927,edgetpu,cifar10,93.626660,0.723268,0.302989,10050
6,2,8192,edgetpu,cifar10,93.093330,0.627745,0.302989,10050
6,2,2485,edgetpu,cifar10,86.700000,0.346546,0.302989,10050
6,2,6515,edgetpu,cifar10,93.616670,0.722858,0.302989,10050
6,2,9950,edgetpu,cifar10,93.840000,0.723767,0.302989,10050
6,2,8525,edgetpu,cifar10,89.320000,0.420874,0.302989,10050
6,2,4438,edgetpu,cifar10,92.270000,0.481473,0.302989,10050
6,2,4384,edgetpu,cifar10,86.796670,0.362569,0.302989,10050
6,2,6584,edgetpu,cifar10,94.160000,0.888877,0.302989,10050
6,3,12820,eyeriss,cifar10,90.880000,2.416820,0.253363,10050
6,3,6111,eyeriss,cifar10,94.373340,7.823540,0.253363,10050
6,3,4384,eyeriss,cifar10,86.796670,1.679540,0.253363,10050
6,3,3731,eyeriss,cifar10,94.343330,6.594740,0.253363,10050
6,3,8323,eyeriss,cifar10,90.870000,2.171060,0.253363,10050
6,3,13611,eyeriss,cifar10,92.490000,3.154100,0.253363,10050
6,3,13714,eyeriss,cifar10,94.373340,7.823540,0.253363,10050
6,3,8008,eyeriss,cifar10,93.480000,3.399860,0.253363,10050
6,3,8592,eyeriss,cifar10,93.750000,3.891380,0.253363,10050
6,3,11692,eyeriss,cifar10,94.130000,4.874420,0.253363,10050
6,3,5111,eyeriss,cifar10,94.306660,5.365940,0.253363,10050
6,3,11472,eyeriss,cifar10,93.970000,4.628660,0.253363,10050
6,3,6854,eyeriss,cifar10,91.040000,2.662580,0.253363,10050
6,3,13987,eyeriss,cifar10,93.596664,3.645620,0.253363,10050
6,3,8720,eyeriss,cifar10,89.875000,1.925300,0.253363,10050
6,4,13987,fpga,cifar10,93.596664,3.420960,0.256045,10050
6,4,5111,fpga,cifar10,94.306660,5.193760,0.256045,10050
6,4,3731,fpga,cifar10,94.343330,5.936160,0.256045,10050
6,4,6111,fpga,cifar10,94.373340,6.678560,0.256045,10050
6,4,11472,fpga,cifar10,93.970000,3.648160,0.256045,10050
6,4,8720,fpga,cifar10,89.875000,1.648160,0.256045,10050
6,4,8008,fpga,cifar10,93.480000,2.905760,0.256045,10050
6,4,10431,fpga,cifar10,87.000000,1.542560,0.256045,10050
6,4,13611,fpga,cifar10,92.490000,2.390560,0.256045,10050
6,4,13714,fpga,cifar10,94.373340,6.678560,0.256045,10050
6,4,10689,fpga,cifar10,90.790000,2.163360,0.256045,10050
6,4,14346,fpga,cifar10,89.986664,2.057760,0.256045,10050
6,4,4384,fpga,cifar10,86.796670,1.132960,0.256045,10050
6,4,12438,fpga,cifar10,89.875000,1.648160,0.256045,10050
6,4,6584,fpga,cifar10,94.160000,4.163360,0.256045,10050
6,5,1339,pixel3,cifar10,92.136665,5.802240,0.387092,10050
6,5,6624,pixel3,cifar10,89.120000,1.670570,0.387092,10050
6,5,6918,pixel3,cifar10,87.000000,1.478790,0.387092,10050
6,5,2035,pixel3,cifar10,89.670000,1.706480,0.387092,10050
6,5,13987,pixel3,cifar10,93.596664,9.922680,0.387092,10050
6,5,1781,pixel3,cifar10,89.883330,1.712020,0.387092,10050
6,5,1852,pixel3,cifar10,10.000000,0.003285,0.387092,10050
6,5,13171,pixel3,cifar10,93.530000,7.717220,0.387092,10050
6,5,12452,pixel3,cifar10,91.350000,5.590110,0.387092,10050
6,5,4432,pixel3,cifar10,90.700000,2.826310,0.387092,10050
6,5,12639,pixel3,cifar10,90.990000,4.749000,0.387092,10050
6,5,3960,pixel3,cifar10,90.830000,3.112580,0.387092,10050
6,5,1943,pixel3,cifar10,93.116670,6.492030,0.387092,10050
6,5,12970,pixel3,cifar10,90.970000,4.723840,0.387092,10050
6,5,11692,pixel3,cifar10,94.130000,15.490100,0.387092,10050
6,5,1894,pixel3,cifar10,92.110000,5.778250,0.387092,10050
6,5,4627,pixel3,cifar10,93.270000,7.036050,0.387092,10050
6,5,8606,pixel3,cifar10,93.655000,11.221700,0.387092,10050
6,5,6899,pixel3,cifar10,90.900000,3.961410,0.387092,10050
6,5,6985,pixel3,cifar10,89.940000,2.367450,0.387092,10050
6,5,6382,pixel3,cifar10,93.376660,7.048190,0.387092,10050
6,5,6111,pixel3,cifar10,94.373340,23.584800,0.387092,10050
6,5,1778,pixel3,cifar10,92.180000,6.446230,0.387092,10050
6,5,1416,pixel3,cifar10,89.546670,1.691430,0.387092,10050
6,5,8695,pixel3,cifar10,94.220000,17.564500,0.387092,10050
6,5,5111,pixel3,cifar10,94.306660,17.584600,0.387092,10050
6,5,1941,pixel3,cifar10,93.533330,9.128690,0.387092,10050
6,5,3731,pixel3,cifar10,94.343330,23.361300,0.387092,10050
6,5,7017,pixel3,cifar10,86.970000,1.403930,0.387092,10050
6,5,1497,pixel3,cifar10,86.556660,1.056630,0.387092,10050
6,5,13175,pixel3,cifar10,90.840000,3.127210,0.387092,10050
6,5,1804,pixel3,cifar10,89.063330,1.579900,0.387092,10050
6,5,55,pixel3,cifar10,86.756670,1.057440,0.387092,10050
6,5,7197,pixel3,cifar10,90.366670,2.447670,0.387092,10050
6,5,6434,pixel3,cifar10,91.080000,4.811140,0.387092,10050
6,5,9240,pixel3,cifar10,90.860000,3.948650,0.387092,10050
6,5,6330,pixel3,cifar10,94.006670,11.512400,0.387092,10050
6,5,2779,pixel3,cifar10,90.806660,3.102950,0.387092,10050
6,6,7407,raspi4,cifar10,93.510000,24.855400,0.342879,10050
6,6,6111,raspi4,cifar10,94.373340,68.404106,0.342879,10050
6,6,3731,raspi4,cifar10,94.343330,58.070793,0.342879,10050
6,6,11692,raspi4,cifar10,94.130000,37.583630,0.342879,10050
6,6,5111,raspi4,cifar10,94.306660,41.756905,0.342879,10050
6,6,6382,raspi4,cifar10,93.376660,21.461164,0.342879,10050
6,6,7207,raspi4,cifar10,89.803340,5.099723,0.342879,10050
6,6,12505,raspi4,cifar10,92.150000,16.747276,0.342879,10050
6,6,1962,raspi4,cifar10,86.530000,2.529453,0.342879,10050
6,6,8323,raspi4,cifar10,90.870000,7.426308,0.342879,10050
6,6,1973,raspi4,cifar10,91.663330,16.185848,0.342879,10050
6,6,13846,raspi4,cifar10,90.720000,7.176163,0.342879,10050
6,6,8592,raspi4,cifar10,93.750000,25.477009,0.342879,10050
6,6,11438,raspi4,cifar10,92.500000,18.742697,0.342879,10050
6,6,5780,raspi4,cifar10,93.980000,34.928463,0.342879,10050
6,6,8426,raspi4,cifar10,93.840000,31.394428,0.342879,10050
6,6,9980,raspi4,cifar10,10.000000,0.011284,0.342879,10050
6,6,14565,raspi4,cifar10,88.880000,4.781183,0.342879,10050
6,6,1941,raspi4,cifar10,93.533330,25.121769,0.342879,10050
6,6,4112,raspi4,cifar10,89.710000,5.004419,0.342879,10050
6,6,6918,raspi4,cifar10,87.000000,2.787590,0.342879,10050
6,6,5915,raspi4,cifar10,86.846664,2.776470,0.342879,10050
6,6,2035,raspi4,cifar10,89.670000,4.984099,0.342879,10050
6,6,1781,raspi4,cifar10,89.883330,5.961801,0.342879,10050
6,6,15288,raspi4,cifar10,86.660000,2.557443,0.342879,10050
6,6,6960,raspi4,cifar10,92.280000,17.162752,0.342879,10050
6,6,7058,raspi4,cifar10,92.040000,16.469465,0.342879,10050
6,6,9380,raspi4,cifar10,89.335000,4.875613,0.342879,10050
6,6,9271,raspi4,cifar10,89.250000,4.830311,0.342879,10050
6,6,10275,raspi4,cifar10,91.080000,9.993188,0.342879,10050
6,6,1804,raspi4,cifar10,89.063330,4.791845,0.342879,10050
6,6,4659,raspi4,cifar10,93.396670,22.249382,0.342879,10050
6,6,2058,raspi4,cifar10,93.270000,19.484835,0.342879,10050
6,6,8008,raspi4,cifar10,93.480000,22.571420,0.342879,10050
6,6,4384,raspi4,cifar10,86.796670,2.759305,0.342879,10050
6,7,4954,edgegpu,cifar100,73.000000,6.669736,0.297438,10050
6,7,9930,edgegpu,cifar100,73.513336,6.803060,0.297438,10050
6,7,3888,edgegpu,cifar100,73.260000,6.797867,0.297438,10050
6,7,8401,edgegpu,cifar100,71.080000,3.302102,0.297438,10050
6,7,14984,edgegpu,cifar100,67.166664,1.760831,0.297438,10050
6,7,9922,edgegpu,cifar100,58.560000,1.428552,0.297438,10050
6,7,2778,edgegpu,cifar100,72.993330,6.134028,0.297438,10050
6,7,14300,edgegpu,cifar100,67.300000,1.765666,0.297438,10050
6,7,9997,edgegpu,cifar100,71.520000,3.466139,0.297438,10050
6,7,4418,edgegpu,cifar100,72.746666,5.352364,0.297438,10050
6,7,1509,edgegpu,cifar100,1.000000,0.505853,0.297438,10050
6,7,14527,edgegpu,cifar100,58.590000,1.440539,0.297438,10050
6,7,8912,edgegpu,cifar100,59.200000,1.441355,0.297438,10050
6,7,11810,edgegpu,cifar100,68.300000,1.779551,0.297438,10050
6,7,12415,edgegpu,cifar100,71.940000,4.828467,0.297438,10050
6,7,6381,edgegpu,cifar100,66.800000,1.753340,0.297438,10050
6,7,11885,edgegpu,cifar100,68.040000,1.776652,0.297438,10050
6,8,12574,edgetpu,cifar100,72.740000,0.932430,0.302509,10050
6,8,4418,edgetpu,cifar100,72.746666,1.093699,0.302509,10050
6,8,5244,edgetpu,cifar100,69.760000,0.636723,0.302509,10050
6,8,777,edgetpu,cifar100,58.650000,0.355588,0.302509,10050
6,8,14108,edgetpu,cifar100,58.226665,0.355243,0.302509,10050
6,8,5019,edgetpu,cifar100,58.880000,0.357058,0.302509,10050
6,8,1383,edgetpu,cifar100,70.273330,0.673722,0.302509,10050
6,8,8401,edgetpu,cifar100,71.080000,0.728572,0.302509,10050
6,8,9930,edgetpu,cifar100,73.513336,1.454107,0.302509,10050
6,8,3487,edgetpu,cifar100,70.093330,0.637182,0.302509,10050
6,8,797,edgetpu,cifar100,69.580000,0.633351,0.302509,10050
6,8,857,edgetpu,cifar100,72.880000,1.264168,0.302509,10050
6,8,9541,edgetpu,cifar100,67.660000,0.486829,0.302509,10050
6,8,3294,edgetpu,cifar100,58.400000,0.355341,0.302509,10050
6,8,2705,edgetpu,cifar100,62.813330,0.393026,0.302509,10050
6,8,1425,edgetpu,cifar100,72.093330,0.910660,0.302509,10050
6,8,12761,edgetpu,cifar100,72.860000,1.225212,0.302509,10050
6,8,1110,edgetpu,cifar100,58.840000,0.355938,0.302509,10050
6,8,11112,edgetpu,cifar100,66.893330,0.486713,0.302509,10050
6,8,4977,edgetpu,cifar100,63.360000,0.398743,0.302509,10050
6,8,3888,edgetpu,cifar100,73.260000,1.316226,0.302509,10050
6,8,12415,edgetpu,cifar100,71.940000,0.872299,0.302509,10050
6,8,15137,edgetpu,cifar100,63.160000,0.393504,0.302509,10050
6,8,4627,edgetpu,cifar100,69.600000,0.635153,0.302509,10050
6,8,10000,edgetpu,cifar100,73.160000,1.283461,0.302509,10050
6,8,8638,edgetpu,cifar100,58.860000,0.356631,0.302509,10050
6,8,10443,edgetpu,cifar100,68.300000,0.489020,0.302509,10050
6,8,9997,edgetpu,cifar100,71.520000,0.729986,0.302509,10050
6,8,3303,edgetpu,cifar100,62.420000,0.392593,0.302509,10050
6,8,13829,edgetpu,cifar100,66.873340,0.485137,0.302509,10050
6,8,4155,edgetpu,cifar100,62.306667,0.391442,0.302509,10050
6,8,2648,edgetpu,cifar100,69.680000,0.635425,0.302509,10050
6,8,15363,edgetpu,cifar100,70.520000,0.676394,0.302509,10050
6,8,69,edgetpu,cifar100,71.020000,0.727259,0.302509,10050
6,9,9930,eyeriss,cifar100,73.513336,9.055360,0.260419,10050
6,9,14714,eyeriss,cifar100,71.280000,4.140160,0.260419,10050
6,9,12761,eyeriss,cifar100,72.860000,6.352000,0.260419,10050
6,9,3888,eyeriss,cifar100,73.260000,6.597760,0.260419,10050
6,9,898,eyeriss,cifar100,70.000000,3.402880,0.260419,10050
6,9,6925,eyeriss,cifar100,71.220000,3.894400,0.260419,10050
6,9,12639,eyeriss,cifar100,68.000000,2.665600,0.260419,10050
6,9,15363,eyeriss,cifar100,70.520000,3.648640,0.260419,10050
6,9,3687,eyeriss,cifar100,64.460000,1.928320,0.260419,10050
6,9,5084,eyeriss,cifar100,58.813330,1.682560,0.260419,10050
6,9,12574,eyeriss,cifar100,72.740000,5.123200,0.260419,10050
6,9,3540,eyeriss,cifar100,71.500000,4.877440,0.260419,10050
6,9,14112,eyeriss,cifar100,68.386665,2.911360,0.260419,10050
6,9,485,eyeriss,cifar100,67.593330,2.419840,0.260419,10050
6,9,10689,eyeriss,cifar100,67.500000,2.174080,0.260419,10050
6,10,12761,fpga,cifar100,72.860000,5.420960,0.277938,10050
6,10,11878,fpga,cifar100,65.060000,2.057760,0.277938,10050
6,10,6787,fpga,cifar100,70.720000,3.420960,0.277938,10050
6,10,11973,fpga,cifar100,70.340000,2.905760,0.277938,10050
6,10,3888,fpga,cifar100,73.260000,5.936160,0.277938,10050
6,10,3540,fpga,cifar100,71.500000,4.163360,0.277938,10050
6,10,6925,fpga,cifar100,71.220000,3.936160,0.277938,10050
6,10,9997,fpga,cifar100,71.520000,4.572960,0.277938,10050
6,10,11727,fpga,cifar100,67.773330,2.800160,0.277938,10050
6,10,5084,fpga,cifar100,58.813330,1.132960,0.277938,10050
6,10,12820,fpga,cifar100,67.720000,2.678560,0.277938,10050
6,10,9930,fpga,cifar100,73.513336,7.420960,0.277938,10050
6,10,10689,fpga,cifar100,67.500000,2.163360,0.277938,10050
6,10,6830,fpga,cifar100,71.460000,4.057760,0.277938,10050
6,10,12574,fpga,cifar100,72.740000,4.678560,0.277938,10050
6,10,5651,fpga,cifar100,64.690000,1.648160,0.277938,10050
6,10,7250,fpga,cifar100,67.706665,2.390560,0.277938,10050
6,10,12295,fpga,cifar100,71.160000,3.648160,0.277938,10050
6,11,1409,pixel3,cifar100,58.853333,1.275090,0.328347,10050
6,11,14112,pixel3,cifar100,68.386665,5.745320,0.328347,10050
6,11,11000,pixel3,cifar100,71.180000,10.677600,0.328347,10050
6,11,12574,pixel3,cifar100,72.740000,16.473900,0.328347,10050
6,11,699,pixel3,cifar100,72.240000,12.079400,0.328347,10050
6,11,9930,pixel3,cifar100,73.513336,42.003600,0.328347,10050
6,11,6925,pixel3,cifar100,71.220000,10.688000,0.328347,10050
6,11,5651,pixel3,cifar100,64.690000,2.376870,0.328347,10050
6,11,485,pixel3,cifar100,67.593330,4.124800,0.328347,10050
6,11,5244,pixel3,cifar100,69.760000,8.975570,0.328347,10050
6,11,8323,pixel3,cifar100,67.080000,3.106340,0.328347,10050
6,11,1459,pixel3,cifar100,73.140000,23.437900,0.328347,10050
6,11,857,pixel3,cifar100,72.880000,19.113200,0.328347,10050
6,11,733,pixel3,cifar100,69.430000,6.796300,0.328347,10050
6,11,1357,pixel3,cifar100,67.480000,3.998260,0.328347,10050
6,11,8638,pixel3,cifar100,58.860000,1.478570,0.328347,10050
6,11,906,pixel3,cifar100,62.393333,1.661810,0.328347,10050
6,11,6337,pixel3,cifar100,1.000000,0.008753,0.328347,10050
6,11,724,pixel3,cifar100,67.053340,2.875650,0.328347,10050
6,11,1450,pixel3,cifar100,70.506670,9.337360,0.328347,10050
6,11,3888,pixel3,cifar100,73.260000,23.477200,0.328347,10050
6,11,577,pixel3,cifar100,69.680000,8.944490,0.328347,10050
6,11,777,pixel3,cifar100,58.650000,1.087020,0.328347,10050
6,11,8912,pixel3,cifar100,59.200000,1.478790,0.328347,10050
6,11,355,pixel3,cifar100,69.860000,9.004410,0.328347,10050
6,11,12970,pixel3,cifar100,68.140000,4.782110,0.328347,10050
6,11,1413,pixel3,cifar100,69.186670,6.545880,0.328347,10050
6,11,6787,pixel3,cifar100,70.720000,9.854430,0.328347,10050
6,11,1416,pixel3,cifar100,64.493330,2.084060,0.328347,10050
6,12,12761,raspi4,cifar100,72.860000,53.718200,0.322491,10050
6,12,6925,raspi4,cifar100,71.220000,24.195030,0.322491,10050
6,12,4498,raspi4,cifar100,64.086670,5.022347,0.322491,10050
6,12,8740,raspi4,cifar100,1.000000,0.015215,0.322491,10050
6,12,14612,raspi4,cifar100,58.720000,2.563505,0.322491,10050
6,12,2200,raspi4,cifar100,63.886665,5.014668,0.322491,10050
6,12,13430,raspi4,cifar100,66.700000,7.203785,0.322491,10050
6,12,898,raspi4,cifar100,70.000000,21.506163,0.322491,10050
6,12,12607,raspi4,cifar100,62.600000,4.779045,0.322491,10050
6,12,12555,raspi4,cifar100,70.160000,23.422525,0.322491,10050
6,12,9930,raspi4,cifar100,73.513336,71.152000,0.322491,10050
6,12,4418,raspi4,cifar100,72.746666,47.162354,0.322491,10050
6,12,15589,raspi4,cifar100,59.060000,2.795078,0.322491,10050
6,12,9271,raspi4,cifar100,63.400000,4.800893,0.322491,10050
6,12,14714,raspi4,cifar100,71.280000,24.692347,0.322491,10050
6,12,8181,raspi4,cifar100,64.320000,5.121032,0.322491,10050
6,12,13021,raspi4,cifar100,63.800000,5.009584,0.322491,10050
6,12,14112,raspi4,cifar100,68.386665,14.423308,0.322491,10050
6,12,14914,raspi4,cifar100,67.273330,12.422908,0.322491,10050
6,12,9926,raspi4,cifar100,63.520000,4.999532,0.322491,10050
6,12,6822,raspi4,cifar100,58.426666,2.558594,0.322491,10050
6,12,12452,raspi4,cifar100,67.280000,14.141342,0.322491,10050
6,12,12574,raspi4,cifar100,72.740000,36.371254,0.322491,10050
6,12,4409,raspi4,cifar100,67.173330,7.228629,0.322491,10050
6,12,2222,raspi4,cifar100,58.313330,2.538255,0.322491,10050
6,12,4659,raspi4,cifar100,70.060000,21.672482,0.322491,10050
6,12,9997,raspi4,cifar100,71.520000,34.996710,0.322491,10050
6,12,11635,raspi4,cifar100,64.640000,5.177113,0.322491,10050
6,12,12915,raspi4,cifar100,66.950000,7.226311,0.322491,10050
6,12,1572,raspi4,cifar100,69.900000,19.916142,0.322491,10050
6,12,3888,raspi4,cifar100,73.260000,55.029520,0.322491,10050
6,12,7030,raspi4,cifar100,69.600000,19.218203,0.322491,10050
6,12,1459,raspi4,cifar100,73.140000,53.879950,0.322491,10050
6,12,6830,raspi4,cifar100,71.460000,34.491814,0.322491,10050
6,12,9895,raspi4,cifar100,69.400000,19.211880,0.322491,10050
6,12,10222,raspi4,cifar100,58.860000,2.747804,0.322491,10050
6,13,6950,edgegpu,ImageNet16-120,38.700000,1.740150,0.322641,10050
6,13,3965,edgegpu,ImageNet16-120,39.722220,2.420974,0.322641,10050
6,13,4587,edgegpu,ImageNet16-120,28.800000,1.445131,0.322641,10050
6,13,9722,edgegpu,ImageNet16-120,44.000000,3.327813,0.322641,10050
6,13,5674,edgegpu,ImageNet16-120,39.650000,1.763358,0.322641,10050
6,13,10699,edgegpu,ImageNet16-120,46.833332,6.223283,0.322641,10050
6,13,5374,edgegpu,ImageNet16-120,46.766666,5.294285,0.322641,10050
6,13,4946,edgegpu,ImageNet16-120,44.700000,3.490419,0.322641,10050
6,13,7760,edgegpu,ImageNet16-120,39.100000,1.743751,0.322641,10050
6,13,14117,edgegpu,ImageNet16-120,28.677778,1.435547,0.322641,10050
6,13,1164,edgegpu,ImageNet16-120,28.522223,1.435223,0.322641,10050
6,13,12415,edgegpu,ImageNet16-120,46.566666,4.667692,0.322641,10050
6,13,8401,edgegpu,ImageNet16-120,43.833332,3.322444,0.322641,10050
6,13,10835,edgegpu,ImageNet16-120,45.233334,4.434366,0.322641,10050
6,13,857,edgegpu,ImageNet16-120,47.311110,6.707663,0.322641,10050
6,13,15159,edgegpu,ImageNet16-120,45.566666,4.632421,0.322641,10050
6,13,14612,edgegpu,ImageNet16-120,28.488890,1.434064,0.322641,10050
6,13,8884,edgegpu,ImageNet16-120,45.033333,3.499999,0.322641,10050
6,13,7187,edgegpu,ImageNet16-120,28.683332,1.443858,0.322641,10050
6,13,15376,edgegpu,ImageNet16-120,0.833333,0.533953,0.322641,10050
6,13,8355,edgegpu,ImageNet16-120,39.666668,1.810203,0.322641,10050
6,13,15288,edgegpu,ImageNet16-120,28.422222,1.417041,0.322641,10050
6,13,15383,edgegpu,ImageNet16-120,47.033333,6.262836,0.322641,10050
6,13,4988,edgegpu,ImageNet16-120,28.933332,1.448212,0.322641,10050
6,13,454,edgegpu,ImageNet16-120,41.277780,3.303313,0.322641,10050
6,13,4332,edgegpu,ImageNet16-120,39.444443,1.745496,0.322641,10050
6,13,2650,edgegpu,ImageNet16-120,42.433334,3.309817,0.322641,10050
6,13,8426,edgegpu,ImageNet16-120,44.633335,3.370147,0.322641,10050
6,13,12081,edgegpu,ImageNet16-120,40.233334,2.730479,0.322641,10050
6,13,12062,edgegpu,ImageNet16-120,39.900000,2.519493,0.322641,10050
6,14,15383,edgetpu,ImageNet16-120,47.033333,0.780914,0.293559,10050
6,14,5530,edgetpu,ImageNet16-120,42.577778,0.549937,0.293559,10050
6,14,15363,edgetpu,ImageNet16-120,44.333332,0.582280,0.293559,10050
6,14,13769,edgetpu,ImageNet16-120,41.555557,0.549360,0.293559,10050
6,14,3540,edgetpu,ImageNet16-120,45.122223,0.648670,0.293559,10050
6,14,12415,edgetpu,ImageNet16-120,46.566666,0.710906,0.293559,10050
6,14,4830,edgetpu,ImageNet16-120,42.233334,0.549457,0.293559,10050
6,14,6858,edgetpu,ImageNet16-120,40.333332,0.541300,0.293559,10050
6,14,7357,edgetpu,ImageNet16-120,44.666668,0.600498,0.293559,10050
6,14,779,edgetpu,ImageNet16-120,32.700000,0.366534,0.293559,10050
6,14,13931,edgetpu,ImageNet16-120,28.788889,0.360349,0.293559,10050
6,14,7273,edgetpu,ImageNet16-120,42.966667,0.550014,0.293559,10050
6,14,70,edgetpu,ImageNet16-120,39.377777,0.428228,0.293559,10050
6,14,6950,edgetpu,ImageNet16-120,38.700000,0.427379,0.293559,10050
6,14,857,edgetpu,ImageNet16-120,47.311110,0.997730,0.293559,10050
6,14,15014,edgetpu,ImageNet16-120,28.266666,0.358110,0.293559,10050
6,14,7750,edgetpu,ImageNet16-120,43.066666,0.551617,0.293559,10050
6,14,8915,edgetpu,ImageNet16-120,32.611110,0.364729,0.293559,10050
6,14,5751,edgetpu,ImageNet16-120,40.044445,0.516992,0.293559,10050
6,14,11079,edgetpu,ImageNet16-120,43.566666,0.552430,0.293559,10050
6,14,7837,edgetpu,ImageNet16-120,32.111110,0.363571,0.293559,10050
6,14,4627,edgetpu,ImageNet16-120,43.500000,0.552306,0.293559,10050
6,14,4675,edgetpu,ImageNet16-120,33.100000,0.393316,0.293559,10050
6,14,8884,edgetpu,ImageNet16-120,45.033333,0.615792,0.293559,10050
6,14,12231,edgetpu,ImageNet16-120,40.200000,0.518358,0.293559,10050
6,14,8355,edgetpu,ImageNet16-120,39.666668,0.431866,0.293559,10050
6,14,11885,edgetpu,ImageNet16-120,39.166668,0.427395,0.293559,10050
6,14,8447,edgetpu,ImageNet16-120,40.011112,0.514586,0.293559,10050
6,14,5724,edgetpu,ImageNet16-120,28.366667,0.359987,0.293559,10050
6,14,4988,edgetpu,ImageNet16-120,28.933332,0.360694,0.293559,10050
6,14,10332,edgetpu,ImageNet16-120,40.033333,0.516152,0.293559,10050
6,14,7396,edgetpu,ImageNet16-120,40.177776,0.517218,0.293559,10050
6,14,13097,edgetpu,ImageNet16-120,39.655556,0.428424,0.293559,10050
6,15,8008,eyeriss,ImageNet16-120,43.500000,0.853120,0.243970,10050
6,15,857,eyeriss,ImageNet16-120,47.311110,1.651840,0.243970,10050
6,15,6854,eyeriss,ImageNet16-120,40.800000,0.668800,0.243970,10050
6,15,8853,eyeriss,ImageNet16-120,45.600000,1.037440,0.243970,10050
6,15,1939,eyeriss,ImageNet16-120,45.077778,0.976000,0.243970,10050
6,15,15383,eyeriss,ImageNet16-120,47.033333,1.283200,0.243970,10050
6,15,2835,eyeriss,ImageNet16-120,38.222220,0.545920,0.243970,10050
6,15,8736,eyeriss,ImageNet16-120,45.700000,1.221760,0.243970,10050
6,15,4829,eyeriss,ImageNet16-120,34.200000,0.484480,0.243970,10050
6,15,6787,eyeriss,ImageNet16-120,44.400000,0.914560,0.243970,10050
6,15,14146,eyeriss,ImageNet16-120,28.433332,0.423040,0.243970,10050
6,15,5487,eyeriss,ImageNet16-120,38.500000,0.607360,0.243970,10050
6,16,8853,fpga,ImageNet16-120,45.600000,1.155200,0.279930,10050
6,16,8736,fpga,ImageNet16-120,45.700000,1.411200,0.279930,10050
6,16,6868,fpga,ImageNet16-120,39.000000,0.649120,0.279930,10050
6,16,2835,fpga,ImageNet16-120,38.222220,0.546720,0.279930,10050
6,16,4988,fpga,ImageNet16-120,28.933332,0.284320,0.279930,10050
6,16,15383,fpga,ImageNet16-120,47.033333,1.504000,0.279930,10050
6,16,14748,fpga,ImageNet16-120,44.900000,0.995200,0.279930,10050
6,16,6787,fpga,ImageNet16-120,44.400000,0.969600,0.279930,10050
6,16,4711,fpga,ImageNet16-120,34.733334,0.517920,0.279930,10050
6,16,8008,fpga,ImageNet16-120,43.500000,0.876800,0.279930,10050
6,16,4829,fpga,ImageNet16-120,34.200000,0.415520,0.279930,10050
6,16,10017,fpga,ImageNet16-120,40.566666,0.784000,0.279930,10050
6,16,1939,fpga,ImageNet16-120,45.077778,1.062400,0.279930,10050
6,16,857,fpga,ImageNet16-120,47.311110,2.038400,0.279930,10050
6,16,6854,fpga,ImageNet16-120,40.800000,0.809120,0.279930,10050
6,16,8633,fpga,ImageNet16-120,39.766666,0.780320,0.279930,10050
6,17,4977,pixel3,ImageNet16-120,32.966667,0.617991,0.352988,10050
6,17,7187,pixel3,ImageNet16-120,28.683332,0.425223,0.352988,10050
6,17,1110,pixel3,ImageNet16-120,28.600000,0.423927,0.352988,10050
6,17,4004,pixel3,ImageNet16-120,42.811110,2.467510,0.352988,10050
6,17,4587,pixel3,ImageNet16-120,28.800000,0.445767,0.352988,10050
6,17,12156,pixel3,ImageNet16-120,46.550000,5.198720,0.352988,10050
6,17,12516,pixel3,ImageNet16-120,32.083332,0.617816,0.352988,10050
6,17,14417,pixel3,ImageNet16-120,45.900000,4.143030,0.352988,10050
6,17,1860,pixel3,ImageNet16-120,28.433332,0.422587,0.352988,10050
6,17,13756,pixel3,ImageNet16-120,0.833333,0.005289,0.352988,10050
6,17,5111,pixel3,ImageNet16-120,46.588890,5.571030,0.352988,10050
6,17,14112,pixel3,ImageNet16-120,40.733334,1.913100,0.352988,10050
6,17,8733,pixel3,ImageNet16-120,46.600000,6.059070,0.352988,10050
6,17,7252,pixel3,ImageNet16-120,44.666668,2.979450,0.352988,10050
6,17,4432,pixel3,ImageNet16-120,37.800000,0.861157,0.352988,10050
6,17,8853,pixel3,ImageNet16-120,45.600000,3.554540,0.352988,10050
6,17,12639,pixel3,ImageNet16-120,40.400000,1.304440,0.352988,10050
6,17,4895,pixel3,ImageNet16-120,33.200000,0.619070,0.352988,10050
6,17,4988,pixel3,ImageNet16-120,28.933332,0.485996,0.352988,10050
6,17,3728,pixel3,ImageNet16-120,28.500000,0.422880,0.352988,10050
6,17,872,pixel3,ImageNet16-120,41.777780,2.465030,0.352988,10050
6,17,3496,pixel3,ImageNet16-120,34.233334,0.670584,0.352988,10050
6,17,1549,pixel3,ImageNet16-120,28.655556,0.424747,0.352988,10050
6,17,758,pixel3,ImageNet16-120,28.333334,0.422134,0.352988,10050
6,17,13171,pixel3,ImageNet16-120,44.966667,3.269370,0.352988,10050
6,17,5487,pixel3,ImageNet16-120,38.500000,1.109150,0.352988,10050
6,17,898,pixel3,ImageNet16-120,42.466667,2.467210,0.352988,10050
6,17,2899,pixel3,ImageNet16-120,43.911110,2.701210,0.352988,10050
6,17,1425,pixel3,ImageNet16-120,45.977780,4.619290,0.352988,10050
6,17,4384,pixel3,ImageNet16-120,28.133333,0.421612,0.352988,10050
6,17,10699,pixel3,ImageNet16-120,46.833332,6.353010,0.352988,10050
6,17,12358,pixel3,ImageNet16-120,34.055557,0.666287,0.352988,10050
6,17,1204,pixel3,ImageNet16-120,37.844444,0.864966,0.352988,10050
6,17,9496,pixel3,ImageNet16-120,38.200000,1.024960,0.352988,10050
6,17,2586,pixel3,ImageNet16-120,42.877777,2.475410,0.352988,10050
6,17,5374,pixel3,ImageNet16-120,46.766666,6.317500,0.352988,10050
6,17,978,pixel3,ImageNet16-120,33.488888,0.665489,0.352988,10050
6,17,2018,pixel3,ImageNet16-120,46.433334,4.949210,0.352988,10050
6,17,1941,pixel3,ImageNet16-120,44.988888,3.431960,0.352988,10050
6,17,9586,pixel3,ImageNet16-120,46.933334,9.714070,0.352988,10050
6,17,4627,pixel3,ImageNet16-120,43.500000,2.479640,0.352988,10050
6,17,9149,pixel3,ImageNet16-120,46.900000,8.146810,0.352988,10050
6,17,1943,pixel3,ImageNet16-120,42.866665,2.474540,0.352988,10050
6,18,5973,raspi4,ImageNet16-120,40.100000,3.159922,0.371819,10050
6,18,1188,raspi4,ImageNet16-120,32.455555,1.526725,0.371819,10050
6,18,12424,raspi4,ImageNet16-120,43.133330,3.805729,0.371819,10050
6,18,6854,raspi4,ImageNet16-120,40.800000,3.661016,0.371819,10050
6,18,3782,raspi4,ImageNet16-120,41.866665,3.755286,0.371819,10050
6,18,4627,raspi4,ImageNet16-120,43.500000,3.811407,0.371819,10050
6,18,6787,raspi4,ImageNet16-120,44.400000,4.532777,0.371819,10050
6,18,10167,raspi4,ImageNet16-120,39.944443,3.106316,0.371819,10050
6,18,14417,raspi4,ImageNet16-120,45.900000,6.948865,0.371819,10050
6,18,8683,raspi4,ImageNet16-120,44.200000,4.462997,0.371819,10050
6,18,15383,raspi4,ImageNet16-120,47.033333,8.565354,0.371819,10050
6,18,7551,raspi4,ImageNet16-120,38.477780,2.950436,0.371819,10050
6,18,5530,raspi4,ImageNet16-120,42.577778,3.785925,0.371819,10050
6,18,15363,raspi4,ImageNet16-120,44.333332,4.480516,0.371819,10050
6,18,6336,raspi4,ImageNet16-120,39.366665,3.073392,0.371819,10050
6,18,857,raspi4,ImageNet16-120,47.311110,9.020064,0.371819,10050
6,18,7187,raspi4,ImageNet16-120,28.683332,0.952790,0.371819,10050
6,18,12358,raspi4,ImageNet16-120,34.055557,1.582727,0.371819,10050
6,18,11584,raspi4,ImageNet16-120,46.666668,8.014434,0.371819,10050
6,18,1413,raspi4,ImageNet16-120,42.711113,3.788479,0.371819,10050
6,18,3960,raspi4,ImageNet16-120,37.755554,2.197980,0.371819,10050
6,18,4988,raspi4,ImageNet16-120,28.933332,1.003251,0.371819,10050
6,18,12639,raspi4,ImageNet16-120,40.400000,3.628959,0.371819,10050
6,18,8884,raspi4,ImageNet16-120,45.033333,5.293177,0.371819,10050
6,18,9762,raspi4,ImageNet16-120,38.200000,2.912099,0.371819,10050
6,18,10472,raspi4,ImageNet16-120,39.633335,3.079679,0.371819,10050
6,18,5455,raspi4,ImageNet16-120,32.611110,1.532377,0.371819,10050
6,18,3431,raspi4,ImageNet16-120,32.966667,1.536690,0.371819,10050
6,18,9585,raspi4,ImageNet16-120,0.833333,0.011519,0.371819,10050
6,18,11653,raspi4,ImageNet16-120,38.100000,2.898014,0.371819,10050
6,18,6868,raspi4,ImageNet16-120,39.000000,2.982937,0.371819,10050
6,18,6519,raspi4,ImageNet16-120,40.183334,3.212652,0.371819,10050
6,18,219,raspi4,ImageNet16-120,42.500000,3.768475,0.371819,10050
6,18,2904,raspi4,ImageNet16-120,42.744446,3.799936,0.371819,10050
6,18,6294,raspi4,ImageNet16-120,38.011112,2.203638,0.371819,10050
6,18,10797,raspi4,ImageNet16-120,28.033333,0.946706,0.371819,10050
6,18,2779,raspi4,ImageNet16-120,37.355556,2.190654,0.371819,10050
6,18,10715,raspi4,ImageNet16-120,45.533333,6.790813,0.371819,10050
6,18,15107,raspi4,ImageNet16-120,39.800000,3.083329,0.371819,10050
6,18,13284,raspi4,ImageNet16-120,40.177776,3.191073,0.371819,10050
6,18,4829,raspi4,ImageNet16-120,34.200000,1.614683,0.371819,10050
6,18,8355,raspi4,ImageNet16-120,39.666668,3.083286,0.371819,10050
6,18,10835,raspi4,ImageNet16-120,45.233334,6.632419,0.371819,10050
6,18,8323,raspi4,ImageNet16-120,38.033333,2.287984,0.371819,10050
6,18,1204,raspi4,ImageNet16-120,37.844444,2.199356,0.371819,10050
6,18,8733,raspi4,ImageNet16-120,46.600000,7.477213,0.371819,10050
6,18,1939,raspi4,ImageNet16-120,45.077778,5.341908,0.371819,10050
6,18,4995,raspi4,ImageNet16-120,42.166668,3.766336,0.371819,10050
6,18,3687,raspi4,ImageNet16-120,34.066666,1.583497,0.371819,10050
6,18,14697,raspi4,ImageNet16-120,33.900000,1.580382,0.371819,10050
7,1,1601,edgegpu,cifar10,86.336670,1.433892,0.296696,10050
7,1,13401,edgegpu,cifar10,87.010000,1.457009,0.296696,10050
7,1,11692,edgegpu,cifar10,94.130000,4.708362,0.296696,10050
7,1,15072,edgegpu,cifar10,92.350000,2.798777,0.296696,10050
7,1,561,edgegpu,cifar10,86.880000,1.451068,0.296696,10050
7,1,10484,edgegpu,cifar10,93.810000,3.354015,0.296696,10050
7,1,14527,edgegpu,cifar10,86.765000,1.439619,0.296696,10050
7,1,2090,edgegpu,cifar10,86.650000,1.437702,0.296696,10050
7,1,5780,edgegpu,cifar10,93.980000,3.361888,0.296696,10050
7,1,13714,edgegpu,cifar10,94.373340,6.772180,0.296696,10050
7,1,2053,edgegpu,cifar10,94.206665,5.482254,0.296696,10050
7,1,5292,edgegpu,cifar10,94.293335,6.663151,0.296696,10050
7,1,2776,edgegpu,cifar10,93.666664,3.331194,0.296696,10050
7,1,12081,edgegpu,cifar10,92.590000,2.886577,0.296696,10050
7,1,10683,edgegpu,cifar10,92.330000,1.924162,0.296696,10050
7,1,6960,edgegpu,cifar10,92.280000,1.764450,0.296696,10050
7,1,14407,edgegpu,cifar10,86.770000,1.440282,0.296696,10050
7,1,1459,edgegpu,cifar10,94.296670,6.748991,0.296696,10050
7,1,15200,edgegpu,cifar10,10.000000,0.501385,0.296696,10050
7,1,14392,edgegpu,cifar10,86.520000,1.435742,0.296696,10050
7,1,6330,edgegpu,cifar10,94.006670,4.384699,0.296696,10050
7,1,1339,edgegpu,cifar10,92.136665,1.751881,0.296696,10050
7,1,6950,edgegpu,cifar10,92.000000,1.738467,0.296696,10050
7,1,10222,edgegpu,cifar10,86.200000,1.429176,0.296696,10050
7,2,970,edgetpu,cifar10,86.770000,0.371488,0.352946,10050
7,2,14527,edgetpu,cifar10,86.765000,0.365664,0.352946,10050
7,2,4161,edgetpu,cifar10,89.250000,0.391221,0.352946,10050
7,2,9380,edgetpu,cifar10,89.335000,0.395662,0.352946,10050
7,2,6918,edgetpu,cifar10,87.000000,0.375819,0.352946,10050
7,2,6382,edgetpu,cifar10,93.376660,0.628638,0.352946,10050
7,2,9817,edgetpu,cifar10,93.490000,0.723286,0.352946,10050
7,2,3022,edgetpu,cifar10,86.670000,0.355117,0.352946,10050
7,2,10293,edgetpu,cifar10,86.513336,0.352328,0.352946,10050
7,2,5780,edgetpu,cifar10,93.980000,0.723967,0.352946,10050
7,2,15459,edgetpu,cifar10,93.160000,0.628147,0.352946,10050
7,2,9722,edgetpu,cifar10,93.540000,0.723575,0.352946,10050
7,2,8008,edgetpu,cifar10,93.480000,0.629746,0.352946,10050
7,2,13714,edgetpu,cifar10,94.373340,1.377865,0.352946,10050
7,2,5647,edgetpu,cifar10,89.110000,0.389378,0.352946,10050
7,2,1051,edgetpu,cifar10,86.700000,0.359608,0.352946,10050
7,2,12439,edgetpu,cifar10,86.393330,0.352159,0.352946,10050
7,2,2053,edgetpu,cifar10,94.206665,1.042178,0.352946,10050
7,2,2648,edgetpu,cifar10,93.246666,0.628167,0.352946,10050
7,2,8192,edgetpu,cifar10,93.093330,0.627745,0.352946,10050
7,2,5111,edgetpu,cifar10,94.306660,1.152010,0.352946,10050
7,2,5258,edgetpu,cifar10,88.775000,0.388629,0.352946,10050
7,2,9950,edgetpu,cifar10,93.840000,0.723767,0.352946,10050
7,2,10787,edgetpu,cifar10,86.660000,0.353990,0.352946,10050
7,2,11692,edgetpu,cifar10,94.130000,0.761100,0.352946,10050
7,2,11438,edgetpu,cifar10,92.500000,0.482393,0.352946,10050
7,2,6584,edgetpu,cifar10,94.160000,0.888877,0.352946,10050
7,2,10683,edgetpu,cifar10,92.330000,0.481277,0.352946,10050
7,2,13611,edgetpu,cifar10,92.490000,0.481826,0.352946,10050
7,3,8008,eyeriss,cifar10,93.480000,3.399860,0.234411,10050
7,3,11472,eyeriss,cifar10,93.970000,4.628660,0.234411,10050
7,3,4384,eyeriss,cifar10,86.796670,1.679540,0.234411,10050
7,3,8592,eyeriss,cifar10,93.750000,3.891380,0.234411,10050
7,3,11692,eyeriss,cifar10,94.130000,4.874420,0.234411,10050
7,3,6854,eyeriss,cifar10,91.040000,2.662580,0.234411,10050
7,3,13714,eyeriss,cifar10,94.373340,7.823540,0.234411,10050
7,3,6111,eyeriss,cifar10,94.373340,7.823540,0.234411,10050
7,3,5111,eyeriss,cifar10,94.306660,5.365940,0.234411,10050
7,3,3731,eyeriss,cifar10,94.343330,6.594740,0.234411,10050
7,3,8323,eyeriss,cifar10,90.870000,2.171060,0.234411,10050
7,3,1616,eyeriss,cifar10,89.740000,1.925300,0.234411,10050
7,3,6899,eyeriss,cifar10,90.900000,2.416820,0.234411,10050
7,3,13611,eyeriss,cifar10,92.490000,3.154100,0.234411,10050
7,3,13987,eyeriss,cifar10,93.596664,3.645620,0.234411,10050
7,4,6111,fpga,cifar10,94.373340,6.678560,0.268753,10050
7,4,13987,fpga,cifar10,93.596664,3.420960,0.268753,10050
7,4,13714,fpga,cifar10,94.373340,6.678560,0.268753,10050
7,4,8008,fpga,cifar10,93.480000,2.905760,0.268753,10050
7,4,5111,fpga,cifar10,94.306660,5.193760,0.268753,10050
7,4,758,fpga,cifar10,86.705000,1.132960,0.268753,10050
7,4,8323,fpga,cifar10,90.870000,2.163360,0.268753,10050
7,4,6584,fpga,cifar10,94.160000,4.163360,0.268753,10050
7,4,3731,fpga,cifar10,94.343330,5.936160,0.268753,10050
7,4,15000,fpga,cifar10,92.400000,2.390560,0.268753,10050
7,4,10431,fpga,cifar10,87.000000,1.542560,0.268753,10050
7,4,12438,fpga,cifar10,89.875000,1.648160,0.268753,10050
7,4,11472,fpga,cifar10,93.970000,3.648160,0.268753,10050
7,5,12970,pixel3,cifar10,90.970000,4.723840,0.384481,10050
7,5,6434,pixel3,cifar10,91.080000,4.811140,0.384481,10050
7,5,11972,pixel3,cifar10,91.510000,5.627010,0.384481,10050
7,5,1941,pixel3,cifar10,93.533330,9.128690,0.384481,10050
7,5,3385,pixel3,cifar10,93.990000,13.656500,0.384481,10050
7,5,9046,pixel3,cifar10,93.570000,10.207800,0.384481,10050
7,5,6918,pixel3,cifar10,87.000000,1.478790,0.384481,10050
7,5,1943,pixel3,cifar10,93.116670,6.492030,0.384481,10050
7,5,8695,pixel3,cifar10,94.220000,17.564500,0.384481,10050
7,5,12639,pixel3,cifar10,90.990000,4.749000,0.384481,10050
7,5,6985,pixel3,cifar10,89.940000,2.367450,0.384481,10050
7,5,4731,pixel3,cifar10,90.360000,2.573470,0.384481,10050
7,5,13869,pixel3,cifar10,93.656670,10.634700,0.384481,10050
7,5,323,pixel3,cifar10,88.940000,1.660340,0.384481,10050
7,5,6899,pixel3,cifar10,90.900000,3.961410,0.384481,10050
7,5,11000,pixel3,cifar10,93.560000,10.109500,0.384481,10050
7,5,10689,pixel3,cifar10,90.790000,2.669770,0.384481,10050
7,5,1549,pixel3,cifar10,86.710000,1.332030,0.384481,10050
7,5,1918,pixel3,cifar10,88.880000,1.615140,0.384481,10050
7,5,4627,pixel3,cifar10,93.270000,7.036050,0.384481,10050
7,5,1339,pixel3,cifar10,92.136665,5.802240,0.384481,10050
7,5,6584,pixel3,cifar10,94.160000,15.720300,0.384481,10050
7,5,1781,pixel3,cifar10,89.883330,1.712020,0.384481,10050
7,5,6111,pixel3,cifar10,94.373340,23.584800,0.384481,10050
7,5,3731,pixel3,cifar10,94.343330,23.361300,0.384481,10050
7,5,5111,pixel3,cifar10,94.306660,17.584600,0.384481,10050
7,5,6382,pixel3,cifar10,93.376660,7.048190,0.384481,10050
7,5,4554,pixel3,cifar10,86.670000,1.114880,0.384481,10050
7,5,6999,pixel3,cifar10,93.820000,12.260900,0.384481,10050
7,5,1497,pixel3,cifar10,86.556660,1.056630,0.384481,10050
7,5,6624,pixel3,cifar10,89.120000,1.670570,0.384481,10050
7,5,11692,pixel3,cifar10,94.130000,15.490100,0.384481,10050
7,5,41,pixel3,cifar10,88.670000,1.576940,0.384481,10050
7,5,3,pixel3,cifar10,86.616670,1.062640,0.384481,10050
7,5,2035,pixel3,cifar10,89.670000,1.706480,0.384481,10050
7,5,5874,pixel3,cifar10,88.676670,1.580110,0.384481,10050
7,5,1425,pixel3,cifar10,93.933334,12.536500,0.384481,10050
7,5,13171,pixel3,cifar10,93.530000,7.717220,0.384481,10050
7,5,12452,pixel3,cifar10,91.350000,5.590110,0.384481,10050
7,5,8592,pixel3,cifar10,93.750000,10.769800,0.384481,10050
7,5,8323,pixel3,cifar10,90.870000,3.106420,0.384481,10050
7,5,9230,pixel3,cifar10,86.580000,1.056760,0.384481,10050
7,5,7001,pixel3,cifar10,10.000000,0.003277,0.384481,10050
7,5,5915,pixel3,cifar10,86.846664,1.472530,0.384481,10050
7,6,13611,raspi4,cifar10,92.490000,18.523302,0.360313,10050
7,6,12639,raspi4,cifar10,90.990000,11.857850,0.360313,10050
7,6,1804,raspi4,cifar10,89.063330,4.791845,0.360313,10050
7,6,1785,raspi4,cifar10,86.586670,2.538737,0.360313,10050
7,6,12238,raspi4,cifar10,91.690000,16.046099,0.360313,10050
7,6,12385,raspi4,cifar10,91.990000,16.485830,0.360313,10050
7,6,4659,raspi4,cifar10,93.396670,22.249382,0.360313,10050
7,6,9496,raspi4,cifar10,90.690000,7.330004,0.360313,10050
7,6,5780,raspi4,cifar10,93.980000,34.928463,0.360313,10050
7,6,6382,raspi4,cifar10,93.376660,21.461164,0.360313,10050
7,6,8323,raspi4,cifar10,90.870000,7.426308,0.360313,10050
7,6,6111,raspi4,cifar10,94.373340,68.404106,0.360313,10050
7,6,3731,raspi4,cifar10,94.343330,58.070793,0.360313,10050
7,6,1099,raspi4,cifar10,92.240000,18.358124,0.360313,10050
7,6,6985,raspi4,cifar10,89.940000,4.995646,0.360313,10050
7,6,7407,raspi4,cifar10,93.510000,24.855400,0.360313,10050
7,6,6918,raspi4,cifar10,87.000000,2.787590,0.360313,10050
7,6,11692,raspi4,cifar10,94.130000,37.583630,0.360313,10050
7,6,5111,raspi4,cifar10,94.306660,41.756905,0.360313,10050
7,6,1805,raspi4,cifar10,92.013336,17.170170,0.360313,10050
7,6,2058,raspi4,cifar10,93.270000,19.484835,0.360313,10050
7,6,1962,raspi4,cifar10,86.530000,2.529453,0.360313,10050
7,6,7106,raspi4,cifar10,92.015000,17.247995,0.360313,10050
7,6,11438,raspi4,cifar10,92.500000,18.742697,0.360313,10050
7,6,9980,raspi4,cifar10,10.000000,0.011284,0.360313,10050
7,6,8426,raspi4,cifar10,93.840000,31.394428,0.360313,10050
7,6,13430,raspi4,cifar10,90.580000,7.299066,0.360313,10050
7,6,8592,raspi4,cifar10,93.750000,25.477009,0.360313,10050
7,6,10412,raspi4,cifar10,93.530000,25.079220,0.360313,10050
7,6,1894,raspi4,cifar10,92.110000,17.550644,0.360313,10050
7,6,11972,raspi4,cifar10,91.510000,12.403558,0.360313,10050
7,6,9380,raspi4,cifar10,89.335000,4.875613,0.360313,10050
7,6,7017,raspi4,cifar10,86.970000,2.544041,0.360313,10050
7,6,8944,raspi4,cifar10,92.006670,17.164455,0.360313,10050
7,6,2937,raspi4,cifar10,92.190000,17.768639,0.360313,10050
7,6,14565,raspi4,cifar10,88.880000,4.781183,0.360313,10050
7,6,8008,raspi4,cifar10,93.480000,22.571420,0.360313,10050
7,7,10222,edgegpu,cifar100,58.860000,1.449347,0.316730,10050
7,7,3540,edgegpu,cifar100,71.500000,4.730291,0.316730,10050
7,7,6124,edgegpu,cifar100,68.360000,3.185835,0.316730,10050
7,7,4418,edgegpu,cifar100,72.746666,5.352364,0.316730,10050
7,7,5400,edgegpu,cifar100,58.800000,1.446357,0.316730,10050
7,7,11465,edgegpu,cifar100,71.160000,4.351864,0.316730,10050
7,7,2304,edgegpu,cifar100,58.660000,1.440253,0.316730,10050
7,7,12415,edgegpu,cifar100,71.940000,4.828467,0.316730,10050
7,7,9930,edgegpu,cifar100,73.513336,6.803060,0.316730,10050
7,7,3953,edgegpu,cifar100,62.613335,1.757269,0.316730,10050
7,7,3888,edgegpu,cifar100,73.260000,6.797867,0.316730,10050
7,7,4954,edgegpu,cifar100,73.000000,6.669736,0.316730,10050
7,7,14677,edgegpu,cifar100,62.420000,1.746187,0.316730,10050
7,7,11810,edgegpu,cifar100,68.300000,1.779551,0.316730,10050
7,7,2778,edgegpu,cifar100,72.993330,6.134028,0.316730,10050
7,7,8401,edgegpu,cifar100,71.080000,3.302102,0.316730,10050
7,7,5019,edgegpu,cifar100,58.880000,1.488929,0.316730,10050
7,7,9922,edgegpu,cifar100,58.560000,1.428552,0.316730,10050
7,7,11067,edgegpu,cifar100,58.186670,1.427836,0.316730,10050
7,7,1509,edgegpu,cifar100,1.000000,0.505853,0.316730,10050
7,7,11885,edgegpu,cifar100,68.040000,1.776652,0.316730,10050
7,7,1425,edgegpu,cifar100,72.093330,5.310225,0.316730,10050
7,7,1038,edgegpu,cifar100,67.500000,1.758428,0.316730,10050
7,8,3487,edgetpu,cifar100,70.093330,0.637182,0.304043,10050
7,8,8401,edgetpu,cifar100,71.080000,0.728572,0.304043,10050
7,8,9930,edgetpu,cifar100,73.513336,1.454107,0.304043,10050
7,8,2705,edgetpu,cifar100,62.813330,0.393026,0.304043,10050
7,8,8912,edgetpu,cifar100,59.200000,0.377698,0.304043,10050
7,8,1110,edgetpu,cifar100,58.840000,0.355938,0.304043,10050
7,8,12415,edgetpu,cifar100,71.940000,0.872299,0.304043,10050
7,8,1425,edgetpu,cifar100,72.093330,0.910660,0.304043,10050
7,8,5019,edgetpu,cifar100,58.880000,0.357058,0.304043,10050
7,8,11533,edgetpu,cifar100,69.760000,0.635877,0.304043,10050
7,8,1383,edgetpu,cifar100,70.273330,0.673722,0.304043,10050
7,8,13113,edgetpu,cifar100,63.140000,0.398170,0.304043,10050
7,8,4977,edgetpu,cifar100,63.360000,0.398743,0.304043,10050
7,8,4627,edgetpu,cifar100,69.600000,0.635153,0.304043,10050
7,8,14945,edgetpu,cifar100,58.500000,0.354940,0.304043,10050
7,8,10000,edgetpu,cifar100,73.160000,1.283461,0.304043,10050
7,8,12607,edgetpu,cifar100,62.600000,0.392830,0.304043,10050
7,8,857,edgetpu,cifar100,72.880000,1.264168,0.304043,10050
7,8,777,edgetpu,cifar100,58.650000,0.355588,0.304043,10050
7,8,577,edgetpu,cifar100,69.680000,0.635228,0.304043,10050
7,8,9997,edgetpu,cifar100,71.520000,0.729986,0.304043,10050
7,8,1317,edgetpu,cifar100,72.566666,1.023844,0.304043,10050
7,8,4532,edgetpu,cifar100,68.040000,0.489947,0.304043,10050
7,8,781,edgetpu,cifar100,67.960000,0.487922,0.304043,10050
7,8,11810,edgetpu,cifar100,68.300000,0.492126,0.304043,10050
7,8,797,edgetpu,cifar100,69.580000,0.633351,0.304043,10050
7,8,4418,edgetpu,cifar100,72.746666,1.093699,0.304043,10050
7,8,3888,edgetpu,cifar100,73.260000,1.316226,0.304043,10050
7,8,6946,edgetpu,cifar100,67.500000,0.486233,0.304043,10050
7,8,14174,edgetpu,cifar100,72.646670,1.081678,0.304043,10050
7,8,699,edgetpu,cifar100,72.240000,0.940479,0.304043,10050
7,8,10679,edgetpu,cifar100,62.080000,0.391915,0.304043,10050
7,8,8638,edgetpu,cifar100,58.860000,0.356631,0.304043,10050
7,8,12761,edgetpu,cifar100,72.860000,1.225212,0.304043,10050
7,8,69,edgetpu,cifar100,71.020000,0.727259,0.304043,10050
7,9,898,eyeriss,cifar100,70.000000,3.402880,0.238249,10050
7,9,5084,eyeriss,cifar100,58.813330,1.682560,0.238249,10050
7,9,6787,eyeriss,cifar100,70.720000,3.648640,0.238249,10050
7,9,12574,eyeriss,cifar100,72.740000,5.123200,0.238249,10050
7,9,11301,eyeriss,cifar100,68.220000,2.665600,0.238249,10050
7,9,9930,eyeriss,cifar100,73.513336,9.055360,0.238249,10050
7,9,6925,eyeriss,cifar100,71.220000,3.894400,0.238249,10050
7,9,12761,eyeriss,cifar100,72.860000,6.352000,0.238249,10050
7,9,3540,eyeriss,cifar100,71.500000,4.877440,0.238249,10050
7,9,12820,eyeriss,cifar100,67.720000,2.419840,0.238249,10050
7,9,10689,eyeriss,cifar100,67.500000,2.174080,0.238249,10050
7,9,3888,eyeriss,cifar100,73.260000,6.597760,0.238249,10050
7,9,5651,eyeriss,cifar100,64.690000,1.928320,0.238249,10050
7,10,12761,fpga,cifar100,72.860000,5.420960,0.270792,10050
7,10,4249,fpga,cifar100,65.080000,2.057760,0.270792,10050
7,10,6787,fpga,cifar100,70.720000,3.420960,0.270792,10050
7,10,5651,fpga,cifar100,64.690000,1.648160,0.270792,10050
7,10,9930,fpga,cifar100,73.513336,7.420960,0.270792,10050
7,10,12820,fpga,cifar100,67.720000,2.678560,0.270792,10050
7,10,5084,fpga,cifar100,58.813330,1.132960,0.270792,10050
7,10,7250,fpga,cifar100,67.706665,2.390560,0.270792,10050
7,10,3888,fpga,cifar100,73.260000,5.936160,0.270792,10050
7,10,3540,fpga,cifar100,71.500000,4.163360,0.270792,10050
7,10,6830,fpga,cifar100,71.460000,4.057760,0.270792,10050
7,10,9997,fpga,cifar100,71.520000,4.572960,0.270792,10050
7,10,69,fpga,cifar100,71.020000,3.648160,0.270792,10050
7,10,8323,fpga,cifar100,67.080000,2.163360,0.270792,10050
7,10,3487,fpga,cifar100,70.093330,2.905760,0.270792,10050
7,10,699,fpga,cifar100,72.240000,4.678560,0.270792,10050
7,10,3385,fpga,cifar100,72.380000,5.193760,0.270792,10050
7,11,4432,pixel3,cifar100,66.486664,3.105870,0.342254,10050
7,11,8638,pixel3,cifar100,58.860000,1.478570,0.342254,10050
7,11,12574,pixel3,cifar100,72.740000,16.473900,0.342254,10050
7,11,15363,pixel3,cifar100,70.520000,9.708640,0.342254,10050
7,11,485,pixel3,cifar100,67.593330,4.124800,0.342254,10050
7,11,1450,pixel3,cifar100,70.506670,9.337360,0.342254,10050
7,11,9930,pixel3,cifar100,73.513336,42.003600,0.342254,10050
7,11,1459,pixel3,cifar100,73.140000,23.437900,0.342254,10050
7,11,14112,pixel3,cifar100,68.386665,5.745320,0.342254,10050
7,11,5019,pixel3,cifar100,58.880000,1.483640,0.342254,10050
7,11,9649,pixel3,cifar100,64.540000,2.536210,0.342254,10050
7,11,10689,pixel3,cifar100,67.500000,3.109220,0.342254,10050
7,11,857,pixel3,cifar100,72.880000,19.113200,0.342254,10050
7,11,3888,pixel3,cifar100,73.260000,23.477200,0.342254,10050
7,11,906,pixel3,cifar100,62.393333,1.661810,0.342254,10050
7,11,1409,pixel3,cifar100,58.853333,1.275090,0.342254,10050
7,11,11000,pixel3,cifar100,71.180000,10.677600,0.342254,10050
7,11,898,pixel3,cifar100,70.000000,6.516140,0.342254,10050
7,11,11973,pixel3,cifar100,70.340000,8.988510,0.342254,10050
7,11,699,pixel3,cifar100,72.240000,12.079400,0.342254,10050
7,11,375,pixel3,cifar100,64.440000,2.363140,0.342254,10050
7,11,6337,pixel3,cifar100,1.000000,0.008753,0.342254,10050
7,11,777,pixel3,cifar100,58.650000,1.087020,0.342254,10050
7,11,1090,pixel3,cifar100,65.220000,2.811310,0.342254,10050
7,11,6925,pixel3,cifar100,71.220000,10.688000,0.342254,10050
7,11,1593,pixel3,cifar100,62.126667,1.582050,0.342254,10050
7,11,15589,pixel3,cifar100,59.060000,1.483890,0.342254,10050
7,11,1558,pixel3,cifar100,64.020000,1.705220,0.342254,10050
7,11,2649,pixel3,cifar100,64.446660,2.496890,0.342254,10050
7,11,12970,pixel3,cifar100,68.140000,4.782110,0.342254,10050
7,12,12761,raspi4,cifar100,72.860000,53.718200,0.372371,10050
7,12,10042,raspi4,cifar100,64.880000,5.100886,0.372371,10050
7,12,15137,raspi4,cifar100,63.160000,4.941014,0.372371,10050
7,12,3888,raspi4,cifar100,73.260000,55.029520,0.372371,10050
7,12,355,raspi4,cifar100,69.860000,20.791758,0.372371,10050
7,12,12574,raspi4,cifar100,72.740000,36.371254,0.372371,10050
7,12,9930,raspi4,cifar100,73.513336,71.152000,0.372371,10050
7,12,1188,raspi4,cifar100,62.486668,4.834681,0.372371,10050
7,12,4418,raspi4,cifar100,72.746666,47.162354,0.372371,10050
7,12,14811,raspi4,cifar100,69.680000,20.361189,0.372371,10050
7,12,6957,raspi4,cifar100,66.720000,7.228374,0.372371,10050
7,12,9895,raspi4,cifar100,69.400000,19.211880,0.372371,10050
7,12,6925,raspi4,cifar100,71.220000,24.195030,0.372371,10050
7,12,13846,raspi4,cifar100,66.746666,7.239895,0.372371,10050
7,12,3307,raspi4,cifar100,62.620000,4.846187,0.372371,10050
7,12,8740,raspi4,cifar100,1.000000,0.015215,0.372371,10050
7,12,8912,raspi4,cifar100,59.200000,2.818969,0.372371,10050
7,12,6918,raspi4,cifar100,58.800000,2.571364,0.372371,10050
7,12,15589,raspi4,cifar100,59.060000,2.795078,0.372371,10050
7,12,375,raspi4,cifar100,64.440000,5.099302,0.372371,10050
7,12,11301,raspi4,cifar100,68.220000,14.905408,0.372371,10050
7,12,14612,raspi4,cifar100,58.720000,2.563505,0.372371,10050
7,12,1459,raspi4,cifar100,73.140000,53.879950,0.372371,10050
7,12,11973,raspi4,cifar100,70.340000,21.943642,0.372371,10050
7,12,9997,raspi4,cifar100,71.520000,34.996710,0.372371,10050
7,12,13430,raspi4,cifar100,66.700000,7.203785,0.372371,10050
7,12,898,raspi4,cifar100,70.000000,21.506163,0.372371,10050
7,12,2222,raspi4,cifar100,58.313330,2.538255,0.372371,10050
7,12,6177,raspi4,cifar100,62.373333,4.795128,0.372371,10050
7,12,14714,raspi4,cifar100,71.280000,24.692347,0.372371,10050
7,12,1357,raspi4,cifar100,67.480000,10.177114,0.372371,10050
7,12,10222,raspi4,cifar100,58.860000,2.747804,0.372371,10050
7,12,485,raspi4,cifar100,67.593330,14.719852,0.372371,10050
7,12,2058,raspi4,cifar100,69.613335,20.052132,0.372371,10050
7,12,5647,raspi4,cifar100,62.660000,4.881772,0.372371,10050
7,12,6830,raspi4,cifar100,71.460000,34.491814,0.372371,10050
7,12,2035,raspi4,cifar100,63.926666,5.005698,0.372371,10050
7,12,9762,raspi4,cifar100,67.080000,9.740194,0.372371,10050
7,12,3408,raspi4,cifar100,63.993332,5.081906,0.372371,10050
7,12,15246,raspi4,cifar100,66.966670,7.350053,0.372371,10050
7,13,8355,edgegpu,ImageNet16-120,39.666668,1.810203,0.288423,10050
7,13,10947,edgegpu,ImageNet16-120,39.944443,1.909800,0.288423,10050
7,13,15376,edgegpu,ImageNet16-120,0.833333,0.533953,0.288423,10050
7,13,8426,edgegpu,ImageNet16-120,44.633335,3.370147,0.288423,10050
7,13,4587,edgegpu,ImageNet16-120,28.800000,1.445131,0.288423,10050
7,13,12415,edgegpu,ImageNet16-120,46.566666,4.667692,0.288423,10050
7,13,9586,edgegpu,ImageNet16-120,46.933334,5.222673,0.288423,10050
7,13,454,edgegpu,ImageNet16-120,41.277780,3.303313,0.288423,10050
7,13,12812,edgegpu,ImageNet16-120,40.100000,3.174190,0.288423,10050
7,13,6950,edgegpu,ImageNet16-120,38.700000,1.740150,0.288423,10050
7,13,9722,edgegpu,ImageNet16-120,44.000000,3.327813,0.288423,10050
7,13,4946,edgegpu,ImageNet16-120,44.700000,3.490419,0.288423,10050
7,13,14117,edgegpu,ImageNet16-120,28.677778,1.435547,0.288423,10050
7,13,8884,edgegpu,ImageNet16-120,45.033333,3.499999,0.288423,10050
7,13,15288,edgegpu,ImageNet16-120,28.422222,1.417041,0.288423,10050
7,13,8401,edgegpu,ImageNet16-120,43.833332,3.322444,0.288423,10050
7,13,4988,edgegpu,ImageNet16-120,28.933332,1.448212,0.288423,10050
7,13,5674,edgegpu,ImageNet16-120,39.650000,1.763358,0.288423,10050
7,13,10835,edgegpu,ImageNet16-120,45.233334,4.434366,0.288423,10050
7,13,12505,edgegpu,ImageNet16-120,39.283333,1.750417,0.288423,10050
7,13,70,edgegpu,ImageNet16-120,39.377777,1.761627,0.288423,10050
7,13,1164,edgegpu,ImageNet16-120,28.522223,1.435223,0.288423,10050
7,13,15159,edgegpu,ImageNet16-120,45.566666,4.632421,0.288423,10050
7,13,14490,edgegpu,ImageNet16-120,39.311110,1.757231,0.288423,10050
7,13,8801,edgegpu,ImageNet16-120,39.166668,1.746321,0.288423,10050
7,13,2650,edgegpu,ImageNet16-120,42.433334,3.309817,0.288423,10050
7,13,857,edgegpu,ImageNet16-120,47.311110,6.707663,0.288423,10050
7,13,11438,edgegpu,ImageNet16-120,39.733334,1.903386,0.288423,10050
7,13,1449,edgegpu,ImageNet16-120,40.077778,3.075252,0.288423,10050
7,13,7187,edgegpu,ImageNet16-120,28.683332,1.443858,0.288423,10050
7,14,9689,edgetpu,ImageNet16-120,42.533333,0.549702,0.280853,10050
7,14,15383,edgetpu,ImageNet16-120,47.033333,0.780914,0.280853,10050
7,14,13769,edgetpu,ImageNet16-120,41.555557,0.549360,0.280853,10050
7,14,15363,edgetpu,ImageNet16-120,44.333332,0.582280,0.280853,10050
7,14,10750,edgetpu,ImageNet16-120,44.600000,0.615553,0.280853,10050
7,14,4627,edgetpu,ImageNet16-120,43.500000,0.552306,0.280853,10050
7,14,7273,edgetpu,ImageNet16-120,42.966667,0.550014,0.280853,10050
7,14,13972,edgetpu,ImageNet16-120,31.933332,0.363440,0.280853,10050
7,14,3540,edgetpu,ImageNet16-120,45.122223,0.648670,0.280853,10050
7,14,4830,edgetpu,ImageNet16-120,42.233334,0.549457,0.280853,10050
7,14,6520,edgetpu,ImageNet16-120,32.383335,0.363944,0.280853,10050
7,14,14840,edgetpu,ImageNet16-120,45.311110,0.666690,0.280853,10050
7,14,8781,edgetpu,ImageNet16-120,32.366665,0.363484,0.280853,10050
7,14,7396,edgetpu,ImageNet16-120,40.177776,0.517218,0.280853,10050
7,14,8447,edgetpu,ImageNet16-120,40.011112,0.514586,0.280853,10050
7,14,12415,edgetpu,ImageNet16-120,46.566666,0.710906,0.280853,10050
7,14,14677,edgetpu,ImageNet16-120,33.233334,0.364575,0.280853,10050
7,14,11262,edgetpu,ImageNet16-120,39.733334,0.430019,0.280853,10050
7,14,5530,edgetpu,ImageNet16-120,42.577778,0.549937,0.280853,10050
7,14,5751,edgetpu,ImageNet16-120,40.044445,0.516992,0.280853,10050
7,14,13097,edgetpu,ImageNet16-120,39.655556,0.428424,0.280853,10050
7,14,11079,edgetpu,ImageNet16-120,43.566666,0.552430,0.280853,10050
7,14,10167,edgetpu,ImageNet16-120,39.944443,0.444058,0.280853,10050
7,14,15014,edgetpu,ImageNet16-120,28.266666,0.358110,0.280853,10050
7,14,13931,edgetpu,ImageNet16-120,28.788889,0.360349,0.280853,10050
7,14,7750,edgetpu,ImageNet16-120,43.066666,0.551617,0.280853,10050
7,14,1973,edgetpu,ImageNet16-120,38.855556,0.427802,0.280853,10050
7,14,857,edgetpu,ImageNet16-120,47.311110,0.997730,0.280853,10050
7,14,4160,edgetpu,ImageNet16-120,39.833332,0.430355,0.280853,10050
7,14,10017,edgetpu,ImageNet16-120,40.566666,0.524950,0.280853,10050
7,14,4988,edgetpu,ImageNet16-120,28.933332,0.360694,0.280853,10050
7,14,8884,edgetpu,ImageNet16-120,45.033333,0.615792,0.280853,10050
7,14,10332,edgetpu,ImageNet16-120,40.033333,0.516152,0.280853,10050
7,15,11973,eyeriss,ImageNet16-120,42.933334,0.853120,0.264683,10050
7,15,1939,eyeriss,ImageNet16-120,45.077778,0.976000,0.264683,10050
7,15,8853,eyeriss,ImageNet16-120,45.600000,1.037440,0.264683,10050
7,15,4988,eyeriss,ImageNet16-120,28.933332,0.423040,0.264683,10050
7,15,5487,eyeriss,ImageNet16-120,38.500000,0.607360,0.264683,10050
7,15,9805,eyeriss,ImageNet16-120,34.133335,0.484480,0.264683,10050
7,15,857,eyeriss,ImageNet16-120,47.311110,1.651840,0.264683,10050
7,15,2835,eyeriss,ImageNet16-120,38.222220,0.545920,0.264683,10050
7,15,6854,eyeriss,ImageNet16-120,40.800000,0.668800,0.264683,10050
7,15,6787,eyeriss,ImageNet16-120,44.400000,0.914560,0.264683,10050
7,15,14417,eyeriss,ImageNet16-120,45.900000,1.098880,0.264683,10050
7,15,15383,eyeriss,ImageNet16-120,47.033333,1.283200,0.264683,10050
7,16,4829,fpga,ImageNet16-120,34.200000,0.415520,0.277215,10050
7,16,8008,fpga,ImageNet16-120,43.500000,0.876800,0.277215,10050
7,16,5793,fpga,ImageNet16-120,35.033333,0.517920,0.277215,10050
7,16,6787,fpga,ImageNet16-120,44.400000,0.969600,0.277215,10050
7,16,857,fpga,ImageNet16-120,47.311110,2.038400,0.277215,10050
7,16,15383,fpga,ImageNet16-120,47.033333,1.504000,0.277215,10050
7,16,6854,fpga,ImageNet16-120,40.800000,0.809120,0.277215,10050
7,16,11079,fpga,ImageNet16-120,43.566666,0.902400,0.277215,10050
7,16,4988,fpga,ImageNet16-120,28.933332,0.284320,0.277215,10050
7,16,10017,fpga,ImageNet16-120,40.566666,0.784000,0.277215,10050
7,16,5487,fpga,ImageNet16-120,38.500000,0.677920,0.277215,10050
7,16,8853,fpga,ImageNet16-120,45.600000,1.155200,0.277215,10050
7,16,14748,fpga,ImageNet16-120,44.900000,0.995200,0.277215,10050
7,16,8633,fpga,ImageNet16-120,39.766666,0.780320,0.277215,10050
7,16,1939,fpga,ImageNet16-120,45.077778,1.062400,0.277215,10050
7,16,8323,fpga,ImageNet16-120,38.033333,0.546720,0.277215,10050
7,16,14417,fpga,ImageNet16-120,45.900000,1.276320,0.277215,10050
7,17,15383,pixel3,ImageNet16-120,47.033333,5.191720,0.336889,10050
7,17,11079,pixel3,ImageNet16-120,43.566666,2.479610,0.336889,10050
7,17,12506,pixel3,ImageNet16-120,43.983334,2.929990,0.336889,10050
7,17,2476,pixel3,ImageNet16-120,44.777780,3.017320,0.336889,10050
7,17,12358,pixel3,ImageNet16-120,34.055557,0.666287,0.336889,10050
7,17,6854,pixel3,ImageNet16-120,40.800000,1.621620,0.336889,10050
7,17,2018,pixel3,ImageNet16-120,46.433334,4.949210,0.336889,10050
7,17,1147,pixel3,ImageNet16-120,33.733334,0.666281,0.336889,10050
7,17,15446,pixel3,ImageNet16-120,45.766666,3.439380,0.336889,10050
7,17,13059,pixel3,ImageNet16-120,34.266666,0.668679,0.336889,10050
7,17,1939,pixel3,ImageNet16-120,45.077778,3.021500,0.336889,10050
7,17,6014,pixel3,ImageNet16-120,28.533333,0.423391,0.336889,10050
7,17,2835,pixel3,ImageNet16-120,38.222220,0.868646,0.336889,10050
7,17,872,pixel3,ImageNet16-120,41.777780,2.465030,0.336889,10050
7,17,10581,pixel3,ImageNet16-120,32.366665,0.618818,0.336889,10050
7,17,857,pixel3,ImageNet16-120,47.311110,6.686850,0.336889,10050
7,17,1110,pixel3,ImageNet16-120,28.600000,0.423927,0.336889,10050
7,17,3650,pixel3,ImageNet16-120,43.866665,2.716840,0.336889,10050
7,17,4587,pixel3,ImageNet16-120,28.800000,0.445767,0.336889,10050
7,17,12103,pixel3,ImageNet16-120,28.250000,0.422433,0.336889,10050
7,17,13756,pixel3,ImageNet16-120,0.833333,0.005289,0.336889,10050
7,17,3728,pixel3,ImageNet16-120,28.500000,0.422880,0.336889,10050
7,17,10154,pixel3,ImageNet16-120,46.133335,4.783700,0.336889,10050
7,17,7252,pixel3,ImageNet16-120,44.666668,2.979450,0.336889,10050
7,17,1549,pixel3,ImageNet16-120,28.655556,0.424747,0.336889,10050
7,17,12639,pixel3,ImageNet16-120,40.400000,1.304440,0.336889,10050
7,17,5487,pixel3,ImageNet16-120,38.500000,1.109150,0.336889,10050
7,17,14417,pixel3,ImageNet16-120,45.900000,4.143030,0.336889,10050
7,17,12424,pixel3,ImageNet16-120,43.133330,2.470150,0.336889,10050
7,17,898,pixel3,ImageNet16-120,42.466667,2.467210,0.336889,10050
7,17,4895,pixel3,ImageNet16-120,33.200000,0.619070,0.336889,10050
7,17,12516,pixel3,ImageNet16-120,32.083332,0.617816,0.336889,10050
7,17,10888,pixel3,ImageNet16-120,28.333334,0.422652,0.336889,10050
7,17,11163,pixel3,ImageNet16-120,33.600000,0.665312,0.336889,10050
7,17,1425,pixel3,ImageNet16-120,45.977780,4.619290,0.336889,10050
7,17,4988,pixel3,ImageNet16-120,28.933332,0.485996,0.336889,10050
7,17,4432,pixel3,ImageNet16-120,37.800000,0.861157,0.336889,10050
7,18,7859,raspi4,ImageNet16-120,32.966667,1.566048,0.393018,10050
7,18,8736,raspi4,ImageNet16-120,45.700000,6.658077,0.393018,10050
7,18,3960,raspi4,ImageNet16-120,37.755554,2.197980,0.393018,10050
7,18,9032,raspi4,ImageNet16-120,38.016666,2.201532,0.393018,10050
7,18,9496,raspi4,ImageNet16-120,38.200000,2.204048,0.393018,10050
7,18,4771,raspi4,ImageNet16-120,33.766666,1.582308,0.393018,10050
7,18,8733,raspi4,ImageNet16-120,46.600000,7.477213,0.393018,10050
7,18,14750,raspi4,ImageNet16-120,32.933334,1.536700,0.393018,10050
7,18,11584,raspi4,ImageNet16-120,46.666668,8.014434,0.393018,10050
7,18,657,raspi4,ImageNet16-120,27.688889,0.953181,0.393018,10050
7,18,10217,raspi4,ImageNet16-120,45.100000,6.109362,0.393018,10050
7,18,13284,raspi4,ImageNet16-120,40.177776,3.191073,0.393018,10050
7,18,2779,raspi4,ImageNet16-120,37.355556,2.190654,0.393018,10050
7,18,10835,raspi4,ImageNet16-120,45.233334,6.632419,0.393018,10050
7,18,5487,raspi4,ImageNet16-120,38.500000,3.019000,0.393018,10050
7,18,4988,raspi4,ImageNet16-120,28.933332,1.003251,0.393018,10050
7,18,6519,raspi4,ImageNet16-120,40.183334,3.212652,0.393018,10050
7,18,933,raspi4,ImageNet16-120,0.833333,0.011514,0.393018,10050
7,18,6336,raspi4,ImageNet16-120,39.366665,3.073392,0.393018,10050
7,18,8884,raspi4,ImageNet16-120,45.033333,5.293177,0.393018,10050
7,18,10167,raspi4,ImageNet16-120,39.944443,3.106316,0.393018,10050
7,18,8447,raspi4,ImageNet16-120,40.011112,3.156609,0.393018,10050
7,18,1845,raspi4,ImageNet16-120,43.211113,4.465105,0.393018,10050
7,18,5530,raspi4,ImageNet16-120,42.577778,3.785925,0.393018,10050
7,18,11209,raspi4,ImageNet16-120,33.266666,1.580655,0.393018,10050
7,18,6244,raspi4,ImageNet16-120,33.622223,1.581803,0.393018,10050
7,18,3496,raspi4,ImageNet16-120,34.233334,1.598666,0.393018,10050
7,18,12452,raspi4,ImageNet16-120,40.533333,3.592146,0.393018,10050
7,18,5973,raspi4,ImageNet16-120,40.100000,3.159922,0.393018,10050
7,18,13931,raspi4,ImageNet16-120,28.788889,0.956195,0.393018,10050
7,18,41,raspi4,ImageNet16-120,32.388890,1.528043,0.393018,10050
7,18,857,raspi4,ImageNet16-120,47.311110,9.020064,0.393018,10050
7,18,1939,raspi4,ImageNet16-120,45.077778,5.341908,0.393018,10050
7,18,12358,raspi4,ImageNet16-120,34.055557,1.582727,0.393018,10050
7,18,219,raspi4,ImageNet16-120,42.500000,3.768475,0.393018,10050
7,18,15363,raspi4,ImageNet16-120,44.333332,4.480516,0.393018,10050
7,18,7227,raspi4,ImageNet16-120,32.533333,1.530737,0.393018,10050
7,18,1413,raspi4,ImageNet16-120,42.711113,3.788479,0.393018,10050
7,18,11177,raspi4,ImageNet16-120,33.200000,1.573414,0.393018,10050
7,18,12424,raspi4,ImageNet16-120,43.133330,3.805729,0.393018,10050
7,18,45,raspi4,ImageNet16-120,33.611110,1.581422,0.393018,10050
7,18,4179,raspi4,ImageNet16-120,38.433334,2.951226,0.393018,10050
7,18,10472,raspi4,ImageNet16-120,39.633335,3.079679,0.393018,10050
7,18,380,raspi4,ImageNet16-120,38.900000,3.038936,0.393018,10050
7,18,4995,raspi4,ImageNet16-120,42.166668,3.766336,0.393018,10050
7,18,12505,raspi4,ImageNet16-120,39.283333,3.062432,0.393018,10050
7,18,3782,raspi4,ImageNet16-120,41.866665,3.755286,0.393018,10050
7,18,15383,raspi4,ImageNet16-120,47.033333,8.565354,0.393018,10050
7,18,5455,raspi4,ImageNet16-120,32.611110,1.532377,0.393018,10050
7,18,8355,raspi4,ImageNet16-120,39.666668,3.083286,0.393018,10050
8,1,14090,edgegpu,cifar10,92.086670,1.749086,0.263272,10050
8,1,6499,edgegpu,cifar10,93.645000,3.331041,0.263272,10050
8,1,5400,edgegpu,cifar10,86.630000,1.427460,0.263272,10050
8,1,13714,edgegpu,cifar10,94.373340,6.772180,0.263272,10050
8,1,1459,edgegpu,cifar10,94.296670,6.748991,0.263272,10050
8,1,14527,edgegpu,cifar10,86.765000,1.439619,0.263272,10050
8,1,2053,edgegpu,cifar10,94.206665,5.482254,0.263272,10050
8,1,6330,edgegpu,cifar10,94.006670,4.384699,0.263272,10050
8,1,6950,edgegpu,cifar10,92.000000,1.738467,0.263272,10050
8,1,2776,edgegpu,cifar10,93.666664,3.331194,0.263272,10050
8,1,9950,edgegpu,cifar10,93.840000,4.344873,0.263272,10050
8,1,10484,edgegpu,cifar10,93.810000,3.354015,0.263272,10050
8,1,11692,edgegpu,cifar10,94.130000,4.708362,0.263272,10050
8,1,11810,edgegpu,cifar10,92.780000,1.992798,0.263272,10050
8,1,14407,edgegpu,cifar10,86.770000,1.440282,0.263272,10050
8,1,15200,edgegpu,cifar10,10.000000,0.501385,0.263272,10050
8,1,561,edgegpu,cifar10,86.880000,1.451068,0.263272,10050
8,1,13401,edgegpu,cifar10,87.010000,1.457009,0.263272,10050
8,1,6960,edgegpu,cifar10,92.280000,1.764450,0.263272,10050
8,1,1339,edgegpu,cifar10,92.136665,1.751881,0.263272,10050
8,1,11438,edgegpu,cifar10,92.500000,1.846719,0.263272,10050
8,1,5292,edgegpu,cifar10,94.293335,6.663151,0.263272,10050
8,2,2485,edgetpu,cifar10,86.700000,0.346546,0.278929,10050
8,2,15459,edgetpu,cifar10,93.160000,0.628147,0.278929,10050
8,2,11810,edgetpu,cifar10,92.780000,0.482879,0.278929,10050
8,2,5224,edgetpu,cifar10,88.980000,0.389900,0.278929,10050
8,2,9689,edgetpu,cifar10,93.370000,0.628386,0.278929,10050
8,2,5780,edgetpu,cifar10,93.980000,0.723967,0.278929,10050
8,2,3927,edgetpu,cifar10,93.626660,0.723268,0.278929,10050
8,2,4438,edgetpu,cifar10,92.270000,0.481473,0.278929,10050
8,2,2648,edgetpu,cifar10,93.246666,0.628167,0.278929,10050
8,2,3731,edgetpu,cifar10,94.343330,1.282820,0.278929,10050
8,2,11692,edgetpu,cifar10,94.130000,0.761100,0.278929,10050
8,2,11438,edgetpu,cifar10,92.500000,0.482393,0.278929,10050
8,2,5946,edgetpu,cifar10,88.963330,0.389012,0.278929,10050
8,2,5915,edgetpu,cifar10,86.846664,0.376449,0.278929,10050
8,2,6515,edgetpu,cifar10,93.616670,0.722858,0.278929,10050
8,2,5111,edgetpu,cifar10,94.306660,1.152010,0.278929,10050
8,2,9380,edgetpu,cifar10,89.335000,0.395662,0.278929,10050
8,2,13714,edgetpu,cifar10,94.373340,1.377865,0.278929,10050
8,2,4806,edgetpu,cifar10,89.070000,0.390448,0.278929,10050
8,2,2053,edgetpu,cifar10,94.206665,1.042178,0.278929,10050
8,2,10581,edgetpu,cifar10,89.015000,0.390403,0.278929,10050
8,2,11112,edgetpu,cifar10,92.110000,0.480732,0.278929,10050
8,2,8192,edgetpu,cifar10,93.093330,0.627745,0.278929,10050
8,2,6584,edgetpu,cifar10,94.160000,0.888877,0.278929,10050
8,2,4384,edgetpu,cifar10,86.796670,0.362569,0.278929,10050
8,2,6382,edgetpu,cifar10,93.376660,0.628638,0.278929,10050
8,3,8008,eyeriss,cifar10,93.480000,3.399860,0.247252,10050
8,3,12438,eyeriss,cifar10,89.875000,1.925300,0.247252,10050
8,3,6854,eyeriss,cifar10,91.040000,2.662580,0.247252,10050
8,3,14112,eyeriss,cifar10,91.296670,2.908340,0.247252,10050
8,3,4384,eyeriss,cifar10,86.796670,1.679540,0.247252,10050
8,3,6899,eyeriss,cifar10,90.900000,2.416820,0.247252,10050
8,3,8592,eyeriss,cifar10,93.750000,3.891380,0.247252,10050
8,3,8720,eyeriss,cifar10,89.875000,1.925300,0.247252,10050
8,3,11376,eyeriss,cifar10,93.510000,3.645620,0.247252,10050
8,3,11692,eyeriss,cifar10,94.130000,4.874420,0.247252,10050
8,3,13611,eyeriss,cifar10,92.490000,3.154100,0.247252,10050
8,3,13714,eyeriss,cifar10,94.373340,7.823540,0.247252,10050
8,3,5111,eyeriss,cifar10,94.306660,5.365940,0.247252,10050
8,3,8323,eyeriss,cifar10,90.870000,2.171060,0.247252,10050
8,3,6111,eyeriss,cifar10,94.373340,7.823540,0.247252,10050
8,3,3731,eyeriss,cifar10,94.343330,6.594740,0.247252,10050
8,3,11472,eyeriss,cifar10,93.970000,4.628660,0.247252,10050
8,4,8008,fpga,cifar10,93.480000,2.905760,0.260913,10050
8,4,10431,fpga,cifar10,87.000000,1.542560,0.260913,10050
8,4,13714,fpga,cifar10,94.373340,6.678560,0.260913,10050
8,4,11472,fpga,cifar10,93.970000,3.648160,0.260913,10050
8,4,6111,fpga,cifar10,94.373340,6.678560,0.260913,10050
8,4,10412,fpga,cifar10,93.530000,3.420960,0.260913,10050
8,4,3687,fpga,cifar10,89.820000,1.648160,0.260913,10050
8,4,3731,fpga,cifar10,94.343330,5.936160,0.260913,10050
8,4,6584,fpga,cifar10,94.160000,4.163360,0.260913,10050
8,4,5111,fpga,cifar10,94.306660,5.193760,0.260913,10050
8,4,11525,fpga,cifar10,90.000000,2.057760,0.260913,10050
8,4,4384,fpga,cifar10,86.796670,1.132960,0.260913,10050
8,4,13611,fpga,cifar10,92.490000,2.390560,0.260913,10050
8,4,8323,fpga,cifar10,90.870000,2.163360,0.260913,10050
8,5,9032,pixel3,cifar10,90.740000,3.102890,0.373697,10050
8,5,1941,pixel3,cifar10,93.533330,9.128690,0.373697,10050
8,5,2779,pixel3,cifar10,90.806660,3.102950,0.373697,10050
8,5,4627,pixel3,cifar10,93.270000,7.036050,0.373697,10050
8,5,2649,pixel3,cifar10,89.670000,2.368290,0.373697,10050
8,5,13846,pixel3,cifar10,90.720000,3.099760,0.373697,10050
8,5,1804,pixel3,cifar10,89.063330,1.579900,0.373697,10050
8,5,5293,pixel3,cifar10,89.630000,2.285640,0.373697,10050
8,5,7291,pixel3,cifar10,89.413330,1.859900,0.373697,10050
8,5,11676,pixel3,cifar10,89.656670,2.364020,0.373697,10050
8,5,55,pixel3,cifar10,86.756670,1.057440,0.373697,10050
8,5,6434,pixel3,cifar10,91.080000,4.811140,0.373697,10050
8,5,8965,pixel3,cifar10,89.536670,1.897570,0.373697,10050
8,5,1425,pixel3,cifar10,93.933334,12.536500,0.373697,10050
8,5,6918,pixel3,cifar10,87.000000,1.478790,0.373697,10050
8,5,8592,pixel3,cifar10,93.750000,10.769800,0.373697,10050
8,5,7197,pixel3,cifar10,90.366670,2.447670,0.373697,10050
8,5,11692,pixel3,cifar10,94.130000,15.490100,0.373697,10050
8,5,6584,pixel3,cifar10,94.160000,15.720300,0.373697,10050
8,5,6382,pixel3,cifar10,93.376660,7.048190,0.373697,10050
8,5,13171,pixel3,cifar10,93.530000,7.717220,0.373697,10050
8,5,13987,pixel3,cifar10,93.596664,9.922680,0.373697,10050
8,5,1339,pixel3,cifar10,92.136665,5.802240,0.373697,10050
8,5,7001,pixel3,cifar10,10.000000,0.003277,0.373697,10050
8,5,9230,pixel3,cifar10,86.580000,1.056760,0.373697,10050
8,5,5915,pixel3,cifar10,86.846664,1.472530,0.373697,10050
8,5,13869,pixel3,cifar10,93.656670,10.634700,0.373697,10050
8,5,5111,pixel3,cifar10,94.306660,17.584600,0.373697,10050
8,5,6624,pixel3,cifar10,89.120000,1.670570,0.373697,10050
8,5,1943,pixel3,cifar10,93.116670,6.492030,0.373697,10050
8,5,6111,pixel3,cifar10,94.373340,23.584800,0.373697,10050
8,5,6899,pixel3,cifar10,90.900000,3.961410,0.373697,10050
8,5,3731,pixel3,cifar10,94.343330,23.361300,0.373697,10050
8,5,12438,pixel3,cifar10,89.875000,2.371270,0.373697,10050
8,5,12970,pixel3,cifar10,90.970000,4.723840,0.373697,10050
8,5,8323,pixel3,cifar10,90.870000,3.106420,0.373697,10050
8,5,1497,pixel3,cifar10,86.556660,1.056630,0.373697,10050
8,5,4432,pixel3,cifar10,90.700000,2.826310,0.373697,10050
8,5,6999,pixel3,cifar10,93.820000,12.260900,0.373697,10050
8,5,8695,pixel3,cifar10,94.220000,17.564500,0.373697,10050
8,5,8836,pixel3,cifar10,92.220000,6.313990,0.373697,10050
8,5,25,pixel3,cifar10,86.540000,1.054570,0.373697,10050
8,5,12452,pixel3,cifar10,91.350000,5.590110,0.373697,10050
8,5,13059,pixel3,cifar10,89.700000,2.368650,0.373697,10050
8,5,8708,pixel3,cifar10,94.080000,12.839000,0.373697,10050
8,6,12238,raspi4,cifar10,91.690000,16.046099,0.358171,10050
8,6,15288,raspi4,cifar10,86.660000,2.557443,0.358171,10050
8,6,8323,raspi4,cifar10,90.870000,7.426308,0.358171,10050
8,6,6111,raspi4,cifar10,94.373340,68.404106,0.358171,10050
8,6,12385,raspi4,cifar10,91.990000,16.485830,0.358171,10050
8,6,5780,raspi4,cifar10,93.980000,34.928463,0.358171,10050
8,6,1785,raspi4,cifar10,86.586670,2.538737,0.358171,10050
8,6,6985,raspi4,cifar10,89.940000,4.995646,0.358171,10050
8,6,11810,raspi4,cifar10,92.780000,18.619905,0.358171,10050
8,6,5111,raspi4,cifar10,94.306660,41.756905,0.358171,10050
8,6,3731,raspi4,cifar10,94.343330,58.070793,0.358171,10050
8,6,7106,raspi4,cifar10,92.015000,17.247995,0.358171,10050
8,6,13320,raspi4,cifar10,89.330000,4.889096,0.358171,10050
8,6,11692,raspi4,cifar10,94.130000,37.583630,0.358171,10050
8,6,2058,raspi4,cifar10,93.270000,19.484835,0.358171,10050
8,6,2035,raspi4,cifar10,89.670000,4.984099,0.358171,10050
8,6,6584,raspi4,cifar10,94.160000,38.818527,0.358171,10050
8,6,1804,raspi4,cifar10,89.063330,4.791845,0.358171,10050
8,6,1941,raspi4,cifar10,93.533330,25.121769,0.358171,10050
8,6,8592,raspi4,cifar10,93.750000,25.477009,0.358171,10050
8,6,8426,raspi4,cifar10,93.840000,31.394428,0.358171,10050
8,6,2937,raspi4,cifar10,92.190000,17.768639,0.358171,10050
8,6,9980,raspi4,cifar10,10.000000,0.011284,0.358171,10050
8,6,12002,raspi4,cifar10,93.510000,24.816572,0.358171,10050
8,6,8008,raspi4,cifar10,93.480000,22.571420,0.358171,10050
8,6,6014,raspi4,cifar10,86.690000,2.736959,0.358171,10050
8,6,8944,raspi4,cifar10,92.006670,17.164455,0.358171,10050
8,6,13829,raspi4,cifar10,92.193340,18.405771,0.358171,10050
8,6,4432,raspi4,cifar10,90.700000,7.290926,0.358171,10050
8,6,14565,raspi4,cifar10,88.880000,4.781183,0.358171,10050
8,6,6918,raspi4,cifar10,87.000000,2.787590,0.358171,10050
8,6,14945,raspi4,cifar10,86.700000,2.785829,0.358171,10050
8,6,10412,raspi4,cifar10,93.530000,25.079220,0.358171,10050
8,6,4398,raspi4,cifar10,92.073330,17.597267,0.358171,10050
8,6,14677,raspi4,cifar10,88.670000,4.755260,0.358171,10050
8,6,11088,raspi4,cifar10,92.200000,18.435175,0.358171,10050
8,6,898,raspi4,cifar10,93.356670,21.520990,0.358171,10050
8,6,10275,raspi4,cifar10,91.080000,9.993188,0.358171,10050
8,7,2304,edgegpu,cifar100,58.660000,1.440253,0.284240,10050
8,7,9997,edgegpu,cifar100,71.520000,3.466139,0.284240,10050
8,7,3888,edgegpu,cifar100,73.260000,6.797867,0.284240,10050
8,7,8912,edgegpu,cifar100,59.200000,1.441355,0.284240,10050
8,7,6381,edgegpu,cifar100,66.800000,1.753340,0.284240,10050
8,7,11067,edgegpu,cifar100,58.186670,1.427836,0.284240,10050
8,7,4418,edgegpu,cifar100,72.746666,5.352364,0.284240,10050
8,7,9922,edgegpu,cifar100,58.560000,1.428552,0.284240,10050
8,7,1509,edgegpu,cifar100,1.000000,0.505853,0.284240,10050
8,7,8401,edgegpu,cifar100,71.080000,3.302102,0.284240,10050
8,7,11885,edgegpu,cifar100,68.040000,1.776652,0.284240,10050
8,7,1038,edgegpu,cifar100,67.500000,1.758428,0.284240,10050
8,7,9930,edgegpu,cifar100,73.513336,6.803060,0.284240,10050
8,7,4954,edgegpu,cifar100,73.000000,6.669736,0.284240,10050
8,7,2778,edgegpu,cifar100,72.993330,6.134028,0.284240,10050
8,7,12415,edgegpu,cifar100,71.940000,4.828467,0.284240,10050
8,7,11810,edgegpu,cifar100,68.300000,1.779551,0.284240,10050
8,7,14677,edgegpu,cifar100,62.420000,1.746187,0.284240,10050
8,8,4155,edgetpu,cifar100,62.306667,0.391442,0.299984,10050
8,8,577,edgetpu,cifar100,69.680000,0.635228,0.299984,10050
8,8,12761,edgetpu,cifar100,72.860000,1.225212,0.299984,10050
8,8,3303,edgetpu,cifar100,62.420000,0.392593,0.299984,10050
8,8,8401,edgetpu,cifar100,71.080000,0.728572,0.299984,10050
8,8,2705,edgetpu,cifar100,62.813330,0.393026,0.299984,10050
8,8,4659,edgetpu,cifar100,70.060000,0.636433,0.299984,10050
8,8,11533,edgetpu,cifar100,69.760000,0.635877,0.299984,10050
8,8,777,edgetpu,cifar100,58.650000,0.355588,0.299984,10050
8,8,3888,edgetpu,cifar100,73.260000,1.316226,0.299984,10050
8,8,69,edgetpu,cifar100,71.020000,0.727259,0.299984,10050
8,8,8912,edgetpu,cifar100,59.200000,0.377698,0.299984,10050
8,8,1996,edgetpu,cifar100,67.820000,0.486748,0.299984,10050
8,8,8638,edgetpu,cifar100,58.860000,0.356631,0.299984,10050
8,8,15363,edgetpu,cifar100,70.520000,0.676394,0.299984,10050
8,8,10000,edgetpu,cifar100,73.160000,1.283461,0.299984,10050
8,8,14945,edgetpu,cifar100,58.500000,0.354940,0.299984,10050
8,8,13829,edgetpu,cifar100,66.873340,0.485137,0.299984,10050
8,8,4977,edgetpu,cifar100,63.360000,0.398743,0.299984,10050
8,8,857,edgetpu,cifar100,72.880000,1.264168,0.299984,10050
8,8,9997,edgetpu,cifar100,71.520000,0.729986,0.299984,10050
8,8,11810,edgetpu,cifar100,68.300000,0.492126,0.299984,10050
8,8,9930,edgetpu,cifar100,73.513336,1.454107,0.299984,10050
8,8,12574,edgetpu,cifar100,72.740000,0.932430,0.299984,10050
8,8,12415,edgetpu,cifar100,71.940000,0.872299,0.299984,10050
8,8,1383,edgetpu,cifar100,70.273330,0.673722,0.299984,10050
8,8,4418,edgetpu,cifar100,72.746666,1.093699,0.299984,10050
8,8,1425,edgetpu,cifar100,72.093330,0.910660,0.299984,10050
8,8,13113,edgetpu,cifar100,63.140000,0.398170,0.299984,10050
8,8,5019,edgetpu,cifar100,58.880000,0.357058,0.299984,10050
8,8,4532,edgetpu,cifar100,68.040000,0.489947,0.299984,10050
8,8,797,edgetpu,cifar100,69.580000,0.633351,0.299984,10050
8,8,1110,edgetpu,cifar100,58.840000,0.355938,0.299984,10050
8,9,4659,eyeriss,cifar100,70.060000,3.402880,0.239923,10050
8,9,3385,eyeriss,cifar100,72.380000,5.368960,0.239923,10050
8,9,6925,eyeriss,cifar100,71.220000,3.894400,0.239923,10050
8,9,9930,eyeriss,cifar100,73.513336,9.055360,0.239923,10050
8,9,12761,eyeriss,cifar100,72.860000,6.352000,0.239923,10050
8,9,5725,eyeriss,cifar100,70.600000,3.648640,0.239923,10050
8,9,5651,eyeriss,cifar100,64.690000,1.928320,0.239923,10050
8,9,12970,eyeriss,cifar100,68.140000,2.665600,0.239923,10050
8,9,3888,eyeriss,cifar100,73.260000,6.597760,0.239923,10050
8,9,5084,eyeriss,cifar100,58.813330,1.682560,0.239923,10050
8,9,3540,eyeriss,cifar100,71.500000,4.877440,0.239923,10050
8,9,12820,eyeriss,cifar100,67.720000,2.419840,0.239923,10050
8,9,10689,eyeriss,cifar100,67.500000,2.174080,0.239923,10050
8,9,699,eyeriss,cifar100,72.240000,5.123200,0.239923,10050
8,10,5651,fpga,cifar100,64.690000,1.648160,0.263087,10050
8,10,9997,fpga,cifar100,71.520000,4.572960,0.263087,10050
8,10,12574,fpga,cifar100,72.740000,4.678560,0.263087,10050
8,10,12295,fpga,cifar100,71.160000,3.648160,0.263087,10050
8,10,15033,fpga,cifar100,67.793335,2.390560,0.263087,10050
8,10,10689,fpga,cifar100,67.500000,2.163360,0.263087,10050
8,10,3540,fpga,cifar100,71.500000,4.163360,0.263087,10050
8,10,9930,fpga,cifar100,73.513336,7.420960,0.263087,10050
8,10,5084,fpga,cifar100,58.813330,1.132960,0.263087,10050
8,10,11979,fpga,cifar100,68.000000,2.800160,0.263087,10050
8,10,3888,fpga,cifar100,73.260000,5.936160,0.263087,10050
8,10,4249,fpga,cifar100,65.080000,2.057760,0.263087,10050
8,10,12761,fpga,cifar100,72.860000,5.420960,0.263087,10050
8,10,11973,fpga,cifar100,70.340000,2.905760,0.263087,10050
8,10,5725,fpga,cifar100,70.600000,3.420960,0.263087,10050
8,11,14253,pixel3,cifar100,70.860000,10.679300,0.330055,10050
8,11,10042,pixel3,cifar100,64.880000,2.794690,0.330055,10050
8,11,1409,pixel3,cifar100,58.853333,1.275090,0.330055,10050
8,11,12970,pixel3,cifar100,68.140000,4.782110,0.330055,10050
8,11,6787,pixel3,cifar100,70.720000,9.854430,0.330055,10050
8,11,15363,pixel3,cifar100,70.520000,9.708640,0.330055,10050
8,11,1459,pixel3,cifar100,73.140000,23.437900,0.330055,10050
8,11,3888,pixel3,cifar100,73.260000,23.477200,0.330055,10050
8,11,6337,pixel3,cifar100,1.000000,0.008753,0.330055,10050
8,11,1450,pixel3,cifar100,70.506670,9.337360,0.330055,10050
8,11,9997,pixel3,cifar100,71.520000,14.777900,0.330055,10050
8,11,857,pixel3,cifar100,72.880000,19.113200,0.330055,10050
8,11,704,pixel3,cifar100,62.870000,1.913330,0.330055,10050
8,11,8638,pixel3,cifar100,58.860000,1.478570,0.330055,10050
8,11,1425,pixel3,cifar100,72.093330,15.692300,0.330055,10050
8,11,4659,pixel3,cifar100,70.060000,9.026280,0.330055,10050
8,11,777,pixel3,cifar100,58.650000,1.087020,0.330055,10050
8,11,8323,pixel3,cifar100,67.080000,3.106340,0.330055,10050
8,11,6925,pixel3,cifar100,71.220000,10.688000,0.330055,10050
8,11,1357,pixel3,cifar100,67.480000,3.998260,0.330055,10050
8,11,9930,pixel3,cifar100,73.513336,42.003600,0.330055,10050
8,11,1583,pixel3,cifar100,71.326670,12.345800,0.330055,10050
8,11,724,pixel3,cifar100,67.053340,2.875650,0.330055,10050
8,11,13113,pixel3,cifar100,63.140000,2.205990,0.330055,10050
8,11,12574,pixel3,cifar100,72.740000,16.473900,0.330055,10050
8,11,1090,pixel3,cifar100,65.220000,2.811310,0.330055,10050
8,11,906,pixel3,cifar100,62.393333,1.661810,0.330055,10050
8,11,898,pixel3,cifar100,70.000000,6.516140,0.330055,10050
8,11,8912,pixel3,cifar100,59.200000,1.478790,0.330055,10050
8,11,5651,pixel3,cifar100,64.690000,2.376870,0.330055,10050
8,11,14112,pixel3,cifar100,68.386665,5.745320,0.330055,10050
8,11,1593,pixel3,cifar100,62.126667,1.582050,0.330055,10050
8,11,375,pixel3,cifar100,64.440000,2.363140,0.330055,10050
8,12,1943,raspi4,cifar100,69.626660,21.212284,0.344372,10050
8,12,10222,raspi4,cifar100,58.860000,2.747804,0.344372,10050
8,12,4409,raspi4,cifar100,67.173330,7.228629,0.344372,10050
8,12,2035,raspi4,cifar100,63.926666,5.005698,0.344372,10050
8,12,9930,raspi4,cifar100,73.513336,71.152000,0.344372,10050
8,12,1459,raspi4,cifar100,73.140000,53.879950,0.344372,10050
8,12,5874,raspi4,cifar100,62.480000,4.810927,0.344372,10050
8,12,4418,raspi4,cifar100,72.746666,47.162354,0.344372,10050
8,12,2222,raspi4,cifar100,58.313330,2.538255,0.344372,10050
8,12,7031,raspi4,cifar100,69.526665,19.879576,0.344372,10050
8,12,3487,raspi4,cifar100,70.093330,21.603350,0.344372,10050
8,12,14714,raspi4,cifar100,71.280000,24.692347,0.344372,10050
8,12,2649,raspi4,cifar100,64.446660,5.109687,0.344372,10050
8,12,4498,raspi4,cifar100,64.086670,5.022347,0.344372,10050
8,12,12761,raspi4,cifar100,72.860000,53.718200,0.344372,10050
8,12,8912,raspi4,cifar100,59.200000,2.818969,0.344372,10050
8,12,1939,raspi4,cifar100,70.760000,24.555029,0.344372,10050
8,12,4806,raspi4,cifar100,62.270000,4.787734,0.344372,10050
8,12,12915,raspi4,cifar100,66.950000,7.226311,0.344372,10050
8,12,9649,raspi4,cifar100,64.540000,5.252811,0.344372,10050
8,12,14112,raspi4,cifar100,68.386665,14.423308,0.344372,10050
8,12,12857,raspi4,cifar100,66.660000,7.215488,0.344372,10050
8,12,9895,raspi4,cifar100,69.400000,19.211880,0.344372,10050
8,12,15589,raspi4,cifar100,59.060000,2.795078,0.344372,10050
8,12,10166,raspi4,cifar100,62.700000,4.857379,0.344372,10050
8,12,15363,raspi4,cifar100,70.520000,21.809430,0.344372,10050
8,12,3888,raspi4,cifar100,73.260000,55.029520,0.344372,10050
8,12,11533,raspi4,cifar100,69.760000,21.446177,0.344372,10050
8,12,9997,raspi4,cifar100,71.520000,34.996710,0.344372,10050
8,12,1357,raspi4,cifar100,67.480000,10.177114,0.344372,10050
8,12,14612,raspi4,cifar100,58.720000,2.563505,0.344372,10050
8,12,12574,raspi4,cifar100,72.740000,36.371254,0.344372,10050
8,12,8740,raspi4,cifar100,1.000000,0.015215,0.344372,10050
8,12,2058,raspi4,cifar100,69.613335,20.052132,0.344372,10050
8,12,15137,raspi4,cifar100,63.160000,4.941014,0.344372,10050
8,12,8697,raspi4,cifar100,62.520000,4.854997,0.344372,10050
8,13,9722,edgegpu,ImageNet16-120,44.000000,3.327813,0.280141,10050
8,13,14027,edgegpu,ImageNet16-120,40.266666,3.306937,0.280141,10050
8,13,5374,edgegpu,ImageNet16-120,46.766666,5.294285,0.280141,10050
8,13,11217,edgegpu,ImageNet16-120,43.466667,3.316708,0.280141,10050
8,13,12812,edgegpu,ImageNet16-120,40.100000,3.174190,0.280141,10050
8,13,7760,edgegpu,ImageNet16-120,39.100000,1.743751,0.280141,10050
8,13,4587,edgegpu,ImageNet16-120,28.800000,1.445131,0.280141,10050
8,13,12415,edgegpu,ImageNet16-120,46.566666,4.667692,0.280141,10050
8,13,13612,edgegpu,ImageNet16-120,0.833333,0.534101,0.280141,10050
8,13,15288,edgegpu,ImageNet16-120,28.422222,1.417041,0.280141,10050
8,13,4332,edgegpu,ImageNet16-120,39.444443,1.745496,0.280141,10050
8,13,857,edgegpu,ImageNet16-120,47.311110,6.707663,0.280141,10050
8,13,4160,edgegpu,ImageNet16-120,39.833332,1.756272,0.280141,10050
8,13,13411,edgegpu,ImageNet16-120,31.855556,1.736240,0.280141,10050
8,13,1164,edgegpu,ImageNet16-120,28.522223,1.435223,0.280141,10050
8,13,6950,edgegpu,ImageNet16-120,38.700000,1.740150,0.280141,10050
8,13,15383,edgegpu,ImageNet16-120,47.033333,6.262836,0.280141,10050
8,13,4946,edgegpu,ImageNet16-120,44.700000,3.490419,0.280141,10050
8,13,6499,edgegpu,ImageNet16-120,44.466667,3.413672,0.280141,10050
8,13,14840,edgegpu,ImageNet16-120,45.311110,4.224715,0.280141,10050
8,13,8884,edgegpu,ImageNet16-120,45.033333,3.499999,0.280141,10050
8,13,2650,edgegpu,ImageNet16-120,42.433334,3.309817,0.280141,10050
8,13,8401,edgegpu,ImageNet16-120,43.833332,3.322444,0.280141,10050
8,13,10699,edgegpu,ImageNet16-120,46.833332,6.223283,0.280141,10050
8,13,14117,edgegpu,ImageNet16-120,28.677778,1.435547,0.280141,10050
8,13,8230,edgegpu,ImageNet16-120,39.944443,2.585306,0.280141,10050
8,13,7401,edgegpu,ImageNet16-120,28.866667,1.554208,0.280141,10050
8,13,15159,edgegpu,ImageNet16-120,45.566666,4.632421,0.280141,10050
8,14,5751,edgetpu,ImageNet16-120,40.044445,0.516992,0.311681,10050
8,14,3540,edgetpu,ImageNet16-120,45.122223,0.648670,0.311681,10050
8,14,6858,edgetpu,ImageNet16-120,40.333332,0.541300,0.311681,10050
8,14,12415,edgetpu,ImageNet16-120,46.566666,0.710906,0.311681,10050
8,14,14527,edgetpu,ImageNet16-120,28.133333,0.358865,0.311681,10050
8,14,7357,edgetpu,ImageNet16-120,44.666668,0.600498,0.311681,10050
8,14,4627,edgetpu,ImageNet16-120,43.500000,0.552306,0.311681,10050
8,14,10699,edgetpu,ImageNet16-120,46.833332,0.858130,0.311681,10050
8,14,8884,edgetpu,ImageNet16-120,45.033333,0.615792,0.311681,10050
8,14,2560,edgetpu,ImageNet16-120,28.200000,0.359160,0.311681,10050
8,14,15363,edgetpu,ImageNet16-120,44.333332,0.582280,0.311681,10050
8,14,11079,edgetpu,ImageNet16-120,43.566666,0.552430,0.311681,10050
8,14,9689,edgetpu,ImageNet16-120,42.533333,0.549702,0.311681,10050
8,14,11885,edgetpu,ImageNet16-120,39.166668,0.427395,0.311681,10050
8,14,5374,edgetpu,ImageNet16-120,46.766666,0.843987,0.311681,10050
8,14,10332,edgetpu,ImageNet16-120,40.033333,0.516152,0.311681,10050
8,14,4988,edgetpu,ImageNet16-120,28.933332,0.360694,0.311681,10050
8,14,9586,edgetpu,ImageNet16-120,46.933334,0.981196,0.311681,10050
8,14,6950,edgetpu,ImageNet16-120,38.700000,0.427379,0.311681,10050
8,14,857,edgetpu,ImageNet16-120,47.311110,0.997730,0.311681,10050
8,14,4160,edgetpu,ImageNet16-120,39.833332,0.430355,0.311681,10050
8,14,8781,edgetpu,ImageNet16-120,32.366665,0.363484,0.311681,10050
8,14,7273,edgetpu,ImageNet16-120,42.966667,0.550014,0.311681,10050
8,14,5586,edgetpu,ImageNet16-120,40.811110,0.546420,0.311681,10050
8,14,6520,edgetpu,ImageNet16-120,32.383335,0.363944,0.311681,10050
8,14,7750,edgetpu,ImageNet16-120,43.066666,0.551617,0.311681,10050
8,14,13931,edgetpu,ImageNet16-120,28.788889,0.360349,0.311681,10050
8,14,5530,edgetpu,ImageNet16-120,42.577778,0.549937,0.311681,10050
8,14,13769,edgetpu,ImageNet16-120,41.555557,0.549360,0.311681,10050
8,14,4830,edgetpu,ImageNet16-120,42.233334,0.549457,0.311681,10050
8,14,14677,edgetpu,ImageNet16-120,33.233334,0.364575,0.311681,10050
8,14,13097,edgetpu,ImageNet16-120,39.655556,0.428424,0.311681,10050
8,14,1172,edgetpu,ImageNet16-120,39.933334,0.515935,0.311681,10050
8,15,8853,eyeriss,ImageNet16-120,45.600000,1.037440,0.247390,10050
8,15,4988,eyeriss,ImageNet16-120,28.933332,0.423040,0.247390,10050
8,15,6787,eyeriss,ImageNet16-120,44.400000,0.914560,0.247390,10050
8,15,857,eyeriss,ImageNet16-120,47.311110,1.651840,0.247390,10050
8,15,1939,eyeriss,ImageNet16-120,45.077778,0.976000,0.247390,10050
8,15,15383,eyeriss,ImageNet16-120,47.033333,1.283200,0.247390,10050
8,15,6854,eyeriss,ImageNet16-120,40.800000,0.668800,0.247390,10050
8,15,9032,eyeriss,ImageNet16-120,38.016666,0.545920,0.247390,10050
8,15,14417,eyeriss,ImageNet16-120,45.900000,1.098880,0.247390,10050
8,15,4829,eyeriss,ImageNet16-120,34.200000,0.484480,0.247390,10050
8,15,5487,eyeriss,ImageNet16-120,38.500000,0.607360,0.247390,10050
8,15,3261,eyeriss,ImageNet16-120,43.022220,0.853120,0.247390,10050
8,16,6854,fpga,ImageNet16-120,40.800000,0.809120,0.275745,10050
8,16,8008,fpga,ImageNet16-120,43.500000,0.876800,0.275745,10050
8,16,6787,fpga,ImageNet16-120,44.400000,0.969600,0.275745,10050
8,16,14417,fpga,ImageNet16-120,45.900000,1.276320,0.275745,10050
8,16,2835,fpga,ImageNet16-120,38.222220,0.546720,0.275745,10050
8,16,5793,fpga,ImageNet16-120,35.033333,0.517920,0.275745,10050
8,16,15446,fpga,ImageNet16-120,45.766666,1.116320,0.275745,10050
8,16,15383,fpga,ImageNet16-120,47.033333,1.504000,0.275745,10050
8,16,14748,fpga,ImageNet16-120,44.900000,0.995200,0.275745,10050
8,16,6868,fpga,ImageNet16-120,39.000000,0.649120,0.275745,10050
8,16,4988,fpga,ImageNet16-120,28.933332,0.284320,0.275745,10050
8,16,857,fpga,ImageNet16-120,47.311110,2.038400,0.275745,10050
8,16,6519,fpga,ImageNet16-120,40.183334,0.784000,0.275745,10050
8,16,1939,fpga,ImageNet16-120,45.077778,1.062400,0.275745,10050
8,16,4829,fpga,ImageNet16-120,34.200000,0.415520,0.275745,10050
8,16,11593,fpga,ImageNet16-120,40.166668,0.780320,0.275745,10050
8,17,12156,pixel3,ImageNet16-120,46.550000,5.198720,0.368715,10050
8,17,5111,pixel3,ImageNet16-120,46.588890,5.571030,0.368715,10050
8,17,1863,pixel3,ImageNet16-120,28.055555,0.422043,0.368715,10050
8,17,15446,pixel3,ImageNet16-120,45.766666,3.439380,0.368715,10050
8,17,11000,pixel3,ImageNet16-120,44.866665,2.962520,0.368715,10050
8,17,1860,pixel3,ImageNet16-120,28.433332,0.422587,0.368715,10050
8,17,8584,pixel3,ImageNet16-120,34.088890,0.664046,0.368715,10050
8,17,10699,pixel3,ImageNet16-120,46.833332,6.353010,0.368715,10050
8,17,7401,pixel3,ImageNet16-120,28.866667,0.505777,0.368715,10050
8,17,8577,pixel3,ImageNet16-120,39.933334,1.735410,0.368715,10050
8,17,2835,pixel3,ImageNet16-120,38.222220,0.868646,0.368715,10050
8,17,5393,pixel3,ImageNet16-120,37.300000,0.863687,0.368715,10050
8,17,14112,pixel3,ImageNet16-120,40.733334,1.913100,0.368715,10050
8,17,2018,pixel3,ImageNet16-120,46.433334,4.949210,0.368715,10050
8,17,5374,pixel3,ImageNet16-120,46.766666,6.317500,0.368715,10050
8,17,4004,pixel3,ImageNet16-120,42.811110,2.467510,0.368715,10050
8,17,10720,pixel3,ImageNet16-120,39.733334,1.530320,0.368715,10050
8,17,4587,pixel3,ImageNet16-120,28.800000,0.445767,0.368715,10050
8,17,1425,pixel3,ImageNet16-120,45.977780,4.619290,0.368715,10050
8,17,4977,pixel3,ImageNet16-120,32.966667,0.617991,0.368715,10050
8,17,3960,pixel3,ImageNet16-120,37.755554,0.865747,0.368715,10050
8,17,12466,pixel3,ImageNet16-120,46.100000,4.680280,0.368715,10050
8,17,10313,pixel3,ImageNet16-120,40.600000,1.769330,0.368715,10050
8,17,735,pixel3,ImageNet16-120,38.544445,1.107950,0.368715,10050
8,17,25,pixel3,ImageNet16-120,28.300000,0.422510,0.368715,10050
8,17,12424,pixel3,ImageNet16-120,43.133330,2.470150,0.368715,10050
8,17,3728,pixel3,ImageNet16-120,28.500000,0.422880,0.368715,10050
8,17,8768,pixel3,ImageNet16-120,45.066666,3.254590,0.368715,10050
8,17,3043,pixel3,ImageNet16-120,33.100000,0.621954,0.368715,10050
8,17,2297,pixel3,ImageNet16-120,37.611110,0.865401,0.368715,10050
8,17,12103,pixel3,ImageNet16-120,28.250000,0.422433,0.368715,10050
8,17,13756,pixel3,ImageNet16-120,0.833333,0.005289,0.368715,10050
8,17,5604,pixel3,ImageNet16-120,38.750000,1.481230,0.368715,10050
8,17,11079,pixel3,ImageNet16-120,43.566666,2.479610,0.368715,10050
8,17,1110,pixel3,ImageNet16-120,28.600000,0.423927,0.368715,10050
8,17,3496,pixel3,ImageNet16-120,34.233334,0.670584,0.368715,10050
8,17,2899,pixel3,ImageNet16-120,43.911110,2.701210,0.368715,10050
8,18,2112,raspi4,ImageNet16-120,38.355556,2.925188,0.392965,10050
8,18,933,raspi4,ImageNet16-120,0.833333,0.011514,0.392965,10050
8,18,2018,raspi4,ImageNet16-120,46.433334,7.482383,0.392965,10050
8,18,3782,raspi4,ImageNet16-120,41.866665,3.755286,0.392965,10050
8,18,4829,raspi4,ImageNet16-120,34.200000,1.614683,0.392965,10050
8,18,10835,raspi4,ImageNet16-120,45.233334,6.632419,0.392965,10050
8,18,12424,raspi4,ImageNet16-120,43.133330,3.805729,0.392965,10050
8,18,11584,raspi4,ImageNet16-120,46.666668,8.014434,0.392965,10050
8,18,13931,raspi4,ImageNet16-120,28.788889,0.956195,0.392965,10050
8,18,8584,raspi4,ImageNet16-120,34.088890,1.586268,0.392965,10050
8,18,4179,raspi4,ImageNet16-120,38.433334,2.951226,0.392965,10050
8,18,14697,raspi4,ImageNet16-120,33.900000,1.580382,0.392965,10050
8,18,11946,raspi4,ImageNet16-120,28.200000,0.940293,0.392965,10050
8,18,2779,raspi4,ImageNet16-120,37.355556,2.190654,0.392965,10050
8,18,4627,raspi4,ImageNet16-120,43.500000,3.811407,0.392965,10050
8,18,1188,raspi4,ImageNet16-120,32.455555,1.526725,0.392965,10050
8,18,3650,raspi4,ImageNet16-120,43.866665,4.475790,0.392965,10050
8,18,6336,raspi4,ImageNet16-120,39.366665,3.073392,0.392965,10050
8,18,857,raspi4,ImageNet16-120,47.311110,9.020064,0.392965,10050
8,18,12639,raspi4,ImageNet16-120,40.400000,3.628959,0.392965,10050
8,18,7187,raspi4,ImageNet16-120,28.683332,0.952790,0.392965,10050
8,18,4689,raspi4,ImageNet16-120,37.455555,2.198343,0.392965,10050
8,18,4988,raspi4,ImageNet16-120,28.933332,1.003251,0.392965,10050
8,18,219,raspi4,ImageNet16-120,42.500000,3.768475,0.392965,10050
8,18,13771,raspi4,ImageNet16-120,32.744446,1.533813,0.392965,10050
8,18,8355,raspi4,ImageNet16-120,39.666668,3.083286,0.392965,10050
8,18,15363,raspi4,ImageNet16-120,44.333332,4.480516,0.392965,10050
8,18,6868,raspi4,ImageNet16-120,39.000000,2.982937,0.392965,10050
8,18,10472,raspi4,ImageNet16-120,39.633335,3.079679,0.392965,10050
8,18,5973,raspi4,ImageNet16-120,40.100000,3.159922,0.392965,10050
8,18,12505,raspi4,ImageNet16-120,39.283333,3.062432,0.392965,10050
8,18,1939,raspi4,ImageNet16-120,45.077778,5.341908,0.392965,10050
8,18,14750,raspi4,ImageNet16-120,32.933334,1.536700,0.392965,10050
8,18,12358,raspi4,ImageNet16-120,34.055557,1.582727,0.392965,10050
8,18,8736,raspi4,ImageNet16-120,45.700000,6.658077,0.392965,10050
8,18,1413,raspi4,ImageNet16-120,42.711113,3.788479,0.392965,10050
8,18,11438,raspi4,ImageNet16-120,39.733334,3.150053,0.392965,10050
8,18,9032,raspi4,ImageNet16-120,38.016666,2.201532,0.392965,10050
8,18,4675,raspi4,ImageNet16-120,33.100000,1.544321,0.392965,10050
8,18,6787,raspi4,ImageNet16-120,44.400000,4.532777,0.392965,10050
8,18,6854,raspi4,ImageNet16-120,40.800000,3.661016,0.392965,10050
8,18,15383,raspi4,ImageNet16-120,47.033333,8.565354,0.392965,10050
8,18,10217,raspi4,ImageNet16-120,45.100000,6.109362,0.392965,10050
8,18,13284,raspi4,ImageNet16-120,40.177776,3.191073,0.392965,10050
8,18,4995,raspi4,ImageNet16-120,42.166668,3.766336,0.392965,10050
8,18,14417,raspi4,ImageNet16-120,45.900000,6.948865,0.392965,10050
8,18,9496,raspi4,ImageNet16-120,38.200000,2.204048,0.392965,10050
8,18,8884,raspi4,ImageNet16-120,45.033333,5.293177,0.392965,10050
8,18,11177,raspi4,ImageNet16-120,33.200000,1.573414,0.392965,10050
8,18,2904,raspi4,ImageNet16-120,42.744446,3.799936,0.392965,10050
9,1,6950,edgegpu,cifar10,92.000000,1.738467,0.275887,10050
9,1,15200,edgegpu,cifar10,10.000000,0.501385,0.275887,10050
9,1,2776,edgegpu,cifar10,93.666664,3.331194,0.275887,10050
9,1,14407,edgegpu,cifar10,86.770000,1.440282,0.275887,10050
9,1,6499,edgegpu,cifar10,93.645000,3.331041,0.275887,10050
9,1,5780,edgegpu,cifar10,93.980000,3.361888,0.275887,10050
9,1,15072,edgegpu,cifar10,92.350000,2.798777,0.275887,10050
9,1,13401,edgegpu,cifar10,87.010000,1.457009,0.275887,10050
9,1,2090,edgegpu,cifar10,86.650000,1.437702,0.275887,10050
9,1,9099,edgegpu,cifar10,93.940000,3.357520,0.275887,10050
9,1,1099,edgegpu,cifar10,92.240000,1.774683,0.275887,10050
9,1,13714,edgegpu,cifar10,94.373340,6.772180,0.275887,10050
9,1,1459,edgegpu,cifar10,94.296670,6.748991,0.275887,10050
9,1,1038,edgegpu,cifar10,92.276665,1.828198,0.275887,10050
9,1,2053,edgegpu,cifar10,94.206665,5.482254,0.275887,10050
9,1,6330,edgegpu,cifar10,94.006670,4.384699,0.275887,10050
9,1,14527,edgegpu,cifar10,86.765000,1.439619,0.275887,10050
9,1,11692,edgegpu,cifar10,94.130000,4.708362,0.275887,10050
9,1,1339,edgegpu,cifar10,92.136665,1.751881,0.275887,10050
9,1,5292,edgegpu,cifar10,94.293335,6.663151,0.275887,10050
9,1,5400,edgegpu,cifar10,86.630000,1.427460,0.275887,10050
9,1,9846,edgegpu,cifar10,92.360000,3.263712,0.275887,10050
9,1,10484,edgegpu,cifar10,93.810000,3.354015,0.275887,10050
9,2,8192,edgetpu,cifar10,93.093330,0.627745,0.278919,10050
9,2,10581,edgetpu,cifar10,89.015000,0.390403,0.278919,10050
9,2,7017,edgetpu,cifar10,86.970000,0.353089,0.278919,10050
9,2,5111,edgetpu,cifar10,94.306660,1.152010,0.278919,10050
9,2,9689,edgetpu,cifar10,93.370000,0.628386,0.278919,10050
9,2,6382,edgetpu,cifar10,93.376660,0.628638,0.278919,10050
9,2,5780,edgetpu,cifar10,93.980000,0.723967,0.278919,10050
9,2,3955,edgetpu,cifar10,88.863335,0.389665,0.278919,10050
9,2,12607,edgetpu,cifar10,89.180000,0.391577,0.278919,10050
9,2,3731,edgetpu,cifar10,94.343330,1.282820,0.278919,10050
9,2,11438,edgetpu,cifar10,92.500000,0.482393,0.278919,10050
9,2,11810,edgetpu,cifar10,92.780000,0.482879,0.278919,10050
9,2,5224,edgetpu,cifar10,88.980000,0.389900,0.278919,10050
9,2,2648,edgetpu,cifar10,93.246666,0.628167,0.278919,10050
9,2,6111,edgetpu,cifar10,94.373340,1.379029,0.278919,10050
9,2,2240,edgetpu,cifar10,91.990000,0.480973,0.278919,10050
9,2,2328,edgetpu,cifar10,89.210000,0.392618,0.278919,10050
9,2,6918,edgetpu,cifar10,87.000000,0.375819,0.278919,10050
9,2,2485,edgetpu,cifar10,86.700000,0.346546,0.278919,10050
9,2,11692,edgetpu,cifar10,94.130000,0.761100,0.278919,10050
9,2,3927,edgetpu,cifar10,93.626660,0.723268,0.278919,10050
9,2,9271,edgetpu,cifar10,89.250000,0.396381,0.278919,10050
9,2,10167,edgetpu,cifar10,92.020000,0.481180,0.278919,10050
9,2,8008,edgetpu,cifar10,93.480000,0.629746,0.278919,10050
9,2,12852,edgetpu,cifar10,92.083336,0.481477,0.278919,10050
9,2,15459,edgetpu,cifar10,93.160000,0.628147,0.278919,10050
9,2,13611,edgetpu,cifar10,92.490000,0.481826,0.278919,10050
9,2,15000,edgetpu,cifar10,92.400000,0.481741,0.278919,10050
9,3,8008,eyeriss,cifar10,93.480000,3.399860,0.237613,10050
9,3,11472,eyeriss,cifar10,93.970000,4.628660,0.237613,10050
9,3,6960,eyeriss,cifar10,92.280000,3.154100,0.237613,10050
9,3,6899,eyeriss,cifar10,90.900000,2.416820,0.237613,10050
9,3,11692,eyeriss,cifar10,94.130000,4.874420,0.237613,10050
9,3,1616,eyeriss,cifar10,89.740000,1.925300,0.237613,10050
9,3,8323,eyeriss,cifar10,90.870000,2.171060,0.237613,10050
9,3,6111,eyeriss,cifar10,94.373340,7.823540,0.237613,10050
9,3,4384,eyeriss,cifar10,86.796670,1.679540,0.237613,10050
9,3,3731,eyeriss,cifar10,94.343330,6.594740,0.237613,10050
9,3,10412,eyeriss,cifar10,93.530000,3.645620,0.237613,10050
9,3,5111,eyeriss,cifar10,94.306660,5.365940,0.237613,10050
9,3,13714,eyeriss,cifar10,94.373340,7.823540,0.237613,10050
9,3,8592,eyeriss,cifar10,93.750000,3.891380,0.237613,10050
9,3,6854,eyeriss,cifar10,91.040000,2.662580,0.237613,10050
9,4,9805,fpga,cifar10,89.790000,1.648160,0.290301,10050
9,4,10431,fpga,cifar10,87.000000,1.542560,0.290301,10050
9,4,15000,fpga,cifar10,92.400000,2.390560,0.290301,10050
9,4,6111,fpga,cifar10,94.373340,6.678560,0.290301,10050
9,4,3731,fpga,cifar10,94.343330,5.936160,0.290301,10050
9,4,5111,fpga,cifar10,94.306660,5.193760,0.290301,10050
9,4,13714,fpga,cifar10,94.373340,6.678560,0.290301,10050
9,4,4384,fpga,cifar10,86.796670,1.132960,0.290301,10050
9,4,8008,fpga,cifar10,93.480000,2.905760,0.290301,10050
9,4,6584,fpga,cifar10,94.160000,4.163360,0.290301,10050
9,4,11472,fpga,cifar10,93.970000,3.648160,0.290301,10050
9,4,10412,fpga,cifar10,93.530000,3.420960,0.290301,10050
9,4,8323,fpga,cifar10,90.870000,2.163360,0.290301,10050
9,4,4249,fpga,cifar10,89.830000,2.057760,0.290301,10050
9,5,6434,pixel3,cifar10,91.080000,4.811140,0.403608,10050
9,5,5111,pixel3,cifar10,94.306660,17.584600,0.403608,10050
9,5,8695,pixel3,cifar10,94.220000,17.564500,0.403608,10050
9,5,6918,pixel3,cifar10,87.000000,1.478790,0.403608,10050
9,5,1941,pixel3,cifar10,93.533330,9.128690,0.403608,10050
9,5,6899,pixel3,cifar10,90.900000,3.961410,0.403608,10050
9,5,3,pixel3,cifar10,86.616670,1.062640,0.403608,10050
9,5,11692,pixel3,cifar10,94.130000,15.490100,0.403608,10050
9,5,8592,pixel3,cifar10,93.750000,10.769800,0.403608,10050
9,5,4627,pixel3,cifar10,93.270000,7.036050,0.403608,10050
9,5,13171,pixel3,cifar10,93.530000,7.717220,0.403608,10050
9,5,13869,pixel3,cifar10,93.656670,10.634700,0.403608,10050
9,5,6382,pixel3,cifar10,93.376660,7.048190,0.403608,10050
9,5,6854,pixel3,cifar10,91.040000,4.514220,0.403608,10050
9,5,9032,pixel3,cifar10,90.740000,3.102890,0.403608,10050
9,5,3731,pixel3,cifar10,94.343330,23.361300,0.403608,10050
9,5,6111,pixel3,cifar10,94.373340,23.584800,0.403608,10050
9,5,6999,pixel3,cifar10,93.820000,12.260900,0.403608,10050
9,5,3385,pixel3,cifar10,93.990000,13.656500,0.403608,10050
9,5,970,pixel3,cifar10,86.770000,1.474220,0.403608,10050
9,5,25,pixel3,cifar10,86.540000,1.054570,0.403608,10050
9,5,6584,pixel3,cifar10,94.160000,15.720300,0.403608,10050
9,5,1943,pixel3,cifar10,93.116670,6.492030,0.403608,10050
9,5,13987,pixel3,cifar10,93.596664,9.922680,0.403608,10050
9,5,5224,pixel3,cifar10,88.980000,1.570360,0.403608,10050
9,5,777,pixel3,cifar10,86.810000,1.474420,0.403608,10050
9,5,1497,pixel3,cifar10,86.556660,1.056630,0.403608,10050
9,5,1894,pixel3,cifar10,92.110000,5.778250,0.403608,10050
9,5,6804,pixel3,cifar10,93.920000,13.514700,0.403608,10050
9,5,8323,pixel3,cifar10,90.870000,3.106420,0.403608,10050
9,5,2018,pixel3,cifar10,94.063330,14.960500,0.403608,10050
9,5,7197,pixel3,cifar10,90.366670,2.447670,0.403608,10050
9,5,2035,pixel3,cifar10,89.670000,1.706480,0.403608,10050
9,5,6863,pixel3,cifar10,86.740000,1.229320,0.403608,10050
9,5,1339,pixel3,cifar10,92.136665,5.802240,0.403608,10050
9,5,657,pixel3,cifar10,86.666664,1.192640,0.403608,10050
9,5,13096,pixel3,cifar10,90.700000,2.666040,0.403608,10050
9,5,12452,pixel3,cifar10,91.350000,5.590110,0.403608,10050
9,5,7001,pixel3,cifar10,10.000000,0.003277,0.403608,10050
9,5,1781,pixel3,cifar10,89.883330,1.712020,0.403608,10050
9,6,11810,raspi4,cifar10,92.780000,18.619905,0.329601,10050
9,6,6985,raspi4,cifar10,89.940000,4.995646,0.329601,10050
9,6,6382,raspi4,cifar10,93.376660,21.461164,0.329601,10050
9,6,1962,raspi4,cifar10,86.530000,2.529453,0.329601,10050
9,6,11972,raspi4,cifar10,91.510000,12.403558,0.329601,10050
9,6,11533,raspi4,cifar10,93.420000,21.715693,0.329601,10050
9,6,9980,raspi4,cifar10,10.000000,0.011284,0.329601,10050
9,6,14677,raspi4,cifar10,88.670000,4.755260,0.329601,10050
9,6,735,raspi4,cifar10,90.760000,9.699143,0.329601,10050
9,6,9950,raspi4,cifar10,93.840000,33.860363,0.329601,10050
9,6,6953,raspi4,cifar10,91.990000,15.601654,0.329601,10050
9,6,6584,raspi4,cifar10,94.160000,38.818527,0.329601,10050
9,6,14565,raspi4,cifar10,88.880000,4.781183,0.329601,10050
9,6,1804,raspi4,cifar10,89.063330,4.791845,0.329601,10050
9,6,6918,raspi4,cifar10,87.000000,2.787590,0.329601,10050
9,6,11692,raspi4,cifar10,94.130000,37.583630,0.329601,10050
9,6,5111,raspi4,cifar10,94.306660,41.756905,0.329601,10050
9,6,9240,raspi4,cifar10,90.860000,9.774760,0.329601,10050
9,6,6960,raspi4,cifar10,92.280000,17.162752,0.329601,10050
9,6,13846,raspi4,cifar10,90.720000,7.176163,0.329601,10050
9,6,7058,raspi4,cifar10,92.040000,16.469465,0.329601,10050
9,6,9543,raspi4,cifar10,93.453330,24.144102,0.329601,10050
9,6,9380,raspi4,cifar10,89.335000,4.875613,0.329601,10050
9,6,2035,raspi4,cifar10,89.670000,4.984099,0.329601,10050
9,6,5780,raspi4,cifar10,93.980000,34.928463,0.329601,10050
9,6,8592,raspi4,cifar10,93.750000,25.477009,0.329601,10050
9,6,10412,raspi4,cifar10,93.530000,25.079220,0.329601,10050
9,6,7017,raspi4,cifar10,86.970000,2.544041,0.329601,10050
9,6,12504,raspi4,cifar10,92.130000,16.890614,0.329601,10050
9,6,6111,raspi4,cifar10,94.373340,68.404106,0.329601,10050
9,6,3731,raspi4,cifar10,94.343330,58.070793,0.329601,10050
9,6,2058,raspi4,cifar10,93.270000,19.484835,0.329601,10050
9,7,12415,edgegpu,cifar100,71.940000,4.828467,0.270292,10050
9,7,8401,edgegpu,cifar100,71.080000,3.302102,0.270292,10050
9,7,6381,edgegpu,cifar100,66.800000,1.753340,0.270292,10050
9,7,11810,edgegpu,cifar100,68.300000,1.779551,0.270292,10050
9,7,9930,edgegpu,cifar100,73.513336,6.803060,0.270292,10050
9,7,4954,edgegpu,cifar100,73.000000,6.669736,0.270292,10050
9,7,15589,edgegpu,cifar100,59.060000,1.502299,0.270292,10050
9,7,3888,edgegpu,cifar100,73.260000,6.797867,0.270292,10050
9,7,2304,edgegpu,cifar100,58.660000,1.440253,0.270292,10050
9,7,4418,edgegpu,cifar100,72.746666,5.352364,0.270292,10050
9,7,9997,edgegpu,cifar100,71.520000,3.466139,0.270292,10050
9,7,10222,edgegpu,cifar100,58.860000,1.449347,0.270292,10050
9,7,5019,edgegpu,cifar100,58.880000,1.488929,0.270292,10050
9,7,2778,edgegpu,cifar100,72.993330,6.134028,0.270292,10050
9,7,1425,edgegpu,cifar100,72.093330,5.310225,0.270292,10050
9,7,11885,edgegpu,cifar100,68.040000,1.776652,0.270292,10050
9,7,1509,edgegpu,cifar100,1.000000,0.505853,0.270292,10050
9,7,14089,edgegpu,cifar100,61.806667,1.752892,0.270292,10050
9,7,9922,edgegpu,cifar100,58.560000,1.428552,0.270292,10050
9,7,1038,edgegpu,cifar100,67.500000,1.758428,0.270292,10050
9,8,8912,edgetpu,cifar100,59.200000,0.377698,0.335766,10050
9,8,11885,edgetpu,cifar100,68.040000,0.489665,0.335766,10050
9,8,11533,edgetpu,cifar100,69.760000,0.635877,0.335766,10050
9,8,3540,edgetpu,cifar100,71.500000,0.770234,0.335766,10050
9,8,777,edgetpu,cifar100,58.650000,0.355588,0.335766,10050
9,8,9541,edgetpu,cifar100,67.660000,0.486829,0.335766,10050
9,8,10000,edgetpu,cifar100,73.160000,1.283461,0.335766,10050
9,8,12415,edgetpu,cifar100,71.940000,0.872299,0.335766,10050
9,8,14945,edgetpu,cifar100,58.500000,0.354940,0.335766,10050
9,8,3888,edgetpu,cifar100,73.260000,1.316226,0.335766,10050
9,8,857,edgetpu,cifar100,72.880000,1.264168,0.335766,10050
9,8,6358,edgetpu,cifar100,67.193340,0.486737,0.335766,10050
9,8,12607,edgetpu,cifar100,62.600000,0.392830,0.335766,10050
9,8,5019,edgetpu,cifar100,58.880000,0.357058,0.335766,10050
9,8,4155,edgetpu,cifar100,62.306667,0.391442,0.335766,10050
9,8,11692,edgetpu,cifar100,71.120000,0.769536,0.335766,10050
9,8,15363,edgetpu,cifar100,70.520000,0.676394,0.335766,10050
9,8,1943,edgetpu,cifar100,69.626660,0.634759,0.335766,10050
9,8,9271,edgetpu,cifar100,63.400000,0.393151,0.335766,10050
9,8,797,edgetpu,cifar100,69.580000,0.633351,0.335766,10050
9,8,781,edgetpu,cifar100,67.960000,0.487922,0.335766,10050
9,8,577,edgetpu,cifar100,69.680000,0.635228,0.335766,10050
9,8,8649,edgetpu,cifar100,70.690000,0.727284,0.335766,10050
9,8,12424,edgetpu,cifar100,69.980000,0.638946,0.335766,10050
9,8,12761,edgetpu,cifar100,72.860000,1.225212,0.335766,10050
9,8,12574,edgetpu,cifar100,72.740000,0.932430,0.335766,10050
9,8,9930,edgetpu,cifar100,73.513336,1.454107,0.335766,10050
9,8,1425,edgetpu,cifar100,72.093330,0.910660,0.335766,10050
9,8,1110,edgetpu,cifar100,58.840000,0.355938,0.335766,10050
9,8,4418,edgetpu,cifar100,72.746666,1.093699,0.335766,10050
9,8,8401,edgetpu,cifar100,71.080000,0.728572,0.335766,10050
9,8,11810,edgetpu,cifar100,68.300000,0.492126,0.335766,10050
9,8,13829,edgetpu,cifar100,66.873340,0.485137,0.335766,10050
9,9,10000,eyeriss,cifar100,73.160000,6.597760,0.246254,10050
9,9,14714,eyeriss,cifar100,71.280000,4.140160,0.246254,10050
9,9,11973,eyeriss,cifar100,70.340000,3.402880,0.246254,10050
9,9,5084,eyeriss,cifar100,58.813330,1.682560,0.246254,10050
9,9,12574,eyeriss,cifar100,72.740000,5.123200,0.246254,10050
9,9,9930,eyeriss,cifar100,73.513336,9.055360,0.246254,10050
9,9,12761,eyeriss,cifar100,72.860000,6.352000,0.246254,10050
9,9,14112,eyeriss,cifar100,68.386665,2.911360,0.246254,10050
9,9,6111,eyeriss,cifar100,73.220000,7.826560,0.246254,10050
9,9,11301,eyeriss,cifar100,68.220000,2.665600,0.246254,10050
9,9,3540,eyeriss,cifar100,71.500000,4.877440,0.246254,10050
9,9,10689,eyeriss,cifar100,67.500000,2.174080,0.246254,10050
9,9,12820,eyeriss,cifar100,67.720000,2.419840,0.246254,10050
9,9,6787,eyeriss,cifar100,70.720000,3.648640,0.246254,10050
9,9,3687,eyeriss,cifar100,64.460000,1.928320,0.246254,10050
9,9,6925,eyeriss,cifar100,71.220000,3.894400,0.246254,10050
9,10,4249,fpga,cifar100,65.080000,2.057760,0.266927,10050
9,10,5084,fpga,cifar100,58.813330,1.132960,0.266927,10050
9,10,7250,fpga,cifar100,67.706665,2.390560,0.266927,10050
9,10,3540,fpga,cifar100,71.500000,4.163360,0.266927,10050
9,10,12295,fpga,cifar100,71.160000,3.648160,0.266927,10050
9,10,6925,fpga,cifar100,71.220000,3.936160,0.266927,10050
9,10,9930,fpga,cifar100,73.513336,7.420960,0.266927,10050
9,10,12574,fpga,cifar100,72.740000,4.678560,0.266927,10050
9,10,3487,fpga,cifar100,70.093330,2.905760,0.266927,10050
9,10,3888,fpga,cifar100,73.260000,5.936160,0.266927,10050
9,10,10689,fpga,cifar100,67.500000,2.163360,0.266927,10050
9,10,9997,fpga,cifar100,71.520000,4.572960,0.266927,10050
9,10,6787,fpga,cifar100,70.720000,3.420960,0.266927,10050
9,10,12761,fpga,cifar100,72.860000,5.420960,0.266927,10050
9,10,12820,fpga,cifar100,67.720000,2.678560,0.266927,10050
9,10,5651,fpga,cifar100,64.690000,1.648160,0.266927,10050
9,11,4409,pixel3,cifar100,67.173330,3.113370,0.318152,10050
9,11,12970,pixel3,cifar100,68.140000,4.782110,0.318152,10050
9,11,9997,pixel3,cifar100,71.520000,14.777900,0.318152,10050
9,11,1357,pixel3,cifar100,67.480000,3.998260,0.318152,10050
9,11,1595,pixel3,cifar100,62.146667,1.665240,0.318152,10050
9,11,1527,pixel3,cifar100,70.340000,10.107800,0.318152,10050
9,11,9930,pixel3,cifar100,73.513336,42.003600,0.318152,10050
9,11,1459,pixel3,cifar100,73.140000,23.437900,0.318152,10050
9,11,10042,pixel3,cifar100,64.880000,2.794690,0.318152,10050
9,11,1583,pixel3,cifar100,71.326670,12.345800,0.318152,10050
9,11,3888,pixel3,cifar100,73.260000,23.477200,0.318152,10050
9,11,12574,pixel3,cifar100,72.740000,16.473900,0.318152,10050
9,11,6337,pixel3,cifar100,1.000000,0.008753,0.318152,10050
9,11,1409,pixel3,cifar100,58.853333,1.275090,0.318152,10050
9,11,1425,pixel3,cifar100,72.093330,15.692300,0.318152,10050
9,11,857,pixel3,cifar100,72.880000,19.113200,0.318152,10050
9,11,777,pixel3,cifar100,58.650000,1.087020,0.318152,10050
9,11,1416,pixel3,cifar100,64.493330,2.084060,0.318152,10050
9,11,3192,pixel3,cifar100,71.133330,11.671300,0.318152,10050
9,11,9649,pixel3,cifar100,64.540000,2.536210,0.318152,10050
9,11,2369,pixel3,cifar100,70.273330,9.886420,0.318152,10050
9,11,898,pixel3,cifar100,70.000000,6.516140,0.318152,10050
9,11,724,pixel3,cifar100,67.053340,2.875650,0.318152,10050
9,11,8912,pixel3,cifar100,59.200000,1.478790,0.318152,10050
9,11,8638,pixel3,cifar100,58.860000,1.478570,0.318152,10050
9,11,1631,pixel3,cifar100,63.986668,1.805000,0.318152,10050
9,12,2222,raspi4,cifar100,58.313330,2.538255,0.350971,10050
9,12,7030,raspi4,cifar100,69.600000,19.218203,0.350971,10050
9,12,4418,raspi4,cifar100,72.746666,47.162354,0.350971,10050
9,12,10222,raspi4,cifar100,58.860000,2.747804,0.350971,10050
9,12,7891,raspi4,cifar100,67.550000,12.536592,0.350971,10050
9,12,9997,raspi4,cifar100,71.520000,34.996710,0.350971,10050
9,12,6918,raspi4,cifar100,58.800000,2.571364,0.350971,10050
9,12,9930,raspi4,cifar100,73.513336,71.152000,0.350971,10050
9,12,14714,raspi4,cifar100,71.280000,24.692347,0.350971,10050
9,12,15589,raspi4,cifar100,59.060000,2.795078,0.350971,10050
9,12,6822,raspi4,cifar100,58.426666,2.558594,0.350971,10050
9,12,1357,raspi4,cifar100,67.480000,10.177114,0.350971,10050
9,12,3888,raspi4,cifar100,73.260000,55.029520,0.350971,10050
9,12,8895,raspi4,cifar100,64.280000,5.109667,0.350971,10050
9,12,14112,raspi4,cifar100,68.386665,14.423308,0.350971,10050
9,12,8740,raspi4,cifar100,1.000000,0.015215,0.350971,10050
9,12,6925,raspi4,cifar100,71.220000,24.195030,0.350971,10050
9,12,15137,raspi4,cifar100,63.160000,4.941014,0.350971,10050
9,12,4409,raspi4,cifar100,67.173330,7.228629,0.350971,10050
9,12,4195,raspi4,cifar100,62.700000,4.877588,0.350971,10050
9,12,898,raspi4,cifar100,70.000000,21.506163,0.350971,10050
9,12,355,raspi4,cifar100,69.860000,20.791758,0.350971,10050
9,12,12761,raspi4,cifar100,72.860000,53.718200,0.350971,10050
9,12,14792,raspi4,cifar100,69.500000,19.111843,0.350971,10050
9,12,14811,raspi4,cifar100,69.680000,20.361189,0.350971,10050
9,12,2035,raspi4,cifar100,63.926666,5.005698,0.350971,10050
9,12,14612,raspi4,cifar100,58.720000,2.563505,0.350971,10050
9,12,2058,raspi4,cifar100,69.613335,20.052132,0.350971,10050
9,12,3487,raspi4,cifar100,70.093330,21.603350,0.350971,10050
9,12,6787,raspi4,cifar100,70.720000,23.081835,0.350971,10050
9,12,1459,raspi4,cifar100,73.140000,53.879950,0.350971,10050
9,12,3408,raspi4,cifar100,63.993332,5.081906,0.350971,10050
9,12,8720,raspi4,cifar100,64.130000,5.082239,0.350971,10050
9,12,12574,raspi4,cifar100,72.740000,36.371254,0.350971,10050
9,12,2649,raspi4,cifar100,64.446660,5.109687,0.350971,10050
9,12,8912,raspi4,cifar100,59.200000,2.818969,0.350971,10050
9,12,13430,raspi4,cifar100,66.700000,7.203785,0.350971,10050
9,12,12607,raspi4,cifar100,62.600000,4.779045,0.350971,10050
9,12,12915,raspi4,cifar100,66.950000,7.226311,0.350971,10050
9,13,8884,edgegpu,ImageNet16-120,45.033333,3.499999,0.358579,10050
9,13,15159,edgegpu,ImageNet16-120,45.566666,4.632421,0.358579,10050
9,13,14612,edgegpu,ImageNet16-120,28.488890,1.434064,0.358579,10050
9,13,4587,edgegpu,ImageNet16-120,28.800000,1.445131,0.358579,10050
9,13,12760,edgegpu,ImageNet16-120,40.833332,3.308015,0.358579,10050
9,13,13411,edgegpu,ImageNet16-120,31.855556,1.736240,0.358579,10050
9,13,8426,edgegpu,ImageNet16-120,44.633335,3.370147,0.358579,10050
9,13,8401,edgegpu,ImageNet16-120,43.833332,3.322444,0.358579,10050
9,13,9586,edgegpu,ImageNet16-120,46.933334,5.222673,0.358579,10050
9,13,4946,edgegpu,ImageNet16-120,44.700000,3.490419,0.358579,10050
9,13,11217,edgegpu,ImageNet16-120,43.466667,3.316708,0.358579,10050
9,13,9722,edgegpu,ImageNet16-120,44.000000,3.327813,0.358579,10050
9,13,857,edgegpu,ImageNet16-120,47.311110,6.707663,0.358579,10050
9,13,8736,edgegpu,ImageNet16-120,45.700000,5.206900,0.358579,10050
9,13,7760,edgegpu,ImageNet16-120,39.100000,1.743751,0.358579,10050
9,13,14117,edgegpu,ImageNet16-120,28.677778,1.435547,0.358579,10050
9,13,10835,edgegpu,ImageNet16-120,45.233334,4.434366,0.358579,10050
9,13,7187,edgegpu,ImageNet16-120,28.683332,1.443858,0.358579,10050
9,13,2650,edgegpu,ImageNet16-120,42.433334,3.309817,0.358579,10050
9,13,15376,edgegpu,ImageNet16-120,0.833333,0.533953,0.358579,10050
9,13,15383,edgegpu,ImageNet16-120,47.033333,6.262836,0.358579,10050
9,13,4988,edgegpu,ImageNet16-120,28.933332,1.448212,0.358579,10050
9,13,12081,edgegpu,ImageNet16-120,40.233334,2.730479,0.358579,10050
9,13,15288,edgegpu,ImageNet16-120,28.422222,1.417041,0.358579,10050
9,13,6636,edgegpu,ImageNet16-120,40.544445,3.305931,0.358579,10050
9,13,12505,edgegpu,ImageNet16-120,39.283333,1.750417,0.358579,10050
9,13,4160,edgegpu,ImageNet16-120,39.833332,1.756272,0.358579,10050
9,13,10947,edgegpu,ImageNet16-120,39.944443,1.909800,0.358579,10050
9,14,9586,edgetpu,ImageNet16-120,46.933334,0.981196,0.293156,10050
9,14,5374,edgetpu,ImageNet16-120,46.766666,0.843987,0.293156,10050
9,14,13972,edgetpu,ImageNet16-120,31.933332,0.363440,0.293156,10050
9,14,7357,edgetpu,ImageNet16-120,44.666668,0.600498,0.293156,10050
9,14,8884,edgetpu,ImageNet16-120,45.033333,0.615792,0.293156,10050
9,14,13931,edgetpu,ImageNet16-120,28.788889,0.360349,0.293156,10050
9,14,2586,edgetpu,ImageNet16-120,42.877777,0.550226,0.293156,10050
9,14,15014,edgetpu,ImageNet16-120,28.266666,0.358110,0.293156,10050
9,14,6520,edgetpu,ImageNet16-120,32.383335,0.363944,0.293156,10050
9,14,6407,edgetpu,ImageNet16-120,32.333332,0.363748,0.293156,10050
9,14,4988,edgetpu,ImageNet16-120,28.933332,0.360694,0.293156,10050
9,14,10332,edgetpu,ImageNet16-120,40.033333,0.516152,0.293156,10050
9,14,9689,edgetpu,ImageNet16-120,42.533333,0.549702,0.293156,10050
9,14,5751,edgetpu,ImageNet16-120,40.044445,0.516992,0.293156,10050
9,14,5586,edgetpu,ImageNet16-120,40.811110,0.546420,0.293156,10050
9,14,10699,edgetpu,ImageNet16-120,46.833332,0.858130,0.293156,10050
9,14,13769,edgetpu,ImageNet16-120,41.555557,0.549360,0.293156,10050
9,14,11079,edgetpu,ImageNet16-120,43.566666,0.552430,0.293156,10050
9,14,10017,edgetpu,ImageNet16-120,40.566666,0.524950,0.293156,10050
9,14,6950,edgetpu,ImageNet16-120,38.700000,0.427379,0.293156,10050
9,14,5724,edgetpu,ImageNet16-120,28.366667,0.359987,0.293156,10050
9,14,10888,edgetpu,ImageNet16-120,28.333334,0.359044,0.293156,10050
9,14,12415,edgetpu,ImageNet16-120,46.566666,0.710906,0.293156,10050
9,14,5530,edgetpu,ImageNet16-120,42.577778,0.549937,0.293156,10050
9,14,4160,edgetpu,ImageNet16-120,39.833332,0.430355,0.293156,10050
9,14,14677,edgetpu,ImageNet16-120,33.233334,0.364575,0.293156,10050
9,14,12231,edgetpu,ImageNet16-120,40.200000,0.518358,0.293156,10050
9,14,5674,edgetpu,ImageNet16-120,39.650000,0.428605,0.293156,10050
9,14,1172,edgetpu,ImageNet16-120,39.933334,0.515935,0.293156,10050
9,14,11885,edgetpu,ImageNet16-120,39.166668,0.427395,0.293156,10050
9,14,14655,edgetpu,ImageNet16-120,44.000000,0.599924,0.293156,10050
9,14,70,edgetpu,ImageNet16-120,39.377777,0.428228,0.293156,10050
9,15,6854,eyeriss,ImageNet16-120,40.800000,0.668800,0.239137,10050
9,15,8008,eyeriss,ImageNet16-120,43.500000,0.853120,0.239137,10050
9,15,4829,eyeriss,ImageNet16-120,34.200000,0.484480,0.239137,10050
9,15,4988,eyeriss,ImageNet16-120,28.933332,0.423040,0.239137,10050
9,15,8853,eyeriss,ImageNet16-120,45.600000,1.037440,0.239137,10050
9,15,857,eyeriss,ImageNet16-120,47.311110,1.651840,0.239137,10050
9,15,6787,eyeriss,ImageNet16-120,44.400000,0.914560,0.239137,10050
9,15,5487,eyeriss,ImageNet16-120,38.500000,0.607360,0.239137,10050
9,15,15383,eyeriss,ImageNet16-120,47.033333,1.283200,0.239137,10050
9,15,8736,eyeriss,ImageNet16-120,45.700000,1.221760,0.239137,10050
9,15,2835,eyeriss,ImageNet16-120,38.222220,0.545920,0.239137,10050
9,15,479,eyeriss,ImageNet16-120,38.500000,0.607360,0.239137,10050
9,15,1939,eyeriss,ImageNet16-120,45.077778,0.976000,0.239137,10050
9,16,2835,fpga,ImageNet16-120,38.222220,0.546720,0.286432,10050
9,16,12452,fpga,ImageNet16-120,40.533333,0.780320,0.286432,10050
9,16,8008,fpga,ImageNet16-120,43.500000,0.876800,0.286432,10050
9,16,6854,fpga,ImageNet16-120,40.800000,0.809120,0.286432,10050
9,16,14346,fpga,ImageNet16-120,34.644444,0.517920,0.286432,10050
9,16,2112,fpga,ImageNet16-120,38.355556,0.649120,0.286432,10050
9,16,8853,fpga,ImageNet16-120,45.600000,1.155200,0.286432,10050
9,16,4988,fpga,ImageNet16-120,28.933332,0.284320,0.286432,10050
9,16,10017,fpga,ImageNet16-120,40.566666,0.784000,0.286432,10050
9,16,9805,fpga,ImageNet16-120,34.133335,0.415520,0.286432,10050
9,16,6787,fpga,ImageNet16-120,44.400000,0.969600,0.286432,10050
9,16,735,fpga,ImageNet16-120,38.544445,0.677920,0.286432,10050
9,16,857,fpga,ImageNet16-120,47.311110,2.038400,0.286432,10050
9,16,15383,fpga,ImageNet16-120,47.033333,1.504000,0.286432,10050
9,16,14417,fpga,ImageNet16-120,45.900000,1.276320,0.286432,10050
9,16,1939,fpga,ImageNet16-120,45.077778,1.062400,0.286432,10050
9,17,14417,pixel3,ImageNet16-120,45.900000,4.143030,0.332506,10050
9,17,6014,pixel3,ImageNet16-120,28.533333,0.423391,0.332506,10050
9,17,5393,pixel3,ImageNet16-120,37.300000,0.863687,0.332506,10050
9,17,9805,pixel3,ImageNet16-120,34.133335,0.791370,0.332506,10050
9,17,2018,pixel3,ImageNet16-120,46.433334,4.949210,0.332506,10050
9,17,857,pixel3,ImageNet16-120,47.311110,6.686850,0.332506,10050
9,17,8683,pixel3,ImageNet16-120,44.200000,2.711960,0.332506,10050
9,17,13756,pixel3,ImageNet16-120,0.833333,0.005289,0.332506,10050
9,17,10154,pixel3,ImageNet16-120,46.133335,4.783700,0.332506,10050
9,17,6854,pixel3,ImageNet16-120,40.800000,1.621620,0.332506,10050
9,17,4627,pixel3,ImageNet16-120,43.500000,2.479640,0.332506,10050
9,17,8584,pixel3,ImageNet16-120,34.088890,0.664046,0.332506,10050
9,17,1939,pixel3,ImageNet16-120,45.077778,3.021500,0.332506,10050
9,17,12639,pixel3,ImageNet16-120,40.400000,1.304440,0.332506,10050
9,17,872,pixel3,ImageNet16-120,41.777780,2.465030,0.332506,10050
9,17,10382,pixel3,ImageNet16-120,37.733334,0.866875,0.332506,10050
9,17,4384,pixel3,ImageNet16-120,28.133333,0.421612,0.332506,10050
9,17,3728,pixel3,ImageNet16-120,28.500000,0.422880,0.332506,10050
9,17,11000,pixel3,ImageNet16-120,44.866665,2.962520,0.332506,10050
9,17,1425,pixel3,ImageNet16-120,45.977780,4.619290,0.332506,10050
9,17,12103,pixel3,ImageNet16-120,28.250000,0.422433,0.332506,10050
9,17,2835,pixel3,ImageNet16-120,38.222220,0.868646,0.332506,10050
9,17,12424,pixel3,ImageNet16-120,43.133330,2.470150,0.332506,10050
9,17,10888,pixel3,ImageNet16-120,28.333334,0.422652,0.332506,10050
9,17,8853,pixel3,ImageNet16-120,45.600000,3.554540,0.332506,10050
9,17,4895,pixel3,ImageNet16-120,33.200000,0.619070,0.332506,10050
9,17,5487,pixel3,ImageNet16-120,38.500000,1.109150,0.332506,10050
9,17,4977,pixel3,ImageNet16-120,32.966667,0.617991,0.332506,10050
9,17,12516,pixel3,ImageNet16-120,32.083332,0.617816,0.332506,10050
9,17,4988,pixel3,ImageNet16-120,28.933332,0.485996,0.332506,10050
9,17,15383,pixel3,ImageNet16-120,47.033333,5.191720,0.332506,10050
9,17,7187,pixel3,ImageNet16-120,28.683332,0.425223,0.332506,10050
9,17,1110,pixel3,ImageNet16-120,28.600000,0.423927,0.332506,10050
9,17,2297,pixel3,ImageNet16-120,37.611110,0.865401,0.332506,10050
9,18,6868,raspi4,ImageNet16-120,39.000000,2.982937,0.464466,10050
9,18,6854,raspi4,ImageNet16-120,40.800000,3.661016,0.464466,10050
9,18,4675,raspi4,ImageNet16-120,33.100000,1.544321,0.464466,10050
9,18,933,raspi4,ImageNet16-120,0.833333,0.011514,0.464466,10050
9,18,12639,raspi4,ImageNet16-120,40.400000,3.628959,0.464466,10050
9,18,6519,raspi4,ImageNet16-120,40.183334,3.212652,0.464466,10050
9,18,12358,raspi4,ImageNet16-120,34.055557,1.582727,0.464466,10050
9,18,15383,raspi4,ImageNet16-120,47.033333,8.565354,0.464466,10050
9,18,13059,raspi4,ImageNet16-120,34.266666,1.595651,0.464466,10050
9,18,11946,raspi4,ImageNet16-120,28.200000,0.940293,0.464466,10050
9,18,10217,raspi4,ImageNet16-120,45.100000,6.109362,0.464466,10050
9,18,15446,raspi4,ImageNet16-120,45.766666,7.469873,0.464466,10050
9,18,1939,raspi4,ImageNet16-120,45.077778,5.341908,0.464466,10050
9,18,6787,raspi4,ImageNet16-120,44.400000,4.532777,0.464466,10050
9,18,3960,raspi4,ImageNet16-120,37.755554,2.197980,0.464466,10050
9,18,5530,raspi4,ImageNet16-120,42.577778,3.785925,0.464466,10050
9,18,15363,raspi4,ImageNet16-120,44.333332,4.480516,0.464466,10050
9,18,3782,raspi4,ImageNet16-120,41.866665,3.755286,0.464466,10050
9,18,857,raspi4,ImageNet16-120,47.311110,9.020064,0.464466,10050
9,18,7551,raspi4,ImageNet16-120,38.477780,2.950436,0.464466,10050
9,18,2018,raspi4,ImageNet16-120,46.433334,7.482383,0.464466,10050
9,18,3192,raspi4,ImageNet16-120,45.477780,6.675633,0.464466,10050
9,18,4988,raspi4,ImageNet16-120,28.933332,1.003251,0.464466,10050
9,18,10472,raspi4,ImageNet16-120,39.633335,3.079679,0.464466,10050
9,18,2779,raspi4,ImageNet16-120,37.355556,2.190654,0.464466,10050
9,18,12505,raspi4,ImageNet16-120,39.283333,3.062432,0.464466,10050
9,18,7252,raspi4,ImageNet16-120,44.666668,5.322441,0.464466,10050
9,18,5202,raspi4,ImageNet16-120,42.411110,3.783078,0.464466,10050
9,18,8853,raspi4,ImageNet16-120,45.600000,6.961605,0.464466,10050
9,18,11584,raspi4,ImageNet16-120,46.666668,8.014434,0.464466,10050
9,18,5973,raspi4,ImageNet16-120,40.100000,3.159922,0.464466,10050
9,18,2649,raspi4,ImageNet16-120,33.788887,1.582191,0.464466,10050
9,18,11177,raspi4,ImageNet16-120,33.200000,1.573414,0.464466,10050
9,18,45,raspi4,ImageNet16-120,33.611110,1.581422,0.464466,10050
9,18,8355,raspi4,ImageNet16-120,39.666668,3.083286,0.464466,10050
9,18,1413,raspi4,ImageNet16-120,42.711113,3.788479,0.464466,10050
9,18,11653,raspi4,ImageNet16-120,38.100000,2.898014,0.464466,10050
9,18,3431,raspi4,ImageNet16-120,32.966667,1.536690,0.464466,10050
9,18,11079,raspi4,ImageNet16-120,43.566666,3.802027,0.464466,10050
9,18,7227,raspi4,ImageNet16-120,32.533333,1.530737,0.464466,10050
9,18,9032,raspi4,ImageNet16-120,38.016666,2.201532,0.464466,10050
9,18,4995,raspi4,ImageNet16-120,42.166668,3.766336,0.464466,10050
9,18,15107,raspi4,ImageNet16-120,39.800000,3.083329,0.464466,10050
9,18,3650,raspi4,ImageNet16-120,43.866665,4.475790,0.464466,10050
9,18,13771,raspi4,ImageNet16-120,32.744446,1.533813,0.464466,10050
9,18,5455,raspi4,ImageNet16-120,32.611110,1.532377,0.464466,10050
9,18,1188,raspi4,ImageNet16-120,32.455555,1.526725,0.464466,10050
9,18,13931,raspi4,ImageNet16-120,28.788889,0.956195,0.464466,10050
9,18,8426,raspi4,ImageNet16-120,44.633335,5.288439,0.464466,10050
9,18,6336,raspi4,ImageNet16-120,39.366665,3.073392,0.464466,10050
10,1,2776,edgegpu,cifar10,93.666664,3.331194,0.272866,10050
10,1,13714,edgegpu,cifar10,94.373340,6.772180,0.272866,10050
10,1,1099,edgegpu,cifar10,92.240000,1.774683,0.272866,10050
10,1,15200,edgegpu,cifar10,10.000000,0.501385,0.272866,10050
10,1,11438,edgegpu,cifar10,92.500000,1.846719,0.272866,10050
10,1,10222,edgegpu,cifar10,86.200000,1.429176,0.272866,10050
10,1,2053,edgegpu,cifar10,94.206665,5.482254,0.272866,10050
10,1,12081,edgegpu,cifar10,92.590000,2.886577,0.272866,10050
10,1,11692,edgegpu,cifar10,94.130000,4.708362,0.272866,10050
10,1,5780,edgegpu,cifar10,93.980000,3.361888,0.272866,10050
10,1,6330,edgegpu,cifar10,94.006670,4.384699,0.272866,10050
10,1,1459,edgegpu,cifar10,94.296670,6.748991,0.272866,10050
10,1,10484,edgegpu,cifar10,93.810000,3.354015,0.272866,10050
10,1,14407,edgegpu,cifar10,86.770000,1.440282,0.272866,10050
10,1,14090,edgegpu,cifar10,92.086670,1.749086,0.272866,10050
10,1,1549,edgegpu,cifar10,86.710000,1.436324,0.272866,10050
10,1,14567,edgegpu,cifar10,92.610000,3.314986,0.272866,10050
10,1,4803,edgegpu,cifar10,88.746666,1.748652,0.272866,10050
10,1,5292,edgegpu,cifar10,94.293335,6.663151,0.272866,10050
10,1,13401,edgegpu,cifar10,87.010000,1.457009,0.272866,10050
10,1,1601,edgegpu,cifar10,86.336670,1.433892,0.272866,10050
10,1,12113,edgegpu,cifar10,92.245000,1.846456,0.272866,10050
10,1,14527,edgegpu,cifar10,86.765000,1.439619,0.272866,10050
10,1,561,edgegpu,cifar10,86.880000,1.451068,0.272866,10050
10,2,8525,edgetpu,cifar10,89.320000,0.420874,0.300586,10050
10,2,797,edgetpu,cifar10,93.280000,0.627996,0.300586,10050
10,2,6382,edgetpu,cifar10,93.376660,0.628638,0.300586,10050
10,2,5111,edgetpu,cifar10,94.306660,1.152010,0.300586,10050
10,2,8192,edgetpu,cifar10,93.093330,0.627745,0.300586,10050
10,2,5647,edgetpu,cifar10,89.110000,0.389378,0.300586,10050
10,2,2485,edgetpu,cifar10,86.700000,0.346546,0.300586,10050
10,2,3731,edgetpu,cifar10,94.343330,1.282820,0.300586,10050
10,2,7676,edgetpu,cifar10,92.230000,0.481331,0.300586,10050
10,2,1005,edgetpu,cifar10,89.183334,0.392518,0.300586,10050
10,2,8008,edgetpu,cifar10,93.480000,0.629746,0.300586,10050
10,2,11692,edgetpu,cifar10,94.130000,0.761100,0.300586,10050
10,2,11810,edgetpu,cifar10,92.780000,0.482879,0.300586,10050
10,2,7937,edgetpu,cifar10,88.610000,0.388867,0.300586,10050
10,2,10167,edgetpu,cifar10,92.020000,0.481180,0.300586,10050
10,2,6515,edgetpu,cifar10,93.616670,0.722858,0.300586,10050
10,2,9271,edgetpu,cifar10,89.250000,0.396381,0.300586,10050
10,2,5780,edgetpu,cifar10,93.980000,0.723967,0.300586,10050
10,2,2053,edgetpu,cifar10,94.206665,1.042178,0.300586,10050
10,2,13714,edgetpu,cifar10,94.373340,1.377865,0.300586,10050
10,2,4675,edgetpu,cifar10,89.200000,0.395661,0.300586,10050
10,2,3927,edgetpu,cifar10,93.626660,0.723268,0.300586,10050
10,2,3487,edgetpu,cifar10,93.293335,0.628484,0.300586,10050
10,2,2240,edgetpu,cifar10,91.990000,0.480973,0.300586,10050
10,2,13611,edgetpu,cifar10,92.490000,0.481826,0.300586,10050
10,2,9950,edgetpu,cifar10,93.840000,0.723767,0.300586,10050
10,2,7017,edgetpu,cifar10,86.970000,0.353089,0.300586,10050
10,2,4438,edgetpu,cifar10,92.270000,0.481473,0.300586,10050
10,3,12438,eyeriss,cifar10,89.875000,1.925300,0.251281,10050
10,3,13714,eyeriss,cifar10,94.373340,7.823540,0.251281,10050
10,3,13987,eyeriss,cifar10,93.596664,3.645620,0.251281,10050
10,3,13611,eyeriss,cifar10,92.490000,3.154100,0.251281,10050
10,3,11472,eyeriss,cifar10,93.970000,4.628660,0.251281,10050
10,3,4384,eyeriss,cifar10,86.796670,1.679540,0.251281,10050
10,3,6111,eyeriss,cifar10,94.373340,7.823540,0.251281,10050
10,3,5111,eyeriss,cifar10,94.306660,5.365940,0.251281,10050
10,3,11692,eyeriss,cifar10,94.130000,4.874420,0.251281,10050
10,3,3731,eyeriss,cifar10,94.343330,6.594740,0.251281,10050
10,3,8323,eyeriss,cifar10,90.870000,2.171060,0.251281,10050
10,3,6854,eyeriss,cifar10,91.040000,2.662580,0.251281,10050
10,3,8008,eyeriss,cifar10,93.480000,3.399860,0.251281,10050
10,3,14112,eyeriss,cifar10,91.296670,2.908340,0.251281,10050
10,4,8323,fpga,cifar10,90.870000,2.163360,0.255554,10050
10,4,12438,fpga,cifar10,89.875000,1.648160,0.255554,10050
10,4,5111,fpga,cifar10,94.306660,5.193760,0.255554,10050
10,4,10412,fpga,cifar10,93.530000,3.420960,0.255554,10050
10,4,3731,fpga,cifar10,94.343330,5.936160,0.255554,10050
10,4,6111,fpga,cifar10,94.373340,6.678560,0.255554,10050
10,4,4384,fpga,cifar10,86.796670,1.132960,0.255554,10050
10,4,8008,fpga,cifar10,93.480000,2.905760,0.255554,10050
10,4,13611,fpga,cifar10,92.490000,2.390560,0.255554,10050
10,4,13714,fpga,cifar10,94.373340,6.678560,0.255554,10050
10,4,11472,fpga,cifar10,93.970000,3.648160,0.255554,10050
10,4,6584,fpga,cifar10,94.160000,4.163360,0.255554,10050
10,5,5111,pixel3,cifar10,94.306660,17.584600,0.428229,10050
10,5,5915,pixel3,cifar10,86.846664,1.472530,0.428229,10050
10,5,8695,pixel3,cifar10,94.220000,17.564500,0.428229,10050
10,5,11972,pixel3,cifar10,91.510000,5.627010,0.428229,10050
10,5,6382,pixel3,cifar10,93.376660,7.048190,0.428229,10050
10,5,1778,pixel3,cifar10,92.180000,6.446230,0.428229,10050
10,5,1941,pixel3,cifar10,93.533330,9.128690,0.428229,10050
10,5,6863,pixel3,cifar10,86.740000,1.229320,0.428229,10050
10,5,2035,pixel3,cifar10,89.670000,1.706480,0.428229,10050
10,5,12820,pixel3,cifar10,90.880000,3.982790,0.428229,10050
10,5,3731,pixel3,cifar10,94.343330,23.361300,0.428229,10050
10,5,8592,pixel3,cifar10,93.750000,10.769800,0.428229,10050
10,5,41,pixel3,cifar10,88.670000,1.576940,0.428229,10050
10,5,2018,pixel3,cifar10,94.063330,14.960500,0.428229,10050
10,5,6985,pixel3,cifar10,89.940000,2.367450,0.428229,10050
10,5,9230,pixel3,cifar10,86.580000,1.056760,0.428229,10050
10,5,25,pixel3,cifar10,86.540000,1.054570,0.428229,10050
10,5,13846,pixel3,cifar10,90.720000,3.099760,0.428229,10050
10,5,6111,pixel3,cifar10,94.373340,23.584800,0.428229,10050
10,5,1497,pixel3,cifar10,86.556660,1.056630,0.428229,10050
10,5,6999,pixel3,cifar10,93.820000,12.260900,0.428229,10050
10,5,8323,pixel3,cifar10,90.870000,3.106420,0.428229,10050
10,5,8720,pixel3,cifar10,89.875000,2.362840,0.428229,10050
10,5,1425,pixel3,cifar10,93.933334,12.536500,0.428229,10050
10,5,1852,pixel3,cifar10,10.000000,0.003285,0.428229,10050
10,5,3385,pixel3,cifar10,93.990000,13.656500,0.428229,10050
10,5,11692,pixel3,cifar10,94.130000,15.490100,0.428229,10050
10,5,13171,pixel3,cifar10,93.530000,7.717220,0.428229,10050
10,5,7197,pixel3,cifar10,90.366670,2.447670,0.428229,10050
10,5,6584,pixel3,cifar10,94.160000,15.720300,0.428229,10050
10,5,13987,pixel3,cifar10,93.596664,9.922680,0.428229,10050
10,5,1339,pixel3,cifar10,92.136665,5.802240,0.428229,10050
10,5,4554,pixel3,cifar10,86.670000,1.114880,0.428229,10050
10,5,6491,pixel3,cifar10,89.803340,2.032570,0.428229,10050
10,5,6918,pixel3,cifar10,87.000000,1.478790,0.428229,10050
10,5,4432,pixel3,cifar10,90.700000,2.826310,0.428229,10050
10,5,4627,pixel3,cifar10,93.270000,7.036050,0.428229,10050
10,5,6854,pixel3,cifar10,91.040000,4.514220,0.428229,10050
10,5,1943,pixel3,cifar10,93.116670,6.492030,0.428229,10050
10,5,1804,pixel3,cifar10,89.063330,1.579900,0.428229,10050
10,6,7030,raspi4,cifar10,93.173330,20.230932,0.346430,10050
10,6,9032,raspi4,cifar10,90.740000,7.447299,0.346430,10050
10,6,5940,raspi4,cifar10,91.056660,12.563456,0.346430,10050
10,6,13611,raspi4,cifar10,92.490000,18.523302,0.346430,10050
10,6,6111,raspi4,cifar10,94.373340,68.404106,0.346430,10050
10,6,11692,raspi4,cifar10,94.130000,37.583630,0.346430,10050
10,6,6382,raspi4,cifar10,93.376660,21.461164,0.346430,10050
10,6,5111,raspi4,cifar10,94.306660,41.756905,0.346430,10050
10,6,2035,raspi4,cifar10,89.670000,4.984099,0.346430,10050
10,6,6953,raspi4,cifar10,91.990000,15.601654,0.346430,10050
10,6,5780,raspi4,cifar10,93.980000,34.928463,0.346430,10050
10,6,9051,raspi4,cifar10,10.000000,0.011330,0.346430,10050
10,6,3731,raspi4,cifar10,94.343330,58.070793,0.346430,10050
10,6,8426,raspi4,cifar10,93.840000,31.394428,0.346430,10050
10,6,7207,raspi4,cifar10,89.803340,5.099723,0.346430,10050
10,6,4659,raspi4,cifar10,93.396670,22.249382,0.346430,10050
10,6,4689,raspi4,cifar10,90.720000,7.356712,0.346430,10050
10,6,6960,raspi4,cifar10,92.280000,17.162752,0.346430,10050
10,6,6918,raspi4,cifar10,87.000000,2.787590,0.346430,10050
10,6,13869,raspi4,cifar10,93.656670,25.787006,0.346430,10050
10,6,7017,raspi4,cifar10,86.970000,2.544041,0.346430,10050
10,6,10412,raspi4,cifar10,93.530000,25.079220,0.346430,10050
10,6,1941,raspi4,cifar10,93.533330,25.121769,0.346430,10050
10,6,11810,raspi4,cifar10,92.780000,18.619905,0.346430,10050
10,6,735,raspi4,cifar10,90.760000,9.699143,0.346430,10050
10,6,3687,raspi4,cifar10,89.820000,5.156255,0.346430,10050
10,6,12970,raspi4,cifar10,90.970000,11.904152,0.346430,10050
10,6,6584,raspi4,cifar10,94.160000,38.818527,0.346430,10050
10,6,1962,raspi4,cifar10,86.530000,2.529453,0.346430,10050
10,6,14565,raspi4,cifar10,88.880000,4.781183,0.346430,10050
10,6,4432,raspi4,cifar10,90.700000,7.290926,0.346430,10050
10,6,12505,raspi4,cifar10,92.150000,16.747276,0.346430,10050
10,6,1804,raspi4,cifar10,89.063330,4.791845,0.346430,10050
10,6,9380,raspi4,cifar10,89.335000,4.875613,0.346430,10050
10,6,8008,raspi4,cifar10,93.480000,22.571420,0.346430,10050
10,6,7058,raspi4,cifar10,92.040000,16.469465,0.346430,10050
10,6,9271,raspi4,cifar10,89.250000,4.830311,0.346430,10050
10,6,15032,raspi4,cifar10,90.820000,9.847136,0.346430,10050
10,6,14677,raspi4,cifar10,88.670000,4.755260,0.346430,10050
10,6,1781,raspi4,cifar10,89.883330,5.961801,0.346430,10050
10,7,8912,edgegpu,cifar100,59.200000,1.441355,0.327924,10050
10,7,6381,edgegpu,cifar100,66.800000,1.753340,0.327924,10050
10,7,14089,edgegpu,cifar100,61.806667,1.752892,0.327924,10050
10,7,8734,edgegpu,cifar100,67.500000,1.777978,0.327924,10050
10,7,11810,edgegpu,cifar100,68.300000,1.779551,0.327924,10050
10,7,14984,edgegpu,cifar100,67.166664,1.760831,0.327924,10050
10,7,11438,edgegpu,cifar100,67.700000,1.778135,0.327924,10050
10,7,4954,edgegpu,cifar100,73.000000,6.669736,0.327924,10050
10,7,9997,edgegpu,cifar100,71.520000,3.466139,0.327924,10050
10,7,4418,edgegpu,cifar100,72.746666,5.352364,0.327924,10050
10,7,9930,edgegpu,cifar100,73.513336,6.803060,0.327924,10050
10,7,3888,edgegpu,cifar100,73.260000,6.797867,0.327924,10050
10,7,8401,edgegpu,cifar100,71.080000,3.302102,0.327924,10050
10,7,2778,edgegpu,cifar100,72.993330,6.134028,0.327924,10050
10,7,9922,edgegpu,cifar100,58.560000,1.428552,0.327924,10050
10,7,6124,edgegpu,cifar100,68.360000,3.185835,0.327924,10050
10,7,12415,edgegpu,cifar100,71.940000,4.828467,0.327924,10050
10,7,14300,edgegpu,cifar100,67.300000,1.765666,0.327924,10050
10,7,2304,edgegpu,cifar100,58.660000,1.440253,0.327924,10050
10,7,13699,edgegpu,cifar100,1.000000,0.533452,0.327924,10050
10,7,1425,edgegpu,cifar100,72.093330,5.310225,0.327924,10050
10,8,8401,edgetpu,cifar100,71.080000,0.728572,0.282238,10050
10,8,6946,edgetpu,cifar100,67.500000,0.486233,0.282238,10050
10,8,11810,edgetpu,cifar100,68.300000,0.492126,0.282238,10050
10,8,1425,edgetpu,cifar100,72.093330,0.910660,0.282238,10050
10,8,777,edgetpu,cifar100,58.650000,0.355588,0.282238,10050
10,8,12415,edgetpu,cifar100,71.940000,0.872299,0.282238,10050
10,8,15363,edgetpu,cifar100,70.520000,0.676394,0.282238,10050
10,8,857,edgetpu,cifar100,72.880000,1.264168,0.282238,10050
10,8,9271,edgetpu,cifar100,63.400000,0.393151,0.282238,10050
10,8,577,edgetpu,cifar100,69.680000,0.635228,0.282238,10050
10,8,4418,edgetpu,cifar100,72.746666,1.093699,0.282238,10050
10,8,3888,edgetpu,cifar100,73.260000,1.316226,0.282238,10050
10,8,8912,edgetpu,cifar100,59.200000,0.377698,0.282238,10050
10,8,12574,edgetpu,cifar100,72.740000,0.932430,0.282238,10050
10,8,9930,edgetpu,cifar100,73.513336,1.454107,0.282238,10050
10,8,4627,edgetpu,cifar100,69.600000,0.635153,0.282238,10050
10,8,1110,edgetpu,cifar100,58.840000,0.355938,0.282238,10050
10,8,14945,edgetpu,cifar100,58.500000,0.354940,0.282238,10050
10,8,797,edgetpu,cifar100,69.580000,0.633351,0.282238,10050
10,8,10000,edgetpu,cifar100,73.160000,1.283461,0.282238,10050
10,8,8032,edgetpu,cifar100,67.600000,0.487441,0.282238,10050
10,8,12761,edgetpu,cifar100,72.860000,1.225212,0.282238,10050
10,8,9997,edgetpu,cifar100,71.520000,0.729986,0.282238,10050
10,8,2705,edgetpu,cifar100,62.813330,0.393026,0.282238,10050
10,8,5019,edgetpu,cifar100,58.880000,0.357058,0.282238,10050
10,8,1383,edgetpu,cifar100,70.273330,0.673722,0.282238,10050
10,8,8638,edgetpu,cifar100,58.860000,0.356631,0.282238,10050
10,8,69,edgetpu,cifar100,71.020000,0.727259,0.282238,10050
10,8,13829,edgetpu,cifar100,66.873340,0.485137,0.282238,10050
10,8,4659,edgetpu,cifar100,70.060000,0.636433,0.282238,10050
10,8,4155,edgetpu,cifar100,62.306667,0.391442,0.282238,10050
10,8,781,edgetpu,cifar100,67.960000,0.487922,0.282238,10050
10,8,11533,edgetpu,cifar100,69.760000,0.635877,0.282238,10050
10,9,4659,eyeriss,cifar100,70.060000,3.402880,0.235558,10050
10,9,12761,eyeriss,cifar100,72.860000,6.352000,0.235558,10050
10,9,12820,eyeriss,cifar100,67.720000,2.419840,0.235558,10050
10,9,3540,eyeriss,cifar100,71.500000,4.877440,0.235558,10050
10,9,9930,eyeriss,cifar100,73.513336,9.055360,0.235558,10050
10,9,5084,eyeriss,cifar100,58.813330,1.682560,0.235558,10050
10,9,11301,eyeriss,cifar100,68.220000,2.665600,0.235558,10050
10,9,6925,eyeriss,cifar100,71.220000,3.894400,0.235558,10050
10,9,12574,eyeriss,cifar100,72.740000,5.123200,0.235558,10050
10,9,10689,eyeriss,cifar100,67.500000,2.174080,0.235558,10050
10,9,3888,eyeriss,cifar100,73.260000,6.597760,0.235558,10050
10,9,6787,eyeriss,cifar100,70.720000,3.648640,0.235558,10050
10,9,3687,eyeriss,cifar100,64.460000,1.928320,0.235558,10050
10,10,1425,fpga,cifar100,72.093330,4.678560,0.270557,10050
10,10,11878,fpga,cifar100,65.060000,2.057760,0.270557,10050
10,10,9930,fpga,cifar100,73.513336,7.420960,0.270557,10050
10,10,69,fpga,cifar100,71.020000,3.648160,0.270557,10050
10,10,11979,fpga,cifar100,68.000000,2.800160,0.270557,10050
10,10,5084,fpga,cifar100,58.813330,1.132960,0.270557,10050
10,10,3888,fpga,cifar100,73.260000,5.936160,0.270557,10050
10,10,898,fpga,cifar100,70.000000,2.905760,0.270557,10050
10,10,12761,fpga,cifar100,72.860000,5.420960,0.270557,10050
10,10,3687,fpga,cifar100,64.460000,1.648160,0.270557,10050
10,10,3540,fpga,cifar100,71.500000,4.163360,0.270557,10050
10,10,6787,fpga,cifar100,70.720000,3.420960,0.270557,10050
10,10,10689,fpga,cifar100,67.500000,2.163360,0.270557,10050
10,10,6830,fpga,cifar100,71.460000,4.057760,0.270557,10050
10,10,15033,fpga,cifar100,67.793335,2.390560,0.270557,10050
10,11,3888,pixel3,cifar100,73.260000,23.477200,0.320222,10050
10,11,6787,pixel3,cifar100,70.720000,9.854430,0.320222,10050
10,11,6985,pixel3,cifar100,64.160000,2.372000,0.320222,10050
10,11,857,pixel3,cifar100,72.880000,19.113200,0.320222,10050
10,11,14253,pixel3,cifar100,70.860000,10.679300,0.320222,10050
10,11,1409,pixel3,cifar100,58.853333,1.275090,0.320222,10050
10,11,9649,pixel3,cifar100,64.540000,2.536210,0.320222,10050
10,11,14112,pixel3,cifar100,68.386665,5.745320,0.320222,10050
10,11,906,pixel3,cifar100,62.393333,1.661810,0.320222,10050
10,11,6925,pixel3,cifar100,71.220000,10.688000,0.320222,10050
10,11,699,pixel3,cifar100,72.240000,12.079400,0.320222,10050
10,11,1450,pixel3,cifar100,70.506670,9.337360,0.320222,10050
10,11,978,pixel3,cifar100,64.180000,2.372340,0.320222,10050
10,11,6337,pixel3,cifar100,1.000000,0.008753,0.320222,10050
10,11,5019,pixel3,cifar100,58.880000,1.483640,0.320222,10050
10,11,9930,pixel3,cifar100,73.513336,42.003600,0.320222,10050
10,11,898,pixel3,cifar100,70.000000,6.516140,0.320222,10050
10,11,8638,pixel3,cifar100,58.860000,1.478570,0.320222,10050
10,11,1558,pixel3,cifar100,64.020000,1.705220,0.320222,10050
10,11,4409,pixel3,cifar100,67.173330,3.113370,0.320222,10050
10,11,1781,pixel3,cifar100,64.326670,2.386170,0.320222,10050
10,11,724,pixel3,cifar100,67.053340,2.875650,0.320222,10050
10,11,15589,pixel3,cifar100,59.060000,1.483890,0.320222,10050
10,11,1459,pixel3,cifar100,73.140000,23.437900,0.320222,10050
10,11,12574,pixel3,cifar100,72.740000,16.473900,0.320222,10050
10,11,12970,pixel3,cifar100,68.140000,4.782110,0.320222,10050
10,11,15363,pixel3,cifar100,70.520000,9.708640,0.320222,10050
10,11,1357,pixel3,cifar100,67.480000,3.998260,0.320222,10050
10,11,1090,pixel3,cifar100,65.220000,2.811310,0.320222,10050
10,11,2649,pixel3,cifar100,64.446660,2.496890,0.320222,10050
10,11,11973,pixel3,cifar100,70.340000,8.988510,0.320222,10050
10,11,858,pixel3,cifar100,64.133330,2.003500,0.320222,10050
10,11,777,pixel3,cifar100,58.650000,1.087020,0.320222,10050
10,12,6918,raspi4,cifar100,58.800000,2.571364,0.314920,10050
10,12,4659,raspi4,cifar100,70.060000,21.672482,0.314920,10050
10,12,7891,raspi4,cifar100,67.550000,12.536592,0.314920,10050
10,12,1459,raspi4,cifar100,73.140000,53.879950,0.314920,10050
10,12,4731,raspi4,cifar100,67.046670,7.444095,0.314920,10050
10,12,12574,raspi4,cifar100,72.740000,36.371254,0.314920,10050
10,12,3888,raspi4,cifar100,73.260000,55.029520,0.314920,10050
10,12,6822,raspi4,cifar100,58.426666,2.558594,0.314920,10050
10,12,15363,raspi4,cifar100,70.520000,21.809430,0.314920,10050
10,12,10222,raspi4,cifar100,58.860000,2.747804,0.314920,10050
10,12,1572,raspi4,cifar100,69.900000,19.916142,0.314920,10050
10,12,375,raspi4,cifar100,64.440000,5.099302,0.314920,10050
10,12,14112,raspi4,cifar100,68.386665,14.423308,0.314920,10050
10,12,15589,raspi4,cifar100,59.060000,2.795078,0.314920,10050
10,12,14714,raspi4,cifar100,71.280000,24.692347,0.314920,10050
10,12,15246,raspi4,cifar100,66.966670,7.350053,0.314920,10050
10,12,6787,raspi4,cifar100,70.720000,23.081835,0.314920,10050
10,12,4418,raspi4,cifar100,72.746666,47.162354,0.314920,10050
10,12,12915,raspi4,cifar100,66.950000,7.226311,0.314920,10050
10,12,1939,raspi4,cifar100,70.760000,24.555029,0.314920,10050
10,12,1357,raspi4,cifar100,67.480000,10.177114,0.314920,10050
10,12,12761,raspi4,cifar100,72.860000,53.718200,0.314920,10050
10,12,12607,raspi4,cifar100,62.600000,4.779045,0.314920,10050
10,12,9271,raspi4,cifar100,63.400000,4.800893,0.314920,10050
10,12,5651,raspi4,cifar100,64.690000,5.126510,0.314920,10050
10,12,9762,raspi4,cifar100,67.080000,9.740194,0.314920,10050
10,12,1616,raspi4,cifar100,63.946667,5.080509,0.314920,10050
10,12,898,raspi4,cifar100,70.000000,21.506163,0.314920,10050
10,12,2035,raspi4,cifar100,63.926666,5.005698,0.314920,10050
10,12,14792,raspi4,cifar100,69.500000,19.111843,0.314920,10050
10,12,9394,raspi4,cifar100,58.110000,2.552768,0.314920,10050
10,12,9930,raspi4,cifar100,73.513336,71.152000,0.314920,10050
10,12,8740,raspi4,cifar100,1.000000,0.015215,0.314920,10050
10,13,4988,edgegpu,ImageNet16-120,28.933332,1.448212,0.317655,10050
10,13,7187,edgegpu,ImageNet16-120,28.683332,1.443858,0.317655,10050
10,13,7760,edgegpu,ImageNet16-120,39.100000,1.743751,0.317655,10050
10,13,4587,edgegpu,ImageNet16-120,28.800000,1.445131,0.317655,10050
10,13,8884,edgegpu,ImageNet16-120,45.033333,3.499999,0.317655,10050
10,13,9722,edgegpu,ImageNet16-120,44.000000,3.327813,0.317655,10050
10,13,2650,edgegpu,ImageNet16-120,42.433334,3.309817,0.317655,10050
10,13,8426,edgegpu,ImageNet16-120,44.633335,3.370147,0.317655,10050
10,13,11217,edgegpu,ImageNet16-120,43.466667,3.316708,0.317655,10050
10,13,8401,edgegpu,ImageNet16-120,43.833332,3.322444,0.317655,10050
10,13,6636,edgegpu,ImageNet16-120,40.544445,3.305931,0.317655,10050
10,13,4160,edgegpu,ImageNet16-120,39.833332,1.756272,0.317655,10050
10,13,15376,edgegpu,ImageNet16-120,0.833333,0.533953,0.317655,10050
10,13,14840,edgegpu,ImageNet16-120,45.311110,4.224715,0.317655,10050
10,13,4946,edgegpu,ImageNet16-120,44.700000,3.490419,0.317655,10050
10,13,9586,edgegpu,ImageNet16-120,46.933334,5.222673,0.317655,10050
10,13,10947,edgegpu,ImageNet16-120,39.944443,1.909800,0.317655,10050
10,13,15288,edgegpu,ImageNet16-120,28.422222,1.417041,0.317655,10050
10,13,12415,edgegpu,ImageNet16-120,46.566666,4.667692,0.317655,10050
10,13,1164,edgegpu,ImageNet16-120,28.522223,1.435223,0.317655,10050
10,13,14117,edgegpu,ImageNet16-120,28.677778,1.435547,0.317655,10050
10,13,4332,edgegpu,ImageNet16-120,39.444443,1.745496,0.317655,10050
10,13,14612,edgegpu,ImageNet16-120,28.488890,1.434064,0.317655,10050
10,13,15159,edgegpu,ImageNet16-120,45.566666,4.632421,0.317655,10050
10,13,6950,edgegpu,ImageNet16-120,38.700000,1.740150,0.317655,10050
10,14,7431,edgetpu,ImageNet16-120,32.577778,0.363954,0.282305,10050
10,14,857,edgetpu,ImageNet16-120,47.311110,0.997730,0.282305,10050
10,14,10750,edgetpu,ImageNet16-120,44.600000,0.615553,0.282305,10050
10,14,8781,edgetpu,ImageNet16-120,32.366665,0.363484,0.282305,10050
10,14,4830,edgetpu,ImageNet16-120,42.233334,0.549457,0.282305,10050
10,14,4988,edgetpu,ImageNet16-120,28.933332,0.360694,0.282305,10050
10,14,15363,edgetpu,ImageNet16-120,44.333332,0.582280,0.282305,10050
10,14,15383,edgetpu,ImageNet16-120,47.033333,0.780914,0.282305,10050
10,14,10017,edgetpu,ImageNet16-120,40.566666,0.524950,0.282305,10050
10,14,3540,edgetpu,ImageNet16-120,45.122223,0.648670,0.282305,10050
10,14,6960,edgetpu,ImageNet16-120,39.566666,0.429523,0.282305,10050
10,14,7273,edgetpu,ImageNet16-120,42.966667,0.550014,0.282305,10050
10,14,13769,edgetpu,ImageNet16-120,41.555557,0.549360,0.282305,10050
10,14,12415,edgetpu,ImageNet16-120,46.566666,0.710906,0.282305,10050
10,14,7750,edgetpu,ImageNet16-120,43.066666,0.551617,0.282305,10050
10,14,13931,edgetpu,ImageNet16-120,28.788889,0.360349,0.282305,10050
10,14,5751,edgetpu,ImageNet16-120,40.044445,0.516992,0.282305,10050
10,14,1973,edgetpu,ImageNet16-120,38.855556,0.427802,0.282305,10050
10,14,15014,edgetpu,ImageNet16-120,28.266666,0.358110,0.282305,10050
10,14,5302,edgetpu,ImageNet16-120,38.833332,0.427711,0.282305,10050
10,14,10167,edgetpu,ImageNet16-120,39.944443,0.444058,0.282305,10050
10,14,14840,edgetpu,ImageNet16-120,45.311110,0.666690,0.282305,10050
10,14,2908,edgetpu,ImageNet16-120,40.022220,0.516595,0.282305,10050
10,14,1996,edgetpu,ImageNet16-120,39.011112,0.429174,0.282305,10050
10,14,6162,edgetpu,ImageNet16-120,39.200000,0.429288,0.282305,10050
10,14,8008,edgetpu,ImageNet16-120,43.500000,0.552480,0.282305,10050
10,14,14677,edgetpu,ImageNet16-120,33.233334,0.364575,0.282305,10050
10,15,8853,eyeriss,ImageNet16-120,45.600000,1.037440,0.249516,10050
10,15,8008,eyeriss,ImageNet16-120,43.500000,0.853120,0.249516,10050
10,15,2835,eyeriss,ImageNet16-120,38.222220,0.545920,0.249516,10050
10,15,14417,eyeriss,ImageNet16-120,45.900000,1.098880,0.249516,10050
10,15,15363,eyeriss,ImageNet16-120,44.333332,0.914560,0.249516,10050
10,15,857,eyeriss,ImageNet16-120,47.311110,1.651840,0.249516,10050
10,15,15383,eyeriss,ImageNet16-120,47.033333,1.283200,0.249516,10050
10,15,4988,eyeriss,ImageNet16-120,28.933332,0.423040,0.249516,10050
10,15,4829,eyeriss,ImageNet16-120,34.200000,0.484480,0.249516,10050
10,15,1939,eyeriss,ImageNet16-120,45.077778,0.976000,0.249516,10050
10,15,735,eyeriss,ImageNet16-120,38.544445,0.607360,0.249516,10050
10,15,6854,eyeriss,ImageNet16-120,40.800000,0.668800,0.249516,10050
10,16,6868,fpga,ImageNet16-120,39.000000,0.649120,0.278693,10050
10,16,6854,fpga,ImageNet16-120,40.800000,0.809120,0.278693,10050
10,16,14748,fpga,ImageNet16-120,44.900000,0.995200,0.278693,10050
10,16,11593,fpga,ImageNet16-120,40.166668,0.780320,0.278693,10050
10,16,15383,fpga,ImageNet16-120,47.033333,1.504000,0.278693,10050
10,16,6787,fpga,ImageNet16-120,44.400000,0.969600,0.278693,10050
10,16,2835,fpga,ImageNet16-120,38.222220,0.546720,0.278693,10050
10,16,5390,fpga,ImageNet16-120,43.100000,0.902400,0.278693,10050
10,16,857,fpga,ImageNet16-120,47.311110,2.038400,0.278693,10050
10,16,1939,fpga,ImageNet16-120,45.077778,1.062400,0.278693,10050
10,16,4988,fpga,ImageNet16-120,28.933332,0.284320,0.278693,10050
10,16,15446,fpga,ImageNet16-120,45.766666,1.116320,0.278693,10050
10,16,5793,fpga,ImageNet16-120,35.033333,0.517920,0.278693,10050
10,16,3261,fpga,ImageNet16-120,43.022220,0.876800,0.278693,10050
10,16,6519,fpga,ImageNet16-120,40.183334,0.784000,0.278693,10050
10,16,4829,fpga,ImageNet16-120,34.200000,0.415520,0.278693,10050
10,17,2050,pixel3,ImageNet16-120,0.833333,0.005526,0.349663,10050
10,17,3960,pixel3,ImageNet16-120,37.755554,0.865747,0.349663,10050
10,17,8584,pixel3,ImageNet16-120,34.088890,0.664046,0.349663,10050
10,17,11000,pixel3,ImageNet16-120,44.866665,2.962520,0.349663,10050
10,17,4977,pixel3,ImageNet16-120,32.966667,0.617991,0.349663,10050
10,17,5111,pixel3,ImageNet16-120,46.588890,5.571030,0.349663,10050
10,17,12156,pixel3,ImageNet16-120,46.550000,5.198720,0.349663,10050
10,17,4384,pixel3,ImageNet16-120,28.133333,0.421612,0.349663,10050
10,17,898,pixel3,ImageNet16-120,42.466667,2.467210,0.349663,10050
10,17,8954,pixel3,ImageNet16-120,28.733334,0.424855,0.349663,10050
10,17,3385,pixel3,ImageNet16-120,46.400000,4.973160,0.349663,10050
10,17,12639,pixel3,ImageNet16-120,40.400000,1.304440,0.349663,10050
10,17,4004,pixel3,ImageNet16-120,42.811110,2.467510,0.349663,10050
10,17,8853,pixel3,ImageNet16-120,45.600000,3.554540,0.349663,10050
10,17,4587,pixel3,ImageNet16-120,28.800000,0.445767,0.349663,10050
10,17,12466,pixel3,ImageNet16-120,46.100000,4.680280,0.349663,10050
10,17,735,pixel3,ImageNet16-120,38.544445,1.107950,0.349663,10050
10,17,11079,pixel3,ImageNet16-120,43.566666,2.479610,0.349663,10050
10,17,12355,pixel3,ImageNet16-120,45.033333,2.989390,0.349663,10050
10,17,4675,pixel3,ImageNet16-120,33.100000,0.620036,0.349663,10050
10,17,6294,pixel3,ImageNet16-120,38.011112,0.869124,0.349663,10050
10,17,1110,pixel3,ImageNet16-120,28.600000,0.423927,0.349663,10050
10,17,5374,pixel3,ImageNet16-120,46.766666,6.317500,0.349663,10050
10,17,10154,pixel3,ImageNet16-120,46.133335,4.783700,0.349663,10050
10,17,1425,pixel3,ImageNet16-120,45.977780,4.619290,0.349663,10050
10,17,3650,pixel3,ImageNet16-120,43.866665,2.716840,0.349663,10050
10,17,9496,pixel3,ImageNet16-120,38.200000,1.024960,0.349663,10050
10,17,12452,pixel3,ImageNet16-120,40.533333,1.504410,0.349663,10050
10,17,6854,pixel3,ImageNet16-120,40.800000,1.621620,0.349663,10050
10,17,10340,pixel3,ImageNet16-120,31.522223,0.617772,0.349663,10050
10,17,12424,pixel3,ImageNet16-120,43.133330,2.470150,0.349663,10050
10,17,10699,pixel3,ImageNet16-120,46.833332,6.353010,0.349663,10050
10,17,25,pixel3,ImageNet16-120,28.300000,0.422510,0.349663,10050
10,17,1939,pixel3,ImageNet16-120,45.077778,3.021500,0.349663,10050
10,17,5393,pixel3,ImageNet16-120,37.300000,0.863687,0.349663,10050
10,17,10888,pixel3,ImageNet16-120,28.333334,0.422652,0.349663,10050
10,17,6014,pixel3,ImageNet16-120,28.533333,0.423391,0.349663,10050
10,17,12103,pixel3,ImageNet16-120,28.250000,0.422433,0.349663,10050
10,17,3728,pixel3,ImageNet16-120,28.500000,0.422880,0.349663,10050
10,17,1549,pixel3,ImageNet16-120,28.655556,0.424747,0.349663,10050
10,17,4361,pixel3,ImageNet16-120,45.744446,4.605970,0.349663,10050
10,17,12857,pixel3,ImageNet16-120,37.700000,0.864750,0.349663,10050
10,18,11946,raspi4,ImageNet16-120,28.200000,0.940293,0.388769,10050
10,18,11177,raspi4,ImageNet16-120,33.200000,1.573414,0.388769,10050
10,18,9496,raspi4,ImageNet16-120,38.200000,2.204048,0.388769,10050
10,18,1939,raspi4,ImageNet16-120,45.077778,5.341908,0.388769,10050
10,18,1204,raspi4,ImageNet16-120,37.844444,2.199356,0.388769,10050
10,18,4829,raspi4,ImageNet16-120,34.200000,1.614683,0.388769,10050
10,18,14417,raspi4,ImageNet16-120,45.900000,6.948865,0.388769,10050
10,18,8736,raspi4,ImageNet16-120,45.700000,6.658077,0.388769,10050
10,18,8884,raspi4,ImageNet16-120,45.033333,5.293177,0.388769,10050
10,18,7227,raspi4,ImageNet16-120,32.533333,1.530737,0.388769,10050
10,18,10217,raspi4,ImageNet16-120,45.100000,6.109362,0.388769,10050
10,18,10472,raspi4,ImageNet16-120,39.633335,3.079679,0.388769,10050
10,18,6787,raspi4,ImageNet16-120,44.400000,4.532777,0.388769,10050
10,18,2018,raspi4,ImageNet16-120,46.433334,7.482383,0.388769,10050
10,18,4988,raspi4,ImageNet16-120,28.933332,1.003251,0.388769,10050
10,18,3687,raspi4,ImageNet16-120,34.066666,1.583497,0.388769,10050
10,18,3431,raspi4,ImageNet16-120,32.966667,1.536690,0.388769,10050
10,18,11584,raspi4,ImageNet16-120,46.666668,8.014434,0.388769,10050
10,18,11079,raspi4,ImageNet16-120,43.566666,3.802027,0.388769,10050
10,18,857,raspi4,ImageNet16-120,47.311110,9.020064,0.388769,10050
10,18,3782,raspi4,ImageNet16-120,41.866665,3.755286,0.388769,10050
10,18,6519,raspi4,ImageNet16-120,40.183334,3.212652,0.388769,10050
10,18,13284,raspi4,ImageNet16-120,40.177776,3.191073,0.388769,10050
10,18,9032,raspi4,ImageNet16-120,38.016666,2.201532,0.388769,10050
10,18,933,raspi4,ImageNet16-120,0.833333,0.011514,0.388769,10050
10,18,12639,raspi4,ImageNet16-120,40.400000,3.628959,0.388769,10050
10,18,5973,raspi4,ImageNet16-120,40.100000,3.159922,0.388769,10050
10,18,10835,raspi4,ImageNet16-120,45.233334,6.632419,0.388769,10050
10,18,13931,raspi4,ImageNet16-120,28.788889,0.956195,0.388769,10050
10,18,2649,raspi4,ImageNet16-120,33.788887,1.582191,0.388769,10050
10,18,8426,raspi4,ImageNet16-120,44.633335,5.288439,0.388769,10050
10,18,6336,raspi4,ImageNet16-120,39.366665,3.073392,0.388769,10050
10,18,380,raspi4,ImageNet16-120,38.900000,3.038936,0.388769,10050
10,18,15383,raspi4,ImageNet16-120,47.033333,8.565354,0.388769,10050
10,18,11209,raspi4,ImageNet16-120,33.266666,1.580655,0.388769,10050
10,18,5487,raspi4,ImageNet16-120,38.500000,3.019000,0.388769,10050
10,18,3650,raspi4,ImageNet16-120,43.866665,4.475790,0.388769,10050
10,18,4995,raspi4,ImageNet16-120,42.166668,3.766336,0.388769,10050
10,18,41,raspi4,ImageNet16-120,32.388890,1.528043,0.388769,10050
10,18,1413,raspi4,ImageNet16-120,42.711113,3.788479,0.388769,10050
10,18,12505,raspi4,ImageNet16-120,39.283333,3.062432,0.388769,10050
10,18,45,raspi4,ImageNet16-120,33.611110,1.581422,0.388769,10050
10,18,2779,raspi4,ImageNet16-120,37.355556,2.190654,0.388769,10050
10,18,15107,raspi4,ImageNet16-120,39.800000,3.083329,0.388769,10050
10,18,13771,raspi4,ImageNet16-120,32.744446,1.533813,0.388769,10050
10,18,4675,raspi4,ImageNet16-120,33.100000,1.544321,0.388769,10050
10,18,6854,raspi4,ImageNet16-120,40.800000,3.661016,0.388769,10050
10,18,3960,raspi4,ImageNet16-120,37.755554,2.197980,0.388769,10050
10,18,219,raspi4,ImageNet16-120,42.500000,3.768475,0.388769,10050
