run_id,context_id,archid,device,dataset,accuracy,latency,runtime_sec,evaluations
1,1,11438,edgegpu,cifar10,92.500000,1.846719,0.806885,16453
1,1,5292,edgegpu,cifar10,94.293335,6.663151,0.806885,16453
1,1,13714,edgegpu,cifar10,94.373340,6.772180,0.806885,16453
1,1,14527,edgegpu,cifar10,86.765000,1.439619,0.806885,16453
1,1,13401,edgegpu,cifar10,87.010000,1.457009,0.806885,16453
1,1,5400,edgegpu,cifar10,86.630000,1.427460,0.806885,16453
1,1,6330,edgegpu,cifar10,94.006670,4.384699,0.806885,16453
1,1,2053,edgegpu,cifar10,94.206665,5.482254,0.806885,16453
1,1,14407,edgegpu,cifar10,86.770000,1.440282,0.806885,16453
1,1,258,edgegpu,cifar10,93.640000,3.307109,0.806885,16453
1,1,10484,edgegpu,cifar10,93.810000,3.354015,0.806885,16453
1,1,1459,edgegpu,cifar10,94.296670,6.748991,0.806885,16453
1,1,6950,edgegpu,cifar10,92.000000,1.738467,0.806885,16453
1,1,6499,edgegpu,cifar10,93.645000,3.331041,0.806885,16453
1,1,1339,edgegpu,cifar10,92.136665,1.751881,0.806885,16453
1,1,14090,edgegpu,cifar10,92.086670,1.749086,0.806885,16453
1,1,5780,edgegpu,cifar10,93.980000,3.361888,0.806885,16453
1,1,11810,edgegpu,cifar10,92.780000,1.992798,0.806885,16453
1,1,9099,edgegpu,cifar10,93.940000,3.357520,0.806885,16453
1,1,6960,edgegpu,cifar10,92.280000,1.764450,0.806885,16453
1,1,561,edgegpu,cifar10,86.880000,1.451068,0.806885,16453
1,1,11692,edgegpu,cifar10,94.130000,4.708362,0.806885,16453
1,1,8421,edgegpu,cifar10,10.000000,0.538597,0.806885,16453
1,1,2776,edgegpu,cifar10,93.666664,3.331194,0.806885,16453
1,1,1549,edgegpu,cifar10,86.710000,1.436324,0.806885,16453
1,2,9689,edgetpu,cifar10,93.370000,0.628386,0.608176,16076
1,2,13714,edgetpu,cifar10,94.373340,1.377865,0.608176,16076
1,2,9950,edgetpu,cifar10,93.840000,0.723767,0.608176,16076
1,2,9380,edgetpu,cifar10,89.335000,0.395662,0.608176,16076
1,2,11692,edgetpu,cifar10,94.130000,0.761100,0.608176,16076
1,2,12439,edgetpu,cifar10,86.393330,0.352159,0.608176,16076
1,2,5111,edgetpu,cifar10,94.306660,1.152010,0.608176,16076
1,2,8192,edgetpu,cifar10,93.093330,0.627745,0.608176,16076
1,2,10683,edgetpu,cifar10,92.330000,0.481277,0.608176,16076
1,2,6382,edgetpu,cifar10,93.376660,0.628638,0.608176,16076
1,2,797,edgetpu,cifar10,93.280000,0.627996,0.608176,16076
1,2,13611,edgetpu,cifar10,92.490000,0.481826,0.608176,16076
1,2,6918,edgetpu,cifar10,87.000000,0.375819,0.608176,16076
1,2,8008,edgetpu,cifar10,93.480000,0.629746,0.608176,16076
1,2,9722,edgetpu,cifar10,93.540000,0.723575,0.608176,16076
1,2,2053,edgetpu,cifar10,94.206665,1.042178,0.608176,16076
1,2,7937,edgetpu,cifar10,88.610000,0.388867,0.608176,16076
1,2,10293,edgetpu,cifar10,86.513336,0.352328,0.608176,16076
1,2,11438,edgetpu,cifar10,92.500000,0.482393,0.608176,16076
1,2,11810,edgetpu,cifar10,92.780000,0.482879,0.608176,16076
1,2,7017,edgetpu,cifar10,86.970000,0.353089,0.608176,16076
1,2,3731,edgetpu,cifar10,94.343330,1.282820,0.608176,16076
1,2,11112,edgetpu,cifar10,92.110000,0.480732,0.608176,16076
1,2,4161,edgetpu,cifar10,89.250000,0.391221,0.608176,16076
1,2,15000,edgetpu,cifar10,92.400000,0.481741,0.608176,16076
1,2,9817,edgetpu,cifar10,93.490000,0.723286,0.608176,16076
1,2,5780,edgetpu,cifar10,93.980000,0.723967,0.608176,16076
1,2,5647,edgetpu,cifar10,89.110000,0.389378,0.608176,16076
1,2,5946,edgetpu,cifar10,88.963330,0.389012,0.608176,16076
1,3,4384,eyeriss,cifar10,86.796670,1.679540,0.486784,16687
1,3,11472,eyeriss,cifar10,93.970000,4.628660,0.486784,16687
1,3,13714,eyeriss,cifar10,94.373340,7.823540,0.486784,16687
1,3,8323,eyeriss,cifar10,90.870000,2.171060,0.486784,16687
1,3,8008,eyeriss,cifar10,93.480000,3.399860,0.486784,16687
1,3,8592,eyeriss,cifar10,93.750000,3.891380,0.486784,16687
1,3,6584,eyeriss,cifar10,94.160000,4.874420,0.486784,16687
1,3,5111,eyeriss,cifar10,94.306660,5.365940,0.486784,16687
1,3,3731,eyeriss,cifar10,94.343330,6.594740,0.486784,16687
1,3,6854,eyeriss,cifar10,91.040000,2.662580,0.486784,16687
1,3,6111,eyeriss,cifar10,94.373340,7.823540,0.486784,16687
1,3,6899,eyeriss,cifar10,90.900000,2.416820,0.486784,16687
1,3,14112,eyeriss,cifar10,91.296670,2.908340,0.486784,16687
1,3,13611,eyeriss,cifar10,92.490000,3.154100,0.486784,16687
1,3,12438,eyeriss,cifar10,89.875000,1.925300,0.486784,16687
1,3,13987,eyeriss,cifar10,93.596664,3.645620,0.486784,16687
1,3,8720,eyeriss,cifar10,89.875000,1.925300,0.486784,16687
1,4,6584,fpga,cifar10,94.160000,4.163360,0.460875,16337
1,4,13987,fpga,cifar10,93.596664,3.420960,0.460875,16337
1,4,4384,fpga,cifar10,86.796670,1.132960,0.460875,16337
1,4,5217,fpga,cifar10,89.910000,2.057760,0.460875,16337
1,4,8008,fpga,cifar10,93.480000,2.905760,0.460875,16337
1,4,13714,fpga,cifar10,94.373340,6.678560,0.460875,16337
1,4,5111,fpga,cifar10,94.306660,5.193760,0.460875,16337
1,4,11472,fpga,cifar10,93.970000,3.648160,0.460875,16337
1,4,8720,fpga,cifar10,89.875000,1.648160,0.460875,16337
1,4,13611,fpga,cifar10,92.490000,2.390560,0.460875,16337
1,4,10431,fpga,cifar10,87.000000,1.542560,0.460875,16337
1,4,8323,fpga,cifar10,90.870000,2.163360,0.460875,16337
1,4,3731,fpga,cifar10,94.343330,5.936160,0.460875,16337
1,4,6111,fpga,cifar10,94.373340,6.678560,0.460875,16337
1,4,12438,fpga,cifar10,89.875000,1.648160,0.460875,16337
1,5,6863,pixel3,cifar10,86.740000,1.229320,0.781653,16467
1,5,25,pixel3,cifar10,86.540000,1.054570,0.781653,16467
1,5,10689,pixel3,cifar10,90.790000,2.669770,0.781653,16467
1,5,6999,pixel3,cifar10,93.820000,12.260900,0.781653,16467
1,5,1425,pixel3,cifar10,93.933334,12.536500,0.781653,16467
1,5,6985,pixel3,cifar10,89.940000,2.367450,0.781653,16467
1,5,2035,pixel3,cifar10,89.670000,1.706480,0.781653,16467
1,5,13171,pixel3,cifar10,93.530000,7.717220,0.781653,16467
1,5,1497,pixel3,cifar10,86.556660,1.056630,0.781653,16467
1,5,5111,pixel3,cifar10,94.306660,17.584600,0.781653,16467
1,5,2779,pixel3,cifar10,90.806660,3.102950,0.781653,16467
1,5,6899,pixel3,cifar10,90.900000,3.961410,0.781653,16467
1,5,1339,pixel3,cifar10,92.136665,5.802240,0.781653,16467
1,5,11692,pixel3,cifar10,94.130000,15.490100,0.781653,16467
1,5,6918,pixel3,cifar10,87.000000,1.478790,0.781653,16467
1,5,6854,pixel3,cifar10,91.040000,4.514220,0.781653,16467
1,5,9230,pixel3,cifar10,86.580000,1.056760,0.781653,16467
1,5,6382,pixel3,cifar10,93.376660,7.048190,0.781653,16467
1,5,4627,pixel3,cifar10,93.270000,7.036050,0.781653,16467
1,5,8323,pixel3,cifar10,90.870000,3.106420,0.781653,16467
1,5,8695,pixel3,cifar10,94.220000,17.564500,0.781653,16467
1,5,8592,pixel3,cifar10,93.750000,10.769800,0.781653,16467
1,5,13869,pixel3,cifar10,93.656670,10.634700,0.781653,16467
1,5,6434,pixel3,cifar10,91.080000,4.811140,0.781653,16467
1,5,12452,pixel3,cifar10,91.350000,5.590110,0.781653,16467
1,5,1804,pixel3,cifar10,89.063330,1.579900,0.781653,16467
1,5,1781,pixel3,cifar10,89.883330,1.712020,0.781653,16467
1,5,3731,pixel3,cifar10,94.343330,23.361300,0.781653,16467
1,5,1894,pixel3,cifar10,92.110000,5.778250,0.781653,16467
1,5,1943,pixel3,cifar10,93.116670,6.492030,0.781653,16467
1,5,1941,pixel3,cifar10,93.533330,9.128690,0.781653,16467
1,5,3,pixel3,cifar10,86.616670,1.062640,0.781653,16467
1,5,4554,pixel3,cifar10,86.670000,1.114880,0.781653,16467
1,5,11972,pixel3,cifar10,91.510000,5.627010,0.781653,16467
1,5,6111,pixel3,cifar10,94.373340,23.584800,0.781653,16467
1,5,7017,pixel3,cifar10,86.970000,1.403930,0.781653,16467
1,5,8836,pixel3,cifar10,92.220000,6.313990,0.781653,16467
1,5,1416,pixel3,cifar10,89.546670,1.691430,0.781653,16467
1,5,7197,pixel3,cifar10,90.366670,2.447670,0.781653,16467
1,5,13987,pixel3,cifar10,93.596664,9.922680,0.781653,16467
1,5,13096,pixel3,cifar10,90.700000,2.666040,0.781653,16467
1,5,2018,pixel3,cifar10,94.063330,14.960500,0.781653,16467
1,5,6624,pixel3,cifar10,89.120000,1.670570,0.781653,16467
1,5,3385,pixel3,cifar10,93.990000,13.656500,0.781653,16467
1,5,7001,pixel3,cifar10,10.000000,0.003277,0.781653,16467
1,5,5224,pixel3,cifar10,88.980000,1.570360,0.781653,16467
1,5,6584,pixel3,cifar10,94.160000,15.720300,0.781653,16467
1,6,5111,raspi4,cifar10,94.306660,41.756905,0.666192,16259
1,6,1804,raspi4,cifar10,89.063330,4.791845,0.666192,16259
1,6,4689,raspi4,cifar10,90.720000,7.356712,0.666192,16259
1,6,6382,raspi4,cifar10,93.376660,21.461164,0.666192,16259
1,6,10412,raspi4,cifar10,93.530000,25.079220,0.666192,16259
1,6,1962,raspi4,cifar10,86.530000,2.529453,0.666192,16259
1,6,8592,raspi4,cifar10,93.750000,25.477009,0.666192,16259
1,6,6918,raspi4,cifar10,87.000000,2.787590,0.666192,16259
1,6,14565,raspi4,cifar10,88.880000,4.781183,0.666192,16259
1,6,6111,raspi4,cifar10,94.373340,68.404106,0.666192,16259
1,6,8323,raspi4,cifar10,90.870000,7.426308,0.666192,16259
1,6,3731,raspi4,cifar10,94.343330,58.070793,0.666192,16259
1,6,6953,raspi4,cifar10,91.990000,15.601654,0.666192,16259
1,6,9980,raspi4,cifar10,10.000000,0.011284,0.666192,16259
1,6,7017,raspi4,cifar10,86.970000,2.544041,0.666192,16259
1,6,1941,raspi4,cifar10,93.533330,25.121769,0.666192,16259
1,6,11692,raspi4,cifar10,94.130000,37.583630,0.666192,16259
1,6,8426,raspi4,cifar10,93.840000,31.394428,0.666192,16259
1,6,4432,raspi4,cifar10,90.700000,7.290926,0.666192,16259
1,6,1690,raspi4,cifar10,86.646670,2.536549,0.666192,16259
1,6,2035,raspi4,cifar10,89.670000,4.984099,0.666192,16259
1,6,7058,raspi4,cifar10,92.040000,16.469465,0.666192,16259
1,6,8008,raspi4,cifar10,93.480000,22.571420,0.666192,16259
1,6,2058,raspi4,cifar10,93.270000,19.484835,0.666192,16259
1,6,14677,raspi4,cifar10,88.670000,4.755260,0.666192,16259
1,6,13611,raspi4,cifar10,92.490000,18.523302,0.666192,16259
1,6,12505,raspi4,cifar10,92.150000,16.747276,0.666192,16259
1,6,11533,raspi4,cifar10,93.420000,21.715693,0.666192,16259
1,6,10275,raspi4,cifar10,91.080000,9.993188,0.666192,16259
1,6,5780,raspi4,cifar10,93.980000,34.928463,0.666192,16259
1,6,9271,raspi4,cifar10,89.250000,4.830311,0.666192,16259
1,6,11810,raspi4,cifar10,92.780000,18.619905,0.666192,16259
1,6,6960,raspi4,cifar10,92.280000,17.162752,0.666192,16259
1,6,6584,raspi4,cifar10,94.160000,38.818527,0.666192,16259
1,6,4210,raspi4,cifar10,89.030000,4.782748,0.666192,16259
1,6,6985,raspi4,cifar10,89.940000,4.995646,0.666192,16259
1,6,9380,raspi4,cifar10,89.335000,4.875613,0.666192,16259
1,7,6124,edgegpu,cifar100,68.360000,3.185835,0.557690,16442
1,7,1038,edgegpu,cifar100,67.500000,1.758428,0.557690,16442
1,7,9930,edgegpu,cifar100,73.513336,6.803060,0.557690,16442
1,7,6381,edgegpu,cifar100,66.800000,1.753340,0.557690,16442
1,7,9922,edgegpu,cifar100,58.560000,1.428552,0.557690,16442
1,7,12415,edgegpu,cifar100,71.940000,4.828467,0.557690,16442
1,7,4954,edgegpu,cifar100,73.000000,6.669736,0.557690,16442
1,7,4418,edgegpu,cifar100,72.746666,5.352364,0.557690,16442
1,7,9997,edgegpu,cifar100,71.520000,3.466139,0.557690,16442
1,7,8401,edgegpu,cifar100,71.080000,3.302102,0.557690,16442
1,7,2304,edgegpu,cifar100,58.660000,1.440253,0.557690,16442
1,7,11885,edgegpu,cifar100,68.040000,1.776652,0.557690,16442
1,7,1425,edgegpu,cifar100,72.093330,5.310225,0.557690,16442
1,7,11810,edgegpu,cifar100,68.300000,1.779551,0.557690,16442
1,7,2778,edgegpu,cifar100,72.993330,6.134028,0.557690,16442
1,7,8912,edgegpu,cifar100,59.200000,1.441355,0.557690,16442
1,7,14677,edgegpu,cifar100,62.420000,1.746187,0.557690,16442
1,7,1509,edgegpu,cifar100,1.000000,0.505853,0.557690,16442
1,8,11533,edgetpu,cifar100,69.760000,0.635877,1.029159,16176
1,8,8638,edgetpu,cifar100,58.860000,0.356631,1.029159,16176
1,8,5019,edgetpu,cifar100,58.880000,0.357058,1.029159,16176
1,8,11112,edgetpu,cifar100,66.893330,0.486713,1.029159,16176
1,8,14945,edgetpu,cifar100,58.500000,0.354940,1.029159,16176
1,8,1383,edgetpu,cifar100,70.273330,0.673722,1.029159,16176
1,8,15363,edgetpu,cifar100,70.520000,0.676394,1.029159,16176
1,8,8912,edgetpu,cifar100,59.200000,0.377698,1.029159,16176
1,8,1110,edgetpu,cifar100,58.840000,0.355938,1.029159,16176
1,8,10000,edgetpu,cifar100,73.160000,1.283461,1.029159,16176
1,8,2705,edgetpu,cifar100,62.813330,0.393026,1.029159,16176
1,8,3888,edgetpu,cifar100,73.260000,1.316226,1.029159,16176
1,8,3303,edgetpu,cifar100,62.420000,0.392593,1.029159,16176
1,8,12415,edgetpu,cifar100,71.940000,0.872299,1.029159,16176
1,8,12574,edgetpu,cifar100,72.740000,0.932430,1.029159,16176
1,8,577,edgetpu,cifar100,69.680000,0.635228,1.029159,16176
1,8,4659,edgetpu,cifar100,70.060000,0.636433,1.029159,16176
1,8,777,edgetpu,cifar100,58.650000,0.355588,1.029159,16176
1,8,8401,edgetpu,cifar100,71.080000,0.728572,1.029159,16176
1,8,1425,edgetpu,cifar100,72.093330,0.910660,1.029159,16176
1,8,12761,edgetpu,cifar100,72.860000,1.225212,1.029159,16176
1,8,797,edgetpu,cifar100,69.580000,0.633351,1.029159,16176
1,8,9997,edgetpu,cifar100,71.520000,0.729986,1.029159,16176
1,8,4155,edgetpu,cifar100,62.306667,0.391442,1.029159,16176
1,8,9930,edgetpu,cifar100,73.513336,1.454107,1.029159,16176
1,8,13829,edgetpu,cifar100,66.873340,0.485137,1.029159,16176
1,8,10443,edgetpu,cifar100,68.300000,0.489020,1.029159,16176
1,8,781,edgetpu,cifar100,67.960000,0.487922,1.029159,16176
1,8,1943,edgetpu,cifar100,69.626660,0.634759,1.029159,16176
1,8,1996,edgetpu,cifar100,67.820000,0.486748,1.029159,16176
1,8,4418,edgetpu,cifar100,72.746666,1.093699,1.029159,16176
1,8,857,edgetpu,cifar100,72.880000,1.264168,1.029159,16176
1,8,69,edgetpu,cifar100,71.020000,0.727259,1.029159,16176
1,8,9271,edgetpu,cifar100,63.400000,0.393151,1.029159,16176
1,8,12607,edgetpu,cifar100,62.600000,0.392830,1.029159,16176
1,9,5084,eyeriss,cifar100,58.813330,1.682560,0.518985,16880
1,9,14714,eyeriss,cifar100,71.280000,4.140160,0.518985,16880
1,9,5651,eyeriss,cifar100,64.690000,1.928320,0.518985,16880
1,9,11301,eyeriss,cifar100,68.220000,2.665600,0.518985,16880
1,9,12820,eyeriss,cifar100,67.720000,2.419840,0.518985,16880
1,9,10689,eyeriss,cifar100,67.500000,2.174080,0.518985,16880
1,9,14112,eyeriss,cifar100,68.386665,2.911360,0.518985,16880
1,9,6925,eyeriss,cifar100,71.220000,3.894400,0.518985,16880
1,9,12574,eyeriss,cifar100,72.740000,5.123200,0.518985,16880
1,9,4659,eyeriss,cifar100,70.060000,3.402880,0.518985,16880
1,9,12761,eyeriss,cifar100,72.860000,6.352000,0.518985,16880
1,9,9930,eyeriss,cifar100,73.513336,9.055360,0.518985,16880
1,9,3888,eyeriss,cifar100,73.260000,6.597760,0.518985,16880
1,9,3540,eyeriss,cifar100,71.500000,4.877440,0.518985,16880
1,9,6787,eyeriss,cifar100,70.720000,3.648640,0.518985,16880
1,10,6830,fpga,cifar100,71.460000,4.057760,0.525641,16429
1,10,10689,fpga,cifar100,67.500000,2.163360,0.525641,16429
1,10,5084,fpga,cifar100,58.813330,1.132960,0.525641,16429
1,10,3540,fpga,cifar100,71.500000,4.163360,0.525641,16429
1,10,69,fpga,cifar100,71.020000,3.648160,0.525641,16429
1,10,12820,fpga,cifar100,67.720000,2.678560,0.525641,16429
1,10,12574,fpga,cifar100,72.740000,4.678560,0.525641,16429
1,10,5651,fpga,cifar100,64.690000,1.648160,0.525641,16429
1,10,9930,fpga,cifar100,73.513336,7.420960,0.525641,16429
1,10,3888,fpga,cifar100,73.260000,5.936160,0.525641,16429
1,10,4249,fpga,cifar100,65.080000,2.057760,0.525641,16429
1,10,6925,fpga,cifar100,71.220000,3.936160,0.525641,16429
1,10,4659,fpga,cifar100,70.060000,2.905760,0.525641,16429
1,10,6787,fpga,cifar100,70.720000,3.420960,0.525641,16429
1,10,12761,fpga,cifar100,72.860000,5.420960,0.525641,16429
1,10,7250,fpga,cifar100,67.706665,2.390560,0.525641,16429
1,11,898,pixel3,cifar100,70.000000,6.516140,0.657908,16446
1,11,699,pixel3,cifar100,72.240000,12.079400,0.657908,16446
1,11,1090,pixel3,cifar100,65.220000,2.811310,0.657908,16446
1,11,6337,pixel3,cifar100,1.000000,0.008753,0.657908,16446
1,11,1409,pixel3,cifar100,58.853333,1.275090,0.657908,16446
1,11,8912,pixel3,cifar100,59.200000,1.478790,0.657908,16446
1,11,485,pixel3,cifar100,67.593330,4.124800,0.657908,16446
1,11,1459,pixel3,cifar100,73.140000,23.437900,0.657908,16446
1,11,11000,pixel3,cifar100,71.180000,10.677600,0.657908,16446
1,11,14112,pixel3,cifar100,68.386665,5.745320,0.657908,16446
1,11,12970,pixel3,cifar100,68.140000,4.782110,0.657908,16446
1,11,11301,pixel3,cifar100,68.220000,5.352090,0.657908,16446
1,11,12574,pixel3,cifar100,72.740000,16.473900,0.657908,16446
1,11,657,pixel3,cifar100,58.233334,1.233070,0.657908,16446
1,11,6925,pixel3,cifar100,71.220000,10.688000,0.657908,16446
1,11,1631,pixel3,cifar100,63.986668,1.805000,0.657908,16446
1,11,5651,pixel3,cifar100,64.690000,2.376870,0.657908,16446
1,11,8638,pixel3,cifar100,58.860000,1.478570,0.657908,16446
1,11,8323,pixel3,cifar100,67.080000,3.106340,0.657908,16446
1,11,9930,pixel3,cifar100,73.513336,42.003600,0.657908,16446
1,11,3888,pixel3,cifar100,73.260000,23.477200,0.657908,16446
1,11,572,pixel3,cifar100,70.313330,8.017480,0.657908,16446
1,11,906,pixel3,cifar100,62.393333,1.661810,0.657908,16446
1,11,1450,pixel3,cifar100,70.506670,9.337360,0.657908,16446
1,11,858,pixel3,cifar100,64.133330,2.003500,0.657908,16446
1,11,10689,pixel3,cifar100,67.500000,3.109220,0.657908,16446
1,11,857,pixel3,cifar100,72.880000,19.113200,0.657908,16446
1,11,724,pixel3,cifar100,67.053340,2.875650,0.657908,16446
1,11,6787,pixel3,cifar100,70.720000,9.854430,0.657908,16446
1,11,15363,pixel3,cifar100,70.520000,9.708640,0.657908,16446
1,11,1593,pixel3,cifar100,62.126667,1.582050,0.657908,16446
1,11,1616,pixel3,cifar100,63.946667,1.731160,0.657908,16446
1,11,10042,pixel3,cifar100,64.880000,2.794690,0.657908,16446
1,11,1416,pixel3,cifar100,64.493330,2.084060,0.657908,16446
1,12,14112,raspi4,cifar100,68.386665,14.423308,0.790471,16187
1,12,14714,raspi4,cifar100,71.280000,24.692347,0.790471,16187
1,12,6830,raspi4,cifar100,71.460000,34.491814,0.790471,16187
1,12,4418,raspi4,cifar100,72.746666,47.162354,0.790471,16187
1,12,4659,raspi4,cifar100,70.060000,21.672482,0.790471,16187
1,12,7030,raspi4,cifar100,69.600000,19.218203,0.790471,16187
1,12,1572,raspi4,cifar100,69.900000,19.916142,0.790471,16187
1,12,9926,raspi4,cifar100,63.520000,4.999532,0.790471,16187
1,12,2222,raspi4,cifar100,58.313330,2.538255,0.790471,16187
1,12,14792,raspi4,cifar100,69.500000,19.111843,0.790471,16187
1,12,4409,raspi4,cifar100,67.173330,7.228629,0.790471,16187
1,12,6918,raspi4,cifar100,58.800000,2.571364,0.790471,16187
1,12,12574,raspi4,cifar100,72.740000,36.371254,0.790471,16187
1,12,898,raspi4,cifar100,70.000000,21.506163,0.790471,16187
1,12,3888,raspi4,cifar100,73.260000,55.029520,0.790471,16187
1,12,10222,raspi4,cifar100,58.860000,2.747804,0.790471,16187
1,12,8912,raspi4,cifar100,59.200000,2.818969,0.790471,16187
1,12,12915,raspi4,cifar100,66.950000,7.226311,0.790471,16187
1,12,7891,raspi4,cifar100,67.550000,12.536592,0.790471,16187
1,12,10042,raspi4,cifar100,64.880000,5.100886,0.790471,16187
1,12,6925,raspi4,cifar100,71.220000,24.195030,0.790471,16187
1,12,12761,raspi4,cifar100,72.860000,53.718200,0.790471,16187
1,12,375,raspi4,cifar100,64.440000,5.099302,0.790471,16187
1,12,6822,raspi4,cifar100,58.426666,2.558594,0.790471,16187
1,12,13430,raspi4,cifar100,66.700000,7.203785,0.790471,16187
1,12,10689,raspi4,cifar100,67.500000,7.381845,0.790471,16187
1,12,15589,raspi4,cifar100,59.060000,2.795078,0.790471,16187
1,12,2035,raspi4,cifar100,63.926666,5.005698,0.790471,16187
1,12,9271,raspi4,cifar100,63.400000,4.800893,0.790471,16187
1,12,8720,raspi4,cifar100,64.130000,5.082239,0.790471,16187
1,12,12607,raspi4,cifar100,62.600000,4.779045,0.790471,16187
1,12,1459,raspi4,cifar100,73.140000,53.879950,0.790471,16187
1,12,14612,raspi4,cifar100,58.720000,2.563505,0.790471,16187
1,12,11545,raspi4,cifar100,1.000000,0.015467,0.790471,16187
1,12,9997,raspi4,cifar100,71.520000,34.996710,0.790471,16187
1,12,15363,raspi4,cifar100,70.520000,21.809430,0.790471,16187
1,12,4498,raspi4,cifar100,64.086670,5.022347,0.790471,16187
1,12,9930,raspi4,cifar100,73.513336,71.152000,0.790471,16187
1,13,15383,edgegpu,ImageNet16-120,47.033333,6.262836,0.823914,16383
1,13,9722,edgegpu,ImageNet16-120,44.000000,3.327813,0.823914,16383
1,13,9586,edgegpu,ImageNet16-120,46.933334,5.222673,0.823914,16383
1,13,7760,edgegpu,ImageNet16-120,39.100000,1.743751,0.823914,16383
1,13,4988,edgegpu,ImageNet16-120,28.933332,1.448212,0.823914,16383
1,13,15159,edgegpu,ImageNet16-120,45.566666,4.632421,0.823914,16383
1,13,4587,edgegpu,ImageNet16-120,28.800000,1.445131,0.823914,16383
1,13,4946,edgegpu,ImageNet16-120,44.700000,3.490419,0.823914,16383
1,13,5751,edgegpu,ImageNet16-120,40.044445,2.434626,0.823914,16383
1,13,8401,edgegpu,ImageNet16-120,43.833332,3.322444,0.823914,16383
1,13,13411,edgegpu,ImageNet16-120,31.855556,1.736240,0.823914,16383
1,13,1164,edgegpu,ImageNet16-120,28.522223,1.435223,0.823914,16383
1,13,6950,edgegpu,ImageNet16-120,38.700000,1.740150,0.823914,16383
1,13,13760,edgegpu,ImageNet16-120,32.333332,1.739759,0.823914,16383
1,13,4332,edgegpu,ImageNet16-120,39.444443,1.745496,0.823914,16383
1,13,14840,edgegpu,ImageNet16-120,45.311110,4.224715,0.823914,16383
1,13,8426,edgegpu,ImageNet16-120,44.633335,3.370147,0.823914,16383
1,13,7187,edgegpu,ImageNet16-120,28.683332,1.443858,0.823914,16383
1,13,10947,edgegpu,ImageNet16-120,39.944443,1.909800,0.823914,16383
1,13,11217,edgegpu,ImageNet16-120,43.466667,3.316708,0.823914,16383
1,13,14117,edgegpu,ImageNet16-120,28.677778,1.435547,0.823914,16383
1,13,15376,edgegpu,ImageNet16-120,0.833333,0.533953,0.823914,16383
1,13,14612,edgegpu,ImageNet16-120,28.488890,1.434064,0.823914,16383
1,13,2650,edgegpu,ImageNet16-120,42.433334,3.309817,0.823914,16383
1,13,12415,edgegpu,ImageNet16-120,46.566666,4.667692,0.823914,16383
1,13,8884,edgegpu,ImageNet16-120,45.033333,3.499999,0.823914,16383
1,13,15288,edgegpu,ImageNet16-120,28.422222,1.417041,0.823914,16383
1,13,12081,edgegpu,ImageNet16-120,40.233334,2.730479,0.823914,16383
1,13,857,edgegpu,ImageNet16-120,47.311110,6.707663,0.823914,16383
1,13,454,edgegpu,ImageNet16-120,41.277780,3.303313,0.823914,16383
1,13,4160,edgegpu,ImageNet16-120,39.833332,1.756272,0.823914,16383
1,14,3540,edgetpu,ImageNet16-120,45.122223,0.648670,0.806117,16046
1,14,6520,edgetpu,ImageNet16-120,32.383335,0.363944,0.806117,16046
1,14,14840,edgetpu,ImageNet16-120,45.311110,0.666690,0.806117,16046
1,14,15363,edgetpu,ImageNet16-120,44.333332,0.582280,0.806117,16046
1,14,13769,edgetpu,ImageNet16-120,41.555557,0.549360,0.806117,16046
1,14,15383,edgetpu,ImageNet16-120,47.033333,0.780914,0.806117,16046
1,14,12415,edgetpu,ImageNet16-120,46.566666,0.710906,0.806117,16046
1,14,4830,edgetpu,ImageNet16-120,42.233334,0.549457,0.806117,16046
1,14,15014,edgetpu,ImageNet16-120,28.266666,0.358110,0.806117,16046
1,14,12231,edgetpu,ImageNet16-120,40.200000,0.518358,0.806117,16046
1,14,9689,edgetpu,ImageNet16-120,42.533333,0.549702,0.806117,16046
1,14,11079,edgetpu,ImageNet16-120,43.566666,0.552430,0.806117,16046
1,14,5530,edgetpu,ImageNet16-120,42.577778,0.549937,0.806117,16046
1,14,10017,edgetpu,ImageNet16-120,40.566666,0.524950,0.806117,16046
1,14,4627,edgetpu,ImageNet16-120,43.500000,0.552306,0.806117,16046
1,14,8884,edgetpu,ImageNet16-120,45.033333,0.615792,0.806117,16046
1,14,857,edgetpu,ImageNet16-120,47.311110,0.997730,0.806117,16046
1,14,10888,edgetpu,ImageNet16-120,28.333334,0.359044,0.806117,16046
1,14,14677,edgetpu,ImageNet16-120,33.233334,0.364575,0.806117,16046
1,14,5674,edgetpu,ImageNet16-120,39.650000,0.428605,0.806117,16046
1,14,13931,edgetpu,ImageNet16-120,28.788889,0.360349,0.806117,16046
1,14,10167,edgetpu,ImageNet16-120,39.944443,0.444058,0.806117,16046
1,14,11282,edgetpu,ImageNet16-120,39.633335,0.428409,0.806117,16046
1,14,4988,edgetpu,ImageNet16-120,28.933332,0.360694,0.806117,16046
1,14,10332,edgetpu,ImageNet16-120,40.033333,0.516152,0.806117,16046
1,14,7750,edgetpu,ImageNet16-120,43.066666,0.551617,0.806117,16046
1,14,5751,edgetpu,ImageNet16-120,40.044445,0.516992,0.806117,16046
1,14,4160,edgetpu,ImageNet16-120,39.833332,0.430355,0.806117,16046
1,14,13972,edgetpu,ImageNet16-120,31.933332,0.363440,0.806117,16046
1,14,8447,edgetpu,ImageNet16-120,40.011112,0.514586,0.806117,16046
1,14,70,edgetpu,ImageNet16-120,39.377777,0.428228,0.806117,16046
1,14,6950,edgetpu,ImageNet16-120,38.700000,0.427379,0.806117,16046
1,14,7273,edgetpu,ImageNet16-120,42.966667,0.550014,0.806117,16046
1,14,7431,edgetpu,ImageNet16-120,32.577778,0.363954,0.806117,16046
1,14,8781,edgetpu,ImageNet16-120,32.366665,0.363484,0.806117,16046
1,14,11885,edgetpu,ImageNet16-120,39.166668,0.427395,0.806117,16046
1,14,7357,edgetpu,ImageNet16-120,44.666668,0.600498,0.806117,16046
1,14,15107,edgetpu,ImageNet16-120,39.800000,0.430284,0.806117,16046
1,14,7396,edgetpu,ImageNet16-120,40.177776,0.517218,0.806117,16046
1,14,11262,edgetpu,ImageNet16-120,39.733334,0.430019,0.806117,16046
1,15,2835,eyeriss,ImageNet16-120,38.222220,0.545920,0.510241,16882
1,15,6854,eyeriss,ImageNet16-120,40.800000,0.668800,0.510241,16882
1,15,8008,eyeriss,ImageNet16-120,43.500000,0.853120,0.510241,16882
1,15,8853,eyeriss,ImageNet16-120,45.600000,1.037440,0.510241,16882
1,15,15383,eyeriss,ImageNet16-120,47.033333,1.283200,0.510241,16882
1,15,6787,eyeriss,ImageNet16-120,44.400000,0.914560,0.510241,16882
1,15,1939,eyeriss,ImageNet16-120,45.077778,0.976000,0.510241,16882
1,15,14417,eyeriss,ImageNet16-120,45.900000,1.098880,0.510241,16882
1,15,857,eyeriss,ImageNet16-120,47.311110,1.651840,0.510241,16882
1,15,4829,eyeriss,ImageNet16-120,34.200000,0.484480,0.510241,16882
1,15,5487,eyeriss,ImageNet16-120,38.500000,0.607360,0.510241,16882
1,15,6121,eyeriss,ImageNet16-120,28.433332,0.423040,0.510241,16882
1,16,4829,fpga,ImageNet16-120,34.200000,0.415520,0.938001,16445
1,16,10017,fpga,ImageNet16-120,40.566666,0.784000,0.938001,16445
1,16,5793,fpga,ImageNet16-120,35.033333,0.517920,0.938001,16445
1,16,11593,fpga,ImageNet16-120,40.166668,0.780320,0.938001,16445
1,16,4988,fpga,ImageNet16-120,28.933332,0.284320,0.938001,16445
1,16,1939,fpga,ImageNet16-120,45.077778,1.062400,0.938001,16445
1,16,6787,fpga,ImageNet16-120,44.400000,0.969600,0.938001,16445
1,16,15383,fpga,ImageNet16-120,47.033333,1.504000,0.938001,16445
1,16,857,fpga,ImageNet16-120,47.311110,2.038400,0.938001,16445
1,16,6868,fpga,ImageNet16-120,39.000000,0.649120,0.938001,16445
1,16,6854,fpga,ImageNet16-120,40.800000,0.809120,0.938001,16445
1,16,14748,fpga,ImageNet16-120,44.900000,0.995200,0.938001,16445
1,16,14417,fpga,ImageNet16-120,45.900000,1.276320,0.938001,16445
1,16,2835,fpga,ImageNet16-120,38.222220,0.546720,0.938001,16445
1,16,8008,fpga,ImageNet16-120,43.500000,0.876800,0.938001,16445
1,16,15446,fpga,ImageNet16-120,45.766666,1.116320,0.938001,16445
1,17,12639,pixel3,ImageNet16-120,40.400000,1.304440,0.876239,16326
1,17,13059,pixel3,ImageNet16-120,34.266666,0.668679,0.876239,16326
1,17,11000,pixel3,ImageNet16-120,44.866665,2.962520,0.876239,16326
1,17,6854,pixel3,ImageNet16-120,40.800000,1.621620,0.876239,16326
1,17,14417,pixel3,ImageNet16-120,45.900000,4.143030,0.876239,16326
1,17,1939,pixel3,ImageNet16-120,45.077778,3.021500,0.876239,16326
1,17,4004,pixel3,ImageNet16-120,42.811110,2.467510,0.876239,16326
1,17,1860,pixel3,ImageNet16-120,28.433332,0.422587,0.876239,16326
1,17,1110,pixel3,ImageNet16-120,28.600000,0.423927,0.876239,16326
1,17,4587,pixel3,ImageNet16-120,28.800000,0.445767,0.876239,16326
1,17,11079,pixel3,ImageNet16-120,43.566666,2.479610,0.876239,16326
1,17,3728,pixel3,ImageNet16-120,28.500000,0.422880,0.876239,16326
1,17,4895,pixel3,ImageNet16-120,33.200000,0.619070,0.876239,16326
1,17,12355,pixel3,ImageNet16-120,45.033333,2.989390,0.876239,16326
1,17,13756,pixel3,ImageNet16-120,0.833333,0.005289,0.876239,16326
1,17,8584,pixel3,ImageNet16-120,34.088890,0.664046,0.876239,16326
1,17,2899,pixel3,ImageNet16-120,43.911110,2.701210,0.876239,16326
1,17,6014,pixel3,ImageNet16-120,28.533333,0.423391,0.876239,16326
1,17,4988,pixel3,ImageNet16-120,28.933332,0.485996,0.876239,16326
1,17,1204,pixel3,ImageNet16-120,37.844444,0.864966,0.876239,16326
1,17,4432,pixel3,ImageNet16-120,37.800000,0.861157,0.876239,16326
1,17,12452,pixel3,ImageNet16-120,40.533333,1.504410,0.876239,16326
1,17,2835,pixel3,ImageNet16-120,38.222220,0.868646,0.876239,16326
1,17,4977,pixel3,ImageNet16-120,32.966667,0.617991,0.876239,16326
1,17,758,pixel3,ImageNet16-120,28.333334,0.422134,0.876239,16326
1,17,4384,pixel3,ImageNet16-120,28.133333,0.421612,0.876239,16326
1,17,1549,pixel3,ImageNet16-120,28.655556,0.424747,0.876239,16326
1,17,2018,pixel3,ImageNet16-120,46.433334,4.949210,0.876239,16326
1,17,857,pixel3,ImageNet16-120,47.311110,6.686850,0.876239,16326
1,17,10154,pixel3,ImageNet16-120,46.133335,4.783700,0.876239,16326
1,17,12466,pixel3,ImageNet16-120,46.100000,4.680280,0.876239,16326
1,17,8954,pixel3,ImageNet16-120,28.733334,0.424855,0.876239,16326
1,17,898,pixel3,ImageNet16-120,42.466667,2.467210,0.876239,16326
1,17,2002,pixel3,ImageNet16-120,32.277780,0.617751,0.876239,16326
1,17,15383,pixel3,ImageNet16-120,47.033333,5.191720,0.876239,16326
1,17,872,pixel3,ImageNet16-120,41.777780,2.465030,0.876239,16326
1,17,15446,pixel3,ImageNet16-120,45.766666,3.439380,0.876239,16326
1,17,735,pixel3,ImageNet16-120,38.544445,1.107950,0.876239,16326
1,17,8683,pixel3,ImageNet16-120,44.200000,2.711960,0.876239,16326
1,17,12424,pixel3,ImageNet16-120,43.133330,2.470150,0.876239,16326
1,18,8584,raspi4,ImageNet16-120,34.088890,1.586268,1.003632,16296
1,18,6854,raspi4,ImageNet16-120,40.800000,3.661016,1.003632,16296
1,18,11079,raspi4,ImageNet16-120,43.566666,3.802027,1.003632,16296
1,18,3650,raspi4,ImageNet16-120,43.866665,4.475790,1.003632,16296
1,18,4988,raspi4,ImageNet16-120,28.933332,1.003251,1.003632,16296
1,18,9032,raspi4,ImageNet16-120,38.016666,2.201532,1.003632,16296
1,18,1939,raspi4,ImageNet16-120,45.077778,5.341908,1.003632,16296
1,18,8733,raspi4,ImageNet16-120,46.600000,7.477213,1.003632,16296
1,18,9496,raspi4,ImageNet16-120,38.200000,2.204048,1.003632,16296
1,18,2779,raspi4,ImageNet16-120,37.355556,2.190654,1.003632,16296
1,18,14792,raspi4,ImageNet16-120,43.033333,3.792447,1.003632,16296
1,18,11946,raspi4,ImageNet16-120,28.200000,0.940293,1.003632,16296
1,18,4995,raspi4,ImageNet16-120,42.166668,3.766336,1.003632,16296
1,18,219,raspi4,ImageNet16-120,42.500000,3.768475,1.003632,16296
1,18,735,raspi4,ImageNet16-120,38.544445,2.911079,1.003632,16296
1,18,13059,raspi4,ImageNet16-120,34.266666,1.595651,1.003632,16296
1,18,933,raspi4,ImageNet16-120,0.833333,0.011514,1.003632,16296
1,18,10835,raspi4,ImageNet16-120,45.233334,6.632419,1.003632,16296
1,18,14417,raspi4,ImageNet16-120,45.900000,6.948865,1.003632,16296
1,18,6787,raspi4,ImageNet16-120,44.400000,4.532777,1.003632,16296
1,18,10715,raspi4,ImageNet16-120,45.533333,6.790813,1.003632,16296
1,18,12358,raspi4,ImageNet16-120,34.055557,1.582727,1.003632,16296
1,18,3192,raspi4,ImageNet16-120,45.477780,6.675633,1.003632,16296
1,18,3960,raspi4,ImageNet16-120,37.755554,2.197980,1.003632,16296
1,18,7187,raspi4,ImageNet16-120,28.683332,0.952790,1.003632,16296
1,18,14750,raspi4,ImageNet16-120,32.933334,1.536700,1.003632,16296
1,18,1413,raspi4,ImageNet16-120,42.711113,3.788479,1.003632,16296
1,18,6336,raspi4,ImageNet16-120,39.366665,3.073392,1.003632,16296
1,18,5637,raspi4,ImageNet16-120,33.933334,1.580707,1.003632,16296
1,18,15363,raspi4,ImageNet16-120,44.333332,4.480516,1.003632,16296
1,18,8355,raspi4,ImageNet16-120,39.666668,3.083286,1.003632,16296
1,18,8426,raspi4,ImageNet16-120,44.633335,5.288439,1.003632,16296
1,18,5530,raspi4,ImageNet16-120,42.577778,3.785925,1.003632,16296
1,18,1204,raspi4,ImageNet16-120,37.844444,2.199356,1.003632,16296
1,18,14677,raspi4,ImageNet16-120,33.233334,1.537227,1.003632,16296
1,18,15383,raspi4,ImageNet16-120,47.033333,8.565354,1.003632,16296
1,18,7227,raspi4,ImageNet16-120,32.533333,1.530737,1.003632,16296
1,18,10017,raspi4,ImageNet16-120,40.566666,3.181383,1.003632,16296
1,18,10472,raspi4,ImageNet16-120,39.633335,3.079679,1.003632,16296
1,18,12505,raspi4,ImageNet16-120,39.283333,3.062432,1.003632,16296
1,18,13771,raspi4,ImageNet16-120,32.744446,1.533813,1.003632,16296
1,18,13931,raspi4,ImageNet16-120,28.788889,0.956195,1.003632,16296
1,18,5455,raspi4,ImageNet16-120,32.611110,1.532377,1.003632,16296
1,18,8447,raspi4,ImageNet16-120,40.011112,3.156609,1.003632,16296
1,18,3782,raspi4,ImageNet16-120,41.866665,3.755286,1.003632,16296
1,18,6868,raspi4,ImageNet16-120,39.000000,2.982937,1.003632,16296
1,18,10167,raspi4,ImageNet16-120,39.944443,3.106316,1.003632,16296
1,18,15107,raspi4,ImageNet16-120,39.800000,3.083329,1.003632,16296
1,18,1188,raspi4,ImageNet16-120,32.455555,1.526725,1.003632,16296
2,1,13401,edgegpu,cifar10,87.010000,1.457009,0.564835,16415
2,1,11692,edgegpu,cifar10,94.130000,4.708362,0.564835,16415
2,1,11810,edgegpu,cifar10,92.780000,1.992798,0.564835,16415
2,1,6960,edgegpu,cifar10,92.280000,1.764450,0.564835,16415
2,1,15200,edgegpu,cifar10,10.000000,0.501385,0.564835,16415
2,1,258,edgegpu,cifar10,93.640000,3.307109,0.564835,16415
2,1,561,edgegpu,cifar10,86.880000,1.451068,0.564835,16415
2,1,5780,edgegpu,cifar10,93.980000,3.361888,0.564835,16415
2,1,14407,edgegpu,cifar10,86.770000,1.440282,0.564835,16415
2,1,6950,edgegpu,cifar10,92.000000,1.738467,0.564835,16415
2,1,10484,edgegpu,cifar10,93.810000,3.354015,0.564835,16415
2,1,14527,edgegpu,cifar10,86.765000,1.439619,0.564835,16415
2,1,5400,edgegpu,cifar10,86.630000,1.427460,0.564835,16415
2,1,5292,edgegpu,cifar10,94.293335,6.663151,0.564835,16415
2,1,6499,edgegpu,cifar10,93.645000,3.331041,0.564835,16415
2,1,1339,edgegpu,cifar10,92.136665,1.751881,0.564835,16415
2,1,14090,edgegpu,cifar10,92.086670,1.749086,0.564835,16415
2,1,9099,edgegpu,cifar10,93.940000,3.357520,0.564835,16415
2,1,11438,edgegpu,cifar10,92.500000,1.846719,0.564835,16415
2,1,1549,edgegpu,cifar10,86.710000,1.436324,0.564835,16415
2,1,1459,edgegpu,cifar10,94.296670,6.748991,0.564835,16415
2,1,13714,edgegpu,cifar10,94.373340,6.772180,0.564835,16415
2,1,2053,edgegpu,cifar10,94.206665,5.482254,0.564835,16415
2,1,2776,edgegpu,cifar10,93.666664,3.331194,0.564835,16415
2,2,5780,edgetpu,cifar10,93.980000,0.723967,0.480655,16066
2,2,11810,edgetpu,cifar10,92.780000,0.482879,0.480655,16066
2,2,5258,edgetpu,cifar10,88.775000,0.388629,0.480655,16066
2,2,4161,edgetpu,cifar10,89.250000,0.391221,0.480655,16066
2,2,2053,edgetpu,cifar10,94.206665,1.042178,0.480655,16066
2,2,3927,edgetpu,cifar10,93.626660,0.723268,0.480655,16066
2,2,13714,edgetpu,cifar10,94.373340,1.377865,0.480655,16066
2,2,11438,edgetpu,cifar10,92.500000,0.482393,0.480655,16066
2,2,2485,edgetpu,cifar10,86.700000,0.346546,0.480655,16066
2,2,6382,edgetpu,cifar10,93.376660,0.628638,0.480655,16066
2,2,9380,edgetpu,cifar10,89.335000,0.395662,0.480655,16066
2,2,13611,edgetpu,cifar10,92.490000,0.481826,0.480655,16066
2,2,7017,edgetpu,cifar10,86.970000,0.353089,0.480655,16066
2,2,5111,edgetpu,cifar10,94.306660,1.152010,0.480655,16066
2,2,9950,edgetpu,cifar10,93.840000,0.723767,0.480655,16066
2,2,8008,edgetpu,cifar10,93.480000,0.629746,0.480655,16066
2,2,8192,edgetpu,cifar10,93.093330,0.627745,0.480655,16066
2,2,11692,edgetpu,cifar10,94.130000,0.761100,0.480655,16066
2,2,797,edgetpu,cifar10,93.280000,0.627996,0.480655,16066
2,2,10683,edgetpu,cifar10,92.330000,0.481277,0.480655,16066
2,2,11112,edgetpu,cifar10,92.110000,0.480732,0.480655,16066
2,2,9689,edgetpu,cifar10,93.370000,0.628386,0.480655,16066
2,2,6515,edgetpu,cifar10,93.616670,0.722858,0.480655,16066
2,2,3731,edgetpu,cifar10,94.343330,1.282820,0.480655,16066
2,2,5647,edgetpu,cifar10,89.110000,0.389378,0.480655,16066
2,3,8592,eyeriss,cifar10,93.750000,3.891380,0.489118,16657
2,3,12438,eyeriss,cifar10,89.875000,1.925300,0.489118,16657
2,3,6899,eyeriss,cifar10,90.900000,2.416820,0.489118,16657
2,3,6854,eyeriss,cifar10,91.040000,2.662580,0.489118,16657
2,3,13714,eyeriss,cifar10,94.373340,7.823540,0.489118,16657
2,3,5111,eyeriss,cifar10,94.306660,5.365940,0.489118,16657
2,3,3731,eyeriss,cifar10,94.343330,6.594740,0.489118,16657
2,3,11692,eyeriss,cifar10,94.130000,4.874420,0.489118,16657
2,3,8008,eyeriss,cifar10,93.480000,3.399860,0.489118,16657
2,3,4384,eyeriss,cifar10,86.796670,1.679540,0.489118,16657
2,3,6111,eyeriss,cifar10,94.373340,7.823540,0.489118,16657
2,3,14112,eyeriss,cifar10,91.296670,2.908340,0.489118,16657
2,3,8323,eyeriss,cifar10,90.870000,2.171060,0.489118,16657
2,3,11472,eyeriss,cifar10,93.970000,4.628660,0.489118,16657
2,3,13611,eyeriss,cifar10,92.490000,3.154100,0.489118,16657
2,3,8720,eyeriss,cifar10,89.875000,1.925300,0.489118,16657
2,3,13987,eyeriss,cifar10,93.596664,3.645620,0.489118,16657
2,4,10431,fpga,cifar10,87.000000,1.542560,0.493819,16395
2,4,4384,fpga,cifar10,86.796670,1.132960,0.493819,16395
2,4,8323,fpga,cifar10,90.870000,2.163360,0.493819,16395
2,4,3731,fpga,cifar10,94.343330,5.936160,0.493819,16395
2,4,8008,fpga,cifar10,93.480000,2.905760,0.493819,16395
2,4,5111,fpga,cifar10,94.306660,5.193760,0.493819,16395
2,4,13714,fpga,cifar10,94.373340,6.678560,0.493819,16395
2,4,6111,fpga,cifar10,94.373340,6.678560,0.493819,16395
2,4,11472,fpga,cifar10,93.970000,3.648160,0.493819,16395
2,4,11692,fpga,cifar10,94.130000,4.163360,0.493819,16395
2,4,10412,fpga,cifar10,93.530000,3.420960,0.493819,16395
2,4,12438,fpga,cifar10,89.875000,1.648160,0.493819,16395
2,4,13611,fpga,cifar10,92.490000,2.390560,0.493819,16395
2,4,11525,fpga,cifar10,90.000000,2.057760,0.493819,16395
2,5,11692,pixel3,cifar10,94.130000,15.490100,0.709536,16402
2,5,13869,pixel3,cifar10,93.656670,10.634700,0.709536,16402
2,5,13096,pixel3,cifar10,90.700000,2.666040,0.709536,16402
2,5,2035,pixel3,cifar10,89.670000,1.706480,0.709536,16402
2,5,7017,pixel3,cifar10,86.970000,1.403930,0.709536,16402
2,5,7197,pixel3,cifar10,90.366670,2.447670,0.709536,16402
2,5,8708,pixel3,cifar10,94.080000,12.839000,0.709536,16402
2,5,8323,pixel3,cifar10,90.870000,3.106420,0.709536,16402
2,5,6434,pixel3,cifar10,91.080000,4.811140,0.709536,16402
2,5,6854,pixel3,cifar10,91.040000,4.514220,0.709536,16402
2,5,4554,pixel3,cifar10,86.670000,1.114880,0.709536,16402
2,5,11972,pixel3,cifar10,91.510000,5.627010,0.709536,16402
2,5,8695,pixel3,cifar10,94.220000,17.564500,0.709536,16402
2,5,6863,pixel3,cifar10,86.740000,1.229320,0.709536,16402
2,5,13987,pixel3,cifar10,93.596664,9.922680,0.709536,16402
2,5,2779,pixel3,cifar10,90.806660,3.102950,0.709536,16402
2,5,5111,pixel3,cifar10,94.306660,17.584600,0.709536,16402
2,5,25,pixel3,cifar10,86.540000,1.054570,0.709536,16402
2,5,6999,pixel3,cifar10,93.820000,12.260900,0.709536,16402
2,5,9230,pixel3,cifar10,86.580000,1.056760,0.709536,16402
2,5,12452,pixel3,cifar10,91.350000,5.590110,0.709536,16402
2,5,13171,pixel3,cifar10,93.530000,7.717220,0.709536,16402
2,5,6899,pixel3,cifar10,90.900000,3.961410,0.709536,16402
2,5,1631,pixel3,cifar10,89.506670,1.697120,0.709536,16402
2,5,1941,pixel3,cifar10,93.533330,9.128690,0.709536,16402
2,5,6382,pixel3,cifar10,93.376660,7.048190,0.709536,16402
2,5,10689,pixel3,cifar10,90.790000,2.669770,0.709536,16402
2,5,1943,pixel3,cifar10,93.116670,6.492030,0.709536,16402
2,5,8592,pixel3,cifar10,93.750000,10.769800,0.709536,16402
2,5,8836,pixel3,cifar10,92.220000,6.313990,0.709536,16402
2,5,4627,pixel3,cifar10,93.270000,7.036050,0.709536,16402
2,5,6111,pixel3,cifar10,94.373340,23.584800,0.709536,16402
2,5,7001,pixel3,cifar10,10.000000,0.003277,0.709536,16402
2,5,3731,pixel3,cifar10,94.343330,23.361300,0.709536,16402
2,5,6584,pixel3,cifar10,94.160000,15.720300,0.709536,16402
2,5,1804,pixel3,cifar10,89.063330,1.579900,0.709536,16402
2,5,1781,pixel3,cifar10,89.883330,1.712020,0.709536,16402
2,5,5224,pixel3,cifar10,88.980000,1.570360,0.709536,16402
2,5,1425,pixel3,cifar10,93.933334,12.536500,0.709536,16402
2,5,6985,pixel3,cifar10,89.940000,2.367450,0.709536,16402
2,5,1339,pixel3,cifar10,92.136665,5.802240,0.709536,16402
2,6,7017,raspi4,cifar10,86.970000,2.544041,0.625823,16140
2,6,3731,raspi4,cifar10,94.343330,58.070793,0.625823,16140
2,6,13846,raspi4,cifar10,90.720000,7.176163,0.625823,16140
2,6,5111,raspi4,cifar10,94.306660,41.756905,0.625823,16140
2,6,6918,raspi4,cifar10,87.000000,2.787590,0.625823,16140
2,6,11810,raspi4,cifar10,92.780000,18.619905,0.625823,16140
2,6,1941,raspi4,cifar10,93.533330,25.121769,0.625823,16140
2,6,6382,raspi4,cifar10,93.376660,21.461164,0.625823,16140
2,6,11972,raspi4,cifar10,91.510000,12.403558,0.625823,16140
2,6,8008,raspi4,cifar10,93.480000,22.571420,0.625823,16140
2,6,8592,raspi4,cifar10,93.750000,25.477009,0.625823,16140
2,6,13611,raspi4,cifar10,92.490000,18.523302,0.625823,16140
2,6,10412,raspi4,cifar10,93.530000,25.079220,0.625823,16140
2,6,11692,raspi4,cifar10,94.130000,37.583630,0.625823,16140
2,6,12505,raspi4,cifar10,92.150000,16.747276,0.625823,16140
2,6,6953,raspi4,cifar10,91.990000,15.601654,0.625823,16140
2,6,7058,raspi4,cifar10,92.040000,16.469465,0.625823,16140
2,6,2035,raspi4,cifar10,89.670000,4.984099,0.625823,16140
2,6,2058,raspi4,cifar10,93.270000,19.484835,0.625823,16140
2,6,4210,raspi4,cifar10,89.030000,4.782748,0.625823,16140
2,6,6111,raspi4,cifar10,94.373340,68.404106,0.625823,16140
2,6,8323,raspi4,cifar10,90.870000,7.426308,0.625823,16140
2,6,1690,raspi4,cifar10,86.646670,2.536549,0.625823,16140
2,6,4659,raspi4,cifar10,93.396670,22.249382,0.625823,16140
2,6,6960,raspi4,cifar10,92.280000,17.162752,0.625823,16140
2,6,6584,raspi4,cifar10,94.160000,38.818527,0.625823,16140
2,6,1962,raspi4,cifar10,86.530000,2.529453,0.625823,16140
2,6,5780,raspi4,cifar10,93.980000,34.928463,0.625823,16140
2,6,8426,raspi4,cifar10,93.840000,31.394428,0.625823,16140
2,6,6985,raspi4,cifar10,89.940000,4.995646,0.625823,16140
2,6,9380,raspi4,cifar10,89.335000,4.875613,0.625823,16140
2,6,10275,raspi4,cifar10,91.080000,9.993188,0.625823,16140
2,6,14677,raspi4,cifar10,88.670000,4.755260,0.625823,16140
2,6,9271,raspi4,cifar10,89.250000,4.830311,0.625823,16140
2,6,9980,raspi4,cifar10,10.000000,0.011284,0.625823,16140
2,6,14565,raspi4,cifar10,88.880000,4.781183,0.625823,16140
2,6,12002,raspi4,cifar10,93.510000,24.816572,0.625823,16140
2,6,1804,raspi4,cifar10,89.063330,4.791845,0.625823,16140
2,7,11810,edgegpu,cifar100,68.300000,1.779551,0.476164,16500
2,7,9922,edgegpu,cifar100,58.560000,1.428552,0.476164,16500
2,7,8401,edgegpu,cifar100,71.080000,3.302102,0.476164,16500
2,7,2304,edgegpu,cifar100,58.660000,1.440253,0.476164,16500
2,7,14677,edgegpu,cifar100,62.420000,1.746187,0.476164,16500
2,7,9997,edgegpu,cifar100,71.520000,3.466139,0.476164,16500
2,7,4954,edgegpu,cifar100,73.000000,6.669736,0.476164,16500
2,7,8912,edgegpu,cifar100,59.200000,1.441355,0.476164,16500
2,7,9930,edgegpu,cifar100,73.513336,6.803060,0.476164,16500
2,7,6124,edgegpu,cifar100,68.360000,3.185835,0.476164,16500
2,7,1425,edgegpu,cifar100,72.093330,5.310225,0.476164,16500
2,7,1509,edgegpu,cifar100,1.000000,0.505853,0.476164,16500
2,7,4418,edgegpu,cifar100,72.746666,5.352364,0.476164,16500
2,7,2778,edgegpu,cifar100,72.993330,6.134028,0.476164,16500
2,7,6381,edgegpu,cifar100,66.800000,1.753340,0.476164,16500
2,7,12415,edgegpu,cifar100,71.940000,4.828467,0.476164,16500
2,7,11885,edgegpu,cifar100,68.040000,1.776652,0.476164,16500
2,7,3888,edgegpu,cifar100,73.260000,6.797867,0.476164,16500
2,7,1038,edgegpu,cifar100,67.500000,1.758428,0.476164,16500
2,8,9997,edgetpu,cifar100,71.520000,0.729986,0.583861,16282
2,8,3303,edgetpu,cifar100,62.420000,0.392593,0.583861,16282
2,8,1110,edgetpu,cifar100,58.840000,0.355938,0.583861,16282
2,8,3888,edgetpu,cifar100,73.260000,1.316226,0.583861,16282
2,8,5019,edgetpu,cifar100,58.880000,0.357058,0.583861,16282
2,8,9930,edgetpu,cifar100,73.513336,1.454107,0.583861,16282
2,8,12574,edgetpu,cifar100,72.740000,0.932430,0.583861,16282
2,8,9271,edgetpu,cifar100,63.400000,0.393151,0.583861,16282
2,8,577,edgetpu,cifar100,69.680000,0.635228,0.583861,16282
2,8,13829,edgetpu,cifar100,66.873340,0.485137,0.583861,16282
2,8,8401,edgetpu,cifar100,71.080000,0.728572,0.583861,16282
2,8,1425,edgetpu,cifar100,72.093330,0.910660,0.583861,16282
2,8,14945,edgetpu,cifar100,58.500000,0.354940,0.583861,16282
2,8,777,edgetpu,cifar100,58.650000,0.355588,0.583861,16282
2,8,2705,edgetpu,cifar100,62.813330,0.393026,0.583861,16282
2,8,4418,edgetpu,cifar100,72.746666,1.093699,0.583861,16282
2,8,797,edgetpu,cifar100,69.580000,0.633351,0.583861,16282
2,8,8912,edgetpu,cifar100,59.200000,0.377698,0.583861,16282
2,8,4155,edgetpu,cifar100,62.306667,0.391442,0.583861,16282
2,8,8638,edgetpu,cifar100,58.860000,0.356631,0.583861,16282
2,8,10443,edgetpu,cifar100,68.300000,0.489020,0.583861,16282
2,8,12607,edgetpu,cifar100,62.600000,0.392830,0.583861,16282
2,8,15363,edgetpu,cifar100,70.520000,0.676394,0.583861,16282
2,8,1996,edgetpu,cifar100,67.820000,0.486748,0.583861,16282
2,8,11112,edgetpu,cifar100,66.893330,0.486713,0.583861,16282
2,8,12415,edgetpu,cifar100,71.940000,0.872299,0.583861,16282
2,8,10000,edgetpu,cifar100,73.160000,1.283461,0.583861,16282
2,8,857,edgetpu,cifar100,72.880000,1.264168,0.583861,16282
2,8,12761,edgetpu,cifar100,72.860000,1.225212,0.583861,16282
2,8,1943,edgetpu,cifar100,69.626660,0.634759,0.583861,16282
2,8,11533,edgetpu,cifar100,69.760000,0.635877,0.583861,16282
2,8,898,edgetpu,cifar100,70.000000,0.636860,0.583861,16282
2,8,1383,edgetpu,cifar100,70.273330,0.673722,0.583861,16282
2,8,69,edgetpu,cifar100,71.020000,0.727259,0.583861,16282
2,9,12820,eyeriss,cifar100,67.720000,2.419840,0.465118,16716
2,9,6925,eyeriss,cifar100,71.220000,3.894400,0.465118,16716
2,9,3540,eyeriss,cifar100,71.500000,4.877440,0.465118,16716
2,9,6787,eyeriss,cifar100,70.720000,3.648640,0.465118,16716
2,9,10689,eyeriss,cifar100,67.500000,2.174080,0.465118,16716
2,9,5651,eyeriss,cifar100,64.690000,1.928320,0.465118,16716
2,9,14112,eyeriss,cifar100,68.386665,2.911360,0.465118,16716
2,9,11301,eyeriss,cifar100,68.220000,2.665600,0.465118,16716
2,9,3888,eyeriss,cifar100,73.260000,6.597760,0.465118,16716
2,9,12574,eyeriss,cifar100,72.740000,5.123200,0.465118,16716
2,9,5084,eyeriss,cifar100,58.813330,1.682560,0.465118,16716
2,9,14714,eyeriss,cifar100,71.280000,4.140160,0.465118,16716
2,9,9930,eyeriss,cifar100,73.513336,9.055360,0.465118,16716
2,9,12761,eyeriss,cifar100,72.860000,6.352000,0.465118,16716
2,9,4659,eyeriss,cifar100,70.060000,3.402880,0.465118,16716
2,10,10689,fpga,cifar100,67.500000,2.163360,0.443371,16400
2,10,3540,fpga,cifar100,71.500000,4.163360,0.443371,16400
2,10,5651,fpga,cifar100,64.690000,1.648160,0.443371,16400
2,10,12574,fpga,cifar100,72.740000,4.678560,0.443371,16400
2,10,6787,fpga,cifar100,70.720000,3.420960,0.443371,16400
2,10,5084,fpga,cifar100,58.813330,1.132960,0.443371,16400
2,10,12761,fpga,cifar100,72.860000,5.420960,0.443371,16400
2,10,3888,fpga,cifar100,73.260000,5.936160,0.443371,16400
2,10,6925,fpga,cifar100,71.220000,3.936160,0.443371,16400
2,10,9997,fpga,cifar100,71.520000,4.572960,0.443371,16400
2,10,9930,fpga,cifar100,73.513336,7.420960,0.443371,16400
2,10,6830,fpga,cifar100,71.460000,4.057760,0.443371,16400
2,10,15033,fpga,cifar100,67.793335,2.390560,0.443371,16400
2,10,4249,fpga,cifar100,65.080000,2.057760,0.443371,16400
2,10,5033,fpga,cifar100,59.060000,1.542560,0.443371,16400
2,10,5743,fpga,cifar100,67.800000,2.800160,0.443371,16400
2,10,11973,fpga,cifar100,70.340000,2.905760,0.443371,16400
2,10,12295,fpga,cifar100,71.160000,3.648160,0.443371,16400
2,11,699,pixel3,cifar100,72.240000,12.079400,0.609671,16442
2,11,12574,pixel3,cifar100,72.740000,16.473900,0.609671,16442
2,11,572,pixel3,cifar100,70.313330,8.017480,0.609671,16442
2,11,12970,pixel3,cifar100,68.140000,4.782110,0.609671,16442
2,11,11000,pixel3,cifar100,71.180000,10.677600,0.609671,16442
2,11,8323,pixel3,cifar100,67.080000,3.106340,0.609671,16442
2,11,1409,pixel3,cifar100,58.853333,1.275090,0.609671,16442
2,11,898,pixel3,cifar100,70.000000,6.516140,0.609671,16442
2,11,10042,pixel3,cifar100,64.880000,2.794690,0.609671,16442
2,11,1558,pixel3,cifar100,64.020000,1.705220,0.609671,16442
2,11,1459,pixel3,cifar100,73.140000,23.437900,0.609671,16442
2,11,14112,pixel3,cifar100,68.386665,5.745320,0.609671,16442
2,11,485,pixel3,cifar100,67.593330,4.124800,0.609671,16442
2,11,9930,pixel3,cifar100,73.513336,42.003600,0.609671,16442
2,11,1090,pixel3,cifar100,65.220000,2.811310,0.609671,16442
2,11,6787,pixel3,cifar100,70.720000,9.854430,0.609671,16442
2,11,5651,pixel3,cifar100,64.690000,2.376870,0.609671,16442
2,11,724,pixel3,cifar100,67.053340,2.875650,0.609671,16442
2,11,857,pixel3,cifar100,72.880000,19.113200,0.609671,16442
2,11,1450,pixel3,cifar100,70.506670,9.337360,0.609671,16442
2,11,8638,pixel3,cifar100,58.860000,1.478570,0.609671,16442
2,11,8912,pixel3,cifar100,59.200000,1.478790,0.609671,16442
2,11,858,pixel3,cifar100,64.133330,2.003500,0.609671,16442
2,11,777,pixel3,cifar100,58.650000,1.087020,0.609671,16442
2,11,3888,pixel3,cifar100,73.260000,23.477200,0.609671,16442
2,11,6925,pixel3,cifar100,71.220000,10.688000,0.609671,16442
2,11,906,pixel3,cifar100,62.393333,1.661810,0.609671,16442
2,11,6337,pixel3,cifar100,1.000000,0.008753,0.609671,16442
2,11,1416,pixel3,cifar100,64.493330,2.084060,0.609671,16442
2,11,11301,pixel3,cifar100,68.220000,5.352090,0.609671,16442
2,11,15363,pixel3,cifar100,70.520000,9.708640,0.609671,16442
2,11,10689,pixel3,cifar100,67.500000,3.109220,0.609671,16442
2,12,1572,raspi4,cifar100,69.900000,19.916142,0.581087,16266
2,12,10689,raspi4,cifar100,67.500000,7.381845,0.581087,16266
2,12,14112,raspi4,cifar100,68.386665,14.423308,0.581087,16266
2,12,14714,raspi4,cifar100,71.280000,24.692347,0.581087,16266
2,12,13430,raspi4,cifar100,66.700000,7.203785,0.581087,16266
2,12,12761,raspi4,cifar100,72.860000,53.718200,0.581087,16266
2,12,10166,raspi4,cifar100,62.700000,4.857379,0.581087,16266
2,12,2222,raspi4,cifar100,58.313330,2.538255,0.581087,16266
2,12,12574,raspi4,cifar100,72.740000,36.371254,0.581087,16266
2,12,7891,raspi4,cifar100,67.550000,12.536592,0.581087,16266
2,12,15363,raspi4,cifar100,70.520000,21.809430,0.581087,16266
2,12,15589,raspi4,cifar100,59.060000,2.795078,0.581087,16266
2,12,375,raspi4,cifar100,64.440000,5.099302,0.581087,16266
2,12,6822,raspi4,cifar100,58.426666,2.558594,0.581087,16266
2,12,8912,raspi4,cifar100,59.200000,2.818969,0.581087,16266
2,12,6177,raspi4,cifar100,62.373333,4.795128,0.581087,16266
2,12,4409,raspi4,cifar100,67.173330,7.228629,0.581087,16266
2,12,6787,raspi4,cifar100,70.720000,23.081835,0.581087,16266
2,12,14612,raspi4,cifar100,58.720000,2.563505,0.581087,16266
2,12,3888,raspi4,cifar100,73.260000,55.029520,0.581087,16266
2,12,10222,raspi4,cifar100,58.860000,2.747804,0.581087,16266
2,12,6830,raspi4,cifar100,71.460000,34.491814,0.581087,16266
2,12,10042,raspi4,cifar100,64.880000,5.100886,0.581087,16266
2,12,898,raspi4,cifar100,70.000000,21.506163,0.581087,16266
2,12,1459,raspi4,cifar100,73.140000,53.879950,0.581087,16266
2,12,6918,raspi4,cifar100,58.800000,2.571364,0.581087,16266
2,12,8740,raspi4,cifar100,1.000000,0.015215,0.581087,16266
2,12,3487,raspi4,cifar100,70.093330,21.603350,0.581087,16266
2,12,12915,raspi4,cifar100,66.950000,7.226311,0.581087,16266
2,12,2035,raspi4,cifar100,63.926666,5.005698,0.581087,16266
2,12,5874,raspi4,cifar100,62.480000,4.810927,0.581087,16266
2,12,6925,raspi4,cifar100,71.220000,24.195030,0.581087,16266
2,12,14792,raspi4,cifar100,69.500000,19.111843,0.581087,16266
2,12,9926,raspi4,cifar100,63.520000,4.999532,0.581087,16266
2,12,9930,raspi4,cifar100,73.513336,71.152000,0.581087,16266
2,12,4498,raspi4,cifar100,64.086670,5.022347,0.581087,16266
2,12,4418,raspi4,cifar100,72.746666,47.162354,0.581087,16266
2,12,7030,raspi4,cifar100,69.600000,19.218203,0.581087,16266
2,12,8720,raspi4,cifar100,64.130000,5.082239,0.581087,16266
2,12,9997,raspi4,cifar100,71.520000,34.996710,0.581087,16266
2,12,7585,raspi4,cifar100,62.410000,4.802180,0.581087,16266
2,12,2063,raspi4,cifar100,62.320000,4.792511,0.581087,16266
2,12,9380,raspi4,cifar100,62.680000,4.821364,0.581087,16266
2,13,7760,edgegpu,ImageNet16-120,39.100000,1.743751,0.566858,16373
2,13,8884,edgegpu,ImageNet16-120,45.033333,3.499999,0.566858,16373
2,13,9722,edgegpu,ImageNet16-120,44.000000,3.327813,0.566858,16373
2,13,8426,edgegpu,ImageNet16-120,44.633335,3.370147,0.566858,16373
2,13,1164,edgegpu,ImageNet16-120,28.522223,1.435223,0.566858,16373
2,13,4587,edgegpu,ImageNet16-120,28.800000,1.445131,0.566858,16373
2,13,11217,edgegpu,ImageNet16-120,43.466667,3.316708,0.566858,16373
2,13,5374,edgegpu,ImageNet16-120,46.766666,5.294285,0.566858,16373
2,13,10947,edgegpu,ImageNet16-120,39.944443,1.909800,0.566858,16373
2,13,4946,edgegpu,ImageNet16-120,44.700000,3.490419,0.566858,16373
2,13,14117,edgegpu,ImageNet16-120,28.677778,1.435547,0.566858,16373
2,13,8401,edgegpu,ImageNet16-120,43.833332,3.322444,0.566858,16373
2,13,4988,edgegpu,ImageNet16-120,28.933332,1.448212,0.566858,16373
2,13,15376,edgegpu,ImageNet16-120,0.833333,0.533953,0.566858,16373
2,13,4160,edgegpu,ImageNet16-120,39.833332,1.756272,0.566858,16373
2,13,12415,edgegpu,ImageNet16-120,46.566666,4.667692,0.566858,16373
2,13,10699,edgegpu,ImageNet16-120,46.833332,6.223283,0.566858,16373
2,13,5751,edgegpu,ImageNet16-120,40.044445,2.434626,0.566858,16373
2,13,12760,edgegpu,ImageNet16-120,40.833332,3.308015,0.566858,16373
2,13,15288,edgegpu,ImageNet16-120,28.422222,1.417041,0.566858,16373
2,13,2650,edgegpu,ImageNet16-120,42.433334,3.309817,0.566858,16373
2,13,13760,edgegpu,ImageNet16-120,32.333332,1.739759,0.566858,16373
2,13,6636,edgegpu,ImageNet16-120,40.544445,3.305931,0.566858,16373
2,13,7187,edgegpu,ImageNet16-120,28.683332,1.443858,0.566858,16373
2,13,12081,edgegpu,ImageNet16-120,40.233334,2.730479,0.566858,16373
2,13,6950,edgegpu,ImageNet16-120,38.700000,1.740150,0.566858,16373
2,13,4332,edgegpu,ImageNet16-120,39.444443,1.745496,0.566858,16373
2,13,15383,edgegpu,ImageNet16-120,47.033333,6.262836,0.566858,16373
2,13,14840,edgegpu,ImageNet16-120,45.311110,4.224715,0.566858,16373
2,13,857,edgegpu,ImageNet16-120,47.311110,6.707663,0.566858,16373
2,13,14612,edgegpu,ImageNet16-120,28.488890,1.434064,0.566858,16373
2,14,14840,edgetpu,ImageNet16-120,45.311110,0.666690,0.518733,16191
2,14,14677,edgetpu,ImageNet16-120,33.233334,0.364575,0.518733,16191
2,14,8884,edgetpu,ImageNet16-120,45.033333,0.615792,0.518733,16191
2,14,11885,edgetpu,ImageNet16-120,39.166668,0.427395,0.518733,16191
2,14,13931,edgetpu,ImageNet16-120,28.788889,0.360349,0.518733,16191
2,14,11079,edgetpu,ImageNet16-120,43.566666,0.552430,0.518733,16191
2,14,5751,edgetpu,ImageNet16-120,40.044445,0.516992,0.518733,16191
2,14,7357,edgetpu,ImageNet16-120,44.666668,0.600498,0.518733,16191
2,14,4627,edgetpu,ImageNet16-120,43.500000,0.552306,0.518733,16191
2,14,3540,edgetpu,ImageNet16-120,45.122223,0.648670,0.518733,16191
2,14,5530,edgetpu,ImageNet16-120,42.577778,0.549937,0.518733,16191
2,14,4830,edgetpu,ImageNet16-120,42.233334,0.549457,0.518733,16191
2,14,4988,edgetpu,ImageNet16-120,28.933332,0.360694,0.518733,16191
2,14,15014,edgetpu,ImageNet16-120,28.266666,0.358110,0.518733,16191
2,14,6407,edgetpu,ImageNet16-120,32.333332,0.363748,0.518733,16191
2,14,13769,edgetpu,ImageNet16-120,41.555557,0.549360,0.518733,16191
2,14,6950,edgetpu,ImageNet16-120,38.700000,0.427379,0.518733,16191
2,14,857,edgetpu,ImageNet16-120,47.311110,0.997730,0.518733,16191
2,14,9689,edgetpu,ImageNet16-120,42.533333,0.549702,0.518733,16191
2,14,12415,edgetpu,ImageNet16-120,46.566666,0.710906,0.518733,16191
2,14,4160,edgetpu,ImageNet16-120,39.833332,0.430355,0.518733,16191
2,14,15363,edgetpu,ImageNet16-120,44.333332,0.582280,0.518733,16191
2,14,7750,edgetpu,ImageNet16-120,43.066666,0.551617,0.518733,16191
2,14,15383,edgetpu,ImageNet16-120,47.033333,0.780914,0.518733,16191
2,14,7273,edgetpu,ImageNet16-120,42.966667,0.550014,0.518733,16191
2,14,70,edgetpu,ImageNet16-120,39.377777,0.428228,0.518733,16191
2,14,10332,edgetpu,ImageNet16-120,40.033333,0.516152,0.518733,16191
2,14,6520,edgetpu,ImageNet16-120,32.383335,0.363944,0.518733,16191
2,14,15107,edgetpu,ImageNet16-120,39.800000,0.430284,0.518733,16191
2,14,10888,edgetpu,ImageNet16-120,28.333334,0.359044,0.518733,16191
2,14,8447,edgetpu,ImageNet16-120,40.011112,0.514586,0.518733,16191
2,14,7431,edgetpu,ImageNet16-120,32.577778,0.363954,0.518733,16191
2,14,7837,edgetpu,ImageNet16-120,32.111110,0.363571,0.518733,16191
2,14,11282,edgetpu,ImageNet16-120,39.633335,0.428409,0.518733,16191
2,14,13097,edgetpu,ImageNet16-120,39.655556,0.428424,0.518733,16191
2,14,10167,edgetpu,ImageNet16-120,39.944443,0.444058,0.518733,16191
2,14,13972,edgetpu,ImageNet16-120,31.933332,0.363440,0.518733,16191
2,14,6858,edgetpu,ImageNet16-120,40.333332,0.541300,0.518733,16191
2,14,7396,edgetpu,ImageNet16-120,40.177776,0.517218,0.518733,16191
2,15,15383,eyeriss,ImageNet16-120,47.033333,1.283200,0.468935,16808
2,15,2835,eyeriss,ImageNet16-120,38.222220,0.545920,0.468935,16808
2,15,6787,eyeriss,ImageNet16-120,44.400000,0.914560,0.468935,16808
2,15,6854,eyeriss,ImageNet16-120,40.800000,0.668800,0.468935,16808
2,15,8853,eyeriss,ImageNet16-120,45.600000,1.037440,0.468935,16808
2,15,1939,eyeriss,ImageNet16-120,45.077778,0.976000,0.468935,16808
2,15,14417,eyeriss,ImageNet16-120,45.900000,1.098880,0.468935,16808
2,15,3687,eyeriss,ImageNet16-120,34.066666,0.484480,0.468935,16808
2,15,857,eyeriss,ImageNet16-120,47.311110,1.651840,0.468935,16808
2,15,8008,eyeriss,ImageNet16-120,43.500000,0.853120,0.468935,16808
2,15,4618,eyeriss,ImageNet16-120,28.544445,0.423040,0.468935,16808
2,15,735,eyeriss,ImageNet16-120,38.544445,0.607360,0.468935,16808
2,16,1939,fpga,ImageNet16-120,45.077778,1.062400,0.511377,16322
2,16,4829,fpga,ImageNet16-120,34.200000,0.415520,0.511377,16322
2,16,12452,fpga,ImageNet16-120,40.533333,0.780320,0.511377,16322
2,16,5793,fpga,ImageNet16-120,35.033333,0.517920,0.511377,16322
2,16,2835,fpga,ImageNet16-120,38.222220,0.546720,0.511377,16322
2,16,6787,fpga,ImageNet16-120,44.400000,0.969600,0.511377,16322
2,16,6854,fpga,ImageNet16-120,40.800000,0.809120,0.511377,16322
2,16,14748,fpga,ImageNet16-120,44.900000,0.995200,0.511377,16322
2,16,15383,fpga,ImageNet16-120,47.033333,1.504000,0.511377,16322
2,16,6868,fpga,ImageNet16-120,39.000000,0.649120,0.511377,16322
2,16,10017,fpga,ImageNet16-120,40.566666,0.784000,0.511377,16322
2,16,8008,fpga,ImageNet16-120,43.500000,0.876800,0.511377,16322
2,16,857,fpga,ImageNet16-120,47.311110,2.038400,0.511377,16322
2,16,14417,fpga,ImageNet16-120,45.900000,1.276320,0.511377,16322
2,16,4988,fpga,ImageNet16-120,28.933332,0.284320,0.511377,16322
2,16,15446,fpga,ImageNet16-120,45.766666,1.116320,0.511377,16322
2,17,2835,pixel3,ImageNet16-120,38.222220,0.868646,0.646390,16212
2,17,10154,pixel3,ImageNet16-120,46.133335,4.783700,0.646390,16212
2,17,6014,pixel3,ImageNet16-120,28.533333,0.423391,0.646390,16212
2,17,4587,pixel3,ImageNet16-120,28.800000,0.445767,0.646390,16212
2,17,1939,pixel3,ImageNet16-120,45.077778,3.021500,0.646390,16212
2,17,8584,pixel3,ImageNet16-120,34.088890,0.664046,0.646390,16212
2,17,1204,pixel3,ImageNet16-120,37.844444,0.864966,0.646390,16212
2,17,12424,pixel3,ImageNet16-120,43.133330,2.470150,0.646390,16212
2,17,1549,pixel3,ImageNet16-120,28.655556,0.424747,0.646390,16212
2,17,6854,pixel3,ImageNet16-120,40.800000,1.621620,0.646390,16212
2,17,4829,pixel3,ImageNet16-120,34.200000,0.795625,0.646390,16212
2,17,2018,pixel3,ImageNet16-120,46.433334,4.949210,0.646390,16212
2,17,8954,pixel3,ImageNet16-120,28.733334,0.424855,0.646390,16212
2,17,15383,pixel3,ImageNet16-120,47.033333,5.191720,0.646390,16212
2,17,12452,pixel3,ImageNet16-120,40.533333,1.504410,0.646390,16212
2,17,11079,pixel3,ImageNet16-120,43.566666,2.479610,0.646390,16212
2,17,12466,pixel3,ImageNet16-120,46.100000,4.680280,0.646390,16212
2,17,1110,pixel3,ImageNet16-120,28.600000,0.423927,0.646390,16212
2,17,12639,pixel3,ImageNet16-120,40.400000,1.304440,0.646390,16212
2,17,3728,pixel3,ImageNet16-120,28.500000,0.422880,0.646390,16212
2,17,4988,pixel3,ImageNet16-120,28.933332,0.485996,0.646390,16212
2,17,4004,pixel3,ImageNet16-120,42.811110,2.467510,0.646390,16212
2,17,857,pixel3,ImageNet16-120,47.311110,6.686850,0.646390,16212
2,17,4977,pixel3,ImageNet16-120,32.966667,0.617991,0.646390,16212
2,17,5487,pixel3,ImageNet16-120,38.500000,1.109150,0.646390,16212
2,17,4432,pixel3,ImageNet16-120,37.800000,0.861157,0.646390,16212
2,17,758,pixel3,ImageNet16-120,28.333334,0.422134,0.646390,16212
2,17,15446,pixel3,ImageNet16-120,45.766666,3.439380,0.646390,16212
2,17,4384,pixel3,ImageNet16-120,28.133333,0.421612,0.646390,16212
2,17,12506,pixel3,ImageNet16-120,43.983334,2.929990,0.646390,16212
2,17,9805,pixel3,ImageNet16-120,34.133335,0.791370,0.646390,16212
2,17,898,pixel3,ImageNet16-120,42.466667,2.467210,0.646390,16212
2,17,11000,pixel3,ImageNet16-120,44.866665,2.962520,0.646390,16212
2,17,1860,pixel3,ImageNet16-120,28.433332,0.422587,0.646390,16212
2,17,872,pixel3,ImageNet16-120,41.777780,2.465030,0.646390,16212
2,17,14417,pixel3,ImageNet16-120,45.900000,4.143030,0.646390,16212
2,17,13756,pixel3,ImageNet16-120,0.833333,0.005289,0.646390,16212
2,17,3650,pixel3,ImageNet16-120,43.866665,2.716840,0.646390,16212
2,17,1425,pixel3,ImageNet16-120,45.977780,4.619290,0.646390,16212
2,17,8627,pixel3,ImageNet16-120,43.633335,2.707490,0.646390,16212
2,17,12516,pixel3,ImageNet16-120,32.083332,0.617816,0.646390,16212
2,18,6336,raspi4,ImageNet16-120,39.366665,3.073392,0.711384,16121
2,18,3431,raspi4,ImageNet16-120,32.966667,1.536690,0.711384,16121
2,18,1188,raspi4,ImageNet16-120,32.455555,1.526725,0.711384,16121
2,18,2779,raspi4,ImageNet16-120,37.355556,2.190654,0.711384,16121
2,18,15383,raspi4,ImageNet16-120,47.033333,8.565354,0.711384,16121
2,18,10835,raspi4,ImageNet16-120,45.233334,6.632419,0.711384,16121
2,18,8884,raspi4,ImageNet16-120,45.033333,5.293177,0.711384,16121
2,18,4988,raspi4,ImageNet16-120,28.933332,1.003251,0.711384,16121
2,18,5637,raspi4,ImageNet16-120,33.933334,1.580707,0.711384,16121
2,18,9496,raspi4,ImageNet16-120,38.200000,2.204048,0.711384,16121
2,18,10472,raspi4,ImageNet16-120,39.633335,3.079679,0.711384,16121
2,18,14792,raspi4,ImageNet16-120,43.033333,3.792447,0.711384,16121
2,18,219,raspi4,ImageNet16-120,42.500000,3.768475,0.711384,16121
2,18,8447,raspi4,ImageNet16-120,40.011112,3.156609,0.711384,16121
2,18,8584,raspi4,ImageNet16-120,34.088890,1.586268,0.711384,16121
2,18,9032,raspi4,ImageNet16-120,38.016666,2.201532,0.711384,16121
2,18,5455,raspi4,ImageNet16-120,32.611110,1.532377,0.711384,16121
2,18,10715,raspi4,ImageNet16-120,45.533333,6.790813,0.711384,16121
2,18,6854,raspi4,ImageNet16-120,40.800000,3.661016,0.711384,16121
2,18,2018,raspi4,ImageNet16-120,46.433334,7.482383,0.711384,16121
2,18,1939,raspi4,ImageNet16-120,45.077778,5.341908,0.711384,16121
2,18,12505,raspi4,ImageNet16-120,39.283333,3.062432,0.711384,16121
2,18,8355,raspi4,ImageNet16-120,39.666668,3.083286,0.711384,16121
2,18,13771,raspi4,ImageNet16-120,32.744446,1.533813,0.711384,16121
2,18,6868,raspi4,ImageNet16-120,39.000000,2.982937,0.711384,16121
2,18,13931,raspi4,ImageNet16-120,28.788889,0.956195,0.711384,16121
2,18,11079,raspi4,ImageNet16-120,43.566666,3.802027,0.711384,16121
2,18,7187,raspi4,ImageNet16-120,28.683332,0.952790,0.711384,16121
2,18,857,raspi4,ImageNet16-120,47.311110,9.020064,0.711384,16121
2,18,14677,raspi4,ImageNet16-120,33.233334,1.537227,0.711384,16121
2,18,15363,raspi4,ImageNet16-120,44.333332,4.480516,0.711384,16121
2,18,3192,raspi4,ImageNet16-120,45.477780,6.675633,0.711384,16121
2,18,3782,raspi4,ImageNet16-120,41.866665,3.755286,0.711384,16121
2,18,1413,raspi4,ImageNet16-120,42.711113,3.788479,0.711384,16121
2,18,14417,raspi4,ImageNet16-120,45.900000,6.948865,0.711384,16121
2,18,3960,raspi4,ImageNet16-120,37.755554,2.197980,0.711384,16121
2,18,933,raspi4,ImageNet16-120,0.833333,0.011514,0.711384,16121
2,18,4995,raspi4,ImageNet16-120,42.166668,3.766336,0.711384,16121
2,18,11946,raspi4,ImageNet16-120,28.200000,0.940293,0.711384,16121
2,18,7357,raspi4,ImageNet16-120,44.666668,4.480689,0.711384,16121
2,18,11584,raspi4,ImageNet16-120,46.666668,8.014434,0.711384,16121
2,18,13059,raspi4,ImageNet16-120,34.266666,1.595651,0.711384,16121
2,18,10017,raspi4,ImageNet16-120,40.566666,3.181383,0.711384,16121
2,18,1204,raspi4,ImageNet16-120,37.844444,2.199356,0.711384,16121
2,18,8683,raspi4,ImageNet16-120,44.200000,4.462997,0.711384,16121
2,18,5530,raspi4,ImageNet16-120,42.577778,3.785925,0.711384,16121
2,18,14697,raspi4,ImageNet16-120,33.900000,1.580382,0.711384,16121
2,18,10167,raspi4,ImageNet16-120,39.944443,3.106316,0.711384,16121
2,18,735,raspi4,ImageNet16-120,38.544445,2.911079,0.711384,16121
3,1,2776,edgegpu,cifar10,93.666664,3.331194,0.526854,16489
3,1,5780,edgegpu,cifar10,93.980000,3.361888,0.526854,16489
3,1,13401,edgegpu,cifar10,87.010000,1.457009,0.526854,16489
3,1,10484,edgegpu,cifar10,93.810000,3.354015,0.526854,16489
3,1,11692,edgegpu,cifar10,94.130000,4.708362,0.526854,16489
3,1,14527,edgegpu,cifar10,86.765000,1.439619,0.526854,16489
3,1,11810,edgegpu,cifar10,92.780000,1.992798,0.526854,16489
3,1,9099,edgegpu,cifar10,93.940000,3.357520,0.526854,16489
3,1,1549,edgegpu,cifar10,86.710000,1.436324,0.526854,16489
3,1,11438,edgegpu,cifar10,92.500000,1.846719,0.526854,16489
3,1,1339,edgegpu,cifar10,92.136665,1.751881,0.526854,16489
3,1,6499,edgegpu,cifar10,93.645000,3.331041,0.526854,16489
3,1,5292,edgegpu,cifar10,94.293335,6.663151,0.526854,16489
3,1,2053,edgegpu,cifar10,94.206665,5.482254,0.526854,16489
3,1,14090,edgegpu,cifar10,92.086670,1.749086,0.526854,16489
3,1,258,edgegpu,cifar10,93.640000,3.307109,0.526854,16489
3,1,13714,edgegpu,cifar10,94.373340,6.772180,0.526854,16489
3,1,5400,edgegpu,cifar10,86.630000,1.427460,0.526854,16489
3,1,1459,edgegpu,cifar10,94.296670,6.748991,0.526854,16489
3,1,14407,edgegpu,cifar10,86.770000,1.440282,0.526854,16489
3,1,8421,edgegpu,cifar10,10.000000,0.538597,0.526854,16489
3,1,6330,edgegpu,cifar10,94.006670,4.384699,0.526854,16489
3,1,6950,edgegpu,cifar10,92.000000,1.738467,0.526854,16489
3,1,561,edgegpu,cifar10,86.880000,1.451068,0.526854,16489
3,1,6960,edgegpu,cifar10,92.280000,1.764450,0.526854,16489
3,2,11692,edgetpu,cifar10,94.130000,0.761100,0.450261,15806
3,2,9689,edgetpu,cifar10,93.370000,0.628386,0.450261,15806
3,2,5780,edgetpu,cifar10,93.980000,0.723967,0.450261,15806
3,2,13611,edgetpu,cifar10,92.490000,0.481826,0.450261,15806
3,2,2485,edgetpu,cifar10,86.700000,0.346546,0.450261,15806
3,2,797,edgetpu,cifar10,93.280000,0.627996,0.450261,15806
3,2,11112,edgetpu,cifar10,92.110000,0.480732,0.450261,15806
3,2,2053,edgetpu,cifar10,94.206665,1.042178,0.450261,15806
3,2,8008,edgetpu,cifar10,93.480000,0.629746,0.450261,15806
3,2,5111,edgetpu,cifar10,94.306660,1.152010,0.450261,15806
3,2,13714,edgetpu,cifar10,94.373340,1.377865,0.450261,15806
3,2,11810,edgetpu,cifar10,92.780000,0.482879,0.450261,15806
3,2,6382,edgetpu,cifar10,93.376660,0.628638,0.450261,15806
3,2,15000,edgetpu,cifar10,92.400000,0.481741,0.450261,15806
3,2,11438,edgetpu,cifar10,92.500000,0.482393,0.450261,15806
3,2,9950,edgetpu,cifar10,93.840000,0.723767,0.450261,15806
3,2,10683,edgetpu,cifar10,92.330000,0.481277,0.450261,15806
3,2,7017,edgetpu,cifar10,86.970000,0.353089,0.450261,15806
3,2,3731,edgetpu,cifar10,94.343330,1.282820,0.450261,15806
3,2,5258,edgetpu,cifar10,88.775000,0.388629,0.450261,15806
3,2,4161,edgetpu,cifar10,89.250000,0.391221,0.450261,15806
3,2,8192,edgetpu,cifar10,93.093330,0.627745,0.450261,15806
3,2,9380,edgetpu,cifar10,89.335000,0.395662,0.450261,15806
3,2,6918,edgetpu,cifar10,87.000000,0.375819,0.450261,15806
3,2,5647,edgetpu,cifar10,89.110000,0.389378,0.450261,15806
3,2,3927,edgetpu,cifar10,93.626660,0.723268,0.450261,15806
3,3,12438,eyeriss,cifar10,89.875000,1.925300,0.661637,16627
3,3,8323,eyeriss,cifar10,90.870000,2.171060,0.661637,16627
3,3,13987,eyeriss,cifar10,93.596664,3.645620,0.661637,16627
3,3,8008,eyeriss,cifar10,93.480000,3.399860,0.661637,16627
3,3,13714,eyeriss,cifar10,94.373340,7.823540,0.661637,16627
3,3,6854,eyeriss,cifar10,91.040000,2.662580,0.661637,16627
3,3,4384,eyeriss,cifar10,86.796670,1.679540,0.661637,16627
3,3,11472,eyeriss,cifar10,93.970000,4.628660,0.661637,16627
3,3,5111,eyeriss,cifar10,94.306660,5.365940,0.661637,16627
3,3,6111,eyeriss,cifar10,94.373340,7.823540,0.661637,16627
3,3,8592,eyeriss,cifar10,93.750000,3.891380,0.661637,16627
3,3,3731,eyeriss,cifar10,94.343330,6.594740,0.661637,16627
3,3,6899,eyeriss,cifar10,90.900000,2.416820,0.661637,16627
3,3,14112,eyeriss,cifar10,91.296670,2.908340,0.661637,16627
3,3,13611,eyeriss,cifar10,92.490000,3.154100,0.661637,16627
3,3,6584,eyeriss,cifar10,94.160000,4.874420,0.661637,16627
3,4,13714,fpga,cifar10,94.373340,6.678560,0.668364,16337
3,4,12438,fpga,cifar10,89.875000,1.648160,0.668364,16337
3,4,6111,fpga,cifar10,94.373340,6.678560,0.668364,16337
3,4,5111,fpga,cifar10,94.306660,5.193760,0.668364,16337
3,4,15295,fpga,cifar10,90.050000,2.057760,0.668364,16337
3,4,11472,fpga,cifar10,93.970000,3.648160,0.668364,16337
3,4,6584,fpga,cifar10,94.160000,4.163360,0.668364,16337
3,4,3731,fpga,cifar10,94.343330,5.936160,0.668364,16337
3,4,8008,fpga,cifar10,93.480000,2.905760,0.668364,16337
3,4,8720,fpga,cifar10,89.875000,1.648160,0.668364,16337
3,4,4384,fpga,cifar10,86.796670,1.132960,0.668364,16337
3,4,8323,fpga,cifar10,90.870000,2.163360,0.668364,16337
3,4,13987,fpga,cifar10,93.596664,3.420960,0.668364,16337
3,4,10431,fpga,cifar10,87.000000,1.542560,0.668364,16337
3,4,13611,fpga,cifar10,92.490000,2.390560,0.668364,16337
3,5,13171,pixel3,cifar10,93.530000,7.717220,0.973688,16388
3,5,1943,pixel3,cifar10,93.116670,6.492030,0.973688,16388
3,5,8323,pixel3,cifar10,90.870000,3.106420,0.973688,16388
3,5,6985,pixel3,cifar10,89.940000,2.367450,0.973688,16388
3,5,4554,pixel3,cifar10,86.670000,1.114880,0.973688,16388
3,5,1631,pixel3,cifar10,89.506670,1.697120,0.973688,16388
3,5,4627,pixel3,cifar10,93.270000,7.036050,0.973688,16388
3,5,12452,pixel3,cifar10,91.350000,5.590110,0.973688,16388
3,5,10689,pixel3,cifar10,90.790000,2.669770,0.973688,16388
3,5,2779,pixel3,cifar10,90.806660,3.102950,0.973688,16388
3,5,13869,pixel3,cifar10,93.656670,10.634700,0.973688,16388
3,5,1804,pixel3,cifar10,89.063330,1.579900,0.973688,16388
3,5,9230,pixel3,cifar10,86.580000,1.056760,0.973688,16388
3,5,6382,pixel3,cifar10,93.376660,7.048190,0.973688,16388
3,5,7197,pixel3,cifar10,90.366670,2.447670,0.973688,16388
3,5,13987,pixel3,cifar10,93.596664,9.922680,0.973688,16388
3,5,8708,pixel3,cifar10,94.080000,12.839000,0.973688,16388
3,5,8592,pixel3,cifar10,93.750000,10.769800,0.973688,16388
3,5,6918,pixel3,cifar10,87.000000,1.478790,0.973688,16388
3,5,6434,pixel3,cifar10,91.080000,4.811140,0.973688,16388
3,5,11972,pixel3,cifar10,91.510000,5.627010,0.973688,16388
3,5,5111,pixel3,cifar10,94.306660,17.584600,0.973688,16388
3,5,5224,pixel3,cifar10,88.980000,1.570360,0.973688,16388
3,5,8695,pixel3,cifar10,94.220000,17.564500,0.973688,16388
3,5,6854,pixel3,cifar10,91.040000,4.514220,0.973688,16388
3,5,6863,pixel3,cifar10,86.740000,1.229320,0.973688,16388
3,5,1941,pixel3,cifar10,93.533330,9.128690,0.973688,16388
3,5,11692,pixel3,cifar10,94.130000,15.490100,0.973688,16388
3,5,7017,pixel3,cifar10,86.970000,1.403930,0.973688,16388
3,5,1497,pixel3,cifar10,86.556660,1.056630,0.973688,16388
3,5,6899,pixel3,cifar10,90.900000,3.961410,0.973688,16388
3,5,1339,pixel3,cifar10,92.136665,5.802240,0.973688,16388
3,5,2035,pixel3,cifar10,89.670000,1.706480,0.973688,16388
3,5,3731,pixel3,cifar10,94.343330,23.361300,0.973688,16388
3,5,1781,pixel3,cifar10,89.883330,1.712020,0.973688,16388
3,5,7001,pixel3,cifar10,10.000000,0.003277,0.973688,16388
3,5,6111,pixel3,cifar10,94.373340,23.584800,0.973688,16388
3,5,1425,pixel3,cifar10,93.933334,12.536500,0.973688,16388
3,5,8836,pixel3,cifar10,92.220000,6.313990,0.973688,16388
3,5,25,pixel3,cifar10,86.540000,1.054570,0.973688,16388
3,5,6584,pixel3,cifar10,94.160000,15.720300,0.973688,16388
3,6,12238,raspi4,cifar10,91.690000,16.046099,0.845756,16374
3,6,11810,raspi4,cifar10,92.780000,18.619905,0.845756,16374
3,6,6382,raspi4,cifar10,93.376660,21.461164,0.845756,16374
3,6,8323,raspi4,cifar10,90.870000,7.426308,0.845756,16374
3,6,1941,raspi4,cifar10,93.533330,25.121769,0.845756,16374
3,6,10412,raspi4,cifar10,93.530000,25.079220,0.845756,16374
3,6,13846,raspi4,cifar10,90.720000,7.176163,0.845756,16374
3,6,3731,raspi4,cifar10,94.343330,58.070793,0.845756,16374
3,6,8592,raspi4,cifar10,93.750000,25.477009,0.845756,16374
3,6,3687,raspi4,cifar10,89.820000,5.156255,0.845756,16374
3,6,11692,raspi4,cifar10,94.130000,37.583630,0.845756,16374
3,6,5111,raspi4,cifar10,94.306660,41.756905,0.845756,16374
3,6,1962,raspi4,cifar10,86.530000,2.529453,0.845756,16374
3,6,2058,raspi4,cifar10,93.270000,19.484835,0.845756,16374
3,6,13611,raspi4,cifar10,92.490000,18.523302,0.845756,16374
3,6,11533,raspi4,cifar10,93.420000,21.715693,0.845756,16374
3,6,7017,raspi4,cifar10,86.970000,2.544041,0.845756,16374
3,6,8008,raspi4,cifar10,93.480000,22.571420,0.845756,16374
3,6,1804,raspi4,cifar10,89.063330,4.791845,0.845756,16374
3,6,9380,raspi4,cifar10,89.335000,4.875613,0.845756,16374
3,6,9271,raspi4,cifar10,89.250000,4.830311,0.845756,16374
3,6,6960,raspi4,cifar10,92.280000,17.162752,0.845756,16374
3,6,1690,raspi4,cifar10,86.646670,2.536549,0.845756,16374
3,6,2035,raspi4,cifar10,89.670000,4.984099,0.845756,16374
3,6,7058,raspi4,cifar10,92.040000,16.469465,0.845756,16374
3,6,1781,raspi4,cifar10,89.883330,5.961801,0.845756,16374
3,6,6111,raspi4,cifar10,94.373340,68.404106,0.845756,16374
3,6,12639,raspi4,cifar10,90.990000,11.857850,0.845756,16374
3,6,8426,raspi4,cifar10,93.840000,31.394428,0.845756,16374
3,6,5780,raspi4,cifar10,93.980000,34.928463,0.845756,16374
3,6,14565,raspi4,cifar10,88.880000,4.781183,0.845756,16374
3,6,12505,raspi4,cifar10,92.150000,16.747276,0.845756,16374
3,6,5940,raspi4,cifar10,91.056660,12.563456,0.845756,16374
3,6,14677,raspi4,cifar10,88.670000,4.755260,0.845756,16374
3,6,9980,raspi4,cifar10,10.000000,0.011284,0.845756,16374
3,6,4210,raspi4,cifar10,89.030000,4.782748,0.845756,16374
3,6,7207,raspi4,cifar10,89.803340,5.099723,0.845756,16374
3,6,6868,raspi4,cifar10,90.880000,10.226877,0.845756,16374
3,6,6584,raspi4,cifar10,94.160000,38.818527,0.845756,16374
3,7,14677,edgegpu,cifar100,62.420000,1.746187,0.540740,16292
3,7,11810,edgegpu,cifar100,68.300000,1.779551,0.540740,16292
3,7,6381,edgegpu,cifar100,66.800000,1.753340,0.540740,16292
3,7,9922,edgegpu,cifar100,58.560000,1.428552,0.540740,16292
3,7,2304,edgegpu,cifar100,58.660000,1.440253,0.540740,16292
3,7,9930,edgegpu,cifar100,73.513336,6.803060,0.540740,16292
3,7,11885,edgegpu,cifar100,68.040000,1.776652,0.540740,16292
3,7,1038,edgegpu,cifar100,67.500000,1.758428,0.540740,16292
3,7,9997,edgegpu,cifar100,71.520000,3.466139,0.540740,16292
3,7,1425,edgegpu,cifar100,72.093330,5.310225,0.540740,16292
3,7,12415,edgegpu,cifar100,71.940000,4.828467,0.540740,16292
3,7,4418,edgegpu,cifar100,72.746666,5.352364,0.540740,16292
3,7,4954,edgegpu,cifar100,73.000000,6.669736,0.540740,16292
3,7,8401,edgegpu,cifar100,71.080000,3.302102,0.540740,16292
3,7,1509,edgegpu,cifar100,1.000000,0.505853,0.540740,16292
3,7,3888,edgegpu,cifar100,73.260000,6.797867,0.540740,16292
3,7,8912,edgegpu,cifar100,59.200000,1.441355,0.540740,16292
3,7,6124,edgegpu,cifar100,68.360000,3.185835,0.540740,16292
3,7,11067,edgegpu,cifar100,58.186670,1.427836,0.540740,16292
3,7,2778,edgegpu,cifar100,72.993330,6.134028,0.540740,16292
3,8,9271,edgetpu,cifar100,63.400000,0.393151,0.611827,16002
3,8,12574,edgetpu,cifar100,72.740000,0.932430,0.611827,16002
3,8,5019,edgetpu,cifar100,58.880000,0.357058,0.611827,16002
3,8,1110,edgetpu,cifar100,58.840000,0.355938,0.611827,16002
3,8,8401,edgetpu,cifar100,71.080000,0.728572,0.611827,16002
3,8,1425,edgetpu,cifar100,72.093330,0.910660,0.611827,16002
3,8,577,edgetpu,cifar100,69.680000,0.635228,0.611827,16002
3,8,12415,edgetpu,cifar100,71.940000,0.872299,0.611827,16002
3,8,2705,edgetpu,cifar100,62.813330,0.393026,0.611827,16002
3,8,14945,edgetpu,cifar100,58.500000,0.354940,0.611827,16002
3,8,9930,edgetpu,cifar100,73.513336,1.454107,0.611827,16002
3,8,9997,edgetpu,cifar100,71.520000,0.729986,0.611827,16002
3,8,11112,edgetpu,cifar100,66.893330,0.486713,0.611827,16002
3,8,797,edgetpu,cifar100,69.580000,0.633351,0.611827,16002
3,8,12607,edgetpu,cifar100,62.600000,0.392830,0.611827,16002
3,8,1383,edgetpu,cifar100,70.273330,0.673722,0.611827,16002
3,8,4418,edgetpu,cifar100,72.746666,1.093699,0.611827,16002
3,8,4155,edgetpu,cifar100,62.306667,0.391442,0.611827,16002
3,8,11533,edgetpu,cifar100,69.760000,0.635877,0.611827,16002
3,8,13829,edgetpu,cifar100,66.873340,0.485137,0.611827,16002
3,8,8638,edgetpu,cifar100,58.860000,0.356631,0.611827,16002
3,8,12761,edgetpu,cifar100,72.860000,1.225212,0.611827,16002
3,8,10000,edgetpu,cifar100,73.160000,1.283461,0.611827,16002
3,8,857,edgetpu,cifar100,72.880000,1.264168,0.611827,16002
3,8,777,edgetpu,cifar100,58.650000,0.355588,0.611827,16002
3,8,8912,edgetpu,cifar100,59.200000,0.377698,0.611827,16002
3,8,898,edgetpu,cifar100,70.000000,0.636860,0.611827,16002
3,8,69,edgetpu,cifar100,71.020000,0.727259,0.611827,16002
3,8,1943,edgetpu,cifar100,69.626660,0.634759,0.611827,16002
3,8,1996,edgetpu,cifar100,67.820000,0.486748,0.611827,16002
3,8,15363,edgetpu,cifar100,70.520000,0.676394,0.611827,16002
3,8,10443,edgetpu,cifar100,68.300000,0.489020,0.611827,16002
3,8,781,edgetpu,cifar100,67.960000,0.487922,0.611827,16002
3,8,3888,edgetpu,cifar100,73.260000,1.316226,0.611827,16002
3,9,6925,eyeriss,cifar100,71.220000,3.894400,0.500078,16801
3,9,9930,eyeriss,cifar100,73.513336,9.055360,0.500078,16801
3,9,14714,eyeriss,cifar100,71.280000,4.140160,0.500078,16801
3,9,5084,eyeriss,cifar100,58.813330,1.682560,0.500078,16801
3,9,11301,eyeriss,cifar100,68.220000,2.665600,0.500078,16801
3,9,3888,eyeriss,cifar100,73.260000,6.597760,0.500078,16801
3,9,10689,eyeriss,cifar100,67.500000,2.174080,0.500078,16801
3,9,12761,eyeriss,cifar100,72.860000,6.352000,0.500078,16801
3,9,12820,eyeriss,cifar100,67.720000,2.419840,0.500078,16801
3,9,14112,eyeriss,cifar100,68.386665,2.911360,0.500078,16801
3,9,5725,eyeriss,cifar100,70.600000,3.648640,0.500078,16801
3,9,12574,eyeriss,cifar100,72.740000,5.123200,0.500078,16801
3,9,4659,eyeriss,cifar100,70.060000,3.402880,0.500078,16801
3,9,5651,eyeriss,cifar100,64.690000,1.928320,0.500078,16801
3,9,3540,eyeriss,cifar100,71.500000,4.877440,0.500078,16801
3,10,9930,fpga,cifar100,73.513336,7.420960,0.484638,16344
3,10,10689,fpga,cifar100,67.500000,2.163360,0.484638,16344
3,10,12761,fpga,cifar100,72.860000,5.420960,0.484638,16344
3,10,6925,fpga,cifar100,71.220000,3.936160,0.484638,16344
3,10,12574,fpga,cifar100,72.740000,4.678560,0.484638,16344
3,10,3888,fpga,cifar100,73.260000,5.936160,0.484638,16344
3,10,5084,fpga,cifar100,58.813330,1.132960,0.484638,16344
3,10,5651,fpga,cifar100,64.690000,1.648160,0.484638,16344
3,10,3540,fpga,cifar100,71.500000,4.163360,0.484638,16344
3,10,11979,fpga,cifar100,68.000000,2.800160,0.484638,16344
3,10,12820,fpga,cifar100,67.720000,2.678560,0.484638,16344
3,10,6787,fpga,cifar100,70.720000,3.420960,0.484638,16344
3,10,11973,fpga,cifar100,70.340000,2.905760,0.484638,16344
3,10,4249,fpga,cifar100,65.080000,2.057760,0.484638,16344
3,10,12295,fpga,cifar100,71.160000,3.648160,0.484638,16344
3,10,7250,fpga,cifar100,67.706665,2.390560,0.484638,16344
3,10,5033,fpga,cifar100,59.060000,1.542560,0.484638,16344
3,10,9997,fpga,cifar100,71.520000,4.572960,0.484638,16344
3,11,1558,pixel3,cifar100,64.020000,1.705220,0.631340,16507
3,11,572,pixel3,cifar100,70.313330,8.017480,0.631340,16507
3,11,857,pixel3,cifar100,72.880000,19.113200,0.631340,16507
3,11,1459,pixel3,cifar100,73.140000,23.437900,0.631340,16507
3,11,1416,pixel3,cifar100,64.493330,2.084060,0.631340,16507
3,11,15363,pixel3,cifar100,70.520000,9.708640,0.631340,16507
3,11,14112,pixel3,cifar100,68.386665,5.745320,0.631340,16507
3,11,8638,pixel3,cifar100,58.860000,1.478570,0.631340,16507
3,11,6337,pixel3,cifar100,1.000000,0.008753,0.631340,16507
3,11,11301,pixel3,cifar100,68.220000,5.352090,0.631340,16507
3,11,9930,pixel3,cifar100,73.513336,42.003600,0.631340,16507
3,11,906,pixel3,cifar100,62.393333,1.661810,0.631340,16507
3,11,11000,pixel3,cifar100,71.180000,10.677600,0.631340,16507
3,11,12574,pixel3,cifar100,72.740000,16.473900,0.631340,16507
3,11,1090,pixel3,cifar100,65.220000,2.811310,0.631340,16507
3,11,8912,pixel3,cifar100,59.200000,1.478790,0.631340,16507
3,11,485,pixel3,cifar100,67.593330,4.124800,0.631340,16507
3,11,724,pixel3,cifar100,67.053340,2.875650,0.631340,16507
3,11,12970,pixel3,cifar100,68.140000,4.782110,0.631340,16507
3,11,1450,pixel3,cifar100,70.506670,9.337360,0.631340,16507
3,11,5651,pixel3,cifar100,64.690000,2.376870,0.631340,16507
3,11,8323,pixel3,cifar100,67.080000,3.106340,0.631340,16507
3,11,6787,pixel3,cifar100,70.720000,9.854430,0.631340,16507
3,11,3888,pixel3,cifar100,73.260000,23.477200,0.631340,16507
3,11,898,pixel3,cifar100,70.000000,6.516140,0.631340,16507
3,11,1409,pixel3,cifar100,58.853333,1.275090,0.631340,16507
3,11,10042,pixel3,cifar100,64.880000,2.794690,0.631340,16507
3,11,858,pixel3,cifar100,64.133330,2.003500,0.631340,16507
3,11,699,pixel3,cifar100,72.240000,12.079400,0.631340,16507
3,11,6925,pixel3,cifar100,71.220000,10.688000,0.631340,16507
3,11,657,pixel3,cifar100,58.233334,1.233070,0.631340,16507
3,11,1593,pixel3,cifar100,62.126667,1.582050,0.631340,16507
3,11,10689,pixel3,cifar100,67.500000,3.109220,0.631340,16507
3,12,6177,raspi4,cifar100,62.373333,4.795128,0.617174,16519
3,12,14112,raspi4,cifar100,68.386665,14.423308,0.617174,16519
3,12,6918,raspi4,cifar100,58.800000,2.571364,0.617174,16519
3,12,6822,raspi4,cifar100,58.426666,2.558594,0.617174,16519
3,12,14714,raspi4,cifar100,71.280000,24.692347,0.617174,16519
3,12,8912,raspi4,cifar100,59.200000,2.818969,0.617174,16519
3,12,1459,raspi4,cifar100,73.140000,53.879950,0.617174,16519
3,12,7030,raspi4,cifar100,69.600000,19.218203,0.617174,16519
3,12,12915,raspi4,cifar100,66.950000,7.226311,0.617174,16519
3,12,10222,raspi4,cifar100,58.860000,2.747804,0.617174,16519
3,12,4409,raspi4,cifar100,67.173330,7.228629,0.617174,16519
3,12,15363,raspi4,cifar100,70.520000,21.809430,0.617174,16519
3,12,6787,raspi4,cifar100,70.720000,23.081835,0.617174,16519
3,12,2222,raspi4,cifar100,58.313330,2.538255,0.617174,16519
3,12,3888,raspi4,cifar100,73.260000,55.029520,0.617174,16519
3,12,10042,raspi4,cifar100,64.880000,5.100886,0.617174,16519
3,12,1572,raspi4,cifar100,69.900000,19.916142,0.617174,16519
3,12,6925,raspi4,cifar100,71.220000,24.195030,0.617174,16519
3,12,14612,raspi4,cifar100,58.720000,2.563505,0.617174,16519
3,12,4418,raspi4,cifar100,72.746666,47.162354,0.617174,16519
3,12,9271,raspi4,cifar100,63.400000,4.800893,0.617174,16519
3,12,1651,raspi4,cifar100,1.000000,0.015243,0.617174,16519
3,12,898,raspi4,cifar100,70.000000,21.506163,0.617174,16519
3,12,4659,raspi4,cifar100,70.060000,21.672482,0.617174,16519
3,12,12761,raspi4,cifar100,72.860000,53.718200,0.617174,16519
3,12,12574,raspi4,cifar100,72.740000,36.371254,0.617174,16519
3,12,10689,raspi4,cifar100,67.500000,7.381845,0.617174,16519
3,12,14792,raspi4,cifar100,69.500000,19.111843,0.617174,16519
3,12,2035,raspi4,cifar100,63.926666,5.005698,0.617174,16519
3,12,1616,raspi4,cifar100,63.946667,5.080509,0.617174,16519
3,12,13430,raspi4,cifar100,66.700000,7.203785,0.617174,16519
3,12,7891,raspi4,cifar100,67.550000,12.536592,0.617174,16519
3,12,9930,raspi4,cifar100,73.513336,71.152000,0.617174,16519
3,12,3408,raspi4,cifar100,63.993332,5.081906,0.617174,16519
3,12,9926,raspi4,cifar100,63.520000,4.999532,0.617174,16519
3,12,15589,raspi4,cifar100,59.060000,2.795078,0.617174,16519
3,12,375,raspi4,cifar100,64.440000,5.099302,0.617174,16519
3,12,9997,raspi4,cifar100,71.520000,34.996710,0.617174,16519
3,12,6830,raspi4,cifar100,71.460000,34.491814,0.617174,16519
3,13,13760,edgegpu,ImageNet16-120,32.333332,1.739759,0.609443,16469
3,13,12415,edgegpu,ImageNet16-120,46.566666,4.667692,0.609443,16469
3,13,13411,edgegpu,ImageNet16-120,31.855556,1.736240,0.609443,16469
3,13,10947,edgegpu,ImageNet16-120,39.944443,1.909800,0.609443,16469
3,13,4160,edgegpu,ImageNet16-120,39.833332,1.756272,0.609443,16469
3,13,7187,edgegpu,ImageNet16-120,28.683332,1.443858,0.609443,16469
3,13,9722,edgegpu,ImageNet16-120,44.000000,3.327813,0.609443,16469
3,13,4946,edgegpu,ImageNet16-120,44.700000,3.490419,0.609443,16469
3,13,4988,edgegpu,ImageNet16-120,28.933332,1.448212,0.609443,16469
3,13,14117,edgegpu,ImageNet16-120,28.677778,1.435547,0.609443,16469
3,13,9586,edgegpu,ImageNet16-120,46.933334,5.222673,0.609443,16469
3,13,8401,edgegpu,ImageNet16-120,43.833332,3.322444,0.609443,16469
3,13,8884,edgegpu,ImageNet16-120,45.033333,3.499999,0.609443,16469
3,13,15288,edgegpu,ImageNet16-120,28.422222,1.417041,0.609443,16469
3,13,4587,edgegpu,ImageNet16-120,28.800000,1.445131,0.609443,16469
3,13,14840,edgegpu,ImageNet16-120,45.311110,4.224715,0.609443,16469
3,13,11217,edgegpu,ImageNet16-120,43.466667,3.316708,0.609443,16469
3,13,6950,edgegpu,ImageNet16-120,38.700000,1.740150,0.609443,16469
3,13,5981,edgegpu,ImageNet16-120,39.211113,1.746097,0.609443,16469
3,13,12505,edgegpu,ImageNet16-120,39.283333,1.750417,0.609443,16469
3,13,1164,edgegpu,ImageNet16-120,28.522223,1.435223,0.609443,16469
3,13,14612,edgegpu,ImageNet16-120,28.488890,1.434064,0.609443,16469
3,13,8426,edgegpu,ImageNet16-120,44.633335,3.370147,0.609443,16469
3,13,15376,edgegpu,ImageNet16-120,0.833333,0.533953,0.609443,16469
3,13,12081,edgegpu,ImageNet16-120,40.233334,2.730479,0.609443,16469
3,13,7760,edgegpu,ImageNet16-120,39.100000,1.743751,0.609443,16469
3,13,454,edgegpu,ImageNet16-120,41.277780,3.303313,0.609443,16469
3,13,5751,edgegpu,ImageNet16-120,40.044445,2.434626,0.609443,16469
3,13,15159,edgegpu,ImageNet16-120,45.566666,4.632421,0.609443,16469
3,13,2650,edgegpu,ImageNet16-120,42.433334,3.309817,0.609443,16469
3,13,8236,edgegpu,ImageNet16-120,39.233334,1.749978,0.609443,16469
3,14,857,edgetpu,ImageNet16-120,47.311110,0.997730,0.525478,16028
3,14,5751,edgetpu,ImageNet16-120,40.044445,0.516992,0.525478,16028
3,14,8884,edgetpu,ImageNet16-120,45.033333,0.615792,0.525478,16028
3,14,14840,edgetpu,ImageNet16-120,45.311110,0.666690,0.525478,16028
3,14,10332,edgetpu,ImageNet16-120,40.033333,0.516152,0.525478,16028
3,14,7273,edgetpu,ImageNet16-120,42.966667,0.550014,0.525478,16028
3,14,4627,edgetpu,ImageNet16-120,43.500000,0.552306,0.525478,16028
3,14,7357,edgetpu,ImageNet16-120,44.666668,0.600498,0.525478,16028
3,14,13097,edgetpu,ImageNet16-120,39.655556,0.428424,0.525478,16028
3,14,7750,edgetpu,ImageNet16-120,43.066666,0.551617,0.525478,16028
3,14,13972,edgetpu,ImageNet16-120,31.933332,0.363440,0.525478,16028
3,14,11885,edgetpu,ImageNet16-120,39.166668,0.427395,0.525478,16028
3,14,12415,edgetpu,ImageNet16-120,46.566666,0.710906,0.525478,16028
3,14,13931,edgetpu,ImageNet16-120,28.788889,0.360349,0.525478,16028
3,14,8781,edgetpu,ImageNet16-120,32.366665,0.363484,0.525478,16028
3,14,14677,edgetpu,ImageNet16-120,33.233334,0.364575,0.525478,16028
3,14,9689,edgetpu,ImageNet16-120,42.533333,0.549702,0.525478,16028
3,14,10888,edgetpu,ImageNet16-120,28.333334,0.359044,0.525478,16028
3,14,3540,edgetpu,ImageNet16-120,45.122223,0.648670,0.525478,16028
3,14,15014,edgetpu,ImageNet16-120,28.266666,0.358110,0.525478,16028
3,14,13769,edgetpu,ImageNet16-120,41.555557,0.549360,0.525478,16028
3,14,5530,edgetpu,ImageNet16-120,42.577778,0.549937,0.525478,16028
3,14,15383,edgetpu,ImageNet16-120,47.033333,0.780914,0.525478,16028
3,14,8447,edgetpu,ImageNet16-120,40.011112,0.514586,0.525478,16028
3,14,4830,edgetpu,ImageNet16-120,42.233334,0.549457,0.525478,16028
3,14,4160,edgetpu,ImageNet16-120,39.833332,0.430355,0.525478,16028
3,14,7396,edgetpu,ImageNet16-120,40.177776,0.517218,0.525478,16028
3,14,15363,edgetpu,ImageNet16-120,44.333332,0.582280,0.525478,16028
3,14,6950,edgetpu,ImageNet16-120,38.700000,0.427379,0.525478,16028
3,14,11282,edgetpu,ImageNet16-120,39.633335,0.428409,0.525478,16028
3,14,7431,edgetpu,ImageNet16-120,32.577778,0.363954,0.525478,16028
3,14,4988,edgetpu,ImageNet16-120,28.933332,0.360694,0.525478,16028
3,14,6520,edgetpu,ImageNet16-120,32.383335,0.363944,0.525478,16028
3,14,70,edgetpu,ImageNet16-120,39.377777,0.428228,0.525478,16028
3,14,5586,edgetpu,ImageNet16-120,40.811110,0.546420,0.525478,16028
3,14,10017,edgetpu,ImageNet16-120,40.566666,0.524950,0.525478,16028
3,14,14662,edgetpu,ImageNet16-120,41.166668,0.547835,0.525478,16028
3,15,8853,eyeriss,ImageNet16-120,45.600000,1.037440,0.474760,16680
3,15,6854,eyeriss,ImageNet16-120,40.800000,0.668800,0.474760,16680
3,15,8008,eyeriss,ImageNet16-120,43.500000,0.853120,0.474760,16680
3,15,1939,eyeriss,ImageNet16-120,45.077778,0.976000,0.474760,16680
3,15,2835,eyeriss,ImageNet16-120,38.222220,0.545920,0.474760,16680
3,15,857,eyeriss,ImageNet16-120,47.311110,1.651840,0.474760,16680
3,15,15383,eyeriss,ImageNet16-120,47.033333,1.283200,0.474760,16680
3,15,6787,eyeriss,ImageNet16-120,44.400000,0.914560,0.474760,16680
3,15,14417,eyeriss,ImageNet16-120,45.900000,1.098880,0.474760,16680
3,15,735,eyeriss,ImageNet16-120,38.544445,0.607360,0.474760,16680
3,15,4829,eyeriss,ImageNet16-120,34.200000,0.484480,0.474760,16680
3,15,4988,eyeriss,ImageNet16-120,28.933332,0.423040,0.474760,16680
3,16,2835,fpga,ImageNet16-120,38.222220,0.546720,0.524926,16380
3,16,1939,fpga,ImageNet16-120,45.077778,1.062400,0.524926,16380
3,16,9805,fpga,ImageNet16-120,34.133335,0.415520,0.524926,16380
3,16,6787,fpga,ImageNet16-120,44.400000,0.969600,0.524926,16380
3,16,15383,fpga,ImageNet16-120,47.033333,1.504000,0.524926,16380
3,16,14748,fpga,ImageNet16-120,44.900000,0.995200,0.524926,16380
3,16,6868,fpga,ImageNet16-120,39.000000,0.649120,0.524926,16380
3,16,857,fpga,ImageNet16-120,47.311110,2.038400,0.524926,16380
3,16,12452,fpga,ImageNet16-120,40.533333,0.780320,0.524926,16380
3,16,8008,fpga,ImageNet16-120,43.500000,0.876800,0.524926,16380
3,16,6854,fpga,ImageNet16-120,40.800000,0.809120,0.524926,16380
3,16,5793,fpga,ImageNet16-120,35.033333,0.517920,0.524926,16380
3,16,14417,fpga,ImageNet16-120,45.900000,1.276320,0.524926,16380
3,16,4988,fpga,ImageNet16-120,28.933332,0.284320,0.524926,16380
3,16,15446,fpga,ImageNet16-120,45.766666,1.116320,0.524926,16380
3,17,735,pixel3,ImageNet16-120,38.544445,1.107950,0.676974,16342
3,17,898,pixel3,ImageNet16-120,42.466667,2.467210,0.676974,16342
3,17,1549,pixel3,ImageNet16-120,28.655556,0.424747,0.676974,16342
3,17,12103,pixel3,ImageNet16-120,28.250000,0.422433,0.676974,16342
3,17,14417,pixel3,ImageNet16-120,45.900000,4.143030,0.676974,16342
3,17,2835,pixel3,ImageNet16-120,38.222220,0.868646,0.676974,16342
3,17,6854,pixel3,ImageNet16-120,40.800000,1.621620,0.676974,16342
3,17,4587,pixel3,ImageNet16-120,28.800000,0.445767,0.676974,16342
3,17,12452,pixel3,ImageNet16-120,40.533333,1.504410,0.676974,16342
3,17,10154,pixel3,ImageNet16-120,46.133335,4.783700,0.676974,16342
3,17,3728,pixel3,ImageNet16-120,28.500000,0.422880,0.676974,16342
3,17,15446,pixel3,ImageNet16-120,45.766666,3.439380,0.676974,16342
3,17,12639,pixel3,ImageNet16-120,40.400000,1.304440,0.676974,16342
3,17,6014,pixel3,ImageNet16-120,28.533333,0.423391,0.676974,16342
3,17,2018,pixel3,ImageNet16-120,46.433334,4.949210,0.676974,16342
3,17,25,pixel3,ImageNet16-120,28.300000,0.422510,0.676974,16342
3,17,1425,pixel3,ImageNet16-120,45.977780,4.619290,0.676974,16342
3,17,12506,pixel3,ImageNet16-120,43.983334,2.929990,0.676974,16342
3,17,1939,pixel3,ImageNet16-120,45.077778,3.021500,0.676974,16342
3,17,8584,pixel3,ImageNet16-120,34.088890,0.664046,0.676974,16342
3,17,1110,pixel3,ImageNet16-120,28.600000,0.423927,0.676974,16342
3,17,10340,pixel3,ImageNet16-120,31.522223,0.617772,0.676974,16342
3,17,4004,pixel3,ImageNet16-120,42.811110,2.467510,0.676974,16342
3,17,4675,pixel3,ImageNet16-120,33.100000,0.620036,0.676974,16342
3,17,12424,pixel3,ImageNet16-120,43.133330,2.470150,0.676974,16342
3,17,4977,pixel3,ImageNet16-120,32.966667,0.617991,0.676974,16342
3,17,8954,pixel3,ImageNet16-120,28.733334,0.424855,0.676974,16342
3,17,3496,pixel3,ImageNet16-120,34.233334,0.670584,0.676974,16342
3,17,4432,pixel3,ImageNet16-120,37.800000,0.861157,0.676974,16342
3,17,15383,pixel3,ImageNet16-120,47.033333,5.191720,0.676974,16342
3,17,12466,pixel3,ImageNet16-120,46.100000,4.680280,0.676974,16342
3,17,11079,pixel3,ImageNet16-120,43.566666,2.479610,0.676974,16342
3,17,1204,pixel3,ImageNet16-120,37.844444,0.864966,0.676974,16342
3,17,857,pixel3,ImageNet16-120,47.311110,6.686850,0.676974,16342
3,17,10888,pixel3,ImageNet16-120,28.333334,0.422652,0.676974,16342
3,17,11000,pixel3,ImageNet16-120,44.866665,2.962520,0.676974,16342
3,17,13756,pixel3,ImageNet16-120,0.833333,0.005289,0.676974,16342
3,17,4988,pixel3,ImageNet16-120,28.933332,0.485996,0.676974,16342
3,17,2899,pixel3,ImageNet16-120,43.911110,2.701210,0.676974,16342
3,17,872,pixel3,ImageNet16-120,41.777780,2.465030,0.676974,16342
3,18,9496,raspi4,ImageNet16-120,38.200000,2.204048,0.711288,16125
3,18,3650,raspi4,ImageNet16-120,43.866665,4.475790,0.711288,16125
3,18,9032,raspi4,ImageNet16-120,38.016666,2.201532,0.711288,16125
3,18,13771,raspi4,ImageNet16-120,32.744446,1.533813,0.711288,16125
3,18,15363,raspi4,ImageNet16-120,44.333332,4.480516,0.711288,16125
3,18,11946,raspi4,ImageNet16-120,28.200000,0.940293,0.711288,16125
3,18,11584,raspi4,ImageNet16-120,46.666668,8.014434,0.711288,16125
3,18,4995,raspi4,ImageNet16-120,42.166668,3.766336,0.711288,16125
3,18,10472,raspi4,ImageNet16-120,39.633335,3.079679,0.711288,16125
3,18,2779,raspi4,ImageNet16-120,37.355556,2.190654,0.711288,16125
3,18,15383,raspi4,ImageNet16-120,47.033333,8.565354,0.711288,16125
3,18,11079,raspi4,ImageNet16-120,43.566666,3.802027,0.711288,16125
3,18,7227,raspi4,ImageNet16-120,32.533333,1.530737,0.711288,16125
3,18,6854,raspi4,ImageNet16-120,40.800000,3.661016,0.711288,16125
3,18,857,raspi4,ImageNet16-120,47.311110,9.020064,0.711288,16125
3,18,1204,raspi4,ImageNet16-120,37.844444,2.199356,0.711288,16125
3,18,8584,raspi4,ImageNet16-120,34.088890,1.586268,0.711288,16125
3,18,5530,raspi4,ImageNet16-120,42.577778,3.785925,0.711288,16125
3,18,10217,raspi4,ImageNet16-120,45.100000,6.109362,0.711288,16125
3,18,13931,raspi4,ImageNet16-120,28.788889,0.956195,0.711288,16125
3,18,14792,raspi4,ImageNet16-120,43.033333,3.792447,0.711288,16125
3,18,1939,raspi4,ImageNet16-120,45.077778,5.341908,0.711288,16125
3,18,3192,raspi4,ImageNet16-120,45.477780,6.675633,0.711288,16125
3,18,15107,raspi4,ImageNet16-120,39.800000,3.083329,0.711288,16125
3,18,7187,raspi4,ImageNet16-120,28.683332,0.952790,0.711288,16125
3,18,12505,raspi4,ImageNet16-120,39.283333,3.062432,0.711288,16125
3,18,735,raspi4,ImageNet16-120,38.544445,2.911079,0.711288,16125
3,18,13059,raspi4,ImageNet16-120,34.266666,1.595651,0.711288,16125
3,18,8884,raspi4,ImageNet16-120,45.033333,5.293177,0.711288,16125
3,18,5637,raspi4,ImageNet16-120,33.933334,1.580707,0.711288,16125
3,18,10167,raspi4,ImageNet16-120,39.944443,3.106316,0.711288,16125
3,18,14750,raspi4,ImageNet16-120,32.933334,1.536700,0.711288,16125
3,18,10017,raspi4,ImageNet16-120,40.566666,3.181383,0.711288,16125
3,18,7357,raspi4,ImageNet16-120,44.666668,4.480689,0.711288,16125
3,18,8733,raspi4,ImageNet16-120,46.600000,7.477213,0.711288,16125
3,18,1413,raspi4,ImageNet16-120,42.711113,3.788479,0.711288,16125
3,18,14677,raspi4,ImageNet16-120,33.233334,1.537227,0.711288,16125
3,18,3960,raspi4,ImageNet16-120,37.755554,2.197980,0.711288,16125
3,18,10835,raspi4,ImageNet16-120,45.233334,6.632419,0.711288,16125
3,18,3782,raspi4,ImageNet16-120,41.866665,3.755286,0.711288,16125
3,18,14417,raspi4,ImageNet16-120,45.900000,6.948865,0.711288,16125
3,18,8447,raspi4,ImageNet16-120,40.011112,3.156609,0.711288,16125
3,18,219,raspi4,ImageNet16-120,42.500000,3.768475,0.711288,16125
3,18,6868,raspi4,ImageNet16-120,39.000000,2.982937,0.711288,16125
3,18,10715,raspi4,ImageNet16-120,45.533333,6.790813,0.711288,16125
3,18,4988,raspi4,ImageNet16-120,28.933332,1.003251,0.711288,16125
3,18,41,raspi4,ImageNet16-120,32.388890,1.528043,0.711288,16125
3,18,5973,raspi4,ImageNet16-120,40.100000,3.159922,0.711288,16125
3,18,11209,raspi4,ImageNet16-120,33.266666,1.580655,0.711288,16125
3,18,933,raspi4,ImageNet16-120,0.833333,0.011514,0.711288,16125
4,1,258,edgegpu,cifar10,93.640000,3.307109,0.541445,16491
4,1,13401,edgegpu,cifar10,87.010000,1.457009,0.541445,16491
4,1,14407,edgegpu,cifar10,86.770000,1.440282,0.541445,16491
4,1,6330,edgegpu,cifar10,94.006670,4.384699,0.541445,16491
4,1,5292,edgegpu,cifar10,94.293335,6.663151,0.541445,16491
4,1,13714,edgegpu,cifar10,94.373340,6.772180,0.541445,16491
4,1,11810,edgegpu,cifar10,92.780000,1.992798,0.541445,16491
4,1,11438,edgegpu,cifar10,92.500000,1.846719,0.541445,16491
4,1,14527,edgegpu,cifar10,86.765000,1.439619,0.541445,16491
4,1,11692,edgegpu,cifar10,94.130000,4.708362,0.541445,16491
4,1,10484,edgegpu,cifar10,93.810000,3.354015,0.541445,16491
4,1,5780,edgegpu,cifar10,93.980000,3.361888,0.541445,16491
4,1,2053,edgegpu,cifar10,94.206665,5.482254,0.541445,16491
4,1,1459,edgegpu,cifar10,94.296670,6.748991,0.541445,16491
4,1,5400,edgegpu,cifar10,86.630000,1.427460,0.541445,16491
4,1,561,edgegpu,cifar10,86.880000,1.451068,0.541445,16491
4,1,14090,edgegpu,cifar10,92.086670,1.749086,0.541445,16491
4,1,1339,edgegpu,cifar10,92.136665,1.751881,0.541445,16491
4,1,6499,edgegpu,cifar10,93.645000,3.331041,0.541445,16491
4,1,9099,edgegpu,cifar10,93.940000,3.357520,0.541445,16491
4,1,1549,edgegpu,cifar10,86.710000,1.436324,0.541445,16491
4,1,2776,edgegpu,cifar10,93.666664,3.331194,0.541445,16491
4,1,6960,edgegpu,cifar10,92.280000,1.764450,0.541445,16491
4,1,8421,edgegpu,cifar10,10.000000,0.538597,0.541445,16491
4,1,6950,edgegpu,cifar10,92.000000,1.738467,0.541445,16491
4,2,11112,edgetpu,cifar10,92.110000,0.480732,0.528043,16047
4,2,6918,edgetpu,cifar10,87.000000,0.375819,0.528043,16047
4,2,11692,edgetpu,cifar10,94.130000,0.761100,0.528043,16047
4,2,10683,edgetpu,cifar10,92.330000,0.481277,0.528043,16047
4,2,5258,edgetpu,cifar10,88.775000,0.388629,0.528043,16047
4,2,5780,edgetpu,cifar10,93.980000,0.723967,0.528043,16047
4,2,797,edgetpu,cifar10,93.280000,0.627996,0.528043,16047
4,2,13714,edgetpu,cifar10,94.373340,1.377865,0.528043,16047
4,2,6382,edgetpu,cifar10,93.376660,0.628638,0.528043,16047
4,2,13611,edgetpu,cifar10,92.490000,0.481826,0.528043,16047
4,2,8008,edgetpu,cifar10,93.480000,0.629746,0.528043,16047
4,2,4161,edgetpu,cifar10,89.250000,0.391221,0.528043,16047
4,2,9380,edgetpu,cifar10,89.335000,0.395662,0.528043,16047
4,2,9950,edgetpu,cifar10,93.840000,0.723767,0.528043,16047
4,2,11438,edgetpu,cifar10,92.500000,0.482393,0.528043,16047
4,2,11810,edgetpu,cifar10,92.780000,0.482879,0.528043,16047
4,2,5111,edgetpu,cifar10,94.306660,1.152010,0.528043,16047
4,2,3731,edgetpu,cifar10,94.343330,1.282820,0.528043,16047
4,2,9689,edgetpu,cifar10,93.370000,0.628386,0.528043,16047
4,2,7017,edgetpu,cifar10,86.970000,0.353089,0.528043,16047
4,2,5647,edgetpu,cifar10,89.110000,0.389378,0.528043,16047
4,2,6584,edgetpu,cifar10,94.160000,0.888877,0.528043,16047
4,2,9722,edgetpu,cifar10,93.540000,0.723575,0.528043,16047
4,2,2485,edgetpu,cifar10,86.700000,0.346546,0.528043,16047
4,2,8192,edgetpu,cifar10,93.093330,0.627745,0.528043,16047
4,2,9817,edgetpu,cifar10,93.490000,0.723286,0.528043,16047
4,2,2053,edgetpu,cifar10,94.206665,1.042178,0.528043,16047
4,3,8592,eyeriss,cifar10,93.750000,3.891380,0.491250,16700
4,3,3731,eyeriss,cifar10,94.343330,6.594740,0.491250,16700
4,3,6854,eyeriss,cifar10,91.040000,2.662580,0.491250,16700
4,3,14112,eyeriss,cifar10,91.296670,2.908340,0.491250,16700
4,3,13714,eyeriss,cifar10,94.373340,7.823540,0.491250,16700
4,3,5111,eyeriss,cifar10,94.306660,5.365940,0.491250,16700
4,3,8008,eyeriss,cifar10,93.480000,3.399860,0.491250,16700
4,3,8323,eyeriss,cifar10,90.870000,2.171060,0.491250,16700
4,3,6899,eyeriss,cifar10,90.900000,2.416820,0.491250,16700
4,3,11472,eyeriss,cifar10,93.970000,4.628660,0.491250,16700
4,3,6584,eyeriss,cifar10,94.160000,4.874420,0.491250,16700
4,3,6111,eyeriss,cifar10,94.373340,7.823540,0.491250,16700
4,3,15000,eyeriss,cifar10,92.400000,3.154100,0.491250,16700
4,3,12438,eyeriss,cifar10,89.875000,1.925300,0.491250,16700
4,3,13987,eyeriss,cifar10,93.596664,3.645620,0.491250,16700
4,3,4384,eyeriss,cifar10,86.796670,1.679540,0.491250,16700
4,3,8720,eyeriss,cifar10,89.875000,1.925300,0.491250,16700
4,4,13987,fpga,cifar10,93.596664,3.420960,0.457862,16510
4,4,11472,fpga,cifar10,93.970000,3.648160,0.457862,16510
4,4,11525,fpga,cifar10,90.000000,2.057760,0.457862,16510
4,4,6111,fpga,cifar10,94.373340,6.678560,0.457862,16510
4,4,8323,fpga,cifar10,90.870000,2.163360,0.457862,16510
4,4,3687,fpga,cifar10,89.820000,1.648160,0.457862,16510
4,4,4384,fpga,cifar10,86.796670,1.132960,0.457862,16510
4,4,3731,fpga,cifar10,94.343330,5.936160,0.457862,16510
4,4,11692,fpga,cifar10,94.130000,4.163360,0.457862,16510
4,4,8008,fpga,cifar10,93.480000,2.905760,0.457862,16510
4,4,13611,fpga,cifar10,92.490000,2.390560,0.457862,16510
4,4,5111,fpga,cifar10,94.306660,5.193760,0.457862,16510
4,5,6434,pixel3,cifar10,91.080000,4.811140,0.746907,16360
4,5,1416,pixel3,cifar10,89.546670,1.691430,0.746907,16360
4,5,12452,pixel3,cifar10,91.350000,5.590110,0.746907,16360
4,5,11692,pixel3,cifar10,94.130000,15.490100,0.746907,16360
4,5,6863,pixel3,cifar10,86.740000,1.229320,0.746907,16360
4,5,7197,pixel3,cifar10,90.366670,2.447670,0.746907,16360
4,5,11972,pixel3,cifar10,91.510000,5.627010,0.746907,16360
4,5,10689,pixel3,cifar10,90.790000,2.669770,0.746907,16360
4,5,8323,pixel3,cifar10,90.870000,3.106420,0.746907,16360
4,5,6111,pixel3,cifar10,94.373340,23.584800,0.746907,16360
4,5,9230,pixel3,cifar10,86.580000,1.056760,0.746907,16360
4,5,1804,pixel3,cifar10,89.063330,1.579900,0.746907,16360
4,5,13987,pixel3,cifar10,93.596664,9.922680,0.746907,16360
4,5,8695,pixel3,cifar10,94.220000,17.564500,0.746907,16360
4,5,6899,pixel3,cifar10,90.900000,3.961410,0.746907,16360
4,5,13171,pixel3,cifar10,93.530000,7.717220,0.746907,16360
4,5,1781,pixel3,cifar10,89.883330,1.712020,0.746907,16360
4,5,2018,pixel3,cifar10,94.063330,14.960500,0.746907,16360
4,5,6918,pixel3,cifar10,87.000000,1.478790,0.746907,16360
4,5,13869,pixel3,cifar10,93.656670,10.634700,0.746907,16360
4,5,1497,pixel3,cifar10,86.556660,1.056630,0.746907,16360
4,5,6330,pixel3,cifar10,94.006670,11.512400,0.746907,16360
4,5,1943,pixel3,cifar10,93.116670,6.492030,0.746907,16360
4,5,13096,pixel3,cifar10,90.700000,2.666040,0.746907,16360
4,5,1339,pixel3,cifar10,92.136665,5.802240,0.746907,16360
4,5,5224,pixel3,cifar10,88.980000,1.570360,0.746907,16360
4,5,3731,pixel3,cifar10,94.343330,23.361300,0.746907,16360
4,5,5111,pixel3,cifar10,94.306660,17.584600,0.746907,16360
4,5,6854,pixel3,cifar10,91.040000,4.514220,0.746907,16360
4,5,7001,pixel3,cifar10,10.000000,0.003277,0.746907,16360
4,5,2779,pixel3,cifar10,90.806660,3.102950,0.746907,16360
4,5,4627,pixel3,cifar10,93.270000,7.036050,0.746907,16360
4,5,7017,pixel3,cifar10,86.970000,1.403930,0.746907,16360
4,5,4554,pixel3,cifar10,86.670000,1.114880,0.746907,16360
4,5,8592,pixel3,cifar10,93.750000,10.769800,0.746907,16360
4,5,6382,pixel3,cifar10,93.376660,7.048190,0.746907,16360
4,5,1941,pixel3,cifar10,93.533330,9.128690,0.746907,16360
4,5,2035,pixel3,cifar10,89.670000,1.706480,0.746907,16360
4,5,8836,pixel3,cifar10,92.220000,6.313990,0.746907,16360
4,6,10275,raspi4,cifar10,91.080000,9.993188,0.597999,16234
4,6,6985,raspi4,cifar10,89.940000,4.995646,0.597999,16234
4,6,12238,raspi4,cifar10,91.690000,16.046099,0.597999,16234
4,6,11810,raspi4,cifar10,92.780000,18.619905,0.597999,16234
4,6,7017,raspi4,cifar10,86.970000,2.544041,0.597999,16234
4,6,6382,raspi4,cifar10,93.376660,21.461164,0.597999,16234
4,6,8426,raspi4,cifar10,93.840000,31.394428,0.597999,16234
4,6,8323,raspi4,cifar10,90.870000,7.426308,0.597999,16234
4,6,1962,raspi4,cifar10,86.530000,2.529453,0.597999,16234
4,6,7058,raspi4,cifar10,92.040000,16.469465,0.597999,16234
4,6,1690,raspi4,cifar10,86.646670,2.536549,0.597999,16234
4,6,6918,raspi4,cifar10,87.000000,2.787590,0.597999,16234
4,6,12505,raspi4,cifar10,92.150000,16.747276,0.597999,16234
4,6,8592,raspi4,cifar10,93.750000,25.477009,0.597999,16234
4,6,5111,raspi4,cifar10,94.306660,41.756905,0.597999,16234
4,6,1941,raspi4,cifar10,93.533330,25.121769,0.597999,16234
4,6,9380,raspi4,cifar10,89.335000,4.875613,0.597999,16234
4,6,4210,raspi4,cifar10,89.030000,4.782748,0.597999,16234
4,6,11533,raspi4,cifar10,93.420000,21.715693,0.597999,16234
4,6,6960,raspi4,cifar10,92.280000,17.162752,0.597999,16234
4,6,10412,raspi4,cifar10,93.530000,25.079220,0.597999,16234
4,6,11972,raspi4,cifar10,91.510000,12.403558,0.597999,16234
4,6,9271,raspi4,cifar10,89.250000,4.830311,0.597999,16234
4,6,13611,raspi4,cifar10,92.490000,18.523302,0.597999,16234
4,6,11692,raspi4,cifar10,94.130000,37.583630,0.597999,16234
4,6,6111,raspi4,cifar10,94.373340,68.404106,0.597999,16234
4,6,13846,raspi4,cifar10,90.720000,7.176163,0.597999,16234
4,6,3731,raspi4,cifar10,94.343330,58.070793,0.597999,16234
4,6,2058,raspi4,cifar10,93.270000,19.484835,0.597999,16234
4,6,5780,raspi4,cifar10,93.980000,34.928463,0.597999,16234
4,6,6577,raspi4,cifar10,10.000000,0.011297,0.597999,16234
4,6,8008,raspi4,cifar10,93.480000,22.571420,0.597999,16234
4,6,14565,raspi4,cifar10,88.880000,4.781183,0.597999,16234
4,6,2035,raspi4,cifar10,89.670000,4.984099,0.597999,16234
4,6,1804,raspi4,cifar10,89.063330,4.791845,0.597999,16234
4,6,12002,raspi4,cifar10,93.510000,24.816572,0.597999,16234
4,6,14677,raspi4,cifar10,88.670000,4.755260,0.597999,16234
4,7,8401,edgegpu,cifar100,71.080000,3.302102,0.506671,16406
4,7,11885,edgegpu,cifar100,68.040000,1.776652,0.506671,16406
4,7,2304,edgegpu,cifar100,58.660000,1.440253,0.506671,16406
4,7,9922,edgegpu,cifar100,58.560000,1.428552,0.506671,16406
4,7,12415,edgegpu,cifar100,71.940000,4.828467,0.506671,16406
4,7,9930,edgegpu,cifar100,73.513336,6.803060,0.506671,16406
4,7,4418,edgegpu,cifar100,72.746666,5.352364,0.506671,16406
4,7,1425,edgegpu,cifar100,72.093330,5.310225,0.506671,16406
4,7,1509,edgegpu,cifar100,1.000000,0.505853,0.506671,16406
4,7,2778,edgegpu,cifar100,72.993330,6.134028,0.506671,16406
4,7,6124,edgegpu,cifar100,68.360000,3.185835,0.506671,16406
4,7,4954,edgegpu,cifar100,73.000000,6.669736,0.506671,16406
4,7,9997,edgegpu,cifar100,71.520000,3.466139,0.506671,16406
4,7,11810,edgegpu,cifar100,68.300000,1.779551,0.506671,16406
4,7,8912,edgegpu,cifar100,59.200000,1.441355,0.506671,16406
4,7,1038,edgegpu,cifar100,67.500000,1.758428,0.506671,16406
4,7,11067,edgegpu,cifar100,58.186670,1.427836,0.506671,16406
4,7,6381,edgegpu,cifar100,66.800000,1.753340,0.506671,16406
4,7,14089,edgegpu,cifar100,61.806667,1.752892,0.506671,16406
4,8,3888,edgetpu,cifar100,73.260000,1.316226,0.586225,16227
4,8,3303,edgetpu,cifar100,62.420000,0.392593,0.586225,16227
4,8,8912,edgetpu,cifar100,59.200000,0.377698,0.586225,16227
4,8,6499,edgetpu,cifar100,70.630000,0.728320,0.586225,16227
4,8,10443,edgetpu,cifar100,68.300000,0.489020,0.586225,16227
4,8,577,edgetpu,cifar100,69.680000,0.635228,0.586225,16227
4,8,10000,edgetpu,cifar100,73.160000,1.283461,0.586225,16227
4,8,9541,edgetpu,cifar100,67.660000,0.486829,0.586225,16227
4,8,11112,edgetpu,cifar100,66.893330,0.486713,0.586225,16227
4,8,9930,edgetpu,cifar100,73.513336,1.454107,0.586225,16227
4,8,777,edgetpu,cifar100,58.650000,0.355588,0.586225,16227
4,8,1110,edgetpu,cifar100,58.840000,0.355938,0.586225,16227
4,8,1425,edgetpu,cifar100,72.093330,0.910660,0.586225,16227
4,8,9997,edgetpu,cifar100,71.520000,0.729986,0.586225,16227
4,8,10750,edgetpu,cifar100,70.540000,0.727712,0.586225,16227
4,8,857,edgetpu,cifar100,72.880000,1.264168,0.586225,16227
4,8,2705,edgetpu,cifar100,62.813330,0.393026,0.586225,16227
4,8,12761,edgetpu,cifar100,72.860000,1.225212,0.586225,16227
4,8,8638,edgetpu,cifar100,58.860000,0.356631,0.586225,16227
4,8,4155,edgetpu,cifar100,62.306667,0.391442,0.586225,16227
4,8,8401,edgetpu,cifar100,71.080000,0.728572,0.586225,16227
4,8,5019,edgetpu,cifar100,58.880000,0.357058,0.586225,16227
4,8,797,edgetpu,cifar100,69.580000,0.633351,0.586225,16227
4,8,12415,edgetpu,cifar100,71.940000,0.872299,0.586225,16227
4,8,14945,edgetpu,cifar100,58.500000,0.354940,0.586225,16227
4,8,9271,edgetpu,cifar100,63.400000,0.393151,0.586225,16227
4,8,1943,edgetpu,cifar100,69.626660,0.634759,0.586225,16227
4,8,11533,edgetpu,cifar100,69.760000,0.635877,0.586225,16227
4,8,3487,edgetpu,cifar100,70.093330,0.637182,0.586225,16227
4,8,1383,edgetpu,cifar100,70.273330,0.673722,0.586225,16227
4,8,4418,edgetpu,cifar100,72.746666,1.093699,0.586225,16227
4,8,15363,edgetpu,cifar100,70.520000,0.676394,0.586225,16227
4,8,898,edgetpu,cifar100,70.000000,0.636860,0.586225,16227
4,8,13829,edgetpu,cifar100,66.873340,0.485137,0.586225,16227
4,8,12574,edgetpu,cifar100,72.740000,0.932430,0.586225,16227
4,8,12607,edgetpu,cifar100,62.600000,0.392830,0.586225,16227
4,9,12574,eyeriss,cifar100,72.740000,5.123200,0.490853,16793
4,9,14714,eyeriss,cifar100,71.280000,4.140160,0.490853,16793
4,9,12820,eyeriss,cifar100,67.720000,2.419840,0.490853,16793
4,9,11301,eyeriss,cifar100,68.220000,2.665600,0.490853,16793
4,9,5651,eyeriss,cifar100,64.690000,1.928320,0.490853,16793
4,9,14112,eyeriss,cifar100,68.386665,2.911360,0.490853,16793
4,9,3888,eyeriss,cifar100,73.260000,6.597760,0.490853,16793
4,9,6925,eyeriss,cifar100,71.220000,3.894400,0.490853,16793
4,9,12761,eyeriss,cifar100,72.860000,6.352000,0.490853,16793
4,9,10689,eyeriss,cifar100,67.500000,2.174080,0.490853,16793
4,9,9930,eyeriss,cifar100,73.513336,9.055360,0.490853,16793
4,9,11973,eyeriss,cifar100,70.340000,3.402880,0.490853,16793
4,9,6787,eyeriss,cifar100,70.720000,3.648640,0.490853,16793
4,9,3540,eyeriss,cifar100,71.500000,4.877440,0.490853,16793
4,9,5084,eyeriss,cifar100,58.813330,1.682560,0.490853,16793
4,10,5084,fpga,cifar100,58.813330,1.132960,0.484338,16494
4,10,3540,fpga,cifar100,71.500000,4.163360,0.484338,16494
4,10,9930,fpga,cifar100,73.513336,7.420960,0.484338,16494
4,10,12574,fpga,cifar100,72.740000,4.678560,0.484338,16494
4,10,3888,fpga,cifar100,73.260000,5.936160,0.484338,16494
4,10,6925,fpga,cifar100,71.220000,3.936160,0.484338,16494
4,10,12820,fpga,cifar100,67.720000,2.678560,0.484338,16494
4,10,12761,fpga,cifar100,72.860000,5.420960,0.484338,16494
4,10,6787,fpga,cifar100,70.720000,3.420960,0.484338,16494
4,10,7250,fpga,cifar100,67.706665,2.390560,0.484338,16494
4,10,3687,fpga,cifar100,64.460000,1.648160,0.484338,16494
4,10,10689,fpga,cifar100,67.500000,2.163360,0.484338,16494
4,10,3487,fpga,cifar100,70.093330,2.905760,0.484338,16494
4,10,4249,fpga,cifar100,65.080000,2.057760,0.484338,16494
4,10,69,fpga,cifar100,71.020000,3.648160,0.484338,16494
4,11,8638,pixel3,cifar100,58.860000,1.478570,0.682368,16449
4,11,12970,pixel3,cifar100,68.140000,4.782110,0.682368,16449
4,11,1450,pixel3,cifar100,70.506670,9.337360,0.682368,16449
4,11,8912,pixel3,cifar100,59.200000,1.478790,0.682368,16449
4,11,14112,pixel3,cifar100,68.386665,5.745320,0.682368,16449
4,11,15363,pixel3,cifar100,70.520000,9.708640,0.682368,16449
4,11,1357,pixel3,cifar100,67.480000,3.998260,0.682368,16449
4,11,1459,pixel3,cifar100,73.140000,23.437900,0.682368,16449
4,11,857,pixel3,cifar100,72.880000,19.113200,0.682368,16449
4,11,1409,pixel3,cifar100,58.853333,1.275090,0.682368,16449
4,11,485,pixel3,cifar100,67.593330,4.124800,0.682368,16449
4,11,8323,pixel3,cifar100,67.080000,3.106340,0.682368,16449
4,11,4409,pixel3,cifar100,67.173330,3.113370,0.682368,16449
4,11,3888,pixel3,cifar100,73.260000,23.477200,0.682368,16449
4,11,11301,pixel3,cifar100,68.220000,5.352090,0.682368,16449
4,11,6787,pixel3,cifar100,70.720000,9.854430,0.682368,16449
4,11,1090,pixel3,cifar100,65.220000,2.811310,0.682368,16449
4,11,5651,pixel3,cifar100,64.690000,2.376870,0.682368,16449
4,11,858,pixel3,cifar100,64.133330,2.003500,0.682368,16449
4,11,11000,pixel3,cifar100,71.180000,10.677600,0.682368,16449
4,11,777,pixel3,cifar100,58.650000,1.087020,0.682368,16449
4,11,12574,pixel3,cifar100,72.740000,16.473900,0.682368,16449
4,11,4659,pixel3,cifar100,70.060000,9.026280,0.682368,16449
4,11,9930,pixel3,cifar100,73.513336,42.003600,0.682368,16449
4,11,699,pixel3,cifar100,72.240000,12.079400,0.682368,16449
4,11,906,pixel3,cifar100,62.393333,1.661810,0.682368,16449
4,11,6925,pixel3,cifar100,71.220000,10.688000,0.682368,16449
4,11,10042,pixel3,cifar100,64.880000,2.794690,0.682368,16449
4,11,898,pixel3,cifar100,70.000000,6.516140,0.682368,16449
4,11,724,pixel3,cifar100,67.053340,2.875650,0.682368,16449
4,11,1558,pixel3,cifar100,64.020000,1.705220,0.682368,16449
4,11,1416,pixel3,cifar100,64.493330,2.084060,0.682368,16449
4,11,6337,pixel3,cifar100,1.000000,0.008753,0.682368,16449
4,12,10689,raspi4,cifar100,67.500000,7.381845,0.643423,16346
4,12,14612,raspi4,cifar100,58.720000,2.563505,0.643423,16346
4,12,10042,raspi4,cifar100,64.880000,5.100886,0.643423,16346
4,12,10222,raspi4,cifar100,58.860000,2.747804,0.643423,16346
4,12,12915,raspi4,cifar100,66.950000,7.226311,0.643423,16346
4,12,3408,raspi4,cifar100,63.993332,5.081906,0.643423,16346
4,12,898,raspi4,cifar100,70.000000,21.506163,0.643423,16346
4,12,15363,raspi4,cifar100,70.520000,21.809430,0.643423,16346
4,12,14714,raspi4,cifar100,71.280000,24.692347,0.643423,16346
4,12,14792,raspi4,cifar100,69.500000,19.111843,0.643423,16346
4,12,3888,raspi4,cifar100,73.260000,55.029520,0.643423,16346
4,12,375,raspi4,cifar100,64.440000,5.099302,0.643423,16346
4,12,15589,raspi4,cifar100,59.060000,2.795078,0.643423,16346
4,12,2058,raspi4,cifar100,69.613335,20.052132,0.643423,16346
4,12,9926,raspi4,cifar100,63.520000,4.999532,0.643423,16346
4,12,14112,raspi4,cifar100,68.386665,14.423308,0.643423,16346
4,12,1459,raspi4,cifar100,73.140000,53.879950,0.643423,16346
4,12,2035,raspi4,cifar100,63.926666,5.005698,0.643423,16346
4,12,6822,raspi4,cifar100,58.426666,2.558594,0.643423,16346
4,12,6918,raspi4,cifar100,58.800000,2.571364,0.643423,16346
4,12,8740,raspi4,cifar100,1.000000,0.015215,0.643423,16346
4,12,9930,raspi4,cifar100,73.513336,71.152000,0.643423,16346
4,12,6787,raspi4,cifar100,70.720000,23.081835,0.643423,16346
4,12,12761,raspi4,cifar100,72.860000,53.718200,0.643423,16346
4,12,13430,raspi4,cifar100,66.700000,7.203785,0.643423,16346
4,12,3487,raspi4,cifar100,70.093330,21.603350,0.643423,16346
4,12,12574,raspi4,cifar100,72.740000,36.371254,0.643423,16346
4,12,4418,raspi4,cifar100,72.746666,47.162354,0.643423,16346
4,12,8720,raspi4,cifar100,64.130000,5.082239,0.643423,16346
4,12,7030,raspi4,cifar100,69.600000,19.218203,0.643423,16346
4,12,2222,raspi4,cifar100,58.313330,2.538255,0.643423,16346
4,12,14811,raspi4,cifar100,69.680000,20.361189,0.643423,16346
4,12,12607,raspi4,cifar100,62.600000,4.779045,0.643423,16346
4,12,6925,raspi4,cifar100,71.220000,24.195030,0.643423,16346
4,12,9997,raspi4,cifar100,71.520000,34.996710,0.643423,16346
4,12,9380,raspi4,cifar100,62.680000,4.821364,0.643423,16346
4,12,355,raspi4,cifar100,69.860000,20.791758,0.643423,16346
4,12,8912,raspi4,cifar100,59.200000,2.818969,0.643423,16346
4,12,10166,raspi4,cifar100,62.700000,4.857379,0.643423,16346
4,12,13113,raspi4,cifar100,63.140000,4.941205,0.643423,16346
4,12,4409,raspi4,cifar100,67.173330,7.228629,0.643423,16346
4,12,6830,raspi4,cifar100,71.460000,34.491814,0.643423,16346
4,13,10947,edgegpu,ImageNet16-120,39.944443,1.909800,0.576015,16435
4,13,8426,edgegpu,ImageNet16-120,44.633335,3.370147,0.576015,16435
4,13,7760,edgegpu,ImageNet16-120,39.100000,1.743751,0.576015,16435
4,13,12415,edgegpu,ImageNet16-120,46.566666,4.667692,0.576015,16435
4,13,14612,edgegpu,ImageNet16-120,28.488890,1.434064,0.576015,16435
4,13,13411,edgegpu,ImageNet16-120,31.855556,1.736240,0.576015,16435
4,13,15376,edgegpu,ImageNet16-120,0.833333,0.533953,0.576015,16435
4,13,8884,edgegpu,ImageNet16-120,45.033333,3.499999,0.576015,16435
4,13,5751,edgegpu,ImageNet16-120,40.044445,2.434626,0.576015,16435
4,13,857,edgegpu,ImageNet16-120,47.311110,6.707663,0.576015,16435
4,13,6950,edgegpu,ImageNet16-120,38.700000,1.740150,0.576015,16435
4,13,11217,edgegpu,ImageNet16-120,43.466667,3.316708,0.576015,16435
4,13,4946,edgegpu,ImageNet16-120,44.700000,3.490419,0.576015,16435
4,13,6636,edgegpu,ImageNet16-120,40.544445,3.305931,0.576015,16435
4,13,15288,edgegpu,ImageNet16-120,28.422222,1.417041,0.576015,16435
4,13,1164,edgegpu,ImageNet16-120,28.522223,1.435223,0.576015,16435
4,13,8401,edgegpu,ImageNet16-120,43.833332,3.322444,0.576015,16435
4,13,4587,edgegpu,ImageNet16-120,28.800000,1.445131,0.576015,16435
4,13,15159,edgegpu,ImageNet16-120,45.566666,4.632421,0.576015,16435
4,13,15383,edgegpu,ImageNet16-120,47.033333,6.262836,0.576015,16435
4,13,14117,edgegpu,ImageNet16-120,28.677778,1.435547,0.576015,16435
4,13,4160,edgegpu,ImageNet16-120,39.833332,1.756272,0.576015,16435
4,13,7187,edgegpu,ImageNet16-120,28.683332,1.443858,0.576015,16435
4,13,9722,edgegpu,ImageNet16-120,44.000000,3.327813,0.576015,16435
4,13,13760,edgegpu,ImageNet16-120,32.333332,1.739759,0.576015,16435
4,13,4988,edgegpu,ImageNet16-120,28.933332,1.448212,0.576015,16435
4,13,2650,edgegpu,ImageNet16-120,42.433334,3.309817,0.576015,16435
4,13,14840,edgegpu,ImageNet16-120,45.311110,4.224715,0.576015,16435
4,13,12081,edgegpu,ImageNet16-120,40.233334,2.730479,0.576015,16435
4,13,9586,edgegpu,ImageNet16-120,46.933334,5.222673,0.576015,16435
4,13,4332,edgegpu,ImageNet16-120,39.444443,1.745496,0.576015,16435
4,13,12760,edgegpu,ImageNet16-120,40.833332,3.308015,0.576015,16435
4,14,4627,edgetpu,ImageNet16-120,43.500000,0.552306,0.513688,16196
4,14,13931,edgetpu,ImageNet16-120,28.788889,0.360349,0.513688,16196
4,14,12415,edgetpu,ImageNet16-120,46.566666,0.710906,0.513688,16196
4,14,9689,edgetpu,ImageNet16-120,42.533333,0.549702,0.513688,16196
4,14,10332,edgetpu,ImageNet16-120,40.033333,0.516152,0.513688,16196
4,14,11079,edgetpu,ImageNet16-120,43.566666,0.552430,0.513688,16196
4,14,5751,edgetpu,ImageNet16-120,40.044445,0.516992,0.513688,16196
4,14,4977,edgetpu,ImageNet16-120,32.966667,0.367728,0.513688,16196
4,14,13097,edgetpu,ImageNet16-120,39.655556,0.428424,0.513688,16196
4,14,10167,edgetpu,ImageNet16-120,39.944443,0.444058,0.513688,16196
4,14,8884,edgetpu,ImageNet16-120,45.033333,0.615792,0.513688,16196
4,14,8781,edgetpu,ImageNet16-120,32.366665,0.363484,0.513688,16196
4,14,11885,edgetpu,ImageNet16-120,39.166668,0.427395,0.513688,16196
4,14,15014,edgetpu,ImageNet16-120,28.266666,0.358110,0.513688,16196
4,14,7273,edgetpu,ImageNet16-120,42.966667,0.550014,0.513688,16196
4,14,15107,edgetpu,ImageNet16-120,39.800000,0.430284,0.513688,16196
4,14,8915,edgetpu,ImageNet16-120,32.611110,0.364729,0.513688,16196
4,14,7357,edgetpu,ImageNet16-120,44.666668,0.600498,0.513688,16196
4,14,3540,edgetpu,ImageNet16-120,45.122223,0.648670,0.513688,16196
4,14,7750,edgetpu,ImageNet16-120,43.066666,0.551617,0.513688,16196
4,14,5586,edgetpu,ImageNet16-120,40.811110,0.546420,0.513688,16196
4,14,4988,edgetpu,ImageNet16-120,28.933332,0.360694,0.513688,16196
4,14,15383,edgetpu,ImageNet16-120,47.033333,0.780914,0.513688,16196
4,14,4830,edgetpu,ImageNet16-120,42.233334,0.549457,0.513688,16196
4,14,13769,edgetpu,ImageNet16-120,41.555557,0.549360,0.513688,16196
4,14,4160,edgetpu,ImageNet16-120,39.833332,0.430355,0.513688,16196
4,14,6950,edgetpu,ImageNet16-120,38.700000,0.427379,0.513688,16196
4,14,15363,edgetpu,ImageNet16-120,44.333332,0.582280,0.513688,16196
4,14,10888,edgetpu,ImageNet16-120,28.333334,0.359044,0.513688,16196
4,14,550,edgetpu,ImageNet16-120,33.177776,0.391468,0.513688,16196
4,14,857,edgetpu,ImageNet16-120,47.311110,0.997730,0.513688,16196
4,15,8853,eyeriss,ImageNet16-120,45.600000,1.037440,0.459044,16639
4,15,8008,eyeriss,ImageNet16-120,43.500000,0.853120,0.459044,16639
4,15,6854,eyeriss,ImageNet16-120,40.800000,0.668800,0.459044,16639
4,15,2835,eyeriss,ImageNet16-120,38.222220,0.545920,0.459044,16639
4,15,15383,eyeriss,ImageNet16-120,47.033333,1.283200,0.459044,16639
4,15,6787,eyeriss,ImageNet16-120,44.400000,0.914560,0.459044,16639
4,15,735,eyeriss,ImageNet16-120,38.544445,0.607360,0.459044,16639
4,15,1939,eyeriss,ImageNet16-120,45.077778,0.976000,0.459044,16639
4,15,14417,eyeriss,ImageNet16-120,45.900000,1.098880,0.459044,16639
4,15,4988,eyeriss,ImageNet16-120,28.933332,0.423040,0.459044,16639
4,15,857,eyeriss,ImageNet16-120,47.311110,1.651840,0.459044,16639
4,15,4829,eyeriss,ImageNet16-120,34.200000,0.484480,0.459044,16639
4,16,15446,fpga,ImageNet16-120,45.766666,1.116320,0.510838,16438
4,16,6854,fpga,ImageNet16-120,40.800000,0.809120,0.510838,16438
4,16,14748,fpga,ImageNet16-120,44.900000,0.995200,0.510838,16438
4,16,4988,fpga,ImageNet16-120,28.933332,0.284320,0.510838,16438
4,16,4829,fpga,ImageNet16-120,34.200000,0.415520,0.510838,16438
4,16,6787,fpga,ImageNet16-120,44.400000,0.969600,0.510838,16438
4,16,5793,fpga,ImageNet16-120,35.033333,0.517920,0.510838,16438
4,16,10017,fpga,ImageNet16-120,40.566666,0.784000,0.510838,16438
4,16,1939,fpga,ImageNet16-120,45.077778,1.062400,0.510838,16438
4,16,11593,fpga,ImageNet16-120,40.166668,0.780320,0.510838,16438
4,16,2835,fpga,ImageNet16-120,38.222220,0.546720,0.510838,16438
4,16,15383,fpga,ImageNet16-120,47.033333,1.504000,0.510838,16438
4,16,6868,fpga,ImageNet16-120,39.000000,0.649120,0.510838,16438
4,16,857,fpga,ImageNet16-120,47.311110,2.038400,0.510838,16438
4,16,8008,fpga,ImageNet16-120,43.500000,0.876800,0.510838,16438
4,16,14417,fpga,ImageNet16-120,45.900000,1.276320,0.510838,16438
4,17,12506,pixel3,ImageNet16-120,43.983334,2.929990,0.671402,16206
4,17,14417,pixel3,ImageNet16-120,45.900000,4.143030,0.671402,16206
4,17,4384,pixel3,ImageNet16-120,28.133333,0.421612,0.671402,16206
4,17,1860,pixel3,ImageNet16-120,28.433332,0.422587,0.671402,16206
4,17,4004,pixel3,ImageNet16-120,42.811110,2.467510,0.671402,16206
4,17,11000,pixel3,ImageNet16-120,44.866665,2.962520,0.671402,16206
4,17,3496,pixel3,ImageNet16-120,34.233334,0.670584,0.671402,16206
4,17,25,pixel3,ImageNet16-120,28.300000,0.422510,0.671402,16206
4,17,12639,pixel3,ImageNet16-120,40.400000,1.304440,0.671402,16206
4,17,1939,pixel3,ImageNet16-120,45.077778,3.021500,0.671402,16206
4,17,10154,pixel3,ImageNet16-120,46.133335,4.783700,0.671402,16206
4,17,4988,pixel3,ImageNet16-120,28.933332,0.485996,0.671402,16206
4,17,6854,pixel3,ImageNet16-120,40.800000,1.621620,0.671402,16206
4,17,4432,pixel3,ImageNet16-120,37.800000,0.861157,0.671402,16206
4,17,11079,pixel3,ImageNet16-120,43.566666,2.479610,0.671402,16206
4,17,735,pixel3,ImageNet16-120,38.544445,1.107950,0.671402,16206
4,17,8954,pixel3,ImageNet16-120,28.733334,0.424855,0.671402,16206
4,17,2018,pixel3,ImageNet16-120,46.433334,4.949210,0.671402,16206
4,17,2835,pixel3,ImageNet16-120,38.222220,0.868646,0.671402,16206
4,17,4977,pixel3,ImageNet16-120,32.966667,0.617991,0.671402,16206
4,17,8584,pixel3,ImageNet16-120,34.088890,0.664046,0.671402,16206
4,17,12103,pixel3,ImageNet16-120,28.250000,0.422433,0.671402,16206
4,17,1204,pixel3,ImageNet16-120,37.844444,0.864966,0.671402,16206
4,17,3728,pixel3,ImageNet16-120,28.500000,0.422880,0.671402,16206
4,17,2899,pixel3,ImageNet16-120,43.911110,2.701210,0.671402,16206
4,17,12452,pixel3,ImageNet16-120,40.533333,1.504410,0.671402,16206
4,17,1110,pixel3,ImageNet16-120,28.600000,0.423927,0.671402,16206
4,17,12466,pixel3,ImageNet16-120,46.100000,4.680280,0.671402,16206
4,17,857,pixel3,ImageNet16-120,47.311110,6.686850,0.671402,16206
4,17,4587,pixel3,ImageNet16-120,28.800000,0.445767,0.671402,16206
4,17,1425,pixel3,ImageNet16-120,45.977780,4.619290,0.671402,16206
4,17,6014,pixel3,ImageNet16-120,28.533333,0.423391,0.671402,16206
4,17,12424,pixel3,ImageNet16-120,43.133330,2.470150,0.671402,16206
4,17,1549,pixel3,ImageNet16-120,28.655556,0.424747,0.671402,16206
4,17,15383,pixel3,ImageNet16-120,47.033333,5.191720,0.671402,16206
4,17,13756,pixel3,ImageNet16-120,0.833333,0.005289,0.671402,16206
4,17,4895,pixel3,ImageNet16-120,33.200000,0.619070,0.671402,16206
4,17,15446,pixel3,ImageNet16-120,45.766666,3.439380,0.671402,16206
4,17,872,pixel3,ImageNet16-120,41.777780,2.465030,0.671402,16206
4,17,2002,pixel3,ImageNet16-120,32.277780,0.617751,0.671402,16206
4,17,898,pixel3,ImageNet16-120,42.466667,2.467210,0.671402,16206
4,18,5455,raspi4,ImageNet16-120,32.611110,1.532377,0.717711,16360
4,18,14677,raspi4,ImageNet16-120,33.233334,1.537227,0.717711,16360
4,18,13771,raspi4,ImageNet16-120,32.744446,1.533813,0.717711,16360
4,18,8584,raspi4,ImageNet16-120,34.088890,1.586268,0.717711,16360
4,18,15107,raspi4,ImageNet16-120,39.800000,3.083329,0.717711,16360
4,18,10167,raspi4,ImageNet16-120,39.944443,3.106316,0.717711,16360
4,18,3192,raspi4,ImageNet16-120,45.477780,6.675633,0.717711,16360
4,18,933,raspi4,ImageNet16-120,0.833333,0.011514,0.717711,16360
4,18,9032,raspi4,ImageNet16-120,38.016666,2.201532,0.717711,16360
4,18,11079,raspi4,ImageNet16-120,43.566666,3.802027,0.717711,16360
4,18,12358,raspi4,ImageNet16-120,34.055557,1.582727,0.717711,16360
4,18,1939,raspi4,ImageNet16-120,45.077778,5.341908,0.717711,16360
4,18,13931,raspi4,ImageNet16-120,28.788889,0.956195,0.717711,16360
4,18,9496,raspi4,ImageNet16-120,38.200000,2.204048,0.717711,16360
4,18,11282,raspi4,ImageNet16-120,39.633335,3.080430,0.717711,16360
4,18,13059,raspi4,ImageNet16-120,34.266666,1.595651,0.717711,16360
4,18,3782,raspi4,ImageNet16-120,41.866665,3.755286,0.717711,16360
4,18,1413,raspi4,ImageNet16-120,42.711113,3.788479,0.717711,16360
4,18,15363,raspi4,ImageNet16-120,44.333332,4.480516,0.717711,16360
4,18,4689,raspi4,ImageNet16-120,37.455555,2.198343,0.717711,16360
4,18,10217,raspi4,ImageNet16-120,45.100000,6.109362,0.717711,16360
4,18,2018,raspi4,ImageNet16-120,46.433334,7.482383,0.717711,16360
4,18,857,raspi4,ImageNet16-120,47.311110,9.020064,0.717711,16360
4,18,6868,raspi4,ImageNet16-120,39.000000,2.982937,0.717711,16360
4,18,2779,raspi4,ImageNet16-120,37.355556,2.190654,0.717711,16360
4,18,4995,raspi4,ImageNet16-120,42.166668,3.766336,0.717711,16360
4,18,15383,raspi4,ImageNet16-120,47.033333,8.565354,0.717711,16360
4,18,7357,raspi4,ImageNet16-120,44.666668,4.480689,0.717711,16360
4,18,6854,raspi4,ImageNet16-120,40.800000,3.661016,0.717711,16360
4,18,14750,raspi4,ImageNet16-120,32.933334,1.536700,0.717711,16360
4,18,10715,raspi4,ImageNet16-120,45.533333,6.790813,0.717711,16360
4,18,4988,raspi4,ImageNet16-120,28.933332,1.003251,0.717711,16360
4,18,3650,raspi4,ImageNet16-120,43.866665,4.475790,0.717711,16360
4,18,11946,raspi4,ImageNet16-120,28.200000,0.940293,0.717711,16360
4,18,14417,raspi4,ImageNet16-120,45.900000,6.948865,0.717711,16360
4,18,10017,raspi4,ImageNet16-120,40.566666,3.181383,0.717711,16360
4,18,1204,raspi4,ImageNet16-120,37.844444,2.199356,0.717711,16360
4,18,5973,raspi4,ImageNet16-120,40.100000,3.159922,0.717711,16360
4,18,6336,raspi4,ImageNet16-120,39.366665,3.073392,0.717711,16360
4,18,5530,raspi4,ImageNet16-120,42.577778,3.785925,0.717711,16360
4,18,7187,raspi4,ImageNet16-120,28.683332,0.952790,0.717711,16360
4,18,12505,raspi4,ImageNet16-120,39.283333,3.062432,0.717711,16360
4,18,1188,raspi4,ImageNet16-120,32.455555,1.526725,0.717711,16360
4,18,735,raspi4,ImageNet16-120,38.544445,2.911079,0.717711,16360
4,18,11584,raspi4,ImageNet16-120,46.666668,8.014434,0.717711,16360
4,18,10835,raspi4,ImageNet16-120,45.233334,6.632419,0.717711,16360
4,18,5637,raspi4,ImageNet16-120,33.933334,1.580707,0.717711,16360
4,18,8884,raspi4,ImageNet16-120,45.033333,5.293177,0.717711,16360
4,18,219,raspi4,ImageNet16-120,42.500000,3.768475,0.717711,16360
4,18,14792,raspi4,ImageNet16-120,43.033333,3.792447,0.717711,16360
5,1,561,edgegpu,cifar10,86.880000,1.451068,0.520078,16480
5,1,2776,edgegpu,cifar10,93.666664,3.331194,0.520078,16480
5,1,5292,edgegpu,cifar10,94.293335,6.663151,0.520078,16480
5,1,6960,edgegpu,cifar10,92.280000,1.764450,0.520078,16480
5,1,5400,edgegpu,cifar10,86.630000,1.427460,0.520078,16480
5,1,14090,edgegpu,cifar10,92.086670,1.749086,0.520078,16480
5,1,13401,edgegpu,cifar10,87.010000,1.457009,0.520078,16480
5,1,6499,edgegpu,cifar10,93.645000,3.331041,0.520078,16480
5,1,258,edgegpu,cifar10,93.640000,3.307109,0.520078,16480
5,1,14407,edgegpu,cifar10,86.770000,1.440282,0.520078,16480
5,1,9099,edgegpu,cifar10,93.940000,3.357520,0.520078,16480
5,1,11692,edgegpu,cifar10,94.130000,4.708362,0.520078,16480
5,1,15200,edgegpu,cifar10,10.000000,0.501385,0.520078,16480
5,1,1549,edgegpu,cifar10,86.710000,1.436324,0.520078,16480
5,1,14527,edgegpu,cifar10,86.765000,1.439619,0.520078,16480
5,1,10484,edgegpu,cifar10,93.810000,3.354015,0.520078,16480
5,1,1339,edgegpu,cifar10,92.136665,1.751881,0.520078,16480
5,1,6330,edgegpu,cifar10,94.006670,4.384699,0.520078,16480
5,1,10683,edgegpu,cifar10,92.330000,1.924162,0.520078,16480
5,1,1459,edgegpu,cifar10,94.296670,6.748991,0.520078,16480
5,1,5780,edgegpu,cifar10,93.980000,3.361888,0.520078,16480
5,1,13714,edgegpu,cifar10,94.373340,6.772180,0.520078,16480
5,1,6950,edgegpu,cifar10,92.000000,1.738467,0.520078,16480
5,1,2053,edgegpu,cifar10,94.206665,5.482254,0.520078,16480
5,1,11810,edgegpu,cifar10,92.780000,1.992798,0.520078,16480
5,2,5647,edgetpu,cifar10,89.110000,0.389378,0.476459,15794
5,2,8008,edgetpu,cifar10,93.480000,0.629746,0.476459,15794
5,2,13611,edgetpu,cifar10,92.490000,0.481826,0.476459,15794
5,2,5111,edgetpu,cifar10,94.306660,1.152010,0.476459,15794
5,2,11692,edgetpu,cifar10,94.130000,0.761100,0.476459,15794
5,2,6382,edgetpu,cifar10,93.376660,0.628638,0.476459,15794
5,2,10683,edgetpu,cifar10,92.330000,0.481277,0.476459,15794
5,2,797,edgetpu,cifar10,93.280000,0.627996,0.476459,15794
5,2,3731,edgetpu,cifar10,94.343330,1.282820,0.476459,15794
5,2,11112,edgetpu,cifar10,92.110000,0.480732,0.476459,15794
5,2,7937,edgetpu,cifar10,88.610000,0.388867,0.476459,15794
5,2,9689,edgetpu,cifar10,93.370000,0.628386,0.476459,15794
5,2,9950,edgetpu,cifar10,93.840000,0.723767,0.476459,15794
5,2,4161,edgetpu,cifar10,89.250000,0.391221,0.476459,15794
5,2,11438,edgetpu,cifar10,92.500000,0.482393,0.476459,15794
5,2,9380,edgetpu,cifar10,89.335000,0.395662,0.476459,15794
5,2,8192,edgetpu,cifar10,93.093330,0.627745,0.476459,15794
5,2,15000,edgetpu,cifar10,92.400000,0.481741,0.476459,15794
5,2,5946,edgetpu,cifar10,88.963330,0.389012,0.476459,15794
5,2,6918,edgetpu,cifar10,87.000000,0.375819,0.476459,15794
5,2,2485,edgetpu,cifar10,86.700000,0.346546,0.476459,15794
5,2,13714,edgetpu,cifar10,94.373340,1.377865,0.476459,15794
5,2,7017,edgetpu,cifar10,86.970000,0.353089,0.476459,15794
5,2,11810,edgetpu,cifar10,92.780000,0.482879,0.476459,15794
5,2,5780,edgetpu,cifar10,93.980000,0.723967,0.476459,15794
5,2,3927,edgetpu,cifar10,93.626660,0.723268,0.476459,15794
5,2,6515,edgetpu,cifar10,93.616670,0.722858,0.476459,15794
5,2,2053,edgetpu,cifar10,94.206665,1.042178,0.476459,15794
5,3,8323,eyeriss,cifar10,90.870000,2.171060,0.522250,16566
5,3,6854,eyeriss,cifar10,91.040000,2.662580,0.522250,16566
5,3,6899,eyeriss,cifar10,90.900000,2.416820,0.522250,16566
5,3,14112,eyeriss,cifar10,91.296670,2.908340,0.522250,16566
5,3,5111,eyeriss,cifar10,94.306660,5.365940,0.522250,16566
5,3,10412,eyeriss,cifar10,93.530000,3.645620,0.522250,16566
5,3,8008,eyeriss,cifar10,93.480000,3.399860,0.522250,16566
5,3,11472,eyeriss,cifar10,93.970000,4.628660,0.522250,16566
5,3,8592,eyeriss,cifar10,93.750000,3.891380,0.522250,16566
5,3,12438,eyeriss,cifar10,89.875000,1.925300,0.522250,16566
5,3,3731,eyeriss,cifar10,94.343330,6.594740,0.522250,16566
5,3,6111,eyeriss,cifar10,94.373340,7.823540,0.522250,16566
5,3,6584,eyeriss,cifar10,94.160000,4.874420,0.522250,16566
5,3,4384,eyeriss,cifar10,86.796670,1.679540,0.522250,16566
5,3,13714,eyeriss,cifar10,94.373340,7.823540,0.522250,16566
5,3,8720,eyeriss,cifar10,89.875000,1.925300,0.522250,16566
5,3,15000,eyeriss,cifar10,92.400000,3.154100,0.522250,16566
5,4,6584,fpga,cifar10,94.160000,4.163360,0.433888,16308
5,4,11472,fpga,cifar10,93.970000,3.648160,0.433888,16308
5,4,13714,fpga,cifar10,94.373340,6.678560,0.433888,16308
5,4,4384,fpga,cifar10,86.796670,1.132960,0.433888,16308
5,4,8008,fpga,cifar10,93.480000,2.905760,0.433888,16308
5,4,11525,fpga,cifar10,90.000000,2.057760,0.433888,16308
5,4,5111,fpga,cifar10,94.306660,5.193760,0.433888,16308
5,4,6111,fpga,cifar10,94.373340,6.678560,0.433888,16308
5,4,10412,fpga,cifar10,93.530000,3.420960,0.433888,16308
5,4,8323,fpga,cifar10,90.870000,2.163360,0.433888,16308
5,4,3731,fpga,cifar10,94.343330,5.936160,0.433888,16308
5,4,8720,fpga,cifar10,89.875000,1.648160,0.433888,16308
5,4,13611,fpga,cifar10,92.490000,2.390560,0.433888,16308
5,4,12438,fpga,cifar10,89.875000,1.648160,0.433888,16308
5,5,8695,pixel3,cifar10,94.220000,17.564500,0.700474,16368
5,5,12452,pixel3,cifar10,91.350000,5.590110,0.700474,16368
5,5,13987,pixel3,cifar10,93.596664,9.922680,0.700474,16368
5,5,13171,pixel3,cifar10,93.530000,7.717220,0.700474,16368
5,5,7197,pixel3,cifar10,90.366670,2.447670,0.700474,16368
5,5,6918,pixel3,cifar10,87.000000,1.478790,0.700474,16368
5,5,8592,pixel3,cifar10,93.750000,10.769800,0.700474,16368
5,5,6434,pixel3,cifar10,91.080000,4.811140,0.700474,16368
5,5,8323,pixel3,cifar10,90.870000,3.106420,0.700474,16368
5,5,1497,pixel3,cifar10,86.556660,1.056630,0.700474,16368
5,5,6985,pixel3,cifar10,89.940000,2.367450,0.700474,16368
5,5,6624,pixel3,cifar10,89.120000,1.670570,0.700474,16368
5,5,1425,pixel3,cifar10,93.933334,12.536500,0.700474,16368
5,5,1943,pixel3,cifar10,93.116670,6.492030,0.700474,16368
5,5,1339,pixel3,cifar10,92.136665,5.802240,0.700474,16368
5,5,5111,pixel3,cifar10,94.306660,17.584600,0.700474,16368
5,5,11972,pixel3,cifar10,91.510000,5.627010,0.700474,16368
5,5,8836,pixel3,cifar10,92.220000,6.313990,0.700474,16368
5,5,1804,pixel3,cifar10,89.063330,1.579900,0.700474,16368
5,5,1941,pixel3,cifar10,93.533330,9.128690,0.700474,16368
5,5,2779,pixel3,cifar10,90.806660,3.102950,0.700474,16368
5,5,5224,pixel3,cifar10,88.980000,1.570360,0.700474,16368
5,5,6111,pixel3,cifar10,94.373340,23.584800,0.700474,16368
5,5,8708,pixel3,cifar10,94.080000,12.839000,0.700474,16368
5,5,6854,pixel3,cifar10,91.040000,4.514220,0.700474,16368
5,5,1781,pixel3,cifar10,89.883330,1.712020,0.700474,16368
5,5,6382,pixel3,cifar10,93.376660,7.048190,0.700474,16368
5,5,13096,pixel3,cifar10,90.700000,2.666040,0.700474,16368
5,5,3731,pixel3,cifar10,94.343330,23.361300,0.700474,16368
5,5,4627,pixel3,cifar10,93.270000,7.036050,0.700474,16368
5,5,7017,pixel3,cifar10,86.970000,1.403930,0.700474,16368
5,5,2035,pixel3,cifar10,89.670000,1.706480,0.700474,16368
5,5,9230,pixel3,cifar10,86.580000,1.056760,0.700474,16368
5,5,11692,pixel3,cifar10,94.130000,15.490100,0.700474,16368
5,5,13869,pixel3,cifar10,93.656670,10.634700,0.700474,16368
5,5,6899,pixel3,cifar10,90.900000,3.961410,0.700474,16368
5,5,10689,pixel3,cifar10,90.790000,2.669770,0.700474,16368
5,5,6999,pixel3,cifar10,93.820000,12.260900,0.700474,16368
5,5,55,pixel3,cifar10,86.756670,1.057440,0.700474,16368
5,5,1416,pixel3,cifar10,89.546670,1.691430,0.700474,16368
5,5,7001,pixel3,cifar10,10.000000,0.003277,0.700474,16368
5,6,4659,raspi4,cifar10,93.396670,22.249382,0.605432,16300
5,6,2058,raspi4,cifar10,93.270000,19.484835,0.605432,16300
5,6,1962,raspi4,cifar10,86.530000,2.529453,0.605432,16300
5,6,6382,raspi4,cifar10,93.376660,21.461164,0.605432,16300
5,6,5780,raspi4,cifar10,93.980000,34.928463,0.605432,16300
5,6,7058,raspi4,cifar10,92.040000,16.469465,0.605432,16300
5,6,8323,raspi4,cifar10,90.870000,7.426308,0.605432,16300
5,6,6960,raspi4,cifar10,92.280000,17.162752,0.605432,16300
5,6,1941,raspi4,cifar10,93.533330,25.121769,0.605432,16300
5,6,9051,raspi4,cifar10,10.000000,0.011330,0.605432,16300
5,6,5111,raspi4,cifar10,94.306660,41.756905,0.605432,16300
5,6,14677,raspi4,cifar10,88.670000,4.755260,0.605432,16300
5,6,1690,raspi4,cifar10,86.646670,2.536549,0.605432,16300
5,6,12002,raspi4,cifar10,93.510000,24.816572,0.605432,16300
5,6,8592,raspi4,cifar10,93.750000,25.477009,0.605432,16300
5,6,3731,raspi4,cifar10,94.343330,58.070793,0.605432,16300
5,6,9271,raspi4,cifar10,89.250000,4.830311,0.605432,16300
5,6,11692,raspi4,cifar10,94.130000,37.583630,0.605432,16300
5,6,8008,raspi4,cifar10,93.480000,22.571420,0.605432,16300
5,6,6111,raspi4,cifar10,94.373340,68.404106,0.605432,16300
5,6,13846,raspi4,cifar10,90.720000,7.176163,0.605432,16300
5,6,2035,raspi4,cifar10,89.670000,4.984099,0.605432,16300
5,6,9380,raspi4,cifar10,89.335000,4.875613,0.605432,16300
5,6,10412,raspi4,cifar10,93.530000,25.079220,0.605432,16300
5,6,1804,raspi4,cifar10,89.063330,4.791845,0.605432,16300
5,6,10275,raspi4,cifar10,91.080000,9.993188,0.605432,16300
5,6,13611,raspi4,cifar10,92.490000,18.523302,0.605432,16300
5,6,8426,raspi4,cifar10,93.840000,31.394428,0.605432,16300
5,6,14565,raspi4,cifar10,88.880000,4.781183,0.605432,16300
5,6,7017,raspi4,cifar10,86.970000,2.544041,0.605432,16300
5,6,6985,raspi4,cifar10,89.940000,4.995646,0.605432,16300
5,6,11972,raspi4,cifar10,91.510000,12.403558,0.605432,16300
5,6,1973,raspi4,cifar10,91.663330,16.185848,0.605432,16300
5,6,4210,raspi4,cifar10,89.030000,4.782748,0.605432,16300
5,6,11810,raspi4,cifar10,92.780000,18.619905,0.605432,16300
5,6,6918,raspi4,cifar10,87.000000,2.787590,0.605432,16300
5,6,12505,raspi4,cifar10,92.150000,16.747276,0.605432,16300
5,7,6124,edgegpu,cifar100,68.360000,3.185835,0.517438,16512
5,7,8401,edgegpu,cifar100,71.080000,3.302102,0.517438,16512
5,7,9922,edgegpu,cifar100,58.560000,1.428552,0.517438,16512
5,7,11067,edgegpu,cifar100,58.186670,1.427836,0.517438,16512
5,7,9997,edgegpu,cifar100,71.520000,3.466139,0.517438,16512
5,7,9930,edgegpu,cifar100,73.513336,6.803060,0.517438,16512
5,7,11810,edgegpu,cifar100,68.300000,1.779551,0.517438,16512
5,7,1425,edgegpu,cifar100,72.093330,5.310225,0.517438,16512
5,7,1038,edgegpu,cifar100,67.500000,1.758428,0.517438,16512
5,7,2304,edgegpu,cifar100,58.660000,1.440253,0.517438,16512
5,7,4954,edgegpu,cifar100,73.000000,6.669736,0.517438,16512
5,7,2778,edgegpu,cifar100,72.993330,6.134028,0.517438,16512
5,7,4418,edgegpu,cifar100,72.746666,5.352364,0.517438,16512
5,7,12415,edgegpu,cifar100,71.940000,4.828467,0.517438,16512
5,7,6381,edgegpu,cifar100,66.800000,1.753340,0.517438,16512
5,7,1509,edgegpu,cifar100,1.000000,0.505853,0.517438,16512
5,7,8912,edgegpu,cifar100,59.200000,1.441355,0.517438,16512
5,7,11885,edgegpu,cifar100,68.040000,1.776652,0.517438,16512
5,7,14089,edgegpu,cifar100,61.806667,1.752892,0.517438,16512
5,7,3888,edgegpu,cifar100,73.260000,6.797867,0.517438,16512
5,8,10443,edgetpu,cifar100,68.300000,0.489020,0.575864,16261
5,8,8401,edgetpu,cifar100,71.080000,0.728572,0.575864,16261
5,8,8638,edgetpu,cifar100,58.860000,0.356631,0.575864,16261
5,8,1943,edgetpu,cifar100,69.626660,0.634759,0.575864,16261
5,8,1110,edgetpu,cifar100,58.840000,0.355938,0.575864,16261
5,8,9997,edgetpu,cifar100,71.520000,0.729986,0.575864,16261
5,8,5019,edgetpu,cifar100,58.880000,0.357058,0.575864,16261
5,8,12574,edgetpu,cifar100,72.740000,0.932430,0.575864,16261
5,8,577,edgetpu,cifar100,69.680000,0.635228,0.575864,16261
5,8,2705,edgetpu,cifar100,62.813330,0.393026,0.575864,16261
5,8,8912,edgetpu,cifar100,59.200000,0.377698,0.575864,16261
5,8,1383,edgetpu,cifar100,70.273330,0.673722,0.575864,16261
5,8,4418,edgetpu,cifar100,72.746666,1.093699,0.575864,16261
5,8,1425,edgetpu,cifar100,72.093330,0.910660,0.575864,16261
5,8,857,edgetpu,cifar100,72.880000,1.264168,0.575864,16261
5,8,12415,edgetpu,cifar100,71.940000,0.872299,0.575864,16261
5,8,12761,edgetpu,cifar100,72.860000,1.225212,0.575864,16261
5,8,9930,edgetpu,cifar100,73.513336,1.454107,0.575864,16261
5,8,3303,edgetpu,cifar100,62.420000,0.392593,0.575864,16261
5,8,777,edgetpu,cifar100,58.650000,0.355588,0.575864,16261
5,8,9271,edgetpu,cifar100,63.400000,0.393151,0.575864,16261
5,8,14945,edgetpu,cifar100,58.500000,0.354940,0.575864,16261
5,8,4659,edgetpu,cifar100,70.060000,0.636433,0.575864,16261
5,8,11533,edgetpu,cifar100,69.760000,0.635877,0.575864,16261
5,8,10000,edgetpu,cifar100,73.160000,1.283461,0.575864,16261
5,8,3487,edgetpu,cifar100,70.093330,0.637182,0.575864,16261
5,8,15363,edgetpu,cifar100,70.520000,0.676394,0.575864,16261
5,8,797,edgetpu,cifar100,69.580000,0.633351,0.575864,16261
5,8,3888,edgetpu,cifar100,73.260000,1.316226,0.575864,16261
5,8,12607,edgetpu,cifar100,62.600000,0.392830,0.575864,16261
5,8,4155,edgetpu,cifar100,62.306667,0.391442,0.575864,16261
5,8,1996,edgetpu,cifar100,67.820000,0.486748,0.575864,16261
5,8,11112,edgetpu,cifar100,66.893330,0.486713,0.575864,16261
5,8,13829,edgetpu,cifar100,66.873340,0.485137,0.575864,16261
5,8,69,edgetpu,cifar100,71.020000,0.727259,0.575864,16261
5,9,6787,eyeriss,cifar100,70.720000,3.648640,0.459403,16752
5,9,11301,eyeriss,cifar100,68.220000,2.665600,0.459403,16752
5,9,14714,eyeriss,cifar100,71.280000,4.140160,0.459403,16752
5,9,10689,eyeriss,cifar100,67.500000,2.174080,0.459403,16752
5,9,12820,eyeriss,cifar100,67.720000,2.419840,0.459403,16752
5,9,14112,eyeriss,cifar100,68.386665,2.911360,0.459403,16752
5,9,12574,eyeriss,cifar100,72.740000,5.123200,0.459403,16752
5,9,6925,eyeriss,cifar100,71.220000,3.894400,0.459403,16752
5,9,5084,eyeriss,cifar100,58.813330,1.682560,0.459403,16752
5,9,5651,eyeriss,cifar100,64.690000,1.928320,0.459403,16752
5,9,3888,eyeriss,cifar100,73.260000,6.597760,0.459403,16752
5,9,9930,eyeriss,cifar100,73.513336,9.055360,0.459403,16752
5,9,12761,eyeriss,cifar100,72.860000,6.352000,0.459403,16752
5,9,4659,eyeriss,cifar100,70.060000,3.402880,0.459403,16752
5,9,3540,eyeriss,cifar100,71.500000,4.877440,0.459403,16752
5,10,5084,fpga,cifar100,58.813330,1.132960,0.441748,16410
5,10,11973,fpga,cifar100,70.340000,2.905760,0.441748,16410
5,10,12295,fpga,cifar100,71.160000,3.648160,0.441748,16410
5,10,12761,fpga,cifar100,72.860000,5.420960,0.441748,16410
5,10,12574,fpga,cifar100,72.740000,4.678560,0.441748,16410
5,10,5651,fpga,cifar100,64.690000,1.648160,0.441748,16410
5,10,3540,fpga,cifar100,71.500000,4.163360,0.441748,16410
5,10,9930,fpga,cifar100,73.513336,7.420960,0.441748,16410
5,10,3888,fpga,cifar100,73.260000,5.936160,0.441748,16410
5,10,6787,fpga,cifar100,70.720000,3.420960,0.441748,16410
5,10,6925,fpga,cifar100,71.220000,3.936160,0.441748,16410
5,10,5033,fpga,cifar100,59.060000,1.542560,0.441748,16410
5,10,10689,fpga,cifar100,67.500000,2.163360,0.441748,16410
5,10,4249,fpga,cifar100,65.080000,2.057760,0.441748,16410
5,10,9997,fpga,cifar100,71.520000,4.572960,0.441748,16410
5,10,6830,fpga,cifar100,71.460000,4.057760,0.441748,16410
5,10,11979,fpga,cifar100,68.000000,2.800160,0.441748,16410
5,10,15033,fpga,cifar100,67.793335,2.390560,0.441748,16410
5,11,6337,pixel3,cifar100,1.000000,0.008753,0.600432,16471
5,11,8323,pixel3,cifar100,67.080000,3.106340,0.600432,16471
5,11,5651,pixel3,cifar100,64.690000,2.376870,0.600432,16471
5,11,11000,pixel3,cifar100,71.180000,10.677600,0.600432,16471
5,11,1409,pixel3,cifar100,58.853333,1.275090,0.600432,16471
5,11,699,pixel3,cifar100,72.240000,12.079400,0.600432,16471
5,11,8638,pixel3,cifar100,58.860000,1.478570,0.600432,16471
5,11,1090,pixel3,cifar100,65.220000,2.811310,0.600432,16471
5,11,12970,pixel3,cifar100,68.140000,4.782110,0.600432,16471
5,11,3888,pixel3,cifar100,73.260000,23.477200,0.600432,16471
5,11,15363,pixel3,cifar100,70.520000,9.708640,0.600432,16471
5,11,858,pixel3,cifar100,64.133330,2.003500,0.600432,16471
5,11,8912,pixel3,cifar100,59.200000,1.478790,0.600432,16471
5,11,898,pixel3,cifar100,70.000000,6.516140,0.600432,16471
5,11,485,pixel3,cifar100,67.593330,4.124800,0.600432,16471
5,11,1450,pixel3,cifar100,70.506670,9.337360,0.600432,16471
5,11,6925,pixel3,cifar100,71.220000,10.688000,0.600432,16471
5,11,14112,pixel3,cifar100,68.386665,5.745320,0.600432,16471
5,11,572,pixel3,cifar100,70.313330,8.017480,0.600432,16471
5,11,906,pixel3,cifar100,62.393333,1.661810,0.600432,16471
5,11,1558,pixel3,cifar100,64.020000,1.705220,0.600432,16471
5,11,11301,pixel3,cifar100,68.220000,5.352090,0.600432,16471
5,11,4432,pixel3,cifar100,66.486664,3.105870,0.600432,16471
5,11,10042,pixel3,cifar100,64.880000,2.794690,0.600432,16471
5,11,11973,pixel3,cifar100,70.340000,8.988510,0.600432,16471
5,11,657,pixel3,cifar100,58.233334,1.233070,0.600432,16471
5,11,6787,pixel3,cifar100,70.720000,9.854430,0.600432,16471
5,11,12574,pixel3,cifar100,72.740000,16.473900,0.600432,16471
5,11,1593,pixel3,cifar100,62.126667,1.582050,0.600432,16471
5,11,10689,pixel3,cifar100,67.500000,3.109220,0.600432,16471
5,11,857,pixel3,cifar100,72.880000,19.113200,0.600432,16471
5,11,1416,pixel3,cifar100,64.493330,2.084060,0.600432,16471
5,11,1459,pixel3,cifar100,73.140000,23.437900,0.600432,16471
5,11,9930,pixel3,cifar100,73.513336,42.003600,0.600432,16471
5,12,9930,raspi4,cifar100,73.513336,71.152000,0.698668,16303
5,12,6787,raspi4,cifar100,70.720000,23.081835,0.698668,16303
5,12,2035,raspi4,cifar100,63.926666,5.005698,0.698668,16303
5,12,13430,raspi4,cifar100,66.700000,7.203785,0.698668,16303
5,12,6925,raspi4,cifar100,71.220000,24.195030,0.698668,16303
5,12,3888,raspi4,cifar100,73.260000,55.029520,0.698668,16303
5,12,4409,raspi4,cifar100,67.173330,7.228629,0.698668,16303
5,12,15363,raspi4,cifar100,70.520000,21.809430,0.698668,16303
5,12,12915,raspi4,cifar100,66.950000,7.226311,0.698668,16303
5,12,3408,raspi4,cifar100,63.993332,5.081906,0.698668,16303
5,12,375,raspi4,cifar100,64.440000,5.099302,0.698668,16303
5,12,10222,raspi4,cifar100,58.860000,2.747804,0.698668,16303
5,12,6830,raspi4,cifar100,71.460000,34.491814,0.698668,16303
5,12,12761,raspi4,cifar100,72.860000,53.718200,0.698668,16303
5,12,8912,raspi4,cifar100,59.200000,2.818969,0.698668,16303
5,12,1572,raspi4,cifar100,69.900000,19.916142,0.698668,16303
5,12,14112,raspi4,cifar100,68.386665,14.423308,0.698668,16303
5,12,8740,raspi4,cifar100,1.000000,0.015215,0.698668,16303
5,12,14792,raspi4,cifar100,69.500000,19.111843,0.698668,16303
5,12,15589,raspi4,cifar100,59.060000,2.795078,0.698668,16303
5,12,1459,raspi4,cifar100,73.140000,53.879950,0.698668,16303
5,12,10042,raspi4,cifar100,64.880000,5.100886,0.698668,16303
5,12,898,raspi4,cifar100,70.000000,21.506163,0.698668,16303
5,12,14612,raspi4,cifar100,58.720000,2.563505,0.698668,16303
5,12,12574,raspi4,cifar100,72.740000,36.371254,0.698668,16303
5,12,2222,raspi4,cifar100,58.313330,2.538255,0.698668,16303
5,12,6822,raspi4,cifar100,58.426666,2.558594,0.698668,16303
5,12,9271,raspi4,cifar100,63.400000,4.800893,0.698668,16303
5,12,14714,raspi4,cifar100,71.280000,24.692347,0.698668,16303
5,12,3487,raspi4,cifar100,70.093330,21.603350,0.698668,16303
5,12,9926,raspi4,cifar100,63.520000,4.999532,0.698668,16303
5,12,7030,raspi4,cifar100,69.600000,19.218203,0.698668,16303
5,12,6918,raspi4,cifar100,58.800000,2.571364,0.698668,16303
5,12,8720,raspi4,cifar100,64.130000,5.082239,0.698668,16303
5,12,12607,raspi4,cifar100,62.600000,4.779045,0.698668,16303
5,12,10689,raspi4,cifar100,67.500000,7.381845,0.698668,16303
5,12,9997,raspi4,cifar100,71.520000,34.996710,0.698668,16303
5,13,857,edgegpu,ImageNet16-120,47.311110,6.707663,0.590115,16441
5,13,15288,edgegpu,ImageNet16-120,28.422222,1.417041,0.590115,16441
5,13,4946,edgegpu,ImageNet16-120,44.700000,3.490419,0.590115,16441
5,13,4332,edgegpu,ImageNet16-120,39.444443,1.745496,0.590115,16441
5,13,8426,edgegpu,ImageNet16-120,44.633335,3.370147,0.590115,16441
5,13,8401,edgegpu,ImageNet16-120,43.833332,3.322444,0.590115,16441
5,13,8884,edgegpu,ImageNet16-120,45.033333,3.499999,0.590115,16441
5,13,4988,edgegpu,ImageNet16-120,28.933332,1.448212,0.590115,16441
5,13,4587,edgegpu,ImageNet16-120,28.800000,1.445131,0.590115,16441
5,13,6950,edgegpu,ImageNet16-120,38.700000,1.740150,0.590115,16441
5,13,5751,edgegpu,ImageNet16-120,40.044445,2.434626,0.590115,16441
5,13,14117,edgegpu,ImageNet16-120,28.677778,1.435547,0.590115,16441
5,13,7760,edgegpu,ImageNet16-120,39.100000,1.743751,0.590115,16441
5,13,9586,edgegpu,ImageNet16-120,46.933334,5.222673,0.590115,16441
5,13,1164,edgegpu,ImageNet16-120,28.522223,1.435223,0.590115,16441
5,13,9722,edgegpu,ImageNet16-120,44.000000,3.327813,0.590115,16441
5,13,7187,edgegpu,ImageNet16-120,28.683332,1.443858,0.590115,16441
5,13,15376,edgegpu,ImageNet16-120,0.833333,0.533953,0.590115,16441
5,13,12081,edgegpu,ImageNet16-120,40.233334,2.730479,0.590115,16441
5,13,12415,edgegpu,ImageNet16-120,46.566666,4.667692,0.590115,16441
5,13,10947,edgegpu,ImageNet16-120,39.944443,1.909800,0.590115,16441
5,13,15159,edgegpu,ImageNet16-120,45.566666,4.632421,0.590115,16441
5,13,2650,edgegpu,ImageNet16-120,42.433334,3.309817,0.590115,16441
5,13,14612,edgegpu,ImageNet16-120,28.488890,1.434064,0.590115,16441
5,13,11217,edgegpu,ImageNet16-120,43.466667,3.316708,0.590115,16441
5,13,13760,edgegpu,ImageNet16-120,32.333332,1.739759,0.590115,16441
5,13,454,edgegpu,ImageNet16-120,41.277780,3.303313,0.590115,16441
5,13,4160,edgegpu,ImageNet16-120,39.833332,1.756272,0.590115,16441
5,13,13411,edgegpu,ImageNet16-120,31.855556,1.736240,0.590115,16441
5,13,14840,edgegpu,ImageNet16-120,45.311110,4.224715,0.590115,16441
5,14,2136,edgetpu,ImageNet16-120,42.166668,0.549614,0.559132,16053
5,14,10332,edgetpu,ImageNet16-120,40.033333,0.516152,0.559132,16053
5,14,7431,edgetpu,ImageNet16-120,32.577778,0.363954,0.559132,16053
5,14,9689,edgetpu,ImageNet16-120,42.533333,0.549702,0.559132,16053
5,14,13097,edgetpu,ImageNet16-120,39.655556,0.428424,0.559132,16053
5,14,4627,edgetpu,ImageNet16-120,43.500000,0.552306,0.559132,16053
5,14,8884,edgetpu,ImageNet16-120,45.033333,0.615792,0.559132,16053
5,14,11079,edgetpu,ImageNet16-120,43.566666,0.552430,0.559132,16053
5,14,857,edgetpu,ImageNet16-120,47.311110,0.997730,0.559132,16053
5,14,5374,edgetpu,ImageNet16-120,46.766666,0.843987,0.559132,16053
5,14,14662,edgetpu,ImageNet16-120,41.166668,0.547835,0.559132,16053
5,14,12415,edgetpu,ImageNet16-120,46.566666,0.710906,0.559132,16053
5,14,10167,edgetpu,ImageNet16-120,39.944443,0.444058,0.559132,16053
5,14,9586,edgetpu,ImageNet16-120,46.933334,0.981196,0.559132,16053
5,14,6858,edgetpu,ImageNet16-120,40.333332,0.541300,0.559132,16053
5,14,8781,edgetpu,ImageNet16-120,32.366665,0.363484,0.559132,16053
5,14,7273,edgetpu,ImageNet16-120,42.966667,0.550014,0.559132,16053
5,14,10699,edgetpu,ImageNet16-120,46.833332,0.858130,0.559132,16053
5,14,7750,edgetpu,ImageNet16-120,43.066666,0.551617,0.559132,16053
5,14,4160,edgetpu,ImageNet16-120,39.833332,0.430355,0.559132,16053
5,14,13931,edgetpu,ImageNet16-120,28.788889,0.360349,0.559132,16053
5,14,5751,edgetpu,ImageNet16-120,40.044445,0.516992,0.559132,16053
5,14,4988,edgetpu,ImageNet16-120,28.933332,0.360694,0.559132,16053
5,14,10888,edgetpu,ImageNet16-120,28.333334,0.359044,0.559132,16053
5,14,14840,edgetpu,ImageNet16-120,45.311110,0.666690,0.559132,16053
5,14,13769,edgetpu,ImageNet16-120,41.555557,0.549360,0.559132,16053
5,14,7396,edgetpu,ImageNet16-120,40.177776,0.517218,0.559132,16053
5,14,6950,edgetpu,ImageNet16-120,38.700000,0.427379,0.559132,16053
5,14,11282,edgetpu,ImageNet16-120,39.633335,0.428409,0.559132,16053
5,14,15107,edgetpu,ImageNet16-120,39.800000,0.430284,0.559132,16053
5,14,70,edgetpu,ImageNet16-120,39.377777,0.428228,0.559132,16053
5,14,15014,edgetpu,ImageNet16-120,28.266666,0.358110,0.559132,16053
5,14,11885,edgetpu,ImageNet16-120,39.166668,0.427395,0.559132,16053
5,14,8447,edgetpu,ImageNet16-120,40.011112,0.514586,0.559132,16053
5,14,3540,edgetpu,ImageNet16-120,45.122223,0.648670,0.559132,16053
5,14,7357,edgetpu,ImageNet16-120,44.666668,0.600498,0.559132,16053
5,14,13972,edgetpu,ImageNet16-120,31.933332,0.363440,0.559132,16053
5,14,15363,edgetpu,ImageNet16-120,44.333332,0.582280,0.559132,16053
5,14,14677,edgetpu,ImageNet16-120,33.233334,0.364575,0.559132,16053
5,14,5586,edgetpu,ImageNet16-120,40.811110,0.546420,0.559132,16053
5,14,11262,edgetpu,ImageNet16-120,39.733334,0.430019,0.559132,16053
5,15,4829,eyeriss,ImageNet16-120,34.200000,0.484480,0.458781,16748
5,15,8853,eyeriss,ImageNet16-120,45.600000,1.037440,0.458781,16748
5,15,8008,eyeriss,ImageNet16-120,43.500000,0.853120,0.458781,16748
5,15,1939,eyeriss,ImageNet16-120,45.077778,0.976000,0.458781,16748
5,15,2835,eyeriss,ImageNet16-120,38.222220,0.545920,0.458781,16748
5,15,6854,eyeriss,ImageNet16-120,40.800000,0.668800,0.458781,16748
5,15,735,eyeriss,ImageNet16-120,38.544445,0.607360,0.458781,16748
5,15,6787,eyeriss,ImageNet16-120,44.400000,0.914560,0.458781,16748
5,15,15383,eyeriss,ImageNet16-120,47.033333,1.283200,0.458781,16748
5,15,857,eyeriss,ImageNet16-120,47.311110,1.651840,0.458781,16748
5,15,14417,eyeriss,ImageNet16-120,45.900000,1.098880,0.458781,16748
5,15,4618,eyeriss,ImageNet16-120,28.544445,0.423040,0.458781,16748
5,16,5793,fpga,ImageNet16-120,35.033333,0.517920,0.512578,16348
5,16,10017,fpga,ImageNet16-120,40.566666,0.784000,0.512578,16348
5,16,4988,fpga,ImageNet16-120,28.933332,0.284320,0.512578,16348
5,16,1939,fpga,ImageNet16-120,45.077778,1.062400,0.512578,16348
5,16,6787,fpga,ImageNet16-120,44.400000,0.969600,0.512578,16348
5,16,6854,fpga,ImageNet16-120,40.800000,0.809120,0.512578,16348
5,16,15383,fpga,ImageNet16-120,47.033333,1.504000,0.512578,16348
5,16,14748,fpga,ImageNet16-120,44.900000,0.995200,0.512578,16348
5,16,6868,fpga,ImageNet16-120,39.000000,0.649120,0.512578,16348
5,16,8008,fpga,ImageNet16-120,43.500000,0.876800,0.512578,16348
5,16,2835,fpga,ImageNet16-120,38.222220,0.546720,0.512578,16348
5,16,857,fpga,ImageNet16-120,47.311110,2.038400,0.512578,16348
5,16,14417,fpga,ImageNet16-120,45.900000,1.276320,0.512578,16348
5,16,4829,fpga,ImageNet16-120,34.200000,0.415520,0.512578,16348
5,16,15446,fpga,ImageNet16-120,45.766666,1.116320,0.512578,16348
5,16,11593,fpga,ImageNet16-120,40.166668,0.780320,0.512578,16348
5,17,4988,pixel3,ImageNet16-120,28.933332,0.485996,0.648674,16322
5,17,735,pixel3,ImageNet16-120,38.544445,1.107950,0.648674,16322
5,17,1110,pixel3,ImageNet16-120,28.600000,0.423927,0.648674,16322
5,17,12452,pixel3,ImageNet16-120,40.533333,1.504410,0.648674,16322
5,17,11079,pixel3,ImageNet16-120,43.566666,2.479610,0.648674,16322
5,17,4432,pixel3,ImageNet16-120,37.800000,0.861157,0.648674,16322
5,17,12466,pixel3,ImageNet16-120,46.100000,4.680280,0.648674,16322
5,17,6854,pixel3,ImageNet16-120,40.800000,1.621620,0.648674,16322
5,17,4977,pixel3,ImageNet16-120,32.966667,0.617991,0.648674,16322
5,17,1425,pixel3,ImageNet16-120,45.977780,4.619290,0.648674,16322
5,17,7187,pixel3,ImageNet16-120,28.683332,0.425223,0.648674,16322
5,17,12506,pixel3,ImageNet16-120,43.983334,2.929990,0.648674,16322
5,17,11000,pixel3,ImageNet16-120,44.866665,2.962520,0.648674,16322
5,17,15383,pixel3,ImageNet16-120,47.033333,5.191720,0.648674,16322
5,17,2835,pixel3,ImageNet16-120,38.222220,0.868646,0.648674,16322
5,17,12639,pixel3,ImageNet16-120,40.400000,1.304440,0.648674,16322
5,17,12355,pixel3,ImageNet16-120,45.033333,2.989390,0.648674,16322
5,17,4587,pixel3,ImageNet16-120,28.800000,0.445767,0.648674,16322
5,17,1549,pixel3,ImageNet16-120,28.655556,0.424747,0.648674,16322
5,17,12424,pixel3,ImageNet16-120,43.133330,2.470150,0.648674,16322
5,17,13756,pixel3,ImageNet16-120,0.833333,0.005289,0.648674,16322
5,17,2018,pixel3,ImageNet16-120,46.433334,4.949210,0.648674,16322
5,17,25,pixel3,ImageNet16-120,28.300000,0.422510,0.648674,16322
5,17,10154,pixel3,ImageNet16-120,46.133335,4.783700,0.648674,16322
5,17,1204,pixel3,ImageNet16-120,37.844444,0.864966,0.648674,16322
5,17,1939,pixel3,ImageNet16-120,45.077778,3.021500,0.648674,16322
5,17,857,pixel3,ImageNet16-120,47.311110,6.686850,0.648674,16322
5,17,15446,pixel3,ImageNet16-120,45.766666,3.439380,0.648674,16322
5,17,4004,pixel3,ImageNet16-120,42.811110,2.467510,0.648674,16322
5,17,3728,pixel3,ImageNet16-120,28.500000,0.422880,0.648674,16322
5,17,8584,pixel3,ImageNet16-120,34.088890,0.664046,0.648674,16322
5,17,13059,pixel3,ImageNet16-120,34.266666,0.668679,0.648674,16322
5,17,872,pixel3,ImageNet16-120,41.777780,2.465030,0.648674,16322
5,17,14417,pixel3,ImageNet16-120,45.900000,4.143030,0.648674,16322
5,17,4384,pixel3,ImageNet16-120,28.133333,0.421612,0.648674,16322
5,17,4895,pixel3,ImageNet16-120,33.200000,0.619070,0.648674,16322
5,17,2899,pixel3,ImageNet16-120,43.911110,2.701210,0.648674,16322
5,17,10340,pixel3,ImageNet16-120,31.522223,0.617772,0.648674,16322
5,17,12103,pixel3,ImageNet16-120,28.250000,0.422433,0.648674,16322
5,17,898,pixel3,ImageNet16-120,42.466667,2.467210,0.648674,16322
5,17,1860,pixel3,ImageNet16-120,28.433332,0.422587,0.648674,16322
5,18,857,raspi4,ImageNet16-120,47.311110,9.020064,0.669623,16208
5,18,2018,raspi4,ImageNet16-120,46.433334,7.482383,0.669623,16208
5,18,7357,raspi4,ImageNet16-120,44.666668,4.480689,0.669623,16208
5,18,9032,raspi4,ImageNet16-120,38.016666,2.201532,0.669623,16208
5,18,219,raspi4,ImageNet16-120,42.500000,3.768475,0.669623,16208
5,18,4988,raspi4,ImageNet16-120,28.933332,1.003251,0.669623,16208
5,18,10017,raspi4,ImageNet16-120,40.566666,3.181383,0.669623,16208
5,18,12358,raspi4,ImageNet16-120,34.055557,1.582727,0.669623,16208
5,18,3782,raspi4,ImageNet16-120,41.866665,3.755286,0.669623,16208
5,18,11946,raspi4,ImageNet16-120,28.200000,0.940293,0.669623,16208
5,18,1204,raspi4,ImageNet16-120,37.844444,2.199356,0.669623,16208
5,18,15107,raspi4,ImageNet16-120,39.800000,3.083329,0.669623,16208
5,18,8683,raspi4,ImageNet16-120,44.200000,4.462997,0.669623,16208
5,18,3960,raspi4,ImageNet16-120,37.755554,2.197980,0.669623,16208
5,18,1939,raspi4,ImageNet16-120,45.077778,5.341908,0.669623,16208
5,18,9496,raspi4,ImageNet16-120,38.200000,2.204048,0.669623,16208
5,18,10217,raspi4,ImageNet16-120,45.100000,6.109362,0.669623,16208
5,18,12505,raspi4,ImageNet16-120,39.283333,3.062432,0.669623,16208
5,18,8884,raspi4,ImageNet16-120,45.033333,5.293177,0.669623,16208
5,18,8584,raspi4,ImageNet16-120,34.088890,1.586268,0.669623,16208
5,18,1188,raspi4,ImageNet16-120,32.455555,1.526725,0.669623,16208
5,18,2779,raspi4,ImageNet16-120,37.355556,2.190654,0.669623,16208
5,18,13771,raspi4,ImageNet16-120,32.744446,1.533813,0.669623,16208
5,18,7227,raspi4,ImageNet16-120,32.533333,1.530737,0.669623,16208
5,18,13059,raspi4,ImageNet16-120,34.266666,1.595651,0.669623,16208
5,18,6854,raspi4,ImageNet16-120,40.800000,3.661016,0.669623,16208
5,18,13931,raspi4,ImageNet16-120,28.788889,0.956195,0.669623,16208
5,18,5637,raspi4,ImageNet16-120,33.933334,1.580707,0.669623,16208
5,18,1413,raspi4,ImageNet16-120,42.711113,3.788479,0.669623,16208
5,18,8736,raspi4,ImageNet16-120,45.700000,6.658077,0.669623,16208
5,18,6868,raspi4,ImageNet16-120,39.000000,2.982937,0.669623,16208
5,18,11079,raspi4,ImageNet16-120,43.566666,3.802027,0.669623,16208
5,18,7187,raspi4,ImageNet16-120,28.683332,0.952790,0.669623,16208
5,18,10472,raspi4,ImageNet16-120,39.633335,3.079679,0.669623,16208
5,18,4995,raspi4,ImageNet16-120,42.166668,3.766336,0.669623,16208
5,18,11584,raspi4,ImageNet16-120,46.666668,8.014434,0.669623,16208
5,18,7551,raspi4,ImageNet16-120,38.477780,2.950436,0.669623,16208
5,18,3431,raspi4,ImageNet16-120,32.966667,1.536690,0.669623,16208
5,18,8355,raspi4,ImageNet16-120,39.666668,3.083286,0.669623,16208
5,18,15363,raspi4,ImageNet16-120,44.333332,4.480516,0.669623,16208
5,18,2112,raspi4,ImageNet16-120,38.355556,2.925188,0.669623,16208
5,18,14792,raspi4,ImageNet16-120,43.033333,3.792447,0.669623,16208
5,18,15383,raspi4,ImageNet16-120,47.033333,8.565354,0.669623,16208
5,18,933,raspi4,ImageNet16-120,0.833333,0.011514,0.669623,16208
5,18,11209,raspi4,ImageNet16-120,33.266666,1.580655,0.669623,16208
5,18,6336,raspi4,ImageNet16-120,39.366665,3.073392,0.669623,16208
5,18,14417,raspi4,ImageNet16-120,45.900000,6.948865,0.669623,16208
5,18,10167,raspi4,ImageNet16-120,39.944443,3.106316,0.669623,16208
5,18,5530,raspi4,ImageNet16-120,42.577778,3.785925,0.669623,16208
5,18,10835,raspi4,ImageNet16-120,45.233334,6.632419,0.669623,16208
6,1,5780,edgegpu,cifar10,93.980000,3.361888,0.515211,16418
6,1,1339,edgegpu,cifar10,92.136665,1.751881,0.515211,16418
6,1,6950,edgegpu,cifar10,92.000000,1.738467,0.515211,16418
6,1,14407,edgegpu,cifar10,86.770000,1.440282,0.515211,16418
6,1,258,edgegpu,cifar10,93.640000,3.307109,0.515211,16418
6,1,9099,edgegpu,cifar10,93.940000,3.357520,0.515211,16418
6,1,14090,edgegpu,cifar10,92.086670,1.749086,0.515211,16418
6,1,14527,edgegpu,cifar10,86.765000,1.439619,0.515211,16418
6,1,11810,edgegpu,cifar10,92.780000,1.992798,0.515211,16418
6,1,6499,edgegpu,cifar10,93.645000,3.331041,0.515211,16418
6,1,2776,edgegpu,cifar10,93.666664,3.331194,0.515211,16418
6,1,10484,edgegpu,cifar10,93.810000,3.354015,0.515211,16418
6,1,15200,edgegpu,cifar10,10.000000,0.501385,0.515211,16418
6,1,13401,edgegpu,cifar10,87.010000,1.457009,0.515211,16418
6,1,5292,edgegpu,cifar10,94.293335,6.663151,0.515211,16418
6,1,561,edgegpu,cifar10,86.880000,1.451068,0.515211,16418
6,1,11692,edgegpu,cifar10,94.130000,4.708362,0.515211,16418
6,1,13714,edgegpu,cifar10,94.373340,6.772180,0.515211,16418
6,1,1549,edgegpu,cifar10,86.710000,1.436324,0.515211,16418
6,1,5400,edgegpu,cifar10,86.630000,1.427460,0.515211,16418
6,1,2053,edgegpu,cifar10,94.206665,5.482254,0.515211,16418
6,1,6330,edgegpu,cifar10,94.006670,4.384699,0.515211,16418
6,1,6960,edgegpu,cifar10,92.280000,1.764450,0.515211,16418
6,1,1459,edgegpu,cifar10,94.296670,6.748991,0.515211,16418
6,1,11438,edgegpu,cifar10,92.500000,1.846719,0.515211,16418
6,2,5780,edgetpu,cifar10,93.980000,0.723967,0.488887,16068
6,2,9689,edgetpu,cifar10,93.370000,0.628386,0.488887,16068
6,2,5111,edgetpu,cifar10,94.306660,1.152010,0.488887,16068
6,2,3731,edgetpu,cifar10,94.343330,1.282820,0.488887,16068
6,2,11810,edgetpu,cifar10,92.780000,0.482879,0.488887,16068
6,2,8192,edgetpu,cifar10,93.093330,0.627745,0.488887,16068
6,2,6382,edgetpu,cifar10,93.376660,0.628638,0.488887,16068
6,2,13714,edgetpu,cifar10,94.373340,1.377865,0.488887,16068
6,2,2053,edgetpu,cifar10,94.206665,1.042178,0.488887,16068
6,2,11692,edgetpu,cifar10,94.130000,0.761100,0.488887,16068
6,2,9950,edgetpu,cifar10,93.840000,0.723767,0.488887,16068
6,2,8008,edgetpu,cifar10,93.480000,0.629746,0.488887,16068
6,2,9380,edgetpu,cifar10,89.335000,0.395662,0.488887,16068
6,2,797,edgetpu,cifar10,93.280000,0.627996,0.488887,16068
6,2,7017,edgetpu,cifar10,86.970000,0.353089,0.488887,16068
6,2,5258,edgetpu,cifar10,88.775000,0.388629,0.488887,16068
6,2,5647,edgetpu,cifar10,89.110000,0.389378,0.488887,16068
6,2,3927,edgetpu,cifar10,93.626660,0.723268,0.488887,16068
6,2,11438,edgetpu,cifar10,92.500000,0.482393,0.488887,16068
6,2,2485,edgetpu,cifar10,86.700000,0.346546,0.488887,16068
6,2,13611,edgetpu,cifar10,92.490000,0.481826,0.488887,16068
6,2,4161,edgetpu,cifar10,89.250000,0.391221,0.488887,16068
6,2,11112,edgetpu,cifar10,92.110000,0.480732,0.488887,16068
6,2,10683,edgetpu,cifar10,92.330000,0.481277,0.488887,16068
6,2,6918,edgetpu,cifar10,87.000000,0.375819,0.488887,16068
6,2,6515,edgetpu,cifar10,93.616670,0.722858,0.488887,16068
6,3,6111,eyeriss,cifar10,94.373340,7.823540,0.507165,16680
6,3,4384,eyeriss,cifar10,86.796670,1.679540,0.507165,16680
6,3,8008,eyeriss,cifar10,93.480000,3.399860,0.507165,16680
6,3,3731,eyeriss,cifar10,94.343330,6.594740,0.507165,16680
6,3,5111,eyeriss,cifar10,94.306660,5.365940,0.507165,16680
6,3,10412,eyeriss,cifar10,93.530000,3.645620,0.507165,16680
6,3,8323,eyeriss,cifar10,90.870000,2.171060,0.507165,16680
6,3,13611,eyeriss,cifar10,92.490000,3.154100,0.507165,16680
6,3,8592,eyeriss,cifar10,93.750000,3.891380,0.507165,16680
6,3,14112,eyeriss,cifar10,91.296670,2.908340,0.507165,16680
6,3,6854,eyeriss,cifar10,91.040000,2.662580,0.507165,16680
6,3,6899,eyeriss,cifar10,90.900000,2.416820,0.507165,16680
6,3,12438,eyeriss,cifar10,89.875000,1.925300,0.507165,16680
6,3,13714,eyeriss,cifar10,94.373340,7.823540,0.507165,16680
6,3,11472,eyeriss,cifar10,93.970000,4.628660,0.507165,16680
6,3,6584,eyeriss,cifar10,94.160000,4.874420,0.507165,16680
6,4,4384,fpga,cifar10,86.796670,1.132960,0.477034,16398
6,4,13714,fpga,cifar10,94.373340,6.678560,0.477034,16398
6,4,14346,fpga,cifar10,89.986664,2.057760,0.477034,16398
6,4,13987,fpga,cifar10,93.596664,3.420960,0.477034,16398
6,4,5111,fpga,cifar10,94.306660,5.193760,0.477034,16398
6,4,6111,fpga,cifar10,94.373340,6.678560,0.477034,16398
6,4,8008,fpga,cifar10,93.480000,2.905760,0.477034,16398
6,4,11692,fpga,cifar10,94.130000,4.163360,0.477034,16398
6,4,11472,fpga,cifar10,93.970000,3.648160,0.477034,16398
6,4,8323,fpga,cifar10,90.870000,2.163360,0.477034,16398
6,4,3731,fpga,cifar10,94.343330,5.936160,0.477034,16398
6,4,13611,fpga,cifar10,92.490000,2.390560,0.477034,16398
6,4,8720,fpga,cifar10,89.875000,1.648160,0.477034,16398
6,4,12438,fpga,cifar10,89.875000,1.648160,0.477034,16398
6,5,6330,pixel3,cifar10,94.006670,11.512400,0.659891,16311
6,5,1781,pixel3,cifar10,89.883330,1.712020,0.659891,16311
6,5,11972,pixel3,cifar10,91.510000,5.627010,0.659891,16311
6,5,13171,pixel3,cifar10,93.530000,7.717220,0.659891,16311
6,5,6382,pixel3,cifar10,93.376660,7.048190,0.659891,16311
6,5,6434,pixel3,cifar10,91.080000,4.811140,0.659891,16311
6,5,6918,pixel3,cifar10,87.000000,1.478790,0.659891,16311
6,5,2035,pixel3,cifar10,89.670000,1.706480,0.659891,16311
6,5,6899,pixel3,cifar10,90.900000,3.961410,0.659891,16311
6,5,10689,pixel3,cifar10,90.790000,2.669770,0.659891,16311
6,5,9230,pixel3,cifar10,86.580000,1.056760,0.659891,16311
6,5,5111,pixel3,cifar10,94.306660,17.584600,0.659891,16311
6,5,12452,pixel3,cifar10,91.350000,5.590110,0.659891,16311
6,5,1804,pixel3,cifar10,89.063330,1.579900,0.659891,16311
6,5,1941,pixel3,cifar10,93.533330,9.128690,0.659891,16311
6,5,2779,pixel3,cifar10,90.806660,3.102950,0.659891,16311
6,5,8323,pixel3,cifar10,90.870000,3.106420,0.659891,16311
6,5,6854,pixel3,cifar10,91.040000,4.514220,0.659891,16311
6,5,2018,pixel3,cifar10,94.063330,14.960500,0.659891,16311
6,5,6985,pixel3,cifar10,89.940000,2.367450,0.659891,16311
6,5,1497,pixel3,cifar10,86.556660,1.056630,0.659891,16311
6,5,4627,pixel3,cifar10,93.270000,7.036050,0.659891,16311
6,5,8592,pixel3,cifar10,93.750000,10.769800,0.659891,16311
6,5,13869,pixel3,cifar10,93.656670,10.634700,0.659891,16311
6,5,11692,pixel3,cifar10,94.130000,15.490100,0.659891,16311
6,5,1943,pixel3,cifar10,93.116670,6.492030,0.659891,16311
6,5,5224,pixel3,cifar10,88.980000,1.570360,0.659891,16311
6,5,8695,pixel3,cifar10,94.220000,17.564500,0.659891,16311
6,5,3731,pixel3,cifar10,94.343330,23.361300,0.659891,16311
6,5,6111,pixel3,cifar10,94.373340,23.584800,0.659891,16311
6,5,1339,pixel3,cifar10,92.136665,5.802240,0.659891,16311
6,5,13987,pixel3,cifar10,93.596664,9.922680,0.659891,16311
6,5,1852,pixel3,cifar10,10.000000,0.003285,0.659891,16311
6,5,7017,pixel3,cifar10,86.970000,1.403930,0.659891,16311
6,5,7197,pixel3,cifar10,90.366670,2.447670,0.659891,16311
6,5,55,pixel3,cifar10,86.756670,1.057440,0.659891,16311
6,5,1416,pixel3,cifar10,89.546670,1.691430,0.659891,16311
6,5,25,pixel3,cifar10,86.540000,1.054570,0.659891,16311
6,5,6584,pixel3,cifar10,94.160000,15.720300,0.659891,16311
6,6,1941,raspi4,cifar10,93.533330,25.121769,0.620663,16267
6,6,6946,raspi4,cifar10,92.026665,16.686316,0.620663,16267
6,6,1690,raspi4,cifar10,86.646670,2.536549,0.620663,16267
6,6,1781,raspi4,cifar10,89.883330,5.961801,0.620663,16267
6,6,12639,raspi4,cifar10,90.990000,11.857850,0.620663,16267
6,6,6382,raspi4,cifar10,93.376660,21.461164,0.620663,16267
6,6,8592,raspi4,cifar10,93.750000,25.477009,0.620663,16267
6,6,9380,raspi4,cifar10,89.335000,4.875613,0.620663,16267
6,6,1962,raspi4,cifar10,86.530000,2.529453,0.620663,16267
6,6,8008,raspi4,cifar10,93.480000,22.571420,0.620663,16267
6,6,6868,raspi4,cifar10,90.880000,10.226877,0.620663,16267
6,6,11692,raspi4,cifar10,94.130000,37.583630,0.620663,16267
6,6,5111,raspi4,cifar10,94.306660,41.756905,0.620663,16267
6,6,2035,raspi4,cifar10,89.670000,4.984099,0.620663,16267
6,6,8323,raspi4,cifar10,90.870000,7.426308,0.620663,16267
6,6,2058,raspi4,cifar10,93.270000,19.484835,0.620663,16267
6,6,6953,raspi4,cifar10,91.990000,15.601654,0.620663,16267
6,6,13846,raspi4,cifar10,90.720000,7.176163,0.620663,16267
6,6,3687,raspi4,cifar10,89.820000,5.156255,0.620663,16267
6,6,9271,raspi4,cifar10,89.250000,4.830311,0.620663,16267
6,6,14565,raspi4,cifar10,88.880000,4.781183,0.620663,16267
6,6,7017,raspi4,cifar10,86.970000,2.544041,0.620663,16267
6,6,12505,raspi4,cifar10,92.150000,16.747276,0.620663,16267
6,6,11533,raspi4,cifar10,93.420000,21.715693,0.620663,16267
6,6,10412,raspi4,cifar10,93.530000,25.079220,0.620663,16267
6,6,11438,raspi4,cifar10,92.500000,18.742697,0.620663,16267
6,6,13611,raspi4,cifar10,92.490000,18.523302,0.620663,16267
6,6,6584,raspi4,cifar10,94.160000,38.818527,0.620663,16267
6,6,1804,raspi4,cifar10,89.063330,4.791845,0.620663,16267
6,6,6960,raspi4,cifar10,92.280000,17.162752,0.620663,16267
6,6,3731,raspi4,cifar10,94.343330,58.070793,0.620663,16267
6,6,12002,raspi4,cifar10,93.510000,24.816572,0.620663,16267
6,6,11972,raspi4,cifar10,91.510000,12.403558,0.620663,16267
6,6,6111,raspi4,cifar10,94.373340,68.404106,0.620663,16267
6,6,6918,raspi4,cifar10,87.000000,2.787590,0.620663,16267
6,6,14677,raspi4,cifar10,88.670000,4.755260,0.620663,16267
6,6,8426,raspi4,cifar10,93.840000,31.394428,0.620663,16267
6,6,5780,raspi4,cifar10,93.980000,34.928463,0.620663,16267
6,6,6577,raspi4,cifar10,10.000000,0.011297,0.620663,16267
6,6,7207,raspi4,cifar10,89.803340,5.099723,0.620663,16267
6,7,6381,edgegpu,cifar100,66.800000,1.753340,0.530086,16513
6,7,9922,edgegpu,cifar100,58.560000,1.428552,0.530086,16513
6,7,9930,edgegpu,cifar100,73.513336,6.803060,0.530086,16513
6,7,6124,edgegpu,cifar100,68.360000,3.185835,0.530086,16513
6,7,8401,edgegpu,cifar100,71.080000,3.302102,0.530086,16513
6,7,12415,edgegpu,cifar100,71.940000,4.828467,0.530086,16513
6,7,4954,edgegpu,cifar100,73.000000,6.669736,0.530086,16513
6,7,9997,edgegpu,cifar100,71.520000,3.466139,0.530086,16513
6,7,1425,edgegpu,cifar100,72.093330,5.310225,0.530086,16513
6,7,1038,edgegpu,cifar100,67.500000,1.758428,0.530086,16513
6,7,4418,edgegpu,cifar100,72.746666,5.352364,0.530086,16513
6,7,8912,edgegpu,cifar100,59.200000,1.441355,0.530086,16513
6,7,11067,edgegpu,cifar100,58.186670,1.427836,0.530086,16513
6,7,2304,edgegpu,cifar100,58.660000,1.440253,0.530086,16513
6,7,2778,edgegpu,cifar100,72.993330,6.134028,0.530086,16513
6,7,11810,edgegpu,cifar100,68.300000,1.779551,0.530086,16513
6,7,1509,edgegpu,cifar100,1.000000,0.505853,0.530086,16513
6,7,11885,edgegpu,cifar100,68.040000,1.776652,0.530086,16513
6,7,3888,edgegpu,cifar100,73.260000,6.797867,0.530086,16513
6,8,8638,edgetpu,cifar100,58.860000,0.356631,0.536362,16153
6,8,9271,edgetpu,cifar100,63.400000,0.393151,0.536362,16153
6,8,69,edgetpu,cifar100,71.020000,0.727259,0.536362,16153
6,8,9997,edgetpu,cifar100,71.520000,0.729986,0.536362,16153
6,8,12574,edgetpu,cifar100,72.740000,0.932430,0.536362,16153
6,8,9541,edgetpu,cifar100,67.660000,0.486829,0.536362,16153
6,8,577,edgetpu,cifar100,69.680000,0.635228,0.536362,16153
6,8,4155,edgetpu,cifar100,62.306667,0.391442,0.536362,16153
6,8,6358,edgetpu,cifar100,67.193340,0.486737,0.536362,16153
6,8,797,edgetpu,cifar100,69.580000,0.633351,0.536362,16153
6,8,8401,edgetpu,cifar100,71.080000,0.728572,0.536362,16153
6,8,898,edgetpu,cifar100,70.000000,0.636860,0.536362,16153
6,8,8912,edgetpu,cifar100,59.200000,0.377698,0.536362,16153
6,8,777,edgetpu,cifar100,58.650000,0.355588,0.536362,16153
6,8,4418,edgetpu,cifar100,72.746666,1.093699,0.536362,16153
6,8,12761,edgetpu,cifar100,72.860000,1.225212,0.536362,16153
6,8,9930,edgetpu,cifar100,73.513336,1.454107,0.536362,16153
6,8,10000,edgetpu,cifar100,73.160000,1.283461,0.536362,16153
6,8,1110,edgetpu,cifar100,58.840000,0.355938,0.536362,16153
6,8,12415,edgetpu,cifar100,71.940000,0.872299,0.536362,16153
6,8,5019,edgetpu,cifar100,58.880000,0.357058,0.536362,16153
6,8,1425,edgetpu,cifar100,72.093330,0.910660,0.536362,16153
6,8,10443,edgetpu,cifar100,68.300000,0.489020,0.536362,16153
6,8,11973,edgetpu,cifar100,70.340000,0.641728,0.536362,16153
6,8,11112,edgetpu,cifar100,66.893330,0.486713,0.536362,16153
6,8,857,edgetpu,cifar100,72.880000,1.264168,0.536362,16153
6,8,3303,edgetpu,cifar100,62.420000,0.392593,0.536362,16153
6,8,13829,edgetpu,cifar100,66.873340,0.485137,0.536362,16153
6,8,12607,edgetpu,cifar100,62.600000,0.392830,0.536362,16153
6,8,14945,edgetpu,cifar100,58.500000,0.354940,0.536362,16153
6,8,11533,edgetpu,cifar100,69.760000,0.635877,0.536362,16153
6,8,3888,edgetpu,cifar100,73.260000,1.316226,0.536362,16153
6,8,2705,edgetpu,cifar100,62.813330,0.393026,0.536362,16153
6,8,1943,edgetpu,cifar100,69.626660,0.634759,0.536362,16153
6,8,15363,edgetpu,cifar100,70.520000,0.676394,0.536362,16153
6,9,12574,eyeriss,cifar100,72.740000,5.123200,0.474425,16725
6,9,14714,eyeriss,cifar100,71.280000,4.140160,0.474425,16725
6,9,375,eyeriss,cifar100,64.440000,1.928320,0.474425,16725
6,9,12761,eyeriss,cifar100,72.860000,6.352000,0.474425,16725
6,9,12820,eyeriss,cifar100,67.720000,2.419840,0.474425,16725
6,9,11301,eyeriss,cifar100,68.220000,2.665600,0.474425,16725
6,9,14112,eyeriss,cifar100,68.386665,2.911360,0.474425,16725
6,9,6925,eyeriss,cifar100,71.220000,3.894400,0.474425,16725
6,9,10689,eyeriss,cifar100,67.500000,2.174080,0.474425,16725
6,9,5084,eyeriss,cifar100,58.813330,1.682560,0.474425,16725
6,9,9930,eyeriss,cifar100,73.513336,9.055360,0.474425,16725
6,9,3888,eyeriss,cifar100,73.260000,6.597760,0.474425,16725
6,9,6787,eyeriss,cifar100,70.720000,3.648640,0.474425,16725
6,9,3487,eyeriss,cifar100,70.093330,3.402880,0.474425,16725
6,9,8139,eyeriss,cifar100,64.440000,1.928320,0.474425,16725
6,9,3540,eyeriss,cifar100,71.500000,4.877440,0.474425,16725
6,10,6787,fpga,cifar100,70.720000,3.420960,0.496136,16324
6,10,9930,fpga,cifar100,73.513336,7.420960,0.496136,16324
6,10,12574,fpga,cifar100,72.740000,4.678560,0.496136,16324
6,10,12761,fpga,cifar100,72.860000,5.420960,0.496136,16324
6,10,5084,fpga,cifar100,58.813330,1.132960,0.496136,16324
6,10,3540,fpga,cifar100,71.500000,4.163360,0.496136,16324
6,10,10689,fpga,cifar100,67.500000,2.163360,0.496136,16324
6,10,12820,fpga,cifar100,67.720000,2.678560,0.496136,16324
6,10,4249,fpga,cifar100,65.080000,2.057760,0.496136,16324
6,10,6925,fpga,cifar100,71.220000,3.936160,0.496136,16324
6,10,7250,fpga,cifar100,67.706665,2.390560,0.496136,16324
6,10,3888,fpga,cifar100,73.260000,5.936160,0.496136,16324
6,10,3687,fpga,cifar100,64.460000,1.648160,0.496136,16324
6,10,12295,fpga,cifar100,71.160000,3.648160,0.496136,16324
6,10,11973,fpga,cifar100,70.340000,2.905760,0.496136,16324
6,11,8638,pixel3,cifar100,58.860000,1.478570,0.619906,16405
6,11,10689,pixel3,cifar100,67.500000,3.109220,0.619906,16405
6,11,6787,pixel3,cifar100,70.720000,9.854430,0.619906,16405
6,11,12574,pixel3,cifar100,72.740000,16.473900,0.619906,16405
6,11,14112,pixel3,cifar100,68.386665,5.745320,0.619906,16405
6,11,3888,pixel3,cifar100,73.260000,23.477200,0.619906,16405
6,11,857,pixel3,cifar100,72.880000,19.113200,0.619906,16405
6,11,1450,pixel3,cifar100,70.506670,9.337360,0.619906,16405
6,11,11301,pixel3,cifar100,68.220000,5.352090,0.619906,16405
6,11,485,pixel3,cifar100,67.593330,4.124800,0.619906,16405
6,11,1631,pixel3,cifar100,63.986668,1.805000,0.619906,16405
6,11,894,pixel3,cifar100,61.933334,1.581120,0.619906,16405
6,11,15363,pixel3,cifar100,70.520000,9.708640,0.619906,16405
6,11,10042,pixel3,cifar100,64.880000,2.794690,0.619906,16405
6,11,12970,pixel3,cifar100,68.140000,4.782110,0.619906,16405
6,11,6925,pixel3,cifar100,71.220000,10.688000,0.619906,16405
6,11,375,pixel3,cifar100,64.440000,2.363140,0.619906,16405
6,11,4432,pixel3,cifar100,66.486664,3.105870,0.619906,16405
6,11,8323,pixel3,cifar100,67.080000,3.106340,0.619906,16405
6,11,5651,pixel3,cifar100,64.690000,2.376870,0.619906,16405
6,11,1090,pixel3,cifar100,65.220000,2.811310,0.619906,16405
6,11,11000,pixel3,cifar100,71.180000,10.677600,0.619906,16405
6,11,699,pixel3,cifar100,72.240000,12.079400,0.619906,16405
6,11,858,pixel3,cifar100,64.133330,2.003500,0.619906,16405
6,11,8912,pixel3,cifar100,59.200000,1.478790,0.619906,16405
6,11,777,pixel3,cifar100,58.650000,1.087020,0.619906,16405
6,11,6337,pixel3,cifar100,1.000000,0.008753,0.619906,16405
6,11,4659,pixel3,cifar100,70.060000,9.026280,0.619906,16405
6,11,1409,pixel3,cifar100,58.853333,1.275090,0.619906,16405
6,11,1459,pixel3,cifar100,73.140000,23.437900,0.619906,16405
6,11,898,pixel3,cifar100,70.000000,6.516140,0.619906,16405
6,11,906,pixel3,cifar100,62.393333,1.661810,0.619906,16405
6,11,1616,pixel3,cifar100,63.946667,1.731160,0.619906,16405
6,11,9930,pixel3,cifar100,73.513336,42.003600,0.619906,16405
6,12,6822,raspi4,cifar100,58.426666,2.558594,0.619555,16307
6,12,7030,raspi4,cifar100,69.600000,19.218203,0.619555,16307
6,12,9997,raspi4,cifar100,71.520000,34.996710,0.619555,16307
6,12,13430,raspi4,cifar100,66.700000,7.203785,0.619555,16307
6,12,14112,raspi4,cifar100,68.386665,14.423308,0.619555,16307
6,12,6925,raspi4,cifar100,71.220000,24.195030,0.619555,16307
6,12,10222,raspi4,cifar100,58.860000,2.747804,0.619555,16307
6,12,2222,raspi4,cifar100,58.313330,2.538255,0.619555,16307
6,12,14714,raspi4,cifar100,71.280000,24.692347,0.619555,16307
6,12,2035,raspi4,cifar100,63.926666,5.005698,0.619555,16307
6,12,4409,raspi4,cifar100,67.173330,7.228629,0.619555,16307
6,12,8740,raspi4,cifar100,1.000000,0.015215,0.619555,16307
6,12,3888,raspi4,cifar100,73.260000,55.029520,0.619555,16307
6,12,6787,raspi4,cifar100,70.720000,23.081835,0.619555,16307
6,12,3408,raspi4,cifar100,63.993332,5.081906,0.619555,16307
6,12,14612,raspi4,cifar100,58.720000,2.563505,0.619555,16307
6,12,8912,raspi4,cifar100,59.200000,2.818969,0.619555,16307
6,12,15589,raspi4,cifar100,59.060000,2.795078,0.619555,16307
6,12,375,raspi4,cifar100,64.440000,5.099302,0.619555,16307
6,12,1572,raspi4,cifar100,69.900000,19.916142,0.619555,16307
6,12,10166,raspi4,cifar100,62.700000,4.857379,0.619555,16307
6,12,15363,raspi4,cifar100,70.520000,21.809430,0.619555,16307
6,12,12761,raspi4,cifar100,72.860000,53.718200,0.619555,16307
6,12,9930,raspi4,cifar100,73.513336,71.152000,0.619555,16307
6,12,9926,raspi4,cifar100,63.520000,4.999532,0.619555,16307
6,12,898,raspi4,cifar100,70.000000,21.506163,0.619555,16307
6,12,4418,raspi4,cifar100,72.746666,47.162354,0.619555,16307
6,12,14792,raspi4,cifar100,69.500000,19.111843,0.619555,16307
6,12,12574,raspi4,cifar100,72.740000,36.371254,0.619555,16307
6,12,1459,raspi4,cifar100,73.140000,53.879950,0.619555,16307
6,12,10042,raspi4,cifar100,64.880000,5.100886,0.619555,16307
6,12,12915,raspi4,cifar100,66.950000,7.226311,0.619555,16307
6,12,12607,raspi4,cifar100,62.600000,4.779045,0.619555,16307
6,12,3487,raspi4,cifar100,70.093330,21.603350,0.619555,16307
6,12,6918,raspi4,cifar100,58.800000,2.571364,0.619555,16307
6,12,10689,raspi4,cifar100,67.500000,7.381845,0.619555,16307
6,12,6830,raspi4,cifar100,71.460000,34.491814,0.619555,16307
6,13,857,edgegpu,ImageNet16-120,47.311110,6.707663,0.662313,16467
6,13,9586,edgegpu,ImageNet16-120,46.933334,5.222673,0.662313,16467
6,13,9722,edgegpu,ImageNet16-120,44.000000,3.327813,0.662313,16467
6,13,7187,edgegpu,ImageNet16-120,28.683332,1.443858,0.662313,16467
6,13,4587,edgegpu,ImageNet16-120,28.800000,1.445131,0.662313,16467
6,13,4946,edgegpu,ImageNet16-120,44.700000,3.490419,0.662313,16467
6,13,8401,edgegpu,ImageNet16-120,43.833332,3.322444,0.662313,16467
6,13,10947,edgegpu,ImageNet16-120,39.944443,1.909800,0.662313,16467
6,13,11217,edgegpu,ImageNet16-120,43.466667,3.316708,0.662313,16467
6,13,8884,edgegpu,ImageNet16-120,45.033333,3.499999,0.662313,16467
6,13,14117,edgegpu,ImageNet16-120,28.677778,1.435547,0.662313,16467
6,13,1164,edgegpu,ImageNet16-120,28.522223,1.435223,0.662313,16467
6,13,8426,edgegpu,ImageNet16-120,44.633335,3.370147,0.662313,16467
6,13,5751,edgegpu,ImageNet16-120,40.044445,2.434626,0.662313,16467
6,13,4988,edgegpu,ImageNet16-120,28.933332,1.448212,0.662313,16467
6,13,4332,edgegpu,ImageNet16-120,39.444443,1.745496,0.662313,16467
6,13,14612,edgegpu,ImageNet16-120,28.488890,1.434064,0.662313,16467
6,13,4160,edgegpu,ImageNet16-120,39.833332,1.756272,0.662313,16467
6,13,15288,edgegpu,ImageNet16-120,28.422222,1.417041,0.662313,16467
6,13,13411,edgegpu,ImageNet16-120,31.855556,1.736240,0.662313,16467
6,13,12415,edgegpu,ImageNet16-120,46.566666,4.667692,0.662313,16467
6,13,15159,edgegpu,ImageNet16-120,45.566666,4.632421,0.662313,16467
6,13,14840,edgegpu,ImageNet16-120,45.311110,4.224715,0.662313,16467
6,13,2650,edgegpu,ImageNet16-120,42.433334,3.309817,0.662313,16467
6,13,6950,edgegpu,ImageNet16-120,38.700000,1.740150,0.662313,16467
6,13,15376,edgegpu,ImageNet16-120,0.833333,0.533953,0.662313,16467
6,13,13760,edgegpu,ImageNet16-120,32.333332,1.739759,0.662313,16467
6,13,454,edgegpu,ImageNet16-120,41.277780,3.303313,0.662313,16467
6,13,7760,edgegpu,ImageNet16-120,39.100000,1.743751,0.662313,16467
6,13,12081,edgegpu,ImageNet16-120,40.233334,2.730479,0.662313,16467
6,13,15383,edgegpu,ImageNet16-120,47.033333,6.262836,0.662313,16467
6,14,5530,edgetpu,ImageNet16-120,42.577778,0.549937,0.515800,15940
6,14,8884,edgetpu,ImageNet16-120,45.033333,0.615792,0.515800,15940
6,14,7273,edgetpu,ImageNet16-120,42.966667,0.550014,0.515800,15940
6,14,13769,edgetpu,ImageNet16-120,41.555557,0.549360,0.515800,15940
6,14,5586,edgetpu,ImageNet16-120,40.811110,0.546420,0.515800,15940
6,14,14677,edgetpu,ImageNet16-120,33.233334,0.364575,0.515800,15940
6,14,13097,edgetpu,ImageNet16-120,39.655556,0.428424,0.515800,15940
6,14,15014,edgetpu,ImageNet16-120,28.266666,0.358110,0.515800,15940
6,14,5751,edgetpu,ImageNet16-120,40.044445,0.516992,0.515800,15940
6,14,13931,edgetpu,ImageNet16-120,28.788889,0.360349,0.515800,15940
6,14,7750,edgetpu,ImageNet16-120,43.066666,0.551617,0.515800,15940
6,14,10332,edgetpu,ImageNet16-120,40.033333,0.516152,0.515800,15940
6,14,9689,edgetpu,ImageNet16-120,42.533333,0.549702,0.515800,15940
6,14,4830,edgetpu,ImageNet16-120,42.233334,0.549457,0.515800,15940
6,14,3540,edgetpu,ImageNet16-120,45.122223,0.648670,0.515800,15940
6,14,15107,edgetpu,ImageNet16-120,39.800000,0.430284,0.515800,15940
6,14,10888,edgetpu,ImageNet16-120,28.333334,0.359044,0.515800,15940
6,14,11079,edgetpu,ImageNet16-120,43.566666,0.552430,0.515800,15940
6,14,12415,edgetpu,ImageNet16-120,46.566666,0.710906,0.515800,15940
6,14,13972,edgetpu,ImageNet16-120,31.933332,0.363440,0.515800,15940
6,14,4988,edgetpu,ImageNet16-120,28.933332,0.360694,0.515800,15940
6,14,7357,edgetpu,ImageNet16-120,44.666668,0.600498,0.515800,15940
6,14,857,edgetpu,ImageNet16-120,47.311110,0.997730,0.515800,15940
6,14,15383,edgetpu,ImageNet16-120,47.033333,0.780914,0.515800,15940
6,14,7396,edgetpu,ImageNet16-120,40.177776,0.517218,0.515800,15940
6,14,70,edgetpu,ImageNet16-120,39.377777,0.428228,0.515800,15940
6,14,4627,edgetpu,ImageNet16-120,43.500000,0.552306,0.515800,15940
6,14,6950,edgetpu,ImageNet16-120,38.700000,0.427379,0.515800,15940
6,14,10167,edgetpu,ImageNet16-120,39.944443,0.444058,0.515800,15940
6,14,11282,edgetpu,ImageNet16-120,39.633335,0.428409,0.515800,15940
6,14,6858,edgetpu,ImageNet16-120,40.333332,0.541300,0.515800,15940
6,14,15363,edgetpu,ImageNet16-120,44.333332,0.582280,0.515800,15940
6,14,11885,edgetpu,ImageNet16-120,39.166668,0.427395,0.515800,15940
6,14,4160,edgetpu,ImageNet16-120,39.833332,0.430355,0.515800,15940
6,14,8781,edgetpu,ImageNet16-120,32.366665,0.363484,0.515800,15940
6,14,7431,edgetpu,ImageNet16-120,32.577778,0.363954,0.515800,15940
6,15,6787,eyeriss,ImageNet16-120,44.400000,0.914560,0.474281,16816
6,15,6854,eyeriss,ImageNet16-120,40.800000,0.668800,0.474281,16816
6,15,2835,eyeriss,ImageNet16-120,38.222220,0.545920,0.474281,16816
6,15,1939,eyeriss,ImageNet16-120,45.077778,0.976000,0.474281,16816
6,15,8853,eyeriss,ImageNet16-120,45.600000,1.037440,0.474281,16816
6,15,857,eyeriss,ImageNet16-120,47.311110,1.651840,0.474281,16816
6,15,8008,eyeriss,ImageNet16-120,43.500000,0.853120,0.474281,16816
6,15,15383,eyeriss,ImageNet16-120,47.033333,1.283200,0.474281,16816
6,15,14417,eyeriss,ImageNet16-120,45.900000,1.098880,0.474281,16816
6,15,4829,eyeriss,ImageNet16-120,34.200000,0.484480,0.474281,16816
6,15,735,eyeriss,ImageNet16-120,38.544445,0.607360,0.474281,16816
6,15,4618,eyeriss,ImageNet16-120,28.544445,0.423040,0.474281,16816
6,16,2835,fpga,ImageNet16-120,38.222220,0.546720,0.666240,16517
6,16,6787,fpga,ImageNet16-120,44.400000,0.969600,0.666240,16517
6,16,15446,fpga,ImageNet16-120,45.766666,1.116320,0.666240,16517
6,16,6854,fpga,ImageNet16-120,40.800000,0.809120,0.666240,16517
6,16,14748,fpga,ImageNet16-120,44.900000,0.995200,0.666240,16517
6,16,1939,fpga,ImageNet16-120,45.077778,1.062400,0.666240,16517
6,16,6868,fpga,ImageNet16-120,39.000000,0.649120,0.666240,16517
6,16,8008,fpga,ImageNet16-120,43.500000,0.876800,0.666240,16517
6,16,15383,fpga,ImageNet16-120,47.033333,1.504000,0.666240,16517
6,16,10017,fpga,ImageNet16-120,40.566666,0.784000,0.666240,16517
6,16,5793,fpga,ImageNet16-120,35.033333,0.517920,0.666240,16517
6,16,4988,fpga,ImageNet16-120,28.933332,0.284320,0.666240,16517
6,16,14417,fpga,ImageNet16-120,45.900000,1.276320,0.666240,16517
6,16,4829,fpga,ImageNet16-120,34.200000,0.415520,0.666240,16517
6,16,857,fpga,ImageNet16-120,47.311110,2.038400,0.666240,16517
6,16,12452,fpga,ImageNet16-120,40.533333,0.780320,0.666240,16517
6,17,735,pixel3,ImageNet16-120,38.544445,1.107950,0.801755,16499
6,17,1110,pixel3,ImageNet16-120,28.600000,0.423927,0.801755,16499
6,17,3043,pixel3,ImageNet16-120,33.100000,0.621954,0.801755,16499
6,17,1549,pixel3,ImageNet16-120,28.655556,0.424747,0.801755,16499
6,17,15446,pixel3,ImageNet16-120,45.766666,3.439380,0.801755,16499
6,17,6854,pixel3,ImageNet16-120,40.800000,1.621620,0.801755,16499
6,17,4004,pixel3,ImageNet16-120,42.811110,2.467510,0.801755,16499
6,17,14417,pixel3,ImageNet16-120,45.900000,4.143030,0.801755,16499
6,17,2835,pixel3,ImageNet16-120,38.222220,0.868646,0.801755,16499
6,17,898,pixel3,ImageNet16-120,42.466667,2.467210,0.801755,16499
6,17,4587,pixel3,ImageNet16-120,28.800000,0.445767,0.801755,16499
6,17,3728,pixel3,ImageNet16-120,28.500000,0.422880,0.801755,16499
6,17,12639,pixel3,ImageNet16-120,40.400000,1.304440,0.801755,16499
6,17,13059,pixel3,ImageNet16-120,34.266666,0.668679,0.801755,16499
6,17,1939,pixel3,ImageNet16-120,45.077778,3.021500,0.801755,16499
6,17,4432,pixel3,ImageNet16-120,37.800000,0.861157,0.801755,16499
6,17,12466,pixel3,ImageNet16-120,46.100000,4.680280,0.801755,16499
6,17,8584,pixel3,ImageNet16-120,34.088890,0.664046,0.801755,16499
6,17,857,pixel3,ImageNet16-120,47.311110,6.686850,0.801755,16499
6,17,25,pixel3,ImageNet16-120,28.300000,0.422510,0.801755,16499
6,17,12452,pixel3,ImageNet16-120,40.533333,1.504410,0.801755,16499
6,17,4977,pixel3,ImageNet16-120,32.966667,0.617991,0.801755,16499
6,17,1204,pixel3,ImageNet16-120,37.844444,0.864966,0.801755,16499
6,17,2018,pixel3,ImageNet16-120,46.433334,4.949210,0.801755,16499
6,17,12424,pixel3,ImageNet16-120,43.133330,2.470150,0.801755,16499
6,17,11000,pixel3,ImageNet16-120,44.866665,2.962520,0.801755,16499
6,17,10154,pixel3,ImageNet16-120,46.133335,4.783700,0.801755,16499
6,17,1425,pixel3,ImageNet16-120,45.977780,4.619290,0.801755,16499
6,17,11079,pixel3,ImageNet16-120,43.566666,2.479610,0.801755,16499
6,17,12103,pixel3,ImageNet16-120,28.250000,0.422433,0.801755,16499
6,17,10888,pixel3,ImageNet16-120,28.333334,0.422652,0.801755,16499
6,17,6014,pixel3,ImageNet16-120,28.533333,0.423391,0.801755,16499
6,17,4988,pixel3,ImageNet16-120,28.933332,0.485996,0.801755,16499
6,17,15383,pixel3,ImageNet16-120,47.033333,5.191720,0.801755,16499
6,17,13756,pixel3,ImageNet16-120,0.833333,0.005289,0.801755,16499
6,17,4384,pixel3,ImageNet16-120,28.133333,0.421612,0.801755,16499
6,17,2899,pixel3,ImageNet16-120,43.911110,2.701210,0.801755,16499
6,17,872,pixel3,ImageNet16-120,41.777780,2.465030,0.801755,16499
6,17,10340,pixel3,ImageNet16-120,31.522223,0.617772,0.801755,16499
6,17,8683,pixel3,ImageNet16-120,44.200000,2.711960,0.801755,16499
6,17,8954,pixel3,ImageNet16-120,28.733334,0.424855,0.801755,16499
6,18,13931,raspi4,ImageNet16-120,28.788889,0.956195,0.677902,16154
6,18,11079,raspi4,ImageNet16-120,43.566666,3.802027,0.677902,16154
6,18,4988,raspi4,ImageNet16-120,28.933332,1.003251,0.677902,16154
6,18,3782,raspi4,ImageNet16-120,41.866665,3.755286,0.677902,16154
6,18,15363,raspi4,ImageNet16-120,44.333332,4.480516,0.677902,16154
6,18,8736,raspi4,ImageNet16-120,45.700000,6.658077,0.677902,16154
6,18,3960,raspi4,ImageNet16-120,37.755554,2.197980,0.677902,16154
6,18,5637,raspi4,ImageNet16-120,33.933334,1.580707,0.677902,16154
6,18,8884,raspi4,ImageNet16-120,45.033333,5.293177,0.677902,16154
6,18,14677,raspi4,ImageNet16-120,33.233334,1.537227,0.677902,16154
6,18,15383,raspi4,ImageNet16-120,47.033333,8.565354,0.677902,16154
6,18,219,raspi4,ImageNet16-120,42.500000,3.768475,0.677902,16154
6,18,8683,raspi4,ImageNet16-120,44.200000,4.462997,0.677902,16154
6,18,8584,raspi4,ImageNet16-120,34.088890,1.586268,0.677902,16154
6,18,7551,raspi4,ImageNet16-120,38.477780,2.950436,0.677902,16154
6,18,11946,raspi4,ImageNet16-120,28.200000,0.940293,0.677902,16154
6,18,1939,raspi4,ImageNet16-120,45.077778,5.341908,0.677902,16154
6,18,5455,raspi4,ImageNet16-120,32.611110,1.532377,0.677902,16154
6,18,13059,raspi4,ImageNet16-120,34.266666,1.595651,0.677902,16154
6,18,7187,raspi4,ImageNet16-120,28.683332,0.952790,0.677902,16154
6,18,1413,raspi4,ImageNet16-120,42.711113,3.788479,0.677902,16154
6,18,8447,raspi4,ImageNet16-120,40.011112,3.156609,0.677902,16154
6,18,1204,raspi4,ImageNet16-120,37.844444,2.199356,0.677902,16154
6,18,6854,raspi4,ImageNet16-120,40.800000,3.661016,0.677902,16154
6,18,4995,raspi4,ImageNet16-120,42.166668,3.766336,0.677902,16154
6,18,10835,raspi4,ImageNet16-120,45.233334,6.632419,0.677902,16154
6,18,6868,raspi4,ImageNet16-120,39.000000,2.982937,0.677902,16154
6,18,9032,raspi4,ImageNet16-120,38.016666,2.201532,0.677902,16154
6,18,9496,raspi4,ImageNet16-120,38.200000,2.204048,0.677902,16154
6,18,2779,raspi4,ImageNet16-120,37.355556,2.190654,0.677902,16154
6,18,6336,raspi4,ImageNet16-120,39.366665,3.073392,0.677902,16154
6,18,14792,raspi4,ImageNet16-120,43.033333,3.792447,0.677902,16154
6,18,14417,raspi4,ImageNet16-120,45.900000,6.948865,0.677902,16154
6,18,7357,raspi4,ImageNet16-120,44.666668,4.480689,0.677902,16154
6,18,10167,raspi4,ImageNet16-120,39.944443,3.106316,0.677902,16154
6,18,857,raspi4,ImageNet16-120,47.311110,9.020064,0.677902,16154
6,18,5973,raspi4,ImageNet16-120,40.100000,3.159922,0.677902,16154
6,18,14750,raspi4,ImageNet16-120,32.933334,1.536700,0.677902,16154
6,18,933,raspi4,ImageNet16-120,0.833333,0.011514,0.677902,16154
6,18,15107,raspi4,ImageNet16-120,39.800000,3.083329,0.677902,16154
6,18,5530,raspi4,ImageNet16-120,42.577778,3.785925,0.677902,16154
6,18,12505,raspi4,ImageNet16-120,39.283333,3.062432,0.677902,16154
6,18,1188,raspi4,ImageNet16-120,32.455555,1.526725,0.677902,16154
6,18,10472,raspi4,ImageNet16-120,39.633335,3.079679,0.677902,16154
6,18,10217,raspi4,ImageNet16-120,45.100000,6.109362,0.677902,16154
6,18,13771,raspi4,ImageNet16-120,32.744446,1.533813,0.677902,16154
6,18,11584,raspi4,ImageNet16-120,46.666668,8.014434,0.677902,16154
6,18,10017,raspi4,ImageNet16-120,40.566666,3.181383,0.677902,16154
6,18,8733,raspi4,ImageNet16-120,46.600000,7.477213,0.677902,16154
6,18,12358,raspi4,ImageNet16-120,34.055557,1.582727,0.677902,16154
7,1,258,edgegpu,cifar10,93.640000,3.307109,0.518295,16430
7,1,13401,edgegpu,cifar10,87.010000,1.457009,0.518295,16430
7,1,11692,edgegpu,cifar10,94.130000,4.708362,0.518295,16430
7,1,561,edgegpu,cifar10,86.880000,1.451068,0.518295,16430
7,1,10484,edgegpu,cifar10,93.810000,3.354015,0.518295,16430
7,1,14090,edgegpu,cifar10,92.086670,1.749086,0.518295,16430
7,1,6499,edgegpu,cifar10,93.645000,3.331041,0.518295,16430
7,1,14527,edgegpu,cifar10,86.765000,1.439619,0.518295,16430
7,1,1339,edgegpu,cifar10,92.136665,1.751881,0.518295,16430
7,1,14407,edgegpu,cifar10,86.770000,1.440282,0.518295,16430
7,1,9099,edgegpu,cifar10,93.940000,3.357520,0.518295,16430
7,1,2776,edgegpu,cifar10,93.666664,3.331194,0.518295,16430
7,1,5400,edgegpu,cifar10,86.630000,1.427460,0.518295,16430
7,1,5292,edgegpu,cifar10,94.293335,6.663151,0.518295,16430
7,1,6950,edgegpu,cifar10,92.000000,1.738467,0.518295,16430
7,1,6960,edgegpu,cifar10,92.280000,1.764450,0.518295,16430
7,1,2053,edgegpu,cifar10,94.206665,5.482254,0.518295,16430
7,1,5780,edgegpu,cifar10,93.980000,3.361888,0.518295,16430
7,1,2090,edgegpu,cifar10,86.650000,1.437702,0.518295,16430
7,1,11810,edgegpu,cifar10,92.780000,1.992798,0.518295,16430
7,1,13714,edgegpu,cifar10,94.373340,6.772180,0.518295,16430
7,1,15200,edgegpu,cifar10,10.000000,0.501385,0.518295,16430
7,1,6330,edgegpu,cifar10,94.006670,4.384699,0.518295,16430
7,1,11438,edgegpu,cifar10,92.500000,1.846719,0.518295,16430
7,1,1459,edgegpu,cifar10,94.296670,6.748991,0.518295,16430
7,2,10683,edgetpu,cifar10,92.330000,0.481277,0.500093,16048
7,2,9689,edgetpu,cifar10,93.370000,0.628386,0.500093,16048
7,2,797,edgetpu,cifar10,93.280000,0.627996,0.500093,16048
7,2,9950,edgetpu,cifar10,93.840000,0.723767,0.500093,16048
7,2,8008,edgetpu,cifar10,93.480000,0.629746,0.500093,16048
7,2,9380,edgetpu,cifar10,89.335000,0.395662,0.500093,16048
7,2,13611,edgetpu,cifar10,92.490000,0.481826,0.500093,16048
7,2,8192,edgetpu,cifar10,93.093330,0.627745,0.500093,16048
7,2,10293,edgetpu,cifar10,86.513336,0.352328,0.500093,16048
7,2,11112,edgetpu,cifar10,92.110000,0.480732,0.500093,16048
7,2,11692,edgetpu,cifar10,94.130000,0.761100,0.500093,16048
7,2,5647,edgetpu,cifar10,89.110000,0.389378,0.500093,16048
7,2,5111,edgetpu,cifar10,94.306660,1.152010,0.500093,16048
7,2,5258,edgetpu,cifar10,88.775000,0.388629,0.500093,16048
7,2,4161,edgetpu,cifar10,89.250000,0.391221,0.500093,16048
7,2,12439,edgetpu,cifar10,86.393330,0.352159,0.500093,16048
7,2,6382,edgetpu,cifar10,93.376660,0.628638,0.500093,16048
7,2,3731,edgetpu,cifar10,94.343330,1.282820,0.500093,16048
7,2,13714,edgetpu,cifar10,94.373340,1.377865,0.500093,16048
7,2,2053,edgetpu,cifar10,94.206665,1.042178,0.500093,16048
7,2,11438,edgetpu,cifar10,92.500000,0.482393,0.500093,16048
7,2,7017,edgetpu,cifar10,86.970000,0.353089,0.500093,16048
7,2,11810,edgetpu,cifar10,92.780000,0.482879,0.500093,16048
7,2,5780,edgetpu,cifar10,93.980000,0.723967,0.500093,16048
7,2,9722,edgetpu,cifar10,93.540000,0.723575,0.500093,16048
7,2,9817,edgetpu,cifar10,93.490000,0.723286,0.500093,16048
7,2,6584,edgetpu,cifar10,94.160000,0.888877,0.500093,16048
7,3,12438,eyeriss,cifar10,89.875000,1.925300,0.512347,16803
7,3,6854,eyeriss,cifar10,91.040000,2.662580,0.512347,16803
7,3,14112,eyeriss,cifar10,91.296670,2.908340,0.512347,16803
7,3,8323,eyeriss,cifar10,90.870000,2.171060,0.512347,16803
7,3,13611,eyeriss,cifar10,92.490000,3.154100,0.512347,16803
7,3,8592,eyeriss,cifar10,93.750000,3.891380,0.512347,16803
7,3,4384,eyeriss,cifar10,86.796670,1.679540,0.512347,16803
7,3,6899,eyeriss,cifar10,90.900000,2.416820,0.512347,16803
7,3,6111,eyeriss,cifar10,94.373340,7.823540,0.512347,16803
7,3,5111,eyeriss,cifar10,94.306660,5.365940,0.512347,16803
7,3,8720,eyeriss,cifar10,89.875000,1.925300,0.512347,16803
7,3,11472,eyeriss,cifar10,93.970000,4.628660,0.512347,16803
7,3,8008,eyeriss,cifar10,93.480000,3.399860,0.512347,16803
7,3,3731,eyeriss,cifar10,94.343330,6.594740,0.512347,16803
7,3,6584,eyeriss,cifar10,94.160000,4.874420,0.512347,16803
7,3,10412,eyeriss,cifar10,93.530000,3.645620,0.512347,16803
7,3,13714,eyeriss,cifar10,94.373340,7.823540,0.512347,16803
7,4,12438,fpga,cifar10,89.875000,1.648160,0.419140,16381
7,4,8008,fpga,cifar10,93.480000,2.905760,0.419140,16381
7,4,13714,fpga,cifar10,94.373340,6.678560,0.419140,16381
7,4,11472,fpga,cifar10,93.970000,3.648160,0.419140,16381
7,4,4384,fpga,cifar10,86.796670,1.132960,0.419140,16381
7,4,13987,fpga,cifar10,93.596664,3.420960,0.419140,16381
7,4,8323,fpga,cifar10,90.870000,2.163360,0.419140,16381
7,4,6584,fpga,cifar10,94.160000,4.163360,0.419140,16381
7,4,5111,fpga,cifar10,94.306660,5.193760,0.419140,16381
7,4,11525,fpga,cifar10,90.000000,2.057760,0.419140,16381
7,4,13611,fpga,cifar10,92.490000,2.390560,0.419140,16381
7,4,3731,fpga,cifar10,94.343330,5.936160,0.419140,16381
7,4,6111,fpga,cifar10,94.373340,6.678560,0.419140,16381
7,4,8720,fpga,cifar10,89.875000,1.648160,0.419140,16381
7,5,1631,pixel3,cifar10,89.506670,1.697120,0.661210,16293
7,5,10689,pixel3,cifar10,90.790000,2.669770,0.661210,16293
7,5,6918,pixel3,cifar10,87.000000,1.478790,0.661210,16293
7,5,11692,pixel3,cifar10,94.130000,15.490100,0.661210,16293
7,5,6382,pixel3,cifar10,93.376660,7.048190,0.661210,16293
7,5,1781,pixel3,cifar10,89.883330,1.712020,0.661210,16293
7,5,12452,pixel3,cifar10,91.350000,5.590110,0.661210,16293
7,5,8323,pixel3,cifar10,90.870000,3.106420,0.661210,16293
7,5,2779,pixel3,cifar10,90.806660,3.102950,0.661210,16293
7,5,5224,pixel3,cifar10,88.980000,1.570360,0.661210,16293
7,5,4627,pixel3,cifar10,93.270000,7.036050,0.661210,16293
7,5,6854,pixel3,cifar10,91.040000,4.514220,0.661210,16293
7,5,7017,pixel3,cifar10,86.970000,1.403930,0.661210,16293
7,5,11972,pixel3,cifar10,91.510000,5.627010,0.661210,16293
7,5,9230,pixel3,cifar10,86.580000,1.056760,0.661210,16293
7,5,8592,pixel3,cifar10,93.750000,10.769800,0.661210,16293
7,5,1941,pixel3,cifar10,93.533330,9.128690,0.661210,16293
7,5,5111,pixel3,cifar10,94.306660,17.584600,0.661210,16293
7,5,6863,pixel3,cifar10,86.740000,1.229320,0.661210,16293
7,5,2035,pixel3,cifar10,89.670000,1.706480,0.661210,16293
7,5,6330,pixel3,cifar10,94.006670,11.512400,0.661210,16293
7,5,1497,pixel3,cifar10,86.556660,1.056630,0.661210,16293
7,5,4554,pixel3,cifar10,86.670000,1.114880,0.661210,16293
7,5,6434,pixel3,cifar10,91.080000,4.811140,0.661210,16293
7,5,7001,pixel3,cifar10,10.000000,0.003277,0.661210,16293
7,5,8695,pixel3,cifar10,94.220000,17.564500,0.661210,16293
7,5,6899,pixel3,cifar10,90.900000,3.961410,0.661210,16293
7,5,13869,pixel3,cifar10,93.656670,10.634700,0.661210,16293
7,5,13171,pixel3,cifar10,93.530000,7.717220,0.661210,16293
7,5,13987,pixel3,cifar10,93.596664,9.922680,0.661210,16293
7,5,3731,pixel3,cifar10,94.343330,23.361300,0.661210,16293
7,5,1943,pixel3,cifar10,93.116670,6.492030,0.661210,16293
7,5,6111,pixel3,cifar10,94.373340,23.584800,0.661210,16293
7,5,1804,pixel3,cifar10,89.063330,1.579900,0.661210,16293
7,5,7197,pixel3,cifar10,90.366670,2.447670,0.661210,16293
7,5,13096,pixel3,cifar10,90.700000,2.666040,0.661210,16293
7,5,8836,pixel3,cifar10,92.220000,6.313990,0.661210,16293
7,5,1339,pixel3,cifar10,92.136665,5.802240,0.661210,16293
7,5,6584,pixel3,cifar10,94.160000,15.720300,0.661210,16293
7,5,2018,pixel3,cifar10,94.063330,14.960500,0.661210,16293
7,6,2058,raspi4,cifar10,93.270000,19.484835,0.617073,16259
7,6,8323,raspi4,cifar10,90.870000,7.426308,0.617073,16259
7,6,9271,raspi4,cifar10,89.250000,4.830311,0.617073,16259
7,6,1804,raspi4,cifar10,89.063330,4.791845,0.617073,16259
7,6,8008,raspi4,cifar10,93.480000,22.571420,0.617073,16259
7,6,6382,raspi4,cifar10,93.376660,21.461164,0.617073,16259
7,6,8592,raspi4,cifar10,93.750000,25.477009,0.617073,16259
7,6,5111,raspi4,cifar10,94.306660,41.756905,0.617073,16259
7,6,1941,raspi4,cifar10,93.533330,25.121769,0.617073,16259
7,6,4659,raspi4,cifar10,93.396670,22.249382,0.617073,16259
7,6,12238,raspi4,cifar10,91.690000,16.046099,0.617073,16259
7,6,14565,raspi4,cifar10,88.880000,4.781183,0.617073,16259
7,6,12505,raspi4,cifar10,92.150000,16.747276,0.617073,16259
7,6,10412,raspi4,cifar10,93.530000,25.079220,0.617073,16259
7,6,1962,raspi4,cifar10,86.530000,2.529453,0.617073,16259
7,6,9380,raspi4,cifar10,89.335000,4.875613,0.617073,16259
7,6,4210,raspi4,cifar10,89.030000,4.782748,0.617073,16259
7,6,14677,raspi4,cifar10,88.670000,4.755260,0.617073,16259
7,6,13846,raspi4,cifar10,90.720000,7.176163,0.617073,16259
7,6,3731,raspi4,cifar10,94.343330,58.070793,0.617073,16259
7,6,7017,raspi4,cifar10,86.970000,2.544041,0.617073,16259
7,6,6918,raspi4,cifar10,87.000000,2.787590,0.617073,16259
7,6,11692,raspi4,cifar10,94.130000,37.583630,0.617073,16259
7,6,6111,raspi4,cifar10,94.373340,68.404106,0.617073,16259
7,6,9980,raspi4,cifar10,10.000000,0.011284,0.617073,16259
7,6,6960,raspi4,cifar10,92.280000,17.162752,0.617073,16259
7,6,8426,raspi4,cifar10,93.840000,31.394428,0.617073,16259
7,6,5780,raspi4,cifar10,93.980000,34.928463,0.617073,16259
7,6,12385,raspi4,cifar10,91.990000,16.485830,0.617073,16259
7,6,2035,raspi4,cifar10,89.670000,4.984099,0.617073,16259
7,6,11972,raspi4,cifar10,91.510000,12.403558,0.617073,16259
7,6,1690,raspi4,cifar10,86.646670,2.536549,0.617073,16259
7,6,11810,raspi4,cifar10,92.780000,18.619905,0.617073,16259
7,6,10275,raspi4,cifar10,91.080000,9.993188,0.617073,16259
7,6,13611,raspi4,cifar10,92.490000,18.523302,0.617073,16259
7,6,6985,raspi4,cifar10,89.940000,4.995646,0.617073,16259
7,7,1425,edgegpu,cifar100,72.093330,5.310225,0.508776,16403
7,7,2304,edgegpu,cifar100,58.660000,1.440253,0.508776,16403
7,7,11067,edgegpu,cifar100,58.186670,1.427836,0.508776,16403
7,7,9997,edgegpu,cifar100,71.520000,3.466139,0.508776,16403
7,7,4418,edgegpu,cifar100,72.746666,5.352364,0.508776,16403
7,7,6381,edgegpu,cifar100,66.800000,1.753340,0.508776,16403
7,7,9922,edgegpu,cifar100,58.560000,1.428552,0.508776,16403
7,7,11810,edgegpu,cifar100,68.300000,1.779551,0.508776,16403
7,7,9930,edgegpu,cifar100,73.513336,6.803060,0.508776,16403
7,7,8401,edgegpu,cifar100,71.080000,3.302102,0.508776,16403
7,7,11885,edgegpu,cifar100,68.040000,1.776652,0.508776,16403
7,7,4954,edgegpu,cifar100,73.000000,6.669736,0.508776,16403
7,7,12415,edgegpu,cifar100,71.940000,4.828467,0.508776,16403
7,7,14677,edgegpu,cifar100,62.420000,1.746187,0.508776,16403
7,7,8912,edgegpu,cifar100,59.200000,1.441355,0.508776,16403
7,7,1038,edgegpu,cifar100,67.500000,1.758428,0.508776,16403
7,7,6124,edgegpu,cifar100,68.360000,3.185835,0.508776,16403
7,7,2778,edgegpu,cifar100,72.993330,6.134028,0.508776,16403
7,7,1509,edgegpu,cifar100,1.000000,0.505853,0.508776,16403
7,8,12761,edgetpu,cifar100,72.860000,1.225212,0.594307,15978
7,8,9930,edgetpu,cifar100,73.513336,1.454107,0.594307,15978
7,8,4155,edgetpu,cifar100,62.306667,0.391442,0.594307,15978
7,8,2705,edgetpu,cifar100,62.813330,0.393026,0.594307,15978
7,8,1110,edgetpu,cifar100,58.840000,0.355938,0.594307,15978
7,8,8638,edgetpu,cifar100,58.860000,0.356631,0.594307,15978
7,8,13829,edgetpu,cifar100,66.873340,0.485137,0.594307,15978
7,8,5019,edgetpu,cifar100,58.880000,0.357058,0.594307,15978
7,8,1425,edgetpu,cifar100,72.093330,0.910660,0.594307,15978
7,8,3303,edgetpu,cifar100,62.420000,0.392593,0.594307,15978
7,8,10000,edgetpu,cifar100,73.160000,1.283461,0.594307,15978
7,8,8401,edgetpu,cifar100,71.080000,0.728572,0.594307,15978
7,8,1943,edgetpu,cifar100,69.626660,0.634759,0.594307,15978
7,8,14945,edgetpu,cifar100,58.500000,0.354940,0.594307,15978
7,8,12415,edgetpu,cifar100,71.940000,0.872299,0.594307,15978
7,8,10443,edgetpu,cifar100,68.300000,0.489020,0.594307,15978
7,8,9271,edgetpu,cifar100,63.400000,0.393151,0.594307,15978
7,8,9997,edgetpu,cifar100,71.520000,0.729986,0.594307,15978
7,8,12574,edgetpu,cifar100,72.740000,0.932430,0.594307,15978
7,8,1996,edgetpu,cifar100,67.820000,0.486748,0.594307,15978
7,8,777,edgetpu,cifar100,58.650000,0.355588,0.594307,15978
7,8,577,edgetpu,cifar100,69.680000,0.635228,0.594307,15978
7,8,11533,edgetpu,cifar100,69.760000,0.635877,0.594307,15978
7,8,4418,edgetpu,cifar100,72.746666,1.093699,0.594307,15978
7,8,857,edgetpu,cifar100,72.880000,1.264168,0.594307,15978
7,8,8912,edgetpu,cifar100,59.200000,0.377698,0.594307,15978
7,8,12607,edgetpu,cifar100,62.600000,0.392830,0.594307,15978
7,8,6946,edgetpu,cifar100,67.500000,0.486233,0.594307,15978
7,8,15363,edgetpu,cifar100,70.520000,0.676394,0.594307,15978
7,8,3888,edgetpu,cifar100,73.260000,1.316226,0.594307,15978
7,8,797,edgetpu,cifar100,69.580000,0.633351,0.594307,15978
7,8,69,edgetpu,cifar100,71.020000,0.727259,0.594307,15978
7,8,11973,edgetpu,cifar100,70.340000,0.641728,0.594307,15978
7,8,4659,edgetpu,cifar100,70.060000,0.636433,0.594307,15978
7,8,3487,edgetpu,cifar100,70.093330,0.637182,0.594307,15978
7,9,9930,eyeriss,cifar100,73.513336,9.055360,0.522614,16604
7,9,12761,eyeriss,cifar100,72.860000,6.352000,0.522614,16604
7,9,12574,eyeriss,cifar100,72.740000,5.123200,0.522614,16604
7,9,14112,eyeriss,cifar100,68.386665,2.911360,0.522614,16604
7,9,5651,eyeriss,cifar100,64.690000,1.928320,0.522614,16604
7,9,3888,eyeriss,cifar100,73.260000,6.597760,0.522614,16604
7,9,6925,eyeriss,cifar100,71.220000,3.894400,0.522614,16604
7,9,4659,eyeriss,cifar100,70.060000,3.402880,0.522614,16604
7,9,12820,eyeriss,cifar100,67.720000,2.419840,0.522614,16604
7,9,14714,eyeriss,cifar100,71.280000,4.140160,0.522614,16604
7,9,11301,eyeriss,cifar100,68.220000,2.665600,0.522614,16604
7,9,5084,eyeriss,cifar100,58.813330,1.682560,0.522614,16604
7,9,10689,eyeriss,cifar100,67.500000,2.174080,0.522614,16604
7,9,6787,eyeriss,cifar100,70.720000,3.648640,0.522614,16604
7,9,3540,eyeriss,cifar100,71.500000,4.877440,0.522614,16604
7,10,3487,fpga,cifar100,70.093330,2.905760,0.461571,16363
7,10,12574,fpga,cifar100,72.740000,4.678560,0.461571,16363
7,10,12820,fpga,cifar100,67.720000,2.678560,0.461571,16363
7,10,3888,fpga,cifar100,73.260000,5.936160,0.461571,16363
7,10,3540,fpga,cifar100,71.500000,4.163360,0.461571,16363
7,10,12761,fpga,cifar100,72.860000,5.420960,0.461571,16363
7,10,6925,fpga,cifar100,71.220000,3.936160,0.461571,16363
7,10,5651,fpga,cifar100,64.690000,1.648160,0.461571,16363
7,10,4249,fpga,cifar100,65.080000,2.057760,0.461571,16363
7,10,9930,fpga,cifar100,73.513336,7.420960,0.461571,16363
7,10,6787,fpga,cifar100,70.720000,3.420960,0.461571,16363
7,10,5084,fpga,cifar100,58.813330,1.132960,0.461571,16363
7,10,10689,fpga,cifar100,67.500000,2.163360,0.461571,16363
7,10,9997,fpga,cifar100,71.520000,4.572960,0.461571,16363
7,10,5033,fpga,cifar100,59.060000,1.542560,0.461571,16363
7,10,5743,fpga,cifar100,67.800000,2.800160,0.461571,16363
7,10,7250,fpga,cifar100,67.706665,2.390560,0.461571,16363
7,10,69,fpga,cifar100,71.020000,3.648160,0.461571,16363
7,10,6830,fpga,cifar100,71.460000,4.057760,0.461571,16363
7,11,11301,pixel3,cifar100,68.220000,5.352090,0.646112,16467
7,11,6925,pixel3,cifar100,71.220000,10.688000,0.646112,16467
7,11,15363,pixel3,cifar100,70.520000,9.708640,0.646112,16467
7,11,485,pixel3,cifar100,67.593330,4.124800,0.646112,16467
7,11,15162,pixel3,cifar100,1.000000,0.008847,0.646112,16467
7,11,6787,pixel3,cifar100,70.720000,9.854430,0.646112,16467
7,11,699,pixel3,cifar100,72.240000,12.079400,0.646112,16467
7,11,3888,pixel3,cifar100,73.260000,23.477200,0.646112,16467
7,11,8638,pixel3,cifar100,58.860000,1.478570,0.646112,16467
7,11,12970,pixel3,cifar100,68.140000,4.782110,0.646112,16467
7,11,11000,pixel3,cifar100,71.180000,10.677600,0.646112,16467
7,11,14112,pixel3,cifar100,68.386665,5.745320,0.646112,16467
7,11,8912,pixel3,cifar100,59.200000,1.478790,0.646112,16467
7,11,10042,pixel3,cifar100,64.880000,2.794690,0.646112,16467
7,11,898,pixel3,cifar100,70.000000,6.516140,0.646112,16467
7,11,857,pixel3,cifar100,72.880000,19.113200,0.646112,16467
7,11,1090,pixel3,cifar100,65.220000,2.811310,0.646112,16467
7,11,1416,pixel3,cifar100,64.493330,2.084060,0.646112,16467
7,11,1450,pixel3,cifar100,70.506670,9.337360,0.646112,16467
7,11,1409,pixel3,cifar100,58.853333,1.275090,0.646112,16467
7,11,1459,pixel3,cifar100,73.140000,23.437900,0.646112,16467
7,11,8323,pixel3,cifar100,67.080000,3.106340,0.646112,16467
7,11,5651,pixel3,cifar100,64.690000,2.376870,0.646112,16467
7,11,858,pixel3,cifar100,64.133330,2.003500,0.646112,16467
7,11,4432,pixel3,cifar100,66.486664,3.105870,0.646112,16467
7,11,777,pixel3,cifar100,58.650000,1.087020,0.646112,16467
7,11,12574,pixel3,cifar100,72.740000,16.473900,0.646112,16467
7,11,11973,pixel3,cifar100,70.340000,8.988510,0.646112,16467
7,11,906,pixel3,cifar100,62.393333,1.661810,0.646112,16467
7,11,9930,pixel3,cifar100,73.513336,42.003600,0.646112,16467
7,11,1558,pixel3,cifar100,64.020000,1.705220,0.646112,16467
7,11,10689,pixel3,cifar100,67.500000,3.109220,0.646112,16467
7,11,894,pixel3,cifar100,61.933334,1.581120,0.646112,16467
7,12,13430,raspi4,cifar100,66.700000,7.203785,0.647548,16360
7,12,9271,raspi4,cifar100,63.400000,4.800893,0.647548,16360
7,12,7030,raspi4,cifar100,69.600000,19.218203,0.647548,16360
7,12,9930,raspi4,cifar100,73.513336,71.152000,0.647548,16360
7,12,4409,raspi4,cifar100,67.173330,7.228629,0.647548,16360
7,12,14112,raspi4,cifar100,68.386665,14.423308,0.647548,16360
7,12,10689,raspi4,cifar100,67.500000,7.381845,0.647548,16360
7,12,15363,raspi4,cifar100,70.520000,21.809430,0.647548,16360
7,12,12915,raspi4,cifar100,66.950000,7.226311,0.647548,16360
7,12,6925,raspi4,cifar100,71.220000,24.195030,0.647548,16360
7,12,10042,raspi4,cifar100,64.880000,5.100886,0.647548,16360
7,12,15589,raspi4,cifar100,59.060000,2.795078,0.647548,16360
7,12,3888,raspi4,cifar100,73.260000,55.029520,0.647548,16360
7,12,14714,raspi4,cifar100,71.280000,24.692347,0.647548,16360
7,12,6918,raspi4,cifar100,58.800000,2.571364,0.647548,16360
7,12,898,raspi4,cifar100,70.000000,21.506163,0.647548,16360
7,12,2222,raspi4,cifar100,58.313330,2.538255,0.647548,16360
7,12,10222,raspi4,cifar100,58.860000,2.747804,0.647548,16360
7,12,12574,raspi4,cifar100,72.740000,36.371254,0.647548,16360
7,12,9997,raspi4,cifar100,71.520000,34.996710,0.647548,16360
7,12,12761,raspi4,cifar100,72.860000,53.718200,0.647548,16360
7,12,1459,raspi4,cifar100,73.140000,53.879950,0.647548,16360
7,12,9926,raspi4,cifar100,63.520000,4.999532,0.647548,16360
7,12,14792,raspi4,cifar100,69.500000,19.111843,0.647548,16360
7,12,375,raspi4,cifar100,64.440000,5.099302,0.647548,16360
7,12,2035,raspi4,cifar100,63.926666,5.005698,0.647548,16360
7,12,4418,raspi4,cifar100,72.746666,47.162354,0.647548,16360
7,12,6822,raspi4,cifar100,58.426666,2.558594,0.647548,16360
7,12,6787,raspi4,cifar100,70.720000,23.081835,0.647548,16360
7,12,3408,raspi4,cifar100,63.993332,5.081906,0.647548,16360
7,12,6177,raspi4,cifar100,62.373333,4.795128,0.647548,16360
7,12,8740,raspi4,cifar100,1.000000,0.015215,0.647548,16360
7,12,8912,raspi4,cifar100,59.200000,2.818969,0.647548,16360
7,12,6830,raspi4,cifar100,71.460000,34.491814,0.647548,16360
7,12,3487,raspi4,cifar100,70.093330,21.603350,0.647548,16360
7,12,1572,raspi4,cifar100,69.900000,19.916142,0.647548,16360
7,13,8426,edgegpu,ImageNet16-120,44.633335,3.370147,0.604588,16555
7,13,7760,edgegpu,ImageNet16-120,39.100000,1.743751,0.604588,16555
7,13,2650,edgegpu,ImageNet16-120,42.433334,3.309817,0.604588,16555
7,13,8884,edgegpu,ImageNet16-120,45.033333,3.499999,0.604588,16555
7,13,4946,edgegpu,ImageNet16-120,44.700000,3.490419,0.604588,16555
7,13,15159,edgegpu,ImageNet16-120,45.566666,4.632421,0.604588,16555
7,13,8401,edgegpu,ImageNet16-120,43.833332,3.322444,0.604588,16555
7,13,11217,edgegpu,ImageNet16-120,43.466667,3.316708,0.604588,16555
7,13,9722,edgegpu,ImageNet16-120,44.000000,3.327813,0.604588,16555
7,13,454,edgegpu,ImageNet16-120,41.277780,3.303313,0.604588,16555
7,13,14612,edgegpu,ImageNet16-120,28.488890,1.434064,0.604588,16555
7,13,1164,edgegpu,ImageNet16-120,28.522223,1.435223,0.604588,16555
7,13,4587,edgegpu,ImageNet16-120,28.800000,1.445131,0.604588,16555
7,13,14117,edgegpu,ImageNet16-120,28.677778,1.435547,0.604588,16555
7,13,10947,edgegpu,ImageNet16-120,39.944443,1.909800,0.604588,16555
7,13,15288,edgegpu,ImageNet16-120,28.422222,1.417041,0.604588,16555
7,13,4332,edgegpu,ImageNet16-120,39.444443,1.745496,0.604588,16555
7,13,4988,edgegpu,ImageNet16-120,28.933332,1.448212,0.604588,16555
7,13,9586,edgegpu,ImageNet16-120,46.933334,5.222673,0.604588,16555
7,13,857,edgegpu,ImageNet16-120,47.311110,6.707663,0.604588,16555
7,13,6950,edgegpu,ImageNet16-120,38.700000,1.740150,0.604588,16555
7,13,7187,edgegpu,ImageNet16-120,28.683332,1.443858,0.604588,16555
7,13,12415,edgegpu,ImageNet16-120,46.566666,4.667692,0.604588,16555
7,13,15376,edgegpu,ImageNet16-120,0.833333,0.533953,0.604588,16555
7,13,5751,edgegpu,ImageNet16-120,40.044445,2.434626,0.604588,16555
7,13,12081,edgegpu,ImageNet16-120,40.233334,2.730479,0.604588,16555
7,13,14840,edgegpu,ImageNet16-120,45.311110,4.224715,0.604588,16555
7,13,13760,edgegpu,ImageNet16-120,32.333332,1.739759,0.604588,16555
7,13,4160,edgegpu,ImageNet16-120,39.833332,1.756272,0.604588,16555
7,13,13411,edgegpu,ImageNet16-120,31.855556,1.736240,0.604588,16555
7,14,5751,edgetpu,ImageNet16-120,40.044445,0.516992,0.551799,16183
7,14,13931,edgetpu,ImageNet16-120,28.788889,0.360349,0.551799,16183
7,14,7750,edgetpu,ImageNet16-120,43.066666,0.551617,0.551799,16183
7,14,12415,edgetpu,ImageNet16-120,46.566666,0.710906,0.551799,16183
7,14,10332,edgetpu,ImageNet16-120,40.033333,0.516152,0.551799,16183
7,14,15107,edgetpu,ImageNet16-120,39.800000,0.430284,0.551799,16183
7,14,70,edgetpu,ImageNet16-120,39.377777,0.428228,0.551799,16183
7,14,3540,edgetpu,ImageNet16-120,45.122223,0.648670,0.551799,16183
7,14,14840,edgetpu,ImageNet16-120,45.311110,0.666690,0.551799,16183
7,14,8884,edgetpu,ImageNet16-120,45.033333,0.615792,0.551799,16183
7,14,7357,edgetpu,ImageNet16-120,44.666668,0.600498,0.551799,16183
7,14,7273,edgetpu,ImageNet16-120,42.966667,0.550014,0.551799,16183
7,14,15014,edgetpu,ImageNet16-120,28.266666,0.358110,0.551799,16183
7,14,11079,edgetpu,ImageNet16-120,43.566666,0.552430,0.551799,16183
7,14,4627,edgetpu,ImageNet16-120,43.500000,0.552306,0.551799,16183
7,14,9689,edgetpu,ImageNet16-120,42.533333,0.549702,0.551799,16183
7,14,11282,edgetpu,ImageNet16-120,39.633335,0.428409,0.551799,16183
7,14,8781,edgetpu,ImageNet16-120,32.366665,0.363484,0.551799,16183
7,14,4830,edgetpu,ImageNet16-120,42.233334,0.549457,0.551799,16183
7,14,857,edgetpu,ImageNet16-120,47.311110,0.997730,0.551799,16183
7,14,13769,edgetpu,ImageNet16-120,41.555557,0.549360,0.551799,16183
7,14,8447,edgetpu,ImageNet16-120,40.011112,0.514586,0.551799,16183
7,14,4160,edgetpu,ImageNet16-120,39.833332,0.430355,0.551799,16183
7,14,11885,edgetpu,ImageNet16-120,39.166668,0.427395,0.551799,16183
7,14,13097,edgetpu,ImageNet16-120,39.655556,0.428424,0.551799,16183
7,14,6950,edgetpu,ImageNet16-120,38.700000,0.427379,0.551799,16183
7,14,14677,edgetpu,ImageNet16-120,33.233334,0.364575,0.551799,16183
7,14,13284,edgetpu,ImageNet16-120,40.177776,0.534381,0.551799,16183
7,14,4988,edgetpu,ImageNet16-120,28.933332,0.360694,0.551799,16183
7,14,7431,edgetpu,ImageNet16-120,32.577778,0.363954,0.551799,16183
7,14,15383,edgetpu,ImageNet16-120,47.033333,0.780914,0.551799,16183
7,14,15363,edgetpu,ImageNet16-120,44.333332,0.582280,0.551799,16183
7,14,11262,edgetpu,ImageNet16-120,39.733334,0.430019,0.551799,16183
7,14,13972,edgetpu,ImageNet16-120,31.933332,0.363440,0.551799,16183
7,14,10167,edgetpu,ImageNet16-120,39.944443,0.444058,0.551799,16183
7,14,5530,edgetpu,ImageNet16-120,42.577778,0.549937,0.551799,16183
7,15,4829,eyeriss,ImageNet16-120,34.200000,0.484480,0.567983,16748
7,15,857,eyeriss,ImageNet16-120,47.311110,1.651840,0.567983,16748
7,15,1939,eyeriss,ImageNet16-120,45.077778,0.976000,0.567983,16748
7,15,8853,eyeriss,ImageNet16-120,45.600000,1.037440,0.567983,16748
7,15,6854,eyeriss,ImageNet16-120,40.800000,0.668800,0.567983,16748
7,15,6787,eyeriss,ImageNet16-120,44.400000,0.914560,0.567983,16748
7,15,15383,eyeriss,ImageNet16-120,47.033333,1.283200,0.567983,16748
7,15,8008,eyeriss,ImageNet16-120,43.500000,0.853120,0.567983,16748
7,15,2835,eyeriss,ImageNet16-120,38.222220,0.545920,0.567983,16748
7,15,14417,eyeriss,ImageNet16-120,45.900000,1.098880,0.567983,16748
7,15,735,eyeriss,ImageNet16-120,38.544445,0.607360,0.567983,16748
7,15,4988,eyeriss,ImageNet16-120,28.933332,0.423040,0.567983,16748
7,16,11593,fpga,ImageNet16-120,40.166668,0.780320,0.629636,16371
7,16,5793,fpga,ImageNet16-120,35.033333,0.517920,0.629636,16371
7,16,15383,fpga,ImageNet16-120,47.033333,1.504000,0.629636,16371
7,16,6854,fpga,ImageNet16-120,40.800000,0.809120,0.629636,16371
7,16,4988,fpga,ImageNet16-120,28.933332,0.284320,0.629636,16371
7,16,6787,fpga,ImageNet16-120,44.400000,0.969600,0.629636,16371
7,16,2835,fpga,ImageNet16-120,38.222220,0.546720,0.629636,16371
7,16,8008,fpga,ImageNet16-120,43.500000,0.876800,0.629636,16371
7,16,1939,fpga,ImageNet16-120,45.077778,1.062400,0.629636,16371
7,16,857,fpga,ImageNet16-120,47.311110,2.038400,0.629636,16371
7,16,9805,fpga,ImageNet16-120,34.133335,0.415520,0.629636,16371
7,16,6868,fpga,ImageNet16-120,39.000000,0.649120,0.629636,16371
7,16,14748,fpga,ImageNet16-120,44.900000,0.995200,0.629636,16371
7,16,15446,fpga,ImageNet16-120,45.766666,1.116320,0.629636,16371
7,16,14417,fpga,ImageNet16-120,45.900000,1.276320,0.629636,16371
7,16,13284,fpga,ImageNet16-120,40.177776,0.784000,0.629636,16371
7,17,15383,pixel3,ImageNet16-120,47.033333,5.191720,0.895976,16330
7,17,12452,pixel3,ImageNet16-120,40.533333,1.504410,0.895976,16330
7,17,6854,pixel3,ImageNet16-120,40.800000,1.621620,0.895976,16330
7,17,2835,pixel3,ImageNet16-120,38.222220,0.868646,0.895976,16330
7,17,8954,pixel3,ImageNet16-120,28.733334,0.424855,0.895976,16330
7,17,4432,pixel3,ImageNet16-120,37.800000,0.861157,0.895976,16330
7,17,1549,pixel3,ImageNet16-120,28.655556,0.424747,0.895976,16330
7,17,12639,pixel3,ImageNet16-120,40.400000,1.304440,0.895976,16330
7,17,1204,pixel3,ImageNet16-120,37.844444,0.864966,0.895976,16330
7,17,10154,pixel3,ImageNet16-120,46.133335,4.783700,0.895976,16330
7,17,14417,pixel3,ImageNet16-120,45.900000,4.143030,0.895976,16330
7,17,10340,pixel3,ImageNet16-120,31.522223,0.617772,0.895976,16330
7,17,4384,pixel3,ImageNet16-120,28.133333,0.421612,0.895976,16330
7,17,11000,pixel3,ImageNet16-120,44.866665,2.962520,0.895976,16330
7,17,2018,pixel3,ImageNet16-120,46.433334,4.949210,0.895976,16330
7,17,11079,pixel3,ImageNet16-120,43.566666,2.479610,0.895976,16330
7,17,872,pixel3,ImageNet16-120,41.777780,2.465030,0.895976,16330
7,17,857,pixel3,ImageNet16-120,47.311110,6.686850,0.895976,16330
7,17,12424,pixel3,ImageNet16-120,43.133330,2.470150,0.895976,16330
7,17,4977,pixel3,ImageNet16-120,32.966667,0.617991,0.895976,16330
7,17,1110,pixel3,ImageNet16-120,28.600000,0.423927,0.895976,16330
7,17,4895,pixel3,ImageNet16-120,33.200000,0.619070,0.895976,16330
7,17,1939,pixel3,ImageNet16-120,45.077778,3.021500,0.895976,16330
7,17,4004,pixel3,ImageNet16-120,42.811110,2.467510,0.895976,16330
7,17,15446,pixel3,ImageNet16-120,45.766666,3.439380,0.895976,16330
7,17,4587,pixel3,ImageNet16-120,28.800000,0.445767,0.895976,16330
7,17,3728,pixel3,ImageNet16-120,28.500000,0.422880,0.895976,16330
7,17,6014,pixel3,ImageNet16-120,28.533333,0.423391,0.895976,16330
7,17,13756,pixel3,ImageNet16-120,0.833333,0.005289,0.895976,16330
7,17,4988,pixel3,ImageNet16-120,28.933332,0.485996,0.895976,16330
7,17,2899,pixel3,ImageNet16-120,43.911110,2.701210,0.895976,16330
7,17,12466,pixel3,ImageNet16-120,46.100000,4.680280,0.895976,16330
7,17,12103,pixel3,ImageNet16-120,28.250000,0.422433,0.895976,16330
7,17,8683,pixel3,ImageNet16-120,44.200000,2.711960,0.895976,16330
7,17,735,pixel3,ImageNet16-120,38.544445,1.107950,0.895976,16330
7,17,13059,pixel3,ImageNet16-120,34.266666,0.668679,0.895976,16330
7,17,1425,pixel3,ImageNet16-120,45.977780,4.619290,0.895976,16330
7,17,8584,pixel3,ImageNet16-120,34.088890,0.664046,0.895976,16330
7,17,12355,pixel3,ImageNet16-120,45.033333,2.989390,0.895976,16330
7,17,12516,pixel3,ImageNet16-120,32.083332,0.617816,0.895976,16330
7,17,1860,pixel3,ImageNet16-120,28.433332,0.422587,0.895976,16330
7,17,898,pixel3,ImageNet16-120,42.466667,2.467210,0.895976,16330
7,18,5455,raspi4,ImageNet16-120,32.611110,1.532377,0.941485,16194
7,18,13931,raspi4,ImageNet16-120,28.788889,0.956195,0.941485,16194
7,18,11079,raspi4,ImageNet16-120,43.566666,3.802027,0.941485,16194
7,18,2779,raspi4,ImageNet16-120,37.355556,2.190654,0.941485,16194
7,18,9496,raspi4,ImageNet16-120,38.200000,2.204048,0.941485,16194
7,18,13059,raspi4,ImageNet16-120,34.266666,1.595651,0.941485,16194
7,18,8584,raspi4,ImageNet16-120,34.088890,1.586268,0.941485,16194
7,18,10715,raspi4,ImageNet16-120,45.533333,6.790813,0.941485,16194
7,18,4995,raspi4,ImageNet16-120,42.166668,3.766336,0.941485,16194
7,18,1413,raspi4,ImageNet16-120,42.711113,3.788479,0.941485,16194
7,18,10835,raspi4,ImageNet16-120,45.233334,6.632419,0.941485,16194
7,18,5530,raspi4,ImageNet16-120,42.577778,3.785925,0.941485,16194
7,18,11584,raspi4,ImageNet16-120,46.666668,8.014434,0.941485,16194
7,18,15363,raspi4,ImageNet16-120,44.333332,4.480516,0.941485,16194
7,18,6854,raspi4,ImageNet16-120,40.800000,3.661016,0.941485,16194
7,18,8884,raspi4,ImageNet16-120,45.033333,5.293177,0.941485,16194
7,18,7357,raspi4,ImageNet16-120,44.666668,4.480689,0.941485,16194
7,18,4988,raspi4,ImageNet16-120,28.933332,1.003251,0.941485,16194
7,18,9032,raspi4,ImageNet16-120,38.016666,2.201532,0.941485,16194
7,18,15107,raspi4,ImageNet16-120,39.800000,3.083329,0.941485,16194
7,18,14792,raspi4,ImageNet16-120,43.033333,3.792447,0.941485,16194
7,18,10017,raspi4,ImageNet16-120,40.566666,3.181383,0.941485,16194
7,18,3782,raspi4,ImageNet16-120,41.866665,3.755286,0.941485,16194
7,18,10217,raspi4,ImageNet16-120,45.100000,6.109362,0.941485,16194
7,18,15383,raspi4,ImageNet16-120,47.033333,8.565354,0.941485,16194
7,18,8853,raspi4,ImageNet16-120,45.600000,6.961605,0.941485,16194
7,18,1939,raspi4,ImageNet16-120,45.077778,5.341908,0.941485,16194
7,18,12505,raspi4,ImageNet16-120,39.283333,3.062432,0.941485,16194
7,18,7187,raspi4,ImageNet16-120,28.683332,0.952790,0.941485,16194
7,18,1188,raspi4,ImageNet16-120,32.455555,1.526725,0.941485,16194
7,18,14677,raspi4,ImageNet16-120,33.233334,1.537227,0.941485,16194
7,18,11946,raspi4,ImageNet16-120,28.200000,0.940293,0.941485,16194
7,18,857,raspi4,ImageNet16-120,47.311110,9.020064,0.941485,16194
7,18,10167,raspi4,ImageNet16-120,39.944443,3.106316,0.941485,16194
7,18,13771,raspi4,ImageNet16-120,32.744446,1.533813,0.941485,16194
7,18,3192,raspi4,ImageNet16-120,45.477780,6.675633,0.941485,16194
7,18,15446,raspi4,ImageNet16-120,45.766666,7.469873,0.941485,16194
7,18,2018,raspi4,ImageNet16-120,46.433334,7.482383,0.941485,16194
7,18,3960,raspi4,ImageNet16-120,37.755554,2.197980,0.941485,16194
7,18,14697,raspi4,ImageNet16-120,33.900000,1.580382,0.941485,16194
7,18,3431,raspi4,ImageNet16-120,32.966667,1.536690,0.941485,16194
7,18,10472,raspi4,ImageNet16-120,39.633335,3.079679,0.941485,16194
7,18,933,raspi4,ImageNet16-120,0.833333,0.011514,0.941485,16194
7,18,219,raspi4,ImageNet16-120,42.500000,3.768475,0.941485,16194
7,18,8447,raspi4,ImageNet16-120,40.011112,3.156609,0.941485,16194
7,18,735,raspi4,ImageNet16-120,38.544445,2.911079,0.941485,16194
7,18,6868,raspi4,ImageNet16-120,39.000000,2.982937,0.941485,16194
7,18,5973,raspi4,ImageNet16-120,40.100000,3.159922,0.941485,16194
7,18,6336,raspi4,ImageNet16-120,39.366665,3.073392,0.941485,16194
7,18,3650,raspi4,ImageNet16-120,43.866665,4.475790,0.941485,16194
8,1,6960,edgegpu,cifar10,92.280000,1.764450,0.587655,16404
8,1,9099,edgegpu,cifar10,93.940000,3.357520,0.587655,16404
8,1,14407,edgegpu,cifar10,86.770000,1.440282,0.587655,16404
8,1,13401,edgegpu,cifar10,87.010000,1.457009,0.587655,16404
8,1,10484,edgegpu,cifar10,93.810000,3.354015,0.587655,16404
8,1,5780,edgegpu,cifar10,93.980000,3.361888,0.587655,16404
8,1,11810,edgegpu,cifar10,92.780000,1.992798,0.587655,16404
8,1,14527,edgegpu,cifar10,86.765000,1.439619,0.587655,16404
8,1,11692,edgegpu,cifar10,94.130000,4.708362,0.587655,16404
8,1,6499,edgegpu,cifar10,93.645000,3.331041,0.587655,16404
8,1,5292,edgegpu,cifar10,94.293335,6.663151,0.587655,16404
8,1,14090,edgegpu,cifar10,92.086670,1.749086,0.587655,16404
8,1,258,edgegpu,cifar10,93.640000,3.307109,0.587655,16404
8,1,1339,edgegpu,cifar10,92.136665,1.751881,0.587655,16404
8,1,2053,edgegpu,cifar10,94.206665,5.482254,0.587655,16404
8,1,2776,edgegpu,cifar10,93.666664,3.331194,0.587655,16404
8,1,11438,edgegpu,cifar10,92.500000,1.846719,0.587655,16404
8,1,6330,edgegpu,cifar10,94.006670,4.384699,0.587655,16404
8,1,13714,edgegpu,cifar10,94.373340,6.772180,0.587655,16404
8,1,561,edgegpu,cifar10,86.880000,1.451068,0.587655,16404
8,1,5400,edgegpu,cifar10,86.630000,1.427460,0.587655,16404
8,1,15200,edgegpu,cifar10,10.000000,0.501385,0.587655,16404
8,1,6950,edgegpu,cifar10,92.000000,1.738467,0.587655,16404
8,1,1459,edgegpu,cifar10,94.296670,6.748991,0.587655,16404
8,1,1549,edgegpu,cifar10,86.710000,1.436324,0.587655,16404
8,2,13611,edgetpu,cifar10,92.490000,0.481826,0.673139,16041
8,2,10683,edgetpu,cifar10,92.330000,0.481277,0.673139,16041
8,2,2053,edgetpu,cifar10,94.206665,1.042178,0.673139,16041
8,2,8192,edgetpu,cifar10,93.093330,0.627745,0.673139,16041
8,2,11112,edgetpu,cifar10,92.110000,0.480732,0.673139,16041
8,2,9722,edgetpu,cifar10,93.540000,0.723575,0.673139,16041
8,2,15000,edgetpu,cifar10,92.400000,0.481741,0.673139,16041
8,2,9950,edgetpu,cifar10,93.840000,0.723767,0.673139,16041
8,2,1051,edgetpu,cifar10,86.700000,0.359608,0.673139,16041
8,2,9689,edgetpu,cifar10,93.370000,0.628386,0.673139,16041
8,2,11692,edgetpu,cifar10,94.130000,0.761100,0.673139,16041
8,2,8008,edgetpu,cifar10,93.480000,0.629746,0.673139,16041
8,2,9380,edgetpu,cifar10,89.335000,0.395662,0.673139,16041
8,2,6382,edgetpu,cifar10,93.376660,0.628638,0.673139,16041
8,2,797,edgetpu,cifar10,93.280000,0.627996,0.673139,16041
8,2,5780,edgetpu,cifar10,93.980000,0.723967,0.673139,16041
8,2,5111,edgetpu,cifar10,94.306660,1.152010,0.673139,16041
8,2,6918,edgetpu,cifar10,87.000000,0.375819,0.673139,16041
8,2,5647,edgetpu,cifar10,89.110000,0.389378,0.673139,16041
8,2,4161,edgetpu,cifar10,89.250000,0.391221,0.673139,16041
8,2,12439,edgetpu,cifar10,86.393330,0.352159,0.673139,16041
8,2,13714,edgetpu,cifar10,94.373340,1.377865,0.673139,16041
8,2,11438,edgetpu,cifar10,92.500000,0.482393,0.673139,16041
8,2,9817,edgetpu,cifar10,93.490000,0.723286,0.673139,16041
8,2,11810,edgetpu,cifar10,92.780000,0.482879,0.673139,16041
8,2,10293,edgetpu,cifar10,86.513336,0.352328,0.673139,16041
8,2,7937,edgetpu,cifar10,88.610000,0.388867,0.673139,16041
8,2,4384,edgetpu,cifar10,86.796670,0.362569,0.673139,16041
8,2,3731,edgetpu,cifar10,94.343330,1.282820,0.673139,16041
8,2,5946,edgetpu,cifar10,88.963330,0.389012,0.673139,16041
8,2,6014,edgetpu,cifar10,86.690000,0.353858,0.673139,16041
8,3,13714,eyeriss,cifar10,94.373340,7.823540,0.616907,16645
8,3,5111,eyeriss,cifar10,94.306660,5.365940,0.616907,16645
8,3,3731,eyeriss,cifar10,94.343330,6.594740,0.616907,16645
8,3,11472,eyeriss,cifar10,93.970000,4.628660,0.616907,16645
8,3,8008,eyeriss,cifar10,93.480000,3.399860,0.616907,16645
8,3,6899,eyeriss,cifar10,90.900000,2.416820,0.616907,16645
8,3,6584,eyeriss,cifar10,94.160000,4.874420,0.616907,16645
8,3,14112,eyeriss,cifar10,91.296670,2.908340,0.616907,16645
8,3,6854,eyeriss,cifar10,91.040000,2.662580,0.616907,16645
8,3,8592,eyeriss,cifar10,93.750000,3.891380,0.616907,16645
8,3,6111,eyeriss,cifar10,94.373340,7.823540,0.616907,16645
8,3,4384,eyeriss,cifar10,86.796670,1.679540,0.616907,16645
8,3,8323,eyeriss,cifar10,90.870000,2.171060,0.616907,16645
8,3,12438,eyeriss,cifar10,89.875000,1.925300,0.616907,16645
8,3,13611,eyeriss,cifar10,92.490000,3.154100,0.616907,16645
8,3,8720,eyeriss,cifar10,89.875000,1.925300,0.616907,16645
8,3,13987,eyeriss,cifar10,93.596664,3.645620,0.616907,16645
8,4,10412,fpga,cifar10,93.530000,3.420960,0.548588,16408
8,4,4384,fpga,cifar10,86.796670,1.132960,0.548588,16408
8,4,8008,fpga,cifar10,93.480000,2.905760,0.548588,16408
8,4,11472,fpga,cifar10,93.970000,3.648160,0.548588,16408
8,4,15295,fpga,cifar10,90.050000,2.057760,0.548588,16408
8,4,6111,fpga,cifar10,94.373340,6.678560,0.548588,16408
8,4,13611,fpga,cifar10,92.490000,2.390560,0.548588,16408
8,4,8323,fpga,cifar10,90.870000,2.163360,0.548588,16408
8,4,3731,fpga,cifar10,94.343330,5.936160,0.548588,16408
8,4,6584,fpga,cifar10,94.160000,4.163360,0.548588,16408
8,4,12438,fpga,cifar10,89.875000,1.648160,0.548588,16408
8,4,5111,fpga,cifar10,94.306660,5.193760,0.548588,16408
8,4,13714,fpga,cifar10,94.373340,6.678560,0.548588,16408
8,5,25,pixel3,cifar10,86.540000,1.054570,0.796747,16241
8,5,12452,pixel3,cifar10,91.350000,5.590110,0.796747,16241
8,5,9230,pixel3,cifar10,86.580000,1.056760,0.796747,16241
8,5,8323,pixel3,cifar10,90.870000,3.106420,0.796747,16241
8,5,3731,pixel3,cifar10,94.343330,23.361300,0.796747,16241
8,5,2779,pixel3,cifar10,90.806660,3.102950,0.796747,16241
8,5,13171,pixel3,cifar10,93.530000,7.717220,0.796747,16241
8,5,1941,pixel3,cifar10,93.533330,9.128690,0.796747,16241
8,5,6434,pixel3,cifar10,91.080000,4.811140,0.796747,16241
8,5,5111,pixel3,cifar10,94.306660,17.584600,0.796747,16241
8,5,11692,pixel3,cifar10,94.130000,15.490100,0.796747,16241
8,5,1497,pixel3,cifar10,86.556660,1.056630,0.796747,16241
8,5,7017,pixel3,cifar10,86.970000,1.403930,0.796747,16241
8,5,6854,pixel3,cifar10,91.040000,4.514220,0.796747,16241
8,5,2035,pixel3,cifar10,89.670000,1.706480,0.796747,16241
8,5,6918,pixel3,cifar10,87.000000,1.478790,0.796747,16241
8,5,6111,pixel3,cifar10,94.373340,23.584800,0.796747,16241
8,5,11972,pixel3,cifar10,91.510000,5.627010,0.796747,16241
8,5,6382,pixel3,cifar10,93.376660,7.048190,0.796747,16241
8,5,6985,pixel3,cifar10,89.940000,2.367450,0.796747,16241
8,5,8592,pixel3,cifar10,93.750000,10.769800,0.796747,16241
8,5,13869,pixel3,cifar10,93.656670,10.634700,0.796747,16241
8,5,41,pixel3,cifar10,88.670000,1.576940,0.796747,16241
8,5,8695,pixel3,cifar10,94.220000,17.564500,0.796747,16241
8,5,7197,pixel3,cifar10,90.366670,2.447670,0.796747,16241
8,5,6863,pixel3,cifar10,86.740000,1.229320,0.796747,16241
8,5,4627,pixel3,cifar10,93.270000,7.036050,0.796747,16241
8,5,4554,pixel3,cifar10,86.670000,1.114880,0.796747,16241
8,5,1943,pixel3,cifar10,93.116670,6.492030,0.796747,16241
8,5,1425,pixel3,cifar10,93.933334,12.536500,0.796747,16241
8,5,6624,pixel3,cifar10,89.120000,1.670570,0.796747,16241
8,5,13096,pixel3,cifar10,90.700000,2.666040,0.796747,16241
8,5,7001,pixel3,cifar10,10.000000,0.003277,0.796747,16241
8,5,6899,pixel3,cifar10,90.900000,3.961410,0.796747,16241
8,5,1894,pixel3,cifar10,92.110000,5.778250,0.796747,16241
8,5,13987,pixel3,cifar10,93.596664,9.922680,0.796747,16241
8,5,1781,pixel3,cifar10,89.883330,1.712020,0.796747,16241
8,5,10689,pixel3,cifar10,90.790000,2.669770,0.796747,16241
8,5,3385,pixel3,cifar10,93.990000,13.656500,0.796747,16241
8,5,6584,pixel3,cifar10,94.160000,15.720300,0.796747,16241
8,5,2018,pixel3,cifar10,94.063330,14.960500,0.796747,16241
8,5,1339,pixel3,cifar10,92.136665,5.802240,0.796747,16241
8,5,1416,pixel3,cifar10,89.546670,1.691430,0.796747,16241
8,5,6999,pixel3,cifar10,93.820000,12.260900,0.796747,16241
8,5,1804,pixel3,cifar10,89.063330,1.579900,0.796747,16241
8,6,1962,raspi4,cifar10,86.530000,2.529453,0.610793,16178
8,6,8323,raspi4,cifar10,90.870000,7.426308,0.610793,16178
8,6,5780,raspi4,cifar10,93.980000,34.928463,0.610793,16178
8,6,10412,raspi4,cifar10,93.530000,25.079220,0.610793,16178
8,6,4659,raspi4,cifar10,93.396670,22.249382,0.610793,16178
8,6,13846,raspi4,cifar10,90.720000,7.176163,0.610793,16178
8,6,6382,raspi4,cifar10,93.376660,21.461164,0.610793,16178
8,6,1804,raspi4,cifar10,89.063330,4.791845,0.610793,16178
8,6,11810,raspi4,cifar10,92.780000,18.619905,0.610793,16178
8,6,14677,raspi4,cifar10,88.670000,4.755260,0.610793,16178
8,6,6918,raspi4,cifar10,87.000000,2.787590,0.610793,16178
8,6,6111,raspi4,cifar10,94.373340,68.404106,0.610793,16178
8,6,1690,raspi4,cifar10,86.646670,2.536549,0.610793,16178
8,6,5111,raspi4,cifar10,94.306660,41.756905,0.610793,16178
8,6,9271,raspi4,cifar10,89.250000,4.830311,0.610793,16178
8,6,2058,raspi4,cifar10,93.270000,19.484835,0.610793,16178
8,6,9380,raspi4,cifar10,89.335000,4.875613,0.610793,16178
8,6,7017,raspi4,cifar10,86.970000,2.544041,0.610793,16178
8,6,12238,raspi4,cifar10,91.690000,16.046099,0.610793,16178
8,6,8426,raspi4,cifar10,93.840000,31.394428,0.610793,16178
8,6,1941,raspi4,cifar10,93.533330,25.121769,0.610793,16178
8,6,13611,raspi4,cifar10,92.490000,18.523302,0.610793,16178
8,6,10275,raspi4,cifar10,91.080000,9.993188,0.610793,16178
8,6,3731,raspi4,cifar10,94.343330,58.070793,0.610793,16178
8,6,8592,raspi4,cifar10,93.750000,25.477009,0.610793,16178
8,6,9980,raspi4,cifar10,10.000000,0.011284,0.610793,16178
8,6,14565,raspi4,cifar10,88.880000,4.781183,0.610793,16178
8,6,2035,raspi4,cifar10,89.670000,4.984099,0.610793,16178
8,6,11692,raspi4,cifar10,94.130000,37.583630,0.610793,16178
8,6,7058,raspi4,cifar10,92.040000,16.469465,0.610793,16178
8,6,8008,raspi4,cifar10,93.480000,22.571420,0.610793,16178
8,6,6985,raspi4,cifar10,89.940000,4.995646,0.610793,16178
8,6,6960,raspi4,cifar10,92.280000,17.162752,0.610793,16178
8,6,6584,raspi4,cifar10,94.160000,38.818527,0.610793,16178
8,6,12505,raspi4,cifar10,92.150000,16.747276,0.610793,16178
8,6,11972,raspi4,cifar10,91.510000,12.403558,0.610793,16178
8,7,4418,edgegpu,cifar100,72.746666,5.352364,0.508613,16524
8,7,6124,edgegpu,cifar100,68.360000,3.185835,0.508613,16524
8,7,2304,edgegpu,cifar100,58.660000,1.440253,0.508613,16524
8,7,9922,edgegpu,cifar100,58.560000,1.428552,0.508613,16524
8,7,1425,edgegpu,cifar100,72.093330,5.310225,0.508613,16524
8,7,8401,edgegpu,cifar100,71.080000,3.302102,0.508613,16524
8,7,14677,edgegpu,cifar100,62.420000,1.746187,0.508613,16524
8,7,11885,edgegpu,cifar100,68.040000,1.776652,0.508613,16524
8,7,11810,edgegpu,cifar100,68.300000,1.779551,0.508613,16524
8,7,6381,edgegpu,cifar100,66.800000,1.753340,0.508613,16524
8,7,9997,edgegpu,cifar100,71.520000,3.466139,0.508613,16524
8,7,8912,edgegpu,cifar100,59.200000,1.441355,0.508613,16524
8,7,4954,edgegpu,cifar100,73.000000,6.669736,0.508613,16524
8,7,9930,edgegpu,cifar100,73.513336,6.803060,0.508613,16524
8,7,1509,edgegpu,cifar100,1.000000,0.505853,0.508613,16524
8,7,2778,edgegpu,cifar100,72.993330,6.134028,0.508613,16524
8,7,12415,edgegpu,cifar100,71.940000,4.828467,0.508613,16524
8,7,1038,edgegpu,cifar100,67.500000,1.758428,0.508613,16524
8,7,11067,edgegpu,cifar100,58.186670,1.427836,0.508613,16524
8,7,3888,edgegpu,cifar100,73.260000,6.797867,0.508613,16524
8,8,10000,edgetpu,cifar100,73.160000,1.283461,0.566251,16128
8,8,8915,edgetpu,cifar100,61.746666,0.392179,0.566251,16128
8,8,9271,edgetpu,cifar100,63.400000,0.393151,0.566251,16128
8,8,1110,edgetpu,cifar100,58.840000,0.355938,0.566251,16128
8,8,577,edgetpu,cifar100,69.680000,0.635228,0.566251,16128
8,8,9930,edgetpu,cifar100,73.513336,1.454107,0.566251,16128
8,8,6358,edgetpu,cifar100,67.193340,0.486737,0.566251,16128
8,8,5019,edgetpu,cifar100,58.880000,0.357058,0.566251,16128
8,8,13829,edgetpu,cifar100,66.873340,0.485137,0.566251,16128
8,8,777,edgetpu,cifar100,58.650000,0.355588,0.566251,16128
8,8,12415,edgetpu,cifar100,71.940000,0.872299,0.566251,16128
8,8,8401,edgetpu,cifar100,71.080000,0.728572,0.566251,16128
8,8,8638,edgetpu,cifar100,58.860000,0.356631,0.566251,16128
8,8,8912,edgetpu,cifar100,59.200000,0.377698,0.566251,16128
8,8,69,edgetpu,cifar100,71.020000,0.727259,0.566251,16128
8,8,4418,edgetpu,cifar100,72.746666,1.093699,0.566251,16128
8,8,12574,edgetpu,cifar100,72.740000,0.932430,0.566251,16128
8,8,857,edgetpu,cifar100,72.880000,1.264168,0.566251,16128
8,8,9997,edgetpu,cifar100,71.520000,0.729986,0.566251,16128
8,8,14945,edgetpu,cifar100,58.500000,0.354940,0.566251,16128
8,8,10443,edgetpu,cifar100,68.300000,0.489020,0.566251,16128
8,8,4659,edgetpu,cifar100,70.060000,0.636433,0.566251,16128
8,8,1943,edgetpu,cifar100,69.626660,0.634759,0.566251,16128
8,8,1383,edgetpu,cifar100,70.273330,0.673722,0.566251,16128
8,8,3303,edgetpu,cifar100,62.420000,0.392593,0.566251,16128
8,8,2705,edgetpu,cifar100,62.813330,0.393026,0.566251,16128
8,8,12607,edgetpu,cifar100,62.600000,0.392830,0.566251,16128
8,8,6974,edgetpu,cifar100,61.880000,0.392555,0.566251,16128
8,8,1425,edgetpu,cifar100,72.093330,0.910660,0.566251,16128
8,8,797,edgetpu,cifar100,69.580000,0.633351,0.566251,16128
8,8,12761,edgetpu,cifar100,72.860000,1.225212,0.566251,16128
8,8,15363,edgetpu,cifar100,70.520000,0.676394,0.566251,16128
8,8,3888,edgetpu,cifar100,73.260000,1.316226,0.566251,16128
8,8,11533,edgetpu,cifar100,69.760000,0.635877,0.566251,16128
8,8,13760,edgetpu,cifar100,61.686670,0.392028,0.566251,16128
8,8,1996,edgetpu,cifar100,67.820000,0.486748,0.566251,16128
8,8,13434,edgetpu,cifar100,62.106667,0.392580,0.566251,16128
8,9,11973,eyeriss,cifar100,70.340000,3.402880,0.460633,16782
8,9,6925,eyeriss,cifar100,71.220000,3.894400,0.460633,16782
8,9,10689,eyeriss,cifar100,67.500000,2.174080,0.460633,16782
8,9,3888,eyeriss,cifar100,73.260000,6.597760,0.460633,16782
8,9,11301,eyeriss,cifar100,68.220000,2.665600,0.460633,16782
8,9,14714,eyeriss,cifar100,71.280000,4.140160,0.460633,16782
8,9,14112,eyeriss,cifar100,68.386665,2.911360,0.460633,16782
8,9,12761,eyeriss,cifar100,72.860000,6.352000,0.460633,16782
8,9,6787,eyeriss,cifar100,70.720000,3.648640,0.460633,16782
8,9,5084,eyeriss,cifar100,58.813330,1.682560,0.460633,16782
8,9,12574,eyeriss,cifar100,72.740000,5.123200,0.460633,16782
8,9,12820,eyeriss,cifar100,67.720000,2.419840,0.460633,16782
8,9,9930,eyeriss,cifar100,73.513336,9.055360,0.460633,16782
8,9,5651,eyeriss,cifar100,64.690000,1.928320,0.460633,16782
8,9,3540,eyeriss,cifar100,71.500000,4.877440,0.460633,16782
8,10,12820,fpga,cifar100,67.720000,2.678560,0.488629,16433
8,10,5084,fpga,cifar100,58.813330,1.132960,0.488629,16433
8,10,11973,fpga,cifar100,70.340000,2.905760,0.488629,16433
8,10,6925,fpga,cifar100,71.220000,3.936160,0.488629,16433
8,10,12574,fpga,cifar100,72.740000,4.678560,0.488629,16433
8,10,12295,fpga,cifar100,71.160000,3.648160,0.488629,16433
8,10,10689,fpga,cifar100,67.500000,2.163360,0.488629,16433
8,10,9930,fpga,cifar100,73.513336,7.420960,0.488629,16433
8,10,12761,fpga,cifar100,72.860000,5.420960,0.488629,16433
8,10,4249,fpga,cifar100,65.080000,2.057760,0.488629,16433
8,10,3888,fpga,cifar100,73.260000,5.936160,0.488629,16433
8,10,6787,fpga,cifar100,70.720000,3.420960,0.488629,16433
8,10,5743,fpga,cifar100,67.800000,2.800160,0.488629,16433
8,10,3540,fpga,cifar100,71.500000,4.163360,0.488629,16433
8,10,7250,fpga,cifar100,67.706665,2.390560,0.488629,16433
8,10,5033,fpga,cifar100,59.060000,1.542560,0.488629,16433
8,10,5651,fpga,cifar100,64.690000,1.648160,0.488629,16433
8,11,906,pixel3,cifar100,62.393333,1.661810,0.613514,16372
8,11,8638,pixel3,cifar100,58.860000,1.478570,0.613514,16372
8,11,8323,pixel3,cifar100,67.080000,3.106340,0.613514,16372
8,11,572,pixel3,cifar100,70.313330,8.017480,0.613514,16372
8,11,11301,pixel3,cifar100,68.220000,5.352090,0.613514,16372
8,11,9930,pixel3,cifar100,73.513336,42.003600,0.613514,16372
8,11,6925,pixel3,cifar100,71.220000,10.688000,0.613514,16372
8,11,12970,pixel3,cifar100,68.140000,4.782110,0.613514,16372
8,11,3888,pixel3,cifar100,73.260000,23.477200,0.613514,16372
8,11,898,pixel3,cifar100,70.000000,6.516140,0.613514,16372
8,11,1409,pixel3,cifar100,58.853333,1.275090,0.613514,16372
8,11,10689,pixel3,cifar100,67.500000,3.109220,0.613514,16372
8,11,10042,pixel3,cifar100,64.880000,2.794690,0.613514,16372
8,11,1450,pixel3,cifar100,70.506670,9.337360,0.613514,16372
8,11,699,pixel3,cifar100,72.240000,12.079400,0.613514,16372
8,11,12574,pixel3,cifar100,72.740000,16.473900,0.613514,16372
8,11,485,pixel3,cifar100,67.593330,4.124800,0.613514,16372
8,11,11000,pixel3,cifar100,71.180000,10.677600,0.613514,16372
8,11,5651,pixel3,cifar100,64.690000,2.376870,0.613514,16372
8,11,14112,pixel3,cifar100,68.386665,5.745320,0.613514,16372
8,11,857,pixel3,cifar100,72.880000,19.113200,0.613514,16372
8,11,858,pixel3,cifar100,64.133330,2.003500,0.613514,16372
8,11,1090,pixel3,cifar100,65.220000,2.811310,0.613514,16372
8,11,1416,pixel3,cifar100,64.493330,2.084060,0.613514,16372
8,11,15363,pixel3,cifar100,70.520000,9.708640,0.613514,16372
8,11,8912,pixel3,cifar100,59.200000,1.478790,0.613514,16372
8,11,1593,pixel3,cifar100,62.126667,1.582050,0.613514,16372
8,11,1459,pixel3,cifar100,73.140000,23.437900,0.613514,16372
8,11,777,pixel3,cifar100,58.650000,1.087020,0.613514,16372
8,11,1558,pixel3,cifar100,64.020000,1.705220,0.613514,16372
8,11,6787,pixel3,cifar100,70.720000,9.854430,0.613514,16372
8,11,724,pixel3,cifar100,67.053340,2.875650,0.613514,16372
8,11,6337,pixel3,cifar100,1.000000,0.008753,0.613514,16372
8,12,3888,raspi4,cifar100,73.260000,55.029520,0.649666,16435
8,12,14792,raspi4,cifar100,69.500000,19.111843,0.649666,16435
8,12,15363,raspi4,cifar100,70.520000,21.809430,0.649666,16435
8,12,12915,raspi4,cifar100,66.950000,7.226311,0.649666,16435
8,12,9271,raspi4,cifar100,63.400000,4.800893,0.649666,16435
8,12,9926,raspi4,cifar100,63.520000,4.999532,0.649666,16435
8,12,14112,raspi4,cifar100,68.386665,14.423308,0.649666,16435
8,12,10222,raspi4,cifar100,58.860000,2.747804,0.649666,16435
8,12,898,raspi4,cifar100,70.000000,21.506163,0.649666,16435
8,12,8740,raspi4,cifar100,1.000000,0.015215,0.649666,16435
8,12,6925,raspi4,cifar100,71.220000,24.195030,0.649666,16435
8,12,15589,raspi4,cifar100,59.060000,2.795078,0.649666,16435
8,12,12761,raspi4,cifar100,72.860000,53.718200,0.649666,16435
8,12,7030,raspi4,cifar100,69.600000,19.218203,0.649666,16435
8,12,14714,raspi4,cifar100,71.280000,24.692347,0.649666,16435
8,12,2035,raspi4,cifar100,63.926666,5.005698,0.649666,16435
8,12,3408,raspi4,cifar100,63.993332,5.081906,0.649666,16435
8,12,13430,raspi4,cifar100,66.700000,7.203785,0.649666,16435
8,12,6787,raspi4,cifar100,70.720000,23.081835,0.649666,16435
8,12,6822,raspi4,cifar100,58.426666,2.558594,0.649666,16435
8,12,14612,raspi4,cifar100,58.720000,2.563505,0.649666,16435
8,12,9997,raspi4,cifar100,71.520000,34.996710,0.649666,16435
8,12,8912,raspi4,cifar100,59.200000,2.818969,0.649666,16435
8,12,375,raspi4,cifar100,64.440000,5.099302,0.649666,16435
8,12,1459,raspi4,cifar100,73.140000,53.879950,0.649666,16435
8,12,9930,raspi4,cifar100,73.513336,71.152000,0.649666,16435
8,12,4409,raspi4,cifar100,67.173330,7.228629,0.649666,16435
8,12,10689,raspi4,cifar100,67.500000,7.381845,0.649666,16435
8,12,2222,raspi4,cifar100,58.313330,2.538255,0.649666,16435
8,12,10042,raspi4,cifar100,64.880000,5.100886,0.649666,16435
8,12,12574,raspi4,cifar100,72.740000,36.371254,0.649666,16435
8,12,4418,raspi4,cifar100,72.746666,47.162354,0.649666,16435
8,12,6177,raspi4,cifar100,62.373333,4.795128,0.649666,16435
8,12,1572,raspi4,cifar100,69.900000,19.916142,0.649666,16435
8,12,7891,raspi4,cifar100,67.550000,12.536592,0.649666,16435
8,12,4659,raspi4,cifar100,70.060000,21.672482,0.649666,16435
8,12,6918,raspi4,cifar100,58.800000,2.571364,0.649666,16435
8,13,10699,edgegpu,ImageNet16-120,46.833332,6.223283,0.648353,16396
8,13,15288,edgegpu,ImageNet16-120,28.422222,1.417041,0.648353,16396
8,13,8426,edgegpu,ImageNet16-120,44.633335,3.370147,0.648353,16396
8,13,8884,edgegpu,ImageNet16-120,45.033333,3.499999,0.648353,16396
8,13,9149,edgegpu,ImageNet16-120,46.900000,6.514106,0.648353,16396
8,13,4946,edgegpu,ImageNet16-120,44.700000,3.490419,0.648353,16396
8,13,9722,edgegpu,ImageNet16-120,44.000000,3.327813,0.648353,16396
8,13,8401,edgegpu,ImageNet16-120,43.833332,3.322444,0.648353,16396
8,13,7187,edgegpu,ImageNet16-120,28.683332,1.443858,0.648353,16396
8,13,14612,edgegpu,ImageNet16-120,28.488890,1.434064,0.648353,16396
8,13,4587,edgegpu,ImageNet16-120,28.800000,1.445131,0.648353,16396
8,13,1164,edgegpu,ImageNet16-120,28.522223,1.435223,0.648353,16396
8,13,11217,edgegpu,ImageNet16-120,43.466667,3.316708,0.648353,16396
8,13,12415,edgegpu,ImageNet16-120,46.566666,4.667692,0.648353,16396
8,13,7760,edgegpu,ImageNet16-120,39.100000,1.743751,0.648353,16396
8,13,2650,edgegpu,ImageNet16-120,42.433334,3.309817,0.648353,16396
8,13,4988,edgegpu,ImageNet16-120,28.933332,1.448212,0.648353,16396
8,13,6950,edgegpu,ImageNet16-120,38.700000,1.740150,0.648353,16396
8,13,15376,edgegpu,ImageNet16-120,0.833333,0.533953,0.648353,16396
8,13,4160,edgegpu,ImageNet16-120,39.833332,1.756272,0.648353,16396
8,13,14117,edgegpu,ImageNet16-120,28.677778,1.435547,0.648353,16396
8,13,14840,edgegpu,ImageNet16-120,45.311110,4.224715,0.648353,16396
8,13,5374,edgegpu,ImageNet16-120,46.766666,5.294285,0.648353,16396
8,13,857,edgegpu,ImageNet16-120,47.311110,6.707663,0.648353,16396
8,13,13411,edgegpu,ImageNet16-120,31.855556,1.736240,0.648353,16396
8,13,12081,edgegpu,ImageNet16-120,40.233334,2.730479,0.648353,16396
8,13,5751,edgegpu,ImageNet16-120,40.044445,2.434626,0.648353,16396
8,13,10947,edgegpu,ImageNet16-120,39.944443,1.909800,0.648353,16396
8,13,13760,edgegpu,ImageNet16-120,32.333332,1.739759,0.648353,16396
8,13,8733,edgegpu,ImageNet16-120,46.600000,5.249434,0.648353,16396
8,13,4332,edgegpu,ImageNet16-120,39.444443,1.745496,0.648353,16396
8,13,454,edgegpu,ImageNet16-120,41.277780,3.303313,0.648353,16396
8,14,9689,edgetpu,ImageNet16-120,42.533333,0.549702,0.507421,15996
8,14,15383,edgetpu,ImageNet16-120,47.033333,0.780914,0.507421,15996
8,14,5674,edgetpu,ImageNet16-120,39.650000,0.428605,0.507421,15996
8,14,13769,edgetpu,ImageNet16-120,41.555557,0.549360,0.507421,15996
8,14,14840,edgetpu,ImageNet16-120,45.311110,0.666690,0.507421,15996
8,14,4627,edgetpu,ImageNet16-120,43.500000,0.552306,0.507421,15996
8,14,7396,edgetpu,ImageNet16-120,40.177776,0.517218,0.507421,15996
8,14,12415,edgetpu,ImageNet16-120,46.566666,0.710906,0.507421,15996
8,14,7357,edgetpu,ImageNet16-120,44.666668,0.600498,0.507421,15996
8,14,4830,edgetpu,ImageNet16-120,42.233334,0.549457,0.507421,15996
8,14,8781,edgetpu,ImageNet16-120,32.366665,0.363484,0.507421,15996
8,14,13931,edgetpu,ImageNet16-120,28.788889,0.360349,0.507421,15996
8,14,8884,edgetpu,ImageNet16-120,45.033333,0.615792,0.507421,15996
8,14,15363,edgetpu,ImageNet16-120,44.333332,0.582280,0.507421,15996
8,14,10332,edgetpu,ImageNet16-120,40.033333,0.516152,0.507421,15996
8,14,11885,edgetpu,ImageNet16-120,39.166668,0.427395,0.507421,15996
8,14,5530,edgetpu,ImageNet16-120,42.577778,0.549937,0.507421,15996
8,14,6858,edgetpu,ImageNet16-120,40.333332,0.541300,0.507421,15996
8,14,3540,edgetpu,ImageNet16-120,45.122223,0.648670,0.507421,15996
8,14,15107,edgetpu,ImageNet16-120,39.800000,0.430284,0.507421,15996
8,14,8447,edgetpu,ImageNet16-120,40.011112,0.514586,0.507421,15996
8,14,11079,edgetpu,ImageNet16-120,43.566666,0.552430,0.507421,15996
8,14,15014,edgetpu,ImageNet16-120,28.266666,0.358110,0.507421,15996
8,14,5751,edgetpu,ImageNet16-120,40.044445,0.516992,0.507421,15996
8,14,13972,edgetpu,ImageNet16-120,31.933332,0.363440,0.507421,15996
8,14,70,edgetpu,ImageNet16-120,39.377777,0.428228,0.507421,15996
8,14,7273,edgetpu,ImageNet16-120,42.966667,0.550014,0.507421,15996
8,14,4160,edgetpu,ImageNet16-120,39.833332,0.430355,0.507421,15996
8,14,6520,edgetpu,ImageNet16-120,32.383335,0.363944,0.507421,15996
8,14,7431,edgetpu,ImageNet16-120,32.577778,0.363954,0.507421,15996
8,14,14677,edgetpu,ImageNet16-120,33.233334,0.364575,0.507421,15996
8,14,7750,edgetpu,ImageNet16-120,43.066666,0.551617,0.507421,15996
8,14,10888,edgetpu,ImageNet16-120,28.333334,0.359044,0.507421,15996
8,14,6950,edgetpu,ImageNet16-120,38.700000,0.427379,0.507421,15996
8,14,11282,edgetpu,ImageNet16-120,39.633335,0.428409,0.507421,15996
8,14,4988,edgetpu,ImageNet16-120,28.933332,0.360694,0.507421,15996
8,14,857,edgetpu,ImageNet16-120,47.311110,0.997730,0.507421,15996
8,14,11262,edgetpu,ImageNet16-120,39.733334,0.430019,0.507421,15996
8,15,6854,eyeriss,ImageNet16-120,40.800000,0.668800,0.486368,16702
8,15,8853,eyeriss,ImageNet16-120,45.600000,1.037440,0.486368,16702
8,15,14417,eyeriss,ImageNet16-120,45.900000,1.098880,0.486368,16702
8,15,1939,eyeriss,ImageNet16-120,45.077778,0.976000,0.486368,16702
8,15,2835,eyeriss,ImageNet16-120,38.222220,0.545920,0.486368,16702
8,15,15383,eyeriss,ImageNet16-120,47.033333,1.283200,0.486368,16702
8,15,6787,eyeriss,ImageNet16-120,44.400000,0.914560,0.486368,16702
8,15,4829,eyeriss,ImageNet16-120,34.200000,0.484480,0.486368,16702
8,15,5487,eyeriss,ImageNet16-120,38.500000,0.607360,0.486368,16702
8,15,8008,eyeriss,ImageNet16-120,43.500000,0.853120,0.486368,16702
8,15,857,eyeriss,ImageNet16-120,47.311110,1.651840,0.486368,16702
8,15,4618,eyeriss,ImageNet16-120,28.544445,0.423040,0.486368,16702
8,16,857,fpga,ImageNet16-120,47.311110,2.038400,0.517906,16373
8,16,8008,fpga,ImageNet16-120,43.500000,0.876800,0.517906,16373
8,16,15383,fpga,ImageNet16-120,47.033333,1.504000,0.517906,16373
8,16,11079,fpga,ImageNet16-120,43.566666,0.902400,0.517906,16373
8,16,2835,fpga,ImageNet16-120,38.222220,0.546720,0.517906,16373
8,16,6787,fpga,ImageNet16-120,44.400000,0.969600,0.517906,16373
8,16,1939,fpga,ImageNet16-120,45.077778,1.062400,0.517906,16373
8,16,4829,fpga,ImageNet16-120,34.200000,0.415520,0.517906,16373
8,16,6854,fpga,ImageNet16-120,40.800000,0.809120,0.517906,16373
8,16,10017,fpga,ImageNet16-120,40.566666,0.784000,0.517906,16373
8,16,14748,fpga,ImageNet16-120,44.900000,0.995200,0.517906,16373
8,16,15446,fpga,ImageNet16-120,45.766666,1.116320,0.517906,16373
8,16,4988,fpga,ImageNet16-120,28.933332,0.284320,0.517906,16373
8,16,6868,fpga,ImageNet16-120,39.000000,0.649120,0.517906,16373
8,16,5793,fpga,ImageNet16-120,35.033333,0.517920,0.517906,16373
8,16,14417,fpga,ImageNet16-120,45.900000,1.276320,0.517906,16373
8,16,12452,fpga,ImageNet16-120,40.533333,0.780320,0.517906,16373
8,17,11000,pixel3,ImageNet16-120,44.866665,2.962520,0.629865,16375
8,17,12639,pixel3,ImageNet16-120,40.400000,1.304440,0.629865,16375
8,17,1860,pixel3,ImageNet16-120,28.433332,0.422587,0.629865,16375
8,17,758,pixel3,ImageNet16-120,28.333334,0.422134,0.629865,16375
8,17,2018,pixel3,ImageNet16-120,46.433334,4.949210,0.629865,16375
8,17,13059,pixel3,ImageNet16-120,34.266666,0.668679,0.629865,16375
8,17,2002,pixel3,ImageNet16-120,32.277780,0.617751,0.629865,16375
8,17,6854,pixel3,ImageNet16-120,40.800000,1.621620,0.629865,16375
8,17,11079,pixel3,ImageNet16-120,43.566666,2.479610,0.629865,16375
8,17,2050,pixel3,ImageNet16-120,0.833333,0.005526,0.629865,16375
8,17,1204,pixel3,ImageNet16-120,37.844444,0.864966,0.629865,16375
8,17,12506,pixel3,ImageNet16-120,43.983334,2.929990,0.629865,16375
8,17,857,pixel3,ImageNet16-120,47.311110,6.686850,0.629865,16375
8,17,1110,pixel3,ImageNet16-120,28.600000,0.423927,0.629865,16375
8,17,4432,pixel3,ImageNet16-120,37.800000,0.861157,0.629865,16375
8,17,4988,pixel3,ImageNet16-120,28.933332,0.485996,0.629865,16375
8,17,4004,pixel3,ImageNet16-120,42.811110,2.467510,0.629865,16375
8,17,1549,pixel3,ImageNet16-120,28.655556,0.424747,0.629865,16375
8,17,12424,pixel3,ImageNet16-120,43.133330,2.470150,0.629865,16375
8,17,10154,pixel3,ImageNet16-120,46.133335,4.783700,0.629865,16375
8,17,15446,pixel3,ImageNet16-120,45.766666,3.439380,0.629865,16375
8,17,1939,pixel3,ImageNet16-120,45.077778,3.021500,0.629865,16375
8,17,4587,pixel3,ImageNet16-120,28.800000,0.445767,0.629865,16375
8,17,2835,pixel3,ImageNet16-120,38.222220,0.868646,0.629865,16375
8,17,8584,pixel3,ImageNet16-120,34.088890,0.664046,0.629865,16375
8,17,1425,pixel3,ImageNet16-120,45.977780,4.619290,0.629865,16375
8,17,12452,pixel3,ImageNet16-120,40.533333,1.504410,0.629865,16375
8,17,14417,pixel3,ImageNet16-120,45.900000,4.143030,0.629865,16375
8,17,15383,pixel3,ImageNet16-120,47.033333,5.191720,0.629865,16375
8,17,898,pixel3,ImageNet16-120,42.466667,2.467210,0.629865,16375
8,17,3728,pixel3,ImageNet16-120,28.500000,0.422880,0.629865,16375
8,17,8954,pixel3,ImageNet16-120,28.733334,0.424855,0.629865,16375
8,17,2899,pixel3,ImageNet16-120,43.911110,2.701210,0.629865,16375
8,17,4384,pixel3,ImageNet16-120,28.133333,0.421612,0.629865,16375
8,17,4977,pixel3,ImageNet16-120,32.966667,0.617991,0.629865,16375
8,17,872,pixel3,ImageNet16-120,41.777780,2.465030,0.629865,16375
8,17,12466,pixel3,ImageNet16-120,46.100000,4.680280,0.629865,16375
8,17,735,pixel3,ImageNet16-120,38.544445,1.107950,0.629865,16375
8,17,4895,pixel3,ImageNet16-120,33.200000,0.619070,0.629865,16375
8,18,9032,raspi4,ImageNet16-120,38.016666,2.201532,0.748286,16185
8,18,2779,raspi4,ImageNet16-120,37.355556,2.190654,0.748286,16185
8,18,11177,raspi4,ImageNet16-120,33.200000,1.573414,0.748286,16185
8,18,857,raspi4,ImageNet16-120,47.311110,9.020064,0.748286,16185
8,18,6787,raspi4,ImageNet16-120,44.400000,4.532777,0.748286,16185
8,18,219,raspi4,ImageNet16-120,42.500000,3.768475,0.748286,16185
8,18,10167,raspi4,ImageNet16-120,39.944443,3.106316,0.748286,16185
8,18,9496,raspi4,ImageNet16-120,38.200000,2.204048,0.748286,16185
8,18,10217,raspi4,ImageNet16-120,45.100000,6.109362,0.748286,16185
8,18,13059,raspi4,ImageNet16-120,34.266666,1.595651,0.748286,16185
8,18,14792,raspi4,ImageNet16-120,43.033333,3.792447,0.748286,16185
8,18,1939,raspi4,ImageNet16-120,45.077778,5.341908,0.748286,16185
8,18,15383,raspi4,ImageNet16-120,47.033333,8.565354,0.748286,16185
8,18,4995,raspi4,ImageNet16-120,42.166668,3.766336,0.748286,16185
8,18,1188,raspi4,ImageNet16-120,32.455555,1.526725,0.748286,16185
8,18,10835,raspi4,ImageNet16-120,45.233334,6.632419,0.748286,16185
8,18,4988,raspi4,ImageNet16-120,28.933332,1.003251,0.748286,16185
8,18,15363,raspi4,ImageNet16-120,44.333332,4.480516,0.748286,16185
8,18,8683,raspi4,ImageNet16-120,44.200000,4.462997,0.748286,16185
8,18,3960,raspi4,ImageNet16-120,37.755554,2.197980,0.748286,16185
8,18,3782,raspi4,ImageNet16-120,41.866665,3.755286,0.748286,16185
8,18,8733,raspi4,ImageNet16-120,46.600000,7.477213,0.748286,16185
8,18,6868,raspi4,ImageNet16-120,39.000000,2.982937,0.748286,16185
8,18,6854,raspi4,ImageNet16-120,40.800000,3.661016,0.748286,16185
8,18,15107,raspi4,ImageNet16-120,39.800000,3.083329,0.748286,16185
8,18,8584,raspi4,ImageNet16-120,34.088890,1.586268,0.748286,16185
8,18,15446,raspi4,ImageNet16-120,45.766666,7.469873,0.748286,16185
8,18,12505,raspi4,ImageNet16-120,39.283333,3.062432,0.748286,16185
8,18,1413,raspi4,ImageNet16-120,42.711113,3.788479,0.748286,16185
8,18,10472,raspi4,ImageNet16-120,39.633335,3.079679,0.748286,16185
8,18,8736,raspi4,ImageNet16-120,45.700000,6.658077,0.748286,16185
8,18,8426,raspi4,ImageNet16-120,44.633335,5.288439,0.748286,16185
8,18,11079,raspi4,ImageNet16-120,43.566666,3.802027,0.748286,16185
8,18,7187,raspi4,ImageNet16-120,28.683332,0.952790,0.748286,16185
8,18,5637,raspi4,ImageNet16-120,33.933334,1.580707,0.748286,16185
8,18,9585,raspi4,ImageNet16-120,0.833333,0.011519,0.748286,16185
8,18,8884,raspi4,ImageNet16-120,45.033333,5.293177,0.748286,16185
8,18,1204,raspi4,ImageNet16-120,37.844444,2.199356,0.748286,16185
8,18,13931,raspi4,ImageNet16-120,28.788889,0.956195,0.748286,16185
8,18,8355,raspi4,ImageNet16-120,39.666668,3.083286,0.748286,16185
8,18,11946,raspi4,ImageNet16-120,28.200000,0.940293,0.748286,16185
8,18,11584,raspi4,ImageNet16-120,46.666668,8.014434,0.748286,16185
8,18,5455,raspi4,ImageNet16-120,32.611110,1.532377,0.748286,16185
8,18,10017,raspi4,ImageNet16-120,40.566666,3.181383,0.748286,16185
8,18,13771,raspi4,ImageNet16-120,32.744446,1.533813,0.748286,16185
8,18,3431,raspi4,ImageNet16-120,32.966667,1.536690,0.748286,16185
8,18,5530,raspi4,ImageNet16-120,42.577778,3.785925,0.748286,16185
8,18,14697,raspi4,ImageNet16-120,33.900000,1.580382,0.748286,16185
8,18,735,raspi4,ImageNet16-120,38.544445,2.911079,0.748286,16185
8,18,12358,raspi4,ImageNet16-120,34.055557,1.582727,0.748286,16185
9,1,1459,edgegpu,cifar10,94.296670,6.748991,0.618576,16490
9,1,13401,edgegpu,cifar10,87.010000,1.457009,0.618576,16490
9,1,14407,edgegpu,cifar10,86.770000,1.440282,0.618576,16490
9,1,13714,edgegpu,cifar10,94.373340,6.772180,0.618576,16490
9,1,2053,edgegpu,cifar10,94.206665,5.482254,0.618576,16490
9,1,5292,edgegpu,cifar10,94.293335,6.663151,0.618576,16490
9,1,11438,edgegpu,cifar10,92.500000,1.846719,0.618576,16490
9,1,9099,edgegpu,cifar10,93.940000,3.357520,0.618576,16490
9,1,5400,edgegpu,cifar10,86.630000,1.427460,0.618576,16490
9,1,2776,edgegpu,cifar10,93.666664,3.331194,0.618576,16490
9,1,11810,edgegpu,cifar10,92.780000,1.992798,0.618576,16490
9,1,258,edgegpu,cifar10,93.640000,3.307109,0.618576,16490
9,1,14527,edgegpu,cifar10,86.765000,1.439619,0.618576,16490
9,1,6499,edgegpu,cifar10,93.645000,3.331041,0.618576,16490
9,1,10484,edgegpu,cifar10,93.810000,3.354015,0.618576,16490
9,1,14090,edgegpu,cifar10,92.086670,1.749086,0.618576,16490
9,1,6950,edgegpu,cifar10,92.000000,1.738467,0.618576,16490
9,1,5780,edgegpu,cifar10,93.980000,3.361888,0.618576,16490
9,1,6960,edgegpu,cifar10,92.280000,1.764450,0.618576,16490
9,1,11692,edgegpu,cifar10,94.130000,4.708362,0.618576,16490
9,1,1339,edgegpu,cifar10,92.136665,1.751881,0.618576,16490
9,1,561,edgegpu,cifar10,86.880000,1.451068,0.618576,16490
9,1,15200,edgegpu,cifar10,10.000000,0.501385,0.618576,16490
9,1,6330,edgegpu,cifar10,94.006670,4.384699,0.618576,16490
9,1,1549,edgegpu,cifar10,86.710000,1.436324,0.618576,16490
9,2,9689,edgetpu,cifar10,93.370000,0.628386,0.493879,15790
9,2,10683,edgetpu,cifar10,92.330000,0.481277,0.493879,15790
9,2,5647,edgetpu,cifar10,89.110000,0.389378,0.493879,15790
9,2,5111,edgetpu,cifar10,94.306660,1.152010,0.493879,15790
9,2,11112,edgetpu,cifar10,92.110000,0.480732,0.493879,15790
9,2,13611,edgetpu,cifar10,92.490000,0.481826,0.493879,15790
9,2,11438,edgetpu,cifar10,92.500000,0.482393,0.493879,15790
9,2,13714,edgetpu,cifar10,94.373340,1.377865,0.493879,15790
9,2,8008,edgetpu,cifar10,93.480000,0.629746,0.493879,15790
9,2,6382,edgetpu,cifar10,93.376660,0.628638,0.493879,15790
9,2,9950,edgetpu,cifar10,93.840000,0.723767,0.493879,15790
9,2,11692,edgetpu,cifar10,94.130000,0.761100,0.493879,15790
9,2,9817,edgetpu,cifar10,93.490000,0.723286,0.493879,15790
9,2,8192,edgetpu,cifar10,93.093330,0.627745,0.493879,15790
9,2,6918,edgetpu,cifar10,87.000000,0.375819,0.493879,15790
9,2,797,edgetpu,cifar10,93.280000,0.627996,0.493879,15790
9,2,9380,edgetpu,cifar10,89.335000,0.395662,0.493879,15790
9,2,2053,edgetpu,cifar10,94.206665,1.042178,0.493879,15790
9,2,12439,edgetpu,cifar10,86.393330,0.352159,0.493879,15790
9,2,6584,edgetpu,cifar10,94.160000,0.888877,0.493879,15790
9,2,5946,edgetpu,cifar10,88.963330,0.389012,0.493879,15790
9,2,7937,edgetpu,cifar10,88.610000,0.388867,0.493879,15790
9,2,4161,edgetpu,cifar10,89.250000,0.391221,0.493879,15790
9,2,10293,edgetpu,cifar10,86.513336,0.352328,0.493879,15790
9,2,7017,edgetpu,cifar10,86.970000,0.353089,0.493879,15790
9,2,9722,edgetpu,cifar10,93.540000,0.723575,0.493879,15790
9,2,5780,edgetpu,cifar10,93.980000,0.723967,0.493879,15790
9,2,11810,edgetpu,cifar10,92.780000,0.482879,0.493879,15790
9,3,14112,eyeriss,cifar10,91.296670,2.908340,0.495009,16645
9,3,6899,eyeriss,cifar10,90.900000,2.416820,0.495009,16645
9,3,8008,eyeriss,cifar10,93.480000,3.399860,0.495009,16645
9,3,13987,eyeriss,cifar10,93.596664,3.645620,0.495009,16645
9,3,3687,eyeriss,cifar10,89.820000,1.925300,0.495009,16645
9,3,8323,eyeriss,cifar10,90.870000,2.171060,0.495009,16645
9,3,11692,eyeriss,cifar10,94.130000,4.874420,0.495009,16645
9,3,13714,eyeriss,cifar10,94.373340,7.823540,0.495009,16645
9,3,6111,eyeriss,cifar10,94.373340,7.823540,0.495009,16645
9,3,6854,eyeriss,cifar10,91.040000,2.662580,0.495009,16645
9,3,8592,eyeriss,cifar10,93.750000,3.891380,0.495009,16645
9,3,3731,eyeriss,cifar10,94.343330,6.594740,0.495009,16645
9,3,5111,eyeriss,cifar10,94.306660,5.365940,0.495009,16645
9,3,11472,eyeriss,cifar10,93.970000,4.628660,0.495009,16645
9,3,4384,eyeriss,cifar10,86.796670,1.679540,0.495009,16645
9,3,13611,eyeriss,cifar10,92.490000,3.154100,0.495009,16645
9,4,4384,fpga,cifar10,86.796670,1.132960,0.425985,16340
9,4,11472,fpga,cifar10,93.970000,3.648160,0.425985,16340
9,4,8008,fpga,cifar10,93.480000,2.905760,0.425985,16340
9,4,14346,fpga,cifar10,89.986664,2.057760,0.425985,16340
9,4,13714,fpga,cifar10,94.373340,6.678560,0.425985,16340
9,4,5111,fpga,cifar10,94.306660,5.193760,0.425985,16340
9,4,13987,fpga,cifar10,93.596664,3.420960,0.425985,16340
9,4,12438,fpga,cifar10,89.875000,1.648160,0.425985,16340
9,4,3731,fpga,cifar10,94.343330,5.936160,0.425985,16340
9,4,6111,fpga,cifar10,94.373340,6.678560,0.425985,16340
9,4,8323,fpga,cifar10,90.870000,2.163360,0.425985,16340
9,4,6584,fpga,cifar10,94.160000,4.163360,0.425985,16340
9,4,8720,fpga,cifar10,89.875000,1.648160,0.425985,16340
9,4,13611,fpga,cifar10,92.490000,2.390560,0.425985,16340
9,5,8592,pixel3,cifar10,93.750000,10.769800,0.677529,16360
9,5,13171,pixel3,cifar10,93.530000,7.717220,0.677529,16360
9,5,1781,pixel3,cifar10,89.883330,1.712020,0.677529,16360
9,5,13869,pixel3,cifar10,93.656670,10.634700,0.677529,16360
9,5,5111,pixel3,cifar10,94.306660,17.584600,0.677529,16360
9,5,7001,pixel3,cifar10,10.000000,0.003277,0.677529,16360
9,5,8323,pixel3,cifar10,90.870000,3.106420,0.677529,16360
9,5,6382,pixel3,cifar10,93.376660,7.048190,0.677529,16360
9,5,1631,pixel3,cifar10,89.506670,1.697120,0.677529,16360
9,5,6854,pixel3,cifar10,91.040000,4.514220,0.677529,16360
9,5,4627,pixel3,cifar10,93.270000,7.036050,0.677529,16360
9,5,6434,pixel3,cifar10,91.080000,4.811140,0.677529,16360
9,5,10689,pixel3,cifar10,90.790000,2.669770,0.677529,16360
9,5,8695,pixel3,cifar10,94.220000,17.564500,0.677529,16360
9,5,2779,pixel3,cifar10,90.806660,3.102950,0.677529,16360
9,5,6863,pixel3,cifar10,86.740000,1.229320,0.677529,16360
9,5,1941,pixel3,cifar10,93.533330,9.128690,0.677529,16360
9,5,6111,pixel3,cifar10,94.373340,23.584800,0.677529,16360
9,5,1196,pixel3,cifar10,92.020000,5.810240,0.677529,16360
9,5,4554,pixel3,cifar10,86.670000,1.114880,0.677529,16360
9,5,6899,pixel3,cifar10,90.900000,3.961410,0.677529,16360
9,5,3731,pixel3,cifar10,94.343330,23.361300,0.677529,16360
9,5,13987,pixel3,cifar10,93.596664,9.922680,0.677529,16360
9,5,7197,pixel3,cifar10,90.366670,2.447670,0.677529,16360
9,5,78,pixel3,cifar10,91.933334,5.807870,0.677529,16360
9,5,11692,pixel3,cifar10,94.130000,15.490100,0.677529,16360
9,5,6985,pixel3,cifar10,89.940000,2.367450,0.677529,16360
9,5,25,pixel3,cifar10,86.540000,1.054570,0.677529,16360
9,5,2035,pixel3,cifar10,89.670000,1.706480,0.677529,16360
9,5,1943,pixel3,cifar10,93.116670,6.492030,0.677529,16360
9,5,6330,pixel3,cifar10,94.006670,11.512400,0.677529,16360
9,5,1497,pixel3,cifar10,86.556660,1.056630,0.677529,16360
9,5,6918,pixel3,cifar10,87.000000,1.478790,0.677529,16360
9,5,11972,pixel3,cifar10,91.510000,5.627010,0.677529,16360
9,5,12452,pixel3,cifar10,91.350000,5.590110,0.677529,16360
9,5,13096,pixel3,cifar10,90.700000,2.666040,0.677529,16360
9,5,9230,pixel3,cifar10,86.580000,1.056760,0.677529,16360
9,5,4398,pixel3,cifar10,92.073330,5.828150,0.677529,16360
9,5,1804,pixel3,cifar10,89.063330,1.579900,0.677529,16360
9,5,5149,pixel3,cifar10,92.090000,5.987440,0.677529,16360
9,5,5224,pixel3,cifar10,88.980000,1.570360,0.677529,16360
9,5,2018,pixel3,cifar10,94.063330,14.960500,0.677529,16360
9,5,7017,pixel3,cifar10,86.970000,1.403930,0.677529,16360
9,5,8836,pixel3,cifar10,92.220000,6.313990,0.677529,16360
9,5,6624,pixel3,cifar10,89.120000,1.670570,0.677529,16360
9,6,6985,raspi4,cifar10,89.940000,4.995646,0.620990,16143
9,6,14565,raspi4,cifar10,88.880000,4.781183,0.620990,16143
9,6,9380,raspi4,cifar10,89.335000,4.875613,0.620990,16143
9,6,1690,raspi4,cifar10,86.646670,2.536549,0.620990,16143
9,6,8323,raspi4,cifar10,90.870000,7.426308,0.620990,16143
9,6,3731,raspi4,cifar10,94.343330,58.070793,0.620990,16143
9,6,5111,raspi4,cifar10,94.306660,41.756905,0.620990,16143
9,6,14677,raspi4,cifar10,88.670000,4.755260,0.620990,16143
9,6,6918,raspi4,cifar10,87.000000,2.787590,0.620990,16143
9,6,11692,raspi4,cifar10,94.130000,37.583630,0.620990,16143
9,6,2058,raspi4,cifar10,93.270000,19.484835,0.620990,16143
9,6,13846,raspi4,cifar10,90.720000,7.176163,0.620990,16143
9,6,5780,raspi4,cifar10,93.980000,34.928463,0.620990,16143
9,6,2035,raspi4,cifar10,89.670000,4.984099,0.620990,16143
9,6,8592,raspi4,cifar10,93.750000,25.477009,0.620990,16143
9,6,9980,raspi4,cifar10,10.000000,0.011284,0.620990,16143
9,6,12505,raspi4,cifar10,92.150000,16.747276,0.620990,16143
9,6,1804,raspi4,cifar10,89.063330,4.791845,0.620990,16143
9,6,6382,raspi4,cifar10,93.376660,21.461164,0.620990,16143
9,6,1962,raspi4,cifar10,86.530000,2.529453,0.620990,16143
9,6,8008,raspi4,cifar10,93.480000,22.571420,0.620990,16143
9,6,9271,raspi4,cifar10,89.250000,4.830311,0.620990,16143
9,6,1941,raspi4,cifar10,93.533330,25.121769,0.620990,16143
9,6,8426,raspi4,cifar10,93.840000,31.394428,0.620990,16143
9,6,7017,raspi4,cifar10,86.970000,2.544041,0.620990,16143
9,6,6960,raspi4,cifar10,92.280000,17.162752,0.620990,16143
9,6,11810,raspi4,cifar10,92.780000,18.619905,0.620990,16143
9,6,11533,raspi4,cifar10,93.420000,21.715693,0.620990,16143
9,6,13611,raspi4,cifar10,92.490000,18.523302,0.620990,16143
9,6,11972,raspi4,cifar10,91.510000,12.403558,0.620990,16143
9,6,6111,raspi4,cifar10,94.373340,68.404106,0.620990,16143
9,6,10412,raspi4,cifar10,93.530000,25.079220,0.620990,16143
9,6,4210,raspi4,cifar10,89.030000,4.782748,0.620990,16143
9,6,6953,raspi4,cifar10,91.990000,15.601654,0.620990,16143
9,6,12002,raspi4,cifar10,93.510000,24.816572,0.620990,16143
9,6,10275,raspi4,cifar10,91.080000,9.993188,0.620990,16143
9,7,11067,edgegpu,cifar100,58.186670,1.427836,0.545074,16487
9,7,8401,edgegpu,cifar100,71.080000,3.302102,0.545074,16487
9,7,6124,edgegpu,cifar100,68.360000,3.185835,0.545074,16487
9,7,12415,edgegpu,cifar100,71.940000,4.828467,0.545074,16487
9,7,9997,edgegpu,cifar100,71.520000,3.466139,0.545074,16487
9,7,9930,edgegpu,cifar100,73.513336,6.803060,0.545074,16487
9,7,9922,edgegpu,cifar100,58.560000,1.428552,0.545074,16487
9,7,4418,edgegpu,cifar100,72.746666,5.352364,0.545074,16487
9,7,2304,edgegpu,cifar100,58.660000,1.440253,0.545074,16487
9,7,4954,edgegpu,cifar100,73.000000,6.669736,0.545074,16487
9,7,14677,edgegpu,cifar100,62.420000,1.746187,0.545074,16487
9,7,1425,edgegpu,cifar100,72.093330,5.310225,0.545074,16487
9,7,11810,edgegpu,cifar100,68.300000,1.779551,0.545074,16487
9,7,11885,edgegpu,cifar100,68.040000,1.776652,0.545074,16487
9,7,2778,edgegpu,cifar100,72.993330,6.134028,0.545074,16487
9,7,8912,edgegpu,cifar100,59.200000,1.441355,0.545074,16487
9,7,3888,edgegpu,cifar100,73.260000,6.797867,0.545074,16487
9,7,1509,edgegpu,cifar100,1.000000,0.505853,0.545074,16487
9,7,1038,edgegpu,cifar100,67.500000,1.758428,0.545074,16487
9,8,13829,edgetpu,cifar100,66.873340,0.485137,0.570508,16281
9,8,12415,edgetpu,cifar100,71.940000,0.872299,0.570508,16281
9,8,8912,edgetpu,cifar100,59.200000,0.377698,0.570508,16281
9,8,8638,edgetpu,cifar100,58.860000,0.356631,0.570508,16281
9,8,5019,edgetpu,cifar100,58.880000,0.357058,0.570508,16281
9,8,577,edgetpu,cifar100,69.680000,0.635228,0.570508,16281
9,8,9997,edgetpu,cifar100,71.520000,0.729986,0.570508,16281
9,8,1110,edgetpu,cifar100,58.840000,0.355938,0.570508,16281
9,8,857,edgetpu,cifar100,72.880000,1.264168,0.570508,16281
9,8,1425,edgetpu,cifar100,72.093330,0.910660,0.570508,16281
9,8,1996,edgetpu,cifar100,67.820000,0.486748,0.570508,16281
9,8,9930,edgetpu,cifar100,73.513336,1.454107,0.570508,16281
9,8,2705,edgetpu,cifar100,62.813330,0.393026,0.570508,16281
9,8,8401,edgetpu,cifar100,71.080000,0.728572,0.570508,16281
9,8,797,edgetpu,cifar100,69.580000,0.633351,0.570508,16281
9,8,4659,edgetpu,cifar100,70.060000,0.636433,0.570508,16281
9,8,9271,edgetpu,cifar100,63.400000,0.393151,0.570508,16281
9,8,1943,edgetpu,cifar100,69.626660,0.634759,0.570508,16281
9,8,15363,edgetpu,cifar100,70.520000,0.676394,0.570508,16281
9,8,69,edgetpu,cifar100,71.020000,0.727259,0.570508,16281
9,8,12761,edgetpu,cifar100,72.860000,1.225212,0.570508,16281
9,8,3303,edgetpu,cifar100,62.420000,0.392593,0.570508,16281
9,8,4418,edgetpu,cifar100,72.746666,1.093699,0.570508,16281
9,8,4155,edgetpu,cifar100,62.306667,0.391442,0.570508,16281
9,8,14945,edgetpu,cifar100,58.500000,0.354940,0.570508,16281
9,8,781,edgetpu,cifar100,67.960000,0.487922,0.570508,16281
9,8,12574,edgetpu,cifar100,72.740000,0.932430,0.570508,16281
9,8,3888,edgetpu,cifar100,73.260000,1.316226,0.570508,16281
9,8,777,edgetpu,cifar100,58.650000,0.355588,0.570508,16281
9,8,11533,edgetpu,cifar100,69.760000,0.635877,0.570508,16281
9,8,6946,edgetpu,cifar100,67.500000,0.486233,0.570508,16281
9,8,10000,edgetpu,cifar100,73.160000,1.283461,0.570508,16281
9,8,11973,edgetpu,cifar100,70.340000,0.641728,0.570508,16281
9,8,12607,edgetpu,cifar100,62.600000,0.392830,0.570508,16281
9,8,10443,edgetpu,cifar100,68.300000,0.489020,0.570508,16281
9,9,3487,eyeriss,cifar100,70.093330,3.402880,0.439282,16845
9,9,12574,eyeriss,cifar100,72.740000,5.123200,0.439282,16845
9,9,12820,eyeriss,cifar100,67.720000,2.419840,0.439282,16845
9,9,5651,eyeriss,cifar100,64.690000,1.928320,0.439282,16845
9,9,6787,eyeriss,cifar100,70.720000,3.648640,0.439282,16845
9,9,3888,eyeriss,cifar100,73.260000,6.597760,0.439282,16845
9,9,14714,eyeriss,cifar100,71.280000,4.140160,0.439282,16845
9,9,11301,eyeriss,cifar100,68.220000,2.665600,0.439282,16845
9,9,9930,eyeriss,cifar100,73.513336,9.055360,0.439282,16845
9,9,14112,eyeriss,cifar100,68.386665,2.911360,0.439282,16845
9,9,10689,eyeriss,cifar100,67.500000,2.174080,0.439282,16845
9,9,6925,eyeriss,cifar100,71.220000,3.894400,0.439282,16845
9,9,12761,eyeriss,cifar100,72.860000,6.352000,0.439282,16845
9,9,5084,eyeriss,cifar100,58.813330,1.682560,0.439282,16845
9,9,3540,eyeriss,cifar100,71.500000,4.877440,0.439282,16845
9,10,5084,fpga,cifar100,58.813330,1.132960,0.484684,16386
9,10,9930,fpga,cifar100,73.513336,7.420960,0.484684,16386
9,10,10689,fpga,cifar100,67.500000,2.163360,0.484684,16386
9,10,6925,fpga,cifar100,71.220000,3.936160,0.484684,16386
9,10,12574,fpga,cifar100,72.740000,4.678560,0.484684,16386
9,10,11979,fpga,cifar100,68.000000,2.800160,0.484684,16386
9,10,3888,fpga,cifar100,73.260000,5.936160,0.484684,16386
9,10,3540,fpga,cifar100,71.500000,4.163360,0.484684,16386
9,10,4249,fpga,cifar100,65.080000,2.057760,0.484684,16386
9,10,12820,fpga,cifar100,67.720000,2.678560,0.484684,16386
9,10,12295,fpga,cifar100,71.160000,3.648160,0.484684,16386
9,10,6787,fpga,cifar100,70.720000,3.420960,0.484684,16386
9,10,7250,fpga,cifar100,67.706665,2.390560,0.484684,16386
9,10,12761,fpga,cifar100,72.860000,5.420960,0.484684,16386
9,10,11973,fpga,cifar100,70.340000,2.905760,0.484684,16386
9,10,5651,fpga,cifar100,64.690000,1.648160,0.484684,16386
9,11,8638,pixel3,cifar100,58.860000,1.478570,0.631095,16431
9,11,906,pixel3,cifar100,62.393333,1.661810,0.631095,16431
9,11,12970,pixel3,cifar100,68.140000,4.782110,0.631095,16431
9,11,6787,pixel3,cifar100,70.720000,9.854430,0.631095,16431
9,11,8323,pixel3,cifar100,67.080000,3.106340,0.631095,16431
9,11,485,pixel3,cifar100,67.593330,4.124800,0.631095,16431
9,11,4659,pixel3,cifar100,70.060000,9.026280,0.631095,16431
9,11,14112,pixel3,cifar100,68.386665,5.745320,0.631095,16431
9,11,12574,pixel3,cifar100,72.740000,16.473900,0.631095,16431
9,11,5651,pixel3,cifar100,64.690000,2.376870,0.631095,16431
9,11,6337,pixel3,cifar100,1.000000,0.008753,0.631095,16431
9,11,1090,pixel3,cifar100,65.220000,2.811310,0.631095,16431
9,11,11000,pixel3,cifar100,71.180000,10.677600,0.631095,16431
9,11,15363,pixel3,cifar100,70.520000,9.708640,0.631095,16431
9,11,1593,pixel3,cifar100,62.126667,1.582050,0.631095,16431
9,11,1409,pixel3,cifar100,58.853333,1.275090,0.631095,16431
9,11,8912,pixel3,cifar100,59.200000,1.478790,0.631095,16431
9,11,6925,pixel3,cifar100,71.220000,10.688000,0.631095,16431
9,11,858,pixel3,cifar100,64.133330,2.003500,0.631095,16431
9,11,3888,pixel3,cifar100,73.260000,23.477200,0.631095,16431
9,11,898,pixel3,cifar100,70.000000,6.516140,0.631095,16431
9,11,1450,pixel3,cifar100,70.506670,9.337360,0.631095,16431
9,11,1631,pixel3,cifar100,63.986668,1.805000,0.631095,16431
9,11,9930,pixel3,cifar100,73.513336,42.003600,0.631095,16431
9,11,10689,pixel3,cifar100,67.500000,3.109220,0.631095,16431
9,11,657,pixel3,cifar100,58.233334,1.233070,0.631095,16431
9,11,699,pixel3,cifar100,72.240000,12.079400,0.631095,16431
9,11,857,pixel3,cifar100,72.880000,19.113200,0.631095,16431
9,11,375,pixel3,cifar100,64.440000,2.363140,0.631095,16431
9,11,11301,pixel3,cifar100,68.220000,5.352090,0.631095,16431
9,11,1459,pixel3,cifar100,73.140000,23.437900,0.631095,16431
9,11,724,pixel3,cifar100,67.053340,2.875650,0.631095,16431
9,11,1616,pixel3,cifar100,63.946667,1.731160,0.631095,16431
9,12,10689,raspi4,cifar100,67.500000,7.381845,0.625541,16324
9,12,10042,raspi4,cifar100,64.880000,5.100886,0.625541,16324
9,12,1616,raspi4,cifar100,63.946667,5.080509,0.625541,16324
9,12,1459,raspi4,cifar100,73.140000,53.879950,0.625541,16324
9,12,12915,raspi4,cifar100,66.950000,7.226311,0.625541,16324
9,12,4409,raspi4,cifar100,67.173330,7.228629,0.625541,16324
9,12,13430,raspi4,cifar100,66.700000,7.203785,0.625541,16324
9,12,7891,raspi4,cifar100,67.550000,12.536592,0.625541,16324
9,12,12574,raspi4,cifar100,72.740000,36.371254,0.625541,16324
9,12,4418,raspi4,cifar100,72.746666,47.162354,0.625541,16324
9,12,14112,raspi4,cifar100,68.386665,14.423308,0.625541,16324
9,12,9271,raspi4,cifar100,63.400000,4.800893,0.625541,16324
9,12,6918,raspi4,cifar100,58.800000,2.571364,0.625541,16324
9,12,6822,raspi4,cifar100,58.426666,2.558594,0.625541,16324
9,12,375,raspi4,cifar100,64.440000,5.099302,0.625541,16324
9,12,9930,raspi4,cifar100,73.513336,71.152000,0.625541,16324
9,12,14714,raspi4,cifar100,71.280000,24.692347,0.625541,16324
9,12,14792,raspi4,cifar100,69.500000,19.111843,0.625541,16324
9,12,6787,raspi4,cifar100,70.720000,23.081835,0.625541,16324
9,12,6177,raspi4,cifar100,62.373333,4.795128,0.625541,16324
9,12,9997,raspi4,cifar100,71.520000,34.996710,0.625541,16324
9,12,8912,raspi4,cifar100,59.200000,2.818969,0.625541,16324
9,12,10222,raspi4,cifar100,58.860000,2.747804,0.625541,16324
9,12,3888,raspi4,cifar100,73.260000,55.029520,0.625541,16324
9,12,7030,raspi4,cifar100,69.600000,19.218203,0.625541,16324
9,12,15363,raspi4,cifar100,70.520000,21.809430,0.625541,16324
9,12,6925,raspi4,cifar100,71.220000,24.195030,0.625541,16324
9,12,3408,raspi4,cifar100,63.993332,5.081906,0.625541,16324
9,12,15589,raspi4,cifar100,59.060000,2.795078,0.625541,16324
9,12,9926,raspi4,cifar100,63.520000,4.999532,0.625541,16324
9,12,8740,raspi4,cifar100,1.000000,0.015215,0.625541,16324
9,12,3487,raspi4,cifar100,70.093330,21.603350,0.625541,16324
9,12,2035,raspi4,cifar100,63.926666,5.005698,0.625541,16324
9,12,898,raspi4,cifar100,70.000000,21.506163,0.625541,16324
9,12,12761,raspi4,cifar100,72.860000,53.718200,0.625541,16324
9,12,2222,raspi4,cifar100,58.313330,2.538255,0.625541,16324
9,12,14612,raspi4,cifar100,58.720000,2.563505,0.625541,16324
9,12,1572,raspi4,cifar100,69.900000,19.916142,0.625541,16324
9,13,8426,edgegpu,ImageNet16-120,44.633335,3.370147,0.562541,16365
9,13,7760,edgegpu,ImageNet16-120,39.100000,1.743751,0.562541,16365
9,13,6950,edgegpu,ImageNet16-120,38.700000,1.740150,0.562541,16365
9,13,11217,edgegpu,ImageNet16-120,43.466667,3.316708,0.562541,16365
9,13,14840,edgegpu,ImageNet16-120,45.311110,4.224715,0.562541,16365
9,13,10947,edgegpu,ImageNet16-120,39.944443,1.909800,0.562541,16365
9,13,14117,edgegpu,ImageNet16-120,28.677778,1.435547,0.562541,16365
9,13,8401,edgegpu,ImageNet16-120,43.833332,3.322444,0.562541,16365
9,13,15159,edgegpu,ImageNet16-120,45.566666,4.632421,0.562541,16365
9,13,15288,edgegpu,ImageNet16-120,28.422222,1.417041,0.562541,16365
9,13,4946,edgegpu,ImageNet16-120,44.700000,3.490419,0.562541,16365
9,13,14612,edgegpu,ImageNet16-120,28.488890,1.434064,0.562541,16365
9,13,5751,edgegpu,ImageNet16-120,40.044445,2.434626,0.562541,16365
9,13,15376,edgegpu,ImageNet16-120,0.833333,0.533953,0.562541,16365
9,13,454,edgegpu,ImageNet16-120,41.277780,3.303313,0.562541,16365
9,13,12415,edgegpu,ImageNet16-120,46.566666,4.667692,0.562541,16365
9,13,4587,edgegpu,ImageNet16-120,28.800000,1.445131,0.562541,16365
9,13,1164,edgegpu,ImageNet16-120,28.522223,1.435223,0.562541,16365
9,13,4332,edgegpu,ImageNet16-120,39.444443,1.745496,0.562541,16365
9,13,9722,edgegpu,ImageNet16-120,44.000000,3.327813,0.562541,16365
9,13,8884,edgegpu,ImageNet16-120,45.033333,3.499999,0.562541,16365
9,13,4160,edgegpu,ImageNet16-120,39.833332,1.756272,0.562541,16365
9,13,4988,edgegpu,ImageNet16-120,28.933332,1.448212,0.562541,16365
9,13,9586,edgegpu,ImageNet16-120,46.933334,5.222673,0.562541,16365
9,13,13411,edgegpu,ImageNet16-120,31.855556,1.736240,0.562541,16365
9,13,13760,edgegpu,ImageNet16-120,32.333332,1.739759,0.562541,16365
9,13,7187,edgegpu,ImageNet16-120,28.683332,1.443858,0.562541,16365
9,13,2650,edgegpu,ImageNet16-120,42.433334,3.309817,0.562541,16365
9,14,5674,edgetpu,ImageNet16-120,39.650000,0.428605,0.564902,16017
9,14,8447,edgetpu,ImageNet16-120,40.011112,0.514586,0.564902,16017
9,14,10332,edgetpu,ImageNet16-120,40.033333,0.516152,0.564902,16017
9,14,4160,edgetpu,ImageNet16-120,39.833332,0.430355,0.564902,16017
9,14,12415,edgetpu,ImageNet16-120,46.566666,0.710906,0.564902,16017
9,14,9689,edgetpu,ImageNet16-120,42.533333,0.549702,0.564902,16017
9,14,7357,edgetpu,ImageNet16-120,44.666668,0.600498,0.564902,16017
9,14,6950,edgetpu,ImageNet16-120,38.700000,0.427379,0.564902,16017
9,14,3540,edgetpu,ImageNet16-120,45.122223,0.648670,0.564902,16017
9,14,4627,edgetpu,ImageNet16-120,43.500000,0.552306,0.564902,16017
9,14,15363,edgetpu,ImageNet16-120,44.333332,0.582280,0.564902,16017
9,14,15383,edgetpu,ImageNet16-120,47.033333,0.780914,0.564902,16017
9,14,14677,edgetpu,ImageNet16-120,33.233334,0.364575,0.564902,16017
9,14,7273,edgetpu,ImageNet16-120,42.966667,0.550014,0.564902,16017
9,14,13769,edgetpu,ImageNet16-120,41.555557,0.549360,0.564902,16017
9,14,8781,edgetpu,ImageNet16-120,32.366665,0.363484,0.564902,16017
9,14,11885,edgetpu,ImageNet16-120,39.166668,0.427395,0.564902,16017
9,14,11079,edgetpu,ImageNet16-120,43.566666,0.552430,0.564902,16017
9,14,11282,edgetpu,ImageNet16-120,39.633335,0.428409,0.564902,16017
9,14,7750,edgetpu,ImageNet16-120,43.066666,0.551617,0.564902,16017
9,14,10167,edgetpu,ImageNet16-120,39.944443,0.444058,0.564902,16017
9,14,8884,edgetpu,ImageNet16-120,45.033333,0.615792,0.564902,16017
9,14,15014,edgetpu,ImageNet16-120,28.266666,0.358110,0.564902,16017
9,14,5751,edgetpu,ImageNet16-120,40.044445,0.516992,0.564902,16017
9,14,7396,edgetpu,ImageNet16-120,40.177776,0.517218,0.564902,16017
9,14,13931,edgetpu,ImageNet16-120,28.788889,0.360349,0.564902,16017
9,14,857,edgetpu,ImageNet16-120,47.311110,0.997730,0.564902,16017
9,14,10888,edgetpu,ImageNet16-120,28.333334,0.359044,0.564902,16017
9,14,6520,edgetpu,ImageNet16-120,32.383335,0.363944,0.564902,16017
9,14,4830,edgetpu,ImageNet16-120,42.233334,0.549457,0.564902,16017
9,14,70,edgetpu,ImageNet16-120,39.377777,0.428228,0.564902,16017
9,14,13972,edgetpu,ImageNet16-120,31.933332,0.363440,0.564902,16017
9,14,15107,edgetpu,ImageNet16-120,39.800000,0.430284,0.564902,16017
9,14,4988,edgetpu,ImageNet16-120,28.933332,0.360694,0.564902,16017
9,14,14840,edgetpu,ImageNet16-120,45.311110,0.666690,0.564902,16017
9,15,6854,eyeriss,ImageNet16-120,40.800000,0.668800,0.476976,16679
9,15,735,eyeriss,ImageNet16-120,38.544445,0.607360,0.476976,16679
9,15,8853,eyeriss,ImageNet16-120,45.600000,1.037440,0.476976,16679
9,15,2835,eyeriss,ImageNet16-120,38.222220,0.545920,0.476976,16679
9,15,8008,eyeriss,ImageNet16-120,43.500000,0.853120,0.476976,16679
9,15,1939,eyeriss,ImageNet16-120,45.077778,0.976000,0.476976,16679
9,15,6787,eyeriss,ImageNet16-120,44.400000,0.914560,0.476976,16679
9,15,14417,eyeriss,ImageNet16-120,45.900000,1.098880,0.476976,16679
9,15,15383,eyeriss,ImageNet16-120,47.033333,1.283200,0.476976,16679
9,15,4988,eyeriss,ImageNet16-120,28.933332,0.423040,0.476976,16679
9,15,857,eyeriss,ImageNet16-120,47.311110,1.651840,0.476976,16679
9,15,4829,eyeriss,ImageNet16-120,34.200000,0.484480,0.476976,16679
9,16,857,fpga,ImageNet16-120,47.311110,2.038400,0.527017,16437
9,16,4829,fpga,ImageNet16-120,34.200000,0.415520,0.527017,16437
9,16,10017,fpga,ImageNet16-120,40.566666,0.784000,0.527017,16437
9,16,1939,fpga,ImageNet16-120,45.077778,1.062400,0.527017,16437
9,16,15383,fpga,ImageNet16-120,47.033333,1.504000,0.527017,16437
9,16,6868,fpga,ImageNet16-120,39.000000,0.649120,0.527017,16437
9,16,14748,fpga,ImageNet16-120,44.900000,0.995200,0.527017,16437
9,16,6854,fpga,ImageNet16-120,40.800000,0.809120,0.527017,16437
9,16,8008,fpga,ImageNet16-120,43.500000,0.876800,0.527017,16437
9,16,5793,fpga,ImageNet16-120,35.033333,0.517920,0.527017,16437
9,16,2835,fpga,ImageNet16-120,38.222220,0.546720,0.527017,16437
9,16,6787,fpga,ImageNet16-120,44.400000,0.969600,0.527017,16437
9,16,4988,fpga,ImageNet16-120,28.933332,0.284320,0.527017,16437
9,16,12452,fpga,ImageNet16-120,40.533333,0.780320,0.527017,16437
9,16,15446,fpga,ImageNet16-120,45.766666,1.116320,0.527017,16437
9,16,14417,fpga,ImageNet16-120,45.900000,1.276320,0.527017,16437
9,16,11079,fpga,ImageNet16-120,43.566666,0.902400,0.527017,16437
9,17,15446,pixel3,ImageNet16-120,45.766666,3.439380,0.604233,16313
9,17,2050,pixel3,ImageNet16-120,0.833333,0.005526,0.604233,16313
9,17,2835,pixel3,ImageNet16-120,38.222220,0.868646,0.604233,16313
9,17,8683,pixel3,ImageNet16-120,44.200000,2.711960,0.604233,16313
9,17,4587,pixel3,ImageNet16-120,28.800000,0.445767,0.604233,16313
9,17,8584,pixel3,ImageNet16-120,34.088890,0.664046,0.604233,16313
9,17,4004,pixel3,ImageNet16-120,42.811110,2.467510,0.604233,16313
9,17,6854,pixel3,ImageNet16-120,40.800000,1.621620,0.604233,16313
9,17,8954,pixel3,ImageNet16-120,28.733334,0.424855,0.604233,16313
9,17,12424,pixel3,ImageNet16-120,43.133330,2.470150,0.604233,16313
9,17,2018,pixel3,ImageNet16-120,46.433334,4.949210,0.604233,16313
9,17,14417,pixel3,ImageNet16-120,45.900000,4.143030,0.604233,16313
9,17,12103,pixel3,ImageNet16-120,28.250000,0.422433,0.604233,16313
9,17,4977,pixel3,ImageNet16-120,32.966667,0.617991,0.604233,16313
9,17,11000,pixel3,ImageNet16-120,44.866665,2.962520,0.604233,16313
9,17,12639,pixel3,ImageNet16-120,40.400000,1.304440,0.604233,16313
9,17,12466,pixel3,ImageNet16-120,46.100000,4.680280,0.604233,16313
9,17,15383,pixel3,ImageNet16-120,47.033333,5.191720,0.604233,16313
9,17,1110,pixel3,ImageNet16-120,28.600000,0.423927,0.604233,16313
9,17,4988,pixel3,ImageNet16-120,28.933332,0.485996,0.604233,16313
9,17,3728,pixel3,ImageNet16-120,28.500000,0.422880,0.604233,16313
9,17,25,pixel3,ImageNet16-120,28.300000,0.422510,0.604233,16313
9,17,1204,pixel3,ImageNet16-120,37.844444,0.864966,0.604233,16313
9,17,6014,pixel3,ImageNet16-120,28.533333,0.423391,0.604233,16313
9,17,11079,pixel3,ImageNet16-120,43.566666,2.479610,0.604233,16313
9,17,857,pixel3,ImageNet16-120,47.311110,6.686850,0.604233,16313
9,17,4432,pixel3,ImageNet16-120,37.800000,0.861157,0.604233,16313
9,17,10154,pixel3,ImageNet16-120,46.133335,4.783700,0.604233,16313
9,17,1939,pixel3,ImageNet16-120,45.077778,3.021500,0.604233,16313
9,17,10888,pixel3,ImageNet16-120,28.333334,0.422652,0.604233,16313
9,17,12516,pixel3,ImageNet16-120,32.083332,0.617816,0.604233,16313
9,17,4384,pixel3,ImageNet16-120,28.133333,0.421612,0.604233,16313
9,17,1549,pixel3,ImageNet16-120,28.655556,0.424747,0.604233,16313
9,17,12452,pixel3,ImageNet16-120,40.533333,1.504410,0.604233,16313
9,17,898,pixel3,ImageNet16-120,42.466667,2.467210,0.604233,16313
9,17,1425,pixel3,ImageNet16-120,45.977780,4.619290,0.604233,16313
9,17,3496,pixel3,ImageNet16-120,34.233334,0.670584,0.604233,16313
9,17,735,pixel3,ImageNet16-120,38.544445,1.107950,0.604233,16313
9,17,872,pixel3,ImageNet16-120,41.777780,2.465030,0.604233,16313
9,18,4995,raspi4,ImageNet16-120,42.166668,3.766336,0.717793,16265
9,18,5530,raspi4,ImageNet16-120,42.577778,3.785925,0.717793,16265
9,18,11282,raspi4,ImageNet16-120,39.633335,3.080430,0.717793,16265
9,18,15107,raspi4,ImageNet16-120,39.800000,3.083329,0.717793,16265
9,18,9032,raspi4,ImageNet16-120,38.016666,2.201532,0.717793,16265
9,18,15383,raspi4,ImageNet16-120,47.033333,8.565354,0.717793,16265
9,18,3192,raspi4,ImageNet16-120,45.477780,6.675633,0.717793,16265
9,18,3782,raspi4,ImageNet16-120,41.866665,3.755286,0.717793,16265
9,18,9496,raspi4,ImageNet16-120,38.200000,2.204048,0.717793,16265
9,18,11079,raspi4,ImageNet16-120,43.566666,3.802027,0.717793,16265
9,18,857,raspi4,ImageNet16-120,47.311110,9.020064,0.717793,16265
9,18,12358,raspi4,ImageNet16-120,34.055557,1.582727,0.717793,16265
9,18,1413,raspi4,ImageNet16-120,42.711113,3.788479,0.717793,16265
9,18,14792,raspi4,ImageNet16-120,43.033333,3.792447,0.717793,16265
9,18,1188,raspi4,ImageNet16-120,32.455555,1.526725,0.717793,16265
9,18,15363,raspi4,ImageNet16-120,44.333332,4.480516,0.717793,16265
9,18,1939,raspi4,ImageNet16-120,45.077778,5.341908,0.717793,16265
9,18,4988,raspi4,ImageNet16-120,28.933332,1.003251,0.717793,16265
9,18,14417,raspi4,ImageNet16-120,45.900000,6.948865,0.717793,16265
9,18,2779,raspi4,ImageNet16-120,37.355556,2.190654,0.717793,16265
9,18,7187,raspi4,ImageNet16-120,28.683332,0.952790,0.717793,16265
9,18,13931,raspi4,ImageNet16-120,28.788889,0.956195,0.717793,16265
9,18,8733,raspi4,ImageNet16-120,46.600000,7.477213,0.717793,16265
9,18,6336,raspi4,ImageNet16-120,39.366665,3.073392,0.717793,16265
9,18,14677,raspi4,ImageNet16-120,33.233334,1.537227,0.717793,16265
9,18,6854,raspi4,ImageNet16-120,40.800000,3.661016,0.717793,16265
9,18,11946,raspi4,ImageNet16-120,28.200000,0.940293,0.717793,16265
9,18,13059,raspi4,ImageNet16-120,34.266666,1.595651,0.717793,16265
9,18,3960,raspi4,ImageNet16-120,37.755554,2.197980,0.717793,16265
9,18,8584,raspi4,ImageNet16-120,34.088890,1.586268,0.717793,16265
9,18,6868,raspi4,ImageNet16-120,39.000000,2.982937,0.717793,16265
9,18,12505,raspi4,ImageNet16-120,39.283333,3.062432,0.717793,16265
9,18,219,raspi4,ImageNet16-120,42.500000,3.768475,0.717793,16265
9,18,8884,raspi4,ImageNet16-120,45.033333,5.293177,0.717793,16265
9,18,10017,raspi4,ImageNet16-120,40.566666,3.181383,0.717793,16265
9,18,11584,raspi4,ImageNet16-120,46.666668,8.014434,0.717793,16265
9,18,9585,raspi4,ImageNet16-120,0.833333,0.011519,0.717793,16265
9,18,7227,raspi4,ImageNet16-120,32.533333,1.530737,0.717793,16265
9,18,5455,raspi4,ImageNet16-120,32.611110,1.532377,0.717793,16265
9,18,1204,raspi4,ImageNet16-120,37.844444,2.199356,0.717793,16265
9,18,10715,raspi4,ImageNet16-120,45.533333,6.790813,0.717793,16265
9,18,14750,raspi4,ImageNet16-120,32.933334,1.536700,0.717793,16265
9,18,14697,raspi4,ImageNet16-120,33.900000,1.580382,0.717793,16265
9,18,10835,raspi4,ImageNet16-120,45.233334,6.632419,0.717793,16265
9,18,735,raspi4,ImageNet16-120,38.544445,2.911079,0.717793,16265
9,18,7357,raspi4,ImageNet16-120,44.666668,4.480689,0.717793,16265
9,18,13771,raspi4,ImageNet16-120,32.744446,1.533813,0.717793,16265
9,18,10167,raspi4,ImageNet16-120,39.944443,3.106316,0.717793,16265
9,18,3687,raspi4,ImageNet16-120,34.066666,1.583497,0.717793,16265
10,1,5400,edgegpu,cifar10,86.630000,1.427460,0.558659,16531
10,1,10484,edgegpu,cifar10,93.810000,3.354015,0.558659,16531
10,1,14527,edgegpu,cifar10,86.765000,1.439619,0.558659,16531
10,1,13714,edgegpu,cifar10,94.373340,6.772180,0.558659,16531
10,1,6499,edgegpu,cifar10,93.645000,3.331041,0.558659,16531
10,1,14090,edgegpu,cifar10,92.086670,1.749086,0.558659,16531
10,1,1339,edgegpu,cifar10,92.136665,1.751881,0.558659,16531
10,1,5780,edgegpu,cifar10,93.980000,3.361888,0.558659,16531
10,1,9099,edgegpu,cifar10,93.940000,3.357520,0.558659,16531
10,1,5292,edgegpu,cifar10,94.293335,6.663151,0.558659,16531
10,1,11438,edgegpu,cifar10,92.500000,1.846719,0.558659,16531
10,1,13401,edgegpu,cifar10,87.010000,1.457009,0.558659,16531
10,1,258,edgegpu,cifar10,93.640000,3.307109,0.558659,16531
10,1,11692,edgegpu,cifar10,94.130000,4.708362,0.558659,16531
10,1,14407,edgegpu,cifar10,86.770000,1.440282,0.558659,16531
10,1,11810,edgegpu,cifar10,92.780000,1.992798,0.558659,16531
10,1,2776,edgegpu,cifar10,93.666664,3.331194,0.558659,16531
10,1,6950,edgegpu,cifar10,92.000000,1.738467,0.558659,16531
10,1,2053,edgegpu,cifar10,94.206665,5.482254,0.558659,16531
10,1,15200,edgegpu,cifar10,10.000000,0.501385,0.558659,16531
10,1,1549,edgegpu,cifar10,86.710000,1.436324,0.558659,16531
10,1,1459,edgegpu,cifar10,94.296670,6.748991,0.558659,16531
10,1,6960,edgegpu,cifar10,92.280000,1.764450,0.558659,16531
10,2,6382,edgetpu,cifar10,93.376660,0.628638,0.503493,16043
10,2,8192,edgetpu,cifar10,93.093330,0.627745,0.503493,16043
10,2,5111,edgetpu,cifar10,94.306660,1.152010,0.503493,16043
10,2,8008,edgetpu,cifar10,93.480000,0.629746,0.503493,16043
10,2,2485,edgetpu,cifar10,86.700000,0.346546,0.503493,16043
10,2,11692,edgetpu,cifar10,94.130000,0.761100,0.503493,16043
10,2,13611,edgetpu,cifar10,92.490000,0.481826,0.503493,16043
10,2,797,edgetpu,cifar10,93.280000,0.627996,0.503493,16043
10,2,11438,edgetpu,cifar10,92.500000,0.482393,0.503493,16043
10,2,5258,edgetpu,cifar10,88.775000,0.388629,0.503493,16043
10,2,9950,edgetpu,cifar10,93.840000,0.723767,0.503493,16043
10,2,11810,edgetpu,cifar10,92.780000,0.482879,0.503493,16043
10,2,3731,edgetpu,cifar10,94.343330,1.282820,0.503493,16043
10,2,9380,edgetpu,cifar10,89.335000,0.395662,0.503493,16043
10,2,5780,edgetpu,cifar10,93.980000,0.723967,0.503493,16043
10,2,10683,edgetpu,cifar10,92.330000,0.481277,0.503493,16043
10,2,3927,edgetpu,cifar10,93.626660,0.723268,0.503493,16043
10,2,9689,edgetpu,cifar10,93.370000,0.628386,0.503493,16043
10,2,7017,edgetpu,cifar10,86.970000,0.353089,0.503493,16043
10,2,4161,edgetpu,cifar10,89.250000,0.391221,0.503493,16043
10,2,6918,edgetpu,cifar10,87.000000,0.375819,0.503493,16043
10,2,11112,edgetpu,cifar10,92.110000,0.480732,0.503493,16043
10,2,13714,edgetpu,cifar10,94.373340,1.377865,0.503493,16043
10,2,2053,edgetpu,cifar10,94.206665,1.042178,0.503493,16043
10,2,5647,edgetpu,cifar10,89.110000,0.389378,0.503493,16043
10,3,11692,eyeriss,cifar10,94.130000,4.874420,0.472699,16778
10,3,8008,eyeriss,cifar10,93.480000,3.399860,0.472699,16778
10,3,6899,eyeriss,cifar10,90.900000,2.416820,0.472699,16778
10,3,5111,eyeriss,cifar10,94.306660,5.365940,0.472699,16778
10,3,3731,eyeriss,cifar10,94.343330,6.594740,0.472699,16778
10,3,8592,eyeriss,cifar10,93.750000,3.891380,0.472699,16778
10,3,3687,eyeriss,cifar10,89.820000,1.925300,0.472699,16778
10,3,4384,eyeriss,cifar10,86.796670,1.679540,0.472699,16778
10,3,8323,eyeriss,cifar10,90.870000,2.171060,0.472699,16778
10,3,11472,eyeriss,cifar10,93.970000,4.628660,0.472699,16778
10,3,6111,eyeriss,cifar10,94.373340,7.823540,0.472699,16778
10,3,14112,eyeriss,cifar10,91.296670,2.908340,0.472699,16778
10,3,6854,eyeriss,cifar10,91.040000,2.662580,0.472699,16778
10,3,13611,eyeriss,cifar10,92.490000,3.154100,0.472699,16778
10,3,13714,eyeriss,cifar10,94.373340,7.823540,0.472699,16778
10,3,13987,eyeriss,cifar10,93.596664,3.645620,0.472699,16778
10,4,13611,fpga,cifar10,92.490000,2.390560,0.413304,16325
10,4,5111,fpga,cifar10,94.306660,5.193760,0.413304,16325
10,4,11472,fpga,cifar10,93.970000,3.648160,0.413304,16325
10,4,3731,fpga,cifar10,94.343330,5.936160,0.413304,16325
10,4,8008,fpga,cifar10,93.480000,2.905760,0.413304,16325
10,4,6584,fpga,cifar10,94.160000,4.163360,0.413304,16325
10,4,10412,fpga,cifar10,93.530000,3.420960,0.413304,16325
10,4,12438,fpga,cifar10,89.875000,1.648160,0.413304,16325
10,4,6111,fpga,cifar10,94.373340,6.678560,0.413304,16325
10,4,13714,fpga,cifar10,94.373340,6.678560,0.413304,16325
10,4,8323,fpga,cifar10,90.870000,2.163360,0.413304,16325
10,4,15295,fpga,cifar10,90.050000,2.057760,0.413304,16325
10,4,4384,fpga,cifar10,86.796670,1.132960,0.413304,16325
10,5,5111,pixel3,cifar10,94.306660,17.584600,0.684769,16295
10,5,1425,pixel3,cifar10,93.933334,12.536500,0.684769,16295
10,5,6863,pixel3,cifar10,86.740000,1.229320,0.684769,16295
10,5,4627,pixel3,cifar10,93.270000,7.036050,0.684769,16295
10,5,8592,pixel3,cifar10,93.750000,10.769800,0.684769,16295
10,5,2779,pixel3,cifar10,90.806660,3.102950,0.684769,16295
10,5,6382,pixel3,cifar10,93.376660,7.048190,0.684769,16295
10,5,2035,pixel3,cifar10,89.670000,1.706480,0.684769,16295
10,5,6854,pixel3,cifar10,91.040000,4.514220,0.684769,16295
10,5,6999,pixel3,cifar10,93.820000,12.260900,0.684769,16295
10,5,6985,pixel3,cifar10,89.940000,2.367450,0.684769,16295
10,5,6111,pixel3,cifar10,94.373340,23.584800,0.684769,16295
10,5,13171,pixel3,cifar10,93.530000,7.717220,0.684769,16295
10,5,4554,pixel3,cifar10,86.670000,1.114880,0.684769,16295
10,5,3731,pixel3,cifar10,94.343330,23.361300,0.684769,16295
10,5,8708,pixel3,cifar10,94.080000,12.839000,0.684769,16295
10,5,6918,pixel3,cifar10,87.000000,1.478790,0.684769,16295
10,5,8695,pixel3,cifar10,94.220000,17.564500,0.684769,16295
10,5,1497,pixel3,cifar10,86.556660,1.056630,0.684769,16295
10,5,6899,pixel3,cifar10,90.900000,3.961410,0.684769,16295
10,5,13987,pixel3,cifar10,93.596664,9.922680,0.684769,16295
10,5,1941,pixel3,cifar10,93.533330,9.128690,0.684769,16295
10,5,1781,pixel3,cifar10,89.883330,1.712020,0.684769,16295
10,5,10689,pixel3,cifar10,90.790000,2.669770,0.684769,16295
10,5,12452,pixel3,cifar10,91.350000,5.590110,0.684769,16295
10,5,1804,pixel3,cifar10,89.063330,1.579900,0.684769,16295
10,5,7197,pixel3,cifar10,90.366670,2.447670,0.684769,16295
10,5,7017,pixel3,cifar10,86.970000,1.403930,0.684769,16295
10,5,11692,pixel3,cifar10,94.130000,15.490100,0.684769,16295
10,5,1943,pixel3,cifar10,93.116670,6.492030,0.684769,16295
10,5,13869,pixel3,cifar10,93.656670,10.634700,0.684769,16295
10,5,8323,pixel3,cifar10,90.870000,3.106420,0.684769,16295
10,5,1416,pixel3,cifar10,89.546670,1.691430,0.684769,16295
10,5,9230,pixel3,cifar10,86.580000,1.056760,0.684769,16295
10,5,13096,pixel3,cifar10,90.700000,2.666040,0.684769,16295
10,5,8836,pixel3,cifar10,92.220000,6.313990,0.684769,16295
10,5,6434,pixel3,cifar10,91.080000,4.811140,0.684769,16295
10,5,1894,pixel3,cifar10,92.110000,5.778250,0.684769,16295
10,5,1339,pixel3,cifar10,92.136665,5.802240,0.684769,16295
10,5,7001,pixel3,cifar10,10.000000,0.003277,0.684769,16295
10,5,11972,pixel3,cifar10,91.510000,5.627010,0.684769,16295
10,5,6624,pixel3,cifar10,89.120000,1.670570,0.684769,16295
10,5,3,pixel3,cifar10,86.616670,1.062640,0.684769,16295
10,6,1690,raspi4,cifar10,86.646670,2.536549,0.678013,16201
10,6,7017,raspi4,cifar10,86.970000,2.544041,0.678013,16201
10,6,11692,raspi4,cifar10,94.130000,37.583630,0.678013,16201
10,6,2035,raspi4,cifar10,89.670000,4.984099,0.678013,16201
10,6,5111,raspi4,cifar10,94.306660,41.756905,0.678013,16201
10,6,8008,raspi4,cifar10,93.480000,22.571420,0.678013,16201
10,6,4689,raspi4,cifar10,90.720000,7.356712,0.678013,16201
10,6,10275,raspi4,cifar10,91.080000,9.993188,0.678013,16201
10,6,1941,raspi4,cifar10,93.533330,25.121769,0.678013,16201
10,6,1962,raspi4,cifar10,86.530000,2.529453,0.678013,16201
10,6,6382,raspi4,cifar10,93.376660,21.461164,0.678013,16201
10,6,2058,raspi4,cifar10,93.270000,19.484835,0.678013,16201
10,6,10412,raspi4,cifar10,93.530000,25.079220,0.678013,16201
10,6,8323,raspi4,cifar10,90.870000,7.426308,0.678013,16201
10,6,3731,raspi4,cifar10,94.343330,58.070793,0.678013,16201
10,6,8592,raspi4,cifar10,93.750000,25.477009,0.678013,16201
10,6,6111,raspi4,cifar10,94.373340,68.404106,0.678013,16201
10,6,4432,raspi4,cifar10,90.700000,7.290926,0.678013,16201
10,6,7058,raspi4,cifar10,92.040000,16.469465,0.678013,16201
10,6,12002,raspi4,cifar10,93.510000,24.816572,0.678013,16201
10,6,1804,raspi4,cifar10,89.063330,4.791845,0.678013,16201
10,6,8426,raspi4,cifar10,93.840000,31.394428,0.678013,16201
10,6,9980,raspi4,cifar10,10.000000,0.011284,0.678013,16201
10,6,6985,raspi4,cifar10,89.940000,4.995646,0.678013,16201
10,6,14565,raspi4,cifar10,88.880000,4.781183,0.678013,16201
10,6,14677,raspi4,cifar10,88.670000,4.755260,0.678013,16201
10,6,12238,raspi4,cifar10,91.690000,16.046099,0.678013,16201
10,6,6960,raspi4,cifar10,92.280000,17.162752,0.678013,16201
10,6,13320,raspi4,cifar10,89.330000,4.889096,0.678013,16201
10,6,11533,raspi4,cifar10,93.420000,21.715693,0.678013,16201
10,6,5780,raspi4,cifar10,93.980000,34.928463,0.678013,16201
10,6,9271,raspi4,cifar10,89.250000,4.830311,0.678013,16201
10,6,4210,raspi4,cifar10,89.030000,4.782748,0.678013,16201
10,6,11810,raspi4,cifar10,92.780000,18.619905,0.678013,16201
10,6,13611,raspi4,cifar10,92.490000,18.523302,0.678013,16201
10,6,6918,raspi4,cifar10,87.000000,2.787590,0.678013,16201
10,6,12505,raspi4,cifar10,92.150000,16.747276,0.678013,16201
10,7,9997,edgegpu,cifar100,71.520000,3.466139,0.494572,16548
10,7,2304,edgegpu,cifar100,58.660000,1.440253,0.494572,16548
10,7,4418,edgegpu,cifar100,72.746666,5.352364,0.494572,16548
10,7,9922,edgegpu,cifar100,58.560000,1.428552,0.494572,16548
10,7,3888,edgegpu,cifar100,73.260000,6.797867,0.494572,16548
10,7,9930,edgegpu,cifar100,73.513336,6.803060,0.494572,16548
10,7,11810,edgegpu,cifar100,68.300000,1.779551,0.494572,16548
10,7,6381,edgegpu,cifar100,66.800000,1.753340,0.494572,16548
10,7,11067,edgegpu,cifar100,58.186670,1.427836,0.494572,16548
10,7,12415,edgegpu,cifar100,71.940000,4.828467,0.494572,16548
10,7,8912,edgegpu,cifar100,59.200000,1.441355,0.494572,16548
10,7,1038,edgegpu,cifar100,67.500000,1.758428,0.494572,16548
10,7,1425,edgegpu,cifar100,72.093330,5.310225,0.494572,16548
10,7,8401,edgegpu,cifar100,71.080000,3.302102,0.494572,16548
10,7,4954,edgegpu,cifar100,73.000000,6.669736,0.494572,16548
10,7,2778,edgegpu,cifar100,72.993330,6.134028,0.494572,16548
10,7,1509,edgegpu,cifar100,1.000000,0.505853,0.494572,16548
10,7,6124,edgegpu,cifar100,68.360000,3.185835,0.494572,16548
10,7,11885,edgegpu,cifar100,68.040000,1.776652,0.494572,16548
10,8,11533,edgetpu,cifar100,69.760000,0.635877,0.573410,16180
10,8,11885,edgetpu,cifar100,68.040000,0.489665,0.573410,16180
10,8,9930,edgetpu,cifar100,73.513336,1.454107,0.573410,16180
10,8,12415,edgetpu,cifar100,71.940000,0.872299,0.573410,16180
10,8,5019,edgetpu,cifar100,58.880000,0.357058,0.573410,16180
10,8,9997,edgetpu,cifar100,71.520000,0.729986,0.573410,16180
10,8,3303,edgetpu,cifar100,62.420000,0.392593,0.573410,16180
10,8,8401,edgetpu,cifar100,71.080000,0.728572,0.573410,16180
10,8,12607,edgetpu,cifar100,62.600000,0.392830,0.573410,16180
10,8,8638,edgetpu,cifar100,58.860000,0.356631,0.573410,16180
10,8,577,edgetpu,cifar100,69.680000,0.635228,0.573410,16180
10,8,69,edgetpu,cifar100,71.020000,0.727259,0.573410,16180
10,8,777,edgetpu,cifar100,58.650000,0.355588,0.573410,16180
10,8,857,edgetpu,cifar100,72.880000,1.264168,0.573410,16180
10,8,10000,edgetpu,cifar100,73.160000,1.283461,0.573410,16180
10,8,1110,edgetpu,cifar100,58.840000,0.355938,0.573410,16180
10,8,1383,edgetpu,cifar100,70.273330,0.673722,0.573410,16180
10,8,15363,edgetpu,cifar100,70.520000,0.676394,0.573410,16180
10,8,12761,edgetpu,cifar100,72.860000,1.225212,0.573410,16180
10,8,2705,edgetpu,cifar100,62.813330,0.393026,0.573410,16180
10,8,8912,edgetpu,cifar100,59.200000,0.377698,0.573410,16180
10,8,4155,edgetpu,cifar100,62.306667,0.391442,0.573410,16180
10,8,13829,edgetpu,cifar100,66.873340,0.485137,0.573410,16180
10,8,11112,edgetpu,cifar100,66.893330,0.486713,0.573410,16180
10,8,4418,edgetpu,cifar100,72.746666,1.093699,0.573410,16180
10,8,1996,edgetpu,cifar100,67.820000,0.486748,0.573410,16180
10,8,11810,edgetpu,cifar100,68.300000,0.492126,0.573410,16180
10,8,1943,edgetpu,cifar100,69.626660,0.634759,0.573410,16180
10,8,1425,edgetpu,cifar100,72.093330,0.910660,0.573410,16180
10,8,14945,edgetpu,cifar100,58.500000,0.354940,0.573410,16180
10,8,781,edgetpu,cifar100,67.960000,0.487922,0.573410,16180
10,8,797,edgetpu,cifar100,69.580000,0.633351,0.573410,16180
10,8,3888,edgetpu,cifar100,73.260000,1.316226,0.573410,16180
10,8,9271,edgetpu,cifar100,63.400000,0.393151,0.573410,16180
10,8,12574,edgetpu,cifar100,72.740000,0.932430,0.573410,16180
10,8,4659,edgetpu,cifar100,70.060000,0.636433,0.573410,16180
10,9,9930,eyeriss,cifar100,73.513336,9.055360,0.513872,16670
10,9,12761,eyeriss,cifar100,72.860000,6.352000,0.513872,16670
10,9,5651,eyeriss,cifar100,64.690000,1.928320,0.513872,16670
10,9,3888,eyeriss,cifar100,73.260000,6.597760,0.513872,16670
10,9,6925,eyeriss,cifar100,71.220000,3.894400,0.513872,16670
10,9,14112,eyeriss,cifar100,68.386665,2.911360,0.513872,16670
10,9,11301,eyeriss,cifar100,68.220000,2.665600,0.513872,16670
10,9,6787,eyeriss,cifar100,70.720000,3.648640,0.513872,16670
10,9,12820,eyeriss,cifar100,67.720000,2.419840,0.513872,16670
10,9,5084,eyeriss,cifar100,58.813330,1.682560,0.513872,16670
10,9,14714,eyeriss,cifar100,71.280000,4.140160,0.513872,16670
10,9,10689,eyeriss,cifar100,67.500000,2.174080,0.513872,16670
10,9,3540,eyeriss,cifar100,71.500000,4.877440,0.513872,16670
10,9,12574,eyeriss,cifar100,72.740000,5.123200,0.513872,16670
10,9,3487,eyeriss,cifar100,70.093330,3.402880,0.513872,16670
10,10,6787,fpga,cifar100,70.720000,3.420960,0.435849,16385
10,10,10689,fpga,cifar100,67.500000,2.163360,0.435849,16385
10,10,5084,fpga,cifar100,58.813330,1.132960,0.435849,16385
10,10,3540,fpga,cifar100,71.500000,4.163360,0.435849,16385
10,10,9930,fpga,cifar100,73.513336,7.420960,0.435849,16385
10,10,6925,fpga,cifar100,71.220000,3.936160,0.435849,16385
10,10,11973,fpga,cifar100,70.340000,2.905760,0.435849,16385
10,10,12574,fpga,cifar100,72.740000,4.678560,0.435849,16385
10,10,3888,fpga,cifar100,73.260000,5.936160,0.435849,16385
10,10,12295,fpga,cifar100,71.160000,3.648160,0.435849,16385
10,10,15033,fpga,cifar100,67.793335,2.390560,0.435849,16385
10,10,12761,fpga,cifar100,72.860000,5.420960,0.435849,16385
10,10,375,fpga,cifar100,64.440000,1.648160,0.435849,16385
10,10,5033,fpga,cifar100,59.060000,1.542560,0.435849,16385
10,10,4249,fpga,cifar100,65.080000,2.057760,0.435849,16385
10,10,9997,fpga,cifar100,71.520000,4.572960,0.435849,16385
10,11,14112,pixel3,cifar100,68.386665,5.745320,0.705402,16368
10,11,4432,pixel3,cifar100,66.486664,3.105870,0.705402,16368
10,11,11301,pixel3,cifar100,68.220000,5.352090,0.705402,16368
10,11,9930,pixel3,cifar100,73.513336,42.003600,0.705402,16368
10,11,6337,pixel3,cifar100,1.000000,0.008753,0.705402,16368
10,11,12574,pixel3,cifar100,72.740000,16.473900,0.705402,16368
10,11,1459,pixel3,cifar100,73.140000,23.437900,0.705402,16368
10,11,11000,pixel3,cifar100,71.180000,10.677600,0.705402,16368
10,11,6925,pixel3,cifar100,71.220000,10.688000,0.705402,16368
10,11,12970,pixel3,cifar100,68.140000,4.782110,0.705402,16368
10,11,8912,pixel3,cifar100,59.200000,1.478790,0.705402,16368
10,11,8323,pixel3,cifar100,67.080000,3.106340,0.705402,16368
10,11,572,pixel3,cifar100,70.313330,8.017480,0.705402,16368
10,11,1409,pixel3,cifar100,58.853333,1.275090,0.705402,16368
10,11,8638,pixel3,cifar100,58.860000,1.478570,0.705402,16368
10,11,3888,pixel3,cifar100,73.260000,23.477200,0.705402,16368
10,11,1631,pixel3,cifar100,63.986668,1.805000,0.705402,16368
10,11,657,pixel3,cifar100,58.233334,1.233070,0.705402,16368
10,11,898,pixel3,cifar100,70.000000,6.516140,0.705402,16368
10,11,699,pixel3,cifar100,72.240000,12.079400,0.705402,16368
10,11,485,pixel3,cifar100,67.593330,4.124800,0.705402,16368
10,11,375,pixel3,cifar100,64.440000,2.363140,0.705402,16368
10,11,1595,pixel3,cifar100,62.146667,1.665240,0.705402,16368
10,11,10042,pixel3,cifar100,64.880000,2.794690,0.705402,16368
10,11,858,pixel3,cifar100,64.133330,2.003500,0.705402,16368
10,11,1090,pixel3,cifar100,65.220000,2.811310,0.705402,16368
10,11,1450,pixel3,cifar100,70.506670,9.337360,0.705402,16368
10,11,5651,pixel3,cifar100,64.690000,2.376870,0.705402,16368
10,11,857,pixel3,cifar100,72.880000,19.113200,0.705402,16368
10,11,6787,pixel3,cifar100,70.720000,9.854430,0.705402,16368
10,11,15363,pixel3,cifar100,70.520000,9.708640,0.705402,16368
10,11,779,pixel3,cifar100,62.270000,1.676580,0.705402,16368
10,11,10689,pixel3,cifar100,67.500000,3.109220,0.705402,16368
10,11,1593,pixel3,cifar100,62.126667,1.582050,0.705402,16368
10,12,14612,raspi4,cifar100,58.720000,2.563505,0.631702,16364
10,12,2035,raspi4,cifar100,63.926666,5.005698,0.631702,16364
10,12,6918,raspi4,cifar100,58.800000,2.571364,0.631702,16364
10,12,15363,raspi4,cifar100,70.520000,21.809430,0.631702,16364
10,12,4409,raspi4,cifar100,67.173330,7.228629,0.631702,16364
10,12,3408,raspi4,cifar100,63.993332,5.081906,0.631702,16364
10,12,375,raspi4,cifar100,64.440000,5.099302,0.631702,16364
10,12,9271,raspi4,cifar100,63.400000,4.800893,0.631702,16364
10,12,898,raspi4,cifar100,70.000000,21.506163,0.631702,16364
10,12,9926,raspi4,cifar100,63.520000,4.999532,0.631702,16364
10,12,7030,raspi4,cifar100,69.600000,19.218203,0.631702,16364
10,12,6787,raspi4,cifar100,70.720000,23.081835,0.631702,16364
10,12,13430,raspi4,cifar100,66.700000,7.203785,0.631702,16364
10,12,14792,raspi4,cifar100,69.500000,19.111843,0.631702,16364
10,12,1459,raspi4,cifar100,73.140000,53.879950,0.631702,16364
10,12,12607,raspi4,cifar100,62.600000,4.779045,0.631702,16364
10,12,14112,raspi4,cifar100,68.386665,14.423308,0.631702,16364
10,12,6822,raspi4,cifar100,58.426666,2.558594,0.631702,16364
10,12,9930,raspi4,cifar100,73.513336,71.152000,0.631702,16364
10,12,6925,raspi4,cifar100,71.220000,24.195030,0.631702,16364
10,12,9997,raspi4,cifar100,71.520000,34.996710,0.631702,16364
10,12,12574,raspi4,cifar100,72.740000,36.371254,0.631702,16364
10,12,8740,raspi4,cifar100,1.000000,0.015215,0.631702,16364
10,12,10042,raspi4,cifar100,64.880000,5.100886,0.631702,16364
10,12,2222,raspi4,cifar100,58.313330,2.538255,0.631702,16364
10,12,12915,raspi4,cifar100,66.950000,7.226311,0.631702,16364
10,12,10222,raspi4,cifar100,58.860000,2.747804,0.631702,16364
10,12,4418,raspi4,cifar100,72.746666,47.162354,0.631702,16364
10,12,12761,raspi4,cifar100,72.860000,53.718200,0.631702,16364
10,12,1572,raspi4,cifar100,69.900000,19.916142,0.631702,16364
10,12,15589,raspi4,cifar100,59.060000,2.795078,0.631702,16364
10,12,3888,raspi4,cifar100,73.260000,55.029520,0.631702,16364
10,12,14714,raspi4,cifar100,71.280000,24.692347,0.631702,16364
10,12,6830,raspi4,cifar100,71.460000,34.491814,0.631702,16364
10,12,8912,raspi4,cifar100,59.200000,2.818969,0.631702,16364
10,12,3487,raspi4,cifar100,70.093330,21.603350,0.631702,16364
10,12,10689,raspi4,cifar100,67.500000,7.381845,0.631702,16364
10,13,10947,edgegpu,ImageNet16-120,39.944443,1.909800,0.577501,16482
10,13,9586,edgegpu,ImageNet16-120,46.933334,5.222673,0.577501,16482
10,13,4587,edgegpu,ImageNet16-120,28.800000,1.445131,0.577501,16482
10,13,8426,edgegpu,ImageNet16-120,44.633335,3.370147,0.577501,16482
10,13,4946,edgegpu,ImageNet16-120,44.700000,3.490419,0.577501,16482
10,13,1164,edgegpu,ImageNet16-120,28.522223,1.435223,0.577501,16482
10,13,8884,edgegpu,ImageNet16-120,45.033333,3.499999,0.577501,16482
10,13,7760,edgegpu,ImageNet16-120,39.100000,1.743751,0.577501,16482
10,13,15288,edgegpu,ImageNet16-120,28.422222,1.417041,0.577501,16482
10,13,4332,edgegpu,ImageNet16-120,39.444443,1.745496,0.577501,16482
10,13,6950,edgegpu,ImageNet16-120,38.700000,1.740150,0.577501,16482
10,13,2650,edgegpu,ImageNet16-120,42.433334,3.309817,0.577501,16482
10,13,5751,edgegpu,ImageNet16-120,40.044445,2.434626,0.577501,16482
10,13,8401,edgegpu,ImageNet16-120,43.833332,3.322444,0.577501,16482
10,13,9722,edgegpu,ImageNet16-120,44.000000,3.327813,0.577501,16482
10,13,4988,edgegpu,ImageNet16-120,28.933332,1.448212,0.577501,16482
10,13,7187,edgegpu,ImageNet16-120,28.683332,1.443858,0.577501,16482
10,13,11217,edgegpu,ImageNet16-120,43.466667,3.316708,0.577501,16482
10,13,14612,edgegpu,ImageNet16-120,28.488890,1.434064,0.577501,16482
10,13,14840,edgegpu,ImageNet16-120,45.311110,4.224715,0.577501,16482
10,13,13411,edgegpu,ImageNet16-120,31.855556,1.736240,0.577501,16482
10,13,454,edgegpu,ImageNet16-120,41.277780,3.303313,0.577501,16482
10,13,14117,edgegpu,ImageNet16-120,28.677778,1.435547,0.577501,16482
10,13,4160,edgegpu,ImageNet16-120,39.833332,1.756272,0.577501,16482
10,13,13760,edgegpu,ImageNet16-120,32.333332,1.739759,0.577501,16482
10,13,15159,edgegpu,ImageNet16-120,45.566666,4.632421,0.577501,16482
10,13,15376,edgegpu,ImageNet16-120,0.833333,0.533953,0.577501,16482
10,13,8736,edgegpu,ImageNet16-120,45.700000,5.206900,0.577501,16482
10,13,12081,edgegpu,ImageNet16-120,40.233334,2.730479,0.577501,16482
10,13,15383,edgegpu,ImageNet16-120,47.033333,6.262836,0.577501,16482
10,14,12415,edgetpu,ImageNet16-120,46.566666,0.710906,0.515100,16009
10,14,11079,edgetpu,ImageNet16-120,43.566666,0.552430,0.515100,16009
10,14,9689,edgetpu,ImageNet16-120,42.533333,0.549702,0.515100,16009
10,14,10332,edgetpu,ImageNet16-120,40.033333,0.516152,0.515100,16009
10,14,15014,edgetpu,ImageNet16-120,28.266666,0.358110,0.515100,16009
10,14,13931,edgetpu,ImageNet16-120,28.788889,0.360349,0.515100,16009
10,14,4988,edgetpu,ImageNet16-120,28.933332,0.360694,0.515100,16009
10,14,5674,edgetpu,ImageNet16-120,39.650000,0.428605,0.515100,16009
10,14,4627,edgetpu,ImageNet16-120,43.500000,0.552306,0.515100,16009
10,14,70,edgetpu,ImageNet16-120,39.377777,0.428228,0.515100,16009
10,14,3540,edgetpu,ImageNet16-120,45.122223,0.648670,0.515100,16009
10,14,7357,edgetpu,ImageNet16-120,44.666668,0.600498,0.515100,16009
10,14,6858,edgetpu,ImageNet16-120,40.333332,0.541300,0.515100,16009
10,14,15107,edgetpu,ImageNet16-120,39.800000,0.430284,0.515100,16009
10,14,14677,edgetpu,ImageNet16-120,33.233334,0.364575,0.515100,16009
10,14,13769,edgetpu,ImageNet16-120,41.555557,0.549360,0.515100,16009
10,14,4830,edgetpu,ImageNet16-120,42.233334,0.549457,0.515100,16009
10,14,7273,edgetpu,ImageNet16-120,42.966667,0.550014,0.515100,16009
10,14,8884,edgetpu,ImageNet16-120,45.033333,0.615792,0.515100,16009
10,14,11885,edgetpu,ImageNet16-120,39.166668,0.427395,0.515100,16009
10,14,15383,edgetpu,ImageNet16-120,47.033333,0.780914,0.515100,16009
10,14,8447,edgetpu,ImageNet16-120,40.011112,0.514586,0.515100,16009
10,14,4160,edgetpu,ImageNet16-120,39.833332,0.430355,0.515100,16009
10,14,10167,edgetpu,ImageNet16-120,39.944443,0.444058,0.515100,16009
10,14,6407,edgetpu,ImageNet16-120,32.333332,0.363748,0.515100,16009
10,14,15363,edgetpu,ImageNet16-120,44.333332,0.582280,0.515100,16009
10,14,11282,edgetpu,ImageNet16-120,39.633335,0.428409,0.515100,16009
10,14,5751,edgetpu,ImageNet16-120,40.044445,0.516992,0.515100,16009
10,14,7396,edgetpu,ImageNet16-120,40.177776,0.517218,0.515100,16009
10,14,10888,edgetpu,ImageNet16-120,28.333334,0.359044,0.515100,16009
10,14,6950,edgetpu,ImageNet16-120,38.700000,0.427379,0.515100,16009
10,14,7750,edgetpu,ImageNet16-120,43.066666,0.551617,0.515100,16009
10,14,14662,edgetpu,ImageNet16-120,41.166668,0.547835,0.515100,16009
10,14,7837,edgetpu,ImageNet16-120,32.111110,0.363571,0.515100,16009
10,14,13972,edgetpu,ImageNet16-120,31.933332,0.363440,0.515100,16009
10,14,7431,edgetpu,ImageNet16-120,32.577778,0.363954,0.515100,16009
10,14,6520,edgetpu,ImageNet16-120,32.383335,0.363944,0.515100,16009
10,14,14840,edgetpu,ImageNet16-120,45.311110,0.666690,0.515100,16009
10,15,2835,eyeriss,ImageNet16-120,38.222220,0.545920,0.482679,16836
10,15,6854,eyeriss,ImageNet16-120,40.800000,0.668800,0.482679,16836
10,15,8008,eyeriss,ImageNet16-120,43.500000,0.853120,0.482679,16836
10,15,8853,eyeriss,ImageNet16-120,45.600000,1.037440,0.482679,16836
10,15,1939,eyeriss,ImageNet16-120,45.077778,0.976000,0.482679,16836
10,15,6787,eyeriss,ImageNet16-120,44.400000,0.914560,0.482679,16836
10,15,14417,eyeriss,ImageNet16-120,45.900000,1.098880,0.482679,16836
10,15,15383,eyeriss,ImageNet16-120,47.033333,1.283200,0.482679,16836
10,15,857,eyeriss,ImageNet16-120,47.311110,1.651840,0.482679,16836
10,15,4829,eyeriss,ImageNet16-120,34.200000,0.484480,0.482679,16836
10,15,4988,eyeriss,ImageNet16-120,28.933332,0.423040,0.482679,16836
10,15,735,eyeriss,ImageNet16-120,38.544445,0.607360,0.482679,16836
10,16,15446,fpga,ImageNet16-120,45.766666,1.116320,0.529709,16453
10,16,8008,fpga,ImageNet16-120,43.500000,0.876800,0.529709,16453
10,16,15383,fpga,ImageNet16-120,47.033333,1.504000,0.529709,16453
10,16,6787,fpga,ImageNet16-120,44.400000,0.969600,0.529709,16453
10,16,2835,fpga,ImageNet16-120,38.222220,0.546720,0.529709,16453
10,16,14417,fpga,ImageNet16-120,45.900000,1.276320,0.529709,16453
10,16,1939,fpga,ImageNet16-120,45.077778,1.062400,0.529709,16453
10,16,6854,fpga,ImageNet16-120,40.800000,0.809120,0.529709,16453
10,16,857,fpga,ImageNet16-120,47.311110,2.038400,0.529709,16453
10,16,14748,fpga,ImageNet16-120,44.900000,0.995200,0.529709,16453
10,16,4829,fpga,ImageNet16-120,34.200000,0.415520,0.529709,16453
10,16,10017,fpga,ImageNet16-120,40.566666,0.784000,0.529709,16453
10,16,6868,fpga,ImageNet16-120,39.000000,0.649120,0.529709,16453
10,16,5793,fpga,ImageNet16-120,35.033333,0.517920,0.529709,16453
10,16,4988,fpga,ImageNet16-120,28.933332,0.284320,0.529709,16453
10,16,12452,fpga,ImageNet16-120,40.533333,0.780320,0.529709,16453
10,17,6014,pixel3,ImageNet16-120,28.533333,0.423391,0.666149,16221
10,17,735,pixel3,ImageNet16-120,38.544445,1.107950,0.666149,16221
10,17,12452,pixel3,ImageNet16-120,40.533333,1.504410,0.666149,16221
10,17,1549,pixel3,ImageNet16-120,28.655556,0.424747,0.666149,16221
10,17,6854,pixel3,ImageNet16-120,40.800000,1.621620,0.666149,16221
10,17,12424,pixel3,ImageNet16-120,43.133330,2.470150,0.666149,16221
10,17,4587,pixel3,ImageNet16-120,28.800000,0.445767,0.666149,16221
10,17,4977,pixel3,ImageNet16-120,32.966667,0.617991,0.666149,16221
10,17,1110,pixel3,ImageNet16-120,28.600000,0.423927,0.666149,16221
10,17,1939,pixel3,ImageNet16-120,45.077778,3.021500,0.666149,16221
10,17,3728,pixel3,ImageNet16-120,28.500000,0.422880,0.666149,16221
10,17,14417,pixel3,ImageNet16-120,45.900000,4.143030,0.666149,16221
10,17,11079,pixel3,ImageNet16-120,43.566666,2.479610,0.666149,16221
10,17,12466,pixel3,ImageNet16-120,46.100000,4.680280,0.666149,16221
10,17,8954,pixel3,ImageNet16-120,28.733334,0.424855,0.666149,16221
10,17,12639,pixel3,ImageNet16-120,40.400000,1.304440,0.666149,16221
10,17,11000,pixel3,ImageNet16-120,44.866665,2.962520,0.666149,16221
10,17,15383,pixel3,ImageNet16-120,47.033333,5.191720,0.666149,16221
10,17,13059,pixel3,ImageNet16-120,34.266666,0.668679,0.666149,16221
10,17,8584,pixel3,ImageNet16-120,34.088890,0.664046,0.666149,16221
10,17,4004,pixel3,ImageNet16-120,42.811110,2.467510,0.666149,16221
10,17,4384,pixel3,ImageNet16-120,28.133333,0.421612,0.666149,16221
10,17,15446,pixel3,ImageNet16-120,45.766666,3.439380,0.666149,16221
10,17,2835,pixel3,ImageNet16-120,38.222220,0.868646,0.666149,16221
10,17,857,pixel3,ImageNet16-120,47.311110,6.686850,0.666149,16221
10,17,10154,pixel3,ImageNet16-120,46.133335,4.783700,0.666149,16221
10,17,2018,pixel3,ImageNet16-120,46.433334,4.949210,0.666149,16221
10,17,2899,pixel3,ImageNet16-120,43.911110,2.701210,0.666149,16221
10,17,872,pixel3,ImageNet16-120,41.777780,2.465030,0.666149,16221
10,17,4988,pixel3,ImageNet16-120,28.933332,0.485996,0.666149,16221
10,17,1204,pixel3,ImageNet16-120,37.844444,0.864966,0.666149,16221
10,17,13756,pixel3,ImageNet16-120,0.833333,0.005289,0.666149,16221
10,17,4432,pixel3,ImageNet16-120,37.800000,0.861157,0.666149,16221
10,17,758,pixel3,ImageNet16-120,28.333334,0.422134,0.666149,16221
10,17,4895,pixel3,ImageNet16-120,33.200000,0.619070,0.666149,16221
10,17,898,pixel3,ImageNet16-120,42.466667,2.467210,0.666149,16221
10,17,1425,pixel3,ImageNet16-120,45.977780,4.619290,0.666149,16221
10,17,8683,pixel3,ImageNet16-120,44.200000,2.711960,0.666149,16221
10,18,13059,raspi4,ImageNet16-120,34.266666,1.595651,0.711692,16328
10,18,5530,raspi4,ImageNet16-120,42.577778,3.785925,0.711692,16328
10,18,14697,raspi4,ImageNet16-120,33.900000,1.580382,0.711692,16328
10,18,15363,raspi4,ImageNet16-120,44.333332,4.480516,0.711692,16328
10,18,1413,raspi4,ImageNet16-120,42.711113,3.788479,0.711692,16328
10,18,9806,raspi4,ImageNet16-120,39.966667,3.162904,0.711692,16328
10,18,41,raspi4,ImageNet16-120,32.388890,1.528043,0.711692,16328
10,18,6336,raspi4,ImageNet16-120,39.366665,3.073392,0.711692,16328
10,18,10715,raspi4,ImageNet16-120,45.533333,6.790813,0.711692,16328
10,18,3782,raspi4,ImageNet16-120,41.866665,3.755286,0.711692,16328
10,18,857,raspi4,ImageNet16-120,47.311110,9.020064,0.711692,16328
10,18,10167,raspi4,ImageNet16-120,39.944443,3.106316,0.711692,16328
10,18,2779,raspi4,ImageNet16-120,37.355556,2.190654,0.711692,16328
10,18,4995,raspi4,ImageNet16-120,42.166668,3.766336,0.711692,16328
10,18,7187,raspi4,ImageNet16-120,28.683332,0.952790,0.711692,16328
10,18,1939,raspi4,ImageNet16-120,45.077778,5.341908,0.711692,16328
10,18,11079,raspi4,ImageNet16-120,43.566666,3.802027,0.711692,16328
10,18,9496,raspi4,ImageNet16-120,38.200000,2.204048,0.711692,16328
10,18,6854,raspi4,ImageNet16-120,40.800000,3.661016,0.711692,16328
10,18,9032,raspi4,ImageNet16-120,38.016666,2.201532,0.711692,16328
10,18,10835,raspi4,ImageNet16-120,45.233334,6.632419,0.711692,16328
10,18,735,raspi4,ImageNet16-120,38.544445,2.911079,0.711692,16328
10,18,1804,raspi4,ImageNet16-120,32.833332,1.536996,0.711692,16328
10,18,15107,raspi4,ImageNet16-120,39.800000,3.083329,0.711692,16328
10,18,13931,raspi4,ImageNet16-120,28.788889,0.956195,0.711692,16328
10,18,14677,raspi4,ImageNet16-120,33.233334,1.537227,0.711692,16328
10,18,15383,raspi4,ImageNet16-120,47.033333,8.565354,0.711692,16328
10,18,7357,raspi4,ImageNet16-120,44.666668,4.480689,0.711692,16328
10,18,3192,raspi4,ImageNet16-120,45.477780,6.675633,0.711692,16328
10,18,3960,raspi4,ImageNet16-120,37.755554,2.197980,0.711692,16328
10,18,7227,raspi4,ImageNet16-120,32.533333,1.530737,0.711692,16328
10,18,8584,raspi4,ImageNet16-120,34.088890,1.586268,0.711692,16328
10,18,1204,raspi4,ImageNet16-120,37.844444,2.199356,0.711692,16328
10,18,14417,raspi4,ImageNet16-120,45.900000,6.948865,0.711692,16328
10,18,8884,raspi4,ImageNet16-120,45.033333,5.293177,0.711692,16328
10,18,4988,raspi4,ImageNet16-120,28.933332,1.003251,0.711692,16328
10,18,219,raspi4,ImageNet16-120,42.500000,3.768475,0.711692,16328
10,18,12505,raspi4,ImageNet16-120,39.283333,3.062432,0.711692,16328
10,18,6868,raspi4,ImageNet16-120,39.000000,2.982937,0.711692,16328
10,18,11946,raspi4,ImageNet16-120,28.200000,0.940293,0.711692,16328
10,18,11584,raspi4,ImageNet16-120,46.666668,8.014434,0.711692,16328
10,18,10472,raspi4,ImageNet16-120,39.633335,3.079679,0.711692,16328
10,18,13771,raspi4,ImageNet16-120,32.744446,1.533813,0.711692,16328
10,18,3687,raspi4,ImageNet16-120,34.066666,1.583497,0.711692,16328
10,18,14792,raspi4,ImageNet16-120,43.033333,3.792447,0.711692,16328
10,18,10017,raspi4,ImageNet16-120,40.566666,3.181383,0.711692,16328
10,18,8683,raspi4,ImageNet16-120,44.200000,4.462997,0.711692,16328
10,18,5455,raspi4,ImageNet16-120,32.611110,1.532377,0.711692,16328
10,18,8733,raspi4,ImageNet16-120,46.600000,7.477213,0.711692,16328
10,18,933,raspi4,ImageNet16-120,0.833333,0.011514,0.711692,16328
