run_id,context_id,archid,device,dataset,accuracy,latency,runtime_sec,evaluations
1,1,11438,edgegpu,cifar10,92.500000,1.846719,0.572793,16251
1,1,2053,edgegpu,cifar10,94.206665,5.482254,0.572793,16251
1,1,6330,edgegpu,cifar10,94.006670,4.384699,0.572793,16251
1,1,5400,edgegpu,cifar10,86.630000,1.427460,0.572793,16251
1,1,10484,edgegpu,cifar10,93.810000,3.354015,0.572793,16251
1,1,13714,edgegpu,cifar10,94.373340,6.772180,0.572793,16251
1,1,14527,edgegpu,cifar10,86.765000,1.439619,0.572793,16251
1,1,14090,edgegpu,cifar10,92.086670,1.749086,0.572793,16251
1,1,1459,edgegpu,cifar10,94.296670,6.748991,0.572793,16251
1,1,4803,edgegpu,cifar10,88.746666,1.748652,0.572793,16251
1,1,5780,edgegpu,cifar10,93.980000,3.361888,0.572793,16251
1,1,6499,edgegpu,cifar10,93.645000,3.331041,0.572793,16251
1,1,13401,edgegpu,cifar10,87.010000,1.457009,0.572793,16251
1,1,561,edgegpu,cifar10,86.880000,1.451068,0.572793,16251
1,1,11692,edgegpu,cifar10,94.130000,4.708362,0.572793,16251
1,1,11810,edgegpu,cifar10,92.780000,1.992798,0.572793,16251
1,1,5292,edgegpu,cifar10,94.293335,6.663151,0.572793,16251
1,1,6960,edgegpu,cifar10,92.280000,1.764450,0.572793,16251
1,1,2090,edgegpu,cifar10,86.650000,1.437702,0.572793,16251
1,1,15200,edgegpu,cifar10,10.000000,0.501385,0.572793,16251
1,1,9099,edgegpu,cifar10,93.940000,3.357520,0.572793,16251
1,1,14407,edgegpu,cifar10,86.770000,1.440282,0.572793,16251
1,2,12607,edgetpu,cifar10,89.180000,0.391577,0.678095,16471
1,2,8192,edgetpu,cifar10,93.093330,0.627745,0.678095,16471
1,2,6382,edgetpu,cifar10,93.376660,0.628638,0.678095,16471
1,2,1005,edgetpu,cifar10,89.183334,0.392518,0.678095,16471
1,2,7017,edgetpu,cifar10,86.970000,0.353089,0.678095,16471
1,2,13714,edgetpu,cifar10,94.373340,1.377865,0.678095,16471
1,2,6407,edgetpu,cifar10,88.933334,0.389381,0.678095,16471
1,2,13611,edgetpu,cifar10,92.490000,0.481826,0.678095,16471
1,2,797,edgetpu,cifar10,93.280000,0.627996,0.678095,16471
1,2,9689,edgetpu,cifar10,93.370000,0.628386,0.678095,16471
1,2,5780,edgetpu,cifar10,93.980000,0.723967,0.678095,16471
1,2,9380,edgetpu,cifar10,89.335000,0.395662,0.678095,16471
1,2,12439,edgetpu,cifar10,86.393330,0.352159,0.678095,16471
1,2,5111,edgetpu,cifar10,94.306660,1.152010,0.678095,16471
1,2,2053,edgetpu,cifar10,94.206665,1.042178,0.678095,16471
1,2,11112,edgetpu,cifar10,92.110000,0.480732,0.678095,16471
1,2,9722,edgetpu,cifar10,93.540000,0.723575,0.678095,16471
1,2,11692,edgetpu,cifar10,94.130000,0.761100,0.678095,16471
1,2,10293,edgetpu,cifar10,86.513336,0.352328,0.678095,16471
1,2,6918,edgetpu,cifar10,87.000000,0.375819,0.678095,16471
1,2,4675,edgetpu,cifar10,89.200000,0.395661,0.678095,16471
1,2,5258,edgetpu,cifar10,88.775000,0.388629,0.678095,16471
1,2,3731,edgetpu,cifar10,94.343330,1.282820,0.678095,16471
1,2,11438,edgetpu,cifar10,92.500000,0.482393,0.678095,16471
1,2,9817,edgetpu,cifar10,93.490000,0.723286,0.678095,16471
1,2,10683,edgetpu,cifar10,92.330000,0.481277,0.678095,16471
1,2,8008,edgetpu,cifar10,93.480000,0.629746,0.678095,16471
1,2,11810,edgetpu,cifar10,92.780000,0.482879,0.678095,16471
1,2,9950,edgetpu,cifar10,93.840000,0.723767,0.678095,16471
1,2,5224,edgetpu,cifar10,88.980000,0.389900,0.678095,16471
1,2,1595,edgetpu,cifar10,88.963330,0.389815,0.678095,16471
1,3,8720,eyeriss,cifar10,89.875000,1.925300,0.530506,16455
1,3,6899,eyeriss,cifar10,90.900000,2.416820,0.530506,16455
1,3,8592,eyeriss,cifar10,93.750000,3.891380,0.530506,16455
1,3,6854,eyeriss,cifar10,91.040000,2.662580,0.530506,16455
1,3,14112,eyeriss,cifar10,91.296670,2.908340,0.530506,16455
1,3,13714,eyeriss,cifar10,94.373340,7.823540,0.530506,16455
1,3,6111,eyeriss,cifar10,94.373340,7.823540,0.530506,16455
1,3,13987,eyeriss,cifar10,93.596664,3.645620,0.530506,16455
1,3,11692,eyeriss,cifar10,94.130000,4.874420,0.530506,16455
1,3,3731,eyeriss,cifar10,94.343330,6.594740,0.530506,16455
1,3,8008,eyeriss,cifar10,93.480000,3.399860,0.530506,16455
1,3,5111,eyeriss,cifar10,94.306660,5.365940,0.530506,16455
1,3,4384,eyeriss,cifar10,86.796670,1.679540,0.530506,16455
1,3,11472,eyeriss,cifar10,93.970000,4.628660,0.530506,16455
1,3,13611,eyeriss,cifar10,92.490000,3.154100,0.530506,16455
1,3,8323,eyeriss,cifar10,90.870000,2.171060,0.530506,16455
1,3,12438,eyeriss,cifar10,89.875000,1.925300,0.530506,16455
1,4,12002,fpga,cifar10,93.510000,3.420960,0.490120,16211
1,4,12438,fpga,cifar10,89.875000,1.648160,0.490120,16211
1,4,13714,fpga,cifar10,94.373340,6.678560,0.490120,16211
1,4,5111,fpga,cifar10,94.306660,5.193760,0.490120,16211
1,4,4384,fpga,cifar10,86.796670,1.132960,0.490120,16211
1,4,11376,fpga,cifar10,93.510000,3.420960,0.490120,16211
1,4,8720,fpga,cifar10,89.875000,1.648160,0.490120,16211
1,4,3731,fpga,cifar10,94.343330,5.936160,0.490120,16211
1,4,13611,fpga,cifar10,92.490000,2.390560,0.490120,16211
1,4,6111,fpga,cifar10,94.373340,6.678560,0.490120,16211
1,4,8008,fpga,cifar10,93.480000,2.905760,0.490120,16211
1,4,11692,fpga,cifar10,94.130000,4.163360,0.490120,16211
1,4,11472,fpga,cifar10,93.970000,3.648160,0.490120,16211
1,4,8323,fpga,cifar10,90.870000,2.163360,0.490120,16211
1,4,10431,fpga,cifar10,87.000000,1.542560,0.490120,16211
1,4,5217,fpga,cifar10,89.910000,2.057760,0.490120,16211
1,4,7407,fpga,cifar10,93.510000,3.420960,0.490120,16211
1,5,1425,pixel3,cifar10,93.933334,12.536500,0.801643,16075
1,5,2779,pixel3,cifar10,90.806660,3.102950,0.801643,16075
1,5,4554,pixel3,cifar10,86.670000,1.114880,0.801643,16075
1,5,6584,pixel3,cifar10,94.160000,15.720300,0.801643,16075
1,5,6854,pixel3,cifar10,91.040000,4.514220,0.801643,16075
1,5,1943,pixel3,cifar10,93.116670,6.492030,0.801643,16075
1,5,858,pixel3,cifar10,89.696660,1.870670,0.801643,16075
1,5,5111,pixel3,cifar10,94.306660,17.584600,0.801643,16075
1,5,12452,pixel3,cifar10,91.350000,5.590110,0.801643,16075
1,5,3731,pixel3,cifar10,94.343330,23.361300,0.801643,16075
1,5,2018,pixel3,cifar10,94.063330,14.960500,0.801643,16075
1,5,7001,pixel3,cifar10,10.000000,0.003277,0.801643,16075
1,5,6111,pixel3,cifar10,94.373340,23.584800,0.801643,16075
1,5,4578,pixel3,cifar10,89.673330,1.714730,0.801643,16075
1,5,8695,pixel3,cifar10,94.220000,17.564500,0.801643,16075
1,5,1339,pixel3,cifar10,92.136665,5.802240,0.801643,16075
1,5,6918,pixel3,cifar10,87.000000,1.478790,0.801643,16075
1,5,12820,pixel3,cifar10,90.880000,3.982790,0.801643,16075
1,5,6382,pixel3,cifar10,93.376660,7.048190,0.801643,16075
1,5,3385,pixel3,cifar10,93.990000,13.656500,0.801643,16075
1,5,8592,pixel3,cifar10,93.750000,10.769800,0.801643,16075
1,5,13869,pixel3,cifar10,93.656670,10.634700,0.801643,16075
1,5,11692,pixel3,cifar10,94.130000,15.490100,0.801643,16075
1,5,6999,pixel3,cifar10,93.820000,12.260900,0.801643,16075
1,5,1778,pixel3,cifar10,92.180000,6.446230,0.801643,16075
1,5,9032,pixel3,cifar10,90.740000,3.102890,0.801643,16075
1,5,13171,pixel3,cifar10,93.530000,7.717220,0.801643,16075
1,5,1941,pixel3,cifar10,93.533330,9.128690,0.801643,16075
1,5,8323,pixel3,cifar10,90.870000,3.106420,0.801643,16075
1,5,7341,pixel3,cifar10,86.720000,1.270180,0.801643,16075
1,5,13987,pixel3,cifar10,93.596664,9.922680,0.801643,16075
1,5,6985,pixel3,cifar10,89.940000,2.367450,0.801643,16075
1,5,6624,pixel3,cifar10,89.120000,1.670570,0.801643,16075
1,5,14941,pixel3,cifar10,89.710000,2.366260,0.801643,16075
1,5,1416,pixel3,cifar10,89.546670,1.691430,0.801643,16075
1,5,4627,pixel3,cifar10,93.270000,7.036050,0.801643,16075
1,5,7017,pixel3,cifar10,86.970000,1.403930,0.801643,16075
1,5,6434,pixel3,cifar10,91.080000,4.811140,0.801643,16075
1,5,1497,pixel3,cifar10,86.556660,1.056630,0.801643,16075
1,5,4432,pixel3,cifar10,90.700000,2.826310,0.801643,16075
1,5,7197,pixel3,cifar10,90.366670,2.447670,0.801643,16075
1,5,1804,pixel3,cifar10,89.063330,1.579900,0.801643,16075
1,6,2035,raspi4,cifar10,89.670000,4.984099,0.734805,15957
1,6,10412,raspi4,cifar10,93.530000,25.079220,0.734805,15957
1,6,14565,raspi4,cifar10,88.880000,4.781183,0.734805,15957
1,6,1941,raspi4,cifar10,93.533330,25.121769,0.734805,15957
1,6,7017,raspi4,cifar10,86.970000,2.544041,0.734805,15957
1,6,7207,raspi4,cifar10,89.803340,5.099723,0.734805,15957
1,6,3731,raspi4,cifar10,94.343330,58.070793,0.734805,15957
1,6,5111,raspi4,cifar10,94.306660,41.756905,0.734805,15957
1,6,1781,raspi4,cifar10,89.883330,5.961801,0.734805,15957
1,6,6111,raspi4,cifar10,94.373340,68.404106,0.734805,15957
1,6,8426,raspi4,cifar10,93.840000,31.394428,0.734805,15957
1,6,9271,raspi4,cifar10,89.250000,4.830311,0.734805,15957
1,6,6918,raspi4,cifar10,87.000000,2.787590,0.734805,15957
1,6,5780,raspi4,cifar10,93.980000,34.928463,0.734805,15957
1,6,6382,raspi4,cifar10,93.376660,21.461164,0.734805,15957
1,6,12504,raspi4,cifar10,92.130000,16.890614,0.734805,15957
1,6,1690,raspi4,cifar10,86.646670,2.536549,0.734805,15957
1,6,8592,raspi4,cifar10,93.750000,25.477009,0.734805,15957
1,6,8008,raspi4,cifar10,93.480000,22.571420,0.734805,15957
1,6,1962,raspi4,cifar10,86.530000,2.529453,0.734805,15957
1,6,11810,raspi4,cifar10,92.780000,18.619905,0.734805,15957
1,6,10275,raspi4,cifar10,91.080000,9.993188,0.734805,15957
1,6,11692,raspi4,cifar10,94.130000,37.583630,0.734805,15957
1,6,14677,raspi4,cifar10,88.670000,4.755260,0.734805,15957
1,6,6953,raspi4,cifar10,91.990000,15.601654,0.734805,15957
1,6,6960,raspi4,cifar10,92.280000,17.162752,0.734805,15957
1,6,2058,raspi4,cifar10,93.270000,19.484835,0.734805,15957
1,6,9980,raspi4,cifar10,10.000000,0.011284,0.734805,15957
1,6,6946,raspi4,cifar10,92.026665,16.686316,0.734805,15957
1,6,4210,raspi4,cifar10,89.030000,4.782748,0.734805,15957
1,6,13611,raspi4,cifar10,92.490000,18.523302,0.734805,15957
1,6,8323,raspi4,cifar10,90.870000,7.426308,0.734805,15957
1,6,3687,raspi4,cifar10,89.820000,5.156255,0.734805,15957
1,6,13846,raspi4,cifar10,90.720000,7.176163,0.734805,15957
1,6,4659,raspi4,cifar10,93.396670,22.249382,0.734805,15957
1,6,9380,raspi4,cifar10,89.335000,4.875613,0.734805,15957
1,6,1804,raspi4,cifar10,89.063330,4.791845,0.734805,15957
1,7,1509,edgegpu,cifar100,1.000000,0.505853,0.521844,16387
1,7,9997,edgegpu,cifar100,71.520000,3.466139,0.521844,16387
1,7,8912,edgegpu,cifar100,59.200000,1.441355,0.521844,16387
1,7,9922,edgegpu,cifar100,58.560000,1.428552,0.521844,16387
1,7,4418,edgegpu,cifar100,72.746666,5.352364,0.521844,16387
1,7,3888,edgegpu,cifar100,73.260000,6.797867,0.521844,16387
1,7,2304,edgegpu,cifar100,58.660000,1.440253,0.521844,16387
1,7,8401,edgegpu,cifar100,71.080000,3.302102,0.521844,16387
1,7,9930,edgegpu,cifar100,73.513336,6.803060,0.521844,16387
1,7,11810,edgegpu,cifar100,68.300000,1.779551,0.521844,16387
1,7,2778,edgegpu,cifar100,72.993330,6.134028,0.521844,16387
1,7,12415,edgegpu,cifar100,71.940000,4.828467,0.521844,16387
1,7,1038,edgegpu,cifar100,67.500000,1.758428,0.521844,16387
1,7,4954,edgegpu,cifar100,73.000000,6.669736,0.521844,16387
1,7,11885,edgegpu,cifar100,68.040000,1.776652,0.521844,16387
1,8,12607,edgetpu,cifar100,62.600000,0.392830,0.668103,16040
1,8,15363,edgetpu,cifar100,70.520000,0.676394,0.668103,16040
1,8,577,edgetpu,cifar100,69.680000,0.635228,0.668103,16040
1,8,10000,edgetpu,cifar100,73.160000,1.283461,0.668103,16040
1,8,3303,edgetpu,cifar100,62.420000,0.392593,0.668103,16040
1,8,2705,edgetpu,cifar100,62.813330,0.393026,0.668103,16040
1,8,857,edgetpu,cifar100,72.880000,1.264168,0.668103,16040
1,8,10443,edgetpu,cifar100,68.300000,0.489020,0.668103,16040
1,8,3888,edgetpu,cifar100,73.260000,1.316226,0.668103,16040
1,8,12415,edgetpu,cifar100,71.940000,0.872299,0.668103,16040
1,8,12761,edgetpu,cifar100,72.860000,1.225212,0.668103,16040
1,8,8401,edgetpu,cifar100,71.080000,0.728572,0.668103,16040
1,8,5019,edgetpu,cifar100,58.880000,0.357058,0.668103,16040
1,8,1110,edgetpu,cifar100,58.840000,0.355938,0.668103,16040
1,8,8912,edgetpu,cifar100,59.200000,0.377698,0.668103,16040
1,8,9930,edgetpu,cifar100,73.513336,1.454107,0.668103,16040
1,8,777,edgetpu,cifar100,58.650000,0.355588,0.668103,16040
1,8,9997,edgetpu,cifar100,71.520000,0.729986,0.668103,16040
1,8,1996,edgetpu,cifar100,67.820000,0.486748,0.668103,16040
1,8,797,edgetpu,cifar100,69.580000,0.633351,0.668103,16040
1,8,1383,edgetpu,cifar100,70.273330,0.673722,0.668103,16040
1,8,4418,edgetpu,cifar100,72.746666,1.093699,0.668103,16040
1,8,13829,edgetpu,cifar100,66.873340,0.485137,0.668103,16040
1,8,8638,edgetpu,cifar100,58.860000,0.356631,0.668103,16040
1,8,14945,edgetpu,cifar100,58.500000,0.354940,0.668103,16040
1,8,898,edgetpu,cifar100,70.000000,0.636860,0.668103,16040
1,8,4155,edgetpu,cifar100,62.306667,0.391442,0.668103,16040
1,8,12574,edgetpu,cifar100,72.740000,0.932430,0.668103,16040
1,8,8649,edgetpu,cifar100,70.690000,0.727284,0.668103,16040
1,8,11533,edgetpu,cifar100,69.760000,0.635877,0.668103,16040
1,8,9271,edgetpu,cifar100,63.400000,0.393151,0.668103,16040
1,8,1425,edgetpu,cifar100,72.093330,0.910660,0.668103,16040
1,8,11112,edgetpu,cifar100,66.893330,0.486713,0.668103,16040
1,9,5084,eyeriss,cifar100,58.813330,1.682560,0.539173,16513
1,9,3888,eyeriss,cifar100,73.260000,6.597760,0.539173,16513
1,9,12761,eyeriss,cifar100,72.860000,6.352000,0.539173,16513
1,9,6925,eyeriss,cifar100,71.220000,3.894400,0.539173,16513
1,9,10689,eyeriss,cifar100,67.500000,2.174080,0.539173,16513
1,9,6787,eyeriss,cifar100,70.720000,3.648640,0.539173,16513
1,9,12820,eyeriss,cifar100,67.720000,2.419840,0.539173,16513
1,9,14714,eyeriss,cifar100,71.280000,4.140160,0.539173,16513
1,9,9930,eyeriss,cifar100,73.513336,9.055360,0.539173,16513
1,9,3540,eyeriss,cifar100,71.500000,4.877440,0.539173,16513
1,9,11301,eyeriss,cifar100,68.220000,2.665600,0.539173,16513
1,9,12574,eyeriss,cifar100,72.740000,5.123200,0.539173,16513
1,9,11973,eyeriss,cifar100,70.340000,3.402880,0.539173,16513
1,9,5651,eyeriss,cifar100,64.690000,1.928320,0.539173,16513
1,9,14112,eyeriss,cifar100,68.386665,2.911360,0.539173,16513
1,10,6925,fpga,cifar100,71.220000,3.936160,0.537050,16290
1,10,6830,fpga,cifar100,71.460000,4.057760,0.537050,16290
1,10,11979,fpga,cifar100,68.000000,2.800160,0.537050,16290
1,10,3540,fpga,cifar100,71.500000,4.163360,0.537050,16290
1,10,9930,fpga,cifar100,73.513336,7.420960,0.537050,16290
1,10,12761,fpga,cifar100,72.860000,5.420960,0.537050,16290
1,10,5084,fpga,cifar100,58.813330,1.132960,0.537050,16290
1,10,3888,fpga,cifar100,73.260000,5.936160,0.537050,16290
1,10,10689,fpga,cifar100,67.500000,2.163360,0.537050,16290
1,10,12574,fpga,cifar100,72.740000,4.678560,0.537050,16290
1,10,15033,fpga,cifar100,67.793335,2.390560,0.537050,16290
1,10,12295,fpga,cifar100,71.160000,3.648160,0.537050,16290
1,10,5651,fpga,cifar100,64.690000,1.648160,0.537050,16290
1,10,6787,fpga,cifar100,70.720000,3.420960,0.537050,16290
1,10,11973,fpga,cifar100,70.340000,2.905760,0.537050,16290
1,10,4711,fpga,cifar100,64.993330,2.057760,0.537050,16290
1,11,3888,pixel3,cifar100,73.260000,23.477200,0.663722,16130
1,11,11000,pixel3,cifar100,71.180000,10.677600,0.663722,16130
1,11,1616,pixel3,cifar100,63.946667,1.731160,0.663722,16130
1,11,375,pixel3,cifar100,64.440000,2.363140,0.663722,16130
1,11,898,pixel3,cifar100,70.000000,6.516140,0.663722,16130
1,11,857,pixel3,cifar100,72.880000,19.113200,0.663722,16130
1,11,1090,pixel3,cifar100,65.220000,2.811310,0.663722,16130
1,11,858,pixel3,cifar100,64.133330,2.003500,0.663722,16130
1,11,5651,pixel3,cifar100,64.690000,2.376870,0.663722,16130
1,11,14112,pixel3,cifar100,68.386665,5.745320,0.663722,16130
1,11,6925,pixel3,cifar100,71.220000,10.688000,0.663722,16130
1,11,6787,pixel3,cifar100,70.720000,9.854430,0.663722,16130
1,11,1450,pixel3,cifar100,70.506670,9.337360,0.663722,16130
1,11,8912,pixel3,cifar100,59.200000,1.478790,0.663722,16130
1,11,12970,pixel3,cifar100,68.140000,4.782110,0.663722,16130
1,11,699,pixel3,cifar100,72.240000,12.079400,0.663722,16130
1,11,6337,pixel3,cifar100,1.000000,0.008753,0.663722,16130
1,11,1409,pixel3,cifar100,58.853333,1.275090,0.663722,16130
1,11,1631,pixel3,cifar100,63.986668,1.805000,0.663722,16130
1,11,15363,pixel3,cifar100,70.520000,9.708640,0.663722,16130
1,11,906,pixel3,cifar100,62.393333,1.661810,0.663722,16130
1,11,11973,pixel3,cifar100,70.340000,8.988510,0.663722,16130
1,11,8638,pixel3,cifar100,58.860000,1.478570,0.663722,16130
1,11,1357,pixel3,cifar100,67.480000,3.998260,0.663722,16130
1,11,12574,pixel3,cifar100,72.740000,16.473900,0.663722,16130
1,11,8323,pixel3,cifar100,67.080000,3.106340,0.663722,16130
1,11,777,pixel3,cifar100,58.650000,1.087020,0.663722,16130
1,11,1459,pixel3,cifar100,73.140000,23.437900,0.663722,16130
1,11,9930,pixel3,cifar100,73.513336,42.003600,0.663722,16130
1,12,9926,raspi4,cifar100,63.520000,4.999532,0.735759,15911
1,12,2222,raspi4,cifar100,58.313330,2.538255,0.735759,15911
1,12,10689,raspi4,cifar100,67.500000,7.381845,0.735759,15911
1,12,8740,raspi4,cifar100,1.000000,0.015215,0.735759,15911
1,12,14112,raspi4,cifar100,68.386665,14.423308,0.735759,15911
1,12,15363,raspi4,cifar100,70.520000,21.809430,0.735759,15911
1,12,3888,raspi4,cifar100,73.260000,55.029520,0.735759,15911
1,12,6787,raspi4,cifar100,70.720000,23.081835,0.735759,15911
1,12,10222,raspi4,cifar100,58.860000,2.747804,0.735759,15911
1,12,10042,raspi4,cifar100,64.880000,5.100886,0.735759,15911
1,12,15589,raspi4,cifar100,59.060000,2.795078,0.735759,15911
1,12,13430,raspi4,cifar100,66.700000,7.203785,0.735759,15911
1,12,12915,raspi4,cifar100,66.950000,7.226311,0.735759,15911
1,12,2063,raspi4,cifar100,62.320000,4.792511,0.735759,15911
1,12,9895,raspi4,cifar100,69.400000,19.211880,0.735759,15911
1,12,15246,raspi4,cifar100,66.966670,7.350053,0.735759,15911
1,12,9930,raspi4,cifar100,73.513336,71.152000,0.735759,15911
1,12,12574,raspi4,cifar100,72.740000,36.371254,0.735759,15911
1,12,14714,raspi4,cifar100,71.280000,24.692347,0.735759,15911
1,12,7030,raspi4,cifar100,69.600000,19.218203,0.735759,15911
1,12,4418,raspi4,cifar100,72.746666,47.162354,0.735759,15911
1,12,2035,raspi4,cifar100,63.926666,5.005698,0.735759,15911
1,12,12761,raspi4,cifar100,72.860000,53.718200,0.735759,15911
1,12,9997,raspi4,cifar100,71.520000,34.996710,0.735759,15911
1,12,1939,raspi4,cifar100,70.760000,24.555029,0.735759,15911
1,12,1459,raspi4,cifar100,73.140000,53.879950,0.735759,15911
1,12,6918,raspi4,cifar100,58.800000,2.571364,0.735759,15911
1,12,6294,raspi4,cifar100,66.973335,7.376450,0.735759,15911
1,12,9271,raspi4,cifar100,63.400000,4.800893,0.735759,15911
1,12,6822,raspi4,cifar100,58.426666,2.558594,0.735759,15911
1,12,1616,raspi4,cifar100,63.946667,5.080509,0.735759,15911
1,12,1572,raspi4,cifar100,69.900000,19.916142,0.735759,15911
1,12,14612,raspi4,cifar100,58.720000,2.563505,0.735759,15911
1,12,3487,raspi4,cifar100,70.093330,21.603350,0.735759,15911
1,12,375,raspi4,cifar100,64.440000,5.099302,0.735759,15911
1,12,3408,raspi4,cifar100,63.993332,5.081906,0.735759,15911
1,13,9722,edgegpu,ImageNet16-120,44.000000,3.327813,0.666718,16295
1,13,7760,edgegpu,ImageNet16-120,39.100000,1.743751,0.666718,16295
1,13,8884,edgegpu,ImageNet16-120,45.033333,3.499999,0.666718,16295
1,13,4587,edgegpu,ImageNet16-120,28.800000,1.445131,0.666718,16295
1,13,8401,edgegpu,ImageNet16-120,43.833332,3.322444,0.666718,16295
1,13,4946,edgegpu,ImageNet16-120,44.700000,3.490419,0.666718,16295
1,13,10835,edgegpu,ImageNet16-120,45.233334,4.434366,0.666718,16295
1,13,8426,edgegpu,ImageNet16-120,44.633335,3.370147,0.666718,16295
1,13,9586,edgegpu,ImageNet16-120,46.933334,5.222673,0.666718,16295
1,13,11217,edgegpu,ImageNet16-120,43.466667,3.316708,0.666718,16295
1,13,9077,edgegpu,ImageNet16-120,39.500000,1.801076,0.666718,16295
1,13,4988,edgegpu,ImageNet16-120,28.933332,1.448212,0.666718,16295
1,13,768,edgegpu,ImageNet16-120,39.466667,1.776605,0.666718,16295
1,13,5751,edgegpu,ImageNet16-120,40.044445,2.434626,0.666718,16295
1,13,4332,edgegpu,ImageNet16-120,39.444443,1.745496,0.666718,16295
1,13,15288,edgegpu,ImageNet16-120,28.422222,1.417041,0.666718,16295
1,13,2650,edgegpu,ImageNet16-120,42.433334,3.309817,0.666718,16295
1,13,7187,edgegpu,ImageNet16-120,28.683332,1.443858,0.666718,16295
1,13,857,edgegpu,ImageNet16-120,47.311110,6.707663,0.666718,16295
1,13,1164,edgegpu,ImageNet16-120,28.522223,1.435223,0.666718,16295
1,13,15376,edgegpu,ImageNet16-120,0.833333,0.533953,0.666718,16295
1,13,6950,edgegpu,ImageNet16-120,38.700000,1.740150,0.666718,16295
1,13,14117,edgegpu,ImageNet16-120,28.677778,1.435547,0.666718,16295
1,13,12415,edgegpu,ImageNet16-120,46.566666,4.667692,0.666718,16295
1,13,12081,edgegpu,ImageNet16-120,40.233334,2.730479,0.666718,16295
1,13,15159,edgegpu,ImageNet16-120,45.566666,4.632421,0.666718,16295
1,13,15383,edgegpu,ImageNet16-120,47.033333,6.262836,0.666718,16295
1,13,8355,edgegpu,ImageNet16-120,39.666668,1.810203,0.666718,16295
1,13,10947,edgegpu,ImageNet16-120,39.944443,1.909800,0.666718,16295
1,13,14612,edgegpu,ImageNet16-120,28.488890,1.434064,0.666718,16295
1,13,454,edgegpu,ImageNet16-120,41.277780,3.303313,0.666718,16295
1,13,13411,edgegpu,ImageNet16-120,31.855556,1.736240,0.666718,16295
1,14,8447,edgetpu,ImageNet16-120,40.011112,0.514586,0.682770,15915
1,14,7837,edgetpu,ImageNet16-120,32.111110,0.363571,0.682770,15915
1,14,10017,edgetpu,ImageNet16-120,40.566666,0.524950,0.682770,15915
1,14,11079,edgetpu,ImageNet16-120,43.566666,0.552430,0.682770,15915
1,14,15014,edgetpu,ImageNet16-120,28.266666,0.358110,0.682770,15915
1,14,13931,edgetpu,ImageNet16-120,28.788889,0.360349,0.682770,15915
1,14,5751,edgetpu,ImageNet16-120,40.044445,0.516992,0.682770,15915
1,14,4988,edgetpu,ImageNet16-120,28.933332,0.360694,0.682770,15915
1,14,6407,edgetpu,ImageNet16-120,32.333332,0.363748,0.682770,15915
1,14,7750,edgetpu,ImageNet16-120,43.066666,0.551617,0.682770,15915
1,14,14840,edgetpu,ImageNet16-120,45.311110,0.666690,0.682770,15915
1,14,9689,edgetpu,ImageNet16-120,42.533333,0.549702,0.682770,15915
1,14,7174,edgetpu,ImageNet16-120,33.116665,0.391775,0.682770,15915
1,14,8884,edgetpu,ImageNet16-120,45.033333,0.615792,0.682770,15915
1,14,11885,edgetpu,ImageNet16-120,39.166668,0.427395,0.682770,15915
1,14,6520,edgetpu,ImageNet16-120,32.383335,0.363944,0.682770,15915
1,14,70,edgetpu,ImageNet16-120,39.377777,0.428228,0.682770,15915
1,14,12231,edgetpu,ImageNet16-120,40.200000,0.518358,0.682770,15915
1,14,323,edgetpu,ImageNet16-120,32.800000,0.377385,0.682770,15915
1,14,15383,edgetpu,ImageNet16-120,47.033333,0.780914,0.682770,15915
1,14,3540,edgetpu,ImageNet16-120,45.122223,0.648670,0.682770,15915
1,14,15363,edgetpu,ImageNet16-120,44.333332,0.582280,0.682770,15915
1,14,7273,edgetpu,ImageNet16-120,42.966667,0.550014,0.682770,15915
1,14,13769,edgetpu,ImageNet16-120,41.555557,0.549360,0.682770,15915
1,14,857,edgetpu,ImageNet16-120,47.311110,0.997730,0.682770,15915
1,14,8355,edgetpu,ImageNet16-120,39.666668,0.431866,0.682770,15915
1,14,5530,edgetpu,ImageNet16-120,42.577778,0.549937,0.682770,15915
1,14,4830,edgetpu,ImageNet16-120,42.233334,0.549457,0.682770,15915
1,14,10332,edgetpu,ImageNet16-120,40.033333,0.516152,0.682770,15915
1,14,12415,edgetpu,ImageNet16-120,46.566666,0.710906,0.682770,15915
1,14,13097,edgetpu,ImageNet16-120,39.655556,0.428424,0.682770,15915
1,14,6950,edgetpu,ImageNet16-120,38.700000,0.427379,0.682770,15915
1,15,4829,eyeriss,ImageNet16-120,34.200000,0.484480,0.482037,16468
1,15,1939,eyeriss,ImageNet16-120,45.077778,0.976000,0.482037,16468
1,15,8853,eyeriss,ImageNet16-120,45.600000,1.037440,0.482037,16468
1,15,14417,eyeriss,ImageNet16-120,45.900000,1.098880,0.482037,16468
1,15,8008,eyeriss,ImageNet16-120,43.500000,0.853120,0.482037,16468
1,15,2835,eyeriss,ImageNet16-120,38.222220,0.545920,0.482037,16468
1,15,735,eyeriss,ImageNet16-120,38.544445,0.607360,0.482037,16468
1,15,6854,eyeriss,ImageNet16-120,40.800000,0.668800,0.482037,16468
1,15,6787,eyeriss,ImageNet16-120,44.400000,0.914560,0.482037,16468
1,15,4988,eyeriss,ImageNet16-120,28.933332,0.423040,0.482037,16468
1,15,15383,eyeriss,ImageNet16-120,47.033333,1.283200,0.482037,16468
1,15,857,eyeriss,ImageNet16-120,47.311110,1.651840,0.482037,16468
1,16,6854,fpga,ImageNet16-120,40.800000,0.809120,0.529294,16144
1,16,8853,fpga,ImageNet16-120,45.600000,1.155200,0.529294,16144
1,16,1939,fpga,ImageNet16-120,45.077778,1.062400,0.529294,16144
1,16,4829,fpga,ImageNet16-120,34.200000,0.415520,0.529294,16144
1,16,6787,fpga,ImageNet16-120,44.400000,0.969600,0.529294,16144
1,16,8008,fpga,ImageNet16-120,43.500000,0.876800,0.529294,16144
1,16,735,fpga,ImageNet16-120,38.544445,0.677920,0.529294,16144
1,16,857,fpga,ImageNet16-120,47.311110,2.038400,0.529294,16144
1,16,10017,fpga,ImageNet16-120,40.566666,0.784000,0.529294,16144
1,16,4988,fpga,ImageNet16-120,28.933332,0.284320,0.529294,16144
1,16,4179,fpga,ImageNet16-120,38.433334,0.649120,0.529294,16144
1,16,15383,fpga,ImageNet16-120,47.033333,1.504000,0.529294,16144
1,16,5793,fpga,ImageNet16-120,35.033333,0.517920,0.529294,16144
1,16,14417,fpga,ImageNet16-120,45.900000,1.276320,0.529294,16144
1,16,2835,fpga,ImageNet16-120,38.222220,0.546720,0.529294,16144
1,16,14748,fpga,ImageNet16-120,44.900000,0.995200,0.529294,16144
1,16,8633,fpga,ImageNet16-120,39.766666,0.780320,0.529294,16144
1,17,1549,pixel3,ImageNet16-120,28.655556,0.424747,0.798130,15951
1,17,11079,pixel3,ImageNet16-120,43.566666,2.479610,0.798130,15951
1,17,2835,pixel3,ImageNet16-120,38.222220,0.868646,0.798130,15951
1,17,7401,pixel3,ImageNet16-120,28.866667,0.505777,0.798130,15951
1,17,2002,pixel3,ImageNet16-120,32.277780,0.617751,0.798130,15951
1,17,10293,pixel3,ImageNet16-120,28.188889,0.422463,0.798130,15951
1,17,6014,pixel3,ImageNet16-120,28.533333,0.423391,0.798130,15951
1,17,1110,pixel3,ImageNet16-120,28.600000,0.423927,0.798130,15951
1,17,872,pixel3,ImageNet16-120,41.777780,2.465030,0.798130,15951
1,17,735,pixel3,ImageNet16-120,38.544445,1.107950,0.798130,15951
1,17,4675,pixel3,ImageNet16-120,33.100000,0.620036,0.798130,15951
1,17,898,pixel3,ImageNet16-120,42.466667,2.467210,0.798130,15951
1,17,857,pixel3,ImageNet16-120,47.311110,6.686850,0.798130,15951
1,17,10154,pixel3,ImageNet16-120,46.133335,4.783700,0.798130,15951
1,17,6854,pixel3,ImageNet16-120,40.800000,1.621620,0.798130,15951
1,17,3728,pixel3,ImageNet16-120,28.500000,0.422880,0.798130,15951
1,17,8627,pixel3,ImageNet16-120,43.633335,2.707490,0.798130,15951
1,17,2018,pixel3,ImageNet16-120,46.433334,4.949210,0.798130,15951
1,17,12424,pixel3,ImageNet16-120,43.133330,2.470150,0.798130,15951
1,17,12452,pixel3,ImageNet16-120,40.533333,1.504410,0.798130,15951
1,17,1425,pixel3,ImageNet16-120,45.977780,4.619290,0.798130,15951
1,17,12639,pixel3,ImageNet16-120,40.400000,1.304440,0.798130,15951
1,17,1939,pixel3,ImageNet16-120,45.077778,3.021500,0.798130,15951
1,17,13059,pixel3,ImageNet16-120,34.266666,0.668679,0.798130,15951
1,17,4977,pixel3,ImageNet16-120,32.966667,0.617991,0.798130,15951
1,17,15383,pixel3,ImageNet16-120,47.033333,5.191720,0.798130,15951
1,17,12506,pixel3,ImageNet16-120,43.983334,2.929990,0.798130,15951
1,17,7187,pixel3,ImageNet16-120,28.683332,0.425223,0.798130,15951
1,17,2050,pixel3,ImageNet16-120,0.833333,0.005526,0.798130,15951
1,17,12355,pixel3,ImageNet16-120,45.033333,2.989390,0.798130,15951
1,17,12466,pixel3,ImageNet16-120,46.100000,4.680280,0.798130,15951
1,17,4587,pixel3,ImageNet16-120,28.800000,0.445767,0.798130,15951
1,17,15446,pixel3,ImageNet16-120,45.766666,3.439380,0.798130,15951
1,17,4432,pixel3,ImageNet16-120,37.800000,0.861157,0.798130,15951
1,17,1860,pixel3,ImageNet16-120,28.433332,0.422587,0.798130,15951
1,17,11000,pixel3,ImageNet16-120,44.866665,2.962520,0.798130,15951
1,17,12036,pixel3,ImageNet16-120,33.977780,0.665306,0.798130,15951
1,17,4004,pixel3,ImageNet16-120,42.811110,2.467510,0.798130,15951
1,18,7187,raspi4,ImageNet16-120,28.683332,0.952790,0.827374,16312
1,18,219,raspi4,ImageNet16-120,42.500000,3.768475,0.827374,16312
1,18,14792,raspi4,ImageNet16-120,43.033333,3.792447,0.827374,16312
1,18,14677,raspi4,ImageNet16-120,33.233334,1.537227,0.827374,16312
1,18,4160,raspi4,ImageNet16-120,39.833332,3.114462,0.827374,16312
1,18,12452,raspi4,ImageNet16-120,40.533333,3.592146,0.827374,16312
1,18,15363,raspi4,ImageNet16-120,44.333332,4.480516,0.827374,16312
1,18,10835,raspi4,ImageNet16-120,45.233334,6.632419,0.827374,16312
1,18,933,raspi4,ImageNet16-120,0.833333,0.011514,0.827374,16312
1,18,6854,raspi4,ImageNet16-120,40.800000,3.661016,0.827374,16312
1,18,13284,raspi4,ImageNet16-120,40.177776,3.191073,0.827374,16312
1,18,2779,raspi4,ImageNet16-120,37.355556,2.190654,0.827374,16312
1,18,10472,raspi4,ImageNet16-120,39.633335,3.079679,0.827374,16312
1,18,15383,raspi4,ImageNet16-120,47.033333,8.565354,0.827374,16312
1,18,6336,raspi4,ImageNet16-120,39.366665,3.073392,0.827374,16312
1,18,1188,raspi4,ImageNet16-120,32.455555,1.526725,0.827374,16312
1,18,3496,raspi4,ImageNet16-120,34.233334,1.598666,0.827374,16312
1,18,1939,raspi4,ImageNet16-120,45.077778,5.341908,0.827374,16312
1,18,12505,raspi4,ImageNet16-120,39.283333,3.062432,0.827374,16312
1,18,4988,raspi4,ImageNet16-120,28.933332,1.003251,0.827374,16312
1,18,6868,raspi4,ImageNet16-120,39.000000,2.982937,0.827374,16312
1,18,6787,raspi4,ImageNet16-120,44.400000,4.532777,0.827374,16312
1,18,11079,raspi4,ImageNet16-120,43.566666,3.802027,0.827374,16312
1,18,5455,raspi4,ImageNet16-120,32.611110,1.532377,0.827374,16312
1,18,5637,raspi4,ImageNet16-120,33.933334,1.580707,0.827374,16312
1,18,10715,raspi4,ImageNet16-120,45.533333,6.790813,0.827374,16312
1,18,4995,raspi4,ImageNet16-120,42.166668,3.766336,0.827374,16312
1,18,9032,raspi4,ImageNet16-120,38.016666,2.201532,0.827374,16312
1,18,5973,raspi4,ImageNet16-120,40.100000,3.159922,0.827374,16312
1,18,3782,raspi4,ImageNet16-120,41.866665,3.755286,0.827374,16312
1,18,11946,raspi4,ImageNet16-120,28.200000,0.940293,0.827374,16312
1,18,857,raspi4,ImageNet16-120,47.311110,9.020064,0.827374,16312
1,18,8355,raspi4,ImageNet16-120,39.666668,3.083286,0.827374,16312
1,18,13931,raspi4,ImageNet16-120,28.788889,0.956195,0.827374,16312
1,18,2018,raspi4,ImageNet16-120,46.433334,7.482383,0.827374,16312
1,18,13644,raspi4,ImageNet16-120,45.333332,6.780282,0.827374,16312
1,18,14417,raspi4,ImageNet16-120,45.900000,6.948865,0.827374,16312
1,18,1413,raspi4,ImageNet16-120,42.711113,3.788479,0.827374,16312
1,18,13771,raspi4,ImageNet16-120,32.744446,1.533813,0.827374,16312
1,18,3960,raspi4,ImageNet16-120,37.755554,2.197980,0.827374,16312
1,18,3431,raspi4,ImageNet16-120,32.966667,1.536690,0.827374,16312
1,18,12358,raspi4,ImageNet16-120,34.055557,1.582727,0.827374,16312
1,18,735,raspi4,ImageNet16-120,38.544445,2.911079,0.827374,16312
1,18,9496,raspi4,ImageNet16-120,38.200000,2.204048,0.827374,16312
1,18,3687,raspi4,ImageNet16-120,34.066666,1.583497,0.827374,16312
1,18,11584,raspi4,ImageNet16-120,46.666668,8.014434,0.827374,16312
1,18,1204,raspi4,ImageNet16-120,37.844444,2.199356,0.827374,16312
1,18,8426,raspi4,ImageNet16-120,44.633335,5.288439,0.827374,16312
1,18,8884,raspi4,ImageNet16-120,45.033333,5.293177,0.827374,16312
1,18,5530,raspi4,ImageNet16-120,42.577778,3.785925,0.827374,16312
2,1,2776,edgegpu,cifar10,93.666664,3.331194,0.590124,16356
2,1,9099,edgegpu,cifar10,93.940000,3.357520,0.590124,16356
2,1,14407,edgegpu,cifar10,86.770000,1.440282,0.590124,16356
2,1,11692,edgegpu,cifar10,94.130000,4.708362,0.590124,16356
2,1,13401,edgegpu,cifar10,87.010000,1.457009,0.590124,16356
2,1,14527,edgegpu,cifar10,86.765000,1.439619,0.590124,16356
2,1,6499,edgegpu,cifar10,93.645000,3.331041,0.590124,16356
2,1,6960,edgegpu,cifar10,92.280000,1.764450,0.590124,16356
2,1,13714,edgegpu,cifar10,94.373340,6.772180,0.590124,16356
2,1,1459,edgegpu,cifar10,94.296670,6.748991,0.590124,16356
2,1,11438,edgegpu,cifar10,92.500000,1.846719,0.590124,16356
2,1,2053,edgegpu,cifar10,94.206665,5.482254,0.590124,16356
2,1,15200,edgegpu,cifar10,10.000000,0.501385,0.590124,16356
2,1,6330,edgegpu,cifar10,94.006670,4.384699,0.590124,16356
2,1,2090,edgegpu,cifar10,86.650000,1.437702,0.590124,16356
2,1,561,edgegpu,cifar10,86.880000,1.451068,0.590124,16356
2,1,6950,edgegpu,cifar10,92.000000,1.738467,0.590124,16356
2,1,10484,edgegpu,cifar10,93.810000,3.354015,0.590124,16356
2,1,1339,edgegpu,cifar10,92.136665,1.751881,0.590124,16356
2,1,5292,edgegpu,cifar10,94.293335,6.663151,0.590124,16356
2,1,5400,edgegpu,cifar10,86.630000,1.427460,0.590124,16356
2,1,11810,edgegpu,cifar10,92.780000,1.992798,0.590124,16356
2,1,5780,edgegpu,cifar10,93.980000,3.361888,0.590124,16356
2,2,797,edgetpu,cifar10,93.280000,0.627996,0.627263,16275
2,2,13714,edgetpu,cifar10,94.373340,1.377865,0.627263,16275
2,2,6918,edgetpu,cifar10,87.000000,0.375819,0.627263,16275
2,2,6382,edgetpu,cifar10,93.376660,0.628638,0.627263,16275
2,2,13320,edgetpu,cifar10,89.330000,0.396446,0.627263,16275
2,2,2053,edgetpu,cifar10,94.206665,1.042178,0.627263,16275
2,2,5647,edgetpu,cifar10,89.110000,0.389378,0.627263,16275
2,2,10683,edgetpu,cifar10,92.330000,0.481277,0.627263,16275
2,2,2240,edgetpu,cifar10,91.990000,0.480973,0.627263,16275
2,2,11692,edgetpu,cifar10,94.130000,0.761100,0.627263,16275
2,2,8008,edgetpu,cifar10,93.480000,0.629746,0.627263,16275
2,2,5111,edgetpu,cifar10,94.306660,1.152010,0.627263,16275
2,2,11438,edgetpu,cifar10,92.500000,0.482393,0.627263,16275
2,2,7017,edgetpu,cifar10,86.970000,0.353089,0.627263,16275
2,2,3731,edgetpu,cifar10,94.343330,1.282820,0.627263,16275
2,2,9689,edgetpu,cifar10,93.370000,0.628386,0.627263,16275
2,2,5780,edgetpu,cifar10,93.980000,0.723967,0.627263,16275
2,2,8192,edgetpu,cifar10,93.093330,0.627745,0.627263,16275
2,2,4161,edgetpu,cifar10,89.250000,0.391221,0.627263,16275
2,2,2485,edgetpu,cifar10,86.700000,0.346546,0.627263,16275
2,2,6584,edgetpu,cifar10,94.160000,0.888877,0.627263,16275
2,2,6515,edgetpu,cifar10,93.616670,0.722858,0.627263,16275
2,2,3927,edgetpu,cifar10,93.626660,0.723268,0.627263,16275
2,2,11810,edgetpu,cifar10,92.780000,0.482879,0.627263,16275
2,2,9950,edgetpu,cifar10,93.840000,0.723767,0.627263,16275
2,2,5946,edgetpu,cifar10,88.963330,0.389012,0.627263,16275
2,2,10167,edgetpu,cifar10,92.020000,0.481180,0.627263,16275
2,3,8008,eyeriss,cifar10,93.480000,3.399860,0.494727,16378
2,3,8323,eyeriss,cifar10,90.870000,2.171060,0.494727,16378
2,3,3731,eyeriss,cifar10,94.343330,6.594740,0.494727,16378
2,3,11472,eyeriss,cifar10,93.970000,4.628660,0.494727,16378
2,3,5111,eyeriss,cifar10,94.306660,5.365940,0.494727,16378
2,3,6584,eyeriss,cifar10,94.160000,4.874420,0.494727,16378
2,3,8592,eyeriss,cifar10,93.750000,3.891380,0.494727,16378
2,3,14112,eyeriss,cifar10,91.296670,2.908340,0.494727,16378
2,3,6854,eyeriss,cifar10,91.040000,2.662580,0.494727,16378
2,3,6111,eyeriss,cifar10,94.373340,7.823540,0.494727,16378
2,3,13714,eyeriss,cifar10,94.373340,7.823540,0.494727,16378
2,3,8720,eyeriss,cifar10,89.875000,1.925300,0.494727,16378
2,3,6899,eyeriss,cifar10,90.900000,2.416820,0.494727,16378
2,3,12438,eyeriss,cifar10,89.875000,1.925300,0.494727,16378
2,3,13987,eyeriss,cifar10,93.596664,3.645620,0.494727,16378
2,3,4384,eyeriss,cifar10,86.796670,1.679540,0.494727,16378
2,3,13611,eyeriss,cifar10,92.490000,3.154100,0.494727,16378
2,4,3731,fpga,cifar10,94.343330,5.936160,0.489811,16326
2,4,15000,fpga,cifar10,92.400000,2.390560,0.489811,16326
2,4,11472,fpga,cifar10,93.970000,3.648160,0.489811,16326
2,4,8323,fpga,cifar10,90.870000,2.163360,0.489811,16326
2,4,11533,fpga,cifar10,93.420000,2.905760,0.489811,16326
2,4,5111,fpga,cifar10,94.306660,5.193760,0.489811,16326
2,4,10412,fpga,cifar10,93.530000,3.420960,0.489811,16326
2,4,13714,fpga,cifar10,94.373340,6.678560,0.489811,16326
2,4,6584,fpga,cifar10,94.160000,4.163360,0.489811,16326
2,4,6111,fpga,cifar10,94.373340,6.678560,0.489811,16326
2,4,10431,fpga,cifar10,87.000000,1.542560,0.489811,16326
2,4,4384,fpga,cifar10,86.796670,1.132960,0.489811,16326
2,4,12438,fpga,cifar10,89.875000,1.648160,0.489811,16326
2,5,12139,pixel3,cifar10,90.660000,3.098500,0.914787,16083
2,5,6624,pixel3,cifar10,89.120000,1.670570,0.914787,16083
2,5,4409,pixel3,cifar10,90.590000,3.093750,0.914787,16083
2,5,12820,pixel3,cifar10,90.880000,3.982790,0.914787,16083
2,5,4627,pixel3,cifar10,93.270000,7.036050,0.914787,16083
2,5,7017,pixel3,cifar10,86.970000,1.403930,0.914787,16083
2,5,5446,pixel3,cifar10,90.500000,2.889680,0.914787,16083
2,5,2779,pixel3,cifar10,90.806660,3.102950,0.914787,16083
2,5,1781,pixel3,cifar10,89.883330,1.712020,0.914787,16083
2,5,8592,pixel3,cifar10,93.750000,10.769800,0.914787,16083
2,5,2018,pixel3,cifar10,94.063330,14.960500,0.914787,16083
2,5,1941,pixel3,cifar10,93.533330,9.128690,0.914787,16083
2,5,6382,pixel3,cifar10,93.376660,7.048190,0.914787,16083
2,5,13171,pixel3,cifar10,93.530000,7.717220,0.914787,16083
2,5,55,pixel3,cifar10,86.756670,1.057440,0.914787,16083
2,5,6111,pixel3,cifar10,94.373340,23.584800,0.914787,16083
2,5,6985,pixel3,cifar10,89.940000,2.367450,0.914787,16083
2,5,6434,pixel3,cifar10,91.080000,4.811140,0.914787,16083
2,5,11972,pixel3,cifar10,91.510000,5.627010,0.914787,16083
2,5,3731,pixel3,cifar10,94.343330,23.361300,0.914787,16083
2,5,1631,pixel3,cifar10,89.506670,1.697120,0.914787,16083
2,5,13987,pixel3,cifar10,93.596664,9.922680,0.914787,16083
2,5,8695,pixel3,cifar10,94.220000,17.564500,0.914787,16083
2,5,5111,pixel3,cifar10,94.306660,17.584600,0.914787,16083
2,5,6854,pixel3,cifar10,91.040000,4.514220,0.914787,16083
2,5,13430,pixel3,cifar10,90.580000,3.086360,0.914787,16083
2,5,11692,pixel3,cifar10,94.130000,15.490100,0.914787,16083
2,5,1943,pixel3,cifar10,93.116670,6.492030,0.914787,16083
2,5,13846,pixel3,cifar10,90.720000,3.099760,0.914787,16083
2,5,6918,pixel3,cifar10,87.000000,1.478790,0.914787,16083
2,5,7197,pixel3,cifar10,90.366670,2.447670,0.914787,16083
2,5,1339,pixel3,cifar10,92.136665,5.802240,0.914787,16083
2,5,1497,pixel3,cifar10,86.556660,1.056630,0.914787,16083
2,5,12452,pixel3,cifar10,91.350000,5.590110,0.914787,16083
2,5,7001,pixel3,cifar10,10.000000,0.003277,0.914787,16083
2,5,1804,pixel3,cifar10,89.063330,1.579900,0.914787,16083
2,5,8323,pixel3,cifar10,90.870000,3.106420,0.914787,16083
2,5,6330,pixel3,cifar10,94.006670,11.512400,0.914787,16083
2,5,5224,pixel3,cifar10,88.980000,1.570360,0.914787,16083
2,6,4384,raspi4,cifar10,86.796670,2.759305,0.885278,15933
2,6,2090,raspi4,cifar10,86.650000,2.558456,0.885278,15933
2,6,5915,raspi4,cifar10,86.846664,2.776470,0.885278,15933
2,6,4689,raspi4,cifar10,90.720000,7.356712,0.885278,15933
2,6,6953,raspi4,cifar10,91.990000,15.601654,0.885278,15933
2,6,6111,raspi4,cifar10,94.373340,68.404106,0.885278,15933
2,6,4409,raspi4,cifar10,90.590000,7.329025,0.885278,15933
2,6,3731,raspi4,cifar10,94.343330,58.070793,0.885278,15933
2,6,5111,raspi4,cifar10,94.306660,41.756905,0.885278,15933
2,6,6985,raspi4,cifar10,89.940000,4.995646,0.885278,15933
2,6,6382,raspi4,cifar10,93.376660,21.461164,0.885278,15933
2,6,1941,raspi4,cifar10,93.533330,25.121769,0.885278,15933
2,6,1690,raspi4,cifar10,86.646670,2.536549,0.885278,15933
2,6,1962,raspi4,cifar10,86.530000,2.529453,0.885278,15933
2,6,9496,raspi4,cifar10,90.690000,7.330004,0.885278,15933
2,6,5780,raspi4,cifar10,93.980000,34.928463,0.885278,15933
2,6,11692,raspi4,cifar10,94.130000,37.583630,0.885278,15933
2,6,10445,raspi4,cifar10,90.940000,12.393285,0.885278,15933
2,6,10412,raspi4,cifar10,93.530000,25.079220,0.885278,15933
2,6,6918,raspi4,cifar10,87.000000,2.787590,0.885278,15933
2,6,8323,raspi4,cifar10,90.870000,7.426308,0.885278,15933
2,6,8008,raspi4,cifar10,93.480000,22.571420,0.885278,15933
2,6,11810,raspi4,cifar10,92.780000,18.619905,0.885278,15933
2,6,2058,raspi4,cifar10,93.270000,19.484835,0.885278,15933
2,6,1099,raspi4,cifar10,92.240000,18.358124,0.885278,15933
2,6,14565,raspi4,cifar10,88.880000,4.781183,0.885278,15933
2,6,1804,raspi4,cifar10,89.063330,4.791845,0.885278,15933
2,6,13430,raspi4,cifar10,90.580000,7.299066,0.885278,15933
2,6,11533,raspi4,cifar10,93.420000,21.715693,0.885278,15933
2,6,2035,raspi4,cifar10,89.670000,4.984099,0.885278,15933
2,6,9980,raspi4,cifar10,10.000000,0.011284,0.885278,15933
2,6,8426,raspi4,cifar10,93.840000,31.394428,0.885278,15933
2,6,12505,raspi4,cifar10,92.150000,16.747276,0.885278,15933
2,6,9271,raspi4,cifar10,89.250000,4.830311,0.885278,15933
2,6,8592,raspi4,cifar10,93.750000,25.477009,0.885278,15933
2,6,13611,raspi4,cifar10,92.490000,18.523302,0.885278,15933
2,6,12002,raspi4,cifar10,93.510000,24.816572,0.885278,15933
2,6,4210,raspi4,cifar10,89.030000,4.782748,0.885278,15933
2,6,11972,raspi4,cifar10,91.510000,12.403558,0.885278,15933
2,6,7058,raspi4,cifar10,92.040000,16.469465,0.885278,15933
2,6,9394,raspi4,cifar10,86.670000,2.752290,0.885278,15933
2,6,1863,raspi4,cifar10,86.656670,2.578613,0.885278,15933
2,6,2937,raspi4,cifar10,92.190000,17.768639,0.885278,15933
2,6,14677,raspi4,cifar10,88.670000,4.755260,0.885278,15933
2,6,9380,raspi4,cifar10,89.335000,4.875613,0.885278,15933
2,7,9922,edgegpu,cifar100,58.560000,1.428552,0.640833,16359
2,7,2304,edgegpu,cifar100,58.660000,1.440253,0.640833,16359
2,7,2778,edgegpu,cifar100,72.993330,6.134028,0.640833,16359
2,7,3888,edgegpu,cifar100,73.260000,6.797867,0.640833,16359
2,7,6124,edgegpu,cifar100,68.360000,3.185835,0.640833,16359
2,7,12415,edgegpu,cifar100,71.940000,4.828467,0.640833,16359
2,7,4418,edgegpu,cifar100,72.746666,5.352364,0.640833,16359
2,7,1509,edgegpu,cifar100,1.000000,0.505853,0.640833,16359
2,7,8912,edgegpu,cifar100,59.200000,1.441355,0.640833,16359
2,7,8401,edgegpu,cifar100,71.080000,3.302102,0.640833,16359
2,7,14677,edgegpu,cifar100,62.420000,1.746187,0.640833,16359
2,7,1425,edgegpu,cifar100,72.093330,5.310225,0.640833,16359
2,7,9930,edgegpu,cifar100,73.513336,6.803060,0.640833,16359
2,7,4954,edgegpu,cifar100,73.000000,6.669736,0.640833,16359
2,7,6381,edgegpu,cifar100,66.800000,1.753340,0.640833,16359
2,7,11885,edgegpu,cifar100,68.040000,1.776652,0.640833,16359
2,7,1038,edgegpu,cifar100,67.500000,1.758428,0.640833,16359
2,7,9997,edgegpu,cifar100,71.520000,3.466139,0.640833,16359
2,8,3888,edgetpu,cifar100,73.260000,1.316226,0.795508,16089
2,8,8912,edgetpu,cifar100,59.200000,0.377698,0.795508,16089
2,8,3303,edgetpu,cifar100,62.420000,0.392593,0.795508,16089
2,8,11885,edgetpu,cifar100,68.040000,0.489665,0.795508,16089
2,8,13829,edgetpu,cifar100,66.873340,0.485137,0.795508,16089
2,8,12574,edgetpu,cifar100,72.740000,0.932430,0.795508,16089
2,8,3811,edgetpu,cifar100,69.360000,0.634206,0.795508,16089
2,8,11810,edgetpu,cifar100,68.300000,0.492126,0.795508,16089
2,8,5019,edgetpu,cifar100,58.880000,0.357058,0.795508,16089
2,8,9930,edgetpu,cifar100,73.513336,1.454107,0.795508,16089
2,8,577,edgetpu,cifar100,69.680000,0.635228,0.795508,16089
2,8,12761,edgetpu,cifar100,72.860000,1.225212,0.795508,16089
2,8,4627,edgetpu,cifar100,69.600000,0.635153,0.795508,16089
2,8,4418,edgetpu,cifar100,72.746666,1.093699,0.795508,16089
2,8,6382,edgetpu,cifar100,69.533330,0.634724,0.795508,16089
2,8,12415,edgetpu,cifar100,71.940000,0.872299,0.795508,16089
2,8,8401,edgetpu,cifar100,71.080000,0.728572,0.795508,16089
2,8,14774,edgetpu,cifar100,61.620000,0.391679,0.795508,16089
2,8,9997,edgetpu,cifar100,71.520000,0.729986,0.795508,16089
2,8,10000,edgetpu,cifar100,73.160000,1.283461,0.795508,16089
2,8,857,edgetpu,cifar100,72.880000,1.264168,0.795508,16089
2,8,2705,edgetpu,cifar100,62.813330,0.393026,0.795508,16089
2,8,777,edgetpu,cifar100,58.650000,0.355588,0.795508,16089
2,8,6974,edgetpu,cifar100,61.880000,0.392555,0.795508,16089
2,8,1425,edgetpu,cifar100,72.093330,0.910660,0.795508,16089
2,8,13434,edgetpu,cifar100,62.106667,0.392580,0.795508,16089
2,8,1110,edgetpu,cifar100,58.840000,0.355938,0.795508,16089
2,8,8638,edgetpu,cifar100,58.860000,0.356631,0.795508,16089
2,8,14945,edgetpu,cifar100,58.500000,0.354940,0.795508,16089
2,8,11533,edgetpu,cifar100,69.760000,0.635877,0.795508,16089
2,8,9271,edgetpu,cifar100,63.400000,0.393151,0.795508,16089
2,8,15363,edgetpu,cifar100,70.520000,0.676394,0.795508,16089
2,8,9541,edgetpu,cifar100,67.660000,0.486829,0.795508,16089
2,8,8649,edgetpu,cifar100,70.690000,0.727284,0.795508,16089
2,8,7760,edgetpu,cifar100,67.800000,0.489248,0.795508,16089
2,8,13760,edgetpu,cifar100,61.686670,0.392028,0.795508,16089
2,8,4659,edgetpu,cifar100,70.060000,0.636433,0.795508,16089
2,9,10689,eyeriss,cifar100,67.500000,2.174080,0.504950,16581
2,9,12574,eyeriss,cifar100,72.740000,5.123200,0.504950,16581
2,9,5084,eyeriss,cifar100,58.813330,1.682560,0.504950,16581
2,9,11301,eyeriss,cifar100,68.220000,2.665600,0.504950,16581
2,9,14714,eyeriss,cifar100,71.280000,4.140160,0.504950,16581
2,9,12761,eyeriss,cifar100,72.860000,6.352000,0.504950,16581
2,9,3888,eyeriss,cifar100,73.260000,6.597760,0.504950,16581
2,9,9930,eyeriss,cifar100,73.513336,9.055360,0.504950,16581
2,9,3540,eyeriss,cifar100,71.500000,4.877440,0.504950,16581
2,9,14112,eyeriss,cifar100,68.386665,2.911360,0.504950,16581
2,9,12820,eyeriss,cifar100,67.720000,2.419840,0.504950,16581
2,9,6925,eyeriss,cifar100,71.220000,3.894400,0.504950,16581
2,9,5651,eyeriss,cifar100,64.690000,1.928320,0.504950,16581
2,9,4659,eyeriss,cifar100,70.060000,3.402880,0.504950,16581
2,9,6787,eyeriss,cifar100,70.720000,3.648640,0.504950,16581
2,10,12761,fpga,cifar100,72.860000,5.420960,0.543175,16200
2,10,5084,fpga,cifar100,58.813330,1.132960,0.543175,16200
2,10,9997,fpga,cifar100,71.520000,4.572960,0.543175,16200
2,10,9930,fpga,cifar100,73.513336,7.420960,0.543175,16200
2,10,12574,fpga,cifar100,72.740000,4.678560,0.543175,16200
2,10,10689,fpga,cifar100,67.500000,2.163360,0.543175,16200
2,10,7250,fpga,cifar100,67.706665,2.390560,0.543175,16200
2,10,3540,fpga,cifar100,71.500000,4.163360,0.543175,16200
2,10,69,fpga,cifar100,71.020000,3.648160,0.543175,16200
2,10,3888,fpga,cifar100,73.260000,5.936160,0.543175,16200
2,10,6787,fpga,cifar100,70.720000,3.420960,0.543175,16200
2,10,6830,fpga,cifar100,71.460000,4.057760,0.543175,16200
2,10,6925,fpga,cifar100,71.220000,3.936160,0.543175,16200
2,10,4711,fpga,cifar100,64.993330,2.057760,0.543175,16200
2,10,5033,fpga,cifar100,59.060000,1.542560,0.543175,16200
2,10,5651,fpga,cifar100,64.690000,1.648160,0.543175,16200
2,10,11973,fpga,cifar100,70.340000,2.905760,0.543175,16200
2,11,1593,pixel3,cifar100,62.126667,1.582050,0.707999,16109
2,11,1425,pixel3,cifar100,72.093330,15.692300,0.707999,16109
2,11,12970,pixel3,cifar100,68.140000,4.782110,0.707999,16109
2,11,14112,pixel3,cifar100,68.386665,5.745320,0.707999,16109
2,11,857,pixel3,cifar100,72.880000,19.113200,0.707999,16109
2,11,1459,pixel3,cifar100,73.140000,23.437900,0.707999,16109
2,11,1583,pixel3,cifar100,71.326670,12.345800,0.707999,16109
2,11,5019,pixel3,cifar100,58.880000,1.483640,0.707999,16109
2,11,1357,pixel3,cifar100,67.480000,3.998260,0.707999,16109
2,11,15246,pixel3,cifar100,66.966670,3.115230,0.707999,16109
2,11,6337,pixel3,cifar100,1.000000,0.008753,0.707999,16109
2,11,9930,pixel3,cifar100,73.513336,42.003600,0.707999,16109
2,11,485,pixel3,cifar100,67.593330,4.124800,0.707999,16109
2,11,1409,pixel3,cifar100,58.853333,1.275090,0.707999,16109
2,11,1450,pixel3,cifar100,70.506670,9.337360,0.707999,16109
2,11,657,pixel3,cifar100,58.233334,1.233070,0.707999,16109
2,11,1631,pixel3,cifar100,63.986668,1.805000,0.707999,16109
2,11,12574,pixel3,cifar100,72.740000,16.473900,0.707999,16109
2,11,4731,pixel3,cifar100,67.046670,3.712030,0.707999,16109
2,11,4432,pixel3,cifar100,66.486664,3.105870,0.707999,16109
2,11,9997,pixel3,cifar100,71.520000,14.777900,0.707999,16109
2,11,3888,pixel3,cifar100,73.260000,23.477200,0.707999,16109
2,11,3776,pixel3,cifar100,66.920000,3.109320,0.707999,16109
2,11,858,pixel3,cifar100,64.133330,2.003500,0.707999,16109
2,11,1416,pixel3,cifar100,64.493330,2.084060,0.707999,16109
2,11,6925,pixel3,cifar100,71.220000,10.688000,0.707999,16109
2,11,8638,pixel3,cifar100,58.860000,1.478570,0.707999,16109
2,11,9649,pixel3,cifar100,64.540000,2.536210,0.707999,16109
2,11,898,pixel3,cifar100,70.000000,6.516140,0.707999,16109
2,11,14253,pixel3,cifar100,70.860000,10.679300,0.707999,16109
2,11,15589,pixel3,cifar100,59.060000,1.483890,0.707999,16109
2,11,1090,pixel3,cifar100,65.220000,2.811310,0.707999,16109
2,11,15363,pixel3,cifar100,70.520000,9.708640,0.707999,16109
2,12,9895,raspi4,cifar100,69.400000,19.211880,0.850664,15915
2,12,13021,raspi4,cifar100,63.800000,5.009584,0.850664,15915
2,12,10222,raspi4,cifar100,58.860000,2.747804,0.850664,15915
2,12,9762,raspi4,cifar100,67.080000,9.740194,0.850664,15915
2,12,6294,raspi4,cifar100,66.973335,7.376450,0.850664,15915
2,12,14112,raspi4,cifar100,68.386665,14.423308,0.850664,15915
2,12,2880,raspi4,cifar100,67.473335,11.969307,0.850664,15915
2,12,3408,raspi4,cifar100,63.993332,5.081906,0.850664,15915
2,12,12857,raspi4,cifar100,66.660000,7.215488,0.850664,15915
2,12,4731,raspi4,cifar100,67.046670,7.444095,0.850664,15915
2,12,898,raspi4,cifar100,70.000000,21.506163,0.850664,15915
2,12,7030,raspi4,cifar100,69.600000,19.218203,0.850664,15915
2,12,14714,raspi4,cifar100,71.280000,24.692347,0.850664,15915
2,12,375,raspi4,cifar100,64.440000,5.099302,0.850664,15915
2,12,6177,raspi4,cifar100,62.373333,4.795128,0.850664,15915
2,12,6918,raspi4,cifar100,58.800000,2.571364,0.850664,15915
2,12,6822,raspi4,cifar100,58.426666,2.558594,0.850664,15915
2,12,2058,raspi4,cifar100,69.613335,20.052132,0.850664,15915
2,12,355,raspi4,cifar100,69.860000,20.791758,0.850664,15915
2,12,9930,raspi4,cifar100,73.513336,71.152000,0.850664,15915
2,12,7891,raspi4,cifar100,67.550000,12.536592,0.850664,15915
2,12,1459,raspi4,cifar100,73.140000,53.879950,0.850664,15915
2,12,4418,raspi4,cifar100,72.746666,47.162354,0.850664,15915
2,12,3888,raspi4,cifar100,73.260000,55.029520,0.850664,15915
2,12,11492,raspi4,cifar100,67.300000,10.479444,0.850664,15915
2,12,2200,raspi4,cifar100,63.886665,5.014668,0.850664,15915
2,12,15137,raspi4,cifar100,63.160000,4.941014,0.850664,15915
2,12,2063,raspi4,cifar100,62.320000,4.792511,0.850664,15915
2,12,8912,raspi4,cifar100,59.200000,2.818969,0.850664,15915
2,12,12915,raspi4,cifar100,66.950000,7.226311,0.850664,15915
2,12,14612,raspi4,cifar100,58.720000,2.563505,0.850664,15915
2,12,14811,raspi4,cifar100,69.680000,20.361189,0.850664,15915
2,12,10042,raspi4,cifar100,64.880000,5.100886,0.850664,15915
2,12,6830,raspi4,cifar100,71.460000,34.491814,0.850664,15915
2,12,12761,raspi4,cifar100,72.860000,53.718200,0.850664,15915
2,12,12574,raspi4,cifar100,72.740000,36.371254,0.850664,15915
2,12,2222,raspi4,cifar100,58.313330,2.538255,0.850664,15915
2,12,4806,raspi4,cifar100,62.270000,4.787734,0.850664,15915
2,12,9380,raspi4,cifar100,62.680000,4.821364,0.850664,15915
2,12,15363,raspi4,cifar100,70.520000,21.809430,0.850664,15915
2,12,8740,raspi4,cifar100,1.000000,0.015215,0.850664,15915
2,12,15589,raspi4,cifar100,59.060000,2.795078,0.850664,15915
2,12,9997,raspi4,cifar100,71.520000,34.996710,0.850664,15915
2,12,6925,raspi4,cifar100,71.220000,24.195030,0.850664,15915
2,13,7187,edgegpu,ImageNet16-120,28.683332,1.443858,1.126079,16181
2,13,5674,edgegpu,ImageNet16-120,39.650000,1.763358,1.126079,16181
2,13,7760,edgegpu,ImageNet16-120,39.100000,1.743751,1.126079,16181
2,13,14117,edgegpu,ImageNet16-120,28.677778,1.435547,1.126079,16181
2,13,14612,edgegpu,ImageNet16-120,28.488890,1.434064,1.126079,16181
2,13,12415,edgegpu,ImageNet16-120,46.566666,4.667692,1.126079,16181
2,13,8355,edgegpu,ImageNet16-120,39.666668,1.810203,1.126079,16181
2,13,13411,edgegpu,ImageNet16-120,31.855556,1.736240,1.126079,16181
2,13,8426,edgegpu,ImageNet16-120,44.633335,3.370147,1.126079,16181
2,13,15159,edgegpu,ImageNet16-120,45.566666,4.632421,1.126079,16181
2,13,5751,edgegpu,ImageNet16-120,40.044445,2.434626,1.126079,16181
2,13,14840,edgegpu,ImageNet16-120,45.311110,4.224715,1.126079,16181
2,13,8884,edgegpu,ImageNet16-120,45.033333,3.499999,1.126079,16181
2,13,11217,edgegpu,ImageNet16-120,43.466667,3.316708,1.126079,16181
2,13,1164,edgegpu,ImageNet16-120,28.522223,1.435223,1.126079,16181
2,13,9586,edgegpu,ImageNet16-120,46.933334,5.222673,1.126079,16181
2,13,4946,edgegpu,ImageNet16-120,44.700000,3.490419,1.126079,16181
2,13,11438,edgegpu,ImageNet16-120,39.733334,1.903386,1.126079,16181
2,13,4587,edgegpu,ImageNet16-120,28.800000,1.445131,1.126079,16181
2,13,9722,edgegpu,ImageNet16-120,44.000000,3.327813,1.126079,16181
2,13,8401,edgegpu,ImageNet16-120,43.833332,3.322444,1.126079,16181
2,13,4332,edgegpu,ImageNet16-120,39.444443,1.745496,1.126079,16181
2,13,454,edgegpu,ImageNet16-120,41.277780,3.303313,1.126079,16181
2,13,15288,edgegpu,ImageNet16-120,28.422222,1.417041,1.126079,16181
2,13,15376,edgegpu,ImageNet16-120,0.833333,0.533953,1.126079,16181
2,13,6950,edgegpu,ImageNet16-120,38.700000,1.740150,1.126079,16181
2,13,12081,edgegpu,ImageNet16-120,40.233334,2.730479,1.126079,16181
2,13,4988,edgegpu,ImageNet16-120,28.933332,1.448212,1.126079,16181
2,13,2650,edgegpu,ImageNet16-120,42.433334,3.309817,1.126079,16181
2,14,11885,edgetpu,ImageNet16-120,39.166668,0.427395,0.998778,16106
2,14,15107,edgetpu,ImageNet16-120,39.800000,0.430284,0.998778,16106
2,14,4627,edgetpu,ImageNet16-120,43.500000,0.552306,0.998778,16106
2,14,10167,edgetpu,ImageNet16-120,39.944443,0.444058,0.998778,16106
2,14,12415,edgetpu,ImageNet16-120,46.566666,0.710906,0.998778,16106
2,14,7357,edgetpu,ImageNet16-120,44.666668,0.600498,0.998778,16106
2,14,7750,edgetpu,ImageNet16-120,43.066666,0.551617,0.998778,16106
2,14,857,edgetpu,ImageNet16-120,47.311110,0.997730,0.998778,16106
2,14,9689,edgetpu,ImageNet16-120,42.533333,0.549702,0.998778,16106
2,14,13769,edgetpu,ImageNet16-120,41.555557,0.549360,0.998778,16106
2,14,4160,edgetpu,ImageNet16-120,39.833332,0.430355,0.998778,16106
2,14,3540,edgetpu,ImageNet16-120,45.122223,0.648670,0.998778,16106
2,14,4830,edgetpu,ImageNet16-120,42.233334,0.549457,0.998778,16106
2,14,15363,edgetpu,ImageNet16-120,44.333332,0.582280,0.998778,16106
2,14,5674,edgetpu,ImageNet16-120,39.650000,0.428605,0.998778,16106
2,14,7273,edgetpu,ImageNet16-120,42.966667,0.550014,0.998778,16106
2,14,10340,edgetpu,ImageNet16-120,31.522223,0.363639,0.998778,16106
2,14,15383,edgetpu,ImageNet16-120,47.033333,0.780914,0.998778,16106
2,14,14677,edgetpu,ImageNet16-120,33.233334,0.364575,0.998778,16106
2,14,4988,edgetpu,ImageNet16-120,28.933332,0.360694,0.998778,16106
2,14,13931,edgetpu,ImageNet16-120,28.788889,0.360349,0.998778,16106
2,14,15014,edgetpu,ImageNet16-120,28.266666,0.358110,0.998778,16106
2,14,5751,edgetpu,ImageNet16-120,40.044445,0.516992,0.998778,16106
2,14,11079,edgetpu,ImageNet16-120,43.566666,0.552430,0.998778,16106
2,14,7396,edgetpu,ImageNet16-120,40.177776,0.517218,0.998778,16106
2,14,10332,edgetpu,ImageNet16-120,40.033333,0.516152,0.998778,16106
2,14,6407,edgetpu,ImageNet16-120,32.333332,0.363748,0.998778,16106
2,14,8884,edgetpu,ImageNet16-120,45.033333,0.615792,0.998778,16106
2,14,10888,edgetpu,ImageNet16-120,28.333334,0.359044,0.998778,16106
2,15,6854,eyeriss,ImageNet16-120,40.800000,0.668800,0.724018,16582
2,15,857,eyeriss,ImageNet16-120,47.311110,1.651840,0.724018,16582
2,15,1939,eyeriss,ImageNet16-120,45.077778,0.976000,0.724018,16582
2,15,15383,eyeriss,ImageNet16-120,47.033333,1.283200,0.724018,16582
2,15,6787,eyeriss,ImageNet16-120,44.400000,0.914560,0.724018,16582
2,15,11973,eyeriss,ImageNet16-120,42.933334,0.853120,0.724018,16582
2,15,8853,eyeriss,ImageNet16-120,45.600000,1.037440,0.724018,16582
2,15,14417,eyeriss,ImageNet16-120,45.900000,1.098880,0.724018,16582
2,15,5487,eyeriss,ImageNet16-120,38.500000,0.607360,0.724018,16582
2,15,4988,eyeriss,ImageNet16-120,28.933332,0.423040,0.724018,16582
2,15,2835,eyeriss,ImageNet16-120,38.222220,0.545920,0.724018,16582
2,15,4829,eyeriss,ImageNet16-120,34.200000,0.484480,0.724018,16582
2,16,12452,fpga,ImageNet16-120,40.533333,0.780320,0.788815,16125
2,16,2835,fpga,ImageNet16-120,38.222220,0.546720,0.788815,16125
2,16,11079,fpga,ImageNet16-120,43.566666,0.902400,0.788815,16125
2,16,11161,fpga,ImageNet16-120,34.500000,0.517920,0.788815,16125
2,16,857,fpga,ImageNet16-120,47.311110,2.038400,0.788815,16125
2,16,15383,fpga,ImageNet16-120,47.033333,1.504000,0.788815,16125
2,16,9805,fpga,ImageNet16-120,34.133335,0.415520,0.788815,16125
2,16,8853,fpga,ImageNet16-120,45.600000,1.155200,0.788815,16125
2,16,6787,fpga,ImageNet16-120,44.400000,0.969600,0.788815,16125
2,16,14748,fpga,ImageNet16-120,44.900000,0.995200,0.788815,16125
2,16,6854,fpga,ImageNet16-120,40.800000,0.809120,0.788815,16125
2,16,1939,fpga,ImageNet16-120,45.077778,1.062400,0.788815,16125
2,16,4988,fpga,ImageNet16-120,28.933332,0.284320,0.788815,16125
2,16,8008,fpga,ImageNet16-120,43.500000,0.876800,0.788815,16125
2,16,6868,fpga,ImageNet16-120,39.000000,0.649120,0.788815,16125
2,17,1939,pixel3,ImageNet16-120,45.077778,3.021500,0.736742,16121
2,17,3728,pixel3,ImageNet16-120,28.500000,0.422880,0.736742,16121
2,17,12452,pixel3,ImageNet16-120,40.533333,1.504410,0.736742,16121
2,17,4988,pixel3,ImageNet16-120,28.933332,0.485996,0.736742,16121
2,17,12036,pixel3,ImageNet16-120,33.977780,0.665306,0.736742,16121
2,17,1860,pixel3,ImageNet16-120,28.433332,0.422587,0.736742,16121
2,17,12506,pixel3,ImageNet16-120,43.983334,2.929990,0.736742,16121
2,17,12424,pixel3,ImageNet16-120,43.133330,2.470150,0.736742,16121
2,17,1425,pixel3,ImageNet16-120,45.977780,4.619290,0.736742,16121
2,17,15383,pixel3,ImageNet16-120,47.033333,5.191720,0.736742,16121
2,17,8853,pixel3,ImageNet16-120,45.600000,3.554540,0.736742,16121
2,17,2018,pixel3,ImageNet16-120,46.433334,4.949210,0.736742,16121
2,17,1549,pixel3,ImageNet16-120,28.655556,0.424747,0.736742,16121
2,17,10154,pixel3,ImageNet16-120,46.133335,4.783700,0.736742,16121
2,17,1110,pixel3,ImageNet16-120,28.600000,0.423927,0.736742,16121
2,17,2835,pixel3,ImageNet16-120,38.222220,0.868646,0.736742,16121
2,17,4587,pixel3,ImageNet16-120,28.800000,0.445767,0.736742,16121
2,17,857,pixel3,ImageNet16-120,47.311110,6.686850,0.736742,16121
2,17,11079,pixel3,ImageNet16-120,43.566666,2.479610,0.736742,16121
2,17,6854,pixel3,ImageNet16-120,40.800000,1.621620,0.736742,16121
2,17,12355,pixel3,ImageNet16-120,45.033333,2.989390,0.736742,16121
2,17,4977,pixel3,ImageNet16-120,32.966667,0.617991,0.736742,16121
2,17,4004,pixel3,ImageNet16-120,42.811110,2.467510,0.736742,16121
2,17,5487,pixel3,ImageNet16-120,38.500000,1.109150,0.736742,16121
2,17,14417,pixel3,ImageNet16-120,45.900000,4.143030,0.736742,16121
2,17,12466,pixel3,ImageNet16-120,46.100000,4.680280,0.736742,16121
2,17,12639,pixel3,ImageNet16-120,40.400000,1.304440,0.736742,16121
2,17,13756,pixel3,ImageNet16-120,0.833333,0.005289,0.736742,16121
2,17,872,pixel3,ImageNet16-120,41.777780,2.465030,0.736742,16121
2,17,4432,pixel3,ImageNet16-120,37.800000,0.861157,0.736742,16121
2,17,12103,pixel3,ImageNet16-120,28.250000,0.422433,0.736742,16121
2,17,11000,pixel3,ImageNet16-120,44.866665,2.962520,0.736742,16121
2,17,4895,pixel3,ImageNet16-120,33.200000,0.619070,0.736742,16121
2,17,12516,pixel3,ImageNet16-120,32.083332,0.617816,0.736742,16121
2,17,2899,pixel3,ImageNet16-120,43.911110,2.701210,0.736742,16121
2,18,8290,raspi4,ImageNet16-120,46.133335,7.585358,1.290686,16157
2,18,14677,raspi4,ImageNet16-120,33.233334,1.537227,1.290686,16157
2,18,15107,raspi4,ImageNet16-120,39.800000,3.083329,1.290686,16157
2,18,1188,raspi4,ImageNet16-120,32.455555,1.526725,1.290686,16157
2,18,7252,raspi4,ImageNet16-120,44.666668,5.322441,1.290686,16157
2,18,2779,raspi4,ImageNet16-120,37.355556,2.190654,1.290686,16157
2,18,8355,raspi4,ImageNet16-120,39.666668,3.083286,1.290686,16157
2,18,15363,raspi4,ImageNet16-120,44.333332,4.480516,1.290686,16157
2,18,13931,raspi4,ImageNet16-120,28.788889,0.956195,1.290686,16157
2,18,4988,raspi4,ImageNet16-120,28.933332,1.003251,1.290686,16157
2,18,3960,raspi4,ImageNet16-120,37.755554,2.197980,1.290686,16157
2,18,8447,raspi4,ImageNet16-120,40.011112,3.156609,1.290686,16157
2,18,10835,raspi4,ImageNet16-120,45.233334,6.632419,1.290686,16157
2,18,1413,raspi4,ImageNet16-120,42.711113,3.788479,1.290686,16157
2,18,13059,raspi4,ImageNet16-120,34.266666,1.595651,1.290686,16157
2,18,11584,raspi4,ImageNet16-120,46.666668,8.014434,1.290686,16157
2,18,3782,raspi4,ImageNet16-120,41.866665,3.755286,1.290686,16157
2,18,15383,raspi4,ImageNet16-120,47.033333,8.565354,1.290686,16157
2,18,6787,raspi4,ImageNet16-120,44.400000,4.532777,1.290686,16157
2,18,14417,raspi4,ImageNet16-120,45.900000,6.948865,1.290686,16157
2,18,9496,raspi4,ImageNet16-120,38.200000,2.204048,1.290686,16157
2,18,735,raspi4,ImageNet16-120,38.544445,2.911079,1.290686,16157
2,18,12967,raspi4,ImageNet16-120,46.333332,7.956877,1.290686,16157
2,18,6868,raspi4,ImageNet16-120,39.000000,2.982937,1.290686,16157
2,18,5530,raspi4,ImageNet16-120,42.577778,3.785925,1.290686,16157
2,18,14697,raspi4,ImageNet16-120,33.900000,1.580382,1.290686,16157
2,18,10167,raspi4,ImageNet16-120,39.944443,3.106316,1.290686,16157
2,18,1939,raspi4,ImageNet16-120,45.077778,5.341908,1.290686,16157
2,18,12424,raspi4,ImageNet16-120,43.133330,3.805729,1.290686,16157
2,18,7187,raspi4,ImageNet16-120,28.683332,0.952790,1.290686,16157
2,18,6336,raspi4,ImageNet16-120,39.366665,3.073392,1.290686,16157
2,18,10472,raspi4,ImageNet16-120,39.633335,3.079679,1.290686,16157
2,18,219,raspi4,ImageNet16-120,42.500000,3.768475,1.290686,16157
2,18,933,raspi4,ImageNet16-120,0.833333,0.011514,1.290686,16157
2,18,14750,raspi4,ImageNet16-120,32.933334,1.536700,1.290686,16157
2,18,6519,raspi4,ImageNet16-120,40.183334,3.212652,1.290686,16157
2,18,4627,raspi4,ImageNet16-120,43.500000,3.811407,1.290686,16157
2,18,12355,raspi4,ImageNet16-120,45.033333,5.326674,1.290686,16157
2,18,4995,raspi4,ImageNet16-120,42.166668,3.766336,1.290686,16157
2,18,5973,raspi4,ImageNet16-120,40.100000,3.159922,1.290686,16157
2,18,6854,raspi4,ImageNet16-120,40.800000,3.661016,1.290686,16157
2,18,13284,raspi4,ImageNet16-120,40.177776,3.191073,1.290686,16157
2,18,12639,raspi4,ImageNet16-120,40.400000,3.628959,1.290686,16157
2,18,14792,raspi4,ImageNet16-120,43.033333,3.792447,1.290686,16157
2,18,3192,raspi4,ImageNet16-120,45.477780,6.675633,1.290686,16157
2,18,13771,raspi4,ImageNet16-120,32.744446,1.533813,1.290686,16157
2,18,9032,raspi4,ImageNet16-120,38.016666,2.201532,1.290686,16157
2,18,12358,raspi4,ImageNet16-120,34.055557,1.582727,1.290686,16157
2,18,11946,raspi4,ImageNet16-120,28.200000,0.940293,1.290686,16157
2,18,12505,raspi4,ImageNet16-120,39.283333,3.062432,1.290686,16157
3,1,1339,edgegpu,cifar10,92.136665,1.751881,1.004141,16369
3,1,5780,edgegpu,cifar10,93.980000,3.361888,1.004141,16369
3,1,6499,edgegpu,cifar10,93.645000,3.331041,1.004141,16369
3,1,258,edgegpu,cifar10,93.640000,3.307109,1.004141,16369
3,1,2776,edgegpu,cifar10,93.666664,3.331194,1.004141,16369
3,1,2090,edgegpu,cifar10,86.650000,1.437702,1.004141,16369
3,1,9099,edgegpu,cifar10,93.940000,3.357520,1.004141,16369
3,1,5292,edgegpu,cifar10,94.293335,6.663151,1.004141,16369
3,1,10484,edgegpu,cifar10,93.810000,3.354015,1.004141,16369
3,1,11692,edgegpu,cifar10,94.130000,4.708362,1.004141,16369
3,1,14527,edgegpu,cifar10,86.765000,1.439619,1.004141,16369
3,1,1459,edgegpu,cifar10,94.296670,6.748991,1.004141,16369
3,1,13401,edgegpu,cifar10,87.010000,1.457009,1.004141,16369
3,1,15200,edgegpu,cifar10,10.000000,0.501385,1.004141,16369
3,1,561,edgegpu,cifar10,86.880000,1.451068,1.004141,16369
3,1,6960,edgegpu,cifar10,92.280000,1.764450,1.004141,16369
3,1,6950,edgegpu,cifar10,92.000000,1.738467,1.004141,16369
3,1,13714,edgegpu,cifar10,94.373340,6.772180,1.004141,16369
3,1,2053,edgegpu,cifar10,94.206665,5.482254,1.004141,16369
3,1,6330,edgegpu,cifar10,94.006670,4.384699,1.004141,16369
3,1,5400,edgegpu,cifar10,86.630000,1.427460,1.004141,16369
3,1,11810,edgegpu,cifar10,92.780000,1.992798,1.004141,16369
3,1,14407,edgegpu,cifar10,86.770000,1.440282,1.004141,16369
3,2,11438,edgetpu,cifar10,92.500000,0.482393,1.032030,16441
3,2,10683,edgetpu,cifar10,92.330000,0.481277,1.032030,16441
3,2,3955,edgetpu,cifar10,88.863335,0.389665,1.032030,16441
3,2,2648,edgetpu,cifar10,93.246666,0.628167,1.032030,16441
3,2,15459,edgetpu,cifar10,93.160000,0.628147,1.032030,16441
3,2,5111,edgetpu,cifar10,94.306660,1.152010,1.032030,16441
3,2,3731,edgetpu,cifar10,94.343330,1.282820,1.032030,16441
3,2,11810,edgetpu,cifar10,92.780000,0.482879,1.032030,16441
3,2,1595,edgetpu,cifar10,88.963330,0.389815,1.032030,16441
3,2,6382,edgetpu,cifar10,93.376660,0.628638,1.032030,16441
3,2,6515,edgetpu,cifar10,93.616670,0.722858,1.032030,16441
3,2,11692,edgetpu,cifar10,94.130000,0.761100,1.032030,16441
3,2,5780,edgetpu,cifar10,93.980000,0.723967,1.032030,16441
3,2,970,edgetpu,cifar10,86.770000,0.371488,1.032030,16441
3,2,13611,edgetpu,cifar10,92.490000,0.481826,1.032030,16441
3,2,11112,edgetpu,cifar10,92.110000,0.480732,1.032030,16441
3,2,14527,edgetpu,cifar10,86.765000,0.365664,1.032030,16441
3,2,5258,edgetpu,cifar10,88.775000,0.388629,1.032030,16441
3,2,8192,edgetpu,cifar10,93.093330,0.627745,1.032030,16441
3,2,5224,edgetpu,cifar10,88.980000,0.389900,1.032030,16441
3,2,10581,edgetpu,cifar10,89.015000,0.390403,1.032030,16441
3,2,13714,edgetpu,cifar10,94.373340,1.377865,1.032030,16441
3,2,9950,edgetpu,cifar10,93.840000,0.723767,1.032030,16441
3,2,2053,edgetpu,cifar10,94.206665,1.042178,1.032030,16441
3,2,8525,edgetpu,cifar10,89.320000,0.420874,1.032030,16441
3,2,6918,edgetpu,cifar10,87.000000,0.375819,1.032030,16441
3,2,4161,edgetpu,cifar10,89.250000,0.391221,1.032030,16441
3,2,2485,edgetpu,cifar10,86.700000,0.346546,1.032030,16441
3,2,8008,edgetpu,cifar10,93.480000,0.629746,1.032030,16441
3,2,3487,edgetpu,cifar10,93.293335,0.628484,1.032030,16441
3,2,6584,edgetpu,cifar10,94.160000,0.888877,1.032030,16441
3,2,3927,edgetpu,cifar10,93.626660,0.723268,1.032030,16441
3,3,13714,eyeriss,cifar10,94.373340,7.823540,0.633966,16534
3,3,6584,eyeriss,cifar10,94.160000,4.874420,0.633966,16534
3,3,8008,eyeriss,cifar10,93.480000,3.399860,0.633966,16534
3,3,3687,eyeriss,cifar10,89.820000,1.925300,0.633966,16534
3,3,14146,eyeriss,cifar10,86.620000,1.679540,0.633966,16534
3,3,5991,eyeriss,cifar10,92.186670,3.154100,0.633966,16534
3,3,5111,eyeriss,cifar10,94.306660,5.365940,0.633966,16534
3,3,14112,eyeriss,cifar10,91.296670,2.908340,0.633966,16534
3,3,6111,eyeriss,cifar10,94.373340,7.823540,0.633966,16534
3,3,3731,eyeriss,cifar10,94.343330,6.594740,0.633966,16534
3,3,13987,eyeriss,cifar10,93.596664,3.645620,0.633966,16534
3,3,8592,eyeriss,cifar10,93.750000,3.891380,0.633966,16534
3,3,8323,eyeriss,cifar10,90.870000,2.171060,0.633966,16534
3,3,11472,eyeriss,cifar10,93.970000,4.628660,0.633966,16534
3,3,6854,eyeriss,cifar10,91.040000,2.662580,0.633966,16534
3,3,6899,eyeriss,cifar10,90.900000,2.416820,0.633966,16534
3,4,15295,fpga,cifar10,90.050000,2.057760,0.778407,16335
3,4,8720,fpga,cifar10,89.875000,1.648160,0.778407,16335
3,4,4384,fpga,cifar10,86.796670,1.132960,0.778407,16335
3,4,13987,fpga,cifar10,93.596664,3.420960,0.778407,16335
3,4,13714,fpga,cifar10,94.373340,6.678560,0.778407,16335
3,4,11472,fpga,cifar10,93.970000,3.648160,0.778407,16335
3,4,10431,fpga,cifar10,87.000000,1.542560,0.778407,16335
3,4,6111,fpga,cifar10,94.373340,6.678560,0.778407,16335
3,4,3731,fpga,cifar10,94.343330,5.936160,0.778407,16335
3,4,8008,fpga,cifar10,93.480000,2.905760,0.778407,16335
3,4,5111,fpga,cifar10,94.306660,5.193760,0.778407,16335
3,4,11692,fpga,cifar10,94.130000,4.163360,0.778407,16335
3,4,13611,fpga,cifar10,92.490000,2.390560,0.778407,16335
3,4,8323,fpga,cifar10,90.870000,2.163360,0.778407,16335
3,4,12438,fpga,cifar10,89.875000,1.648160,0.778407,16335
3,5,8836,pixel3,cifar10,92.220000,6.313990,1.107630,16008
3,5,6434,pixel3,cifar10,91.080000,4.811140,1.107630,16008
3,5,12970,pixel3,cifar10,90.970000,4.723840,1.107630,16008
3,5,5111,pixel3,cifar10,94.306660,17.584600,1.107630,16008
3,5,6918,pixel3,cifar10,87.000000,1.478790,1.107630,16008
3,5,6382,pixel3,cifar10,93.376660,7.048190,1.107630,16008
3,5,3731,pixel3,cifar10,94.343330,23.361300,1.107630,16008
3,5,2018,pixel3,cifar10,94.063330,14.960500,1.107630,16008
3,5,6863,pixel3,cifar10,86.740000,1.229320,1.107630,16008
3,5,3385,pixel3,cifar10,93.990000,13.656500,1.107630,16008
3,5,296,pixel3,cifar10,89.713330,1.805350,1.107630,16008
3,5,6111,pixel3,cifar10,94.373340,23.584800,1.107630,16008
3,5,7017,pixel3,cifar10,86.970000,1.403930,1.107630,16008
3,5,1941,pixel3,cifar10,93.533330,9.128690,1.107630,16008
3,5,11692,pixel3,cifar10,94.130000,15.490100,1.107630,16008
3,5,12639,pixel3,cifar10,90.990000,4.749000,1.107630,16008
3,5,1339,pixel3,cifar10,92.136665,5.802240,1.107630,16008
3,5,4731,pixel3,cifar10,90.360000,2.573470,1.107630,16008
3,5,1497,pixel3,cifar10,86.556660,1.056630,1.107630,16008
3,5,5224,pixel3,cifar10,88.980000,1.570360,1.107630,16008
3,5,13171,pixel3,cifar10,93.530000,7.717220,1.107630,16008
3,5,12820,pixel3,cifar10,90.880000,3.982790,1.107630,16008
3,5,8695,pixel3,cifar10,94.220000,17.564500,1.107630,16008
3,5,12452,pixel3,cifar10,91.350000,5.590110,1.107630,16008
3,5,7001,pixel3,cifar10,10.000000,0.003277,1.107630,16008
3,5,13869,pixel3,cifar10,93.656670,10.634700,1.107630,16008
3,5,2779,pixel3,cifar10,90.806660,3.102950,1.107630,16008
3,5,6999,pixel3,cifar10,93.820000,12.260900,1.107630,16008
3,5,8592,pixel3,cifar10,93.750000,10.769800,1.107630,16008
3,5,1425,pixel3,cifar10,93.933334,12.536500,1.107630,16008
3,5,4432,pixel3,cifar10,90.700000,2.826310,1.107630,16008
3,5,13987,pixel3,cifar10,93.596664,9.922680,1.107630,16008
3,5,1943,pixel3,cifar10,93.116670,6.492030,1.107630,16008
3,5,4554,pixel3,cifar10,86.670000,1.114880,1.107630,16008
3,5,2035,pixel3,cifar10,89.670000,1.706480,1.107630,16008
3,5,8323,pixel3,cifar10,90.870000,3.106420,1.107630,16008
3,5,6491,pixel3,cifar10,89.803340,2.032570,1.107630,16008
3,5,11972,pixel3,cifar10,91.510000,5.627010,1.107630,16008
3,5,6584,pixel3,cifar10,94.160000,15.720300,1.107630,16008
3,5,4627,pixel3,cifar10,93.270000,7.036050,1.107630,16008
3,5,9230,pixel3,cifar10,86.580000,1.056760,1.107630,16008
3,5,8720,pixel3,cifar10,89.875000,2.362840,1.107630,16008
3,6,6985,raspi4,cifar10,89.940000,4.995646,1.068996,16134
3,6,6868,raspi4,cifar10,90.880000,10.226877,1.068996,16134
3,6,12387,raspi4,cifar10,88.930000,4.797579,1.068996,16134
3,6,6918,raspi4,cifar10,87.000000,2.787590,1.068996,16134
3,6,6151,raspi4,cifar10,89.010000,4.882748,1.068996,16134
3,6,1962,raspi4,cifar10,86.530000,2.529453,1.068996,16134
3,6,5991,raspi4,cifar10,92.186670,17.979792,1.068996,16134
3,6,11692,raspi4,cifar10,94.130000,37.583630,1.068996,16134
3,6,14677,raspi4,cifar10,88.670000,4.755260,1.068996,16134
3,6,4689,raspi4,cifar10,90.720000,7.356712,1.068996,16134
3,6,14565,raspi4,cifar10,88.880000,4.781183,1.068996,16134
3,6,12002,raspi4,cifar10,93.510000,24.816572,1.068996,16134
3,6,1690,raspi4,cifar10,86.646670,2.536549,1.068996,16134
3,6,5111,raspi4,cifar10,94.306660,41.756905,1.068996,16134
3,6,12504,raspi4,cifar10,92.130000,16.890614,1.068996,16134
3,6,8592,raspi4,cifar10,93.750000,25.477009,1.068996,16134
3,6,6382,raspi4,cifar10,93.376660,21.461164,1.068996,16134
3,6,11533,raspi4,cifar10,93.420000,21.715693,1.068996,16134
3,6,6111,raspi4,cifar10,94.373340,68.404106,1.068996,16134
3,6,8426,raspi4,cifar10,93.840000,31.394428,1.068996,16134
3,6,2058,raspi4,cifar10,93.270000,19.484835,1.068996,16134
3,6,4384,raspi4,cifar10,86.796670,2.759305,1.068996,16134
3,6,11810,raspi4,cifar10,92.780000,18.619905,1.068996,16134
3,6,3731,raspi4,cifar10,94.343330,58.070793,1.068996,16134
3,6,12286,raspi4,cifar10,86.760000,2.546242,1.068996,16134
3,6,5780,raspi4,cifar10,93.980000,34.928463,1.068996,16134
3,6,8323,raspi4,cifar10,90.870000,7.426308,1.068996,16134
3,6,5915,raspi4,cifar10,86.846664,2.776470,1.068996,16134
3,6,9980,raspi4,cifar10,10.000000,0.011284,1.068996,16134
3,6,7352,raspi4,cifar10,92.200000,18.038305,1.068996,16134
3,6,13320,raspi4,cifar10,89.330000,4.889096,1.068996,16134
3,6,8008,raspi4,cifar10,93.480000,22.571420,1.068996,16134
3,6,1941,raspi4,cifar10,93.533330,25.121769,1.068996,16134
3,6,4432,raspi4,cifar10,90.700000,7.290926,1.068996,16134
3,6,11972,raspi4,cifar10,91.510000,12.403558,1.068996,16134
3,6,2035,raspi4,cifar10,89.670000,4.984099,1.068996,16134
3,6,10412,raspi4,cifar10,93.530000,25.079220,1.068996,16134
3,6,7058,raspi4,cifar10,92.040000,16.469465,1.068996,16134
3,6,6953,raspi4,cifar10,91.990000,15.601654,1.068996,16134
3,7,8912,edgegpu,cifar100,59.200000,1.441355,0.724563,16298
3,7,4418,edgegpu,cifar100,72.746666,5.352364,0.724563,16298
3,7,9922,edgegpu,cifar100,58.560000,1.428552,0.724563,16298
3,7,11885,edgegpu,cifar100,68.040000,1.776652,0.724563,16298
3,7,3888,edgegpu,cifar100,73.260000,6.797867,0.724563,16298
3,7,9997,edgegpu,cifar100,71.520000,3.466139,0.724563,16298
3,7,8401,edgegpu,cifar100,71.080000,3.302102,0.724563,16298
3,7,11810,edgegpu,cifar100,68.300000,1.779551,0.724563,16298
3,7,9930,edgegpu,cifar100,73.513336,6.803060,0.724563,16298
3,7,2778,edgegpu,cifar100,72.993330,6.134028,0.724563,16298
3,7,4954,edgegpu,cifar100,73.000000,6.669736,0.724563,16298
3,7,1509,edgegpu,cifar100,1.000000,0.505853,0.724563,16298
3,7,2304,edgegpu,cifar100,58.660000,1.440253,0.724563,16298
3,7,12415,edgegpu,cifar100,71.940000,4.828467,0.724563,16298
3,7,1038,edgegpu,cifar100,67.500000,1.758428,0.724563,16298
3,7,11067,edgegpu,cifar100,58.186670,1.427836,0.724563,16298
3,8,12761,edgetpu,cifar100,72.860000,1.225212,0.775339,15939
3,8,3888,edgetpu,cifar100,73.260000,1.316226,0.775339,15939
3,8,5019,edgetpu,cifar100,58.880000,0.357058,0.775339,15939
3,8,12607,edgetpu,cifar100,62.600000,0.392830,0.775339,15939
3,8,1425,edgetpu,cifar100,72.093330,0.910660,0.775339,15939
3,8,8638,edgetpu,cifar100,58.860000,0.356631,0.775339,15939
3,8,898,edgetpu,cifar100,70.000000,0.636860,0.775339,15939
3,8,8401,edgetpu,cifar100,71.080000,0.728572,0.775339,15939
3,8,9997,edgetpu,cifar100,71.520000,0.729986,0.775339,15939
3,8,1110,edgetpu,cifar100,58.840000,0.355938,0.775339,15939
3,8,10000,edgetpu,cifar100,73.160000,1.283461,0.775339,15939
3,8,9930,edgetpu,cifar100,73.513336,1.454107,0.775339,15939
3,8,10443,edgetpu,cifar100,68.300000,0.489020,0.775339,15939
3,8,4418,edgetpu,cifar100,72.746666,1.093699,0.775339,15939
3,8,9541,edgetpu,cifar100,67.660000,0.486829,0.775339,15939
3,8,4627,edgetpu,cifar100,69.600000,0.635153,0.775339,15939
3,8,12415,edgetpu,cifar100,71.940000,0.872299,0.775339,15939
3,8,12574,edgetpu,cifar100,72.740000,0.932430,0.775339,15939
3,8,777,edgetpu,cifar100,58.650000,0.355588,0.775339,15939
3,8,857,edgetpu,cifar100,72.880000,1.264168,0.775339,15939
3,8,9689,edgetpu,cifar100,69.760000,0.636296,0.775339,15939
3,8,3303,edgetpu,cifar100,62.420000,0.392593,0.775339,15939
3,8,577,edgetpu,cifar100,69.680000,0.635228,0.775339,15939
3,8,6974,edgetpu,cifar100,61.880000,0.392555,0.775339,15939
3,8,9271,edgetpu,cifar100,63.400000,0.393151,0.775339,15939
3,8,14945,edgetpu,cifar100,58.500000,0.354940,0.775339,15939
3,8,15363,edgetpu,cifar100,70.520000,0.676394,0.775339,15939
3,8,13760,edgetpu,cifar100,61.686670,0.392028,0.775339,15939
3,8,69,edgetpu,cifar100,71.020000,0.727259,0.775339,15939
3,8,13829,edgetpu,cifar100,66.873340,0.485137,0.775339,15939
3,8,797,edgetpu,cifar100,69.580000,0.633351,0.775339,15939
3,8,2705,edgetpu,cifar100,62.813330,0.393026,0.775339,15939
3,9,3540,eyeriss,cifar100,71.500000,4.877440,0.667853,16581
3,9,3888,eyeriss,cifar100,73.260000,6.597760,0.667853,16581
3,9,11301,eyeriss,cifar100,68.220000,2.665600,0.667853,16581
3,9,14112,eyeriss,cifar100,68.386665,2.911360,0.667853,16581
3,9,5084,eyeriss,cifar100,58.813330,1.682560,0.667853,16581
3,9,6925,eyeriss,cifar100,71.220000,3.894400,0.667853,16581
3,9,12820,eyeriss,cifar100,67.720000,2.419840,0.667853,16581
3,9,12574,eyeriss,cifar100,72.740000,5.123200,0.667853,16581
3,9,3487,eyeriss,cifar100,70.093330,3.402880,0.667853,16581
3,9,10689,eyeriss,cifar100,67.500000,2.174080,0.667853,16581
3,9,6787,eyeriss,cifar100,70.720000,3.648640,0.667853,16581
3,9,9930,eyeriss,cifar100,73.513336,9.055360,0.667853,16581
3,9,12761,eyeriss,cifar100,72.860000,6.352000,0.667853,16581
3,9,5651,eyeriss,cifar100,64.690000,1.928320,0.667853,16581
3,9,14714,eyeriss,cifar100,71.280000,4.140160,0.667853,16581
3,10,5651,fpga,cifar100,64.690000,1.648160,0.755667,16324
3,10,12820,fpga,cifar100,67.720000,2.678560,0.755667,16324
3,10,9997,fpga,cifar100,71.520000,4.572960,0.755667,16324
3,10,5084,fpga,cifar100,58.813330,1.132960,0.755667,16324
3,10,7250,fpga,cifar100,67.706665,2.390560,0.755667,16324
3,10,9930,fpga,cifar100,73.513336,7.420960,0.755667,16324
3,10,12761,fpga,cifar100,72.860000,5.420960,0.755667,16324
3,10,3888,fpga,cifar100,73.260000,5.936160,0.755667,16324
3,10,3540,fpga,cifar100,71.500000,4.163360,0.755667,16324
3,10,12295,fpga,cifar100,71.160000,3.648160,0.755667,16324
3,10,6925,fpga,cifar100,71.220000,3.936160,0.755667,16324
3,10,10689,fpga,cifar100,67.500000,2.163360,0.755667,16324
3,10,4659,fpga,cifar100,70.060000,2.905760,0.755667,16324
3,10,5725,fpga,cifar100,70.600000,3.420960,0.755667,16324
3,10,12574,fpga,cifar100,72.740000,4.678560,0.755667,16324
3,10,4249,fpga,cifar100,65.080000,2.057760,0.755667,16324
3,10,5743,fpga,cifar100,67.800000,2.800160,0.755667,16324
3,11,858,pixel3,cifar100,64.133330,2.003500,0.979478,16116
3,11,6925,pixel3,cifar100,71.220000,10.688000,0.979478,16116
3,11,6337,pixel3,cifar100,1.000000,0.008753,0.979478,16116
3,11,699,pixel3,cifar100,72.240000,12.079400,0.979478,16116
3,11,10689,pixel3,cifar100,67.500000,3.109220,0.979478,16116
3,11,724,pixel3,cifar100,67.053340,2.875650,0.979478,16116
3,11,11000,pixel3,cifar100,71.180000,10.677600,0.979478,16116
3,11,485,pixel3,cifar100,67.593330,4.124800,0.979478,16116
3,11,14112,pixel3,cifar100,68.386665,5.745320,0.979478,16116
3,11,11301,pixel3,cifar100,68.220000,5.352090,0.979478,16116
3,11,1416,pixel3,cifar100,64.493330,2.084060,0.979478,16116
3,11,1409,pixel3,cifar100,58.853333,1.275090,0.979478,16116
3,11,6787,pixel3,cifar100,70.720000,9.854430,0.979478,16116
3,11,5019,pixel3,cifar100,58.880000,1.483640,0.979478,16116
3,11,1459,pixel3,cifar100,73.140000,23.437900,0.979478,16116
3,11,4659,pixel3,cifar100,70.060000,9.026280,0.979478,16116
3,11,9930,pixel3,cifar100,73.513336,42.003600,0.979478,16116
3,11,15589,pixel3,cifar100,59.060000,1.483890,0.979478,16116
3,11,15363,pixel3,cifar100,70.520000,9.708640,0.979478,16116
3,11,12574,pixel3,cifar100,72.740000,16.473900,0.979478,16116
3,11,3888,pixel3,cifar100,73.260000,23.477200,0.979478,16116
3,11,8638,pixel3,cifar100,58.860000,1.478570,0.979478,16116
3,11,857,pixel3,cifar100,72.880000,19.113200,0.979478,16116
3,11,5651,pixel3,cifar100,64.690000,2.376870,0.979478,16116
3,11,898,pixel3,cifar100,70.000000,6.516140,0.979478,16116
3,11,777,pixel3,cifar100,58.650000,1.087020,0.979478,16116
3,11,1450,pixel3,cifar100,70.506670,9.337360,0.979478,16116
3,11,12820,pixel3,cifar100,67.720000,4.806070,0.979478,16116
3,11,1090,pixel3,cifar100,65.220000,2.811310,0.979478,16116
3,11,1631,pixel3,cifar100,63.986668,1.805000,0.979478,16116
3,11,8323,pixel3,cifar100,67.080000,3.106340,0.979478,16116
3,11,1593,pixel3,cifar100,62.126667,1.582050,0.979478,16116
3,12,1459,raspi4,cifar100,73.140000,53.879950,1.199150,16072
3,12,3888,raspi4,cifar100,73.260000,55.029520,1.199150,16072
3,12,1357,raspi4,cifar100,67.480000,10.177114,1.199150,16072
3,12,1631,raspi4,cifar100,63.986668,5.097326,1.199150,16072
3,12,2200,raspi4,cifar100,63.886665,5.014668,1.199150,16072
3,12,3487,raspi4,cifar100,70.093330,21.603350,1.199150,16072
3,12,14112,raspi4,cifar100,68.386665,14.423308,1.199150,16072
3,12,15363,raspi4,cifar100,70.520000,21.809430,1.199150,16072
3,12,8912,raspi4,cifar100,59.200000,2.818969,1.199150,16072
3,12,6787,raspi4,cifar100,70.720000,23.081835,1.199150,16072
3,12,4409,raspi4,cifar100,67.173330,7.228629,1.199150,16072
3,12,6830,raspi4,cifar100,71.460000,34.491814,1.199150,16072
3,12,13021,raspi4,cifar100,63.800000,5.009584,1.199150,16072
3,12,7031,raspi4,cifar100,69.526665,19.879576,1.199150,16072
3,12,1572,raspi4,cifar100,69.900000,19.916142,1.199150,16072
3,12,12915,raspi4,cifar100,66.950000,7.226311,1.199150,16072
3,12,14612,raspi4,cifar100,58.720000,2.563505,1.199150,16072
3,12,15137,raspi4,cifar100,63.160000,4.941014,1.199150,16072
3,12,13430,raspi4,cifar100,66.700000,7.203785,1.199150,16072
3,12,898,raspi4,cifar100,70.000000,21.506163,1.199150,16072
3,12,375,raspi4,cifar100,64.440000,5.099302,1.199150,16072
3,12,10222,raspi4,cifar100,58.860000,2.747804,1.199150,16072
3,12,6822,raspi4,cifar100,58.426666,2.558594,1.199150,16072
3,12,5651,raspi4,cifar100,64.690000,5.126510,1.199150,16072
3,12,4418,raspi4,cifar100,72.746666,47.162354,1.199150,16072
3,12,9380,raspi4,cifar100,62.680000,4.821364,1.199150,16072
3,12,6925,raspi4,cifar100,71.220000,24.195030,1.199150,16072
3,12,9930,raspi4,cifar100,73.513336,71.152000,1.199150,16072
3,12,15589,raspi4,cifar100,59.060000,2.795078,1.199150,16072
3,12,6177,raspi4,cifar100,62.373333,4.795128,1.199150,16072
3,12,14714,raspi4,cifar100,71.280000,24.692347,1.199150,16072
3,12,711,raspi4,cifar100,63.933334,5.090036,1.199150,16072
3,12,12761,raspi4,cifar100,72.860000,53.718200,1.199150,16072
3,12,4195,raspi4,cifar100,62.700000,4.877588,1.199150,16072
3,12,2222,raspi4,cifar100,58.313330,2.538255,1.199150,16072
3,12,9997,raspi4,cifar100,71.520000,34.996710,1.199150,16072
3,12,12574,raspi4,cifar100,72.740000,36.371254,1.199150,16072
3,12,14792,raspi4,cifar100,69.500000,19.111843,1.199150,16072
3,12,8740,raspi4,cifar100,1.000000,0.015215,1.199150,16072
3,13,8884,edgegpu,ImageNet16-120,45.033333,3.499999,0.903573,16333
3,13,15376,edgegpu,ImageNet16-120,0.833333,0.533953,0.903573,16333
3,13,1164,edgegpu,ImageNet16-120,28.522223,1.435223,0.903573,16333
3,13,13760,edgegpu,ImageNet16-120,32.333332,1.739759,0.903573,16333
3,13,5374,edgegpu,ImageNet16-120,46.766666,5.294285,0.903573,16333
3,13,7187,edgegpu,ImageNet16-120,28.683332,1.443858,0.903573,16333
3,13,9722,edgegpu,ImageNet16-120,44.000000,3.327813,0.903573,16333
3,13,10947,edgegpu,ImageNet16-120,39.944443,1.909800,0.903573,16333
3,13,14117,edgegpu,ImageNet16-120,28.677778,1.435547,0.903573,16333
3,13,12415,edgegpu,ImageNet16-120,46.566666,4.667692,0.903573,16333
3,13,4946,edgegpu,ImageNet16-120,44.700000,3.490419,0.903573,16333
3,13,857,edgegpu,ImageNet16-120,47.311110,6.707663,0.903573,16333
3,13,6499,edgegpu,ImageNet16-120,44.466667,3.413672,0.903573,16333
3,13,11217,edgegpu,ImageNet16-120,43.466667,3.316708,0.903573,16333
3,13,15383,edgegpu,ImageNet16-120,47.033333,6.262836,0.903573,16333
3,13,2650,edgegpu,ImageNet16-120,42.433334,3.309817,0.903573,16333
3,13,14840,edgegpu,ImageNet16-120,45.311110,4.224715,0.903573,16333
3,13,8401,edgegpu,ImageNet16-120,43.833332,3.322444,0.903573,16333
3,13,6950,edgegpu,ImageNet16-120,38.700000,1.740150,0.903573,16333
3,13,15288,edgegpu,ImageNet16-120,28.422222,1.417041,0.903573,16333
3,13,1449,edgegpu,ImageNet16-120,40.077778,3.075252,0.903573,16333
3,13,4587,edgegpu,ImageNet16-120,28.800000,1.445131,0.903573,16333
3,13,4988,edgegpu,ImageNet16-120,28.933332,1.448212,0.903573,16333
3,13,10750,edgegpu,ImageNet16-120,44.600000,3.434558,0.903573,16333
3,13,7760,edgegpu,ImageNet16-120,39.100000,1.743751,0.903573,16333
3,13,14612,edgegpu,ImageNet16-120,28.488890,1.434064,0.903573,16333
3,13,15159,edgegpu,ImageNet16-120,45.566666,4.632421,0.903573,16333
3,13,4160,edgegpu,ImageNet16-120,39.833332,1.756272,0.903573,16333
3,13,454,edgegpu,ImageNet16-120,41.277780,3.303313,0.903573,16333
3,13,13411,edgegpu,ImageNet16-120,31.855556,1.736240,0.903573,16333
3,13,10699,edgegpu,ImageNet16-120,46.833332,6.223283,0.903573,16333
3,13,4332,edgegpu,ImageNet16-120,39.444443,1.745496,0.903573,16333
3,14,8447,edgetpu,ImageNet16-120,40.011112,0.514586,0.707382,16409
3,14,14527,edgetpu,ImageNet16-120,28.133333,0.358865,0.707382,16409
3,14,15363,edgetpu,ImageNet16-120,44.333332,0.582280,0.707382,16409
3,14,12415,edgetpu,ImageNet16-120,46.566666,0.710906,0.707382,16409
3,14,11885,edgetpu,ImageNet16-120,39.166668,0.427395,0.707382,16409
3,14,857,edgetpu,ImageNet16-120,47.311110,0.997730,0.707382,16409
3,14,7750,edgetpu,ImageNet16-120,43.066666,0.551617,0.707382,16409
3,14,7273,edgetpu,ImageNet16-120,42.966667,0.550014,0.707382,16409
3,14,3540,edgetpu,ImageNet16-120,45.122223,0.648670,0.707382,16409
3,14,8884,edgetpu,ImageNet16-120,45.033333,0.615792,0.707382,16409
3,14,4160,edgetpu,ImageNet16-120,39.833332,0.430355,0.707382,16409
3,14,15383,edgetpu,ImageNet16-120,47.033333,0.780914,0.707382,16409
3,14,4627,edgetpu,ImageNet16-120,43.500000,0.552306,0.707382,16409
3,14,9689,edgetpu,ImageNet16-120,42.533333,0.549702,0.707382,16409
3,14,14694,edgetpu,ImageNet16-120,28.488890,0.360686,0.707382,16409
3,14,11282,edgetpu,ImageNet16-120,39.633335,0.428409,0.707382,16409
3,14,14840,edgetpu,ImageNet16-120,45.311110,0.666690,0.707382,16409
3,14,14677,edgetpu,ImageNet16-120,33.233334,0.364575,0.707382,16409
3,14,7357,edgetpu,ImageNet16-120,44.666668,0.600498,0.707382,16409
3,14,10888,edgetpu,ImageNet16-120,28.333334,0.359044,0.707382,16409
3,14,6950,edgetpu,ImageNet16-120,38.700000,0.427379,0.707382,16409
3,14,15107,edgetpu,ImageNet16-120,39.800000,0.430284,0.707382,16409
3,14,13769,edgetpu,ImageNet16-120,41.555557,0.549360,0.707382,16409
3,14,10332,edgetpu,ImageNet16-120,40.033333,0.516152,0.707382,16409
3,14,6672,edgetpu,ImageNet16-120,27.822222,0.358864,0.707382,16409
3,14,10167,edgetpu,ImageNet16-120,39.944443,0.444058,0.707382,16409
3,14,8781,edgetpu,ImageNet16-120,32.366665,0.363484,0.707382,16409
3,14,13972,edgetpu,ImageNet16-120,31.933332,0.363440,0.707382,16409
3,14,5751,edgetpu,ImageNet16-120,40.044445,0.516992,0.707382,16409
3,14,13097,edgetpu,ImageNet16-120,39.655556,0.428424,0.707382,16409
3,14,6520,edgetpu,ImageNet16-120,32.383335,0.363944,0.707382,16409
3,14,5724,edgetpu,ImageNet16-120,28.366667,0.359987,0.707382,16409
3,14,6858,edgetpu,ImageNet16-120,40.333332,0.541300,0.707382,16409
3,14,7396,edgetpu,ImageNet16-120,40.177776,0.517218,0.707382,16409
3,14,4830,edgetpu,ImageNet16-120,42.233334,0.549457,0.707382,16409
3,14,11079,edgetpu,ImageNet16-120,43.566666,0.552430,0.707382,16409
3,15,1939,eyeriss,ImageNet16-120,45.077778,0.976000,0.549517,16509
3,15,8853,eyeriss,ImageNet16-120,45.600000,1.037440,0.549517,16509
3,15,735,eyeriss,ImageNet16-120,38.544445,0.607360,0.549517,16509
3,15,6787,eyeriss,ImageNet16-120,44.400000,0.914560,0.549517,16509
3,15,9805,eyeriss,ImageNet16-120,34.133335,0.484480,0.549517,16509
3,15,857,eyeriss,ImageNet16-120,47.311110,1.651840,0.549517,16509
3,15,15383,eyeriss,ImageNet16-120,47.033333,1.283200,0.549517,16509
3,15,2835,eyeriss,ImageNet16-120,38.222220,0.545920,0.549517,16509
3,15,6854,eyeriss,ImageNet16-120,40.800000,0.668800,0.549517,16509
3,15,8008,eyeriss,ImageNet16-120,43.500000,0.853120,0.549517,16509
3,15,14417,eyeriss,ImageNet16-120,45.900000,1.098880,0.549517,16509
3,15,4988,eyeriss,ImageNet16-120,28.933332,0.423040,0.549517,16509
3,16,5793,fpga,ImageNet16-120,35.033333,0.517920,0.577530,16326
3,16,8008,fpga,ImageNet16-120,43.500000,0.876800,0.577530,16326
3,16,2835,fpga,ImageNet16-120,38.222220,0.546720,0.577530,16326
3,16,10017,fpga,ImageNet16-120,40.566666,0.784000,0.577530,16326
3,16,857,fpga,ImageNet16-120,47.311110,2.038400,0.577530,16326
3,16,8853,fpga,ImageNet16-120,45.600000,1.155200,0.577530,16326
3,16,1939,fpga,ImageNet16-120,45.077778,1.062400,0.577530,16326
3,16,15383,fpga,ImageNet16-120,47.033333,1.504000,0.577530,16326
3,16,4829,fpga,ImageNet16-120,34.200000,0.415520,0.577530,16326
3,16,14748,fpga,ImageNet16-120,44.900000,0.995200,0.577530,16326
3,16,4988,fpga,ImageNet16-120,28.933332,0.284320,0.577530,16326
3,16,6868,fpga,ImageNet16-120,39.000000,0.649120,0.577530,16326
3,16,14417,fpga,ImageNet16-120,45.900000,1.276320,0.577530,16326
3,16,6787,fpga,ImageNet16-120,44.400000,0.969600,0.577530,16326
3,16,6854,fpga,ImageNet16-120,40.800000,0.809120,0.577530,16326
3,16,12452,fpga,ImageNet16-120,40.533333,0.780320,0.577530,16326
3,17,12358,pixel3,ImageNet16-120,34.055557,0.666287,1.386149,16097
3,17,10581,pixel3,ImageNet16-120,32.366665,0.618818,1.386149,16097
3,17,4895,pixel3,ImageNet16-120,33.200000,0.619070,1.386149,16097
3,17,1147,pixel3,ImageNet16-120,33.733334,0.666281,1.386149,16097
3,17,1425,pixel3,ImageNet16-120,45.977780,4.619290,1.386149,16097
3,17,9032,pixel3,ImageNet16-120,38.016666,1.020960,1.386149,16097
3,17,6854,pixel3,ImageNet16-120,40.800000,1.621620,1.386149,16097
3,17,4988,pixel3,ImageNet16-120,28.933332,0.485996,1.386149,16097
3,17,10888,pixel3,ImageNet16-120,28.333334,0.422652,1.386149,16097
3,17,12103,pixel3,ImageNet16-120,28.250000,0.422433,1.386149,16097
3,17,1204,pixel3,ImageNet16-120,37.844444,0.864966,1.386149,16097
3,17,4627,pixel3,ImageNet16-120,43.500000,2.479640,1.386149,16097
3,17,6294,pixel3,ImageNet16-120,38.011112,0.869124,1.386149,16097
3,17,10154,pixel3,ImageNet16-120,46.133335,4.783700,1.386149,16097
3,17,2018,pixel3,ImageNet16-120,46.433334,4.949210,1.386149,16097
3,17,2899,pixel3,ImageNet16-120,43.911110,2.701210,1.386149,16097
3,17,9496,pixel3,ImageNet16-120,38.200000,1.024960,1.386149,16097
3,17,8853,pixel3,ImageNet16-120,45.600000,3.554540,1.386149,16097
3,17,1110,pixel3,ImageNet16-120,28.600000,0.423927,1.386149,16097
3,17,13059,pixel3,ImageNet16-120,34.266666,0.668679,1.386149,16097
3,17,6014,pixel3,ImageNet16-120,28.533333,0.423391,1.386149,16097
3,17,857,pixel3,ImageNet16-120,47.311110,6.686850,1.386149,16097
3,17,8954,pixel3,ImageNet16-120,28.733334,0.424855,1.386149,16097
3,17,12424,pixel3,ImageNet16-120,43.133330,2.470150,1.386149,16097
3,17,872,pixel3,ImageNet16-120,41.777780,2.465030,1.386149,16097
3,17,1549,pixel3,ImageNet16-120,28.655556,0.424747,1.386149,16097
3,17,12452,pixel3,ImageNet16-120,40.533333,1.504410,1.386149,16097
3,17,1939,pixel3,ImageNet16-120,45.077778,3.021500,1.386149,16097
3,17,978,pixel3,ImageNet16-120,33.488888,0.665489,1.386149,16097
3,17,12466,pixel3,ImageNet16-120,46.100000,4.680280,1.386149,16097
3,17,2002,pixel3,ImageNet16-120,32.277780,0.617751,1.386149,16097
3,17,15383,pixel3,ImageNet16-120,47.033333,5.191720,1.386149,16097
3,17,12639,pixel3,ImageNet16-120,40.400000,1.304440,1.386149,16097
3,17,13756,pixel3,ImageNet16-120,0.833333,0.005289,1.386149,16097
3,17,3728,pixel3,ImageNet16-120,28.500000,0.422880,1.386149,16097
3,17,14417,pixel3,ImageNet16-120,45.900000,4.143030,1.386149,16097
3,17,4432,pixel3,ImageNet16-120,37.800000,0.861157,1.386149,16097
3,17,12355,pixel3,ImageNet16-120,45.033333,2.989390,1.386149,16097
3,17,11000,pixel3,ImageNet16-120,44.866665,2.962520,1.386149,16097
3,18,2779,raspi4,ImageNet16-120,37.355556,2.190654,1.347292,16037
3,18,2904,raspi4,ImageNet16-120,42.744446,3.799936,1.347292,16037
3,18,10167,raspi4,ImageNet16-120,39.944443,3.106316,1.347292,16037
3,18,14417,raspi4,ImageNet16-120,45.900000,6.948865,1.347292,16037
3,18,6854,raspi4,ImageNet16-120,40.800000,3.661016,1.347292,16037
3,18,2018,raspi4,ImageNet16-120,46.433334,7.482383,1.347292,16037
3,18,8683,raspi4,ImageNet16-120,44.200000,4.462997,1.347292,16037
3,18,12358,raspi4,ImageNet16-120,34.055557,1.582727,1.347292,16037
3,18,8584,raspi4,ImageNet16-120,34.088890,1.586268,1.347292,16037
3,18,14677,raspi4,ImageNet16-120,33.233334,1.537227,1.347292,16037
3,18,1413,raspi4,ImageNet16-120,42.711113,3.788479,1.347292,16037
3,18,10835,raspi4,ImageNet16-120,45.233334,6.632419,1.347292,16037
3,18,6336,raspi4,ImageNet16-120,39.366665,3.073392,1.347292,16037
3,18,5202,raspi4,ImageNet16-120,42.411110,3.783078,1.347292,16037
3,18,11079,raspi4,ImageNet16-120,43.566666,3.802027,1.347292,16037
3,18,933,raspi4,ImageNet16-120,0.833333,0.011514,1.347292,16037
3,18,3192,raspi4,ImageNet16-120,45.477780,6.675633,1.347292,16037
3,18,41,raspi4,ImageNet16-120,32.388890,1.528043,1.347292,16037
3,18,7227,raspi4,ImageNet16-120,32.533333,1.530737,1.347292,16037
3,18,13931,raspi4,ImageNet16-120,28.788889,0.956195,1.347292,16037
3,18,857,raspi4,ImageNet16-120,47.311110,9.020064,1.347292,16037
3,18,14750,raspi4,ImageNet16-120,32.933334,1.536700,1.347292,16037
3,18,11209,raspi4,ImageNet16-120,33.266666,1.580655,1.347292,16037
3,18,8426,raspi4,ImageNet16-120,44.633335,5.288439,1.347292,16037
3,18,8355,raspi4,ImageNet16-120,39.666668,3.083286,1.347292,16037
3,18,9032,raspi4,ImageNet16-120,38.016666,2.201532,1.347292,16037
3,18,13059,raspi4,ImageNet16-120,34.266666,1.595651,1.347292,16037
3,18,9496,raspi4,ImageNet16-120,38.200000,2.204048,1.347292,16037
3,18,5973,raspi4,ImageNet16-120,40.100000,3.159922,1.347292,16037
3,18,1939,raspi4,ImageNet16-120,45.077778,5.341908,1.347292,16037
3,18,11584,raspi4,ImageNet16-120,46.666668,8.014434,1.347292,16037
3,18,380,raspi4,ImageNet16-120,38.900000,3.038936,1.347292,16037
3,18,4995,raspi4,ImageNet16-120,42.166668,3.766336,1.347292,16037
3,18,10217,raspi4,ImageNet16-120,45.100000,6.109362,1.347292,16037
3,18,4988,raspi4,ImageNet16-120,28.933332,1.003251,1.347292,16037
3,18,15383,raspi4,ImageNet16-120,47.033333,8.565354,1.347292,16037
3,18,5530,raspi4,ImageNet16-120,42.577778,3.785925,1.347292,16037
3,18,10472,raspi4,ImageNet16-120,39.633335,3.079679,1.347292,16037
3,18,12505,raspi4,ImageNet16-120,39.283333,3.062432,1.347292,16037
3,18,7551,raspi4,ImageNet16-120,38.477780,2.950436,1.347292,16037
3,18,8884,raspi4,ImageNet16-120,45.033333,5.293177,1.347292,16037
3,18,3782,raspi4,ImageNet16-120,41.866665,3.755286,1.347292,16037
3,18,5637,raspi4,ImageNet16-120,33.933334,1.580707,1.347292,16037
3,18,13771,raspi4,ImageNet16-120,32.744446,1.533813,1.347292,16037
3,18,11946,raspi4,ImageNet16-120,28.200000,0.940293,1.347292,16037
3,18,15363,raspi4,ImageNet16-120,44.333332,4.480516,1.347292,16037
3,18,3960,raspi4,ImageNet16-120,37.755554,2.197980,1.347292,16037
3,18,7187,raspi4,ImageNet16-120,28.683332,0.952790,1.347292,16037
3,18,3687,raspi4,ImageNet16-120,34.066666,1.583497,1.347292,16037
4,1,6960,edgegpu,cifar10,92.280000,1.764450,0.886112,16285
4,1,9099,edgegpu,cifar10,93.940000,3.357520,0.886112,16285
4,1,2090,edgegpu,cifar10,86.650000,1.437702,0.886112,16285
4,1,561,edgegpu,cifar10,86.880000,1.451068,0.886112,16285
4,1,13401,edgegpu,cifar10,87.010000,1.457009,0.886112,16285
4,1,258,edgegpu,cifar10,93.640000,3.307109,0.886112,16285
4,1,11692,edgegpu,cifar10,94.130000,4.708362,0.886112,16285
4,1,14407,edgegpu,cifar10,86.770000,1.440282,0.886112,16285
4,1,10484,edgegpu,cifar10,93.810000,3.354015,0.886112,16285
4,1,5400,edgegpu,cifar10,86.630000,1.427460,0.886112,16285
4,1,5780,edgegpu,cifar10,93.980000,3.361888,0.886112,16285
4,1,2776,edgegpu,cifar10,93.666664,3.331194,0.886112,16285
4,1,5292,edgegpu,cifar10,94.293335,6.663151,0.886112,16285
4,1,11438,edgegpu,cifar10,92.500000,1.846719,0.886112,16285
4,1,11810,edgegpu,cifar10,92.780000,1.992798,0.886112,16285
4,1,13714,edgegpu,cifar10,94.373340,6.772180,0.886112,16285
4,1,2053,edgegpu,cifar10,94.206665,5.482254,0.886112,16285
4,1,1459,edgegpu,cifar10,94.296670,6.748991,0.886112,16285
4,1,6330,edgegpu,cifar10,94.006670,4.384699,0.886112,16285
4,1,15200,edgegpu,cifar10,10.000000,0.501385,0.886112,16285
4,1,14527,edgegpu,cifar10,86.765000,1.439619,0.886112,16285
4,1,6950,edgegpu,cifar10,92.000000,1.738467,0.886112,16285
4,1,1339,edgegpu,cifar10,92.136665,1.751881,0.886112,16285
4,1,6499,edgegpu,cifar10,93.645000,3.331041,0.886112,16285
4,2,1005,edgetpu,cifar10,89.183334,0.392518,1.126562,16423
4,2,3731,edgetpu,cifar10,94.343330,1.282820,1.126562,16423
4,2,13714,edgetpu,cifar10,94.373340,1.377865,1.126562,16423
4,2,5111,edgetpu,cifar10,94.306660,1.152010,1.126562,16423
4,2,6382,edgetpu,cifar10,93.376660,0.628638,1.126562,16423
4,2,797,edgetpu,cifar10,93.280000,0.627996,1.126562,16423
4,2,2053,edgetpu,cifar10,94.206665,1.042178,1.126562,16423
4,2,10581,edgetpu,cifar10,89.015000,0.390403,1.126562,16423
4,2,9950,edgetpu,cifar10,93.840000,0.723767,1.126562,16423
4,2,6584,edgetpu,cifar10,94.160000,0.888877,1.126562,16423
4,2,8192,edgetpu,cifar10,93.093330,0.627745,1.126562,16423
4,2,6918,edgetpu,cifar10,87.000000,0.375819,1.126562,16423
4,2,11438,edgetpu,cifar10,92.500000,0.482393,1.126562,16423
4,2,2240,edgetpu,cifar10,91.990000,0.480973,1.126562,16423
4,2,9380,edgetpu,cifar10,89.335000,0.395662,1.126562,16423
4,2,5224,edgetpu,cifar10,88.980000,0.389900,1.126562,16423
4,2,2328,edgetpu,cifar10,89.210000,0.392618,1.126562,16423
4,2,6407,edgetpu,cifar10,88.933334,0.389381,1.126562,16423
4,2,7017,edgetpu,cifar10,86.970000,0.353089,1.126562,16423
4,2,1595,edgetpu,cifar10,88.963330,0.389815,1.126562,16423
4,2,12607,edgetpu,cifar10,89.180000,0.391577,1.126562,16423
4,2,11692,edgetpu,cifar10,94.130000,0.761100,1.126562,16423
4,2,3927,edgetpu,cifar10,93.626660,0.723268,1.126562,16423
4,2,5780,edgetpu,cifar10,93.980000,0.723967,1.126562,16423
4,2,2485,edgetpu,cifar10,86.700000,0.346546,1.126562,16423
4,2,7636,edgetpu,cifar10,92.270000,0.481888,1.126562,16423
4,2,10167,edgetpu,cifar10,92.020000,0.481180,1.126562,16423
4,2,12852,edgetpu,cifar10,92.083336,0.481477,1.126562,16423
4,2,6515,edgetpu,cifar10,93.616670,0.722858,1.126562,16423
4,3,13987,eyeriss,cifar10,93.596664,3.645620,0.654521,16417
4,3,13611,eyeriss,cifar10,92.490000,3.154100,0.654521,16417
4,3,11472,eyeriss,cifar10,93.970000,4.628660,0.654521,16417
4,3,4384,eyeriss,cifar10,86.796670,1.679540,0.654521,16417
4,3,12438,eyeriss,cifar10,89.875000,1.925300,0.654521,16417
4,3,13714,eyeriss,cifar10,94.373340,7.823540,0.654521,16417
4,3,3731,eyeriss,cifar10,94.343330,6.594740,0.654521,16417
4,3,6111,eyeriss,cifar10,94.373340,7.823540,0.654521,16417
4,3,11692,eyeriss,cifar10,94.130000,4.874420,0.654521,16417
4,3,8008,eyeriss,cifar10,93.480000,3.399860,0.654521,16417
4,3,5111,eyeriss,cifar10,94.306660,5.365940,0.654521,16417
4,3,8592,eyeriss,cifar10,93.750000,3.891380,0.654521,16417
4,3,8323,eyeriss,cifar10,90.870000,2.171060,0.654521,16417
4,3,6899,eyeriss,cifar10,90.900000,2.416820,0.654521,16417
4,3,6854,eyeriss,cifar10,91.040000,2.662580,0.654521,16417
4,3,14112,eyeriss,cifar10,91.296670,2.908340,0.654521,16417
4,4,12438,fpga,cifar10,89.875000,1.648160,0.966441,16259
4,4,15295,fpga,cifar10,90.050000,2.057760,0.966441,16259
4,4,6111,fpga,cifar10,94.373340,6.678560,0.966441,16259
4,4,15000,fpga,cifar10,92.400000,2.390560,0.966441,16259
4,4,3731,fpga,cifar10,94.343330,5.936160,0.966441,16259
4,4,5111,fpga,cifar10,94.306660,5.193760,0.966441,16259
4,4,6584,fpga,cifar10,94.160000,4.163360,0.966441,16259
4,4,11472,fpga,cifar10,93.970000,3.648160,0.966441,16259
4,4,13714,fpga,cifar10,94.373340,6.678560,0.966441,16259
4,4,13987,fpga,cifar10,93.596664,3.420960,0.966441,16259
4,4,8323,fpga,cifar10,90.870000,2.163360,0.966441,16259
4,4,8008,fpga,cifar10,93.480000,2.905760,0.966441,16259
4,4,4384,fpga,cifar10,86.796670,1.132960,0.966441,16259
4,4,8720,fpga,cifar10,89.875000,1.648160,0.966441,16259
4,5,13171,pixel3,cifar10,93.530000,7.717220,1.350974,16317
4,5,5224,pixel3,cifar10,88.980000,1.570360,1.350974,16317
4,5,1616,pixel3,cifar10,89.740000,2.038690,1.350974,16317
4,5,11692,pixel3,cifar10,94.130000,15.490100,1.350974,16317
4,5,858,pixel3,cifar10,89.696660,1.870670,1.350974,16317
4,5,1416,pixel3,cifar10,89.546670,1.691430,1.350974,16317
4,5,1804,pixel3,cifar10,89.063330,1.579900,1.350974,16317
4,5,7017,pixel3,cifar10,86.970000,1.403930,1.350974,16317
4,5,13430,pixel3,cifar10,90.580000,3.086360,1.350974,16317
4,5,4554,pixel3,cifar10,86.670000,1.114880,1.350974,16317
4,5,1425,pixel3,cifar10,93.933334,12.536500,1.350974,16317
4,5,13987,pixel3,cifar10,93.596664,9.922680,1.350974,16317
4,5,1894,pixel3,cifar10,92.110000,5.778250,1.350974,16317
4,5,2035,pixel3,cifar10,89.670000,1.706480,1.350974,16317
4,5,12820,pixel3,cifar10,90.880000,3.982790,1.350974,16317
4,5,5111,pixel3,cifar10,94.306660,17.584600,1.350974,16317
4,5,6382,pixel3,cifar10,93.376660,7.048190,1.350974,16317
4,5,6434,pixel3,cifar10,91.080000,4.811140,1.350974,16317
4,5,4409,pixel3,cifar10,90.590000,3.093750,1.350974,16317
4,5,1941,pixel3,cifar10,93.533330,9.128690,1.350974,16317
4,5,11972,pixel3,cifar10,91.510000,5.627010,1.350974,16317
4,5,13846,pixel3,cifar10,90.720000,3.099760,1.350974,16317
4,5,8592,pixel3,cifar10,93.750000,10.769800,1.350974,16317
4,5,4627,pixel3,cifar10,93.270000,7.036050,1.350974,16317
4,5,3731,pixel3,cifar10,94.343330,23.361300,1.350974,16317
4,5,8695,pixel3,cifar10,94.220000,17.564500,1.350974,16317
4,5,1339,pixel3,cifar10,92.136665,5.802240,1.350974,16317
4,5,6111,pixel3,cifar10,94.373340,23.584800,1.350974,16317
4,5,8708,pixel3,cifar10,94.080000,12.839000,1.350974,16317
4,5,6863,pixel3,cifar10,86.740000,1.229320,1.350974,16317
4,5,1943,pixel3,cifar10,93.116670,6.492030,1.350974,16317
4,5,7197,pixel3,cifar10,90.366670,2.447670,1.350974,16317
4,5,1497,pixel3,cifar10,86.556660,1.056630,1.350974,16317
4,5,3,pixel3,cifar10,86.616670,1.062640,1.350974,16317
4,5,6584,pixel3,cifar10,94.160000,15.720300,1.350974,16317
4,5,6918,pixel3,cifar10,87.000000,1.478790,1.350974,16317
4,5,1778,pixel3,cifar10,92.180000,6.446230,1.350974,16317
4,5,9230,pixel3,cifar10,86.580000,1.056760,1.350974,16317
4,5,6985,pixel3,cifar10,89.940000,2.367450,1.350974,16317
4,5,12452,pixel3,cifar10,91.350000,5.590110,1.350974,16317
4,5,7001,pixel3,cifar10,10.000000,0.003277,1.350974,16317
4,5,8323,pixel3,cifar10,90.870000,3.106420,1.350974,16317
4,5,6999,pixel3,cifar10,93.820000,12.260900,1.350974,16317
4,5,13869,pixel3,cifar10,93.656670,10.634700,1.350974,16317
4,5,6624,pixel3,cifar10,89.120000,1.670570,1.350974,16317
4,5,6854,pixel3,cifar10,91.040000,4.514220,1.350974,16317
4,6,13320,raspi4,cifar10,89.330000,4.889096,1.136452,15970
4,6,9980,raspi4,cifar10,10.000000,0.011284,1.136452,15970
4,6,6918,raspi4,cifar10,87.000000,2.787590,1.136452,15970
4,6,1941,raspi4,cifar10,93.533330,25.121769,1.136452,15970
4,6,6382,raspi4,cifar10,93.376660,21.461164,1.136452,15970
4,6,8592,raspi4,cifar10,93.750000,25.477009,1.136452,15970
4,6,1804,raspi4,cifar10,89.063330,4.791845,1.136452,15970
4,6,1894,raspi4,cifar10,92.110000,17.550644,1.136452,15970
4,6,8323,raspi4,cifar10,90.870000,7.426308,1.136452,15970
4,6,14565,raspi4,cifar10,88.880000,4.781183,1.136452,15970
4,6,5111,raspi4,cifar10,94.306660,41.756905,1.136452,15970
4,6,8008,raspi4,cifar10,93.480000,22.571420,1.136452,15970
4,6,13611,raspi4,cifar10,92.490000,18.523302,1.136452,15970
4,6,14677,raspi4,cifar10,88.670000,4.755260,1.136452,15970
4,6,10412,raspi4,cifar10,93.530000,25.079220,1.136452,15970
4,6,7207,raspi4,cifar10,89.803340,5.099723,1.136452,15970
4,6,6111,raspi4,cifar10,94.373340,68.404106,1.136452,15970
4,6,5780,raspi4,cifar10,93.980000,34.928463,1.136452,15970
4,6,13846,raspi4,cifar10,90.720000,7.176163,1.136452,15970
4,6,1781,raspi4,cifar10,89.883330,5.961801,1.136452,15970
4,6,3731,raspi4,cifar10,94.343330,58.070793,1.136452,15970
4,6,3687,raspi4,cifar10,89.820000,5.156255,1.136452,15970
4,6,11692,raspi4,cifar10,94.130000,37.583630,1.136452,15970
4,6,11438,raspi4,cifar10,92.500000,18.742697,1.136452,15970
4,6,2058,raspi4,cifar10,93.270000,19.484835,1.136452,15970
4,6,10445,raspi4,cifar10,90.940000,12.393285,1.136452,15970
4,6,1099,raspi4,cifar10,92.240000,18.358124,1.136452,15970
4,6,8426,raspi4,cifar10,93.840000,31.394428,1.136452,15970
4,6,2035,raspi4,cifar10,89.670000,4.984099,1.136452,15970
4,6,4210,raspi4,cifar10,89.030000,4.782748,1.136452,15970
4,6,4659,raspi4,cifar10,93.396670,22.249382,1.136452,15970
4,6,7058,raspi4,cifar10,92.040000,16.469465,1.136452,15970
4,6,2937,raspi4,cifar10,92.190000,17.768639,1.136452,15970
4,6,6953,raspi4,cifar10,91.990000,15.601654,1.136452,15970
4,6,7017,raspi4,cifar10,86.970000,2.544041,1.136452,15970
4,6,1690,raspi4,cifar10,86.646670,2.536549,1.136452,15970
4,7,8401,edgegpu,cifar100,71.080000,3.302102,0.729359,16316
4,7,12238,edgegpu,cifar100,67.240000,1.772847,0.729359,16316
4,7,1509,edgegpu,cifar100,1.000000,0.505853,0.729359,16316
4,7,9922,edgegpu,cifar100,58.560000,1.428552,0.729359,16316
4,7,2778,edgegpu,cifar100,72.993330,6.134028,0.729359,16316
4,7,12415,edgegpu,cifar100,71.940000,4.828467,0.729359,16316
4,7,8912,edgegpu,cifar100,59.200000,1.441355,0.729359,16316
4,7,2304,edgegpu,cifar100,58.660000,1.440253,0.729359,16316
4,7,13172,edgegpu,cifar100,62.180000,1.757636,0.729359,16316
4,7,9930,edgegpu,cifar100,73.513336,6.803060,0.729359,16316
4,7,4954,edgegpu,cifar100,73.000000,6.669736,0.729359,16316
4,7,4609,edgegpu,cifar100,66.520000,1.758838,0.729359,16316
4,7,11810,edgegpu,cifar100,68.300000,1.779551,0.729359,16316
4,7,3888,edgegpu,cifar100,73.260000,6.797867,0.729359,16316
4,7,4418,edgegpu,cifar100,72.746666,5.352364,0.729359,16316
4,7,11885,edgegpu,cifar100,68.040000,1.776652,0.729359,16316
4,7,14089,edgegpu,cifar100,61.806667,1.752892,0.729359,16316
4,7,9997,edgegpu,cifar100,71.520000,3.466139,0.729359,16316
4,8,4627,edgetpu,cifar100,69.600000,0.635153,0.931480,15988
4,8,12415,edgetpu,cifar100,71.940000,0.872299,0.931480,15988
4,8,3303,edgetpu,cifar100,62.420000,0.392593,0.931480,15988
4,8,1425,edgetpu,cifar100,72.093330,0.910660,0.931480,15988
4,8,5019,edgetpu,cifar100,58.880000,0.357058,0.931480,15988
4,8,13829,edgetpu,cifar100,66.873340,0.485137,0.931480,15988
4,8,8638,edgetpu,cifar100,58.860000,0.356631,0.931480,15988
4,8,12761,edgetpu,cifar100,72.860000,1.225212,0.931480,15988
4,8,3888,edgetpu,cifar100,73.260000,1.316226,0.931480,15988
4,8,777,edgetpu,cifar100,58.650000,0.355588,0.931480,15988
4,8,9930,edgetpu,cifar100,73.513336,1.454107,0.931480,15988
4,8,6946,edgetpu,cifar100,67.500000,0.486233,0.931480,15988
4,8,8912,edgetpu,cifar100,59.200000,0.377698,0.931480,15988
4,8,857,edgetpu,cifar100,72.880000,1.264168,0.931480,15988
4,8,577,edgetpu,cifar100,69.680000,0.635228,0.931480,15988
4,8,797,edgetpu,cifar100,69.580000,0.633351,0.931480,15988
4,8,4418,edgetpu,cifar100,72.746666,1.093699,0.931480,15988
4,8,69,edgetpu,cifar100,71.020000,0.727259,0.931480,15988
4,8,8401,edgetpu,cifar100,71.080000,0.728572,0.931480,15988
4,8,1110,edgetpu,cifar100,58.840000,0.355938,0.931480,15988
4,8,10443,edgetpu,cifar100,68.300000,0.489020,0.931480,15988
4,8,12574,edgetpu,cifar100,72.740000,0.932430,0.931480,15988
4,8,14945,edgetpu,cifar100,58.500000,0.354940,0.931480,15988
4,8,9689,edgetpu,cifar100,69.760000,0.636296,0.931480,15988
4,8,10000,edgetpu,cifar100,73.160000,1.283461,0.931480,15988
4,8,15363,edgetpu,cifar100,70.520000,0.676394,0.931480,15988
4,8,11973,edgetpu,cifar100,70.340000,0.641728,0.931480,15988
4,8,4659,edgetpu,cifar100,70.060000,0.636433,0.931480,15988
4,8,781,edgetpu,cifar100,67.960000,0.487922,0.931480,15988
4,8,9271,edgetpu,cifar100,63.400000,0.393151,0.931480,15988
4,8,4155,edgetpu,cifar100,62.306667,0.391442,0.931480,15988
4,8,9997,edgetpu,cifar100,71.520000,0.729986,0.931480,15988
4,8,8032,edgetpu,cifar100,67.600000,0.487441,0.931480,15988
4,9,3540,eyeriss,cifar100,71.500000,4.877440,0.623977,16439
4,9,10689,eyeriss,cifar100,67.500000,2.174080,0.623977,16439
4,9,6925,eyeriss,cifar100,71.220000,3.894400,0.623977,16439
4,9,3888,eyeriss,cifar100,73.260000,6.597760,0.623977,16439
4,9,6787,eyeriss,cifar100,70.720000,3.648640,0.623977,16439
4,9,5651,eyeriss,cifar100,64.690000,1.928320,0.623977,16439
4,9,12761,eyeriss,cifar100,72.860000,6.352000,0.623977,16439
4,9,12820,eyeriss,cifar100,67.720000,2.419840,0.623977,16439
4,9,14112,eyeriss,cifar100,68.386665,2.911360,0.623977,16439
4,9,9930,eyeriss,cifar100,73.513336,9.055360,0.623977,16439
4,9,12574,eyeriss,cifar100,72.740000,5.123200,0.623977,16439
4,9,14714,eyeriss,cifar100,71.280000,4.140160,0.623977,16439
4,9,11973,eyeriss,cifar100,70.340000,3.402880,0.623977,16439
4,9,5084,eyeriss,cifar100,58.813330,1.682560,0.623977,16439
4,9,11301,eyeriss,cifar100,68.220000,2.665600,0.623977,16439
4,10,12761,fpga,cifar100,72.860000,5.420960,0.774650,16196
4,10,9930,fpga,cifar100,73.513336,7.420960,0.774650,16196
4,10,3888,fpga,cifar100,73.260000,5.936160,0.774650,16196
4,10,5033,fpga,cifar100,59.060000,1.542560,0.774650,16196
4,10,6830,fpga,cifar100,71.460000,4.057760,0.774650,16196
4,10,69,fpga,cifar100,71.020000,3.648160,0.774650,16196
4,10,12574,fpga,cifar100,72.740000,4.678560,0.774650,16196
4,10,6925,fpga,cifar100,71.220000,3.936160,0.774650,16196
4,10,15363,fpga,cifar100,70.520000,3.420960,0.774650,16196
4,10,3540,fpga,cifar100,71.500000,4.163360,0.774650,16196
4,10,5651,fpga,cifar100,64.690000,1.648160,0.774650,16196
4,10,5084,fpga,cifar100,58.813330,1.132960,0.774650,16196
4,10,4249,fpga,cifar100,65.080000,2.057760,0.774650,16196
4,10,5743,fpga,cifar100,67.800000,2.800160,0.774650,16196
4,10,10689,fpga,cifar100,67.500000,2.163360,0.774650,16196
4,10,15033,fpga,cifar100,67.793335,2.390560,0.774650,16196
4,10,3487,fpga,cifar100,70.093330,2.905760,0.774650,16196
4,11,8638,pixel3,cifar100,58.860000,1.478570,0.952466,16036
4,11,2649,pixel3,cifar100,64.446660,2.496890,0.952466,16036
4,11,11000,pixel3,cifar100,71.180000,10.677600,0.952466,16036
4,11,10042,pixel3,cifar100,64.880000,2.794690,0.952466,16036
4,11,1631,pixel3,cifar100,63.986668,1.805000,0.952466,16036
4,11,1450,pixel3,cifar100,70.506670,9.337360,0.952466,16036
4,11,12574,pixel3,cifar100,72.740000,16.473900,0.952466,16036
4,11,8912,pixel3,cifar100,59.200000,1.478790,0.952466,16036
4,11,8895,pixel3,cifar100,64.280000,2.379800,0.952466,16036
4,11,15363,pixel3,cifar100,70.520000,9.708640,0.952466,16036
4,11,1459,pixel3,cifar100,73.140000,23.437900,0.952466,16036
4,11,906,pixel3,cifar100,62.393333,1.661810,0.952466,16036
4,11,6985,pixel3,cifar100,64.160000,2.372000,0.952466,16036
4,11,857,pixel3,cifar100,72.880000,19.113200,0.952466,16036
4,11,1090,pixel3,cifar100,65.220000,2.811310,0.952466,16036
4,11,9930,pixel3,cifar100,73.513336,42.003600,0.952466,16036
4,11,12970,pixel3,cifar100,68.140000,4.782110,0.952466,16036
4,11,1409,pixel3,cifar100,58.853333,1.275090,0.952466,16036
4,11,9649,pixel3,cifar100,64.540000,2.536210,0.952466,16036
4,11,6337,pixel3,cifar100,1.000000,0.008753,0.952466,16036
4,11,4409,pixel3,cifar100,67.173330,3.113370,0.952466,16036
4,11,485,pixel3,cifar100,67.593330,4.124800,0.952466,16036
4,11,724,pixel3,cifar100,67.053340,2.875650,0.952466,16036
4,11,3888,pixel3,cifar100,73.260000,23.477200,0.952466,16036
4,11,699,pixel3,cifar100,72.240000,12.079400,0.952466,16036
4,11,978,pixel3,cifar100,64.180000,2.372340,0.952466,16036
4,11,898,pixel3,cifar100,70.000000,6.516140,0.952466,16036
4,11,1781,pixel3,cifar100,64.326670,2.386170,0.952466,16036
4,11,1357,pixel3,cifar100,67.480000,3.998260,0.952466,16036
4,11,777,pixel3,cifar100,58.650000,1.087020,0.952466,16036
4,11,858,pixel3,cifar100,64.133330,2.003500,0.952466,16036
4,11,1593,pixel3,cifar100,62.126667,1.582050,0.952466,16036
4,12,10222,raspi4,cifar100,58.860000,2.747804,1.035761,16086
4,12,12915,raspi4,cifar100,66.950000,7.226311,1.035761,16086
4,12,8912,raspi4,cifar100,59.200000,2.818969,1.035761,16086
4,12,375,raspi4,cifar100,64.440000,5.099302,1.035761,16086
4,12,9930,raspi4,cifar100,73.513336,71.152000,1.035761,16086
4,12,4409,raspi4,cifar100,67.173330,7.228629,1.035761,16086
4,12,14612,raspi4,cifar100,58.720000,2.563505,1.035761,16086
4,12,14112,raspi4,cifar100,68.386665,14.423308,1.035761,16086
4,12,1459,raspi4,cifar100,73.140000,53.879950,1.035761,16086
4,12,6925,raspi4,cifar100,71.220000,24.195030,1.035761,16086
4,12,12574,raspi4,cifar100,72.740000,36.371254,1.035761,16086
4,12,2035,raspi4,cifar100,63.926666,5.005698,1.035761,16086
4,12,14714,raspi4,cifar100,71.280000,24.692347,1.035761,16086
4,12,7891,raspi4,cifar100,67.550000,12.536592,1.035761,16086
4,12,4418,raspi4,cifar100,72.746666,47.162354,1.035761,16086
4,12,12761,raspi4,cifar100,72.860000,53.718200,1.035761,16086
4,12,3888,raspi4,cifar100,73.260000,55.029520,1.035761,16086
4,12,9997,raspi4,cifar100,71.520000,34.996710,1.035761,16086
4,12,9271,raspi4,cifar100,63.400000,4.800893,1.035761,16086
4,12,15589,raspi4,cifar100,59.060000,2.795078,1.035761,16086
4,12,8740,raspi4,cifar100,1.000000,0.015215,1.035761,16086
4,12,6822,raspi4,cifar100,58.426666,2.558594,1.035761,16086
4,12,1416,raspi4,cifar100,64.493330,5.234321,1.035761,16086
4,12,14792,raspi4,cifar100,69.500000,19.111843,1.035761,16086
4,12,6177,raspi4,cifar100,62.373333,4.795128,1.035761,16086
4,12,2058,raspi4,cifar100,69.613335,20.052132,1.035761,16086
4,12,2880,raspi4,cifar100,67.473335,11.969307,1.035761,16086
4,12,11492,raspi4,cifar100,67.300000,10.479444,1.035761,16086
4,12,9926,raspi4,cifar100,63.520000,4.999532,1.035761,16086
4,12,15363,raspi4,cifar100,70.520000,21.809430,1.035761,16086
4,12,14811,raspi4,cifar100,69.680000,20.361189,1.035761,16086
4,12,4498,raspi4,cifar100,64.086670,5.022347,1.035761,16086
4,12,3487,raspi4,cifar100,70.093330,21.603350,1.035761,16086
4,12,7030,raspi4,cifar100,69.600000,19.218203,1.035761,16086
4,12,2222,raspi4,cifar100,58.313330,2.538255,1.035761,16086
4,12,13430,raspi4,cifar100,66.700000,7.203785,1.035761,16086
4,12,11533,raspi4,cifar100,69.760000,21.446177,1.035761,16086
4,12,898,raspi4,cifar100,70.000000,21.506163,1.035761,16086
4,13,15383,edgegpu,ImageNet16-120,47.033333,6.262836,0.657881,16260
4,13,15288,edgegpu,ImageNet16-120,28.422222,1.417041,0.657881,16260
4,13,4332,edgegpu,ImageNet16-120,39.444443,1.745496,0.657881,16260
4,13,7760,edgegpu,ImageNet16-120,39.100000,1.743751,0.657881,16260
4,13,11217,edgegpu,ImageNet16-120,43.466667,3.316708,0.657881,16260
4,13,2650,edgegpu,ImageNet16-120,42.433334,3.309817,0.657881,16260
4,13,8401,edgegpu,ImageNet16-120,43.833332,3.322444,0.657881,16260
4,13,4587,edgegpu,ImageNet16-120,28.800000,1.445131,0.657881,16260
4,13,8426,edgegpu,ImageNet16-120,44.633335,3.370147,0.657881,16260
4,13,857,edgegpu,ImageNet16-120,47.311110,6.707663,0.657881,16260
4,13,13411,edgegpu,ImageNet16-120,31.855556,1.736240,0.657881,16260
4,13,4160,edgegpu,ImageNet16-120,39.833332,1.756272,0.657881,16260
4,13,15376,edgegpu,ImageNet16-120,0.833333,0.533953,0.657881,16260
4,13,7187,edgegpu,ImageNet16-120,28.683332,1.443858,0.657881,16260
4,13,4946,edgegpu,ImageNet16-120,44.700000,3.490419,0.657881,16260
4,13,14612,edgegpu,ImageNet16-120,28.488890,1.434064,0.657881,16260
4,13,14117,edgegpu,ImageNet16-120,28.677778,1.435547,0.657881,16260
4,13,4988,edgegpu,ImageNet16-120,28.933332,1.448212,0.657881,16260
4,13,9722,edgegpu,ImageNet16-120,44.000000,3.327813,0.657881,16260
4,13,5374,edgegpu,ImageNet16-120,46.766666,5.294285,0.657881,16260
4,13,6950,edgegpu,ImageNet16-120,38.700000,1.740150,0.657881,16260
4,13,8884,edgegpu,ImageNet16-120,45.033333,3.499999,0.657881,16260
4,13,12415,edgegpu,ImageNet16-120,46.566666,4.667692,0.657881,16260
4,13,13760,edgegpu,ImageNet16-120,32.333332,1.739759,0.657881,16260
4,13,5751,edgegpu,ImageNet16-120,40.044445,2.434626,0.657881,16260
4,13,10699,edgegpu,ImageNet16-120,46.833332,6.223283,0.657881,16260
4,13,10835,edgegpu,ImageNet16-120,45.233334,4.434366,0.657881,16260
4,13,1164,edgegpu,ImageNet16-120,28.522223,1.435223,0.657881,16260
4,14,9689,edgetpu,ImageNet16-120,42.533333,0.549702,0.608631,16140
4,14,12297,edgetpu,ImageNet16-120,31.833334,0.363596,0.608631,16140
4,14,6407,edgetpu,ImageNet16-120,32.333332,0.363748,0.608631,16140
4,14,15383,edgetpu,ImageNet16-120,47.033333,0.780914,0.608631,16140
4,14,15014,edgetpu,ImageNet16-120,28.266666,0.358110,0.608631,16140
4,14,15363,edgetpu,ImageNet16-120,44.333332,0.582280,0.608631,16140
4,14,5530,edgetpu,ImageNet16-120,42.577778,0.549937,0.608631,16140
4,14,15107,edgetpu,ImageNet16-120,39.800000,0.430284,0.608631,16140
4,14,7273,edgetpu,ImageNet16-120,42.966667,0.550014,0.608631,16140
4,14,13931,edgetpu,ImageNet16-120,28.788889,0.360349,0.608631,16140
4,14,7750,edgetpu,ImageNet16-120,43.066666,0.551617,0.608631,16140
4,14,14677,edgetpu,ImageNet16-120,33.233334,0.364575,0.608631,16140
4,14,10332,edgetpu,ImageNet16-120,40.033333,0.516152,0.608631,16140
4,14,857,edgetpu,ImageNet16-120,47.311110,0.997730,0.608631,16140
4,14,3540,edgetpu,ImageNet16-120,45.122223,0.648670,0.608631,16140
4,14,5751,edgetpu,ImageNet16-120,40.044445,0.516992,0.608631,16140
4,14,4160,edgetpu,ImageNet16-120,39.833332,0.430355,0.608631,16140
4,14,13284,edgetpu,ImageNet16-120,40.177776,0.534381,0.608631,16140
4,14,4988,edgetpu,ImageNet16-120,28.933332,0.360694,0.608631,16140
4,14,13769,edgetpu,ImageNet16-120,41.555557,0.549360,0.608631,16140
4,14,11079,edgetpu,ImageNet16-120,43.566666,0.552430,0.608631,16140
4,14,4627,edgetpu,ImageNet16-120,43.500000,0.552306,0.608631,16140
4,14,12415,edgetpu,ImageNet16-120,46.566666,0.710906,0.608631,16140
4,14,11262,edgetpu,ImageNet16-120,39.733334,0.430019,0.608631,16140
4,14,8884,edgetpu,ImageNet16-120,45.033333,0.615792,0.608631,16140
4,14,70,edgetpu,ImageNet16-120,39.377777,0.428228,0.608631,16140
4,14,13097,edgetpu,ImageNet16-120,39.655556,0.428424,0.608631,16140
4,14,4830,edgetpu,ImageNet16-120,42.233334,0.549457,0.608631,16140
4,14,11885,edgetpu,ImageNet16-120,39.166668,0.427395,0.608631,16140
4,14,6950,edgetpu,ImageNet16-120,38.700000,0.427379,0.608631,16140
4,14,11282,edgetpu,ImageNet16-120,39.633335,0.428409,0.608631,16140
4,14,7357,edgetpu,ImageNet16-120,44.666668,0.600498,0.608631,16140
4,15,1939,eyeriss,ImageNet16-120,45.077778,0.976000,0.460937,16468
4,15,4829,eyeriss,ImageNet16-120,34.200000,0.484480,0.460937,16468
4,15,857,eyeriss,ImageNet16-120,47.311110,1.651840,0.460937,16468
4,15,8008,eyeriss,ImageNet16-120,43.500000,0.853120,0.460937,16468
4,15,6854,eyeriss,ImageNet16-120,40.800000,0.668800,0.460937,16468
4,15,8853,eyeriss,ImageNet16-120,45.600000,1.037440,0.460937,16468
4,15,15383,eyeriss,ImageNet16-120,47.033333,1.283200,0.460937,16468
4,15,6787,eyeriss,ImageNet16-120,44.400000,0.914560,0.460937,16468
4,15,2835,eyeriss,ImageNet16-120,38.222220,0.545920,0.460937,16468
4,15,14417,eyeriss,ImageNet16-120,45.900000,1.098880,0.460937,16468
4,15,735,eyeriss,ImageNet16-120,38.544445,0.607360,0.460937,16468
4,15,4988,eyeriss,ImageNet16-120,28.933332,0.423040,0.460937,16468
4,16,8853,fpga,ImageNet16-120,45.600000,1.155200,0.517079,16347
4,16,10017,fpga,ImageNet16-120,40.566666,0.784000,0.517079,16347
4,16,15383,fpga,ImageNet16-120,47.033333,1.504000,0.517079,16347
4,16,14748,fpga,ImageNet16-120,44.900000,0.995200,0.517079,16347
4,16,6868,fpga,ImageNet16-120,39.000000,0.649120,0.517079,16347
4,16,4829,fpga,ImageNet16-120,34.200000,0.415520,0.517079,16347
4,16,6787,fpga,ImageNet16-120,44.400000,0.969600,0.517079,16347
4,16,1939,fpga,ImageNet16-120,45.077778,1.062400,0.517079,16347
4,16,857,fpga,ImageNet16-120,47.311110,2.038400,0.517079,16347
4,16,2835,fpga,ImageNet16-120,38.222220,0.546720,0.517079,16347
4,16,4988,fpga,ImageNet16-120,28.933332,0.284320,0.517079,16347
4,16,3261,fpga,ImageNet16-120,43.022220,0.876800,0.517079,16347
4,16,14417,fpga,ImageNet16-120,45.900000,1.276320,0.517079,16347
4,16,6854,fpga,ImageNet16-120,40.800000,0.809120,0.517079,16347
4,16,5390,fpga,ImageNet16-120,43.100000,0.902400,0.517079,16347
4,16,11593,fpga,ImageNet16-120,40.166668,0.780320,0.517079,16347
4,16,5793,fpga,ImageNet16-120,35.033333,0.517920,0.517079,16347
4,17,3650,pixel3,ImageNet16-120,43.866665,2.716840,0.961039,16047
4,17,4384,pixel3,ImageNet16-120,28.133333,0.421612,0.961039,16047
4,17,4004,pixel3,ImageNet16-120,42.811110,2.467510,0.961039,16047
4,17,2827,pixel3,ImageNet16-120,33.977780,0.668611,0.961039,16047
4,17,11163,pixel3,ImageNet16-120,33.600000,0.665312,0.961039,16047
4,17,6854,pixel3,ImageNet16-120,40.800000,1.621620,0.961039,16047
4,17,11000,pixel3,ImageNet16-120,44.866665,2.962520,0.961039,16047
4,17,4627,pixel3,ImageNet16-120,43.500000,2.479640,0.961039,16047
4,17,13059,pixel3,ImageNet16-120,34.266666,0.668679,0.961039,16047
4,17,8853,pixel3,ImageNet16-120,45.600000,3.554540,0.961039,16047
4,17,12466,pixel3,ImageNet16-120,46.100000,4.680280,0.961039,16047
4,17,1751,pixel3,ImageNet16-120,33.955555,0.666929,0.961039,16047
4,17,8627,pixel3,ImageNet16-120,43.633335,2.707490,0.961039,16047
4,17,3408,pixel3,ImageNet16-120,33.733334,0.666583,0.961039,16047
4,17,12452,pixel3,ImageNet16-120,40.533333,1.504410,0.961039,16047
4,17,4988,pixel3,ImageNet16-120,28.933332,0.485996,0.961039,16047
4,17,2002,pixel3,ImageNet16-120,32.277780,0.617751,0.961039,16047
4,17,12639,pixel3,ImageNet16-120,40.400000,1.304440,0.961039,16047
4,17,1425,pixel3,ImageNet16-120,45.977780,4.619290,0.961039,16047
4,17,10154,pixel3,ImageNet16-120,46.133335,4.783700,0.961039,16047
4,17,15383,pixel3,ImageNet16-120,47.033333,5.191720,0.961039,16047
4,17,1204,pixel3,ImageNet16-120,37.844444,0.864966,0.961039,16047
4,17,4432,pixel3,ImageNet16-120,37.800000,0.861157,0.961039,16047
4,17,2835,pixel3,ImageNet16-120,38.222220,0.868646,0.961039,16047
4,17,857,pixel3,ImageNet16-120,47.311110,6.686850,0.961039,16047
4,17,1939,pixel3,ImageNet16-120,45.077778,3.021500,0.961039,16047
4,17,2018,pixel3,ImageNet16-120,46.433334,4.949210,0.961039,16047
4,17,1549,pixel3,ImageNet16-120,28.655556,0.424747,0.961039,16047
4,17,8954,pixel3,ImageNet16-120,28.733334,0.424855,0.961039,16047
4,17,12355,pixel3,ImageNet16-120,45.033333,2.989390,0.961039,16047
4,17,14417,pixel3,ImageNet16-120,45.900000,4.143030,0.961039,16047
4,17,6014,pixel3,ImageNet16-120,28.533333,0.423391,0.961039,16047
4,17,5487,pixel3,ImageNet16-120,38.500000,1.109150,0.961039,16047
4,17,1860,pixel3,ImageNet16-120,28.433332,0.422587,0.961039,16047
4,17,12424,pixel3,ImageNet16-120,43.133330,2.470150,0.961039,16047
4,17,4895,pixel3,ImageNet16-120,33.200000,0.619070,0.961039,16047
4,17,4977,pixel3,ImageNet16-120,32.966667,0.617991,0.961039,16047
4,17,3728,pixel3,ImageNet16-120,28.500000,0.422880,0.961039,16047
4,17,13756,pixel3,ImageNet16-120,0.833333,0.005289,0.961039,16047
4,17,872,pixel3,ImageNet16-120,41.777780,2.465030,0.961039,16047
4,17,898,pixel3,ImageNet16-120,42.466667,2.467210,0.961039,16047
4,18,9032,raspi4,ImageNet16-120,38.016666,2.201532,1.078193,16279
4,18,4988,raspi4,ImageNet16-120,28.933332,1.003251,1.078193,16279
4,18,857,raspi4,ImageNet16-120,47.311110,9.020064,1.078193,16279
4,18,5202,raspi4,ImageNet16-120,42.411110,3.783078,1.078193,16279
4,18,15363,raspi4,ImageNet16-120,44.333332,4.480516,1.078193,16279
4,18,3782,raspi4,ImageNet16-120,41.866665,3.755286,1.078193,16279
4,18,14417,raspi4,ImageNet16-120,45.900000,6.948865,1.078193,16279
4,18,11079,raspi4,ImageNet16-120,43.566666,3.802027,1.078193,16279
4,18,13931,raspi4,ImageNet16-120,28.788889,0.956195,1.078193,16279
4,18,4689,raspi4,ImageNet16-120,37.455555,2.198343,1.078193,16279
4,18,4995,raspi4,ImageNet16-120,42.166668,3.766336,1.078193,16279
4,18,2018,raspi4,ImageNet16-120,46.433334,7.482383,1.078193,16279
4,18,933,raspi4,ImageNet16-120,0.833333,0.011514,1.078193,16279
4,18,6519,raspi4,ImageNet16-120,40.183334,3.212652,1.078193,16279
4,18,10472,raspi4,ImageNet16-120,39.633335,3.079679,1.078193,16279
4,18,1413,raspi4,ImageNet16-120,42.711113,3.788479,1.078193,16279
4,18,9496,raspi4,ImageNet16-120,38.200000,2.204048,1.078193,16279
4,18,5455,raspi4,ImageNet16-120,32.611110,1.532377,1.078193,16279
4,18,11946,raspi4,ImageNet16-120,28.200000,0.940293,1.078193,16279
4,18,12358,raspi4,ImageNet16-120,34.055557,1.582727,1.078193,16279
4,18,2779,raspi4,ImageNet16-120,37.355556,2.190654,1.078193,16279
4,18,5973,raspi4,ImageNet16-120,40.100000,3.159922,1.078193,16279
4,18,8736,raspi4,ImageNet16-120,45.700000,6.658077,1.078193,16279
4,18,6854,raspi4,ImageNet16-120,40.800000,3.661016,1.078193,16279
4,18,12639,raspi4,ImageNet16-120,40.400000,3.628959,1.078193,16279
4,18,13059,raspi4,ImageNet16-120,34.266666,1.595651,1.078193,16279
4,18,11438,raspi4,ImageNet16-120,39.733334,3.150053,1.078193,16279
4,18,7859,raspi4,ImageNet16-120,32.966667,1.566048,1.078193,16279
4,18,15383,raspi4,ImageNet16-120,47.033333,8.565354,1.078193,16279
4,18,13771,raspi4,ImageNet16-120,32.744446,1.533813,1.078193,16279
4,18,6336,raspi4,ImageNet16-120,39.366665,3.073392,1.078193,16279
4,18,45,raspi4,ImageNet16-120,33.611110,1.581422,1.078193,16279
4,18,8355,raspi4,ImageNet16-120,39.666668,3.083286,1.078193,16279
4,18,7187,raspi4,ImageNet16-120,28.683332,0.952790,1.078193,16279
4,18,5487,raspi4,ImageNet16-120,38.500000,3.019000,1.078193,16279
4,18,14750,raspi4,ImageNet16-120,32.933334,1.536700,1.078193,16279
4,18,1939,raspi4,ImageNet16-120,45.077778,5.341908,1.078193,16279
4,18,8447,raspi4,ImageNet16-120,40.011112,3.156609,1.078193,16279
4,18,7357,raspi4,ImageNet16-120,44.666668,4.480689,1.078193,16279
4,18,11209,raspi4,ImageNet16-120,33.266666,1.580655,1.078193,16279
4,18,1188,raspi4,ImageNet16-120,32.455555,1.526725,1.078193,16279
4,18,7227,raspi4,ImageNet16-120,32.533333,1.530737,1.078193,16279
4,18,14792,raspi4,ImageNet16-120,43.033333,3.792447,1.078193,16279
4,18,11584,raspi4,ImageNet16-120,46.666668,8.014434,1.078193,16279
4,18,7551,raspi4,ImageNet16-120,38.477780,2.950436,1.078193,16279
4,18,8884,raspi4,ImageNet16-120,45.033333,5.293177,1.078193,16279
4,18,2649,raspi4,ImageNet16-120,33.788887,1.582191,1.078193,16279
4,18,12505,raspi4,ImageNet16-120,39.283333,3.062432,1.078193,16279
5,1,561,edgegpu,cifar10,86.880000,1.451068,0.688596,16294
5,1,11692,edgegpu,cifar10,94.130000,4.708362,0.688596,16294
5,1,1339,edgegpu,cifar10,92.136665,1.751881,0.688596,16294
5,1,14527,edgegpu,cifar10,86.765000,1.439619,0.688596,16294
5,1,13401,edgegpu,cifar10,87.010000,1.457009,0.688596,16294
5,1,11810,edgegpu,cifar10,92.780000,1.992798,0.688596,16294
5,1,2776,edgegpu,cifar10,93.666664,3.331194,0.688596,16294
5,1,13714,edgegpu,cifar10,94.373340,6.772180,0.688596,16294
5,1,10484,edgegpu,cifar10,93.810000,3.354015,0.688596,16294
5,1,6330,edgegpu,cifar10,94.006670,4.384699,0.688596,16294
5,1,2053,edgegpu,cifar10,94.206665,5.482254,0.688596,16294
5,1,1459,edgegpu,cifar10,94.296670,6.748991,0.688596,16294
5,1,15200,edgegpu,cifar10,10.000000,0.501385,0.688596,16294
5,1,11438,edgegpu,cifar10,92.500000,1.846719,0.688596,16294
5,1,6499,edgegpu,cifar10,93.645000,3.331041,0.688596,16294
5,1,6960,edgegpu,cifar10,92.280000,1.764450,0.688596,16294
5,1,1549,edgegpu,cifar10,86.710000,1.436324,0.688596,16294
5,1,9099,edgegpu,cifar10,93.940000,3.357520,0.688596,16294
5,1,5292,edgegpu,cifar10,94.293335,6.663151,0.688596,16294
5,1,5400,edgegpu,cifar10,86.630000,1.427460,0.688596,16294
5,1,5780,edgegpu,cifar10,93.980000,3.361888,0.688596,16294
5,1,258,edgegpu,cifar10,93.640000,3.307109,0.688596,16294
5,1,14090,edgegpu,cifar10,92.086670,1.749086,0.688596,16294
5,1,14407,edgegpu,cifar10,86.770000,1.440282,0.688596,16294
5,2,13714,edgetpu,cifar10,94.373340,1.377865,0.691334,16174
5,2,3731,edgetpu,cifar10,94.343330,1.282820,0.691334,16174
5,2,6382,edgetpu,cifar10,93.376660,0.628638,0.691334,16174
5,2,9689,edgetpu,cifar10,93.370000,0.628386,0.691334,16174
5,2,14527,edgetpu,cifar10,86.765000,0.365664,0.691334,16174
5,2,13320,edgetpu,cifar10,89.330000,0.396446,0.691334,16174
5,2,5780,edgetpu,cifar10,93.980000,0.723967,0.691334,16174
5,2,9950,edgetpu,cifar10,93.840000,0.723767,0.691334,16174
5,2,2053,edgetpu,cifar10,94.206665,1.042178,0.691334,16174
5,2,5258,edgetpu,cifar10,88.775000,0.388629,0.691334,16174
5,2,8008,edgetpu,cifar10,93.480000,0.629746,0.691334,16174
5,2,10683,edgetpu,cifar10,92.330000,0.481277,0.691334,16174
5,2,4161,edgetpu,cifar10,89.250000,0.391221,0.691334,16174
5,2,970,edgetpu,cifar10,86.770000,0.371488,0.691334,16174
5,2,5111,edgetpu,cifar10,94.306660,1.152010,0.691334,16174
5,2,8192,edgetpu,cifar10,93.093330,0.627745,0.691334,16174
5,2,2648,edgetpu,cifar10,93.246666,0.628167,0.691334,16174
5,2,6515,edgetpu,cifar10,93.616670,0.722858,0.691334,16174
5,2,11438,edgetpu,cifar10,92.500000,0.482393,0.691334,16174
5,2,6407,edgetpu,cifar10,88.933334,0.389381,0.691334,16174
5,2,6918,edgetpu,cifar10,87.000000,0.375819,0.691334,16174
5,2,2485,edgetpu,cifar10,86.700000,0.346546,0.691334,16174
5,2,3927,edgetpu,cifar10,93.626660,0.723268,0.691334,16174
5,2,13611,edgetpu,cifar10,92.490000,0.481826,0.691334,16174
5,2,5224,edgetpu,cifar10,88.980000,0.389900,0.691334,16174
5,2,11112,edgetpu,cifar10,92.110000,0.480732,0.691334,16174
5,2,11810,edgetpu,cifar10,92.780000,0.482879,0.691334,16174
5,2,10581,edgetpu,cifar10,89.015000,0.390403,0.691334,16174
5,2,6584,edgetpu,cifar10,94.160000,0.888877,0.691334,16174
5,2,11692,edgetpu,cifar10,94.130000,0.761100,0.691334,16174
5,2,15459,edgetpu,cifar10,93.160000,0.628147,0.691334,16174
5,3,8592,eyeriss,cifar10,93.750000,3.891380,0.495572,16435
5,3,5111,eyeriss,cifar10,94.306660,5.365940,0.495572,16435
5,3,6899,eyeriss,cifar10,90.900000,2.416820,0.495572,16435
5,3,8323,eyeriss,cifar10,90.870000,2.171060,0.495572,16435
5,3,8008,eyeriss,cifar10,93.480000,3.399860,0.495572,16435
5,3,3687,eyeriss,cifar10,89.820000,1.925300,0.495572,16435
5,3,3731,eyeriss,cifar10,94.343330,6.594740,0.495572,16435
5,3,11472,eyeriss,cifar10,93.970000,4.628660,0.495572,16435
5,3,6111,eyeriss,cifar10,94.373340,7.823540,0.495572,16435
5,3,13987,eyeriss,cifar10,93.596664,3.645620,0.495572,16435
5,3,6584,eyeriss,cifar10,94.160000,4.874420,0.495572,16435
5,3,4384,eyeriss,cifar10,86.796670,1.679540,0.495572,16435
5,3,13714,eyeriss,cifar10,94.373340,7.823540,0.495572,16435
5,3,13611,eyeriss,cifar10,92.490000,3.154100,0.495572,16435
5,3,6854,eyeriss,cifar10,91.040000,2.662580,0.495572,16435
5,4,3687,fpga,cifar10,89.820000,1.648160,0.504371,16400
5,4,3731,fpga,cifar10,94.343330,5.936160,0.504371,16400
5,4,10431,fpga,cifar10,87.000000,1.542560,0.504371,16400
5,4,11472,fpga,cifar10,93.970000,3.648160,0.504371,16400
5,4,11692,fpga,cifar10,94.130000,4.163360,0.504371,16400
5,4,4384,fpga,cifar10,86.796670,1.132960,0.504371,16400
5,4,6111,fpga,cifar10,94.373340,6.678560,0.504371,16400
5,4,15295,fpga,cifar10,90.050000,2.057760,0.504371,16400
5,4,8323,fpga,cifar10,90.870000,2.163360,0.504371,16400
5,4,8008,fpga,cifar10,93.480000,2.905760,0.504371,16400
5,4,5111,fpga,cifar10,94.306660,5.193760,0.504371,16400
5,4,13611,fpga,cifar10,92.490000,2.390560,0.504371,16400
5,4,12002,fpga,cifar10,93.510000,3.420960,0.504371,16400
5,4,13714,fpga,cifar10,94.373340,6.678560,0.504371,16400
5,4,11376,fpga,cifar10,93.510000,3.420960,0.504371,16400
5,5,4432,pixel3,cifar10,90.700000,2.826310,0.868126,16094
5,5,6584,pixel3,cifar10,94.160000,15.720300,0.868126,16094
5,5,1631,pixel3,cifar10,89.506670,1.697120,0.868126,16094
5,5,13171,pixel3,cifar10,93.530000,7.717220,0.868126,16094
5,5,1943,pixel3,cifar10,93.116670,6.492030,0.868126,16094
5,5,3385,pixel3,cifar10,93.990000,13.656500,0.868126,16094
5,5,6854,pixel3,cifar10,91.040000,4.514220,0.868126,16094
5,5,55,pixel3,cifar10,86.756670,1.057440,0.868126,16094
5,5,2779,pixel3,cifar10,90.806660,3.102950,0.868126,16094
5,5,6111,pixel3,cifar10,94.373340,23.584800,0.868126,16094
5,5,11692,pixel3,cifar10,94.130000,15.490100,0.868126,16094
5,5,5224,pixel3,cifar10,88.980000,1.570360,0.868126,16094
5,5,12452,pixel3,cifar10,91.350000,5.590110,0.868126,16094
5,5,3731,pixel3,cifar10,94.343330,23.361300,0.868126,16094
5,5,4627,pixel3,cifar10,93.270000,7.036050,0.868126,16094
5,5,9230,pixel3,cifar10,86.580000,1.056760,0.868126,16094
5,5,8592,pixel3,cifar10,93.750000,10.769800,0.868126,16094
5,5,1941,pixel3,cifar10,93.533330,9.128690,0.868126,16094
5,5,1497,pixel3,cifar10,86.556660,1.056630,0.868126,16094
5,5,6899,pixel3,cifar10,90.900000,3.961410,0.868126,16094
5,5,6918,pixel3,cifar10,87.000000,1.478790,0.868126,16094
5,5,5111,pixel3,cifar10,94.306660,17.584600,0.868126,16094
5,5,13987,pixel3,cifar10,93.596664,9.922680,0.868126,16094
5,5,6999,pixel3,cifar10,93.820000,12.260900,0.868126,16094
5,5,8695,pixel3,cifar10,94.220000,17.564500,0.868126,16094
5,5,6382,pixel3,cifar10,93.376660,7.048190,0.868126,16094
5,5,9032,pixel3,cifar10,90.740000,3.102890,0.868126,16094
5,5,6985,pixel3,cifar10,89.940000,2.367450,0.868126,16094
5,5,1804,pixel3,cifar10,89.063330,1.579900,0.868126,16094
5,5,1894,pixel3,cifar10,92.110000,5.778250,0.868126,16094
5,5,7001,pixel3,cifar10,10.000000,0.003277,0.868126,16094
5,5,8323,pixel3,cifar10,90.870000,3.106420,0.868126,16094
5,5,1751,pixel3,cifar10,89.563330,1.853380,0.868126,16094
5,5,858,pixel3,cifar10,89.696660,1.870670,0.868126,16094
5,5,6434,pixel3,cifar10,91.080000,4.811140,0.868126,16094
5,5,1778,pixel3,cifar10,92.180000,6.446230,0.868126,16094
5,5,7197,pixel3,cifar10,90.366670,2.447670,0.868126,16094
5,5,6624,pixel3,cifar10,89.120000,1.670570,0.868126,16094
5,5,11972,pixel3,cifar10,91.510000,5.627010,0.868126,16094
5,5,1425,pixel3,cifar10,93.933334,12.536500,0.868126,16094
5,5,6491,pixel3,cifar10,89.803340,2.032570,0.868126,16094
5,5,7017,pixel3,cifar10,86.970000,1.403930,0.868126,16094
5,5,13846,pixel3,cifar10,90.720000,3.099760,0.868126,16094
5,5,1339,pixel3,cifar10,92.136665,5.802240,0.868126,16094
5,5,13869,pixel3,cifar10,93.656670,10.634700,0.868126,16094
5,6,8323,raspi4,cifar10,90.870000,7.426308,0.782064,16207
5,6,6111,raspi4,cifar10,94.373340,68.404106,0.782064,16207
5,6,9980,raspi4,cifar10,10.000000,0.011284,0.782064,16207
5,6,7017,raspi4,cifar10,86.970000,2.544041,0.782064,16207
5,6,9380,raspi4,cifar10,89.335000,4.875613,0.782064,16207
5,6,6868,raspi4,cifar10,90.880000,10.226877,0.782064,16207
5,6,2035,raspi4,cifar10,89.670000,4.984099,0.782064,16207
5,6,11810,raspi4,cifar10,92.780000,18.619905,0.782064,16207
5,6,8426,raspi4,cifar10,93.840000,31.394428,0.782064,16207
5,6,6918,raspi4,cifar10,87.000000,2.787590,0.782064,16207
5,6,3731,raspi4,cifar10,94.343330,58.070793,0.782064,16207
5,6,2835,raspi4,cifar10,90.230000,7.299271,0.782064,16207
5,6,1962,raspi4,cifar10,86.530000,2.529453,0.782064,16207
5,6,9271,raspi4,cifar10,89.250000,4.830311,0.782064,16207
5,6,12970,raspi4,cifar10,90.970000,11.904152,0.782064,16207
5,6,5780,raspi4,cifar10,93.980000,34.928463,0.782064,16207
5,6,5111,raspi4,cifar10,94.306660,41.756905,0.782064,16207
5,6,7058,raspi4,cifar10,92.040000,16.469465,0.782064,16207
5,6,1781,raspi4,cifar10,89.883330,5.961801,0.782064,16207
5,6,2058,raspi4,cifar10,93.270000,19.484835,0.782064,16207
5,6,6382,raspi4,cifar10,93.376660,21.461164,0.782064,16207
5,6,2002,raspi4,cifar10,88.893330,4.817687,0.782064,16207
5,6,8008,raspi4,cifar10,93.480000,22.571420,0.782064,16207
5,6,11692,raspi4,cifar10,94.130000,37.583630,0.782064,16207
5,6,13705,raspi4,cifar10,90.983330,12.544400,0.782064,16207
5,6,1690,raspi4,cifar10,86.646670,2.536549,0.782064,16207
5,6,6953,raspi4,cifar10,91.990000,15.601654,0.782064,16207
5,6,1941,raspi4,cifar10,93.533330,25.121769,0.782064,16207
5,6,3687,raspi4,cifar10,89.820000,5.156255,0.782064,16207
5,6,14565,raspi4,cifar10,88.880000,4.781183,0.782064,16207
5,6,12505,raspi4,cifar10,92.150000,16.747276,0.782064,16207
5,6,6930,raspi4,cifar10,88.900000,4.827062,0.782064,16207
5,6,8592,raspi4,cifar10,93.750000,25.477009,0.782064,16207
5,6,4409,raspi4,cifar10,90.590000,7.329025,0.782064,16207
5,6,10412,raspi4,cifar10,93.530000,25.079220,0.782064,16207
5,6,9496,raspi4,cifar10,90.690000,7.330004,0.782064,16207
5,6,6960,raspi4,cifar10,92.280000,17.162752,0.782064,16207
5,7,11067,edgegpu,cifar100,58.186670,1.427836,0.581809,16190
5,7,1425,edgegpu,cifar100,72.093330,5.310225,0.581809,16190
5,7,1509,edgegpu,cifar100,1.000000,0.505853,0.581809,16190
5,7,3888,edgegpu,cifar100,73.260000,6.797867,0.581809,16190
5,7,9922,edgegpu,cifar100,58.560000,1.428552,0.581809,16190
5,7,8912,edgegpu,cifar100,59.200000,1.441355,0.581809,16190
5,7,8401,edgegpu,cifar100,71.080000,3.302102,0.581809,16190
5,7,4609,edgegpu,cifar100,66.520000,1.758838,0.581809,16190
5,7,14300,edgegpu,cifar100,67.300000,1.765666,0.581809,16190
5,7,2778,edgegpu,cifar100,72.993330,6.134028,0.581809,16190
5,7,2304,edgegpu,cifar100,58.660000,1.440253,0.581809,16190
5,7,9930,edgegpu,cifar100,73.513336,6.803060,0.581809,16190
5,7,11885,edgegpu,cifar100,68.040000,1.776652,0.581809,16190
5,7,4954,edgegpu,cifar100,73.000000,6.669736,0.581809,16190
5,7,9997,edgegpu,cifar100,71.520000,3.466139,0.581809,16190
5,7,14984,edgegpu,cifar100,67.166664,1.760831,0.581809,16190
5,7,4418,edgegpu,cifar100,72.746666,5.352364,0.581809,16190
5,7,11810,edgegpu,cifar100,68.300000,1.779551,0.581809,16190
5,7,14677,edgegpu,cifar100,62.420000,1.746187,0.581809,16190
5,7,12415,edgegpu,cifar100,71.940000,4.828467,0.581809,16190
5,8,777,edgetpu,cifar100,58.650000,0.355588,0.661898,15927
5,8,3888,edgetpu,cifar100,73.260000,1.316226,0.661898,15927
5,8,14945,edgetpu,cifar100,58.500000,0.354940,0.661898,15927
5,8,8912,edgetpu,cifar100,59.200000,0.377698,0.661898,15927
5,8,4418,edgetpu,cifar100,72.746666,1.093699,0.661898,15927
5,8,8401,edgetpu,cifar100,71.080000,0.728572,0.661898,15927
5,8,1425,edgetpu,cifar100,72.093330,0.910660,0.661898,15927
5,8,9930,edgetpu,cifar100,73.513336,1.454107,0.661898,15927
5,8,4659,edgetpu,cifar100,70.060000,0.636433,0.661898,15927
5,8,577,edgetpu,cifar100,69.680000,0.635228,0.661898,15927
5,8,857,edgetpu,cifar100,72.880000,1.264168,0.661898,15927
5,8,11810,edgetpu,cifar100,68.300000,0.492126,0.661898,15927
5,8,4977,edgetpu,cifar100,63.360000,0.398743,0.661898,15927
5,8,12761,edgetpu,cifar100,72.860000,1.225212,0.661898,15927
5,8,13829,edgetpu,cifar100,66.873340,0.485137,0.661898,15927
5,8,5019,edgetpu,cifar100,58.880000,0.357058,0.661898,15927
5,8,9689,edgetpu,cifar100,69.760000,0.636296,0.661898,15927
5,8,12415,edgetpu,cifar100,71.940000,0.872299,0.661898,15927
5,8,9997,edgetpu,cifar100,71.520000,0.729986,0.661898,15927
5,8,3303,edgetpu,cifar100,62.420000,0.392593,0.661898,15927
5,8,2705,edgetpu,cifar100,62.813330,0.393026,0.661898,15927
5,8,4627,edgetpu,cifar100,69.600000,0.635153,0.661898,15927
5,8,12574,edgetpu,cifar100,72.740000,0.932430,0.661898,15927
5,8,4155,edgetpu,cifar100,62.306667,0.391442,0.661898,15927
5,8,1383,edgetpu,cifar100,70.273330,0.673722,0.661898,15927
5,8,12607,edgetpu,cifar100,62.600000,0.392830,0.661898,15927
5,8,11112,edgetpu,cifar100,66.893330,0.486713,0.661898,15927
5,8,3487,edgetpu,cifar100,70.093330,0.637182,0.661898,15927
5,8,69,edgetpu,cifar100,71.020000,0.727259,0.661898,15927
5,8,8638,edgetpu,cifar100,58.860000,0.356631,0.661898,15927
5,8,797,edgetpu,cifar100,69.580000,0.633351,0.661898,15927
5,8,13113,edgetpu,cifar100,63.140000,0.398170,0.661898,15927
5,8,10000,edgetpu,cifar100,73.160000,1.283461,0.661898,15927
5,8,1996,edgetpu,cifar100,67.820000,0.486748,0.661898,15927
5,9,12574,eyeriss,cifar100,72.740000,5.123200,0.480040,16480
5,9,11973,eyeriss,cifar100,70.340000,3.402880,0.480040,16480
5,9,11000,eyeriss,cifar100,71.180000,3.894400,0.480040,16480
5,9,9930,eyeriss,cifar100,73.513336,9.055360,0.480040,16480
5,9,12761,eyeriss,cifar100,72.860000,6.352000,0.480040,16480
5,9,3888,eyeriss,cifar100,73.260000,6.597760,0.480040,16480
5,9,14112,eyeriss,cifar100,68.386665,2.911360,0.480040,16480
5,9,5084,eyeriss,cifar100,58.813330,1.682560,0.480040,16480
5,9,12820,eyeriss,cifar100,67.720000,2.419840,0.480040,16480
5,9,15363,eyeriss,cifar100,70.520000,3.648640,0.480040,16480
5,9,14714,eyeriss,cifar100,71.280000,4.140160,0.480040,16480
5,9,11301,eyeriss,cifar100,68.220000,2.665600,0.480040,16480
5,9,10689,eyeriss,cifar100,67.500000,2.174080,0.480040,16480
5,9,3540,eyeriss,cifar100,71.500000,4.877440,0.480040,16480
5,9,3687,eyeriss,cifar100,64.460000,1.928320,0.480040,16480
5,10,6925,fpga,cifar100,71.220000,3.936160,0.547321,16394
5,10,9930,fpga,cifar100,73.513336,7.420960,0.547321,16394
5,10,3540,fpga,cifar100,71.500000,4.163360,0.547321,16394
5,10,69,fpga,cifar100,71.020000,3.648160,0.547321,16394
5,10,12820,fpga,cifar100,67.720000,2.678560,0.547321,16394
5,10,6787,fpga,cifar100,70.720000,3.420960,0.547321,16394
5,10,375,fpga,cifar100,64.440000,1.648160,0.547321,16394
5,10,5084,fpga,cifar100,58.813330,1.132960,0.547321,16394
5,10,7250,fpga,cifar100,67.706665,2.390560,0.547321,16394
5,10,10689,fpga,cifar100,67.500000,2.163360,0.547321,16394
5,10,3888,fpga,cifar100,73.260000,5.936160,0.547321,16394
5,10,12574,fpga,cifar100,72.740000,4.678560,0.547321,16394
5,10,9997,fpga,cifar100,71.520000,4.572960,0.547321,16394
5,10,12761,fpga,cifar100,72.860000,5.420960,0.547321,16394
5,10,3487,fpga,cifar100,70.093330,2.905760,0.547321,16394
5,10,4249,fpga,cifar100,65.080000,2.057760,0.547321,16394
5,11,9930,pixel3,cifar100,73.513336,42.003600,0.739880,16112
5,11,9649,pixel3,cifar100,64.540000,2.536210,0.739880,16112
5,11,1409,pixel3,cifar100,58.853333,1.275090,0.739880,16112
5,11,898,pixel3,cifar100,70.000000,6.516140,0.739880,16112
5,11,1357,pixel3,cifar100,67.480000,3.998260,0.739880,16112
5,11,15589,pixel3,cifar100,59.060000,1.483890,0.739880,16112
5,11,5019,pixel3,cifar100,58.880000,1.483640,0.739880,16112
5,11,1459,pixel3,cifar100,73.140000,23.437900,0.739880,16112
5,11,12574,pixel3,cifar100,72.740000,16.473900,0.739880,16112
5,11,2649,pixel3,cifar100,64.446660,2.496890,0.739880,16112
5,11,8895,pixel3,cifar100,64.280000,2.379800,0.739880,16112
5,11,1631,pixel3,cifar100,63.986668,1.805000,0.739880,16112
5,11,906,pixel3,cifar100,62.393333,1.661810,0.739880,16112
5,11,1616,pixel3,cifar100,63.946667,1.731160,0.739880,16112
5,11,11000,pixel3,cifar100,71.180000,10.677600,0.739880,16112
5,11,11301,pixel3,cifar100,68.220000,5.352090,0.739880,16112
5,11,6337,pixel3,cifar100,1.000000,0.008753,0.739880,16112
5,11,978,pixel3,cifar100,64.180000,2.372340,0.739880,16112
5,11,857,pixel3,cifar100,72.880000,19.113200,0.739880,16112
5,11,12970,pixel3,cifar100,68.140000,4.782110,0.739880,16112
5,11,4659,pixel3,cifar100,70.060000,9.026280,0.739880,16112
5,11,8638,pixel3,cifar100,58.860000,1.478570,0.739880,16112
5,11,3888,pixel3,cifar100,73.260000,23.477200,0.739880,16112
5,11,15363,pixel3,cifar100,70.520000,9.708640,0.739880,16112
5,11,1781,pixel3,cifar100,64.326670,2.386170,0.739880,16112
5,11,699,pixel3,cifar100,72.240000,12.079400,0.739880,16112
5,11,777,pixel3,cifar100,58.650000,1.087020,0.739880,16112
5,11,858,pixel3,cifar100,64.133330,2.003500,0.739880,16112
5,11,724,pixel3,cifar100,67.053340,2.875650,0.739880,16112
5,11,1450,pixel3,cifar100,70.506670,9.337360,0.739880,16112
5,11,6985,pixel3,cifar100,64.160000,2.372000,0.739880,16112
5,12,14443,raspi4,cifar100,71.740000,39.168526,0.739610,16076
5,12,14112,raspi4,cifar100,68.386665,14.423308,0.739610,16076
5,12,14811,raspi4,cifar100,69.680000,20.361189,0.739610,16076
5,12,15246,raspi4,cifar100,66.966670,7.350053,0.739610,16076
5,12,1357,raspi4,cifar100,67.480000,10.177114,0.739610,16076
5,12,10042,raspi4,cifar100,64.880000,5.100886,0.739610,16076
5,12,355,raspi4,cifar100,69.860000,20.791758,0.739610,16076
5,12,13846,raspi4,cifar100,66.746666,7.239895,0.739610,16076
5,12,6822,raspi4,cifar100,58.426666,2.558594,0.739610,16076
5,12,14612,raspi4,cifar100,58.720000,2.563505,0.739610,16076
5,12,14714,raspi4,cifar100,71.280000,24.692347,0.739610,16076
5,12,6294,raspi4,cifar100,66.973335,7.376450,0.739610,16076
5,12,8740,raspi4,cifar100,1.000000,0.015215,0.739610,16076
5,12,375,raspi4,cifar100,64.440000,5.099302,0.739610,16076
5,12,15589,raspi4,cifar100,59.060000,2.795078,0.739610,16076
5,12,9930,raspi4,cifar100,73.513336,71.152000,0.739610,16076
5,12,898,raspi4,cifar100,70.000000,21.506163,0.739610,16076
5,12,9271,raspi4,cifar100,63.400000,4.800893,0.739610,16076
5,12,13430,raspi4,cifar100,66.700000,7.203785,0.739610,16076
5,12,4731,raspi4,cifar100,67.046670,7.444095,0.739610,16076
5,12,6918,raspi4,cifar100,58.800000,2.571364,0.739610,16076
5,12,4418,raspi4,cifar100,72.746666,47.162354,0.739610,16076
5,12,2018,raspi4,cifar100,72.360000,39.345867,0.739610,16076
5,12,9997,raspi4,cifar100,71.520000,34.996710,0.739610,16076
5,12,6830,raspi4,cifar100,71.460000,34.491814,0.739610,16076
5,12,12761,raspi4,cifar100,72.860000,53.718200,0.739610,16076
5,12,1459,raspi4,cifar100,73.140000,53.879950,0.739610,16076
5,12,3385,raspi4,cifar100,72.380000,42.309270,0.739610,16076
5,12,2035,raspi4,cifar100,63.926666,5.005698,0.739610,16076
5,12,9895,raspi4,cifar100,69.400000,19.211880,0.739610,16076
5,12,2222,raspi4,cifar100,58.313330,2.538255,0.739610,16076
5,12,4607,raspi4,cifar100,58.820000,2.777558,0.739610,16076
5,12,2058,raspi4,cifar100,69.613335,20.052132,0.739610,16076
5,12,15383,raspi4,cifar100,71.660000,38.693768,0.739610,16076
5,12,7891,raspi4,cifar100,67.550000,12.536592,0.739610,16076
5,12,3888,raspi4,cifar100,73.260000,55.029520,0.739610,16076
5,12,4806,raspi4,cifar100,62.270000,4.787734,0.739610,16076
5,12,7030,raspi4,cifar100,69.600000,19.218203,0.739610,16076
5,12,15363,raspi4,cifar100,70.520000,21.809430,0.739610,16076
5,12,3408,raspi4,cifar100,63.993332,5.081906,0.739610,16076
5,12,7556,raspi4,cifar100,71.526665,36.461315,0.739610,16076
5,12,1204,raspi4,cifar100,66.773330,7.270641,0.739610,16076
5,13,15376,edgegpu,ImageNet16-120,0.833333,0.533953,0.636934,16278
5,13,14117,edgegpu,ImageNet16-120,28.677778,1.435547,0.636934,16278
5,13,14840,edgegpu,ImageNet16-120,45.311110,4.224715,0.636934,16278
5,13,7187,edgegpu,ImageNet16-120,28.683332,1.443858,0.636934,16278
5,13,5981,edgegpu,ImageNet16-120,39.211113,1.746097,0.636934,16278
5,13,8236,edgegpu,ImageNet16-120,39.233334,1.749978,0.636934,16278
5,13,4160,edgegpu,ImageNet16-120,39.833332,1.756272,0.636934,16278
5,13,15159,edgegpu,ImageNet16-120,45.566666,4.632421,0.636934,16278
5,13,6636,edgegpu,ImageNet16-120,40.544445,3.305931,0.636934,16278
5,13,12505,edgegpu,ImageNet16-120,39.283333,1.750417,0.636934,16278
5,13,4946,edgegpu,ImageNet16-120,44.700000,3.490419,0.636934,16278
5,13,8401,edgegpu,ImageNet16-120,43.833332,3.322444,0.636934,16278
5,13,5374,edgegpu,ImageNet16-120,46.766666,5.294285,0.636934,16278
5,13,8426,edgegpu,ImageNet16-120,44.633335,3.370147,0.636934,16278
5,13,857,edgegpu,ImageNet16-120,47.311110,6.707663,0.636934,16278
5,13,1164,edgegpu,ImageNet16-120,28.522223,1.435223,0.636934,16278
5,13,5751,edgegpu,ImageNet16-120,40.044445,2.434626,0.636934,16278
5,13,4988,edgegpu,ImageNet16-120,28.933332,1.448212,0.636934,16278
5,13,10947,edgegpu,ImageNet16-120,39.944443,1.909800,0.636934,16278
5,13,11217,edgegpu,ImageNet16-120,43.466667,3.316708,0.636934,16278
5,13,15288,edgegpu,ImageNet16-120,28.422222,1.417041,0.636934,16278
5,13,6950,edgegpu,ImageNet16-120,38.700000,1.740150,0.636934,16278
5,13,10699,edgegpu,ImageNet16-120,46.833332,6.223283,0.636934,16278
5,13,4587,edgegpu,ImageNet16-120,28.800000,1.445131,0.636934,16278
5,13,15383,edgegpu,ImageNet16-120,47.033333,6.262836,0.636934,16278
5,13,13760,edgegpu,ImageNet16-120,32.333332,1.739759,0.636934,16278
5,13,12415,edgegpu,ImageNet16-120,46.566666,4.667692,0.636934,16278
5,13,9722,edgegpu,ImageNet16-120,44.000000,3.327813,0.636934,16278
5,13,13411,edgegpu,ImageNet16-120,31.855556,1.736240,0.636934,16278
5,13,8884,edgegpu,ImageNet16-120,45.033333,3.499999,0.636934,16278
5,14,13097,edgetpu,ImageNet16-120,39.655556,0.428424,0.630226,15943
5,14,10750,edgetpu,ImageNet16-120,44.600000,0.615553,0.630226,15943
5,14,13931,edgetpu,ImageNet16-120,28.788889,0.360349,0.630226,15943
5,14,1172,edgetpu,ImageNet16-120,39.933334,0.515935,0.630226,15943
5,14,8884,edgetpu,ImageNet16-120,45.033333,0.615792,0.630226,15943
5,14,7750,edgetpu,ImageNet16-120,43.066666,0.551617,0.630226,15943
5,14,14840,edgetpu,ImageNet16-120,45.311110,0.666690,0.630226,15943
5,14,11079,edgetpu,ImageNet16-120,43.566666,0.552430,0.630226,15943
5,14,7273,edgetpu,ImageNet16-120,42.966667,0.550014,0.630226,15943
5,14,5751,edgetpu,ImageNet16-120,40.044445,0.516992,0.630226,15943
5,14,2908,edgetpu,ImageNet16-120,40.022220,0.516595,0.630226,15943
5,14,12415,edgetpu,ImageNet16-120,46.566666,0.710906,0.630226,15943
5,14,15014,edgetpu,ImageNet16-120,28.266666,0.358110,0.630226,15943
5,14,2136,edgetpu,ImageNet16-120,42.166668,0.549614,0.630226,15943
5,14,4988,edgetpu,ImageNet16-120,28.933332,0.360694,0.630226,15943
5,14,10888,edgetpu,ImageNet16-120,28.333334,0.359044,0.630226,15943
5,14,70,edgetpu,ImageNet16-120,39.377777,0.428228,0.630226,15943
5,14,15383,edgetpu,ImageNet16-120,47.033333,0.780914,0.630226,15943
5,14,6407,edgetpu,ImageNet16-120,32.333332,0.363748,0.630226,15943
5,14,15363,edgetpu,ImageNet16-120,44.333332,0.582280,0.630226,15943
5,14,13972,edgetpu,ImageNet16-120,31.933332,0.363440,0.630226,15943
5,14,3540,edgetpu,ImageNet16-120,45.122223,0.648670,0.630226,15943
5,14,857,edgetpu,ImageNet16-120,47.311110,0.997730,0.630226,15943
5,14,5724,edgetpu,ImageNet16-120,28.366667,0.359987,0.630226,15943
5,14,5530,edgetpu,ImageNet16-120,42.577778,0.549937,0.630226,15943
5,14,14677,edgetpu,ImageNet16-120,33.233334,0.364575,0.630226,15943
5,14,9689,edgetpu,ImageNet16-120,42.533333,0.549702,0.630226,15943
5,14,11885,edgetpu,ImageNet16-120,39.166668,0.427395,0.630226,15943
5,14,7837,edgetpu,ImageNet16-120,32.111110,0.363571,0.630226,15943
5,14,4160,edgetpu,ImageNet16-120,39.833332,0.430355,0.630226,15943
5,14,13769,edgetpu,ImageNet16-120,41.555557,0.549360,0.630226,15943
5,14,7396,edgetpu,ImageNet16-120,40.177776,0.517218,0.630226,15943
5,15,8008,eyeriss,ImageNet16-120,43.500000,0.853120,0.490451,16453
5,15,14417,eyeriss,ImageNet16-120,45.900000,1.098880,0.490451,16453
5,15,6854,eyeriss,ImageNet16-120,40.800000,0.668800,0.490451,16453
5,15,8853,eyeriss,ImageNet16-120,45.600000,1.037440,0.490451,16453
5,15,2835,eyeriss,ImageNet16-120,38.222220,0.545920,0.490451,16453
5,15,735,eyeriss,ImageNet16-120,38.544445,0.607360,0.490451,16453
5,15,6787,eyeriss,ImageNet16-120,44.400000,0.914560,0.490451,16453
5,15,4829,eyeriss,ImageNet16-120,34.200000,0.484480,0.490451,16453
5,15,1939,eyeriss,ImageNet16-120,45.077778,0.976000,0.490451,16453
5,15,15383,eyeriss,ImageNet16-120,47.033333,1.283200,0.490451,16453
5,15,4988,eyeriss,ImageNet16-120,28.933332,0.423040,0.490451,16453
5,15,857,eyeriss,ImageNet16-120,47.311110,1.651840,0.490451,16453
5,16,4988,fpga,ImageNet16-120,28.933332,0.284320,0.583604,16135
5,16,4829,fpga,ImageNet16-120,34.200000,0.415520,0.583604,16135
5,16,8853,fpga,ImageNet16-120,45.600000,1.155200,0.583604,16135
5,16,6787,fpga,ImageNet16-120,44.400000,0.969600,0.583604,16135
5,16,15383,fpga,ImageNet16-120,47.033333,1.504000,0.583604,16135
5,16,1939,fpga,ImageNet16-120,45.077778,1.062400,0.583604,16135
5,16,2835,fpga,ImageNet16-120,38.222220,0.546720,0.583604,16135
5,16,14748,fpga,ImageNet16-120,44.900000,0.995200,0.583604,16135
5,16,857,fpga,ImageNet16-120,47.311110,2.038400,0.583604,16135
5,16,11079,fpga,ImageNet16-120,43.566666,0.902400,0.583604,16135
5,16,5793,fpga,ImageNet16-120,35.033333,0.517920,0.583604,16135
5,16,6854,fpga,ImageNet16-120,40.800000,0.809120,0.583604,16135
5,16,11593,fpga,ImageNet16-120,40.166668,0.780320,0.583604,16135
5,16,6868,fpga,ImageNet16-120,39.000000,0.649120,0.583604,16135
5,16,10017,fpga,ImageNet16-120,40.566666,0.784000,0.583604,16135
5,16,8008,fpga,ImageNet16-120,43.500000,0.876800,0.583604,16135
5,17,12506,pixel3,ImageNet16-120,43.983334,2.929990,0.763547,15909
5,17,3728,pixel3,ImageNet16-120,28.500000,0.422880,0.763547,15909
5,17,12516,pixel3,ImageNet16-120,32.083332,0.617816,0.763547,15909
5,17,14417,pixel3,ImageNet16-120,45.900000,4.143030,0.763547,15909
5,17,4004,pixel3,ImageNet16-120,42.811110,2.467510,0.763547,15909
5,17,2899,pixel3,ImageNet16-120,43.911110,2.701210,0.763547,15909
5,17,2018,pixel3,ImageNet16-120,46.433334,4.949210,0.763547,15909
5,17,12639,pixel3,ImageNet16-120,40.400000,1.304440,0.763547,15909
5,17,872,pixel3,ImageNet16-120,41.777780,2.465030,0.763547,15909
5,17,1860,pixel3,ImageNet16-120,28.433332,0.422587,0.763547,15909
5,17,15383,pixel3,ImageNet16-120,47.033333,5.191720,0.763547,15909
5,17,1939,pixel3,ImageNet16-120,45.077778,3.021500,0.763547,15909
5,17,6014,pixel3,ImageNet16-120,28.533333,0.423391,0.763547,15909
5,17,12355,pixel3,ImageNet16-120,45.033333,2.989390,0.763547,15909
5,17,4977,pixel3,ImageNet16-120,32.966667,0.617991,0.763547,15909
5,17,13059,pixel3,ImageNet16-120,34.266666,0.668679,0.763547,15909
5,17,735,pixel3,ImageNet16-120,38.544445,1.107950,0.763547,15909
5,17,9496,pixel3,ImageNet16-120,38.200000,1.024960,0.763547,15909
5,17,4895,pixel3,ImageNet16-120,33.200000,0.619070,0.763547,15909
5,17,11000,pixel3,ImageNet16-120,44.866665,2.962520,0.763547,15909
5,17,4384,pixel3,ImageNet16-120,28.133333,0.421612,0.763547,15909
5,17,1549,pixel3,ImageNet16-120,28.655556,0.424747,0.763547,15909
5,17,15446,pixel3,ImageNet16-120,45.766666,3.439380,0.763547,15909
5,17,4627,pixel3,ImageNet16-120,43.500000,2.479640,0.763547,15909
5,17,7685,pixel3,ImageNet16-120,37.611110,0.862589,0.763547,15909
5,17,1204,pixel3,ImageNet16-120,37.844444,0.864966,0.763547,15909
5,17,7401,pixel3,ImageNet16-120,28.866667,0.505777,0.763547,15909
5,17,857,pixel3,ImageNet16-120,47.311110,6.686850,0.763547,15909
5,17,12424,pixel3,ImageNet16-120,43.133330,2.470150,0.763547,15909
5,17,8954,pixel3,ImageNet16-120,28.733334,0.424855,0.763547,15909
5,17,10154,pixel3,ImageNet16-120,46.133335,4.783700,0.763547,15909
5,17,6854,pixel3,ImageNet16-120,40.800000,1.621620,0.763547,15909
5,17,4409,pixel3,ImageNet16-120,37.722220,0.862979,0.763547,15909
5,17,758,pixel3,ImageNet16-120,28.333334,0.422134,0.763547,15909
5,17,10340,pixel3,ImageNet16-120,31.522223,0.617772,0.763547,15909
5,17,12466,pixel3,ImageNet16-120,46.100000,4.680280,0.763547,15909
5,17,8584,pixel3,ImageNet16-120,34.088890,0.664046,0.763547,15909
5,17,1425,pixel3,ImageNet16-120,45.977780,4.619290,0.763547,15909
5,17,12452,pixel3,ImageNet16-120,40.533333,1.504410,0.763547,15909
5,17,13756,pixel3,ImageNet16-120,0.833333,0.005289,0.763547,15909
5,17,6294,pixel3,ImageNet16-120,38.011112,0.869124,0.763547,15909
5,17,4587,pixel3,ImageNet16-120,28.800000,0.445767,0.763547,15909
5,18,15383,raspi4,ImageNet16-120,47.033333,8.565354,0.836006,16230
5,18,15363,raspi4,ImageNet16-120,44.333332,4.480516,0.836006,16230
5,18,6787,raspi4,ImageNet16-120,44.400000,4.532777,0.836006,16230
5,18,4771,raspi4,ImageNet16-120,33.766666,1.582308,0.836006,16230
5,18,11079,raspi4,ImageNet16-120,43.566666,3.802027,0.836006,16230
5,18,15107,raspi4,ImageNet16-120,39.800000,3.083329,0.836006,16230
5,18,9654,raspi4,ImageNet16-120,33.633335,1.581475,0.836006,16230
5,18,9496,raspi4,ImageNet16-120,38.200000,2.204048,0.836006,16230
5,18,10835,raspi4,ImageNet16-120,45.233334,6.632419,0.836006,16230
5,18,4689,raspi4,ImageNet16-120,37.455555,2.198343,0.836006,16230
5,18,10217,raspi4,ImageNet16-120,45.100000,6.109362,0.836006,16230
5,18,13931,raspi4,ImageNet16-120,28.788889,0.956195,0.836006,16230
5,18,3431,raspi4,ImageNet16-120,32.966667,1.536690,0.836006,16230
5,18,13059,raspi4,ImageNet16-120,34.266666,1.595651,0.836006,16230
5,18,1413,raspi4,ImageNet16-120,42.711113,3.788479,0.836006,16230
5,18,5530,raspi4,ImageNet16-120,42.577778,3.785925,0.836006,16230
5,18,1939,raspi4,ImageNet16-120,45.077778,5.341908,0.836006,16230
5,18,735,raspi4,ImageNet16-120,38.544445,2.911079,0.836006,16230
5,18,5202,raspi4,ImageNet16-120,42.411110,3.783078,0.836006,16230
5,18,1188,raspi4,ImageNet16-120,32.455555,1.526725,0.836006,16230
5,18,13644,raspi4,ImageNet16-120,45.333332,6.780282,0.836006,16230
5,18,8683,raspi4,ImageNet16-120,44.200000,4.462997,0.836006,16230
5,18,10017,raspi4,ImageNet16-120,40.566666,3.181383,0.836006,16230
5,18,6868,raspi4,ImageNet16-120,39.000000,2.982937,0.836006,16230
5,18,3687,raspi4,ImageNet16-120,34.066666,1.583497,0.836006,16230
5,18,933,raspi4,ImageNet16-120,0.833333,0.011514,0.836006,16230
5,18,12358,raspi4,ImageNet16-120,34.055557,1.582727,0.836006,16230
5,18,4988,raspi4,ImageNet16-120,28.933332,1.003251,0.836006,16230
5,18,2779,raspi4,ImageNet16-120,37.355556,2.190654,0.836006,16230
5,18,11946,raspi4,ImageNet16-120,28.200000,0.940293,0.836006,16230
5,18,7227,raspi4,ImageNet16-120,32.533333,1.530737,0.836006,16230
5,18,6336,raspi4,ImageNet16-120,39.366665,3.073392,0.836006,16230
5,18,8853,raspi4,ImageNet16-120,45.600000,6.961605,0.836006,16230
5,18,857,raspi4,ImageNet16-120,47.311110,9.020064,0.836006,16230
5,18,2018,raspi4,ImageNet16-120,46.433334,7.482383,0.836006,16230
5,18,8426,raspi4,ImageNet16-120,44.633335,5.288439,0.836006,16230
5,18,7955,raspi4,ImageNet16-120,39.388890,3.082832,0.836006,16230
5,18,7252,raspi4,ImageNet16-120,44.666668,5.322441,0.836006,16230
5,18,4995,raspi4,ImageNet16-120,42.166668,3.766336,0.836006,16230
5,18,9032,raspi4,ImageNet16-120,38.016666,2.201532,0.836006,16230
5,18,5973,raspi4,ImageNet16-120,40.100000,3.159922,0.836006,16230
5,18,7187,raspi4,ImageNet16-120,28.683332,0.952790,0.836006,16230
5,18,3782,raspi4,ImageNet16-120,41.866665,3.755286,0.836006,16230
5,18,11177,raspi4,ImageNet16-120,33.200000,1.573414,0.836006,16230
5,18,45,raspi4,ImageNet16-120,33.611110,1.581422,0.836006,16230
5,18,13771,raspi4,ImageNet16-120,32.744446,1.533813,0.836006,16230
5,18,8355,raspi4,ImageNet16-120,39.666668,3.083286,0.836006,16230
5,18,4160,raspi4,ImageNet16-120,39.833332,3.114462,0.836006,16230
5,18,12505,raspi4,ImageNet16-120,39.283333,3.062432,0.836006,16230
5,18,6854,raspi4,ImageNet16-120,40.800000,3.661016,0.836006,16230
6,1,5780,edgegpu,cifar10,93.980000,3.361888,0.560620,16335
6,1,13714,edgegpu,cifar10,94.373340,6.772180,0.560620,16335
6,1,6960,edgegpu,cifar10,92.280000,1.764450,0.560620,16335
6,1,1459,edgegpu,cifar10,94.296670,6.748991,0.560620,16335
6,1,10484,edgegpu,cifar10,93.810000,3.354015,0.560620,16335
6,1,11692,edgegpu,cifar10,94.130000,4.708362,0.560620,16335
6,1,2053,edgegpu,cifar10,94.206665,5.482254,0.560620,16335
6,1,11438,edgegpu,cifar10,92.500000,1.846719,0.560620,16335
6,1,13401,edgegpu,cifar10,87.010000,1.457009,0.560620,16335
6,1,6330,edgegpu,cifar10,94.006670,4.384699,0.560620,16335
6,1,5292,edgegpu,cifar10,94.293335,6.663151,0.560620,16335
6,1,561,edgegpu,cifar10,86.880000,1.451068,0.560620,16335
6,1,14527,edgegpu,cifar10,86.765000,1.439619,0.560620,16335
6,1,5400,edgegpu,cifar10,86.630000,1.427460,0.560620,16335
6,1,2776,edgegpu,cifar10,93.666664,3.331194,0.560620,16335
6,1,15200,edgegpu,cifar10,10.000000,0.501385,0.560620,16335
6,1,11810,edgegpu,cifar10,92.780000,1.992798,0.560620,16335
6,1,6950,edgegpu,cifar10,92.000000,1.738467,0.560620,16335
6,1,1549,edgegpu,cifar10,86.710000,1.436324,0.560620,16335
6,2,5780,edgetpu,cifar10,93.980000,0.723967,0.698123,16429
6,2,9817,edgetpu,cifar10,93.490000,0.723286,0.698123,16429
6,2,8192,edgetpu,cifar10,93.093330,0.627745,0.698123,16429
6,2,2053,edgetpu,cifar10,94.206665,1.042178,0.698123,16429
6,2,14527,edgetpu,cifar10,86.765000,0.365664,0.698123,16429
6,2,9722,edgetpu,cifar10,93.540000,0.723575,0.698123,16429
6,2,9689,edgetpu,cifar10,93.370000,0.628386,0.698123,16429
6,2,1051,edgetpu,cifar10,86.700000,0.359608,0.698123,16429
6,2,14490,edgetpu,cifar10,92.113335,0.482353,0.698123,16429
6,2,13714,edgetpu,cifar10,94.373340,1.377865,0.698123,16429
6,2,970,edgetpu,cifar10,86.770000,0.371488,0.698123,16429
6,2,11692,edgetpu,cifar10,94.130000,0.761100,0.698123,16429
6,2,6382,edgetpu,cifar10,93.376660,0.628638,0.698123,16429
6,2,10293,edgetpu,cifar10,86.513336,0.352328,0.698123,16429
6,2,11810,edgetpu,cifar10,92.780000,0.482879,0.698123,16429
6,2,6014,edgetpu,cifar10,86.690000,0.353858,0.698123,16429
6,2,797,edgetpu,cifar10,93.280000,0.627996,0.698123,16429
6,2,11112,edgetpu,cifar10,92.110000,0.480732,0.698123,16429
6,2,9950,edgetpu,cifar10,93.840000,0.723767,0.698123,16429
6,2,12439,edgetpu,cifar10,86.393330,0.352159,0.698123,16429
6,2,11438,edgetpu,cifar10,92.500000,0.482393,0.698123,16429
6,2,5111,edgetpu,cifar10,94.306660,1.152010,0.698123,16429
6,2,6758,edgetpu,cifar10,88.873340,0.390265,0.698123,16429
6,2,5258,edgetpu,cifar10,88.775000,0.388629,0.698123,16429
6,2,3955,edgetpu,cifar10,88.863335,0.389665,0.698123,16429
6,2,3731,edgetpu,cifar10,94.343330,1.282820,0.698123,16429
6,2,10581,edgetpu,cifar10,89.015000,0.390403,0.698123,16429
6,2,6918,edgetpu,cifar10,87.000000,0.375819,0.698123,16429
6,2,8008,edgetpu,cifar10,93.480000,0.629746,0.698123,16429
6,2,6584,edgetpu,cifar10,94.160000,0.888877,0.698123,16429
6,2,8525,edgetpu,cifar10,89.320000,0.420874,0.698123,16429
6,2,4161,edgetpu,cifar10,89.250000,0.391221,0.698123,16429
6,3,12820,eyeriss,cifar10,90.880000,2.416820,0.541310,16467
6,3,5111,eyeriss,cifar10,94.306660,5.365940,0.541310,16467
6,3,8323,eyeriss,cifar10,90.870000,2.171060,0.541310,16467
6,3,8592,eyeriss,cifar10,93.750000,3.891380,0.541310,16467
6,3,8008,eyeriss,cifar10,93.480000,3.399860,0.541310,16467
6,3,6584,eyeriss,cifar10,94.160000,4.874420,0.541310,16467
6,3,3731,eyeriss,cifar10,94.343330,6.594740,0.541310,16467
6,3,11472,eyeriss,cifar10,93.970000,4.628660,0.541310,16467
6,3,6111,eyeriss,cifar10,94.373340,7.823540,0.541310,16467
6,3,13714,eyeriss,cifar10,94.373340,7.823540,0.541310,16467
6,3,14112,eyeriss,cifar10,91.296670,2.908340,0.541310,16467
6,3,4384,eyeriss,cifar10,86.796670,1.679540,0.541310,16467
6,3,6854,eyeriss,cifar10,91.040000,2.662580,0.541310,16467
6,3,13987,eyeriss,cifar10,93.596664,3.645620,0.541310,16467
6,3,13611,eyeriss,cifar10,92.490000,3.154100,0.541310,16467
6,3,12438,eyeriss,cifar10,89.875000,1.925300,0.541310,16467
6,4,8323,fpga,cifar10,90.870000,2.163360,0.506828,16389
6,4,3731,fpga,cifar10,94.343330,5.936160,0.506828,16389
6,4,4384,fpga,cifar10,86.796670,1.132960,0.506828,16389
6,4,5111,fpga,cifar10,94.306660,5.193760,0.506828,16389
6,4,11692,fpga,cifar10,94.130000,4.163360,0.506828,16389
6,4,6111,fpga,cifar10,94.373340,6.678560,0.506828,16389
6,4,13611,fpga,cifar10,92.490000,2.390560,0.506828,16389
6,4,13714,fpga,cifar10,94.373340,6.678560,0.506828,16389
6,4,8008,fpga,cifar10,93.480000,2.905760,0.506828,16389
6,4,14346,fpga,cifar10,89.986664,2.057760,0.506828,16389
6,4,12438,fpga,cifar10,89.875000,1.648160,0.506828,16389
6,4,13987,fpga,cifar10,93.596664,3.420960,0.506828,16389
6,4,11472,fpga,cifar10,93.970000,3.648160,0.506828,16389
6,4,8720,fpga,cifar10,89.875000,1.648160,0.506828,16389
6,5,1781,pixel3,cifar10,89.883330,1.712020,0.790660,16092
6,5,1778,pixel3,cifar10,92.180000,6.446230,0.790660,16092
6,5,1425,pixel3,cifar10,93.933334,12.536500,0.790660,16092
6,5,2035,pixel3,cifar10,89.670000,1.706480,0.790660,16092
6,5,12639,pixel3,cifar10,90.990000,4.749000,0.790660,16092
6,5,6382,pixel3,cifar10,93.376660,7.048190,0.790660,16092
6,5,4731,pixel3,cifar10,90.360000,2.573470,0.790660,16092
6,5,12970,pixel3,cifar10,90.970000,4.723840,0.790660,16092
6,5,5111,pixel3,cifar10,94.306660,17.584600,0.790660,16092
6,5,1497,pixel3,cifar10,86.556660,1.056630,0.790660,16092
6,5,8695,pixel3,cifar10,94.220000,17.564500,0.790660,16092
6,5,6863,pixel3,cifar10,86.740000,1.229320,0.790660,16092
6,5,7017,pixel3,cifar10,86.970000,1.403930,0.790660,16092
6,5,9032,pixel3,cifar10,90.740000,3.102890,0.790660,16092
6,5,13987,pixel3,cifar10,93.596664,9.922680,0.790660,16092
6,5,6111,pixel3,cifar10,94.373340,23.584800,0.790660,16092
6,5,3731,pixel3,cifar10,94.343330,23.361300,0.790660,16092
6,5,6918,pixel3,cifar10,87.000000,1.478790,0.790660,16092
6,5,1943,pixel3,cifar10,93.116670,6.492030,0.790660,16092
6,5,6999,pixel3,cifar10,93.820000,12.260900,0.790660,16092
6,5,11692,pixel3,cifar10,94.130000,15.490100,0.790660,16092
6,5,8592,pixel3,cifar10,93.750000,10.769800,0.790660,16092
6,5,12452,pixel3,cifar10,91.350000,5.590110,0.790660,16092
6,5,1339,pixel3,cifar10,92.136665,5.802240,0.790660,16092
6,5,7001,pixel3,cifar10,10.000000,0.003277,0.790660,16092
6,5,4554,pixel3,cifar10,86.670000,1.114880,0.790660,16092
6,5,11972,pixel3,cifar10,91.510000,5.627010,0.790660,16092
6,5,13171,pixel3,cifar10,93.530000,7.717220,0.790660,16092
6,5,12820,pixel3,cifar10,90.880000,3.982790,0.790660,16092
6,5,5224,pixel3,cifar10,88.980000,1.570360,0.790660,16092
6,5,13869,pixel3,cifar10,93.656670,10.634700,0.790660,16092
6,5,4627,pixel3,cifar10,93.270000,7.036050,0.790660,16092
6,5,9230,pixel3,cifar10,86.580000,1.056760,0.790660,16092
6,5,6434,pixel3,cifar10,91.080000,4.811140,0.790660,16092
6,5,1941,pixel3,cifar10,93.533330,9.128690,0.790660,16092
6,5,8323,pixel3,cifar10,90.870000,3.106420,0.790660,16092
6,5,4432,pixel3,cifar10,90.700000,2.826310,0.790660,16092
6,5,8708,pixel3,cifar10,94.080000,12.839000,0.790660,16092
6,6,2937,raspi4,cifar10,92.190000,17.768639,0.682527,15992
6,6,6382,raspi4,cifar10,93.376660,21.461164,0.682527,15992
6,6,7058,raspi4,cifar10,92.040000,16.469465,0.682527,15992
6,6,3731,raspi4,cifar10,94.343330,58.070793,0.682527,15992
6,6,11692,raspi4,cifar10,94.130000,37.583630,0.682527,15992
6,6,2058,raspi4,cifar10,93.270000,19.484835,0.682527,15992
6,6,5111,raspi4,cifar10,94.306660,41.756905,0.682527,15992
6,6,4659,raspi4,cifar10,93.396670,22.249382,0.682527,15992
6,6,7207,raspi4,cifar10,89.803340,5.099723,0.682527,15992
6,6,6111,raspi4,cifar10,94.373340,68.404106,0.682527,15992
6,6,14565,raspi4,cifar10,88.880000,4.781183,0.682527,15992
6,6,6918,raspi4,cifar10,87.000000,2.787590,0.682527,15992
6,6,6953,raspi4,cifar10,91.990000,15.601654,0.682527,15992
6,6,8426,raspi4,cifar10,93.840000,31.394428,0.682527,15992
6,6,5780,raspi4,cifar10,93.980000,34.928463,0.682527,15992
6,6,1804,raspi4,cifar10,89.063330,4.791845,0.682527,15992
6,6,9380,raspi4,cifar10,89.335000,4.875613,0.682527,15992
6,6,8592,raspi4,cifar10,93.750000,25.477009,0.682527,15992
6,6,1894,raspi4,cifar10,92.110000,17.550644,0.682527,15992
6,6,11810,raspi4,cifar10,92.780000,18.619905,0.682527,15992
6,6,10275,raspi4,cifar10,91.080000,9.993188,0.682527,15992
6,6,8323,raspi4,cifar10,90.870000,7.426308,0.682527,15992
6,6,9980,raspi4,cifar10,10.000000,0.011284,0.682527,15992
6,6,13829,raspi4,cifar10,92.193340,18.405771,0.682527,15992
6,6,8008,raspi4,cifar10,93.480000,22.571420,0.682527,15992
6,6,10412,raspi4,cifar10,93.530000,25.079220,0.682527,15992
6,6,1962,raspi4,cifar10,86.530000,2.529453,0.682527,15992
6,6,1690,raspi4,cifar10,86.646670,2.536549,0.682527,15992
6,6,4384,raspi4,cifar10,86.796670,2.759305,0.682527,15992
6,6,13846,raspi4,cifar10,90.720000,7.176163,0.682527,15992
6,6,4227,raspi4,cifar10,89.636665,5.014174,0.682527,15992
6,6,12286,raspi4,cifar10,86.760000,2.546242,0.682527,15992
6,7,2304,edgegpu,cifar100,58.660000,1.440253,0.559163,16417
6,7,11885,edgegpu,cifar100,68.040000,1.776652,0.559163,16417
6,7,9997,edgegpu,cifar100,71.520000,3.466139,0.559163,16417
6,7,4954,edgegpu,cifar100,73.000000,6.669736,0.559163,16417
6,7,4418,edgegpu,cifar100,72.746666,5.352364,0.559163,16417
6,7,9930,edgegpu,cifar100,73.513336,6.803060,0.559163,16417
6,7,1425,edgegpu,cifar100,72.093330,5.310225,0.559163,16417
6,7,3888,edgegpu,cifar100,73.260000,6.797867,0.559163,16417
6,7,8401,edgegpu,cifar100,71.080000,3.302102,0.559163,16417
6,7,2778,edgegpu,cifar100,72.993330,6.134028,0.559163,16417
6,7,1509,edgegpu,cifar100,1.000000,0.505853,0.559163,16417
6,7,8912,edgegpu,cifar100,59.200000,1.441355,0.559163,16417
6,7,9922,edgegpu,cifar100,58.560000,1.428552,0.559163,16417
6,7,11810,edgegpu,cifar100,68.300000,1.779551,0.559163,16417
6,7,12238,edgegpu,cifar100,67.240000,1.772847,0.559163,16417
6,7,14984,edgegpu,cifar100,67.166664,1.760831,0.559163,16417
6,7,12415,edgegpu,cifar100,71.940000,4.828467,0.559163,16417
6,7,6381,edgegpu,cifar100,66.800000,1.753340,0.559163,16417
6,7,6124,edgegpu,cifar100,68.360000,3.185835,0.559163,16417
6,8,781,edgetpu,cifar100,67.960000,0.487922,0.698526,16047
6,8,5019,edgetpu,cifar100,58.880000,0.357058,0.698526,16047
6,8,12415,edgetpu,cifar100,71.940000,0.872299,0.698526,16047
6,8,797,edgetpu,cifar100,69.580000,0.633351,0.698526,16047
6,8,9997,edgetpu,cifar100,71.520000,0.729986,0.698526,16047
6,8,1110,edgetpu,cifar100,58.840000,0.355938,0.698526,16047
6,8,2705,edgetpu,cifar100,62.813330,0.393026,0.698526,16047
6,8,11219,edgetpu,cifar100,67.200000,0.486929,0.698526,16047
6,8,10000,edgetpu,cifar100,73.160000,1.283461,0.698526,16047
6,8,15363,edgetpu,cifar100,70.520000,0.676394,0.698526,16047
6,8,9930,edgetpu,cifar100,73.513336,1.454107,0.698526,16047
6,8,1425,edgetpu,cifar100,72.093330,0.910660,0.698526,16047
6,8,857,edgetpu,cifar100,72.880000,1.264168,0.698526,16047
6,8,8401,edgetpu,cifar100,71.080000,0.728572,0.698526,16047
6,8,777,edgetpu,cifar100,58.650000,0.355588,0.698526,16047
6,8,577,edgetpu,cifar100,69.680000,0.635228,0.698526,16047
6,8,4418,edgetpu,cifar100,72.746666,1.093699,0.698526,16047
6,8,3888,edgetpu,cifar100,73.260000,1.316226,0.698526,16047
6,8,8912,edgetpu,cifar100,59.200000,0.377698,0.698526,16047
6,8,12574,edgetpu,cifar100,72.740000,0.932430,0.698526,16047
6,8,14945,edgetpu,cifar100,58.500000,0.354940,0.698526,16047
6,8,12761,edgetpu,cifar100,72.860000,1.225212,0.698526,16047
6,8,9271,edgetpu,cifar100,63.400000,0.393151,0.698526,16047
6,8,1383,edgetpu,cifar100,70.273330,0.673722,0.698526,16047
6,8,13829,edgetpu,cifar100,66.873340,0.485137,0.698526,16047
6,8,11810,edgetpu,cifar100,68.300000,0.492126,0.698526,16047
6,8,1943,edgetpu,cifar100,69.626660,0.634759,0.698526,16047
6,8,3487,edgetpu,cifar100,70.093330,0.637182,0.698526,16047
6,8,69,edgetpu,cifar100,71.020000,0.727259,0.698526,16047
6,8,4155,edgetpu,cifar100,62.306667,0.391442,0.698526,16047
6,8,8638,edgetpu,cifar100,58.860000,0.356631,0.698526,16047
6,8,11533,edgetpu,cifar100,69.760000,0.635877,0.698526,16047
6,8,8032,edgetpu,cifar100,67.600000,0.487441,0.698526,16047
6,9,14714,eyeriss,cifar100,71.280000,4.140160,0.466109,16328
6,9,12970,eyeriss,cifar100,68.140000,2.665600,0.466109,16328
6,9,12820,eyeriss,cifar100,67.720000,2.419840,0.466109,16328
6,9,9930,eyeriss,cifar100,73.513336,9.055360,0.466109,16328
6,9,5725,eyeriss,cifar100,70.600000,3.648640,0.466109,16328
6,9,12574,eyeriss,cifar100,72.740000,5.123200,0.466109,16328
6,9,2191,eyeriss,cifar100,58.386665,1.682560,0.466109,16328
6,9,12761,eyeriss,cifar100,72.860000,6.352000,0.466109,16328
6,9,8323,eyeriss,cifar100,67.080000,2.174080,0.466109,16328
6,9,5651,eyeriss,cifar100,64.690000,1.928320,0.466109,16328
6,9,3888,eyeriss,cifar100,73.260000,6.597760,0.466109,16328
6,9,3540,eyeriss,cifar100,71.500000,4.877440,0.466109,16328
6,9,6925,eyeriss,cifar100,71.220000,3.894400,0.466109,16328
6,9,11973,eyeriss,cifar100,70.340000,3.402880,0.466109,16328
6,10,6787,fpga,cifar100,70.720000,3.420960,0.489390,16265
6,10,15033,fpga,cifar100,67.793335,2.390560,0.489390,16265
6,10,9930,fpga,cifar100,73.513336,7.420960,0.489390,16265
6,10,3888,fpga,cifar100,73.260000,5.936160,0.489390,16265
6,10,5651,fpga,cifar100,64.690000,1.648160,0.489390,16265
6,10,69,fpga,cifar100,71.020000,3.648160,0.489390,16265
6,10,12574,fpga,cifar100,72.740000,4.678560,0.489390,16265
6,10,5033,fpga,cifar100,59.060000,1.542560,0.489390,16265
6,10,12761,fpga,cifar100,72.860000,5.420960,0.489390,16265
6,10,5084,fpga,cifar100,58.813330,1.132960,0.489390,16265
6,10,3540,fpga,cifar100,71.500000,4.163360,0.489390,16265
6,10,10689,fpga,cifar100,67.500000,2.163360,0.489390,16265
6,10,6830,fpga,cifar100,71.460000,4.057760,0.489390,16265
6,10,4711,fpga,cifar100,64.993330,2.057760,0.489390,16265
6,10,3487,fpga,cifar100,70.093330,2.905760,0.489390,16265
6,10,6925,fpga,cifar100,71.220000,3.936160,0.489390,16265
6,11,1459,pixel3,cifar100,73.140000,23.437900,0.713931,16139
6,11,906,pixel3,cifar100,62.393333,1.661810,0.713931,16139
6,11,699,pixel3,cifar100,72.240000,12.079400,0.713931,16139
6,11,8638,pixel3,cifar100,58.860000,1.478570,0.713931,16139
6,11,1409,pixel3,cifar100,58.853333,1.275090,0.713931,16139
6,11,12574,pixel3,cifar100,72.740000,16.473900,0.713931,16139
6,11,6925,pixel3,cifar100,71.220000,10.688000,0.713931,16139
6,11,11000,pixel3,cifar100,71.180000,10.677600,0.713931,16139
6,11,9930,pixel3,cifar100,73.513336,42.003600,0.713931,16139
6,11,5019,pixel3,cifar100,58.880000,1.483640,0.713931,16139
6,11,857,pixel3,cifar100,72.880000,19.113200,0.713931,16139
6,11,2649,pixel3,cifar100,64.446660,2.496890,0.713931,16139
6,11,1599,pixel3,cifar100,64.633330,2.819200,0.713931,16139
6,11,3888,pixel3,cifar100,73.260000,23.477200,0.713931,16139
6,11,485,pixel3,cifar100,67.593330,4.124800,0.713931,16139
6,11,4432,pixel3,cifar100,66.486664,3.105870,0.713931,16139
6,11,657,pixel3,cifar100,58.233334,1.233070,0.713931,16139
6,11,1450,pixel3,cifar100,70.506670,9.337360,0.713931,16139
6,11,978,pixel3,cifar100,64.180000,2.372340,0.713931,16139
6,11,6337,pixel3,cifar100,1.000000,0.008753,0.713931,16139
6,11,15589,pixel3,cifar100,59.060000,1.483890,0.713931,16139
6,11,8323,pixel3,cifar100,67.080000,3.106340,0.713931,16139
6,11,12970,pixel3,cifar100,68.140000,4.782110,0.713931,16139
6,11,898,pixel3,cifar100,70.000000,6.516140,0.713931,16139
6,11,9649,pixel3,cifar100,64.540000,2.536210,0.713931,16139
6,11,10689,pixel3,cifar100,67.500000,3.109220,0.713931,16139
6,11,1631,pixel3,cifar100,63.986668,1.805000,0.713931,16139
6,11,858,pixel3,cifar100,64.133330,2.003500,0.713931,16139
6,12,7891,raspi4,cifar100,67.550000,12.536592,0.879609,16158
6,12,15589,raspi4,cifar100,59.060000,2.795078,0.879609,16158
6,12,15137,raspi4,cifar100,63.160000,4.941014,0.879609,16158
6,12,9997,raspi4,cifar100,71.520000,34.996710,0.879609,16158
6,12,8912,raspi4,cifar100,59.200000,2.818969,0.879609,16158
6,12,10222,raspi4,cifar100,58.860000,2.747804,0.879609,16158
6,12,10689,raspi4,cifar100,67.500000,7.381845,0.879609,16158
6,12,12761,raspi4,cifar100,72.860000,53.718200,0.879609,16158
6,12,10042,raspi4,cifar100,64.880000,5.100886,0.879609,16158
6,12,8740,raspi4,cifar100,1.000000,0.015215,0.879609,16158
6,12,2222,raspi4,cifar100,58.313330,2.538255,0.879609,16158
6,12,898,raspi4,cifar100,70.000000,21.506163,0.879609,16158
6,12,14612,raspi4,cifar100,58.720000,2.563505,0.879609,16158
6,12,12574,raspi4,cifar100,72.740000,36.371254,0.879609,16158
6,12,14714,raspi4,cifar100,71.280000,24.692347,0.879609,16158
6,12,3888,raspi4,cifar100,73.260000,55.029520,0.879609,16158
6,12,14811,raspi4,cifar100,69.680000,20.361189,0.879609,16158
6,12,14112,raspi4,cifar100,68.386665,14.423308,0.879609,16158
6,12,12915,raspi4,cifar100,66.950000,7.226311,0.879609,16158
6,12,13430,raspi4,cifar100,66.700000,7.203785,0.879609,16158
6,12,1939,raspi4,cifar100,70.760000,24.555029,0.879609,16158
6,12,6918,raspi4,cifar100,58.800000,2.571364,0.879609,16158
6,12,6177,raspi4,cifar100,62.373333,4.795128,0.879609,16158
6,12,2058,raspi4,cifar100,69.613335,20.052132,0.879609,16158
6,12,2035,raspi4,cifar100,63.926666,5.005698,0.879609,16158
6,12,3487,raspi4,cifar100,70.093330,21.603350,0.879609,16158
6,12,3408,raspi4,cifar100,63.993332,5.081906,0.879609,16158
6,12,15363,raspi4,cifar100,70.520000,21.809430,0.879609,16158
6,12,9930,raspi4,cifar100,73.513336,71.152000,0.879609,16158
6,12,7031,raspi4,cifar100,69.526665,19.879576,0.879609,16158
6,12,4418,raspi4,cifar100,72.746666,47.162354,0.879609,16158
6,12,1459,raspi4,cifar100,73.140000,53.879950,0.879609,16158
6,12,5874,raspi4,cifar100,62.480000,4.810927,0.879609,16158
6,12,3307,raspi4,cifar100,62.620000,4.846187,0.879609,16158
6,12,10166,raspi4,cifar100,62.700000,4.857379,0.879609,16158
6,12,7585,raspi4,cifar100,62.410000,4.802180,0.879609,16158
6,12,6787,raspi4,cifar100,70.720000,23.081835,0.879609,16158
6,12,355,raspi4,cifar100,69.860000,20.791758,0.879609,16158
6,12,6822,raspi4,cifar100,58.426666,2.558594,0.879609,16158
6,12,4409,raspi4,cifar100,67.173330,7.228629,0.879609,16158
6,12,14792,raspi4,cifar100,69.500000,19.111843,0.879609,16158
6,13,14612,edgegpu,ImageNet16-120,28.488890,1.434064,0.832027,16294
6,13,10947,edgegpu,ImageNet16-120,39.944443,1.909800,0.832027,16294
6,13,857,edgegpu,ImageNet16-120,47.311110,6.707663,0.832027,16294
6,13,8401,edgegpu,ImageNet16-120,43.833332,3.322444,0.832027,16294
6,13,15159,edgegpu,ImageNet16-120,45.566666,4.632421,0.832027,16294
6,13,8884,edgegpu,ImageNet16-120,45.033333,3.499999,0.832027,16294
6,13,15288,edgegpu,ImageNet16-120,28.422222,1.417041,0.832027,16294
6,13,8426,edgegpu,ImageNet16-120,44.633335,3.370147,0.832027,16294
6,13,4587,edgegpu,ImageNet16-120,28.800000,1.445131,0.832027,16294
6,13,6950,edgegpu,ImageNet16-120,38.700000,1.740150,0.832027,16294
6,13,7760,edgegpu,ImageNet16-120,39.100000,1.743751,0.832027,16294
6,13,9722,edgegpu,ImageNet16-120,44.000000,3.327813,0.832027,16294
6,13,15376,edgegpu,ImageNet16-120,0.833333,0.533953,0.832027,16294
6,13,14117,edgegpu,ImageNet16-120,28.677778,1.435547,0.832027,16294
6,13,9586,edgegpu,ImageNet16-120,46.933334,5.222673,0.832027,16294
6,13,15383,edgegpu,ImageNet16-120,47.033333,6.262836,0.832027,16294
6,13,12081,edgegpu,ImageNet16-120,40.233334,2.730479,0.832027,16294
6,13,4332,edgegpu,ImageNet16-120,39.444443,1.745496,0.832027,16294
6,13,2650,edgegpu,ImageNet16-120,42.433334,3.309817,0.832027,16294
6,13,14840,edgegpu,ImageNet16-120,45.311110,4.224715,0.832027,16294
6,13,4946,edgegpu,ImageNet16-120,44.700000,3.490419,0.832027,16294
6,13,4988,edgegpu,ImageNet16-120,28.933332,1.448212,0.832027,16294
6,13,1164,edgegpu,ImageNet16-120,28.522223,1.435223,0.832027,16294
6,13,7187,edgegpu,ImageNet16-120,28.683332,1.443858,0.832027,16294
6,13,12415,edgegpu,ImageNet16-120,46.566666,4.667692,0.832027,16294
6,13,454,edgegpu,ImageNet16-120,41.277780,3.303313,0.832027,16294
6,13,4160,edgegpu,ImageNet16-120,39.833332,1.756272,0.832027,16294
6,14,6950,edgetpu,ImageNet16-120,38.700000,0.427379,0.749694,16294
6,14,14527,edgetpu,ImageNet16-120,28.133333,0.358865,0.749694,16294
6,14,13931,edgetpu,ImageNet16-120,28.788889,0.360349,0.749694,16294
6,14,8884,edgetpu,ImageNet16-120,45.033333,0.615792,0.749694,16294
6,14,12415,edgetpu,ImageNet16-120,46.566666,0.710906,0.749694,16294
6,14,11885,edgetpu,ImageNet16-120,39.166668,0.427395,0.749694,16294
6,14,7431,edgetpu,ImageNet16-120,32.577778,0.363954,0.749694,16294
6,14,7750,edgetpu,ImageNet16-120,43.066666,0.551617,0.749694,16294
6,14,70,edgetpu,ImageNet16-120,39.377777,0.428228,0.749694,16294
6,14,10332,edgetpu,ImageNet16-120,40.033333,0.516152,0.749694,16294
6,14,7273,edgetpu,ImageNet16-120,42.966667,0.550014,0.749694,16294
6,14,15107,edgetpu,ImageNet16-120,39.800000,0.430284,0.749694,16294
6,14,11079,edgetpu,ImageNet16-120,43.566666,0.552430,0.749694,16294
6,14,3540,edgetpu,ImageNet16-120,45.122223,0.648670,0.749694,16294
6,14,7357,edgetpu,ImageNet16-120,44.666668,0.600498,0.749694,16294
6,14,9689,edgetpu,ImageNet16-120,42.533333,0.549702,0.749694,16294
6,14,6520,edgetpu,ImageNet16-120,32.383335,0.363944,0.749694,16294
6,14,10167,edgetpu,ImageNet16-120,39.944443,0.444058,0.749694,16294
6,14,5674,edgetpu,ImageNet16-120,39.650000,0.428605,0.749694,16294
6,14,4160,edgetpu,ImageNet16-120,39.833332,0.430355,0.749694,16294
6,14,10017,edgetpu,ImageNet16-120,40.566666,0.524950,0.749694,16294
6,14,3236,edgetpu,ImageNet16-120,40.044445,0.517540,0.749694,16294
6,14,4627,edgetpu,ImageNet16-120,43.500000,0.552306,0.749694,16294
6,14,15383,edgetpu,ImageNet16-120,47.033333,0.780914,0.749694,16294
6,14,15363,edgetpu,ImageNet16-120,44.333332,0.582280,0.749694,16294
6,14,13769,edgetpu,ImageNet16-120,41.555557,0.549360,0.749694,16294
6,14,14677,edgetpu,ImageNet16-120,33.233334,0.364575,0.749694,16294
6,14,4988,edgetpu,ImageNet16-120,28.933332,0.360694,0.749694,16294
6,14,6407,edgetpu,ImageNet16-120,32.333332,0.363748,0.749694,16294
6,14,5530,edgetpu,ImageNet16-120,42.577778,0.549937,0.749694,16294
6,14,857,edgetpu,ImageNet16-120,47.311110,0.997730,0.749694,16294
6,14,4830,edgetpu,ImageNet16-120,42.233334,0.549457,0.749694,16294
6,14,13972,edgetpu,ImageNet16-120,31.933332,0.363440,0.749694,16294
6,14,14840,edgetpu,ImageNet16-120,45.311110,0.666690,0.749694,16294
6,14,10888,edgetpu,ImageNet16-120,28.333334,0.359044,0.749694,16294
6,15,4829,eyeriss,ImageNet16-120,34.200000,0.484480,0.480202,16507
6,15,2835,eyeriss,ImageNet16-120,38.222220,0.545920,0.480202,16507
6,15,8853,eyeriss,ImageNet16-120,45.600000,1.037440,0.480202,16507
6,15,8008,eyeriss,ImageNet16-120,43.500000,0.853120,0.480202,16507
6,15,6787,eyeriss,ImageNet16-120,44.400000,0.914560,0.480202,16507
6,15,15383,eyeriss,ImageNet16-120,47.033333,1.283200,0.480202,16507
6,15,1939,eyeriss,ImageNet16-120,45.077778,0.976000,0.480202,16507
6,15,6854,eyeriss,ImageNet16-120,40.800000,0.668800,0.480202,16507
6,15,14417,eyeriss,ImageNet16-120,45.900000,1.098880,0.480202,16507
6,15,4988,eyeriss,ImageNet16-120,28.933332,0.423040,0.480202,16507
6,15,5487,eyeriss,ImageNet16-120,38.500000,0.607360,0.480202,16507
6,15,857,eyeriss,ImageNet16-120,47.311110,1.651840,0.480202,16507
6,16,10017,fpga,ImageNet16-120,40.566666,0.784000,0.540822,16200
6,16,4829,fpga,ImageNet16-120,34.200000,0.415520,0.540822,16200
6,16,857,fpga,ImageNet16-120,47.311110,2.038400,0.540822,16200
6,16,1939,fpga,ImageNet16-120,45.077778,1.062400,0.540822,16200
6,16,4179,fpga,ImageNet16-120,38.433334,0.649120,0.540822,16200
6,16,6787,fpga,ImageNet16-120,44.400000,0.969600,0.540822,16200
6,16,15383,fpga,ImageNet16-120,47.033333,1.504000,0.540822,16200
6,16,8853,fpga,ImageNet16-120,45.600000,1.155200,0.540822,16200
6,16,5390,fpga,ImageNet16-120,43.100000,0.902400,0.540822,16200
6,16,6854,fpga,ImageNet16-120,40.800000,0.809120,0.540822,16200
6,16,5487,fpga,ImageNet16-120,38.500000,0.677920,0.540822,16200
6,16,14748,fpga,ImageNet16-120,44.900000,0.995200,0.540822,16200
6,16,14417,fpga,ImageNet16-120,45.900000,1.276320,0.540822,16200
6,16,2835,fpga,ImageNet16-120,38.222220,0.546720,0.540822,16200
6,16,4988,fpga,ImageNet16-120,28.933332,0.284320,0.540822,16200
6,16,5793,fpga,ImageNet16-120,35.033333,0.517920,0.540822,16200
6,16,3261,fpga,ImageNet16-120,43.022220,0.876800,0.540822,16200
6,16,8633,fpga,ImageNet16-120,39.766666,0.780320,0.540822,16200
6,17,898,pixel3,ImageNet16-120,42.466667,2.467210,0.779023,16248
6,17,4977,pixel3,ImageNet16-120,32.966667,0.617991,0.779023,16248
6,17,12639,pixel3,ImageNet16-120,40.400000,1.304440,0.779023,16248
6,17,8954,pixel3,ImageNet16-120,28.733334,0.424855,0.779023,16248
6,17,735,pixel3,ImageNet16-120,38.544445,1.107950,0.779023,16248
6,17,14417,pixel3,ImageNet16-120,45.900000,4.143030,0.779023,16248
6,17,2827,pixel3,ImageNet16-120,33.977780,0.668611,0.779023,16248
6,17,1939,pixel3,ImageNet16-120,45.077778,3.021500,0.779023,16248
6,17,15446,pixel3,ImageNet16-120,45.766666,3.439380,0.779023,16248
6,17,4432,pixel3,ImageNet16-120,37.800000,0.861157,0.779023,16248
6,17,11000,pixel3,ImageNet16-120,44.866665,2.962520,0.779023,16248
6,17,978,pixel3,ImageNet16-120,33.488888,0.665489,0.779023,16248
6,17,12266,pixel3,ImageNet16-120,0.833333,0.005541,0.779023,16248
6,17,1751,pixel3,ImageNet16-120,33.955555,0.666929,0.779023,16248
6,17,12452,pixel3,ImageNet16-120,40.533333,1.504410,0.779023,16248
6,17,6854,pixel3,ImageNet16-120,40.800000,1.621620,0.779023,16248
6,17,1549,pixel3,ImageNet16-120,28.655556,0.424747,0.779023,16248
6,17,4004,pixel3,ImageNet16-120,42.811110,2.467510,0.779023,16248
6,17,11079,pixel3,ImageNet16-120,43.566666,2.479610,0.779023,16248
6,17,2018,pixel3,ImageNet16-120,46.433334,4.949210,0.779023,16248
6,17,10340,pixel3,ImageNet16-120,31.522223,0.617772,0.779023,16248
6,17,13059,pixel3,ImageNet16-120,34.266666,0.668679,0.779023,16248
6,17,12516,pixel3,ImageNet16-120,32.083332,0.617816,0.779023,16248
6,17,6014,pixel3,ImageNet16-120,28.533333,0.423391,0.779023,16248
6,17,10154,pixel3,ImageNet16-120,46.133335,4.783700,0.779023,16248
6,17,1425,pixel3,ImageNet16-120,45.977780,4.619290,0.779023,16248
6,17,4384,pixel3,ImageNet16-120,28.133333,0.421612,0.779023,16248
6,17,15383,pixel3,ImageNet16-120,47.033333,5.191720,0.779023,16248
6,17,12506,pixel3,ImageNet16-120,43.983334,2.929990,0.779023,16248
6,17,12466,pixel3,ImageNet16-120,46.100000,4.680280,0.779023,16248
6,17,12424,pixel3,ImageNet16-120,43.133330,2.470150,0.779023,16248
6,17,857,pixel3,ImageNet16-120,47.311110,6.686850,0.779023,16248
6,17,758,pixel3,ImageNet16-120,28.333334,0.422134,0.779023,16248
6,17,1860,pixel3,ImageNet16-120,28.433332,0.422587,0.779023,16248
6,17,12355,pixel3,ImageNet16-120,45.033333,2.989390,0.779023,16248
6,17,1204,pixel3,ImageNet16-120,37.844444,0.864966,0.779023,16248
6,17,2835,pixel3,ImageNet16-120,38.222220,0.868646,0.779023,16248
6,17,8627,pixel3,ImageNet16-120,43.633335,2.707490,0.779023,16248
6,17,3983,pixel3,ImageNet16-120,33.155556,0.665324,0.779023,16248
6,17,4675,pixel3,ImageNet16-120,33.100000,0.620036,0.779023,16248
6,18,13059,raspi4,ImageNet16-120,34.266666,1.595651,0.895432,16155
6,18,10835,raspi4,ImageNet16-120,45.233334,6.632419,0.895432,16155
6,18,5455,raspi4,ImageNet16-120,32.611110,1.532377,0.895432,16155
6,18,1413,raspi4,ImageNet16-120,42.711113,3.788479,0.895432,16155
6,18,13931,raspi4,ImageNet16-120,28.788889,0.956195,0.895432,16155
6,18,8584,raspi4,ImageNet16-120,34.088890,1.586268,0.895432,16155
6,18,14677,raspi4,ImageNet16-120,33.233334,1.537227,0.895432,16155
6,18,9654,raspi4,ImageNet16-120,33.633335,1.581475,0.895432,16155
6,18,3782,raspi4,ImageNet16-120,41.866665,3.755286,0.895432,16155
6,18,6336,raspi4,ImageNet16-120,39.366665,3.073392,0.895432,16155
6,18,1939,raspi4,ImageNet16-120,45.077778,5.341908,0.895432,16155
6,18,6787,raspi4,ImageNet16-120,44.400000,4.532777,0.895432,16155
6,18,933,raspi4,ImageNet16-120,0.833333,0.011514,0.895432,16155
6,18,7187,raspi4,ImageNet16-120,28.683332,0.952790,0.895432,16155
6,18,15363,raspi4,ImageNet16-120,44.333332,4.480516,0.895432,16155
6,18,13771,raspi4,ImageNet16-120,32.744446,1.533813,0.895432,16155
6,18,5202,raspi4,ImageNet16-120,42.411110,3.783078,0.895432,16155
6,18,41,raspi4,ImageNet16-120,32.388890,1.528043,0.895432,16155
6,18,4988,raspi4,ImageNet16-120,28.933332,1.003251,0.895432,16155
6,18,8426,raspi4,ImageNet16-120,44.633335,5.288439,0.895432,16155
6,18,45,raspi4,ImageNet16-120,33.611110,1.581422,0.895432,16155
6,18,9496,raspi4,ImageNet16-120,38.200000,2.204048,0.895432,16155
6,18,12452,raspi4,ImageNet16-120,40.533333,3.592146,0.895432,16155
6,18,12355,raspi4,ImageNet16-120,45.033333,5.326674,0.895432,16155
6,18,4995,raspi4,ImageNet16-120,42.166668,3.766336,0.895432,16155
6,18,14792,raspi4,ImageNet16-120,43.033333,3.792447,0.895432,16155
6,18,9032,raspi4,ImageNet16-120,38.016666,2.201532,0.895432,16155
6,18,857,raspi4,ImageNet16-120,47.311110,9.020064,0.895432,16155
6,18,11079,raspi4,ImageNet16-120,43.566666,3.802027,0.895432,16155
6,18,5973,raspi4,ImageNet16-120,40.100000,3.159922,0.895432,16155
6,18,10472,raspi4,ImageNet16-120,39.633335,3.079679,0.895432,16155
6,18,2779,raspi4,ImageNet16-120,37.355556,2.190654,0.895432,16155
6,18,2649,raspi4,ImageNet16-120,33.788887,1.582191,0.895432,16155
6,18,10797,raspi4,ImageNet16-120,28.033333,0.946706,0.895432,16155
6,18,15383,raspi4,ImageNet16-120,47.033333,8.565354,0.895432,16155
6,18,3960,raspi4,ImageNet16-120,37.755554,2.197980,0.895432,16155
6,18,14750,raspi4,ImageNet16-120,32.933334,1.536700,0.895432,16155
6,18,12505,raspi4,ImageNet16-120,39.283333,3.062432,0.895432,16155
6,18,380,raspi4,ImageNet16-120,38.900000,3.038936,0.895432,16155
6,18,14417,raspi4,ImageNet16-120,45.900000,6.948865,0.895432,16155
6,18,11584,raspi4,ImageNet16-120,46.666668,8.014434,0.895432,16155
6,18,8736,raspi4,ImageNet16-120,45.700000,6.658077,0.895432,16155
6,18,10167,raspi4,ImageNet16-120,39.944443,3.106316,0.895432,16155
6,18,10217,raspi4,ImageNet16-120,45.100000,6.109362,0.895432,16155
6,18,8733,raspi4,ImageNet16-120,46.600000,7.477213,0.895432,16155
6,18,12358,raspi4,ImageNet16-120,34.055557,1.582727,0.895432,16155
6,18,7252,raspi4,ImageNet16-120,44.666668,5.322441,0.895432,16155
6,18,7227,raspi4,ImageNet16-120,32.533333,1.530737,0.895432,16155
6,18,6854,raspi4,ImageNet16-120,40.800000,3.661016,0.895432,16155
6,18,15107,raspi4,ImageNet16-120,39.800000,3.083329,0.895432,16155
7,1,10484,edgegpu,cifar10,93.810000,3.354015,0.667687,16370
7,1,1459,edgegpu,cifar10,94.296670,6.748991,0.667687,16370
7,1,5292,edgegpu,cifar10,94.293335,6.663151,0.667687,16370
7,1,1601,edgegpu,cifar10,86.336670,1.433892,0.667687,16370
7,1,13401,edgegpu,cifar10,87.010000,1.457009,0.667687,16370
7,1,10222,edgegpu,cifar10,86.200000,1.429176,0.667687,16370
7,1,11692,edgegpu,cifar10,94.130000,4.708362,0.667687,16370
7,1,9099,edgegpu,cifar10,93.940000,3.357520,0.667687,16370
7,1,2776,edgegpu,cifar10,93.666664,3.331194,0.667687,16370
7,1,1099,edgegpu,cifar10,92.240000,1.774683,0.667687,16370
7,1,14527,edgegpu,cifar10,86.765000,1.439619,0.667687,16370
7,1,561,edgegpu,cifar10,86.880000,1.451068,0.667687,16370
7,1,6499,edgegpu,cifar10,93.645000,3.331041,0.667687,16370
7,1,13714,edgegpu,cifar10,94.373340,6.772180,0.667687,16370
7,1,2053,edgegpu,cifar10,94.206665,5.482254,0.667687,16370
7,1,6330,edgegpu,cifar10,94.006670,4.384699,0.667687,16370
7,1,15200,edgegpu,cifar10,10.000000,0.501385,0.667687,16370
7,1,1549,edgegpu,cifar10,86.710000,1.436324,0.667687,16370
7,1,11810,edgegpu,cifar10,92.780000,1.992798,0.667687,16370
7,1,1339,edgegpu,cifar10,92.136665,1.751881,0.667687,16370
7,1,14407,edgegpu,cifar10,86.770000,1.440282,0.667687,16370
7,1,12113,edgegpu,cifar10,92.245000,1.846456,0.667687,16370
7,1,5780,edgegpu,cifar10,93.980000,3.361888,0.667687,16370
7,2,9689,edgetpu,cifar10,93.370000,0.628386,0.644079,16350
7,2,8525,edgetpu,cifar10,89.320000,0.420874,0.644079,16350
7,2,11112,edgetpu,cifar10,92.110000,0.480732,0.644079,16350
7,2,4438,edgetpu,cifar10,92.270000,0.481473,0.644079,16350
7,2,2053,edgetpu,cifar10,94.206665,1.042178,0.644079,16350
7,2,970,edgetpu,cifar10,86.770000,0.371488,0.644079,16350
7,2,13714,edgetpu,cifar10,94.373340,1.377865,0.644079,16350
7,2,6382,edgetpu,cifar10,93.376660,0.628638,0.644079,16350
7,2,11438,edgetpu,cifar10,92.500000,0.482393,0.644079,16350
7,2,11692,edgetpu,cifar10,94.130000,0.761100,0.644079,16350
7,2,8008,edgetpu,cifar10,93.480000,0.629746,0.644079,16350
7,2,14527,edgetpu,cifar10,86.765000,0.365664,0.644079,16350
7,2,15459,edgetpu,cifar10,93.160000,0.628147,0.644079,16350
7,2,6918,edgetpu,cifar10,87.000000,0.375819,0.644079,16350
7,2,2648,edgetpu,cifar10,93.246666,0.628167,0.644079,16350
7,2,4161,edgetpu,cifar10,89.250000,0.391221,0.644079,16350
7,2,5111,edgetpu,cifar10,94.306660,1.152010,0.644079,16350
7,2,9950,edgetpu,cifar10,93.840000,0.723767,0.644079,16350
7,2,6584,edgetpu,cifar10,94.160000,0.888877,0.644079,16350
7,2,8192,edgetpu,cifar10,93.093330,0.627745,0.644079,16350
7,2,3731,edgetpu,cifar10,94.343330,1.282820,0.644079,16350
7,2,5647,edgetpu,cifar10,89.110000,0.389378,0.644079,16350
7,2,11810,edgetpu,cifar10,92.780000,0.482879,0.644079,16350
7,2,2485,edgetpu,cifar10,86.700000,0.346546,0.644079,16350
7,2,3927,edgetpu,cifar10,93.626660,0.723268,0.644079,16350
7,2,6515,edgetpu,cifar10,93.616670,0.722858,0.644079,16350
7,2,5780,edgetpu,cifar10,93.980000,0.723967,0.644079,16350
7,3,6854,eyeriss,cifar10,91.040000,2.662580,0.559232,16413
7,3,14112,eyeriss,cifar10,91.296670,2.908340,0.559232,16413
7,3,8720,eyeriss,cifar10,89.875000,1.925300,0.559232,16413
7,3,4384,eyeriss,cifar10,86.796670,1.679540,0.559232,16413
7,3,8323,eyeriss,cifar10,90.870000,2.171060,0.559232,16413
7,3,3731,eyeriss,cifar10,94.343330,6.594740,0.559232,16413
7,3,8592,eyeriss,cifar10,93.750000,3.891380,0.559232,16413
7,3,5111,eyeriss,cifar10,94.306660,5.365940,0.559232,16413
7,3,8008,eyeriss,cifar10,93.480000,3.399860,0.559232,16413
7,3,6111,eyeriss,cifar10,94.373340,7.823540,0.559232,16413
7,3,13714,eyeriss,cifar10,94.373340,7.823540,0.559232,16413
7,3,11472,eyeriss,cifar10,93.970000,4.628660,0.559232,16413
7,3,12820,eyeriss,cifar10,90.880000,2.416820,0.559232,16413
7,3,12438,eyeriss,cifar10,89.875000,1.925300,0.559232,16413
7,3,11376,eyeriss,cifar10,93.510000,3.645620,0.559232,16413
7,3,6584,eyeriss,cifar10,94.160000,4.874420,0.559232,16413
7,3,13611,eyeriss,cifar10,92.490000,3.154100,0.559232,16413
7,4,15558,fpga,cifar10,92.350000,2.800160,0.520181,16192
7,4,6111,fpga,cifar10,94.373340,6.678560,0.520181,16192
7,4,3731,fpga,cifar10,94.343330,5.936160,0.520181,16192
7,4,4384,fpga,cifar10,86.796670,1.132960,0.520181,16192
7,4,13714,fpga,cifar10,94.373340,6.678560,0.520181,16192
7,4,7676,fpga,cifar10,92.230000,2.390560,0.520181,16192
7,4,8008,fpga,cifar10,93.480000,2.905760,0.520181,16192
7,4,5111,fpga,cifar10,94.306660,5.193760,0.520181,16192
7,4,13987,fpga,cifar10,93.596664,3.420960,0.520181,16192
7,4,11692,fpga,cifar10,94.130000,4.163360,0.520181,16192
7,4,10431,fpga,cifar10,87.000000,1.542560,0.520181,16192
7,4,11472,fpga,cifar10,93.970000,3.648160,0.520181,16192
7,4,12438,fpga,cifar10,89.875000,1.648160,0.520181,16192
7,4,5217,fpga,cifar10,89.910000,2.057760,0.520181,16192
7,4,8323,fpga,cifar10,90.870000,2.163360,0.520181,16192
7,5,5874,pixel3,cifar10,88.676670,1.580110,0.857275,16138
7,5,4554,pixel3,cifar10,86.670000,1.114880,0.857275,16138
7,5,13096,pixel3,cifar10,90.700000,2.666040,0.857275,16138
7,5,7341,pixel3,cifar10,86.720000,1.270180,0.857275,16138
7,5,1631,pixel3,cifar10,89.506670,1.697120,0.857275,16138
7,5,8592,pixel3,cifar10,93.750000,10.769800,0.857275,16138
7,5,12970,pixel3,cifar10,90.970000,4.723840,0.857275,16138
7,5,6330,pixel3,cifar10,94.006670,11.512400,0.857275,16138
7,5,3731,pixel3,cifar10,94.343330,23.361300,0.857275,16138
7,5,9032,pixel3,cifar10,90.740000,3.102890,0.857275,16138
7,5,6985,pixel3,cifar10,89.940000,2.367450,0.857275,16138
7,5,8323,pixel3,cifar10,90.870000,3.106420,0.857275,16138
7,5,1781,pixel3,cifar10,89.883330,1.712020,0.857275,16138
7,5,13846,pixel3,cifar10,90.720000,3.099760,0.857275,16138
7,5,7197,pixel3,cifar10,90.366670,2.447670,0.857275,16138
7,5,6111,pixel3,cifar10,94.373340,23.584800,0.857275,16138
7,5,4627,pixel3,cifar10,93.270000,7.036050,0.857275,16138
7,5,11692,pixel3,cifar10,94.130000,15.490100,0.857275,16138
7,5,13869,pixel3,cifar10,93.656670,10.634700,0.857275,16138
7,5,5111,pixel3,cifar10,94.306660,17.584600,0.857275,16138
7,5,8695,pixel3,cifar10,94.220000,17.564500,0.857275,16138
7,5,9230,pixel3,cifar10,86.580000,1.056760,0.857275,16138
7,5,2035,pixel3,cifar10,89.670000,1.706480,0.857275,16138
7,5,1339,pixel3,cifar10,92.136665,5.802240,0.857275,16138
7,5,7001,pixel3,cifar10,10.000000,0.003277,0.857275,16138
7,5,1941,pixel3,cifar10,93.533330,9.128690,0.857275,16138
7,5,13987,pixel3,cifar10,93.596664,9.922680,0.857275,16138
7,5,12452,pixel3,cifar10,91.350000,5.590110,0.857275,16138
7,5,1943,pixel3,cifar10,93.116670,6.492030,0.857275,16138
7,5,12820,pixel3,cifar10,90.880000,3.982790,0.857275,16138
7,5,1497,pixel3,cifar10,86.556660,1.056630,0.857275,16138
7,5,2018,pixel3,cifar10,94.063330,14.960500,0.857275,16138
7,5,6382,pixel3,cifar10,93.376660,7.048190,0.857275,16138
7,5,12639,pixel3,cifar10,90.990000,4.749000,0.857275,16138
7,5,7017,pixel3,cifar10,86.970000,1.403930,0.857275,16138
7,5,6918,pixel3,cifar10,87.000000,1.478790,0.857275,16138
7,5,13171,pixel3,cifar10,93.530000,7.717220,0.857275,16138
7,5,6624,pixel3,cifar10,89.120000,1.670570,0.857275,16138
7,5,3,pixel3,cifar10,86.616670,1.062640,0.857275,16138
7,6,11810,raspi4,cifar10,92.780000,18.619905,0.743574,16236
7,6,6960,raspi4,cifar10,92.280000,17.162752,0.743574,16236
7,6,9271,raspi4,cifar10,89.250000,4.830311,0.743574,16236
7,6,6382,raspi4,cifar10,93.376660,21.461164,0.743574,16236
7,6,13611,raspi4,cifar10,92.490000,18.523302,0.743574,16236
7,6,6111,raspi4,cifar10,94.373340,68.404106,0.743574,16236
7,6,14565,raspi4,cifar10,88.880000,4.781183,0.743574,16236
7,6,13430,raspi4,cifar10,90.580000,7.299066,0.743574,16236
7,6,1781,raspi4,cifar10,89.883330,5.961801,0.743574,16236
7,6,8426,raspi4,cifar10,93.840000,31.394428,0.743574,16236
7,6,3731,raspi4,cifar10,94.343330,58.070793,0.743574,16236
7,6,2058,raspi4,cifar10,93.270000,19.484835,0.743574,16236
7,6,2035,raspi4,cifar10,89.670000,4.984099,0.743574,16236
7,6,5780,raspi4,cifar10,93.980000,34.928463,0.743574,16236
7,6,7017,raspi4,cifar10,86.970000,2.544041,0.743574,16236
7,6,10412,raspi4,cifar10,93.530000,25.079220,0.743574,16236
7,6,4689,raspi4,cifar10,90.720000,7.356712,0.743574,16236
7,6,7058,raspi4,cifar10,92.040000,16.469465,0.743574,16236
7,6,11692,raspi4,cifar10,94.130000,37.583630,0.743574,16236
7,6,7207,raspi4,cifar10,89.803340,5.099723,0.743574,16236
7,6,12043,raspi4,cifar10,93.420000,24.104538,0.743574,16236
7,6,5111,raspi4,cifar10,94.306660,41.756905,0.743574,16236
7,6,1804,raspi4,cifar10,89.063330,4.791845,0.743574,16236
7,6,1941,raspi4,cifar10,93.533330,25.121769,0.743574,16236
7,6,1690,raspi4,cifar10,86.646670,2.536549,0.743574,16236
7,6,12504,raspi4,cifar10,92.130000,16.890614,0.743574,16236
7,6,10275,raspi4,cifar10,91.080000,9.993188,0.743574,16236
7,6,1962,raspi4,cifar10,86.530000,2.529453,0.743574,16236
7,6,9543,raspi4,cifar10,93.453330,24.144102,0.743574,16236
7,6,8323,raspi4,cifar10,90.870000,7.426308,0.743574,16236
7,6,4210,raspi4,cifar10,89.030000,4.782748,0.743574,16236
7,6,4112,raspi4,cifar10,89.710000,5.004419,0.743574,16236
7,6,5725,raspi4,cifar10,93.410000,24.104252,0.743574,16236
7,6,9380,raspi4,cifar10,89.335000,4.875613,0.743574,16236
7,6,6577,raspi4,cifar10,10.000000,0.011297,0.743574,16236
7,6,6918,raspi4,cifar10,87.000000,2.787590,0.743574,16236
7,6,4659,raspi4,cifar10,93.396670,22.249382,0.743574,16236
7,6,6953,raspi4,cifar10,91.990000,15.601654,0.743574,16236
7,6,8592,raspi4,cifar10,93.750000,25.477009,0.743574,16236
7,7,8912,edgegpu,cifar100,59.200000,1.441355,0.617790,16309
7,7,2304,edgegpu,cifar100,58.660000,1.440253,0.617790,16309
7,7,14300,edgegpu,cifar100,67.300000,1.765666,0.617790,16309
7,7,9922,edgegpu,cifar100,58.560000,1.428552,0.617790,16309
7,7,11885,edgegpu,cifar100,68.040000,1.776652,0.617790,16309
7,7,9930,edgegpu,cifar100,73.513336,6.803060,0.617790,16309
7,7,1509,edgegpu,cifar100,1.000000,0.505853,0.617790,16309
7,7,2778,edgegpu,cifar100,72.993330,6.134028,0.617790,16309
7,7,12415,edgegpu,cifar100,71.940000,4.828467,0.617790,16309
7,7,4609,edgegpu,cifar100,66.520000,1.758838,0.617790,16309
7,7,4418,edgegpu,cifar100,72.746666,5.352364,0.617790,16309
7,7,8401,edgegpu,cifar100,71.080000,3.302102,0.617790,16309
7,7,11465,edgegpu,cifar100,71.160000,4.351864,0.617790,16309
7,7,4954,edgegpu,cifar100,73.000000,6.669736,0.617790,16309
7,7,7419,edgegpu,cifar100,71.260000,4.747424,0.617790,16309
7,7,3888,edgegpu,cifar100,73.260000,6.797867,0.617790,16309
7,7,1425,edgegpu,cifar100,72.093330,5.310225,0.617790,16309
7,7,14984,edgegpu,cifar100,67.166664,1.760831,0.617790,16309
7,7,11810,edgegpu,cifar100,68.300000,1.779551,0.617790,16309
7,7,6124,edgegpu,cifar100,68.360000,3.185835,0.617790,16309
7,8,12761,edgetpu,cifar100,72.860000,1.225212,0.688013,16098
7,8,8401,edgetpu,cifar100,71.080000,0.728572,0.688013,16098
7,8,1425,edgetpu,cifar100,72.093330,0.910660,0.688013,16098
7,8,9997,edgetpu,cifar100,71.520000,0.729986,0.688013,16098
7,8,5019,edgetpu,cifar100,58.880000,0.357058,0.688013,16098
7,8,1110,edgetpu,cifar100,58.840000,0.355938,0.688013,16098
7,8,9930,edgetpu,cifar100,73.513336,1.454107,0.688013,16098
7,8,4627,edgetpu,cifar100,69.600000,0.635153,0.688013,16098
7,8,857,edgetpu,cifar100,72.880000,1.264168,0.688013,16098
7,8,3888,edgetpu,cifar100,73.260000,1.316226,0.688013,16098
7,8,12607,edgetpu,cifar100,62.600000,0.392830,0.688013,16098
7,8,2705,edgetpu,cifar100,62.813330,0.393026,0.688013,16098
7,8,577,edgetpu,cifar100,69.680000,0.635228,0.688013,16098
7,8,4418,edgetpu,cifar100,72.746666,1.093699,0.688013,16098
7,8,9271,edgetpu,cifar100,63.400000,0.393151,0.688013,16098
7,8,10000,edgetpu,cifar100,73.160000,1.283461,0.688013,16098
7,8,8638,edgetpu,cifar100,58.860000,0.356631,0.688013,16098
7,8,777,edgetpu,cifar100,58.650000,0.355588,0.688013,16098
7,8,6358,edgetpu,cifar100,67.193340,0.486737,0.688013,16098
7,8,69,edgetpu,cifar100,71.020000,0.727259,0.688013,16098
7,8,10443,edgetpu,cifar100,68.300000,0.489020,0.688013,16098
7,8,12415,edgetpu,cifar100,71.940000,0.872299,0.688013,16098
7,8,4155,edgetpu,cifar100,62.306667,0.391442,0.688013,16098
7,8,14945,edgetpu,cifar100,58.500000,0.354940,0.688013,16098
7,8,11973,edgetpu,cifar100,70.340000,0.641728,0.688013,16098
7,8,3487,edgetpu,cifar100,70.093330,0.637182,0.688013,16098
7,8,12574,edgetpu,cifar100,72.740000,0.932430,0.688013,16098
7,8,11533,edgetpu,cifar100,69.760000,0.635877,0.688013,16098
7,8,9541,edgetpu,cifar100,67.660000,0.486829,0.688013,16098
7,8,4659,edgetpu,cifar100,70.060000,0.636433,0.688013,16098
7,8,3303,edgetpu,cifar100,62.420000,0.392593,0.688013,16098
7,8,797,edgetpu,cifar100,69.580000,0.633351,0.688013,16098
7,8,15363,edgetpu,cifar100,70.520000,0.676394,0.688013,16098
7,8,8912,edgetpu,cifar100,59.200000,0.377698,0.688013,16098
7,9,11973,eyeriss,cifar100,70.340000,3.402880,0.491773,16580
7,9,3888,eyeriss,cifar100,73.260000,6.597760,0.491773,16580
7,9,6925,eyeriss,cifar100,71.220000,3.894400,0.491773,16580
7,9,14112,eyeriss,cifar100,68.386665,2.911360,0.491773,16580
7,9,10689,eyeriss,cifar100,67.500000,2.174080,0.491773,16580
7,9,12761,eyeriss,cifar100,72.860000,6.352000,0.491773,16580
7,9,14714,eyeriss,cifar100,71.280000,4.140160,0.491773,16580
7,9,12820,eyeriss,cifar100,67.720000,2.419840,0.491773,16580
7,9,6787,eyeriss,cifar100,70.720000,3.648640,0.491773,16580
7,9,5084,eyeriss,cifar100,58.813330,1.682560,0.491773,16580
7,9,11301,eyeriss,cifar100,68.220000,2.665600,0.491773,16580
7,9,3540,eyeriss,cifar100,71.500000,4.877440,0.491773,16580
7,9,9930,eyeriss,cifar100,73.513336,9.055360,0.491773,16580
7,9,12574,eyeriss,cifar100,72.740000,5.123200,0.491773,16580
7,9,5651,eyeriss,cifar100,64.690000,1.928320,0.491773,16580
7,10,11973,fpga,cifar100,70.340000,2.905760,0.509624,16205
7,10,15033,fpga,cifar100,67.793335,2.390560,0.509624,16205
7,10,6787,fpga,cifar100,70.720000,3.420960,0.509624,16205
7,10,10689,fpga,cifar100,67.500000,2.163360,0.509624,16205
7,10,3540,fpga,cifar100,71.500000,4.163360,0.509624,16205
7,10,12761,fpga,cifar100,72.860000,5.420960,0.509624,16205
7,10,9930,fpga,cifar100,73.513336,7.420960,0.509624,16205
7,10,5743,fpga,cifar100,67.800000,2.800160,0.509624,16205
7,10,6830,fpga,cifar100,71.460000,4.057760,0.509624,16205
7,10,3888,fpga,cifar100,73.260000,5.936160,0.509624,16205
7,10,5033,fpga,cifar100,59.060000,1.542560,0.509624,16205
7,10,12295,fpga,cifar100,71.160000,3.648160,0.509624,16205
7,10,5651,fpga,cifar100,64.690000,1.648160,0.509624,16205
7,10,5084,fpga,cifar100,58.813330,1.132960,0.509624,16205
7,10,4249,fpga,cifar100,65.080000,2.057760,0.509624,16205
7,10,12574,fpga,cifar100,72.740000,4.678560,0.509624,16205
7,11,12970,pixel3,cifar100,68.140000,4.782110,0.671896,16184
7,11,10689,pixel3,cifar100,67.500000,3.109220,0.671896,16184
7,11,1409,pixel3,cifar100,58.853333,1.275090,0.671896,16184
7,11,1631,pixel3,cifar100,63.986668,1.805000,0.671896,16184
7,11,12574,pixel3,cifar100,72.740000,16.473900,0.671896,16184
7,11,1147,pixel3,cifar100,63.993332,2.371520,0.671896,16184
7,11,857,pixel3,cifar100,72.880000,19.113200,0.671896,16184
7,11,699,pixel3,cifar100,72.240000,12.079400,0.671896,16184
7,11,894,pixel3,cifar100,61.933334,1.581120,0.671896,16184
7,11,15363,pixel3,cifar100,70.520000,9.708640,0.671896,16184
7,11,3687,pixel3,cifar100,64.460000,2.655520,0.671896,16184
7,11,4659,pixel3,cifar100,70.060000,9.026280,0.671896,16184
7,11,9930,pixel3,cifar100,73.513336,42.003600,0.671896,16184
7,11,1459,pixel3,cifar100,73.140000,23.437900,0.671896,16184
7,11,3888,pixel3,cifar100,73.260000,23.477200,0.671896,16184
7,11,1450,pixel3,cifar100,70.506670,9.337360,0.671896,16184
7,11,5019,pixel3,cifar100,58.880000,1.483640,0.671896,16184
7,11,978,pixel3,cifar100,64.180000,2.372340,0.671896,16184
7,11,10042,pixel3,cifar100,64.880000,2.794690,0.671896,16184
7,11,6787,pixel3,cifar100,70.720000,9.854430,0.671896,16184
7,11,15589,pixel3,cifar100,59.060000,1.483890,0.671896,16184
7,11,11000,pixel3,cifar100,71.180000,10.677600,0.671896,16184
7,11,14697,pixel3,cifar100,64.213330,2.375350,0.671896,16184
7,11,14112,pixel3,cifar100,68.386665,5.745320,0.671896,16184
7,11,6337,pixel3,cifar100,1.000000,0.008753,0.671896,16184
7,11,2649,pixel3,cifar100,64.446660,2.496890,0.671896,16184
7,11,1781,pixel3,cifar100,64.326670,2.386170,0.671896,16184
7,11,8638,pixel3,cifar100,58.860000,1.478570,0.671896,16184
7,11,4359,pixel3,cifar100,64.233330,2.379870,0.671896,16184
7,11,906,pixel3,cifar100,62.393333,1.661810,0.671896,16184
7,11,898,pixel3,cifar100,70.000000,6.516140,0.671896,16184
7,11,777,pixel3,cifar100,58.650000,1.087020,0.671896,16184
7,12,1204,raspi4,cifar100,66.773330,7.270641,0.814590,16029
7,12,1572,raspi4,cifar100,69.900000,19.916142,0.814590,16029
7,12,898,raspi4,cifar100,70.000000,21.506163,0.814590,16029
7,12,9926,raspi4,cifar100,63.520000,4.999532,0.814590,16029
7,12,9930,raspi4,cifar100,73.513336,71.152000,0.814590,16029
7,12,11492,raspi4,cifar100,67.300000,10.479444,0.814590,16029
7,12,7891,raspi4,cifar100,67.550000,12.536592,0.814590,16029
7,12,12761,raspi4,cifar100,72.860000,53.718200,0.814590,16029
7,12,15589,raspi4,cifar100,59.060000,2.795078,0.814590,16029
7,12,3888,raspi4,cifar100,73.260000,55.029520,0.814590,16029
7,12,6787,raspi4,cifar100,70.720000,23.081835,0.814590,16029
7,12,11272,raspi4,cifar100,68.260000,14.764390,0.814590,16029
7,12,7030,raspi4,cifar100,69.600000,19.218203,0.814590,16029
7,12,485,raspi4,cifar100,67.593330,14.719852,0.814590,16029
7,12,8740,raspi4,cifar100,1.000000,0.015215,0.814590,16029
7,12,1939,raspi4,cifar100,70.760000,24.555029,0.814590,16029
7,12,10042,raspi4,cifar100,64.880000,5.100886,0.814590,16029
7,12,4418,raspi4,cifar100,72.746666,47.162354,0.814590,16029
7,12,1459,raspi4,cifar100,73.140000,53.879950,0.814590,16029
7,12,1616,raspi4,cifar100,63.946667,5.080509,0.814590,16029
7,12,9997,raspi4,cifar100,71.520000,34.996710,0.814590,16029
7,12,15363,raspi4,cifar100,70.520000,21.809430,0.814590,16029
7,12,9895,raspi4,cifar100,69.400000,19.211880,0.814590,16029
7,12,2035,raspi4,cifar100,63.926666,5.005698,0.814590,16029
7,12,6822,raspi4,cifar100,58.426666,2.558594,0.814590,16029
7,12,2222,raspi4,cifar100,58.313330,2.538255,0.814590,16029
7,12,8912,raspi4,cifar100,59.200000,2.818969,0.814590,16029
7,12,3487,raspi4,cifar100,70.093330,21.603350,0.814590,16029
7,12,10222,raspi4,cifar100,58.860000,2.747804,0.814590,16029
7,12,12607,raspi4,cifar100,62.600000,4.779045,0.814590,16029
7,12,375,raspi4,cifar100,64.440000,5.099302,0.814590,16029
7,12,8323,raspi4,cifar100,67.080000,7.271148,0.814590,16029
7,12,3408,raspi4,cifar100,63.993332,5.081906,0.814590,16029
7,12,14714,raspi4,cifar100,71.280000,24.692347,0.814590,16029
7,12,12574,raspi4,cifar100,72.740000,36.371254,0.814590,16029
7,12,13430,raspi4,cifar100,66.700000,7.203785,0.814590,16029
7,12,10166,raspi4,cifar100,62.700000,4.857379,0.814590,16029
7,12,14612,raspi4,cifar100,58.720000,2.563505,0.814590,16029
7,13,15288,edgegpu,ImageNet16-120,28.422222,1.417041,0.646676,16306
7,13,9586,edgegpu,ImageNet16-120,46.933334,5.222673,0.646676,16306
7,13,4988,edgegpu,ImageNet16-120,28.933332,1.448212,0.646676,16306
7,13,8884,edgegpu,ImageNet16-120,45.033333,3.499999,0.646676,16306
7,13,5981,edgegpu,ImageNet16-120,39.211113,1.746097,0.646676,16306
7,13,9722,edgegpu,ImageNet16-120,44.000000,3.327813,0.646676,16306
7,13,10947,edgegpu,ImageNet16-120,39.944443,1.909800,0.646676,16306
7,13,15383,edgegpu,ImageNet16-120,47.033333,6.262836,0.646676,16306
7,13,15376,edgegpu,ImageNet16-120,0.833333,0.533953,0.646676,16306
7,13,4587,edgegpu,ImageNet16-120,28.800000,1.445131,0.646676,16306
7,13,6950,edgegpu,ImageNet16-120,38.700000,1.740150,0.646676,16306
7,13,4946,edgegpu,ImageNet16-120,44.700000,3.490419,0.646676,16306
7,13,8401,edgegpu,ImageNet16-120,43.833332,3.322444,0.646676,16306
7,13,10835,edgegpu,ImageNet16-120,45.233334,4.434366,0.646676,16306
7,13,2650,edgegpu,ImageNet16-120,42.433334,3.309817,0.646676,16306
7,13,8426,edgegpu,ImageNet16-120,44.633335,3.370147,0.646676,16306
7,13,6636,edgegpu,ImageNet16-120,40.544445,3.305931,0.646676,16306
7,13,14117,edgegpu,ImageNet16-120,28.677778,1.435547,0.646676,16306
7,13,14612,edgegpu,ImageNet16-120,28.488890,1.434064,0.646676,16306
7,13,12505,edgegpu,ImageNet16-120,39.283333,1.750417,0.646676,16306
7,13,12081,edgegpu,ImageNet16-120,40.233334,2.730479,0.646676,16306
7,13,857,edgegpu,ImageNet16-120,47.311110,6.707663,0.646676,16306
7,13,11217,edgegpu,ImageNet16-120,43.466667,3.316708,0.646676,16306
7,13,1164,edgegpu,ImageNet16-120,28.522223,1.435223,0.646676,16306
7,13,13760,edgegpu,ImageNet16-120,32.333332,1.739759,0.646676,16306
7,13,7760,edgegpu,ImageNet16-120,39.100000,1.743751,0.646676,16306
7,13,7187,edgegpu,ImageNet16-120,28.683332,1.443858,0.646676,16306
7,13,4160,edgegpu,ImageNet16-120,39.833332,1.756272,0.646676,16306
7,13,12415,edgegpu,ImageNet16-120,46.566666,4.667692,0.646676,16306
7,14,13397,edgetpu,ImageNet16-120,39.633335,0.430001,0.670138,15904
7,14,6520,edgetpu,ImageNet16-120,32.383335,0.363944,0.670138,15904
7,14,7273,edgetpu,ImageNet16-120,42.966667,0.550014,0.670138,15904
7,14,13931,edgetpu,ImageNet16-120,28.788889,0.360349,0.670138,15904
7,14,10750,edgetpu,ImageNet16-120,44.600000,0.615553,0.670138,15904
7,14,13769,edgetpu,ImageNet16-120,41.555557,0.549360,0.670138,15904
7,14,8884,edgetpu,ImageNet16-120,45.033333,0.615792,0.670138,15904
7,14,15014,edgetpu,ImageNet16-120,28.266666,0.358110,0.670138,15904
7,14,12415,edgetpu,ImageNet16-120,46.566666,0.710906,0.670138,15904
7,14,4830,edgetpu,ImageNet16-120,42.233334,0.549457,0.670138,15904
7,14,4988,edgetpu,ImageNet16-120,28.933332,0.360694,0.670138,15904
7,14,3540,edgetpu,ImageNet16-120,45.122223,0.648670,0.670138,15904
7,14,5751,edgetpu,ImageNet16-120,40.044445,0.516992,0.670138,15904
7,14,10332,edgetpu,ImageNet16-120,40.033333,0.516152,0.670138,15904
7,14,7396,edgetpu,ImageNet16-120,40.177776,0.517218,0.670138,15904
7,14,6407,edgetpu,ImageNet16-120,32.333332,0.363748,0.670138,15904
7,14,9689,edgetpu,ImageNet16-120,42.533333,0.549702,0.670138,15904
7,14,5530,edgetpu,ImageNet16-120,42.577778,0.549937,0.670138,15904
7,14,4627,edgetpu,ImageNet16-120,43.500000,0.552306,0.670138,15904
7,14,11885,edgetpu,ImageNet16-120,39.166668,0.427395,0.670138,15904
7,14,9109,edgetpu,ImageNet16-120,39.466667,0.428971,0.670138,15904
7,14,10888,edgetpu,ImageNet16-120,28.333334,0.359044,0.670138,15904
7,14,10017,edgetpu,ImageNet16-120,40.566666,0.524950,0.670138,15904
7,14,7750,edgetpu,ImageNet16-120,43.066666,0.551617,0.670138,15904
7,14,12231,edgetpu,ImageNet16-120,40.200000,0.518358,0.670138,15904
7,14,14677,edgetpu,ImageNet16-120,33.233334,0.364575,0.670138,15904
7,14,11079,edgetpu,ImageNet16-120,43.566666,0.552430,0.670138,15904
7,14,6960,edgetpu,ImageNet16-120,39.566666,0.429523,0.670138,15904
7,14,15383,edgetpu,ImageNet16-120,47.033333,0.780914,0.670138,15904
7,14,15363,edgetpu,ImageNet16-120,44.333332,0.582280,0.670138,15904
7,14,10167,edgetpu,ImageNet16-120,39.944443,0.444058,0.670138,15904
7,14,4160,edgetpu,ImageNet16-120,39.833332,0.430355,0.670138,15904
7,14,857,edgetpu,ImageNet16-120,47.311110,0.997730,0.670138,15904
7,14,6950,edgetpu,ImageNet16-120,38.700000,0.427379,0.670138,15904
7,15,8008,eyeriss,ImageNet16-120,43.500000,0.853120,0.471486,16418
7,15,1939,eyeriss,ImageNet16-120,45.077778,0.976000,0.471486,16418
7,15,2835,eyeriss,ImageNet16-120,38.222220,0.545920,0.471486,16418
7,15,8853,eyeriss,ImageNet16-120,45.600000,1.037440,0.471486,16418
7,15,4829,eyeriss,ImageNet16-120,34.200000,0.484480,0.471486,16418
7,15,4988,eyeriss,ImageNet16-120,28.933332,0.423040,0.471486,16418
7,15,6854,eyeriss,ImageNet16-120,40.800000,0.668800,0.471486,16418
7,15,735,eyeriss,ImageNet16-120,38.544445,0.607360,0.471486,16418
7,15,15383,eyeriss,ImageNet16-120,47.033333,1.283200,0.471486,16418
7,15,6787,eyeriss,ImageNet16-120,44.400000,0.914560,0.471486,16418
7,15,857,eyeriss,ImageNet16-120,47.311110,1.651840,0.471486,16418
7,15,14417,eyeriss,ImageNet16-120,45.900000,1.098880,0.471486,16418
7,16,14417,fpga,ImageNet16-120,45.900000,1.276320,0.545367,16275
7,16,1939,fpga,ImageNet16-120,45.077778,1.062400,0.545367,16275
7,16,6787,fpga,ImageNet16-120,44.400000,0.969600,0.545367,16275
7,16,6854,fpga,ImageNet16-120,40.800000,0.809120,0.545367,16275
7,16,2835,fpga,ImageNet16-120,38.222220,0.546720,0.545367,16275
7,16,10017,fpga,ImageNet16-120,40.566666,0.784000,0.545367,16275
7,16,11079,fpga,ImageNet16-120,43.566666,0.902400,0.545367,16275
7,16,9805,fpga,ImageNet16-120,34.133335,0.415520,0.545367,16275
7,16,8008,fpga,ImageNet16-120,43.500000,0.876800,0.545367,16275
7,16,4988,fpga,ImageNet16-120,28.933332,0.284320,0.545367,16275
7,16,15383,fpga,ImageNet16-120,47.033333,1.504000,0.545367,16275
7,16,14748,fpga,ImageNet16-120,44.900000,0.995200,0.545367,16275
7,16,857,fpga,ImageNet16-120,47.311110,2.038400,0.545367,16275
7,16,6868,fpga,ImageNet16-120,39.000000,0.649120,0.545367,16275
7,16,8853,fpga,ImageNet16-120,45.600000,1.155200,0.545367,16275
7,16,11593,fpga,ImageNet16-120,40.166668,0.780320,0.545367,16275
7,16,5793,fpga,ImageNet16-120,35.033333,0.517920,0.545367,16275
7,17,2018,pixel3,ImageNet16-120,46.433334,4.949210,0.770451,16068
7,17,1549,pixel3,ImageNet16-120,28.655556,0.424747,0.770451,16068
7,17,13059,pixel3,ImageNet16-120,34.266666,0.668679,0.770451,16068
7,17,8853,pixel3,ImageNet16-120,45.600000,3.554540,0.770451,16068
7,17,1939,pixel3,ImageNet16-120,45.077778,3.021500,0.770451,16068
7,17,10412,pixel3,ImageNet16-120,43.733334,2.753550,0.770451,16068
7,17,6854,pixel3,ImageNet16-120,40.800000,1.621620,0.770451,16068
7,17,4384,pixel3,ImageNet16-120,28.133333,0.421612,0.770451,16068
7,17,4977,pixel3,ImageNet16-120,32.966667,0.617991,0.770451,16068
7,17,10154,pixel3,ImageNet16-120,46.133335,4.783700,0.770451,16068
7,17,4587,pixel3,ImageNet16-120,28.800000,0.445767,0.770451,16068
7,17,1425,pixel3,ImageNet16-120,45.977780,4.619290,0.770451,16068
7,17,12424,pixel3,ImageNet16-120,43.133330,2.470150,0.770451,16068
7,17,857,pixel3,ImageNet16-120,47.311110,6.686850,0.770451,16068
7,17,13756,pixel3,ImageNet16-120,0.833333,0.005289,0.770451,16068
7,17,12466,pixel3,ImageNet16-120,46.100000,4.680280,0.770451,16068
7,17,6014,pixel3,ImageNet16-120,28.533333,0.423391,0.770451,16068
7,17,872,pixel3,ImageNet16-120,41.777780,2.465030,0.770451,16068
7,17,735,pixel3,ImageNet16-120,38.544445,1.107950,0.770451,16068
7,17,9496,pixel3,ImageNet16-120,38.200000,1.024960,0.770451,16068
7,17,11079,pixel3,ImageNet16-120,43.566666,2.479610,0.770451,16068
7,17,12516,pixel3,ImageNet16-120,32.083332,0.617816,0.770451,16068
7,17,11000,pixel3,ImageNet16-120,44.866665,2.962520,0.770451,16068
7,17,249,pixel3,ImageNet16-120,43.577778,2.720310,0.770451,16068
7,17,1110,pixel3,ImageNet16-120,28.600000,0.423927,0.770451,16068
7,17,4004,pixel3,ImageNet16-120,42.811110,2.467510,0.770451,16068
7,17,3728,pixel3,ImageNet16-120,28.500000,0.422880,0.770451,16068
7,17,6294,pixel3,ImageNet16-120,38.011112,0.869124,0.770451,16068
7,17,10888,pixel3,ImageNet16-120,28.333334,0.422652,0.770451,16068
7,17,4895,pixel3,ImageNet16-120,33.200000,0.619070,0.770451,16068
7,17,4988,pixel3,ImageNet16-120,28.933332,0.485996,0.770451,16068
7,17,15383,pixel3,ImageNet16-120,47.033333,5.191720,0.770451,16068
7,17,4432,pixel3,ImageNet16-120,37.800000,0.861157,0.770451,16068
7,17,25,pixel3,ImageNet16-120,28.300000,0.422510,0.770451,16068
7,17,12103,pixel3,ImageNet16-120,28.250000,0.422433,0.770451,16068
7,17,12639,pixel3,ImageNet16-120,40.400000,1.304440,0.770451,16068
7,17,10340,pixel3,ImageNet16-120,31.522223,0.617772,0.770451,16068
7,17,8954,pixel3,ImageNet16-120,28.733334,0.424855,0.770451,16068
7,17,8584,pixel3,ImageNet16-120,34.088890,0.664046,0.770451,16068
7,17,14417,pixel3,ImageNet16-120,45.900000,4.143030,0.770451,16068
7,18,10715,raspi4,ImageNet16-120,45.533333,6.790813,0.847059,16091
7,18,857,raspi4,ImageNet16-120,47.311110,9.020064,0.847059,16091
7,18,10217,raspi4,ImageNet16-120,45.100000,6.109362,0.847059,16091
7,18,11946,raspi4,ImageNet16-120,28.200000,0.940293,0.847059,16091
7,18,8426,raspi4,ImageNet16-120,44.633335,5.288439,0.847059,16091
7,18,11079,raspi4,ImageNet16-120,43.566666,3.802027,0.847059,16091
7,18,3960,raspi4,ImageNet16-120,37.755554,2.197980,0.847059,16091
7,18,1939,raspi4,ImageNet16-120,45.077778,5.341908,0.847059,16091
7,18,4995,raspi4,ImageNet16-120,42.166668,3.766336,0.847059,16091
7,18,13931,raspi4,ImageNet16-120,28.788889,0.956195,0.847059,16091
7,18,8447,raspi4,ImageNet16-120,40.011112,3.156609,0.847059,16091
7,18,2779,raspi4,ImageNet16-120,37.355556,2.190654,0.847059,16091
7,18,2018,raspi4,ImageNet16-120,46.433334,7.482383,0.847059,16091
7,18,10472,raspi4,ImageNet16-120,39.633335,3.079679,0.847059,16091
7,18,14792,raspi4,ImageNet16-120,43.033333,3.792447,0.847059,16091
7,18,9496,raspi4,ImageNet16-120,38.200000,2.204048,0.847059,16091
7,18,15363,raspi4,ImageNet16-120,44.333332,4.480516,0.847059,16091
7,18,15383,raspi4,ImageNet16-120,47.033333,8.565354,0.847059,16091
7,18,5530,raspi4,ImageNet16-120,42.577778,3.785925,0.847059,16091
7,18,7187,raspi4,ImageNet16-120,28.683332,0.952790,0.847059,16091
7,18,6854,raspi4,ImageNet16-120,40.800000,3.661016,0.847059,16091
7,18,3782,raspi4,ImageNet16-120,41.866665,3.755286,0.847059,16091
7,18,380,raspi4,ImageNet16-120,38.900000,3.038936,0.847059,16091
7,18,9032,raspi4,ImageNet16-120,38.016666,2.201532,0.847059,16091
7,18,10167,raspi4,ImageNet16-120,39.944443,3.106316,0.847059,16091
7,18,14697,raspi4,ImageNet16-120,33.900000,1.580382,0.847059,16091
7,18,4675,raspi4,ImageNet16-120,33.100000,1.544321,0.847059,16091
7,18,13771,raspi4,ImageNet16-120,32.744446,1.533813,0.847059,16091
7,18,15107,raspi4,ImageNet16-120,39.800000,3.083329,0.847059,16091
7,18,4988,raspi4,ImageNet16-120,28.933332,1.003251,0.847059,16091
7,18,8884,raspi4,ImageNet16-120,45.033333,5.293177,0.847059,16091
7,18,10017,raspi4,ImageNet16-120,40.566666,3.181383,0.847059,16091
7,18,933,raspi4,ImageNet16-120,0.833333,0.011514,0.847059,16091
7,18,1188,raspi4,ImageNet16-120,32.455555,1.526725,0.847059,16091
7,18,219,raspi4,ImageNet16-120,42.500000,3.768475,0.847059,16091
7,18,14417,raspi4,ImageNet16-120,45.900000,6.948865,0.847059,16091
7,18,6787,raspi4,ImageNet16-120,44.400000,4.532777,0.847059,16091
7,18,6336,raspi4,ImageNet16-120,39.366665,3.073392,0.847059,16091
7,18,12505,raspi4,ImageNet16-120,39.283333,3.062432,0.847059,16091
7,18,8355,raspi4,ImageNet16-120,39.666668,3.083286,0.847059,16091
7,18,13059,raspi4,ImageNet16-120,34.266666,1.595651,0.847059,16091
7,18,5487,raspi4,ImageNet16-120,38.500000,3.019000,0.847059,16091
7,18,1413,raspi4,ImageNet16-120,42.711113,3.788479,0.847059,16091
7,18,11584,raspi4,ImageNet16-120,46.666668,8.014434,0.847059,16091
7,18,3431,raspi4,ImageNet16-120,32.966667,1.536690,0.847059,16091
7,18,5973,raspi4,ImageNet16-120,40.100000,3.159922,0.847059,16091
7,18,5455,raspi4,ImageNet16-120,32.611110,1.532377,0.847059,16091
7,18,10835,raspi4,ImageNet16-120,45.233334,6.632419,0.847059,16091
7,18,3687,raspi4,ImageNet16-120,34.066666,1.583497,0.847059,16091
8,1,13401,edgegpu,cifar10,87.010000,1.457009,0.582101,16313
8,1,14527,edgegpu,cifar10,86.765000,1.439619,0.582101,16313
8,1,15200,edgegpu,cifar10,10.000000,0.501385,0.582101,16313
8,1,11692,edgegpu,cifar10,94.130000,4.708362,0.582101,16313
8,1,1339,edgegpu,cifar10,92.136665,1.751881,0.582101,16313
8,1,10484,edgegpu,cifar10,93.810000,3.354015,0.582101,16313
8,1,11810,edgegpu,cifar10,92.780000,1.992798,0.582101,16313
8,1,14407,edgegpu,cifar10,86.770000,1.440282,0.582101,16313
8,1,9099,edgegpu,cifar10,93.940000,3.357520,0.582101,16313
8,1,6499,edgegpu,cifar10,93.645000,3.331041,0.582101,16313
8,1,561,edgegpu,cifar10,86.880000,1.451068,0.582101,16313
8,1,13714,edgegpu,cifar10,94.373340,6.772180,0.582101,16313
8,1,5780,edgegpu,cifar10,93.980000,3.361888,0.582101,16313
8,1,1099,edgegpu,cifar10,92.240000,1.774683,0.582101,16313
8,1,2053,edgegpu,cifar10,94.206665,5.482254,0.582101,16313
8,1,5292,edgegpu,cifar10,94.293335,6.663151,0.582101,16313
8,1,1459,edgegpu,cifar10,94.296670,6.748991,0.582101,16313
8,1,1549,edgegpu,cifar10,86.710000,1.436324,0.582101,16313
8,1,11438,edgegpu,cifar10,92.500000,1.846719,0.582101,16313
8,1,6330,edgegpu,cifar10,94.006670,4.384699,0.582101,16313
8,1,1038,edgegpu,cifar10,92.276665,1.828198,0.582101,16313
8,1,5400,edgegpu,cifar10,86.630000,1.427460,0.582101,16313
8,1,14090,edgegpu,cifar10,92.086670,1.749086,0.582101,16313
8,2,5889,edgetpu,cifar10,91.996666,0.481330,0.713002,16345
8,2,1595,edgetpu,cifar10,88.963330,0.389815,0.713002,16345
8,2,6584,edgetpu,cifar10,94.160000,0.888877,0.713002,16345
8,2,4609,edgetpu,cifar10,91.930000,0.481311,0.713002,16345
8,2,15000,edgetpu,cifar10,92.400000,0.481741,0.713002,16345
8,2,13714,edgetpu,cifar10,94.373340,1.377865,0.713002,16345
8,2,9817,edgetpu,cifar10,93.490000,0.723286,0.713002,16345
8,2,5111,edgetpu,cifar10,94.306660,1.152010,0.713002,16345
8,2,1005,edgetpu,cifar10,89.183334,0.392518,0.713002,16345
8,2,2053,edgetpu,cifar10,94.206665,1.042178,0.713002,16345
8,2,10581,edgetpu,cifar10,89.015000,0.390403,0.713002,16345
8,2,9689,edgetpu,cifar10,93.370000,0.628386,0.713002,16345
8,2,797,edgetpu,cifar10,93.280000,0.627996,0.713002,16345
8,2,8192,edgetpu,cifar10,93.093330,0.627745,0.713002,16345
8,2,6382,edgetpu,cifar10,93.376660,0.628638,0.713002,16345
8,2,11692,edgetpu,cifar10,94.130000,0.761100,0.713002,16345
8,2,9950,edgetpu,cifar10,93.840000,0.723767,0.713002,16345
8,2,6918,edgetpu,cifar10,87.000000,0.375819,0.713002,16345
8,2,11533,edgetpu,cifar10,93.420000,0.632626,0.713002,16345
8,2,12439,edgetpu,cifar10,86.393330,0.352159,0.713002,16345
8,2,5780,edgetpu,cifar10,93.980000,0.723967,0.713002,16345
8,2,11438,edgetpu,cifar10,92.500000,0.482393,0.713002,16345
8,2,10293,edgetpu,cifar10,86.513336,0.352328,0.713002,16345
8,2,2328,edgetpu,cifar10,89.210000,0.392618,0.713002,16345
8,2,7676,edgetpu,cifar10,92.230000,0.481331,0.713002,16345
8,2,10815,edgetpu,cifar10,88.970000,0.389885,0.713002,16345
8,2,11810,edgetpu,cifar10,92.780000,0.482879,0.713002,16345
8,2,7017,edgetpu,cifar10,86.970000,0.353089,0.713002,16345
8,2,3731,edgetpu,cifar10,94.343330,1.282820,0.713002,16345
8,2,13320,edgetpu,cifar10,89.330000,0.396446,0.713002,16345
8,2,6407,edgetpu,cifar10,88.933334,0.389381,0.713002,16345
8,2,5224,edgetpu,cifar10,88.980000,0.389900,0.713002,16345
8,2,9271,edgetpu,cifar10,89.250000,0.396381,0.713002,16345
8,2,7937,edgetpu,cifar10,88.610000,0.388867,0.713002,16345
8,3,10412,eyeriss,cifar10,93.530000,3.645620,0.488119,16534
8,3,8323,eyeriss,cifar10,90.870000,2.171060,0.488119,16534
8,3,12438,eyeriss,cifar10,89.875000,1.925300,0.488119,16534
8,3,6111,eyeriss,cifar10,94.373340,7.823540,0.488119,16534
8,3,8008,eyeriss,cifar10,93.480000,3.399860,0.488119,16534
8,3,11692,eyeriss,cifar10,94.130000,4.874420,0.488119,16534
8,3,5111,eyeriss,cifar10,94.306660,5.365940,0.488119,16534
8,3,11472,eyeriss,cifar10,93.970000,4.628660,0.488119,16534
8,3,3731,eyeriss,cifar10,94.343330,6.594740,0.488119,16534
8,3,8592,eyeriss,cifar10,93.750000,3.891380,0.488119,16534
8,3,4384,eyeriss,cifar10,86.796670,1.679540,0.488119,16534
8,3,6854,eyeriss,cifar10,91.040000,2.662580,0.488119,16534
8,3,14112,eyeriss,cifar10,91.296670,2.908340,0.488119,16534
8,3,13714,eyeriss,cifar10,94.373340,7.823540,0.488119,16534
8,3,6899,eyeriss,cifar10,90.900000,2.416820,0.488119,16534
8,3,7676,eyeriss,cifar10,92.230000,3.154100,0.488119,16534
8,4,3731,fpga,cifar10,94.343330,5.936160,0.489235,16324
8,4,8008,fpga,cifar10,93.480000,2.905760,0.489235,16324
8,4,11472,fpga,cifar10,93.970000,3.648160,0.489235,16324
8,4,5111,fpga,cifar10,94.306660,5.193760,0.489235,16324
8,4,11692,fpga,cifar10,94.130000,4.163360,0.489235,16324
8,4,6111,fpga,cifar10,94.373340,6.678560,0.489235,16324
8,4,4384,fpga,cifar10,86.796670,1.132960,0.489235,16324
8,4,13611,fpga,cifar10,92.490000,2.390560,0.489235,16324
8,4,8720,fpga,cifar10,89.875000,1.648160,0.489235,16324
8,4,12438,fpga,cifar10,89.875000,1.648160,0.489235,16324
8,4,13714,fpga,cifar10,94.373340,6.678560,0.489235,16324
8,4,15295,fpga,cifar10,90.050000,2.057760,0.489235,16324
8,4,8323,fpga,cifar10,90.870000,2.163360,0.489235,16324
8,4,13987,fpga,cifar10,93.596664,3.420960,0.489235,16324
8,5,4627,pixel3,cifar10,93.270000,7.036050,0.760796,16170
8,5,8592,pixel3,cifar10,93.750000,10.769800,0.760796,16170
8,5,5111,pixel3,cifar10,94.306660,17.584600,0.760796,16170
8,5,2035,pixel3,cifar10,89.670000,1.706480,0.760796,16170
8,5,6382,pixel3,cifar10,93.376660,7.048190,0.760796,16170
8,5,1941,pixel3,cifar10,93.533330,9.128690,0.760796,16170
8,5,6899,pixel3,cifar10,90.900000,3.961410,0.760796,16170
8,5,7001,pixel3,cifar10,10.000000,0.003277,0.760796,16170
8,5,2779,pixel3,cifar10,90.806660,3.102950,0.760796,16170
8,5,1549,pixel3,cifar10,86.710000,1.332030,0.760796,16170
8,5,1631,pixel3,cifar10,89.506670,1.697120,0.760796,16170
8,5,3731,pixel3,cifar10,94.343330,23.361300,0.760796,16170
8,5,6854,pixel3,cifar10,91.040000,4.514220,0.760796,16170
8,5,1781,pixel3,cifar10,89.883330,1.712020,0.760796,16170
8,5,4731,pixel3,cifar10,90.360000,2.573470,0.760796,16170
8,5,1425,pixel3,cifar10,93.933334,12.536500,0.760796,16170
8,5,6111,pixel3,cifar10,94.373340,23.584800,0.760796,16170
8,5,13869,pixel3,cifar10,93.656670,10.634700,0.760796,16170
8,5,1339,pixel3,cifar10,92.136665,5.802240,0.760796,16170
8,5,7017,pixel3,cifar10,86.970000,1.403930,0.760796,16170
8,5,1804,pixel3,cifar10,89.063330,1.579900,0.760796,16170
8,5,8695,pixel3,cifar10,94.220000,17.564500,0.760796,16170
8,5,6434,pixel3,cifar10,91.080000,4.811140,0.760796,16170
8,5,1943,pixel3,cifar10,93.116670,6.492030,0.760796,16170
8,5,8323,pixel3,cifar10,90.870000,3.106420,0.760796,16170
8,5,13171,pixel3,cifar10,93.530000,7.717220,0.760796,16170
8,5,6985,pixel3,cifar10,89.940000,2.367450,0.760796,16170
8,5,13987,pixel3,cifar10,93.596664,9.922680,0.760796,16170
8,5,4554,pixel3,cifar10,86.670000,1.114880,0.760796,16170
8,5,8708,pixel3,cifar10,94.080000,12.839000,0.760796,16170
8,5,6999,pixel3,cifar10,93.820000,12.260900,0.760796,16170
8,5,1497,pixel3,cifar10,86.556660,1.056630,0.760796,16170
8,5,6918,pixel3,cifar10,87.000000,1.478790,0.760796,16170
8,5,11692,pixel3,cifar10,94.130000,15.490100,0.760796,16170
8,5,9230,pixel3,cifar10,86.580000,1.056760,0.760796,16170
8,5,12452,pixel3,cifar10,91.350000,5.590110,0.760796,16170
8,5,5224,pixel3,cifar10,88.980000,1.570360,0.760796,16170
8,5,4432,pixel3,cifar10,90.700000,2.826310,0.760796,16170
8,6,11692,raspi4,cifar10,94.130000,37.583630,0.946938,16119
8,6,5780,raspi4,cifar10,93.980000,34.928463,0.946938,16119
8,6,6111,raspi4,cifar10,94.373340,68.404106,0.946938,16119
8,6,11810,raspi4,cifar10,92.780000,18.619905,0.946938,16119
8,6,7352,raspi4,cifar10,92.200000,18.038305,0.946938,16119
8,6,1690,raspi4,cifar10,86.646670,2.536549,0.946938,16119
8,6,4210,raspi4,cifar10,89.030000,4.782748,0.946938,16119
8,6,7207,raspi4,cifar10,89.803340,5.099723,0.946938,16119
8,6,6382,raspi4,cifar10,93.376660,21.461164,0.946938,16119
8,6,7058,raspi4,cifar10,92.040000,16.469465,0.946938,16119
8,6,1941,raspi4,cifar10,93.533330,25.121769,0.946938,16119
8,6,3731,raspi4,cifar10,94.343330,58.070793,0.946938,16119
8,6,5111,raspi4,cifar10,94.306660,41.756905,0.946938,16119
8,6,8323,raspi4,cifar10,90.870000,7.426308,0.946938,16119
8,6,8525,raspi4,cifar10,89.320000,4.900777,0.946938,16119
8,6,7017,raspi4,cifar10,86.970000,2.544041,0.946938,16119
8,6,1781,raspi4,cifar10,89.883330,5.961801,0.946938,16119
8,6,8592,raspi4,cifar10,93.750000,25.477009,0.946938,16119
8,6,1804,raspi4,cifar10,89.063330,4.791845,0.946938,16119
8,6,3687,raspi4,cifar10,89.820000,5.156255,0.946938,16119
8,6,4432,raspi4,cifar10,90.700000,7.290926,0.946938,16119
8,6,6931,raspi4,cifar10,93.780000,33.088142,0.946938,16119
8,6,4659,raspi4,cifar10,93.396670,22.249382,0.946938,16119
8,6,1099,raspi4,cifar10,92.240000,18.358124,0.946938,16119
8,6,10412,raspi4,cifar10,93.530000,25.079220,0.946938,16119
8,6,9271,raspi4,cifar10,89.250000,4.830311,0.946938,16119
8,6,9950,raspi4,cifar10,93.840000,33.860363,0.946938,16119
8,6,6953,raspi4,cifar10,91.990000,15.601654,0.946938,16119
8,6,9980,raspi4,cifar10,10.000000,0.011284,0.946938,16119
8,6,11972,raspi4,cifar10,91.510000,12.403558,0.946938,16119
8,6,6918,raspi4,cifar10,87.000000,2.787590,0.946938,16119
8,6,14677,raspi4,cifar10,88.670000,4.755260,0.946938,16119
8,6,8008,raspi4,cifar10,93.480000,22.571420,0.946938,16119
8,6,2035,raspi4,cifar10,89.670000,4.984099,0.946938,16119
8,6,7030,raspi4,cifar10,93.173330,20.230932,0.946938,16119
8,6,1962,raspi4,cifar10,86.530000,2.529453,0.946938,16119
8,6,12639,raspi4,cifar10,90.990000,11.857850,0.946938,16119
8,7,12238,edgegpu,cifar100,67.240000,1.772847,0.545785,16230
8,7,1509,edgegpu,cifar100,1.000000,0.505853,0.545785,16230
8,7,8401,edgegpu,cifar100,71.080000,3.302102,0.545785,16230
8,7,9922,edgegpu,cifar100,58.560000,1.428552,0.545785,16230
8,7,10443,edgegpu,cifar100,68.300000,1.810923,0.545785,16230
8,7,1425,edgegpu,cifar100,72.093330,5.310225,0.545785,16230
8,7,11885,edgegpu,cifar100,68.040000,1.776652,0.545785,16230
8,7,9930,edgegpu,cifar100,73.513336,6.803060,0.545785,16230
8,7,4954,edgegpu,cifar100,73.000000,6.669736,0.545785,16230
8,7,12415,edgegpu,cifar100,71.940000,4.828467,0.545785,16230
8,7,4418,edgegpu,cifar100,72.746666,5.352364,0.545785,16230
8,7,2778,edgegpu,cifar100,72.993330,6.134028,0.545785,16230
8,7,2304,edgegpu,cifar100,58.660000,1.440253,0.545785,16230
8,7,8912,edgegpu,cifar100,59.200000,1.441355,0.545785,16230
8,7,14677,edgegpu,cifar100,62.420000,1.746187,0.545785,16230
8,7,3888,edgegpu,cifar100,73.260000,6.797867,0.545785,16230
8,7,4609,edgegpu,cifar100,66.520000,1.758838,0.545785,16230
8,7,9997,edgegpu,cifar100,71.520000,3.466139,0.545785,16230
8,7,14984,edgegpu,cifar100,67.166664,1.760831,0.545785,16230
8,8,4418,edgetpu,cifar100,72.746666,1.093699,0.673069,15812
8,8,12415,edgetpu,cifar100,71.940000,0.872299,0.673069,15812
8,8,9930,edgetpu,cifar100,73.513336,1.454107,0.673069,15812
8,8,5019,edgetpu,cifar100,58.880000,0.357058,0.673069,15812
8,8,1425,edgetpu,cifar100,72.093330,0.910660,0.673069,15812
8,8,12574,edgetpu,cifar100,72.740000,0.932430,0.673069,15812
8,8,1110,edgetpu,cifar100,58.840000,0.355938,0.673069,15812
8,8,2705,edgetpu,cifar100,62.813330,0.393026,0.673069,15812
8,8,8649,edgetpu,cifar100,70.690000,0.727284,0.673069,15812
8,8,1383,edgetpu,cifar100,70.273330,0.673722,0.673069,15812
8,8,4627,edgetpu,cifar100,69.600000,0.635153,0.673069,15812
8,8,12761,edgetpu,cifar100,72.860000,1.225212,0.673069,15812
8,8,797,edgetpu,cifar100,69.580000,0.633351,0.673069,15812
8,8,11533,edgetpu,cifar100,69.760000,0.635877,0.673069,15812
8,8,14945,edgetpu,cifar100,58.500000,0.354940,0.673069,15812
8,8,777,edgetpu,cifar100,58.650000,0.355588,0.673069,15812
8,8,8401,edgetpu,cifar100,71.080000,0.728572,0.673069,15812
8,8,9997,edgetpu,cifar100,71.520000,0.729986,0.673069,15812
8,8,9271,edgetpu,cifar100,63.400000,0.393151,0.673069,15812
8,8,13731,edgetpu,cifar100,66.953330,0.487148,0.673069,15812
8,8,10000,edgetpu,cifar100,73.160000,1.283461,0.673069,15812
8,8,15363,edgetpu,cifar100,70.520000,0.676394,0.673069,15812
8,8,8912,edgetpu,cifar100,59.200000,0.377698,0.673069,15812
8,8,3888,edgetpu,cifar100,73.260000,1.316226,0.673069,15812
8,8,857,edgetpu,cifar100,72.880000,1.264168,0.673069,15812
8,8,3487,edgetpu,cifar100,70.093330,0.637182,0.673069,15812
8,8,13829,edgetpu,cifar100,66.873340,0.485137,0.673069,15812
8,8,12607,edgetpu,cifar100,62.600000,0.392830,0.673069,15812
8,8,4659,edgetpu,cifar100,70.060000,0.636433,0.673069,15812
8,8,577,edgetpu,cifar100,69.680000,0.635228,0.673069,15812
8,8,10443,edgetpu,cifar100,68.300000,0.489020,0.673069,15812
8,8,8638,edgetpu,cifar100,58.860000,0.356631,0.673069,15812
8,8,8032,edgetpu,cifar100,67.600000,0.487441,0.673069,15812
8,8,4155,edgetpu,cifar100,62.306667,0.391442,0.673069,15812
8,8,781,edgetpu,cifar100,67.960000,0.487922,0.673069,15812
8,9,5084,eyeriss,cifar100,58.813330,1.682560,0.509071,16567
8,9,9930,eyeriss,cifar100,73.513336,9.055360,0.509071,16567
8,9,6925,eyeriss,cifar100,71.220000,3.894400,0.509071,16567
8,9,14112,eyeriss,cifar100,68.386665,2.911360,0.509071,16567
8,9,12761,eyeriss,cifar100,72.860000,6.352000,0.509071,16567
8,9,10689,eyeriss,cifar100,67.500000,2.174080,0.509071,16567
8,9,3888,eyeriss,cifar100,73.260000,6.597760,0.509071,16567
8,9,3540,eyeriss,cifar100,71.500000,4.877440,0.509071,16567
8,9,12574,eyeriss,cifar100,72.740000,5.123200,0.509071,16567
8,9,14714,eyeriss,cifar100,71.280000,4.140160,0.509071,16567
8,9,6787,eyeriss,cifar100,70.720000,3.648640,0.509071,16567
8,9,3687,eyeriss,cifar100,64.460000,1.928320,0.509071,16567
8,9,12820,eyeriss,cifar100,67.720000,2.419840,0.509071,16567
8,9,3487,eyeriss,cifar100,70.093330,3.402880,0.509071,16567
8,9,12970,eyeriss,cifar100,68.140000,2.665600,0.509071,16567
8,10,4711,fpga,cifar100,64.993330,2.057760,0.694139,16224
8,10,9930,fpga,cifar100,73.513336,7.420960,0.694139,16224
8,10,5651,fpga,cifar100,64.690000,1.648160,0.694139,16224
8,10,11973,fpga,cifar100,70.340000,2.905760,0.694139,16224
8,10,12761,fpga,cifar100,72.860000,5.420960,0.694139,16224
8,10,9997,fpga,cifar100,71.520000,4.572960,0.694139,16224
8,10,5725,fpga,cifar100,70.600000,3.420960,0.694139,16224
8,10,7250,fpga,cifar100,67.706665,2.390560,0.694139,16224
8,10,6830,fpga,cifar100,71.460000,4.057760,0.694139,16224
8,10,3540,fpga,cifar100,71.500000,4.163360,0.694139,16224
8,10,5084,fpga,cifar100,58.813330,1.132960,0.694139,16224
8,10,12820,fpga,cifar100,67.720000,2.678560,0.694139,16224
8,10,12295,fpga,cifar100,71.160000,3.648160,0.694139,16224
8,10,10689,fpga,cifar100,67.500000,2.163360,0.694139,16224
8,10,3888,fpga,cifar100,73.260000,5.936160,0.694139,16224
8,10,6925,fpga,cifar100,71.220000,3.936160,0.694139,16224
8,10,12574,fpga,cifar100,72.740000,4.678560,0.694139,16224
8,11,11301,pixel3,cifar100,68.220000,5.352090,1.060660,16094
8,11,8912,pixel3,cifar100,59.200000,1.478790,1.060660,16094
8,11,3888,pixel3,cifar100,73.260000,23.477200,1.060660,16094
8,11,9649,pixel3,cifar100,64.540000,2.536210,1.060660,16094
8,11,6985,pixel3,cifar100,64.160000,2.372000,1.060660,16094
8,11,6787,pixel3,cifar100,70.720000,9.854430,1.060660,16094
8,11,10042,pixel3,cifar100,64.880000,2.794690,1.060660,16094
8,11,1409,pixel3,cifar100,58.853333,1.275090,1.060660,16094
8,11,3983,pixel3,cifar100,64.293335,2.372440,1.060660,16094
8,11,11000,pixel3,cifar100,71.180000,10.677600,1.060660,16094
8,11,6925,pixel3,cifar100,71.220000,10.688000,1.060660,16094
8,11,14112,pixel3,cifar100,68.386665,5.745320,1.060660,16094
8,11,699,pixel3,cifar100,72.240000,12.079400,1.060660,16094
8,11,1450,pixel3,cifar100,70.506670,9.337360,1.060660,16094
8,11,12970,pixel3,cifar100,68.140000,4.782110,1.060660,16094
8,11,12574,pixel3,cifar100,72.740000,16.473900,1.060660,16094
8,11,4409,pixel3,cifar100,67.173330,3.113370,1.060660,16094
8,11,485,pixel3,cifar100,67.593330,4.124800,1.060660,16094
8,11,857,pixel3,cifar100,72.880000,19.113200,1.060660,16094
8,11,1357,pixel3,cifar100,67.480000,3.998260,1.060660,16094
8,11,15363,pixel3,cifar100,70.520000,9.708640,1.060660,16094
8,11,6337,pixel3,cifar100,1.000000,0.008753,1.060660,16094
8,11,724,pixel3,cifar100,67.053340,2.875650,1.060660,16094
8,11,9930,pixel3,cifar100,73.513336,42.003600,1.060660,16094
8,11,1631,pixel3,cifar100,63.986668,1.805000,1.060660,16094
8,11,978,pixel3,cifar100,64.180000,2.372340,1.060660,16094
8,11,1459,pixel3,cifar100,73.140000,23.437900,1.060660,16094
8,11,8638,pixel3,cifar100,58.860000,1.478570,1.060660,16094
8,11,2649,pixel3,cifar100,64.446660,2.496890,1.060660,16094
8,11,1593,pixel3,cifar100,62.126667,1.582050,1.060660,16094
8,11,898,pixel3,cifar100,70.000000,6.516140,1.060660,16094
8,11,777,pixel3,cifar100,58.650000,1.087020,1.060660,16094
8,12,8323,raspi4,cifar100,67.080000,7.271148,1.152512,16130
8,12,10042,raspi4,cifar100,64.880000,5.100886,1.152512,16130
8,12,1939,raspi4,cifar100,70.760000,24.555029,1.152512,16130
8,12,9930,raspi4,cifar100,73.513336,71.152000,1.152512,16130
8,12,12970,raspi4,cifar100,68.140000,16.583117,1.152512,16130
8,12,485,raspi4,cifar100,67.593330,14.719852,1.152512,16130
8,12,14792,raspi4,cifar100,69.500000,19.111843,1.152512,16130
8,12,6787,raspi4,cifar100,70.720000,23.081835,1.152512,16130
8,12,4418,raspi4,cifar100,72.746666,47.162354,1.152512,16130
8,12,3408,raspi4,cifar100,63.993332,5.081906,1.152512,16130
8,12,3888,raspi4,cifar100,73.260000,55.029520,1.152512,16130
8,12,6822,raspi4,cifar100,58.426666,2.558594,1.152512,16130
8,12,2222,raspi4,cifar100,58.313330,2.538255,1.152512,16130
8,12,12761,raspi4,cifar100,72.860000,53.718200,1.152512,16130
8,12,12574,raspi4,cifar100,72.740000,36.371254,1.152512,16130
8,12,15539,raspi4,cifar100,67.673330,16.497366,1.152512,16130
8,12,9997,raspi4,cifar100,71.520000,34.996710,1.152512,16130
8,12,8912,raspi4,cifar100,59.200000,2.818969,1.152512,16130
8,12,8740,raspi4,cifar100,1.000000,0.015215,1.152512,16130
8,12,1459,raspi4,cifar100,73.140000,53.879950,1.152512,16130
8,12,15589,raspi4,cifar100,59.060000,2.795078,1.152512,16130
8,12,14612,raspi4,cifar100,58.720000,2.563505,1.152512,16130
8,12,14714,raspi4,cifar100,71.280000,24.692347,1.152512,16130
8,12,9380,raspi4,cifar100,62.680000,4.821364,1.152512,16130
8,12,12607,raspi4,cifar100,62.600000,4.779045,1.152512,16130
8,12,7030,raspi4,cifar100,69.600000,19.218203,1.152512,16130
8,12,10166,raspi4,cifar100,62.700000,4.857379,1.152512,16130
8,12,898,raspi4,cifar100,70.000000,21.506163,1.152512,16130
8,12,10222,raspi4,cifar100,58.860000,2.747804,1.152512,16130
8,12,3487,raspi4,cifar100,70.093330,21.603350,1.152512,16130
8,12,11209,raspi4,cifar100,64.120000,5.100011,1.152512,16130
8,12,1616,raspi4,cifar100,63.946667,5.080509,1.152512,16130
8,12,1357,raspi4,cifar100,67.480000,10.177114,1.152512,16130
8,12,12915,raspi4,cifar100,66.950000,7.226311,1.152512,16130
8,12,2035,raspi4,cifar100,63.926666,5.005698,1.152512,16130
8,12,6830,raspi4,cifar100,71.460000,34.491814,1.152512,16130
8,12,13113,raspi4,cifar100,63.140000,4.941205,1.152512,16130
8,12,1572,raspi4,cifar100,69.900000,19.916142,1.152512,16130
8,12,12857,raspi4,cifar100,66.660000,7.215488,1.152512,16130
8,13,12415,edgegpu,ImageNet16-120,46.566666,4.667692,0.918048,16425
8,13,454,edgegpu,ImageNet16-120,41.277780,3.303313,0.918048,16425
8,13,14117,edgegpu,ImageNet16-120,28.677778,1.435547,0.918048,16425
8,13,8236,edgegpu,ImageNet16-120,39.233334,1.749978,0.918048,16425
8,13,4160,edgegpu,ImageNet16-120,39.833332,1.756272,0.918048,16425
8,13,15159,edgegpu,ImageNet16-120,45.566666,4.632421,0.918048,16425
8,13,7760,edgegpu,ImageNet16-120,39.100000,1.743751,0.918048,16425
8,13,15376,edgegpu,ImageNet16-120,0.833333,0.533953,0.918048,16425
8,13,4988,edgegpu,ImageNet16-120,28.933332,1.448212,0.918048,16425
8,13,4946,edgegpu,ImageNet16-120,44.700000,3.490419,0.918048,16425
8,13,4587,edgegpu,ImageNet16-120,28.800000,1.445131,0.918048,16425
8,13,9586,edgegpu,ImageNet16-120,46.933334,5.222673,0.918048,16425
8,13,15288,edgegpu,ImageNet16-120,28.422222,1.417041,0.918048,16425
8,13,9722,edgegpu,ImageNet16-120,44.000000,3.327813,0.918048,16425
8,13,5751,edgegpu,ImageNet16-120,40.044445,2.434626,0.918048,16425
8,13,12505,edgegpu,ImageNet16-120,39.283333,1.750417,0.918048,16425
8,13,8884,edgegpu,ImageNet16-120,45.033333,3.499999,0.918048,16425
8,13,6950,edgegpu,ImageNet16-120,38.700000,1.740150,0.918048,16425
8,13,8426,edgegpu,ImageNet16-120,44.633335,3.370147,0.918048,16425
8,13,8401,edgegpu,ImageNet16-120,43.833332,3.322444,0.918048,16425
8,13,2650,edgegpu,ImageNet16-120,42.433334,3.309817,0.918048,16425
8,13,15383,edgegpu,ImageNet16-120,47.033333,6.262836,0.918048,16425
8,13,857,edgegpu,ImageNet16-120,47.311110,6.707663,0.918048,16425
8,13,14612,edgegpu,ImageNet16-120,28.488890,1.434064,0.918048,16425
8,13,1164,edgegpu,ImageNet16-120,28.522223,1.435223,0.918048,16425
8,13,7187,edgegpu,ImageNet16-120,28.683332,1.443858,0.918048,16425
8,13,12081,edgegpu,ImageNet16-120,40.233334,2.730479,0.918048,16425
8,13,11217,edgegpu,ImageNet16-120,43.466667,3.316708,0.918048,16425
8,13,13760,edgegpu,ImageNet16-120,32.333332,1.739759,0.918048,16425
8,14,7750,edgetpu,ImageNet16-120,43.066666,0.551617,0.841948,16003
8,14,11079,edgetpu,ImageNet16-120,43.566666,0.552430,0.841948,16003
8,14,7273,edgetpu,ImageNet16-120,42.966667,0.550014,0.841948,16003
8,14,3540,edgetpu,ImageNet16-120,45.122223,0.648670,0.841948,16003
8,14,10017,edgetpu,ImageNet16-120,40.566666,0.524950,0.841948,16003
8,14,15363,edgetpu,ImageNet16-120,44.333332,0.582280,0.841948,16003
8,14,70,edgetpu,ImageNet16-120,39.377777,0.428228,0.841948,16003
8,14,15383,edgetpu,ImageNet16-120,47.033333,0.780914,0.841948,16003
8,14,13769,edgetpu,ImageNet16-120,41.555557,0.549360,0.841948,16003
8,14,5530,edgetpu,ImageNet16-120,42.577778,0.549937,0.841948,16003
8,14,6950,edgetpu,ImageNet16-120,38.700000,0.427379,0.841948,16003
8,14,9689,edgetpu,ImageNet16-120,42.533333,0.549702,0.841948,16003
8,14,5302,edgetpu,ImageNet16-120,38.833332,0.427711,0.841948,16003
8,14,15107,edgetpu,ImageNet16-120,39.800000,0.430284,0.841948,16003
8,14,2908,edgetpu,ImageNet16-120,40.022220,0.516595,0.841948,16003
8,14,10888,edgetpu,ImageNet16-120,28.333334,0.359044,0.841948,16003
8,14,10750,edgetpu,ImageNet16-120,44.600000,0.615553,0.841948,16003
8,14,12415,edgetpu,ImageNet16-120,46.566666,0.710906,0.841948,16003
8,14,15014,edgetpu,ImageNet16-120,28.266666,0.358110,0.841948,16003
8,14,13931,edgetpu,ImageNet16-120,28.788889,0.360349,0.841948,16003
8,14,857,edgetpu,ImageNet16-120,47.311110,0.997730,0.841948,16003
8,14,6407,edgetpu,ImageNet16-120,32.333332,0.363748,0.841948,16003
8,14,14677,edgetpu,ImageNet16-120,33.233334,0.364575,0.841948,16003
8,14,4988,edgetpu,ImageNet16-120,28.933332,0.360694,0.841948,16003
8,14,1973,edgetpu,ImageNet16-120,38.855556,0.427802,0.841948,16003
8,14,5751,edgetpu,ImageNet16-120,40.044445,0.516992,0.841948,16003
8,14,7837,edgetpu,ImageNet16-120,32.111110,0.363571,0.841948,16003
8,14,12231,edgetpu,ImageNet16-120,40.200000,0.518358,0.841948,16003
8,14,10167,edgetpu,ImageNet16-120,39.944443,0.444058,0.841948,16003
8,14,4830,edgetpu,ImageNet16-120,42.233334,0.549457,0.841948,16003
8,14,6520,edgetpu,ImageNet16-120,32.383335,0.363944,0.841948,16003
8,14,5674,edgetpu,ImageNet16-120,39.650000,0.428605,0.841948,16003
8,14,8884,edgetpu,ImageNet16-120,45.033333,0.615792,0.841948,16003
8,15,2835,eyeriss,ImageNet16-120,38.222220,0.545920,0.520829,16511
8,15,857,eyeriss,ImageNet16-120,47.311110,1.651840,0.520829,16511
8,15,1939,eyeriss,ImageNet16-120,45.077778,0.976000,0.520829,16511
8,15,15383,eyeriss,ImageNet16-120,47.033333,1.283200,0.520829,16511
8,15,4988,eyeriss,ImageNet16-120,28.933332,0.423040,0.520829,16511
8,15,6854,eyeriss,ImageNet16-120,40.800000,0.668800,0.520829,16511
8,15,5487,eyeriss,ImageNet16-120,38.500000,0.607360,0.520829,16511
8,15,8853,eyeriss,ImageNet16-120,45.600000,1.037440,0.520829,16511
8,15,6787,eyeriss,ImageNet16-120,44.400000,0.914560,0.520829,16511
8,15,479,eyeriss,ImageNet16-120,38.500000,0.607360,0.520829,16511
8,15,4829,eyeriss,ImageNet16-120,34.200000,0.484480,0.520829,16511
8,15,1943,eyeriss,ImageNet16-120,42.866665,0.853120,0.520829,16511
8,15,14417,eyeriss,ImageNet16-120,45.900000,1.098880,0.520829,16511
8,16,11079,fpga,ImageNet16-120,43.566666,0.902400,0.549611,16279
8,16,2835,fpga,ImageNet16-120,38.222220,0.546720,0.549611,16279
8,16,6868,fpga,ImageNet16-120,39.000000,0.649120,0.549611,16279
8,16,857,fpga,ImageNet16-120,47.311110,2.038400,0.549611,16279
8,16,6854,fpga,ImageNet16-120,40.800000,0.809120,0.549611,16279
8,16,1939,fpga,ImageNet16-120,45.077778,1.062400,0.549611,16279
8,16,4829,fpga,ImageNet16-120,34.200000,0.415520,0.549611,16279
8,16,6787,fpga,ImageNet16-120,44.400000,0.969600,0.549611,16279
8,16,15383,fpga,ImageNet16-120,47.033333,1.504000,0.549611,16279
8,16,11593,fpga,ImageNet16-120,40.166668,0.780320,0.549611,16279
8,16,10017,fpga,ImageNet16-120,40.566666,0.784000,0.549611,16279
8,16,3261,fpga,ImageNet16-120,43.022220,0.876800,0.549611,16279
8,16,4988,fpga,ImageNet16-120,28.933332,0.284320,0.549611,16279
8,16,14748,fpga,ImageNet16-120,44.900000,0.995200,0.549611,16279
8,16,5793,fpga,ImageNet16-120,35.033333,0.517920,0.549611,16279
8,16,15446,fpga,ImageNet16-120,45.766666,1.116320,0.549611,16279
8,17,4587,pixel3,ImageNet16-120,28.800000,0.445767,0.854954,16118
8,17,10581,pixel3,ImageNet16-120,32.366665,0.618818,0.854954,16118
8,17,12036,pixel3,ImageNet16-120,33.977780,0.665306,0.854954,16118
8,17,2018,pixel3,ImageNet16-120,46.433334,4.949210,0.854954,16118
8,17,12639,pixel3,ImageNet16-120,40.400000,1.304440,0.854954,16118
8,17,4988,pixel3,ImageNet16-120,28.933332,0.485996,0.854954,16118
8,17,3728,pixel3,ImageNet16-120,28.500000,0.422880,0.854954,16118
8,17,1204,pixel3,ImageNet16-120,37.844444,0.864966,0.854954,16118
8,17,1110,pixel3,ImageNet16-120,28.600000,0.423927,0.854954,16118
8,17,5487,pixel3,ImageNet16-120,38.500000,1.109150,0.854954,16118
8,17,10154,pixel3,ImageNet16-120,46.133335,4.783700,0.854954,16118
8,17,1595,pixel3,ImageNet16-120,32.255554,0.618134,0.854954,16118
8,17,8683,pixel3,ImageNet16-120,44.200000,2.711960,0.854954,16118
8,17,1425,pixel3,ImageNet16-120,45.977780,4.619290,0.854954,16118
8,17,1549,pixel3,ImageNet16-120,28.655556,0.424747,0.854954,16118
8,17,15446,pixel3,ImageNet16-120,45.766666,3.439380,0.854954,16118
8,17,4409,pixel3,ImageNet16-120,37.722220,0.862979,0.854954,16118
8,17,857,pixel3,ImageNet16-120,47.311110,6.686850,0.854954,16118
8,17,11743,pixel3,ImageNet16-120,43.483334,2.708500,0.854954,16118
8,17,12516,pixel3,ImageNet16-120,32.083332,0.617816,0.854954,16118
8,17,1860,pixel3,ImageNet16-120,28.433332,0.422587,0.854954,16118
8,17,15383,pixel3,ImageNet16-120,47.033333,5.191720,0.854954,16118
8,17,10340,pixel3,ImageNet16-120,31.522223,0.617772,0.854954,16118
8,17,12424,pixel3,ImageNet16-120,43.133330,2.470150,0.854954,16118
8,17,4895,pixel3,ImageNet16-120,33.200000,0.619070,0.854954,16118
8,17,12355,pixel3,ImageNet16-120,45.033333,2.989390,0.854954,16118
8,17,1939,pixel3,ImageNet16-120,45.077778,3.021500,0.854954,16118
8,17,13059,pixel3,ImageNet16-120,34.266666,0.668679,0.854954,16118
8,17,6014,pixel3,ImageNet16-120,28.533333,0.423391,0.854954,16118
8,17,12266,pixel3,ImageNet16-120,0.833333,0.005541,0.854954,16118
8,17,11000,pixel3,ImageNet16-120,44.866665,2.962520,0.854954,16118
8,17,4384,pixel3,ImageNet16-120,28.133333,0.421612,0.854954,16118
8,17,12466,pixel3,ImageNet16-120,46.100000,4.680280,0.854954,16118
8,17,6854,pixel3,ImageNet16-120,40.800000,1.621620,0.854954,16118
8,17,1383,pixel3,ImageNet16-120,43.244446,2.680690,0.854954,16118
8,17,12103,pixel3,ImageNet16-120,28.250000,0.422433,0.854954,16118
8,17,8954,pixel3,ImageNet16-120,28.733334,0.424855,0.854954,16118
8,17,872,pixel3,ImageNet16-120,41.777780,2.465030,0.854954,16118
8,17,2835,pixel3,ImageNet16-120,38.222220,0.868646,0.854954,16118
8,17,898,pixel3,ImageNet16-120,42.466667,2.467210,0.854954,16118
8,17,14417,pixel3,ImageNet16-120,45.900000,4.143030,0.854954,16118
8,18,3496,raspi4,ImageNet16-120,34.233334,1.598666,0.842651,16315
8,18,15107,raspi4,ImageNet16-120,39.800000,3.083329,0.842651,16315
8,18,2904,raspi4,ImageNet16-120,42.744446,3.799936,0.842651,16315
8,18,13931,raspi4,ImageNet16-120,28.788889,0.956195,0.842651,16315
8,18,11946,raspi4,ImageNet16-120,28.200000,0.940293,0.842651,16315
8,18,14697,raspi4,ImageNet16-120,33.900000,1.580382,0.842651,16315
8,18,6519,raspi4,ImageNet16-120,40.183334,3.212652,0.842651,16315
8,18,8426,raspi4,ImageNet16-120,44.633335,5.288439,0.842651,16315
8,18,10835,raspi4,ImageNet16-120,45.233334,6.632419,0.842651,16315
8,18,15383,raspi4,ImageNet16-120,47.033333,8.565354,0.842651,16315
8,18,11079,raspi4,ImageNet16-120,43.566666,3.802027,0.842651,16315
8,18,2779,raspi4,ImageNet16-120,37.355556,2.190654,0.842651,16315
8,18,10167,raspi4,ImageNet16-120,39.944443,3.106316,0.842651,16315
8,18,10472,raspi4,ImageNet16-120,39.633335,3.079679,0.842651,16315
8,18,12355,raspi4,ImageNet16-120,45.033333,5.326674,0.842651,16315
8,18,41,raspi4,ImageNet16-120,32.388890,1.528043,0.842651,16315
8,18,4995,raspi4,ImageNet16-120,42.166668,3.766336,0.842651,16315
8,18,857,raspi4,ImageNet16-120,47.311110,9.020064,0.842651,16315
8,18,5530,raspi4,ImageNet16-120,42.577778,3.785925,0.842651,16315
8,18,15363,raspi4,ImageNet16-120,44.333332,4.480516,0.842651,16315
8,18,2018,raspi4,ImageNet16-120,46.433334,7.482383,0.842651,16315
8,18,8683,raspi4,ImageNet16-120,44.200000,4.462997,0.842651,16315
8,18,9032,raspi4,ImageNet16-120,38.016666,2.201532,0.842651,16315
8,18,3960,raspi4,ImageNet16-120,37.755554,2.197980,0.842651,16315
8,18,3687,raspi4,ImageNet16-120,34.066666,1.583497,0.842651,16315
8,18,7187,raspi4,ImageNet16-120,28.683332,0.952790,0.842651,16315
8,18,6787,raspi4,ImageNet16-120,44.400000,4.532777,0.842651,16315
8,18,735,raspi4,ImageNet16-120,38.544445,2.911079,0.842651,16315
8,18,7252,raspi4,ImageNet16-120,44.666668,5.322441,0.842651,16315
8,18,4988,raspi4,ImageNet16-120,28.933332,1.003251,0.842651,16315
8,18,1939,raspi4,ImageNet16-120,45.077778,5.341908,0.842651,16315
8,18,14417,raspi4,ImageNet16-120,45.900000,6.948865,0.842651,16315
8,18,3192,raspi4,ImageNet16-120,45.477780,6.675633,0.842651,16315
8,18,3782,raspi4,ImageNet16-120,41.866665,3.755286,0.842651,16315
8,18,13284,raspi4,ImageNet16-120,40.177776,3.191073,0.842651,16315
8,18,12639,raspi4,ImageNet16-120,40.400000,3.628959,0.842651,16315
8,18,6854,raspi4,ImageNet16-120,40.800000,3.661016,0.842651,16315
8,18,219,raspi4,ImageNet16-120,42.500000,3.768475,0.842651,16315
8,18,3431,raspi4,ImageNet16-120,32.966667,1.536690,0.842651,16315
8,18,933,raspi4,ImageNet16-120,0.833333,0.011514,0.842651,16315
8,18,6336,raspi4,ImageNet16-120,39.366665,3.073392,0.842651,16315
8,18,5973,raspi4,ImageNet16-120,40.100000,3.159922,0.842651,16315
8,18,380,raspi4,ImageNet16-120,38.900000,3.038936,0.842651,16315
8,18,11584,raspi4,ImageNet16-120,46.666668,8.014434,0.842651,16315
8,18,7870,raspi4,ImageNet16-120,42.633335,3.788979,0.842651,16315
8,18,7227,raspi4,ImageNet16-120,32.533333,1.530737,0.842651,16315
8,18,1204,raspi4,ImageNet16-120,37.844444,2.199356,0.842651,16315
8,18,12505,raspi4,ImageNet16-120,39.283333,3.062432,0.842651,16315
8,18,9496,raspi4,ImageNet16-120,38.200000,2.204048,0.842651,16315
8,18,8355,raspi4,ImageNet16-120,39.666668,3.083286,0.842651,16315
9,1,14090,edgegpu,cifar10,92.086670,1.749086,0.602402,16415
9,1,1601,edgegpu,cifar10,86.336670,1.433892,0.602402,16415
9,1,10484,edgegpu,cifar10,93.810000,3.354015,0.602402,16415
9,1,6259,edgegpu,cifar10,86.443340,1.433926,0.602402,16415
9,1,11692,edgegpu,cifar10,94.130000,4.708362,0.602402,16415
9,1,13401,edgegpu,cifar10,87.010000,1.457009,0.602402,16415
9,1,11810,edgegpu,cifar10,92.780000,1.992798,0.602402,16415
9,1,5292,edgegpu,cifar10,94.293335,6.663151,0.602402,16415
9,1,5780,edgegpu,cifar10,93.980000,3.361888,0.602402,16415
9,1,13714,edgegpu,cifar10,94.373340,6.772180,0.602402,16415
9,1,2053,edgegpu,cifar10,94.206665,5.482254,0.602402,16415
9,1,14527,edgegpu,cifar10,86.765000,1.439619,0.602402,16415
9,1,6330,edgegpu,cifar10,94.006670,4.384699,0.602402,16415
9,1,1339,edgegpu,cifar10,92.136665,1.751881,0.602402,16415
9,1,9099,edgegpu,cifar10,93.940000,3.357520,0.602402,16415
9,1,561,edgegpu,cifar10,86.880000,1.451068,0.602402,16415
9,1,1459,edgegpu,cifar10,94.296670,6.748991,0.602402,16415
9,1,14407,edgegpu,cifar10,86.770000,1.440282,0.602402,16415
9,1,2776,edgegpu,cifar10,93.666664,3.331194,0.602402,16415
9,1,6960,edgegpu,cifar10,92.280000,1.764450,0.602402,16415
9,1,10222,edgegpu,cifar10,86.200000,1.429176,0.602402,16415
9,1,11438,edgegpu,cifar10,92.500000,1.846719,0.602402,16415
9,1,6499,edgegpu,cifar10,93.645000,3.331041,0.602402,16415
9,1,4803,edgegpu,cifar10,88.746666,1.748652,0.602402,16415
9,1,2090,edgegpu,cifar10,86.650000,1.437702,0.602402,16415
9,1,15200,edgegpu,cifar10,10.000000,0.501385,0.602402,16415
9,2,10683,edgetpu,cifar10,92.330000,0.481277,0.653382,16311
9,2,11112,edgetpu,cifar10,92.110000,0.480732,0.653382,16311
9,2,797,edgetpu,cifar10,93.280000,0.627996,0.653382,16311
9,2,12607,edgetpu,cifar10,89.180000,0.391577,0.653382,16311
9,2,9380,edgetpu,cifar10,89.335000,0.395662,0.653382,16311
9,2,11438,edgetpu,cifar10,92.500000,0.482393,0.653382,16311
9,2,3731,edgetpu,cifar10,94.343330,1.282820,0.653382,16311
9,2,8192,edgetpu,cifar10,93.093330,0.627745,0.653382,16311
9,2,5111,edgetpu,cifar10,94.306660,1.152010,0.653382,16311
9,2,5224,edgetpu,cifar10,88.980000,0.389900,0.653382,16311
9,2,4675,edgetpu,cifar10,89.200000,0.395661,0.653382,16311
9,2,11692,edgetpu,cifar10,94.130000,0.761100,0.653382,16311
9,2,6382,edgetpu,cifar10,93.376660,0.628638,0.653382,16311
9,2,2053,edgetpu,cifar10,94.206665,1.042178,0.653382,16311
9,2,4384,edgetpu,cifar10,86.796670,0.362569,0.653382,16311
9,2,13611,edgetpu,cifar10,92.490000,0.481826,0.653382,16311
9,2,13714,edgetpu,cifar10,94.373340,1.377865,0.653382,16311
9,2,9689,edgetpu,cifar10,93.370000,0.628386,0.653382,16311
9,2,5915,edgetpu,cifar10,86.846664,0.376449,0.653382,16311
9,2,5780,edgetpu,cifar10,93.980000,0.723967,0.653382,16311
9,2,10581,edgetpu,cifar10,89.015000,0.390403,0.653382,16311
9,2,2485,edgetpu,cifar10,86.700000,0.346546,0.653382,16311
9,2,3927,edgetpu,cifar10,93.626660,0.723268,0.653382,16311
9,2,6407,edgetpu,cifar10,88.933334,0.389381,0.653382,16311
9,2,8008,edgetpu,cifar10,93.480000,0.629746,0.653382,16311
9,2,6515,edgetpu,cifar10,93.616670,0.722858,0.653382,16311
9,2,9950,edgetpu,cifar10,93.840000,0.723767,0.653382,16311
9,2,5258,edgetpu,cifar10,88.775000,0.388629,0.653382,16311
9,2,11810,edgetpu,cifar10,92.780000,0.482879,0.653382,16311
9,2,6584,edgetpu,cifar10,94.160000,0.888877,0.653382,16311
9,3,6111,eyeriss,cifar10,94.373340,7.823540,0.531039,16408
9,3,6899,eyeriss,cifar10,90.900000,2.416820,0.531039,16408
9,3,8592,eyeriss,cifar10,93.750000,3.891380,0.531039,16408
9,3,14112,eyeriss,cifar10,91.296670,2.908340,0.531039,16408
9,3,3731,eyeriss,cifar10,94.343330,6.594740,0.531039,16408
9,3,8323,eyeriss,cifar10,90.870000,2.171060,0.531039,16408
9,3,13714,eyeriss,cifar10,94.373340,7.823540,0.531039,16408
9,3,5111,eyeriss,cifar10,94.306660,5.365940,0.531039,16408
9,3,4384,eyeriss,cifar10,86.796670,1.679540,0.531039,16408
9,3,11692,eyeriss,cifar10,94.130000,4.874420,0.531039,16408
9,3,8008,eyeriss,cifar10,93.480000,3.399860,0.531039,16408
9,3,13611,eyeriss,cifar10,92.490000,3.154100,0.531039,16408
9,3,12438,eyeriss,cifar10,89.875000,1.925300,0.531039,16408
9,3,13987,eyeriss,cifar10,93.596664,3.645620,0.531039,16408
9,3,11472,eyeriss,cifar10,93.970000,4.628660,0.531039,16408
9,3,6854,eyeriss,cifar10,91.040000,2.662580,0.531039,16408
9,4,13987,fpga,cifar10,93.596664,3.420960,0.472078,16342
9,4,12438,fpga,cifar10,89.875000,1.648160,0.472078,16342
9,4,6111,fpga,cifar10,94.373340,6.678560,0.472078,16342
9,4,3731,fpga,cifar10,94.343330,5.936160,0.472078,16342
9,4,6584,fpga,cifar10,94.160000,4.163360,0.472078,16342
9,4,13714,fpga,cifar10,94.373340,6.678560,0.472078,16342
9,4,5111,fpga,cifar10,94.306660,5.193760,0.472078,16342
9,4,10431,fpga,cifar10,87.000000,1.542560,0.472078,16342
9,4,4384,fpga,cifar10,86.796670,1.132960,0.472078,16342
9,4,9950,fpga,cifar10,93.840000,3.648160,0.472078,16342
9,4,8323,fpga,cifar10,90.870000,2.163360,0.472078,16342
9,4,8008,fpga,cifar10,93.480000,2.905760,0.472078,16342
9,4,13611,fpga,cifar10,92.490000,2.390560,0.472078,16342
9,4,8720,fpga,cifar10,89.875000,1.648160,0.472078,16342
9,4,5217,fpga,cifar10,89.910000,2.057760,0.472078,16342
9,5,5446,pixel3,cifar10,90.500000,2.889680,0.838533,16047
9,5,4627,pixel3,cifar10,93.270000,7.036050,0.838533,16047
9,5,6434,pixel3,cifar10,91.080000,4.811140,0.838533,16047
9,5,1631,pixel3,cifar10,89.506670,1.697120,0.838533,16047
9,5,4578,pixel3,cifar10,89.673330,1.714730,0.838533,16047
9,5,13171,pixel3,cifar10,93.530000,7.717220,0.838533,16047
9,5,1941,pixel3,cifar10,93.533330,9.128690,0.838533,16047
9,5,1943,pixel3,cifar10,93.116670,6.492030,0.838533,16047
9,5,1894,pixel3,cifar10,92.110000,5.778250,0.838533,16047
9,5,3731,pixel3,cifar10,94.343330,23.361300,0.838533,16047
9,5,6111,pixel3,cifar10,94.373340,23.584800,0.838533,16047
9,5,8695,pixel3,cifar10,94.220000,17.564500,0.838533,16047
9,5,4554,pixel3,cifar10,86.670000,1.114880,0.838533,16047
9,5,8592,pixel3,cifar10,93.750000,10.769800,0.838533,16047
9,5,6854,pixel3,cifar10,91.040000,4.514220,0.838533,16047
9,5,2827,pixel3,cifar10,89.680000,2.179930,0.838533,16047
9,5,5111,pixel3,cifar10,94.306660,17.584600,0.838533,16047
9,5,12139,pixel3,cifar10,90.660000,3.098500,0.838533,16047
9,5,13846,pixel3,cifar10,90.720000,3.099760,0.838533,16047
9,5,13987,pixel3,cifar10,93.596664,9.922680,0.838533,16047
9,5,7001,pixel3,cifar10,10.000000,0.003277,0.838533,16047
9,5,6918,pixel3,cifar10,87.000000,1.478790,0.838533,16047
9,5,6330,pixel3,cifar10,94.006670,11.512400,0.838533,16047
9,5,6624,pixel3,cifar10,89.120000,1.670570,0.838533,16047
9,5,6584,pixel3,cifar10,94.160000,15.720300,0.838533,16047
9,5,12452,pixel3,cifar10,91.350000,5.590110,0.838533,16047
9,5,1497,pixel3,cifar10,86.556660,1.056630,0.838533,16047
9,5,6382,pixel3,cifar10,93.376660,7.048190,0.838533,16047
9,5,8323,pixel3,cifar10,90.870000,3.106420,0.838533,16047
9,5,1804,pixel3,cifar10,89.063330,1.579900,0.838533,16047
9,5,7197,pixel3,cifar10,90.366670,2.447670,0.838533,16047
9,5,9032,pixel3,cifar10,90.740000,3.102890,0.838533,16047
9,5,5915,pixel3,cifar10,86.846664,1.472530,0.838533,16047
9,5,5224,pixel3,cifar10,88.980000,1.570360,0.838533,16047
9,5,11692,pixel3,cifar10,94.130000,15.490100,0.838533,16047
9,5,9230,pixel3,cifar10,86.580000,1.056760,0.838533,16047
9,5,11972,pixel3,cifar10,91.510000,5.627010,0.838533,16047
9,5,6863,pixel3,cifar10,86.740000,1.229320,0.838533,16047
9,5,12820,pixel3,cifar10,90.880000,3.982790,0.838533,16047
9,5,13869,pixel3,cifar10,93.656670,10.634700,0.838533,16047
9,5,2035,pixel3,cifar10,89.670000,1.706480,0.838533,16047
9,5,4409,pixel3,cifar10,90.590000,3.093750,0.838533,16047
9,5,1339,pixel3,cifar10,92.136665,5.802240,0.838533,16047
9,5,8720,pixel3,cifar10,89.875000,2.362840,0.838533,16047
9,6,4210,raspi4,cifar10,89.030000,4.782748,0.734807,16160
9,6,2058,raspi4,cifar10,93.270000,19.484835,0.734807,16160
9,6,11692,raspi4,cifar10,94.130000,37.583630,0.734807,16160
9,6,12238,raspi4,cifar10,91.690000,16.046099,0.734807,16160
9,6,8008,raspi4,cifar10,93.480000,22.571420,0.734807,16160
9,6,8573,raspi4,cifar10,89.803340,5.202662,0.734807,16160
9,6,4384,raspi4,cifar10,86.796670,2.759305,0.734807,16160
9,6,13846,raspi4,cifar10,90.720000,7.176163,0.734807,16160
9,6,1690,raspi4,cifar10,86.646670,2.536549,0.734807,16160
9,6,8592,raspi4,cifar10,93.750000,25.477009,0.734807,16160
9,6,8323,raspi4,cifar10,90.870000,7.426308,0.734807,16160
9,6,3229,raspi4,cifar10,89.670000,5.126768,0.734807,16160
9,6,5111,raspi4,cifar10,94.306660,41.756905,0.734807,16160
9,6,1941,raspi4,cifar10,93.533330,25.121769,0.734807,16160
9,6,9271,raspi4,cifar10,89.250000,4.830311,0.734807,16160
9,6,6382,raspi4,cifar10,93.376660,21.461164,0.734807,16160
9,6,5915,raspi4,cifar10,86.846664,2.776470,0.734807,16160
9,6,12639,raspi4,cifar10,90.990000,11.857850,0.734807,16160
9,6,1781,raspi4,cifar10,89.883330,5.961801,0.734807,16160
9,6,3731,raspi4,cifar10,94.343330,58.070793,0.734807,16160
9,6,6111,raspi4,cifar10,94.373340,68.404106,0.734807,16160
9,6,11810,raspi4,cifar10,92.780000,18.619905,0.734807,16160
9,6,5780,raspi4,cifar10,93.980000,34.928463,0.734807,16160
9,6,1962,raspi4,cifar10,86.530000,2.529453,0.734807,16160
9,6,6584,raspi4,cifar10,94.160000,38.818527,0.734807,16160
9,6,8426,raspi4,cifar10,93.840000,31.394428,0.734807,16160
9,6,7045,raspi4,cifar10,89.576670,5.035095,0.734807,16160
9,6,7058,raspi4,cifar10,92.040000,16.469465,0.734807,16160
9,6,9980,raspi4,cifar10,10.000000,0.011284,0.734807,16160
9,6,4659,raspi4,cifar10,93.396670,22.249382,0.734807,16160
9,6,6918,raspi4,cifar10,87.000000,2.787590,0.734807,16160
9,6,6960,raspi4,cifar10,92.280000,17.162752,0.734807,16160
9,6,14565,raspi4,cifar10,88.880000,4.781183,0.734807,16160
9,6,8525,raspi4,cifar10,89.320000,4.900777,0.734807,16160
9,6,10412,raspi4,cifar10,93.530000,25.079220,0.734807,16160
9,6,12505,raspi4,cifar10,92.150000,16.747276,0.734807,16160
9,6,13611,raspi4,cifar10,92.490000,18.523302,0.734807,16160
9,6,12286,raspi4,cifar10,86.760000,2.546242,0.734807,16160
9,6,5940,raspi4,cifar10,91.056660,12.563456,0.734807,16160
9,7,14300,edgegpu,cifar100,67.300000,1.765666,0.542929,16374
9,7,4418,edgegpu,cifar100,72.746666,5.352364,0.542929,16374
9,7,2304,edgegpu,cifar100,58.660000,1.440253,0.542929,16374
9,7,9922,edgegpu,cifar100,58.560000,1.428552,0.542929,16374
9,7,4609,edgegpu,cifar100,66.520000,1.758838,0.542929,16374
9,7,8401,edgegpu,cifar100,71.080000,3.302102,0.542929,16374
9,7,4954,edgegpu,cifar100,73.000000,6.669736,0.542929,16374
9,7,1509,edgegpu,cifar100,1.000000,0.505853,0.542929,16374
9,7,3888,edgegpu,cifar100,73.260000,6.797867,0.542929,16374
9,7,11810,edgegpu,cifar100,68.300000,1.779551,0.542929,16374
9,7,8912,edgegpu,cifar100,59.200000,1.441355,0.542929,16374
9,7,12415,edgegpu,cifar100,71.940000,4.828467,0.542929,16374
9,7,11885,edgegpu,cifar100,68.040000,1.776652,0.542929,16374
9,7,9930,edgegpu,cifar100,73.513336,6.803060,0.542929,16374
9,7,11067,edgegpu,cifar100,58.186670,1.427836,0.542929,16374
9,7,2778,edgegpu,cifar100,72.993330,6.134028,0.542929,16374
9,7,6124,edgegpu,cifar100,68.360000,3.185835,0.542929,16374
9,7,9997,edgegpu,cifar100,71.520000,3.466139,0.542929,16374
9,7,14984,edgegpu,cifar100,67.166664,1.760831,0.542929,16374
9,7,1425,edgegpu,cifar100,72.093330,5.310225,0.542929,16374
9,7,14677,edgegpu,cifar100,62.420000,1.746187,0.542929,16374
9,8,6382,edgetpu,cifar100,69.533330,0.634724,0.612576,16011
9,8,898,edgetpu,cifar100,70.000000,0.636860,0.612576,16011
9,8,9271,edgetpu,cifar100,63.400000,0.393151,0.612576,16011
9,8,12574,edgetpu,cifar100,72.740000,0.932430,0.612576,16011
9,8,8401,edgetpu,cifar100,71.080000,0.728572,0.612576,16011
9,8,12761,edgetpu,cifar100,72.860000,1.225212,0.612576,16011
9,8,5019,edgetpu,cifar100,58.880000,0.357058,0.612576,16011
9,8,577,edgetpu,cifar100,69.680000,0.635228,0.612576,16011
9,8,9930,edgetpu,cifar100,73.513336,1.454107,0.612576,16011
9,8,777,edgetpu,cifar100,58.650000,0.355588,0.612576,16011
9,8,4418,edgetpu,cifar100,72.746666,1.093699,0.612576,16011
9,8,857,edgetpu,cifar100,72.880000,1.264168,0.612576,16011
9,8,3303,edgetpu,cifar100,62.420000,0.392593,0.612576,16011
9,8,10000,edgetpu,cifar100,73.160000,1.283461,0.612576,16011
9,8,781,edgetpu,cifar100,67.960000,0.487922,0.612576,16011
9,8,3888,edgetpu,cifar100,73.260000,1.316226,0.612576,16011
9,8,1110,edgetpu,cifar100,58.840000,0.355938,0.612576,16011
9,8,12415,edgetpu,cifar100,71.940000,0.872299,0.612576,16011
9,8,11810,edgetpu,cifar100,68.300000,0.492126,0.612576,16011
9,8,8638,edgetpu,cifar100,58.860000,0.356631,0.612576,16011
9,8,69,edgetpu,cifar100,71.020000,0.727259,0.612576,16011
9,8,14945,edgetpu,cifar100,58.500000,0.354940,0.612576,16011
9,8,9997,edgetpu,cifar100,71.520000,0.729986,0.612576,16011
9,8,11973,edgetpu,cifar100,70.340000,0.641728,0.612576,16011
9,8,1425,edgetpu,cifar100,72.093330,0.910660,0.612576,16011
9,8,1996,edgetpu,cifar100,67.820000,0.486748,0.612576,16011
9,8,15363,edgetpu,cifar100,70.520000,0.676394,0.612576,16011
9,8,11533,edgetpu,cifar100,69.760000,0.635877,0.612576,16011
9,8,4627,edgetpu,cifar100,69.600000,0.635153,0.612576,16011
9,8,4155,edgetpu,cifar100,62.306667,0.391442,0.612576,16011
9,8,12607,edgetpu,cifar100,62.600000,0.392830,0.612576,16011
9,8,14816,edgetpu,cifar100,66.860000,0.486025,0.612576,16011
9,9,14112,eyeriss,cifar100,68.386665,2.911360,0.491129,16601
9,9,14714,eyeriss,cifar100,71.280000,4.140160,0.491129,16601
9,9,11301,eyeriss,cifar100,68.220000,2.665600,0.491129,16601
9,9,375,eyeriss,cifar100,64.440000,1.928320,0.491129,16601
9,9,8139,eyeriss,cifar100,64.440000,1.928320,0.491129,16601
9,9,3487,eyeriss,cifar100,70.093330,3.402880,0.491129,16601
9,9,12574,eyeriss,cifar100,72.740000,5.123200,0.491129,16601
9,9,10689,eyeriss,cifar100,67.500000,2.174080,0.491129,16601
9,9,5084,eyeriss,cifar100,58.813330,1.682560,0.491129,16601
9,9,12761,eyeriss,cifar100,72.860000,6.352000,0.491129,16601
9,9,6925,eyeriss,cifar100,71.220000,3.894400,0.491129,16601
9,9,3888,eyeriss,cifar100,73.260000,6.597760,0.491129,16601
9,9,3540,eyeriss,cifar100,71.500000,4.877440,0.491129,16601
9,9,6787,eyeriss,cifar100,70.720000,3.648640,0.491129,16601
9,9,12820,eyeriss,cifar100,67.720000,2.419840,0.491129,16601
9,9,9930,eyeriss,cifar100,73.513336,9.055360,0.491129,16601
9,10,12574,fpga,cifar100,72.740000,4.678560,0.495720,16408
9,10,5084,fpga,cifar100,58.813330,1.132960,0.495720,16408
9,10,9930,fpga,cifar100,73.513336,7.420960,0.495720,16408
9,10,6787,fpga,cifar100,70.720000,3.420960,0.495720,16408
9,10,7250,fpga,cifar100,67.706665,2.390560,0.495720,16408
9,10,12761,fpga,cifar100,72.860000,5.420960,0.495720,16408
9,10,3540,fpga,cifar100,71.500000,4.163360,0.495720,16408
9,10,3888,fpga,cifar100,73.260000,5.936160,0.495720,16408
9,10,12295,fpga,cifar100,71.160000,3.648160,0.495720,16408
9,10,375,fpga,cifar100,64.440000,1.648160,0.495720,16408
9,10,10689,fpga,cifar100,67.500000,2.163360,0.495720,16408
9,10,4249,fpga,cifar100,65.080000,2.057760,0.495720,16408
9,10,4659,fpga,cifar100,70.060000,2.905760,0.495720,16408
9,10,12820,fpga,cifar100,67.720000,2.678560,0.495720,16408
9,10,6925,fpga,cifar100,71.220000,3.936160,0.495720,16408
9,10,11979,fpga,cifar100,68.000000,2.800160,0.495720,16408
9,11,4409,pixel3,cifar100,67.173330,3.113370,0.688390,16133
9,11,3888,pixel3,cifar100,73.260000,23.477200,0.688390,16133
9,11,777,pixel3,cifar100,58.650000,1.087020,0.688390,16133
9,11,12970,pixel3,cifar100,68.140000,4.782110,0.688390,16133
9,11,1425,pixel3,cifar100,72.093330,15.692300,0.688390,16133
9,11,857,pixel3,cifar100,72.880000,19.113200,0.688390,16133
9,11,14112,pixel3,cifar100,68.386665,5.745320,0.688390,16133
9,11,14714,pixel3,cifar100,71.280000,13.842100,0.688390,16133
9,11,1090,pixel3,cifar100,65.220000,2.811310,0.688390,16133
9,11,15363,pixel3,cifar100,70.520000,9.708640,0.688390,16133
9,11,9649,pixel3,cifar100,64.540000,2.536210,0.688390,16133
9,11,6787,pixel3,cifar100,70.720000,9.854430,0.688390,16133
9,11,8638,pixel3,cifar100,58.860000,1.478570,0.688390,16133
9,11,906,pixel3,cifar100,62.393333,1.661810,0.688390,16133
9,11,6337,pixel3,cifar100,1.000000,0.008753,0.688390,16133
9,11,1450,pixel3,cifar100,70.506670,9.337360,0.688390,16133
9,11,1409,pixel3,cifar100,58.853333,1.275090,0.688390,16133
9,11,6925,pixel3,cifar100,71.220000,10.688000,0.688390,16133
9,11,1357,pixel3,cifar100,67.480000,3.998260,0.688390,16133
9,11,858,pixel3,cifar100,64.133330,2.003500,0.688390,16133
9,11,12574,pixel3,cifar100,72.740000,16.473900,0.688390,16133
9,11,11301,pixel3,cifar100,68.220000,5.352090,0.688390,16133
9,11,9930,pixel3,cifar100,73.513336,42.003600,0.688390,16133
9,11,1459,pixel3,cifar100,73.140000,23.437900,0.688390,16133
9,11,2649,pixel3,cifar100,64.446660,2.496890,0.688390,16133
9,11,375,pixel3,cifar100,64.440000,2.363140,0.688390,16133
9,11,9997,pixel3,cifar100,71.520000,14.777900,0.688390,16133
9,11,898,pixel3,cifar100,70.000000,6.516140,0.688390,16133
9,11,11000,pixel3,cifar100,71.180000,10.677600,0.688390,16133
9,11,8912,pixel3,cifar100,59.200000,1.478790,0.688390,16133
9,11,724,pixel3,cifar100,67.053340,2.875650,0.688390,16133
9,11,1593,pixel3,cifar100,62.126667,1.582050,0.688390,16133
9,12,12761,raspi4,cifar100,72.860000,53.718200,0.720584,16101
9,12,9271,raspi4,cifar100,63.400000,4.800893,0.720584,16101
9,12,12574,raspi4,cifar100,72.740000,36.371254,0.720584,16101
9,12,2222,raspi4,cifar100,58.313330,2.538255,0.720584,16101
9,12,6294,raspi4,cifar100,66.973335,7.376450,0.720584,16101
9,12,15246,raspi4,cifar100,66.966670,7.350053,0.720584,16101
9,12,6822,raspi4,cifar100,58.426666,2.558594,0.720584,16101
9,12,13430,raspi4,cifar100,66.700000,7.203785,0.720584,16101
9,12,355,raspi4,cifar100,69.860000,20.791758,0.720584,16101
9,12,10689,raspi4,cifar100,67.500000,7.381845,0.720584,16101
9,12,3888,raspi4,cifar100,73.260000,55.029520,0.720584,16101
9,12,14714,raspi4,cifar100,71.280000,24.692347,0.720584,16101
9,12,11209,raspi4,cifar100,64.120000,5.100011,0.720584,16101
9,12,8912,raspi4,cifar100,59.200000,2.818969,0.720584,16101
9,12,15589,raspi4,cifar100,59.060000,2.795078,0.720584,16101
9,12,8740,raspi4,cifar100,1.000000,0.015215,0.720584,16101
9,12,6925,raspi4,cifar100,71.220000,24.195030,0.720584,16101
9,12,7030,raspi4,cifar100,69.600000,19.218203,0.720584,16101
9,12,2058,raspi4,cifar100,69.613335,20.052132,0.720584,16101
9,12,898,raspi4,cifar100,70.000000,21.506163,0.720584,16101
9,12,14811,raspi4,cifar100,69.680000,20.361189,0.720584,16101
9,12,14612,raspi4,cifar100,58.720000,2.563505,0.720584,16101
9,12,7891,raspi4,cifar100,67.550000,12.536592,0.720584,16101
9,12,4607,raspi4,cifar100,58.820000,2.777558,0.720584,16101
9,12,1616,raspi4,cifar100,63.946667,5.080509,0.720584,16101
9,12,14792,raspi4,cifar100,69.500000,19.111843,0.720584,16101
9,12,10042,raspi4,cifar100,64.880000,5.100886,0.720584,16101
9,12,14112,raspi4,cifar100,68.386665,14.423308,0.720584,16101
9,12,15363,raspi4,cifar100,70.520000,21.809430,0.720584,16101
9,12,2035,raspi4,cifar100,63.926666,5.005698,0.720584,16101
9,12,3487,raspi4,cifar100,70.093330,21.603350,0.720584,16101
9,12,9930,raspi4,cifar100,73.513336,71.152000,0.720584,16101
9,12,4418,raspi4,cifar100,72.746666,47.162354,0.720584,16101
9,12,1459,raspi4,cifar100,73.140000,53.879950,0.720584,16101
9,12,9997,raspi4,cifar100,71.520000,34.996710,0.720584,16101
9,12,6918,raspi4,cifar100,58.800000,2.571364,0.720584,16101
9,12,6787,raspi4,cifar100,70.720000,23.081835,0.720584,16101
9,12,12915,raspi4,cifar100,66.950000,7.226311,0.720584,16101
9,12,12607,raspi4,cifar100,62.600000,4.779045,0.720584,16101
9,13,8733,edgegpu,ImageNet16-120,46.600000,5.249434,0.611725,16364
9,13,6950,edgegpu,ImageNet16-120,38.700000,1.740150,0.611725,16364
9,13,4988,edgegpu,ImageNet16-120,28.933332,1.448212,0.611725,16364
9,13,4587,edgegpu,ImageNet16-120,28.800000,1.445131,0.611725,16364
9,13,8401,edgegpu,ImageNet16-120,43.833332,3.322444,0.611725,16364
9,13,7760,edgegpu,ImageNet16-120,39.100000,1.743751,0.611725,16364
9,13,15376,edgegpu,ImageNet16-120,0.833333,0.533953,0.611725,16364
9,13,15288,edgegpu,ImageNet16-120,28.422222,1.417041,0.611725,16364
9,13,12505,edgegpu,ImageNet16-120,39.283333,1.750417,0.611725,16364
9,13,2650,edgegpu,ImageNet16-120,42.433334,3.309817,0.611725,16364
9,13,14117,edgegpu,ImageNet16-120,28.677778,1.435547,0.611725,16364
9,13,14612,edgegpu,ImageNet16-120,28.488890,1.434064,0.611725,16364
9,13,8426,edgegpu,ImageNet16-120,44.633335,3.370147,0.611725,16364
9,13,14840,edgegpu,ImageNet16-120,45.311110,4.224715,0.611725,16364
9,13,10947,edgegpu,ImageNet16-120,39.944443,1.909800,0.611725,16364
9,13,12081,edgegpu,ImageNet16-120,40.233334,2.730479,0.611725,16364
9,13,4946,edgegpu,ImageNet16-120,44.700000,3.490419,0.611725,16364
9,13,8236,edgegpu,ImageNet16-120,39.233334,1.749978,0.611725,16364
9,13,7187,edgegpu,ImageNet16-120,28.683332,1.443858,0.611725,16364
9,13,5981,edgegpu,ImageNet16-120,39.211113,1.746097,0.611725,16364
9,13,4160,edgegpu,ImageNet16-120,39.833332,1.756272,0.611725,16364
9,13,12415,edgegpu,ImageNet16-120,46.566666,4.667692,0.611725,16364
9,13,5751,edgegpu,ImageNet16-120,40.044445,2.434626,0.611725,16364
9,13,10699,edgegpu,ImageNet16-120,46.833332,6.223283,0.611725,16364
9,13,9722,edgegpu,ImageNet16-120,44.000000,3.327813,0.611725,16364
9,13,13411,edgegpu,ImageNet16-120,31.855556,1.736240,0.611725,16364
9,13,1164,edgegpu,ImageNet16-120,28.522223,1.435223,0.611725,16364
9,13,5374,edgegpu,ImageNet16-120,46.766666,5.294285,0.611725,16364
9,14,5530,edgetpu,ImageNet16-120,42.577778,0.549937,0.640192,16302
9,14,7396,edgetpu,ImageNet16-120,40.177776,0.517218,0.640192,16302
9,14,5724,edgetpu,ImageNet16-120,28.366667,0.359987,0.640192,16302
9,14,14677,edgetpu,ImageNet16-120,33.233334,0.364575,0.640192,16302
9,14,14527,edgetpu,ImageNet16-120,28.133333,0.358865,0.640192,16302
9,14,12415,edgetpu,ImageNet16-120,46.566666,0.710906,0.640192,16302
9,14,11885,edgetpu,ImageNet16-120,39.166668,0.427395,0.640192,16302
9,14,11079,edgetpu,ImageNet16-120,43.566666,0.552430,0.640192,16302
9,14,7357,edgetpu,ImageNet16-120,44.666668,0.600498,0.640192,16302
9,14,13931,edgetpu,ImageNet16-120,28.788889,0.360349,0.640192,16302
9,14,3540,edgetpu,ImageNet16-120,45.122223,0.648670,0.640192,16302
9,14,4830,edgetpu,ImageNet16-120,42.233334,0.549457,0.640192,16302
9,14,7273,edgetpu,ImageNet16-120,42.966667,0.550014,0.640192,16302
9,14,70,edgetpu,ImageNet16-120,39.377777,0.428228,0.640192,16302
9,14,15363,edgetpu,ImageNet16-120,44.333332,0.582280,0.640192,16302
9,14,6407,edgetpu,ImageNet16-120,32.333332,0.363748,0.640192,16302
9,14,4160,edgetpu,ImageNet16-120,39.833332,0.430355,0.640192,16302
9,14,5674,edgetpu,ImageNet16-120,39.650000,0.428605,0.640192,16302
9,14,14840,edgetpu,ImageNet16-120,45.311110,0.666690,0.640192,16302
9,14,2560,edgetpu,ImageNet16-120,28.200000,0.359160,0.640192,16302
9,14,7750,edgetpu,ImageNet16-120,43.066666,0.551617,0.640192,16302
9,14,4627,edgetpu,ImageNet16-120,43.500000,0.552306,0.640192,16302
9,14,10332,edgetpu,ImageNet16-120,40.033333,0.516152,0.640192,16302
9,14,9689,edgetpu,ImageNet16-120,42.533333,0.549702,0.640192,16302
9,14,7431,edgetpu,ImageNet16-120,32.577778,0.363954,0.640192,16302
9,14,8884,edgetpu,ImageNet16-120,45.033333,0.615792,0.640192,16302
9,14,12297,edgetpu,ImageNet16-120,31.833334,0.363596,0.640192,16302
9,14,857,edgetpu,ImageNet16-120,47.311110,0.997730,0.640192,16302
9,14,15383,edgetpu,ImageNet16-120,47.033333,0.780914,0.640192,16302
9,14,5586,edgetpu,ImageNet16-120,40.811110,0.546420,0.640192,16302
9,14,8447,edgetpu,ImageNet16-120,40.011112,0.514586,0.640192,16302
9,14,13769,edgetpu,ImageNet16-120,41.555557,0.549360,0.640192,16302
9,15,857,eyeriss,ImageNet16-120,47.311110,1.651840,0.485248,16502
9,15,2835,eyeriss,ImageNet16-120,38.222220,0.545920,0.485248,16502
9,15,6854,eyeriss,ImageNet16-120,40.800000,0.668800,0.485248,16502
9,15,8853,eyeriss,ImageNet16-120,45.600000,1.037440,0.485248,16502
9,15,15383,eyeriss,ImageNet16-120,47.033333,1.283200,0.485248,16502
9,15,1939,eyeriss,ImageNet16-120,45.077778,0.976000,0.485248,16502
9,15,8008,eyeriss,ImageNet16-120,43.500000,0.853120,0.485248,16502
9,15,735,eyeriss,ImageNet16-120,38.544445,0.607360,0.485248,16502
9,15,4988,eyeriss,ImageNet16-120,28.933332,0.423040,0.485248,16502
9,15,6787,eyeriss,ImageNet16-120,44.400000,0.914560,0.485248,16502
9,15,14417,eyeriss,ImageNet16-120,45.900000,1.098880,0.485248,16502
9,15,4829,eyeriss,ImageNet16-120,34.200000,0.484480,0.485248,16502
9,16,4829,fpga,ImageNet16-120,34.200000,0.415520,0.523261,16212
9,16,6787,fpga,ImageNet16-120,44.400000,0.969600,0.523261,16212
9,16,14748,fpga,ImageNet16-120,44.900000,0.995200,0.523261,16212
9,16,2835,fpga,ImageNet16-120,38.222220,0.546720,0.523261,16212
9,16,8008,fpga,ImageNet16-120,43.500000,0.876800,0.523261,16212
9,16,15383,fpga,ImageNet16-120,47.033333,1.504000,0.523261,16212
9,16,1939,fpga,ImageNet16-120,45.077778,1.062400,0.523261,16212
9,16,8853,fpga,ImageNet16-120,45.600000,1.155200,0.523261,16212
9,16,6854,fpga,ImageNet16-120,40.800000,0.809120,0.523261,16212
9,16,6868,fpga,ImageNet16-120,39.000000,0.649120,0.523261,16212
9,16,857,fpga,ImageNet16-120,47.311110,2.038400,0.523261,16212
9,16,14417,fpga,ImageNet16-120,45.900000,1.276320,0.523261,16212
9,16,4988,fpga,ImageNet16-120,28.933332,0.284320,0.523261,16212
9,16,5793,fpga,ImageNet16-120,35.033333,0.517920,0.523261,16212
9,16,11593,fpga,ImageNet16-120,40.166668,0.780320,0.523261,16212
9,16,10017,fpga,ImageNet16-120,40.566666,0.784000,0.523261,16212
9,17,14417,pixel3,ImageNet16-120,45.900000,4.143030,0.739821,15918
9,17,12639,pixel3,ImageNet16-120,40.400000,1.304440,0.739821,15918
9,17,8853,pixel3,ImageNet16-120,45.600000,3.554540,0.739821,15918
9,17,978,pixel3,ImageNet16-120,33.488888,0.665489,0.739821,15918
9,17,6294,pixel3,ImageNet16-120,38.011112,0.869124,0.739821,15918
9,17,13756,pixel3,ImageNet16-120,0.833333,0.005289,0.739821,15918
9,17,9496,pixel3,ImageNet16-120,38.200000,1.024960,0.739821,15918
9,17,11000,pixel3,ImageNet16-120,44.866665,2.962520,0.739821,15918
9,17,1939,pixel3,ImageNet16-120,45.077778,3.021500,0.739821,15918
9,17,3728,pixel3,ImageNet16-120,28.500000,0.422880,0.739821,15918
9,17,12506,pixel3,ImageNet16-120,43.983334,2.929990,0.739821,15918
9,17,1863,pixel3,ImageNet16-120,28.055555,0.422043,0.739821,15918
9,17,2018,pixel3,ImageNet16-120,46.433334,4.949210,0.739821,15918
9,17,9032,pixel3,ImageNet16-120,38.016666,1.020960,0.739821,15918
9,17,857,pixel3,ImageNet16-120,47.311110,6.686850,0.739821,15918
9,17,10154,pixel3,ImageNet16-120,46.133335,4.783700,0.739821,15918
9,17,6854,pixel3,ImageNet16-120,40.800000,1.621620,0.739821,15918
9,17,872,pixel3,ImageNet16-120,41.777780,2.465030,0.739821,15918
9,17,4829,pixel3,ImageNet16-120,34.200000,0.795625,0.739821,15918
9,17,1204,pixel3,ImageNet16-120,37.844444,0.864966,0.739821,15918
9,17,12424,pixel3,ImageNet16-120,43.133330,2.470150,0.739821,15918
9,17,4988,pixel3,ImageNet16-120,28.933332,0.485996,0.739821,15918
9,17,4587,pixel3,ImageNet16-120,28.800000,0.445767,0.739821,15918
9,17,15383,pixel3,ImageNet16-120,47.033333,5.191720,0.739821,15918
9,17,12516,pixel3,ImageNet16-120,32.083332,0.617816,0.739821,15918
9,17,12358,pixel3,ImageNet16-120,34.055557,0.666287,0.739821,15918
9,17,10888,pixel3,ImageNet16-120,28.333334,0.422652,0.739821,15918
9,17,5487,pixel3,ImageNet16-120,38.500000,1.109150,0.739821,15918
9,17,4895,pixel3,ImageNet16-120,33.200000,0.619070,0.739821,15918
9,17,3687,pixel3,ImageNet16-120,34.066666,0.702071,0.739821,15918
9,17,1425,pixel3,ImageNet16-120,45.977780,4.619290,0.739821,15918
9,17,9805,pixel3,ImageNet16-120,34.133335,0.791370,0.739821,15918
9,17,11079,pixel3,ImageNet16-120,43.566666,2.479610,0.739821,15918
9,17,1110,pixel3,ImageNet16-120,28.600000,0.423927,0.739821,15918
9,17,1549,pixel3,ImageNet16-120,28.655556,0.424747,0.739821,15918
9,17,6014,pixel3,ImageNet16-120,28.533333,0.423391,0.739821,15918
9,17,12466,pixel3,ImageNet16-120,46.100000,4.680280,0.739821,15918
9,17,3650,pixel3,ImageNet16-120,43.866665,2.716840,0.739821,15918
9,17,8954,pixel3,ImageNet16-120,28.733334,0.424855,0.739821,15918
9,17,4977,pixel3,ImageNet16-120,32.966667,0.617991,0.739821,15918
9,17,4004,pixel3,ImageNet16-120,42.811110,2.467510,0.739821,15918
9,17,4432,pixel3,ImageNet16-120,37.800000,0.861157,0.739821,15918
9,18,9496,raspi4,ImageNet16-120,38.200000,2.204048,0.820661,16184
9,18,3192,raspi4,ImageNet16-120,45.477780,6.675633,0.820661,16184
9,18,7551,raspi4,ImageNet16-120,38.477780,2.950436,0.820661,16184
9,18,2018,raspi4,ImageNet16-120,46.433334,7.482383,0.820661,16184
9,18,6787,raspi4,ImageNet16-120,44.400000,4.532777,0.820661,16184
9,18,13931,raspi4,ImageNet16-120,28.788889,0.956195,0.820661,16184
9,18,8355,raspi4,ImageNet16-120,39.666668,3.083286,0.820661,16184
9,18,9032,raspi4,ImageNet16-120,38.016666,2.201532,0.820661,16184
9,18,857,raspi4,ImageNet16-120,47.311110,9.020064,0.820661,16184
9,18,15363,raspi4,ImageNet16-120,44.333332,4.480516,0.820661,16184
9,18,11079,raspi4,ImageNet16-120,43.566666,3.802027,0.820661,16184
9,18,13059,raspi4,ImageNet16-120,34.266666,1.595651,0.820661,16184
9,18,12358,raspi4,ImageNet16-120,34.055557,1.582727,0.820661,16184
9,18,8884,raspi4,ImageNet16-120,45.033333,5.293177,0.820661,16184
9,18,2904,raspi4,ImageNet16-120,42.744446,3.799936,0.820661,16184
9,18,10017,raspi4,ImageNet16-120,40.566666,3.181383,0.820661,16184
9,18,5530,raspi4,ImageNet16-120,42.577778,3.785925,0.820661,16184
9,18,1188,raspi4,ImageNet16-120,32.455555,1.526725,0.820661,16184
9,18,11584,raspi4,ImageNet16-120,46.666668,8.014434,0.820661,16184
9,18,5487,raspi4,ImageNet16-120,38.500000,3.019000,0.820661,16184
9,18,933,raspi4,ImageNet16-120,0.833333,0.011514,0.820661,16184
9,18,6336,raspi4,ImageNet16-120,39.366665,3.073392,0.820661,16184
9,18,5973,raspi4,ImageNet16-120,40.100000,3.159922,0.820661,16184
9,18,4988,raspi4,ImageNet16-120,28.933332,1.003251,0.820661,16184
9,18,8426,raspi4,ImageNet16-120,44.633335,5.288439,0.820661,16184
9,18,7955,raspi4,ImageNet16-120,39.388890,3.082832,0.820661,16184
9,18,3960,raspi4,ImageNet16-120,37.755554,2.197980,0.820661,16184
9,18,10167,raspi4,ImageNet16-120,39.944443,3.106316,0.820661,16184
9,18,14417,raspi4,ImageNet16-120,45.900000,6.948865,0.820661,16184
9,18,4995,raspi4,ImageNet16-120,42.166668,3.766336,0.820661,16184
9,18,15383,raspi4,ImageNet16-120,47.033333,8.565354,0.820661,16184
9,18,2779,raspi4,ImageNet16-120,37.355556,2.190654,0.820661,16184
9,18,5202,raspi4,ImageNet16-120,42.411110,3.783078,0.820661,16184
9,18,12505,raspi4,ImageNet16-120,39.283333,3.062432,0.820661,16184
9,18,3431,raspi4,ImageNet16-120,32.966667,1.536690,0.820661,16184
9,18,10715,raspi4,ImageNet16-120,45.533333,6.790813,0.820661,16184
9,18,13771,raspi4,ImageNet16-120,32.744446,1.533813,0.820661,16184
9,18,3782,raspi4,ImageNet16-120,41.866665,3.755286,0.820661,16184
9,18,7227,raspi4,ImageNet16-120,32.533333,1.530737,0.820661,16184
9,18,1413,raspi4,ImageNet16-120,42.711113,3.788479,0.820661,16184
9,18,6854,raspi4,ImageNet16-120,40.800000,3.661016,0.820661,16184
9,18,1939,raspi4,ImageNet16-120,45.077778,5.341908,0.820661,16184
9,18,1204,raspi4,ImageNet16-120,37.844444,2.199356,0.820661,16184
9,18,5637,raspi4,ImageNet16-120,33.933334,1.580707,0.820661,16184
9,18,11946,raspi4,ImageNet16-120,28.200000,0.940293,0.820661,16184
10,1,13401,edgegpu,cifar10,87.010000,1.457009,0.590041,16393
10,1,10484,edgegpu,cifar10,93.810000,3.354015,0.590041,16393
10,1,2776,edgegpu,cifar10,93.666664,3.331194,0.590041,16393
10,1,6960,edgegpu,cifar10,92.280000,1.764450,0.590041,16393
10,1,11692,edgegpu,cifar10,94.130000,4.708362,0.590041,16393
10,1,561,edgegpu,cifar10,86.880000,1.451068,0.590041,16393
10,1,5780,edgegpu,cifar10,93.980000,3.361888,0.590041,16393
10,1,11810,edgegpu,cifar10,92.780000,1.992798,0.590041,16393
10,1,5400,edgegpu,cifar10,86.630000,1.427460,0.590041,16393
10,1,1549,edgegpu,cifar10,86.710000,1.436324,0.590041,16393
10,1,13714,edgegpu,cifar10,94.373340,6.772180,0.590041,16393
10,1,1459,edgegpu,cifar10,94.296670,6.748991,0.590041,16393
10,1,2053,edgegpu,cifar10,94.206665,5.482254,0.590041,16393
10,1,6330,edgegpu,cifar10,94.006670,4.384699,0.590041,16393
10,1,1339,edgegpu,cifar10,92.136665,1.751881,0.590041,16393
10,1,14090,edgegpu,cifar10,92.086670,1.749086,0.590041,16393
10,1,5292,edgegpu,cifar10,94.293335,6.663151,0.590041,16393
10,1,4803,edgegpu,cifar10,88.746666,1.748652,0.590041,16393
10,1,6499,edgegpu,cifar10,93.645000,3.331041,0.590041,16393
10,1,9099,edgegpu,cifar10,93.940000,3.357520,0.590041,16393
10,1,258,edgegpu,cifar10,93.640000,3.307109,0.590041,16393
10,1,15200,edgegpu,cifar10,10.000000,0.501385,0.590041,16393
10,1,14407,edgegpu,cifar10,86.770000,1.440282,0.590041,16393
10,1,11438,edgegpu,cifar10,92.500000,1.846719,0.590041,16393
10,2,5111,edgetpu,cifar10,94.306660,1.152010,0.593506,16177
10,2,6382,edgetpu,cifar10,93.376660,0.628638,0.593506,16177
10,2,4161,edgetpu,cifar10,89.250000,0.391221,0.593506,16177
10,2,5258,edgetpu,cifar10,88.775000,0.388629,0.593506,16177
10,2,8008,edgetpu,cifar10,93.480000,0.629746,0.593506,16177
10,2,11692,edgetpu,cifar10,94.130000,0.761100,0.593506,16177
10,2,8192,edgetpu,cifar10,93.093330,0.627745,0.593506,16177
10,2,3731,edgetpu,cifar10,94.343330,1.282820,0.593506,16177
10,2,10683,edgetpu,cifar10,92.330000,0.481277,0.593506,16177
10,2,5780,edgetpu,cifar10,93.980000,0.723967,0.593506,16177
10,2,6918,edgetpu,cifar10,87.000000,0.375819,0.593506,16177
10,2,797,edgetpu,cifar10,93.280000,0.627996,0.593506,16177
10,2,7017,edgetpu,cifar10,86.970000,0.353089,0.593506,16177
10,2,2485,edgetpu,cifar10,86.700000,0.346546,0.593506,16177
10,2,11810,edgetpu,cifar10,92.780000,0.482879,0.593506,16177
10,2,6515,edgetpu,cifar10,93.616670,0.722858,0.593506,16177
10,2,13714,edgetpu,cifar10,94.373340,1.377865,0.593506,16177
10,2,11438,edgetpu,cifar10,92.500000,0.482393,0.593506,16177
10,2,2053,edgetpu,cifar10,94.206665,1.042178,0.593506,16177
10,2,9380,edgetpu,cifar10,89.335000,0.395662,0.593506,16177
10,2,3927,edgetpu,cifar10,93.626660,0.723268,0.593506,16177
10,2,11112,edgetpu,cifar10,92.110000,0.480732,0.593506,16177
10,2,9689,edgetpu,cifar10,93.370000,0.628386,0.593506,16177
10,2,9950,edgetpu,cifar10,93.840000,0.723767,0.593506,16177
10,2,5647,edgetpu,cifar10,89.110000,0.389378,0.593506,16177
10,2,13611,edgetpu,cifar10,92.490000,0.481826,0.593506,16177
10,3,11472,eyeriss,cifar10,93.970000,4.628660,0.469376,16550
10,3,11692,eyeriss,cifar10,94.130000,4.874420,0.469376,16550
10,3,4384,eyeriss,cifar10,86.796670,1.679540,0.469376,16550
10,3,13611,eyeriss,cifar10,92.490000,3.154100,0.469376,16550
10,3,8008,eyeriss,cifar10,93.480000,3.399860,0.469376,16550
10,3,8323,eyeriss,cifar10,90.870000,2.171060,0.469376,16550
10,3,13714,eyeriss,cifar10,94.373340,7.823540,0.469376,16550
10,3,5111,eyeriss,cifar10,94.306660,5.365940,0.469376,16550
10,3,14112,eyeriss,cifar10,91.296670,2.908340,0.469376,16550
10,3,6854,eyeriss,cifar10,91.040000,2.662580,0.469376,16550
10,3,8592,eyeriss,cifar10,93.750000,3.891380,0.469376,16550
10,3,6111,eyeriss,cifar10,94.373340,7.823540,0.469376,16550
10,3,3731,eyeriss,cifar10,94.343330,6.594740,0.469376,16550
10,3,8720,eyeriss,cifar10,89.875000,1.925300,0.469376,16550
10,3,10412,eyeriss,cifar10,93.530000,3.645620,0.469376,16550
10,3,6899,eyeriss,cifar10,90.900000,2.416820,0.469376,16550
10,4,4384,fpga,cifar10,86.796670,1.132960,0.483028,16250
10,4,3731,fpga,cifar10,94.343330,5.936160,0.483028,16250
10,4,5111,fpga,cifar10,94.306660,5.193760,0.483028,16250
10,4,6111,fpga,cifar10,94.373340,6.678560,0.483028,16250
10,4,8008,fpga,cifar10,93.480000,2.905760,0.483028,16250
10,4,13611,fpga,cifar10,92.490000,2.390560,0.483028,16250
10,4,11472,fpga,cifar10,93.970000,3.648160,0.483028,16250
10,4,5217,fpga,cifar10,89.910000,2.057760,0.483028,16250
10,4,8323,fpga,cifar10,90.870000,2.163360,0.483028,16250
10,4,13714,fpga,cifar10,94.373340,6.678560,0.483028,16250
10,4,6584,fpga,cifar10,94.160000,4.163360,0.483028,16250
10,4,8720,fpga,cifar10,89.875000,1.648160,0.483028,16250
10,4,13987,fpga,cifar10,93.596664,3.420960,0.483028,16250
10,4,10431,fpga,cifar10,87.000000,1.542560,0.483028,16250
10,5,13171,pixel3,cifar10,93.530000,7.717220,0.872524,16116
10,5,7017,pixel3,cifar10,86.970000,1.403930,0.872524,16116
10,5,5149,pixel3,cifar10,92.090000,5.987440,0.872524,16116
10,5,13096,pixel3,cifar10,90.700000,2.666040,0.872524,16116
10,5,6899,pixel3,cifar10,90.900000,3.961410,0.872524,16116
10,5,13869,pixel3,cifar10,93.656670,10.634700,0.872524,16116
10,5,6111,pixel3,cifar10,94.373340,23.584800,0.872524,16116
10,5,3731,pixel3,cifar10,94.343330,23.361300,0.872524,16116
10,5,6358,pixel3,cifar10,92.136665,6.066150,0.872524,16116
10,5,8695,pixel3,cifar10,94.220000,17.564500,0.872524,16116
10,5,97,pixel3,cifar10,88.730000,1.602870,0.872524,16116
10,5,6985,pixel3,cifar10,89.940000,2.367450,0.872524,16116
10,5,10275,pixel3,cifar10,91.080000,4.818050,0.872524,16116
10,5,1631,pixel3,cifar10,89.506670,1.697120,0.872524,16116
10,5,55,pixel3,cifar10,86.756670,1.057440,0.872524,16116
10,5,2779,pixel3,cifar10,90.806660,3.102950,0.872524,16116
10,5,8323,pixel3,cifar10,90.870000,3.106420,0.872524,16116
10,5,8592,pixel3,cifar10,93.750000,10.769800,0.872524,16116
10,5,6330,pixel3,cifar10,94.006670,11.512400,0.872524,16116
10,5,1918,pixel3,cifar10,88.880000,1.615140,0.872524,16116
10,5,11692,pixel3,cifar10,94.130000,15.490100,0.872524,16116
10,5,7058,pixel3,cifar10,92.040000,5.972550,0.872524,16116
10,5,6854,pixel3,cifar10,91.040000,4.514220,0.872524,16116
10,5,10689,pixel3,cifar10,90.790000,2.669770,0.872524,16116
10,5,25,pixel3,cifar10,86.540000,1.054570,0.872524,16116
10,5,6624,pixel3,cifar10,89.120000,1.670570,0.872524,16116
10,5,1497,pixel3,cifar10,86.556660,1.056630,0.872524,16116
10,5,6382,pixel3,cifar10,93.376660,7.048190,0.872524,16116
10,5,1805,pixel3,cifar10,92.013336,5.966720,0.872524,16116
10,5,1778,pixel3,cifar10,92.180000,6.446230,0.872524,16116
10,5,7197,pixel3,cifar10,90.366670,2.447670,0.872524,16116
10,5,4627,pixel3,cifar10,93.270000,7.036050,0.872524,16116
10,5,2035,pixel3,cifar10,89.670000,1.706480,0.872524,16116
10,5,7001,pixel3,cifar10,10.000000,0.003277,0.872524,16116
10,5,13987,pixel3,cifar10,93.596664,9.922680,0.872524,16116
10,5,5111,pixel3,cifar10,94.306660,17.584600,0.872524,16116
10,5,6918,pixel3,cifar10,87.000000,1.478790,0.872524,16116
10,5,12452,pixel3,cifar10,91.350000,5.590110,0.872524,16116
10,5,78,pixel3,cifar10,91.933334,5.807870,0.872524,16116
10,5,1943,pixel3,cifar10,93.116670,6.492030,0.872524,16116
10,5,1941,pixel3,cifar10,93.533330,9.128690,0.872524,16116
10,5,8708,pixel3,cifar10,94.080000,12.839000,0.872524,16116
10,5,6470,pixel3,cifar10,92.000000,5.826540,0.872524,16116
10,5,1781,pixel3,cifar10,89.883330,1.712020,0.872524,16116
10,6,4210,raspi4,cifar10,89.030000,4.782748,0.755056,16083
10,6,1690,raspi4,cifar10,86.646670,2.536549,0.755056,16083
10,6,1804,raspi4,cifar10,89.063330,4.791845,0.755056,16083
10,6,7352,raspi4,cifar10,92.200000,18.038305,0.755056,16083
10,6,6111,raspi4,cifar10,94.373340,68.404106,0.755056,16083
10,6,8426,raspi4,cifar10,93.840000,31.394428,0.755056,16083
10,6,4112,raspi4,cifar10,89.710000,5.004419,0.755056,16083
10,6,5780,raspi4,cifar10,93.980000,34.928463,0.755056,16083
10,6,7058,raspi4,cifar10,92.040000,16.469465,0.755056,16083
10,6,3731,raspi4,cifar10,94.343330,58.070793,0.755056,16083
10,6,9271,raspi4,cifar10,89.250000,4.830311,0.755056,16083
10,6,5111,raspi4,cifar10,94.306660,41.756905,0.755056,16083
10,6,1099,raspi4,cifar10,92.240000,18.358124,0.755056,16083
10,6,7207,raspi4,cifar10,89.803340,5.099723,0.755056,16083
10,6,11533,raspi4,cifar10,93.420000,21.715693,0.755056,16083
10,6,9980,raspi4,cifar10,10.000000,0.011284,0.755056,16083
10,6,11692,raspi4,cifar10,94.130000,37.583630,0.755056,16083
10,6,13846,raspi4,cifar10,90.720000,7.176163,0.755056,16083
10,6,14677,raspi4,cifar10,88.670000,4.755260,0.755056,16083
10,6,1962,raspi4,cifar10,86.530000,2.529453,0.755056,16083
10,6,6918,raspi4,cifar10,87.000000,2.787590,0.755056,16083
10,6,8008,raspi4,cifar10,93.480000,22.571420,0.755056,16083
10,6,1973,raspi4,cifar10,91.663330,16.185848,0.755056,16083
10,6,3687,raspi4,cifar10,89.820000,5.156255,0.755056,16083
10,6,1941,raspi4,cifar10,93.533330,25.121769,0.755056,16083
10,6,8592,raspi4,cifar10,93.750000,25.477009,0.755056,16083
10,6,10445,raspi4,cifar10,90.940000,12.393285,0.755056,16083
10,6,13320,raspi4,cifar10,89.330000,4.889096,0.755056,16083
10,6,1781,raspi4,cifar10,89.883330,5.961801,0.755056,16083
10,6,6382,raspi4,cifar10,93.376660,21.461164,0.755056,16083
10,6,11810,raspi4,cifar10,92.780000,18.619905,0.755056,16083
10,6,7017,raspi4,cifar10,86.970000,2.544041,0.755056,16083
10,6,8323,raspi4,cifar10,90.870000,7.426308,0.755056,16083
10,6,14565,raspi4,cifar10,88.880000,4.781183,0.755056,16083
10,6,2058,raspi4,cifar10,93.270000,19.484835,0.755056,16083
10,6,10412,raspi4,cifar10,93.530000,25.079220,0.755056,16083
10,6,6868,raspi4,cifar10,90.880000,10.226877,0.755056,16083
10,6,12505,raspi4,cifar10,92.150000,16.747276,0.755056,16083
10,7,12415,edgegpu,cifar100,71.940000,4.828467,0.611462,16271
10,7,14984,edgegpu,cifar100,67.166664,1.760831,0.611462,16271
10,7,14300,edgegpu,cifar100,67.300000,1.765666,0.611462,16271
10,7,3888,edgegpu,cifar100,73.260000,6.797867,0.611462,16271
10,7,1425,edgegpu,cifar100,72.093330,5.310225,0.611462,16271
10,7,4609,edgegpu,cifar100,66.520000,1.758838,0.611462,16271
10,7,9922,edgegpu,cifar100,58.560000,1.428552,0.611462,16271
10,7,9930,edgegpu,cifar100,73.513336,6.803060,0.611462,16271
10,7,4954,edgegpu,cifar100,73.000000,6.669736,0.611462,16271
10,7,8401,edgegpu,cifar100,71.080000,3.302102,0.611462,16271
10,7,2778,edgegpu,cifar100,72.993330,6.134028,0.611462,16271
10,7,11810,edgegpu,cifar100,68.300000,1.779551,0.611462,16271
10,7,1509,edgegpu,cifar100,1.000000,0.505853,0.611462,16271
10,7,11885,edgegpu,cifar100,68.040000,1.776652,0.611462,16271
10,7,4418,edgegpu,cifar100,72.746666,5.352364,0.611462,16271
10,7,8912,edgegpu,cifar100,59.200000,1.441355,0.611462,16271
10,7,2304,edgegpu,cifar100,58.660000,1.440253,0.611462,16271
10,7,9997,edgegpu,cifar100,71.520000,3.466139,0.611462,16271
10,7,14677,edgegpu,cifar100,62.420000,1.746187,0.611462,16271
10,8,857,edgetpu,cifar100,72.880000,1.264168,0.625952,16023
10,8,8401,edgetpu,cifar100,71.080000,0.728572,0.625952,16023
10,8,9930,edgetpu,cifar100,73.513336,1.454107,0.625952,16023
10,8,2705,edgetpu,cifar100,62.813330,0.393026,0.625952,16023
10,8,5019,edgetpu,cifar100,58.880000,0.357058,0.625952,16023
10,8,4418,edgetpu,cifar100,72.746666,1.093699,0.625952,16023
10,8,12415,edgetpu,cifar100,71.940000,0.872299,0.625952,16023
10,8,4977,edgetpu,cifar100,63.360000,0.398743,0.625952,16023
10,8,1425,edgetpu,cifar100,72.093330,0.910660,0.625952,16023
10,8,577,edgetpu,cifar100,69.680000,0.635228,0.625952,16023
10,8,777,edgetpu,cifar100,58.650000,0.355588,0.625952,16023
10,8,4627,edgetpu,cifar100,69.600000,0.635153,0.625952,16023
10,8,9997,edgetpu,cifar100,71.520000,0.729986,0.625952,16023
10,8,4155,edgetpu,cifar100,62.306667,0.391442,0.625952,16023
10,8,11810,edgetpu,cifar100,68.300000,0.492126,0.625952,16023
10,8,14945,edgetpu,cifar100,58.500000,0.354940,0.625952,16023
10,8,781,edgetpu,cifar100,67.960000,0.487922,0.625952,16023
10,8,15363,edgetpu,cifar100,70.520000,0.676394,0.625952,16023
10,8,3888,edgetpu,cifar100,73.260000,1.316226,0.625952,16023
10,8,6946,edgetpu,cifar100,67.500000,0.486233,0.625952,16023
10,8,12761,edgetpu,cifar100,72.860000,1.225212,0.625952,16023
10,8,1110,edgetpu,cifar100,58.840000,0.355938,0.625952,16023
10,8,797,edgetpu,cifar100,69.580000,0.633351,0.625952,16023
10,8,8638,edgetpu,cifar100,58.860000,0.356631,0.625952,16023
10,8,3303,edgetpu,cifar100,62.420000,0.392593,0.625952,16023
10,8,10000,edgetpu,cifar100,73.160000,1.283461,0.625952,16023
10,8,12574,edgetpu,cifar100,72.740000,0.932430,0.625952,16023
10,8,12607,edgetpu,cifar100,62.600000,0.392830,0.625952,16023
10,8,69,edgetpu,cifar100,71.020000,0.727259,0.625952,16023
10,8,11533,edgetpu,cifar100,69.760000,0.635877,0.625952,16023
10,8,11885,edgetpu,cifar100,68.040000,0.489665,0.625952,16023
10,8,4659,edgetpu,cifar100,70.060000,0.636433,0.625952,16023
10,8,15137,edgetpu,cifar100,63.160000,0.393504,0.625952,16023
10,9,5651,eyeriss,cifar100,64.690000,1.928320,0.489293,16656
10,9,3888,eyeriss,cifar100,73.260000,6.597760,0.489293,16656
10,9,12761,eyeriss,cifar100,72.860000,6.352000,0.489293,16656
10,9,12574,eyeriss,cifar100,72.740000,5.123200,0.489293,16656
10,9,6925,eyeriss,cifar100,71.220000,3.894400,0.489293,16656
10,9,6787,eyeriss,cifar100,70.720000,3.648640,0.489293,16656
10,9,11301,eyeriss,cifar100,68.220000,2.665600,0.489293,16656
10,9,3540,eyeriss,cifar100,71.500000,4.877440,0.489293,16656
10,9,3487,eyeriss,cifar100,70.093330,3.402880,0.489293,16656
10,9,12820,eyeriss,cifar100,67.720000,2.419840,0.489293,16656
10,9,5084,eyeriss,cifar100,58.813330,1.682560,0.489293,16656
10,9,9930,eyeriss,cifar100,73.513336,9.055360,0.489293,16656
10,9,10689,eyeriss,cifar100,67.500000,2.174080,0.489293,16656
10,9,14112,eyeriss,cifar100,68.386665,2.911360,0.489293,16656
10,10,4249,fpga,cifar100,65.080000,2.057760,0.530302,16376
10,10,3540,fpga,cifar100,71.500000,4.163360,0.530302,16376
10,10,12295,fpga,cifar100,71.160000,3.648160,0.530302,16376
10,10,9930,fpga,cifar100,73.513336,7.420960,0.530302,16376
10,10,15033,fpga,cifar100,67.793335,2.390560,0.530302,16376
10,10,4659,fpga,cifar100,70.060000,2.905760,0.530302,16376
10,10,9997,fpga,cifar100,71.520000,4.572960,0.530302,16376
10,10,5084,fpga,cifar100,58.813330,1.132960,0.530302,16376
10,10,15363,fpga,cifar100,70.520000,3.420960,0.530302,16376
10,10,6925,fpga,cifar100,71.220000,3.936160,0.530302,16376
10,10,12761,fpga,cifar100,72.860000,5.420960,0.530302,16376
10,10,3888,fpga,cifar100,73.260000,5.936160,0.530302,16376
10,10,10689,fpga,cifar100,67.500000,2.163360,0.530302,16376
10,10,3687,fpga,cifar100,64.460000,1.648160,0.530302,16376
10,10,12574,fpga,cifar100,72.740000,4.678560,0.530302,16376
10,10,5033,fpga,cifar100,59.060000,1.542560,0.530302,16376
10,10,5743,fpga,cifar100,67.800000,2.800160,0.530302,16376
10,11,8323,pixel3,cifar100,67.080000,3.106340,0.640094,16069
10,11,6787,pixel3,cifar100,70.720000,9.854430,0.640094,16069
10,11,11000,pixel3,cifar100,71.180000,10.677600,0.640094,16069
10,11,1459,pixel3,cifar100,73.140000,23.437900,0.640094,16069
10,11,14112,pixel3,cifar100,68.386665,5.745320,0.640094,16069
10,11,6925,pixel3,cifar100,71.220000,10.688000,0.640094,16069
10,11,699,pixel3,cifar100,72.240000,12.079400,0.640094,16069
10,11,5651,pixel3,cifar100,64.690000,2.376870,0.640094,16069
10,11,857,pixel3,cifar100,72.880000,19.113200,0.640094,16069
10,11,3888,pixel3,cifar100,73.260000,23.477200,0.640094,16069
10,11,6337,pixel3,cifar100,1.000000,0.008753,0.640094,16069
10,11,11301,pixel3,cifar100,68.220000,5.352090,0.640094,16069
10,11,12970,pixel3,cifar100,68.140000,4.782110,0.640094,16069
10,11,10689,pixel3,cifar100,67.500000,3.109220,0.640094,16069
10,11,8638,pixel3,cifar100,58.860000,1.478570,0.640094,16069
10,11,4659,pixel3,cifar100,70.060000,9.026280,0.640094,16069
10,11,1090,pixel3,cifar100,65.220000,2.811310,0.640094,16069
10,11,1409,pixel3,cifar100,58.853333,1.275090,0.640094,16069
10,11,1450,pixel3,cifar100,70.506670,9.337360,0.640094,16069
10,11,9930,pixel3,cifar100,73.513336,42.003600,0.640094,16069
10,11,1416,pixel3,cifar100,64.493330,2.084060,0.640094,16069
10,11,4432,pixel3,cifar100,66.486664,3.105870,0.640094,16069
10,11,777,pixel3,cifar100,58.650000,1.087020,0.640094,16069
10,11,898,pixel3,cifar100,70.000000,6.516140,0.640094,16069
10,11,1593,pixel3,cifar100,62.126667,1.582050,0.640094,16069
10,11,12574,pixel3,cifar100,72.740000,16.473900,0.640094,16069
10,11,8912,pixel3,cifar100,59.200000,1.478790,0.640094,16069
10,11,906,pixel3,cifar100,62.393333,1.661810,0.640094,16069
10,12,14112,raspi4,cifar100,68.386665,14.423308,0.782750,16105
10,12,3307,raspi4,cifar100,62.620000,4.846187,0.782750,16105
10,12,15137,raspi4,cifar100,63.160000,4.941014,0.782750,16105
10,12,4806,raspi4,cifar100,62.270000,4.787734,0.782750,16105
10,12,13430,raspi4,cifar100,66.700000,7.203785,0.782750,16105
10,12,6787,raspi4,cifar100,70.720000,23.081835,0.782750,16105
10,12,3487,raspi4,cifar100,70.093330,21.603350,0.782750,16105
10,12,4409,raspi4,cifar100,67.173330,7.228629,0.782750,16105
10,12,6925,raspi4,cifar100,71.220000,24.195030,0.782750,16105
10,12,2035,raspi4,cifar100,63.926666,5.005698,0.782750,16105
10,12,3888,raspi4,cifar100,73.260000,55.029520,0.782750,16105
10,12,2222,raspi4,cifar100,58.313330,2.538255,0.782750,16105
10,12,3408,raspi4,cifar100,63.993332,5.081906,0.782750,16105
10,12,898,raspi4,cifar100,70.000000,21.506163,0.782750,16105
10,12,9926,raspi4,cifar100,63.520000,4.999532,0.782750,16105
10,12,14792,raspi4,cifar100,69.500000,19.111843,0.782750,16105
10,12,6177,raspi4,cifar100,62.373333,4.795128,0.782750,16105
10,12,6830,raspi4,cifar100,71.460000,34.491814,0.782750,16105
10,12,4195,raspi4,cifar100,62.700000,4.877588,0.782750,16105
10,12,15363,raspi4,cifar100,70.520000,21.809430,0.782750,16105
10,12,1572,raspi4,cifar100,69.900000,19.916142,0.782750,16105
10,12,12761,raspi4,cifar100,72.860000,53.718200,0.782750,16105
10,12,12915,raspi4,cifar100,66.950000,7.226311,0.782750,16105
10,12,6822,raspi4,cifar100,58.426666,2.558594,0.782750,16105
10,12,1188,raspi4,cifar100,62.486668,4.834681,0.782750,16105
10,12,375,raspi4,cifar100,64.440000,5.099302,0.782750,16105
10,12,10689,raspi4,cifar100,67.500000,7.381845,0.782750,16105
10,12,8740,raspi4,cifar100,1.000000,0.015215,0.782750,16105
10,12,15589,raspi4,cifar100,59.060000,2.795078,0.782750,16105
10,12,7031,raspi4,cifar100,69.526665,19.879576,0.782750,16105
10,12,10042,raspi4,cifar100,64.880000,5.100886,0.782750,16105
10,12,6918,raspi4,cifar100,58.800000,2.571364,0.782750,16105
10,12,9930,raspi4,cifar100,73.513336,71.152000,0.782750,16105
10,12,4418,raspi4,cifar100,72.746666,47.162354,0.782750,16105
10,12,1459,raspi4,cifar100,73.140000,53.879950,0.782750,16105
10,12,9997,raspi4,cifar100,71.520000,34.996710,0.782750,16105
10,12,14612,raspi4,cifar100,58.720000,2.563505,0.782750,16105
10,12,7585,raspi4,cifar100,62.410000,4.802180,0.782750,16105
10,12,12574,raspi4,cifar100,72.740000,36.371254,0.782750,16105
10,12,10222,raspi4,cifar100,58.860000,2.747804,0.782750,16105
10,13,11438,edgegpu,ImageNet16-120,39.733334,1.903386,0.652796,16182
10,13,8734,edgegpu,ImageNet16-120,39.466667,1.766081,0.652796,16182
10,13,4332,edgegpu,ImageNet16-120,39.444443,1.745496,0.652796,16182
10,13,6950,edgegpu,ImageNet16-120,38.700000,1.740150,0.652796,16182
10,13,7760,edgegpu,ImageNet16-120,39.100000,1.743751,0.652796,16182
10,13,14612,edgegpu,ImageNet16-120,28.488890,1.434064,0.652796,16182
10,13,9722,edgegpu,ImageNet16-120,44.000000,3.327813,0.652796,16182
10,13,8426,edgegpu,ImageNet16-120,44.633335,3.370147,0.652796,16182
10,13,9586,edgegpu,ImageNet16-120,46.933334,5.222673,0.652796,16182
10,13,454,edgegpu,ImageNet16-120,41.277780,3.303313,0.652796,16182
10,13,4946,edgegpu,ImageNet16-120,44.700000,3.490419,0.652796,16182
10,13,11217,edgegpu,ImageNet16-120,43.466667,3.316708,0.652796,16182
10,13,15383,edgegpu,ImageNet16-120,47.033333,6.262836,0.652796,16182
10,13,8401,edgegpu,ImageNet16-120,43.833332,3.322444,0.652796,16182
10,13,12415,edgegpu,ImageNet16-120,46.566666,4.667692,0.652796,16182
10,13,8884,edgegpu,ImageNet16-120,45.033333,3.499999,0.652796,16182
10,13,1164,edgegpu,ImageNet16-120,28.522223,1.435223,0.652796,16182
10,13,10835,edgegpu,ImageNet16-120,45.233334,4.434366,0.652796,16182
10,13,5751,edgegpu,ImageNet16-120,40.044445,2.434626,0.652796,16182
10,13,15288,edgegpu,ImageNet16-120,28.422222,1.417041,0.652796,16182
10,13,15376,edgegpu,ImageNet16-120,0.833333,0.533953,0.652796,16182
10,13,4988,edgegpu,ImageNet16-120,28.933332,1.448212,0.652796,16182
10,13,14117,edgegpu,ImageNet16-120,28.677778,1.435547,0.652796,16182
10,13,4587,edgegpu,ImageNet16-120,28.800000,1.445131,0.652796,16182
10,13,12081,edgegpu,ImageNet16-120,40.233334,2.730479,0.652796,16182
10,13,8355,edgegpu,ImageNet16-120,39.666668,1.810203,0.652796,16182
10,13,7187,edgegpu,ImageNet16-120,28.683332,1.443858,0.652796,16182
10,13,857,edgegpu,ImageNet16-120,47.311110,6.707663,0.652796,16182
10,14,10017,edgetpu,ImageNet16-120,40.566666,0.524950,0.645090,16226
10,14,10888,edgetpu,ImageNet16-120,28.333334,0.359044,0.645090,16226
10,14,14527,edgetpu,ImageNet16-120,28.133333,0.358865,0.645090,16226
10,14,4160,edgetpu,ImageNet16-120,39.833332,0.430355,0.645090,16226
10,14,7273,edgetpu,ImageNet16-120,42.966667,0.550014,0.645090,16226
10,14,6520,edgetpu,ImageNet16-120,32.383335,0.363944,0.645090,16226
10,14,15363,edgetpu,ImageNet16-120,44.333332,0.582280,0.645090,16226
10,14,12415,edgetpu,ImageNet16-120,46.566666,0.710906,0.645090,16226
10,14,8884,edgetpu,ImageNet16-120,45.033333,0.615792,0.645090,16226
10,14,13931,edgetpu,ImageNet16-120,28.788889,0.360349,0.645090,16226
10,14,7174,edgetpu,ImageNet16-120,33.116665,0.391775,0.645090,16226
10,14,10332,edgetpu,ImageNet16-120,40.033333,0.516152,0.645090,16226
10,14,4627,edgetpu,ImageNet16-120,43.500000,0.552306,0.645090,16226
10,14,4977,edgetpu,ImageNet16-120,32.966667,0.367728,0.645090,16226
10,14,6672,edgetpu,ImageNet16-120,27.822222,0.358864,0.645090,16226
10,14,11079,edgetpu,ImageNet16-120,43.566666,0.552430,0.645090,16226
10,14,8781,edgetpu,ImageNet16-120,32.366665,0.363484,0.645090,16226
10,14,5751,edgetpu,ImageNet16-120,40.044445,0.516992,0.645090,16226
10,14,857,edgetpu,ImageNet16-120,47.311110,0.997730,0.645090,16226
10,14,10750,edgetpu,ImageNet16-120,44.600000,0.615553,0.645090,16226
10,14,3540,edgetpu,ImageNet16-120,45.122223,0.648670,0.645090,16226
10,14,7750,edgetpu,ImageNet16-120,43.066666,0.551617,0.645090,16226
10,14,14840,edgetpu,ImageNet16-120,45.311110,0.666690,0.645090,16226
10,14,15383,edgetpu,ImageNet16-120,47.033333,0.780914,0.645090,16226
10,14,8915,edgetpu,ImageNet16-120,32.611110,0.364729,0.645090,16226
10,14,8447,edgetpu,ImageNet16-120,40.011112,0.514586,0.645090,16226
10,14,13097,edgetpu,ImageNet16-120,39.655556,0.428424,0.645090,16226
10,14,5724,edgetpu,ImageNet16-120,28.366667,0.359987,0.645090,16226
10,14,779,edgetpu,ImageNet16-120,32.700000,0.366534,0.645090,16226
10,14,15107,edgetpu,ImageNet16-120,39.800000,0.430284,0.645090,16226
10,14,1973,edgetpu,ImageNet16-120,38.855556,0.427802,0.645090,16226
10,14,13769,edgetpu,ImageNet16-120,41.555557,0.549360,0.645090,16226
10,14,7396,edgetpu,ImageNet16-120,40.177776,0.517218,0.645090,16226
10,14,4830,edgetpu,ImageNet16-120,42.233334,0.549457,0.645090,16226
10,14,10167,edgetpu,ImageNet16-120,39.944443,0.444058,0.645090,16226
10,15,479,eyeriss,ImageNet16-120,38.500000,0.607360,0.484916,16494
10,15,6787,eyeriss,ImageNet16-120,44.400000,0.914560,0.484916,16494
10,15,14417,eyeriss,ImageNet16-120,45.900000,1.098880,0.484916,16494
10,15,6854,eyeriss,ImageNet16-120,40.800000,0.668800,0.484916,16494
10,15,4829,eyeriss,ImageNet16-120,34.200000,0.484480,0.484916,16494
10,15,8853,eyeriss,ImageNet16-120,45.600000,1.037440,0.484916,16494
10,15,1939,eyeriss,ImageNet16-120,45.077778,0.976000,0.484916,16494
10,15,8008,eyeriss,ImageNet16-120,43.500000,0.853120,0.484916,16494
10,15,5487,eyeriss,ImageNet16-120,38.500000,0.607360,0.484916,16494
10,15,4988,eyeriss,ImageNet16-120,28.933332,0.423040,0.484916,16494
10,15,15383,eyeriss,ImageNet16-120,47.033333,1.283200,0.484916,16494
10,15,2835,eyeriss,ImageNet16-120,38.222220,0.545920,0.484916,16494
10,15,857,eyeriss,ImageNet16-120,47.311110,1.651840,0.484916,16494
10,16,8008,fpga,ImageNet16-120,43.500000,0.876800,0.528941,16245
10,16,6787,fpga,ImageNet16-120,44.400000,0.969600,0.528941,16245
10,16,6854,fpga,ImageNet16-120,40.800000,0.809120,0.528941,16245
10,16,2835,fpga,ImageNet16-120,38.222220,0.546720,0.528941,16245
10,16,5793,fpga,ImageNet16-120,35.033333,0.517920,0.528941,16245
10,16,12452,fpga,ImageNet16-120,40.533333,0.780320,0.528941,16245
10,16,1939,fpga,ImageNet16-120,45.077778,1.062400,0.528941,16245
10,16,11079,fpga,ImageNet16-120,43.566666,0.902400,0.528941,16245
10,16,14417,fpga,ImageNet16-120,45.900000,1.276320,0.528941,16245
10,16,15383,fpga,ImageNet16-120,47.033333,1.504000,0.528941,16245
10,16,14748,fpga,ImageNet16-120,44.900000,0.995200,0.528941,16245
10,16,6868,fpga,ImageNet16-120,39.000000,0.649120,0.528941,16245
10,16,15446,fpga,ImageNet16-120,45.766666,1.116320,0.528941,16245
10,16,4988,fpga,ImageNet16-120,28.933332,0.284320,0.528941,16245
10,16,9805,fpga,ImageNet16-120,34.133335,0.415520,0.528941,16245
10,16,10017,fpga,ImageNet16-120,40.566666,0.784000,0.528941,16245
10,17,4409,pixel3,ImageNet16-120,37.722220,0.862979,0.734926,15986
10,17,12036,pixel3,ImageNet16-120,33.977780,0.665306,0.734926,15986
10,17,12424,pixel3,ImageNet16-120,43.133330,2.470150,0.734926,15986
10,17,872,pixel3,ImageNet16-120,41.777780,2.465030,0.734926,15986
10,17,3728,pixel3,ImageNet16-120,28.500000,0.422880,0.734926,15986
10,17,13756,pixel3,ImageNet16-120,0.833333,0.005289,0.734926,15986
10,17,6014,pixel3,ImageNet16-120,28.533333,0.423391,0.734926,15986
10,17,12358,pixel3,ImageNet16-120,34.055557,0.666287,0.734926,15986
10,17,1425,pixel3,ImageNet16-120,45.977780,4.619290,0.734926,15986
10,17,13059,pixel3,ImageNet16-120,34.266666,0.668679,0.734926,15986
10,17,857,pixel3,ImageNet16-120,47.311110,6.686850,0.734926,15986
10,17,4587,pixel3,ImageNet16-120,28.800000,0.445767,0.734926,15986
10,17,2018,pixel3,ImageNet16-120,46.433334,4.949210,0.734926,15986
10,17,10154,pixel3,ImageNet16-120,46.133335,4.783700,0.734926,15986
10,17,4895,pixel3,ImageNet16-120,33.200000,0.619070,0.734926,15986
10,17,15383,pixel3,ImageNet16-120,47.033333,5.191720,0.734926,15986
10,17,9496,pixel3,ImageNet16-120,38.200000,1.024960,0.734926,15986
10,17,6854,pixel3,ImageNet16-120,40.800000,1.621620,0.734926,15986
10,17,4004,pixel3,ImageNet16-120,42.811110,2.467510,0.734926,15986
10,17,8853,pixel3,ImageNet16-120,45.600000,3.554540,0.734926,15986
10,17,249,pixel3,ImageNet16-120,43.577778,2.720310,0.734926,15986
10,17,4988,pixel3,ImageNet16-120,28.933332,0.485996,0.734926,15986
10,17,14417,pixel3,ImageNet16-120,45.900000,4.143030,0.734926,15986
10,17,12516,pixel3,ImageNet16-120,32.083332,0.617816,0.734926,15986
10,17,1939,pixel3,ImageNet16-120,45.077778,3.021500,0.734926,15986
10,17,10293,pixel3,ImageNet16-120,28.188889,0.422463,0.734926,15986
10,17,5487,pixel3,ImageNet16-120,38.500000,1.109150,0.734926,15986
10,17,12639,pixel3,ImageNet16-120,40.400000,1.304440,0.734926,15986
10,17,6294,pixel3,ImageNet16-120,38.011112,0.869124,0.734926,15986
10,17,4977,pixel3,ImageNet16-120,32.966667,0.617991,0.734926,15986
10,17,1110,pixel3,ImageNet16-120,28.600000,0.423927,0.734926,15986
10,17,11000,pixel3,ImageNet16-120,44.866665,2.962520,0.734926,15986
10,17,9032,pixel3,ImageNet16-120,38.016666,1.020960,0.734926,15986
10,17,1549,pixel3,ImageNet16-120,28.655556,0.424747,0.734926,15986
10,17,7187,pixel3,ImageNet16-120,28.683332,0.425223,0.734926,15986
10,17,3960,pixel3,ImageNet16-120,37.755554,0.865747,0.734926,15986
10,17,11079,pixel3,ImageNet16-120,43.566666,2.479610,0.734926,15986
10,17,12506,pixel3,ImageNet16-120,43.983334,2.929990,0.734926,15986
10,17,12355,pixel3,ImageNet16-120,45.033333,2.989390,0.734926,15986
10,17,1860,pixel3,ImageNet16-120,28.433332,0.422587,0.734926,15986
10,18,1939,raspi4,ImageNet16-120,45.077778,5.341908,0.852594,16082
10,18,11885,raspi4,ImageNet16-120,39.166668,3.065985,0.852594,16082
10,18,4995,raspi4,ImageNet16-120,42.166668,3.766336,0.852594,16082
10,18,8733,raspi4,ImageNet16-120,46.600000,7.477213,0.852594,16082
10,18,1099,raspi4,ImageNet16-120,38.766666,3.064808,0.852594,16082
10,18,8884,raspi4,ImageNet16-120,45.033333,5.293177,0.852594,16082
10,18,8569,raspi4,ImageNet16-120,38.833332,3.065497,0.852594,16082
10,18,9496,raspi4,ImageNet16-120,38.200000,2.204048,0.852594,16082
10,18,3650,raspi4,ImageNet16-120,43.866665,4.475790,0.852594,16082
10,18,14792,raspi4,ImageNet16-120,43.033333,3.792447,0.852594,16082
10,18,735,raspi4,ImageNet16-120,38.544445,2.911079,0.852594,16082
10,18,6336,raspi4,ImageNet16-120,39.366665,3.073392,0.852594,16082
10,18,5637,raspi4,ImageNet16-120,33.933334,1.580707,0.852594,16082
10,18,11584,raspi4,ImageNet16-120,46.666668,8.014434,0.852594,16082
10,18,2779,raspi4,ImageNet16-120,37.355556,2.190654,0.852594,16082
10,18,7187,raspi4,ImageNet16-120,28.683332,0.952790,0.852594,16082
10,18,3782,raspi4,ImageNet16-120,41.866665,3.755286,0.852594,16082
10,18,4988,raspi4,ImageNet16-120,28.933332,1.003251,0.852594,16082
10,18,3431,raspi4,ImageNet16-120,32.966667,1.536690,0.852594,16082
10,18,10715,raspi4,ImageNet16-120,45.533333,6.790813,0.852594,16082
10,18,14677,raspi4,ImageNet16-120,33.233334,1.537227,0.852594,16082
10,18,13931,raspi4,ImageNet16-120,28.788889,0.956195,0.852594,16082
10,18,8853,raspi4,ImageNet16-120,45.600000,6.961605,0.852594,16082
10,18,15383,raspi4,ImageNet16-120,47.033333,8.565354,0.852594,16082
10,18,219,raspi4,ImageNet16-120,42.500000,3.768475,0.852594,16082
10,18,15363,raspi4,ImageNet16-120,44.333332,4.480516,0.852594,16082
10,18,10189,raspi4,ImageNet16-120,45.200000,6.699618,0.852594,16082
10,18,6787,raspi4,ImageNet16-120,44.400000,4.532777,0.852594,16082
10,18,857,raspi4,ImageNet16-120,47.311110,9.020064,0.852594,16082
10,18,6519,raspi4,ImageNet16-120,40.183334,3.212652,0.852594,16082
10,18,3960,raspi4,ImageNet16-120,37.755554,2.197980,0.852594,16082
10,18,7870,raspi4,ImageNet16-120,42.633335,3.788979,0.852594,16082
10,18,10217,raspi4,ImageNet16-120,45.100000,6.109362,0.852594,16082
10,18,933,raspi4,ImageNet16-120,0.833333,0.011514,0.852594,16082
10,18,6854,raspi4,ImageNet16-120,40.800000,3.661016,0.852594,16082
10,18,11209,raspi4,ImageNet16-120,33.266666,1.580655,0.852594,16082
10,18,13644,raspi4,ImageNet16-120,45.333332,6.780282,0.852594,16082
10,18,5973,raspi4,ImageNet16-120,40.100000,3.159922,0.852594,16082
10,18,12639,raspi4,ImageNet16-120,40.400000,3.628959,0.852594,16082
10,18,3496,raspi4,ImageNet16-120,34.233334,1.598666,0.852594,16082
10,18,9032,raspi4,ImageNet16-120,38.016666,2.201532,0.852594,16082
10,18,11079,raspi4,ImageNet16-120,43.566666,3.802027,0.852594,16082
10,18,8584,raspi4,ImageNet16-120,34.088890,1.586268,0.852594,16082
10,18,11946,raspi4,ImageNet16-120,28.200000,0.940293,0.852594,16082
10,18,10472,raspi4,ImageNet16-120,39.633335,3.079679,0.852594,16082
10,18,15107,raspi4,ImageNet16-120,39.800000,3.083329,0.852594,16082
10,18,15446,raspi4,ImageNet16-120,45.766666,7.469873,0.852594,16082
10,18,5455,raspi4,ImageNet16-120,32.611110,1.532377,0.852594,16082
10,18,1188,raspi4,ImageNet16-120,32.455555,1.526725,0.852594,16082
10,18,1204,raspi4,ImageNet16-120,37.844444,2.199356,0.852594,16082
11,1,4803,edgegpu,cifar10,88.746666,1.748652,0.605078,16134
11,1,14,edgegpu,cifar10,92.013336,1.774511,0.605078,16134
11,1,1038,edgegpu,cifar10,92.276665,1.828198,0.605078,16134
11,1,258,edgegpu,cifar10,93.640000,3.307109,0.605078,16134
11,1,10484,edgegpu,cifar10,93.810000,3.354015,0.605078,16134
11,1,13401,edgegpu,cifar10,87.010000,1.457009,0.605078,16134
11,1,9462,edgegpu,cifar10,91.990000,1.764455,0.605078,16134
11,1,11692,edgegpu,cifar10,94.130000,4.708362,0.605078,16134
11,1,11810,edgegpu,cifar10,92.780000,1.992798,0.605078,16134
11,1,2776,edgegpu,cifar10,93.666664,3.331194,0.605078,16134
11,1,15200,edgegpu,cifar10,10.000000,0.501385,0.605078,16134
11,1,1099,edgegpu,cifar10,92.240000,1.774683,0.605078,16134
11,1,5780,edgegpu,cifar10,93.980000,3.361888,0.605078,16134
11,1,13714,edgegpu,cifar10,94.373340,6.772180,0.605078,16134
11,1,2053,edgegpu,cifar10,94.206665,5.482254,0.605078,16134
11,1,2090,edgegpu,cifar10,86.650000,1.437702,0.605078,16134
11,1,5400,edgegpu,cifar10,86.630000,1.427460,0.605078,16134
11,1,9099,edgegpu,cifar10,93.940000,3.357520,0.605078,16134
11,1,6499,edgegpu,cifar10,93.645000,3.331041,0.605078,16134
11,1,4006,edgegpu,cifar10,91.986664,1.754365,0.605078,16134
11,1,6330,edgegpu,cifar10,94.006670,4.384699,0.605078,16134
11,1,561,edgegpu,cifar10,86.880000,1.451068,0.605078,16134
11,1,1459,edgegpu,cifar10,94.296670,6.748991,0.605078,16134
11,1,14407,edgegpu,cifar10,86.770000,1.440282,0.605078,16134
11,1,14527,edgegpu,cifar10,86.765000,1.439619,0.605078,16134
11,1,5292,edgegpu,cifar10,94.293335,6.663151,0.605078,16134
11,2,12852,edgetpu,cifar10,92.083336,0.481477,0.695755,16447
11,2,3731,edgetpu,cifar10,94.343330,1.282820,0.695755,16447
11,2,3927,edgetpu,cifar10,93.626660,0.723268,0.695755,16447
11,2,2053,edgetpu,cifar10,94.206665,1.042178,0.695755,16447
11,2,5647,edgetpu,cifar10,89.110000,0.389378,0.695755,16447
11,2,13714,edgetpu,cifar10,94.373340,1.377865,0.695755,16447
11,2,5780,edgetpu,cifar10,93.980000,0.723967,0.695755,16447
11,2,11810,edgetpu,cifar10,92.780000,0.482879,0.695755,16447
11,2,9689,edgetpu,cifar10,93.370000,0.628386,0.695755,16447
11,2,6382,edgetpu,cifar10,93.376660,0.628638,0.695755,16447
11,2,9950,edgetpu,cifar10,93.840000,0.723767,0.695755,16447
11,2,5111,edgetpu,cifar10,94.306660,1.152010,0.695755,16447
11,2,4675,edgetpu,cifar10,89.200000,0.395661,0.695755,16447
11,2,8008,edgetpu,cifar10,93.480000,0.629746,0.695755,16447
11,2,5889,edgetpu,cifar10,91.996666,0.481330,0.695755,16447
11,2,797,edgetpu,cifar10,93.280000,0.627996,0.695755,16447
11,2,12439,edgetpu,cifar10,86.393330,0.352159,0.695755,16447
11,2,11692,edgetpu,cifar10,94.130000,0.761100,0.695755,16447
11,2,2240,edgetpu,cifar10,91.990000,0.480973,0.695755,16447
11,2,7017,edgetpu,cifar10,86.970000,0.353089,0.695755,16447
11,2,7636,edgetpu,cifar10,92.270000,0.481888,0.695755,16447
11,2,6918,edgetpu,cifar10,87.000000,0.375819,0.695755,16447
11,2,9380,edgetpu,cifar10,89.335000,0.395662,0.695755,16447
11,2,12607,edgetpu,cifar10,89.180000,0.391577,0.695755,16447
11,2,11438,edgetpu,cifar10,92.500000,0.482393,0.695755,16447
11,2,10293,edgetpu,cifar10,86.513336,0.352328,0.695755,16447
11,2,1005,edgetpu,cifar10,89.183334,0.392518,0.695755,16447
11,2,8192,edgetpu,cifar10,93.093330,0.627745,0.695755,16447
11,3,3731,eyeriss,cifar10,94.343330,6.594740,0.519186,16452
11,3,5111,eyeriss,cifar10,94.306660,5.365940,0.519186,16452
11,3,11472,eyeriss,cifar10,93.970000,4.628660,0.519186,16452
11,3,13987,eyeriss,cifar10,93.596664,3.645620,0.519186,16452
11,3,8592,eyeriss,cifar10,93.750000,3.891380,0.519186,16452
11,3,6111,eyeriss,cifar10,94.373340,7.823540,0.519186,16452
11,3,6899,eyeriss,cifar10,90.900000,2.416820,0.519186,16452
11,3,8008,eyeriss,cifar10,93.480000,3.399860,0.519186,16452
11,3,4384,eyeriss,cifar10,86.796670,1.679540,0.519186,16452
11,3,8323,eyeriss,cifar10,90.870000,2.171060,0.519186,16452
11,3,13611,eyeriss,cifar10,92.490000,3.154100,0.519186,16452
11,3,14112,eyeriss,cifar10,91.296670,2.908340,0.519186,16452
11,3,12438,eyeriss,cifar10,89.875000,1.925300,0.519186,16452
11,3,8720,eyeriss,cifar10,89.875000,1.925300,0.519186,16452
11,3,13714,eyeriss,cifar10,94.373340,7.823540,0.519186,16452
11,3,6854,eyeriss,cifar10,91.040000,2.662580,0.519186,16452
11,3,6584,eyeriss,cifar10,94.160000,4.874420,0.519186,16452
11,4,6111,fpga,cifar10,94.373340,6.678560,0.511703,16310
11,4,3731,fpga,cifar10,94.343330,5.936160,0.511703,16310
11,4,13987,fpga,cifar10,93.596664,3.420960,0.511703,16310
11,4,8720,fpga,cifar10,89.875000,1.648160,0.511703,16310
11,4,11692,fpga,cifar10,94.130000,4.163360,0.511703,16310
11,4,4384,fpga,cifar10,86.796670,1.132960,0.511703,16310
11,4,8008,fpga,cifar10,93.480000,2.905760,0.511703,16310
11,4,12438,fpga,cifar10,89.875000,1.648160,0.511703,16310
11,4,11472,fpga,cifar10,93.970000,3.648160,0.511703,16310
11,4,13714,fpga,cifar10,94.373340,6.678560,0.511703,16310
11,4,5111,fpga,cifar10,94.306660,5.193760,0.511703,16310
11,4,13611,fpga,cifar10,92.490000,2.390560,0.511703,16310
11,4,11525,fpga,cifar10,90.000000,2.057760,0.511703,16310
11,4,8323,fpga,cifar10,90.870000,2.163360,0.511703,16310
11,5,55,pixel3,cifar10,86.756670,1.057440,0.701322,16220
11,5,1781,pixel3,cifar10,89.883330,1.712020,0.701322,16220
11,5,1941,pixel3,cifar10,93.533330,9.128690,0.701322,16220
11,5,4659,pixel3,cifar10,93.396670,7.969690,0.701322,16220
11,5,5111,pixel3,cifar10,94.306660,17.584600,0.701322,16220
11,5,4627,pixel3,cifar10,93.270000,7.036050,0.701322,16220
11,5,13869,pixel3,cifar10,93.656670,10.634700,0.701322,16220
11,5,6985,pixel3,cifar10,89.940000,2.367450,0.701322,16220
11,5,11692,pixel3,cifar10,94.130000,15.490100,0.701322,16220
11,5,6854,pixel3,cifar10,91.040000,4.514220,0.701322,16220
11,5,6330,pixel3,cifar10,94.006670,11.512400,0.701322,16220
11,5,8695,pixel3,cifar10,94.220000,17.564500,0.701322,16220
11,5,6111,pixel3,cifar10,94.373340,23.584800,0.701322,16220
11,5,13846,pixel3,cifar10,90.720000,3.099760,0.701322,16220
11,5,3731,pixel3,cifar10,94.343330,23.361300,0.701322,16220
11,5,1339,pixel3,cifar10,92.136665,5.802240,0.701322,16220
11,5,6918,pixel3,cifar10,87.000000,1.478790,0.701322,16220
11,5,5915,pixel3,cifar10,86.846664,1.472530,0.701322,16220
11,5,6382,pixel3,cifar10,93.376660,7.048190,0.701322,16220
11,5,6899,pixel3,cifar10,90.900000,3.961410,0.701322,16220
11,5,13096,pixel3,cifar10,90.700000,2.666040,0.701322,16220
11,5,1943,pixel3,cifar10,93.116670,6.492030,0.701322,16220
11,5,2779,pixel3,cifar10,90.806660,3.102950,0.701322,16220
11,5,13987,pixel3,cifar10,93.596664,9.922680,0.701322,16220
11,5,8323,pixel3,cifar10,90.870000,3.106420,0.701322,16220
11,5,1497,pixel3,cifar10,86.556660,1.056630,0.701322,16220
11,5,6434,pixel3,cifar10,91.080000,4.811140,0.701322,16220
11,5,1631,pixel3,cifar10,89.506670,1.697120,0.701322,16220
11,5,6584,pixel3,cifar10,94.160000,15.720300,0.701322,16220
11,5,8708,pixel3,cifar10,94.080000,12.839000,0.701322,16220
11,5,7197,pixel3,cifar10,90.366670,2.447670,0.701322,16220
11,5,8592,pixel3,cifar10,93.750000,10.769800,0.701322,16220
11,5,7001,pixel3,cifar10,10.000000,0.003277,0.701322,16220
11,5,12452,pixel3,cifar10,91.350000,5.590110,0.701322,16220
11,5,11972,pixel3,cifar10,91.510000,5.627010,0.701322,16220
11,5,8008,pixel3,cifar10,93.480000,8.914150,0.701322,16220
11,5,323,pixel3,cifar10,88.940000,1.660340,0.701322,16220
11,5,25,pixel3,cifar10,86.540000,1.054570,0.701322,16220
11,6,8592,raspi4,cifar10,93.750000,25.477009,0.766493,16182
11,6,6382,raspi4,cifar10,93.376660,21.461164,0.766493,16182
11,6,1781,raspi4,cifar10,89.883330,5.961801,0.766493,16182
11,6,7207,raspi4,cifar10,89.803340,5.099723,0.766493,16182
11,6,8008,raspi4,cifar10,93.480000,22.571420,0.766493,16182
11,6,3731,raspi4,cifar10,94.343330,58.070793,0.766493,16182
11,6,2058,raspi4,cifar10,93.270000,19.484835,0.766493,16182
11,6,4689,raspi4,cifar10,90.720000,7.356712,0.766493,16182
11,6,1941,raspi4,cifar10,93.533330,25.121769,0.766493,16182
11,6,6111,raspi4,cifar10,94.373340,68.404106,0.766493,16182
11,6,11692,raspi4,cifar10,94.130000,37.583630,0.766493,16182
11,6,5111,raspi4,cifar10,94.306660,41.756905,0.766493,16182
11,6,13829,raspi4,cifar10,92.193340,18.405771,0.766493,16182
11,6,4432,raspi4,cifar10,90.700000,7.290926,0.766493,16182
11,6,10412,raspi4,cifar10,93.530000,25.079220,0.766493,16182
11,6,6953,raspi4,cifar10,91.990000,15.601654,0.766493,16182
11,6,11533,raspi4,cifar10,93.420000,21.715693,0.766493,16182
11,6,8323,raspi4,cifar10,90.870000,7.426308,0.766493,16182
11,6,3687,raspi4,cifar10,89.820000,5.156255,0.766493,16182
11,6,2035,raspi4,cifar10,89.670000,4.984099,0.766493,16182
11,6,13611,raspi4,cifar10,92.490000,18.523302,0.766493,16182
11,6,7017,raspi4,cifar10,86.970000,2.544041,0.766493,16182
11,6,9271,raspi4,cifar10,89.250000,4.830311,0.766493,16182
11,6,4210,raspi4,cifar10,89.030000,4.782748,0.766493,16182
11,6,5780,raspi4,cifar10,93.980000,34.928463,0.766493,16182
11,6,5991,raspi4,cifar10,92.186670,17.979792,0.766493,16182
11,6,7058,raspi4,cifar10,92.040000,16.469465,0.766493,16182
11,6,8426,raspi4,cifar10,93.840000,31.394428,0.766493,16182
11,6,1690,raspi4,cifar10,86.646670,2.536549,0.766493,16182
11,6,12504,raspi4,cifar10,92.130000,16.890614,0.766493,16182
11,6,9380,raspi4,cifar10,89.335000,4.875613,0.766493,16182
11,6,11810,raspi4,cifar10,92.780000,18.619905,0.766493,16182
11,6,9980,raspi4,cifar10,10.000000,0.011284,0.766493,16182
11,6,11088,raspi4,cifar10,92.200000,18.435175,0.766493,16182
11,6,10275,raspi4,cifar10,91.080000,9.993188,0.766493,16182
11,6,6918,raspi4,cifar10,87.000000,2.787590,0.766493,16182
11,7,1509,edgegpu,cifar100,1.000000,0.505853,0.555300,16291
11,7,12415,edgegpu,cifar100,71.940000,4.828467,0.555300,16291
11,7,8912,edgegpu,cifar100,59.200000,1.441355,0.555300,16291
11,7,9922,edgegpu,cifar100,58.560000,1.428552,0.555300,16291
11,7,9930,edgegpu,cifar100,73.513336,6.803060,0.555300,16291
11,7,4418,edgegpu,cifar100,72.746666,5.352364,0.555300,16291
11,7,8401,edgegpu,cifar100,71.080000,3.302102,0.555300,16291
11,7,4954,edgegpu,cifar100,73.000000,6.669736,0.555300,16291
11,7,2304,edgegpu,cifar100,58.660000,1.440253,0.555300,16291
11,7,2778,edgegpu,cifar100,72.993330,6.134028,0.555300,16291
11,7,4609,edgegpu,cifar100,66.520000,1.758838,0.555300,16291
11,7,11885,edgegpu,cifar100,68.040000,1.776652,0.555300,16291
11,7,13172,edgegpu,cifar100,62.180000,1.757636,0.555300,16291
11,7,9997,edgegpu,cifar100,71.520000,3.466139,0.555300,16291
11,7,11810,edgegpu,cifar100,68.300000,1.779551,0.555300,16291
11,7,3888,edgegpu,cifar100,73.260000,6.797867,0.555300,16291
11,7,11067,edgegpu,cifar100,58.186670,1.427836,0.555300,16291
11,7,14984,edgegpu,cifar100,67.166664,1.760831,0.555300,16291
11,7,14300,edgegpu,cifar100,67.300000,1.765666,0.555300,16291
11,7,6124,edgegpu,cifar100,68.360000,3.185835,0.555300,16291
11,7,1425,edgegpu,cifar100,72.093330,5.310225,0.555300,16291
11,8,4418,edgetpu,cifar100,72.746666,1.093699,0.679939,15989
11,8,9930,edgetpu,cifar100,73.513336,1.454107,0.679939,15989
11,8,1383,edgetpu,cifar100,70.273330,0.673722,0.679939,15989
11,8,5019,edgetpu,cifar100,58.880000,0.357058,0.679939,15989
11,8,1425,edgetpu,cifar100,72.093330,0.910660,0.679939,15989
11,8,12607,edgetpu,cifar100,62.600000,0.392830,0.679939,15989
11,8,11885,edgetpu,cifar100,68.040000,0.489665,0.679939,15989
11,8,11810,edgetpu,cifar100,68.300000,0.492126,0.679939,15989
11,8,9271,edgetpu,cifar100,63.400000,0.393151,0.679939,15989
11,8,1110,edgetpu,cifar100,58.840000,0.355938,0.679939,15989
11,8,7760,edgetpu,cifar100,67.800000,0.489248,0.679939,15989
11,8,4627,edgetpu,cifar100,69.600000,0.635153,0.679939,15989
11,8,797,edgetpu,cifar100,69.580000,0.633351,0.679939,15989
11,8,577,edgetpu,cifar100,69.680000,0.635228,0.679939,15989
11,8,777,edgetpu,cifar100,58.650000,0.355588,0.679939,15989
11,8,12761,edgetpu,cifar100,72.860000,1.225212,0.679939,15989
11,8,8401,edgetpu,cifar100,71.080000,0.728572,0.679939,15989
11,8,9997,edgetpu,cifar100,71.520000,0.729986,0.679939,15989
11,8,3888,edgetpu,cifar100,73.260000,1.316226,0.679939,15989
11,8,12415,edgetpu,cifar100,71.940000,0.872299,0.679939,15989
11,8,14945,edgetpu,cifar100,58.500000,0.354940,0.679939,15989
11,8,9689,edgetpu,cifar100,69.760000,0.636296,0.679939,15989
11,8,2705,edgetpu,cifar100,62.813330,0.393026,0.679939,15989
11,8,8638,edgetpu,cifar100,58.860000,0.356631,0.679939,15989
11,8,69,edgetpu,cifar100,71.020000,0.727259,0.679939,15989
11,8,10000,edgetpu,cifar100,73.160000,1.283461,0.679939,15989
11,8,857,edgetpu,cifar100,72.880000,1.264168,0.679939,15989
11,8,12424,edgetpu,cifar100,69.980000,0.638946,0.679939,15989
11,8,15363,edgetpu,cifar100,70.520000,0.676394,0.679939,15989
11,8,13829,edgetpu,cifar100,66.873340,0.485137,0.679939,15989
11,8,4155,edgetpu,cifar100,62.306667,0.391442,0.679939,15989
11,8,12574,edgetpu,cifar100,72.740000,0.932430,0.679939,15989
11,8,9541,edgetpu,cifar100,67.660000,0.486829,0.679939,15989
11,9,3888,eyeriss,cifar100,73.260000,6.597760,0.488622,16549
11,9,14714,eyeriss,cifar100,71.280000,4.140160,0.488622,16549
11,9,5651,eyeriss,cifar100,64.690000,1.928320,0.488622,16549
11,9,6925,eyeriss,cifar100,71.220000,3.894400,0.488622,16549
11,9,11301,eyeriss,cifar100,68.220000,2.665600,0.488622,16549
11,9,12820,eyeriss,cifar100,67.720000,2.419840,0.488622,16549
11,9,12761,eyeriss,cifar100,72.860000,6.352000,0.488622,16549
11,9,6787,eyeriss,cifar100,70.720000,3.648640,0.488622,16549
11,9,3540,eyeriss,cifar100,71.500000,4.877440,0.488622,16549
11,9,898,eyeriss,cifar100,70.000000,3.402880,0.488622,16549
11,9,5084,eyeriss,cifar100,58.813330,1.682560,0.488622,16549
11,9,9930,eyeriss,cifar100,73.513336,9.055360,0.488622,16549
11,9,14112,eyeriss,cifar100,68.386665,2.911360,0.488622,16549
11,9,10689,eyeriss,cifar100,67.500000,2.174080,0.488622,16549
11,9,12574,eyeriss,cifar100,72.740000,5.123200,0.488622,16549
11,10,3540,fpga,cifar100,71.500000,4.163360,0.555947,16366
11,10,5725,fpga,cifar100,70.600000,3.420960,0.555947,16366
11,10,12820,fpga,cifar100,67.720000,2.678560,0.555947,16366
11,10,9930,fpga,cifar100,73.513336,7.420960,0.555947,16366
11,10,4659,fpga,cifar100,70.060000,2.905760,0.555947,16366
11,10,12761,fpga,cifar100,72.860000,5.420960,0.555947,16366
11,10,69,fpga,cifar100,71.020000,3.648160,0.555947,16366
11,10,5033,fpga,cifar100,59.060000,1.542560,0.555947,16366
11,10,3888,fpga,cifar100,73.260000,5.936160,0.555947,16366
11,10,5651,fpga,cifar100,64.690000,1.648160,0.555947,16366
11,10,5084,fpga,cifar100,58.813330,1.132960,0.555947,16366
11,10,7250,fpga,cifar100,67.706665,2.390560,0.555947,16366
11,10,6830,fpga,cifar100,71.460000,4.057760,0.555947,16366
11,10,10689,fpga,cifar100,67.500000,2.163360,0.555947,16366
11,10,4249,fpga,cifar100,65.080000,2.057760,0.555947,16366
11,10,6925,fpga,cifar100,71.220000,3.936160,0.555947,16366
11,10,12574,fpga,cifar100,72.740000,4.678560,0.555947,16366
11,10,11979,fpga,cifar100,68.000000,2.800160,0.555947,16366
11,11,6925,pixel3,cifar100,71.220000,10.688000,0.703176,16113
11,11,3888,pixel3,cifar100,73.260000,23.477200,0.703176,16113
11,11,699,pixel3,cifar100,72.240000,12.079400,0.703176,16113
11,11,1409,pixel3,cifar100,58.853333,1.275090,0.703176,16113
11,11,1631,pixel3,cifar100,63.986668,1.805000,0.703176,16113
11,11,6985,pixel3,cifar100,64.160000,2.372000,0.703176,16113
11,11,12970,pixel3,cifar100,68.140000,4.782110,0.703176,16113
11,11,15363,pixel3,cifar100,70.520000,9.708640,0.703176,16113
11,11,1781,pixel3,cifar100,64.326670,2.386170,0.703176,16113
11,11,4409,pixel3,cifar100,67.173330,3.113370,0.703176,16113
11,11,1357,pixel3,cifar100,67.480000,3.998260,0.703176,16113
11,11,8638,pixel3,cifar100,58.860000,1.478570,0.703176,16113
11,11,8895,pixel3,cifar100,64.280000,2.379800,0.703176,16113
11,11,1450,pixel3,cifar100,70.506670,9.337360,0.703176,16113
11,11,11000,pixel3,cifar100,71.180000,10.677600,0.703176,16113
11,11,12574,pixel3,cifar100,72.740000,16.473900,0.703176,16113
11,11,9930,pixel3,cifar100,73.513336,42.003600,0.703176,16113
11,11,657,pixel3,cifar100,58.233334,1.233070,0.703176,16113
11,11,485,pixel3,cifar100,67.593330,4.124800,0.703176,16113
11,11,857,pixel3,cifar100,72.880000,19.113200,0.703176,16113
11,11,906,pixel3,cifar100,62.393333,1.661810,0.703176,16113
11,11,978,pixel3,cifar100,64.180000,2.372340,0.703176,16113
11,11,1090,pixel3,cifar100,65.220000,2.811310,0.703176,16113
11,11,9649,pixel3,cifar100,64.540000,2.536210,0.703176,16113
11,11,1459,pixel3,cifar100,73.140000,23.437900,0.703176,16113
11,11,6337,pixel3,cifar100,1.000000,0.008753,0.703176,16113
11,11,2649,pixel3,cifar100,64.446660,2.496890,0.703176,16113
11,11,724,pixel3,cifar100,67.053340,2.875650,0.703176,16113
11,11,45,pixel3,cifar100,64.153336,2.368020,0.703176,16113
11,11,8912,pixel3,cifar100,59.200000,1.478790,0.703176,16113
11,11,898,pixel3,cifar100,70.000000,6.516140,0.703176,16113
11,12,1357,raspi4,cifar100,67.480000,10.177114,0.708679,16133
11,12,12761,raspi4,cifar100,72.860000,53.718200,0.708679,16133
11,12,12574,raspi4,cifar100,72.740000,36.371254,0.708679,16133
11,12,4806,raspi4,cifar100,62.270000,4.787734,0.708679,16133
11,12,14714,raspi4,cifar100,71.280000,24.692347,0.708679,16133
11,12,3888,raspi4,cifar100,73.260000,55.029520,0.708679,16133
11,12,711,raspi4,cifar100,63.933334,5.090036,0.708679,16133
11,12,2035,raspi4,cifar100,63.926666,5.005698,0.708679,16133
11,12,898,raspi4,cifar100,70.000000,21.506163,0.708679,16133
11,12,6822,raspi4,cifar100,58.426666,2.558594,0.708679,16133
11,12,9271,raspi4,cifar100,63.400000,4.800893,0.708679,16133
11,12,6294,raspi4,cifar100,66.973335,7.376450,0.708679,16133
11,12,12915,raspi4,cifar100,66.950000,7.226311,0.708679,16133
11,12,15589,raspi4,cifar100,59.060000,2.795078,0.708679,16133
11,12,10275,raspi4,cifar100,67.060000,9.839916,0.708679,16133
11,12,8740,raspi4,cifar100,1.000000,0.015215,0.708679,16133
11,12,10042,raspi4,cifar100,64.880000,5.100886,0.708679,16133
11,12,8912,raspi4,cifar100,59.200000,2.818969,0.708679,16133
11,12,15246,raspi4,cifar100,66.966670,7.350053,0.708679,16133
11,12,15363,raspi4,cifar100,70.520000,21.809430,0.708679,16133
11,12,14612,raspi4,cifar100,58.720000,2.563505,0.708679,16133
11,12,4607,raspi4,cifar100,58.820000,2.777558,0.708679,16133
11,12,9930,raspi4,cifar100,73.513336,71.152000,0.708679,16133
11,12,13430,raspi4,cifar100,66.700000,7.203785,0.708679,16133
11,12,9997,raspi4,cifar100,71.520000,34.996710,0.708679,16133
11,12,1572,raspi4,cifar100,69.900000,19.916142,0.708679,16133
11,12,2222,raspi4,cifar100,58.313330,2.538255,0.708679,16133
11,12,375,raspi4,cifar100,64.440000,5.099302,0.708679,16133
11,12,14112,raspi4,cifar100,68.386665,14.423308,0.708679,16133
11,12,6925,raspi4,cifar100,71.220000,24.195030,0.708679,16133
11,12,4418,raspi4,cifar100,72.746666,47.162354,0.708679,16133
11,12,7030,raspi4,cifar100,69.600000,19.218203,0.708679,16133
11,12,3487,raspi4,cifar100,70.093330,21.603350,0.708679,16133
11,12,1459,raspi4,cifar100,73.140000,53.879950,0.708679,16133
11,12,6787,raspi4,cifar100,70.720000,23.081835,0.708679,16133
11,12,14792,raspi4,cifar100,69.500000,19.111843,0.708679,16133
11,12,6918,raspi4,cifar100,58.800000,2.571364,0.708679,16133
11,13,2650,edgegpu,ImageNet16-120,42.433334,3.309817,0.675298,16257
11,13,9586,edgegpu,ImageNet16-120,46.933334,5.222673,0.675298,16257
11,13,14840,edgegpu,ImageNet16-120,45.311110,4.224715,0.675298,16257
11,13,4587,edgegpu,ImageNet16-120,28.800000,1.445131,0.675298,16257
11,13,1164,edgegpu,ImageNet16-120,28.522223,1.435223,0.675298,16257
11,13,8426,edgegpu,ImageNet16-120,44.633335,3.370147,0.675298,16257
11,13,5751,edgegpu,ImageNet16-120,40.044445,2.434626,0.675298,16257
11,13,768,edgegpu,ImageNet16-120,39.466667,1.776605,0.675298,16257
11,13,11217,edgegpu,ImageNet16-120,43.466667,3.316708,0.675298,16257
11,13,454,edgegpu,ImageNet16-120,41.277780,3.303313,0.675298,16257
11,13,14117,edgegpu,ImageNet16-120,28.677778,1.435547,0.675298,16257
11,13,8884,edgegpu,ImageNet16-120,45.033333,3.499999,0.675298,16257
11,13,4332,edgegpu,ImageNet16-120,39.444443,1.745496,0.675298,16257
11,13,8355,edgegpu,ImageNet16-120,39.666668,1.810203,0.675298,16257
11,13,11438,edgegpu,ImageNet16-120,39.733334,1.903386,0.675298,16257
11,13,15288,edgegpu,ImageNet16-120,28.422222,1.417041,0.675298,16257
11,13,4946,edgegpu,ImageNet16-120,44.700000,3.490419,0.675298,16257
11,13,9077,edgegpu,ImageNet16-120,39.500000,1.801076,0.675298,16257
11,13,9722,edgegpu,ImageNet16-120,44.000000,3.327813,0.675298,16257
11,13,7760,edgegpu,ImageNet16-120,39.100000,1.743751,0.675298,16257
11,13,15376,edgegpu,ImageNet16-120,0.833333,0.533953,0.675298,16257
11,13,4988,edgegpu,ImageNet16-120,28.933332,1.448212,0.675298,16257
11,13,8401,edgegpu,ImageNet16-120,43.833332,3.322444,0.675298,16257
11,13,13760,edgegpu,ImageNet16-120,32.333332,1.739759,0.675298,16257
11,13,11145,edgegpu,ImageNet16-120,45.466667,5.148182,0.675298,16257
11,13,8736,edgegpu,ImageNet16-120,45.700000,5.206900,0.675298,16257
11,13,12081,edgegpu,ImageNet16-120,40.233334,2.730479,0.675298,16257
11,13,6950,edgegpu,ImageNet16-120,38.700000,1.740150,0.675298,16257
11,13,7187,edgegpu,ImageNet16-120,28.683332,1.443858,0.675298,16257
11,13,10947,edgegpu,ImageNet16-120,39.944443,1.909800,0.675298,16257
11,13,857,edgegpu,ImageNet16-120,47.311110,6.707663,0.675298,16257
11,14,15383,edgetpu,ImageNet16-120,47.033333,0.780914,0.603340,15992
11,14,15363,edgetpu,ImageNet16-120,44.333332,0.582280,0.603340,15992
11,14,12415,edgetpu,ImageNet16-120,46.566666,0.710906,0.603340,15992
11,14,7750,edgetpu,ImageNet16-120,43.066666,0.551617,0.603340,15992
11,14,857,edgetpu,ImageNet16-120,47.311110,0.997730,0.603340,15992
11,14,9689,edgetpu,ImageNet16-120,42.533333,0.549702,0.603340,15992
11,14,3540,edgetpu,ImageNet16-120,45.122223,0.648670,0.603340,15992
11,14,13931,edgetpu,ImageNet16-120,28.788889,0.360349,0.603340,15992
11,14,7273,edgetpu,ImageNet16-120,42.966667,0.550014,0.603340,15992
11,14,4627,edgetpu,ImageNet16-120,43.500000,0.552306,0.603340,15992
11,14,5751,edgetpu,ImageNet16-120,40.044445,0.516992,0.603340,15992
11,14,8884,edgetpu,ImageNet16-120,45.033333,0.615792,0.603340,15992
11,14,15014,edgetpu,ImageNet16-120,28.266666,0.358110,0.603340,15992
11,14,4160,edgetpu,ImageNet16-120,39.833332,0.430355,0.603340,15992
11,14,11079,edgetpu,ImageNet16-120,43.566666,0.552430,0.603340,15992
11,14,1973,edgetpu,ImageNet16-120,38.855556,0.427802,0.603340,15992
11,14,6407,edgetpu,ImageNet16-120,32.333332,0.363748,0.603340,15992
11,14,4830,edgetpu,ImageNet16-120,42.233334,0.549457,0.603340,15992
11,14,5302,edgetpu,ImageNet16-120,38.833332,0.427711,0.603340,15992
11,14,7837,edgetpu,ImageNet16-120,32.111110,0.363571,0.603340,15992
11,14,4988,edgetpu,ImageNet16-120,28.933332,0.360694,0.603340,15992
11,14,1172,edgetpu,ImageNet16-120,39.933334,0.515935,0.603340,15992
11,14,70,edgetpu,ImageNet16-120,39.377777,0.428228,0.603340,15992
11,14,13769,edgetpu,ImageNet16-120,41.555557,0.549360,0.603340,15992
11,14,13097,edgetpu,ImageNet16-120,39.655556,0.428424,0.603340,15992
11,14,14840,edgetpu,ImageNet16-120,45.311110,0.666690,0.603340,15992
11,14,13284,edgetpu,ImageNet16-120,40.177776,0.534381,0.603340,15992
11,14,14677,edgetpu,ImageNet16-120,33.233334,0.364575,0.603340,15992
11,14,10332,edgetpu,ImageNet16-120,40.033333,0.516152,0.603340,15992
11,14,10888,edgetpu,ImageNet16-120,28.333334,0.359044,0.603340,15992
11,14,7357,edgetpu,ImageNet16-120,44.666668,0.600498,0.603340,15992
11,14,5586,edgetpu,ImageNet16-120,40.811110,0.546420,0.603340,15992
11,15,735,eyeriss,ImageNet16-120,38.544445,0.607360,0.476947,16618
11,15,8008,eyeriss,ImageNet16-120,43.500000,0.853120,0.476947,16618
11,15,2835,eyeriss,ImageNet16-120,38.222220,0.545920,0.476947,16618
11,15,15383,eyeriss,ImageNet16-120,47.033333,1.283200,0.476947,16618
11,15,6787,eyeriss,ImageNet16-120,44.400000,0.914560,0.476947,16618
11,15,8853,eyeriss,ImageNet16-120,45.600000,1.037440,0.476947,16618
11,15,4988,eyeriss,ImageNet16-120,28.933332,0.423040,0.476947,16618
11,15,6854,eyeriss,ImageNet16-120,40.800000,0.668800,0.476947,16618
11,15,857,eyeriss,ImageNet16-120,47.311110,1.651840,0.476947,16618
11,15,9805,eyeriss,ImageNet16-120,34.133335,0.484480,0.476947,16618
11,15,1939,eyeriss,ImageNet16-120,45.077778,0.976000,0.476947,16618
11,15,14417,eyeriss,ImageNet16-120,45.900000,1.098880,0.476947,16618
11,16,5793,fpga,ImageNet16-120,35.033333,0.517920,0.530671,16177
11,16,15383,fpga,ImageNet16-120,47.033333,1.504000,0.530671,16177
11,16,857,fpga,ImageNet16-120,47.311110,2.038400,0.530671,16177
11,16,9805,fpga,ImageNet16-120,34.133335,0.415520,0.530671,16177
11,16,1939,fpga,ImageNet16-120,45.077778,1.062400,0.530671,16177
11,16,8008,fpga,ImageNet16-120,43.500000,0.876800,0.530671,16177
11,16,6787,fpga,ImageNet16-120,44.400000,0.969600,0.530671,16177
11,16,14748,fpga,ImageNet16-120,44.900000,0.995200,0.530671,16177
11,16,2835,fpga,ImageNet16-120,38.222220,0.546720,0.530671,16177
11,16,12452,fpga,ImageNet16-120,40.533333,0.780320,0.530671,16177
11,16,15446,fpga,ImageNet16-120,45.766666,1.116320,0.530671,16177
11,16,4988,fpga,ImageNet16-120,28.933332,0.284320,0.530671,16177
11,16,10017,fpga,ImageNet16-120,40.566666,0.784000,0.530671,16177
11,16,6854,fpga,ImageNet16-120,40.800000,0.809120,0.530671,16177
11,16,6868,fpga,ImageNet16-120,39.000000,0.649120,0.530671,16177
11,17,10154,pixel3,ImageNet16-120,46.133335,4.783700,0.766359,16092
11,17,4977,pixel3,ImageNet16-120,32.966667,0.617991,0.766359,16092
11,17,6294,pixel3,ImageNet16-120,38.011112,0.869124,0.766359,16092
11,17,2018,pixel3,ImageNet16-120,46.433334,4.949210,0.766359,16092
11,17,8853,pixel3,ImageNet16-120,45.600000,3.554540,0.766359,16092
11,17,9496,pixel3,ImageNet16-120,38.200000,1.024960,0.766359,16092
11,17,1860,pixel3,ImageNet16-120,28.433332,0.422587,0.766359,16092
11,17,8954,pixel3,ImageNet16-120,28.733334,0.424855,0.766359,16092
11,17,12424,pixel3,ImageNet16-120,43.133330,2.470150,0.766359,16092
11,17,857,pixel3,ImageNet16-120,47.311110,6.686850,0.766359,16092
11,17,12639,pixel3,ImageNet16-120,40.400000,1.304440,0.766359,16092
11,17,10340,pixel3,ImageNet16-120,31.522223,0.617772,0.766359,16092
11,17,1110,pixel3,ImageNet16-120,28.600000,0.423927,0.766359,16092
11,17,1939,pixel3,ImageNet16-120,45.077778,3.021500,0.766359,16092
11,17,12516,pixel3,ImageNet16-120,32.083332,0.617816,0.766359,16092
11,17,12355,pixel3,ImageNet16-120,45.033333,2.989390,0.766359,16092
11,17,6854,pixel3,ImageNet16-120,40.800000,1.621620,0.766359,16092
11,17,8584,pixel3,ImageNet16-120,34.088890,0.664046,0.766359,16092
11,17,2899,pixel3,ImageNet16-120,43.911110,2.701210,0.766359,16092
11,17,15383,pixel3,ImageNet16-120,47.033333,5.191720,0.766359,16092
11,17,4587,pixel3,ImageNet16-120,28.800000,0.445767,0.766359,16092
11,17,11079,pixel3,ImageNet16-120,43.566666,2.479610,0.766359,16092
11,17,3728,pixel3,ImageNet16-120,28.500000,0.422880,0.766359,16092
11,17,9032,pixel3,ImageNet16-120,38.016666,1.020960,0.766359,16092
11,17,13059,pixel3,ImageNet16-120,34.266666,0.668679,0.766359,16092
11,17,872,pixel3,ImageNet16-120,41.777780,2.465030,0.766359,16092
11,17,6014,pixel3,ImageNet16-120,28.533333,0.423391,0.766359,16092
11,17,4432,pixel3,ImageNet16-120,37.800000,0.861157,0.766359,16092
11,17,4988,pixel3,ImageNet16-120,28.933332,0.485996,0.766359,16092
11,17,12103,pixel3,ImageNet16-120,28.250000,0.422433,0.766359,16092
11,17,4675,pixel3,ImageNet16-120,33.100000,0.620036,0.766359,16092
11,17,2050,pixel3,ImageNet16-120,0.833333,0.005526,0.766359,16092
11,17,11000,pixel3,ImageNet16-120,44.866665,2.962520,0.766359,16092
11,17,5487,pixel3,ImageNet16-120,38.500000,1.109150,0.766359,16092
11,17,1425,pixel3,ImageNet16-120,45.977780,4.619290,0.766359,16092
11,17,12466,pixel3,ImageNet16-120,46.100000,4.680280,0.766359,16092
11,17,14417,pixel3,ImageNet16-120,45.900000,4.143030,0.766359,16092
11,17,12452,pixel3,ImageNet16-120,40.533333,1.504410,0.766359,16092
11,17,1549,pixel3,ImageNet16-120,28.655556,0.424747,0.766359,16092
11,18,735,raspi4,ImageNet16-120,38.544445,2.911079,0.829159,16075
11,18,5530,raspi4,ImageNet16-120,42.577778,3.785925,0.829159,16075
11,18,13931,raspi4,ImageNet16-120,28.788889,0.956195,0.829159,16075
11,18,3687,raspi4,ImageNet16-120,34.066666,1.583497,0.829159,16075
11,18,41,raspi4,ImageNet16-120,32.388890,1.528043,0.829159,16075
11,18,15383,raspi4,ImageNet16-120,47.033333,8.565354,0.829159,16075
11,18,11946,raspi4,ImageNet16-120,28.200000,0.940293,0.829159,16075
11,18,6787,raspi4,ImageNet16-120,44.400000,4.532777,0.829159,16075
11,18,10167,raspi4,ImageNet16-120,39.944443,3.106316,0.829159,16075
11,18,15107,raspi4,ImageNet16-120,39.800000,3.083329,0.829159,16075
11,18,15363,raspi4,ImageNet16-120,44.333332,4.480516,0.829159,16075
11,18,4627,raspi4,ImageNet16-120,43.500000,3.811407,0.829159,16075
11,18,6854,raspi4,ImageNet16-120,40.800000,3.661016,0.829159,16075
11,18,13059,raspi4,ImageNet16-120,34.266666,1.595651,0.829159,16075
11,18,1939,raspi4,ImageNet16-120,45.077778,5.341908,0.829159,16075
11,18,14417,raspi4,ImageNet16-120,45.900000,6.948865,0.829159,16075
11,18,8884,raspi4,ImageNet16-120,45.033333,5.293177,0.829159,16075
11,18,8426,raspi4,ImageNet16-120,44.633335,5.288439,0.829159,16075
11,18,7187,raspi4,ImageNet16-120,28.683332,0.952790,0.829159,16075
11,18,5455,raspi4,ImageNet16-120,32.611110,1.532377,0.829159,16075
11,18,4995,raspi4,ImageNet16-120,42.166668,3.766336,0.829159,16075
11,18,9806,raspi4,ImageNet16-120,39.966667,3.162904,0.829159,16075
11,18,4988,raspi4,ImageNet16-120,28.933332,1.003251,0.829159,16075
11,18,14792,raspi4,ImageNet16-120,43.033333,3.792447,0.829159,16075
11,18,13644,raspi4,ImageNet16-120,45.333332,6.780282,0.829159,16075
11,18,857,raspi4,ImageNet16-120,47.311110,9.020064,0.829159,16075
11,18,3960,raspi4,ImageNet16-120,37.755554,2.197980,0.829159,16075
11,18,3431,raspi4,ImageNet16-120,32.966667,1.536690,0.829159,16075
11,18,8733,raspi4,ImageNet16-120,46.600000,7.477213,0.829159,16075
11,18,219,raspi4,ImageNet16-120,42.500000,3.768475,0.829159,16075
11,18,12424,raspi4,ImageNet16-120,43.133330,3.805729,0.829159,16075
11,18,6868,raspi4,ImageNet16-120,39.000000,2.982937,0.829159,16075
11,18,7870,raspi4,ImageNet16-120,42.633335,3.788979,0.829159,16075
11,18,12505,raspi4,ImageNet16-120,39.283333,3.062432,0.829159,16075
11,18,9496,raspi4,ImageNet16-120,38.200000,2.204048,0.829159,16075
11,18,10472,raspi4,ImageNet16-120,39.633335,3.079679,0.829159,16075
11,18,4675,raspi4,ImageNet16-120,33.100000,1.544321,0.829159,16075
11,18,6294,raspi4,ImageNet16-120,38.011112,2.203638,0.829159,16075
11,18,3782,raspi4,ImageNet16-120,41.866665,3.755286,0.829159,16075
11,18,10835,raspi4,ImageNet16-120,45.233334,6.632419,0.829159,16075
11,18,1204,raspi4,ImageNet16-120,37.844444,2.199356,0.829159,16075
11,18,2779,raspi4,ImageNet16-120,37.355556,2.190654,0.829159,16075
11,18,10017,raspi4,ImageNet16-120,40.566666,3.181383,0.829159,16075
11,18,933,raspi4,ImageNet16-120,0.833333,0.011514,0.829159,16075
11,18,6336,raspi4,ImageNet16-120,39.366665,3.073392,0.829159,16075
11,18,11584,raspi4,ImageNet16-120,46.666668,8.014434,0.829159,16075
11,18,5637,raspi4,ImageNet16-120,33.933334,1.580707,0.829159,16075
11,18,12358,raspi4,ImageNet16-120,34.055557,1.582727,0.829159,16075
12,1,10222,edgegpu,cifar10,86.200000,1.429176,0.641101,16168
12,1,2053,edgegpu,cifar10,94.206665,5.482254,0.641101,16168
12,1,14392,edgegpu,cifar10,86.520000,1.435742,0.641101,16168
12,1,11438,edgegpu,cifar10,92.500000,1.846719,0.641101,16168
12,1,6950,edgegpu,cifar10,92.000000,1.738467,0.641101,16168
12,1,1601,edgegpu,cifar10,86.336670,1.433892,0.641101,16168
12,1,9099,edgegpu,cifar10,93.940000,3.357520,0.641101,16168
12,1,10484,edgegpu,cifar10,93.810000,3.354015,0.641101,16168
12,1,5292,edgegpu,cifar10,94.293335,6.663151,0.641101,16168
12,1,5780,edgegpu,cifar10,93.980000,3.361888,0.641101,16168
12,1,13714,edgegpu,cifar10,94.373340,6.772180,0.641101,16168
12,1,561,edgegpu,cifar10,86.880000,1.451068,0.641101,16168
12,1,11810,edgegpu,cifar10,92.780000,1.992798,0.641101,16168
12,1,1459,edgegpu,cifar10,94.296670,6.748991,0.641101,16168
12,1,6330,edgegpu,cifar10,94.006670,4.384699,0.641101,16168
12,1,13401,edgegpu,cifar10,87.010000,1.457009,0.641101,16168
12,1,14527,edgegpu,cifar10,86.765000,1.439619,0.641101,16168
12,1,258,edgegpu,cifar10,93.640000,3.307109,0.641101,16168
12,1,11692,edgegpu,cifar10,94.130000,4.708362,0.641101,16168
12,1,15200,edgegpu,cifar10,10.000000,0.501385,0.641101,16168
12,1,1549,edgegpu,cifar10,86.710000,1.436324,0.641101,16168
12,1,1099,edgegpu,cifar10,92.240000,1.774683,0.641101,16168
12,1,6259,edgegpu,cifar10,86.443340,1.433926,0.641101,16168
12,1,14407,edgegpu,cifar10,86.770000,1.440282,0.641101,16168
12,1,2776,edgegpu,cifar10,93.666664,3.331194,0.641101,16168
12,1,1339,edgegpu,cifar10,92.136665,1.751881,0.641101,16168
12,2,3927,edgetpu,cifar10,93.626660,0.723268,0.597486,16417
12,2,5111,edgetpu,cifar10,94.306660,1.152010,0.597486,16417
12,2,2485,edgetpu,cifar10,86.700000,0.346546,0.597486,16417
12,2,3731,edgetpu,cifar10,94.343330,1.282820,0.597486,16417
12,2,6918,edgetpu,cifar10,87.000000,0.375819,0.597486,16417
12,2,13001,edgetpu,cifar10,88.760000,0.389467,0.597486,16417
12,2,4806,edgetpu,cifar10,89.070000,0.390448,0.597486,16417
12,2,2053,edgetpu,cifar10,94.206665,1.042178,0.597486,16417
12,2,11692,edgetpu,cifar10,94.130000,0.761100,0.597486,16417
12,2,5780,edgetpu,cifar10,93.980000,0.723967,0.597486,16417
12,2,4384,edgetpu,cifar10,86.796670,0.362569,0.597486,16417
12,2,4438,edgetpu,cifar10,92.270000,0.481473,0.597486,16417
12,2,797,edgetpu,cifar10,93.280000,0.627996,0.597486,16417
12,2,9689,edgetpu,cifar10,93.370000,0.628386,0.597486,16417
12,2,13714,edgetpu,cifar10,94.373340,1.377865,0.597486,16417
12,2,8192,edgetpu,cifar10,93.093330,0.627745,0.597486,16417
12,2,6515,edgetpu,cifar10,93.616670,0.722858,0.597486,16417
12,2,6382,edgetpu,cifar10,93.376660,0.628638,0.597486,16417
12,2,4675,edgetpu,cifar10,89.200000,0.395661,0.597486,16417
12,2,10167,edgetpu,cifar10,92.020000,0.481180,0.597486,16417
12,2,8008,edgetpu,cifar10,93.480000,0.629746,0.597486,16417
12,2,6584,edgetpu,cifar10,94.160000,0.888877,0.597486,16417
12,2,11438,edgetpu,cifar10,92.500000,0.482393,0.597486,16417
12,2,3955,edgetpu,cifar10,88.863335,0.389665,0.597486,16417
12,2,5224,edgetpu,cifar10,88.980000,0.389900,0.597486,16417
12,3,8008,eyeriss,cifar10,93.480000,3.399860,0.468287,16506
12,3,13714,eyeriss,cifar10,94.373340,7.823540,0.468287,16506
12,3,12438,eyeriss,cifar10,89.875000,1.925300,0.468287,16506
12,3,5111,eyeriss,cifar10,94.306660,5.365940,0.468287,16506
12,3,10412,eyeriss,cifar10,93.530000,3.645620,0.468287,16506
12,3,8720,eyeriss,cifar10,89.875000,1.925300,0.468287,16506
12,3,8592,eyeriss,cifar10,93.750000,3.891380,0.468287,16506
12,3,11472,eyeriss,cifar10,93.970000,4.628660,0.468287,16506
12,3,4384,eyeriss,cifar10,86.796670,1.679540,0.468287,16506
12,3,3731,eyeriss,cifar10,94.343330,6.594740,0.468287,16506
12,3,6111,eyeriss,cifar10,94.373340,7.823540,0.468287,16506
12,3,13611,eyeriss,cifar10,92.490000,3.154100,0.468287,16506
12,3,8323,eyeriss,cifar10,90.870000,2.171060,0.468287,16506
12,3,6899,eyeriss,cifar10,90.900000,2.416820,0.468287,16506
12,3,6854,eyeriss,cifar10,91.040000,2.662580,0.468287,16506
12,3,6584,eyeriss,cifar10,94.160000,4.874420,0.468287,16506
12,4,15295,fpga,cifar10,90.050000,2.057760,0.503293,16186
12,4,10431,fpga,cifar10,87.000000,1.542560,0.503293,16186
12,4,10412,fpga,cifar10,93.530000,3.420960,0.503293,16186
12,4,6111,fpga,cifar10,94.373340,6.678560,0.503293,16186
12,4,13714,fpga,cifar10,94.373340,6.678560,0.503293,16186
12,4,11472,fpga,cifar10,93.970000,3.648160,0.503293,16186
12,4,8008,fpga,cifar10,93.480000,2.905760,0.503293,16186
12,4,3731,fpga,cifar10,94.343330,5.936160,0.503293,16186
12,4,5111,fpga,cifar10,94.306660,5.193760,0.503293,16186
12,4,6584,fpga,cifar10,94.160000,4.163360,0.503293,16186
12,4,9805,fpga,cifar10,89.790000,1.648160,0.503293,16186
12,4,4384,fpga,cifar10,86.796670,1.132960,0.503293,16186
12,4,13611,fpga,cifar10,92.490000,2.390560,0.503293,16186
12,4,3960,fpga,cifar10,90.830000,2.163360,0.503293,16186
12,5,8323,pixel3,cifar10,90.870000,3.106420,0.800622,16175
12,5,6382,pixel3,cifar10,93.376660,7.048190,0.800622,16175
12,5,7017,pixel3,cifar10,86.970000,1.403930,0.800622,16175
12,5,3731,pixel3,cifar10,94.343330,23.361300,0.800622,16175
12,5,4627,pixel3,cifar10,93.270000,7.036050,0.800622,16175
12,5,1781,pixel3,cifar10,89.883330,1.712020,0.800622,16175
12,5,8592,pixel3,cifar10,93.750000,10.769800,0.800622,16175
12,5,2035,pixel3,cifar10,89.670000,1.706480,0.800622,16175
12,5,6999,pixel3,cifar10,93.820000,12.260900,0.800622,16175
12,5,5111,pixel3,cifar10,94.306660,17.584600,0.800622,16175
12,5,12578,pixel3,cifar10,91.340000,5.654860,0.800622,16175
12,5,12639,pixel3,cifar10,90.990000,4.749000,0.800622,16175
12,5,1941,pixel3,cifar10,93.533330,9.128690,0.800622,16175
12,5,2018,pixel3,cifar10,94.063330,14.960500,0.800622,16175
12,5,4731,pixel3,cifar10,90.360000,2.573470,0.800622,16175
12,5,8695,pixel3,cifar10,94.220000,17.564500,0.800622,16175
12,5,10,pixel3,cifar10,10.000000,0.003401,0.800622,16175
12,5,6111,pixel3,cifar10,94.373340,23.584800,0.800622,16175
12,5,13869,pixel3,cifar10,93.656670,10.634700,0.800622,16175
12,5,9230,pixel3,cifar10,86.580000,1.056760,0.800622,16175
12,5,13171,pixel3,cifar10,93.530000,7.717220,0.800622,16175
12,5,1497,pixel3,cifar10,86.556660,1.056630,0.800622,16175
12,5,4689,pixel3,cifar10,90.720000,3.106280,0.800622,16175
12,5,12820,pixel3,cifar10,90.880000,3.982790,0.800622,16175
12,5,11692,pixel3,cifar10,94.130000,15.490100,0.800622,16175
12,5,1894,pixel3,cifar10,92.110000,5.778250,0.800622,16175
12,5,6584,pixel3,cifar10,94.160000,15.720300,0.800622,16175
12,5,6863,pixel3,cifar10,86.740000,1.229320,0.800622,16175
12,5,1778,pixel3,cifar10,92.180000,6.446230,0.800622,16175
12,5,1339,pixel3,cifar10,92.136665,5.802240,0.800622,16175
12,5,6918,pixel3,cifar10,87.000000,1.478790,0.800622,16175
12,5,3385,pixel3,cifar10,93.990000,13.656500,0.800622,16175
12,5,13987,pixel3,cifar10,93.596664,9.922680,0.800622,16175
12,5,3,pixel3,cifar10,86.616670,1.062640,0.800622,16175
12,5,1943,pixel3,cifar10,93.116670,6.492030,0.800622,16175
12,5,4554,pixel3,cifar10,86.670000,1.114880,0.800622,16175
12,5,4432,pixel3,cifar10,90.700000,2.826310,0.800622,16175
12,5,1804,pixel3,cifar10,89.063330,1.579900,0.800622,16175
12,6,2058,raspi4,cifar10,93.270000,19.484835,0.690074,16103
12,6,1962,raspi4,cifar10,86.530000,2.529453,0.690074,16103
12,6,11692,raspi4,cifar10,94.130000,37.583630,0.690074,16103
12,6,11088,raspi4,cifar10,92.200000,18.435175,0.690074,16103
12,6,3731,raspi4,cifar10,94.343330,58.070793,0.690074,16103
12,6,6111,raspi4,cifar10,94.373340,68.404106,0.690074,16103
12,6,9380,raspi4,cifar10,89.335000,4.875613,0.690074,16103
12,6,7210,raspi4,cifar10,92.180000,18.080248,0.690074,16103
12,6,10412,raspi4,cifar10,93.530000,25.079220,0.690074,16103
12,6,6014,raspi4,cifar10,86.690000,2.736959,0.690074,16103
12,6,1690,raspi4,cifar10,86.646670,2.536549,0.690074,16103
12,6,4432,raspi4,cifar10,90.700000,7.290926,0.690074,16103
12,6,8323,raspi4,cifar10,90.870000,7.426308,0.690074,16103
12,6,5111,raspi4,cifar10,94.306660,41.756905,0.690074,16103
12,6,8426,raspi4,cifar10,93.840000,31.394428,0.690074,16103
12,6,5780,raspi4,cifar10,93.980000,34.928463,0.690074,16103
12,6,12504,raspi4,cifar10,92.130000,16.890614,0.690074,16103
12,6,7058,raspi4,cifar10,92.040000,16.469465,0.690074,16103
12,6,14565,raspi4,cifar10,88.880000,4.781183,0.690074,16103
12,6,14677,raspi4,cifar10,88.670000,4.755260,0.690074,16103
12,6,6985,raspi4,cifar10,89.940000,4.995646,0.690074,16103
12,6,1941,raspi4,cifar10,93.533330,25.121769,0.690074,16103
12,6,9271,raspi4,cifar10,89.250000,4.830311,0.690074,16103
12,6,5915,raspi4,cifar10,86.846664,2.776470,0.690074,16103
12,6,10275,raspi4,cifar10,91.080000,9.993188,0.690074,16103
12,6,6382,raspi4,cifar10,93.376660,21.461164,0.690074,16103
12,6,8008,raspi4,cifar10,93.480000,22.571420,0.690074,16103
12,6,15288,raspi4,cifar10,86.660000,2.557443,0.690074,16103
12,6,6953,raspi4,cifar10,91.990000,15.601654,0.690074,16103
12,6,8592,raspi4,cifar10,93.750000,25.477009,0.690074,16103
12,6,11810,raspi4,cifar10,92.780000,18.619905,0.690074,16103
12,6,4210,raspi4,cifar10,89.030000,4.782748,0.690074,16103
12,6,9980,raspi4,cifar10,10.000000,0.011284,0.690074,16103
12,6,6918,raspi4,cifar10,87.000000,2.787590,0.690074,16103
12,6,4659,raspi4,cifar10,93.396670,22.249382,0.690074,16103
12,7,11885,edgegpu,cifar100,68.040000,1.776652,0.536393,16244
12,7,8401,edgegpu,cifar100,71.080000,3.302102,0.536393,16244
12,7,9930,edgegpu,cifar100,73.513336,6.803060,0.536393,16244
12,7,12415,edgegpu,cifar100,71.940000,4.828467,0.536393,16244
12,7,9922,edgegpu,cifar100,58.560000,1.428552,0.536393,16244
12,7,9997,edgegpu,cifar100,71.520000,3.466139,0.536393,16244
12,7,4954,edgegpu,cifar100,73.000000,6.669736,0.536393,16244
12,7,2778,edgegpu,cifar100,72.993330,6.134028,0.536393,16244
12,7,4609,edgegpu,cifar100,66.520000,1.758838,0.536393,16244
12,7,8912,edgegpu,cifar100,59.200000,1.441355,0.536393,16244
12,7,2304,edgegpu,cifar100,58.660000,1.440253,0.536393,16244
12,7,1509,edgegpu,cifar100,1.000000,0.505853,0.536393,16244
12,7,11810,edgegpu,cifar100,68.300000,1.779551,0.536393,16244
12,7,1425,edgegpu,cifar100,72.093330,5.310225,0.536393,16244
12,7,14984,edgegpu,cifar100,67.166664,1.760831,0.536393,16244
12,7,4418,edgegpu,cifar100,72.746666,5.352364,0.536393,16244
12,7,3888,edgegpu,cifar100,73.260000,6.797867,0.536393,16244
12,7,14677,edgegpu,cifar100,62.420000,1.746187,0.536393,16244
12,8,4659,edgetpu,cifar100,70.060000,0.636433,0.704694,15951
12,8,1943,edgetpu,cifar100,69.626660,0.634759,0.704694,15951
12,8,7760,edgetpu,cifar100,67.800000,0.489248,0.704694,15951
12,8,5851,edgetpu,cifar100,67.326670,0.487691,0.704694,15951
12,8,5019,edgetpu,cifar100,58.880000,0.357058,0.704694,15951
12,8,8638,edgetpu,cifar100,58.860000,0.356631,0.704694,15951
12,8,8401,edgetpu,cifar100,71.080000,0.728572,0.704694,15951
12,8,12574,edgetpu,cifar100,72.740000,0.932430,0.704694,15951
12,8,2537,edgetpu,cifar100,67.566666,0.488000,0.704694,15951
12,8,8912,edgetpu,cifar100,59.200000,0.377698,0.704694,15951
12,8,13731,edgetpu,cifar100,66.953330,0.487148,0.704694,15951
12,8,12761,edgetpu,cifar100,72.860000,1.225212,0.704694,15951
12,8,12607,edgetpu,cifar100,62.600000,0.392830,0.704694,15951
12,8,1383,edgetpu,cifar100,70.273330,0.673722,0.704694,15951
12,8,13829,edgetpu,cifar100,66.873340,0.485137,0.704694,15951
12,8,11885,edgetpu,cifar100,68.040000,0.489665,0.704694,15951
12,8,777,edgetpu,cifar100,58.650000,0.355588,0.704694,15951
12,8,9997,edgetpu,cifar100,71.520000,0.729986,0.704694,15951
12,8,2705,edgetpu,cifar100,62.813330,0.393026,0.704694,15951
12,8,6382,edgetpu,cifar100,69.533330,0.634724,0.704694,15951
12,8,3888,edgetpu,cifar100,73.260000,1.316226,0.704694,15951
12,8,9930,edgetpu,cifar100,73.513336,1.454107,0.704694,15951
12,8,14945,edgetpu,cifar100,58.500000,0.354940,0.704694,15951
12,8,11533,edgetpu,cifar100,69.760000,0.635877,0.704694,15951
12,8,10000,edgetpu,cifar100,73.160000,1.283461,0.704694,15951
12,8,3487,edgetpu,cifar100,70.093330,0.637182,0.704694,15951
12,8,857,edgetpu,cifar100,72.880000,1.264168,0.704694,15951
12,8,1110,edgetpu,cifar100,58.840000,0.355938,0.704694,15951
12,8,12415,edgetpu,cifar100,71.940000,0.872299,0.704694,15951
12,8,4418,edgetpu,cifar100,72.746666,1.093699,0.704694,15951
12,8,69,edgetpu,cifar100,71.020000,0.727259,0.704694,15951
12,8,1425,edgetpu,cifar100,72.093330,0.910660,0.704694,15951
12,8,15363,edgetpu,cifar100,70.520000,0.676394,0.704694,15951
12,8,11810,edgetpu,cifar100,68.300000,0.492126,0.704694,15951
12,8,577,edgetpu,cifar100,69.680000,0.635228,0.704694,15951
12,8,9271,edgetpu,cifar100,63.400000,0.393151,0.704694,15951
12,8,4155,edgetpu,cifar100,62.306667,0.391442,0.704694,15951
12,8,3303,edgetpu,cifar100,62.420000,0.392593,0.704694,15951
12,8,14300,edgetpu,cifar100,67.300000,0.487450,0.704694,15951
12,8,3811,edgetpu,cifar100,69.360000,0.634206,0.704694,15951
12,8,11112,edgetpu,cifar100,66.893330,0.486713,0.704694,15951
12,9,10689,eyeriss,cifar100,67.500000,2.174080,0.486084,16424
12,9,9930,eyeriss,cifar100,73.513336,9.055360,0.486084,16424
12,9,6925,eyeriss,cifar100,71.220000,3.894400,0.486084,16424
12,9,5651,eyeriss,cifar100,64.690000,1.928320,0.486084,16424
12,9,3888,eyeriss,cifar100,73.260000,6.597760,0.486084,16424
12,9,12761,eyeriss,cifar100,72.860000,6.352000,0.486084,16424
12,9,5084,eyeriss,cifar100,58.813330,1.682560,0.486084,16424
12,9,12820,eyeriss,cifar100,67.720000,2.419840,0.486084,16424
12,9,14112,eyeriss,cifar100,68.386665,2.911360,0.486084,16424
12,9,11301,eyeriss,cifar100,68.220000,2.665600,0.486084,16424
12,9,3540,eyeriss,cifar100,71.500000,4.877440,0.486084,16424
12,9,12574,eyeriss,cifar100,72.740000,5.123200,0.486084,16424
12,9,14714,eyeriss,cifar100,71.280000,4.140160,0.486084,16424
12,9,6787,eyeriss,cifar100,70.720000,3.648640,0.486084,16424
12,9,11973,eyeriss,cifar100,70.340000,3.402880,0.486084,16424
12,10,5084,fpga,cifar100,58.813330,1.132960,0.510586,16407
12,10,5651,fpga,cifar100,64.690000,1.648160,0.510586,16407
12,10,6830,fpga,cifar100,71.460000,4.057760,0.510586,16407
12,10,3888,fpga,cifar100,73.260000,5.936160,0.510586,16407
12,10,6925,fpga,cifar100,71.220000,3.936160,0.510586,16407
12,10,6787,fpga,cifar100,70.720000,3.420960,0.510586,16407
12,10,9930,fpga,cifar100,73.513336,7.420960,0.510586,16407
12,10,12761,fpga,cifar100,72.860000,5.420960,0.510586,16407
12,10,3540,fpga,cifar100,71.500000,4.163360,0.510586,16407
12,10,10689,fpga,cifar100,67.500000,2.163360,0.510586,16407
12,10,69,fpga,cifar100,71.020000,3.648160,0.510586,16407
12,10,3487,fpga,cifar100,70.093330,2.905760,0.510586,16407
12,10,12574,fpga,cifar100,72.740000,4.678560,0.510586,16407
12,10,15033,fpga,cifar100,67.793335,2.390560,0.510586,16407
12,10,9997,fpga,cifar100,71.520000,4.572960,0.510586,16407
12,10,11878,fpga,cifar100,65.060000,2.057760,0.510586,16407
12,10,5033,fpga,cifar100,59.060000,1.542560,0.510586,16407
12,11,572,pixel3,cifar100,70.313330,8.017480,0.636586,15959
12,11,9930,pixel3,cifar100,73.513336,42.003600,0.636586,15959
12,11,5019,pixel3,cifar100,58.880000,1.483640,0.636586,15959
12,11,12970,pixel3,cifar100,68.140000,4.782110,0.636586,15959
12,11,1459,pixel3,cifar100,73.140000,23.437900,0.636586,15959
12,11,3888,pixel3,cifar100,73.260000,23.477200,0.636586,15959
12,11,6787,pixel3,cifar100,70.720000,9.854430,0.636586,15959
12,11,9649,pixel3,cifar100,64.540000,2.536210,0.636586,15959
12,11,1409,pixel3,cifar100,58.853333,1.275090,0.636586,15959
12,11,6925,pixel3,cifar100,71.220000,10.688000,0.636586,15959
12,11,12574,pixel3,cifar100,72.740000,16.473900,0.636586,15959
12,11,6337,pixel3,cifar100,1.000000,0.008753,0.636586,15959
12,11,1357,pixel3,cifar100,67.480000,3.998260,0.636586,15959
12,11,857,pixel3,cifar100,72.880000,19.113200,0.636586,15959
12,11,779,pixel3,cifar100,62.270000,1.676580,0.636586,15959
12,11,15589,pixel3,cifar100,59.060000,1.483890,0.636586,15959
12,11,898,pixel3,cifar100,70.000000,6.516140,0.636586,15959
12,11,1595,pixel3,cifar100,62.146667,1.665240,0.636586,15959
12,11,699,pixel3,cifar100,72.240000,12.079400,0.636586,15959
12,11,8638,pixel3,cifar100,58.860000,1.478570,0.636586,15959
12,11,1450,pixel3,cifar100,70.506670,9.337360,0.636586,15959
12,11,485,pixel3,cifar100,67.593330,4.124800,0.636586,15959
12,11,1558,pixel3,cifar100,64.020000,1.705220,0.636586,15959
12,11,777,pixel3,cifar100,58.650000,1.087020,0.636586,15959
12,11,11000,pixel3,cifar100,71.180000,10.677600,0.636586,15959
12,11,1416,pixel3,cifar100,64.493330,2.084060,0.636586,15959
12,11,724,pixel3,cifar100,67.053340,2.875650,0.636586,15959
12,11,894,pixel3,cifar100,61.933334,1.581120,0.636586,15959
12,12,2058,raspi4,cifar100,69.613335,20.052132,0.745638,16041
12,12,3385,raspi4,cifar100,72.380000,42.309270,0.745638,16041
12,12,14714,raspi4,cifar100,71.280000,24.692347,0.745638,16041
12,12,10222,raspi4,cifar100,58.860000,2.747804,0.745638,16041
12,12,6787,raspi4,cifar100,70.720000,23.081835,0.745638,16041
12,12,9271,raspi4,cifar100,63.400000,4.800893,0.745638,16041
12,12,7556,raspi4,cifar100,71.526665,36.461315,0.745638,16041
12,12,15589,raspi4,cifar100,59.060000,2.795078,0.745638,16041
12,12,8323,raspi4,cifar100,67.080000,7.271148,0.745638,16041
12,12,6918,raspi4,cifar100,58.800000,2.571364,0.745638,16041
12,12,15383,raspi4,cifar100,71.660000,38.693768,0.745638,16041
12,12,3888,raspi4,cifar100,73.260000,55.029520,0.745638,16041
12,12,15363,raspi4,cifar100,70.520000,21.809430,0.745638,16041
12,12,14792,raspi4,cifar100,69.500000,19.111843,0.745638,16041
12,12,14811,raspi4,cifar100,69.680000,20.361189,0.745638,16041
12,12,12915,raspi4,cifar100,66.950000,7.226311,0.745638,16041
12,12,3487,raspi4,cifar100,70.093330,21.603350,0.745638,16041
12,12,12761,raspi4,cifar100,72.860000,53.718200,0.745638,16041
12,12,898,raspi4,cifar100,70.000000,21.506163,0.745638,16041
12,12,6925,raspi4,cifar100,71.220000,24.195030,0.745638,16041
12,12,9930,raspi4,cifar100,73.513336,71.152000,0.745638,16041
12,12,6930,raspi4,cifar100,61.720000,4.798524,0.745638,16041
12,12,2222,raspi4,cifar100,58.313330,2.538255,0.745638,16041
12,12,8740,raspi4,cifar100,1.000000,0.015215,0.745638,16041
12,12,9997,raspi4,cifar100,71.520000,34.996710,0.745638,16041
12,12,1459,raspi4,cifar100,73.140000,53.879950,0.745638,16041
12,12,2035,raspi4,cifar100,63.926666,5.005698,0.745638,16041
12,12,4418,raspi4,cifar100,72.746666,47.162354,0.745638,16041
12,12,13430,raspi4,cifar100,66.700000,7.203785,0.745638,16041
12,12,14612,raspi4,cifar100,58.720000,2.563505,0.745638,16041
12,12,4498,raspi4,cifar100,64.086670,5.022347,0.745638,16041
12,12,699,raspi4,cifar100,72.240000,40.448723,0.745638,16041
12,12,6822,raspi4,cifar100,58.426666,2.558594,0.745638,16041
12,12,14112,raspi4,cifar100,68.386665,14.423308,0.745638,16041
12,12,10042,raspi4,cifar100,64.880000,5.100886,0.745638,16041
12,12,1425,raspi4,cifar100,72.093330,39.608680,0.745638,16041
12,12,11533,raspi4,cifar100,69.760000,21.446177,0.745638,16041
12,12,8720,raspi4,cifar100,64.130000,5.082239,0.745638,16041
12,12,10689,raspi4,cifar100,67.500000,7.381845,0.745638,16041
12,12,375,raspi4,cifar100,64.440000,5.099302,0.745638,16041
12,12,14443,raspi4,cifar100,71.740000,39.168526,0.745638,16041
12,13,4946,edgegpu,ImageNet16-120,44.700000,3.490419,0.670697,16317
12,13,11217,edgegpu,ImageNet16-120,43.466667,3.316708,0.670697,16317
12,13,8426,edgegpu,ImageNet16-120,44.633335,3.370147,0.670697,16317
12,13,8884,edgegpu,ImageNet16-120,45.033333,3.499999,0.670697,16317
12,13,14612,edgegpu,ImageNet16-120,28.488890,1.434064,0.670697,16317
12,13,10835,edgegpu,ImageNet16-120,45.233334,4.434366,0.670697,16317
12,13,7760,edgegpu,ImageNet16-120,39.100000,1.743751,0.670697,16317
12,13,9722,edgegpu,ImageNet16-120,44.000000,3.327813,0.670697,16317
12,13,15159,edgegpu,ImageNet16-120,45.566666,4.632421,0.670697,16317
12,13,4160,edgegpu,ImageNet16-120,39.833332,1.756272,0.670697,16317
12,13,12812,edgegpu,ImageNet16-120,40.100000,3.174190,0.670697,16317
12,13,8401,edgegpu,ImageNet16-120,43.833332,3.322444,0.670697,16317
12,13,7187,edgegpu,ImageNet16-120,28.683332,1.443858,0.670697,16317
12,13,12415,edgegpu,ImageNet16-120,46.566666,4.667692,0.670697,16317
12,13,4332,edgegpu,ImageNet16-120,39.444443,1.745496,0.670697,16317
12,13,4587,edgegpu,ImageNet16-120,28.800000,1.445131,0.670697,16317
12,13,15288,edgegpu,ImageNet16-120,28.422222,1.417041,0.670697,16317
12,13,4988,edgegpu,ImageNet16-120,28.933332,1.448212,0.670697,16317
12,13,9586,edgegpu,ImageNet16-120,46.933334,5.222673,0.670697,16317
12,13,15376,edgegpu,ImageNet16-120,0.833333,0.533953,0.670697,16317
12,13,2650,edgegpu,ImageNet16-120,42.433334,3.309817,0.670697,16317
12,13,6950,edgegpu,ImageNet16-120,38.700000,1.740150,0.670697,16317
12,13,14117,edgegpu,ImageNet16-120,28.677778,1.435547,0.670697,16317
12,13,454,edgegpu,ImageNet16-120,41.277780,3.303313,0.670697,16317
12,13,5751,edgegpu,ImageNet16-120,40.044445,2.434626,0.670697,16317
12,14,10167,edgetpu,ImageNet16-120,39.944443,0.444058,0.608139,16143
12,14,10750,edgetpu,ImageNet16-120,44.600000,0.615553,0.608139,16143
12,14,13931,edgetpu,ImageNet16-120,28.788889,0.360349,0.608139,16143
12,14,15014,edgetpu,ImageNet16-120,28.266666,0.358110,0.608139,16143
12,14,15107,edgetpu,ImageNet16-120,39.800000,0.430284,0.608139,16143
12,14,70,edgetpu,ImageNet16-120,39.377777,0.428228,0.608139,16143
12,14,11885,edgetpu,ImageNet16-120,39.166668,0.427395,0.608139,16143
12,14,4830,edgetpu,ImageNet16-120,42.233334,0.549457,0.608139,16143
12,14,6950,edgetpu,ImageNet16-120,38.700000,0.427379,0.608139,16143
12,14,857,edgetpu,ImageNet16-120,47.311110,0.997730,0.608139,16143
12,14,14662,edgetpu,ImageNet16-120,41.166668,0.547835,0.608139,16143
12,14,7273,edgetpu,ImageNet16-120,42.966667,0.550014,0.608139,16143
12,14,11079,edgetpu,ImageNet16-120,43.566666,0.552430,0.608139,16143
12,14,7750,edgetpu,ImageNet16-120,43.066666,0.551617,0.608139,16143
12,14,4988,edgetpu,ImageNet16-120,28.933332,0.360694,0.608139,16143
12,14,8884,edgetpu,ImageNet16-120,45.033333,0.615792,0.608139,16143
12,14,3540,edgetpu,ImageNet16-120,45.122223,0.648670,0.608139,16143
12,14,6407,edgetpu,ImageNet16-120,32.333332,0.363748,0.608139,16143
12,14,5751,edgetpu,ImageNet16-120,40.044445,0.516992,0.608139,16143
12,14,11282,edgetpu,ImageNet16-120,39.633335,0.428409,0.608139,16143
12,14,12415,edgetpu,ImageNet16-120,46.566666,0.710906,0.608139,16143
12,14,14677,edgetpu,ImageNet16-120,33.233334,0.364575,0.608139,16143
12,14,10888,edgetpu,ImageNet16-120,28.333334,0.359044,0.608139,16143
12,14,6520,edgetpu,ImageNet16-120,32.383335,0.363944,0.608139,16143
12,14,15363,edgetpu,ImageNet16-120,44.333332,0.582280,0.608139,16143
12,14,13097,edgetpu,ImageNet16-120,39.655556,0.428424,0.608139,16143
12,14,15383,edgetpu,ImageNet16-120,47.033333,0.780914,0.608139,16143
12,14,7431,edgetpu,ImageNet16-120,32.577778,0.363954,0.608139,16143
12,14,10332,edgetpu,ImageNet16-120,40.033333,0.516152,0.608139,16143
12,14,9689,edgetpu,ImageNet16-120,42.533333,0.549702,0.608139,16143
12,15,2835,eyeriss,ImageNet16-120,38.222220,0.545920,0.471892,16602
12,15,15383,eyeriss,ImageNet16-120,47.033333,1.283200,0.471892,16602
12,15,6787,eyeriss,ImageNet16-120,44.400000,0.914560,0.471892,16602
12,15,8853,eyeriss,ImageNet16-120,45.600000,1.037440,0.471892,16602
12,15,14417,eyeriss,ImageNet16-120,45.900000,1.098880,0.471892,16602
12,15,4988,eyeriss,ImageNet16-120,28.933332,0.423040,0.471892,16602
12,15,857,eyeriss,ImageNet16-120,47.311110,1.651840,0.471892,16602
12,15,8008,eyeriss,ImageNet16-120,43.500000,0.853120,0.471892,16602
12,15,1939,eyeriss,ImageNet16-120,45.077778,0.976000,0.471892,16602
12,15,6854,eyeriss,ImageNet16-120,40.800000,0.668800,0.471892,16602
12,15,735,eyeriss,ImageNet16-120,38.544445,0.607360,0.471892,16602
12,15,4829,eyeriss,ImageNet16-120,34.200000,0.484480,0.471892,16602
12,16,5793,fpga,ImageNet16-120,35.033333,0.517920,0.507965,16233
12,16,6787,fpga,ImageNet16-120,44.400000,0.969600,0.507965,16233
12,16,10017,fpga,ImageNet16-120,40.566666,0.784000,0.507965,16233
12,16,8008,fpga,ImageNet16-120,43.500000,0.876800,0.507965,16233
12,16,14748,fpga,ImageNet16-120,44.900000,0.995200,0.507965,16233
12,16,4988,fpga,ImageNet16-120,28.933332,0.284320,0.507965,16233
12,16,1939,fpga,ImageNet16-120,45.077778,1.062400,0.507965,16233
12,16,11079,fpga,ImageNet16-120,43.566666,0.902400,0.507965,16233
12,16,15446,fpga,ImageNet16-120,45.766666,1.116320,0.507965,16233
12,16,4829,fpga,ImageNet16-120,34.200000,0.415520,0.507965,16233
12,16,15383,fpga,ImageNet16-120,47.033333,1.504000,0.507965,16233
12,16,6868,fpga,ImageNet16-120,39.000000,0.649120,0.507965,16233
12,16,2835,fpga,ImageNet16-120,38.222220,0.546720,0.507965,16233
12,16,6854,fpga,ImageNet16-120,40.800000,0.809120,0.507965,16233
12,16,12452,fpga,ImageNet16-120,40.533333,0.780320,0.507965,16233
12,17,6014,pixel3,ImageNet16-120,28.533333,0.423391,0.743051,15978
12,17,1204,pixel3,ImageNet16-120,37.844444,0.864966,0.743051,15978
12,17,735,pixel3,ImageNet16-120,38.544445,1.107950,0.743051,15978
12,17,12466,pixel3,ImageNet16-120,46.100000,4.680280,0.743051,15978
12,17,10888,pixel3,ImageNet16-120,28.333334,0.422652,0.743051,15978
12,17,4977,pixel3,ImageNet16-120,32.966667,0.617991,0.743051,15978
12,17,4004,pixel3,ImageNet16-120,42.811110,2.467510,0.743051,15978
12,17,14112,pixel3,ImageNet16-120,40.733334,1.913100,0.743051,15978
12,17,4627,pixel3,ImageNet16-120,43.500000,2.479640,0.743051,15978
12,17,4587,pixel3,ImageNet16-120,28.800000,0.445767,0.743051,15978
12,17,1939,pixel3,ImageNet16-120,45.077778,3.021500,0.743051,15978
12,17,872,pixel3,ImageNet16-120,41.777780,2.465030,0.743051,15978
12,17,1549,pixel3,ImageNet16-120,28.655556,0.424747,0.743051,15978
12,17,12452,pixel3,ImageNet16-120,40.533333,1.504410,0.743051,15978
12,17,2002,pixel3,ImageNet16-120,32.277780,0.617751,0.743051,15978
12,17,898,pixel3,ImageNet16-120,42.466667,2.467210,0.743051,15978
12,17,7187,pixel3,ImageNet16-120,28.683332,0.425223,0.743051,15978
12,17,13756,pixel3,ImageNet16-120,0.833333,0.005289,0.743051,15978
12,17,2899,pixel3,ImageNet16-120,43.911110,2.701210,0.743051,15978
12,17,1110,pixel3,ImageNet16-120,28.600000,0.423927,0.743051,15978
12,17,15446,pixel3,ImageNet16-120,45.766666,3.439380,0.743051,15978
12,17,1425,pixel3,ImageNet16-120,45.977780,4.619290,0.743051,15978
12,17,11000,pixel3,ImageNet16-120,44.866665,2.962520,0.743051,15978
12,17,8584,pixel3,ImageNet16-120,34.088890,0.664046,0.743051,15978
12,17,857,pixel3,ImageNet16-120,47.311110,6.686850,0.743051,15978
12,17,2018,pixel3,ImageNet16-120,46.433334,4.949210,0.743051,15978
12,17,10154,pixel3,ImageNet16-120,46.133335,4.783700,0.743051,15978
12,17,12639,pixel3,ImageNet16-120,40.400000,1.304440,0.743051,15978
12,17,3728,pixel3,ImageNet16-120,28.500000,0.422880,0.743051,15978
12,17,12424,pixel3,ImageNet16-120,43.133330,2.470150,0.743051,15978
12,17,2835,pixel3,ImageNet16-120,38.222220,0.868646,0.743051,15978
12,17,15383,pixel3,ImageNet16-120,47.033333,5.191720,0.743051,15978
12,17,12103,pixel3,ImageNet16-120,28.250000,0.422433,0.743051,15978
12,17,12355,pixel3,ImageNet16-120,45.033333,2.989390,0.743051,15978
12,17,4895,pixel3,ImageNet16-120,33.200000,0.619070,0.743051,15978
12,17,9805,pixel3,ImageNet16-120,34.133335,0.791370,0.743051,15978
12,17,4432,pixel3,ImageNet16-120,37.800000,0.861157,0.743051,15978
12,17,4988,pixel3,ImageNet16-120,28.933332,0.485996,0.743051,15978
12,18,5637,raspi4,ImageNet16-120,33.933334,1.580707,0.849037,16112
12,18,6294,raspi4,ImageNet16-120,38.011112,2.203638,0.849037,16112
12,18,10167,raspi4,ImageNet16-120,39.944443,3.106316,0.849037,16112
12,18,219,raspi4,ImageNet16-120,42.500000,3.768475,0.849037,16112
12,18,10835,raspi4,ImageNet16-120,45.233334,6.632419,0.849037,16112
12,18,7227,raspi4,ImageNet16-120,32.533333,1.530737,0.849037,16112
12,18,10472,raspi4,ImageNet16-120,39.633335,3.079679,0.849037,16112
12,18,3782,raspi4,ImageNet16-120,41.866665,3.755286,0.849037,16112
12,18,2779,raspi4,ImageNet16-120,37.355556,2.190654,0.849037,16112
12,18,11946,raspi4,ImageNet16-120,28.200000,0.940293,0.849037,16112
12,18,1413,raspi4,ImageNet16-120,42.711113,3.788479,0.849037,16112
12,18,8584,raspi4,ImageNet16-120,34.088890,1.586268,0.849037,16112
12,18,4988,raspi4,ImageNet16-120,28.933332,1.003251,0.849037,16112
12,18,1939,raspi4,ImageNet16-120,45.077778,5.341908,0.849037,16112
12,18,15363,raspi4,ImageNet16-120,44.333332,4.480516,0.849037,16112
12,18,4675,raspi4,ImageNet16-120,33.100000,1.544321,0.849037,16112
12,18,8853,raspi4,ImageNet16-120,45.600000,6.961605,0.849037,16112
12,18,12505,raspi4,ImageNet16-120,39.283333,3.062432,0.849037,16112
12,18,13644,raspi4,ImageNet16-120,45.333332,6.780282,0.849037,16112
12,18,13931,raspi4,ImageNet16-120,28.788889,0.956195,0.849037,16112
12,18,7187,raspi4,ImageNet16-120,28.683332,0.952790,0.849037,16112
12,18,6336,raspi4,ImageNet16-120,39.366665,3.073392,0.849037,16112
12,18,12355,raspi4,ImageNet16-120,45.033333,5.326674,0.849037,16112
12,18,9585,raspi4,ImageNet16-120,0.833333,0.011519,0.849037,16112
12,18,15383,raspi4,ImageNet16-120,47.033333,8.565354,0.849037,16112
12,18,3650,raspi4,ImageNet16-120,43.866665,4.475790,0.849037,16112
12,18,6854,raspi4,ImageNet16-120,40.800000,3.661016,0.849037,16112
12,18,4995,raspi4,ImageNet16-120,42.166668,3.766336,0.849037,16112
12,18,9806,raspi4,ImageNet16-120,39.966667,3.162904,0.849037,16112
12,18,11653,raspi4,ImageNet16-120,38.100000,2.898014,0.849037,16112
12,18,857,raspi4,ImageNet16-120,47.311110,9.020064,0.849037,16112
12,18,8323,raspi4,ImageNet16-120,38.033333,2.287984,0.849037,16112
12,18,9762,raspi4,ImageNet16-120,38.200000,2.912099,0.849037,16112
12,18,3960,raspi4,ImageNet16-120,37.755554,2.197980,0.849037,16112
12,18,7357,raspi4,ImageNet16-120,44.666668,4.480689,0.849037,16112
12,18,11584,raspi4,ImageNet16-120,46.666668,8.014434,0.849037,16112
12,18,8733,raspi4,ImageNet16-120,46.600000,7.477213,0.849037,16112
12,18,14792,raspi4,ImageNet16-120,43.033333,3.792447,0.849037,16112
12,18,13059,raspi4,ImageNet16-120,34.266666,1.595651,0.849037,16112
12,18,2112,raspi4,ImageNet16-120,38.355556,2.925188,0.849037,16112
12,18,11079,raspi4,ImageNet16-120,43.566666,3.802027,0.849037,16112
12,18,5530,raspi4,ImageNet16-120,42.577778,3.785925,0.849037,16112
12,18,10017,raspi4,ImageNet16-120,40.566666,3.181383,0.849037,16112
12,18,3431,raspi4,ImageNet16-120,32.966667,1.536690,0.849037,16112
12,18,7551,raspi4,ImageNet16-120,38.477780,2.950436,0.849037,16112
12,18,8355,raspi4,ImageNet16-120,39.666668,3.083286,0.849037,16112
12,18,13771,raspi4,ImageNet16-120,32.744446,1.533813,0.849037,16112
12,18,6868,raspi4,ImageNet16-120,39.000000,2.982937,0.849037,16112
12,18,11209,raspi4,ImageNet16-120,33.266666,1.580655,0.849037,16112
12,18,1204,raspi4,ImageNet16-120,37.844444,2.199356,0.849037,16112
13,1,6330,edgegpu,cifar10,94.006670,4.384699,0.602926,16339
13,1,11438,edgegpu,cifar10,92.500000,1.846719,0.602926,16339
13,1,561,edgegpu,cifar10,86.880000,1.451068,0.602926,16339
13,1,13401,edgegpu,cifar10,87.010000,1.457009,0.602926,16339
13,1,14407,edgegpu,cifar10,86.770000,1.440282,0.602926,16339
13,1,11810,edgegpu,cifar10,92.780000,1.992798,0.602926,16339
13,1,5292,edgegpu,cifar10,94.293335,6.663151,0.602926,16339
13,1,2776,edgegpu,cifar10,93.666664,3.331194,0.602926,16339
13,1,6499,edgegpu,cifar10,93.645000,3.331041,0.602926,16339
13,1,5780,edgegpu,cifar10,93.980000,3.361888,0.602926,16339
13,1,14090,edgegpu,cifar10,92.086670,1.749086,0.602926,16339
13,1,5400,edgegpu,cifar10,86.630000,1.427460,0.602926,16339
13,1,1549,edgegpu,cifar10,86.710000,1.436324,0.602926,16339
13,1,11692,edgegpu,cifar10,94.130000,4.708362,0.602926,16339
13,1,13714,edgegpu,cifar10,94.373340,6.772180,0.602926,16339
13,1,258,edgegpu,cifar10,93.640000,3.307109,0.602926,16339
13,1,1459,edgegpu,cifar10,94.296670,6.748991,0.602926,16339
13,1,2053,edgegpu,cifar10,94.206665,5.482254,0.602926,16339
13,1,9099,edgegpu,cifar10,93.940000,3.357520,0.602926,16339
13,1,10484,edgegpu,cifar10,93.810000,3.354015,0.602926,16339
13,1,1339,edgegpu,cifar10,92.136665,1.751881,0.602926,16339
13,1,6960,edgegpu,cifar10,92.280000,1.764450,0.602926,16339
13,1,15200,edgegpu,cifar10,10.000000,0.501385,0.602926,16339
13,2,11438,edgetpu,cifar10,92.500000,0.482393,0.573346,16303
13,2,12607,edgetpu,cifar10,89.180000,0.391577,0.573346,16303
13,2,11692,edgetpu,cifar10,94.130000,0.761100,0.573346,16303
13,2,2485,edgetpu,cifar10,86.700000,0.346546,0.573346,16303
13,2,3731,edgetpu,cifar10,94.343330,1.282820,0.573346,16303
13,2,6515,edgetpu,cifar10,93.616670,0.722858,0.573346,16303
13,2,5111,edgetpu,cifar10,94.306660,1.152010,0.573346,16303
13,2,7017,edgetpu,cifar10,86.970000,0.353089,0.573346,16303
13,2,5780,edgetpu,cifar10,93.980000,0.723967,0.573346,16303
13,2,4675,edgetpu,cifar10,89.200000,0.395661,0.573346,16303
13,2,8008,edgetpu,cifar10,93.480000,0.629746,0.573346,16303
13,2,2053,edgetpu,cifar10,94.206665,1.042178,0.573346,16303
13,2,6584,edgetpu,cifar10,94.160000,0.888877,0.573346,16303
13,2,6382,edgetpu,cifar10,93.376660,0.628638,0.573346,16303
13,2,13714,edgetpu,cifar10,94.373340,1.377865,0.573346,16303
13,2,3927,edgetpu,cifar10,93.626660,0.723268,0.573346,16303
13,2,10167,edgetpu,cifar10,92.020000,0.481180,0.573346,16303
13,2,9689,edgetpu,cifar10,93.370000,0.628386,0.573346,16303
13,2,9380,edgetpu,cifar10,89.335000,0.395662,0.573346,16303
13,2,5647,edgetpu,cifar10,89.110000,0.389378,0.573346,16303
13,2,8192,edgetpu,cifar10,93.093330,0.627745,0.573346,16303
13,2,797,edgetpu,cifar10,93.280000,0.627996,0.573346,16303
13,2,10683,edgetpu,cifar10,92.330000,0.481277,0.573346,16303
13,2,11810,edgetpu,cifar10,92.780000,0.482879,0.573346,16303
13,2,15000,edgetpu,cifar10,92.400000,0.481741,0.573346,16303
13,3,7407,eyeriss,cifar10,93.510000,3.645620,0.492985,16579
13,3,11472,eyeriss,cifar10,93.970000,4.628660,0.492985,16579
13,3,12438,eyeriss,cifar10,89.875000,1.925300,0.492985,16579
13,3,8008,eyeriss,cifar10,93.480000,3.399860,0.492985,16579
13,3,6854,eyeriss,cifar10,91.040000,2.662580,0.492985,16579
13,3,13611,eyeriss,cifar10,92.490000,3.154100,0.492985,16579
13,3,6111,eyeriss,cifar10,94.373340,7.823540,0.492985,16579
13,3,5111,eyeriss,cifar10,94.306660,5.365940,0.492985,16579
13,3,8323,eyeriss,cifar10,90.870000,2.171060,0.492985,16579
13,3,3731,eyeriss,cifar10,94.343330,6.594740,0.492985,16579
13,3,12002,eyeriss,cifar10,93.510000,3.645620,0.492985,16579
13,3,8592,eyeriss,cifar10,93.750000,3.891380,0.492985,16579
13,3,8720,eyeriss,cifar10,89.875000,1.925300,0.492985,16579
13,3,11376,eyeriss,cifar10,93.510000,3.645620,0.492985,16579
13,3,4384,eyeriss,cifar10,86.796670,1.679540,0.492985,16579
13,3,6584,eyeriss,cifar10,94.160000,4.874420,0.492985,16579
13,3,13714,eyeriss,cifar10,94.373340,7.823540,0.492985,16579
13,4,4384,fpga,cifar10,86.796670,1.132960,0.478447,16356
13,4,11525,fpga,cifar10,90.000000,2.057760,0.478447,16356
13,4,5111,fpga,cifar10,94.306660,5.193760,0.478447,16356
13,4,11692,fpga,cifar10,94.130000,4.163360,0.478447,16356
13,4,3731,fpga,cifar10,94.343330,5.936160,0.478447,16356
13,4,8008,fpga,cifar10,93.480000,2.905760,0.478447,16356
13,4,6111,fpga,cifar10,94.373340,6.678560,0.478447,16356
13,4,13987,fpga,cifar10,93.596664,3.420960,0.478447,16356
13,4,8720,fpga,cifar10,89.875000,1.648160,0.478447,16356
13,4,13611,fpga,cifar10,92.490000,2.390560,0.478447,16356
13,4,12438,fpga,cifar10,89.875000,1.648160,0.478447,16356
13,4,11472,fpga,cifar10,93.970000,3.648160,0.478447,16356
13,4,8323,fpga,cifar10,90.870000,2.163360,0.478447,16356
13,4,13714,fpga,cifar10,94.373340,6.678560,0.478447,16356
13,5,1425,pixel3,cifar10,93.933334,12.536500,0.807342,16089
13,5,6918,pixel3,cifar10,87.000000,1.478790,0.807342,16089
13,5,6854,pixel3,cifar10,91.040000,4.514220,0.807342,16089
13,5,5224,pixel3,cifar10,88.980000,1.570360,0.807342,16089
13,5,12452,pixel3,cifar10,91.350000,5.590110,0.807342,16089
13,5,13171,pixel3,cifar10,93.530000,7.717220,0.807342,16089
13,5,6382,pixel3,cifar10,93.376660,7.048190,0.807342,16089
13,5,9032,pixel3,cifar10,90.740000,3.102890,0.807342,16089
13,5,6863,pixel3,cifar10,86.740000,1.229320,0.807342,16089
13,5,1781,pixel3,cifar10,89.883330,1.712020,0.807342,16089
13,5,11692,pixel3,cifar10,94.130000,15.490100,0.807342,16089
13,5,6624,pixel3,cifar10,89.120000,1.670570,0.807342,16089
13,5,1497,pixel3,cifar10,86.556660,1.056630,0.807342,16089
13,5,8592,pixel3,cifar10,93.750000,10.769800,0.807342,16089
13,5,5446,pixel3,cifar10,90.500000,2.889680,0.807342,16089
13,5,4627,pixel3,cifar10,93.270000,7.036050,0.807342,16089
13,5,3731,pixel3,cifar10,94.343330,23.361300,0.807342,16089
13,5,2779,pixel3,cifar10,90.806660,3.102950,0.807342,16089
13,5,6434,pixel3,cifar10,91.080000,4.811140,0.807342,16089
13,5,8695,pixel3,cifar10,94.220000,17.564500,0.807342,16089
13,5,6111,pixel3,cifar10,94.373340,23.584800,0.807342,16089
13,5,6999,pixel3,cifar10,93.820000,12.260900,0.807342,16089
13,5,6899,pixel3,cifar10,90.900000,3.961410,0.807342,16089
13,5,5111,pixel3,cifar10,94.306660,17.584600,0.807342,16089
13,5,6985,pixel3,cifar10,89.940000,2.367450,0.807342,16089
13,5,13869,pixel3,cifar10,93.656670,10.634700,0.807342,16089
13,5,13987,pixel3,cifar10,93.596664,9.922680,0.807342,16089
13,5,4384,pixel3,cifar10,86.796670,1.467300,0.807342,16089
13,5,7197,pixel3,cifar10,90.366670,2.447670,0.807342,16089
13,5,7001,pixel3,cifar10,10.000000,0.003277,0.807342,16089
13,5,8836,pixel3,cifar10,92.220000,6.313990,0.807342,16089
13,5,4554,pixel3,cifar10,86.670000,1.114880,0.807342,16089
13,5,8708,pixel3,cifar10,94.080000,12.839000,0.807342,16089
13,5,1339,pixel3,cifar10,92.136665,5.802240,0.807342,16089
13,5,1941,pixel3,cifar10,93.533330,9.128690,0.807342,16089
13,5,1943,pixel3,cifar10,93.116670,6.492030,0.807342,16089
13,5,13846,pixel3,cifar10,90.720000,3.099760,0.807342,16089
13,5,5915,pixel3,cifar10,86.846664,1.472530,0.807342,16089
13,5,9230,pixel3,cifar10,86.580000,1.056760,0.807342,16089
13,5,8323,pixel3,cifar10,90.870000,3.106420,0.807342,16089
13,6,5991,raspi4,cifar10,92.186670,17.979792,0.741276,16053
13,6,1941,raspi4,cifar10,93.533330,25.121769,0.741276,16053
13,6,8008,raspi4,cifar10,93.480000,22.571420,0.741276,16053
13,6,5940,raspi4,cifar10,91.056660,12.563456,0.741276,16053
13,6,14677,raspi4,cifar10,88.670000,4.755260,0.741276,16053
13,6,8323,raspi4,cifar10,90.870000,7.426308,0.741276,16053
13,6,6382,raspi4,cifar10,93.376660,21.461164,0.741276,16053
13,6,8592,raspi4,cifar10,93.750000,25.477009,0.741276,16053
13,6,5111,raspi4,cifar10,94.306660,41.756905,0.741276,16053
13,6,3731,raspi4,cifar10,94.343330,58.070793,0.741276,16053
13,6,1962,raspi4,cifar10,86.530000,2.529453,0.741276,16053
13,6,6111,raspi4,cifar10,94.373340,68.404106,0.741276,16053
13,6,11692,raspi4,cifar10,94.130000,37.583630,0.741276,16053
13,6,7017,raspi4,cifar10,86.970000,2.544041,0.741276,16053
13,6,13320,raspi4,cifar10,89.330000,4.889096,0.741276,16053
13,6,1099,raspi4,cifar10,92.240000,18.358124,0.741276,16053
13,6,2058,raspi4,cifar10,93.270000,19.484835,0.741276,16053
13,6,2035,raspi4,cifar10,89.670000,4.984099,0.741276,16053
13,6,5780,raspi4,cifar10,93.980000,34.928463,0.741276,16053
13,6,6953,raspi4,cifar10,91.990000,15.601654,0.741276,16053
13,6,11810,raspi4,cifar10,92.780000,18.619905,0.741276,16053
13,6,12639,raspi4,cifar10,90.990000,11.857850,0.741276,16053
13,6,10412,raspi4,cifar10,93.530000,25.079220,0.741276,16053
13,6,14565,raspi4,cifar10,88.880000,4.781183,0.741276,16053
13,6,1690,raspi4,cifar10,86.646670,2.536549,0.741276,16053
13,6,4432,raspi4,cifar10,90.700000,7.290926,0.741276,16053
13,6,4210,raspi4,cifar10,89.030000,4.782748,0.741276,16053
13,6,6918,raspi4,cifar10,87.000000,2.787590,0.741276,16053
13,6,7058,raspi4,cifar10,92.040000,16.469465,0.741276,16053
13,6,7407,raspi4,cifar10,93.510000,24.855400,0.741276,16053
13,6,12504,raspi4,cifar10,92.130000,16.890614,0.741276,16053
13,6,6985,raspi4,cifar10,89.940000,4.995646,0.741276,16053
13,6,6868,raspi4,cifar10,90.880000,10.226877,0.741276,16053
13,6,4689,raspi4,cifar10,90.720000,7.356712,0.741276,16053
13,6,8426,raspi4,cifar10,93.840000,31.394428,0.741276,16053
13,6,9980,raspi4,cifar10,10.000000,0.011284,0.741276,16053
13,6,4659,raspi4,cifar10,93.396670,22.249382,0.741276,16053
13,6,4364,raspi4,cifar10,92.146670,17.893960,0.741276,16053
13,7,6381,edgegpu,cifar100,66.800000,1.753340,0.568598,16176
13,7,6124,edgegpu,cifar100,68.360000,3.185835,0.568598,16176
13,7,1038,edgegpu,cifar100,67.500000,1.758428,0.568598,16176
13,7,9930,edgegpu,cifar100,73.513336,6.803060,0.568598,16176
13,7,9922,edgegpu,cifar100,58.560000,1.428552,0.568598,16176
13,7,11885,edgegpu,cifar100,68.040000,1.776652,0.568598,16176
13,7,4418,edgegpu,cifar100,72.746666,5.352364,0.568598,16176
13,7,1509,edgegpu,cifar100,1.000000,0.505853,0.568598,16176
13,7,2304,edgegpu,cifar100,58.660000,1.440253,0.568598,16176
13,7,3888,edgegpu,cifar100,73.260000,6.797867,0.568598,16176
13,7,8912,edgegpu,cifar100,59.200000,1.441355,0.568598,16176
13,7,4954,edgegpu,cifar100,73.000000,6.669736,0.568598,16176
13,7,2778,edgegpu,cifar100,72.993330,6.134028,0.568598,16176
13,7,12415,edgegpu,cifar100,71.940000,4.828467,0.568598,16176
13,7,8401,edgegpu,cifar100,71.080000,3.302102,0.568598,16176
13,7,1425,edgegpu,cifar100,72.093330,5.310225,0.568598,16176
13,7,11810,edgegpu,cifar100,68.300000,1.779551,0.568598,16176
13,7,9997,edgegpu,cifar100,71.520000,3.466139,0.568598,16176
13,7,14089,edgegpu,cifar100,61.806667,1.752892,0.568598,16176
13,8,15363,edgetpu,cifar100,70.520000,0.676394,0.665409,16161
13,8,12415,edgetpu,cifar100,71.940000,0.872299,0.665409,16161
13,8,8638,edgetpu,cifar100,58.860000,0.356631,0.665409,16161
13,8,5019,edgetpu,cifar100,58.880000,0.357058,0.665409,16161
13,8,11219,edgetpu,cifar100,67.200000,0.486929,0.665409,16161
13,8,4418,edgetpu,cifar100,72.746666,1.093699,0.665409,16161
13,8,12607,edgetpu,cifar100,62.600000,0.392830,0.665409,16161
13,8,9930,edgetpu,cifar100,73.513336,1.454107,0.665409,16161
13,8,12424,edgetpu,cifar100,69.980000,0.638946,0.665409,16161
13,8,1425,edgetpu,cifar100,72.093330,0.910660,0.665409,16161
13,8,12113,edgetpu,cifar100,67.480000,0.487574,0.665409,16161
13,8,1110,edgetpu,cifar100,58.840000,0.355938,0.665409,16161
13,8,8401,edgetpu,cifar100,71.080000,0.728572,0.665409,16161
13,8,781,edgetpu,cifar100,67.960000,0.487922,0.665409,16161
13,8,3888,edgetpu,cifar100,73.260000,1.316226,0.665409,16161
13,8,577,edgetpu,cifar100,69.680000,0.635228,0.665409,16161
13,8,8912,edgetpu,cifar100,59.200000,0.377698,0.665409,16161
13,8,12761,edgetpu,cifar100,72.860000,1.225212,0.665409,16161
13,8,777,edgetpu,cifar100,58.650000,0.355588,0.665409,16161
13,8,3303,edgetpu,cifar100,62.420000,0.392593,0.665409,16161
13,8,10000,edgetpu,cifar100,73.160000,1.283461,0.665409,16161
13,8,797,edgetpu,cifar100,69.580000,0.633351,0.665409,16161
13,8,857,edgetpu,cifar100,72.880000,1.264168,0.665409,16161
13,8,9271,edgetpu,cifar100,63.400000,0.393151,0.665409,16161
13,8,4627,edgetpu,cifar100,69.600000,0.635153,0.665409,16161
13,8,11810,edgetpu,cifar100,68.300000,0.492126,0.665409,16161
13,8,69,edgetpu,cifar100,71.020000,0.727259,0.665409,16161
13,8,11885,edgetpu,cifar100,68.040000,0.489665,0.665409,16161
13,8,12574,edgetpu,cifar100,72.740000,0.932430,0.665409,16161
13,8,9997,edgetpu,cifar100,71.520000,0.729986,0.665409,16161
13,8,1383,edgetpu,cifar100,70.273330,0.673722,0.665409,16161
13,8,13829,edgetpu,cifar100,66.873340,0.485137,0.665409,16161
13,8,11533,edgetpu,cifar100,69.760000,0.635877,0.665409,16161
13,8,2705,edgetpu,cifar100,62.813330,0.393026,0.665409,16161
13,8,14945,edgetpu,cifar100,58.500000,0.354940,0.665409,16161
13,8,4155,edgetpu,cifar100,62.306667,0.391442,0.665409,16161
13,8,14300,edgetpu,cifar100,67.300000,0.487450,0.665409,16161
13,9,14714,eyeriss,cifar100,71.280000,4.140160,0.489245,16359
13,9,14112,eyeriss,cifar100,68.386665,2.911360,0.489245,16359
13,9,3487,eyeriss,cifar100,70.093330,3.402880,0.489245,16359
13,9,5725,eyeriss,cifar100,70.600000,3.648640,0.489245,16359
13,9,5651,eyeriss,cifar100,64.690000,1.928320,0.489245,16359
13,9,12761,eyeriss,cifar100,72.860000,6.352000,0.489245,16359
13,9,9930,eyeriss,cifar100,73.513336,9.055360,0.489245,16359
13,9,6925,eyeriss,cifar100,71.220000,3.894400,0.489245,16359
13,9,3540,eyeriss,cifar100,71.500000,4.877440,0.489245,16359
13,9,3888,eyeriss,cifar100,73.260000,6.597760,0.489245,16359
13,9,12574,eyeriss,cifar100,72.740000,5.123200,0.489245,16359
13,9,12820,eyeriss,cifar100,67.720000,2.419840,0.489245,16359
13,9,12970,eyeriss,cifar100,68.140000,2.665600,0.489245,16359
13,9,5084,eyeriss,cifar100,58.813330,1.682560,0.489245,16359
13,9,10689,eyeriss,cifar100,67.500000,2.174080,0.489245,16359
13,10,6925,fpga,cifar100,71.220000,3.936160,0.482494,16177
13,10,15033,fpga,cifar100,67.793335,2.390560,0.482494,16177
13,10,3888,fpga,cifar100,73.260000,5.936160,0.482494,16177
13,10,3487,fpga,cifar100,70.093330,2.905760,0.482494,16177
13,10,6787,fpga,cifar100,70.720000,3.420960,0.482494,16177
13,10,12761,fpga,cifar100,72.860000,5.420960,0.482494,16177
13,10,12574,fpga,cifar100,72.740000,4.678560,0.482494,16177
13,10,9930,fpga,cifar100,73.513336,7.420960,0.482494,16177
13,10,3540,fpga,cifar100,71.500000,4.163360,0.482494,16177
13,10,5651,fpga,cifar100,64.690000,1.648160,0.482494,16177
13,10,5084,fpga,cifar100,58.813330,1.132960,0.482494,16177
13,10,10689,fpga,cifar100,67.500000,2.163360,0.482494,16177
13,10,12295,fpga,cifar100,71.160000,3.648160,0.482494,16177
13,11,12574,pixel3,cifar100,72.740000,16.473900,0.687262,16096
13,11,8912,pixel3,cifar100,59.200000,1.478790,0.687262,16096
13,11,11301,pixel3,cifar100,68.220000,5.352090,0.687262,16096
13,11,1631,pixel3,cifar100,63.986668,1.805000,0.687262,16096
13,11,4409,pixel3,cifar100,67.173330,3.113370,0.687262,16096
13,11,14253,pixel3,cifar100,70.860000,10.679300,0.687262,16096
13,11,9930,pixel3,cifar100,73.513336,42.003600,0.687262,16096
13,11,10042,pixel3,cifar100,64.880000,2.794690,0.687262,16096
13,11,375,pixel3,cifar100,64.440000,2.363140,0.687262,16096
13,11,15363,pixel3,cifar100,70.520000,9.708640,0.687262,16096
13,11,3192,pixel3,cifar100,71.133330,11.671300,0.687262,16096
13,11,857,pixel3,cifar100,72.880000,19.113200,0.687262,16096
13,11,1357,pixel3,cifar100,67.480000,3.998260,0.687262,16096
13,11,14112,pixel3,cifar100,68.386665,5.745320,0.687262,16096
13,11,1459,pixel3,cifar100,73.140000,23.437900,0.687262,16096
13,11,1425,pixel3,cifar100,72.093330,15.692300,0.687262,16096
13,11,9649,pixel3,cifar100,64.540000,2.536210,0.687262,16096
13,11,6787,pixel3,cifar100,70.720000,9.854430,0.687262,16096
13,11,1583,pixel3,cifar100,71.326670,12.345800,0.687262,16096
13,11,894,pixel3,cifar100,61.933334,1.581120,0.687262,16096
13,11,1409,pixel3,cifar100,58.853333,1.275090,0.687262,16096
13,11,657,pixel3,cifar100,58.233334,1.233070,0.687262,16096
13,11,12970,pixel3,cifar100,68.140000,4.782110,0.687262,16096
13,11,3888,pixel3,cifar100,73.260000,23.477200,0.687262,16096
13,11,6337,pixel3,cifar100,1.000000,0.008753,0.687262,16096
13,11,4659,pixel3,cifar100,70.060000,9.026280,0.687262,16096
13,11,2649,pixel3,cifar100,64.446660,2.496890,0.687262,16096
13,11,898,pixel3,cifar100,70.000000,6.516140,0.687262,16096
13,11,724,pixel3,cifar100,67.053340,2.875650,0.687262,16096
13,11,906,pixel3,cifar100,62.393333,1.661810,0.687262,16096
13,11,9997,pixel3,cifar100,71.520000,14.777900,0.687262,16096
13,11,8638,pixel3,cifar100,58.860000,1.478570,0.687262,16096
13,11,1450,pixel3,cifar100,70.506670,9.337360,0.687262,16096
13,12,10222,raspi4,cifar100,58.860000,2.747804,0.687872,16005
13,12,15246,raspi4,cifar100,66.966670,7.350053,0.687872,16005
13,12,12761,raspi4,cifar100,72.860000,53.718200,0.687872,16005
13,12,355,raspi4,cifar100,69.860000,20.791758,0.687872,16005
13,12,12915,raspi4,cifar100,66.950000,7.226311,0.687872,16005
13,12,2222,raspi4,cifar100,58.313330,2.538255,0.687872,16005
13,12,10689,raspi4,cifar100,67.500000,7.381845,0.687872,16005
13,12,6918,raspi4,cifar100,58.800000,2.571364,0.687872,16005
13,12,7030,raspi4,cifar100,69.600000,19.218203,0.687872,16005
13,12,12574,raspi4,cifar100,72.740000,36.371254,0.687872,16005
13,12,8740,raspi4,cifar100,1.000000,0.015215,0.687872,16005
13,12,6925,raspi4,cifar100,71.220000,24.195030,0.687872,16005
13,12,15589,raspi4,cifar100,59.060000,2.795078,0.687872,16005
13,12,9997,raspi4,cifar100,71.520000,34.996710,0.687872,16005
13,12,13430,raspi4,cifar100,66.700000,7.203785,0.687872,16005
13,12,898,raspi4,cifar100,70.000000,21.506163,0.687872,16005
13,12,15363,raspi4,cifar100,70.520000,21.809430,0.687872,16005
13,12,2058,raspi4,cifar100,69.613335,20.052132,0.687872,16005
13,12,10042,raspi4,cifar100,64.880000,5.100886,0.687872,16005
13,12,9930,raspi4,cifar100,73.513336,71.152000,0.687872,16005
13,12,4418,raspi4,cifar100,72.746666,47.162354,0.687872,16005
13,12,14811,raspi4,cifar100,69.680000,20.361189,0.687872,16005
13,12,6787,raspi4,cifar100,70.720000,23.081835,0.687872,16005
13,12,6830,raspi4,cifar100,71.460000,34.491814,0.687872,16005
13,12,3888,raspi4,cifar100,73.260000,55.029520,0.687872,16005
13,12,2035,raspi4,cifar100,63.926666,5.005698,0.687872,16005
13,12,9895,raspi4,cifar100,69.400000,19.211880,0.687872,16005
13,12,14112,raspi4,cifar100,68.386665,14.423308,0.687872,16005
13,12,8912,raspi4,cifar100,59.200000,2.818969,0.687872,16005
13,12,14612,raspi4,cifar100,58.720000,2.563505,0.687872,16005
13,12,6294,raspi4,cifar100,66.973335,7.376450,0.687872,16005
13,12,9271,raspi4,cifar100,63.400000,4.800893,0.687872,16005
13,12,6930,raspi4,cifar100,61.720000,4.798524,0.687872,16005
13,12,1459,raspi4,cifar100,73.140000,53.879950,0.687872,16005
13,12,1616,raspi4,cifar100,63.946667,5.080509,0.687872,16005
13,12,3487,raspi4,cifar100,70.093330,21.603350,0.687872,16005
13,12,9926,raspi4,cifar100,63.520000,4.999532,0.687872,16005
13,12,375,raspi4,cifar100,64.440000,5.099302,0.687872,16005
13,12,6822,raspi4,cifar100,58.426666,2.558594,0.687872,16005
13,13,14612,edgegpu,ImageNet16-120,28.488890,1.434064,0.697538,16282
13,13,7760,edgegpu,ImageNet16-120,39.100000,1.743751,0.697538,16282
13,13,9077,edgegpu,ImageNet16-120,39.500000,1.801076,0.697538,16282
13,13,561,edgegpu,ImageNet16-120,28.911112,1.461983,0.697538,16282
13,13,11438,edgegpu,ImageNet16-120,39.733334,1.903386,0.697538,16282
13,13,768,edgegpu,ImageNet16-120,39.466667,1.776605,0.697538,16282
13,13,5374,edgegpu,ImageNet16-120,46.766666,5.294285,0.697538,16282
13,13,9722,edgegpu,ImageNet16-120,44.000000,3.327813,0.697538,16282
13,13,5751,edgegpu,ImageNet16-120,40.044445,2.434626,0.697538,16282
13,13,10947,edgegpu,ImageNet16-120,39.944443,1.909800,0.697538,16282
13,13,12415,edgegpu,ImageNet16-120,46.566666,4.667692,0.697538,16282
13,13,857,edgegpu,ImageNet16-120,47.311110,6.707663,0.697538,16282
13,13,10835,edgegpu,ImageNet16-120,45.233334,4.434366,0.697538,16282
13,13,7187,edgegpu,ImageNet16-120,28.683332,1.443858,0.697538,16282
13,13,8426,edgegpu,ImageNet16-120,44.633335,3.370147,0.697538,16282
13,13,8884,edgegpu,ImageNet16-120,45.033333,3.499999,0.697538,16282
13,13,13612,edgegpu,ImageNet16-120,0.833333,0.534101,0.697538,16282
13,13,4587,edgegpu,ImageNet16-120,28.800000,1.445131,0.697538,16282
13,13,4332,edgegpu,ImageNet16-120,39.444443,1.745496,0.697538,16282
13,13,2650,edgegpu,ImageNet16-120,42.433334,3.309817,0.697538,16282
13,13,15383,edgegpu,ImageNet16-120,47.033333,6.262836,0.697538,16282
13,13,10699,edgegpu,ImageNet16-120,46.833332,6.223283,0.697538,16282
13,13,15288,edgegpu,ImageNet16-120,28.422222,1.417041,0.697538,16282
13,13,14117,edgegpu,ImageNet16-120,28.677778,1.435547,0.697538,16282
13,13,12812,edgegpu,ImageNet16-120,40.100000,3.174190,0.697538,16282
13,13,6950,edgegpu,ImageNet16-120,38.700000,1.740150,0.697538,16282
13,13,8733,edgegpu,ImageNet16-120,46.600000,5.249434,0.697538,16282
13,13,8401,edgegpu,ImageNet16-120,43.833332,3.322444,0.697538,16282
13,13,15159,edgegpu,ImageNet16-120,45.566666,4.632421,0.697538,16282
13,13,8355,edgegpu,ImageNet16-120,39.666668,1.810203,0.697538,16282
13,13,13411,edgegpu,ImageNet16-120,31.855556,1.736240,0.697538,16282
13,13,454,edgegpu,ImageNet16-120,41.277780,3.303313,0.697538,16282
13,13,1164,edgegpu,ImageNet16-120,28.522223,1.435223,0.697538,16282
13,14,14527,edgetpu,ImageNet16-120,28.133333,0.358865,0.603622,16364
13,14,857,edgetpu,ImageNet16-120,47.311110,0.997730,0.603622,16364
13,14,7750,edgetpu,ImageNet16-120,43.066666,0.551617,0.603622,16364
13,14,12415,edgetpu,ImageNet16-120,46.566666,0.710906,0.603622,16364
13,14,14840,edgetpu,ImageNet16-120,45.311110,0.666690,0.603622,16364
13,14,8884,edgetpu,ImageNet16-120,45.033333,0.615792,0.603622,16364
13,14,7273,edgetpu,ImageNet16-120,42.966667,0.550014,0.603622,16364
13,14,3540,edgetpu,ImageNet16-120,45.122223,0.648670,0.603622,16364
13,14,13769,edgetpu,ImageNet16-120,41.555557,0.549360,0.603622,16364
13,14,4830,edgetpu,ImageNet16-120,42.233334,0.549457,0.603622,16364
13,14,15383,edgetpu,ImageNet16-120,47.033333,0.780914,0.603622,16364
13,14,14677,edgetpu,ImageNet16-120,33.233334,0.364575,0.603622,16364
13,14,7357,edgetpu,ImageNet16-120,44.666668,0.600498,0.603622,16364
13,14,15363,edgetpu,ImageNet16-120,44.333332,0.582280,0.603622,16364
13,14,4160,edgetpu,ImageNet16-120,39.833332,0.430355,0.603622,16364
13,14,4627,edgetpu,ImageNet16-120,43.500000,0.552306,0.603622,16364
13,14,10332,edgetpu,ImageNet16-120,40.033333,0.516152,0.603622,16364
13,14,13931,edgetpu,ImageNet16-120,28.788889,0.360349,0.603622,16364
13,14,13972,edgetpu,ImageNet16-120,31.933332,0.363440,0.603622,16364
13,14,10888,edgetpu,ImageNet16-120,28.333334,0.359044,0.603622,16364
13,14,5751,edgetpu,ImageNet16-120,40.044445,0.516992,0.603622,16364
13,14,11885,edgetpu,ImageNet16-120,39.166668,0.427395,0.603622,16364
13,14,6407,edgetpu,ImageNet16-120,32.333332,0.363748,0.603622,16364
13,14,6858,edgetpu,ImageNet16-120,40.333332,0.541300,0.603622,16364
13,14,13097,edgetpu,ImageNet16-120,39.655556,0.428424,0.603622,16364
13,14,7431,edgetpu,ImageNet16-120,32.577778,0.363954,0.603622,16364
13,14,1172,edgetpu,ImageNet16-120,39.933334,0.515935,0.603622,16364
13,14,6950,edgetpu,ImageNet16-120,38.700000,0.427379,0.603622,16364
13,15,8853,eyeriss,ImageNet16-120,45.600000,1.037440,0.480608,16365
13,15,14417,eyeriss,ImageNet16-120,45.900000,1.098880,0.480608,16365
13,15,6854,eyeriss,ImageNet16-120,40.800000,0.668800,0.480608,16365
13,15,4988,eyeriss,ImageNet16-120,28.933332,0.423040,0.480608,16365
13,15,8008,eyeriss,ImageNet16-120,43.500000,0.853120,0.480608,16365
13,15,4829,eyeriss,ImageNet16-120,34.200000,0.484480,0.480608,16365
13,15,5487,eyeriss,ImageNet16-120,38.500000,0.607360,0.480608,16365
13,15,2835,eyeriss,ImageNet16-120,38.222220,0.545920,0.480608,16365
13,15,1939,eyeriss,ImageNet16-120,45.077778,0.976000,0.480608,16365
13,15,6787,eyeriss,ImageNet16-120,44.400000,0.914560,0.480608,16365
13,15,857,eyeriss,ImageNet16-120,47.311110,1.651840,0.480608,16365
13,15,15383,eyeriss,ImageNet16-120,47.033333,1.283200,0.480608,16365
13,16,10017,fpga,ImageNet16-120,40.566666,0.784000,0.518316,16243
13,16,4988,fpga,ImageNet16-120,28.933332,0.284320,0.518316,16243
13,16,4829,fpga,ImageNet16-120,34.200000,0.415520,0.518316,16243
13,16,11079,fpga,ImageNet16-120,43.566666,0.902400,0.518316,16243
13,16,857,fpga,ImageNet16-120,47.311110,2.038400,0.518316,16243
13,16,6854,fpga,ImageNet16-120,40.800000,0.809120,0.518316,16243
13,16,15383,fpga,ImageNet16-120,47.033333,1.504000,0.518316,16243
13,16,6787,fpga,ImageNet16-120,44.400000,0.969600,0.518316,16243
13,16,14748,fpga,ImageNet16-120,44.900000,0.995200,0.518316,16243
13,16,1943,fpga,ImageNet16-120,42.866665,0.876800,0.518316,16243
13,16,14346,fpga,ImageNet16-120,34.644444,0.517920,0.518316,16243
13,16,12452,fpga,ImageNet16-120,40.533333,0.780320,0.518316,16243
13,16,15446,fpga,ImageNet16-120,45.766666,1.116320,0.518316,16243
13,16,2835,fpga,ImageNet16-120,38.222220,0.546720,0.518316,16243
13,16,1939,fpga,ImageNet16-120,45.077778,1.062400,0.518316,16243
13,16,14417,fpga,ImageNet16-120,45.900000,1.276320,0.518316,16243
13,16,735,fpga,ImageNet16-120,38.544445,0.677920,0.518316,16243
13,17,1549,pixel3,ImageNet16-120,28.655556,0.424747,0.777719,15953
13,17,12103,pixel3,ImageNet16-120,28.250000,0.422433,0.777719,15953
13,17,2835,pixel3,ImageNet16-120,38.222220,0.868646,0.777719,15953
13,17,2002,pixel3,ImageNet16-120,32.277780,0.617751,0.777719,15953
13,17,12639,pixel3,ImageNet16-120,40.400000,1.304440,0.777719,15953
13,17,4977,pixel3,ImageNet16-120,32.966667,0.617991,0.777719,15953
13,17,4675,pixel3,ImageNet16-120,33.100000,0.620036,0.777719,15953
13,17,8627,pixel3,ImageNet16-120,43.633335,2.707490,0.777719,15953
13,17,15446,pixel3,ImageNet16-120,45.766666,3.439380,0.777719,15953
13,17,4432,pixel3,ImageNet16-120,37.800000,0.861157,0.777719,15953
13,17,11000,pixel3,ImageNet16-120,44.866665,2.962520,0.777719,15953
13,17,14417,pixel3,ImageNet16-120,45.900000,4.143030,0.777719,15953
13,17,12466,pixel3,ImageNet16-120,46.100000,4.680280,0.777719,15953
13,17,898,pixel3,ImageNet16-120,42.466667,2.467210,0.777719,15953
13,17,10412,pixel3,ImageNet16-120,43.733334,2.753550,0.777719,15953
13,17,1110,pixel3,ImageNet16-120,28.600000,0.423927,0.777719,15953
13,17,5487,pixel3,ImageNet16-120,38.500000,1.109150,0.777719,15953
13,17,1860,pixel3,ImageNet16-120,28.433332,0.422587,0.777719,15953
13,17,12355,pixel3,ImageNet16-120,45.033333,2.989390,0.777719,15953
13,17,4587,pixel3,ImageNet16-120,28.800000,0.445767,0.777719,15953
13,17,11079,pixel3,ImageNet16-120,43.566666,2.479610,0.777719,15953
13,17,6854,pixel3,ImageNet16-120,40.800000,1.621620,0.777719,15953
13,17,15383,pixel3,ImageNet16-120,47.033333,5.191720,0.777719,15953
13,17,12452,pixel3,ImageNet16-120,40.533333,1.504410,0.777719,15953
13,17,1939,pixel3,ImageNet16-120,45.077778,3.021500,0.777719,15953
13,17,872,pixel3,ImageNet16-120,41.777780,2.465030,0.777719,15953
13,17,12506,pixel3,ImageNet16-120,43.983334,2.929990,0.777719,15953
13,17,8579,pixel3,ImageNet16-120,28.466667,0.423614,0.777719,15953
13,17,4004,pixel3,ImageNet16-120,42.811110,2.467510,0.777719,15953
13,17,857,pixel3,ImageNet16-120,47.311110,6.686850,0.777719,15953
13,17,2018,pixel3,ImageNet16-120,46.433334,4.949210,0.777719,15953
13,17,10154,pixel3,ImageNet16-120,46.133335,4.783700,0.777719,15953
13,17,12424,pixel3,ImageNet16-120,43.133330,2.470150,0.777719,15953
13,17,8584,pixel3,ImageNet16-120,34.088890,0.664046,0.777719,15953
13,17,1204,pixel3,ImageNet16-120,37.844444,0.864966,0.777719,15953
13,17,12266,pixel3,ImageNet16-120,0.833333,0.005541,0.777719,15953
13,17,8954,pixel3,ImageNet16-120,28.733334,0.424855,0.777719,15953
13,17,13059,pixel3,ImageNet16-120,34.266666,0.668679,0.777719,15953
13,17,4384,pixel3,ImageNet16-120,28.133333,0.421612,0.777719,15953
13,17,1425,pixel3,ImageNet16-120,45.977780,4.619290,0.777719,15953
13,18,2649,raspi4,ImageNet16-120,33.788887,1.582191,0.821266,16209
13,18,10835,raspi4,ImageNet16-120,45.233334,6.632419,0.821266,16209
13,18,11616,raspi4,ImageNet16-120,32.133335,1.530442,0.821266,16209
13,18,2018,raspi4,ImageNet16-120,46.433334,7.482383,0.821266,16209
13,18,2779,raspi4,ImageNet16-120,37.355556,2.190654,0.821266,16209
13,18,5333,raspi4,ImageNet16-120,38.900000,3.070480,0.821266,16209
13,18,6244,raspi4,ImageNet16-120,33.622223,1.581803,0.821266,16209
13,18,857,raspi4,ImageNet16-120,47.311110,9.020064,0.821266,16209
13,18,15107,raspi4,ImageNet16-120,39.800000,3.083329,0.821266,16209
13,18,12424,raspi4,ImageNet16-120,43.133330,3.805729,0.821266,16209
13,18,8569,raspi4,ImageNet16-120,38.833332,3.065497,0.821266,16209
13,18,4829,raspi4,ImageNet16-120,34.200000,1.614683,0.821266,16209
13,18,3782,raspi4,ImageNet16-120,41.866665,3.755286,0.821266,16209
13,18,9585,raspi4,ImageNet16-120,0.833333,0.011519,0.821266,16209
13,18,7551,raspi4,ImageNet16-120,38.477780,2.950436,0.821266,16209
13,18,14146,raspi4,ImageNet16-120,28.433332,0.961556,0.821266,16209
13,18,6336,raspi4,ImageNet16-120,39.366665,3.073392,0.821266,16209
13,18,1939,raspi4,ImageNet16-120,45.077778,5.341908,0.821266,16209
13,18,3192,raspi4,ImageNet16-120,45.477780,6.675633,0.821266,16209
13,18,45,raspi4,ImageNet16-120,33.611110,1.581422,0.821266,16209
13,18,1413,raspi4,ImageNet16-120,42.711113,3.788479,0.821266,16209
13,18,3960,raspi4,ImageNet16-120,37.755554,2.197980,0.821266,16209
13,18,5202,raspi4,ImageNet16-120,42.411110,3.783078,0.821266,16209
13,18,5530,raspi4,ImageNet16-120,42.577778,3.785925,0.821266,16209
13,18,15383,raspi4,ImageNet16-120,47.033333,8.565354,0.821266,16209
13,18,12387,raspi4,ImageNet16-120,32.466667,1.535795,0.821266,16209
13,18,7252,raspi4,ImageNet16-120,44.666668,5.322441,0.821266,16209
13,18,5487,raspi4,ImageNet16-120,38.500000,3.019000,0.821266,16209
13,18,2112,raspi4,ImageNet16-120,38.355556,2.925188,0.821266,16209
13,18,4618,raspi4,ImageNet16-120,28.544445,0.975457,0.821266,16209
13,18,15363,raspi4,ImageNet16-120,44.333332,4.480516,0.821266,16209
13,18,3431,raspi4,ImageNet16-120,32.966667,1.536690,0.821266,16209
13,18,4995,raspi4,ImageNet16-120,42.166668,3.766336,0.821266,16209
13,18,6854,raspi4,ImageNet16-120,40.800000,3.661016,0.821266,16209
13,18,10715,raspi4,ImageNet16-120,45.533333,6.790813,0.821266,16209
13,18,8671,raspi4,ImageNet16-120,27.700000,0.959780,0.821266,16209
13,18,6787,raspi4,ImageNet16-120,44.400000,4.532777,0.821266,16209
13,18,14417,raspi4,ImageNet16-120,45.900000,6.948865,0.821266,16209
13,18,10017,raspi4,ImageNet16-120,40.566666,3.181383,0.821266,16209
13,18,3687,raspi4,ImageNet16-120,34.066666,1.583497,0.821266,16209
13,18,8355,raspi4,ImageNet16-120,39.666668,3.083286,0.821266,16209
13,18,9496,raspi4,ImageNet16-120,38.200000,2.204048,0.821266,16209
13,18,4988,raspi4,ImageNet16-120,28.933332,1.003251,0.821266,16209
13,18,14677,raspi4,ImageNet16-120,33.233334,1.537227,0.821266,16209
13,18,1204,raspi4,ImageNet16-120,37.844444,2.199356,0.821266,16209
13,18,12988,raspi4,ImageNet16-120,32.200000,1.535030,0.821266,16209
13,18,9032,raspi4,ImageNet16-120,38.016666,2.201532,0.821266,16209
13,18,12358,raspi4,ImageNet16-120,34.055557,1.582727,0.821266,16209
13,18,5973,raspi4,ImageNet16-120,40.100000,3.159922,0.821266,16209
14,1,11438,edgegpu,cifar10,92.500000,1.846719,0.588764,16377
14,1,13714,edgegpu,cifar10,94.373340,6.772180,0.588764,16377
14,1,6499,edgegpu,cifar10,93.645000,3.331041,0.588764,16377
14,1,5400,edgegpu,cifar10,86.630000,1.427460,0.588764,16377
14,1,2776,edgegpu,cifar10,93.666664,3.331194,0.588764,16377
14,1,1459,edgegpu,cifar10,94.296670,6.748991,0.588764,16377
14,1,2053,edgegpu,cifar10,94.206665,5.482254,0.588764,16377
14,1,258,edgegpu,cifar10,93.640000,3.307109,0.588764,16377
14,1,561,edgegpu,cifar10,86.880000,1.451068,0.588764,16377
14,1,11692,edgegpu,cifar10,94.130000,4.708362,0.588764,16377
14,1,6960,edgegpu,cifar10,92.280000,1.764450,0.588764,16377
14,1,1339,edgegpu,cifar10,92.136665,1.751881,0.588764,16377
14,1,6330,edgegpu,cifar10,94.006670,4.384699,0.588764,16377
14,1,10484,edgegpu,cifar10,93.810000,3.354015,0.588764,16377
14,1,9099,edgegpu,cifar10,93.940000,3.357520,0.588764,16377
14,1,5292,edgegpu,cifar10,94.293335,6.663151,0.588764,16377
14,1,14090,edgegpu,cifar10,92.086670,1.749086,0.588764,16377
14,1,15200,edgegpu,cifar10,10.000000,0.501385,0.588764,16377
14,1,14527,edgegpu,cifar10,86.765000,1.439619,0.588764,16377
14,1,6950,edgegpu,cifar10,92.000000,1.738467,0.588764,16377
14,1,13401,edgegpu,cifar10,87.010000,1.457009,0.588764,16377
14,1,5780,edgegpu,cifar10,93.980000,3.361888,0.588764,16377
14,1,11810,edgegpu,cifar10,92.780000,1.992798,0.588764,16377
14,1,2090,edgegpu,cifar10,86.650000,1.437702,0.588764,16377
14,2,9380,edgetpu,cifar10,89.335000,0.395662,0.726952,16368
14,2,5780,edgetpu,cifar10,93.980000,0.723967,0.726952,16368
14,2,4161,edgetpu,cifar10,89.250000,0.391221,0.726952,16368
14,2,1051,edgetpu,cifar10,86.700000,0.359608,0.726952,16368
14,2,970,edgetpu,cifar10,86.770000,0.371488,0.726952,16368
14,2,14527,edgetpu,cifar10,86.765000,0.365664,0.726952,16368
14,2,9950,edgetpu,cifar10,93.840000,0.723767,0.726952,16368
14,2,11810,edgetpu,cifar10,92.780000,0.482879,0.726952,16368
14,2,13714,edgetpu,cifar10,94.373340,1.377865,0.726952,16368
14,2,2053,edgetpu,cifar10,94.206665,1.042178,0.726952,16368
14,2,6382,edgetpu,cifar10,93.376660,0.628638,0.726952,16368
14,2,8192,edgetpu,cifar10,93.093330,0.627745,0.726952,16368
14,2,1595,edgetpu,cifar10,88.963330,0.389815,0.726952,16368
14,2,5111,edgetpu,cifar10,94.306660,1.152010,0.726952,16368
14,2,11692,edgetpu,cifar10,94.130000,0.761100,0.726952,16368
14,2,9689,edgetpu,cifar10,93.370000,0.628386,0.726952,16368
14,2,6407,edgetpu,cifar10,88.933334,0.389381,0.726952,16368
14,2,6918,edgetpu,cifar10,87.000000,0.375819,0.726952,16368
14,2,12439,edgetpu,cifar10,86.393330,0.352159,0.726952,16368
14,2,2240,edgetpu,cifar10,91.990000,0.480973,0.726952,16368
14,2,5258,edgetpu,cifar10,88.775000,0.388629,0.726952,16368
14,2,1996,edgetpu,cifar10,92.000000,0.481224,0.726952,16368
14,2,3731,edgetpu,cifar10,94.343330,1.282820,0.726952,16368
14,2,10581,edgetpu,cifar10,89.015000,0.390403,0.726952,16368
14,2,13397,edgetpu,cifar10,92.140000,0.481764,0.726952,16368
14,2,10293,edgetpu,cifar10,86.513336,0.352328,0.726952,16368
14,2,6014,edgetpu,cifar10,86.690000,0.353858,0.726952,16368
14,2,3927,edgetpu,cifar10,93.626660,0.723268,0.726952,16368
14,2,8008,edgetpu,cifar10,93.480000,0.629746,0.726952,16368
14,2,13611,edgetpu,cifar10,92.490000,0.481826,0.726952,16368
14,2,11438,edgetpu,cifar10,92.500000,0.482393,0.726952,16368
14,2,6515,edgetpu,cifar10,93.616670,0.722858,0.726952,16368
14,2,797,edgetpu,cifar10,93.280000,0.627996,0.726952,16368
14,3,4384,eyeriss,cifar10,86.796670,1.679540,0.495134,16527
14,3,12438,eyeriss,cifar10,89.875000,1.925300,0.495134,16527
14,3,8008,eyeriss,cifar10,93.480000,3.399860,0.495134,16527
14,3,11692,eyeriss,cifar10,94.130000,4.874420,0.495134,16527
14,3,10412,eyeriss,cifar10,93.530000,3.645620,0.495134,16527
14,3,13714,eyeriss,cifar10,94.373340,7.823540,0.495134,16527
14,3,5111,eyeriss,cifar10,94.306660,5.365940,0.495134,16527
14,3,8592,eyeriss,cifar10,93.750000,3.891380,0.495134,16527
14,3,8323,eyeriss,cifar10,90.870000,2.171060,0.495134,16527
14,3,13611,eyeriss,cifar10,92.490000,3.154100,0.495134,16527
14,3,6111,eyeriss,cifar10,94.373340,7.823540,0.495134,16527
14,3,6854,eyeriss,cifar10,91.040000,2.662580,0.495134,16527
14,3,3731,eyeriss,cifar10,94.343330,6.594740,0.495134,16527
14,3,11472,eyeriss,cifar10,93.970000,4.628660,0.495134,16527
14,3,6899,eyeriss,cifar10,90.900000,2.416820,0.495134,16527
14,3,8720,eyeriss,cifar10,89.875000,1.925300,0.495134,16527
14,4,4384,fpga,cifar10,86.796670,1.132960,0.487353,16342
14,4,8008,fpga,cifar10,93.480000,2.905760,0.487353,16342
14,4,13714,fpga,cifar10,94.373340,6.678560,0.487353,16342
14,4,12438,fpga,cifar10,89.875000,1.648160,0.487353,16342
14,4,10412,fpga,cifar10,93.530000,3.420960,0.487353,16342
14,4,11692,fpga,cifar10,94.130000,4.163360,0.487353,16342
14,4,6111,fpga,cifar10,94.373340,6.678560,0.487353,16342
14,4,3731,fpga,cifar10,94.343330,5.936160,0.487353,16342
14,4,11525,fpga,cifar10,90.000000,2.057760,0.487353,16342
14,4,5111,fpga,cifar10,94.306660,5.193760,0.487353,16342
14,4,11472,fpga,cifar10,93.970000,3.648160,0.487353,16342
14,4,13611,fpga,cifar10,92.490000,2.390560,0.487353,16342
14,4,8323,fpga,cifar10,90.870000,2.163360,0.487353,16342
14,4,10431,fpga,cifar10,87.000000,1.542560,0.487353,16342
14,5,6854,pixel3,cifar10,91.040000,4.514220,0.869898,16135
14,5,2779,pixel3,cifar10,90.806660,3.102950,0.869898,16135
14,5,5446,pixel3,cifar10,90.500000,2.889680,0.869898,16135
14,5,296,pixel3,cifar10,89.713330,1.805350,0.869898,16135
14,5,4627,pixel3,cifar10,93.270000,7.036050,0.869898,16135
14,5,6382,pixel3,cifar10,93.376660,7.048190,0.869898,16135
14,5,9032,pixel3,cifar10,90.740000,3.102890,0.869898,16135
14,5,6863,pixel3,cifar10,86.740000,1.229320,0.869898,16135
14,5,1497,pixel3,cifar10,86.556660,1.056630,0.869898,16135
14,5,8592,pixel3,cifar10,93.750000,10.769800,0.869898,16135
14,5,6918,pixel3,cifar10,87.000000,1.478790,0.869898,16135
14,5,2035,pixel3,cifar10,89.670000,1.706480,0.869898,16135
14,5,3731,pixel3,cifar10,94.343330,23.361300,0.869898,16135
14,5,6434,pixel3,cifar10,91.080000,4.811140,0.869898,16135
14,5,1941,pixel3,cifar10,93.533330,9.128690,0.869898,16135
14,5,8695,pixel3,cifar10,94.220000,17.564500,0.869898,16135
14,5,5111,pixel3,cifar10,94.306660,17.584600,0.869898,16135
14,5,1894,pixel3,cifar10,92.110000,5.778250,0.869898,16135
14,5,13869,pixel3,cifar10,93.656670,10.634700,0.869898,16135
14,5,12139,pixel3,cifar10,90.660000,3.098500,0.869898,16135
14,5,7001,pixel3,cifar10,10.000000,0.003277,0.869898,16135
14,5,8720,pixel3,cifar10,89.875000,2.362840,0.869898,16135
14,5,4554,pixel3,cifar10,86.670000,1.114880,0.869898,16135
14,5,4409,pixel3,cifar10,90.590000,3.093750,0.869898,16135
14,5,8323,pixel3,cifar10,90.870000,3.106420,0.869898,16135
14,5,1339,pixel3,cifar10,92.136665,5.802240,0.869898,16135
14,5,13430,pixel3,cifar10,90.580000,3.086360,0.869898,16135
14,5,11972,pixel3,cifar10,91.510000,5.627010,0.869898,16135
14,5,1804,pixel3,cifar10,89.063330,1.579900,0.869898,16135
14,5,5224,pixel3,cifar10,88.980000,1.570360,0.869898,16135
14,5,6330,pixel3,cifar10,94.006670,11.512400,0.869898,16135
14,5,13987,pixel3,cifar10,93.596664,9.922680,0.869898,16135
14,5,8708,pixel3,cifar10,94.080000,12.839000,0.869898,16135
14,5,7017,pixel3,cifar10,86.970000,1.403930,0.869898,16135
14,5,11692,pixel3,cifar10,94.130000,15.490100,0.869898,16135
14,5,9230,pixel3,cifar10,86.580000,1.056760,0.869898,16135
14,5,6899,pixel3,cifar10,90.900000,3.961410,0.869898,16135
14,5,13846,pixel3,cifar10,90.720000,3.099760,0.869898,16135
14,5,6111,pixel3,cifar10,94.373340,23.584800,0.869898,16135
14,5,8836,pixel3,cifar10,92.220000,6.313990,0.869898,16135
14,5,13171,pixel3,cifar10,93.530000,7.717220,0.869898,16135
14,5,1943,pixel3,cifar10,93.116670,6.492030,0.869898,16135
14,5,7197,pixel3,cifar10,90.366670,2.447670,0.869898,16135
14,5,6491,pixel3,cifar10,89.803340,2.032570,0.869898,16135
14,6,3073,raspi4,cifar10,88.980000,4.813324,0.710768,16029
14,6,11810,raspi4,cifar10,92.780000,18.619905,0.710768,16029
14,6,13846,raspi4,cifar10,90.720000,7.176163,0.710768,16029
14,6,1690,raspi4,cifar10,86.646670,2.536549,0.710768,16029
14,6,1941,raspi4,cifar10,93.533330,25.121769,0.710768,16029
14,6,6382,raspi4,cifar10,93.376660,21.461164,0.710768,16029
14,6,11533,raspi4,cifar10,93.420000,21.715693,0.710768,16029
14,6,7017,raspi4,cifar10,86.970000,2.544041,0.710768,16029
14,6,5111,raspi4,cifar10,94.306660,41.756905,0.710768,16029
14,6,3731,raspi4,cifar10,94.343330,58.070793,0.710768,16029
14,6,12387,raspi4,cifar10,88.930000,4.797579,0.710768,16029
14,6,6985,raspi4,cifar10,89.940000,4.995646,0.710768,16029
14,6,8323,raspi4,cifar10,90.870000,7.426308,0.710768,16029
14,6,8592,raspi4,cifar10,93.750000,25.477009,0.710768,16029
14,6,9271,raspi4,cifar10,89.250000,4.830311,0.710768,16029
14,6,8426,raspi4,cifar10,93.840000,31.394428,0.710768,16029
14,6,6584,raspi4,cifar10,94.160000,38.818527,0.710768,16029
14,6,12504,raspi4,cifar10,92.130000,16.890614,0.710768,16029
14,6,9980,raspi4,cifar10,10.000000,0.011284,0.710768,16029
14,6,10412,raspi4,cifar10,93.530000,25.079220,0.710768,16029
14,6,9380,raspi4,cifar10,89.335000,4.875613,0.710768,16029
14,6,5780,raspi4,cifar10,93.980000,34.928463,0.710768,16029
14,6,1099,raspi4,cifar10,92.240000,18.358124,0.710768,16029
14,6,6918,raspi4,cifar10,87.000000,2.787590,0.710768,16029
14,6,6111,raspi4,cifar10,94.373340,68.404106,0.710768,16029
14,6,2035,raspi4,cifar10,89.670000,4.984099,0.710768,16029
14,6,11692,raspi4,cifar10,94.130000,37.583630,0.710768,16029
14,6,12970,raspi4,cifar10,90.970000,11.904152,0.710768,16029
14,6,8008,raspi4,cifar10,93.480000,22.571420,0.710768,16029
14,6,2937,raspi4,cifar10,92.190000,17.768639,0.710768,16029
14,6,2058,raspi4,cifar10,93.270000,19.484835,0.710768,16029
14,6,6953,raspi4,cifar10,91.990000,15.601654,0.710768,16029
14,6,14565,raspi4,cifar10,88.880000,4.781183,0.710768,16029
14,6,13611,raspi4,cifar10,92.490000,18.523302,0.710768,16029
14,7,1425,edgegpu,cifar100,72.093330,5.310225,0.583469,16315
14,7,1509,edgegpu,cifar100,1.000000,0.505853,0.583469,16315
14,7,9930,edgegpu,cifar100,73.513336,6.803060,0.583469,16315
14,7,2778,edgegpu,cifar100,72.993330,6.134028,0.583469,16315
14,7,4954,edgegpu,cifar100,73.000000,6.669736,0.583469,16315
14,7,4609,edgegpu,cifar100,66.520000,1.758838,0.583469,16315
14,7,14984,edgegpu,cifar100,67.166664,1.760831,0.583469,16315
14,7,9922,edgegpu,cifar100,58.560000,1.428552,0.583469,16315
14,7,12415,edgegpu,cifar100,71.940000,4.828467,0.583469,16315
14,7,2304,edgegpu,cifar100,58.660000,1.440253,0.583469,16315
14,7,8401,edgegpu,cifar100,71.080000,3.302102,0.583469,16315
14,7,14089,edgegpu,cifar100,61.806667,1.752892,0.583469,16315
14,7,8912,edgegpu,cifar100,59.200000,1.441355,0.583469,16315
14,7,4418,edgegpu,cifar100,72.746666,5.352364,0.583469,16315
14,7,11885,edgegpu,cifar100,68.040000,1.776652,0.583469,16315
14,7,9997,edgegpu,cifar100,71.520000,3.466139,0.583469,16315
14,7,3888,edgegpu,cifar100,73.260000,6.797867,0.583469,16315
14,7,10022,edgegpu,cifar100,68.120000,2.855759,0.583469,16315
14,7,12238,edgegpu,cifar100,67.240000,1.772847,0.583469,16315
14,8,857,edgetpu,cifar100,72.880000,1.264168,0.648391,15970
14,8,4418,edgetpu,cifar100,72.746666,1.093699,0.648391,15970
14,8,2705,edgetpu,cifar100,62.813330,0.393026,0.648391,15970
14,8,8912,edgetpu,cifar100,59.200000,0.377698,0.648391,15970
14,8,8401,edgetpu,cifar100,71.080000,0.728572,0.648391,15970
14,8,5019,edgetpu,cifar100,58.880000,0.357058,0.648391,15970
14,8,9541,edgetpu,cifar100,67.660000,0.486829,0.648391,15970
14,8,1425,edgetpu,cifar100,72.093330,0.910660,0.648391,15970
14,8,1110,edgetpu,cifar100,58.840000,0.355938,0.648391,15970
14,8,9930,edgetpu,cifar100,73.513336,1.454107,0.648391,15970
14,8,11533,edgetpu,cifar100,69.760000,0.635877,0.648391,15970
14,8,12415,edgetpu,cifar100,71.940000,0.872299,0.648391,15970
14,8,8638,edgetpu,cifar100,58.860000,0.356631,0.648391,15970
14,8,4627,edgetpu,cifar100,69.600000,0.635153,0.648391,15970
14,8,777,edgetpu,cifar100,58.650000,0.355588,0.648391,15970
14,8,577,edgetpu,cifar100,69.680000,0.635228,0.648391,15970
14,8,6974,edgetpu,cifar100,61.880000,0.392555,0.648391,15970
14,8,3303,edgetpu,cifar100,62.420000,0.392593,0.648391,15970
14,8,12761,edgetpu,cifar100,72.860000,1.225212,0.648391,15970
14,8,9997,edgetpu,cifar100,71.520000,0.729986,0.648391,15970
14,8,14945,edgetpu,cifar100,58.500000,0.354940,0.648391,15970
14,8,1317,edgetpu,cifar100,72.566666,1.023844,0.648391,15970
14,8,11973,edgetpu,cifar100,70.340000,0.641728,0.648391,15970
14,8,10000,edgetpu,cifar100,73.160000,1.283461,0.648391,15970
14,8,797,edgetpu,cifar100,69.580000,0.633351,0.648391,15970
14,8,9271,edgetpu,cifar100,63.400000,0.393151,0.648391,15970
14,8,13760,edgetpu,cifar100,61.686670,0.392028,0.648391,15970
14,8,10443,edgetpu,cifar100,68.300000,0.489020,0.648391,15970
14,8,14174,edgetpu,cifar100,72.646670,1.081678,0.648391,15970
14,8,3888,edgetpu,cifar100,73.260000,1.316226,0.648391,15970
14,8,699,edgetpu,cifar100,72.240000,0.940479,0.648391,15970
14,8,69,edgetpu,cifar100,71.020000,0.727259,0.648391,15970
14,8,15363,edgetpu,cifar100,70.520000,0.676394,0.648391,15970
14,8,898,edgetpu,cifar100,70.000000,0.636860,0.648391,15970
14,9,12574,eyeriss,cifar100,72.740000,5.123200,0.489950,16510
14,9,375,eyeriss,cifar100,64.440000,1.928320,0.489950,16510
14,9,12761,eyeriss,cifar100,72.860000,6.352000,0.489950,16510
14,9,8139,eyeriss,cifar100,64.440000,1.928320,0.489950,16510
14,9,11301,eyeriss,cifar100,68.220000,2.665600,0.489950,16510
14,9,5084,eyeriss,cifar100,58.813330,1.682560,0.489950,16510
14,9,6925,eyeriss,cifar100,71.220000,3.894400,0.489950,16510
14,9,12820,eyeriss,cifar100,67.720000,2.419840,0.489950,16510
14,9,14714,eyeriss,cifar100,71.280000,4.140160,0.489950,16510
14,9,3888,eyeriss,cifar100,73.260000,6.597760,0.489950,16510
14,9,9930,eyeriss,cifar100,73.513336,9.055360,0.489950,16510
14,9,6787,eyeriss,cifar100,70.720000,3.648640,0.489950,16510
14,9,3487,eyeriss,cifar100,70.093330,3.402880,0.489950,16510
14,9,10689,eyeriss,cifar100,67.500000,2.174080,0.489950,16510
14,9,3540,eyeriss,cifar100,71.500000,4.877440,0.489950,16510
14,9,14112,eyeriss,cifar100,68.386665,2.911360,0.489950,16510
14,10,5084,fpga,cifar100,58.813330,1.132960,0.540430,16403
14,10,5743,fpga,cifar100,67.800000,2.800160,0.540430,16403
14,10,10689,fpga,cifar100,67.500000,2.163360,0.540430,16403
14,10,3540,fpga,cifar100,71.500000,4.163360,0.540430,16403
14,10,7250,fpga,cifar100,67.706665,2.390560,0.540430,16403
14,10,6925,fpga,cifar100,71.220000,3.936160,0.540430,16403
14,10,9930,fpga,cifar100,73.513336,7.420960,0.540430,16403
14,10,3888,fpga,cifar100,73.260000,5.936160,0.540430,16403
14,10,12761,fpga,cifar100,72.860000,5.420960,0.540430,16403
14,10,69,fpga,cifar100,71.020000,3.648160,0.540430,16403
14,10,5033,fpga,cifar100,59.060000,1.542560,0.540430,16403
14,10,6787,fpga,cifar100,70.720000,3.420960,0.540430,16403
14,10,6830,fpga,cifar100,71.460000,4.057760,0.540430,16403
14,10,5344,fpga,cifar100,64.680000,2.057760,0.540430,16403
14,10,12820,fpga,cifar100,67.720000,2.678560,0.540430,16403
14,10,375,fpga,cifar100,64.440000,1.648160,0.540430,16403
14,10,12574,fpga,cifar100,72.740000,4.678560,0.540430,16403
14,10,3487,fpga,cifar100,70.093330,2.905760,0.540430,16403
14,11,8895,pixel3,cifar100,64.280000,2.379800,0.664980,16032
14,11,1459,pixel3,cifar100,73.140000,23.437900,0.664980,16032
14,11,699,pixel3,cifar100,72.240000,12.079400,0.664980,16032
14,11,4409,pixel3,cifar100,67.173330,3.113370,0.664980,16032
14,11,9649,pixel3,cifar100,64.540000,2.536210,0.664980,16032
14,11,906,pixel3,cifar100,62.393333,1.661810,0.664980,16032
14,11,6337,pixel3,cifar100,1.000000,0.008753,0.664980,16032
14,11,5019,pixel3,cifar100,58.880000,1.483640,0.664980,16032
14,11,9930,pixel3,cifar100,73.513336,42.003600,0.664980,16032
14,11,978,pixel3,cifar100,64.180000,2.372340,0.664980,16032
14,11,15363,pixel3,cifar100,70.520000,9.708640,0.664980,16032
14,11,1409,pixel3,cifar100,58.853333,1.275090,0.664980,16032
14,11,777,pixel3,cifar100,58.650000,1.087020,0.664980,16032
14,11,1357,pixel3,cifar100,67.480000,3.998260,0.664980,16032
14,11,3888,pixel3,cifar100,73.260000,23.477200,0.664980,16032
14,11,12970,pixel3,cifar100,68.140000,4.782110,0.664980,16032
14,11,857,pixel3,cifar100,72.880000,19.113200,0.664980,16032
14,11,8638,pixel3,cifar100,58.860000,1.478570,0.664980,16032
14,11,12574,pixel3,cifar100,72.740000,16.473900,0.664980,16032
14,11,11000,pixel3,cifar100,71.180000,10.677600,0.664980,16032
14,11,6925,pixel3,cifar100,71.220000,10.688000,0.664980,16032
14,11,1450,pixel3,cifar100,70.506670,9.337360,0.664980,16032
14,11,14112,pixel3,cifar100,68.386665,5.745320,0.664980,16032
14,11,1631,pixel3,cifar100,63.986668,1.805000,0.664980,16032
14,11,1090,pixel3,cifar100,65.220000,2.811310,0.664980,16032
14,11,2649,pixel3,cifar100,64.446660,2.496890,0.664980,16032
14,11,8323,pixel3,cifar100,67.080000,3.106340,0.664980,16032
14,11,858,pixel3,cifar100,64.133330,2.003500,0.664980,16032
14,11,4432,pixel3,cifar100,66.486664,3.105870,0.664980,16032
14,11,898,pixel3,cifar100,70.000000,6.516140,0.664980,16032
14,11,1781,pixel3,cifar100,64.326670,2.386170,0.664980,16032
14,12,6918,raspi4,cifar100,58.800000,2.571364,0.710436,15967
14,12,6925,raspi4,cifar100,71.220000,24.195030,0.710436,15967
14,12,12915,raspi4,cifar100,66.950000,7.226311,0.710436,15967
14,12,3888,raspi4,cifar100,73.260000,55.029520,0.710436,15967
14,12,14112,raspi4,cifar100,68.386665,14.423308,0.710436,15967
14,12,4409,raspi4,cifar100,67.173330,7.228629,0.710436,15967
14,12,1459,raspi4,cifar100,73.140000,53.879950,0.710436,15967
14,12,10222,raspi4,cifar100,58.860000,2.747804,0.710436,15967
14,12,898,raspi4,cifar100,70.000000,21.506163,0.710436,15967
14,12,7031,raspi4,cifar100,69.526665,19.879576,0.710436,15967
14,12,15589,raspi4,cifar100,59.060000,2.795078,0.710436,15967
14,12,14792,raspi4,cifar100,69.500000,19.111843,0.710436,15967
14,12,9926,raspi4,cifar100,63.520000,4.999532,0.710436,15967
14,12,6830,raspi4,cifar100,71.460000,34.491814,0.710436,15967
14,12,10689,raspi4,cifar100,67.500000,7.381845,0.710436,15967
14,12,13430,raspi4,cifar100,66.700000,7.203785,0.710436,15967
14,12,14612,raspi4,cifar100,58.720000,2.563505,0.710436,15967
14,12,15363,raspi4,cifar100,70.520000,21.809430,0.710436,15967
14,12,8912,raspi4,cifar100,59.200000,2.818969,0.710436,15967
14,12,6787,raspi4,cifar100,70.720000,23.081835,0.710436,15967
14,12,8740,raspi4,cifar100,1.000000,0.015215,0.710436,15967
14,12,3408,raspi4,cifar100,63.993332,5.081906,0.710436,15967
14,12,3487,raspi4,cifar100,70.093330,21.603350,0.710436,15967
14,12,7891,raspi4,cifar100,67.550000,12.536592,0.710436,15967
14,12,1572,raspi4,cifar100,69.900000,19.916142,0.710436,15967
14,12,9997,raspi4,cifar100,71.520000,34.996710,0.710436,15967
14,12,10042,raspi4,cifar100,64.880000,5.100886,0.710436,15967
14,12,12761,raspi4,cifar100,72.860000,53.718200,0.710436,15967
14,12,9271,raspi4,cifar100,63.400000,4.800893,0.710436,15967
14,12,9930,raspi4,cifar100,73.513336,71.152000,0.710436,15967
14,12,2035,raspi4,cifar100,63.926666,5.005698,0.710436,15967
14,12,375,raspi4,cifar100,64.440000,5.099302,0.710436,15967
14,12,4418,raspi4,cifar100,72.746666,47.162354,0.710436,15967
14,12,6822,raspi4,cifar100,58.426666,2.558594,0.710436,15967
14,12,2222,raspi4,cifar100,58.313330,2.538255,0.710436,15967
14,12,12607,raspi4,cifar100,62.600000,4.779045,0.710436,15967
14,12,12574,raspi4,cifar100,72.740000,36.371254,0.710436,15967
14,13,14612,edgegpu,ImageNet16-120,28.488890,1.434064,0.611045,16250
14,13,9586,edgegpu,ImageNet16-120,46.933334,5.222673,0.611045,16250
14,13,9722,edgegpu,ImageNet16-120,44.000000,3.327813,0.611045,16250
14,13,8884,edgegpu,ImageNet16-120,45.033333,3.499999,0.611045,16250
14,13,2650,edgegpu,ImageNet16-120,42.433334,3.309817,0.611045,16250
14,13,4946,edgegpu,ImageNet16-120,44.700000,3.490419,0.611045,16250
14,13,4160,edgegpu,ImageNet16-120,39.833332,1.756272,0.611045,16250
14,13,14117,edgegpu,ImageNet16-120,28.677778,1.435547,0.611045,16250
14,13,10947,edgegpu,ImageNet16-120,39.944443,1.909800,0.611045,16250
14,13,11217,edgegpu,ImageNet16-120,43.466667,3.316708,0.611045,16250
14,13,15159,edgegpu,ImageNet16-120,45.566666,4.632421,0.611045,16250
14,13,15383,edgegpu,ImageNet16-120,47.033333,6.262836,0.611045,16250
14,13,4587,edgegpu,ImageNet16-120,28.800000,1.445131,0.611045,16250
14,13,15288,edgegpu,ImageNet16-120,28.422222,1.417041,0.611045,16250
14,13,14840,edgegpu,ImageNet16-120,45.311110,4.224715,0.611045,16250
14,13,8426,edgegpu,ImageNet16-120,44.633335,3.370147,0.611045,16250
14,13,8401,edgegpu,ImageNet16-120,43.833332,3.322444,0.611045,16250
14,13,5751,edgegpu,ImageNet16-120,40.044445,2.434626,0.611045,16250
14,13,4332,edgegpu,ImageNet16-120,39.444443,1.745496,0.611045,16250
14,13,7187,edgegpu,ImageNet16-120,28.683332,1.443858,0.611045,16250
14,13,857,edgegpu,ImageNet16-120,47.311110,6.707663,0.611045,16250
14,13,454,edgegpu,ImageNet16-120,41.277780,3.303313,0.611045,16250
14,13,7760,edgegpu,ImageNet16-120,39.100000,1.743751,0.611045,16250
14,13,12415,edgegpu,ImageNet16-120,46.566666,4.667692,0.611045,16250
14,13,6950,edgegpu,ImageNet16-120,38.700000,1.740150,0.611045,16250
14,13,1164,edgegpu,ImageNet16-120,28.522223,1.435223,0.611045,16250
14,13,15376,edgegpu,ImageNet16-120,0.833333,0.533953,0.611045,16250
14,13,13760,edgegpu,ImageNet16-120,32.333332,1.739759,0.611045,16250
14,13,4988,edgegpu,ImageNet16-120,28.933332,1.448212,0.611045,16250
14,14,10017,edgetpu,ImageNet16-120,40.566666,0.524950,0.641679,15992
14,14,13931,edgetpu,ImageNet16-120,28.788889,0.360349,0.641679,15992
14,14,10332,edgetpu,ImageNet16-120,40.033333,0.516152,0.641679,15992
14,14,7357,edgetpu,ImageNet16-120,44.666668,0.600498,0.641679,15992
14,14,8447,edgetpu,ImageNet16-120,40.011112,0.514586,0.641679,15992
14,14,15363,edgetpu,ImageNet16-120,44.333332,0.582280,0.641679,15992
14,14,11885,edgetpu,ImageNet16-120,39.166668,0.427395,0.641679,15992
14,14,13972,edgetpu,ImageNet16-120,31.933332,0.363440,0.641679,15992
14,14,9689,edgetpu,ImageNet16-120,42.533333,0.549702,0.641679,15992
14,14,12415,edgetpu,ImageNet16-120,46.566666,0.710906,0.641679,15992
14,14,10888,edgetpu,ImageNet16-120,28.333334,0.359044,0.641679,15992
14,14,10167,edgetpu,ImageNet16-120,39.944443,0.444058,0.641679,15992
14,14,3540,edgetpu,ImageNet16-120,45.122223,0.648670,0.641679,15992
14,14,8781,edgetpu,ImageNet16-120,32.366665,0.363484,0.641679,15992
14,14,15014,edgetpu,ImageNet16-120,28.266666,0.358110,0.641679,15992
14,14,11079,edgetpu,ImageNet16-120,43.566666,0.552430,0.641679,15992
14,14,4988,edgetpu,ImageNet16-120,28.933332,0.360694,0.641679,15992
14,14,4830,edgetpu,ImageNet16-120,42.233334,0.549457,0.641679,15992
14,14,5751,edgetpu,ImageNet16-120,40.044445,0.516992,0.641679,15992
14,14,4627,edgetpu,ImageNet16-120,43.500000,0.552306,0.641679,15992
14,14,6520,edgetpu,ImageNet16-120,32.383335,0.363944,0.641679,15992
14,14,13097,edgetpu,ImageNet16-120,39.655556,0.428424,0.641679,15992
14,14,7750,edgetpu,ImageNet16-120,43.066666,0.551617,0.641679,15992
14,14,15383,edgetpu,ImageNet16-120,47.033333,0.780914,0.641679,15992
14,14,5530,edgetpu,ImageNet16-120,42.577778,0.549937,0.641679,15992
14,14,7273,edgetpu,ImageNet16-120,42.966667,0.550014,0.641679,15992
14,14,70,edgetpu,ImageNet16-120,39.377777,0.428228,0.641679,15992
14,14,14677,edgetpu,ImageNet16-120,33.233334,0.364575,0.641679,15992
14,14,13769,edgetpu,ImageNet16-120,41.555557,0.549360,0.641679,15992
14,14,8884,edgetpu,ImageNet16-120,45.033333,0.615792,0.641679,15992
14,14,857,edgetpu,ImageNet16-120,47.311110,0.997730,0.641679,15992
14,15,857,eyeriss,ImageNet16-120,47.311110,1.651840,0.492160,16332
14,15,14417,eyeriss,ImageNet16-120,45.900000,1.098880,0.492160,16332
14,15,735,eyeriss,ImageNet16-120,38.544445,0.607360,0.492160,16332
14,15,8853,eyeriss,ImageNet16-120,45.600000,1.037440,0.492160,16332
14,15,6787,eyeriss,ImageNet16-120,44.400000,0.914560,0.492160,16332
14,15,8008,eyeriss,ImageNet16-120,43.500000,0.853120,0.492160,16332
14,15,6854,eyeriss,ImageNet16-120,40.800000,0.668800,0.492160,16332
14,15,1939,eyeriss,ImageNet16-120,45.077778,0.976000,0.492160,16332
14,15,2835,eyeriss,ImageNet16-120,38.222220,0.545920,0.492160,16332
14,15,15383,eyeriss,ImageNet16-120,47.033333,1.283200,0.492160,16332
14,15,4829,eyeriss,ImageNet16-120,34.200000,0.484480,0.492160,16332
14,15,4988,eyeriss,ImageNet16-120,28.933332,0.423040,0.492160,16332
14,16,5793,fpga,ImageNet16-120,35.033333,0.517920,0.527391,16132
14,16,8008,fpga,ImageNet16-120,43.500000,0.876800,0.527391,16132
14,16,14417,fpga,ImageNet16-120,45.900000,1.276320,0.527391,16132
14,16,12452,fpga,ImageNet16-120,40.533333,0.780320,0.527391,16132
14,16,2835,fpga,ImageNet16-120,38.222220,0.546720,0.527391,16132
14,16,6787,fpga,ImageNet16-120,44.400000,0.969600,0.527391,16132
14,16,4988,fpga,ImageNet16-120,28.933332,0.284320,0.527391,16132
14,16,8853,fpga,ImageNet16-120,45.600000,1.155200,0.527391,16132
14,16,1939,fpga,ImageNet16-120,45.077778,1.062400,0.527391,16132
14,16,10017,fpga,ImageNet16-120,40.566666,0.784000,0.527391,16132
14,16,857,fpga,ImageNet16-120,47.311110,2.038400,0.527391,16132
14,16,4829,fpga,ImageNet16-120,34.200000,0.415520,0.527391,16132
14,16,15383,fpga,ImageNet16-120,47.033333,1.504000,0.527391,16132
14,16,14748,fpga,ImageNet16-120,44.900000,0.995200,0.527391,16132
14,16,6868,fpga,ImageNet16-120,39.000000,0.649120,0.527391,16132
14,17,872,pixel3,ImageNet16-120,41.777780,2.465030,0.778731,16183
14,17,735,pixel3,ImageNet16-120,38.544445,1.107950,0.778731,16183
14,17,1110,pixel3,ImageNet16-120,28.600000,0.423927,0.778731,16183
14,17,1549,pixel3,ImageNet16-120,28.655556,0.424747,0.778731,16183
14,17,1204,pixel3,ImageNet16-120,37.844444,0.864966,0.778731,16183
14,17,4587,pixel3,ImageNet16-120,28.800000,0.445767,0.778731,16183
14,17,15383,pixel3,ImageNet16-120,47.033333,5.191720,0.778731,16183
14,17,4988,pixel3,ImageNet16-120,28.933332,0.485996,0.778731,16183
14,17,898,pixel3,ImageNet16-120,42.466667,2.467210,0.778731,16183
14,17,2835,pixel3,ImageNet16-120,38.222220,0.868646,0.778731,16183
14,17,12355,pixel3,ImageNet16-120,45.033333,2.989390,0.778731,16183
14,17,10293,pixel3,ImageNet16-120,28.188889,0.422463,0.778731,16183
14,17,15446,pixel3,ImageNet16-120,45.766666,3.439380,0.778731,16183
14,17,8584,pixel3,ImageNet16-120,34.088890,0.664046,0.778731,16183
14,17,10154,pixel3,ImageNet16-120,46.133335,4.783700,0.778731,16183
14,17,8954,pixel3,ImageNet16-120,28.733334,0.424855,0.778731,16183
14,17,4432,pixel3,ImageNet16-120,37.800000,0.861157,0.778731,16183
14,17,12639,pixel3,ImageNet16-120,40.400000,1.304440,0.778731,16183
14,17,6854,pixel3,ImageNet16-120,40.800000,1.621620,0.778731,16183
14,17,857,pixel3,ImageNet16-120,47.311110,6.686850,0.778731,16183
14,17,4977,pixel3,ImageNet16-120,32.966667,0.617991,0.778731,16183
14,17,12452,pixel3,ImageNet16-120,40.533333,1.504410,0.778731,16183
14,17,13059,pixel3,ImageNet16-120,34.266666,0.668679,0.778731,16183
14,17,12424,pixel3,ImageNet16-120,43.133330,2.470150,0.778731,16183
14,17,2018,pixel3,ImageNet16-120,46.433334,4.949210,0.778731,16183
14,17,1425,pixel3,ImageNet16-120,45.977780,4.619290,0.778731,16183
14,17,1939,pixel3,ImageNet16-120,45.077778,3.021500,0.778731,16183
14,17,12506,pixel3,ImageNet16-120,43.983334,2.929990,0.778731,16183
14,17,2002,pixel3,ImageNet16-120,32.277780,0.617751,0.778731,16183
14,17,3728,pixel3,ImageNet16-120,28.500000,0.422880,0.778731,16183
14,17,11000,pixel3,ImageNet16-120,44.866665,2.962520,0.778731,16183
14,17,4627,pixel3,ImageNet16-120,43.500000,2.479640,0.778731,16183
14,17,4675,pixel3,ImageNet16-120,33.100000,0.620036,0.778731,16183
14,17,13756,pixel3,ImageNet16-120,0.833333,0.005289,0.778731,16183
14,17,249,pixel3,ImageNet16-120,43.577778,2.720310,0.778731,16183
14,17,10888,pixel3,ImageNet16-120,28.333334,0.422652,0.778731,16183
14,18,12231,raspi4,ImageNet16-120,40.200000,3.188915,0.828784,16255
14,18,7187,raspi4,ImageNet16-120,28.683332,0.952790,0.828784,16255
14,18,10715,raspi4,ImageNet16-120,45.533333,6.790813,0.828784,16255
14,18,2779,raspi4,ImageNet16-120,37.355556,2.190654,0.828784,16255
14,18,11584,raspi4,ImageNet16-120,46.666668,8.014434,0.828784,16255
14,18,8853,raspi4,ImageNet16-120,45.600000,6.961605,0.828784,16255
14,18,10835,raspi4,ImageNet16-120,45.233334,6.632419,0.828784,16255
14,18,4627,raspi4,ImageNet16-120,43.500000,3.811407,0.828784,16255
14,18,11946,raspi4,ImageNet16-120,28.200000,0.940293,0.828784,16255
14,18,4675,raspi4,ImageNet16-120,33.100000,1.544321,0.828784,16255
14,18,4988,raspi4,ImageNet16-120,28.933332,1.003251,0.828784,16255
14,18,12505,raspi4,ImageNet16-120,39.283333,3.062432,0.828784,16255
14,18,857,raspi4,ImageNet16-120,47.311110,9.020064,0.828784,16255
14,18,8733,raspi4,ImageNet16-120,46.600000,7.477213,0.828784,16255
14,18,5487,raspi4,ImageNet16-120,38.500000,3.019000,0.828784,16255
14,18,3960,raspi4,ImageNet16-120,37.755554,2.197980,0.828784,16255
14,18,8426,raspi4,ImageNet16-120,44.633335,5.288439,0.828784,16255
14,18,8355,raspi4,ImageNet16-120,39.666668,3.083286,0.828784,16255
14,18,13059,raspi4,ImageNet16-120,34.266666,1.595651,0.828784,16255
14,18,6854,raspi4,ImageNet16-120,40.800000,3.661016,0.828784,16255
14,18,4995,raspi4,ImageNet16-120,42.166668,3.766336,0.828784,16255
14,18,9496,raspi4,ImageNet16-120,38.200000,2.204048,0.828784,16255
14,18,15446,raspi4,ImageNet16-120,45.766666,7.469873,0.828784,16255
14,18,41,raspi4,ImageNet16-120,32.388890,1.528043,0.828784,16255
14,18,11438,raspi4,ImageNet16-120,39.733334,3.150053,0.828784,16255
14,18,1413,raspi4,ImageNet16-120,42.711113,3.788479,0.828784,16255
14,18,13931,raspi4,ImageNet16-120,28.788889,0.956195,0.828784,16255
14,18,933,raspi4,ImageNet16-120,0.833333,0.011514,0.828784,16255
14,18,5202,raspi4,ImageNet16-120,42.411110,3.783078,0.828784,16255
14,18,10472,raspi4,ImageNet16-120,39.633335,3.079679,0.828784,16255
14,18,12424,raspi4,ImageNet16-120,43.133330,3.805729,0.828784,16255
14,18,6336,raspi4,ImageNet16-120,39.366665,3.073392,0.828784,16255
14,18,5973,raspi4,ImageNet16-120,40.100000,3.159922,0.828784,16255
14,18,9032,raspi4,ImageNet16-120,38.016666,2.201532,0.828784,16255
14,18,10217,raspi4,ImageNet16-120,45.100000,6.109362,0.828784,16255
14,18,7252,raspi4,ImageNet16-120,44.666668,5.322441,0.828784,16255
14,18,380,raspi4,ImageNet16-120,38.900000,3.038936,0.828784,16255
14,18,3431,raspi4,ImageNet16-120,32.966667,1.536690,0.828784,16255
14,18,15363,raspi4,ImageNet16-120,44.333332,4.480516,0.828784,16255
14,18,15383,raspi4,ImageNet16-120,47.033333,8.565354,0.828784,16255
14,18,12358,raspi4,ImageNet16-120,34.055557,1.582727,0.828784,16255
14,18,14697,raspi4,ImageNet16-120,33.900000,1.580382,0.828784,16255
14,18,13771,raspi4,ImageNet16-120,32.744446,1.533813,0.828784,16255
14,18,14792,raspi4,ImageNet16-120,43.033333,3.792447,0.828784,16255
14,18,1939,raspi4,ImageNet16-120,45.077778,5.341908,0.828784,16255
14,18,3782,raspi4,ImageNet16-120,41.866665,3.755286,0.828784,16255
14,18,13389,raspi4,ImageNet16-120,39.800000,3.158450,0.828784,16255
14,18,6787,raspi4,ImageNet16-120,44.400000,4.532777,0.828784,16255
14,18,8683,raspi4,ImageNet16-120,44.200000,4.462997,0.828784,16255
14,18,12452,raspi4,ImageNet16-120,40.533333,3.592146,0.828784,16255
15,1,11810,edgegpu,cifar10,92.780000,1.992798,0.536001,16311
15,1,9099,edgegpu,cifar10,93.940000,3.357520,0.536001,16311
15,1,561,edgegpu,cifar10,86.880000,1.451068,0.536001,16311
15,1,4803,edgegpu,cifar10,88.746666,1.748652,0.536001,16311
15,1,14527,edgegpu,cifar10,86.765000,1.439619,0.536001,16311
15,1,2776,edgegpu,cifar10,93.666664,3.331194,0.536001,16311
15,1,13714,edgegpu,cifar10,94.373340,6.772180,0.536001,16311
15,1,1459,edgegpu,cifar10,94.296670,6.748991,0.536001,16311
15,1,14090,edgegpu,cifar10,92.086670,1.749086,0.536001,16311
15,1,2053,edgegpu,cifar10,94.206665,5.482254,0.536001,16311
15,1,5400,edgegpu,cifar10,86.630000,1.427460,0.536001,16311
15,1,6330,edgegpu,cifar10,94.006670,4.384699,0.536001,16311
15,1,6499,edgegpu,cifar10,93.645000,3.331041,0.536001,16311
15,1,5292,edgegpu,cifar10,94.293335,6.663151,0.536001,16311
15,1,6960,edgegpu,cifar10,92.280000,1.764450,0.536001,16311
15,1,11692,edgegpu,cifar10,94.130000,4.708362,0.536001,16311
15,1,13401,edgegpu,cifar10,87.010000,1.457009,0.536001,16311
15,1,5780,edgegpu,cifar10,93.980000,3.361888,0.536001,16311
15,1,2090,edgegpu,cifar10,86.650000,1.437702,0.536001,16311
15,1,1339,edgegpu,cifar10,92.136665,1.751881,0.536001,16311
15,1,15200,edgegpu,cifar10,10.000000,0.501385,0.536001,16311
15,1,10484,edgegpu,cifar10,93.810000,3.354015,0.536001,16311
15,2,11692,edgetpu,cifar10,94.130000,0.761100,0.631302,16461
15,2,9722,edgetpu,cifar10,93.540000,0.723575,0.631302,16461
15,2,5647,edgetpu,cifar10,89.110000,0.389378,0.631302,16461
15,2,10683,edgetpu,cifar10,92.330000,0.481277,0.631302,16461
15,2,8008,edgetpu,cifar10,93.480000,0.629746,0.631302,16461
15,2,9689,edgetpu,cifar10,93.370000,0.628386,0.631302,16461
15,2,13611,edgetpu,cifar10,92.490000,0.481826,0.631302,16461
15,2,1051,edgetpu,cifar10,86.700000,0.359608,0.631302,16461
15,2,11810,edgetpu,cifar10,92.780000,0.482879,0.631302,16461
15,2,10293,edgetpu,cifar10,86.513336,0.352328,0.631302,16461
15,2,12439,edgetpu,cifar10,86.393330,0.352159,0.631302,16461
15,2,3731,edgetpu,cifar10,94.343330,1.282820,0.631302,16461
15,2,5111,edgetpu,cifar10,94.306660,1.152010,0.631302,16461
15,2,6382,edgetpu,cifar10,93.376660,0.628638,0.631302,16461
15,2,970,edgetpu,cifar10,86.770000,0.371488,0.631302,16461
15,2,9380,edgetpu,cifar10,89.335000,0.395662,0.631302,16461
15,2,5780,edgetpu,cifar10,93.980000,0.723967,0.631302,16461
15,2,4161,edgetpu,cifar10,89.250000,0.391221,0.631302,16461
15,2,15000,edgetpu,cifar10,92.400000,0.481741,0.631302,16461
15,2,14527,edgetpu,cifar10,86.765000,0.365664,0.631302,16461
15,2,6014,edgetpu,cifar10,86.690000,0.353858,0.631302,16461
15,2,9817,edgetpu,cifar10,93.490000,0.723286,0.631302,16461
15,2,11438,edgetpu,cifar10,92.500000,0.482393,0.631302,16461
15,2,6918,edgetpu,cifar10,87.000000,0.375819,0.631302,16461
15,2,13714,edgetpu,cifar10,94.373340,1.377865,0.631302,16461
15,2,2053,edgetpu,cifar10,94.206665,1.042178,0.631302,16461
15,2,6584,edgetpu,cifar10,94.160000,0.888877,0.631302,16461
15,2,11112,edgetpu,cifar10,92.110000,0.480732,0.631302,16461
15,2,5258,edgetpu,cifar10,88.775000,0.388629,0.631302,16461
15,2,797,edgetpu,cifar10,93.280000,0.627996,0.631302,16461
15,2,8192,edgetpu,cifar10,93.093330,0.627745,0.631302,16461
15,2,9950,edgetpu,cifar10,93.840000,0.723767,0.631302,16461
15,3,6111,eyeriss,cifar10,94.373340,7.823540,0.503675,16361
15,3,12970,eyeriss,cifar10,90.970000,2.662580,0.503675,16361
15,3,10412,eyeriss,cifar10,93.530000,3.645620,0.503675,16361
15,3,8323,eyeriss,cifar10,90.870000,2.171060,0.503675,16361
15,3,5111,eyeriss,cifar10,94.306660,5.365940,0.503675,16361
15,3,15000,eyeriss,cifar10,92.400000,3.154100,0.503675,16361
15,3,6584,eyeriss,cifar10,94.160000,4.874420,0.503675,16361
15,3,8592,eyeriss,cifar10,93.750000,3.891380,0.503675,16361
15,3,8008,eyeriss,cifar10,93.480000,3.399860,0.503675,16361
15,3,3731,eyeriss,cifar10,94.343330,6.594740,0.503675,16361
15,3,3687,eyeriss,cifar10,89.820000,1.925300,0.503675,16361
15,3,13714,eyeriss,cifar10,94.373340,7.823540,0.503675,16361
15,3,14112,eyeriss,cifar10,91.296670,2.908340,0.503675,16361
15,3,11472,eyeriss,cifar10,93.970000,4.628660,0.503675,16361
15,3,4384,eyeriss,cifar10,86.796670,1.679540,0.503675,16361
15,4,10431,fpga,cifar10,87.000000,1.542560,0.488470,16332
15,4,13714,fpga,cifar10,94.373340,6.678560,0.488470,16332
15,4,11472,fpga,cifar10,93.970000,3.648160,0.488470,16332
15,4,4384,fpga,cifar10,86.796670,1.132960,0.488470,16332
15,4,11692,fpga,cifar10,94.130000,4.163360,0.488470,16332
15,4,5111,fpga,cifar10,94.306660,5.193760,0.488470,16332
15,4,10412,fpga,cifar10,93.530000,3.420960,0.488470,16332
15,4,13611,fpga,cifar10,92.490000,2.390560,0.488470,16332
15,4,8323,fpga,cifar10,90.870000,2.163360,0.488470,16332
15,4,8008,fpga,cifar10,93.480000,2.905760,0.488470,16332
15,4,12438,fpga,cifar10,89.875000,1.648160,0.488470,16332
15,4,11525,fpga,cifar10,90.000000,2.057760,0.488470,16332
15,4,8720,fpga,cifar10,89.875000,1.648160,0.488470,16332
15,4,6111,fpga,cifar10,94.373340,6.678560,0.488470,16332
15,4,3731,fpga,cifar10,94.343330,5.936160,0.488470,16332
15,5,5446,pixel3,cifar10,90.500000,2.889680,0.844889,16079
15,5,13869,pixel3,cifar10,93.656670,10.634700,0.844889,16079
15,5,6899,pixel3,cifar10,90.900000,3.961410,0.844889,16079
15,5,9032,pixel3,cifar10,90.740000,3.102890,0.844889,16079
15,5,6330,pixel3,cifar10,94.006670,11.512400,0.844889,16079
15,5,4554,pixel3,cifar10,86.670000,1.114880,0.844889,16079
15,5,6382,pixel3,cifar10,93.376660,7.048190,0.844889,16079
15,5,6985,pixel3,cifar10,89.940000,2.367450,0.844889,16079
15,5,6918,pixel3,cifar10,87.000000,1.478790,0.844889,16079
15,5,858,pixel3,cifar10,89.696660,1.870670,0.844889,16079
15,5,7197,pixel3,cifar10,90.366670,2.447670,0.844889,16079
15,5,9035,pixel3,cifar10,90.690000,3.100790,0.844889,16079
15,5,12139,pixel3,cifar10,90.660000,3.098500,0.844889,16079
15,5,13430,pixel3,cifar10,90.580000,3.086360,0.844889,16079
15,5,6863,pixel3,cifar10,86.740000,1.229320,0.844889,16079
15,5,1497,pixel3,cifar10,86.556660,1.056630,0.844889,16079
15,5,2035,pixel3,cifar10,89.670000,1.706480,0.844889,16079
15,5,5111,pixel3,cifar10,94.306660,17.584600,0.844889,16079
15,5,1941,pixel3,cifar10,93.533330,9.128690,0.844889,16079
15,5,7001,pixel3,cifar10,10.000000,0.003277,0.844889,16079
15,5,6111,pixel3,cifar10,94.373340,23.584800,0.844889,16079
15,5,3731,pixel3,cifar10,94.343330,23.361300,0.844889,16079
15,5,1943,pixel3,cifar10,93.116670,6.492030,0.844889,16079
15,5,13171,pixel3,cifar10,93.530000,7.717220,0.844889,16079
15,5,8695,pixel3,cifar10,94.220000,17.564500,0.844889,16079
15,5,11972,pixel3,cifar10,91.510000,5.627010,0.844889,16079
15,5,8323,pixel3,cifar10,90.870000,3.106420,0.844889,16079
15,5,8592,pixel3,cifar10,93.750000,10.769800,0.844889,16079
15,5,4627,pixel3,cifar10,93.270000,7.036050,0.844889,16079
15,5,11692,pixel3,cifar10,94.130000,15.490100,0.844889,16079
15,5,6854,pixel3,cifar10,91.040000,4.514220,0.844889,16079
15,5,6434,pixel3,cifar10,91.080000,4.811140,0.844889,16079
15,5,14697,pixel3,cifar10,89.710000,2.364630,0.844889,16079
15,5,1339,pixel3,cifar10,92.136665,5.802240,0.844889,16079
15,5,1778,pixel3,cifar10,92.180000,6.446230,0.844889,16079
15,5,13987,pixel3,cifar10,93.596664,9.922680,0.844889,16079
15,5,1631,pixel3,cifar10,89.506670,1.697120,0.844889,16079
15,5,12452,pixel3,cifar10,91.350000,5.590110,0.844889,16079
15,5,8708,pixel3,cifar10,94.080000,12.839000,0.844889,16079
15,5,9230,pixel3,cifar10,86.580000,1.056760,0.844889,16079
15,5,7017,pixel3,cifar10,86.970000,1.403930,0.844889,16079
15,5,41,pixel3,cifar10,88.670000,1.576940,0.844889,16079
15,5,2779,pixel3,cifar10,90.806660,3.102950,0.844889,16079
15,5,1804,pixel3,cifar10,89.063330,1.579900,0.844889,16079
15,6,2904,raspi4,cifar10,93.173330,21.220476,0.757218,16117
15,6,15459,raspi4,cifar10,93.160000,20.628489,0.757218,16117
15,6,8592,raspi4,cifar10,93.750000,25.477009,0.757218,16117
15,6,1894,raspi4,cifar10,92.110000,17.550644,0.757218,16117
15,6,9271,raspi4,cifar10,89.250000,4.830311,0.757218,16117
15,6,11810,raspi4,cifar10,92.780000,18.619905,0.757218,16117
15,6,13846,raspi4,cifar10,90.720000,7.176163,0.757218,16117
15,6,12639,raspi4,cifar10,90.990000,11.857850,0.757218,16117
15,6,6584,raspi4,cifar10,94.160000,38.818527,0.757218,16117
15,6,5111,raspi4,cifar10,94.306660,41.756905,0.757218,16117
15,6,6382,raspi4,cifar10,93.376660,21.461164,0.757218,16117
15,6,7210,raspi4,cifar10,92.180000,18.080248,0.757218,16117
15,6,1941,raspi4,cifar10,93.533330,25.121769,0.757218,16117
15,6,6111,raspi4,cifar10,94.373340,68.404106,0.757218,16117
15,6,6953,raspi4,cifar10,91.990000,15.601654,0.757218,16117
15,6,3015,raspi4,cifar10,92.130000,17.934048,0.757218,16117
15,6,3731,raspi4,cifar10,94.343330,58.070793,0.757218,16117
15,6,14565,raspi4,cifar10,88.880000,4.781183,0.757218,16117
15,6,6918,raspi4,cifar10,87.000000,2.787590,0.757218,16117
15,6,6985,raspi4,cifar10,89.940000,4.995646,0.757218,16117
15,6,12286,raspi4,cifar10,86.760000,2.546242,0.757218,16117
15,6,14677,raspi4,cifar10,88.670000,4.755260,0.757218,16117
15,6,1785,raspi4,cifar10,86.586670,2.538737,0.757218,16117
15,6,6868,raspi4,cifar10,90.880000,10.226877,0.757218,16117
15,6,11692,raspi4,cifar10,94.130000,37.583630,0.757218,16117
15,6,5780,raspi4,cifar10,93.980000,34.928463,0.757218,16117
15,6,4659,raspi4,cifar10,93.396670,22.249382,0.757218,16117
15,6,8323,raspi4,cifar10,90.870000,7.426308,0.757218,16117
15,6,9980,raspi4,cifar10,10.000000,0.011284,0.757218,16117
15,6,2035,raspi4,cifar10,89.670000,4.984099,0.757218,16117
15,6,7058,raspi4,cifar10,92.040000,16.469465,0.757218,16117
15,6,8008,raspi4,cifar10,93.480000,22.571420,0.757218,16117
15,6,1099,raspi4,cifar10,92.240000,18.358124,0.757218,16117
15,6,1804,raspi4,cifar10,89.063330,4.791845,0.757218,16117
15,6,8426,raspi4,cifar10,93.840000,31.394428,0.757218,16117
15,7,8401,edgegpu,cifar100,71.080000,3.302102,0.522230,16335
15,7,9922,edgegpu,cifar100,58.560000,1.428552,0.522230,16335
15,7,2304,edgegpu,cifar100,58.660000,1.440253,0.522230,16335
15,7,1038,edgegpu,cifar100,67.500000,1.758428,0.522230,16335
15,7,4954,edgegpu,cifar100,73.000000,6.669736,0.522230,16335
15,7,9997,edgegpu,cifar100,71.520000,3.466139,0.522230,16335
15,7,9930,edgegpu,cifar100,73.513336,6.803060,0.522230,16335
15,7,1509,edgegpu,cifar100,1.000000,0.505853,0.522230,16335
15,7,2778,edgegpu,cifar100,72.993330,6.134028,0.522230,16335
15,7,12415,edgegpu,cifar100,71.940000,4.828467,0.522230,16335
15,7,8912,edgegpu,cifar100,59.200000,1.441355,0.522230,16335
15,7,11810,edgegpu,cifar100,68.300000,1.779551,0.522230,16335
15,7,4418,edgegpu,cifar100,72.746666,5.352364,0.522230,16335
15,7,11885,edgegpu,cifar100,68.040000,1.776652,0.522230,16335
15,7,3888,edgegpu,cifar100,73.260000,6.797867,0.522230,16335
15,7,6381,edgegpu,cifar100,66.800000,1.753340,0.522230,16335
15,7,14677,edgegpu,cifar100,62.420000,1.746187,0.522230,16335
15,8,8401,edgetpu,cifar100,71.080000,0.728572,0.653902,16105
15,8,797,edgetpu,cifar100,69.580000,0.633351,0.653902,16105
15,8,8912,edgetpu,cifar100,59.200000,0.377698,0.653902,16105
15,8,1383,edgetpu,cifar100,70.273330,0.673722,0.653902,16105
15,8,5019,edgetpu,cifar100,58.880000,0.357058,0.653902,16105
15,8,8638,edgetpu,cifar100,58.860000,0.356631,0.653902,16105
15,8,3888,edgetpu,cifar100,73.260000,1.316226,0.653902,16105
15,8,1110,edgetpu,cifar100,58.840000,0.355938,0.653902,16105
15,8,577,edgetpu,cifar100,69.680000,0.635228,0.653902,16105
15,8,777,edgetpu,cifar100,58.650000,0.355588,0.653902,16105
15,8,15363,edgetpu,cifar100,70.520000,0.676394,0.653902,16105
15,8,857,edgetpu,cifar100,72.880000,1.264168,0.653902,16105
15,8,10000,edgetpu,cifar100,73.160000,1.283461,0.653902,16105
15,8,12415,edgetpu,cifar100,71.940000,0.872299,0.653902,16105
15,8,3303,edgetpu,cifar100,62.420000,0.392593,0.653902,16105
15,8,14945,edgetpu,cifar100,58.500000,0.354940,0.653902,16105
15,8,9997,edgetpu,cifar100,71.520000,0.729986,0.653902,16105
15,8,12761,edgetpu,cifar100,72.860000,1.225212,0.653902,16105
15,8,4155,edgetpu,cifar100,62.306667,0.391442,0.653902,16105
15,8,9541,edgetpu,cifar100,67.660000,0.486829,0.653902,16105
15,8,13829,edgetpu,cifar100,66.873340,0.485137,0.653902,16105
15,8,11533,edgetpu,cifar100,69.760000,0.635877,0.653902,16105
15,8,1943,edgetpu,cifar100,69.626660,0.634759,0.653902,16105
15,8,12607,edgetpu,cifar100,62.600000,0.392830,0.653902,16105
15,8,12574,edgetpu,cifar100,72.740000,0.932430,0.653902,16105
15,8,9930,edgetpu,cifar100,73.513336,1.454107,0.653902,16105
15,8,2705,edgetpu,cifar100,62.813330,0.393026,0.653902,16105
15,8,9271,edgetpu,cifar100,63.400000,0.393151,0.653902,16105
15,8,69,edgetpu,cifar100,71.020000,0.727259,0.653902,16105
15,8,4418,edgetpu,cifar100,72.746666,1.093699,0.653902,16105
15,8,4659,edgetpu,cifar100,70.060000,0.636433,0.653902,16105
15,8,10443,edgetpu,cifar100,68.300000,0.489020,0.653902,16105
15,9,3540,eyeriss,cifar100,71.500000,4.877440,0.482433,16643
15,9,11301,eyeriss,cifar100,68.220000,2.665600,0.482433,16643
15,9,3888,eyeriss,cifar100,73.260000,6.597760,0.482433,16643
15,9,6787,eyeriss,cifar100,70.720000,3.648640,0.482433,16643
15,9,14112,eyeriss,cifar100,68.386665,2.911360,0.482433,16643
15,9,12820,eyeriss,cifar100,67.720000,2.419840,0.482433,16643
15,9,11973,eyeriss,cifar100,70.340000,3.402880,0.482433,16643
15,9,12574,eyeriss,cifar100,72.740000,5.123200,0.482433,16643
15,9,5084,eyeriss,cifar100,58.813330,1.682560,0.482433,16643
15,9,375,eyeriss,cifar100,64.440000,1.928320,0.482433,16643
15,9,6925,eyeriss,cifar100,71.220000,3.894400,0.482433,16643
15,9,10689,eyeriss,cifar100,67.500000,2.174080,0.482433,16643
15,9,12761,eyeriss,cifar100,72.860000,6.352000,0.482433,16643
15,9,9930,eyeriss,cifar100,73.513336,9.055360,0.482433,16643
15,9,14714,eyeriss,cifar100,71.280000,4.140160,0.482433,16643
15,10,5651,fpga,cifar100,64.690000,1.648160,0.519106,16280
15,10,6830,fpga,cifar100,71.460000,4.057760,0.519106,16280
15,10,3385,fpga,cifar100,72.380000,5.193760,0.519106,16280
15,10,9930,fpga,cifar100,73.513336,7.420960,0.519106,16280
15,10,3888,fpga,cifar100,73.260000,5.936160,0.519106,16280
15,10,5033,fpga,cifar100,59.060000,1.542560,0.519106,16280
15,10,11979,fpga,cifar100,68.000000,2.800160,0.519106,16280
15,10,12761,fpga,cifar100,72.860000,5.420960,0.519106,16280
15,10,69,fpga,cifar100,71.020000,3.648160,0.519106,16280
15,10,10042,fpga,cifar100,64.880000,2.057760,0.519106,16280
15,10,15033,fpga,cifar100,67.793335,2.390560,0.519106,16280
15,10,9997,fpga,cifar100,71.520000,4.572960,0.519106,16280
15,10,10154,fpga,cifar100,71.960000,4.678560,0.519106,16280
15,10,3487,fpga,cifar100,70.093330,2.905760,0.519106,16280
15,10,3540,fpga,cifar100,71.500000,4.163360,0.519106,16280
15,10,5084,fpga,cifar100,58.813330,1.132960,0.519106,16280
15,10,6787,fpga,cifar100,70.720000,3.420960,0.519106,16280
15,10,10689,fpga,cifar100,67.500000,2.163360,0.519106,16280
15,11,11000,pixel3,cifar100,71.180000,10.677600,0.736067,16047
15,11,6985,pixel3,cifar100,64.160000,2.372000,0.736067,16047
15,11,6294,pixel3,cifar100,66.973335,3.112950,0.736067,16047
15,11,12574,pixel3,cifar100,72.740000,16.473900,0.736067,16047
15,11,4409,pixel3,cifar100,67.173330,3.113370,0.736067,16047
15,11,1631,pixel3,cifar100,63.986668,1.805000,0.736067,16047
15,11,10042,pixel3,cifar100,64.880000,2.794690,0.736067,16047
15,11,1459,pixel3,cifar100,73.140000,23.437900,0.736067,16047
15,11,485,pixel3,cifar100,67.593330,4.124800,0.736067,16047
15,11,9930,pixel3,cifar100,73.513336,42.003600,0.736067,16047
15,11,5019,pixel3,cifar100,58.880000,1.483640,0.736067,16047
15,11,14112,pixel3,cifar100,68.386665,5.745320,0.736067,16047
15,11,906,pixel3,cifar100,62.393333,1.661810,0.736067,16047
15,11,4432,pixel3,cifar100,66.486664,3.105870,0.736067,16047
15,11,2649,pixel3,cifar100,64.446660,2.496890,0.736067,16047
15,11,857,pixel3,cifar100,72.880000,19.113200,0.736067,16047
15,11,6337,pixel3,cifar100,1.000000,0.008753,0.736067,16047
15,11,8638,pixel3,cifar100,58.860000,1.478570,0.736067,16047
15,11,9649,pixel3,cifar100,64.540000,2.536210,0.736067,16047
15,11,858,pixel3,cifar100,64.133330,2.003500,0.736067,16047
15,11,1409,pixel3,cifar100,58.853333,1.275090,0.736067,16047
15,11,1357,pixel3,cifar100,67.480000,3.998260,0.736067,16047
15,11,11301,pixel3,cifar100,68.220000,5.352090,0.736067,16047
15,11,3776,pixel3,cifar100,66.920000,3.109320,0.736067,16047
15,11,978,pixel3,cifar100,64.180000,2.372340,0.736067,16047
15,11,1450,pixel3,cifar100,70.506670,9.337360,0.736067,16047
15,11,777,pixel3,cifar100,58.650000,1.087020,0.736067,16047
15,11,1781,pixel3,cifar100,64.326670,2.386170,0.736067,16047
15,11,12820,pixel3,cifar100,67.720000,4.806070,0.736067,16047
15,11,3888,pixel3,cifar100,73.260000,23.477200,0.736067,16047
15,11,898,pixel3,cifar100,70.000000,6.516140,0.736067,16047
15,11,15589,pixel3,cifar100,59.060000,1.483890,0.736067,16047
15,11,11973,pixel3,cifar100,70.340000,8.988510,0.736067,16047
15,11,699,pixel3,cifar100,72.240000,12.079400,0.736067,16047
15,12,7030,raspi4,cifar100,69.600000,19.218203,0.702936,16024
15,12,4409,raspi4,cifar100,67.173330,7.228629,0.702936,16024
15,12,9997,raspi4,cifar100,71.520000,34.996710,0.702936,16024
15,12,2222,raspi4,cifar100,58.313330,2.538255,0.702936,16024
15,12,14112,raspi4,cifar100,68.386665,14.423308,0.702936,16024
15,12,8912,raspi4,cifar100,59.200000,2.818969,0.702936,16024
15,12,6918,raspi4,cifar100,58.800000,2.571364,0.702936,16024
15,12,6177,raspi4,cifar100,62.373333,4.795128,0.702936,16024
15,12,12915,raspi4,cifar100,66.950000,7.226311,0.702936,16024
15,12,9271,raspi4,cifar100,63.400000,4.800893,0.702936,16024
15,12,14612,raspi4,cifar100,58.720000,2.563505,0.702936,16024
15,12,15589,raspi4,cifar100,59.060000,2.795078,0.702936,16024
15,12,14714,raspi4,cifar100,71.280000,24.692347,0.702936,16024
15,12,3888,raspi4,cifar100,73.260000,55.029520,0.702936,16024
15,12,8740,raspi4,cifar100,1.000000,0.015215,0.702936,16024
15,12,15363,raspi4,cifar100,70.520000,21.809430,0.702936,16024
15,12,2058,raspi4,cifar100,69.613335,20.052132,0.702936,16024
15,12,10222,raspi4,cifar100,58.860000,2.747804,0.702936,16024
15,12,898,raspi4,cifar100,70.000000,21.506163,0.702936,16024
15,12,14792,raspi4,cifar100,69.500000,19.111843,0.702936,16024
15,12,12761,raspi4,cifar100,72.860000,53.718200,0.702936,16024
15,12,2035,raspi4,cifar100,63.926666,5.005698,0.702936,16024
15,12,1357,raspi4,cifar100,67.480000,10.177114,0.702936,16024
15,12,9930,raspi4,cifar100,73.513336,71.152000,0.702936,16024
15,12,10042,raspi4,cifar100,64.880000,5.100886,0.702936,16024
15,12,1459,raspi4,cifar100,73.140000,53.879950,0.702936,16024
15,12,6925,raspi4,cifar100,71.220000,24.195030,0.702936,16024
15,12,3408,raspi4,cifar100,63.993332,5.081906,0.702936,16024
15,12,14811,raspi4,cifar100,69.680000,20.361189,0.702936,16024
15,12,375,raspi4,cifar100,64.440000,5.099302,0.702936,16024
15,12,12574,raspi4,cifar100,72.740000,36.371254,0.702936,16024
15,12,6787,raspi4,cifar100,70.720000,23.081835,0.702936,16024
15,12,4418,raspi4,cifar100,72.746666,47.162354,0.702936,16024
15,12,355,raspi4,cifar100,69.860000,20.791758,0.702936,16024
15,12,13430,raspi4,cifar100,66.700000,7.203785,0.702936,16024
15,13,12415,edgegpu,ImageNet16-120,46.566666,4.667692,0.591884,16401
15,13,5477,edgegpu,ImageNet16-120,38.977780,1.744175,0.591884,16401
15,13,8426,edgegpu,ImageNet16-120,44.633335,3.370147,0.591884,16401
15,13,10947,edgegpu,ImageNet16-120,39.944443,1.909800,0.591884,16401
15,13,857,edgegpu,ImageNet16-120,47.311110,6.707663,0.591884,16401
15,13,14117,edgegpu,ImageNet16-120,28.677778,1.435547,0.591884,16401
15,13,9722,edgegpu,ImageNet16-120,44.000000,3.327813,0.591884,16401
15,13,8401,edgegpu,ImageNet16-120,43.833332,3.322444,0.591884,16401
15,13,7187,edgegpu,ImageNet16-120,28.683332,1.443858,0.591884,16401
15,13,9586,edgegpu,ImageNet16-120,46.933334,5.222673,0.591884,16401
15,13,4160,edgegpu,ImageNet16-120,39.833332,1.756272,0.591884,16401
15,13,15376,edgegpu,ImageNet16-120,0.833333,0.533953,0.591884,16401
15,13,13760,edgegpu,ImageNet16-120,32.333332,1.739759,0.591884,16401
15,13,4988,edgegpu,ImageNet16-120,28.933332,1.448212,0.591884,16401
15,13,12505,edgegpu,ImageNet16-120,39.283333,1.750417,0.591884,16401
15,13,15288,edgegpu,ImageNet16-120,28.422222,1.417041,0.591884,16401
15,13,4946,edgegpu,ImageNet16-120,44.700000,3.490419,0.591884,16401
15,13,14840,edgegpu,ImageNet16-120,45.311110,4.224715,0.591884,16401
15,13,6950,edgegpu,ImageNet16-120,38.700000,1.740150,0.591884,16401
15,13,4587,edgegpu,ImageNet16-120,28.800000,1.445131,0.591884,16401
15,13,5751,edgegpu,ImageNet16-120,40.044445,2.434626,0.591884,16401
15,13,1164,edgegpu,ImageNet16-120,28.522223,1.435223,0.591884,16401
15,13,14612,edgegpu,ImageNet16-120,28.488890,1.434064,0.591884,16401
15,13,13411,edgegpu,ImageNet16-120,31.855556,1.736240,0.591884,16401
15,13,6636,edgegpu,ImageNet16-120,40.544445,3.305931,0.591884,16401
15,13,8884,edgegpu,ImageNet16-120,45.033333,3.499999,0.591884,16401
15,13,2650,edgegpu,ImageNet16-120,42.433334,3.309817,0.591884,16401
15,13,15383,edgegpu,ImageNet16-120,47.033333,6.262836,0.591884,16401
15,14,11262,edgetpu,ImageNet16-120,39.733334,0.430019,0.625131,16019
15,14,3540,edgetpu,ImageNet16-120,45.122223,0.648670,0.625131,16019
15,14,5530,edgetpu,ImageNet16-120,42.577778,0.549937,0.625131,16019
15,14,7273,edgetpu,ImageNet16-120,42.966667,0.550014,0.625131,16019
15,14,12415,edgetpu,ImageNet16-120,46.566666,0.710906,0.625131,16019
15,14,857,edgetpu,ImageNet16-120,47.311110,0.997730,0.625131,16019
15,14,7357,edgetpu,ImageNet16-120,44.666668,0.600498,0.625131,16019
15,14,15383,edgetpu,ImageNet16-120,47.033333,0.780914,0.625131,16019
15,14,15363,edgetpu,ImageNet16-120,44.333332,0.582280,0.625131,16019
15,14,4160,edgetpu,ImageNet16-120,39.833332,0.430355,0.625131,16019
15,14,11885,edgetpu,ImageNet16-120,39.166668,0.427395,0.625131,16019
15,14,7750,edgetpu,ImageNet16-120,43.066666,0.551617,0.625131,16019
15,14,8447,edgetpu,ImageNet16-120,40.011112,0.514586,0.625131,16019
15,14,11079,edgetpu,ImageNet16-120,43.566666,0.552430,0.625131,16019
15,14,10888,edgetpu,ImageNet16-120,28.333334,0.359044,0.625131,16019
15,14,7431,edgetpu,ImageNet16-120,32.577778,0.363954,0.625131,16019
15,14,9689,edgetpu,ImageNet16-120,42.533333,0.549702,0.625131,16019
15,14,10332,edgetpu,ImageNet16-120,40.033333,0.516152,0.625131,16019
15,14,4830,edgetpu,ImageNet16-120,42.233334,0.549457,0.625131,16019
15,14,13769,edgetpu,ImageNet16-120,41.555557,0.549360,0.625131,16019
15,14,8884,edgetpu,ImageNet16-120,45.033333,0.615792,0.625131,16019
15,14,13931,edgetpu,ImageNet16-120,28.788889,0.360349,0.625131,16019
15,14,4627,edgetpu,ImageNet16-120,43.500000,0.552306,0.625131,16019
15,14,14840,edgetpu,ImageNet16-120,45.311110,0.666690,0.625131,16019
15,14,15014,edgetpu,ImageNet16-120,28.266666,0.358110,0.625131,16019
15,14,14677,edgetpu,ImageNet16-120,33.233334,0.364575,0.625131,16019
15,14,6407,edgetpu,ImageNet16-120,32.333332,0.363748,0.625131,16019
15,14,5751,edgetpu,ImageNet16-120,40.044445,0.516992,0.625131,16019
15,14,4988,edgetpu,ImageNet16-120,28.933332,0.360694,0.625131,16019
15,14,12297,edgetpu,ImageNet16-120,31.833334,0.363596,0.625131,16019
15,14,6520,edgetpu,ImageNet16-120,32.383335,0.363944,0.625131,16019
15,14,5674,edgetpu,ImageNet16-120,39.650000,0.428605,0.625131,16019
15,14,7396,edgetpu,ImageNet16-120,40.177776,0.517218,0.625131,16019
15,15,6854,eyeriss,ImageNet16-120,40.800000,0.668800,0.486166,16471
15,15,857,eyeriss,ImageNet16-120,47.311110,1.651840,0.486166,16471
15,15,6787,eyeriss,ImageNet16-120,44.400000,0.914560,0.486166,16471
15,15,8853,eyeriss,ImageNet16-120,45.600000,1.037440,0.486166,16471
15,15,1939,eyeriss,ImageNet16-120,45.077778,0.976000,0.486166,16471
15,15,4988,eyeriss,ImageNet16-120,28.933332,0.423040,0.486166,16471
15,15,479,eyeriss,ImageNet16-120,38.500000,0.607360,0.486166,16471
15,15,5487,eyeriss,ImageNet16-120,38.500000,0.607360,0.486166,16471
15,15,15383,eyeriss,ImageNet16-120,47.033333,1.283200,0.486166,16471
15,15,4829,eyeriss,ImageNet16-120,34.200000,0.484480,0.486166,16471
15,15,1943,eyeriss,ImageNet16-120,42.866665,0.853120,0.486166,16471
15,15,2835,eyeriss,ImageNet16-120,38.222220,0.545920,0.486166,16471
15,16,6854,fpga,ImageNet16-120,40.800000,0.809120,0.529950,16352
15,16,6787,fpga,ImageNet16-120,44.400000,0.969600,0.529950,16352
15,16,14748,fpga,ImageNet16-120,44.900000,0.995200,0.529950,16352
15,16,4829,fpga,ImageNet16-120,34.200000,0.415520,0.529950,16352
15,16,15383,fpga,ImageNet16-120,47.033333,1.504000,0.529950,16352
15,16,1939,fpga,ImageNet16-120,45.077778,1.062400,0.529950,16352
15,16,6868,fpga,ImageNet16-120,39.000000,0.649120,0.529950,16352
15,16,2835,fpga,ImageNet16-120,38.222220,0.546720,0.529950,16352
15,16,8008,fpga,ImageNet16-120,43.500000,0.876800,0.529950,16352
15,16,857,fpga,ImageNet16-120,47.311110,2.038400,0.529950,16352
15,16,4988,fpga,ImageNet16-120,28.933332,0.284320,0.529950,16352
15,16,14417,fpga,ImageNet16-120,45.900000,1.276320,0.529950,16352
15,16,5793,fpga,ImageNet16-120,35.033333,0.517920,0.529950,16352
15,16,11593,fpga,ImageNet16-120,40.166668,0.780320,0.529950,16352
15,16,15446,fpga,ImageNet16-120,45.766666,1.116320,0.529950,16352
15,16,10017,fpga,ImageNet16-120,40.566666,0.784000,0.529950,16352
15,17,4977,pixel3,ImageNet16-120,32.966667,0.617991,0.746619,16101
15,17,4587,pixel3,ImageNet16-120,28.800000,0.445767,0.746619,16101
15,17,898,pixel3,ImageNet16-120,42.466667,2.467210,0.746619,16101
15,17,11209,pixel3,ImageNet16-120,33.266666,0.665423,0.746619,16101
15,17,6294,pixel3,ImageNet16-120,38.011112,0.869124,0.746619,16101
15,17,2899,pixel3,ImageNet16-120,43.911110,2.701210,0.746619,16101
15,17,857,pixel3,ImageNet16-120,47.311110,6.686850,0.746619,16101
15,17,978,pixel3,ImageNet16-120,33.488888,0.665489,0.746619,16101
15,17,10154,pixel3,ImageNet16-120,46.133335,4.783700,0.746619,16101
15,17,1939,pixel3,ImageNet16-120,45.077778,3.021500,0.746619,16101
15,17,12639,pixel3,ImageNet16-120,40.400000,1.304440,0.746619,16101
15,17,2002,pixel3,ImageNet16-120,32.277780,0.617751,0.746619,16101
15,17,1204,pixel3,ImageNet16-120,37.844444,0.864966,0.746619,16101
15,17,1425,pixel3,ImageNet16-120,45.977780,4.619290,0.746619,16101
15,17,12424,pixel3,ImageNet16-120,43.133330,2.470150,0.746619,16101
15,17,8853,pixel3,ImageNet16-120,45.600000,3.554540,0.746619,16101
15,17,2018,pixel3,ImageNet16-120,46.433334,4.949210,0.746619,16101
15,17,13059,pixel3,ImageNet16-120,34.266666,0.668679,0.746619,16101
15,17,4004,pixel3,ImageNet16-120,42.811110,2.467510,0.746619,16101
15,17,6854,pixel3,ImageNet16-120,40.800000,1.621620,0.746619,16101
15,17,7187,pixel3,ImageNet16-120,28.683332,0.425223,0.746619,16101
15,17,3728,pixel3,ImageNet16-120,28.500000,0.422880,0.746619,16101
15,17,4361,pixel3,ImageNet16-120,45.744446,4.605970,0.746619,16101
15,17,15383,pixel3,ImageNet16-120,47.033333,5.191720,0.746619,16101
15,17,6014,pixel3,ImageNet16-120,28.533333,0.423391,0.746619,16101
15,17,4432,pixel3,ImageNet16-120,37.800000,0.861157,0.746619,16101
15,17,1549,pixel3,ImageNet16-120,28.655556,0.424747,0.746619,16101
15,17,13756,pixel3,ImageNet16-120,0.833333,0.005289,0.746619,16101
15,17,9496,pixel3,ImageNet16-120,38.200000,1.024960,0.746619,16101
15,17,4895,pixel3,ImageNet16-120,33.200000,0.619070,0.746619,16101
15,17,758,pixel3,ImageNet16-120,28.333334,0.422134,0.746619,16101
15,17,872,pixel3,ImageNet16-120,41.777780,2.465030,0.746619,16101
15,17,4988,pixel3,ImageNet16-120,28.933332,0.485996,0.746619,16101
15,17,11079,pixel3,ImageNet16-120,43.566666,2.479610,0.746619,16101
15,17,12358,pixel3,ImageNet16-120,34.055557,0.666287,0.746619,16101
15,17,11000,pixel3,ImageNet16-120,44.866665,2.962520,0.746619,16101
15,17,5487,pixel3,ImageNet16-120,38.500000,1.109150,0.746619,16101
15,18,4988,raspi4,ImageNet16-120,28.933332,1.003251,0.832364,16214
15,18,45,raspi4,ImageNet16-120,33.611110,1.581422,0.832364,16214
15,18,15363,raspi4,ImageNet16-120,44.333332,4.480516,0.832364,16214
15,18,7227,raspi4,ImageNet16-120,32.533333,1.530737,0.832364,16214
15,18,9032,raspi4,ImageNet16-120,38.016666,2.201532,0.832364,16214
15,18,9496,raspi4,ImageNet16-120,38.200000,2.204048,0.832364,16214
15,18,2649,raspi4,ImageNet16-120,33.788887,1.582191,0.832364,16214
15,18,857,raspi4,ImageNet16-120,47.311110,9.020064,0.832364,16214
15,18,8355,raspi4,ImageNet16-120,39.666668,3.083286,0.832364,16214
15,18,3782,raspi4,ImageNet16-120,41.866665,3.755286,0.832364,16214
15,18,4995,raspi4,ImageNet16-120,42.166668,3.766336,0.832364,16214
15,18,13389,raspi4,ImageNet16-120,39.800000,3.158450,0.832364,16214
15,18,11946,raspi4,ImageNet16-120,28.200000,0.940293,0.832364,16214
15,18,14792,raspi4,ImageNet16-120,43.033333,3.792447,0.832364,16214
15,18,380,raspi4,ImageNet16-120,38.900000,3.038936,0.832364,16214
15,18,12424,raspi4,ImageNet16-120,43.133330,3.805729,0.832364,16214
15,18,7187,raspi4,ImageNet16-120,28.683332,0.952790,0.832364,16214
15,18,3431,raspi4,ImageNet16-120,32.966667,1.536690,0.832364,16214
15,18,13771,raspi4,ImageNet16-120,32.744446,1.533813,0.832364,16214
15,18,5530,raspi4,ImageNet16-120,42.577778,3.785925,0.832364,16214
15,18,735,raspi4,ImageNet16-120,38.544445,2.911079,0.832364,16214
15,18,13059,raspi4,ImageNet16-120,34.266666,1.595651,0.832364,16214
15,18,2779,raspi4,ImageNet16-120,37.355556,2.190654,0.832364,16214
15,18,4675,raspi4,ImageNet16-120,33.100000,1.544321,0.832364,16214
15,18,219,raspi4,ImageNet16-120,42.500000,3.768475,0.832364,16214
15,18,14417,raspi4,ImageNet16-120,45.900000,6.948865,0.832364,16214
15,18,15383,raspi4,ImageNet16-120,47.033333,8.565354,0.832364,16214
15,18,3650,raspi4,ImageNet16-120,43.866665,4.475790,0.832364,16214
15,18,1939,raspi4,ImageNet16-120,45.077778,5.341908,0.832364,16214
15,18,6787,raspi4,ImageNet16-120,44.400000,4.532777,0.832364,16214
15,18,1204,raspi4,ImageNet16-120,37.844444,2.199356,0.832364,16214
15,18,3960,raspi4,ImageNet16-120,37.755554,2.197980,0.832364,16214
15,18,12505,raspi4,ImageNet16-120,39.283333,3.062432,0.832364,16214
15,18,6854,raspi4,ImageNet16-120,40.800000,3.661016,0.832364,16214
15,18,3687,raspi4,ImageNet16-120,34.066666,1.583497,0.832364,16214
15,18,10217,raspi4,ImageNet16-120,45.100000,6.109362,0.832364,16214
15,18,1413,raspi4,ImageNet16-120,42.711113,3.788479,0.832364,16214
15,18,933,raspi4,ImageNet16-120,0.833333,0.011514,0.832364,16214
15,18,5973,raspi4,ImageNet16-120,40.100000,3.159922,0.832364,16214
15,18,6336,raspi4,ImageNet16-120,39.366665,3.073392,0.832364,16214
15,18,8008,raspi4,ImageNet16-120,43.500000,3.819445,0.832364,16214
15,18,8733,raspi4,ImageNet16-120,46.600000,7.477213,0.832364,16214
15,18,10017,raspi4,ImageNet16-120,40.566666,3.181383,0.832364,16214
15,18,10835,raspi4,ImageNet16-120,45.233334,6.632419,0.832364,16214
15,18,13644,raspi4,ImageNet16-120,45.333332,6.780282,0.832364,16214
15,18,8884,raspi4,ImageNet16-120,45.033333,5.293177,0.832364,16214
15,18,12358,raspi4,ImageNet16-120,34.055557,1.582727,0.832364,16214
15,18,11584,raspi4,ImageNet16-120,46.666668,8.014434,0.832364,16214
15,18,10472,raspi4,ImageNet16-120,39.633335,3.079679,0.832364,16214
15,18,11438,raspi4,ImageNet16-120,39.733334,3.150053,0.832364,16214
16,1,5292,edgegpu,cifar10,94.293335,6.663151,0.583857,16254
16,1,9099,edgegpu,cifar10,93.940000,3.357520,0.583857,16254
16,1,4803,edgegpu,cifar10,88.746666,1.748652,0.583857,16254
16,1,11810,edgegpu,cifar10,92.780000,1.992798,0.583857,16254
16,1,13714,edgegpu,cifar10,94.373340,6.772180,0.583857,16254
16,1,2776,edgegpu,cifar10,93.666664,3.331194,0.583857,16254
16,1,2053,edgegpu,cifar10,94.206665,5.482254,0.583857,16254
16,1,1601,edgegpu,cifar10,86.336670,1.433892,0.583857,16254
16,1,14527,edgegpu,cifar10,86.765000,1.439619,0.583857,16254
16,1,1549,edgegpu,cifar10,86.710000,1.436324,0.583857,16254
16,1,6330,edgegpu,cifar10,94.006670,4.384699,0.583857,16254
16,1,6960,edgegpu,cifar10,92.280000,1.764450,0.583857,16254
16,1,11692,edgegpu,cifar10,94.130000,4.708362,0.583857,16254
16,1,6499,edgegpu,cifar10,93.645000,3.331041,0.583857,16254
16,1,1459,edgegpu,cifar10,94.296670,6.748991,0.583857,16254
16,1,13401,edgegpu,cifar10,87.010000,1.457009,0.583857,16254
16,1,14392,edgegpu,cifar10,86.520000,1.435742,0.583857,16254
16,1,15200,edgegpu,cifar10,10.000000,0.501385,0.583857,16254
16,1,561,edgegpu,cifar10,86.880000,1.451068,0.583857,16254
16,1,258,edgegpu,cifar10,93.640000,3.307109,0.583857,16254
16,1,10484,edgegpu,cifar10,93.810000,3.354015,0.583857,16254
16,1,5780,edgegpu,cifar10,93.980000,3.361888,0.583857,16254
16,1,10222,edgegpu,cifar10,86.200000,1.429176,0.583857,16254
16,1,1339,edgegpu,cifar10,92.136665,1.751881,0.583857,16254
16,1,14090,edgegpu,cifar10,92.086670,1.749086,0.583857,16254
16,1,11438,edgegpu,cifar10,92.500000,1.846719,0.583857,16254
16,1,14407,edgegpu,cifar10,86.770000,1.440282,0.583857,16254
16,2,5780,edgetpu,cifar10,93.980000,0.723967,0.632195,16448
16,2,4161,edgetpu,cifar10,89.250000,0.391221,0.632195,16448
16,2,11533,edgetpu,cifar10,93.420000,0.632626,0.632195,16448
16,2,1595,edgetpu,cifar10,88.963330,0.389815,0.632195,16448
16,2,9380,edgetpu,cifar10,89.335000,0.395662,0.632195,16448
16,2,13714,edgetpu,cifar10,94.373340,1.377865,0.632195,16448
16,2,9950,edgetpu,cifar10,93.840000,0.723767,0.632195,16448
16,2,6382,edgetpu,cifar10,93.376660,0.628638,0.632195,16448
16,2,2053,edgetpu,cifar10,94.206665,1.042178,0.632195,16448
16,2,11810,edgetpu,cifar10,92.780000,0.482879,0.632195,16448
16,2,11692,edgetpu,cifar10,94.130000,0.761100,0.632195,16448
16,2,797,edgetpu,cifar10,93.280000,0.627996,0.632195,16448
16,2,9817,edgetpu,cifar10,93.490000,0.723286,0.632195,16448
16,2,9344,edgetpu,cifar10,89.010000,0.391062,0.632195,16448
16,2,5258,edgetpu,cifar10,88.775000,0.388629,0.632195,16448
16,2,11438,edgetpu,cifar10,92.500000,0.482393,0.632195,16448
16,2,12439,edgetpu,cifar10,86.393330,0.352159,0.632195,16448
16,2,7017,edgetpu,cifar10,86.970000,0.353089,0.632195,16448
16,2,5111,edgetpu,cifar10,94.306660,1.152010,0.632195,16448
16,2,3731,edgetpu,cifar10,94.343330,1.282820,0.632195,16448
16,2,10293,edgetpu,cifar10,86.513336,0.352328,0.632195,16448
16,2,7676,edgetpu,cifar10,92.230000,0.481331,0.632195,16448
16,2,6918,edgetpu,cifar10,87.000000,0.375819,0.632195,16448
16,2,6584,edgetpu,cifar10,94.160000,0.888877,0.632195,16448
16,2,6407,edgetpu,cifar10,88.933334,0.389381,0.632195,16448
16,2,11112,edgetpu,cifar10,92.110000,0.480732,0.632195,16448
16,3,5111,eyeriss,cifar10,94.306660,5.365940,0.502252,16446
16,3,6899,eyeriss,cifar10,90.900000,2.416820,0.502252,16446
16,3,11692,eyeriss,cifar10,94.130000,4.874420,0.502252,16446
16,3,14112,eyeriss,cifar10,91.296670,2.908340,0.502252,16446
16,3,3687,eyeriss,cifar10,89.820000,1.925300,0.502252,16446
16,3,3731,eyeriss,cifar10,94.343330,6.594740,0.502252,16446
16,3,8323,eyeriss,cifar10,90.870000,2.171060,0.502252,16446
16,3,11376,eyeriss,cifar10,93.510000,3.645620,0.502252,16446
16,3,4384,eyeriss,cifar10,86.796670,1.679540,0.502252,16446
16,3,11472,eyeriss,cifar10,93.970000,4.628660,0.502252,16446
16,3,13714,eyeriss,cifar10,94.373340,7.823540,0.502252,16446
16,3,8592,eyeriss,cifar10,93.750000,3.891380,0.502252,16446
16,3,6111,eyeriss,cifar10,94.373340,7.823540,0.502252,16446
16,3,8008,eyeriss,cifar10,93.480000,3.399860,0.502252,16446
16,3,6854,eyeriss,cifar10,91.040000,2.662580,0.502252,16446
16,3,13611,eyeriss,cifar10,92.490000,3.154100,0.502252,16446
16,4,6584,fpga,cifar10,94.160000,4.163360,0.461408,16321
16,4,11472,fpga,cifar10,93.970000,3.648160,0.461408,16321
16,4,9032,fpga,cifar10,90.740000,2.163360,0.461408,16321
16,4,4384,fpga,cifar10,86.796670,1.132960,0.461408,16321
16,4,12438,fpga,cifar10,89.875000,1.648160,0.461408,16321
16,4,13611,fpga,cifar10,92.490000,2.390560,0.461408,16321
16,4,15295,fpga,cifar10,90.050000,2.057760,0.461408,16321
16,4,10412,fpga,cifar10,93.530000,3.420960,0.461408,16321
16,4,13714,fpga,cifar10,94.373340,6.678560,0.461408,16321
16,4,3731,fpga,cifar10,94.343330,5.936160,0.461408,16321
16,4,6111,fpga,cifar10,94.373340,6.678560,0.461408,16321
16,4,5111,fpga,cifar10,94.306660,5.193760,0.461408,16321
16,4,8008,fpga,cifar10,93.480000,2.905760,0.461408,16321
16,5,13171,pixel3,cifar10,93.530000,7.717220,0.845230,16121
16,5,12820,pixel3,cifar10,90.880000,3.982790,0.845230,16121
16,5,13846,pixel3,cifar10,90.720000,3.099760,0.845230,16121
16,5,6918,pixel3,cifar10,87.000000,1.478790,0.845230,16121
16,5,296,pixel3,cifar10,89.713330,1.805350,0.845230,16121
16,5,2035,pixel3,cifar10,89.670000,1.706480,0.845230,16121
16,5,1339,pixel3,cifar10,92.136665,5.802240,0.845230,16121
16,5,4432,pixel3,cifar10,90.700000,2.826310,0.845230,16121
16,5,3496,pixel3,cifar10,89.763336,2.365700,0.845230,16121
16,5,6382,pixel3,cifar10,93.376660,7.048190,0.845230,16121
16,5,12452,pixel3,cifar10,91.350000,5.590110,0.845230,16121
16,5,8695,pixel3,cifar10,94.220000,17.564500,0.845230,16121
16,5,1497,pixel3,cifar10,86.556660,1.056630,0.845230,16121
16,5,6434,pixel3,cifar10,91.080000,4.811140,0.845230,16121
16,5,12639,pixel3,cifar10,90.990000,4.749000,0.845230,16121
16,5,8323,pixel3,cifar10,90.870000,3.106420,0.845230,16121
16,5,12970,pixel3,cifar10,90.970000,4.723840,0.845230,16121
16,5,5111,pixel3,cifar10,94.306660,17.584600,0.845230,16121
16,5,2018,pixel3,cifar10,94.063330,14.960500,0.845230,16121
16,5,6863,pixel3,cifar10,86.740000,1.229320,0.845230,16121
16,5,6111,pixel3,cifar10,94.373340,23.584800,0.845230,16121
16,5,1778,pixel3,cifar10,92.180000,6.446230,0.845230,16121
16,5,11692,pixel3,cifar10,94.130000,15.490100,0.845230,16121
16,5,1631,pixel3,cifar10,89.506670,1.697120,0.845230,16121
16,5,6985,pixel3,cifar10,89.940000,2.367450,0.845230,16121
16,5,4627,pixel3,cifar10,93.270000,7.036050,0.845230,16121
16,5,7197,pixel3,cifar10,90.366670,2.447670,0.845230,16121
16,5,3731,pixel3,cifar10,94.343330,23.361300,0.845230,16121
16,5,13987,pixel3,cifar10,93.596664,9.922680,0.845230,16121
16,5,4554,pixel3,cifar10,86.670000,1.114880,0.845230,16121
16,5,8592,pixel3,cifar10,93.750000,10.769800,0.845230,16121
16,5,6584,pixel3,cifar10,94.160000,15.720300,0.845230,16121
16,5,9230,pixel3,cifar10,86.580000,1.056760,0.845230,16121
16,5,7001,pixel3,cifar10,10.000000,0.003277,0.845230,16121
16,5,1943,pixel3,cifar10,93.116670,6.492030,0.845230,16121
16,5,6330,pixel3,cifar10,94.006670,11.512400,0.845230,16121
16,5,7017,pixel3,cifar10,86.970000,1.403930,0.845230,16121
16,5,11972,pixel3,cifar10,91.510000,5.627010,0.845230,16121
16,5,1941,pixel3,cifar10,93.533330,9.128690,0.845230,16121
16,5,5224,pixel3,cifar10,88.980000,1.570360,0.845230,16121
16,5,13869,pixel3,cifar10,93.656670,10.634700,0.845230,16121
16,5,6624,pixel3,cifar10,89.120000,1.670570,0.845230,16121
16,5,1804,pixel3,cifar10,89.063330,1.579900,0.845230,16121
16,6,2090,raspi4,cifar10,86.650000,2.558456,0.726417,16159
16,6,9380,raspi4,cifar10,89.335000,4.875613,0.726417,16159
16,6,13611,raspi4,cifar10,92.490000,18.523302,0.726417,16159
16,6,11692,raspi4,cifar10,94.130000,37.583630,0.726417,16159
16,6,2035,raspi4,cifar10,89.670000,4.984099,0.726417,16159
16,6,4689,raspi4,cifar10,90.720000,7.356712,0.726417,16159
16,6,5111,raspi4,cifar10,94.306660,41.756905,0.726417,16159
16,6,8323,raspi4,cifar10,90.870000,7.426308,0.726417,16159
16,6,1941,raspi4,cifar10,93.533330,25.121769,0.726417,16159
16,6,8592,raspi4,cifar10,93.750000,25.477009,0.726417,16159
16,6,8426,raspi4,cifar10,93.840000,31.394428,0.726417,16159
16,6,6382,raspi4,cifar10,93.376660,21.461164,0.726417,16159
16,6,2058,raspi4,cifar10,93.270000,19.484835,0.726417,16159
16,6,12504,raspi4,cifar10,92.130000,16.890614,0.726417,16159
16,6,3731,raspi4,cifar10,94.343330,58.070793,0.726417,16159
16,6,6111,raspi4,cifar10,94.373340,68.404106,0.726417,16159
16,6,5780,raspi4,cifar10,93.980000,34.928463,0.726417,16159
16,6,4432,raspi4,cifar10,90.700000,7.290926,0.726417,16159
16,6,9271,raspi4,cifar10,89.250000,4.830311,0.726417,16159
16,6,10275,raspi4,cifar10,91.080000,9.993188,0.726417,16159
16,6,11810,raspi4,cifar10,92.780000,18.619905,0.726417,16159
16,6,1804,raspi4,cifar10,89.063330,4.791845,0.726417,16159
16,6,14945,raspi4,cifar10,86.700000,2.785829,0.726417,16159
16,6,6960,raspi4,cifar10,92.280000,17.162752,0.726417,16159
16,6,3687,raspi4,cifar10,89.820000,5.156255,0.726417,16159
16,6,14565,raspi4,cifar10,88.880000,4.781183,0.726417,16159
16,6,10412,raspi4,cifar10,93.530000,25.079220,0.726417,16159
16,6,7058,raspi4,cifar10,92.040000,16.469465,0.726417,16159
16,6,6953,raspi4,cifar10,91.990000,15.601654,0.726417,16159
16,6,9980,raspi4,cifar10,10.000000,0.011284,0.726417,16159
16,6,1781,raspi4,cifar10,89.883330,5.961801,0.726417,16159
16,6,8008,raspi4,cifar10,93.480000,22.571420,0.726417,16159
16,6,6014,raspi4,cifar10,86.690000,2.736959,0.726417,16159
16,6,1962,raspi4,cifar10,86.530000,2.529453,0.726417,16159
16,6,6918,raspi4,cifar10,87.000000,2.787590,0.726417,16159
16,6,1690,raspi4,cifar10,86.646670,2.536549,0.726417,16159
16,7,14089,edgegpu,cifar100,61.806667,1.752892,0.639241,16384
16,7,3953,edgegpu,cifar100,62.613335,1.757269,0.639241,16384
16,7,1425,edgegpu,cifar100,72.093330,5.310225,0.639241,16384
16,7,2304,edgegpu,cifar100,58.660000,1.440253,0.639241,16384
16,7,4418,edgegpu,cifar100,72.746666,5.352364,0.639241,16384
16,7,11885,edgegpu,cifar100,68.040000,1.776652,0.639241,16384
16,7,12238,edgegpu,cifar100,67.240000,1.772847,0.639241,16384
16,7,4954,edgegpu,cifar100,73.000000,6.669736,0.639241,16384
16,7,4609,edgegpu,cifar100,66.520000,1.758838,0.639241,16384
16,7,9922,edgegpu,cifar100,58.560000,1.428552,0.639241,16384
16,7,3888,edgegpu,cifar100,73.260000,6.797867,0.639241,16384
16,7,8401,edgegpu,cifar100,71.080000,3.302102,0.639241,16384
16,7,12415,edgegpu,cifar100,71.940000,4.828467,0.639241,16384
16,7,9930,edgegpu,cifar100,73.513336,6.803060,0.639241,16384
16,7,2778,edgegpu,cifar100,72.993330,6.134028,0.639241,16384
16,7,14984,edgegpu,cifar100,67.166664,1.760831,0.639241,16384
16,7,8912,edgegpu,cifar100,59.200000,1.441355,0.639241,16384
16,7,11067,edgegpu,cifar100,58.186670,1.427836,0.639241,16384
16,7,1509,edgegpu,cifar100,1.000000,0.505853,0.639241,16384
16,7,11810,edgegpu,cifar100,68.300000,1.779551,0.639241,16384
16,7,9997,edgegpu,cifar100,71.520000,3.466139,0.639241,16384
16,8,1425,edgetpu,cifar100,72.093330,0.910660,0.610050,15988
16,8,14945,edgetpu,cifar100,58.500000,0.354940,0.610050,15988
16,8,4155,edgetpu,cifar100,62.306667,0.391442,0.610050,15988
16,8,2705,edgetpu,cifar100,62.813330,0.393026,0.610050,15988
16,8,1383,edgetpu,cifar100,70.273330,0.673722,0.610050,15988
16,8,9997,edgetpu,cifar100,71.520000,0.729986,0.610050,15988
16,8,1943,edgetpu,cifar100,69.626660,0.634759,0.610050,15988
16,8,4659,edgetpu,cifar100,70.060000,0.636433,0.610050,15988
16,8,6382,edgetpu,cifar100,69.533330,0.634724,0.610050,15988
16,8,9930,edgetpu,cifar100,73.513336,1.454107,0.610050,15988
16,8,12415,edgetpu,cifar100,71.940000,0.872299,0.610050,15988
16,8,5019,edgetpu,cifar100,58.880000,0.357058,0.610050,15988
16,8,12761,edgetpu,cifar100,72.860000,1.225212,0.610050,15988
16,8,777,edgetpu,cifar100,58.650000,0.355588,0.610050,15988
16,8,3811,edgetpu,cifar100,69.360000,0.634206,0.610050,15988
16,8,857,edgetpu,cifar100,72.880000,1.264168,0.610050,15988
16,8,1110,edgetpu,cifar100,58.840000,0.355938,0.610050,15988
16,8,577,edgetpu,cifar100,69.680000,0.635228,0.610050,15988
16,8,69,edgetpu,cifar100,71.020000,0.727259,0.610050,15988
16,8,3888,edgetpu,cifar100,73.260000,1.316226,0.610050,15988
16,8,8401,edgetpu,cifar100,71.080000,0.728572,0.610050,15988
16,8,10443,edgetpu,cifar100,68.300000,0.489020,0.610050,15988
16,8,14816,edgetpu,cifar100,66.860000,0.486025,0.610050,15988
16,8,11533,edgetpu,cifar100,69.760000,0.635877,0.610050,15988
16,8,8912,edgetpu,cifar100,59.200000,0.377698,0.610050,15988
16,8,4418,edgetpu,cifar100,72.746666,1.093699,0.610050,15988
16,8,9541,edgetpu,cifar100,67.660000,0.486829,0.610050,15988
16,8,10000,edgetpu,cifar100,73.160000,1.283461,0.610050,15988
16,8,12574,edgetpu,cifar100,72.740000,0.932430,0.610050,15988
16,8,15363,edgetpu,cifar100,70.520000,0.676394,0.610050,15988
16,8,6946,edgetpu,cifar100,67.500000,0.486233,0.610050,15988
16,8,8638,edgetpu,cifar100,58.860000,0.356631,0.610050,15988
16,8,12607,edgetpu,cifar100,62.600000,0.392830,0.610050,15988
16,8,9271,edgetpu,cifar100,63.400000,0.393151,0.610050,15988
16,9,12574,eyeriss,cifar100,72.740000,5.123200,0.465415,16530
16,9,12970,eyeriss,cifar100,68.140000,2.665600,0.465415,16530
16,9,5084,eyeriss,cifar100,58.813330,1.682560,0.465415,16530
16,9,12820,eyeriss,cifar100,67.720000,2.419840,0.465415,16530
16,9,10689,eyeriss,cifar100,67.500000,2.174080,0.465415,16530
16,9,9930,eyeriss,cifar100,73.513336,9.055360,0.465415,16530
16,9,12761,eyeriss,cifar100,72.860000,6.352000,0.465415,16530
16,9,898,eyeriss,cifar100,70.000000,3.402880,0.465415,16530
16,9,3888,eyeriss,cifar100,73.260000,6.597760,0.465415,16530
16,9,3540,eyeriss,cifar100,71.500000,4.877440,0.465415,16530
16,9,3687,eyeriss,cifar100,64.460000,1.928320,0.465415,16530
16,9,6787,eyeriss,cifar100,70.720000,3.648640,0.465415,16530
16,9,6925,eyeriss,cifar100,71.220000,3.894400,0.465415,16530
16,10,11973,fpga,cifar100,70.340000,2.905760,0.484123,16487
16,10,12574,fpga,cifar100,72.740000,4.678560,0.484123,16487
16,10,3540,fpga,cifar100,71.500000,4.163360,0.484123,16487
16,10,5084,fpga,cifar100,58.813330,1.132960,0.484123,16487
16,10,10689,fpga,cifar100,67.500000,2.163360,0.484123,16487
16,10,4711,fpga,cifar100,64.993330,2.057760,0.484123,16487
16,10,6925,fpga,cifar100,71.220000,3.936160,0.484123,16487
16,10,12295,fpga,cifar100,71.160000,3.648160,0.484123,16487
16,10,3888,fpga,cifar100,73.260000,5.936160,0.484123,16487
16,10,6787,fpga,cifar100,70.720000,3.420960,0.484123,16487
16,10,7250,fpga,cifar100,67.706665,2.390560,0.484123,16487
16,10,12820,fpga,cifar100,67.720000,2.678560,0.484123,16487
16,10,9930,fpga,cifar100,73.513336,7.420960,0.484123,16487
16,10,3687,fpga,cifar100,64.460000,1.648160,0.484123,16487
16,10,12761,fpga,cifar100,72.860000,5.420960,0.484123,16487
16,10,6830,fpga,cifar100,71.460000,4.057760,0.484123,16487
16,11,858,pixel3,cifar100,64.133330,2.003500,0.641423,16075
16,11,699,pixel3,cifar100,72.240000,12.079400,0.641423,16075
16,11,15363,pixel3,cifar100,70.520000,9.708640,0.641423,16075
16,11,6925,pixel3,cifar100,71.220000,10.688000,0.641423,16075
16,11,14112,pixel3,cifar100,68.386665,5.745320,0.641423,16075
16,11,10689,pixel3,cifar100,67.500000,3.109220,0.641423,16075
16,11,1090,pixel3,cifar100,65.220000,2.811310,0.641423,16075
16,11,1459,pixel3,cifar100,73.140000,23.437900,0.641423,16075
16,11,1450,pixel3,cifar100,70.506670,9.337360,0.641423,16075
16,11,12970,pixel3,cifar100,68.140000,4.782110,0.641423,16075
16,11,3888,pixel3,cifar100,73.260000,23.477200,0.641423,16075
16,11,1409,pixel3,cifar100,58.853333,1.275090,0.641423,16075
16,11,898,pixel3,cifar100,70.000000,6.516140,0.641423,16075
16,11,5651,pixel3,cifar100,64.690000,2.376870,0.641423,16075
16,11,6787,pixel3,cifar100,70.720000,9.854430,0.641423,16075
16,11,11000,pixel3,cifar100,71.180000,10.677600,0.641423,16075
16,11,857,pixel3,cifar100,72.880000,19.113200,0.641423,16075
16,11,6337,pixel3,cifar100,1.000000,0.008753,0.641423,16075
16,11,1416,pixel3,cifar100,64.493330,2.084060,0.641423,16075
16,11,8638,pixel3,cifar100,58.860000,1.478570,0.641423,16075
16,11,1593,pixel3,cifar100,62.126667,1.582050,0.641423,16075
16,11,12574,pixel3,cifar100,72.740000,16.473900,0.641423,16075
16,11,9930,pixel3,cifar100,73.513336,42.003600,0.641423,16075
16,11,485,pixel3,cifar100,67.593330,4.124800,0.641423,16075
16,11,1631,pixel3,cifar100,63.986668,1.805000,0.641423,16075
16,11,906,pixel3,cifar100,62.393333,1.661810,0.641423,16075
16,11,777,pixel3,cifar100,58.650000,1.087020,0.641423,16075
16,11,8912,pixel3,cifar100,59.200000,1.478790,0.641423,16075
16,11,724,pixel3,cifar100,67.053340,2.875650,0.641423,16075
16,12,2063,raspi4,cifar100,62.320000,4.792511,0.725929,16070
16,12,6822,raspi4,cifar100,58.426666,2.558594,0.725929,16070
16,12,8720,raspi4,cifar100,64.130000,5.082239,0.725929,16070
16,12,1616,raspi4,cifar100,63.946667,5.080509,0.725929,16070
16,12,6918,raspi4,cifar100,58.800000,2.571364,0.725929,16070
16,12,3487,raspi4,cifar100,70.093330,21.603350,0.725929,16070
16,12,14112,raspi4,cifar100,68.386665,14.423308,0.725929,16070
16,12,6177,raspi4,cifar100,62.373333,4.795128,0.725929,16070
16,12,9930,raspi4,cifar100,73.513336,71.152000,0.725929,16070
16,12,9271,raspi4,cifar100,63.400000,4.800893,0.725929,16070
16,12,9997,raspi4,cifar100,71.520000,34.996710,0.725929,16070
16,12,13430,raspi4,cifar100,66.700000,7.203785,0.725929,16070
16,12,11635,raspi4,cifar100,64.640000,5.177113,0.725929,16070
16,12,2222,raspi4,cifar100,58.313330,2.538255,0.725929,16070
16,12,3888,raspi4,cifar100,73.260000,55.029520,0.725929,16070
16,12,6787,raspi4,cifar100,70.720000,23.081835,0.725929,16070
16,12,7030,raspi4,cifar100,69.600000,19.218203,0.725929,16070
16,12,12574,raspi4,cifar100,72.740000,36.371254,0.725929,16070
16,12,4418,raspi4,cifar100,72.746666,47.162354,0.725929,16070
16,12,12761,raspi4,cifar100,72.860000,53.718200,0.725929,16070
16,12,6925,raspi4,cifar100,71.220000,24.195030,0.725929,16070
16,12,12915,raspi4,cifar100,66.950000,7.226311,0.725929,16070
16,12,8912,raspi4,cifar100,59.200000,2.818969,0.725929,16070
16,12,10689,raspi4,cifar100,67.500000,7.381845,0.725929,16070
16,12,2035,raspi4,cifar100,63.926666,5.005698,0.725929,16070
16,12,898,raspi4,cifar100,70.000000,21.506163,0.725929,16070
16,12,1572,raspi4,cifar100,69.900000,19.916142,0.725929,16070
16,12,15246,raspi4,cifar100,66.966670,7.350053,0.725929,16070
16,12,15363,raspi4,cifar100,70.520000,21.809430,0.725929,16070
16,12,6294,raspi4,cifar100,66.973335,7.376450,0.725929,16070
16,12,9895,raspi4,cifar100,69.400000,19.211880,0.725929,16070
16,12,14714,raspi4,cifar100,71.280000,24.692347,0.725929,16070
16,12,375,raspi4,cifar100,64.440000,5.099302,0.725929,16070
16,12,1459,raspi4,cifar100,73.140000,53.879950,0.725929,16070
16,12,8740,raspi4,cifar100,1.000000,0.015215,0.725929,16070
16,12,15589,raspi4,cifar100,59.060000,2.795078,0.725929,16070
16,12,14612,raspi4,cifar100,58.720000,2.563505,0.725929,16070
16,12,10222,raspi4,cifar100,58.860000,2.747804,0.725929,16070
16,12,7891,raspi4,cifar100,67.550000,12.536592,0.725929,16070
16,13,5674,edgegpu,ImageNet16-120,39.650000,1.763358,0.685387,16257
16,13,11438,edgegpu,ImageNet16-120,39.733334,1.903386,0.685387,16257
16,13,7187,edgegpu,ImageNet16-120,28.683332,1.443858,0.685387,16257
16,13,8401,edgegpu,ImageNet16-120,43.833332,3.322444,0.685387,16257
16,13,4587,edgegpu,ImageNet16-120,28.800000,1.445131,0.685387,16257
16,13,7760,edgegpu,ImageNet16-120,39.100000,1.743751,0.685387,16257
16,13,10332,edgegpu,ImageNet16-120,40.033333,3.269434,0.685387,16257
16,13,14612,edgegpu,ImageNet16-120,28.488890,1.434064,0.685387,16257
16,13,4988,edgegpu,ImageNet16-120,28.933332,1.448212,0.685387,16257
16,13,12415,edgegpu,ImageNet16-120,46.566666,4.667692,0.685387,16257
16,13,11174,edgegpu,ImageNet16-120,43.933334,3.352251,0.685387,16257
16,13,8426,edgegpu,ImageNet16-120,44.633335,3.370147,0.685387,16257
16,13,9997,edgegpu,ImageNet16-120,43.966667,3.355384,0.685387,16257
16,13,10699,edgegpu,ImageNet16-120,46.833332,6.223283,0.685387,16257
16,13,4332,edgegpu,ImageNet16-120,39.444443,1.745496,0.685387,16257
16,13,11217,edgegpu,ImageNet16-120,43.466667,3.316708,0.685387,16257
16,13,5374,edgegpu,ImageNet16-120,46.766666,5.294285,0.685387,16257
16,13,857,edgegpu,ImageNet16-120,47.311110,6.707663,0.685387,16257
16,13,2650,edgegpu,ImageNet16-120,42.433334,3.309817,0.685387,16257
16,13,4946,edgegpu,ImageNet16-120,44.700000,3.490419,0.685387,16257
16,13,15159,edgegpu,ImageNet16-120,45.566666,4.632421,0.685387,16257
16,13,14840,edgegpu,ImageNet16-120,45.311110,4.224715,0.685387,16257
16,13,14117,edgegpu,ImageNet16-120,28.677778,1.435547,0.685387,16257
16,13,15288,edgegpu,ImageNet16-120,28.422222,1.417041,0.685387,16257
16,13,8355,edgegpu,ImageNet16-120,39.666668,1.810203,0.685387,16257
16,13,15376,edgegpu,ImageNet16-120,0.833333,0.533953,0.685387,16257
16,13,6950,edgegpu,ImageNet16-120,38.700000,1.740150,0.685387,16257
16,13,15383,edgegpu,ImageNet16-120,47.033333,6.262836,0.685387,16257
16,13,13411,edgegpu,ImageNet16-120,31.855556,1.736240,0.685387,16257
16,13,10947,edgegpu,ImageNet16-120,39.944443,1.909800,0.685387,16257
16,13,1164,edgegpu,ImageNet16-120,28.522223,1.435223,0.685387,16257
16,14,9689,edgetpu,ImageNet16-120,42.533333,0.549702,0.628322,16067
16,14,3540,edgetpu,ImageNet16-120,45.122223,0.648670,0.628322,16067
16,14,7273,edgetpu,ImageNet16-120,42.966667,0.550014,0.628322,16067
16,14,12415,edgetpu,ImageNet16-120,46.566666,0.710906,0.628322,16067
16,14,4988,edgetpu,ImageNet16-120,28.933332,0.360694,0.628322,16067
16,14,70,edgetpu,ImageNet16-120,39.377777,0.428228,0.628322,16067
16,14,4830,edgetpu,ImageNet16-120,42.233334,0.549457,0.628322,16067
16,14,11885,edgetpu,ImageNet16-120,39.166668,0.427395,0.628322,16067
16,14,323,edgetpu,ImageNet16-120,32.800000,0.377385,0.628322,16067
16,14,15014,edgetpu,ImageNet16-120,28.266666,0.358110,0.628322,16067
16,14,13931,edgetpu,ImageNet16-120,28.788889,0.360349,0.628322,16067
16,14,8884,edgetpu,ImageNet16-120,45.033333,0.615792,0.628322,16067
16,14,13769,edgetpu,ImageNet16-120,41.555557,0.549360,0.628322,16067
16,14,6407,edgetpu,ImageNet16-120,32.333332,0.363748,0.628322,16067
16,14,11079,edgetpu,ImageNet16-120,43.566666,0.552430,0.628322,16067
16,14,5751,edgetpu,ImageNet16-120,40.044445,0.516992,0.628322,16067
16,14,7837,edgetpu,ImageNet16-120,32.111110,0.363571,0.628322,16067
16,14,6520,edgetpu,ImageNet16-120,32.383335,0.363944,0.628322,16067
16,14,12231,edgetpu,ImageNet16-120,40.200000,0.518358,0.628322,16067
16,14,10888,edgetpu,ImageNet16-120,28.333334,0.359044,0.628322,16067
16,14,7396,edgetpu,ImageNet16-120,40.177776,0.517218,0.628322,16067
16,14,857,edgetpu,ImageNet16-120,47.311110,0.997730,0.628322,16067
16,14,7750,edgetpu,ImageNet16-120,43.066666,0.551617,0.628322,16067
16,14,7357,edgetpu,ImageNet16-120,44.666668,0.600498,0.628322,16067
16,14,15383,edgetpu,ImageNet16-120,47.033333,0.780914,0.628322,16067
16,14,10332,edgetpu,ImageNet16-120,40.033333,0.516152,0.628322,16067
16,14,4627,edgetpu,ImageNet16-120,43.500000,0.552306,0.628322,16067
16,14,8447,edgetpu,ImageNet16-120,40.011112,0.514586,0.628322,16067
16,14,7174,edgetpu,ImageNet16-120,33.116665,0.391775,0.628322,16067
16,14,8915,edgetpu,ImageNet16-120,32.611110,0.364729,0.628322,16067
16,14,15363,edgetpu,ImageNet16-120,44.333332,0.582280,0.628322,16067
16,14,5674,edgetpu,ImageNet16-120,39.650000,0.428605,0.628322,16067
16,14,11262,edgetpu,ImageNet16-120,39.733334,0.430019,0.628322,16067
16,15,2835,eyeriss,ImageNet16-120,38.222220,0.545920,0.487093,16406
16,15,735,eyeriss,ImageNet16-120,38.544445,0.607360,0.487093,16406
16,15,15383,eyeriss,ImageNet16-120,47.033333,1.283200,0.487093,16406
16,15,8008,eyeriss,ImageNet16-120,43.500000,0.853120,0.487093,16406
16,15,6787,eyeriss,ImageNet16-120,44.400000,0.914560,0.487093,16406
16,15,1939,eyeriss,ImageNet16-120,45.077778,0.976000,0.487093,16406
16,15,8853,eyeriss,ImageNet16-120,45.600000,1.037440,0.487093,16406
16,15,6854,eyeriss,ImageNet16-120,40.800000,0.668800,0.487093,16406
16,15,14417,eyeriss,ImageNet16-120,45.900000,1.098880,0.487093,16406
16,15,857,eyeriss,ImageNet16-120,47.311110,1.651840,0.487093,16406
16,15,4988,eyeriss,ImageNet16-120,28.933332,0.423040,0.487093,16406
16,15,4829,eyeriss,ImageNet16-120,34.200000,0.484480,0.487093,16406
16,16,8008,fpga,ImageNet16-120,43.500000,0.876800,0.492805,16177
16,16,2835,fpga,ImageNet16-120,38.222220,0.546720,0.492805,16177
16,16,6854,fpga,ImageNet16-120,40.800000,0.809120,0.492805,16177
16,16,15446,fpga,ImageNet16-120,45.766666,1.116320,0.492805,16177
16,16,12452,fpga,ImageNet16-120,40.533333,0.780320,0.492805,16177
16,16,4988,fpga,ImageNet16-120,28.933332,0.284320,0.492805,16177
16,16,4179,fpga,ImageNet16-120,38.433334,0.649120,0.492805,16177
16,16,9805,fpga,ImageNet16-120,34.133335,0.415520,0.492805,16177
16,16,735,fpga,ImageNet16-120,38.544445,0.677920,0.492805,16177
16,16,14748,fpga,ImageNet16-120,44.900000,0.995200,0.492805,16177
16,16,857,fpga,ImageNet16-120,47.311110,2.038400,0.492805,16177
16,16,15383,fpga,ImageNet16-120,47.033333,1.504000,0.492805,16177
16,16,1939,fpga,ImageNet16-120,45.077778,1.062400,0.492805,16177
16,16,6787,fpga,ImageNet16-120,44.400000,0.969600,0.492805,16177
16,16,5793,fpga,ImageNet16-120,35.033333,0.517920,0.492805,16177
16,17,1558,pixel3,ImageNet16-120,33.977780,0.667566,0.795243,16114
16,17,8627,pixel3,ImageNet16-120,43.633335,2.707490,0.795243,16114
16,17,11000,pixel3,ImageNet16-120,44.866665,2.962520,0.795243,16114
16,17,1425,pixel3,ImageNet16-120,45.977780,4.619290,0.795243,16114
16,17,1751,pixel3,ImageNet16-120,33.955555,0.666929,0.795243,16114
16,17,4587,pixel3,ImageNet16-120,28.800000,0.445767,0.795243,16114
16,17,857,pixel3,ImageNet16-120,47.311110,6.686850,0.795243,16114
16,17,10154,pixel3,ImageNet16-120,46.133335,4.783700,0.795243,16114
16,17,12424,pixel3,ImageNet16-120,43.133330,2.470150,0.795243,16114
16,17,15446,pixel3,ImageNet16-120,45.766666,3.439380,0.795243,16114
16,17,4988,pixel3,ImageNet16-120,28.933332,0.485996,0.795243,16114
16,17,2018,pixel3,ImageNet16-120,46.433334,4.949210,0.795243,16114
16,17,4432,pixel3,ImageNet16-120,37.800000,0.861157,0.795243,16114
16,17,872,pixel3,ImageNet16-120,41.777780,2.465030,0.795243,16114
16,17,11079,pixel3,ImageNet16-120,43.566666,2.479610,0.795243,16114
16,17,2002,pixel3,ImageNet16-120,32.277780,0.617751,0.795243,16114
16,17,11163,pixel3,ImageNet16-120,33.600000,0.665312,0.795243,16114
16,17,758,pixel3,ImageNet16-120,28.333334,0.422134,0.795243,16114
16,17,1939,pixel3,ImageNet16-120,45.077778,3.021500,0.795243,16114
16,17,12639,pixel3,ImageNet16-120,40.400000,1.304440,0.795243,16114
16,17,1860,pixel3,ImageNet16-120,28.433332,0.422587,0.795243,16114
16,17,1549,pixel3,ImageNet16-120,28.655556,0.424747,0.795243,16114
16,17,1110,pixel3,ImageNet16-120,28.600000,0.423927,0.795243,16114
16,17,4977,pixel3,ImageNet16-120,32.966667,0.617991,0.795243,16114
16,17,4675,pixel3,ImageNet16-120,33.100000,0.620036,0.795243,16114
16,17,898,pixel3,ImageNet16-120,42.466667,2.467210,0.795243,16114
16,17,1147,pixel3,ImageNet16-120,33.733334,0.666281,0.795243,16114
16,17,3728,pixel3,ImageNet16-120,28.500000,0.422880,0.795243,16114
16,17,12355,pixel3,ImageNet16-120,45.033333,2.989390,0.795243,16114
16,17,2835,pixel3,ImageNet16-120,38.222220,0.868646,0.795243,16114
16,17,8954,pixel3,ImageNet16-120,28.733334,0.424855,0.795243,16114
16,17,12466,pixel3,ImageNet16-120,46.100000,4.680280,0.795243,16114
16,17,1204,pixel3,ImageNet16-120,37.844444,0.864966,0.795243,16114
16,17,13059,pixel3,ImageNet16-120,34.266666,0.668679,0.795243,16114
16,17,15383,pixel3,ImageNet16-120,47.033333,5.191720,0.795243,16114
16,17,6014,pixel3,ImageNet16-120,28.533333,0.423391,0.795243,16114
16,17,6854,pixel3,ImageNet16-120,40.800000,1.621620,0.795243,16114
16,17,735,pixel3,ImageNet16-120,38.544445,1.107950,0.795243,16114
16,17,13756,pixel3,ImageNet16-120,0.833333,0.005289,0.795243,16114
16,17,8683,pixel3,ImageNet16-120,44.200000,2.711960,0.795243,16114
16,18,10835,raspi4,ImageNet16-120,45.233334,6.632419,0.844374,16056
16,18,14677,raspi4,ImageNet16-120,33.233334,1.537227,0.844374,16056
16,18,14792,raspi4,ImageNet16-120,43.033333,3.792447,0.844374,16056
16,18,735,raspi4,ImageNet16-120,38.544445,2.911079,0.844374,16056
16,18,15363,raspi4,ImageNet16-120,44.333332,4.480516,0.844374,16056
16,18,1939,raspi4,ImageNet16-120,45.077778,5.341908,0.844374,16056
16,18,14417,raspi4,ImageNet16-120,45.900000,6.948865,0.844374,16056
16,18,9032,raspi4,ImageNet16-120,38.016666,2.201532,0.844374,16056
16,18,8683,raspi4,ImageNet16-120,44.200000,4.462997,0.844374,16056
16,18,11584,raspi4,ImageNet16-120,46.666668,8.014434,0.844374,16056
16,18,3431,raspi4,ImageNet16-120,32.966667,1.536690,0.844374,16056
16,18,4988,raspi4,ImageNet16-120,28.933332,1.003251,0.844374,16056
16,18,8733,raspi4,ImageNet16-120,46.600000,7.477213,0.844374,16056
16,18,7357,raspi4,ImageNet16-120,44.666668,4.480689,0.844374,16056
16,18,5530,raspi4,ImageNet16-120,42.577778,3.785925,0.844374,16056
16,18,11209,raspi4,ImageNet16-120,33.266666,1.580655,0.844374,16056
16,18,10167,raspi4,ImageNet16-120,39.944443,3.106316,0.844374,16056
16,18,12358,raspi4,ImageNet16-120,34.055557,1.582727,0.844374,16056
16,18,5455,raspi4,ImageNet16-120,32.611110,1.532377,0.844374,16056
16,18,4995,raspi4,ImageNet16-120,42.166668,3.766336,0.844374,16056
16,18,3960,raspi4,ImageNet16-120,37.755554,2.197980,0.844374,16056
16,18,11079,raspi4,ImageNet16-120,43.566666,3.802027,0.844374,16056
16,18,857,raspi4,ImageNet16-120,47.311110,9.020064,0.844374,16056
16,18,3782,raspi4,ImageNet16-120,41.866665,3.755286,0.844374,16056
16,18,4829,raspi4,ImageNet16-120,34.200000,1.614683,0.844374,16056
16,18,15383,raspi4,ImageNet16-120,47.033333,8.565354,0.844374,16056
16,18,3192,raspi4,ImageNet16-120,45.477780,6.675633,0.844374,16056
16,18,7187,raspi4,ImageNet16-120,28.683332,0.952790,0.844374,16056
16,18,2779,raspi4,ImageNet16-120,37.355556,2.190654,0.844374,16056
16,18,219,raspi4,ImageNet16-120,42.500000,3.768475,0.844374,16056
16,18,11946,raspi4,ImageNet16-120,28.200000,0.940293,0.844374,16056
16,18,13931,raspi4,ImageNet16-120,28.788889,0.956195,0.844374,16056
16,18,9496,raspi4,ImageNet16-120,38.200000,2.204048,0.844374,16056
16,18,10017,raspi4,ImageNet16-120,40.566666,3.181383,0.844374,16056
16,18,933,raspi4,ImageNet16-120,0.833333,0.011514,0.844374,16056
16,18,6336,raspi4,ImageNet16-120,39.366665,3.073392,0.844374,16056
16,18,1204,raspi4,ImageNet16-120,37.844444,2.199356,0.844374,16056
16,18,41,raspi4,ImageNet16-120,32.388890,1.528043,0.844374,16056
16,18,7955,raspi4,ImageNet16-120,39.388890,3.082832,0.844374,16056
16,18,8355,raspi4,ImageNet16-120,39.666668,3.083286,0.844374,16056
16,18,5973,raspi4,ImageNet16-120,40.100000,3.159922,0.844374,16056
16,18,13771,raspi4,ImageNet16-120,32.744446,1.533813,0.844374,16056
16,18,380,raspi4,ImageNet16-120,38.900000,3.038936,0.844374,16056
16,18,5637,raspi4,ImageNet16-120,33.933334,1.580707,0.844374,16056
16,18,12505,raspi4,ImageNet16-120,39.283333,3.062432,0.844374,16056
16,18,1413,raspi4,ImageNet16-120,42.711113,3.788479,0.844374,16056
16,18,3687,raspi4,ImageNet16-120,34.066666,1.583497,0.844374,16056
17,1,4803,edgegpu,cifar10,88.746666,1.748652,0.634572,16262
17,1,6960,edgegpu,cifar10,92.280000,1.764450,0.634572,16262
17,1,2090,edgegpu,cifar10,86.650000,1.437702,0.634572,16262
17,1,14407,edgegpu,cifar10,86.770000,1.440282,0.634572,16262
17,1,14527,edgegpu,cifar10,86.765000,1.439619,0.634572,16262
17,1,13401,edgegpu,cifar10,87.010000,1.457009,0.634572,16262
17,1,11438,edgegpu,cifar10,92.500000,1.846719,0.634572,16262
17,1,11692,edgegpu,cifar10,94.130000,4.708362,0.634572,16262
17,1,2776,edgegpu,cifar10,93.666664,3.331194,0.634572,16262
17,1,10484,edgegpu,cifar10,93.810000,3.354015,0.634572,16262
17,1,5780,edgegpu,cifar10,93.980000,3.361888,0.634572,16262
17,1,13714,edgegpu,cifar10,94.373340,6.772180,0.634572,16262
17,1,2053,edgegpu,cifar10,94.206665,5.482254,0.634572,16262
17,1,1459,edgegpu,cifar10,94.296670,6.748991,0.634572,16262
17,1,561,edgegpu,cifar10,86.880000,1.451068,0.634572,16262
17,1,5400,edgegpu,cifar10,86.630000,1.427460,0.634572,16262
17,1,5292,edgegpu,cifar10,94.293335,6.663151,0.634572,16262
17,1,6330,edgegpu,cifar10,94.006670,4.384699,0.634572,16262
17,1,9099,edgegpu,cifar10,93.940000,3.357520,0.634572,16262
17,1,14090,edgegpu,cifar10,92.086670,1.749086,0.634572,16262
17,1,15200,edgegpu,cifar10,10.000000,0.501385,0.634572,16262
17,1,11810,edgegpu,cifar10,92.780000,1.992798,0.634572,16262
17,1,1339,edgegpu,cifar10,92.136665,1.751881,0.634572,16262
17,2,9817,edgetpu,cifar10,93.490000,0.723286,0.672954,16309
17,2,2053,edgetpu,cifar10,94.206665,1.042178,0.672954,16309
17,2,11810,edgetpu,cifar10,92.780000,0.482879,0.672954,16309
17,2,9689,edgetpu,cifar10,93.370000,0.628386,0.672954,16309
17,2,4512,edgetpu,cifar10,85.970000,0.352544,0.672954,16309
17,2,8192,edgetpu,cifar10,93.093330,0.627745,0.672954,16309
17,2,13714,edgetpu,cifar10,94.373340,1.377865,0.672954,16309
17,2,5111,edgetpu,cifar10,94.306660,1.152010,0.672954,16309
17,2,6382,edgetpu,cifar10,93.376660,0.628638,0.672954,16309
17,2,4675,edgetpu,cifar10,89.200000,0.395661,0.672954,16309
17,2,1005,edgetpu,cifar10,89.183334,0.392518,0.672954,16309
17,2,797,edgetpu,cifar10,93.280000,0.627996,0.672954,16309
17,2,5780,edgetpu,cifar10,93.980000,0.723967,0.672954,16309
17,2,9722,edgetpu,cifar10,93.540000,0.723575,0.672954,16309
17,2,11438,edgetpu,cifar10,92.500000,0.482393,0.672954,16309
17,2,5647,edgetpu,cifar10,89.110000,0.389378,0.672954,16309
17,2,6918,edgetpu,cifar10,87.000000,0.375819,0.672954,16309
17,2,10167,edgetpu,cifar10,92.020000,0.481180,0.672954,16309
17,2,9271,edgetpu,cifar10,89.250000,0.396381,0.672954,16309
17,2,3731,edgetpu,cifar10,94.343330,1.282820,0.672954,16309
17,2,7676,edgetpu,cifar10,92.230000,0.481331,0.672954,16309
17,2,7017,edgetpu,cifar10,86.970000,0.353089,0.672954,16309
17,2,5258,edgetpu,cifar10,88.775000,0.388629,0.672954,16309
17,2,11692,edgetpu,cifar10,94.130000,0.761100,0.672954,16309
17,2,4438,edgetpu,cifar10,92.270000,0.481473,0.672954,16309
17,2,8008,edgetpu,cifar10,93.480000,0.629746,0.672954,16309
17,2,13320,edgetpu,cifar10,89.330000,0.396446,0.672954,16309
17,2,9950,edgetpu,cifar10,93.840000,0.723767,0.672954,16309
17,3,8720,eyeriss,cifar10,89.875000,1.925300,0.517147,16420
17,3,6111,eyeriss,cifar10,94.373340,7.823540,0.517147,16420
17,3,8592,eyeriss,cifar10,93.750000,3.891380,0.517147,16420
17,3,3731,eyeriss,cifar10,94.343330,6.594740,0.517147,16420
17,3,8008,eyeriss,cifar10,93.480000,3.399860,0.517147,16420
17,3,4384,eyeriss,cifar10,86.796670,1.679540,0.517147,16420
17,3,11692,eyeriss,cifar10,94.130000,4.874420,0.517147,16420
17,3,5111,eyeriss,cifar10,94.306660,5.365940,0.517147,16420
17,3,6854,eyeriss,cifar10,91.040000,2.662580,0.517147,16420
17,3,13714,eyeriss,cifar10,94.373340,7.823540,0.517147,16420
17,3,11472,eyeriss,cifar10,93.970000,4.628660,0.517147,16420
17,3,13987,eyeriss,cifar10,93.596664,3.645620,0.517147,16420
17,3,14112,eyeriss,cifar10,91.296670,2.908340,0.517147,16420
17,3,8323,eyeriss,cifar10,90.870000,2.171060,0.517147,16420
17,3,12438,eyeriss,cifar10,89.875000,1.925300,0.517147,16420
17,3,13611,eyeriss,cifar10,92.490000,3.154100,0.517147,16420
17,4,5111,fpga,cifar10,94.306660,5.193760,0.485305,16287
17,4,3731,fpga,cifar10,94.343330,5.936160,0.485305,16287
17,4,8008,fpga,cifar10,93.480000,2.905760,0.485305,16287
17,4,8323,fpga,cifar10,90.870000,2.163360,0.485305,16287
17,4,11472,fpga,cifar10,93.970000,3.648160,0.485305,16287
17,4,3687,fpga,cifar10,89.820000,1.648160,0.485305,16287
17,4,6111,fpga,cifar10,94.373340,6.678560,0.485305,16287
17,4,13714,fpga,cifar10,94.373340,6.678560,0.485305,16287
17,4,4384,fpga,cifar10,86.796670,1.132960,0.485305,16287
17,4,13611,fpga,cifar10,92.490000,2.390560,0.485305,16287
17,4,6584,fpga,cifar10,94.160000,4.163360,0.485305,16287
17,4,15295,fpga,cifar10,90.050000,2.057760,0.485305,16287
17,4,13987,fpga,cifar10,93.596664,3.420960,0.485305,16287
17,5,8323,pixel3,cifar10,90.870000,3.106420,0.785829,16160
17,5,9230,pixel3,cifar10,86.580000,1.056760,0.785829,16160
17,5,6382,pixel3,cifar10,93.376660,7.048190,0.785829,16160
17,5,6854,pixel3,cifar10,91.040000,4.514220,0.785829,16160
17,5,2018,pixel3,cifar10,94.063330,14.960500,0.785829,16160
17,5,11692,pixel3,cifar10,94.130000,15.490100,0.785829,16160
17,5,6330,pixel3,cifar10,94.006670,11.512400,0.785829,16160
17,5,1497,pixel3,cifar10,86.556660,1.056630,0.785829,16160
17,5,6918,pixel3,cifar10,87.000000,1.478790,0.785829,16160
17,5,4627,pixel3,cifar10,93.270000,7.036050,0.785829,16160
17,5,5111,pixel3,cifar10,94.306660,17.584600,0.785829,16160
17,5,1943,pixel3,cifar10,93.116670,6.492030,0.785829,16160
17,5,8592,pixel3,cifar10,93.750000,10.769800,0.785829,16160
17,5,1941,pixel3,cifar10,93.533330,9.128690,0.785829,16160
17,5,8695,pixel3,cifar10,94.220000,17.564500,0.785829,16160
17,5,6899,pixel3,cifar10,90.900000,3.961410,0.785829,16160
17,5,6111,pixel3,cifar10,94.373340,23.584800,0.785829,16160
17,5,3731,pixel3,cifar10,94.343330,23.361300,0.785829,16160
17,5,7001,pixel3,cifar10,10.000000,0.003277,0.785829,16160
17,5,4554,pixel3,cifar10,86.670000,1.114880,0.785829,16160
17,5,70,pixel3,cifar10,91.983330,5.810430,0.785829,16160
17,5,1778,pixel3,cifar10,92.180000,6.446230,0.785829,16160
17,5,12452,pixel3,cifar10,91.350000,5.590110,0.785829,16160
17,5,1781,pixel3,cifar10,89.883330,1.712020,0.785829,16160
17,5,5224,pixel3,cifar10,88.980000,1.570360,0.785829,16160
17,5,2779,pixel3,cifar10,90.806660,3.102950,0.785829,16160
17,5,13987,pixel3,cifar10,93.596664,9.922680,0.785829,16160
17,5,7197,pixel3,cifar10,90.366670,2.447670,0.785829,16160
17,5,7017,pixel3,cifar10,86.970000,1.403930,0.785829,16160
17,5,4398,pixel3,cifar10,92.073330,5.828150,0.785829,16160
17,5,6624,pixel3,cifar10,89.120000,1.670570,0.785829,16160
17,5,6358,pixel3,cifar10,92.136665,6.066150,0.785829,16160
17,5,4432,pixel3,cifar10,90.700000,2.826310,0.785829,16160
17,5,7341,pixel3,cifar10,86.720000,1.270180,0.785829,16160
17,5,13171,pixel3,cifar10,93.530000,7.717220,0.785829,16160
17,5,6434,pixel3,cifar10,91.080000,4.811140,0.785829,16160
17,5,13869,pixel3,cifar10,93.656670,10.634700,0.785829,16160
17,5,78,pixel3,cifar10,91.933334,5.807870,0.785829,16160
17,6,13846,raspi4,cifar10,90.720000,7.176163,0.669795,15959
17,6,6985,raspi4,cifar10,89.940000,4.995646,0.669795,15959
17,6,8426,raspi4,cifar10,93.840000,31.394428,0.669795,15959
17,6,1941,raspi4,cifar10,93.533330,25.121769,0.669795,15959
17,6,4659,raspi4,cifar10,93.396670,22.249382,0.669795,15959
17,6,11692,raspi4,cifar10,94.130000,37.583630,0.669795,15959
17,6,8592,raspi4,cifar10,93.750000,25.477009,0.669795,15959
17,6,5111,raspi4,cifar10,94.306660,41.756905,0.669795,15959
17,6,6382,raspi4,cifar10,93.376660,21.461164,0.669795,15959
17,6,13320,raspi4,cifar10,89.330000,4.889096,0.669795,15959
17,6,9980,raspi4,cifar10,10.000000,0.011284,0.669795,15959
17,6,1690,raspi4,cifar10,86.646670,2.536549,0.669795,15959
17,6,8008,raspi4,cifar10,93.480000,22.571420,0.669795,15959
17,6,7017,raspi4,cifar10,86.970000,2.544041,0.669795,15959
17,6,4210,raspi4,cifar10,89.030000,4.782748,0.669795,15959
17,6,1973,raspi4,cifar10,91.663330,16.185848,0.669795,15959
17,6,6111,raspi4,cifar10,94.373340,68.404106,0.669795,15959
17,6,11810,raspi4,cifar10,92.780000,18.619905,0.669795,15959
17,6,5780,raspi4,cifar10,93.980000,34.928463,0.669795,15959
17,6,3731,raspi4,cifar10,94.343330,58.070793,0.669795,15959
17,6,6868,raspi4,cifar10,90.880000,10.226877,0.669795,15959
17,6,12505,raspi4,cifar10,92.150000,16.747276,0.669795,15959
17,6,8323,raspi4,cifar10,90.870000,7.426308,0.669795,15959
17,6,6918,raspi4,cifar10,87.000000,2.787590,0.669795,15959
17,6,12639,raspi4,cifar10,90.990000,11.857850,0.669795,15959
17,6,13611,raspi4,cifar10,92.490000,18.523302,0.669795,15959
17,6,7058,raspi4,cifar10,92.040000,16.469465,0.669795,15959
17,6,7407,raspi4,cifar10,93.510000,24.855400,0.669795,15959
17,6,2058,raspi4,cifar10,93.270000,19.484835,0.669795,15959
17,6,1099,raspi4,cifar10,92.240000,18.358124,0.669795,15959
17,6,14565,raspi4,cifar10,88.880000,4.781183,0.669795,15959
17,6,2035,raspi4,cifar10,89.670000,4.984099,0.669795,15959
17,6,2937,raspi4,cifar10,92.190000,17.768639,0.669795,15959
17,6,1804,raspi4,cifar10,89.063330,4.791845,0.669795,15959
17,7,9930,edgegpu,cifar100,73.513336,6.803060,0.573263,16316
17,7,1425,edgegpu,cifar100,72.093330,5.310225,0.573263,16316
17,7,8401,edgegpu,cifar100,71.080000,3.302102,0.573263,16316
17,7,3888,edgegpu,cifar100,73.260000,6.797867,0.573263,16316
17,7,2778,edgegpu,cifar100,72.993330,6.134028,0.573263,16316
17,7,9922,edgegpu,cifar100,58.560000,1.428552,0.573263,16316
17,7,1509,edgegpu,cifar100,1.000000,0.505853,0.573263,16316
17,7,4954,edgegpu,cifar100,73.000000,6.669736,0.573263,16316
17,7,4609,edgegpu,cifar100,66.520000,1.758838,0.573263,16316
17,7,8912,edgegpu,cifar100,59.200000,1.441355,0.573263,16316
17,7,11885,edgegpu,cifar100,68.040000,1.776652,0.573263,16316
17,7,4418,edgegpu,cifar100,72.746666,5.352364,0.573263,16316
17,7,12415,edgegpu,cifar100,71.940000,4.828467,0.573263,16316
17,7,2304,edgegpu,cifar100,58.660000,1.440253,0.573263,16316
17,7,9997,edgegpu,cifar100,71.520000,3.466139,0.573263,16316
17,7,11810,edgegpu,cifar100,68.300000,1.779551,0.573263,16316
17,7,14984,edgegpu,cifar100,67.166664,1.760831,0.573263,16316
17,7,14300,edgegpu,cifar100,67.300000,1.765666,0.573263,16316
17,8,12574,edgetpu,cifar100,72.740000,0.932430,0.689666,16099
17,8,1425,edgetpu,cifar100,72.093330,0.910660,0.689666,16099
17,8,4977,edgetpu,cifar100,63.360000,0.398743,0.689666,16099
17,8,4418,edgetpu,cifar100,72.746666,1.093699,0.689666,16099
17,8,5019,edgetpu,cifar100,58.880000,0.357058,0.689666,16099
17,8,13113,edgetpu,cifar100,63.140000,0.398170,0.689666,16099
17,8,2705,edgetpu,cifar100,62.813330,0.393026,0.689666,16099
17,8,9930,edgetpu,cifar100,73.513336,1.454107,0.689666,16099
17,8,10750,edgetpu,cifar100,70.540000,0.727712,0.689666,16099
17,8,8401,edgetpu,cifar100,71.080000,0.728572,0.689666,16099
17,8,857,edgetpu,cifar100,72.880000,1.264168,0.689666,16099
17,8,12415,edgetpu,cifar100,71.940000,0.872299,0.689666,16099
17,8,4155,edgetpu,cifar100,62.306667,0.391442,0.689666,16099
17,8,577,edgetpu,cifar100,69.680000,0.635228,0.689666,16099
17,8,1110,edgetpu,cifar100,58.840000,0.355938,0.689666,16099
17,8,9997,edgetpu,cifar100,71.520000,0.729986,0.689666,16099
17,8,10443,edgetpu,cifar100,68.300000,0.489020,0.689666,16099
17,8,797,edgetpu,cifar100,69.580000,0.633351,0.689666,16099
17,8,6499,edgetpu,cifar100,70.630000,0.728320,0.689666,16099
17,8,12607,edgetpu,cifar100,62.600000,0.392830,0.689666,16099
17,8,8912,edgetpu,cifar100,59.200000,0.377698,0.689666,16099
17,8,8638,edgetpu,cifar100,58.860000,0.356631,0.689666,16099
17,8,1383,edgetpu,cifar100,70.273330,0.673722,0.689666,16099
17,8,777,edgetpu,cifar100,58.650000,0.355588,0.689666,16099
17,8,12761,edgetpu,cifar100,72.860000,1.225212,0.689666,16099
17,8,15363,edgetpu,cifar100,70.520000,0.676394,0.689666,16099
17,8,3888,edgetpu,cifar100,73.260000,1.316226,0.689666,16099
17,8,1943,edgetpu,cifar100,69.626660,0.634759,0.689666,16099
17,8,13829,edgetpu,cifar100,66.873340,0.485137,0.689666,16099
17,8,14945,edgetpu,cifar100,58.500000,0.354940,0.689666,16099
17,8,10000,edgetpu,cifar100,73.160000,1.283461,0.689666,16099
17,8,9689,edgetpu,cifar100,69.760000,0.636296,0.689666,16099
17,8,4659,edgetpu,cifar100,70.060000,0.636433,0.689666,16099
17,8,1996,edgetpu,cifar100,67.820000,0.486748,0.689666,16099
17,8,11112,edgetpu,cifar100,66.893330,0.486713,0.689666,16099
17,9,3888,eyeriss,cifar100,73.260000,6.597760,0.496668,16600
17,9,14714,eyeriss,cifar100,71.280000,4.140160,0.496668,16600
17,9,9930,eyeriss,cifar100,73.513336,9.055360,0.496668,16600
17,9,5084,eyeriss,cifar100,58.813330,1.682560,0.496668,16600
17,9,12761,eyeriss,cifar100,72.860000,6.352000,0.496668,16600
17,9,12574,eyeriss,cifar100,72.740000,5.123200,0.496668,16600
17,9,12820,eyeriss,cifar100,67.720000,2.419840,0.496668,16600
17,9,4659,eyeriss,cifar100,70.060000,3.402880,0.496668,16600
17,9,10689,eyeriss,cifar100,67.500000,2.174080,0.496668,16600
17,9,3540,eyeriss,cifar100,71.500000,4.877440,0.496668,16600
17,9,375,eyeriss,cifar100,64.440000,1.928320,0.496668,16600
17,9,11301,eyeriss,cifar100,68.220000,2.665600,0.496668,16600
17,9,14112,eyeriss,cifar100,68.386665,2.911360,0.496668,16600
17,9,6925,eyeriss,cifar100,71.220000,3.894400,0.496668,16600
17,9,6787,eyeriss,cifar100,70.720000,3.648640,0.496668,16600
17,10,12574,fpga,cifar100,72.740000,4.678560,0.509529,16469
17,10,7250,fpga,cifar100,67.706665,2.390560,0.509529,16469
17,10,3540,fpga,cifar100,71.500000,4.163360,0.509529,16469
17,10,12820,fpga,cifar100,67.720000,2.678560,0.509529,16469
17,10,5084,fpga,cifar100,58.813330,1.132960,0.509529,16469
17,10,6787,fpga,cifar100,70.720000,3.420960,0.509529,16469
17,10,12295,fpga,cifar100,71.160000,3.648160,0.509529,16469
17,10,10689,fpga,cifar100,67.500000,2.163360,0.509529,16469
17,10,9930,fpga,cifar100,73.513336,7.420960,0.509529,16469
17,10,12761,fpga,cifar100,72.860000,5.420960,0.509529,16469
17,10,4249,fpga,cifar100,65.080000,2.057760,0.509529,16469
17,10,3888,fpga,cifar100,73.260000,5.936160,0.509529,16469
17,10,375,fpga,cifar100,64.440000,1.648160,0.509529,16469
17,10,11973,fpga,cifar100,70.340000,2.905760,0.509529,16469
17,10,6925,fpga,cifar100,71.220000,3.936160,0.509529,16469
17,11,1450,pixel3,cifar100,70.506670,9.337360,0.674438,16119
17,11,15363,pixel3,cifar100,70.520000,9.708640,0.674438,16119
17,11,8638,pixel3,cifar100,58.860000,1.478570,0.674438,16119
17,11,978,pixel3,cifar100,64.180000,2.372340,0.674438,16119
17,11,6787,pixel3,cifar100,70.720000,9.854430,0.674438,16119
17,11,8912,pixel3,cifar100,59.200000,1.478790,0.674438,16119
17,11,485,pixel3,cifar100,67.593330,4.124800,0.674438,16119
17,11,11000,pixel3,cifar100,71.180000,10.677600,0.674438,16119
17,11,12574,pixel3,cifar100,72.740000,16.473900,0.674438,16119
17,11,1459,pixel3,cifar100,73.140000,23.437900,0.674438,16119
17,11,8895,pixel3,cifar100,64.280000,2.379800,0.674438,16119
17,11,10689,pixel3,cifar100,67.500000,3.109220,0.674438,16119
17,11,1090,pixel3,cifar100,65.220000,2.811310,0.674438,16119
17,11,724,pixel3,cifar100,67.053340,2.875650,0.674438,16119
17,11,906,pixel3,cifar100,62.393333,1.661810,0.674438,16119
17,11,11301,pixel3,cifar100,68.220000,5.352090,0.674438,16119
17,11,1631,pixel3,cifar100,63.986668,1.805000,0.674438,16119
17,11,6985,pixel3,cifar100,64.160000,2.372000,0.674438,16119
17,11,3888,pixel3,cifar100,73.260000,23.477200,0.674438,16119
17,11,699,pixel3,cifar100,72.240000,12.079400,0.674438,16119
17,11,898,pixel3,cifar100,70.000000,6.516140,0.674438,16119
17,11,6337,pixel3,cifar100,1.000000,0.008753,0.674438,16119
17,11,9649,pixel3,cifar100,64.540000,2.536210,0.674438,16119
17,11,857,pixel3,cifar100,72.880000,19.113200,0.674438,16119
17,11,12970,pixel3,cifar100,68.140000,4.782110,0.674438,16119
17,11,2649,pixel3,cifar100,64.446660,2.496890,0.674438,16119
17,11,9930,pixel3,cifar100,73.513336,42.003600,0.674438,16119
17,11,1409,pixel3,cifar100,58.853333,1.275090,0.674438,16119
17,11,777,pixel3,cifar100,58.650000,1.087020,0.674438,16119
17,11,1593,pixel3,cifar100,62.126667,1.582050,0.674438,16119
17,11,11973,pixel3,cifar100,70.340000,8.988510,0.674438,16119
17,11,8323,pixel3,cifar100,67.080000,3.106340,0.674438,16119
17,11,6925,pixel3,cifar100,71.220000,10.688000,0.674438,16119
17,12,1616,raspi4,cifar100,63.946667,5.080509,0.712720,15818
17,12,12607,raspi4,cifar100,62.600000,4.779045,0.712720,15818
17,12,10222,raspi4,cifar100,58.860000,2.747804,0.712720,15818
17,12,12761,raspi4,cifar100,72.860000,53.718200,0.712720,15818
17,12,1459,raspi4,cifar100,73.140000,53.879950,0.712720,15818
17,12,7030,raspi4,cifar100,69.600000,19.218203,0.712720,15818
17,12,1357,raspi4,cifar100,67.480000,10.177114,0.712720,15818
17,12,6925,raspi4,cifar100,71.220000,24.195030,0.712720,15818
17,12,14714,raspi4,cifar100,71.280000,24.692347,0.712720,15818
17,12,12915,raspi4,cifar100,66.950000,7.226311,0.712720,15818
17,12,6787,raspi4,cifar100,70.720000,23.081835,0.712720,15818
17,12,2200,raspi4,cifar100,63.886665,5.014668,0.712720,15818
17,12,3888,raspi4,cifar100,73.260000,55.029520,0.712720,15818
17,12,15363,raspi4,cifar100,70.520000,21.809430,0.712720,15818
17,12,14792,raspi4,cifar100,69.500000,19.111843,0.712720,15818
17,12,4659,raspi4,cifar100,70.060000,21.672482,0.712720,15818
17,12,11272,raspi4,cifar100,68.260000,14.764390,0.712720,15818
17,12,10313,raspi4,cifar100,67.820000,14.691363,0.712720,15818
17,12,6830,raspi4,cifar100,71.460000,34.491814,0.712720,15818
17,12,4409,raspi4,cifar100,67.173330,7.228629,0.712720,15818
17,12,898,raspi4,cifar100,70.000000,21.506163,0.712720,15818
17,12,7115,raspi4,cifar100,68.160000,14.756705,0.712720,15818
17,12,9394,raspi4,cifar100,58.110000,2.552768,0.712720,15818
17,12,9271,raspi4,cifar100,63.400000,4.800893,0.712720,15818
17,12,14612,raspi4,cifar100,58.720000,2.563505,0.712720,15818
17,12,9930,raspi4,cifar100,73.513336,71.152000,0.712720,15818
17,12,4418,raspi4,cifar100,72.746666,47.162354,0.712720,15818
17,12,13021,raspi4,cifar100,63.800000,5.009584,0.712720,15818
17,12,10443,raspi4,cifar100,68.300000,18.810753,0.712720,15818
17,12,12574,raspi4,cifar100,72.740000,36.371254,0.712720,15818
17,12,9997,raspi4,cifar100,71.520000,34.996710,0.712720,15818
17,12,1572,raspi4,cifar100,69.900000,19.916142,0.712720,15818
17,12,10042,raspi4,cifar100,64.880000,5.100886,0.712720,15818
17,12,15589,raspi4,cifar100,59.060000,2.795078,0.712720,15818
17,12,375,raspi4,cifar100,64.440000,5.099302,0.712720,15818
17,12,8740,raspi4,cifar100,1.000000,0.015215,0.712720,15818
17,12,6918,raspi4,cifar100,58.800000,2.571364,0.712720,15818
17,12,3408,raspi4,cifar100,63.993332,5.081906,0.712720,15818
17,13,4587,edgegpu,ImageNet16-120,28.800000,1.445131,0.595397,16219
17,13,4160,edgegpu,ImageNet16-120,39.833332,1.756272,0.595397,16219
17,13,4946,edgegpu,ImageNet16-120,44.700000,3.490419,0.595397,16219
17,13,8426,edgegpu,ImageNet16-120,44.633335,3.370147,0.595397,16219
17,13,9586,edgegpu,ImageNet16-120,46.933334,5.222673,0.595397,16219
17,13,8884,edgegpu,ImageNet16-120,45.033333,3.499999,0.595397,16219
17,13,9722,edgegpu,ImageNet16-120,44.000000,3.327813,0.595397,16219
17,13,12760,edgegpu,ImageNet16-120,40.833332,3.308015,0.595397,16219
17,13,5751,edgegpu,ImageNet16-120,40.044445,2.434626,0.595397,16219
17,13,1164,edgegpu,ImageNet16-120,28.522223,1.435223,0.595397,16219
17,13,12415,edgegpu,ImageNet16-120,46.566666,4.667692,0.595397,16219
17,13,4988,edgegpu,ImageNet16-120,28.933332,1.448212,0.595397,16219
17,13,10947,edgegpu,ImageNet16-120,39.944443,1.909800,0.595397,16219
17,13,7760,edgegpu,ImageNet16-120,39.100000,1.743751,0.595397,16219
17,13,15159,edgegpu,ImageNet16-120,45.566666,4.632421,0.595397,16219
17,13,14117,edgegpu,ImageNet16-120,28.677778,1.435547,0.595397,16219
17,13,5981,edgegpu,ImageNet16-120,39.211113,1.746097,0.595397,16219
17,13,7187,edgegpu,ImageNet16-120,28.683332,1.443858,0.595397,16219
17,13,15376,edgegpu,ImageNet16-120,0.833333,0.533953,0.595397,16219
17,13,12505,edgegpu,ImageNet16-120,39.283333,1.750417,0.595397,16219
17,13,15383,edgegpu,ImageNet16-120,47.033333,6.262836,0.595397,16219
17,13,15288,edgegpu,ImageNet16-120,28.422222,1.417041,0.595397,16219
17,13,8401,edgegpu,ImageNet16-120,43.833332,3.322444,0.595397,16219
17,13,6950,edgegpu,ImageNet16-120,38.700000,1.740150,0.595397,16219
17,13,857,edgegpu,ImageNet16-120,47.311110,6.707663,0.595397,16219
17,13,10835,edgegpu,ImageNet16-120,45.233334,4.434366,0.595397,16219
17,13,11217,edgegpu,ImageNet16-120,43.466667,3.316708,0.595397,16219
17,13,14612,edgegpu,ImageNet16-120,28.488890,1.434064,0.595397,16219
17,14,9689,edgetpu,ImageNet16-120,42.533333,0.549702,0.593987,16209
17,14,15383,edgetpu,ImageNet16-120,47.033333,0.780914,0.593987,16209
17,14,4988,edgetpu,ImageNet16-120,28.933332,0.360694,0.593987,16209
17,14,7273,edgetpu,ImageNet16-120,42.966667,0.550014,0.593987,16209
17,14,10167,edgetpu,ImageNet16-120,39.944443,0.444058,0.593987,16209
17,14,8884,edgetpu,ImageNet16-120,45.033333,0.615792,0.593987,16209
17,14,3540,edgetpu,ImageNet16-120,45.122223,0.648670,0.593987,16209
17,14,15363,edgetpu,ImageNet16-120,44.333332,0.582280,0.593987,16209
17,14,12415,edgetpu,ImageNet16-120,46.566666,0.710906,0.593987,16209
17,14,14677,edgetpu,ImageNet16-120,33.233334,0.364575,0.593987,16209
17,14,8447,edgetpu,ImageNet16-120,40.011112,0.514586,0.593987,16209
17,14,13769,edgetpu,ImageNet16-120,41.555557,0.549360,0.593987,16209
17,14,857,edgetpu,ImageNet16-120,47.311110,0.997730,0.593987,16209
17,14,13931,edgetpu,ImageNet16-120,28.788889,0.360349,0.593987,16209
17,14,7357,edgetpu,ImageNet16-120,44.666668,0.600498,0.593987,16209
17,14,4160,edgetpu,ImageNet16-120,39.833332,0.430355,0.593987,16209
17,14,11885,edgetpu,ImageNet16-120,39.166668,0.427395,0.593987,16209
17,14,4830,edgetpu,ImageNet16-120,42.233334,0.549457,0.593987,16209
17,14,11079,edgetpu,ImageNet16-120,43.566666,0.552430,0.593987,16209
17,14,7750,edgetpu,ImageNet16-120,43.066666,0.551617,0.593987,16209
17,14,9109,edgetpu,ImageNet16-120,39.466667,0.428971,0.593987,16209
17,14,6960,edgetpu,ImageNet16-120,39.566666,0.429523,0.593987,16209
17,14,7431,edgetpu,ImageNet16-120,32.577778,0.363954,0.593987,16209
17,14,10332,edgetpu,ImageNet16-120,40.033333,0.516152,0.593987,16209
17,14,6520,edgetpu,ImageNet16-120,32.383335,0.363944,0.593987,16209
17,14,6011,edgetpu,ImageNet16-120,39.277780,0.428728,0.593987,16209
17,14,8781,edgetpu,ImageNet16-120,32.366665,0.363484,0.593987,16209
17,14,7396,edgetpu,ImageNet16-120,40.177776,0.517218,0.593987,16209
17,14,15014,edgetpu,ImageNet16-120,28.266666,0.358110,0.593987,16209
17,14,5751,edgetpu,ImageNet16-120,40.044445,0.516992,0.593987,16209
17,14,15107,edgetpu,ImageNet16-120,39.800000,0.430284,0.593987,16209
17,14,10888,edgetpu,ImageNet16-120,28.333334,0.359044,0.593987,16209
17,15,857,eyeriss,ImageNet16-120,47.311110,1.651840,0.474460,16543
17,15,2835,eyeriss,ImageNet16-120,38.222220,0.545920,0.474460,16543
17,15,6787,eyeriss,ImageNet16-120,44.400000,0.914560,0.474460,16543
17,15,1939,eyeriss,ImageNet16-120,45.077778,0.976000,0.474460,16543
17,15,4988,eyeriss,ImageNet16-120,28.933332,0.423040,0.474460,16543
17,15,15383,eyeriss,ImageNet16-120,47.033333,1.283200,0.474460,16543
17,15,14417,eyeriss,ImageNet16-120,45.900000,1.098880,0.474460,16543
17,15,6854,eyeriss,ImageNet16-120,40.800000,0.668800,0.474460,16543
17,15,8853,eyeriss,ImageNet16-120,45.600000,1.037440,0.474460,16543
17,15,735,eyeriss,ImageNet16-120,38.544445,0.607360,0.474460,16543
17,15,8008,eyeriss,ImageNet16-120,43.500000,0.853120,0.474460,16543
17,15,4829,eyeriss,ImageNet16-120,34.200000,0.484480,0.474460,16543
17,16,5793,fpga,ImageNet16-120,35.033333,0.517920,0.519792,16321
17,16,8008,fpga,ImageNet16-120,43.500000,0.876800,0.519792,16321
17,16,13778,fpga,ImageNet16-120,46.277780,1.504000,0.519792,16321
17,16,6868,fpga,ImageNet16-120,39.000000,0.649120,0.519792,16321
17,16,10699,fpga,ImageNet16-120,46.833332,1.945600,0.519792,16321
17,16,6787,fpga,ImageNet16-120,44.400000,0.969600,0.519792,16321
17,16,14748,fpga,ImageNet16-120,44.900000,0.995200,0.519792,16321
17,16,2835,fpga,ImageNet16-120,38.222220,0.546720,0.519792,16321
17,16,10017,fpga,ImageNet16-120,40.566666,0.784000,0.519792,16321
17,16,4829,fpga,ImageNet16-120,34.200000,0.415520,0.519792,16321
17,16,1941,fpga,ImageNet16-120,44.988888,1.116320,0.519792,16321
17,16,5111,fpga,ImageNet16-120,46.588890,1.596800,0.519792,16321
17,16,13171,fpga,ImageNet16-120,44.966667,1.062400,0.519792,16321
17,16,11079,fpga,ImageNet16-120,43.566666,0.902400,0.519792,16321
17,16,12452,fpga,ImageNet16-120,40.533333,0.780320,0.519792,16321
17,16,8853,fpga,ImageNet16-120,45.600000,1.155200,0.519792,16321
17,16,6854,fpga,ImageNet16-120,40.800000,0.809120,0.519792,16321
17,16,8733,fpga,ImageNet16-120,46.600000,1.852800,0.519792,16321
17,16,4618,fpga,ImageNet16-120,28.544445,0.284320,0.519792,16321
17,16,8954,fpga,ImageNet16-120,28.733334,0.386720,0.519792,16321
17,16,14417,fpga,ImageNet16-120,45.900000,1.276320,0.519792,16321
17,16,857,fpga,ImageNet16-120,47.311110,2.038400,0.519792,16321
17,16,9149,fpga,ImageNet16-120,46.900000,1.971200,0.519792,16321
17,17,12424,pixel3,ImageNet16-120,43.133330,2.470150,0.751445,15934
17,17,12358,pixel3,ImageNet16-120,34.055557,0.666287,0.751445,15934
17,17,4409,pixel3,ImageNet16-120,37.722220,0.862979,0.751445,15934
17,17,4004,pixel3,ImageNet16-120,42.811110,2.467510,0.751445,15934
17,17,10154,pixel3,ImageNet16-120,46.133335,4.783700,0.751445,15934
17,17,2018,pixel3,ImageNet16-120,46.433334,4.949210,0.751445,15934
17,17,2899,pixel3,ImageNet16-120,43.911110,2.701210,0.751445,15934
17,17,1860,pixel3,ImageNet16-120,28.433332,0.422587,0.751445,15934
17,17,8853,pixel3,ImageNet16-120,45.600000,3.554540,0.751445,15934
17,17,14417,pixel3,ImageNet16-120,45.900000,4.143030,0.751445,15934
17,17,4977,pixel3,ImageNet16-120,32.966667,0.617991,0.751445,15934
17,17,7685,pixel3,ImageNet16-120,37.611110,0.862589,0.751445,15934
17,17,4895,pixel3,ImageNet16-120,33.200000,0.619070,0.751445,15934
17,17,1939,pixel3,ImageNet16-120,45.077778,3.021500,0.751445,15934
17,17,1425,pixel3,ImageNet16-120,45.977780,4.619290,0.751445,15934
17,17,11000,pixel3,ImageNet16-120,44.866665,2.962520,0.751445,15934
17,17,12452,pixel3,ImageNet16-120,40.533333,1.504410,0.751445,15934
17,17,735,pixel3,ImageNet16-120,38.544445,1.107950,0.751445,15934
17,17,1549,pixel3,ImageNet16-120,28.655556,0.424747,0.751445,15934
17,17,4587,pixel3,ImageNet16-120,28.800000,0.445767,0.751445,15934
17,17,978,pixel3,ImageNet16-120,33.488888,0.665489,0.751445,15934
17,17,1147,pixel3,ImageNet16-120,33.733334,0.666281,0.751445,15934
17,17,4627,pixel3,ImageNet16-120,43.500000,2.479640,0.751445,15934
17,17,6294,pixel3,ImageNet16-120,38.011112,0.869124,0.751445,15934
17,17,1204,pixel3,ImageNet16-120,37.844444,0.864966,0.751445,15934
17,17,13756,pixel3,ImageNet16-120,0.833333,0.005289,0.751445,15934
17,17,6014,pixel3,ImageNet16-120,28.533333,0.423391,0.751445,15934
17,17,12466,pixel3,ImageNet16-120,46.100000,4.680280,0.751445,15934
17,17,6854,pixel3,ImageNet16-120,40.800000,1.621620,0.751445,15934
17,17,3728,pixel3,ImageNet16-120,28.500000,0.422880,0.751445,15934
17,17,857,pixel3,ImageNet16-120,47.311110,6.686850,0.751445,15934
17,17,872,pixel3,ImageNet16-120,41.777780,2.465030,0.751445,15934
17,17,12103,pixel3,ImageNet16-120,28.250000,0.422433,0.751445,15934
17,17,9496,pixel3,ImageNet16-120,38.200000,1.024960,0.751445,15934
17,17,3496,pixel3,ImageNet16-120,34.233334,0.670584,0.751445,15934
17,17,15383,pixel3,ImageNet16-120,47.033333,5.191720,0.751445,15934
17,17,12639,pixel3,ImageNet16-120,40.400000,1.304440,0.751445,15934
17,17,7401,pixel3,ImageNet16-120,28.866667,0.505777,0.751445,15934
17,17,9032,pixel3,ImageNet16-120,38.016666,1.020960,0.751445,15934
17,17,7187,pixel3,ImageNet16-120,28.683332,0.425223,0.751445,15934
17,17,12516,pixel3,ImageNet16-120,32.083332,0.617816,0.751445,15934
17,17,12355,pixel3,ImageNet16-120,45.033333,2.989390,0.751445,15934
17,18,8733,raspi4,ImageNet16-120,46.600000,7.477213,0.807265,16149
17,18,14697,raspi4,ImageNet16-120,33.900000,1.580382,0.807265,16149
17,18,10835,raspi4,ImageNet16-120,45.233334,6.632419,0.807265,16149
17,18,13059,raspi4,ImageNet16-120,34.266666,1.595651,0.807265,16149
17,18,6854,raspi4,ImageNet16-120,40.800000,3.661016,0.807265,16149
17,18,2779,raspi4,ImageNet16-120,37.355556,2.190654,0.807265,16149
17,18,11079,raspi4,ImageNet16-120,43.566666,3.802027,0.807265,16149
17,18,933,raspi4,ImageNet16-120,0.833333,0.011514,0.807265,16149
17,18,10472,raspi4,ImageNet16-120,39.633335,3.079679,0.807265,16149
17,18,12505,raspi4,ImageNet16-120,39.283333,3.062432,0.807265,16149
17,18,14417,raspi4,ImageNet16-120,45.900000,6.948865,0.807265,16149
17,18,11438,raspi4,ImageNet16-120,39.733334,3.150053,0.807265,16149
17,18,5487,raspi4,ImageNet16-120,38.500000,3.019000,0.807265,16149
17,18,9032,raspi4,ImageNet16-120,38.016666,2.201532,0.807265,16149
17,18,10017,raspi4,ImageNet16-120,40.566666,3.181383,0.807265,16149
17,18,3960,raspi4,ImageNet16-120,37.755554,2.197980,0.807265,16149
17,18,15363,raspi4,ImageNet16-120,44.333332,4.480516,0.807265,16149
17,18,13771,raspi4,ImageNet16-120,32.744446,1.533813,0.807265,16149
17,18,380,raspi4,ImageNet16-120,38.900000,3.038936,0.807265,16149
17,18,4988,raspi4,ImageNet16-120,28.933332,1.003251,0.807265,16149
17,18,9496,raspi4,ImageNet16-120,38.200000,2.204048,0.807265,16149
17,18,7187,raspi4,ImageNet16-120,28.683332,0.952790,0.807265,16149
17,18,5973,raspi4,ImageNet16-120,40.100000,3.159922,0.807265,16149
17,18,3431,raspi4,ImageNet16-120,32.966667,1.536690,0.807265,16149
17,18,4675,raspi4,ImageNet16-120,33.100000,1.544321,0.807265,16149
17,18,5455,raspi4,ImageNet16-120,32.611110,1.532377,0.807265,16149
17,18,1939,raspi4,ImageNet16-120,45.077778,5.341908,0.807265,16149
17,18,5637,raspi4,ImageNet16-120,33.933334,1.580707,0.807265,16149
17,18,11584,raspi4,ImageNet16-120,46.666668,8.014434,0.807265,16149
17,18,13644,raspi4,ImageNet16-120,45.333332,6.780282,0.807265,16149
17,18,6787,raspi4,ImageNet16-120,44.400000,4.532777,0.807265,16149
17,18,15383,raspi4,ImageNet16-120,47.033333,8.565354,0.807265,16149
17,18,5530,raspi4,ImageNet16-120,42.577778,3.785925,0.807265,16149
17,18,7551,raspi4,ImageNet16-120,38.477780,2.950436,0.807265,16149
17,18,6336,raspi4,ImageNet16-120,39.366665,3.073392,0.807265,16149
17,18,41,raspi4,ImageNet16-120,32.388890,1.528043,0.807265,16149
17,18,3650,raspi4,ImageNet16-120,43.866665,4.475790,0.807265,16149
17,18,857,raspi4,ImageNet16-120,47.311110,9.020064,0.807265,16149
17,18,2904,raspi4,ImageNet16-120,42.744446,3.799936,0.807265,16149
17,18,8355,raspi4,ImageNet16-120,39.666668,3.083286,0.807265,16149
17,18,3782,raspi4,ImageNet16-120,41.866665,3.755286,0.807265,16149
17,18,7252,raspi4,ImageNet16-120,44.666668,5.322441,0.807265,16149
17,18,1413,raspi4,ImageNet16-120,42.711113,3.788479,0.807265,16149
17,18,12358,raspi4,ImageNet16-120,34.055557,1.582727,0.807265,16149
17,18,11946,raspi4,ImageNet16-120,28.200000,0.940293,0.807265,16149
17,18,4995,raspi4,ImageNet16-120,42.166668,3.766336,0.807265,16149
17,18,7227,raspi4,ImageNet16-120,32.533333,1.530737,0.807265,16149
18,1,561,edgegpu,cifar10,86.880000,1.451068,0.614343,16303
18,1,2053,edgegpu,cifar10,94.206665,5.482254,0.614343,16303
18,1,1459,edgegpu,cifar10,94.296670,6.748991,0.614343,16303
18,1,13714,edgegpu,cifar10,94.373340,6.772180,0.614343,16303
18,1,6330,edgegpu,cifar10,94.006670,4.384699,0.614343,16303
18,1,1317,edgegpu,cifar10,94.090000,5.292902,0.614343,16303
18,1,14527,edgegpu,cifar10,86.765000,1.439619,0.614343,16303
18,1,13401,edgegpu,cifar10,87.010000,1.457009,0.614343,16303
18,1,5400,edgegpu,cifar10,86.630000,1.427460,0.614343,16303
18,1,14090,edgegpu,cifar10,92.086670,1.749086,0.614343,16303
18,1,15200,edgegpu,cifar10,10.000000,0.501385,0.614343,16303
18,1,11810,edgegpu,cifar10,92.780000,1.992798,0.614343,16303
18,1,1099,edgegpu,cifar10,92.240000,1.774683,0.614343,16303
18,1,1038,edgegpu,cifar10,92.276665,1.828198,0.614343,16303
18,1,258,edgegpu,cifar10,93.640000,3.307109,0.614343,16303
18,1,5780,edgegpu,cifar10,93.980000,3.361888,0.614343,16303
18,1,5292,edgegpu,cifar10,94.293335,6.663151,0.614343,16303
18,1,10484,edgegpu,cifar10,93.810000,3.354015,0.614343,16303
18,1,6950,edgegpu,cifar10,92.000000,1.738467,0.614343,16303
18,1,1339,edgegpu,cifar10,92.136665,1.751881,0.614343,16303
18,1,9099,edgegpu,cifar10,93.940000,3.357520,0.614343,16303
18,1,11438,edgegpu,cifar10,92.500000,1.846719,0.614343,16303
18,1,2090,edgegpu,cifar10,86.650000,1.437702,0.614343,16303
18,1,6499,edgegpu,cifar10,93.645000,3.331041,0.614343,16303
18,1,14407,edgegpu,cifar10,86.770000,1.440282,0.614343,16303
18,2,6584,edgetpu,cifar10,94.160000,0.888877,0.612641,16426
18,2,13001,edgetpu,cifar10,88.760000,0.389467,0.612641,16426
18,2,8192,edgetpu,cifar10,93.093330,0.627745,0.612641,16426
18,2,8008,edgetpu,cifar10,93.480000,0.629746,0.612641,16426
18,2,5780,edgetpu,cifar10,93.980000,0.723967,0.612641,16426
18,2,11810,edgetpu,cifar10,92.780000,0.482879,0.612641,16426
18,2,14527,edgetpu,cifar10,86.765000,0.365664,0.612641,16426
18,2,970,edgetpu,cifar10,86.770000,0.371488,0.612641,16426
18,2,13714,edgetpu,cifar10,94.373340,1.377865,0.612641,16426
18,2,6382,edgetpu,cifar10,93.376660,0.628638,0.612641,16426
18,2,2053,edgetpu,cifar10,94.206665,1.042178,0.612641,16426
18,2,6918,edgetpu,cifar10,87.000000,0.375819,0.612641,16426
18,2,9950,edgetpu,cifar10,93.840000,0.723767,0.612641,16426
18,2,11692,edgetpu,cifar10,94.130000,0.761100,0.612641,16426
18,2,4675,edgetpu,cifar10,89.200000,0.395661,0.612641,16426
18,2,2485,edgetpu,cifar10,86.700000,0.346546,0.612641,16426
18,2,9689,edgetpu,cifar10,93.370000,0.628386,0.612641,16426
18,2,6515,edgetpu,cifar10,93.616670,0.722858,0.612641,16426
18,2,10167,edgetpu,cifar10,92.020000,0.481180,0.612641,16426
18,2,3927,edgetpu,cifar10,93.626660,0.723268,0.612641,16426
18,2,10815,edgetpu,cifar10,88.970000,0.389885,0.612641,16426
18,2,10581,edgetpu,cifar10,89.015000,0.390403,0.612641,16426
18,2,4438,edgetpu,cifar10,92.270000,0.481473,0.612641,16426
18,2,2648,edgetpu,cifar10,93.246666,0.628167,0.612641,16426
18,2,5111,edgetpu,cifar10,94.306660,1.152010,0.612641,16426
18,2,3731,edgetpu,cifar10,94.343330,1.282820,0.612641,16426
18,2,15459,edgetpu,cifar10,93.160000,0.628147,0.612641,16426
18,2,3955,edgetpu,cifar10,88.863335,0.389665,0.612641,16426
18,3,5111,eyeriss,cifar10,94.306660,5.365940,0.497664,16409
18,3,8592,eyeriss,cifar10,93.750000,3.891380,0.497664,16409
18,3,3731,eyeriss,cifar10,94.343330,6.594740,0.497664,16409
18,3,6854,eyeriss,cifar10,91.040000,2.662580,0.497664,16409
18,3,8323,eyeriss,cifar10,90.870000,2.171060,0.497664,16409
18,3,12820,eyeriss,cifar10,90.880000,2.416820,0.497664,16409
18,3,6111,eyeriss,cifar10,94.373340,7.823540,0.497664,16409
18,3,13611,eyeriss,cifar10,92.490000,3.154100,0.497664,16409
18,3,4384,eyeriss,cifar10,86.796670,1.679540,0.497664,16409
18,3,14112,eyeriss,cifar10,91.296670,2.908340,0.497664,16409
18,3,13714,eyeriss,cifar10,94.373340,7.823540,0.497664,16409
18,3,8008,eyeriss,cifar10,93.480000,3.399860,0.497664,16409
18,3,11472,eyeriss,cifar10,93.970000,4.628660,0.497664,16409
18,3,11692,eyeriss,cifar10,94.130000,4.874420,0.497664,16409
18,3,3687,eyeriss,cifar10,89.820000,1.925300,0.497664,16409
18,3,13987,eyeriss,cifar10,93.596664,3.645620,0.497664,16409
18,4,4384,fpga,cifar10,86.796670,1.132960,0.452955,16230
18,4,11472,fpga,cifar10,93.970000,3.648160,0.452955,16230
18,4,11692,fpga,cifar10,94.130000,4.163360,0.452955,16230
18,4,8008,fpga,cifar10,93.480000,2.905760,0.452955,16230
18,4,13611,fpga,cifar10,92.490000,2.390560,0.452955,16230
18,4,3687,fpga,cifar10,89.820000,1.648160,0.452955,16230
18,4,6111,fpga,cifar10,94.373340,6.678560,0.452955,16230
18,4,8323,fpga,cifar10,90.870000,2.163360,0.452955,16230
18,4,13714,fpga,cifar10,94.373340,6.678560,0.452955,16230
18,4,3731,fpga,cifar10,94.343330,5.936160,0.452955,16230
18,4,5111,fpga,cifar10,94.306660,5.193760,0.452955,16230
18,4,11525,fpga,cifar10,90.000000,2.057760,0.452955,16230
18,4,13987,fpga,cifar10,93.596664,3.420960,0.452955,16230
18,5,6434,pixel3,cifar10,91.080000,4.811140,0.849002,16002
18,5,8836,pixel3,cifar10,92.220000,6.313990,0.849002,16002
18,5,1497,pixel3,cifar10,86.556660,1.056630,0.849002,16002
18,5,4409,pixel3,cifar10,90.590000,3.093750,0.849002,16002
18,5,13171,pixel3,cifar10,93.530000,7.717220,0.849002,16002
18,5,4384,pixel3,cifar10,86.796670,1.467300,0.849002,16002
18,5,5446,pixel3,cifar10,90.500000,2.889680,0.849002,16002
18,5,9032,pixel3,cifar10,90.740000,3.102890,0.849002,16002
18,5,5915,pixel3,cifar10,86.846664,1.472530,0.849002,16002
18,5,6382,pixel3,cifar10,93.376660,7.048190,0.849002,16002
18,5,11692,pixel3,cifar10,94.130000,15.490100,0.849002,16002
18,5,13869,pixel3,cifar10,93.656670,10.634700,0.849002,16002
18,5,8695,pixel3,cifar10,94.220000,17.564500,0.849002,16002
18,5,5111,pixel3,cifar10,94.306660,17.584600,0.849002,16002
18,5,12139,pixel3,cifar10,90.660000,3.098500,0.849002,16002
18,5,12970,pixel3,cifar10,90.970000,4.723840,0.849002,16002
18,5,6918,pixel3,cifar10,87.000000,1.478790,0.849002,16002
18,5,7197,pixel3,cifar10,90.366670,2.447670,0.849002,16002
18,5,6584,pixel3,cifar10,94.160000,15.720300,0.849002,16002
18,5,7001,pixel3,cifar10,10.000000,0.003277,0.849002,16002
18,5,1941,pixel3,cifar10,93.533330,9.128690,0.849002,16002
18,5,5224,pixel3,cifar10,88.980000,1.570360,0.849002,16002
18,5,8708,pixel3,cifar10,94.080000,12.839000,0.849002,16002
18,5,8592,pixel3,cifar10,93.750000,10.769800,0.849002,16002
18,5,6330,pixel3,cifar10,94.006670,11.512400,0.849002,16002
18,5,9230,pixel3,cifar10,86.580000,1.056760,0.849002,16002
18,5,1781,pixel3,cifar10,89.883330,1.712020,0.849002,16002
18,5,13987,pixel3,cifar10,93.596664,9.922680,0.849002,16002
18,5,12820,pixel3,cifar10,90.880000,3.982790,0.849002,16002
18,5,12452,pixel3,cifar10,91.350000,5.590110,0.849002,16002
18,5,13846,pixel3,cifar10,90.720000,3.099760,0.849002,16002
18,5,1339,pixel3,cifar10,92.136665,5.802240,0.849002,16002
18,5,6111,pixel3,cifar10,94.373340,23.584800,0.849002,16002
18,5,3731,pixel3,cifar10,94.343330,23.361300,0.849002,16002
18,5,1943,pixel3,cifar10,93.116670,6.492030,0.849002,16002
18,5,11972,pixel3,cifar10,91.510000,5.627010,0.849002,16002
18,5,55,pixel3,cifar10,86.756670,1.057440,0.849002,16002
18,5,8323,pixel3,cifar10,90.870000,3.106420,0.849002,16002
18,6,6868,raspi4,cifar10,90.880000,10.226877,0.786587,16076
18,6,12639,raspi4,cifar10,90.990000,11.857850,0.786587,16076
18,6,14677,raspi4,cifar10,88.670000,4.755260,0.786587,16076
18,6,1962,raspi4,cifar10,86.530000,2.529453,0.786587,16076
18,6,2835,raspi4,cifar10,90.230000,7.299271,0.786587,16076
18,6,8008,raspi4,cifar10,93.480000,22.571420,0.786587,16076
18,6,8592,raspi4,cifar10,93.750000,25.477009,0.786587,16076
18,6,11533,raspi4,cifar10,93.420000,21.715693,0.786587,16076
18,6,5111,raspi4,cifar10,94.306660,41.756905,0.786587,16076
18,6,9380,raspi4,cifar10,89.335000,4.875613,0.786587,16076
18,6,14565,raspi4,cifar10,88.880000,4.781183,0.786587,16076
18,6,8323,raspi4,cifar10,90.870000,7.426308,0.786587,16076
18,6,4409,raspi4,cifar10,90.590000,7.329025,0.786587,16076
18,6,8573,raspi4,cifar10,89.803340,5.202662,0.786587,16076
18,6,12387,raspi4,cifar10,88.930000,4.797579,0.786587,16076
18,6,5780,raspi4,cifar10,93.980000,34.928463,0.786587,16076
18,6,6111,raspi4,cifar10,94.373340,68.404106,0.786587,16076
18,6,11692,raspi4,cifar10,94.130000,37.583630,0.786587,16076
18,6,3731,raspi4,cifar10,94.343330,58.070793,0.786587,16076
18,6,8426,raspi4,cifar10,93.840000,31.394428,0.786587,16076
18,6,8873,raspi4,cifar10,89.050000,4.839358,0.786587,16076
18,6,13611,raspi4,cifar10,92.490000,18.523302,0.786587,16076
18,6,6960,raspi4,cifar10,92.280000,17.162752,0.786587,16076
18,6,296,raspi4,cifar10,89.713330,5.163324,0.786587,16076
18,6,7017,raspi4,cifar10,86.970000,2.544041,0.786587,16076
18,6,6584,raspi4,cifar10,94.160000,38.818527,0.786587,16076
18,6,1781,raspi4,cifar10,89.883330,5.961801,0.786587,16076
18,6,10412,raspi4,cifar10,93.530000,25.079220,0.786587,16076
18,6,1973,raspi4,cifar10,91.663330,16.185848,0.786587,16076
18,6,7058,raspi4,cifar10,92.040000,16.469465,0.786587,16076
18,6,3073,raspi4,cifar10,88.980000,4.813324,0.786587,16076
18,6,11810,raspi4,cifar10,92.780000,18.619905,0.786587,16076
18,6,9980,raspi4,cifar10,10.000000,0.011284,0.786587,16076
18,6,6918,raspi4,cifar10,87.000000,2.787590,0.786587,16076
18,6,6382,raspi4,cifar10,93.376660,21.461164,0.786587,16076
18,6,12504,raspi4,cifar10,92.130000,16.890614,0.786587,16076
18,6,1690,raspi4,cifar10,86.646670,2.536549,0.786587,16076
18,6,3887,raspi4,cifar10,90.640000,7.364042,0.786587,16076
18,6,7030,raspi4,cifar10,93.173330,20.230932,0.786587,16076
18,6,4227,raspi4,cifar10,89.636665,5.014174,0.786587,16076
18,7,3888,edgegpu,cifar100,73.260000,6.797867,0.603192,16348
18,7,8401,edgegpu,cifar100,71.080000,3.302102,0.603192,16348
18,7,6124,edgegpu,cifar100,68.360000,3.185835,0.603192,16348
18,7,14677,edgegpu,cifar100,62.420000,1.746187,0.603192,16348
18,7,1425,edgegpu,cifar100,72.093330,5.310225,0.603192,16348
18,7,4954,edgegpu,cifar100,73.000000,6.669736,0.603192,16348
18,7,11067,edgegpu,cifar100,58.186670,1.427836,0.603192,16348
18,7,9922,edgegpu,cifar100,58.560000,1.428552,0.603192,16348
18,7,1509,edgegpu,cifar100,1.000000,0.505853,0.603192,16348
18,7,2778,edgegpu,cifar100,72.993330,6.134028,0.603192,16348
18,7,14527,edgegpu,cifar100,58.590000,1.440539,0.603192,16348
18,7,9930,edgegpu,cifar100,73.513336,6.803060,0.603192,16348
18,7,8912,edgegpu,cifar100,59.200000,1.441355,0.603192,16348
18,7,12415,edgegpu,cifar100,71.940000,4.828467,0.603192,16348
18,7,9997,edgegpu,cifar100,71.520000,3.466139,0.603192,16348
18,7,4418,edgegpu,cifar100,72.746666,5.352364,0.603192,16348
18,7,11885,edgegpu,cifar100,68.040000,1.776652,0.603192,16348
18,7,11810,edgegpu,cifar100,68.300000,1.779551,0.603192,16348
18,7,1038,edgegpu,cifar100,67.500000,1.758428,0.603192,16348
18,8,12415,edgetpu,cifar100,71.940000,0.872299,0.625780,16089
18,8,1110,edgetpu,cifar100,58.840000,0.355938,0.625780,16089
18,8,9930,edgetpu,cifar100,73.513336,1.454107,0.625780,16089
18,8,69,edgetpu,cifar100,71.020000,0.727259,0.625780,16089
18,8,8401,edgetpu,cifar100,71.080000,0.728572,0.625780,16089
18,8,4155,edgetpu,cifar100,62.306667,0.391442,0.625780,16089
18,8,11533,edgetpu,cifar100,69.760000,0.635877,0.625780,16089
18,8,10000,edgetpu,cifar100,73.160000,1.283461,0.625780,16089
18,8,8638,edgetpu,cifar100,58.860000,0.356631,0.625780,16089
18,8,9997,edgetpu,cifar100,71.520000,0.729986,0.625780,16089
18,8,3888,edgetpu,cifar100,73.260000,1.316226,0.625780,16089
18,8,4418,edgetpu,cifar100,72.746666,1.093699,0.625780,16089
18,8,1425,edgetpu,cifar100,72.093330,0.910660,0.625780,16089
18,8,5019,edgetpu,cifar100,58.880000,0.357058,0.625780,16089
18,8,2705,edgetpu,cifar100,62.813330,0.393026,0.625780,16089
18,8,577,edgetpu,cifar100,69.680000,0.635228,0.625780,16089
18,8,7760,edgetpu,cifar100,67.800000,0.489248,0.625780,16089
18,8,13829,edgetpu,cifar100,66.873340,0.485137,0.625780,16089
18,8,797,edgetpu,cifar100,69.580000,0.633351,0.625780,16089
18,8,857,edgetpu,cifar100,72.880000,1.264168,0.625780,16089
18,8,12574,edgetpu,cifar100,72.740000,0.932430,0.625780,16089
18,8,777,edgetpu,cifar100,58.650000,0.355588,0.625780,16089
18,8,1943,edgetpu,cifar100,69.626660,0.634759,0.625780,16089
18,8,1383,edgetpu,cifar100,70.273330,0.673722,0.625780,16089
18,8,11810,edgetpu,cifar100,68.300000,0.492126,0.625780,16089
18,8,9271,edgetpu,cifar100,63.400000,0.393151,0.625780,16089
18,8,4532,edgetpu,cifar100,68.040000,0.489947,0.625780,16089
18,8,14945,edgetpu,cifar100,58.500000,0.354940,0.625780,16089
18,8,898,edgetpu,cifar100,70.000000,0.636860,0.625780,16089
18,8,12761,edgetpu,cifar100,72.860000,1.225212,0.625780,16089
18,8,12607,edgetpu,cifar100,62.600000,0.392830,0.625780,16089
18,8,15363,edgetpu,cifar100,70.520000,0.676394,0.625780,16089
18,8,8912,edgetpu,cifar100,59.200000,0.377698,0.625780,16089
18,8,9541,edgetpu,cifar100,67.660000,0.486829,0.625780,16089
18,9,6925,eyeriss,cifar100,71.220000,3.894400,0.462239,16595
18,9,4659,eyeriss,cifar100,70.060000,3.402880,0.462239,16595
18,9,3888,eyeriss,cifar100,73.260000,6.597760,0.462239,16595
18,9,11301,eyeriss,cifar100,68.220000,2.665600,0.462239,16595
18,9,12574,eyeriss,cifar100,72.740000,5.123200,0.462239,16595
18,9,10689,eyeriss,cifar100,67.500000,2.174080,0.462239,16595
18,9,5084,eyeriss,cifar100,58.813330,1.682560,0.462239,16595
18,9,3540,eyeriss,cifar100,71.500000,4.877440,0.462239,16595
18,9,6787,eyeriss,cifar100,70.720000,3.648640,0.462239,16595
18,9,12820,eyeriss,cifar100,67.720000,2.419840,0.462239,16595
18,9,5651,eyeriss,cifar100,64.690000,1.928320,0.462239,16595
18,9,12761,eyeriss,cifar100,72.860000,6.352000,0.462239,16595
18,9,14112,eyeriss,cifar100,68.386665,2.911360,0.462239,16595
18,9,9930,eyeriss,cifar100,73.513336,9.055360,0.462239,16595
18,10,10689,fpga,cifar100,67.500000,2.163360,0.549290,16214
18,10,6830,fpga,cifar100,71.460000,4.057760,0.549290,16214
18,10,9930,fpga,cifar100,73.513336,7.420960,0.549290,16214
18,10,12574,fpga,cifar100,72.740000,4.678560,0.549290,16214
18,10,11878,fpga,cifar100,65.060000,2.057760,0.549290,16214
18,10,12295,fpga,cifar100,71.160000,3.648160,0.549290,16214
18,10,5651,fpga,cifar100,64.690000,1.648160,0.549290,16214
18,10,11979,fpga,cifar100,68.000000,2.800160,0.549290,16214
18,10,3888,fpga,cifar100,73.260000,5.936160,0.549290,16214
18,10,11973,fpga,cifar100,70.340000,2.905760,0.549290,16214
18,10,8954,fpga,cifar100,58.580000,1.542560,0.549290,16214
18,10,15033,fpga,cifar100,67.793335,2.390560,0.549290,16214
18,10,9997,fpga,cifar100,71.520000,4.572960,0.549290,16214
18,10,12761,fpga,cifar100,72.860000,5.420960,0.549290,16214
18,10,5725,fpga,cifar100,70.600000,3.420960,0.549290,16214
18,10,11000,fpga,cifar100,71.180000,3.936160,0.549290,16214
18,10,1977,fpga,cifar100,58.380000,1.132960,0.549290,16214
18,11,8638,pixel3,cifar100,58.860000,1.478570,0.737845,16023
18,11,485,pixel3,cifar100,67.593330,4.124800,0.737845,16023
18,11,9649,pixel3,cifar100,64.540000,2.536210,0.737845,16023
18,11,777,pixel3,cifar100,58.650000,1.087020,0.737845,16023
18,11,1459,pixel3,cifar100,73.140000,23.437900,0.737845,16023
18,11,3888,pixel3,cifar100,73.260000,23.477200,0.737845,16023
18,11,12970,pixel3,cifar100,68.140000,4.782110,0.737845,16023
18,11,6925,pixel3,cifar100,71.220000,10.688000,0.737845,16023
18,11,1593,pixel3,cifar100,62.126667,1.582050,0.737845,16023
18,11,978,pixel3,cifar100,64.180000,2.372340,0.737845,16023
18,11,6337,pixel3,cifar100,1.000000,0.008753,0.737845,16023
18,11,857,pixel3,cifar100,72.880000,19.113200,0.737845,16023
18,11,1450,pixel3,cifar100,70.506670,9.337360,0.737845,16023
18,11,898,pixel3,cifar100,70.000000,6.516140,0.737845,16023
18,11,9930,pixel3,cifar100,73.513336,42.003600,0.737845,16023
18,11,4659,pixel3,cifar100,70.060000,9.026280,0.737845,16023
18,11,45,pixel3,cifar100,64.153336,2.368020,0.737845,16023
18,11,15363,pixel3,cifar100,70.520000,9.708640,0.737845,16023
18,11,14112,pixel3,cifar100,68.386665,5.745320,0.737845,16023
18,11,14697,pixel3,cifar100,64.213330,2.375350,0.737845,16023
18,11,1409,pixel3,cifar100,58.853333,1.275090,0.737845,16023
18,11,724,pixel3,cifar100,67.053340,2.875650,0.737845,16023
18,11,2649,pixel3,cifar100,64.446660,2.496890,0.737845,16023
18,11,10689,pixel3,cifar100,67.500000,3.109220,0.737845,16023
18,11,11301,pixel3,cifar100,68.220000,5.352090,0.737845,16023
18,11,699,pixel3,cifar100,72.240000,12.079400,0.737845,16023
18,11,11000,pixel3,cifar100,71.180000,10.677600,0.737845,16023
18,11,1781,pixel3,cifar100,64.326670,2.386170,0.737845,16023
18,11,1090,pixel3,cifar100,65.220000,2.811310,0.737845,16023
18,11,12574,pixel3,cifar100,72.740000,16.473900,0.737845,16023
18,11,1631,pixel3,cifar100,63.986668,1.805000,0.737845,16023
18,11,906,pixel3,cifar100,62.393333,1.661810,0.737845,16023
18,11,1616,pixel3,cifar100,63.946667,1.731160,0.737845,16023
18,11,6787,pixel3,cifar100,70.720000,9.854430,0.737845,16023
18,11,8912,pixel3,cifar100,59.200000,1.478790,0.737845,16023
18,12,1572,raspi4,cifar100,69.900000,19.916142,0.719024,16090
18,12,898,raspi4,cifar100,70.000000,21.506163,0.719024,16090
18,12,1357,raspi4,cifar100,67.480000,10.177114,0.719024,16090
18,12,9926,raspi4,cifar100,63.520000,4.999532,0.719024,16090
18,12,8323,raspi4,cifar100,67.080000,7.271148,0.719024,16090
18,12,12574,raspi4,cifar100,72.740000,36.371254,0.719024,16090
18,12,4418,raspi4,cifar100,72.746666,47.162354,0.719024,16090
18,12,6918,raspi4,cifar100,58.800000,2.571364,0.719024,16090
18,12,5651,raspi4,cifar100,64.690000,5.126510,0.719024,16090
18,12,9997,raspi4,cifar100,71.520000,34.996710,0.719024,16090
18,12,3307,raspi4,cifar100,62.620000,4.846187,0.719024,16090
18,12,1459,raspi4,cifar100,73.140000,53.879950,0.719024,16090
18,12,9930,raspi4,cifar100,73.513336,71.152000,0.719024,16090
18,12,14792,raspi4,cifar100,69.500000,19.111843,0.719024,16090
18,12,15589,raspi4,cifar100,59.060000,2.795078,0.719024,16090
18,12,3888,raspi4,cifar100,73.260000,55.029520,0.719024,16090
18,12,8740,raspi4,cifar100,1.000000,0.015215,0.719024,16090
18,12,2222,raspi4,cifar100,58.313330,2.538255,0.719024,16090
18,12,7031,raspi4,cifar100,69.526665,19.879576,0.719024,16090
18,12,6822,raspi4,cifar100,58.426666,2.558594,0.719024,16090
18,12,375,raspi4,cifar100,64.440000,5.099302,0.719024,16090
18,12,13430,raspi4,cifar100,66.700000,7.203785,0.719024,16090
18,12,7115,raspi4,cifar100,68.160000,14.756705,0.719024,16090
18,12,14612,raspi4,cifar100,58.720000,2.563505,0.719024,16090
18,12,10222,raspi4,cifar100,58.860000,2.747804,0.719024,16090
18,12,10166,raspi4,cifar100,62.700000,4.857379,0.719024,16090
18,12,15363,raspi4,cifar100,70.520000,21.809430,0.719024,16090
18,12,6925,raspi4,cifar100,71.220000,24.195030,0.719024,16090
18,12,1616,raspi4,cifar100,63.946667,5.080509,0.719024,16090
18,12,12607,raspi4,cifar100,62.600000,4.779045,0.719024,16090
18,12,13846,raspi4,cifar100,66.746666,7.239895,0.719024,16090
18,12,12761,raspi4,cifar100,72.860000,53.718200,0.719024,16090
18,12,6830,raspi4,cifar100,71.460000,34.491814,0.719024,16090
18,12,1204,raspi4,cifar100,66.773330,7.270641,0.719024,16090
18,12,15137,raspi4,cifar100,63.160000,4.941014,0.719024,16090
18,12,3408,raspi4,cifar100,63.993332,5.081906,0.719024,16090
18,12,2035,raspi4,cifar100,63.926666,5.005698,0.719024,16090
18,12,3487,raspi4,cifar100,70.093330,21.603350,0.719024,16090
18,13,4946,edgegpu,ImageNet16-120,44.700000,3.490419,0.645575,16199
18,13,8884,edgegpu,ImageNet16-120,45.033333,3.499999,0.645575,16199
18,13,14117,edgegpu,ImageNet16-120,28.677778,1.435547,0.645575,16199
18,13,11217,edgegpu,ImageNet16-120,43.466667,3.316708,0.645575,16199
18,13,857,edgegpu,ImageNet16-120,47.311110,6.707663,0.645575,16199
18,13,8426,edgegpu,ImageNet16-120,44.633335,3.370147,0.645575,16199
18,13,4988,edgegpu,ImageNet16-120,28.933332,1.448212,0.645575,16199
18,13,15159,edgegpu,ImageNet16-120,45.566666,4.632421,0.645575,16199
18,13,1164,edgegpu,ImageNet16-120,28.522223,1.435223,0.645575,16199
18,13,9722,edgegpu,ImageNet16-120,44.000000,3.327813,0.645575,16199
18,13,5674,edgegpu,ImageNet16-120,39.650000,1.763358,0.645575,16199
18,13,4587,edgegpu,ImageNet16-120,28.800000,1.445131,0.645575,16199
18,13,4332,edgegpu,ImageNet16-120,39.444443,1.745496,0.645575,16199
18,13,8401,edgegpu,ImageNet16-120,43.833332,3.322444,0.645575,16199
18,13,10835,edgegpu,ImageNet16-120,45.233334,4.434366,0.645575,16199
18,13,15383,edgegpu,ImageNet16-120,47.033333,6.262836,0.645575,16199
18,13,9586,edgegpu,ImageNet16-120,46.933334,5.222673,0.645575,16199
18,13,13411,edgegpu,ImageNet16-120,31.855556,1.736240,0.645575,16199
18,13,7187,edgegpu,ImageNet16-120,28.683332,1.443858,0.645575,16199
18,13,7760,edgegpu,ImageNet16-120,39.100000,1.743751,0.645575,16199
18,13,2650,edgegpu,ImageNet16-120,42.433334,3.309817,0.645575,16199
18,13,11438,edgegpu,ImageNet16-120,39.733334,1.903386,0.645575,16199
18,13,14612,edgegpu,ImageNet16-120,28.488890,1.434064,0.645575,16199
18,13,8355,edgegpu,ImageNet16-120,39.666668,1.810203,0.645575,16199
18,13,15376,edgegpu,ImageNet16-120,0.833333,0.533953,0.645575,16199
18,13,15288,edgegpu,ImageNet16-120,28.422222,1.417041,0.645575,16199
18,13,12415,edgegpu,ImageNet16-120,46.566666,4.667692,0.645575,16199
18,13,454,edgegpu,ImageNet16-120,41.277780,3.303313,0.645575,16199
18,13,6950,edgegpu,ImageNet16-120,38.700000,1.740150,0.645575,16199
18,13,10947,edgegpu,ImageNet16-120,39.944443,1.909800,0.645575,16199
18,14,10888,edgetpu,ImageNet16-120,28.333334,0.359044,0.663442,16033
18,14,4160,edgetpu,ImageNet16-120,39.833332,0.430355,0.663442,16033
18,14,7357,edgetpu,ImageNet16-120,44.666668,0.600498,0.663442,16033
18,14,13769,edgetpu,ImageNet16-120,41.555557,0.549360,0.663442,16033
18,14,323,edgetpu,ImageNet16-120,32.800000,0.377385,0.663442,16033
18,14,8884,edgetpu,ImageNet16-120,45.033333,0.615792,0.663442,16033
18,14,5586,edgetpu,ImageNet16-120,40.811110,0.546420,0.663442,16033
18,14,9689,edgetpu,ImageNet16-120,42.533333,0.549702,0.663442,16033
18,14,15383,edgetpu,ImageNet16-120,47.033333,0.780914,0.663442,16033
18,14,7273,edgetpu,ImageNet16-120,42.966667,0.550014,0.663442,16033
18,14,3540,edgetpu,ImageNet16-120,45.122223,0.648670,0.663442,16033
18,14,7837,edgetpu,ImageNet16-120,32.111110,0.363571,0.663442,16033
18,14,13972,edgetpu,ImageNet16-120,31.933332,0.363440,0.663442,16033
18,14,15363,edgetpu,ImageNet16-120,44.333332,0.582280,0.663442,16033
18,14,5530,edgetpu,ImageNet16-120,42.577778,0.549937,0.663442,16033
18,14,12415,edgetpu,ImageNet16-120,46.566666,0.710906,0.663442,16033
18,14,15014,edgetpu,ImageNet16-120,28.266666,0.358110,0.663442,16033
18,14,6407,edgetpu,ImageNet16-120,32.333332,0.363748,0.663442,16033
18,14,13931,edgetpu,ImageNet16-120,28.788889,0.360349,0.663442,16033
18,14,12231,edgetpu,ImageNet16-120,40.200000,0.518358,0.663442,16033
18,14,6520,edgetpu,ImageNet16-120,32.383335,0.363944,0.663442,16033
18,14,857,edgetpu,ImageNet16-120,47.311110,0.997730,0.663442,16033
18,14,7750,edgetpu,ImageNet16-120,43.066666,0.551617,0.663442,16033
18,14,5751,edgetpu,ImageNet16-120,40.044445,0.516992,0.663442,16033
18,14,4988,edgetpu,ImageNet16-120,28.933332,0.360694,0.663442,16033
18,14,11282,edgetpu,ImageNet16-120,39.633335,0.428409,0.663442,16033
18,14,5302,edgetpu,ImageNet16-120,38.833332,0.427711,0.663442,16033
18,14,70,edgetpu,ImageNet16-120,39.377777,0.428228,0.663442,16033
18,14,6950,edgetpu,ImageNet16-120,38.700000,0.427379,0.663442,16033
18,14,4830,edgetpu,ImageNet16-120,42.233334,0.549457,0.663442,16033
18,14,11079,edgetpu,ImageNet16-120,43.566666,0.552430,0.663442,16033
18,14,6858,edgetpu,ImageNet16-120,40.333332,0.541300,0.663442,16033
18,14,14662,edgetpu,ImageNet16-120,41.166668,0.547835,0.663442,16033
18,14,1973,edgetpu,ImageNet16-120,38.855556,0.427802,0.663442,16033
18,14,13097,edgetpu,ImageNet16-120,39.655556,0.428424,0.663442,16033
18,14,8447,edgetpu,ImageNet16-120,40.011112,0.514586,0.663442,16033
18,14,10332,edgetpu,ImageNet16-120,40.033333,0.516152,0.663442,16033
18,14,550,edgetpu,ImageNet16-120,33.177776,0.391468,0.663442,16033
18,15,1939,eyeriss,ImageNet16-120,45.077778,0.976000,0.487616,16425
18,15,6787,eyeriss,ImageNet16-120,44.400000,0.914560,0.487616,16425
18,15,8008,eyeriss,ImageNet16-120,43.500000,0.853120,0.487616,16425
18,15,15383,eyeriss,ImageNet16-120,47.033333,1.283200,0.487616,16425
18,15,2835,eyeriss,ImageNet16-120,38.222220,0.545920,0.487616,16425
18,15,735,eyeriss,ImageNet16-120,38.544445,0.607360,0.487616,16425
18,15,857,eyeriss,ImageNet16-120,47.311110,1.651840,0.487616,16425
18,15,8853,eyeriss,ImageNet16-120,45.600000,1.037440,0.487616,16425
18,15,6854,eyeriss,ImageNet16-120,40.800000,0.668800,0.487616,16425
18,15,4829,eyeriss,ImageNet16-120,34.200000,0.484480,0.487616,16425
18,15,14417,eyeriss,ImageNet16-120,45.900000,1.098880,0.487616,16425
18,15,4988,eyeriss,ImageNet16-120,28.933332,0.423040,0.487616,16425
18,16,6854,fpga,ImageNet16-120,40.800000,0.809120,0.523688,16164
18,16,14748,fpga,ImageNet16-120,44.900000,0.995200,0.523688,16164
18,16,4988,fpga,ImageNet16-120,28.933332,0.284320,0.523688,16164
18,16,15446,fpga,ImageNet16-120,45.766666,1.116320,0.523688,16164
18,16,15383,fpga,ImageNet16-120,47.033333,1.504000,0.523688,16164
18,16,6787,fpga,ImageNet16-120,44.400000,0.969600,0.523688,16164
18,16,2835,fpga,ImageNet16-120,38.222220,0.546720,0.523688,16164
18,16,11079,fpga,ImageNet16-120,43.566666,0.902400,0.523688,16164
18,16,1939,fpga,ImageNet16-120,45.077778,1.062400,0.523688,16164
18,16,857,fpga,ImageNet16-120,47.311110,2.038400,0.523688,16164
18,16,4829,fpga,ImageNet16-120,34.200000,0.415520,0.523688,16164
18,16,12452,fpga,ImageNet16-120,40.533333,0.780320,0.523688,16164
18,16,8008,fpga,ImageNet16-120,43.500000,0.876800,0.523688,16164
18,16,6868,fpga,ImageNet16-120,39.000000,0.649120,0.523688,16164
18,16,5793,fpga,ImageNet16-120,35.033333,0.517920,0.523688,16164
18,17,25,pixel3,ImageNet16-120,28.300000,0.422510,0.858392,16121
18,17,8627,pixel3,ImageNet16-120,43.633335,2.707490,0.858392,16121
18,17,4004,pixel3,ImageNet16-120,42.811110,2.467510,0.858392,16121
18,17,3728,pixel3,ImageNet16-120,28.500000,0.422880,0.858392,16121
18,17,15446,pixel3,ImageNet16-120,45.766666,3.439380,0.858392,16121
18,17,4675,pixel3,ImageNet16-120,33.100000,0.620036,0.858392,16121
18,17,898,pixel3,ImageNet16-120,42.466667,2.467210,0.858392,16121
18,17,10154,pixel3,ImageNet16-120,46.133335,4.783700,0.858392,16121
18,17,4409,pixel3,ImageNet16-120,37.722220,0.862979,0.858392,16121
18,17,1425,pixel3,ImageNet16-120,45.977780,4.619290,0.858392,16121
18,17,1549,pixel3,ImageNet16-120,28.655556,0.424747,0.858392,16121
18,17,11000,pixel3,ImageNet16-120,44.866665,2.962520,0.858392,16121
18,17,1110,pixel3,ImageNet16-120,28.600000,0.423927,0.858392,16121
18,17,4587,pixel3,ImageNet16-120,28.800000,0.445767,0.858392,16121
18,17,872,pixel3,ImageNet16-120,41.777780,2.465030,0.858392,16121
18,17,2018,pixel3,ImageNet16-120,46.433334,4.949210,0.858392,16121
18,17,12103,pixel3,ImageNet16-120,28.250000,0.422433,0.858392,16121
18,17,1860,pixel3,ImageNet16-120,28.433332,0.422587,0.858392,16121
18,17,4384,pixel3,ImageNet16-120,28.133333,0.421612,0.858392,16121
18,17,10412,pixel3,ImageNet16-120,43.733334,2.753550,0.858392,16121
18,17,735,pixel3,ImageNet16-120,38.544445,1.107950,0.858392,16121
18,17,12452,pixel3,ImageNet16-120,40.533333,1.504410,0.858392,16121
18,17,6854,pixel3,ImageNet16-120,40.800000,1.621620,0.858392,16121
18,17,12036,pixel3,ImageNet16-120,33.977780,0.665306,0.858392,16121
18,17,6014,pixel3,ImageNet16-120,28.533333,0.423391,0.858392,16121
18,17,2002,pixel3,ImageNet16-120,32.277780,0.617751,0.858392,16121
18,17,11079,pixel3,ImageNet16-120,43.566666,2.479610,0.858392,16121
18,17,1204,pixel3,ImageNet16-120,37.844444,0.864966,0.858392,16121
18,17,1939,pixel3,ImageNet16-120,45.077778,3.021500,0.858392,16121
18,17,857,pixel3,ImageNet16-120,47.311110,6.686850,0.858392,16121
18,17,12639,pixel3,ImageNet16-120,40.400000,1.304440,0.858392,16121
18,17,4988,pixel3,ImageNet16-120,28.933332,0.485996,0.858392,16121
18,17,12424,pixel3,ImageNet16-120,43.133330,2.470150,0.858392,16121
18,17,12466,pixel3,ImageNet16-120,46.100000,4.680280,0.858392,16121
18,17,7685,pixel3,ImageNet16-120,37.611110,0.862589,0.858392,16121
18,17,2835,pixel3,ImageNet16-120,38.222220,0.868646,0.858392,16121
18,17,15383,pixel3,ImageNet16-120,47.033333,5.191720,0.858392,16121
18,17,13059,pixel3,ImageNet16-120,34.266666,0.668679,0.858392,16121
18,17,12506,pixel3,ImageNet16-120,43.983334,2.929990,0.858392,16121
18,17,8954,pixel3,ImageNet16-120,28.733334,0.424855,0.858392,16121
18,17,2050,pixel3,ImageNet16-120,0.833333,0.005526,0.858392,16121
18,17,4977,pixel3,ImageNet16-120,32.966667,0.617991,0.858392,16121
18,18,14677,raspi4,ImageNet16-120,33.233334,1.537227,0.838795,16196
18,18,12505,raspi4,ImageNet16-120,39.283333,3.062432,0.838795,16196
18,18,3650,raspi4,ImageNet16-120,43.866665,4.475790,0.838795,16196
18,18,10472,raspi4,ImageNet16-120,39.633335,3.079679,0.838795,16196
18,18,3782,raspi4,ImageNet16-120,41.866665,3.755286,0.838795,16196
18,18,4988,raspi4,ImageNet16-120,28.933332,1.003251,0.838795,16196
18,18,13931,raspi4,ImageNet16-120,28.788889,0.956195,0.838795,16196
18,18,12424,raspi4,ImageNet16-120,43.133330,3.805729,0.838795,16196
18,18,13771,raspi4,ImageNet16-120,32.744446,1.533813,0.838795,16196
18,18,8884,raspi4,ImageNet16-120,45.033333,5.293177,0.838795,16196
18,18,8447,raspi4,ImageNet16-120,40.011112,3.156609,0.838795,16196
18,18,15363,raspi4,ImageNet16-120,44.333332,4.480516,0.838795,16196
18,18,3431,raspi4,ImageNet16-120,32.966667,1.536690,0.838795,16196
18,18,3960,raspi4,ImageNet16-120,37.755554,2.197980,0.838795,16196
18,18,1204,raspi4,ImageNet16-120,37.844444,2.199356,0.838795,16196
18,18,1413,raspi4,ImageNet16-120,42.711113,3.788479,0.838795,16196
18,18,1188,raspi4,ImageNet16-120,32.455555,1.526725,0.838795,16196
18,18,15383,raspi4,ImageNet16-120,47.033333,8.565354,0.838795,16196
18,18,15107,raspi4,ImageNet16-120,39.800000,3.083329,0.838795,16196
18,18,6868,raspi4,ImageNet16-120,39.000000,2.982937,0.838795,16196
18,18,219,raspi4,ImageNet16-120,42.500000,3.768475,0.838795,16196
18,18,6787,raspi4,ImageNet16-120,44.400000,4.532777,0.838795,16196
18,18,14417,raspi4,ImageNet16-120,45.900000,6.948865,0.838795,16196
18,18,7551,raspi4,ImageNet16-120,38.477780,2.950436,0.838795,16196
18,18,5637,raspi4,ImageNet16-120,33.933334,1.580707,0.838795,16196
18,18,8426,raspi4,ImageNet16-120,44.633335,5.288439,0.838795,16196
18,18,857,raspi4,ImageNet16-120,47.311110,9.020064,0.838795,16196
18,18,1939,raspi4,ImageNet16-120,45.077778,5.341908,0.838795,16196
18,18,2018,raspi4,ImageNet16-120,46.433334,7.482383,0.838795,16196
18,18,5530,raspi4,ImageNet16-120,42.577778,3.785925,0.838795,16196
18,18,6854,raspi4,ImageNet16-120,40.800000,3.661016,0.838795,16196
18,18,11209,raspi4,ImageNet16-120,33.266666,1.580655,0.838795,16196
18,18,2112,raspi4,ImageNet16-120,38.355556,2.925188,0.838795,16196
18,18,3687,raspi4,ImageNet16-120,34.066666,1.583497,0.838795,16196
18,18,2779,raspi4,ImageNet16-120,37.355556,2.190654,0.838795,16196
18,18,10017,raspi4,ImageNet16-120,40.566666,3.181383,0.838795,16196
18,18,3496,raspi4,ImageNet16-120,34.233334,1.598666,0.838795,16196
18,18,10835,raspi4,ImageNet16-120,45.233334,6.632419,0.838795,16196
18,18,9496,raspi4,ImageNet16-120,38.200000,2.204048,0.838795,16196
18,18,933,raspi4,ImageNet16-120,0.833333,0.011514,0.838795,16196
18,18,4995,raspi4,ImageNet16-120,42.166668,3.766336,0.838795,16196
18,18,9032,raspi4,ImageNet16-120,38.016666,2.201532,0.838795,16196
18,18,11946,raspi4,ImageNet16-120,28.200000,0.940293,0.838795,16196
18,18,8355,raspi4,ImageNet16-120,39.666668,3.083286,0.838795,16196
18,18,5455,raspi4,ImageNet16-120,32.611110,1.532377,0.838795,16196
18,18,7187,raspi4,ImageNet16-120,28.683332,0.952790,0.838795,16196
18,18,5973,raspi4,ImageNet16-120,40.100000,3.159922,0.838795,16196
18,18,6336,raspi4,ImageNet16-120,39.366665,3.073392,0.838795,16196
18,18,4627,raspi4,ImageNet16-120,43.500000,3.811407,0.838795,16196
18,18,2904,raspi4,ImageNet16-120,42.744446,3.799936,0.838795,16196
19,1,10683,edgegpu,cifar10,92.330000,1.924162,0.638991,16368
19,1,13714,edgegpu,cifar10,94.373340,6.772180,0.638991,16368
19,1,2053,edgegpu,cifar10,94.206665,5.482254,0.638991,16368
19,1,6330,edgegpu,cifar10,94.006670,4.384699,0.638991,16368
19,1,1601,edgegpu,cifar10,86.336670,1.433892,0.638991,16368
19,1,561,edgegpu,cifar10,86.880000,1.451068,0.638991,16368
19,1,11810,edgegpu,cifar10,92.780000,1.992798,0.638991,16368
19,1,13401,edgegpu,cifar10,87.010000,1.457009,0.638991,16368
19,1,14527,edgegpu,cifar10,86.765000,1.439619,0.638991,16368
19,1,1459,edgegpu,cifar10,94.296670,6.748991,0.638991,16368
19,1,11692,edgegpu,cifar10,94.130000,4.708362,0.638991,16368
19,1,6960,edgegpu,cifar10,92.280000,1.764450,0.638991,16368
19,1,1339,edgegpu,cifar10,92.136665,1.751881,0.638991,16368
19,1,6259,edgegpu,cifar10,86.443340,1.433926,0.638991,16368
19,1,10222,edgegpu,cifar10,86.200000,1.429176,0.638991,16368
19,1,14407,edgegpu,cifar10,86.770000,1.440282,0.638991,16368
19,1,15200,edgegpu,cifar10,10.000000,0.501385,0.638991,16368
19,1,9099,edgegpu,cifar10,93.940000,3.357520,0.638991,16368
19,1,5292,edgegpu,cifar10,94.293335,6.663151,0.638991,16368
19,1,5780,edgegpu,cifar10,93.980000,3.361888,0.638991,16368
19,1,10484,edgegpu,cifar10,93.810000,3.354015,0.638991,16368
19,1,6950,edgegpu,cifar10,92.000000,1.738467,0.638991,16368
19,1,2776,edgegpu,cifar10,93.666664,3.331194,0.638991,16368
19,1,1549,edgegpu,cifar10,86.710000,1.436324,0.638991,16368
19,1,14392,edgegpu,cifar10,86.520000,1.435742,0.638991,16368
19,1,6499,edgegpu,cifar10,93.645000,3.331041,0.638991,16368
19,2,9380,edgetpu,cifar10,89.335000,0.395662,0.772388,16391
19,2,6407,edgetpu,cifar10,88.933334,0.389381,0.772388,16391
19,2,797,edgetpu,cifar10,93.280000,0.627996,0.772388,16391
19,2,6918,edgetpu,cifar10,87.000000,0.375819,0.772388,16391
19,2,10581,edgetpu,cifar10,89.015000,0.390403,0.772388,16391
19,2,970,edgetpu,cifar10,86.770000,0.371488,0.772388,16391
19,2,10683,edgetpu,cifar10,92.330000,0.481277,0.772388,16391
19,2,1595,edgetpu,cifar10,88.963330,0.389815,0.772388,16391
19,2,1005,edgetpu,cifar10,89.183334,0.392518,0.772388,16391
19,2,13714,edgetpu,cifar10,94.373340,1.377865,0.772388,16391
19,2,11472,edgetpu,cifar10,93.970000,0.725244,0.772388,16391
19,2,4675,edgetpu,cifar10,89.200000,0.395661,0.772388,16391
19,2,13611,edgetpu,cifar10,92.490000,0.481826,0.772388,16391
19,2,6382,edgetpu,cifar10,93.376660,0.628638,0.772388,16391
19,2,11692,edgetpu,cifar10,94.130000,0.761100,0.772388,16391
19,2,2053,edgetpu,cifar10,94.206665,1.042178,0.772388,16391
19,2,11438,edgetpu,cifar10,92.500000,0.482393,0.772388,16391
19,2,5111,edgetpu,cifar10,94.306660,1.152010,0.772388,16391
19,2,3731,edgetpu,cifar10,94.343330,1.282820,0.772388,16391
19,2,8192,edgetpu,cifar10,93.093330,0.627745,0.772388,16391
19,2,14527,edgetpu,cifar10,86.765000,0.365664,0.772388,16391
19,2,5224,edgetpu,cifar10,88.980000,0.389900,0.772388,16391
19,2,2240,edgetpu,cifar10,91.990000,0.480973,0.772388,16391
19,2,8008,edgetpu,cifar10,93.480000,0.629746,0.772388,16391
19,2,9689,edgetpu,cifar10,93.370000,0.628386,0.772388,16391
19,2,9950,edgetpu,cifar10,93.840000,0.723767,0.772388,16391
19,2,10815,edgetpu,cifar10,88.970000,0.389885,0.772388,16391
19,2,2485,edgetpu,cifar10,86.700000,0.346546,0.772388,16391
19,2,3927,edgetpu,cifar10,93.626660,0.723268,0.772388,16391
19,2,10167,edgetpu,cifar10,92.020000,0.481180,0.772388,16391
19,2,6515,edgetpu,cifar10,93.616670,0.722858,0.772388,16391
19,2,6584,edgetpu,cifar10,94.160000,0.888877,0.772388,16391
19,3,8323,eyeriss,cifar10,90.870000,2.171060,0.542816,16461
19,3,6899,eyeriss,cifar10,90.900000,2.416820,0.542816,16461
19,3,4384,eyeriss,cifar10,86.796670,1.679540,0.542816,16461
19,3,13714,eyeriss,cifar10,94.373340,7.823540,0.542816,16461
19,3,5111,eyeriss,cifar10,94.306660,5.365940,0.542816,16461
19,3,6111,eyeriss,cifar10,94.373340,7.823540,0.542816,16461
19,3,3731,eyeriss,cifar10,94.343330,6.594740,0.542816,16461
19,3,8592,eyeriss,cifar10,93.750000,3.891380,0.542816,16461
19,3,8008,eyeriss,cifar10,93.480000,3.399860,0.542816,16461
19,3,11692,eyeriss,cifar10,94.130000,4.874420,0.542816,16461
19,3,13611,eyeriss,cifar10,92.490000,3.154100,0.542816,16461
19,3,11472,eyeriss,cifar10,93.970000,4.628660,0.542816,16461
19,3,10412,eyeriss,cifar10,93.530000,3.645620,0.542816,16461
19,3,14112,eyeriss,cifar10,91.296670,2.908340,0.542816,16461
19,3,12438,eyeriss,cifar10,89.875000,1.925300,0.542816,16461
19,3,6854,eyeriss,cifar10,91.040000,2.662580,0.542816,16461
19,4,6111,fpga,cifar10,94.373340,6.678560,0.496845,16199
19,4,8008,fpga,cifar10,93.480000,2.905760,0.496845,16199
19,4,13714,fpga,cifar10,94.373340,6.678560,0.496845,16199
19,4,3731,fpga,cifar10,94.343330,5.936160,0.496845,16199
19,4,8720,fpga,cifar10,89.875000,1.648160,0.496845,16199
19,4,11472,fpga,cifar10,93.970000,3.648160,0.496845,16199
19,4,6584,fpga,cifar10,94.160000,4.163360,0.496845,16199
19,4,4384,fpga,cifar10,86.796670,1.132960,0.496845,16199
19,4,5111,fpga,cifar10,94.306660,5.193760,0.496845,16199
19,4,13611,fpga,cifar10,92.490000,2.390560,0.496845,16199
19,4,10412,fpga,cifar10,93.530000,3.420960,0.496845,16199
19,4,8323,fpga,cifar10,90.870000,2.163360,0.496845,16199
19,4,12438,fpga,cifar10,89.875000,1.648160,0.496845,16199
19,5,1943,pixel3,cifar10,93.116670,6.492030,0.772634,16114
19,5,7197,pixel3,cifar10,90.366670,2.447670,0.772634,16114
19,5,5111,pixel3,cifar10,94.306660,17.584600,0.772634,16114
19,5,8836,pixel3,cifar10,92.220000,6.313990,0.772634,16114
19,5,6111,pixel3,cifar10,94.373340,23.584800,0.772634,16114
19,5,13171,pixel3,cifar10,93.530000,7.717220,0.772634,16114
19,5,6918,pixel3,cifar10,87.000000,1.478790,0.772634,16114
19,5,11692,pixel3,cifar10,94.130000,15.490100,0.772634,16114
19,5,2779,pixel3,cifar10,90.806660,3.102950,0.772634,16114
19,5,4432,pixel3,cifar10,90.700000,2.826310,0.772634,16114
19,5,1804,pixel3,cifar10,89.063330,1.579900,0.772634,16114
19,5,3731,pixel3,cifar10,94.343330,23.361300,0.772634,16114
19,5,1781,pixel3,cifar10,89.883330,1.712020,0.772634,16114
19,5,6985,pixel3,cifar10,89.940000,2.367450,0.772634,16114
19,5,7001,pixel3,cifar10,10.000000,0.003277,0.772634,16114
19,5,1497,pixel3,cifar10,86.556660,1.056630,0.772634,16114
19,5,6382,pixel3,cifar10,93.376660,7.048190,0.772634,16114
19,5,1425,pixel3,cifar10,93.933334,12.536500,0.772634,16114
19,5,4554,pixel3,cifar10,86.670000,1.114880,0.772634,16114
19,5,9230,pixel3,cifar10,86.580000,1.056760,0.772634,16114
19,5,6854,pixel3,cifar10,91.040000,4.514220,0.772634,16114
19,5,8695,pixel3,cifar10,94.220000,17.564500,0.772634,16114
19,5,6863,pixel3,cifar10,86.740000,1.229320,0.772634,16114
19,5,6999,pixel3,cifar10,93.820000,12.260900,0.772634,16114
19,5,8592,pixel3,cifar10,93.750000,10.769800,0.772634,16114
19,5,8323,pixel3,cifar10,90.870000,3.106420,0.772634,16114
19,5,12820,pixel3,cifar10,90.880000,3.982790,0.772634,16114
19,5,13869,pixel3,cifar10,93.656670,10.634700,0.772634,16114
19,5,6434,pixel3,cifar10,91.080000,4.811140,0.772634,16114
19,5,1631,pixel3,cifar10,89.506670,1.697120,0.772634,16114
19,5,4627,pixel3,cifar10,93.270000,7.036050,0.772634,16114
19,5,1339,pixel3,cifar10,92.136665,5.802240,0.772634,16114
19,5,12452,pixel3,cifar10,91.350000,5.590110,0.772634,16114
19,5,13987,pixel3,cifar10,93.596664,9.922680,0.772634,16114
19,5,1941,pixel3,cifar10,93.533330,9.128690,0.772634,16114
19,5,41,pixel3,cifar10,88.670000,1.576940,0.772634,16114
19,5,7017,pixel3,cifar10,86.970000,1.403930,0.772634,16114
19,5,8708,pixel3,cifar10,94.080000,12.839000,0.772634,16114
19,6,10275,raspi4,cifar10,91.080000,9.993188,0.836549,16017
19,6,3073,raspi4,cifar10,88.980000,4.813324,0.836549,16017
19,6,4689,raspi4,cifar10,90.720000,7.356712,0.836549,16017
19,6,13611,raspi4,cifar10,92.490000,18.523302,0.836549,16017
19,6,3731,raspi4,cifar10,94.343330,58.070793,0.836549,16017
19,6,7207,raspi4,cifar10,89.803340,5.099723,0.836549,16017
19,6,4409,raspi4,cifar10,90.590000,7.329025,0.836549,16017
19,6,7030,raspi4,cifar10,93.173330,20.230932,0.836549,16017
19,6,4112,raspi4,cifar10,89.710000,5.004419,0.836549,16017
19,6,8592,raspi4,cifar10,93.750000,25.477009,0.836549,16017
19,6,1781,raspi4,cifar10,89.883330,5.961801,0.836549,16017
19,6,6382,raspi4,cifar10,93.376660,21.461164,0.836549,16017
19,6,8426,raspi4,cifar10,93.840000,31.394428,0.836549,16017
19,6,5111,raspi4,cifar10,94.306660,41.756905,0.836549,16017
19,6,12504,raspi4,cifar10,92.130000,16.890614,0.836549,16017
19,6,5915,raspi4,cifar10,86.846664,2.776470,0.836549,16017
19,6,9380,raspi4,cifar10,89.335000,4.875613,0.836549,16017
19,6,10412,raspi4,cifar10,93.530000,25.079220,0.836549,16017
19,6,7174,raspi4,cifar10,88.870000,4.784453,0.836549,16017
19,6,12387,raspi4,cifar10,88.930000,4.797579,0.836549,16017
19,6,6014,raspi4,cifar10,86.690000,2.736959,0.836549,16017
19,6,8323,raspi4,cifar10,90.870000,7.426308,0.836549,16017
19,6,2090,raspi4,cifar10,86.650000,2.558456,0.836549,16017
19,6,13430,raspi4,cifar10,90.580000,7.299066,0.836549,16017
19,6,11810,raspi4,cifar10,92.780000,18.619905,0.836549,16017
19,6,5780,raspi4,cifar10,93.980000,34.928463,0.836549,16017
19,6,6111,raspi4,cifar10,94.373340,68.404106,0.836549,16017
19,6,11692,raspi4,cifar10,94.130000,37.583630,0.836549,16017
19,6,7058,raspi4,cifar10,92.040000,16.469465,0.836549,16017
19,6,4659,raspi4,cifar10,93.396670,22.249382,0.836549,16017
19,6,9271,raspi4,cifar10,89.250000,4.830311,0.836549,16017
19,6,6953,raspi4,cifar10,91.990000,15.601654,0.836549,16017
19,6,7210,raspi4,cifar10,92.180000,18.080248,0.836549,16017
19,6,1962,raspi4,cifar10,86.530000,2.529453,0.836549,16017
19,6,6918,raspi4,cifar10,87.000000,2.787590,0.836549,16017
19,6,1690,raspi4,cifar10,86.646670,2.536549,0.836549,16017
19,6,4384,raspi4,cifar10,86.796670,2.759305,0.836549,16017
19,6,9980,raspi4,cifar10,10.000000,0.011284,0.836549,16017
19,6,1941,raspi4,cifar10,93.533330,25.121769,0.836549,16017
19,6,12002,raspi4,cifar10,93.510000,24.816572,0.836549,16017
19,6,8008,raspi4,cifar10,93.480000,22.571420,0.836549,16017
19,6,3687,raspi4,cifar10,89.820000,5.156255,0.836549,16017
19,6,1099,raspi4,cifar10,92.240000,18.358124,0.836549,16017
19,7,8912,edgegpu,cifar100,59.200000,1.441355,0.640088,16235
19,7,3953,edgegpu,cifar100,62.613335,1.757269,0.640088,16235
19,7,9922,edgegpu,cifar100,58.560000,1.428552,0.640088,16235
19,7,2304,edgegpu,cifar100,58.660000,1.440253,0.640088,16235
19,7,3888,edgegpu,cifar100,73.260000,6.797867,0.640088,16235
19,7,6124,edgegpu,cifar100,68.360000,3.185835,0.640088,16235
19,7,1425,edgegpu,cifar100,72.093330,5.310225,0.640088,16235
19,7,9930,edgegpu,cifar100,73.513336,6.803060,0.640088,16235
19,7,8401,edgegpu,cifar100,71.080000,3.302102,0.640088,16235
19,7,11067,edgegpu,cifar100,58.186670,1.427836,0.640088,16235
19,7,4954,edgegpu,cifar100,73.000000,6.669736,0.640088,16235
19,7,1509,edgegpu,cifar100,1.000000,0.505853,0.640088,16235
19,7,2778,edgegpu,cifar100,72.993330,6.134028,0.640088,16235
19,7,12415,edgegpu,cifar100,71.940000,4.828467,0.640088,16235
19,7,4418,edgegpu,cifar100,72.746666,5.352364,0.640088,16235
19,7,11810,edgegpu,cifar100,68.300000,1.779551,0.640088,16235
19,7,9997,edgegpu,cifar100,71.520000,3.466139,0.640088,16235
19,7,11885,edgegpu,cifar100,68.040000,1.776652,0.640088,16235
19,7,1038,edgegpu,cifar100,67.500000,1.758428,0.640088,16235
19,7,14677,edgegpu,cifar100,62.420000,1.746187,0.640088,16235
19,8,8912,edgetpu,cifar100,59.200000,0.377698,0.718449,16119
19,8,13829,edgetpu,cifar100,66.873340,0.485137,0.718449,16119
19,8,8638,edgetpu,cifar100,58.860000,0.356631,0.718449,16119
19,8,15363,edgetpu,cifar100,70.520000,0.676394,0.718449,16119
19,8,12607,edgetpu,cifar100,62.600000,0.392830,0.718449,16119
19,8,12761,edgetpu,cifar100,72.860000,1.225212,0.718449,16119
19,8,12574,edgetpu,cifar100,72.740000,0.932430,0.718449,16119
19,8,5019,edgetpu,cifar100,58.880000,0.357058,0.718449,16119
19,8,9930,edgetpu,cifar100,73.513336,1.454107,0.718449,16119
19,8,1425,edgetpu,cifar100,72.093330,0.910660,0.718449,16119
19,8,4418,edgetpu,cifar100,72.746666,1.093699,0.718449,16119
19,8,577,edgetpu,cifar100,69.680000,0.635228,0.718449,16119
19,8,857,edgetpu,cifar100,72.880000,1.264168,0.718449,16119
19,8,12415,edgetpu,cifar100,71.940000,0.872299,0.718449,16119
19,8,9271,edgetpu,cifar100,63.400000,0.393151,0.718449,16119
19,8,8401,edgetpu,cifar100,71.080000,0.728572,0.718449,16119
19,8,9997,edgetpu,cifar100,71.520000,0.729986,0.718449,16119
19,8,1943,edgetpu,cifar100,69.626660,0.634759,0.718449,16119
19,8,3888,edgetpu,cifar100,73.260000,1.316226,0.718449,16119
19,8,1110,edgetpu,cifar100,58.840000,0.355938,0.718449,16119
19,8,10000,edgetpu,cifar100,73.160000,1.283461,0.718449,16119
19,8,777,edgetpu,cifar100,58.650000,0.355588,0.718449,16119
19,8,10443,edgetpu,cifar100,68.300000,0.489020,0.718449,16119
19,8,2705,edgetpu,cifar100,62.813330,0.393026,0.718449,16119
19,8,14945,edgetpu,cifar100,58.500000,0.354940,0.718449,16119
19,8,11533,edgetpu,cifar100,69.760000,0.635877,0.718449,16119
19,8,6946,edgetpu,cifar100,67.500000,0.486233,0.718449,16119
19,8,3487,edgetpu,cifar100,70.093330,0.637182,0.718449,16119
19,8,9541,edgetpu,cifar100,67.660000,0.486829,0.718449,16119
19,8,11973,edgetpu,cifar100,70.340000,0.641728,0.718449,16119
19,8,781,edgetpu,cifar100,67.960000,0.487922,0.718449,16119
19,8,4155,edgetpu,cifar100,62.306667,0.391442,0.718449,16119
19,8,8649,edgetpu,cifar100,70.690000,0.727284,0.718449,16119
19,8,797,edgetpu,cifar100,69.580000,0.633351,0.718449,16119
19,9,12761,eyeriss,cifar100,72.860000,6.352000,0.504286,16458
19,9,9930,eyeriss,cifar100,73.513336,9.055360,0.504286,16458
19,9,3888,eyeriss,cifar100,73.260000,6.597760,0.504286,16458
19,9,3487,eyeriss,cifar100,70.093330,3.402880,0.504286,16458
19,9,3540,eyeriss,cifar100,71.500000,4.877440,0.504286,16458
19,9,14112,eyeriss,cifar100,68.386665,2.911360,0.504286,16458
19,9,6787,eyeriss,cifar100,70.720000,3.648640,0.504286,16458
19,9,5084,eyeriss,cifar100,58.813330,1.682560,0.504286,16458
19,9,10689,eyeriss,cifar100,67.500000,2.174080,0.504286,16458
19,9,12574,eyeriss,cifar100,72.740000,5.123200,0.504286,16458
19,9,5651,eyeriss,cifar100,64.690000,1.928320,0.504286,16458
19,9,6925,eyeriss,cifar100,71.220000,3.894400,0.504286,16458
19,9,11301,eyeriss,cifar100,68.220000,2.665600,0.504286,16458
19,9,12820,eyeriss,cifar100,67.720000,2.419840,0.504286,16458
19,10,6787,fpga,cifar100,70.720000,3.420960,0.521493,16274
19,10,12574,fpga,cifar100,72.740000,4.678560,0.521493,16274
19,10,5084,fpga,cifar100,58.813330,1.132960,0.521493,16274
19,10,3540,fpga,cifar100,71.500000,4.163360,0.521493,16274
19,10,9997,fpga,cifar100,71.520000,4.572960,0.521493,16274
19,10,12761,fpga,cifar100,72.860000,5.420960,0.521493,16274
19,10,3888,fpga,cifar100,73.260000,5.936160,0.521493,16274
19,10,11973,fpga,cifar100,70.340000,2.905760,0.521493,16274
19,10,10689,fpga,cifar100,67.500000,2.163360,0.521493,16274
19,10,6925,fpga,cifar100,71.220000,3.936160,0.521493,16274
19,10,6830,fpga,cifar100,71.460000,4.057760,0.521493,16274
19,10,7250,fpga,cifar100,67.706665,2.390560,0.521493,16274
19,10,12295,fpga,cifar100,71.160000,3.648160,0.521493,16274
19,10,12820,fpga,cifar100,67.720000,2.678560,0.521493,16274
19,10,11727,fpga,cifar100,67.773330,2.800160,0.521493,16274
19,10,9930,fpga,cifar100,73.513336,7.420960,0.521493,16274
19,10,4249,fpga,cifar100,65.080000,2.057760,0.521493,16274
19,10,5651,fpga,cifar100,64.690000,1.648160,0.521493,16274
19,11,6294,pixel3,cifar100,66.973335,3.112950,0.689383,16078
19,11,11000,pixel3,cifar100,71.180000,10.677600,0.689383,16078
19,11,906,pixel3,cifar100,62.393333,1.661810,0.689383,16078
19,11,1459,pixel3,cifar100,73.140000,23.437900,0.689383,16078
19,11,1558,pixel3,cifar100,64.020000,1.705220,0.689383,16078
19,11,5019,pixel3,cifar100,58.880000,1.483640,0.689383,16078
19,11,12574,pixel3,cifar100,72.740000,16.473900,0.689383,16078
19,11,857,pixel3,cifar100,72.880000,19.113200,0.689383,16078
19,11,15363,pixel3,cifar100,70.520000,9.708640,0.689383,16078
19,11,858,pixel3,cifar100,64.133330,2.003500,0.689383,16078
19,11,9930,pixel3,cifar100,73.513336,42.003600,0.689383,16078
19,11,6337,pixel3,cifar100,1.000000,0.008753,0.689383,16078
19,11,3776,pixel3,cifar100,66.920000,3.109320,0.689383,16078
19,11,1357,pixel3,cifar100,67.480000,3.998260,0.689383,16078
19,11,1409,pixel3,cifar100,58.853333,1.275090,0.689383,16078
19,11,1416,pixel3,cifar100,64.493330,2.084060,0.689383,16078
19,11,15589,pixel3,cifar100,59.060000,1.483890,0.689383,16078
19,11,3888,pixel3,cifar100,73.260000,23.477200,0.689383,16078
19,11,12970,pixel3,cifar100,68.140000,4.782110,0.689383,16078
19,11,4432,pixel3,cifar100,66.486664,3.105870,0.689383,16078
19,11,699,pixel3,cifar100,72.240000,12.079400,0.689383,16078
19,11,898,pixel3,cifar100,70.000000,6.516140,0.689383,16078
19,11,14112,pixel3,cifar100,68.386665,5.745320,0.689383,16078
19,11,5651,pixel3,cifar100,64.690000,2.376870,0.689383,16078
19,11,10042,pixel3,cifar100,64.880000,2.794690,0.689383,16078
19,11,6925,pixel3,cifar100,71.220000,10.688000,0.689383,16078
19,11,777,pixel3,cifar100,58.650000,1.087020,0.689383,16078
19,11,4409,pixel3,cifar100,67.173330,3.113370,0.689383,16078
19,11,1593,pixel3,cifar100,62.126667,1.582050,0.689383,16078
19,12,9762,raspi4,cifar100,67.080000,9.740194,0.705153,16098
19,12,12761,raspi4,cifar100,72.860000,53.718200,0.705153,16098
19,12,12915,raspi4,cifar100,66.950000,7.226311,0.705153,16098
19,12,9997,raspi4,cifar100,71.520000,34.996710,0.705153,16098
19,12,1459,raspi4,cifar100,73.140000,53.879950,0.705153,16098
19,12,9271,raspi4,cifar100,63.400000,4.800893,0.705153,16098
19,12,7030,raspi4,cifar100,69.600000,19.218203,0.705153,16098
19,12,8912,raspi4,cifar100,59.200000,2.818969,0.705153,16098
19,12,9930,raspi4,cifar100,73.513336,71.152000,0.705153,16098
19,12,14612,raspi4,cifar100,58.720000,2.563505,0.705153,16098
19,12,14714,raspi4,cifar100,71.280000,24.692347,0.705153,16098
19,12,8740,raspi4,cifar100,1.000000,0.015215,0.705153,16098
19,12,15589,raspi4,cifar100,59.060000,2.795078,0.705153,16098
19,12,2035,raspi4,cifar100,63.926666,5.005698,0.705153,16098
19,12,4418,raspi4,cifar100,72.746666,47.162354,0.705153,16098
19,12,2058,raspi4,cifar100,69.613335,20.052132,0.705153,16098
19,12,6294,raspi4,cifar100,66.973335,7.376450,0.705153,16098
19,12,375,raspi4,cifar100,64.440000,5.099302,0.705153,16098
19,12,3888,raspi4,cifar100,73.260000,55.029520,0.705153,16098
19,12,355,raspi4,cifar100,69.860000,20.791758,0.705153,16098
19,12,6177,raspi4,cifar100,62.373333,4.795128,0.705153,16098
19,12,13430,raspi4,cifar100,66.700000,7.203785,0.705153,16098
19,12,10222,raspi4,cifar100,58.860000,2.747804,0.705153,16098
19,12,10042,raspi4,cifar100,64.880000,5.100886,0.705153,16098
19,12,6830,raspi4,cifar100,71.460000,34.491814,0.705153,16098
19,12,2222,raspi4,cifar100,58.313330,2.538255,0.705153,16098
19,12,3385,raspi4,cifar100,72.380000,42.309270,0.705153,16098
19,12,15363,raspi4,cifar100,70.520000,21.809430,0.705153,16098
19,12,15383,raspi4,cifar100,71.660000,38.693768,0.705153,16098
19,12,7115,raspi4,cifar100,68.160000,14.756705,0.705153,16098
19,12,1357,raspi4,cifar100,67.480000,10.177114,0.705153,16098
19,12,15246,raspi4,cifar100,66.966670,7.350053,0.705153,16098
19,12,14443,raspi4,cifar100,71.740000,39.168526,0.705153,16098
19,12,11272,raspi4,cifar100,68.260000,14.764390,0.705153,16098
19,12,10313,raspi4,cifar100,67.820000,14.691363,0.705153,16098
19,12,6925,raspi4,cifar100,71.220000,24.195030,0.705153,16098
19,12,6787,raspi4,cifar100,70.720000,23.081835,0.705153,16098
19,12,9895,raspi4,cifar100,69.400000,19.211880,0.705153,16098
19,12,2018,raspi4,cifar100,72.360000,39.345867,0.705153,16098
19,13,15376,edgegpu,ImageNet16-120,0.833333,0.533953,0.654534,16448
19,13,15288,edgegpu,ImageNet16-120,28.422222,1.417041,0.654534,16448
19,13,15383,edgegpu,ImageNet16-120,47.033333,6.262836,0.654534,16448
19,13,8401,edgegpu,ImageNet16-120,43.833332,3.322444,0.654534,16448
19,13,8426,edgegpu,ImageNet16-120,44.633335,3.370147,0.654534,16448
19,13,4946,edgegpu,ImageNet16-120,44.700000,3.490419,0.654534,16448
19,13,7760,edgegpu,ImageNet16-120,39.100000,1.743751,0.654534,16448
19,13,14117,edgegpu,ImageNet16-120,28.677778,1.435547,0.654534,16448
19,13,12062,edgegpu,ImageNet16-120,39.900000,2.519493,0.654534,16448
19,13,6950,edgegpu,ImageNet16-120,38.700000,1.740150,0.654534,16448
19,13,8230,edgegpu,ImageNet16-120,39.944443,2.585306,0.654534,16448
19,13,12505,edgegpu,ImageNet16-120,39.283333,1.750417,0.654534,16448
19,13,4988,edgegpu,ImageNet16-120,28.933332,1.448212,0.654534,16448
19,13,857,edgegpu,ImageNet16-120,47.311110,6.707663,0.654534,16448
19,13,5374,edgegpu,ImageNet16-120,46.766666,5.294285,0.654534,16448
19,13,9722,edgegpu,ImageNet16-120,44.000000,3.327813,0.654534,16448
19,13,7187,edgegpu,ImageNet16-120,28.683332,1.443858,0.654534,16448
19,13,1164,edgegpu,ImageNet16-120,28.522223,1.435223,0.654534,16448
19,13,454,edgegpu,ImageNet16-120,41.277780,3.303313,0.654534,16448
19,13,14840,edgegpu,ImageNet16-120,45.311110,4.224715,0.654534,16448
19,13,13411,edgegpu,ImageNet16-120,31.855556,1.736240,0.654534,16448
19,13,12415,edgegpu,ImageNet16-120,46.566666,4.667692,0.654534,16448
19,13,15159,edgegpu,ImageNet16-120,45.566666,4.632421,0.654534,16448
19,13,4587,edgegpu,ImageNet16-120,28.800000,1.445131,0.654534,16448
19,13,14612,edgegpu,ImageNet16-120,28.488890,1.434064,0.654534,16448
19,13,2650,edgegpu,ImageNet16-120,42.433334,3.309817,0.654534,16448
19,13,11217,edgegpu,ImageNet16-120,43.466667,3.316708,0.654534,16448
19,13,4160,edgegpu,ImageNet16-120,39.833332,1.756272,0.654534,16448
19,13,8884,edgegpu,ImageNet16-120,45.033333,3.499999,0.654534,16448
19,13,13760,edgegpu,ImageNet16-120,32.333332,1.739759,0.654534,16448
19,14,10167,edgetpu,ImageNet16-120,39.944443,0.444058,0.680220,16133
19,14,5751,edgetpu,ImageNet16-120,40.044445,0.516992,0.680220,16133
19,14,15107,edgetpu,ImageNet16-120,39.800000,0.430284,0.680220,16133
19,14,4977,edgetpu,ImageNet16-120,32.966667,0.367728,0.680220,16133
19,14,15383,edgetpu,ImageNet16-120,47.033333,0.780914,0.680220,16133
19,14,12231,edgetpu,ImageNet16-120,40.200000,0.518358,0.680220,16133
19,14,8781,edgetpu,ImageNet16-120,32.366665,0.363484,0.680220,16133
19,14,7273,edgetpu,ImageNet16-120,42.966667,0.550014,0.680220,16133
19,14,15363,edgetpu,ImageNet16-120,44.333332,0.582280,0.680220,16133
19,14,10332,edgetpu,ImageNet16-120,40.033333,0.516152,0.680220,16133
19,14,8915,edgetpu,ImageNet16-120,32.611110,0.364729,0.680220,16133
19,14,12424,edgetpu,ImageNet16-120,43.133330,0.557283,0.680220,16133
19,14,7750,edgetpu,ImageNet16-120,43.066666,0.551617,0.680220,16133
19,14,7174,edgetpu,ImageNet16-120,33.116665,0.391775,0.680220,16133
19,14,8447,edgetpu,ImageNet16-120,40.011112,0.514586,0.680220,16133
19,14,7396,edgetpu,ImageNet16-120,40.177776,0.517218,0.680220,16133
19,14,13769,edgetpu,ImageNet16-120,41.555557,0.549360,0.680220,16133
19,14,10750,edgetpu,ImageNet16-120,44.600000,0.615553,0.680220,16133
19,14,13972,edgetpu,ImageNet16-120,31.933332,0.363440,0.680220,16133
19,14,4830,edgetpu,ImageNet16-120,42.233334,0.549457,0.680220,16133
19,14,6520,edgetpu,ImageNet16-120,32.383335,0.363944,0.680220,16133
19,14,857,edgetpu,ImageNet16-120,47.311110,0.997730,0.680220,16133
19,14,3540,edgetpu,ImageNet16-120,45.122223,0.648670,0.680220,16133
19,14,11885,edgetpu,ImageNet16-120,39.166668,0.427395,0.680220,16133
19,14,5530,edgetpu,ImageNet16-120,42.577778,0.549937,0.680220,16133
19,14,15014,edgetpu,ImageNet16-120,28.266666,0.358110,0.680220,16133
19,14,5674,edgetpu,ImageNet16-120,39.650000,0.428605,0.680220,16133
19,14,13931,edgetpu,ImageNet16-120,28.788889,0.360349,0.680220,16133
19,14,70,edgetpu,ImageNet16-120,39.377777,0.428228,0.680220,16133
19,14,779,edgetpu,ImageNet16-120,32.700000,0.366534,0.680220,16133
19,14,6858,edgetpu,ImageNet16-120,40.333332,0.541300,0.680220,16133
19,14,12415,edgetpu,ImageNet16-120,46.566666,0.710906,0.680220,16133
19,14,11177,edgetpu,ImageNet16-120,33.200000,0.393637,0.680220,16133
19,15,735,eyeriss,ImageNet16-120,38.544445,0.607360,0.485482,16449
19,15,6121,eyeriss,ImageNet16-120,28.433332,0.423040,0.485482,16449
19,15,6854,eyeriss,ImageNet16-120,40.800000,0.668800,0.485482,16449
19,15,8736,eyeriss,ImageNet16-120,45.700000,1.221760,0.485482,16449
19,15,8853,eyeriss,ImageNet16-120,45.600000,1.037440,0.485482,16449
19,15,857,eyeriss,ImageNet16-120,47.311110,1.651840,0.485482,16449
19,15,4829,eyeriss,ImageNet16-120,34.200000,0.484480,0.485482,16449
19,15,6787,eyeriss,ImageNet16-120,44.400000,0.914560,0.485482,16449
19,15,1939,eyeriss,ImageNet16-120,45.077778,0.976000,0.485482,16449
19,15,15383,eyeriss,ImageNet16-120,47.033333,1.283200,0.485482,16449
19,15,3261,eyeriss,ImageNet16-120,43.022220,0.853120,0.485482,16449
19,15,2835,eyeriss,ImageNet16-120,38.222220,0.545920,0.485482,16449
19,15,14146,eyeriss,ImageNet16-120,28.433332,0.423040,0.485482,16449
19,16,10017,fpga,ImageNet16-120,40.566666,0.784000,0.541286,16085
19,16,8853,fpga,ImageNet16-120,45.600000,1.155200,0.541286,16085
19,16,15383,fpga,ImageNet16-120,47.033333,1.504000,0.541286,16085
19,16,6868,fpga,ImageNet16-120,39.000000,0.649120,0.541286,16085
19,16,14748,fpga,ImageNet16-120,44.900000,0.995200,0.541286,16085
19,16,1939,fpga,ImageNet16-120,45.077778,1.062400,0.541286,16085
19,16,2835,fpga,ImageNet16-120,38.222220,0.546720,0.541286,16085
19,16,6787,fpga,ImageNet16-120,44.400000,0.969600,0.541286,16085
19,16,6854,fpga,ImageNet16-120,40.800000,0.809120,0.541286,16085
19,16,8008,fpga,ImageNet16-120,43.500000,0.876800,0.541286,16085
19,16,5793,fpga,ImageNet16-120,35.033333,0.517920,0.541286,16085
19,16,857,fpga,ImageNet16-120,47.311110,2.038400,0.541286,16085
19,16,4829,fpga,ImageNet16-120,34.200000,0.415520,0.541286,16085
19,16,12452,fpga,ImageNet16-120,40.533333,0.780320,0.541286,16085
19,16,4988,fpga,ImageNet16-120,28.933332,0.284320,0.541286,16085
19,16,14417,fpga,ImageNet16-120,45.900000,1.276320,0.541286,16085
19,17,15383,pixel3,ImageNet16-120,47.033333,5.191720,0.768219,16070
19,17,4977,pixel3,ImageNet16-120,32.966667,0.617991,0.768219,16070
19,17,4432,pixel3,ImageNet16-120,37.800000,0.861157,0.768219,16070
19,17,13059,pixel3,ImageNet16-120,34.266666,0.668679,0.768219,16070
19,17,12506,pixel3,ImageNet16-120,43.983334,2.929990,0.768219,16070
19,17,10340,pixel3,ImageNet16-120,31.522223,0.617772,0.768219,16070
19,17,2835,pixel3,ImageNet16-120,38.222220,0.868646,0.768219,16070
19,17,12452,pixel3,ImageNet16-120,40.533333,1.504410,0.768219,16070
19,17,12424,pixel3,ImageNet16-120,43.133330,2.470150,0.768219,16070
19,17,10154,pixel3,ImageNet16-120,46.133335,4.783700,0.768219,16070
19,17,12516,pixel3,ImageNet16-120,32.083332,0.617816,0.768219,16070
19,17,6854,pixel3,ImageNet16-120,40.800000,1.621620,0.768219,16070
19,17,1939,pixel3,ImageNet16-120,45.077778,3.021500,0.768219,16070
19,17,735,pixel3,ImageNet16-120,38.544445,1.107950,0.768219,16070
19,17,1860,pixel3,ImageNet16-120,28.433332,0.422587,0.768219,16070
19,17,1110,pixel3,ImageNet16-120,28.600000,0.423927,0.768219,16070
19,17,12639,pixel3,ImageNet16-120,40.400000,1.304440,0.768219,16070
19,17,14417,pixel3,ImageNet16-120,45.900000,4.143030,0.768219,16070
19,17,2018,pixel3,ImageNet16-120,46.433334,4.949210,0.768219,16070
19,17,857,pixel3,ImageNet16-120,47.311110,6.686850,0.768219,16070
19,17,12466,pixel3,ImageNet16-120,46.100000,4.680280,0.768219,16070
19,17,4627,pixel3,ImageNet16-120,43.500000,2.479640,0.768219,16070
19,17,3650,pixel3,ImageNet16-120,43.866665,2.716840,0.768219,16070
19,17,13756,pixel3,ImageNet16-120,0.833333,0.005289,0.768219,16070
19,17,4895,pixel3,ImageNet16-120,33.200000,0.619070,0.768219,16070
19,17,872,pixel3,ImageNet16-120,41.777780,2.465030,0.768219,16070
19,17,12103,pixel3,ImageNet16-120,28.250000,0.422433,0.768219,16070
19,17,3728,pixel3,ImageNet16-120,28.500000,0.422880,0.768219,16070
19,17,4988,pixel3,ImageNet16-120,28.933332,0.485996,0.768219,16070
19,17,1425,pixel3,ImageNet16-120,45.977780,4.619290,0.768219,16070
19,17,15446,pixel3,ImageNet16-120,45.766666,3.439380,0.768219,16070
19,17,4004,pixel3,ImageNet16-120,42.811110,2.467510,0.768219,16070
19,17,12355,pixel3,ImageNet16-120,45.033333,2.989390,0.768219,16070
19,17,1549,pixel3,ImageNet16-120,28.655556,0.424747,0.768219,16070
19,17,8584,pixel3,ImageNet16-120,34.088890,0.664046,0.768219,16070
19,17,6014,pixel3,ImageNet16-120,28.533333,0.423391,0.768219,16070
19,17,11000,pixel3,ImageNet16-120,44.866665,2.962520,0.768219,16070
19,17,7187,pixel3,ImageNet16-120,28.683332,0.425223,0.768219,16070
19,17,898,pixel3,ImageNet16-120,42.466667,2.467210,0.768219,16070
19,17,1204,pixel3,ImageNet16-120,37.844444,0.864966,0.768219,16070
19,17,4587,pixel3,ImageNet16-120,28.800000,0.445767,0.768219,16070
19,18,14677,raspi4,ImageNet16-120,33.233334,1.537227,0.799628,16099
19,18,13931,raspi4,ImageNet16-120,28.788889,0.956195,0.799628,16099
19,18,11946,raspi4,ImageNet16-120,28.200000,0.940293,0.799628,16099
19,18,2649,raspi4,ImageNet16-120,33.788887,1.582191,0.799628,16099
19,18,10715,raspi4,ImageNet16-120,45.533333,6.790813,0.799628,16099
19,18,11219,raspi4,ImageNet16-120,39.666668,3.111193,0.799628,16099
19,18,13059,raspi4,ImageNet16-120,34.266666,1.595651,0.799628,16099
19,18,735,raspi4,ImageNet16-120,38.544445,2.911079,0.799628,16099
19,18,3192,raspi4,ImageNet16-120,45.477780,6.675633,0.799628,16099
19,18,6854,raspi4,ImageNet16-120,40.800000,3.661016,0.799628,16099
19,18,8884,raspi4,ImageNet16-120,45.033333,5.293177,0.799628,16099
19,18,4160,raspi4,ImageNet16-120,39.833332,3.114462,0.799628,16099
19,18,9585,raspi4,ImageNet16-120,0.833333,0.011519,0.799628,16099
19,18,6336,raspi4,ImageNet16-120,39.366665,3.073392,0.799628,16099
19,18,3960,raspi4,ImageNet16-120,37.755554,2.197980,0.799628,16099
19,18,3431,raspi4,ImageNet16-120,32.966667,1.536690,0.799628,16099
19,18,5455,raspi4,ImageNet16-120,32.611110,1.532377,0.799628,16099
19,18,8426,raspi4,ImageNet16-120,44.633335,5.288439,0.799628,16099
19,18,3687,raspi4,ImageNet16-120,34.066666,1.583497,0.799628,16099
19,18,5530,raspi4,ImageNet16-120,42.577778,3.785925,0.799628,16099
19,18,857,raspi4,ImageNet16-120,47.311110,9.020064,0.799628,16099
19,18,15383,raspi4,ImageNet16-120,47.033333,8.565354,0.799628,16099
19,18,4988,raspi4,ImageNet16-120,28.933332,1.003251,0.799628,16099
19,18,14792,raspi4,ImageNet16-120,43.033333,3.792447,0.799628,16099
19,18,7187,raspi4,ImageNet16-120,28.683332,0.952790,0.799628,16099
19,18,11079,raspi4,ImageNet16-120,43.566666,3.802027,0.799628,16099
19,18,9032,raspi4,ImageNet16-120,38.016666,2.201532,0.799628,16099
19,18,3782,raspi4,ImageNet16-120,41.866665,3.755286,0.799628,16099
19,18,1413,raspi4,ImageNet16-120,42.711113,3.788479,0.799628,16099
19,18,8683,raspi4,ImageNet16-120,44.200000,4.462997,0.799628,16099
19,18,14417,raspi4,ImageNet16-120,45.900000,6.948865,0.799628,16099
19,18,4995,raspi4,ImageNet16-120,42.166668,3.766336,0.799628,16099
19,18,8323,raspi4,ImageNet16-120,38.033333,2.287984,0.799628,16099
19,18,6787,raspi4,ImageNet16-120,44.400000,4.532777,0.799628,16099
19,18,11282,raspi4,ImageNet16-120,39.633335,3.080430,0.799628,16099
19,18,10017,raspi4,ImageNet16-120,40.566666,3.181383,0.799628,16099
19,18,1204,raspi4,ImageNet16-120,37.844444,2.199356,0.799628,16099
19,18,8733,raspi4,ImageNet16-120,46.600000,7.477213,0.799628,16099
19,18,3776,raspi4,ImageNet16-120,37.133335,2.191733,0.799628,16099
19,18,15363,raspi4,ImageNet16-120,44.333332,4.480516,0.799628,16099
19,18,41,raspi4,ImageNet16-120,32.388890,1.528043,0.799628,16099
19,18,10217,raspi4,ImageNet16-120,45.100000,6.109362,0.799628,16099
19,18,5973,raspi4,ImageNet16-120,40.100000,3.159922,0.799628,16099
19,18,9654,raspi4,ImageNet16-120,33.633335,1.581475,0.799628,16099
19,18,1939,raspi4,ImageNet16-120,45.077778,5.341908,0.799628,16099
19,18,12505,raspi4,ImageNet16-120,39.283333,3.062432,0.799628,16099
19,18,45,raspi4,ImageNet16-120,33.611110,1.581422,0.799628,16099
19,18,219,raspi4,ImageNet16-120,42.500000,3.768475,0.799628,16099
19,18,11653,raspi4,ImageNet16-120,38.100000,2.898014,0.799628,16099
20,1,5400,edgegpu,cifar10,86.630000,1.427460,0.607749,16416
20,1,258,edgegpu,cifar10,93.640000,3.307109,0.607749,16416
20,1,6960,edgegpu,cifar10,92.280000,1.764450,0.607749,16416
20,1,5780,edgegpu,cifar10,93.980000,3.361888,0.607749,16416
20,1,11692,edgegpu,cifar10,94.130000,4.708362,0.607749,16416
20,1,10484,edgegpu,cifar10,93.810000,3.354015,0.607749,16416
20,1,13401,edgegpu,cifar10,87.010000,1.457009,0.607749,16416
20,1,2090,edgegpu,cifar10,86.650000,1.437702,0.607749,16416
20,1,13714,edgegpu,cifar10,94.373340,6.772180,0.607749,16416
20,1,1459,edgegpu,cifar10,94.296670,6.748991,0.607749,16416
20,1,1339,edgegpu,cifar10,92.136665,1.751881,0.607749,16416
20,1,11438,edgegpu,cifar10,92.500000,1.846719,0.607749,16416
20,1,14090,edgegpu,cifar10,92.086670,1.749086,0.607749,16416
20,1,5292,edgegpu,cifar10,94.293335,6.663151,0.607749,16416
20,1,2053,edgegpu,cifar10,94.206665,5.482254,0.607749,16416
20,1,15200,edgegpu,cifar10,10.000000,0.501385,0.607749,16416
20,1,2776,edgegpu,cifar10,93.666664,3.331194,0.607749,16416
20,1,6330,edgegpu,cifar10,94.006670,4.384699,0.607749,16416
20,1,14527,edgegpu,cifar10,86.765000,1.439619,0.607749,16416
20,1,6499,edgegpu,cifar10,93.645000,3.331041,0.607749,16416
20,1,561,edgegpu,cifar10,86.880000,1.451068,0.607749,16416
20,1,9099,edgegpu,cifar10,93.940000,3.357520,0.607749,16416
20,1,14407,edgegpu,cifar10,86.770000,1.440282,0.607749,16416
20,2,7937,edgetpu,cifar10,88.610000,0.388867,0.669519,16380
20,2,9950,edgetpu,cifar10,93.840000,0.723767,0.669519,16380
20,2,11692,edgetpu,cifar10,94.130000,0.761100,0.669519,16380
20,2,6918,edgetpu,cifar10,87.000000,0.375819,0.669519,16380
20,2,8192,edgetpu,cifar10,93.093330,0.627745,0.669519,16380
20,2,2053,edgetpu,cifar10,94.206665,1.042178,0.669519,16380
20,2,6382,edgetpu,cifar10,93.376660,0.628638,0.669519,16380
20,2,13714,edgetpu,cifar10,94.373340,1.377865,0.669519,16380
20,2,13320,edgetpu,cifar10,89.330000,0.396446,0.669519,16380
20,2,3731,edgetpu,cifar10,94.343330,1.282820,0.669519,16380
20,2,8008,edgetpu,cifar10,93.480000,0.629746,0.669519,16380
20,2,7017,edgetpu,cifar10,86.970000,0.353089,0.669519,16380
20,2,4161,edgetpu,cifar10,89.250000,0.391221,0.669519,16380
20,2,5111,edgetpu,cifar10,94.306660,1.152010,0.669519,16380
20,2,5780,edgetpu,cifar10,93.980000,0.723967,0.669519,16380
20,2,797,edgetpu,cifar10,93.280000,0.627996,0.669519,16380
20,2,5647,edgetpu,cifar10,89.110000,0.389378,0.669519,16380
20,2,10683,edgetpu,cifar10,92.330000,0.481277,0.669519,16380
20,2,12439,edgetpu,cifar10,86.393330,0.352159,0.669519,16380
20,2,11438,edgetpu,cifar10,92.500000,0.482393,0.669519,16380
20,2,9689,edgetpu,cifar10,93.370000,0.628386,0.669519,16380
20,2,6515,edgetpu,cifar10,93.616670,0.722858,0.669519,16380
20,2,11112,edgetpu,cifar10,92.110000,0.480732,0.669519,16380
20,2,10293,edgetpu,cifar10,86.513336,0.352328,0.669519,16380
20,2,13611,edgetpu,cifar10,92.490000,0.481826,0.669519,16380
20,3,8592,eyeriss,cifar10,93.750000,3.891380,0.502032,16365
20,3,13714,eyeriss,cifar10,94.373340,7.823540,0.502032,16365
20,3,3731,eyeriss,cifar10,94.343330,6.594740,0.502032,16365
20,3,5111,eyeriss,cifar10,94.306660,5.365940,0.502032,16365
20,3,6111,eyeriss,cifar10,94.373340,7.823540,0.502032,16365
20,3,11472,eyeriss,cifar10,93.970000,4.628660,0.502032,16365
20,3,12820,eyeriss,cifar10,90.880000,2.416820,0.502032,16365
20,3,4384,eyeriss,cifar10,86.796670,1.679540,0.502032,16365
20,3,8008,eyeriss,cifar10,93.480000,3.399860,0.502032,16365
20,3,6854,eyeriss,cifar10,91.040000,2.662580,0.502032,16365
20,3,13611,eyeriss,cifar10,92.490000,3.154100,0.502032,16365
20,3,11692,eyeriss,cifar10,94.130000,4.874420,0.502032,16365
20,3,8323,eyeriss,cifar10,90.870000,2.171060,0.502032,16365
20,3,10412,eyeriss,cifar10,93.530000,3.645620,0.502032,16365
20,3,8720,eyeriss,cifar10,89.875000,1.925300,0.502032,16365
20,3,12438,eyeriss,cifar10,89.875000,1.925300,0.502032,16365
20,4,8008,fpga,cifar10,93.480000,2.905760,0.476663,16273
20,4,11472,fpga,cifar10,93.970000,3.648160,0.476663,16273
20,4,13987,fpga,cifar10,93.596664,3.420960,0.476663,16273
20,4,8323,fpga,cifar10,90.870000,2.163360,0.476663,16273
20,4,13714,fpga,cifar10,94.373340,6.678560,0.476663,16273
20,4,4384,fpga,cifar10,86.796670,1.132960,0.476663,16273
20,4,15295,fpga,cifar10,90.050000,2.057760,0.476663,16273
20,4,5111,fpga,cifar10,94.306660,5.193760,0.476663,16273
20,4,10431,fpga,cifar10,87.000000,1.542560,0.476663,16273
20,4,12438,fpga,cifar10,89.875000,1.648160,0.476663,16273
20,4,6111,fpga,cifar10,94.373340,6.678560,0.476663,16273
20,4,3731,fpga,cifar10,94.343330,5.936160,0.476663,16273
20,4,13611,fpga,cifar10,92.490000,2.390560,0.476663,16273
20,4,6584,fpga,cifar10,94.160000,4.163360,0.476663,16273
20,4,8720,fpga,cifar10,89.875000,1.648160,0.476663,16273
20,5,4731,pixel3,cifar10,90.360000,2.573470,0.786130,16091
20,5,4554,pixel3,cifar10,86.670000,1.114880,0.786130,16091
20,5,1425,pixel3,cifar10,93.933334,12.536500,0.786130,16091
20,5,5111,pixel3,cifar10,94.306660,17.584600,0.786130,16091
20,5,1416,pixel3,cifar10,89.546670,1.691430,0.786130,16091
20,5,3731,pixel3,cifar10,94.343330,23.361300,0.786130,16091
20,5,11972,pixel3,cifar10,91.510000,5.627010,0.786130,16091
20,5,1941,pixel3,cifar10,93.533330,9.128690,0.786130,16091
20,5,7001,pixel3,cifar10,10.000000,0.003277,0.786130,16091
20,5,8592,pixel3,cifar10,93.750000,10.769800,0.786130,16091
20,5,1781,pixel3,cifar10,89.883330,1.712020,0.786130,16091
20,5,5149,pixel3,cifar10,92.090000,5.987440,0.786130,16091
20,5,6434,pixel3,cifar10,91.080000,4.811140,0.786130,16091
20,5,8323,pixel3,cifar10,90.870000,3.106420,0.786130,16091
20,5,5915,pixel3,cifar10,86.846664,1.472530,0.786130,16091
20,5,1943,pixel3,cifar10,93.116670,6.492030,0.786130,16091
20,5,9230,pixel3,cifar10,86.580000,1.056760,0.786130,16091
20,5,2779,pixel3,cifar10,90.806660,3.102950,0.786130,16091
20,5,12452,pixel3,cifar10,91.350000,5.590110,0.786130,16091
20,5,6111,pixel3,cifar10,94.373340,23.584800,0.786130,16091
20,5,8695,pixel3,cifar10,94.220000,17.564500,0.786130,16091
20,5,4627,pixel3,cifar10,93.270000,7.036050,0.786130,16091
20,5,6382,pixel3,cifar10,93.376660,7.048190,0.786130,16091
20,5,3,pixel3,cifar10,86.616670,1.062640,0.786130,16091
20,5,1497,pixel3,cifar10,86.556660,1.056630,0.786130,16091
20,5,6854,pixel3,cifar10,91.040000,4.514220,0.786130,16091
20,5,6999,pixel3,cifar10,93.820000,12.260900,0.786130,16091
20,5,6584,pixel3,cifar10,94.160000,15.720300,0.786130,16091
20,5,6918,pixel3,cifar10,87.000000,1.478790,0.786130,16091
20,5,13171,pixel3,cifar10,93.530000,7.717220,0.786130,16091
20,5,6358,pixel3,cifar10,92.136665,6.066150,0.786130,16091
20,5,10689,pixel3,cifar10,90.790000,2.669770,0.786130,16091
20,5,11692,pixel3,cifar10,94.130000,15.490100,0.786130,16091
20,5,78,pixel3,cifar10,91.933334,5.807870,0.786130,16091
20,5,13987,pixel3,cifar10,93.596664,9.922680,0.786130,16091
20,5,8708,pixel3,cifar10,94.080000,12.839000,0.786130,16091
20,5,1778,pixel3,cifar10,92.180000,6.446230,0.786130,16091
20,5,1918,pixel3,cifar10,88.880000,1.615140,0.786130,16091
20,5,6863,pixel3,cifar10,86.740000,1.229320,0.786130,16091
20,5,4398,pixel3,cifar10,92.073330,5.828150,0.786130,16091
20,5,2035,pixel3,cifar10,89.670000,1.706480,0.786130,16091
20,5,5874,pixel3,cifar10,88.676670,1.580110,0.786130,16091
20,5,1196,pixel3,cifar10,92.020000,5.810240,0.786130,16091
20,6,13846,raspi4,cifar10,90.720000,7.176163,0.803396,16038
20,6,6918,raspi4,cifar10,87.000000,2.787590,0.803396,16038
20,6,12387,raspi4,cifar10,88.930000,4.797579,0.803396,16038
20,6,9380,raspi4,cifar10,89.335000,4.875613,0.803396,16038
20,6,8873,raspi4,cifar10,89.050000,4.839358,0.803396,16038
20,6,5111,raspi4,cifar10,94.306660,41.756905,0.803396,16038
20,6,2937,raspi4,cifar10,92.190000,17.768639,0.803396,16038
20,6,12286,raspi4,cifar10,86.760000,2.546242,0.803396,16038
20,6,7174,raspi4,cifar10,88.870000,4.784453,0.803396,16038
20,6,6111,raspi4,cifar10,94.373340,68.404106,0.803396,16038
20,6,3731,raspi4,cifar10,94.343330,58.070793,0.803396,16038
20,6,8323,raspi4,cifar10,90.870000,7.426308,0.803396,16038
20,6,11692,raspi4,cifar10,94.130000,37.583630,0.803396,16038
20,6,2058,raspi4,cifar10,93.270000,19.484835,0.803396,16038
20,6,8426,raspi4,cifar10,93.840000,31.394428,0.803396,16038
20,6,11810,raspi4,cifar10,92.780000,18.619905,0.803396,16038
20,6,5780,raspi4,cifar10,93.980000,34.928463,0.803396,16038
20,6,6953,raspi4,cifar10,91.990000,15.601654,0.803396,16038
20,6,8008,raspi4,cifar10,93.480000,22.571420,0.803396,16038
20,6,13829,raspi4,cifar10,92.193340,18.405771,0.803396,16038
20,6,9980,raspi4,cifar10,10.000000,0.011284,0.803396,16038
20,6,6382,raspi4,cifar10,93.376660,21.461164,0.803396,16038
20,6,8592,raspi4,cifar10,93.750000,25.477009,0.803396,16038
20,6,11533,raspi4,cifar10,93.420000,21.715693,0.803396,16038
20,6,7058,raspi4,cifar10,92.040000,16.469465,0.803396,16038
20,6,11088,raspi4,cifar10,92.200000,18.435175,0.803396,16038
20,6,10412,raspi4,cifar10,93.530000,25.079220,0.803396,16038
20,6,1941,raspi4,cifar10,93.533330,25.121769,0.803396,16038
20,6,1690,raspi4,cifar10,86.646670,2.536549,0.803396,16038
20,6,12639,raspi4,cifar10,90.990000,11.857850,0.803396,16038
20,6,12505,raspi4,cifar10,92.150000,16.747276,0.803396,16038
20,6,2035,raspi4,cifar10,89.670000,4.984099,0.803396,16038
20,6,14677,raspi4,cifar10,88.670000,4.755260,0.803396,16038
20,6,1781,raspi4,cifar10,89.883330,5.961801,0.803396,16038
20,6,1962,raspi4,cifar10,86.530000,2.529453,0.803396,16038
20,6,3687,raspi4,cifar10,89.820000,5.156255,0.803396,16038
20,7,8401,edgegpu,cifar100,71.080000,3.302102,0.583180,16391
20,7,11885,edgegpu,cifar100,68.040000,1.776652,0.583180,16391
20,7,9922,edgegpu,cifar100,58.560000,1.428552,0.583180,16391
20,7,6124,edgegpu,cifar100,68.360000,3.185835,0.583180,16391
20,7,9997,edgegpu,cifar100,71.520000,3.466139,0.583180,16391
20,7,2778,edgegpu,cifar100,72.993330,6.134028,0.583180,16391
20,7,9930,edgegpu,cifar100,73.513336,6.803060,0.583180,16391
20,7,2304,edgegpu,cifar100,58.660000,1.440253,0.583180,16391
20,7,1425,edgegpu,cifar100,72.093330,5.310225,0.583180,16391
20,7,12415,edgegpu,cifar100,71.940000,4.828467,0.583180,16391
20,7,4954,edgegpu,cifar100,73.000000,6.669736,0.583180,16391
20,7,1509,edgegpu,cifar100,1.000000,0.505853,0.583180,16391
20,7,3888,edgegpu,cifar100,73.260000,6.797867,0.583180,16391
20,7,8912,edgegpu,cifar100,59.200000,1.441355,0.583180,16391
20,7,4418,edgegpu,cifar100,72.746666,5.352364,0.583180,16391
20,7,11067,edgegpu,cifar100,58.186670,1.427836,0.583180,16391
20,7,11810,edgegpu,cifar100,68.300000,1.779551,0.583180,16391
20,7,1038,edgegpu,cifar100,67.500000,1.758428,0.583180,16391
20,8,11973,edgetpu,cifar100,70.340000,0.641728,0.676223,15944
20,8,13434,edgetpu,cifar100,62.106667,0.392580,0.676223,15944
20,8,4977,edgetpu,cifar100,63.360000,0.398743,0.676223,15944
20,8,13829,edgetpu,cifar100,66.873340,0.485137,0.676223,15944
20,8,2705,edgetpu,cifar100,62.813330,0.393026,0.676223,15944
20,8,69,edgetpu,cifar100,71.020000,0.727259,0.676223,15944
20,8,797,edgetpu,cifar100,69.580000,0.633351,0.676223,15944
20,8,1425,edgetpu,cifar100,72.093330,0.910660,0.676223,15944
20,8,11533,edgetpu,cifar100,69.760000,0.635877,0.676223,15944
20,8,5019,edgetpu,cifar100,58.880000,0.357058,0.676223,15944
20,8,9930,edgetpu,cifar100,73.513336,1.454107,0.676223,15944
20,8,8401,edgetpu,cifar100,71.080000,0.728572,0.676223,15944
20,8,9541,edgetpu,cifar100,67.660000,0.486829,0.676223,15944
20,8,1110,edgetpu,cifar100,58.840000,0.355938,0.676223,15944
20,8,15137,edgetpu,cifar100,63.160000,0.393504,0.676223,15944
20,8,857,edgetpu,cifar100,72.880000,1.264168,0.676223,15944
20,8,7760,edgetpu,cifar100,67.800000,0.489248,0.676223,15944
20,8,12415,edgetpu,cifar100,71.940000,0.872299,0.676223,15944
20,8,14945,edgetpu,cifar100,58.500000,0.354940,0.676223,15944
20,8,11885,edgetpu,cifar100,68.040000,0.489665,0.676223,15944
20,8,6946,edgetpu,cifar100,67.500000,0.486233,0.676223,15944
20,8,15363,edgetpu,cifar100,70.520000,0.676394,0.676223,15944
20,8,10000,edgetpu,cifar100,73.160000,1.283461,0.676223,15944
20,8,12761,edgetpu,cifar100,72.860000,1.225212,0.676223,15944
20,8,577,edgetpu,cifar100,69.680000,0.635228,0.676223,15944
20,8,10679,edgetpu,cifar100,62.080000,0.391915,0.676223,15944
20,8,9997,edgetpu,cifar100,71.520000,0.729986,0.676223,15944
20,8,777,edgetpu,cifar100,58.650000,0.355588,0.676223,15944
20,8,4418,edgetpu,cifar100,72.746666,1.093699,0.676223,15944
20,8,3888,edgetpu,cifar100,73.260000,1.316226,0.676223,15944
20,8,8912,edgetpu,cifar100,59.200000,0.377698,0.676223,15944
20,8,11810,edgetpu,cifar100,68.300000,0.492126,0.676223,15944
20,8,12574,edgetpu,cifar100,72.740000,0.932430,0.676223,15944
20,8,8638,edgetpu,cifar100,58.860000,0.356631,0.676223,15944
20,8,3303,edgetpu,cifar100,62.420000,0.392593,0.676223,15944
20,8,4659,edgetpu,cifar100,70.060000,0.636433,0.676223,15944
20,8,1943,edgetpu,cifar100,69.626660,0.634759,0.676223,15944
20,9,12761,eyeriss,cifar100,72.860000,6.352000,0.495059,16426
20,9,9930,eyeriss,cifar100,73.513336,9.055360,0.495059,16426
20,9,3888,eyeriss,cifar100,73.260000,6.597760,0.495059,16426
20,9,6925,eyeriss,cifar100,71.220000,3.894400,0.495059,16426
20,9,5651,eyeriss,cifar100,64.690000,1.928320,0.495059,16426
20,9,5084,eyeriss,cifar100,58.813330,1.682560,0.495059,16426
20,9,12574,eyeriss,cifar100,72.740000,5.123200,0.495059,16426
20,9,10689,eyeriss,cifar100,67.500000,2.174080,0.495059,16426
20,9,3540,eyeriss,cifar100,71.500000,4.877440,0.495059,16426
20,9,6787,eyeriss,cifar100,70.720000,3.648640,0.495059,16426
20,9,11973,eyeriss,cifar100,70.340000,3.402880,0.495059,16426
20,9,11301,eyeriss,cifar100,68.220000,2.665600,0.495059,16426
20,10,12761,fpga,cifar100,72.860000,5.420960,0.527501,16261
20,10,12295,fpga,cifar100,71.160000,3.648160,0.527501,16261
20,10,9930,fpga,cifar100,73.513336,7.420960,0.527501,16261
20,10,3888,fpga,cifar100,73.260000,5.936160,0.527501,16261
20,10,15033,fpga,cifar100,67.793335,2.390560,0.527501,16261
20,10,6787,fpga,cifar100,70.720000,3.420960,0.527501,16261
20,10,11973,fpga,cifar100,70.340000,2.905760,0.527501,16261
20,10,11979,fpga,cifar100,68.000000,2.800160,0.527501,16261
20,10,5651,fpga,cifar100,64.690000,1.648160,0.527501,16261
20,10,4249,fpga,cifar100,65.080000,2.057760,0.527501,16261
20,10,5084,fpga,cifar100,58.813330,1.132960,0.527501,16261
20,10,3385,fpga,cifar100,72.380000,5.193760,0.527501,16261
20,10,10689,fpga,cifar100,67.500000,2.163360,0.527501,16261
20,10,3540,fpga,cifar100,71.500000,4.163360,0.527501,16261
20,10,9997,fpga,cifar100,71.520000,4.572960,0.527501,16261
20,10,6925,fpga,cifar100,71.220000,3.936160,0.527501,16261
20,10,699,fpga,cifar100,72.240000,4.678560,0.527501,16261
20,11,15589,pixel3,cifar100,59.060000,1.483890,0.767456,16209
20,11,6787,pixel3,cifar100,70.720000,9.854430,0.767456,16209
20,11,572,pixel3,cifar100,70.313330,8.017480,0.767456,16209
20,11,9649,pixel3,cifar100,64.540000,2.536210,0.767456,16209
20,11,10042,pixel3,cifar100,64.880000,2.794690,0.767456,16209
20,11,1781,pixel3,cifar100,64.326670,2.386170,0.767456,16209
20,11,978,pixel3,cifar100,64.180000,2.372340,0.767456,16209
20,11,4409,pixel3,cifar100,67.173330,3.113370,0.767456,16209
20,11,3983,pixel3,cifar100,64.293335,2.372440,0.767456,16209
20,11,6337,pixel3,cifar100,1.000000,0.008753,0.767456,16209
20,11,3888,pixel3,cifar100,73.260000,23.477200,0.767456,16209
20,11,857,pixel3,cifar100,72.880000,19.113200,0.767456,16209
20,11,724,pixel3,cifar100,67.053340,2.875650,0.767456,16209
20,11,11301,pixel3,cifar100,68.220000,5.352090,0.767456,16209
20,11,15363,pixel3,cifar100,70.520000,9.708640,0.767456,16209
20,11,1409,pixel3,cifar100,58.853333,1.275090,0.767456,16209
20,11,1357,pixel3,cifar100,67.480000,3.998260,0.767456,16209
20,11,1450,pixel3,cifar100,70.506670,9.337360,0.767456,16209
20,11,898,pixel3,cifar100,70.000000,6.516140,0.767456,16209
20,11,6925,pixel3,cifar100,71.220000,10.688000,0.767456,16209
20,11,12970,pixel3,cifar100,68.140000,4.782110,0.767456,16209
20,11,6758,pixel3,cifar100,62.546665,2.195650,0.767456,16209
20,11,906,pixel3,cifar100,62.393333,1.661810,0.767456,16209
20,11,9930,pixel3,cifar100,73.513336,42.003600,0.767456,16209
20,11,5019,pixel3,cifar100,58.880000,1.483640,0.767456,16209
20,11,699,pixel3,cifar100,72.240000,12.079400,0.767456,16209
20,11,12574,pixel3,cifar100,72.740000,16.473900,0.767456,16209
20,11,2649,pixel3,cifar100,64.446660,2.496890,0.767456,16209
20,11,8323,pixel3,cifar100,67.080000,3.106340,0.767456,16209
20,11,1459,pixel3,cifar100,73.140000,23.437900,0.767456,16209
20,11,296,pixel3,cifar100,63.786667,2.368090,0.767456,16209
20,11,777,pixel3,cifar100,58.650000,1.087020,0.767456,16209
20,11,11000,pixel3,cifar100,71.180000,10.677600,0.767456,16209
20,11,13113,pixel3,cifar100,63.140000,2.205990,0.767456,16209
20,11,4977,pixel3,cifar100,63.360000,2.211970,0.767456,16209
20,12,4409,raspi4,cifar100,67.173330,7.228629,0.709330,15913
20,12,1572,raspi4,cifar100,69.900000,19.916142,0.709330,15913
20,12,4418,raspi4,cifar100,72.746666,47.162354,0.709330,15913
20,12,12574,raspi4,cifar100,72.740000,36.371254,0.709330,15913
20,12,7030,raspi4,cifar100,69.600000,19.218203,0.709330,15913
20,12,9997,raspi4,cifar100,71.520000,34.996710,0.709330,15913
20,12,2222,raspi4,cifar100,58.313330,2.538255,0.709330,15913
20,12,9930,raspi4,cifar100,73.513336,71.152000,0.709330,15913
20,12,12761,raspi4,cifar100,72.860000,53.718200,0.709330,15913
20,12,9895,raspi4,cifar100,69.400000,19.211880,0.709330,15913
20,12,898,raspi4,cifar100,70.000000,21.506163,0.709330,15913
20,12,10042,raspi4,cifar100,64.880000,5.100886,0.709330,15913
20,12,1459,raspi4,cifar100,73.140000,53.879950,0.709330,15913
20,12,14714,raspi4,cifar100,71.280000,24.692347,0.709330,15913
20,12,12607,raspi4,cifar100,62.600000,4.779045,0.709330,15913
20,12,12915,raspi4,cifar100,66.950000,7.226311,0.709330,15913
20,12,13430,raspi4,cifar100,66.700000,7.203785,0.709330,15913
20,12,6925,raspi4,cifar100,71.220000,24.195030,0.709330,15913
20,12,9271,raspi4,cifar100,63.400000,4.800893,0.709330,15913
20,12,7891,raspi4,cifar100,67.550000,12.536592,0.709330,15913
20,12,6830,raspi4,cifar100,71.460000,34.491814,0.709330,15913
20,12,11209,raspi4,cifar100,64.120000,5.100011,0.709330,15913
20,12,6822,raspi4,cifar100,58.426666,2.558594,0.709330,15913
20,12,9926,raspi4,cifar100,63.520000,4.999532,0.709330,15913
20,12,10222,raspi4,cifar100,58.860000,2.747804,0.709330,15913
20,12,3888,raspi4,cifar100,73.260000,55.029520,0.709330,15913
20,12,15363,raspi4,cifar100,70.520000,21.809430,0.709330,15913
20,12,14612,raspi4,cifar100,58.720000,2.563505,0.709330,15913
20,12,14112,raspi4,cifar100,68.386665,14.423308,0.709330,15913
20,12,8740,raspi4,cifar100,1.000000,0.015215,0.709330,15913
20,12,6918,raspi4,cifar100,58.800000,2.571364,0.709330,15913
20,12,15589,raspi4,cifar100,59.060000,2.795078,0.709330,15913
20,12,3408,raspi4,cifar100,63.993332,5.081906,0.709330,15913
20,12,1357,raspi4,cifar100,67.480000,10.177114,0.709330,15913
20,12,2035,raspi4,cifar100,63.926666,5.005698,0.709330,15913
20,13,8884,edgegpu,ImageNet16-120,45.033333,3.499999,0.665817,16289
20,13,13760,edgegpu,ImageNet16-120,32.333332,1.739759,0.665817,16289
20,13,5374,edgegpu,ImageNet16-120,46.766666,5.294285,0.665817,16289
20,13,7760,edgegpu,ImageNet16-120,39.100000,1.743751,0.665817,16289
20,13,10699,edgegpu,ImageNet16-120,46.833332,6.223283,0.665817,16289
20,13,12415,edgegpu,ImageNet16-120,46.566666,4.667692,0.665817,16289
20,13,1164,edgegpu,ImageNet16-120,28.522223,1.435223,0.665817,16289
20,13,7187,edgegpu,ImageNet16-120,28.683332,1.443858,0.665817,16289
20,13,4988,edgegpu,ImageNet16-120,28.933332,1.448212,0.665817,16289
20,13,6950,edgegpu,ImageNet16-120,38.700000,1.740150,0.665817,16289
20,13,14117,edgegpu,ImageNet16-120,28.677778,1.435547,0.665817,16289
20,13,14027,edgegpu,ImageNet16-120,40.266666,3.306937,0.665817,16289
20,13,15288,edgegpu,ImageNet16-120,28.422222,1.417041,0.665817,16289
20,13,15376,edgegpu,ImageNet16-120,0.833333,0.533953,0.665817,16289
20,13,12505,edgegpu,ImageNet16-120,39.283333,1.750417,0.665817,16289
20,13,4587,edgegpu,ImageNet16-120,28.800000,1.445131,0.665817,16289
20,13,10750,edgegpu,ImageNet16-120,44.600000,3.434558,0.665817,16289
20,13,4946,edgegpu,ImageNet16-120,44.700000,3.490419,0.665817,16289
20,13,11217,edgegpu,ImageNet16-120,43.466667,3.316708,0.665817,16289
20,13,9722,edgegpu,ImageNet16-120,44.000000,3.327813,0.665817,16289
20,13,15383,edgegpu,ImageNet16-120,47.033333,6.262836,0.665817,16289
20,13,4160,edgegpu,ImageNet16-120,39.833332,1.756272,0.665817,16289
20,13,5751,edgegpu,ImageNet16-120,40.044445,2.434626,0.665817,16289
20,13,8401,edgegpu,ImageNet16-120,43.833332,3.322444,0.665817,16289
20,13,15159,edgegpu,ImageNet16-120,45.566666,4.632421,0.665817,16289
20,13,6499,edgegpu,ImageNet16-120,44.466667,3.413672,0.665817,16289
20,13,14840,edgegpu,ImageNet16-120,45.311110,4.224715,0.665817,16289
20,13,1449,edgegpu,ImageNet16-120,40.077778,3.075252,0.665817,16289
20,13,857,edgegpu,ImageNet16-120,47.311110,6.707663,0.665817,16289
20,14,15363,edgetpu,ImageNet16-120,44.333332,0.582280,0.634786,16430
20,14,14677,edgetpu,ImageNet16-120,33.233334,0.364575,0.634786,16430
20,14,3236,edgetpu,ImageNet16-120,40.044445,0.517540,0.634786,16430
20,14,14527,edgetpu,ImageNet16-120,28.133333,0.358865,0.634786,16430
20,14,4830,edgetpu,ImageNet16-120,42.233334,0.549457,0.634786,16430
20,14,4988,edgetpu,ImageNet16-120,28.933332,0.360694,0.634786,16430
20,14,7273,edgetpu,ImageNet16-120,42.966667,0.550014,0.634786,16430
20,14,8884,edgetpu,ImageNet16-120,45.033333,0.615792,0.634786,16430
20,14,11885,edgetpu,ImageNet16-120,39.166668,0.427395,0.634786,16430
20,14,10167,edgetpu,ImageNet16-120,39.944443,0.444058,0.634786,16430
20,14,13931,edgetpu,ImageNet16-120,28.788889,0.360349,0.634786,16430
20,14,3540,edgetpu,ImageNet16-120,45.122223,0.648670,0.634786,16430
20,14,12415,edgetpu,ImageNet16-120,46.566666,0.710906,0.634786,16430
20,14,10332,edgetpu,ImageNet16-120,40.033333,0.516152,0.634786,16430
20,14,13972,edgetpu,ImageNet16-120,31.933332,0.363440,0.634786,16430
20,14,7357,edgetpu,ImageNet16-120,44.666668,0.600498,0.634786,16430
20,14,13097,edgetpu,ImageNet16-120,39.655556,0.428424,0.634786,16430
20,14,4627,edgetpu,ImageNet16-120,43.500000,0.552306,0.634786,16430
20,14,4160,edgetpu,ImageNet16-120,39.833332,0.430355,0.634786,16430
20,14,11079,edgetpu,ImageNet16-120,43.566666,0.552430,0.634786,16430
20,14,15107,edgetpu,ImageNet16-120,39.800000,0.430284,0.634786,16430
20,14,9689,edgetpu,ImageNet16-120,42.533333,0.549702,0.634786,16430
20,14,14840,edgetpu,ImageNet16-120,45.311110,0.666690,0.634786,16430
20,14,10888,edgetpu,ImageNet16-120,28.333334,0.359044,0.634786,16430
20,14,857,edgetpu,ImageNet16-120,47.311110,0.997730,0.634786,16430
20,14,7750,edgetpu,ImageNet16-120,43.066666,0.551617,0.634786,16430
20,14,15383,edgetpu,ImageNet16-120,47.033333,0.780914,0.634786,16430
20,14,13769,edgetpu,ImageNet16-120,41.555557,0.549360,0.634786,16430
20,14,6407,edgetpu,ImageNet16-120,32.333332,0.363748,0.634786,16430
20,15,4829,eyeriss,ImageNet16-120,34.200000,0.484480,0.497995,16528
20,15,5487,eyeriss,ImageNet16-120,38.500000,0.607360,0.497995,16528
20,15,857,eyeriss,ImageNet16-120,47.311110,1.651840,0.497995,16528
20,15,8853,eyeriss,ImageNet16-120,45.600000,1.037440,0.497995,16528
20,15,1939,eyeriss,ImageNet16-120,45.077778,0.976000,0.497995,16528
20,15,15383,eyeriss,ImageNet16-120,47.033333,1.283200,0.497995,16528
20,15,14417,eyeriss,ImageNet16-120,45.900000,1.098880,0.497995,16528
20,15,6787,eyeriss,ImageNet16-120,44.400000,0.914560,0.497995,16528
20,15,8008,eyeriss,ImageNet16-120,43.500000,0.853120,0.497995,16528
20,15,2835,eyeriss,ImageNet16-120,38.222220,0.545920,0.497995,16528
20,15,6854,eyeriss,ImageNet16-120,40.800000,0.668800,0.497995,16528
20,15,4988,eyeriss,ImageNet16-120,28.933332,0.423040,0.497995,16528
20,16,3261,fpga,ImageNet16-120,43.022220,0.876800,0.582016,16220
20,16,5793,fpga,ImageNet16-120,35.033333,0.517920,0.582016,16220
20,16,857,fpga,ImageNet16-120,47.311110,2.038400,0.582016,16220
20,16,5390,fpga,ImageNet16-120,43.100000,0.902400,0.582016,16220
20,16,6854,fpga,ImageNet16-120,40.800000,0.809120,0.582016,16220
20,16,4988,fpga,ImageNet16-120,28.933332,0.284320,0.582016,16220
20,16,8853,fpga,ImageNet16-120,45.600000,1.155200,0.582016,16220
20,16,1939,fpga,ImageNet16-120,45.077778,1.062400,0.582016,16220
20,16,6868,fpga,ImageNet16-120,39.000000,0.649120,0.582016,16220
20,16,14748,fpga,ImageNet16-120,44.900000,0.995200,0.582016,16220
20,16,15383,fpga,ImageNet16-120,47.033333,1.504000,0.582016,16220
20,16,11593,fpga,ImageNet16-120,40.166668,0.780320,0.582016,16220
20,16,4829,fpga,ImageNet16-120,34.200000,0.415520,0.582016,16220
20,16,2835,fpga,ImageNet16-120,38.222220,0.546720,0.582016,16220
20,16,6787,fpga,ImageNet16-120,44.400000,0.969600,0.582016,16220
20,16,10017,fpga,ImageNet16-120,40.566666,0.784000,0.582016,16220
20,16,14417,fpga,ImageNet16-120,45.900000,1.276320,0.582016,16220
20,17,7401,pixel3,ImageNet16-120,28.866667,0.505777,0.792163,16041
20,17,12639,pixel3,ImageNet16-120,40.400000,1.304440,0.792163,16041
20,17,6854,pixel3,ImageNet16-120,40.800000,1.621620,0.792163,16041
20,17,8627,pixel3,ImageNet16-120,43.633335,2.707490,0.792163,16041
20,17,479,pixel3,ImageNet16-120,38.500000,1.108070,0.792163,16041
20,17,12424,pixel3,ImageNet16-120,43.133330,2.470150,0.792163,16041
20,17,11000,pixel3,ImageNet16-120,44.866665,2.962520,0.792163,16041
20,17,4432,pixel3,ImageNet16-120,37.800000,0.861157,0.792163,16041
20,17,1549,pixel3,ImageNet16-120,28.655556,0.424747,0.792163,16041
20,17,2835,pixel3,ImageNet16-120,38.222220,0.868646,0.792163,16041
20,17,10340,pixel3,ImageNet16-120,31.522223,0.617772,0.792163,16041
20,17,4384,pixel3,ImageNet16-120,28.133333,0.421612,0.792163,16041
20,17,4977,pixel3,ImageNet16-120,32.966667,0.617991,0.792163,16041
20,17,14417,pixel3,ImageNet16-120,45.900000,4.143030,0.792163,16041
20,17,1939,pixel3,ImageNet16-120,45.077778,3.021500,0.792163,16041
20,17,1204,pixel3,ImageNet16-120,37.844444,0.864966,0.792163,16041
20,17,12355,pixel3,ImageNet16-120,45.033333,2.989390,0.792163,16041
20,17,1110,pixel3,ImageNet16-120,28.600000,0.423927,0.792163,16041
20,17,1860,pixel3,ImageNet16-120,28.433332,0.422587,0.792163,16041
20,17,12466,pixel3,ImageNet16-120,46.100000,4.680280,0.792163,16041
20,17,12516,pixel3,ImageNet16-120,32.083332,0.617816,0.792163,16041
20,17,10412,pixel3,ImageNet16-120,43.733334,2.753550,0.792163,16041
20,17,15446,pixel3,ImageNet16-120,45.766666,3.439380,0.792163,16041
20,17,1425,pixel3,ImageNet16-120,45.977780,4.619290,0.792163,16041
20,17,857,pixel3,ImageNet16-120,47.311110,6.686850,0.792163,16041
20,17,10154,pixel3,ImageNet16-120,46.133335,4.783700,0.792163,16041
20,17,2018,pixel3,ImageNet16-120,46.433334,4.949210,0.792163,16041
20,17,15383,pixel3,ImageNet16-120,47.033333,5.191720,0.792163,16041
20,17,6014,pixel3,ImageNet16-120,28.533333,0.423391,0.792163,16041
20,17,11079,pixel3,ImageNet16-120,43.566666,2.479610,0.792163,16041
20,17,8954,pixel3,ImageNet16-120,28.733334,0.424855,0.792163,16041
20,17,12452,pixel3,ImageNet16-120,40.533333,1.504410,0.792163,16041
20,17,13059,pixel3,ImageNet16-120,34.266666,0.668679,0.792163,16041
20,17,4004,pixel3,ImageNet16-120,42.811110,2.467510,0.792163,16041
20,17,2050,pixel3,ImageNet16-120,0.833333,0.005526,0.792163,16041
20,17,4587,pixel3,ImageNet16-120,28.800000,0.445767,0.792163,16041
20,17,8584,pixel3,ImageNet16-120,34.088890,0.664046,0.792163,16041
20,17,4675,pixel3,ImageNet16-120,33.100000,0.620036,0.792163,16041
20,17,872,pixel3,ImageNet16-120,41.777780,2.465030,0.792163,16041
20,17,3728,pixel3,ImageNet16-120,28.500000,0.422880,0.792163,16041
20,18,13059,raspi4,ImageNet16-120,34.266666,1.595651,0.844968,16151
20,18,2018,raspi4,ImageNet16-120,46.433334,7.482383,0.844968,16151
20,18,1939,raspi4,ImageNet16-120,45.077778,5.341908,0.844968,16151
20,18,13644,raspi4,ImageNet16-120,45.333332,6.780282,0.844968,16151
20,18,11946,raspi4,ImageNet16-120,28.200000,0.940293,0.844968,16151
20,18,11584,raspi4,ImageNet16-120,46.666668,8.014434,0.844968,16151
20,18,3650,raspi4,ImageNet16-120,43.866665,4.475790,0.844968,16151
20,18,6787,raspi4,ImageNet16-120,44.400000,4.532777,0.844968,16151
20,18,10835,raspi4,ImageNet16-120,45.233334,6.632419,0.844968,16151
20,18,9496,raspi4,ImageNet16-120,38.200000,2.204048,0.844968,16151
20,18,10167,raspi4,ImageNet16-120,39.944443,3.106316,0.844968,16151
20,18,11079,raspi4,ImageNet16-120,43.566666,3.802027,0.844968,16151
20,18,10217,raspi4,ImageNet16-120,45.100000,6.109362,0.844968,16151
20,18,9032,raspi4,ImageNet16-120,38.016666,2.201532,0.844968,16151
20,18,4988,raspi4,ImageNet16-120,28.933332,1.003251,0.844968,16151
20,18,3687,raspi4,ImageNet16-120,34.066666,1.583497,0.844968,16151
20,18,8884,raspi4,ImageNet16-120,45.033333,5.293177,0.844968,16151
20,18,13931,raspi4,ImageNet16-120,28.788889,0.956195,0.844968,16151
20,18,933,raspi4,ImageNet16-120,0.833333,0.011514,0.844968,16151
20,18,10472,raspi4,ImageNet16-120,39.633335,3.079679,0.844968,16151
20,18,4995,raspi4,ImageNet16-120,42.166668,3.766336,0.844968,16151
20,18,8426,raspi4,ImageNet16-120,44.633335,5.288439,0.844968,16151
20,18,5973,raspi4,ImageNet16-120,40.100000,3.159922,0.844968,16151
20,18,14750,raspi4,ImageNet16-120,32.933334,1.536700,0.844968,16151
20,18,14792,raspi4,ImageNet16-120,43.033333,3.792447,0.844968,16151
20,18,12358,raspi4,ImageNet16-120,34.055557,1.582727,0.844968,16151
20,18,7187,raspi4,ImageNet16-120,28.683332,0.952790,0.844968,16151
20,18,15107,raspi4,ImageNet16-120,39.800000,3.083329,0.844968,16151
20,18,6336,raspi4,ImageNet16-120,39.366665,3.073392,0.844968,16151
20,18,5637,raspi4,ImageNet16-120,33.933334,1.580707,0.844968,16151
20,18,15383,raspi4,ImageNet16-120,47.033333,8.565354,0.844968,16151
20,18,3782,raspi4,ImageNet16-120,41.866665,3.755286,0.844968,16151
20,18,2779,raspi4,ImageNet16-120,37.355556,2.190654,0.844968,16151
20,18,7551,raspi4,ImageNet16-120,38.477780,2.950436,0.844968,16151
20,18,15363,raspi4,ImageNet16-120,44.333332,4.480516,0.844968,16151
20,18,6854,raspi4,ImageNet16-120,40.800000,3.661016,0.844968,16151
20,18,7227,raspi4,ImageNet16-120,32.533333,1.530737,0.844968,16151
20,18,857,raspi4,ImageNet16-120,47.311110,9.020064,0.844968,16151
20,18,12505,raspi4,ImageNet16-120,39.283333,3.062432,0.844968,16151
20,18,3960,raspi4,ImageNet16-120,37.755554,2.197980,0.844968,16151
20,18,5487,raspi4,ImageNet16-120,38.500000,3.019000,0.844968,16151
20,18,1204,raspi4,ImageNet16-120,37.844444,2.199356,0.844968,16151
20,18,13284,raspi4,ImageNet16-120,40.177776,3.191073,0.844968,16151
20,18,12452,raspi4,ImageNet16-120,40.533333,3.592146,0.844968,16151
20,18,14417,raspi4,ImageNet16-120,45.900000,6.948865,0.844968,16151
20,18,5455,raspi4,ImageNet16-120,32.611110,1.532377,0.844968,16151
20,18,5530,raspi4,ImageNet16-120,42.577778,3.785925,0.844968,16151
20,18,1413,raspi4,ImageNet16-120,42.711113,3.788479,0.844968,16151
20,18,2112,raspi4,ImageNet16-120,38.355556,2.925188,0.844968,16151
20,18,14677,raspi4,ImageNet16-120,33.233334,1.537227,0.844968,16151
21,1,14407,edgegpu,cifar10,86.770000,1.440282,0.618166,16333
21,1,2090,edgegpu,cifar10,86.650000,1.437702,0.618166,16333
21,1,11810,edgegpu,cifar10,92.780000,1.992798,0.618166,16333
21,1,11692,edgegpu,cifar10,94.130000,4.708362,0.618166,16333
21,1,6950,edgegpu,cifar10,92.000000,1.738467,0.618166,16333
21,1,13714,edgegpu,cifar10,94.373340,6.772180,0.618166,16333
21,1,10484,edgegpu,cifar10,93.810000,3.354015,0.618166,16333
21,1,5400,edgegpu,cifar10,86.630000,1.427460,0.618166,16333
21,1,1459,edgegpu,cifar10,94.296670,6.748991,0.618166,16333
21,1,1038,edgegpu,cifar10,92.276665,1.828198,0.618166,16333
21,1,5780,edgegpu,cifar10,93.980000,3.361888,0.618166,16333
21,1,2053,edgegpu,cifar10,94.206665,5.482254,0.618166,16333
21,1,1099,edgegpu,cifar10,92.240000,1.774683,0.618166,16333
21,1,5292,edgegpu,cifar10,94.293335,6.663151,0.618166,16333
21,1,6499,edgegpu,cifar10,93.645000,3.331041,0.618166,16333
21,1,13401,edgegpu,cifar10,87.010000,1.457009,0.618166,16333
21,1,2776,edgegpu,cifar10,93.666664,3.331194,0.618166,16333
21,1,561,edgegpu,cifar10,86.880000,1.451068,0.618166,16333
21,1,15200,edgegpu,cifar10,10.000000,0.501385,0.618166,16333
21,1,6330,edgegpu,cifar10,94.006670,4.384699,0.618166,16333
21,1,10683,edgegpu,cifar10,92.330000,1.924162,0.618166,16333
21,1,14090,edgegpu,cifar10,92.086670,1.749086,0.618166,16333
21,1,14527,edgegpu,cifar10,86.765000,1.439619,0.618166,16333
21,1,258,edgegpu,cifar10,93.640000,3.307109,0.618166,16333
21,1,1339,edgegpu,cifar10,92.136665,1.751881,0.618166,16333
21,2,5780,edgetpu,cifar10,93.980000,0.723967,0.633702,16442
21,2,12439,edgetpu,cifar10,86.393330,0.352159,0.633702,16442
21,2,5946,edgetpu,cifar10,88.963330,0.389012,0.633702,16442
21,2,2053,edgetpu,cifar10,94.206665,1.042178,0.633702,16442
21,2,6382,edgetpu,cifar10,93.376660,0.628638,0.633702,16442
21,2,3927,edgetpu,cifar10,93.626660,0.723268,0.633702,16442
21,2,13714,edgetpu,cifar10,94.373340,1.377865,0.633702,16442
21,2,6918,edgetpu,cifar10,87.000000,0.375819,0.633702,16442
21,2,8192,edgetpu,cifar10,93.093330,0.627745,0.633702,16442
21,2,5111,edgetpu,cifar10,94.306660,1.152010,0.633702,16442
21,2,11692,edgetpu,cifar10,94.130000,0.761100,0.633702,16442
21,2,4438,edgetpu,cifar10,92.270000,0.481473,0.633702,16442
21,2,7017,edgetpu,cifar10,86.970000,0.353089,0.633702,16442
21,2,5258,edgetpu,cifar10,88.775000,0.388629,0.633702,16442
21,2,9380,edgetpu,cifar10,89.335000,0.395662,0.633702,16442
21,2,9950,edgetpu,cifar10,93.840000,0.723767,0.633702,16442
21,2,8008,edgetpu,cifar10,93.480000,0.629746,0.633702,16442
21,2,10293,edgetpu,cifar10,86.513336,0.352328,0.633702,16442
21,2,6584,edgetpu,cifar10,94.160000,0.888877,0.633702,16442
21,2,4161,edgetpu,cifar10,89.250000,0.391221,0.633702,16442
21,2,5224,edgetpu,cifar10,88.980000,0.389900,0.633702,16442
21,2,3731,edgetpu,cifar10,94.343330,1.282820,0.633702,16442
21,2,6515,edgetpu,cifar10,93.616670,0.722858,0.633702,16442
21,2,797,edgetpu,cifar10,93.280000,0.627996,0.633702,16442
21,2,9689,edgetpu,cifar10,93.370000,0.628386,0.633702,16442
21,2,11112,edgetpu,cifar10,92.110000,0.480732,0.633702,16442
21,2,13611,edgetpu,cifar10,92.490000,0.481826,0.633702,16442
21,2,10581,edgetpu,cifar10,89.015000,0.390403,0.633702,16442
21,3,12438,eyeriss,cifar10,89.875000,1.925300,0.512317,16417
21,3,6854,eyeriss,cifar10,91.040000,2.662580,0.512317,16417
21,3,8592,eyeriss,cifar10,93.750000,3.891380,0.512317,16417
21,3,5111,eyeriss,cifar10,94.306660,5.365940,0.512317,16417
21,3,3731,eyeriss,cifar10,94.343330,6.594740,0.512317,16417
21,3,8008,eyeriss,cifar10,93.480000,3.399860,0.512317,16417
21,3,8323,eyeriss,cifar10,90.870000,2.171060,0.512317,16417
21,3,6111,eyeriss,cifar10,94.373340,7.823540,0.512317,16417
21,3,4384,eyeriss,cifar10,86.796670,1.679540,0.512317,16417
21,3,11472,eyeriss,cifar10,93.970000,4.628660,0.512317,16417
21,3,13714,eyeriss,cifar10,94.373340,7.823540,0.512317,16417
21,3,14112,eyeriss,cifar10,91.296670,2.908340,0.512317,16417
21,3,13987,eyeriss,cifar10,93.596664,3.645620,0.512317,16417
21,3,6584,eyeriss,cifar10,94.160000,4.874420,0.512317,16417
21,3,13611,eyeriss,cifar10,92.490000,3.154100,0.512317,16417
21,4,11472,fpga,cifar10,93.970000,3.648160,0.483127,16379
21,4,8323,fpga,cifar10,90.870000,2.163360,0.483127,16379
21,4,6111,fpga,cifar10,94.373340,6.678560,0.483127,16379
21,4,8008,fpga,cifar10,93.480000,2.905760,0.483127,16379
21,4,11692,fpga,cifar10,94.130000,4.163360,0.483127,16379
21,4,11525,fpga,cifar10,90.000000,2.057760,0.483127,16379
21,4,3731,fpga,cifar10,94.343330,5.936160,0.483127,16379
21,4,5111,fpga,cifar10,94.306660,5.193760,0.483127,16379
21,4,10412,fpga,cifar10,93.530000,3.420960,0.483127,16379
21,4,4384,fpga,cifar10,86.796670,1.132960,0.483127,16379
21,4,8720,fpga,cifar10,89.875000,1.648160,0.483127,16379
21,4,13611,fpga,cifar10,92.490000,2.390560,0.483127,16379
21,4,13714,fpga,cifar10,94.373340,6.678560,0.483127,16379
21,4,12438,fpga,cifar10,89.875000,1.648160,0.483127,16379
21,5,6918,pixel3,cifar10,87.000000,1.478790,0.826181,16086
21,5,8836,pixel3,cifar10,92.220000,6.313990,0.826181,16086
21,5,8592,pixel3,cifar10,93.750000,10.769800,0.826181,16086
21,5,12452,pixel3,cifar10,91.350000,5.590110,0.826181,16086
21,5,1425,pixel3,cifar10,93.933334,12.536500,0.826181,16086
21,5,1804,pixel3,cifar10,89.063330,1.579900,0.826181,16086
21,5,13846,pixel3,cifar10,90.720000,3.099760,0.826181,16086
21,5,2779,pixel3,cifar10,90.806660,3.102950,0.826181,16086
21,5,1781,pixel3,cifar10,89.883330,1.712020,0.826181,16086
21,5,7017,pixel3,cifar10,86.970000,1.403930,0.826181,16086
21,5,7001,pixel3,cifar10,10.000000,0.003277,0.826181,16086
21,5,3385,pixel3,cifar10,93.990000,13.656500,0.826181,16086
21,5,8695,pixel3,cifar10,94.220000,17.564500,0.826181,16086
21,5,9032,pixel3,cifar10,90.740000,3.102890,0.826181,16086
21,5,2018,pixel3,cifar10,94.063330,14.960500,0.826181,16086
21,5,8323,pixel3,cifar10,90.870000,3.106420,0.826181,16086
21,5,13869,pixel3,cifar10,93.656670,10.634700,0.826181,16086
21,5,5111,pixel3,cifar10,94.306660,17.584600,0.826181,16086
21,5,6863,pixel3,cifar10,86.740000,1.229320,0.826181,16086
21,5,4554,pixel3,cifar10,86.670000,1.114880,0.826181,16086
21,5,13987,pixel3,cifar10,93.596664,9.922680,0.826181,16086
21,5,13171,pixel3,cifar10,93.530000,7.717220,0.826181,16086
21,5,1497,pixel3,cifar10,86.556660,1.056630,0.826181,16086
21,5,11972,pixel3,cifar10,91.510000,5.627010,0.826181,16086
21,5,6382,pixel3,cifar10,93.376660,7.048190,0.826181,16086
21,5,4627,pixel3,cifar10,93.270000,7.036050,0.826181,16086
21,5,6358,pixel3,cifar10,92.136665,6.066150,0.826181,16086
21,5,1631,pixel3,cifar10,89.506670,1.697120,0.826181,16086
21,5,1941,pixel3,cifar10,93.533330,9.128690,0.826181,16086
21,5,6111,pixel3,cifar10,94.373340,23.584800,0.826181,16086
21,5,3731,pixel3,cifar10,94.343330,23.361300,0.826181,16086
21,5,5224,pixel3,cifar10,88.980000,1.570360,0.826181,16086
21,5,1943,pixel3,cifar10,93.116670,6.492030,0.826181,16086
21,5,4432,pixel3,cifar10,90.700000,2.826310,0.826181,16086
21,5,11692,pixel3,cifar10,94.130000,15.490100,0.826181,16086
21,5,6999,pixel3,cifar10,93.820000,12.260900,0.826181,16086
21,5,1894,pixel3,cifar10,92.110000,5.778250,0.826181,16086
21,5,6584,pixel3,cifar10,94.160000,15.720300,0.826181,16086
21,5,6854,pixel3,cifar10,91.040000,4.514220,0.826181,16086
21,5,7197,pixel3,cifar10,90.366670,2.447670,0.826181,16086
21,5,6624,pixel3,cifar10,89.120000,1.670570,0.826181,16086
21,5,3,pixel3,cifar10,86.616670,1.062640,0.826181,16086
21,6,4659,raspi4,cifar10,93.396670,22.249382,0.791224,16126
21,6,1962,raspi4,cifar10,86.530000,2.529453,0.791224,16126
21,6,8323,raspi4,cifar10,90.870000,7.426308,0.791224,16126
21,6,1804,raspi4,cifar10,89.063330,4.791845,0.791224,16126
21,6,14565,raspi4,cifar10,88.880000,4.781183,0.791224,16126
21,6,14677,raspi4,cifar10,88.670000,4.755260,0.791224,16126
21,6,6985,raspi4,cifar10,89.940000,4.995646,0.791224,16126
21,6,13846,raspi4,cifar10,90.720000,7.176163,0.791224,16126
21,6,6918,raspi4,cifar10,87.000000,2.787590,0.791224,16126
21,6,9380,raspi4,cifar10,89.335000,4.875613,0.791224,16126
21,6,12238,raspi4,cifar10,91.690000,16.046099,0.791224,16126
21,6,1690,raspi4,cifar10,86.646670,2.536549,0.791224,16126
21,6,2058,raspi4,cifar10,93.270000,19.484835,0.791224,16126
21,6,10275,raspi4,cifar10,91.080000,9.993188,0.791224,16126
21,6,13611,raspi4,cifar10,92.490000,18.523302,0.791224,16126
21,6,6960,raspi4,cifar10,92.280000,17.162752,0.791224,16126
21,6,9980,raspi4,cifar10,10.000000,0.011284,0.791224,16126
21,6,4384,raspi4,cifar10,86.796670,2.759305,0.791224,16126
21,6,2035,raspi4,cifar10,89.670000,4.984099,0.791224,16126
21,6,5915,raspi4,cifar10,86.846664,2.776470,0.791224,16126
21,6,6111,raspi4,cifar10,94.373340,68.404106,0.791224,16126
21,6,8426,raspi4,cifar10,93.840000,31.394428,0.791224,16126
21,6,3731,raspi4,cifar10,94.343330,58.070793,0.791224,16126
21,6,12002,raspi4,cifar10,93.510000,24.816572,0.791224,16126
21,6,9271,raspi4,cifar10,89.250000,4.830311,0.791224,16126
21,6,5111,raspi4,cifar10,94.306660,41.756905,0.791224,16126
21,6,11692,raspi4,cifar10,94.130000,37.583630,0.791224,16126
21,6,8592,raspi4,cifar10,93.750000,25.477009,0.791224,16126
21,6,11810,raspi4,cifar10,92.780000,18.619905,0.791224,16126
21,6,12286,raspi4,cifar10,86.760000,2.546242,0.791224,16126
21,6,9782,raspi4,cifar10,93.305000,21.922150,0.791224,16126
21,6,8008,raspi4,cifar10,93.480000,22.571420,0.791224,16126
21,6,12385,raspi4,cifar10,91.990000,16.485830,0.791224,16126
21,6,5780,raspi4,cifar10,93.980000,34.928463,0.791224,16126
21,6,1941,raspi4,cifar10,93.533330,25.121769,0.791224,16126
21,6,10412,raspi4,cifar10,93.530000,25.079220,0.791224,16126
21,7,6124,edgegpu,cifar100,68.360000,3.185835,0.592387,16247
21,7,9922,edgegpu,cifar100,58.560000,1.428552,0.592387,16247
21,7,4418,edgegpu,cifar100,72.746666,5.352364,0.592387,16247
21,7,11885,edgegpu,cifar100,68.040000,1.776652,0.592387,16247
21,7,8912,edgegpu,cifar100,59.200000,1.441355,0.592387,16247
21,7,9930,edgegpu,cifar100,73.513336,6.803060,0.592387,16247
21,7,12238,edgegpu,cifar100,67.240000,1.772847,0.592387,16247
21,7,4954,edgegpu,cifar100,73.000000,6.669736,0.592387,16247
21,7,8401,edgegpu,cifar100,71.080000,3.302102,0.592387,16247
21,7,2304,edgegpu,cifar100,58.660000,1.440253,0.592387,16247
21,7,11067,edgegpu,cifar100,58.186670,1.427836,0.592387,16247
21,7,2778,edgegpu,cifar100,72.993330,6.134028,0.592387,16247
21,7,1509,edgegpu,cifar100,1.000000,0.505853,0.592387,16247
21,7,4609,edgegpu,cifar100,66.520000,1.758838,0.592387,16247
21,7,12415,edgegpu,cifar100,71.940000,4.828467,0.592387,16247
21,7,3888,edgegpu,cifar100,73.260000,6.797867,0.592387,16247
21,7,1425,edgegpu,cifar100,72.093330,5.310225,0.592387,16247
21,7,9997,edgegpu,cifar100,71.520000,3.466139,0.592387,16247
21,7,11810,edgegpu,cifar100,68.300000,1.779551,0.592387,16247
21,7,14984,edgegpu,cifar100,67.166664,1.760831,0.592387,16247
21,7,12988,edgegpu,cifar100,62.300000,1.758661,0.592387,16247
21,8,12761,edgetpu,cifar100,72.860000,1.225212,0.728961,16147
21,8,11810,edgetpu,cifar100,68.300000,0.492126,0.728961,16147
21,8,9271,edgetpu,cifar100,63.400000,0.393151,0.728961,16147
21,8,699,edgetpu,cifar100,72.240000,0.940479,0.728961,16147
21,8,2705,edgetpu,cifar100,62.813330,0.393026,0.728961,16147
21,8,14174,edgetpu,cifar100,72.646670,1.081678,0.728961,16147
21,8,797,edgetpu,cifar100,69.580000,0.633351,0.728961,16147
21,8,13731,edgetpu,cifar100,66.953330,0.487148,0.728961,16147
21,8,9930,edgetpu,cifar100,73.513336,1.454107,0.728961,16147
21,8,10000,edgetpu,cifar100,73.160000,1.283461,0.728961,16147
21,8,1317,edgetpu,cifar100,72.566666,1.023844,0.728961,16147
21,8,1110,edgetpu,cifar100,58.840000,0.355938,0.728961,16147
21,8,8401,edgetpu,cifar100,71.080000,0.728572,0.728961,16147
21,8,777,edgetpu,cifar100,58.650000,0.355588,0.728961,16147
21,8,11112,edgetpu,cifar100,66.893330,0.486713,0.728961,16147
21,8,8638,edgetpu,cifar100,58.860000,0.356631,0.728961,16147
21,8,12415,edgetpu,cifar100,71.940000,0.872299,0.728961,16147
21,8,5019,edgetpu,cifar100,58.880000,0.357058,0.728961,16147
21,8,8912,edgetpu,cifar100,59.200000,0.377698,0.728961,16147
21,8,10596,edgetpu,cifar100,67.633330,0.488672,0.728961,16147
21,8,577,edgetpu,cifar100,69.680000,0.635228,0.728961,16147
21,8,3888,edgetpu,cifar100,73.260000,1.316226,0.728961,16147
21,8,4155,edgetpu,cifar100,62.306667,0.391442,0.728961,16147
21,8,3303,edgetpu,cifar100,62.420000,0.392593,0.728961,16147
21,8,14300,edgetpu,cifar100,67.300000,0.487450,0.728961,16147
21,8,4418,edgetpu,cifar100,72.746666,1.093699,0.728961,16147
21,8,69,edgetpu,cifar100,71.020000,0.727259,0.728961,16147
21,8,4659,edgetpu,cifar100,70.060000,0.636433,0.728961,16147
21,8,14945,edgetpu,cifar100,58.500000,0.354940,0.728961,16147
21,8,4627,edgetpu,cifar100,69.600000,0.635153,0.728961,16147
21,8,11885,edgetpu,cifar100,68.040000,0.489665,0.728961,16147
21,8,11533,edgetpu,cifar100,69.760000,0.635877,0.728961,16147
21,8,857,edgetpu,cifar100,72.880000,1.264168,0.728961,16147
21,8,9997,edgetpu,cifar100,71.520000,0.729986,0.728961,16147
21,8,13829,edgetpu,cifar100,66.873340,0.485137,0.728961,16147
21,8,15363,edgetpu,cifar100,70.520000,0.676394,0.728961,16147
21,8,1383,edgetpu,cifar100,70.273330,0.673722,0.728961,16147
21,8,30,edgetpu,cifar100,67.533330,0.488660,0.728961,16147
21,8,12113,edgetpu,cifar100,67.480000,0.487574,0.728961,16147
21,9,14714,eyeriss,cifar100,71.280000,4.140160,0.510722,16501
21,9,6925,eyeriss,cifar100,71.220000,3.894400,0.510722,16501
21,9,3540,eyeriss,cifar100,71.500000,4.877440,0.510722,16501
21,9,11301,eyeriss,cifar100,68.220000,2.665600,0.510722,16501
21,9,9930,eyeriss,cifar100,73.513336,9.055360,0.510722,16501
21,9,5651,eyeriss,cifar100,64.690000,1.928320,0.510722,16501
21,9,12761,eyeriss,cifar100,72.860000,6.352000,0.510722,16501
21,9,3888,eyeriss,cifar100,73.260000,6.597760,0.510722,16501
21,9,14112,eyeriss,cifar100,68.386665,2.911360,0.510722,16501
21,9,12574,eyeriss,cifar100,72.740000,5.123200,0.510722,16501
21,9,6787,eyeriss,cifar100,70.720000,3.648640,0.510722,16501
21,9,485,eyeriss,cifar100,67.593330,2.419840,0.510722,16501
21,9,11973,eyeriss,cifar100,70.340000,3.402880,0.510722,16501
21,9,5084,eyeriss,cifar100,58.813330,1.682560,0.510722,16501
21,9,10689,eyeriss,cifar100,67.500000,2.174080,0.510722,16501
21,10,5084,fpga,cifar100,58.813330,1.132960,0.533967,16398
21,10,12574,fpga,cifar100,72.740000,4.678560,0.533967,16398
21,10,9930,fpga,cifar100,73.513336,7.420960,0.533967,16398
21,10,12820,fpga,cifar100,67.720000,2.678560,0.533967,16398
21,10,10689,fpga,cifar100,67.500000,2.163360,0.533967,16398
21,10,11000,fpga,cifar100,71.180000,3.936160,0.533967,16398
21,10,3540,fpga,cifar100,71.500000,4.163360,0.533967,16398
21,10,3888,fpga,cifar100,73.260000,5.936160,0.533967,16398
21,10,3687,fpga,cifar100,64.460000,1.648160,0.533967,16398
21,10,7250,fpga,cifar100,67.706665,2.390560,0.533967,16398
21,10,6787,fpga,cifar100,70.720000,3.420960,0.533967,16398
21,10,11973,fpga,cifar100,70.340000,2.905760,0.533967,16398
21,10,12761,fpga,cifar100,72.860000,5.420960,0.533967,16398
21,10,12295,fpga,cifar100,71.160000,3.648160,0.533967,16398
21,10,6830,fpga,cifar100,71.460000,4.057760,0.533967,16398
21,10,5033,fpga,cifar100,59.060000,1.542560,0.533967,16398
21,10,11979,fpga,cifar100,68.000000,2.800160,0.533967,16398
21,10,4249,fpga,cifar100,65.080000,2.057760,0.533967,16398
21,11,1781,pixel3,cifar100,64.326670,2.386170,0.697287,16009
21,11,858,pixel3,cifar100,64.133330,2.003500,0.697287,16009
21,11,8323,pixel3,cifar100,67.080000,3.106340,0.697287,16009
21,11,12970,pixel3,cifar100,68.140000,4.782110,0.697287,16009
21,11,485,pixel3,cifar100,67.593330,4.124800,0.697287,16009
21,11,1357,pixel3,cifar100,67.480000,3.998260,0.697287,16009
21,11,1459,pixel3,cifar100,73.140000,23.437900,0.697287,16009
21,11,1409,pixel3,cifar100,58.853333,1.275090,0.697287,16009
21,11,14112,pixel3,cifar100,68.386665,5.745320,0.697287,16009
21,11,6337,pixel3,cifar100,1.000000,0.008753,0.697287,16009
21,11,11301,pixel3,cifar100,68.220000,5.352090,0.697287,16009
21,11,1090,pixel3,cifar100,65.220000,2.811310,0.697287,16009
21,11,978,pixel3,cifar100,64.180000,2.372340,0.697287,16009
21,11,11000,pixel3,cifar100,71.180000,10.677600,0.697287,16009
21,11,857,pixel3,cifar100,72.880000,19.113200,0.697287,16009
21,11,12574,pixel3,cifar100,72.740000,16.473900,0.697287,16009
21,11,9930,pixel3,cifar100,73.513336,42.003600,0.697287,16009
21,11,777,pixel3,cifar100,58.650000,1.087020,0.697287,16009
21,11,3888,pixel3,cifar100,73.260000,23.477200,0.697287,16009
21,11,8638,pixel3,cifar100,58.860000,1.478570,0.697287,16009
21,11,898,pixel3,cifar100,70.000000,6.516140,0.697287,16009
21,11,9649,pixel3,cifar100,64.540000,2.536210,0.697287,16009
21,11,8912,pixel3,cifar100,59.200000,1.478790,0.697287,16009
21,11,906,pixel3,cifar100,62.393333,1.661810,0.697287,16009
21,11,699,pixel3,cifar100,72.240000,12.079400,0.697287,16009
21,11,2649,pixel3,cifar100,64.446660,2.496890,0.697287,16009
21,11,4409,pixel3,cifar100,67.173330,3.113370,0.697287,16009
21,11,1558,pixel3,cifar100,64.020000,1.705220,0.697287,16009
21,11,1450,pixel3,cifar100,70.506670,9.337360,0.697287,16009
21,12,898,raspi4,cifar100,70.000000,21.506163,0.748374,16001
21,12,8912,raspi4,cifar100,59.200000,2.818969,0.748374,16001
21,12,9997,raspi4,cifar100,71.520000,34.996710,0.748374,16001
21,12,1459,raspi4,cifar100,73.140000,53.879950,0.748374,16001
21,12,14612,raspi4,cifar100,58.720000,2.563505,0.748374,16001
21,12,1357,raspi4,cifar100,67.480000,10.177114,0.748374,16001
21,12,9930,raspi4,cifar100,73.513336,71.152000,0.748374,16001
21,12,14112,raspi4,cifar100,68.386665,14.423308,0.748374,16001
21,12,355,raspi4,cifar100,69.860000,20.791758,0.748374,16001
21,12,8740,raspi4,cifar100,1.000000,0.015215,0.748374,16001
21,12,12915,raspi4,cifar100,66.950000,7.226311,0.748374,16001
21,12,15363,raspi4,cifar100,70.520000,21.809430,0.748374,16001
21,12,10222,raspi4,cifar100,58.860000,2.747804,0.748374,16001
21,12,375,raspi4,cifar100,64.440000,5.099302,0.748374,16001
21,12,6822,raspi4,cifar100,58.426666,2.558594,0.748374,16001
21,12,12574,raspi4,cifar100,72.740000,36.371254,0.748374,16001
21,12,14811,raspi4,cifar100,69.680000,20.361189,0.748374,16001
21,12,14714,raspi4,cifar100,71.280000,24.692347,0.748374,16001
21,12,4731,raspi4,cifar100,67.046670,7.444095,0.748374,16001
21,12,1939,raspi4,cifar100,70.760000,24.555029,0.748374,16001
21,12,8781,raspi4,cifar100,62.473330,4.843347,0.748374,16001
21,12,5647,raspi4,cifar100,62.660000,4.881772,0.748374,16001
21,12,2222,raspi4,cifar100,58.313330,2.538255,0.748374,16001
21,12,7030,raspi4,cifar100,69.600000,19.218203,0.748374,16001
21,12,15589,raspi4,cifar100,59.060000,2.795078,0.748374,16001
21,12,6830,raspi4,cifar100,71.460000,34.491814,0.748374,16001
21,12,6173,raspi4,cifar100,61.830000,4.811990,0.748374,16001
21,12,12761,raspi4,cifar100,72.860000,53.718200,0.748374,16001
21,12,4418,raspi4,cifar100,72.746666,47.162354,0.748374,16001
21,12,6294,raspi4,cifar100,66.973335,7.376450,0.748374,16001
21,12,10042,raspi4,cifar100,64.880000,5.100886,0.748374,16001
21,12,6918,raspi4,cifar100,58.800000,2.571364,0.748374,16001
21,12,9895,raspi4,cifar100,69.400000,19.211880,0.748374,16001
21,12,12988,raspi4,cifar100,62.300000,4.815277,0.748374,16001
21,12,9762,raspi4,cifar100,67.080000,9.740194,0.748374,16001
21,12,15137,raspi4,cifar100,63.160000,4.941014,0.748374,16001
21,12,8697,raspi4,cifar100,62.520000,4.854997,0.748374,16001
21,12,6930,raspi4,cifar100,61.720000,4.798524,0.748374,16001
21,12,3408,raspi4,cifar100,63.993332,5.081906,0.748374,16001
21,12,2058,raspi4,cifar100,69.613335,20.052132,0.748374,16001
21,12,13430,raspi4,cifar100,66.700000,7.203785,0.748374,16001
21,12,3487,raspi4,cifar100,70.093330,21.603350,0.748374,16001
21,12,2035,raspi4,cifar100,63.926666,5.005698,0.748374,16001
21,12,3888,raspi4,cifar100,73.260000,55.029520,0.748374,16001
21,12,6787,raspi4,cifar100,70.720000,23.081835,0.748374,16001
21,13,8884,edgegpu,ImageNet16-120,45.033333,3.499999,0.649644,16486
21,13,10947,edgegpu,ImageNet16-120,39.944443,1.909800,0.649644,16486
21,13,8426,edgegpu,ImageNet16-120,44.633335,3.370147,0.649644,16486
21,13,8401,edgegpu,ImageNet16-120,43.833332,3.322444,0.649644,16486
21,13,12505,edgegpu,ImageNet16-120,39.283333,1.750417,0.649644,16486
21,13,15376,edgegpu,ImageNet16-120,0.833333,0.533953,0.649644,16486
21,13,4587,edgegpu,ImageNet16-120,28.800000,1.445131,0.649644,16486
21,13,4946,edgegpu,ImageNet16-120,44.700000,3.490419,0.649644,16486
21,13,1164,edgegpu,ImageNet16-120,28.522223,1.435223,0.649644,16486
21,13,7187,edgegpu,ImageNet16-120,28.683332,1.443858,0.649644,16486
21,13,15288,edgegpu,ImageNet16-120,28.422222,1.417041,0.649644,16486
21,13,2650,edgegpu,ImageNet16-120,42.433334,3.309817,0.649644,16486
21,13,12415,edgegpu,ImageNet16-120,46.566666,4.667692,0.649644,16486
21,13,7760,edgegpu,ImageNet16-120,39.100000,1.743751,0.649644,16486
21,13,13411,edgegpu,ImageNet16-120,31.855556,1.736240,0.649644,16486
21,13,14027,edgegpu,ImageNet16-120,40.266666,3.306937,0.649644,16486
21,13,15159,edgegpu,ImageNet16-120,45.566666,4.632421,0.649644,16486
21,13,857,edgegpu,ImageNet16-120,47.311110,6.707663,0.649644,16486
21,13,6950,edgegpu,ImageNet16-120,38.700000,1.740150,0.649644,16486
21,13,4988,edgegpu,ImageNet16-120,28.933332,1.448212,0.649644,16486
21,13,14612,edgegpu,ImageNet16-120,28.488890,1.434064,0.649644,16486
21,13,14117,edgegpu,ImageNet16-120,28.677778,1.435547,0.649644,16486
21,13,9586,edgegpu,ImageNet16-120,46.933334,5.222673,0.649644,16486
21,13,9722,edgegpu,ImageNet16-120,44.000000,3.327813,0.649644,16486
21,13,1449,edgegpu,ImageNet16-120,40.077778,3.075252,0.649644,16486
21,13,4160,edgegpu,ImageNet16-120,39.833332,1.756272,0.649644,16486
21,13,10835,edgegpu,ImageNet16-120,45.233334,4.434366,0.649644,16486
21,13,5751,edgegpu,ImageNet16-120,40.044445,2.434626,0.649644,16486
21,13,15383,edgegpu,ImageNet16-120,47.033333,6.262836,0.649644,16486
21,14,14677,edgetpu,ImageNet16-120,33.233334,0.364575,0.598792,15978
21,14,11079,edgetpu,ImageNet16-120,43.566666,0.552430,0.598792,15978
21,14,12415,edgetpu,ImageNet16-120,46.566666,0.710906,0.598792,15978
21,14,3540,edgetpu,ImageNet16-120,45.122223,0.648670,0.598792,15978
21,14,7750,edgetpu,ImageNet16-120,43.066666,0.551617,0.598792,15978
21,14,13931,edgetpu,ImageNet16-120,28.788889,0.360349,0.598792,15978
21,14,9689,edgetpu,ImageNet16-120,42.533333,0.549702,0.598792,15978
21,14,14840,edgetpu,ImageNet16-120,45.311110,0.666690,0.598792,15978
21,14,4830,edgetpu,ImageNet16-120,42.233334,0.549457,0.598792,15978
21,14,1973,edgetpu,ImageNet16-120,38.855556,0.427802,0.598792,15978
21,14,10332,edgetpu,ImageNet16-120,40.033333,0.516152,0.598792,15978
21,14,10750,edgetpu,ImageNet16-120,44.600000,0.615553,0.598792,15978
21,14,15014,edgetpu,ImageNet16-120,28.266666,0.358110,0.598792,15978
21,14,8884,edgetpu,ImageNet16-120,45.033333,0.615792,0.598792,15978
21,14,6520,edgetpu,ImageNet16-120,32.383335,0.363944,0.598792,15978
21,14,5751,edgetpu,ImageNet16-120,40.044445,0.516992,0.598792,15978
21,14,4988,edgetpu,ImageNet16-120,28.933332,0.360694,0.598792,15978
21,14,6407,edgetpu,ImageNet16-120,32.333332,0.363748,0.598792,15978
21,14,1172,edgetpu,ImageNet16-120,39.933334,0.515935,0.598792,15978
21,14,5530,edgetpu,ImageNet16-120,42.577778,0.549937,0.598792,15978
21,14,15383,edgetpu,ImageNet16-120,47.033333,0.780914,0.598792,15978
21,14,15363,edgetpu,ImageNet16-120,44.333332,0.582280,0.598792,15978
21,14,7273,edgetpu,ImageNet16-120,42.966667,0.550014,0.598792,15978
21,14,857,edgetpu,ImageNet16-120,47.311110,0.997730,0.598792,15978
21,14,13769,edgetpu,ImageNet16-120,41.555557,0.549360,0.598792,15978
21,14,7837,edgetpu,ImageNet16-120,32.111110,0.363571,0.598792,15978
21,14,11282,edgetpu,ImageNet16-120,39.633335,0.428409,0.598792,15978
21,14,13284,edgetpu,ImageNet16-120,40.177776,0.534381,0.598792,15978
21,14,4627,edgetpu,ImageNet16-120,43.500000,0.552306,0.598792,15978
21,14,13097,edgetpu,ImageNet16-120,39.655556,0.428424,0.598792,15978
21,14,5586,edgetpu,ImageNet16-120,40.811110,0.546420,0.598792,15978
21,14,70,edgetpu,ImageNet16-120,39.377777,0.428228,0.598792,15978
21,14,4160,edgetpu,ImageNet16-120,39.833332,0.430355,0.598792,15978
21,15,8008,eyeriss,ImageNet16-120,43.500000,0.853120,0.476255,16509
21,15,4988,eyeriss,ImageNet16-120,28.933332,0.423040,0.476255,16509
21,15,9805,eyeriss,ImageNet16-120,34.133335,0.484480,0.476255,16509
21,15,8853,eyeriss,ImageNet16-120,45.600000,1.037440,0.476255,16509
21,15,15383,eyeriss,ImageNet16-120,47.033333,1.283200,0.476255,16509
21,15,6787,eyeriss,ImageNet16-120,44.400000,0.914560,0.476255,16509
21,15,2835,eyeriss,ImageNet16-120,38.222220,0.545920,0.476255,16509
21,15,5487,eyeriss,ImageNet16-120,38.500000,0.607360,0.476255,16509
21,15,1939,eyeriss,ImageNet16-120,45.077778,0.976000,0.476255,16509
21,15,6854,eyeriss,ImageNet16-120,40.800000,0.668800,0.476255,16509
21,15,14417,eyeriss,ImageNet16-120,45.900000,1.098880,0.476255,16509
21,15,857,eyeriss,ImageNet16-120,47.311110,1.651840,0.476255,16509
21,16,8008,fpga,ImageNet16-120,43.500000,0.876800,0.530273,16132
21,16,6854,fpga,ImageNet16-120,40.800000,0.809120,0.530273,16132
21,16,2835,fpga,ImageNet16-120,38.222220,0.546720,0.530273,16132
21,16,4988,fpga,ImageNet16-120,28.933332,0.284320,0.530273,16132
21,16,857,fpga,ImageNet16-120,47.311110,2.038400,0.530273,16132
21,16,4829,fpga,ImageNet16-120,34.200000,0.415520,0.530273,16132
21,16,15383,fpga,ImageNet16-120,47.033333,1.504000,0.530273,16132
21,16,5793,fpga,ImageNet16-120,35.033333,0.517920,0.530273,16132
21,16,8853,fpga,ImageNet16-120,45.600000,1.155200,0.530273,16132
21,16,1939,fpga,ImageNet16-120,45.077778,1.062400,0.530273,16132
21,16,11079,fpga,ImageNet16-120,43.566666,0.902400,0.530273,16132
21,16,14417,fpga,ImageNet16-120,45.900000,1.276320,0.530273,16132
21,16,14748,fpga,ImageNet16-120,44.900000,0.995200,0.530273,16132
21,16,6787,fpga,ImageNet16-120,44.400000,0.969600,0.530273,16132
21,16,6868,fpga,ImageNet16-120,39.000000,0.649120,0.530273,16132
21,16,11593,fpga,ImageNet16-120,40.166668,0.780320,0.530273,16132
21,16,10017,fpga,ImageNet16-120,40.566666,0.784000,0.530273,16132
21,17,1204,pixel3,ImageNet16-120,37.844444,0.864966,0.765700,16002
21,17,1939,pixel3,ImageNet16-120,45.077778,3.021500,0.765700,16002
21,17,4432,pixel3,ImageNet16-120,37.800000,0.861157,0.765700,16002
21,17,6014,pixel3,ImageNet16-120,28.533333,0.423391,0.765700,16002
21,17,10888,pixel3,ImageNet16-120,28.333334,0.422652,0.765700,16002
21,17,4977,pixel3,ImageNet16-120,32.966667,0.617991,0.765700,16002
21,17,857,pixel3,ImageNet16-120,47.311110,6.686850,0.765700,16002
21,17,10154,pixel3,ImageNet16-120,46.133335,4.783700,0.765700,16002
21,17,9805,pixel3,ImageNet16-120,34.133335,0.791370,0.765700,16002
21,17,2018,pixel3,ImageNet16-120,46.433334,4.949210,0.765700,16002
21,17,12639,pixel3,ImageNet16-120,40.400000,1.304440,0.765700,16002
21,17,2835,pixel3,ImageNet16-120,38.222220,0.868646,0.765700,16002
21,17,12103,pixel3,ImageNet16-120,28.250000,0.422433,0.765700,16002
21,17,1549,pixel3,ImageNet16-120,28.655556,0.424747,0.765700,16002
21,17,1425,pixel3,ImageNet16-120,45.977780,4.619290,0.765700,16002
21,17,11000,pixel3,ImageNet16-120,44.866665,2.962520,0.765700,16002
21,17,12452,pixel3,ImageNet16-120,40.533333,1.504410,0.765700,16002
21,17,978,pixel3,ImageNet16-120,33.488888,0.665489,0.765700,16002
21,17,4587,pixel3,ImageNet16-120,28.800000,0.445767,0.765700,16002
21,17,12516,pixel3,ImageNet16-120,32.083332,0.617816,0.765700,16002
21,17,15383,pixel3,ImageNet16-120,47.033333,5.191720,0.765700,16002
21,17,12466,pixel3,ImageNet16-120,46.100000,4.680280,0.765700,16002
21,17,8853,pixel3,ImageNet16-120,45.600000,3.554540,0.765700,16002
21,17,13756,pixel3,ImageNet16-120,0.833333,0.005289,0.765700,16002
21,17,12506,pixel3,ImageNet16-120,43.983334,2.929990,0.765700,16002
21,17,3728,pixel3,ImageNet16-120,28.500000,0.422880,0.765700,16002
21,17,872,pixel3,ImageNet16-120,41.777780,2.465030,0.765700,16002
21,17,735,pixel3,ImageNet16-120,38.544445,1.107950,0.765700,16002
21,17,12358,pixel3,ImageNet16-120,34.055557,0.666287,0.765700,16002
21,17,6854,pixel3,ImageNet16-120,40.800000,1.621620,0.765700,16002
21,17,14417,pixel3,ImageNet16-120,45.900000,4.143030,0.765700,16002
21,17,1110,pixel3,ImageNet16-120,28.600000,0.423927,0.765700,16002
21,17,12424,pixel3,ImageNet16-120,43.133330,2.470150,0.765700,16002
21,17,4895,pixel3,ImageNet16-120,33.200000,0.619070,0.765700,16002
21,17,1147,pixel3,ImageNet16-120,33.733334,0.666281,0.765700,16002
21,17,11079,pixel3,ImageNet16-120,43.566666,2.479610,0.765700,16002
21,17,4988,pixel3,ImageNet16-120,28.933332,0.485996,0.765700,16002
21,17,2899,pixel3,ImageNet16-120,43.911110,2.701210,0.765700,16002
21,17,4004,pixel3,ImageNet16-120,42.811110,2.467510,0.765700,16002
21,17,8954,pixel3,ImageNet16-120,28.733334,0.424855,0.765700,16002
21,18,15107,raspi4,ImageNet16-120,39.800000,3.083329,0.848707,16198
21,18,10835,raspi4,ImageNet16-120,45.233334,6.632419,0.848707,16198
21,18,6336,raspi4,ImageNet16-120,39.366665,3.073392,0.848707,16198
21,18,14677,raspi4,ImageNet16-120,33.233334,1.537227,0.848707,16198
21,18,11946,raspi4,ImageNet16-120,28.200000,0.940293,0.848707,16198
21,18,2018,raspi4,ImageNet16-120,46.433334,7.482383,0.848707,16198
21,18,5455,raspi4,ImageNet16-120,32.611110,1.532377,0.848707,16198
21,18,380,raspi4,ImageNet16-120,38.900000,3.038936,0.848707,16198
21,18,11593,raspi4,ImageNet16-120,40.166668,3.612715,0.848707,16198
21,18,933,raspi4,ImageNet16-120,0.833333,0.011514,0.848707,16198
21,18,4179,raspi4,ImageNet16-120,38.433334,2.951226,0.848707,16198
21,18,857,raspi4,ImageNet16-120,47.311110,9.020064,0.848707,16198
21,18,13931,raspi4,ImageNet16-120,28.788889,0.956195,0.848707,16198
21,18,5202,raspi4,ImageNet16-120,42.411110,3.783078,0.848707,16198
21,18,1939,raspi4,ImageNet16-120,45.077778,5.341908,0.848707,16198
21,18,8355,raspi4,ImageNet16-120,39.666668,3.083286,0.848707,16198
21,18,1413,raspi4,ImageNet16-120,42.711113,3.788479,0.848707,16198
21,18,7955,raspi4,ImageNet16-120,39.388890,3.082832,0.848707,16198
21,18,2650,raspi4,ImageNet16-120,42.433334,3.788408,0.848707,16198
21,18,4995,raspi4,ImageNet16-120,42.166668,3.766336,0.848707,16198
21,18,5487,raspi4,ImageNet16-120,38.500000,3.019000,0.848707,16198
21,18,4988,raspi4,ImageNet16-120,28.933332,1.003251,0.848707,16198
21,18,3650,raspi4,ImageNet16-120,43.866665,4.475790,0.848707,16198
21,18,9496,raspi4,ImageNet16-120,38.200000,2.204048,0.848707,16198
21,18,5973,raspi4,ImageNet16-120,40.100000,3.159922,0.848707,16198
21,18,7227,raspi4,ImageNet16-120,32.533333,1.530737,0.848707,16198
21,18,2779,raspi4,ImageNet16-120,37.355556,2.190654,0.848707,16198
21,18,13059,raspi4,ImageNet16-120,34.266666,1.595651,0.848707,16198
21,18,13771,raspi4,ImageNet16-120,32.744446,1.533813,0.848707,16198
21,18,41,raspi4,ImageNet16-120,32.388890,1.528043,0.848707,16198
21,18,8736,raspi4,ImageNet16-120,45.700000,6.658077,0.848707,16198
21,18,6787,raspi4,ImageNet16-120,44.400000,4.532777,0.848707,16198
21,18,3782,raspi4,ImageNet16-120,41.866665,3.755286,0.848707,16198
21,18,9032,raspi4,ImageNet16-120,38.016666,2.201532,0.848707,16198
21,18,15383,raspi4,ImageNet16-120,47.033333,8.565354,0.848707,16198
21,18,15363,raspi4,ImageNet16-120,44.333332,4.480516,0.848707,16198
21,18,14417,raspi4,ImageNet16-120,45.900000,6.948865,0.848707,16198
21,18,14750,raspi4,ImageNet16-120,32.933334,1.536700,0.848707,16198
21,18,8884,raspi4,ImageNet16-120,45.033333,5.293177,0.848707,16198
21,18,12505,raspi4,ImageNet16-120,39.283333,3.062432,0.848707,16198
21,18,3960,raspi4,ImageNet16-120,37.755554,2.197980,0.848707,16198
21,18,8426,raspi4,ImageNet16-120,44.633335,5.288439,0.848707,16198
21,18,11079,raspi4,ImageNet16-120,43.566666,3.802027,0.848707,16198
21,18,14792,raspi4,ImageNet16-120,43.033333,3.792447,0.848707,16198
21,18,7187,raspi4,ImageNet16-120,28.683332,0.952790,0.848707,16198
21,18,1204,raspi4,ImageNet16-120,37.844444,2.199356,0.848707,16198
21,18,12358,raspi4,ImageNet16-120,34.055557,1.582727,0.848707,16198
21,18,10167,raspi4,ImageNet16-120,39.944443,3.106316,0.848707,16198
21,18,5637,raspi4,ImageNet16-120,33.933334,1.580707,0.848707,16198
21,18,6854,raspi4,ImageNet16-120,40.800000,3.661016,0.848707,16198
22,1,2090,edgegpu,cifar10,86.650000,1.437702,0.645033,16125
22,1,10222,edgegpu,cifar10,86.200000,1.429176,0.645033,16125
22,1,13401,edgegpu,cifar10,87.010000,1.457009,0.645033,16125
22,1,1601,edgegpu,cifar10,86.336670,1.433892,0.645033,16125
22,1,11692,edgegpu,cifar10,94.130000,4.708362,0.645033,16125
22,1,6960,edgegpu,cifar10,92.280000,1.764450,0.645033,16125
22,1,10484,edgegpu,cifar10,93.810000,3.354015,0.645033,16125
22,1,6499,edgegpu,cifar10,93.645000,3.331041,0.645033,16125
22,1,258,edgegpu,cifar10,93.640000,3.307109,0.645033,16125
22,1,5780,edgegpu,cifar10,93.980000,3.361888,0.645033,16125
22,1,14090,edgegpu,cifar10,92.086670,1.749086,0.645033,16125
22,1,9099,edgegpu,cifar10,93.940000,3.357520,0.645033,16125
22,1,11810,edgegpu,cifar10,92.780000,1.992798,0.645033,16125
22,1,11438,edgegpu,cifar10,92.500000,1.846719,0.645033,16125
22,1,2776,edgegpu,cifar10,93.666664,3.331194,0.645033,16125
22,1,5292,edgegpu,cifar10,94.293335,6.663151,0.645033,16125
22,1,14527,edgegpu,cifar10,86.765000,1.439619,0.645033,16125
22,1,15200,edgegpu,cifar10,10.000000,0.501385,0.645033,16125
22,1,14392,edgegpu,cifar10,86.520000,1.435742,0.645033,16125
22,1,13714,edgegpu,cifar10,94.373340,6.772180,0.645033,16125
22,1,1459,edgegpu,cifar10,94.296670,6.748991,0.645033,16125
22,1,2053,edgegpu,cifar10,94.206665,5.482254,0.645033,16125
22,1,561,edgegpu,cifar10,86.880000,1.451068,0.645033,16125
22,1,6330,edgegpu,cifar10,94.006670,4.384699,0.645033,16125
22,1,14407,edgegpu,cifar10,86.770000,1.440282,0.645033,16125
22,1,1339,edgegpu,cifar10,92.136665,1.751881,0.645033,16125
22,2,9950,edgetpu,cifar10,93.840000,0.723767,0.687280,16440
22,2,13714,edgetpu,cifar10,94.373340,1.377865,0.687280,16440
22,2,2053,edgetpu,cifar10,94.206665,1.042178,0.687280,16440
22,2,3731,edgetpu,cifar10,94.343330,1.282820,0.687280,16440
22,2,5111,edgetpu,cifar10,94.306660,1.152010,0.687280,16440
22,2,6382,edgetpu,cifar10,93.376660,0.628638,0.687280,16440
22,2,3927,edgetpu,cifar10,93.626660,0.723268,0.687280,16440
22,2,8192,edgetpu,cifar10,93.093330,0.627745,0.687280,16440
22,2,11692,edgetpu,cifar10,94.130000,0.761100,0.687280,16440
22,2,8008,edgetpu,cifar10,93.480000,0.629746,0.687280,16440
22,2,6918,edgetpu,cifar10,87.000000,0.375819,0.687280,16440
22,2,5780,edgetpu,cifar10,93.980000,0.723967,0.687280,16440
22,2,7017,edgetpu,cifar10,86.970000,0.353089,0.687280,16440
22,2,10293,edgetpu,cifar10,86.513336,0.352328,0.687280,16440
22,2,11112,edgetpu,cifar10,92.110000,0.480732,0.687280,16440
22,2,5647,edgetpu,cifar10,89.110000,0.389378,0.687280,16440
22,2,12439,edgetpu,cifar10,86.393330,0.352159,0.687280,16440
22,2,9689,edgetpu,cifar10,93.370000,0.628386,0.687280,16440
22,2,9380,edgetpu,cifar10,89.335000,0.395662,0.687280,16440
22,2,10683,edgetpu,cifar10,92.330000,0.481277,0.687280,16440
22,2,797,edgetpu,cifar10,93.280000,0.627996,0.687280,16440
22,2,11810,edgetpu,cifar10,92.780000,0.482879,0.687280,16440
22,2,11438,edgetpu,cifar10,92.500000,0.482393,0.687280,16440
22,2,4161,edgetpu,cifar10,89.250000,0.391221,0.687280,16440
22,3,3731,eyeriss,cifar10,94.343330,6.594740,0.509210,16407
22,3,8592,eyeriss,cifar10,93.750000,3.891380,0.509210,16407
22,3,5111,eyeriss,cifar10,94.306660,5.365940,0.509210,16407
22,3,6111,eyeriss,cifar10,94.373340,7.823540,0.509210,16407
22,3,4384,eyeriss,cifar10,86.796670,1.679540,0.509210,16407
22,3,6854,eyeriss,cifar10,91.040000,2.662580,0.509210,16407
22,3,13714,eyeriss,cifar10,94.373340,7.823540,0.509210,16407
22,3,8323,eyeriss,cifar10,90.870000,2.171060,0.509210,16407
22,3,8008,eyeriss,cifar10,93.480000,3.399860,0.509210,16407
22,3,12438,eyeriss,cifar10,89.875000,1.925300,0.509210,16407
22,3,11472,eyeriss,cifar10,93.970000,4.628660,0.509210,16407
22,3,10412,eyeriss,cifar10,93.530000,3.645620,0.509210,16407
22,3,14112,eyeriss,cifar10,91.296670,2.908340,0.509210,16407
22,3,8720,eyeriss,cifar10,89.875000,1.925300,0.509210,16407
22,3,6584,eyeriss,cifar10,94.160000,4.874420,0.509210,16407
22,3,6960,eyeriss,cifar10,92.280000,3.154100,0.509210,16407
22,4,10431,fpga,cifar10,87.000000,1.542560,0.488541,16202
22,4,11472,fpga,cifar10,93.970000,3.648160,0.488541,16202
22,4,4384,fpga,cifar10,86.796670,1.132960,0.488541,16202
22,4,8323,fpga,cifar10,90.870000,2.163360,0.488541,16202
22,4,12002,fpga,cifar10,93.510000,3.420960,0.488541,16202
22,4,13611,fpga,cifar10,92.490000,2.390560,0.488541,16202
22,4,8008,fpga,cifar10,93.480000,2.905760,0.488541,16202
22,4,5111,fpga,cifar10,94.306660,5.193760,0.488541,16202
22,4,6111,fpga,cifar10,94.373340,6.678560,0.488541,16202
22,4,3731,fpga,cifar10,94.343330,5.936160,0.488541,16202
22,4,8720,fpga,cifar10,89.875000,1.648160,0.488541,16202
22,4,13714,fpga,cifar10,94.373340,6.678560,0.488541,16202
22,4,6584,fpga,cifar10,94.160000,4.163360,0.488541,16202
22,4,12438,fpga,cifar10,89.875000,1.648160,0.488541,16202
22,4,14346,fpga,cifar10,89.986664,2.057760,0.488541,16202
22,4,11376,fpga,cifar10,93.510000,3.420960,0.488541,16202
22,5,6434,pixel3,cifar10,91.080000,4.811140,0.808882,16041
22,5,6358,pixel3,cifar10,92.136665,6.066150,0.808882,16041
22,5,1781,pixel3,cifar10,89.883330,1.712020,0.808882,16041
22,5,8323,pixel3,cifar10,90.870000,3.106420,0.808882,16041
22,5,6111,pixel3,cifar10,94.373340,23.584800,0.808882,16041
22,5,8708,pixel3,cifar10,94.080000,12.839000,0.808882,16041
22,5,6382,pixel3,cifar10,93.376660,7.048190,0.808882,16041
22,5,13846,pixel3,cifar10,90.720000,3.099760,0.808882,16041
22,5,1941,pixel3,cifar10,93.533330,9.128690,0.808882,16041
22,5,5224,pixel3,cifar10,88.980000,1.570360,0.808882,16041
22,5,5111,pixel3,cifar10,94.306660,17.584600,0.808882,16041
22,5,8592,pixel3,cifar10,93.750000,10.769800,0.808882,16041
22,5,3731,pixel3,cifar10,94.343330,23.361300,0.808882,16041
22,5,13987,pixel3,cifar10,93.596664,9.922680,0.808882,16041
22,5,7001,pixel3,cifar10,10.000000,0.003277,0.808882,16041
22,5,13171,pixel3,cifar10,93.530000,7.717220,0.808882,16041
22,5,1416,pixel3,cifar10,89.546670,1.691430,0.808882,16041
22,5,12452,pixel3,cifar10,91.350000,5.590110,0.808882,16041
22,5,11972,pixel3,cifar10,91.510000,5.627010,0.808882,16041
22,5,4432,pixel3,cifar10,90.700000,2.826310,0.808882,16041
22,5,6918,pixel3,cifar10,87.000000,1.478790,0.808882,16041
22,5,11692,pixel3,cifar10,94.130000,15.490100,0.808882,16041
22,5,7197,pixel3,cifar10,90.366670,2.447670,0.808882,16041
22,5,1425,pixel3,cifar10,93.933334,12.536500,0.808882,16041
22,5,7017,pixel3,cifar10,86.970000,1.403930,0.808882,16041
22,5,78,pixel3,cifar10,91.933334,5.807870,0.808882,16041
22,5,1943,pixel3,cifar10,93.116670,6.492030,0.808882,16041
22,5,6470,pixel3,cifar10,92.000000,5.826540,0.808882,16041
22,5,8836,pixel3,cifar10,92.220000,6.313990,0.808882,16041
22,5,6899,pixel3,cifar10,90.900000,3.961410,0.808882,16041
22,5,4627,pixel3,cifar10,93.270000,7.036050,0.808882,16041
22,5,13869,pixel3,cifar10,93.656670,10.634700,0.808882,16041
22,5,2779,pixel3,cifar10,90.806660,3.102950,0.808882,16041
22,5,5149,pixel3,cifar10,92.090000,5.987440,0.808882,16041
22,5,6999,pixel3,cifar10,93.820000,12.260900,0.808882,16041
22,5,8695,pixel3,cifar10,94.220000,17.564500,0.808882,16041
22,5,1497,pixel3,cifar10,86.556660,1.056630,0.808882,16041
22,5,70,pixel3,cifar10,91.983330,5.810430,0.808882,16041
22,5,4398,pixel3,cifar10,92.073330,5.828150,0.808882,16041
22,5,6854,pixel3,cifar10,91.040000,4.514220,0.808882,16041
22,5,55,pixel3,cifar10,86.756670,1.057440,0.808882,16041
22,6,1962,raspi4,cifar10,86.530000,2.529453,0.845628,16169
22,6,13846,raspi4,cifar10,90.720000,7.176163,0.845628,16169
22,6,12286,raspi4,cifar10,86.760000,2.546242,0.845628,16169
22,6,13320,raspi4,cifar10,89.330000,4.889096,0.845628,16169
22,6,6960,raspi4,cifar10,92.280000,17.162752,0.845628,16169
22,6,11972,raspi4,cifar10,91.510000,12.403558,0.845628,16169
22,6,5780,raspi4,cifar10,93.980000,34.928463,0.845628,16169
22,6,1690,raspi4,cifar10,86.646670,2.536549,0.845628,16169
22,6,1804,raspi4,cifar10,89.063330,4.791845,0.845628,16169
22,6,4384,raspi4,cifar10,86.796670,2.759305,0.845628,16169
22,6,7058,raspi4,cifar10,92.040000,16.469465,0.845628,16169
22,6,8426,raspi4,cifar10,93.840000,31.394428,0.845628,16169
22,6,8592,raspi4,cifar10,93.750000,25.477009,0.845628,16169
22,6,1941,raspi4,cifar10,93.533330,25.121769,0.845628,16169
22,6,1781,raspi4,cifar10,89.883330,5.961801,0.845628,16169
22,6,6382,raspi4,cifar10,93.376660,21.461164,0.845628,16169
22,6,12970,raspi4,cifar10,90.970000,11.904152,0.845628,16169
22,6,5111,raspi4,cifar10,94.306660,41.756905,0.845628,16169
22,6,5915,raspi4,cifar10,86.846664,2.776470,0.845628,16169
22,6,6111,raspi4,cifar10,94.373340,68.404106,0.845628,16169
22,6,12505,raspi4,cifar10,92.150000,16.747276,0.845628,16169
22,6,3731,raspi4,cifar10,94.343330,58.070793,0.845628,16169
22,6,3687,raspi4,cifar10,89.820000,5.156255,0.845628,16169
22,6,8323,raspi4,cifar10,90.870000,7.426308,0.845628,16169
22,6,11692,raspi4,cifar10,94.130000,37.583630,0.845628,16169
22,6,6953,raspi4,cifar10,91.990000,15.601654,0.845628,16169
22,6,11810,raspi4,cifar10,92.780000,18.619905,0.845628,16169
22,6,4659,raspi4,cifar10,93.396670,22.249382,0.845628,16169
22,6,6918,raspi4,cifar10,87.000000,2.787590,0.845628,16169
22,6,10412,raspi4,cifar10,93.530000,25.079220,0.845628,16169
22,6,7207,raspi4,cifar10,89.803340,5.099723,0.845628,16169
22,6,2058,raspi4,cifar10,93.270000,19.484835,0.845628,16169
22,6,9980,raspi4,cifar10,10.000000,0.011284,0.845628,16169
22,6,8008,raspi4,cifar10,93.480000,22.571420,0.845628,16169
22,6,14565,raspi4,cifar10,88.880000,4.781183,0.845628,16169
22,6,6868,raspi4,cifar10,90.880000,10.226877,0.845628,16169
22,6,2035,raspi4,cifar10,89.670000,4.984099,0.845628,16169
22,7,8912,edgegpu,cifar100,59.200000,1.441355,0.674344,16341
22,7,2304,edgegpu,cifar100,58.660000,1.440253,0.674344,16341
22,7,9997,edgegpu,cifar100,71.520000,3.466139,0.674344,16341
22,7,11067,edgegpu,cifar100,58.186670,1.427836,0.674344,16341
22,7,14677,edgegpu,cifar100,62.420000,1.746187,0.674344,16341
22,7,4418,edgegpu,cifar100,72.746666,5.352364,0.674344,16341
22,7,12415,edgegpu,cifar100,71.940000,4.828467,0.674344,16341
22,7,9922,edgegpu,cifar100,58.560000,1.428552,0.674344,16341
22,7,3953,edgegpu,cifar100,62.613335,1.757269,0.674344,16341
22,7,8401,edgegpu,cifar100,71.080000,3.302102,0.674344,16341
22,7,9930,edgegpu,cifar100,73.513336,6.803060,0.674344,16341
22,7,3888,edgegpu,cifar100,73.260000,6.797867,0.674344,16341
22,7,4954,edgegpu,cifar100,73.000000,6.669736,0.674344,16341
22,7,2778,edgegpu,cifar100,72.993330,6.134028,0.674344,16341
22,7,1425,edgegpu,cifar100,72.093330,5.310225,0.674344,16341
22,7,11810,edgegpu,cifar100,68.300000,1.779551,0.674344,16341
22,7,1509,edgegpu,cifar100,1.000000,0.505853,0.674344,16341
22,7,1038,edgegpu,cifar100,67.500000,1.758428,0.674344,16341
22,7,11885,edgegpu,cifar100,68.040000,1.776652,0.674344,16341
22,7,6124,edgegpu,cifar100,68.360000,3.185835,0.674344,16341
22,8,4484,edgetpu,cifar100,67.493330,0.487482,0.672681,16031
22,8,4155,edgetpu,cifar100,62.306667,0.391442,0.672681,16031
22,8,8401,edgetpu,cifar100,71.080000,0.728572,0.672681,16031
22,8,12574,edgetpu,cifar100,72.740000,0.932430,0.672681,16031
22,8,8638,edgetpu,cifar100,58.860000,0.356631,0.672681,16031
22,8,11112,edgetpu,cifar100,66.893330,0.486713,0.672681,16031
22,8,4418,edgetpu,cifar100,72.746666,1.093699,0.672681,16031
22,8,8912,edgetpu,cifar100,59.200000,0.377698,0.672681,16031
22,8,12761,edgetpu,cifar100,72.860000,1.225212,0.672681,16031
22,8,2705,edgetpu,cifar100,62.813330,0.393026,0.672681,16031
22,8,3888,edgetpu,cifar100,73.260000,1.316226,0.672681,16031
22,8,10000,edgetpu,cifar100,73.160000,1.283461,0.672681,16031
22,8,857,edgetpu,cifar100,72.880000,1.264168,0.672681,16031
22,8,577,edgetpu,cifar100,69.680000,0.635228,0.672681,16031
22,8,15363,edgetpu,cifar100,70.520000,0.676394,0.672681,16031
22,8,777,edgetpu,cifar100,58.650000,0.355588,0.672681,16031
22,8,5019,edgetpu,cifar100,58.880000,0.357058,0.672681,16031
22,8,3303,edgetpu,cifar100,62.420000,0.392593,0.672681,16031
22,8,797,edgetpu,cifar100,69.580000,0.633351,0.672681,16031
22,8,9930,edgetpu,cifar100,73.513336,1.454107,0.672681,16031
22,8,9689,edgetpu,cifar100,69.760000,0.636296,0.672681,16031
22,8,9997,edgetpu,cifar100,71.520000,0.729986,0.672681,16031
22,8,1943,edgetpu,cifar100,69.626660,0.634759,0.672681,16031
22,8,6358,edgetpu,cifar100,67.193340,0.486737,0.672681,16031
22,8,13829,edgetpu,cifar100,66.873340,0.485137,0.672681,16031
22,8,9271,edgetpu,cifar100,63.400000,0.393151,0.672681,16031
22,8,11810,edgetpu,cifar100,68.300000,0.492126,0.672681,16031
22,8,1110,edgetpu,cifar100,58.840000,0.355938,0.672681,16031
22,8,69,edgetpu,cifar100,71.020000,0.727259,0.672681,16031
22,8,14945,edgetpu,cifar100,58.500000,0.354940,0.672681,16031
22,8,12415,edgetpu,cifar100,71.940000,0.872299,0.672681,16031
22,8,11973,edgetpu,cifar100,70.340000,0.641728,0.672681,16031
22,8,7760,edgetpu,cifar100,67.800000,0.489248,0.672681,16031
22,8,4532,edgetpu,cifar100,68.040000,0.489947,0.672681,16031
22,8,431,edgetpu,cifar100,67.626660,0.488557,0.672681,16031
22,8,1425,edgetpu,cifar100,72.093330,0.910660,0.672681,16031
22,8,10596,edgetpu,cifar100,67.633330,0.488672,0.672681,16031
22,8,898,edgetpu,cifar100,70.000000,0.636860,0.672681,16031
22,8,14440,edgetpu,cifar100,67.386665,0.487278,0.672681,16031
22,9,12574,eyeriss,cifar100,72.740000,5.123200,0.478790,16462
22,9,5651,eyeriss,cifar100,64.690000,1.928320,0.478790,16462
22,9,14112,eyeriss,cifar100,68.386665,2.911360,0.478790,16462
22,9,9930,eyeriss,cifar100,73.513336,9.055360,0.478790,16462
22,9,11301,eyeriss,cifar100,68.220000,2.665600,0.478790,16462
22,9,6925,eyeriss,cifar100,71.220000,3.894400,0.478790,16462
22,9,12761,eyeriss,cifar100,72.860000,6.352000,0.478790,16462
22,9,3888,eyeriss,cifar100,73.260000,6.597760,0.478790,16462
22,9,11973,eyeriss,cifar100,70.340000,3.402880,0.478790,16462
22,9,3540,eyeriss,cifar100,71.500000,4.877440,0.478790,16462
22,9,5084,eyeriss,cifar100,58.813330,1.682560,0.478790,16462
22,9,10689,eyeriss,cifar100,67.500000,2.174080,0.478790,16462
22,9,12820,eyeriss,cifar100,67.720000,2.419840,0.478790,16462
22,9,14714,eyeriss,cifar100,71.280000,4.140160,0.478790,16462
22,9,6787,eyeriss,cifar100,70.720000,3.648640,0.478790,16462
22,10,69,fpga,cifar100,71.020000,3.648160,0.514619,16538
22,10,10689,fpga,cifar100,67.500000,2.163360,0.514619,16538
22,10,6925,fpga,cifar100,71.220000,3.936160,0.514619,16538
22,10,3888,fpga,cifar100,73.260000,5.936160,0.514619,16538
22,10,6787,fpga,cifar100,70.720000,3.420960,0.514619,16538
22,10,4659,fpga,cifar100,70.060000,2.905760,0.514619,16538
22,10,375,fpga,cifar100,64.440000,1.648160,0.514619,16538
22,10,12761,fpga,cifar100,72.860000,5.420960,0.514619,16538
22,10,12574,fpga,cifar100,72.740000,4.678560,0.514619,16538
22,10,5084,fpga,cifar100,58.813330,1.132960,0.514619,16538
22,10,3540,fpga,cifar100,71.500000,4.163360,0.514619,16538
22,10,9997,fpga,cifar100,71.520000,4.572960,0.514619,16538
22,10,6830,fpga,cifar100,71.460000,4.057760,0.514619,16538
22,10,12820,fpga,cifar100,67.720000,2.678560,0.514619,16538
22,10,7250,fpga,cifar100,67.706665,2.390560,0.514619,16538
22,10,11525,fpga,cifar100,64.900000,2.057760,0.514619,16538
22,10,9930,fpga,cifar100,73.513336,7.420960,0.514619,16538
22,11,8912,pixel3,cifar100,59.200000,1.478790,0.663378,16040
22,11,857,pixel3,cifar100,72.880000,19.113200,0.663378,16040
22,11,714,pixel3,cifar100,69.270000,8.651590,0.663378,16040
22,11,12424,pixel3,cifar100,69.980000,8.954760,0.663378,16040
22,11,14112,pixel3,cifar100,68.386665,5.745320,0.663378,16040
22,11,1409,pixel3,cifar100,58.853333,1.275090,0.663378,16040
22,11,1631,pixel3,cifar100,63.986668,1.805000,0.663378,16040
22,11,8638,pixel3,cifar100,58.860000,1.478570,0.663378,16040
22,11,10689,pixel3,cifar100,67.500000,3.109220,0.663378,16040
22,11,689,pixel3,cifar100,70.330000,10.595100,0.663378,16040
22,11,375,pixel3,cifar100,64.440000,2.363140,0.663378,16040
22,11,9930,pixel3,cifar100,73.513336,42.003600,0.663378,16040
22,11,6337,pixel3,cifar100,1.000000,0.008753,0.663378,16040
22,11,9649,pixel3,cifar100,64.540000,2.536210,0.663378,16040
22,11,1459,pixel3,cifar100,73.140000,23.437900,0.663378,16040
22,11,777,pixel3,cifar100,58.650000,1.087020,0.663378,16040
22,11,2649,pixel3,cifar100,64.446660,2.496890,0.663378,16040
22,11,906,pixel3,cifar100,62.393333,1.661810,0.663378,16040
22,11,12970,pixel3,cifar100,68.140000,4.782110,0.663378,16040
22,11,14253,pixel3,cifar100,70.860000,10.679300,0.663378,16040
22,11,3888,pixel3,cifar100,73.260000,23.477200,0.663378,16040
22,11,577,pixel3,cifar100,69.680000,8.944490,0.663378,16040
22,11,4659,pixel3,cifar100,70.060000,9.026280,0.663378,16040
22,11,10042,pixel3,cifar100,64.880000,2.794690,0.663378,16040
22,11,858,pixel3,cifar100,64.133330,2.003500,0.663378,16040
22,11,485,pixel3,cifar100,67.593330,4.124800,0.663378,16040
22,11,12574,pixel3,cifar100,72.740000,16.473900,0.663378,16040
22,11,8323,pixel3,cifar100,67.080000,3.106340,0.663378,16040
22,11,1383,pixel3,cifar100,70.273330,9.668440,0.663378,16040
22,11,6925,pixel3,cifar100,71.220000,10.688000,0.663378,16040
22,11,1413,pixel3,cifar100,69.186670,6.545880,0.663378,16040
22,11,699,pixel3,cifar100,72.240000,12.079400,0.663378,16040
22,12,14714,raspi4,cifar100,71.280000,24.692347,0.737611,16038
22,12,8740,raspi4,cifar100,1.000000,0.015215,0.737611,16038
22,12,7891,raspi4,cifar100,67.550000,12.536592,0.737611,16038
22,12,2035,raspi4,cifar100,63.926666,5.005698,0.737611,16038
22,12,15246,raspi4,cifar100,66.966670,7.350053,0.737611,16038
22,12,9762,raspi4,cifar100,67.080000,9.740194,0.737611,16038
22,12,2058,raspi4,cifar100,69.613335,20.052132,0.737611,16038
22,12,1459,raspi4,cifar100,73.140000,53.879950,0.737611,16038
22,12,15363,raspi4,cifar100,70.520000,21.809430,0.737611,16038
22,12,4418,raspi4,cifar100,72.746666,47.162354,0.737611,16038
22,12,9930,raspi4,cifar100,73.513336,71.152000,0.737611,16038
22,12,12607,raspi4,cifar100,62.600000,4.779045,0.737611,16038
22,12,6787,raspi4,cifar100,70.720000,23.081835,0.737611,16038
22,12,15589,raspi4,cifar100,59.060000,2.795078,0.737611,16038
22,12,10042,raspi4,cifar100,64.880000,5.100886,0.737611,16038
22,12,3408,raspi4,cifar100,63.993332,5.081906,0.737611,16038
22,12,3487,raspi4,cifar100,70.093330,21.603350,0.737611,16038
22,12,14112,raspi4,cifar100,68.386665,14.423308,0.737611,16038
22,12,6925,raspi4,cifar100,71.220000,24.195030,0.737611,16038
22,12,6294,raspi4,cifar100,66.973335,7.376450,0.737611,16038
22,12,13430,raspi4,cifar100,66.700000,7.203785,0.737611,16038
22,12,375,raspi4,cifar100,64.440000,5.099302,0.737611,16038
22,12,12574,raspi4,cifar100,72.740000,36.371254,0.737611,16038
22,12,7030,raspi4,cifar100,69.600000,19.218203,0.737611,16038
22,12,898,raspi4,cifar100,70.000000,21.506163,0.737611,16038
22,12,12915,raspi4,cifar100,66.950000,7.226311,0.737611,16038
22,12,9997,raspi4,cifar100,71.520000,34.996710,0.737611,16038
22,12,12761,raspi4,cifar100,72.860000,53.718200,0.737611,16038
22,12,2222,raspi4,cifar100,58.313330,2.538255,0.737611,16038
22,12,14612,raspi4,cifar100,58.720000,2.563505,0.737611,16038
22,12,1357,raspi4,cifar100,67.480000,10.177114,0.737611,16038
22,12,3888,raspi4,cifar100,73.260000,55.029520,0.737611,16038
22,12,14811,raspi4,cifar100,69.680000,20.361189,0.737611,16038
22,12,9271,raspi4,cifar100,63.400000,4.800893,0.737611,16038
22,12,355,raspi4,cifar100,69.860000,20.791758,0.737611,16038
22,12,4607,raspi4,cifar100,58.820000,2.777558,0.737611,16038
22,12,4731,raspi4,cifar100,67.046670,7.444095,0.737611,16038
22,12,9895,raspi4,cifar100,69.400000,19.211880,0.737611,16038
22,12,8912,raspi4,cifar100,59.200000,2.818969,0.737611,16038
22,13,6950,edgegpu,ImageNet16-120,38.700000,1.740150,0.667622,16275
22,13,15383,edgegpu,ImageNet16-120,47.033333,6.262836,0.667622,16275
22,13,10835,edgegpu,ImageNet16-120,45.233334,4.434366,0.667622,16275
22,13,12081,edgegpu,ImageNet16-120,40.233334,2.730479,0.667622,16275
22,13,8401,edgegpu,ImageNet16-120,43.833332,3.322444,0.667622,16275
22,13,10947,edgegpu,ImageNet16-120,39.944443,1.909800,0.667622,16275
22,13,7760,edgegpu,ImageNet16-120,39.100000,1.743751,0.667622,16275
22,13,14117,edgegpu,ImageNet16-120,28.677778,1.435547,0.667622,16275
22,13,9722,edgegpu,ImageNet16-120,44.000000,3.327813,0.667622,16275
22,13,15288,edgegpu,ImageNet16-120,28.422222,1.417041,0.667622,16275
22,13,4946,edgegpu,ImageNet16-120,44.700000,3.490419,0.667622,16275
22,13,12415,edgegpu,ImageNet16-120,46.566666,4.667692,0.667622,16275
22,13,2650,edgegpu,ImageNet16-120,42.433334,3.309817,0.667622,16275
22,13,1164,edgegpu,ImageNet16-120,28.522223,1.435223,0.667622,16275
22,13,14027,edgegpu,ImageNet16-120,40.266666,3.306937,0.667622,16275
22,13,8884,edgegpu,ImageNet16-120,45.033333,3.499999,0.667622,16275
22,13,8426,edgegpu,ImageNet16-120,44.633335,3.370147,0.667622,16275
22,13,857,edgegpu,ImageNet16-120,47.311110,6.707663,0.667622,16275
22,13,12760,edgegpu,ImageNet16-120,40.833332,3.308015,0.667622,16275
22,13,15159,edgegpu,ImageNet16-120,45.566666,4.632421,0.667622,16275
22,13,7187,edgegpu,ImageNet16-120,28.683332,1.443858,0.667622,16275
22,13,15376,edgegpu,ImageNet16-120,0.833333,0.533953,0.667622,16275
22,13,4587,edgegpu,ImageNet16-120,28.800000,1.445131,0.667622,16275
22,13,4988,edgegpu,ImageNet16-120,28.933332,1.448212,0.667622,16275
22,13,9586,edgegpu,ImageNet16-120,46.933334,5.222673,0.667622,16275
22,13,12505,edgegpu,ImageNet16-120,39.283333,1.750417,0.667622,16275
22,13,8801,edgegpu,ImageNet16-120,39.166668,1.746321,0.667622,16275
22,13,4160,edgegpu,ImageNet16-120,39.833332,1.756272,0.667622,16275
22,14,7431,edgetpu,ImageNet16-120,32.577778,0.363954,0.659975,16037
22,14,6950,edgetpu,ImageNet16-120,38.700000,0.427379,0.659975,16037
22,14,11079,edgetpu,ImageNet16-120,43.566666,0.552430,0.659975,16037
22,14,11885,edgetpu,ImageNet16-120,39.166668,0.427395,0.659975,16037
22,14,14840,edgetpu,ImageNet16-120,45.311110,0.666690,0.659975,16037
22,14,4627,edgetpu,ImageNet16-120,43.500000,0.552306,0.659975,16037
22,14,8884,edgetpu,ImageNet16-120,45.033333,0.615792,0.659975,16037
22,14,70,edgetpu,ImageNet16-120,39.377777,0.428228,0.659975,16037
22,14,12415,edgetpu,ImageNet16-120,46.566666,0.710906,0.659975,16037
22,14,7357,edgetpu,ImageNet16-120,44.666668,0.600498,0.659975,16037
22,14,4988,edgetpu,ImageNet16-120,28.933332,0.360694,0.659975,16037
22,14,7273,edgetpu,ImageNet16-120,42.966667,0.550014,0.659975,16037
22,14,4160,edgetpu,ImageNet16-120,39.833332,0.430355,0.659975,16037
22,14,7837,edgetpu,ImageNet16-120,32.111110,0.363571,0.659975,16037
22,14,13931,edgetpu,ImageNet16-120,28.788889,0.360349,0.659975,16037
22,14,1172,edgetpu,ImageNet16-120,39.933334,0.515935,0.659975,16037
22,14,9689,edgetpu,ImageNet16-120,42.533333,0.549702,0.659975,16037
22,14,14677,edgetpu,ImageNet16-120,33.233334,0.364575,0.659975,16037
22,14,2136,edgetpu,ImageNet16-120,42.166668,0.549614,0.659975,16037
22,14,10332,edgetpu,ImageNet16-120,40.033333,0.516152,0.659975,16037
22,14,13972,edgetpu,ImageNet16-120,31.933332,0.363440,0.659975,16037
22,14,15363,edgetpu,ImageNet16-120,44.333332,0.582280,0.659975,16037
22,14,15014,edgetpu,ImageNet16-120,28.266666,0.358110,0.659975,16037
22,14,5751,edgetpu,ImageNet16-120,40.044445,0.516992,0.659975,16037
22,14,6407,edgetpu,ImageNet16-120,32.333332,0.363748,0.659975,16037
22,14,857,edgetpu,ImageNet16-120,47.311110,0.997730,0.659975,16037
22,14,7750,edgetpu,ImageNet16-120,43.066666,0.551617,0.659975,16037
22,14,3540,edgetpu,ImageNet16-120,45.122223,0.648670,0.659975,16037
22,14,15383,edgetpu,ImageNet16-120,47.033333,0.780914,0.659975,16037
22,14,5530,edgetpu,ImageNet16-120,42.577778,0.549937,0.659975,16037
22,14,5586,edgetpu,ImageNet16-120,40.811110,0.546420,0.659975,16037
22,14,13097,edgetpu,ImageNet16-120,39.655556,0.428424,0.659975,16037
22,14,6858,edgetpu,ImageNet16-120,40.333332,0.541300,0.659975,16037
22,15,4829,eyeriss,ImageNet16-120,34.200000,0.484480,0.485082,16546
22,15,4988,eyeriss,ImageNet16-120,28.933332,0.423040,0.485082,16546
22,15,1939,eyeriss,ImageNet16-120,45.077778,0.976000,0.485082,16546
22,15,5487,eyeriss,ImageNet16-120,38.500000,0.607360,0.485082,16546
22,15,14417,eyeriss,ImageNet16-120,45.900000,1.098880,0.485082,16546
22,15,8853,eyeriss,ImageNet16-120,45.600000,1.037440,0.485082,16546
22,15,6854,eyeriss,ImageNet16-120,40.800000,0.668800,0.485082,16546
22,15,8008,eyeriss,ImageNet16-120,43.500000,0.853120,0.485082,16546
22,15,857,eyeriss,ImageNet16-120,47.311110,1.651840,0.485082,16546
22,15,2835,eyeriss,ImageNet16-120,38.222220,0.545920,0.485082,16546
22,15,15383,eyeriss,ImageNet16-120,47.033333,1.283200,0.485082,16546
22,15,6787,eyeriss,ImageNet16-120,44.400000,0.914560,0.485082,16546
22,16,15446,fpga,ImageNet16-120,45.766666,1.116320,0.500629,16327
22,16,6868,fpga,ImageNet16-120,39.000000,0.649120,0.500629,16327
22,16,15383,fpga,ImageNet16-120,47.033333,1.504000,0.500629,16327
22,16,4988,fpga,ImageNet16-120,28.933332,0.284320,0.500629,16327
22,16,2835,fpga,ImageNet16-120,38.222220,0.546720,0.500629,16327
22,16,8008,fpga,ImageNet16-120,43.500000,0.876800,0.500629,16327
22,16,1939,fpga,ImageNet16-120,45.077778,1.062400,0.500629,16327
22,16,14748,fpga,ImageNet16-120,44.900000,0.995200,0.500629,16327
22,16,6787,fpga,ImageNet16-120,44.400000,0.969600,0.500629,16327
22,16,5793,fpga,ImageNet16-120,35.033333,0.517920,0.500629,16327
22,16,6854,fpga,ImageNet16-120,40.800000,0.809120,0.500629,16327
22,16,857,fpga,ImageNet16-120,47.311110,2.038400,0.500629,16327
22,16,11593,fpga,ImageNet16-120,40.166668,0.780320,0.500629,16327
22,16,4829,fpga,ImageNet16-120,34.200000,0.415520,0.500629,16327
22,16,12231,fpga,ImageNet16-120,40.200000,0.784000,0.500629,16327
22,17,4988,pixel3,ImageNet16-120,28.933332,0.485996,0.789545,16272
22,17,2835,pixel3,ImageNet16-120,38.222220,0.868646,0.789545,16272
22,17,13059,pixel3,ImageNet16-120,34.266666,0.668679,0.789545,16272
22,17,8683,pixel3,ImageNet16-120,44.200000,2.711960,0.789545,16272
22,17,2018,pixel3,ImageNet16-120,46.433334,4.949210,0.789545,16272
22,17,978,pixel3,ImageNet16-120,33.488888,0.665489,0.789545,16272
22,17,12424,pixel3,ImageNet16-120,43.133330,2.470150,0.789545,16272
22,17,8954,pixel3,ImageNet16-120,28.733334,0.424855,0.789545,16272
22,17,857,pixel3,ImageNet16-120,47.311110,6.686850,0.789545,16272
22,17,12639,pixel3,ImageNet16-120,40.400000,1.304440,0.789545,16272
22,17,4409,pixel3,ImageNet16-120,37.722220,0.862979,0.789545,16272
22,17,1939,pixel3,ImageNet16-120,45.077778,3.021500,0.789545,16272
22,17,10154,pixel3,ImageNet16-120,46.133335,4.783700,0.789545,16272
22,17,12358,pixel3,ImageNet16-120,34.055557,0.666287,0.789545,16272
22,17,5487,pixel3,ImageNet16-120,38.500000,1.109150,0.789545,16272
22,17,1204,pixel3,ImageNet16-120,37.844444,0.864966,0.789545,16272
22,17,15446,pixel3,ImageNet16-120,45.766666,3.439380,0.789545,16272
22,17,14417,pixel3,ImageNet16-120,45.900000,4.143030,0.789545,16272
22,17,6014,pixel3,ImageNet16-120,28.533333,0.423391,0.789545,16272
22,17,4977,pixel3,ImageNet16-120,32.966667,0.617991,0.789545,16272
22,17,15383,pixel3,ImageNet16-120,47.033333,5.191720,0.789545,16272
22,17,12355,pixel3,ImageNet16-120,45.033333,2.989390,0.789545,16272
22,17,758,pixel3,ImageNet16-120,28.333334,0.422134,0.789545,16272
22,17,872,pixel3,ImageNet16-120,41.777780,2.465030,0.789545,16272
22,17,11000,pixel3,ImageNet16-120,44.866665,2.962520,0.789545,16272
22,17,10340,pixel3,ImageNet16-120,31.522223,0.617772,0.789545,16272
22,17,1860,pixel3,ImageNet16-120,28.433332,0.422587,0.789545,16272
22,17,4384,pixel3,ImageNet16-120,28.133333,0.421612,0.789545,16272
22,17,1425,pixel3,ImageNet16-120,45.977780,4.619290,0.789545,16272
22,17,11209,pixel3,ImageNet16-120,33.266666,0.665423,0.789545,16272
22,17,12516,pixel3,ImageNet16-120,32.083332,0.617816,0.789545,16272
22,17,4587,pixel3,ImageNet16-120,28.800000,0.445767,0.789545,16272
22,17,4627,pixel3,ImageNet16-120,43.500000,2.479640,0.789545,16272
22,17,6854,pixel3,ImageNet16-120,40.800000,1.621620,0.789545,16272
22,17,4895,pixel3,ImageNet16-120,33.200000,0.619070,0.789545,16272
22,17,13756,pixel3,ImageNet16-120,0.833333,0.005289,0.789545,16272
22,17,12466,pixel3,ImageNet16-120,46.100000,4.680280,0.789545,16272
22,17,3728,pixel3,ImageNet16-120,28.500000,0.422880,0.789545,16272
22,18,11079,raspi4,ImageNet16-120,43.566666,3.802027,0.864161,16119
22,18,2904,raspi4,ImageNet16-120,42.744446,3.799936,0.864161,16119
22,18,380,raspi4,ImageNet16-120,38.900000,3.038936,0.864161,16119
22,18,13644,raspi4,ImageNet16-120,45.333332,6.780282,0.864161,16119
22,18,8426,raspi4,ImageNet16-120,44.633335,5.288439,0.864161,16119
22,18,15107,raspi4,ImageNet16-120,39.800000,3.083329,0.864161,16119
22,18,933,raspi4,ImageNet16-120,0.833333,0.011514,0.864161,16119
22,18,2779,raspi4,ImageNet16-120,37.355556,2.190654,0.864161,16119
22,18,10217,raspi4,ImageNet16-120,45.100000,6.109362,0.864161,16119
22,18,5530,raspi4,ImageNet16-120,42.577778,3.785925,0.864161,16119
22,18,857,raspi4,ImageNet16-120,47.311110,9.020064,0.864161,16119
22,18,10472,raspi4,ImageNet16-120,39.633335,3.079679,0.864161,16119
22,18,4995,raspi4,ImageNet16-120,42.166668,3.766336,0.864161,16119
22,18,3650,raspi4,ImageNet16-120,43.866665,4.475790,0.864161,16119
22,18,9496,raspi4,ImageNet16-120,38.200000,2.204048,0.864161,16119
22,18,12505,raspi4,ImageNet16-120,39.283333,3.062432,0.864161,16119
22,18,2018,raspi4,ImageNet16-120,46.433334,7.482383,0.864161,16119
22,18,9032,raspi4,ImageNet16-120,38.016666,2.201532,0.864161,16119
22,18,7187,raspi4,ImageNet16-120,28.683332,0.952790,0.864161,16119
22,18,7252,raspi4,ImageNet16-120,44.666668,5.322441,0.864161,16119
22,18,4988,raspi4,ImageNet16-120,28.933332,1.003251,0.864161,16119
22,18,3782,raspi4,ImageNet16-120,41.866665,3.755286,0.864161,16119
22,18,8853,raspi4,ImageNet16-120,45.600000,6.961605,0.864161,16119
22,18,15363,raspi4,ImageNet16-120,44.333332,4.480516,0.864161,16119
22,18,6336,raspi4,ImageNet16-120,39.366665,3.073392,0.864161,16119
22,18,7870,raspi4,ImageNet16-120,42.633335,3.788979,0.864161,16119
22,18,1939,raspi4,ImageNet16-120,45.077778,5.341908,0.864161,16119
22,18,11946,raspi4,ImageNet16-120,28.200000,0.940293,0.864161,16119
22,18,15383,raspi4,ImageNet16-120,47.033333,8.565354,0.864161,16119
22,18,9805,raspi4,ImageNet16-120,34.133335,1.617568,0.864161,16119
22,18,1188,raspi4,ImageNet16-120,32.455555,1.526725,0.864161,16119
22,18,6854,raspi4,ImageNet16-120,40.800000,3.661016,0.864161,16119
22,18,5973,raspi4,ImageNet16-120,40.100000,3.159922,0.864161,16119
22,18,10017,raspi4,ImageNet16-120,40.566666,3.181383,0.864161,16119
22,18,219,raspi4,ImageNet16-120,42.500000,3.768475,0.864161,16119
22,18,14697,raspi4,ImageNet16-120,33.900000,1.580382,0.864161,16119
22,18,5487,raspi4,ImageNet16-120,38.500000,3.019000,0.864161,16119
22,18,1204,raspi4,ImageNet16-120,37.844444,2.199356,0.864161,16119
22,18,11584,raspi4,ImageNet16-120,46.666668,8.014434,0.864161,16119
22,18,7227,raspi4,ImageNet16-120,32.533333,1.530737,0.864161,16119
22,18,3431,raspi4,ImageNet16-120,32.966667,1.536690,0.864161,16119
22,18,15446,raspi4,ImageNet16-120,45.766666,7.469873,0.864161,16119
22,18,3960,raspi4,ImageNet16-120,37.755554,2.197980,0.864161,16119
22,18,8355,raspi4,ImageNet16-120,39.666668,3.083286,0.864161,16119
22,18,12355,raspi4,ImageNet16-120,45.033333,5.326674,0.864161,16119
22,18,10835,raspi4,ImageNet16-120,45.233334,6.632419,0.864161,16119
22,18,12358,raspi4,ImageNet16-120,34.055557,1.582727,0.864161,16119
22,18,13771,raspi4,ImageNet16-120,32.744446,1.533813,0.864161,16119
22,18,13931,raspi4,ImageNet16-120,28.788889,0.956195,0.864161,16119
22,18,4675,raspi4,ImageNet16-120,33.100000,1.544321,0.864161,16119
23,1,10484,edgegpu,cifar10,93.810000,3.354015,0.584570,16344
23,1,1601,edgegpu,cifar10,86.336670,1.433892,0.584570,16344
23,1,1549,edgegpu,cifar10,86.710000,1.436324,0.584570,16344
23,1,11692,edgegpu,cifar10,94.130000,4.708362,0.584570,16344
23,1,15200,edgegpu,cifar10,10.000000,0.501385,0.584570,16344
23,1,561,edgegpu,cifar10,86.880000,1.451068,0.584570,16344
23,1,14567,edgegpu,cifar10,92.610000,3.314986,0.584570,16344
23,1,10222,edgegpu,cifar10,86.200000,1.429176,0.584570,16344
23,1,13401,edgegpu,cifar10,87.010000,1.457009,0.584570,16344
23,1,5780,edgegpu,cifar10,93.980000,3.361888,0.584570,16344
23,1,14407,edgegpu,cifar10,86.770000,1.440282,0.584570,16344
23,1,2776,edgegpu,cifar10,93.666664,3.331194,0.584570,16344
23,1,5292,edgegpu,cifar10,94.293335,6.663151,0.584570,16344
23,1,6259,edgegpu,cifar10,86.443340,1.433926,0.584570,16344
23,1,13714,edgegpu,cifar10,94.373340,6.772180,0.584570,16344
23,1,1459,edgegpu,cifar10,94.296670,6.748991,0.584570,16344
23,1,14527,edgegpu,cifar10,86.765000,1.439619,0.584570,16344
23,1,2053,edgegpu,cifar10,94.206665,5.482254,0.584570,16344
23,1,6330,edgegpu,cifar10,94.006670,4.384699,0.584570,16344
23,1,11438,edgegpu,cifar10,92.500000,1.846719,0.584570,16344
23,1,6950,edgegpu,cifar10,92.000000,1.738467,0.584570,16344
23,1,6960,edgegpu,cifar10,92.280000,1.764450,0.584570,16344
23,1,14392,edgegpu,cifar10,86.520000,1.435742,0.584570,16344
23,2,4384,edgetpu,cifar10,86.796670,0.362569,0.665380,16474
23,2,13611,edgetpu,cifar10,92.490000,0.481826,0.665380,16474
23,2,11112,edgetpu,cifar10,92.110000,0.480732,0.665380,16474
23,2,1005,edgetpu,cifar10,89.183334,0.392518,0.665380,16474
23,2,6382,edgetpu,cifar10,93.376660,0.628638,0.665380,16474
23,2,9950,edgetpu,cifar10,93.840000,0.723767,0.665380,16474
23,2,797,edgetpu,cifar10,93.280000,0.627996,0.665380,16474
23,2,10683,edgetpu,cifar10,92.330000,0.481277,0.665380,16474
23,2,10679,edgetpu,cifar10,88.990000,0.391587,0.665380,16474
23,2,9380,edgetpu,cifar10,89.335000,0.395662,0.665380,16474
23,2,6151,edgetpu,cifar10,89.010000,0.391855,0.665380,16474
23,2,13714,edgetpu,cifar10,94.373340,1.377865,0.665380,16474
23,2,2053,edgetpu,cifar10,94.206665,1.042178,0.665380,16474
23,2,11438,edgetpu,cifar10,92.500000,0.482393,0.665380,16474
23,2,11692,edgetpu,cifar10,94.130000,0.761100,0.665380,16474
23,2,5111,edgetpu,cifar10,94.306660,1.152010,0.665380,16474
23,2,5224,edgetpu,cifar10,88.980000,0.389900,0.665380,16474
23,2,3731,edgetpu,cifar10,94.343330,1.282820,0.665380,16474
23,2,3955,edgetpu,cifar10,88.863335,0.389665,0.665380,16474
23,2,6918,edgetpu,cifar10,87.000000,0.375819,0.665380,16474
23,2,4675,edgetpu,cifar10,89.200000,0.395661,0.665380,16474
23,2,9689,edgetpu,cifar10,93.370000,0.628386,0.665380,16474
23,2,11810,edgetpu,cifar10,92.780000,0.482879,0.665380,16474
23,2,2485,edgetpu,cifar10,86.700000,0.346546,0.665380,16474
23,2,6515,edgetpu,cifar10,93.616670,0.722858,0.665380,16474
23,2,11533,edgetpu,cifar10,93.420000,0.632626,0.665380,16474
23,2,7220,edgetpu,cifar10,88.660000,0.389490,0.665380,16474
23,2,6584,edgetpu,cifar10,94.160000,0.888877,0.665380,16474
23,2,5780,edgetpu,cifar10,93.980000,0.723967,0.665380,16474
23,2,3927,edgetpu,cifar10,93.626660,0.723268,0.665380,16474
23,3,13987,eyeriss,cifar10,93.596664,3.645620,0.476050,16428
23,3,9805,eyeriss,cifar10,89.790000,1.925300,0.476050,16428
23,3,11472,eyeriss,cifar10,93.970000,4.628660,0.476050,16428
23,3,4384,eyeriss,cifar10,86.796670,1.679540,0.476050,16428
23,3,8008,eyeriss,cifar10,93.480000,3.399860,0.476050,16428
23,3,13714,eyeriss,cifar10,94.373340,7.823540,0.476050,16428
23,3,13611,eyeriss,cifar10,92.490000,3.154100,0.476050,16428
23,3,11692,eyeriss,cifar10,94.130000,4.874420,0.476050,16428
23,3,6899,eyeriss,cifar10,90.900000,2.416820,0.476050,16428
23,3,6111,eyeriss,cifar10,94.373340,7.823540,0.476050,16428
23,3,3731,eyeriss,cifar10,94.343330,6.594740,0.476050,16428
23,3,5111,eyeriss,cifar10,94.306660,5.365940,0.476050,16428
23,3,14112,eyeriss,cifar10,91.296670,2.908340,0.476050,16428
23,3,8592,eyeriss,cifar10,93.750000,3.891380,0.476050,16428
23,3,8323,eyeriss,cifar10,90.870000,2.171060,0.476050,16428
23,3,6854,eyeriss,cifar10,91.040000,2.662580,0.476050,16428
23,4,8008,fpga,cifar10,93.480000,2.905760,0.459661,16247
23,4,4384,fpga,cifar10,86.796670,1.132960,0.459661,16247
23,4,11692,fpga,cifar10,94.130000,4.163360,0.459661,16247
23,4,11472,fpga,cifar10,93.970000,3.648160,0.459661,16247
23,4,13611,fpga,cifar10,92.490000,2.390560,0.459661,16247
23,4,11525,fpga,cifar10,90.000000,2.057760,0.459661,16247
23,4,8323,fpga,cifar10,90.870000,2.163360,0.459661,16247
23,4,6111,fpga,cifar10,94.373340,6.678560,0.459661,16247
23,4,13714,fpga,cifar10,94.373340,6.678560,0.459661,16247
23,4,3731,fpga,cifar10,94.343330,5.936160,0.459661,16247
23,4,5111,fpga,cifar10,94.306660,5.193760,0.459661,16247
23,4,13987,fpga,cifar10,93.596664,3.420960,0.459661,16247
23,4,9805,fpga,cifar10,89.790000,1.648160,0.459661,16247
23,4,10431,fpga,cifar10,87.000000,1.542560,0.459661,16247
23,5,6470,pixel3,cifar10,92.000000,5.826540,0.771532,16135
23,5,6382,pixel3,cifar10,93.376660,7.048190,0.771532,16135
23,5,5111,pixel3,cifar10,94.306660,17.584600,0.771532,16135
23,5,25,pixel3,cifar10,86.540000,1.054570,0.771532,16135
23,5,13096,pixel3,cifar10,90.700000,2.666040,0.771532,16135
23,5,2779,pixel3,cifar10,90.806660,3.102950,0.771532,16135
23,5,4731,pixel3,cifar10,90.360000,2.573470,0.771532,16135
23,5,8592,pixel3,cifar10,93.750000,10.769800,0.771532,16135
23,5,1941,pixel3,cifar10,93.533330,9.128690,0.771532,16135
23,5,4627,pixel3,cifar10,93.270000,7.036050,0.771532,16135
23,5,7017,pixel3,cifar10,86.970000,1.403930,0.771532,16135
23,5,9230,pixel3,cifar10,86.580000,1.056760,0.771532,16135
23,5,55,pixel3,cifar10,86.756670,1.057440,0.771532,16135
23,5,10689,pixel3,cifar10,90.790000,2.669770,0.771532,16135
23,5,5149,pixel3,cifar10,92.090000,5.987440,0.771532,16135
23,5,1416,pixel3,cifar10,89.546670,1.691430,0.771532,16135
23,5,7001,pixel3,cifar10,10.000000,0.003277,0.771532,16135
23,5,3731,pixel3,cifar10,94.343330,23.361300,0.771532,16135
23,5,11692,pixel3,cifar10,94.130000,15.490100,0.771532,16135
23,5,6999,pixel3,cifar10,93.820000,12.260900,0.771532,16135
23,5,6358,pixel3,cifar10,92.136665,6.066150,0.771532,16135
23,5,8323,pixel3,cifar10,90.870000,3.106420,0.771532,16135
23,5,13171,pixel3,cifar10,93.530000,7.717220,0.771532,16135
23,5,6111,pixel3,cifar10,94.373340,23.584800,0.771532,16135
23,5,1781,pixel3,cifar10,89.883330,1.712020,0.771532,16135
23,5,1425,pixel3,cifar10,93.933334,12.536500,0.771532,16135
23,5,12452,pixel3,cifar10,91.350000,5.590110,0.771532,16135
23,5,6918,pixel3,cifar10,87.000000,1.478790,0.771532,16135
23,5,11972,pixel3,cifar10,91.510000,5.627010,0.771532,16135
23,5,6434,pixel3,cifar10,91.080000,4.811140,0.771532,16135
23,5,6854,pixel3,cifar10,91.040000,4.514220,0.771532,16135
23,5,8708,pixel3,cifar10,94.080000,12.839000,0.771532,16135
23,5,1804,pixel3,cifar10,89.063330,1.579900,0.771532,16135
23,5,8695,pixel3,cifar10,94.220000,17.564500,0.771532,16135
23,5,6899,pixel3,cifar10,90.900000,3.961410,0.771532,16135
23,5,13869,pixel3,cifar10,93.656670,10.634700,0.771532,16135
23,5,13987,pixel3,cifar10,93.596664,9.922680,0.771532,16135
23,5,1497,pixel3,cifar10,86.556660,1.056630,0.771532,16135
23,5,1943,pixel3,cifar10,93.116670,6.492030,0.771532,16135
23,5,78,pixel3,cifar10,91.933334,5.807870,0.771532,16135
23,5,2035,pixel3,cifar10,89.670000,1.706480,0.771532,16135
23,5,4863,pixel3,cifar10,92.050000,5.831370,0.771532,16135
23,6,13611,raspi4,cifar10,92.490000,18.523302,0.736048,16141
23,6,7017,raspi4,cifar10,86.970000,2.544041,0.736048,16141
23,6,1781,raspi4,cifar10,89.883330,5.961801,0.736048,16141
23,6,12715,raspi4,cifar10,89.496666,5.144986,0.736048,16141
23,6,12505,raspi4,cifar10,92.150000,16.747276,0.736048,16141
23,6,5111,raspi4,cifar10,94.306660,41.756905,0.736048,16141
23,6,5940,raspi4,cifar10,91.056660,12.563456,0.736048,16141
23,6,1941,raspi4,cifar10,93.533330,25.121769,0.736048,16141
23,6,3496,raspi4,cifar10,89.763336,5.172737,0.736048,16141
23,6,12639,raspi4,cifar10,90.990000,11.857850,0.736048,16141
23,6,13846,raspi4,cifar10,90.720000,7.176163,0.736048,16141
23,6,8323,raspi4,cifar10,90.870000,7.426308,0.736048,16141
23,6,3731,raspi4,cifar10,94.343330,58.070793,0.736048,16141
23,6,14565,raspi4,cifar10,88.880000,4.781183,0.736048,16141
23,6,8592,raspi4,cifar10,93.750000,25.477009,0.736048,16141
23,6,1962,raspi4,cifar10,86.530000,2.529453,0.736048,16141
23,6,10412,raspi4,cifar10,93.530000,25.079220,0.736048,16141
23,6,6382,raspi4,cifar10,93.376660,21.461164,0.736048,16141
23,6,8426,raspi4,cifar10,93.840000,31.394428,0.736048,16141
23,6,9271,raspi4,cifar10,89.250000,4.830311,0.736048,16141
23,6,6111,raspi4,cifar10,94.373340,68.404106,0.736048,16141
23,6,5780,raspi4,cifar10,93.980000,34.928463,0.736048,16141
23,6,9380,raspi4,cifar10,89.335000,4.875613,0.736048,16141
23,6,11692,raspi4,cifar10,94.130000,37.583630,0.736048,16141
23,6,296,raspi4,cifar10,89.713330,5.163324,0.736048,16141
23,6,7058,raspi4,cifar10,92.040000,16.469465,0.736048,16141
23,6,11810,raspi4,cifar10,92.780000,18.619905,0.736048,16141
23,6,4659,raspi4,cifar10,93.396670,22.249382,0.736048,16141
23,6,14677,raspi4,cifar10,88.670000,4.755260,0.736048,16141
23,6,6953,raspi4,cifar10,91.990000,15.601654,0.736048,16141
23,6,12036,raspi4,cifar10,89.486664,5.134096,0.736048,16141
23,6,1804,raspi4,cifar10,89.063330,4.791845,0.736048,16141
23,6,1690,raspi4,cifar10,86.646670,2.536549,0.736048,16141
23,6,8008,raspi4,cifar10,93.480000,22.571420,0.736048,16141
23,6,6960,raspi4,cifar10,92.280000,17.162752,0.736048,16141
23,6,9980,raspi4,cifar10,10.000000,0.011284,0.736048,16141
23,6,6918,raspi4,cifar10,87.000000,2.787590,0.736048,16141
23,6,8573,raspi4,cifar10,89.803340,5.202662,0.736048,16141
23,6,2058,raspi4,cifar10,93.270000,19.484835,0.736048,16141
23,7,2304,edgegpu,cifar100,58.660000,1.440253,0.607794,16199
23,7,9930,edgegpu,cifar100,73.513336,6.803060,0.607794,16199
23,7,4418,edgegpu,cifar100,72.746666,5.352364,0.607794,16199
23,7,2778,edgegpu,cifar100,72.993330,6.134028,0.607794,16199
23,7,4954,edgegpu,cifar100,73.000000,6.669736,0.607794,16199
23,7,11810,edgegpu,cifar100,68.300000,1.779551,0.607794,16199
23,7,12415,edgegpu,cifar100,71.940000,4.828467,0.607794,16199
23,7,8401,edgegpu,cifar100,71.080000,3.302102,0.607794,16199
23,7,9922,edgegpu,cifar100,58.560000,1.428552,0.607794,16199
23,7,1038,edgegpu,cifar100,67.500000,1.758428,0.607794,16199
23,7,3888,edgegpu,cifar100,73.260000,6.797867,0.607794,16199
23,7,6124,edgegpu,cifar100,68.360000,3.185835,0.607794,16199
23,7,9997,edgegpu,cifar100,71.520000,3.466139,0.607794,16199
23,7,1509,edgegpu,cifar100,1.000000,0.505853,0.607794,16199
23,7,11885,edgegpu,cifar100,68.040000,1.776652,0.607794,16199
23,7,8912,edgegpu,cifar100,59.200000,1.441355,0.607794,16199
23,7,14677,edgegpu,cifar100,62.420000,1.746187,0.607794,16199
23,8,9930,edgetpu,cifar100,73.513336,1.454107,0.637989,16046
23,8,4532,edgetpu,cifar100,68.040000,0.489947,0.637989,16046
23,8,3888,edgetpu,cifar100,73.260000,1.316226,0.637989,16046
23,8,9271,edgetpu,cifar100,63.400000,0.393151,0.637989,16046
23,8,1110,edgetpu,cifar100,58.840000,0.355938,0.637989,16046
23,8,8401,edgetpu,cifar100,71.080000,0.728572,0.637989,16046
23,8,777,edgetpu,cifar100,58.650000,0.355588,0.637989,16046
23,8,12574,edgetpu,cifar100,72.740000,0.932430,0.637989,16046
23,8,12113,edgetpu,cifar100,67.480000,0.487574,0.637989,16046
23,8,13731,edgetpu,cifar100,66.953330,0.487148,0.637989,16046
23,8,797,edgetpu,cifar100,69.580000,0.633351,0.637989,16046
23,8,8638,edgetpu,cifar100,58.860000,0.356631,0.637989,16046
23,8,12761,edgetpu,cifar100,72.860000,1.225212,0.637989,16046
23,8,12424,edgetpu,cifar100,69.980000,0.638946,0.637989,16046
23,8,69,edgetpu,cifar100,71.020000,0.727259,0.637989,16046
23,8,857,edgetpu,cifar100,72.880000,1.264168,0.637989,16046
23,8,10000,edgetpu,cifar100,73.160000,1.283461,0.637989,16046
23,8,10596,edgetpu,cifar100,67.633330,0.488672,0.637989,16046
23,8,5019,edgetpu,cifar100,58.880000,0.357058,0.637989,16046
23,8,9997,edgetpu,cifar100,71.520000,0.729986,0.637989,16046
23,8,1425,edgetpu,cifar100,72.093330,0.910660,0.637989,16046
23,8,8912,edgetpu,cifar100,59.200000,0.377698,0.637989,16046
23,8,4418,edgetpu,cifar100,72.746666,1.093699,0.637989,16046
23,8,12415,edgetpu,cifar100,71.940000,0.872299,0.637989,16046
23,8,14945,edgetpu,cifar100,58.500000,0.354940,0.637989,16046
23,8,4155,edgetpu,cifar100,62.306667,0.391442,0.637989,16046
23,8,11810,edgetpu,cifar100,68.300000,0.492126,0.637989,16046
23,8,13829,edgetpu,cifar100,66.873340,0.485137,0.637989,16046
23,8,577,edgetpu,cifar100,69.680000,0.635228,0.637989,16046
23,8,11973,edgetpu,cifar100,70.340000,0.641728,0.637989,16046
23,8,4627,edgetpu,cifar100,69.600000,0.635153,0.637989,16046
23,8,7760,edgetpu,cifar100,67.800000,0.489248,0.637989,16046
23,8,14300,edgetpu,cifar100,67.300000,0.487450,0.637989,16046
23,8,11533,edgetpu,cifar100,69.760000,0.635877,0.637989,16046
23,8,431,edgetpu,cifar100,67.626660,0.488557,0.637989,16046
23,8,12607,edgetpu,cifar100,62.600000,0.392830,0.637989,16046
23,8,2705,edgetpu,cifar100,62.813330,0.393026,0.637989,16046
23,9,12574,eyeriss,cifar100,72.740000,5.123200,0.471683,16452
23,9,14714,eyeriss,cifar100,71.280000,4.140160,0.471683,16452
23,9,12820,eyeriss,cifar100,67.720000,2.419840,0.471683,16452
23,9,12970,eyeriss,cifar100,68.140000,2.665600,0.471683,16452
23,9,3888,eyeriss,cifar100,73.260000,6.597760,0.471683,16452
23,9,6787,eyeriss,cifar100,70.720000,3.648640,0.471683,16452
23,9,10689,eyeriss,cifar100,67.500000,2.174080,0.471683,16452
23,9,9930,eyeriss,cifar100,73.513336,9.055360,0.471683,16452
23,9,12761,eyeriss,cifar100,72.860000,6.352000,0.471683,16452
23,9,5651,eyeriss,cifar100,64.690000,1.928320,0.471683,16452
23,9,6925,eyeriss,cifar100,71.220000,3.894400,0.471683,16452
23,9,4659,eyeriss,cifar100,70.060000,3.402880,0.471683,16452
23,9,3540,eyeriss,cifar100,71.500000,4.877440,0.471683,16452
23,9,5084,eyeriss,cifar100,58.813330,1.682560,0.471683,16452
23,10,3540,fpga,cifar100,71.500000,4.163360,0.507874,16385
23,10,4659,fpga,cifar100,70.060000,2.905760,0.507874,16385
23,10,5084,fpga,cifar100,58.813330,1.132960,0.507874,16385
23,10,3888,fpga,cifar100,73.260000,5.936160,0.507874,16385
23,10,5651,fpga,cifar100,64.690000,1.648160,0.507874,16385
23,10,12761,fpga,cifar100,72.860000,5.420960,0.507874,16385
23,10,6830,fpga,cifar100,71.460000,4.057760,0.507874,16385
23,10,6787,fpga,cifar100,70.720000,3.420960,0.507874,16385
23,10,6925,fpga,cifar100,71.220000,3.936160,0.507874,16385
23,10,69,fpga,cifar100,71.020000,3.648160,0.507874,16385
23,10,9930,fpga,cifar100,73.513336,7.420960,0.507874,16385
23,10,10689,fpga,cifar100,67.500000,2.163360,0.507874,16385
23,10,12574,fpga,cifar100,72.740000,4.678560,0.507874,16385
23,10,4249,fpga,cifar100,65.080000,2.057760,0.507874,16385
23,10,15033,fpga,cifar100,67.793335,2.390560,0.507874,16385
23,11,777,pixel3,cifar100,58.650000,1.087020,0.663078,15985
23,11,6337,pixel3,cifar100,1.000000,0.008753,0.663078,15985
23,11,1459,pixel3,cifar100,73.140000,23.437900,0.663078,15985
23,11,15363,pixel3,cifar100,70.520000,9.708640,0.663078,15985
23,11,12970,pixel3,cifar100,68.140000,4.782110,0.663078,15985
23,11,14112,pixel3,cifar100,68.386665,5.745320,0.663078,15985
23,11,11000,pixel3,cifar100,71.180000,10.677600,0.663078,15985
23,11,11301,pixel3,cifar100,68.220000,5.352090,0.663078,15985
23,11,8638,pixel3,cifar100,58.860000,1.478570,0.663078,15985
23,11,1090,pixel3,cifar100,65.220000,2.811310,0.663078,15985
23,11,375,pixel3,cifar100,64.440000,2.363140,0.663078,15985
23,11,857,pixel3,cifar100,72.880000,19.113200,0.663078,15985
23,11,6787,pixel3,cifar100,70.720000,9.854430,0.663078,15985
23,11,1595,pixel3,cifar100,62.146667,1.665240,0.663078,15985
23,11,1558,pixel3,cifar100,64.020000,1.705220,0.663078,15985
23,11,9930,pixel3,cifar100,73.513336,42.003600,0.663078,15985
23,11,1409,pixel3,cifar100,58.853333,1.275090,0.663078,15985
23,11,12574,pixel3,cifar100,72.740000,16.473900,0.663078,15985
23,11,1357,pixel3,cifar100,67.480000,3.998260,0.663078,15985
23,11,8323,pixel3,cifar100,67.080000,3.106340,0.663078,15985
23,11,3888,pixel3,cifar100,73.260000,23.477200,0.663078,15985
23,11,898,pixel3,cifar100,70.000000,6.516140,0.663078,15985
23,11,1450,pixel3,cifar100,70.506670,9.337360,0.663078,15985
23,11,699,pixel3,cifar100,72.240000,12.079400,0.663078,15985
23,11,894,pixel3,cifar100,61.933334,1.581120,0.663078,15985
23,11,858,pixel3,cifar100,64.133330,2.003500,0.663078,15985
23,11,8912,pixel3,cifar100,59.200000,1.478790,0.663078,15985
23,11,5651,pixel3,cifar100,64.690000,2.376870,0.663078,15985
23,11,6925,pixel3,cifar100,71.220000,10.688000,0.663078,15985
23,11,724,pixel3,cifar100,67.053340,2.875650,0.663078,15985
23,11,485,pixel3,cifar100,67.593330,4.124800,0.663078,15985
23,12,10689,raspi4,cifar100,67.500000,7.381845,0.674369,16044
23,12,2222,raspi4,cifar100,58.313330,2.538255,0.674369,16044
23,12,12761,raspi4,cifar100,72.860000,53.718200,0.674369,16044
23,12,8740,raspi4,cifar100,1.000000,0.015215,0.674369,16044
23,12,12574,raspi4,cifar100,72.740000,36.371254,0.674369,16044
23,12,9930,raspi4,cifar100,73.513336,71.152000,0.674369,16044
23,12,7891,raspi4,cifar100,67.550000,12.536592,0.674369,16044
23,12,14112,raspi4,cifar100,68.386665,14.423308,0.674369,16044
23,12,4418,raspi4,cifar100,72.746666,47.162354,0.674369,16044
23,12,9997,raspi4,cifar100,71.520000,34.996710,0.674369,16044
23,12,10222,raspi4,cifar100,58.860000,2.747804,0.674369,16044
23,12,6294,raspi4,cifar100,66.973335,7.376450,0.674369,16044
23,12,3888,raspi4,cifar100,73.260000,55.029520,0.674369,16044
23,12,6787,raspi4,cifar100,70.720000,23.081835,0.674369,16044
23,12,15589,raspi4,cifar100,59.060000,2.795078,0.674369,16044
23,12,6830,raspi4,cifar100,71.460000,34.491814,0.674369,16044
23,12,355,raspi4,cifar100,69.860000,20.791758,0.674369,16044
23,12,6925,raspi4,cifar100,71.220000,24.195030,0.674369,16044
23,12,3487,raspi4,cifar100,70.093330,21.603350,0.674369,16044
23,12,375,raspi4,cifar100,64.440000,5.099302,0.674369,16044
23,12,7031,raspi4,cifar100,69.526665,19.879576,0.674369,16044
23,12,2058,raspi4,cifar100,69.613335,20.052132,0.674369,16044
23,12,1459,raspi4,cifar100,73.140000,53.879950,0.674369,16044
23,12,8912,raspi4,cifar100,59.200000,2.818969,0.674369,16044
23,12,9271,raspi4,cifar100,63.400000,4.800893,0.674369,16044
23,12,14612,raspi4,cifar100,58.720000,2.563505,0.674369,16044
23,12,14792,raspi4,cifar100,69.500000,19.111843,0.674369,16044
23,12,3408,raspi4,cifar100,63.993332,5.081906,0.674369,16044
23,12,15246,raspi4,cifar100,66.966670,7.350053,0.674369,16044
23,12,12915,raspi4,cifar100,66.950000,7.226311,0.674369,16044
23,12,13430,raspi4,cifar100,66.700000,7.203785,0.674369,16044
23,12,2035,raspi4,cifar100,63.926666,5.005698,0.674369,16044
23,12,10042,raspi4,cifar100,64.880000,5.100886,0.674369,16044
23,12,898,raspi4,cifar100,70.000000,21.506163,0.674369,16044
23,12,14714,raspi4,cifar100,71.280000,24.692347,0.674369,16044
23,12,12607,raspi4,cifar100,62.600000,4.779045,0.674369,16044
23,12,15363,raspi4,cifar100,70.520000,21.809430,0.674369,16044
23,13,12081,edgegpu,ImageNet16-120,40.233334,2.730479,0.650932,16156
23,13,7760,edgegpu,ImageNet16-120,39.100000,1.743751,0.650932,16156
23,13,4946,edgegpu,ImageNet16-120,44.700000,3.490419,0.650932,16156
23,13,15159,edgegpu,ImageNet16-120,45.566666,4.632421,0.650932,16156
23,13,11217,edgegpu,ImageNet16-120,43.466667,3.316708,0.650932,16156
23,13,8426,edgegpu,ImageNet16-120,44.633335,3.370147,0.650932,16156
23,13,857,edgegpu,ImageNet16-120,47.311110,6.707663,0.650932,16156
23,13,8401,edgegpu,ImageNet16-120,43.833332,3.322444,0.650932,16156
23,13,9586,edgegpu,ImageNet16-120,46.933334,5.222673,0.650932,16156
23,13,9722,edgegpu,ImageNet16-120,44.000000,3.327813,0.650932,16156
23,13,14612,edgegpu,ImageNet16-120,28.488890,1.434064,0.650932,16156
23,13,10835,edgegpu,ImageNet16-120,45.233334,4.434366,0.650932,16156
23,13,12415,edgegpu,ImageNet16-120,46.566666,4.667692,0.650932,16156
23,13,10947,edgegpu,ImageNet16-120,39.944443,1.909800,0.650932,16156
23,13,2650,edgegpu,ImageNet16-120,42.433334,3.309817,0.650932,16156
23,13,4988,edgegpu,ImageNet16-120,28.933332,1.448212,0.650932,16156
23,13,15288,edgegpu,ImageNet16-120,28.422222,1.417041,0.650932,16156
23,13,4332,edgegpu,ImageNet16-120,39.444443,1.745496,0.650932,16156
23,13,4587,edgegpu,ImageNet16-120,28.800000,1.445131,0.650932,16156
23,13,8884,edgegpu,ImageNet16-120,45.033333,3.499999,0.650932,16156
23,13,1164,edgegpu,ImageNet16-120,28.522223,1.435223,0.650932,16156
23,13,6950,edgegpu,ImageNet16-120,38.700000,1.740150,0.650932,16156
23,13,15376,edgegpu,ImageNet16-120,0.833333,0.533953,0.650932,16156
23,13,14117,edgegpu,ImageNet16-120,28.677778,1.435547,0.650932,16156
23,13,15383,edgegpu,ImageNet16-120,47.033333,6.262836,0.650932,16156
23,13,4160,edgegpu,ImageNet16-120,39.833332,1.756272,0.650932,16156
23,13,6636,edgegpu,ImageNet16-120,40.544445,3.305931,0.650932,16156
23,13,7187,edgegpu,ImageNet16-120,28.683332,1.443858,0.650932,16156
23,14,5751,edgetpu,ImageNet16-120,40.044445,0.516992,0.657858,16356
23,14,857,edgetpu,ImageNet16-120,47.311110,0.997730,0.657858,16356
23,14,7396,edgetpu,ImageNet16-120,40.177776,0.517218,0.657858,16356
23,14,12415,edgetpu,ImageNet16-120,46.566666,0.710906,0.657858,16356
23,14,7431,edgetpu,ImageNet16-120,32.577778,0.363954,0.657858,16356
23,14,5586,edgetpu,ImageNet16-120,40.811110,0.546420,0.657858,16356
23,14,4977,edgetpu,ImageNet16-120,32.966667,0.367728,0.657858,16356
23,14,7750,edgetpu,ImageNet16-120,43.066666,0.551617,0.657858,16356
23,14,4160,edgetpu,ImageNet16-120,39.833332,0.430355,0.657858,16356
23,14,7273,edgetpu,ImageNet16-120,42.966667,0.550014,0.657858,16356
23,14,3540,edgetpu,ImageNet16-120,45.122223,0.648670,0.657858,16356
23,14,5674,edgetpu,ImageNet16-120,39.650000,0.428605,0.657858,16356
23,14,6520,edgetpu,ImageNet16-120,32.383335,0.363944,0.657858,16356
23,14,15363,edgetpu,ImageNet16-120,44.333332,0.582280,0.657858,16356
23,14,15383,edgetpu,ImageNet16-120,47.033333,0.780914,0.657858,16356
23,14,13931,edgetpu,ImageNet16-120,28.788889,0.360349,0.657858,16356
23,14,4830,edgetpu,ImageNet16-120,42.233334,0.549457,0.657858,16356
23,14,70,edgetpu,ImageNet16-120,39.377777,0.428228,0.657858,16356
23,14,10332,edgetpu,ImageNet16-120,40.033333,0.516152,0.657858,16356
23,14,7837,edgetpu,ImageNet16-120,32.111110,0.363571,0.657858,16356
23,14,8447,edgetpu,ImageNet16-120,40.011112,0.514586,0.657858,16356
23,14,14527,edgetpu,ImageNet16-120,28.133333,0.358865,0.657858,16356
23,14,7174,edgetpu,ImageNet16-120,33.116665,0.391775,0.657858,16356
23,14,8884,edgetpu,ImageNet16-120,45.033333,0.615792,0.657858,16356
23,14,7357,edgetpu,ImageNet16-120,44.666668,0.600498,0.657858,16356
23,14,2560,edgetpu,ImageNet16-120,28.200000,0.359160,0.657858,16356
23,14,11885,edgetpu,ImageNet16-120,39.166668,0.427395,0.657858,16356
23,14,5724,edgetpu,ImageNet16-120,28.366667,0.359987,0.657858,16356
23,14,8008,edgetpu,ImageNet16-120,43.500000,0.552480,0.657858,16356
23,14,13972,edgetpu,ImageNet16-120,31.933332,0.363440,0.657858,16356
23,14,9689,edgetpu,ImageNet16-120,42.533333,0.549702,0.657858,16356
23,15,8853,eyeriss,ImageNet16-120,45.600000,1.037440,0.466518,16584
23,15,4988,eyeriss,ImageNet16-120,28.933332,0.423040,0.466518,16584
23,15,8008,eyeriss,ImageNet16-120,43.500000,0.853120,0.466518,16584
23,15,857,eyeriss,ImageNet16-120,47.311110,1.651840,0.466518,16584
23,15,1939,eyeriss,ImageNet16-120,45.077778,0.976000,0.466518,16584
23,15,15383,eyeriss,ImageNet16-120,47.033333,1.283200,0.466518,16584
23,15,6854,eyeriss,ImageNet16-120,40.800000,0.668800,0.466518,16584
23,15,2835,eyeriss,ImageNet16-120,38.222220,0.545920,0.466518,16584
23,15,6787,eyeriss,ImageNet16-120,44.400000,0.914560,0.466518,16584
23,15,4829,eyeriss,ImageNet16-120,34.200000,0.484480,0.466518,16584
23,15,479,eyeriss,ImageNet16-120,38.500000,0.607360,0.466518,16584
23,15,5487,eyeriss,ImageNet16-120,38.500000,0.607360,0.466518,16584
23,16,4988,fpga,ImageNet16-120,28.933332,0.284320,0.493616,16130
23,16,4829,fpga,ImageNet16-120,34.200000,0.415520,0.493616,16130
23,16,15383,fpga,ImageNet16-120,47.033333,1.504000,0.493616,16130
23,16,10017,fpga,ImageNet16-120,40.566666,0.784000,0.493616,16130
23,16,6787,fpga,ImageNet16-120,44.400000,0.969600,0.493616,16130
23,16,1939,fpga,ImageNet16-120,45.077778,1.062400,0.493616,16130
23,16,6868,fpga,ImageNet16-120,39.000000,0.649120,0.493616,16130
23,16,14748,fpga,ImageNet16-120,44.900000,0.995200,0.493616,16130
23,16,8853,fpga,ImageNet16-120,45.600000,1.155200,0.493616,16130
23,16,2835,fpga,ImageNet16-120,38.222220,0.546720,0.493616,16130
23,16,5793,fpga,ImageNet16-120,35.033333,0.517920,0.493616,16130
23,16,8008,fpga,ImageNet16-120,43.500000,0.876800,0.493616,16130
23,16,12452,fpga,ImageNet16-120,40.533333,0.780320,0.493616,16130
23,16,857,fpga,ImageNet16-120,47.311110,2.038400,0.493616,16130
23,16,6854,fpga,ImageNet16-120,40.800000,0.809120,0.493616,16130
23,17,13756,pixel3,ImageNet16-120,0.833333,0.005289,0.718320,15981
23,17,13059,pixel3,ImageNet16-120,34.266666,0.668679,0.718320,15981
23,17,6854,pixel3,ImageNet16-120,40.800000,1.621620,0.718320,15981
23,17,2018,pixel3,ImageNet16-120,46.433334,4.949210,0.718320,15981
23,17,8627,pixel3,ImageNet16-120,43.633335,2.707490,0.718320,15981
23,17,872,pixel3,ImageNet16-120,41.777780,2.465030,0.718320,15981
23,17,1425,pixel3,ImageNet16-120,45.977780,4.619290,0.718320,15981
23,17,3728,pixel3,ImageNet16-120,28.500000,0.422880,0.718320,15981
23,17,12452,pixel3,ImageNet16-120,40.533333,1.504410,0.718320,15981
23,17,1110,pixel3,ImageNet16-120,28.600000,0.423927,0.718320,15981
23,17,4988,pixel3,ImageNet16-120,28.933332,0.485996,0.718320,15981
23,17,12506,pixel3,ImageNet16-120,43.983334,2.929990,0.718320,15981
23,17,8853,pixel3,ImageNet16-120,45.600000,3.554540,0.718320,15981
23,17,12639,pixel3,ImageNet16-120,40.400000,1.304440,0.718320,15981
23,17,12358,pixel3,ImageNet16-120,34.055557,0.666287,0.718320,15981
23,17,5487,pixel3,ImageNet16-120,38.500000,1.109150,0.718320,15981
23,17,2705,pixel3,ImageNet16-120,32.355556,0.618693,0.718320,15981
23,17,11000,pixel3,ImageNet16-120,44.866665,2.962520,0.718320,15981
23,17,10888,pixel3,ImageNet16-120,28.333334,0.422652,0.718320,15981
23,17,2835,pixel3,ImageNet16-120,38.222220,0.868646,0.718320,15981
23,17,14417,pixel3,ImageNet16-120,45.900000,4.143030,0.718320,15981
23,17,12466,pixel3,ImageNet16-120,46.100000,4.680280,0.718320,15981
23,17,4627,pixel3,ImageNet16-120,43.500000,2.479640,0.718320,15981
23,17,10412,pixel3,ImageNet16-120,43.733334,2.753550,0.718320,15981
23,17,4895,pixel3,ImageNet16-120,33.200000,0.619070,0.718320,15981
23,17,10154,pixel3,ImageNet16-120,46.133335,4.783700,0.718320,15981
23,17,6014,pixel3,ImageNet16-120,28.533333,0.423391,0.718320,15981
23,17,4432,pixel3,ImageNet16-120,37.800000,0.861157,0.718320,15981
23,17,12424,pixel3,ImageNet16-120,43.133330,2.470150,0.718320,15981
23,17,898,pixel3,ImageNet16-120,42.466667,2.467210,0.718320,15981
23,17,857,pixel3,ImageNet16-120,47.311110,6.686850,0.718320,15981
23,17,12103,pixel3,ImageNet16-120,28.250000,0.422433,0.718320,15981
23,17,1549,pixel3,ImageNet16-120,28.655556,0.424747,0.718320,15981
23,17,12516,pixel3,ImageNet16-120,32.083332,0.617816,0.718320,15981
23,17,15383,pixel3,ImageNet16-120,47.033333,5.191720,0.718320,15981
23,17,4587,pixel3,ImageNet16-120,28.800000,0.445767,0.718320,15981
23,17,1939,pixel3,ImageNet16-120,45.077778,3.021500,0.718320,15981
23,17,7187,pixel3,ImageNet16-120,28.683332,0.425223,0.718320,15981
23,17,12355,pixel3,ImageNet16-120,45.033333,2.989390,0.718320,15981
23,17,1204,pixel3,ImageNet16-120,37.844444,0.864966,0.718320,15981
23,18,8683,raspi4,ImageNet16-120,44.200000,4.462997,0.908151,16214
23,18,4160,raspi4,ImageNet16-120,39.833332,3.114462,0.908151,16214
23,18,857,raspi4,ImageNet16-120,47.311110,9.020064,0.908151,16214
23,18,8355,raspi4,ImageNet16-120,39.666668,3.083286,0.908151,16214
23,18,12452,raspi4,ImageNet16-120,40.533333,3.592146,0.908151,16214
23,18,5637,raspi4,ImageNet16-120,33.933334,1.580707,0.908151,16214
23,18,14677,raspi4,ImageNet16-120,33.233334,1.537227,0.908151,16214
23,18,11282,raspi4,ImageNet16-120,39.633335,3.080430,0.908151,16214
23,18,11209,raspi4,ImageNet16-120,33.266666,1.580655,0.908151,16214
23,18,4988,raspi4,ImageNet16-120,28.933332,1.003251,0.908151,16214
23,18,41,raspi4,ImageNet16-120,32.388890,1.528043,0.908151,16214
23,18,3431,raspi4,ImageNet16-120,32.966667,1.536690,0.908151,16214
23,18,11584,raspi4,ImageNet16-120,46.666668,8.014434,0.908151,16214
23,18,2018,raspi4,ImageNet16-120,46.433334,7.482383,0.908151,16214
23,18,1939,raspi4,ImageNet16-120,45.077778,5.341908,0.908151,16214
23,18,4829,raspi4,ImageNet16-120,34.200000,1.614683,0.908151,16214
23,18,12424,raspi4,ImageNet16-120,43.133330,3.805729,0.908151,16214
23,18,2779,raspi4,ImageNet16-120,37.355556,2.190654,0.908151,16214
23,18,1413,raspi4,ImageNet16-120,42.711113,3.788479,0.908151,16214
23,18,5530,raspi4,ImageNet16-120,42.577778,3.785925,0.908151,16214
23,18,15363,raspi4,ImageNet16-120,44.333332,4.480516,0.908151,16214
23,18,7551,raspi4,ImageNet16-120,38.477780,2.950436,0.908151,16214
23,18,3960,raspi4,ImageNet16-120,37.755554,2.197980,0.908151,16214
23,18,3782,raspi4,ImageNet16-120,41.866665,3.755286,0.908151,16214
23,18,14792,raspi4,ImageNet16-120,43.033333,3.792447,0.908151,16214
23,18,3687,raspi4,ImageNet16-120,34.066666,1.583497,0.908151,16214
23,18,10835,raspi4,ImageNet16-120,45.233334,6.632419,0.908151,16214
23,18,10217,raspi4,ImageNet16-120,45.100000,6.109362,0.908151,16214
23,18,15383,raspi4,ImageNet16-120,47.033333,8.565354,0.908151,16214
23,18,9496,raspi4,ImageNet16-120,38.200000,2.204048,0.908151,16214
23,18,4995,raspi4,ImageNet16-120,42.166668,3.766336,0.908151,16214
23,18,6519,raspi4,ImageNet16-120,40.183334,3.212652,0.908151,16214
23,18,2112,raspi4,ImageNet16-120,38.355556,2.925188,0.908151,16214
23,18,219,raspi4,ImageNet16-120,42.500000,3.768475,0.908151,16214
23,18,5973,raspi4,ImageNet16-120,40.100000,3.159922,0.908151,16214
23,18,933,raspi4,ImageNet16-120,0.833333,0.011514,0.908151,16214
23,18,6336,raspi4,ImageNet16-120,39.366665,3.073392,0.908151,16214
23,18,9032,raspi4,ImageNet16-120,38.016666,2.201532,0.908151,16214
23,18,14417,raspi4,ImageNet16-120,45.900000,6.948865,0.908151,16214
23,18,6854,raspi4,ImageNet16-120,40.800000,3.661016,0.908151,16214
23,18,7187,raspi4,ImageNet16-120,28.683332,0.952790,0.908151,16214
23,18,10797,raspi4,ImageNet16-120,28.033333,0.946706,0.908151,16214
23,18,12505,raspi4,ImageNet16-120,39.283333,3.062432,0.908151,16214
23,18,8884,raspi4,ImageNet16-120,45.033333,5.293177,0.908151,16214
23,18,6868,raspi4,ImageNet16-120,39.000000,2.982937,0.908151,16214
23,18,8426,raspi4,ImageNet16-120,44.633335,5.288439,0.908151,16214
23,18,13284,raspi4,ImageNet16-120,40.177776,3.191073,0.908151,16214
23,18,13644,raspi4,ImageNet16-120,45.333332,6.780282,0.908151,16214
23,18,13931,raspi4,ImageNet16-120,28.788889,0.956195,0.908151,16214
23,18,9380,raspi4,ImageNet16-120,32.533333,1.535316,0.908151,16214
24,1,14090,edgegpu,cifar10,92.086670,1.749086,0.629890,16267
24,1,14407,edgegpu,cifar10,86.770000,1.440282,0.629890,16267
24,1,5292,edgegpu,cifar10,94.293335,6.663151,0.629890,16267
24,1,13401,edgegpu,cifar10,87.010000,1.457009,0.629890,16267
24,1,6499,edgegpu,cifar10,93.645000,3.331041,0.629890,16267
24,1,14527,edgegpu,cifar10,86.765000,1.439619,0.629890,16267
24,1,10484,edgegpu,cifar10,93.810000,3.354015,0.629890,16267
24,1,11810,edgegpu,cifar10,92.780000,1.992798,0.629890,16267
24,1,11692,edgegpu,cifar10,94.130000,4.708362,0.629890,16267
24,1,13714,edgegpu,cifar10,94.373340,6.772180,0.629890,16267
24,1,258,edgegpu,cifar10,93.640000,3.307109,0.629890,16267
24,1,1459,edgegpu,cifar10,94.296670,6.748991,0.629890,16267
24,1,2053,edgegpu,cifar10,94.206665,5.482254,0.629890,16267
24,1,6330,edgegpu,cifar10,94.006670,4.384699,0.629890,16267
24,1,1339,edgegpu,cifar10,92.136665,1.751881,0.629890,16267
24,1,6960,edgegpu,cifar10,92.280000,1.764450,0.629890,16267
24,1,11438,edgegpu,cifar10,92.500000,1.846719,0.629890,16267
24,1,561,edgegpu,cifar10,86.880000,1.451068,0.629890,16267
24,1,2090,edgegpu,cifar10,86.650000,1.437702,0.629890,16267
24,1,5400,edgegpu,cifar10,86.630000,1.427460,0.629890,16267
24,1,15200,edgegpu,cifar10,10.000000,0.501385,0.629890,16267
24,1,4803,edgegpu,cifar10,88.746666,1.748652,0.629890,16267
24,1,2776,edgegpu,cifar10,93.666664,3.331194,0.629890,16267
24,1,5780,edgegpu,cifar10,93.980000,3.361888,0.629890,16267
24,2,13611,edgetpu,cifar10,92.490000,0.481826,0.659756,16278
24,2,2053,edgetpu,cifar10,94.206665,1.042178,0.659756,16278
24,2,15000,edgetpu,cifar10,92.400000,0.481741,0.659756,16278
24,2,8192,edgetpu,cifar10,93.093330,0.627745,0.659756,16278
24,2,6382,edgetpu,cifar10,93.376660,0.628638,0.659756,16278
24,2,13714,edgetpu,cifar10,94.373340,1.377865,0.659756,16278
24,2,11692,edgetpu,cifar10,94.130000,0.761100,0.659756,16278
24,2,9950,edgetpu,cifar10,93.840000,0.723767,0.659756,16278
24,2,10683,edgetpu,cifar10,92.330000,0.481277,0.659756,16278
24,2,12607,edgetpu,cifar10,89.180000,0.391577,0.659756,16278
24,2,797,edgetpu,cifar10,93.280000,0.627996,0.659756,16278
24,2,10167,edgetpu,cifar10,92.020000,0.481180,0.659756,16278
24,2,6918,edgetpu,cifar10,87.000000,0.375819,0.659756,16278
24,2,1005,edgetpu,cifar10,89.183334,0.392518,0.659756,16278
24,2,3927,edgetpu,cifar10,93.626660,0.723268,0.659756,16278
24,2,5111,edgetpu,cifar10,94.306660,1.152010,0.659756,16278
24,2,6515,edgetpu,cifar10,93.616670,0.722858,0.659756,16278
24,2,11438,edgetpu,cifar10,92.500000,0.482393,0.659756,16278
24,2,8008,edgetpu,cifar10,93.480000,0.629746,0.659756,16278
24,2,2485,edgetpu,cifar10,86.700000,0.346546,0.659756,16278
24,2,3487,edgetpu,cifar10,93.293335,0.628484,0.659756,16278
24,2,10815,edgetpu,cifar10,88.970000,0.389885,0.659756,16278
24,2,2328,edgetpu,cifar10,89.210000,0.392618,0.659756,16278
24,2,5780,edgetpu,cifar10,93.980000,0.723967,0.659756,16278
24,2,13320,edgetpu,cifar10,89.330000,0.396446,0.659756,16278
24,2,5224,edgetpu,cifar10,88.980000,0.389900,0.659756,16278
24,2,6407,edgetpu,cifar10,88.933334,0.389381,0.659756,16278
24,2,7017,edgetpu,cifar10,86.970000,0.353089,0.659756,16278
24,3,6111,eyeriss,cifar10,94.373340,7.823540,0.513403,16554
24,3,10412,eyeriss,cifar10,93.530000,3.645620,0.513403,16554
24,3,3731,eyeriss,cifar10,94.343330,6.594740,0.513403,16554
24,3,8592,eyeriss,cifar10,93.750000,3.891380,0.513403,16554
24,3,15000,eyeriss,cifar10,92.400000,3.154100,0.513403,16554
24,3,5111,eyeriss,cifar10,94.306660,5.365940,0.513403,16554
24,3,13714,eyeriss,cifar10,94.373340,7.823540,0.513403,16554
24,3,6584,eyeriss,cifar10,94.160000,4.874420,0.513403,16554
24,3,6899,eyeriss,cifar10,90.900000,2.416820,0.513403,16554
24,3,6854,eyeriss,cifar10,91.040000,2.662580,0.513403,16554
24,3,11472,eyeriss,cifar10,93.970000,4.628660,0.513403,16554
24,3,8323,eyeriss,cifar10,90.870000,2.171060,0.513403,16554
24,3,8008,eyeriss,cifar10,93.480000,3.399860,0.513403,16554
24,3,4384,eyeriss,cifar10,86.796670,1.679540,0.513403,16554
24,3,12438,eyeriss,cifar10,89.875000,1.925300,0.513403,16554
24,4,11472,fpga,cifar10,93.970000,3.648160,0.490285,16296
24,4,11692,fpga,cifar10,94.130000,4.163360,0.490285,16296
24,4,3731,fpga,cifar10,94.343330,5.936160,0.490285,16296
24,4,13987,fpga,cifar10,93.596664,3.420960,0.490285,16296
24,4,5111,fpga,cifar10,94.306660,5.193760,0.490285,16296
24,4,6111,fpga,cifar10,94.373340,6.678560,0.490285,16296
24,4,4384,fpga,cifar10,86.796670,1.132960,0.490285,16296
24,4,13611,fpga,cifar10,92.490000,2.390560,0.490285,16296
24,4,8008,fpga,cifar10,93.480000,2.905760,0.490285,16296
24,4,8323,fpga,cifar10,90.870000,2.163360,0.490285,16296
24,4,11525,fpga,cifar10,90.000000,2.057760,0.490285,16296
24,4,8720,fpga,cifar10,89.875000,1.648160,0.490285,16296
24,4,13714,fpga,cifar10,94.373340,6.678560,0.490285,16296
24,4,12438,fpga,cifar10,89.875000,1.648160,0.490285,16296
24,5,9032,pixel3,cifar10,90.740000,3.102890,0.781849,16245
24,5,6382,pixel3,cifar10,93.376660,7.048190,0.781849,16245
24,5,1941,pixel3,cifar10,93.533330,9.128690,0.781849,16245
24,5,4627,pixel3,cifar10,93.270000,7.036050,0.781849,16245
24,5,11692,pixel3,cifar10,94.130000,15.490100,0.781849,16245
24,5,8592,pixel3,cifar10,93.750000,10.769800,0.781849,16245
24,5,13987,pixel3,cifar10,93.596664,9.922680,0.781849,16245
24,5,1943,pixel3,cifar10,93.116670,6.492030,0.781849,16245
24,5,6330,pixel3,cifar10,94.006670,11.512400,0.781849,16245
24,5,6111,pixel3,cifar10,94.373340,23.584800,0.781849,16245
24,5,7001,pixel3,cifar10,10.000000,0.003277,0.781849,16245
24,5,3731,pixel3,cifar10,94.343330,23.361300,0.781849,16245
24,5,6358,pixel3,cifar10,92.136665,6.066150,0.781849,16245
24,5,5111,pixel3,cifar10,94.306660,17.584600,0.781849,16245
24,5,13171,pixel3,cifar10,93.530000,7.717220,0.781849,16245
24,5,6985,pixel3,cifar10,89.940000,2.367450,0.781849,16245
24,5,1416,pixel3,cifar10,89.546670,1.691430,0.781849,16245
24,5,12820,pixel3,cifar10,90.880000,3.982790,0.781849,16245
24,5,6434,pixel3,cifar10,91.080000,4.811140,0.781849,16245
24,5,4432,pixel3,cifar10,90.700000,2.826310,0.781849,16245
24,5,8695,pixel3,cifar10,94.220000,17.564500,0.781849,16245
24,5,8708,pixel3,cifar10,94.080000,12.839000,0.781849,16245
24,5,12452,pixel3,cifar10,91.350000,5.590110,0.781849,16245
24,5,6854,pixel3,cifar10,91.040000,4.514220,0.781849,16245
24,5,1804,pixel3,cifar10,89.063330,1.579900,0.781849,16245
24,5,78,pixel3,cifar10,91.933334,5.807870,0.781849,16245
24,5,4731,pixel3,cifar10,90.360000,2.573470,0.781849,16245
24,5,7017,pixel3,cifar10,86.970000,1.403930,0.781849,16245
24,5,1497,pixel3,cifar10,86.556660,1.056630,0.781849,16245
24,5,6918,pixel3,cifar10,87.000000,1.478790,0.781849,16245
24,5,8323,pixel3,cifar10,90.870000,3.106420,0.781849,16245
24,5,1781,pixel3,cifar10,89.883330,1.712020,0.781849,16245
24,5,2779,pixel3,cifar10,90.806660,3.102950,0.781849,16245
24,5,4398,pixel3,cifar10,92.073330,5.828150,0.781849,16245
24,5,55,pixel3,cifar10,86.756670,1.057440,0.781849,16245
24,6,11533,raspi4,cifar10,93.420000,21.715693,0.735619,16118
24,6,6868,raspi4,cifar10,90.880000,10.226877,0.735619,16118
24,6,6918,raspi4,cifar10,87.000000,2.787590,0.735619,16118
24,6,1099,raspi4,cifar10,92.240000,18.358124,0.735619,16118
24,6,1962,raspi4,cifar10,86.530000,2.529453,0.735619,16118
24,6,6382,raspi4,cifar10,93.376660,21.461164,0.735619,16118
24,6,5111,raspi4,cifar10,94.306660,41.756905,0.735619,16118
24,6,3731,raspi4,cifar10,94.343330,58.070793,0.735619,16118
24,6,8592,raspi4,cifar10,93.750000,25.477009,0.735619,16118
24,6,8008,raspi4,cifar10,93.480000,22.571420,0.735619,16118
24,6,2035,raspi4,cifar10,89.670000,4.984099,0.735619,16118
24,6,2058,raspi4,cifar10,93.270000,19.484835,0.735619,16118
24,6,6953,raspi4,cifar10,91.990000,15.601654,0.735619,16118
24,6,11692,raspi4,cifar10,94.130000,37.583630,0.735619,16118
24,6,6111,raspi4,cifar10,94.373340,68.404106,0.735619,16118
24,6,5780,raspi4,cifar10,93.980000,34.928463,0.735619,16118
24,6,14565,raspi4,cifar10,88.880000,4.781183,0.735619,16118
24,6,11810,raspi4,cifar10,92.780000,18.619905,0.735619,16118
24,6,3073,raspi4,cifar10,88.980000,4.813324,0.735619,16118
24,6,13846,raspi4,cifar10,90.720000,7.176163,0.735619,16118
24,6,8426,raspi4,cifar10,93.840000,31.394428,0.735619,16118
24,6,9980,raspi4,cifar10,10.000000,0.011284,0.735619,16118
24,6,12970,raspi4,cifar10,90.970000,11.904152,0.735619,16118
24,6,8323,raspi4,cifar10,90.870000,7.426308,0.735619,16118
24,6,14677,raspi4,cifar10,88.670000,4.755260,0.735619,16118
24,6,1690,raspi4,cifar10,86.646670,2.536549,0.735619,16118
24,6,7058,raspi4,cifar10,92.040000,16.469465,0.735619,16118
24,6,6985,raspi4,cifar10,89.940000,4.995646,0.735619,16118
24,6,11972,raspi4,cifar10,91.510000,12.403558,0.735619,16118
24,6,2937,raspi4,cifar10,92.190000,17.768639,0.735619,16118
24,6,12505,raspi4,cifar10,92.150000,16.747276,0.735619,16118
24,6,10412,raspi4,cifar10,93.530000,25.079220,0.735619,16118
24,6,7017,raspi4,cifar10,86.970000,2.544041,0.735619,16118
24,6,13320,raspi4,cifar10,89.330000,4.889096,0.735619,16118
24,6,1941,raspi4,cifar10,93.533330,25.121769,0.735619,16118
24,7,1425,edgegpu,cifar100,72.093330,5.310225,0.640683,16117
24,7,2304,edgegpu,cifar100,58.660000,1.440253,0.640683,16117
24,7,9930,edgegpu,cifar100,73.513336,6.803060,0.640683,16117
24,7,9922,edgegpu,cifar100,58.560000,1.428552,0.640683,16117
24,7,4418,edgegpu,cifar100,72.746666,5.352364,0.640683,16117
24,7,4954,edgegpu,cifar100,73.000000,6.669736,0.640683,16117
24,7,12415,edgegpu,cifar100,71.940000,4.828467,0.640683,16117
24,7,2778,edgegpu,cifar100,72.993330,6.134028,0.640683,16117
24,7,8401,edgegpu,cifar100,71.080000,3.302102,0.640683,16117
24,7,3888,edgegpu,cifar100,73.260000,6.797867,0.640683,16117
24,7,1509,edgegpu,cifar100,1.000000,0.505853,0.640683,16117
24,7,11885,edgegpu,cifar100,68.040000,1.776652,0.640683,16117
24,7,11067,edgegpu,cifar100,58.186670,1.427836,0.640683,16117
24,7,14677,edgegpu,cifar100,62.420000,1.746187,0.640683,16117
24,7,11810,edgegpu,cifar100,68.300000,1.779551,0.640683,16117
24,7,9997,edgegpu,cifar100,71.520000,3.466139,0.640683,16117
24,7,8912,edgegpu,cifar100,59.200000,1.441355,0.640683,16117
24,7,1038,edgegpu,cifar100,67.500000,1.758428,0.640683,16117
24,8,7760,edgetpu,cifar100,67.800000,0.489248,0.697116,16005
24,8,10596,edgetpu,cifar100,67.633330,0.488672,0.697116,16005
24,8,9997,edgetpu,cifar100,71.520000,0.729986,0.697116,16005
24,8,5019,edgetpu,cifar100,58.880000,0.357058,0.697116,16005
24,8,2648,edgetpu,cifar100,69.680000,0.635425,0.697116,16005
24,8,9930,edgetpu,cifar100,73.513336,1.454107,0.697116,16005
24,8,8401,edgetpu,cifar100,71.080000,0.728572,0.697116,16005
24,8,1425,edgetpu,cifar100,72.093330,0.910660,0.697116,16005
24,8,14945,edgetpu,cifar100,58.500000,0.354940,0.697116,16005
24,8,12113,edgetpu,cifar100,67.480000,0.487574,0.697116,16005
24,8,857,edgetpu,cifar100,72.880000,1.264168,0.697116,16005
24,8,2705,edgetpu,cifar100,62.813330,0.393026,0.697116,16005
24,8,1110,edgetpu,cifar100,58.840000,0.355938,0.697116,16005
24,8,4418,edgetpu,cifar100,72.746666,1.093699,0.697116,16005
24,8,12574,edgetpu,cifar100,72.740000,0.932430,0.697116,16005
24,8,4627,edgetpu,cifar100,69.600000,0.635153,0.697116,16005
24,8,8638,edgetpu,cifar100,58.860000,0.356631,0.697116,16005
24,8,13829,edgetpu,cifar100,66.873340,0.485137,0.697116,16005
24,8,11219,edgetpu,cifar100,67.200000,0.486929,0.697116,16005
24,8,431,edgetpu,cifar100,67.626660,0.488557,0.697116,16005
24,8,12415,edgetpu,cifar100,71.940000,0.872299,0.697116,16005
24,8,4155,edgetpu,cifar100,62.306667,0.391442,0.697116,16005
24,8,777,edgetpu,cifar100,58.650000,0.355588,0.697116,16005
24,8,11810,edgetpu,cifar100,68.300000,0.492126,0.697116,16005
24,8,12761,edgetpu,cifar100,72.860000,1.225212,0.697116,16005
24,8,3888,edgetpu,cifar100,73.260000,1.316226,0.697116,16005
24,8,11885,edgetpu,cifar100,68.040000,0.489665,0.697116,16005
24,8,9271,edgetpu,cifar100,63.400000,0.393151,0.697116,16005
24,8,3303,edgetpu,cifar100,62.420000,0.392593,0.697116,16005
24,8,14300,edgetpu,cifar100,67.300000,0.487450,0.697116,16005
24,8,898,edgetpu,cifar100,70.000000,0.636860,0.697116,16005
24,8,11112,edgetpu,cifar100,66.893330,0.486713,0.697116,16005
24,8,10000,edgetpu,cifar100,73.160000,1.283461,0.697116,16005
24,8,11533,edgetpu,cifar100,69.760000,0.635877,0.697116,16005
24,8,69,edgetpu,cifar100,71.020000,0.727259,0.697116,16005
24,8,797,edgetpu,cifar100,69.580000,0.633351,0.697116,16005
24,8,15363,edgetpu,cifar100,70.520000,0.676394,0.697116,16005
24,9,14714,eyeriss,cifar100,71.280000,4.140160,0.496394,16428
24,9,10689,eyeriss,cifar100,67.500000,2.174080,0.496394,16428
24,9,14112,eyeriss,cifar100,68.386665,2.911360,0.496394,16428
24,9,6925,eyeriss,cifar100,71.220000,3.894400,0.496394,16428
24,9,12820,eyeriss,cifar100,67.720000,2.419840,0.496394,16428
24,9,9930,eyeriss,cifar100,73.513336,9.055360,0.496394,16428
24,9,3888,eyeriss,cifar100,73.260000,6.597760,0.496394,16428
24,9,12761,eyeriss,cifar100,72.860000,6.352000,0.496394,16428
24,9,11301,eyeriss,cifar100,68.220000,2.665600,0.496394,16428
24,9,4659,eyeriss,cifar100,70.060000,3.402880,0.496394,16428
24,9,6787,eyeriss,cifar100,70.720000,3.648640,0.496394,16428
24,9,5651,eyeriss,cifar100,64.690000,1.928320,0.496394,16428
24,9,12574,eyeriss,cifar100,72.740000,5.123200,0.496394,16428
24,9,3540,eyeriss,cifar100,71.500000,4.877440,0.496394,16428
24,9,5084,eyeriss,cifar100,58.813330,1.682560,0.496394,16428
24,10,15033,fpga,cifar100,67.793335,2.390560,0.511038,16204
24,10,11000,fpga,cifar100,71.180000,3.936160,0.511038,16204
24,10,12295,fpga,cifar100,71.160000,3.648160,0.511038,16204
24,10,9930,fpga,cifar100,73.513336,7.420960,0.511038,16204
24,10,9997,fpga,cifar100,71.520000,4.572960,0.511038,16204
24,10,3888,fpga,cifar100,73.260000,5.936160,0.511038,16204
24,10,12761,fpga,cifar100,72.860000,5.420960,0.511038,16204
24,10,10689,fpga,cifar100,67.500000,2.163360,0.511038,16204
24,10,5033,fpga,cifar100,59.060000,1.542560,0.511038,16204
24,10,11973,fpga,cifar100,70.340000,2.905760,0.511038,16204
24,10,3540,fpga,cifar100,71.500000,4.163360,0.511038,16204
24,10,12574,fpga,cifar100,72.740000,4.678560,0.511038,16204
24,10,5084,fpga,cifar100,58.813330,1.132960,0.511038,16204
24,10,3687,fpga,cifar100,64.460000,1.648160,0.511038,16204
24,10,6787,fpga,cifar100,70.720000,3.420960,0.511038,16204
24,10,4249,fpga,cifar100,65.080000,2.057760,0.511038,16204
24,11,1416,pixel3,cifar100,64.493330,2.084060,0.680307,16156
24,11,1090,pixel3,cifar100,65.220000,2.811310,0.680307,16156
24,11,1593,pixel3,cifar100,62.126667,1.582050,0.680307,16156
24,11,11000,pixel3,cifar100,71.180000,10.677600,0.680307,16156
24,11,6337,pixel3,cifar100,1.000000,0.008753,0.680307,16156
24,11,1450,pixel3,cifar100,70.506670,9.337360,0.680307,16156
24,11,699,pixel3,cifar100,72.240000,12.079400,0.680307,16156
24,11,3888,pixel3,cifar100,73.260000,23.477200,0.680307,16156
24,11,8638,pixel3,cifar100,58.860000,1.478570,0.680307,16156
24,11,1459,pixel3,cifar100,73.140000,23.437900,0.680307,16156
24,11,12970,pixel3,cifar100,68.140000,4.782110,0.680307,16156
24,11,1409,pixel3,cifar100,58.853333,1.275090,0.680307,16156
24,11,6925,pixel3,cifar100,71.220000,10.688000,0.680307,16156
24,11,857,pixel3,cifar100,72.880000,19.113200,0.680307,16156
24,11,8912,pixel3,cifar100,59.200000,1.478790,0.680307,16156
24,11,14112,pixel3,cifar100,68.386665,5.745320,0.680307,16156
24,11,1357,pixel3,cifar100,67.480000,3.998260,0.680307,16156
24,11,6787,pixel3,cifar100,70.720000,9.854430,0.680307,16156
24,11,9649,pixel3,cifar100,64.540000,2.536210,0.680307,16156
24,11,15363,pixel3,cifar100,70.520000,9.708640,0.680307,16156
24,11,4659,pixel3,cifar100,70.060000,9.026280,0.680307,16156
24,11,1631,pixel3,cifar100,63.986668,1.805000,0.680307,16156
24,11,724,pixel3,cifar100,67.053340,2.875650,0.680307,16156
24,11,898,pixel3,cifar100,70.000000,6.516140,0.680307,16156
24,11,777,pixel3,cifar100,58.650000,1.087020,0.680307,16156
24,11,9930,pixel3,cifar100,73.513336,42.003600,0.680307,16156
24,11,6899,pixel3,cifar100,67.080000,3.983530,0.680307,16156
24,11,485,pixel3,cifar100,67.593330,4.124800,0.680307,16156
24,11,12574,pixel3,cifar100,72.740000,16.473900,0.680307,16156
24,12,1357,raspi4,cifar100,67.480000,10.177114,0.768049,16256
24,12,8853,raspi4,cifar100,71.220000,31.380384,0.768049,16256
24,12,1943,raspi4,cifar100,69.626660,21.212284,0.768049,16256
24,12,4409,raspi4,cifar100,67.173330,7.228629,0.768049,16256
24,12,13113,raspi4,cifar100,63.140000,4.941205,0.768049,16256
24,12,9380,raspi4,cifar100,62.680000,4.821364,0.768049,16256
24,12,15589,raspi4,cifar100,59.060000,2.795078,0.768049,16256
24,12,10042,raspi4,cifar100,64.880000,5.100886,0.768049,16256
24,12,10222,raspi4,cifar100,58.860000,2.747804,0.768049,16256
24,12,14253,raspi4,cifar100,70.860000,25.077555,0.768049,16256
24,12,8768,raspi4,cifar100,71.120000,25.648617,0.768049,16256
24,12,12915,raspi4,cifar100,66.950000,7.226311,0.768049,16256
24,12,6787,raspi4,cifar100,70.720000,23.081835,0.768049,16256
24,12,13430,raspi4,cifar100,66.700000,7.203785,0.768049,16256
24,12,14112,raspi4,cifar100,68.386665,14.423308,0.768049,16256
24,12,3888,raspi4,cifar100,73.260000,55.029520,0.768049,16256
24,12,8740,raspi4,cifar100,1.000000,0.015215,0.768049,16256
24,12,15363,raspi4,cifar100,70.520000,21.809430,0.768049,16256
24,12,2058,raspi4,cifar100,69.613335,20.052132,0.768049,16256
24,12,8912,raspi4,cifar100,59.200000,2.818969,0.768049,16256
24,12,9895,raspi4,cifar100,69.400000,19.211880,0.768049,16256
24,12,898,raspi4,cifar100,70.000000,21.506163,0.768049,16256
24,12,14612,raspi4,cifar100,58.720000,2.563505,0.768049,16256
24,12,9930,raspi4,cifar100,73.513336,71.152000,0.768049,16256
24,12,2222,raspi4,cifar100,58.313330,2.538255,0.768049,16256
24,12,6822,raspi4,cifar100,58.426666,2.558594,0.768049,16256
24,12,1459,raspi4,cifar100,73.140000,53.879950,0.768049,16256
24,12,6918,raspi4,cifar100,58.800000,2.571364,0.768049,16256
24,12,2035,raspi4,cifar100,63.926666,5.005698,0.768049,16256
24,12,9997,raspi4,cifar100,71.520000,34.996710,0.768049,16256
24,12,4418,raspi4,cifar100,72.746666,47.162354,0.768049,16256
24,12,12761,raspi4,cifar100,72.860000,53.718200,0.768049,16256
24,12,6830,raspi4,cifar100,71.460000,34.491814,0.768049,16256
24,12,6177,raspi4,cifar100,62.373333,4.795128,0.768049,16256
24,12,375,raspi4,cifar100,64.440000,5.099302,0.768049,16256
24,12,9926,raspi4,cifar100,63.520000,4.999532,0.768049,16256
24,12,7030,raspi4,cifar100,69.600000,19.218203,0.768049,16256
24,12,11533,raspi4,cifar100,69.760000,21.446177,0.768049,16256
24,12,11000,raspi4,cifar100,71.180000,26.077381,0.768049,16256
24,12,12574,raspi4,cifar100,72.740000,36.371254,0.768049,16256
24,12,3408,raspi4,cifar100,63.993332,5.081906,0.768049,16256
24,13,1164,edgegpu,ImageNet16-120,28.522223,1.435223,0.699112,16347
24,13,8426,edgegpu,ImageNet16-120,44.633335,3.370147,0.699112,16347
24,13,5751,edgegpu,ImageNet16-120,40.044445,2.434626,0.699112,16347
24,13,4587,edgegpu,ImageNet16-120,28.800000,1.445131,0.699112,16347
24,13,7760,edgegpu,ImageNet16-120,39.100000,1.743751,0.699112,16347
24,13,10947,edgegpu,ImageNet16-120,39.944443,1.909800,0.699112,16347
24,13,14612,edgegpu,ImageNet16-120,28.488890,1.434064,0.699112,16347
24,13,10835,edgegpu,ImageNet16-120,45.233334,4.434366,0.699112,16347
24,13,8884,edgegpu,ImageNet16-120,45.033333,3.499999,0.699112,16347
24,13,8401,edgegpu,ImageNet16-120,43.833332,3.322444,0.699112,16347
24,13,12081,edgegpu,ImageNet16-120,40.233334,2.730479,0.699112,16347
24,13,4946,edgegpu,ImageNet16-120,44.700000,3.490419,0.699112,16347
24,13,5374,edgegpu,ImageNet16-120,46.766666,5.294285,0.699112,16347
24,13,11217,edgegpu,ImageNet16-120,43.466667,3.316708,0.699112,16347
24,13,857,edgegpu,ImageNet16-120,47.311110,6.707663,0.699112,16347
24,13,9722,edgegpu,ImageNet16-120,44.000000,3.327813,0.699112,16347
24,13,12415,edgegpu,ImageNet16-120,46.566666,4.667692,0.699112,16347
24,13,15159,edgegpu,ImageNet16-120,45.566666,4.632421,0.699112,16347
24,13,4332,edgegpu,ImageNet16-120,39.444443,1.745496,0.699112,16347
24,13,2650,edgegpu,ImageNet16-120,42.433334,3.309817,0.699112,16347
24,13,4160,edgegpu,ImageNet16-120,39.833332,1.756272,0.699112,16347
24,13,15383,edgegpu,ImageNet16-120,47.033333,6.262836,0.699112,16347
24,13,15288,edgegpu,ImageNet16-120,28.422222,1.417041,0.699112,16347
24,13,15376,edgegpu,ImageNet16-120,0.833333,0.533953,0.699112,16347
24,13,6950,edgegpu,ImageNet16-120,38.700000,1.740150,0.699112,16347
24,13,14117,edgegpu,ImageNet16-120,28.677778,1.435547,0.699112,16347
24,13,4988,edgegpu,ImageNet16-120,28.933332,1.448212,0.699112,16347
24,13,8733,edgegpu,ImageNet16-120,46.600000,5.249434,0.699112,16347
24,14,10750,edgetpu,ImageNet16-120,44.600000,0.615553,0.601537,16054
24,14,10332,edgetpu,ImageNet16-120,40.033333,0.516152,0.601537,16054
24,14,9689,edgetpu,ImageNet16-120,42.533333,0.549702,0.601537,16054
24,14,4627,edgetpu,ImageNet16-120,43.500000,0.552306,0.601537,16054
24,14,5302,edgetpu,ImageNet16-120,38.833332,0.427711,0.601537,16054
24,14,7750,edgetpu,ImageNet16-120,43.066666,0.551617,0.601537,16054
24,14,857,edgetpu,ImageNet16-120,47.311110,0.997730,0.601537,16054
24,14,3540,edgetpu,ImageNet16-120,45.122223,0.648670,0.601537,16054
24,14,15014,edgetpu,ImageNet16-120,28.266666,0.358110,0.601537,16054
24,14,13931,edgetpu,ImageNet16-120,28.788889,0.360349,0.601537,16054
24,14,12415,edgetpu,ImageNet16-120,46.566666,0.710906,0.601537,16054
24,14,4988,edgetpu,ImageNet16-120,28.933332,0.360694,0.601537,16054
24,14,5674,edgetpu,ImageNet16-120,39.650000,0.428605,0.601537,16054
24,14,7273,edgetpu,ImageNet16-120,42.966667,0.550014,0.601537,16054
24,14,15363,edgetpu,ImageNet16-120,44.333332,0.582280,0.601537,16054
24,14,8884,edgetpu,ImageNet16-120,45.033333,0.615792,0.601537,16054
24,14,14677,edgetpu,ImageNet16-120,33.233334,0.364575,0.601537,16054
24,14,4830,edgetpu,ImageNet16-120,42.233334,0.549457,0.601537,16054
24,14,8355,edgetpu,ImageNet16-120,39.666668,0.431866,0.601537,16054
24,14,6407,edgetpu,ImageNet16-120,32.333332,0.363748,0.601537,16054
24,14,5751,edgetpu,ImageNet16-120,40.044445,0.516992,0.601537,16054
24,14,15383,edgetpu,ImageNet16-120,47.033333,0.780914,0.601537,16054
24,14,11079,edgetpu,ImageNet16-120,43.566666,0.552430,0.601537,16054
24,14,70,edgetpu,ImageNet16-120,39.377777,0.428228,0.601537,16054
24,14,1172,edgetpu,ImageNet16-120,39.933334,0.515935,0.601537,16054
24,14,12231,edgetpu,ImageNet16-120,40.200000,0.518358,0.601537,16054
24,14,1973,edgetpu,ImageNet16-120,38.855556,0.427802,0.601537,16054
24,14,5530,edgetpu,ImageNet16-120,42.577778,0.549937,0.601537,16054
24,14,13769,edgetpu,ImageNet16-120,41.555557,0.549360,0.601537,16054
24,14,14840,edgetpu,ImageNet16-120,45.311110,0.666690,0.601537,16054
24,14,7837,edgetpu,ImageNet16-120,32.111110,0.363571,0.601537,16054
24,14,5724,edgetpu,ImageNet16-120,28.366667,0.359987,0.601537,16054
24,14,7396,edgetpu,ImageNet16-120,40.177776,0.517218,0.601537,16054
24,15,735,eyeriss,ImageNet16-120,38.544445,0.607360,0.474539,16456
24,15,6854,eyeriss,ImageNet16-120,40.800000,0.668800,0.474539,16456
24,15,6787,eyeriss,ImageNet16-120,44.400000,0.914560,0.474539,16456
24,15,2835,eyeriss,ImageNet16-120,38.222220,0.545920,0.474539,16456
24,15,4988,eyeriss,ImageNet16-120,28.933332,0.423040,0.474539,16456
24,15,15383,eyeriss,ImageNet16-120,47.033333,1.283200,0.474539,16456
24,15,8008,eyeriss,ImageNet16-120,43.500000,0.853120,0.474539,16456
24,15,8853,eyeriss,ImageNet16-120,45.600000,1.037440,0.474539,16456
24,15,1939,eyeriss,ImageNet16-120,45.077778,0.976000,0.474539,16456
24,15,857,eyeriss,ImageNet16-120,47.311110,1.651840,0.474539,16456
24,15,4829,eyeriss,ImageNet16-120,34.200000,0.484480,0.474539,16456
24,15,14417,eyeriss,ImageNet16-120,45.900000,1.098880,0.474539,16456
24,16,9805,fpga,ImageNet16-120,34.133335,0.415520,0.515615,16242
24,16,11079,fpga,ImageNet16-120,43.566666,0.902400,0.515615,16242
24,16,15446,fpga,ImageNet16-120,45.766666,1.116320,0.515615,16242
24,16,4988,fpga,ImageNet16-120,28.933332,0.284320,0.515615,16242
24,16,14748,fpga,ImageNet16-120,44.900000,0.995200,0.515615,16242
24,16,15383,fpga,ImageNet16-120,47.033333,1.504000,0.515615,16242
24,16,6787,fpga,ImageNet16-120,44.400000,0.969600,0.515615,16242
24,16,1939,fpga,ImageNet16-120,45.077778,1.062400,0.515615,16242
24,16,8008,fpga,ImageNet16-120,43.500000,0.876800,0.515615,16242
24,16,857,fpga,ImageNet16-120,47.311110,2.038400,0.515615,16242
24,16,11161,fpga,ImageNet16-120,34.500000,0.517920,0.515615,16242
24,16,5487,fpga,ImageNet16-120,38.500000,0.677920,0.515615,16242
24,16,14417,fpga,ImageNet16-120,45.900000,1.276320,0.515615,16242
24,16,6854,fpga,ImageNet16-120,40.800000,0.809120,0.515615,16242
24,16,6519,fpga,ImageNet16-120,40.183334,0.784000,0.515615,16242
24,16,2835,fpga,ImageNet16-120,38.222220,0.546720,0.515615,16242
24,16,8633,fpga,ImageNet16-120,39.766666,0.780320,0.515615,16242
24,17,1147,pixel3,ImageNet16-120,33.733334,0.666281,0.813893,16188
24,17,857,pixel3,ImageNet16-120,47.311110,6.686850,0.813893,16188
24,17,12452,pixel3,ImageNet16-120,40.533333,1.504410,0.813893,16188
24,17,12355,pixel3,ImageNet16-120,45.033333,2.989390,0.813893,16188
24,17,10154,pixel3,ImageNet16-120,46.133335,4.783700,0.813893,16188
24,17,2018,pixel3,ImageNet16-120,46.433334,4.949210,0.813893,16188
24,17,6294,pixel3,ImageNet16-120,38.011112,0.869124,0.813893,16188
24,17,6854,pixel3,ImageNet16-120,40.800000,1.621620,0.813893,16188
24,17,4384,pixel3,ImageNet16-120,28.133333,0.421612,0.813893,16188
24,17,8853,pixel3,ImageNet16-120,45.600000,3.554540,0.813893,16188
24,17,1939,pixel3,ImageNet16-120,45.077778,3.021500,0.813893,16188
24,17,12639,pixel3,ImageNet16-120,40.400000,1.304440,0.813893,16188
24,17,4432,pixel3,ImageNet16-120,37.800000,0.861157,0.813893,16188
24,17,2063,pixel3,ImageNet16-120,32.333332,0.620029,0.813893,16188
24,17,1860,pixel3,ImageNet16-120,28.433332,0.422587,0.813893,16188
24,17,6014,pixel3,ImageNet16-120,28.533333,0.423391,0.813893,16188
24,17,9496,pixel3,ImageNet16-120,38.200000,1.024960,0.813893,16188
24,17,10868,pixel3,ImageNet16-120,32.266666,0.619124,0.813893,16188
24,17,1804,pixel3,ImageNet16-120,32.833332,0.620998,0.813893,16188
24,17,1110,pixel3,ImageNet16-120,28.600000,0.423927,0.813893,16188
24,17,7551,pixel3,ImageNet16-120,38.477780,1.266510,0.813893,16188
24,17,12424,pixel3,ImageNet16-120,43.133330,2.470150,0.813893,16188
24,17,15383,pixel3,ImageNet16-120,47.033333,5.191720,0.813893,16188
24,17,4988,pixel3,ImageNet16-120,28.933332,0.485996,0.813893,16188
24,17,12358,pixel3,ImageNet16-120,34.055557,0.666287,0.813893,16188
24,17,10340,pixel3,ImageNet16-120,31.522223,0.617772,0.813893,16188
24,17,25,pixel3,ImageNet16-120,28.300000,0.422510,0.813893,16188
24,17,12466,pixel3,ImageNet16-120,46.100000,4.680280,0.813893,16188
24,17,2672,pixel3,ImageNet16-120,43.633335,2.984100,0.813893,16188
24,17,10293,pixel3,ImageNet16-120,28.188889,0.422463,0.813893,16188
24,17,5008,pixel3,ImageNet16-120,32.566666,0.620674,0.813893,16188
24,17,11163,pixel3,ImageNet16-120,33.600000,0.665312,0.813893,16188
24,17,1549,pixel3,ImageNet16-120,28.655556,0.424747,0.813893,16188
24,17,4627,pixel3,ImageNet16-120,43.500000,2.479640,0.813893,16188
24,17,12516,pixel3,ImageNet16-120,32.083332,0.617816,0.813893,16188
24,17,12266,pixel3,ImageNet16-120,0.833333,0.005541,0.813893,16188
24,17,14417,pixel3,ImageNet16-120,45.900000,4.143030,0.813893,16188
24,17,872,pixel3,ImageNet16-120,41.777780,2.465030,0.813893,16188
24,17,1204,pixel3,ImageNet16-120,37.844444,0.864966,0.813893,16188
24,17,5576,pixel3,ImageNet16-120,43.600000,2.973320,0.813893,16188
24,17,13059,pixel3,ImageNet16-120,34.266666,0.668679,0.813893,16188
24,17,249,pixel3,ImageNet16-120,43.577778,2.720310,0.813893,16188
24,17,3728,pixel3,ImageNet16-120,28.500000,0.422880,0.813893,16188
24,18,10472,raspi4,ImageNet16-120,39.633335,3.079679,0.827434,16174
24,18,933,raspi4,ImageNet16-120,0.833333,0.011514,0.827434,16174
24,18,3960,raspi4,ImageNet16-120,37.755554,2.197980,0.827434,16174
24,18,10217,raspi4,ImageNet16-120,45.100000,6.109362,0.827434,16174
24,18,8426,raspi4,ImageNet16-120,44.633335,5.288439,0.827434,16174
24,18,5487,raspi4,ImageNet16-120,38.500000,3.019000,0.827434,16174
24,18,11079,raspi4,ImageNet16-120,43.566666,3.802027,0.827434,16174
24,18,3458,raspi4,ImageNet16-120,45.666668,7.428567,0.827434,16174
24,18,4988,raspi4,ImageNet16-120,28.933332,1.003251,0.827434,16174
24,18,11946,raspi4,ImageNet16-120,28.200000,0.940293,0.827434,16174
24,18,6336,raspi4,ImageNet16-120,39.366665,3.073392,0.827434,16174
24,18,5973,raspi4,ImageNet16-120,40.100000,3.159922,0.827434,16174
24,18,4675,raspi4,ImageNet16-120,33.100000,1.544321,0.827434,16174
24,18,3650,raspi4,ImageNet16-120,43.866665,4.475790,0.827434,16174
24,18,13931,raspi4,ImageNet16-120,28.788889,0.956195,0.827434,16174
24,18,8733,raspi4,ImageNet16-120,46.600000,7.477213,0.827434,16174
24,18,13284,raspi4,ImageNet16-120,40.177776,3.191073,0.827434,16174
24,18,8447,raspi4,ImageNet16-120,40.011112,3.156609,0.827434,16174
24,18,12505,raspi4,ImageNet16-120,39.283333,3.062432,0.827434,16174
24,18,380,raspi4,ImageNet16-120,38.900000,3.038936,0.827434,16174
24,18,15363,raspi4,ImageNet16-120,44.333332,4.480516,0.827434,16174
24,18,14750,raspi4,ImageNet16-120,32.933334,1.536700,0.827434,16174
24,18,5637,raspi4,ImageNet16-120,33.933334,1.580707,0.827434,16174
24,18,3687,raspi4,ImageNet16-120,34.066666,1.583497,0.827434,16174
24,18,7187,raspi4,ImageNet16-120,28.683332,0.952790,0.827434,16174
24,18,3782,raspi4,ImageNet16-120,41.866665,3.755286,0.827434,16174
24,18,10835,raspi4,ImageNet16-120,45.233334,6.632419,0.827434,16174
24,18,11584,raspi4,ImageNet16-120,46.666668,8.014434,0.827434,16174
24,18,9032,raspi4,ImageNet16-120,38.016666,2.201532,0.827434,16174
24,18,4995,raspi4,ImageNet16-120,42.166668,3.766336,0.827434,16174
24,18,6787,raspi4,ImageNet16-120,44.400000,4.532777,0.827434,16174
24,18,9496,raspi4,ImageNet16-120,38.200000,2.204048,0.827434,16174
24,18,2904,raspi4,ImageNet16-120,42.744446,3.799936,0.827434,16174
24,18,857,raspi4,ImageNet16-120,47.311110,9.020064,0.827434,16174
24,18,8853,raspi4,ImageNet16-120,45.600000,6.961605,0.827434,16174
24,18,7252,raspi4,ImageNet16-120,44.666668,5.322441,0.827434,16174
24,18,1939,raspi4,ImageNet16-120,45.077778,5.341908,0.827434,16174
24,18,1413,raspi4,ImageNet16-120,42.711113,3.788479,0.827434,16174
24,18,2779,raspi4,ImageNet16-120,37.355556,2.190654,0.827434,16174
24,18,12639,raspi4,ImageNet16-120,40.400000,3.628959,0.827434,16174
24,18,15383,raspi4,ImageNet16-120,47.033333,8.565354,0.827434,16174
24,18,2650,raspi4,ImageNet16-120,42.433334,3.788408,0.827434,16174
24,18,13771,raspi4,ImageNet16-120,32.744446,1.533813,0.827434,16174
24,18,13059,raspi4,ImageNet16-120,34.266666,1.595651,0.827434,16174
24,18,5202,raspi4,ImageNet16-120,42.411110,3.783078,0.827434,16174
24,18,7227,raspi4,ImageNet16-120,32.533333,1.530737,0.827434,16174
24,18,11209,raspi4,ImageNet16-120,33.266666,1.580655,0.827434,16174
24,18,1188,raspi4,ImageNet16-120,32.455555,1.526725,0.827434,16174
24,18,15107,raspi4,ImageNet16-120,39.800000,3.083329,0.827434,16174
24,18,13644,raspi4,ImageNet16-120,45.333332,6.780282,0.827434,16174
25,1,5292,edgegpu,cifar10,94.293335,6.663151,0.594488,16429
25,1,6499,edgegpu,cifar10,93.645000,3.331041,0.594488,16429
25,1,9099,edgegpu,cifar10,93.940000,3.357520,0.594488,16429
25,1,11692,edgegpu,cifar10,94.130000,4.708362,0.594488,16429
25,1,14407,edgegpu,cifar10,86.770000,1.440282,0.594488,16429
25,1,13401,edgegpu,cifar10,87.010000,1.457009,0.594488,16429
25,1,258,edgegpu,cifar10,93.640000,3.307109,0.594488,16429
25,1,11810,edgegpu,cifar10,92.780000,1.992798,0.594488,16429
25,1,13714,edgegpu,cifar10,94.373340,6.772180,0.594488,16429
25,1,2053,edgegpu,cifar10,94.206665,5.482254,0.594488,16429
25,1,14527,edgegpu,cifar10,86.765000,1.439619,0.594488,16429
25,1,1459,edgegpu,cifar10,94.296670,6.748991,0.594488,16429
25,1,5400,edgegpu,cifar10,86.630000,1.427460,0.594488,16429
25,1,11438,edgegpu,cifar10,92.500000,1.846719,0.594488,16429
25,1,6330,edgegpu,cifar10,94.006670,4.384699,0.594488,16429
25,1,6960,edgegpu,cifar10,92.280000,1.764450,0.594488,16429
25,1,2090,edgegpu,cifar10,86.650000,1.437702,0.594488,16429
25,1,561,edgegpu,cifar10,86.880000,1.451068,0.594488,16429
25,1,2776,edgegpu,cifar10,93.666664,3.331194,0.594488,16429
25,1,15200,edgegpu,cifar10,10.000000,0.501385,0.594488,16429
25,1,14090,edgegpu,cifar10,92.086670,1.749086,0.594488,16429
25,1,10484,edgegpu,cifar10,93.810000,3.354015,0.594488,16429
25,1,5780,edgegpu,cifar10,93.980000,3.361888,0.594488,16429
25,2,5780,edgetpu,cifar10,93.980000,0.723967,0.617813,16333
25,2,9689,edgetpu,cifar10,93.370000,0.628386,0.617813,16333
25,2,13714,edgetpu,cifar10,94.373340,1.377865,0.617813,16333
25,2,2053,edgetpu,cifar10,94.206665,1.042178,0.617813,16333
25,2,3927,edgetpu,cifar10,93.626660,0.723268,0.617813,16333
25,2,14527,edgetpu,cifar10,86.765000,0.365664,0.617813,16333
25,2,970,edgetpu,cifar10,86.770000,0.371488,0.617813,16333
25,2,5111,edgetpu,cifar10,94.306660,1.152010,0.617813,16333
25,2,6918,edgetpu,cifar10,87.000000,0.375819,0.617813,16333
25,2,9271,edgetpu,cifar10,89.250000,0.396381,0.617813,16333
25,2,1005,edgetpu,cifar10,89.183334,0.392518,0.617813,16333
25,2,11810,edgetpu,cifar10,92.780000,0.482879,0.617813,16333
25,2,4675,edgetpu,cifar10,89.200000,0.395661,0.617813,16333
25,2,797,edgetpu,cifar10,93.280000,0.627996,0.617813,16333
25,2,6382,edgetpu,cifar10,93.376660,0.628638,0.617813,16333
25,2,9950,edgetpu,cifar10,93.840000,0.723767,0.617813,16333
25,2,2240,edgetpu,cifar10,91.990000,0.480973,0.617813,16333
25,2,12607,edgetpu,cifar10,89.180000,0.391577,0.617813,16333
25,2,8525,edgetpu,cifar10,89.320000,0.420874,0.617813,16333
25,2,8192,edgetpu,cifar10,93.093330,0.627745,0.617813,16333
25,2,11692,edgetpu,cifar10,94.130000,0.761100,0.617813,16333
25,2,5647,edgetpu,cifar10,89.110000,0.389378,0.617813,16333
25,2,2485,edgetpu,cifar10,86.700000,0.346546,0.617813,16333
25,2,10167,edgetpu,cifar10,92.020000,0.481180,0.617813,16333
25,2,6515,edgetpu,cifar10,93.616670,0.722858,0.617813,16333
25,2,3731,edgetpu,cifar10,94.343330,1.282820,0.617813,16333
25,2,8008,edgetpu,cifar10,93.480000,0.629746,0.617813,16333
25,2,10683,edgetpu,cifar10,92.330000,0.481277,0.617813,16333
25,2,5258,edgetpu,cifar10,88.775000,0.388629,0.617813,16333
25,3,6899,eyeriss,cifar10,90.900000,2.416820,0.487359,16459
25,3,8008,eyeriss,cifar10,93.480000,3.399860,0.487359,16459
25,3,11692,eyeriss,cifar10,94.130000,4.874420,0.487359,16459
25,3,4384,eyeriss,cifar10,86.796670,1.679540,0.487359,16459
25,3,13611,eyeriss,cifar10,92.490000,3.154100,0.487359,16459
25,3,13714,eyeriss,cifar10,94.373340,7.823540,0.487359,16459
25,3,3731,eyeriss,cifar10,94.343330,6.594740,0.487359,16459
25,3,6111,eyeriss,cifar10,94.373340,7.823540,0.487359,16459
25,3,3687,eyeriss,cifar10,89.820000,1.925300,0.487359,16459
25,3,5111,eyeriss,cifar10,94.306660,5.365940,0.487359,16459
25,3,11472,eyeriss,cifar10,93.970000,4.628660,0.487359,16459
25,3,8592,eyeriss,cifar10,93.750000,3.891380,0.487359,16459
25,3,6854,eyeriss,cifar10,91.040000,2.662580,0.487359,16459
25,3,11376,eyeriss,cifar10,93.510000,3.645620,0.487359,16459
25,3,8323,eyeriss,cifar10,90.870000,2.171060,0.487359,16459
25,3,12002,eyeriss,cifar10,93.510000,3.645620,0.487359,16459
25,4,8323,fpga,cifar10,90.870000,2.163360,0.491578,16367
25,4,4384,fpga,cifar10,86.796670,1.132960,0.491578,16367
25,4,5111,fpga,cifar10,94.306660,5.193760,0.491578,16367
25,4,8008,fpga,cifar10,93.480000,2.905760,0.491578,16367
25,4,3731,fpga,cifar10,94.343330,5.936160,0.491578,16367
25,4,11692,fpga,cifar10,94.130000,4.163360,0.491578,16367
25,4,6111,fpga,cifar10,94.373340,6.678560,0.491578,16367
25,4,11472,fpga,cifar10,93.970000,3.648160,0.491578,16367
25,4,13611,fpga,cifar10,92.490000,2.390560,0.491578,16367
25,4,12002,fpga,cifar10,93.510000,3.420960,0.491578,16367
25,4,11376,fpga,cifar10,93.510000,3.420960,0.491578,16367
25,4,11525,fpga,cifar10,90.000000,2.057760,0.491578,16367
25,4,13714,fpga,cifar10,94.373340,6.678560,0.491578,16367
25,4,12438,fpga,cifar10,89.875000,1.648160,0.491578,16367
25,4,10431,fpga,cifar10,87.000000,1.542560,0.491578,16367
25,5,2779,pixel3,cifar10,90.806660,3.102950,0.773704,16057
25,5,296,pixel3,cifar10,89.713330,1.805350,0.773704,16057
25,5,13171,pixel3,cifar10,93.530000,7.717220,0.773704,16057
25,5,6863,pixel3,cifar10,86.740000,1.229320,0.773704,16057
25,5,1631,pixel3,cifar10,89.506670,1.697120,0.773704,16057
25,5,7001,pixel3,cifar10,10.000000,0.003277,0.773704,16057
25,5,3731,pixel3,cifar10,94.343330,23.361300,0.773704,16057
25,5,10689,pixel3,cifar10,90.790000,2.669770,0.773704,16057
25,5,13987,pixel3,cifar10,93.596664,9.922680,0.773704,16057
25,5,6111,pixel3,cifar10,94.373340,23.584800,0.773704,16057
25,5,8708,pixel3,cifar10,94.080000,12.839000,0.773704,16057
25,5,4627,pixel3,cifar10,93.270000,7.036050,0.773704,16057
25,5,4554,pixel3,cifar10,86.670000,1.114880,0.773704,16057
25,5,12820,pixel3,cifar10,90.880000,3.982790,0.773704,16057
25,5,6854,pixel3,cifar10,91.040000,4.514220,0.773704,16057
25,5,1943,pixel3,cifar10,93.116670,6.492030,0.773704,16057
25,5,8695,pixel3,cifar10,94.220000,17.564500,0.773704,16057
25,5,11692,pixel3,cifar10,94.130000,15.490100,0.773704,16057
25,5,5224,pixel3,cifar10,88.980000,1.570360,0.773704,16057
25,5,6382,pixel3,cifar10,93.376660,7.048190,0.773704,16057
25,5,9230,pixel3,cifar10,86.580000,1.056760,0.773704,16057
25,5,8592,pixel3,cifar10,93.750000,10.769800,0.773704,16057
25,5,1497,pixel3,cifar10,86.556660,1.056630,0.773704,16057
25,5,5111,pixel3,cifar10,94.306660,17.584600,0.773704,16057
25,5,13869,pixel3,cifar10,93.656670,10.634700,0.773704,16057
25,5,12438,pixel3,cifar10,89.875000,2.371270,0.773704,16057
25,5,1339,pixel3,cifar10,92.136665,5.802240,0.773704,16057
25,5,12452,pixel3,cifar10,91.350000,5.590110,0.773704,16057
25,5,6918,pixel3,cifar10,87.000000,1.478790,0.773704,16057
25,5,8323,pixel3,cifar10,90.870000,3.106420,0.773704,16057
25,5,1941,pixel3,cifar10,93.533330,9.128690,0.773704,16057
25,5,1804,pixel3,cifar10,89.063330,1.579900,0.773704,16057
25,5,10275,pixel3,cifar10,91.080000,4.818050,0.773704,16057
25,5,11972,pixel3,cifar10,91.510000,5.627010,0.773704,16057
25,5,6491,pixel3,cifar10,89.803340,2.032570,0.773704,16057
25,5,7197,pixel3,cifar10,90.366670,2.447670,0.773704,16057
25,5,7017,pixel3,cifar10,86.970000,1.403930,0.773704,16057
25,5,6330,pixel3,cifar10,94.006670,11.512400,0.773704,16057
25,5,1894,pixel3,cifar10,92.110000,5.778250,0.773704,16057
25,6,6382,raspi4,cifar10,93.376660,21.461164,0.790926,16075
25,6,11972,raspi4,cifar10,91.510000,12.403558,0.790926,16075
25,6,7210,raspi4,cifar10,92.180000,18.080248,0.790926,16075
25,6,13846,raspi4,cifar10,90.720000,7.176163,0.790926,16075
25,6,7017,raspi4,cifar10,86.970000,2.544041,0.790926,16075
25,6,7407,raspi4,cifar10,93.510000,24.855400,0.790926,16075
25,6,3496,raspi4,cifar10,89.763336,5.172737,0.790926,16075
25,6,1690,raspi4,cifar10,86.646670,2.536549,0.790926,16075
25,6,11533,raspi4,cifar10,93.420000,21.715693,0.790926,16075
25,6,1781,raspi4,cifar10,89.883330,5.961801,0.790926,16075
25,6,1962,raspi4,cifar10,86.530000,2.529453,0.790926,16075
25,6,4112,raspi4,cifar10,89.710000,5.004419,0.790926,16075
25,6,7058,raspi4,cifar10,92.040000,16.469465,0.790926,16075
25,6,9271,raspi4,cifar10,89.250000,4.830311,0.790926,16075
25,6,4210,raspi4,cifar10,89.030000,4.782748,0.790926,16075
25,6,296,raspi4,cifar10,89.713330,5.163324,0.790926,16075
25,6,8426,raspi4,cifar10,93.840000,31.394428,0.790926,16075
25,6,1099,raspi4,cifar10,92.240000,18.358124,0.790926,16075
25,6,5780,raspi4,cifar10,93.980000,34.928463,0.790926,16075
25,6,4398,raspi4,cifar10,92.073330,17.597267,0.790926,16075
25,6,12639,raspi4,cifar10,90.990000,11.857850,0.790926,16075
25,6,8323,raspi4,cifar10,90.870000,7.426308,0.790926,16075
25,6,6111,raspi4,cifar10,94.373340,68.404106,0.790926,16075
25,6,6584,raspi4,cifar10,94.160000,38.818527,0.790926,16075
25,6,3731,raspi4,cifar10,94.343330,58.070793,0.790926,16075
25,6,11692,raspi4,cifar10,94.130000,37.583630,0.790926,16075
25,6,5111,raspi4,cifar10,94.306660,41.756905,0.790926,16075
25,6,8008,raspi4,cifar10,93.480000,22.571420,0.790926,16075
25,6,1941,raspi4,cifar10,93.533330,25.121769,0.790926,16075
25,6,10412,raspi4,cifar10,93.530000,25.079220,0.790926,16075
25,6,6953,raspi4,cifar10,91.990000,15.601654,0.790926,16075
25,6,9980,raspi4,cifar10,10.000000,0.011284,0.790926,16075
25,6,6918,raspi4,cifar10,87.000000,2.787590,0.790926,16075
25,6,14565,raspi4,cifar10,88.880000,4.781183,0.790926,16075
25,6,8525,raspi4,cifar10,89.320000,4.900777,0.790926,16075
25,6,11810,raspi4,cifar10,92.780000,18.619905,0.790926,16075
25,6,8573,raspi4,cifar10,89.803340,5.202662,0.790926,16075
25,6,8592,raspi4,cifar10,93.750000,25.477009,0.790926,16075
25,6,14677,raspi4,cifar10,88.670000,4.755260,0.790926,16075
25,6,2058,raspi4,cifar10,93.270000,19.484835,0.790926,16075
25,7,14984,edgegpu,cifar100,67.166664,1.760831,0.610267,16307
25,7,14300,edgegpu,cifar100,67.300000,1.765666,0.610267,16307
25,7,1425,edgegpu,cifar100,72.093330,5.310225,0.610267,16307
25,7,4418,edgegpu,cifar100,72.746666,5.352364,0.610267,16307
25,7,2304,edgegpu,cifar100,58.660000,1.440253,0.610267,16307
25,7,9930,edgegpu,cifar100,73.513336,6.803060,0.610267,16307
25,7,2778,edgegpu,cifar100,72.993330,6.134028,0.610267,16307
25,7,3888,edgegpu,cifar100,73.260000,6.797867,0.610267,16307
25,7,6124,edgegpu,cifar100,68.360000,3.185835,0.610267,16307
25,7,4954,edgegpu,cifar100,73.000000,6.669736,0.610267,16307
25,7,12415,edgegpu,cifar100,71.940000,4.828467,0.610267,16307
25,7,6381,edgegpu,cifar100,66.800000,1.753340,0.610267,16307
25,7,1509,edgegpu,cifar100,1.000000,0.505853,0.610267,16307
25,7,9922,edgegpu,cifar100,58.560000,1.428552,0.610267,16307
25,7,8401,edgegpu,cifar100,71.080000,3.302102,0.610267,16307
25,7,8912,edgegpu,cifar100,59.200000,1.441355,0.610267,16307
25,7,11885,edgegpu,cifar100,68.040000,1.776652,0.610267,16307
25,7,11810,edgegpu,cifar100,68.300000,1.779551,0.610267,16307
25,7,14089,edgegpu,cifar100,61.806667,1.752892,0.610267,16307
25,7,9997,edgegpu,cifar100,71.520000,3.466139,0.610267,16307
25,8,11810,edgetpu,cifar100,68.300000,0.492126,0.659574,15936
25,8,11533,edgetpu,cifar100,69.760000,0.635877,0.659574,15936
25,8,10000,edgetpu,cifar100,73.160000,1.283461,0.659574,15936
25,8,5019,edgetpu,cifar100,58.880000,0.357058,0.659574,15936
25,8,797,edgetpu,cifar100,69.580000,0.633351,0.659574,15936
25,8,699,edgetpu,cifar100,72.240000,0.940479,0.659574,15936
25,8,7760,edgetpu,cifar100,67.800000,0.489248,0.659574,15936
25,8,14174,edgetpu,cifar100,72.646670,1.081678,0.659574,15936
25,8,12415,edgetpu,cifar100,71.940000,0.872299,0.659574,15936
25,8,1317,edgetpu,cifar100,72.566666,1.023844,0.659574,15936
25,8,8401,edgetpu,cifar100,71.080000,0.728572,0.659574,15936
25,8,15363,edgetpu,cifar100,70.520000,0.676394,0.659574,15936
25,8,14945,edgetpu,cifar100,58.500000,0.354940,0.659574,15936
25,8,12607,edgetpu,cifar100,62.600000,0.392830,0.659574,15936
25,8,9930,edgetpu,cifar100,73.513336,1.454107,0.659574,15936
25,8,777,edgetpu,cifar100,58.650000,0.355588,0.659574,15936
25,8,3888,edgetpu,cifar100,73.260000,1.316226,0.659574,15936
25,8,14300,edgetpu,cifar100,67.300000,0.487450,0.659574,15936
25,8,69,edgetpu,cifar100,71.020000,0.727259,0.659574,15936
25,8,857,edgetpu,cifar100,72.880000,1.264168,0.659574,15936
25,8,4418,edgetpu,cifar100,72.746666,1.093699,0.659574,15936
25,8,4484,edgetpu,cifar100,67.493330,0.487482,0.659574,15936
25,8,12761,edgetpu,cifar100,72.860000,1.225212,0.659574,15936
25,8,1383,edgetpu,cifar100,70.273330,0.673722,0.659574,15936
25,8,8638,edgetpu,cifar100,58.860000,0.356631,0.659574,15936
25,8,9997,edgetpu,cifar100,71.520000,0.729986,0.659574,15936
25,8,898,edgetpu,cifar100,70.000000,0.636860,0.659574,15936
25,8,10596,edgetpu,cifar100,67.633330,0.488672,0.659574,15936
25,8,15224,edgetpu,cifar100,67.900000,0.491482,0.659574,15936
25,8,13829,edgetpu,cifar100,66.873340,0.485137,0.659574,15936
25,8,2705,edgetpu,cifar100,62.813330,0.393026,0.659574,15936
25,8,1425,edgetpu,cifar100,72.093330,0.910660,0.659574,15936
25,8,11219,edgetpu,cifar100,67.200000,0.486929,0.659574,15936
25,8,10679,edgetpu,cifar100,62.080000,0.391915,0.659574,15936
25,8,1804,edgetpu,cifar100,62.246666,0.392786,0.659574,15936
25,8,13434,edgetpu,cifar100,62.106667,0.392580,0.659574,15936
25,8,577,edgetpu,cifar100,69.680000,0.635228,0.659574,15936
25,8,11112,edgetpu,cifar100,66.893330,0.486713,0.659574,15936
25,8,9271,edgetpu,cifar100,63.400000,0.393151,0.659574,15936
25,8,1110,edgetpu,cifar100,58.840000,0.355938,0.659574,15936
25,8,5674,edgetpu,cifar100,67.850000,0.489972,0.659574,15936
25,8,1943,edgetpu,cifar100,69.626660,0.634759,0.659574,15936
25,9,6925,eyeriss,cifar100,71.220000,3.894400,0.474351,16431
25,9,9930,eyeriss,cifar100,73.513336,9.055360,0.474351,16431
25,9,12761,eyeriss,cifar100,72.860000,6.352000,0.474351,16431
25,9,11973,eyeriss,cifar100,70.340000,3.402880,0.474351,16431
25,9,3888,eyeriss,cifar100,73.260000,6.597760,0.474351,16431
25,9,375,eyeriss,cifar100,64.440000,1.928320,0.474351,16431
25,9,5084,eyeriss,cifar100,58.813330,1.682560,0.474351,16431
25,9,12820,eyeriss,cifar100,67.720000,2.419840,0.474351,16431
25,9,10689,eyeriss,cifar100,67.500000,2.174080,0.474351,16431
25,9,3540,eyeriss,cifar100,71.500000,4.877440,0.474351,16431
25,9,12574,eyeriss,cifar100,72.740000,5.123200,0.474351,16431
25,9,11301,eyeriss,cifar100,68.220000,2.665600,0.474351,16431
25,9,14714,eyeriss,cifar100,71.280000,4.140160,0.474351,16431
25,9,6787,eyeriss,cifar100,70.720000,3.648640,0.474351,16431
25,10,12574,fpga,cifar100,72.740000,4.678560,0.557286,16208
25,10,5743,fpga,cifar100,67.800000,2.800160,0.557286,16208
25,10,10689,fpga,cifar100,67.500000,2.163360,0.557286,16208
25,10,4249,fpga,cifar100,65.080000,2.057760,0.557286,16208
25,10,11000,fpga,cifar100,71.180000,3.936160,0.557286,16208
25,10,5651,fpga,cifar100,64.690000,1.648160,0.557286,16208
25,10,5033,fpga,cifar100,59.060000,1.542560,0.557286,16208
25,10,12761,fpga,cifar100,72.860000,5.420960,0.557286,16208
25,10,9930,fpga,cifar100,73.513336,7.420960,0.557286,16208
25,10,3540,fpga,cifar100,71.500000,4.163360,0.557286,16208
25,10,12820,fpga,cifar100,67.720000,2.678560,0.557286,16208
25,10,3487,fpga,cifar100,70.093330,2.905760,0.557286,16208
25,10,5084,fpga,cifar100,58.813330,1.132960,0.557286,16208
25,10,7250,fpga,cifar100,67.706665,2.390560,0.557286,16208
25,10,3888,fpga,cifar100,73.260000,5.936160,0.557286,16208
25,10,6787,fpga,cifar100,70.720000,3.420960,0.557286,16208
25,10,9997,fpga,cifar100,71.520000,4.572960,0.557286,16208
25,10,12295,fpga,cifar100,71.160000,3.648160,0.557286,16208
25,11,8323,pixel3,cifar100,67.080000,3.106340,0.733842,16111
25,11,1416,pixel3,cifar100,64.493330,2.084060,0.733842,16111
25,11,11301,pixel3,cifar100,68.220000,5.352090,0.733842,16111
25,11,4409,pixel3,cifar100,67.173330,3.113370,0.733842,16111
25,11,5019,pixel3,cifar100,58.880000,1.483640,0.733842,16111
25,11,1450,pixel3,cifar100,70.506670,9.337360,0.733842,16111
25,11,14112,pixel3,cifar100,68.386665,5.745320,0.733842,16111
25,11,1459,pixel3,cifar100,73.140000,23.437900,0.733842,16111
25,11,11000,pixel3,cifar100,71.180000,10.677600,0.733842,16111
25,11,724,pixel3,cifar100,67.053340,2.875650,0.733842,16111
25,11,4659,pixel3,cifar100,70.060000,9.026280,0.733842,16111
25,11,12970,pixel3,cifar100,68.140000,4.782110,0.733842,16111
25,11,1357,pixel3,cifar100,67.480000,3.998260,0.733842,16111
25,11,8638,pixel3,cifar100,58.860000,1.478570,0.733842,16111
25,11,6337,pixel3,cifar100,1.000000,0.008753,0.733842,16111
25,11,10042,pixel3,cifar100,64.880000,2.794690,0.733842,16111
25,11,485,pixel3,cifar100,67.593330,4.124800,0.733842,16111
25,11,857,pixel3,cifar100,72.880000,19.113200,0.733842,16111
25,11,1631,pixel3,cifar100,63.986668,1.805000,0.733842,16111
25,11,12574,pixel3,cifar100,72.740000,16.473900,0.733842,16111
25,11,9930,pixel3,cifar100,73.513336,42.003600,0.733842,16111
25,11,3888,pixel3,cifar100,73.260000,23.477200,0.733842,16111
25,11,15363,pixel3,cifar100,70.520000,9.708640,0.733842,16111
25,11,1409,pixel3,cifar100,58.853333,1.275090,0.733842,16111
25,11,9649,pixel3,cifar100,64.540000,2.536210,0.733842,16111
25,11,1090,pixel3,cifar100,65.220000,2.811310,0.733842,16111
25,11,6925,pixel3,cifar100,71.220000,10.688000,0.733842,16111
25,11,6787,pixel3,cifar100,70.720000,9.854430,0.733842,16111
25,11,15589,pixel3,cifar100,59.060000,1.483890,0.733842,16111
25,11,699,pixel3,cifar100,72.240000,12.079400,0.733842,16111
25,11,777,pixel3,cifar100,58.650000,1.087020,0.733842,16111
25,11,906,pixel3,cifar100,62.393333,1.661810,0.733842,16111
25,11,898,pixel3,cifar100,70.000000,6.516140,0.733842,16111
25,12,7891,raspi4,cifar100,67.550000,12.536592,0.781714,16151
25,12,13113,raspi4,cifar100,63.140000,4.941205,0.781714,16151
25,12,14112,raspi4,cifar100,68.386665,14.423308,0.781714,16151
25,12,12915,raspi4,cifar100,66.950000,7.226311,0.781714,16151
25,12,4409,raspi4,cifar100,67.173330,7.228629,0.781714,16151
25,12,3888,raspi4,cifar100,73.260000,55.029520,0.781714,16151
25,12,6918,raspi4,cifar100,58.800000,2.571364,0.781714,16151
25,12,15589,raspi4,cifar100,59.060000,2.795078,0.781714,16151
25,12,14792,raspi4,cifar100,69.500000,19.111843,0.781714,16151
25,12,10222,raspi4,cifar100,58.860000,2.747804,0.781714,16151
25,12,14714,raspi4,cifar100,71.280000,24.692347,0.781714,16151
25,12,15363,raspi4,cifar100,70.520000,21.809430,0.781714,16151
25,12,2058,raspi4,cifar100,69.613335,20.052132,0.781714,16151
25,12,9930,raspi4,cifar100,73.513336,71.152000,0.781714,16151
25,12,3487,raspi4,cifar100,70.093330,21.603350,0.781714,16151
25,12,8912,raspi4,cifar100,59.200000,2.818969,0.781714,16151
25,12,2035,raspi4,cifar100,63.926666,5.005698,0.781714,16151
25,12,12761,raspi4,cifar100,72.860000,53.718200,0.781714,16151
25,12,4418,raspi4,cifar100,72.746666,47.162354,0.781714,16151
25,12,9997,raspi4,cifar100,71.520000,34.996710,0.781714,16151
25,12,14612,raspi4,cifar100,58.720000,2.563505,0.781714,16151
25,12,2222,raspi4,cifar100,58.313330,2.538255,0.781714,16151
25,12,14811,raspi4,cifar100,69.680000,20.361189,0.781714,16151
25,12,6787,raspi4,cifar100,70.720000,23.081835,0.781714,16151
25,12,1459,raspi4,cifar100,73.140000,53.879950,0.781714,16151
25,12,1616,raspi4,cifar100,63.946667,5.080509,0.781714,16151
25,12,8740,raspi4,cifar100,1.000000,0.015215,0.781714,16151
25,12,6830,raspi4,cifar100,71.460000,34.491814,0.781714,16151
25,12,10042,raspi4,cifar100,64.880000,5.100886,0.781714,16151
25,12,6822,raspi4,cifar100,58.426666,2.558594,0.781714,16151
25,12,1357,raspi4,cifar100,67.480000,10.177114,0.781714,16151
25,12,375,raspi4,cifar100,64.440000,5.099302,0.781714,16151
25,12,3408,raspi4,cifar100,63.993332,5.081906,0.781714,16151
25,12,9926,raspi4,cifar100,63.520000,4.999532,0.781714,16151
25,12,12607,raspi4,cifar100,62.600000,4.779045,0.781714,16151
25,12,12574,raspi4,cifar100,72.740000,36.371254,0.781714,16151
25,12,13430,raspi4,cifar100,66.700000,7.203785,0.781714,16151
25,13,5477,edgegpu,ImageNet16-120,38.977780,1.744175,0.641504,16249
25,13,12505,edgegpu,ImageNet16-120,39.283333,1.750417,0.641504,16249
25,13,11217,edgegpu,ImageNet16-120,43.466667,3.316708,0.641504,16249
25,13,9586,edgegpu,ImageNet16-120,46.933334,5.222673,0.641504,16249
25,13,14117,edgegpu,ImageNet16-120,28.677778,1.435547,0.641504,16249
25,13,4988,edgegpu,ImageNet16-120,28.933332,1.448212,0.641504,16249
25,13,8426,edgegpu,ImageNet16-120,44.633335,3.370147,0.641504,16249
25,13,4946,edgegpu,ImageNet16-120,44.700000,3.490419,0.641504,16249
25,13,5674,edgegpu,ImageNet16-120,39.650000,1.763358,0.641504,16249
25,13,9722,edgegpu,ImageNet16-120,44.000000,3.327813,0.641504,16249
25,13,454,edgegpu,ImageNet16-120,41.277780,3.303313,0.641504,16249
25,13,8884,edgegpu,ImageNet16-120,45.033333,3.499999,0.641504,16249
25,13,15376,edgegpu,ImageNet16-120,0.833333,0.533953,0.641504,16249
25,13,15159,edgegpu,ImageNet16-120,45.566666,4.632421,0.641504,16249
25,13,6950,edgegpu,ImageNet16-120,38.700000,1.740150,0.641504,16249
25,13,13760,edgegpu,ImageNet16-120,32.333332,1.739759,0.641504,16249
25,13,4587,edgegpu,ImageNet16-120,28.800000,1.445131,0.641504,16249
25,13,15288,edgegpu,ImageNet16-120,28.422222,1.417041,0.641504,16249
25,13,7187,edgegpu,ImageNet16-120,28.683332,1.443858,0.641504,16249
25,13,70,edgegpu,ImageNet16-120,39.377777,1.761627,0.641504,16249
25,13,8401,edgegpu,ImageNet16-120,43.833332,3.322444,0.641504,16249
25,13,8355,edgegpu,ImageNet16-120,39.666668,1.810203,0.641504,16249
25,13,10332,edgegpu,ImageNet16-120,40.033333,3.269434,0.641504,16249
25,13,857,edgegpu,ImageNet16-120,47.311110,6.707663,0.641504,16249
25,13,15383,edgegpu,ImageNet16-120,47.033333,6.262836,0.641504,16249
25,13,1164,edgegpu,ImageNet16-120,28.522223,1.435223,0.641504,16249
25,13,12415,edgegpu,ImageNet16-120,46.566666,4.667692,0.641504,16249
25,13,10947,edgegpu,ImageNet16-120,39.944443,1.909800,0.641504,16249
25,13,5981,edgegpu,ImageNet16-120,39.211113,1.746097,0.641504,16249
25,13,14840,edgegpu,ImageNet16-120,45.311110,4.224715,0.641504,16249
25,13,11438,edgegpu,ImageNet16-120,39.733334,1.903386,0.641504,16249
25,14,13097,edgetpu,ImageNet16-120,39.655556,0.428424,0.619462,15894
25,14,14840,edgetpu,ImageNet16-120,45.311110,0.666690,0.619462,15894
25,14,1172,edgetpu,ImageNet16-120,39.933334,0.515935,0.619462,15894
25,14,10332,edgetpu,ImageNet16-120,40.033333,0.516152,0.619462,15894
25,14,5751,edgetpu,ImageNet16-120,40.044445,0.516992,0.619462,15894
25,14,10017,edgetpu,ImageNet16-120,40.566666,0.524950,0.619462,15894
25,14,13931,edgetpu,ImageNet16-120,28.788889,0.360349,0.619462,15894
25,14,15363,edgetpu,ImageNet16-120,44.333332,0.582280,0.619462,15894
25,14,3540,edgetpu,ImageNet16-120,45.122223,0.648670,0.619462,15894
25,14,15383,edgetpu,ImageNet16-120,47.033333,0.780914,0.619462,15894
25,14,11079,edgetpu,ImageNet16-120,43.566666,0.552430,0.619462,15894
25,14,15014,edgetpu,ImageNet16-120,28.266666,0.358110,0.619462,15894
25,14,13769,edgetpu,ImageNet16-120,41.555557,0.549360,0.619462,15894
25,14,7273,edgetpu,ImageNet16-120,42.966667,0.550014,0.619462,15894
25,14,12231,edgetpu,ImageNet16-120,40.200000,0.518358,0.619462,15894
25,14,5530,edgetpu,ImageNet16-120,42.577778,0.549937,0.619462,15894
25,14,5586,edgetpu,ImageNet16-120,40.811110,0.546420,0.619462,15894
25,14,857,edgetpu,ImageNet16-120,47.311110,0.997730,0.619462,15894
25,14,12415,edgetpu,ImageNet16-120,46.566666,0.710906,0.619462,15894
25,14,15107,edgetpu,ImageNet16-120,39.800000,0.430284,0.619462,15894
25,14,6407,edgetpu,ImageNet16-120,32.333332,0.363748,0.619462,15894
25,14,7750,edgetpu,ImageNet16-120,43.066666,0.551617,0.619462,15894
25,14,5302,edgetpu,ImageNet16-120,38.833332,0.427711,0.619462,15894
25,14,14677,edgetpu,ImageNet16-120,33.233334,0.364575,0.619462,15894
25,14,6950,edgetpu,ImageNet16-120,38.700000,0.427379,0.619462,15894
25,14,14662,edgetpu,ImageNet16-120,41.166668,0.547835,0.619462,15894
25,14,4946,edgetpu,ImageNet16-120,44.700000,0.618328,0.619462,15894
25,14,9689,edgetpu,ImageNet16-120,42.533333,0.549702,0.619462,15894
25,14,4830,edgetpu,ImageNet16-120,42.233334,0.549457,0.619462,15894
25,14,4988,edgetpu,ImageNet16-120,28.933332,0.360694,0.619462,15894
25,14,13972,edgetpu,ImageNet16-120,31.933332,0.363440,0.619462,15894
25,14,10888,edgetpu,ImageNet16-120,28.333334,0.359044,0.619462,15894
25,14,70,edgetpu,ImageNet16-120,39.377777,0.428228,0.619462,15894
25,15,11973,eyeriss,ImageNet16-120,42.933334,0.853120,0.482227,16526
25,15,1939,eyeriss,ImageNet16-120,45.077778,0.976000,0.482227,16526
25,15,6787,eyeriss,ImageNet16-120,44.400000,0.914560,0.482227,16526
25,15,5487,eyeriss,ImageNet16-120,38.500000,0.607360,0.482227,16526
25,15,15383,eyeriss,ImageNet16-120,47.033333,1.283200,0.482227,16526
25,15,14417,eyeriss,ImageNet16-120,45.900000,1.098880,0.482227,16526
25,15,8853,eyeriss,ImageNet16-120,45.600000,1.037440,0.482227,16526
25,15,2835,eyeriss,ImageNet16-120,38.222220,0.545920,0.482227,16526
25,15,857,eyeriss,ImageNet16-120,47.311110,1.651840,0.482227,16526
25,15,4988,eyeriss,ImageNet16-120,28.933332,0.423040,0.482227,16526
25,15,6854,eyeriss,ImageNet16-120,40.800000,0.668800,0.482227,16526
25,15,4829,eyeriss,ImageNet16-120,34.200000,0.484480,0.482227,16526
25,16,857,fpga,ImageNet16-120,47.311110,2.038400,0.534230,16277
25,16,4988,fpga,ImageNet16-120,28.933332,0.284320,0.534230,16277
25,16,4829,fpga,ImageNet16-120,34.200000,0.415520,0.534230,16277
25,16,11079,fpga,ImageNet16-120,43.566666,0.902400,0.534230,16277
25,16,2835,fpga,ImageNet16-120,38.222220,0.546720,0.534230,16277
25,16,10017,fpga,ImageNet16-120,40.566666,0.784000,0.534230,16277
25,16,15383,fpga,ImageNet16-120,47.033333,1.504000,0.534230,16277
25,16,14748,fpga,ImageNet16-120,44.900000,0.995200,0.534230,16277
25,16,6868,fpga,ImageNet16-120,39.000000,0.649120,0.534230,16277
25,16,1939,fpga,ImageNet16-120,45.077778,1.062400,0.534230,16277
25,16,8008,fpga,ImageNet16-120,43.500000,0.876800,0.534230,16277
25,16,6787,fpga,ImageNet16-120,44.400000,0.969600,0.534230,16277
25,16,6854,fpga,ImageNet16-120,40.800000,0.809120,0.534230,16277
25,16,12452,fpga,ImageNet16-120,40.533333,0.780320,0.534230,16277
25,16,5793,fpga,ImageNet16-120,35.033333,0.517920,0.534230,16277
25,16,14417,fpga,ImageNet16-120,45.900000,1.276320,0.534230,16277
25,16,15446,fpga,ImageNet16-120,45.766666,1.116320,0.534230,16277
25,17,12466,pixel3,ImageNet16-120,46.100000,4.680280,0.768722,15932
25,17,8853,pixel3,ImageNet16-120,45.600000,3.554540,0.768722,15932
25,17,14417,pixel3,ImageNet16-120,45.900000,4.143030,0.768722,15932
25,17,1939,pixel3,ImageNet16-120,45.077778,3.021500,0.768722,15932
25,17,8584,pixel3,ImageNet16-120,34.088890,0.664046,0.768722,15932
25,17,857,pixel3,ImageNet16-120,47.311110,6.686850,0.768722,15932
25,17,12424,pixel3,ImageNet16-120,43.133330,2.470150,0.768722,15932
25,17,2018,pixel3,ImageNet16-120,46.433334,4.949210,0.768722,15932
25,17,10340,pixel3,ImageNet16-120,31.522223,0.617772,0.768722,15932
25,17,6854,pixel3,ImageNet16-120,40.800000,1.621620,0.768722,15932
25,17,898,pixel3,ImageNet16-120,42.466667,2.467210,0.768722,15932
25,17,10154,pixel3,ImageNet16-120,46.133335,4.783700,0.768722,15932
25,17,10293,pixel3,ImageNet16-120,28.188889,0.422463,0.768722,15932
25,17,12516,pixel3,ImageNet16-120,32.083332,0.617816,0.768722,15932
25,17,13059,pixel3,ImageNet16-120,34.266666,0.668679,0.768722,15932
25,17,1549,pixel3,ImageNet16-120,28.655556,0.424747,0.768722,15932
25,17,12452,pixel3,ImageNet16-120,40.533333,1.504410,0.768722,15932
25,17,15383,pixel3,ImageNet16-120,47.033333,5.191720,0.768722,15932
25,17,1204,pixel3,ImageNet16-120,37.844444,0.864966,0.768722,15932
25,17,4432,pixel3,ImageNet16-120,37.800000,0.861157,0.768722,15932
25,17,2835,pixel3,ImageNet16-120,38.222220,0.868646,0.768722,15932
25,17,7551,pixel3,ImageNet16-120,38.477780,1.266510,0.768722,15932
25,17,11000,pixel3,ImageNet16-120,44.866665,2.962520,0.768722,15932
25,17,8627,pixel3,ImageNet16-120,43.633335,2.707490,0.768722,15932
25,17,12639,pixel3,ImageNet16-120,40.400000,1.304440,0.768722,15932
25,17,872,pixel3,ImageNet16-120,41.777780,2.465030,0.768722,15932
25,17,7187,pixel3,ImageNet16-120,28.683332,0.425223,0.768722,15932
25,17,4587,pixel3,ImageNet16-120,28.800000,0.445767,0.768722,15932
25,17,4977,pixel3,ImageNet16-120,32.966667,0.617991,0.768722,15932
25,17,4004,pixel3,ImageNet16-120,42.811110,2.467510,0.768722,15932
25,17,4384,pixel3,ImageNet16-120,28.133333,0.421612,0.768722,15932
25,17,4627,pixel3,ImageNet16-120,43.500000,2.479640,0.768722,15932
25,17,13756,pixel3,ImageNet16-120,0.833333,0.005289,0.768722,15932
25,17,10888,pixel3,ImageNet16-120,28.333334,0.422652,0.768722,15932
25,17,6014,pixel3,ImageNet16-120,28.533333,0.423391,0.768722,15932
25,17,4988,pixel3,ImageNet16-120,28.933332,0.485996,0.768722,15932
25,17,3728,pixel3,ImageNet16-120,28.500000,0.422880,0.768722,15932
25,17,1425,pixel3,ImageNet16-120,45.977780,4.619290,0.768722,15932
25,17,4895,pixel3,ImageNet16-120,33.200000,0.619070,0.768722,15932
25,17,1110,pixel3,ImageNet16-120,28.600000,0.423927,0.768722,15932
25,18,4829,raspi4,ImageNet16-120,34.200000,1.614683,0.781705,16270
25,18,11209,raspi4,ImageNet16-120,33.266666,1.580655,0.781705,16270
25,18,3431,raspi4,ImageNet16-120,32.966667,1.536690,0.781705,16270
25,18,11584,raspi4,ImageNet16-120,46.666668,8.014434,0.781705,16270
25,18,7357,raspi4,ImageNet16-120,44.666668,4.480689,0.781705,16270
25,18,11079,raspi4,ImageNet16-120,43.566666,3.802027,0.781705,16270
25,18,2779,raspi4,ImageNet16-120,37.355556,2.190654,0.781705,16270
25,18,10167,raspi4,ImageNet16-120,39.944443,3.106316,0.781705,16270
25,18,2018,raspi4,ImageNet16-120,46.433334,7.482383,0.781705,16270
25,18,11946,raspi4,ImageNet16-120,28.200000,0.940293,0.781705,16270
25,18,11616,raspi4,ImageNet16-120,32.133335,1.530442,0.781705,16270
25,18,7870,raspi4,ImageNet16-120,42.633335,3.788979,0.781705,16270
25,18,933,raspi4,ImageNet16-120,0.833333,0.011514,0.781705,16270
25,18,13931,raspi4,ImageNet16-120,28.788889,0.956195,0.781705,16270
25,18,7227,raspi4,ImageNet16-120,32.533333,1.530737,0.781705,16270
25,18,3960,raspi4,ImageNet16-120,37.755554,2.197980,0.781705,16270
25,18,5973,raspi4,ImageNet16-120,40.100000,3.159922,0.781705,16270
25,18,10835,raspi4,ImageNet16-120,45.233334,6.632419,0.781705,16270
25,18,12505,raspi4,ImageNet16-120,39.283333,3.062432,0.781705,16270
25,18,380,raspi4,ImageNet16-120,38.900000,3.038936,0.781705,16270
25,18,4988,raspi4,ImageNet16-120,28.933332,1.003251,0.781705,16270
25,18,10472,raspi4,ImageNet16-120,39.633335,3.079679,0.781705,16270
25,18,9032,raspi4,ImageNet16-120,38.016666,2.201532,0.781705,16270
25,18,12358,raspi4,ImageNet16-120,34.055557,1.582727,0.781705,16270
25,18,3650,raspi4,ImageNet16-120,43.866665,4.475790,0.781705,16270
25,18,7187,raspi4,ImageNet16-120,28.683332,0.952790,0.781705,16270
25,18,5637,raspi4,ImageNet16-120,33.933334,1.580707,0.781705,16270
25,18,15363,raspi4,ImageNet16-120,44.333332,4.480516,0.781705,16270
25,18,8584,raspi4,ImageNet16-120,34.088890,1.586268,0.781705,16270
25,18,15383,raspi4,ImageNet16-120,47.033333,8.565354,0.781705,16270
25,18,10217,raspi4,ImageNet16-120,45.100000,6.109362,0.781705,16270
25,18,6336,raspi4,ImageNet16-120,39.366665,3.073392,0.781705,16270
25,18,8853,raspi4,ImageNet16-120,45.600000,6.961605,0.781705,16270
25,18,10017,raspi4,ImageNet16-120,40.566666,3.181383,0.781705,16270
25,18,15446,raspi4,ImageNet16-120,45.766666,7.469873,0.781705,16270
25,18,6854,raspi4,ImageNet16-120,40.800000,3.661016,0.781705,16270
25,18,13771,raspi4,ImageNet16-120,32.744446,1.533813,0.781705,16270
25,18,857,raspi4,ImageNet16-120,47.311110,9.020064,0.781705,16270
25,18,3782,raspi4,ImageNet16-120,41.866665,3.755286,0.781705,16270
25,18,8355,raspi4,ImageNet16-120,39.666668,3.083286,0.781705,16270
25,18,1939,raspi4,ImageNet16-120,45.077778,5.341908,0.781705,16270
25,18,13644,raspi4,ImageNet16-120,45.333332,6.780282,0.781705,16270
25,18,5530,raspi4,ImageNet16-120,42.577778,3.785925,0.781705,16270
25,18,5202,raspi4,ImageNet16-120,42.411110,3.783078,0.781705,16270
25,18,8323,raspi4,ImageNet16-120,38.033333,2.287984,0.781705,16270
25,18,4995,raspi4,ImageNet16-120,42.166668,3.766336,0.781705,16270
25,18,5487,raspi4,ImageNet16-120,38.500000,3.019000,0.781705,16270
25,18,12355,raspi4,ImageNet16-120,45.033333,5.326674,0.781705,16270
25,18,4179,raspi4,ImageNet16-120,38.433334,2.951226,0.781705,16270
25,18,11653,raspi4,ImageNet16-120,38.100000,2.898014,0.781705,16270
26,1,5780,edgegpu,cifar10,93.980000,3.361888,0.554025,16322
26,1,15200,edgegpu,cifar10,10.000000,0.501385,0.554025,16322
26,1,6499,edgegpu,cifar10,93.645000,3.331041,0.554025,16322
26,1,2090,edgegpu,cifar10,86.650000,1.437702,0.554025,16322
26,1,13401,edgegpu,cifar10,87.010000,1.457009,0.554025,16322
26,1,10484,edgegpu,cifar10,93.810000,3.354015,0.554025,16322
26,1,258,edgegpu,cifar10,93.640000,3.307109,0.554025,16322
26,1,13714,edgegpu,cifar10,94.373340,6.772180,0.554025,16322
26,1,2053,edgegpu,cifar10,94.206665,5.482254,0.554025,16322
26,1,5400,edgegpu,cifar10,86.630000,1.427460,0.554025,16322
26,1,1459,edgegpu,cifar10,94.296670,6.748991,0.554025,16322
26,1,561,edgegpu,cifar10,86.880000,1.451068,0.554025,16322
26,1,11692,edgegpu,cifar10,94.130000,4.708362,0.554025,16322
26,1,14527,edgegpu,cifar10,86.765000,1.439619,0.554025,16322
26,1,6330,edgegpu,cifar10,94.006670,4.384699,0.554025,16322
26,1,2776,edgegpu,cifar10,93.666664,3.331194,0.554025,16322
26,1,6960,edgegpu,cifar10,92.280000,1.764450,0.554025,16322
26,1,6950,edgegpu,cifar10,92.000000,1.738467,0.554025,16322
26,1,11810,edgegpu,cifar10,92.780000,1.992798,0.554025,16322
26,1,14407,edgegpu,cifar10,86.770000,1.440282,0.554025,16322
26,1,5292,edgegpu,cifar10,94.293335,6.663151,0.554025,16322
26,2,5647,edgetpu,cifar10,89.110000,0.389378,0.708779,16249
26,2,5258,edgetpu,cifar10,88.775000,0.388629,0.708779,16249
26,2,9380,edgetpu,cifar10,89.335000,0.395662,0.708779,16249
26,2,12607,edgetpu,cifar10,89.180000,0.391577,0.708779,16249
26,2,3731,edgetpu,cifar10,94.343330,1.282820,0.708779,16249
26,2,5111,edgetpu,cifar10,94.306660,1.152010,0.708779,16249
26,2,13611,edgetpu,cifar10,92.490000,0.481826,0.708779,16249
26,2,4675,edgetpu,cifar10,89.200000,0.395661,0.708779,16249
26,2,6382,edgetpu,cifar10,93.376660,0.628638,0.708779,16249
26,2,5780,edgetpu,cifar10,93.980000,0.723967,0.708779,16249
26,2,6918,edgetpu,cifar10,87.000000,0.375819,0.708779,16249
26,2,13714,edgetpu,cifar10,94.373340,1.377865,0.708779,16249
26,2,8192,edgetpu,cifar10,93.093330,0.627745,0.708779,16249
26,2,2053,edgetpu,cifar10,94.206665,1.042178,0.708779,16249
26,2,10683,edgetpu,cifar10,92.330000,0.481277,0.708779,16249
26,2,11810,edgetpu,cifar10,92.780000,0.482879,0.708779,16249
26,2,11438,edgetpu,cifar10,92.500000,0.482393,0.708779,16249
26,2,11692,edgetpu,cifar10,94.130000,0.761100,0.708779,16249
26,2,797,edgetpu,cifar10,93.280000,0.627996,0.708779,16249
26,2,9689,edgetpu,cifar10,93.370000,0.628386,0.708779,16249
26,2,8008,edgetpu,cifar10,93.480000,0.629746,0.708779,16249
26,2,9950,edgetpu,cifar10,93.840000,0.723767,0.708779,16249
26,2,6584,edgetpu,cifar10,94.160000,0.888877,0.708779,16249
26,2,11112,edgetpu,cifar10,92.110000,0.480732,0.708779,16249
26,2,2485,edgetpu,cifar10,86.700000,0.346546,0.708779,16249
26,2,4384,edgetpu,cifar10,86.796670,0.362569,0.708779,16249
26,2,3927,edgetpu,cifar10,93.626660,0.723268,0.708779,16249
26,2,6515,edgetpu,cifar10,93.616670,0.722858,0.708779,16249
26,3,13987,eyeriss,cifar10,93.596664,3.645620,0.493154,16427
26,3,8008,eyeriss,cifar10,93.480000,3.399860,0.493154,16427
26,3,11472,eyeriss,cifar10,93.970000,4.628660,0.493154,16427
26,3,6111,eyeriss,cifar10,94.373340,7.823540,0.493154,16427
26,3,3687,eyeriss,cifar10,89.820000,1.925300,0.493154,16427
26,3,3731,eyeriss,cifar10,94.343330,6.594740,0.493154,16427
26,3,8592,eyeriss,cifar10,93.750000,3.891380,0.493154,16427
26,3,12820,eyeriss,cifar10,90.880000,2.416820,0.493154,16427
26,3,11692,eyeriss,cifar10,94.130000,4.874420,0.493154,16427
26,3,6854,eyeriss,cifar10,91.040000,2.662580,0.493154,16427
26,3,4384,eyeriss,cifar10,86.796670,1.679540,0.493154,16427
26,3,13611,eyeriss,cifar10,92.490000,3.154100,0.493154,16427
26,3,5111,eyeriss,cifar10,94.306660,5.365940,0.493154,16427
26,3,13714,eyeriss,cifar10,94.373340,7.823540,0.493154,16427
26,3,8323,eyeriss,cifar10,90.870000,2.171060,0.493154,16427
26,3,14112,eyeriss,cifar10,91.296670,2.908340,0.493154,16427
26,4,13987,fpga,cifar10,93.596664,3.420960,0.486814,16330
26,4,5111,fpga,cifar10,94.306660,5.193760,0.486814,16330
26,4,3731,fpga,cifar10,94.343330,5.936160,0.486814,16330
26,4,8008,fpga,cifar10,93.480000,2.905760,0.486814,16330
26,4,13714,fpga,cifar10,94.373340,6.678560,0.486814,16330
26,4,4384,fpga,cifar10,86.796670,1.132960,0.486814,16330
26,4,6111,fpga,cifar10,94.373340,6.678560,0.486814,16330
26,4,10431,fpga,cifar10,87.000000,1.542560,0.486814,16330
26,4,11472,fpga,cifar10,93.970000,3.648160,0.486814,16330
26,4,8323,fpga,cifar10,90.870000,2.163360,0.486814,16330
26,4,14346,fpga,cifar10,89.986664,2.057760,0.486814,16330
26,4,13611,fpga,cifar10,92.490000,2.390560,0.486814,16330
26,4,6584,fpga,cifar10,94.160000,4.163360,0.486814,16330
26,4,12438,fpga,cifar10,89.875000,1.648160,0.486814,16330
26,4,8720,fpga,cifar10,89.875000,1.648160,0.486814,16330
26,5,1497,pixel3,cifar10,86.556660,1.056630,0.772839,16104
26,5,6854,pixel3,cifar10,91.040000,4.514220,0.772839,16104
26,5,6330,pixel3,cifar10,94.006670,11.512400,0.772839,16104
26,5,10689,pixel3,cifar10,90.790000,2.669770,0.772839,16104
26,5,294,pixel3,cifar10,92.096664,5.824630,0.772839,16104
26,5,1781,pixel3,cifar10,89.883330,1.712020,0.772839,16104
26,5,6985,pixel3,cifar10,89.940000,2.367450,0.772839,16104
26,5,8695,pixel3,cifar10,94.220000,17.564500,0.772839,16104
26,5,2018,pixel3,cifar10,94.063330,14.960500,0.772839,16104
26,5,1941,pixel3,cifar10,93.533330,9.128690,0.772839,16104
26,5,5111,pixel3,cifar10,94.306660,17.584600,0.772839,16104
26,5,3731,pixel3,cifar10,94.343330,23.361300,0.772839,16104
26,5,10275,pixel3,cifar10,91.080000,4.818050,0.772839,16104
26,5,12452,pixel3,cifar10,91.350000,5.590110,0.772839,16104
26,5,13987,pixel3,cifar10,93.596664,9.922680,0.772839,16104
26,5,6382,pixel3,cifar10,93.376660,7.048190,0.772839,16104
26,5,6863,pixel3,cifar10,86.740000,1.229320,0.772839,16104
26,5,2779,pixel3,cifar10,90.806660,3.102950,0.772839,16104
26,5,4627,pixel3,cifar10,93.270000,7.036050,0.772839,16104
26,5,6111,pixel3,cifar10,94.373340,23.584800,0.772839,16104
26,5,6918,pixel3,cifar10,87.000000,1.478790,0.772839,16104
26,5,6899,pixel3,cifar10,90.900000,3.961410,0.772839,16104
26,5,7197,pixel3,cifar10,90.366670,2.447670,0.772839,16104
26,5,11692,pixel3,cifar10,94.130000,15.490100,0.772839,16104
26,5,5224,pixel3,cifar10,88.980000,1.570360,0.772839,16104
26,5,7001,pixel3,cifar10,10.000000,0.003277,0.772839,16104
26,5,78,pixel3,cifar10,91.933334,5.807870,0.772839,16104
26,5,8323,pixel3,cifar10,90.870000,3.106420,0.772839,16104
26,5,8592,pixel3,cifar10,93.750000,10.769800,0.772839,16104
26,5,7017,pixel3,cifar10,86.970000,1.403930,0.772839,16104
26,5,2035,pixel3,cifar10,89.670000,1.706480,0.772839,16104
26,5,9230,pixel3,cifar10,86.580000,1.056760,0.772839,16104
26,5,13171,pixel3,cifar10,93.530000,7.717220,0.772839,16104
26,5,13869,pixel3,cifar10,93.656670,10.634700,0.772839,16104
26,5,1804,pixel3,cifar10,89.063330,1.579900,0.772839,16104
26,5,1943,pixel3,cifar10,93.116670,6.492030,0.772839,16104
26,5,3,pixel3,cifar10,86.616670,1.062640,0.772839,16104
26,5,4554,pixel3,cifar10,86.670000,1.114880,0.772839,16104
26,5,6624,pixel3,cifar10,89.120000,1.670570,0.772839,16104
26,5,11972,pixel3,cifar10,91.510000,5.627010,0.772839,16104
26,5,1778,pixel3,cifar10,92.180000,6.446230,0.772839,16104
26,5,1196,pixel3,cifar10,92.020000,5.810240,0.772839,16104
26,6,13320,raspi4,cifar10,89.330000,4.889096,0.735725,16039
26,6,5780,raspi4,cifar10,93.980000,34.928463,0.735725,16039
26,6,5111,raspi4,cifar10,94.306660,41.756905,0.735725,16039
26,6,13846,raspi4,cifar10,90.720000,7.176163,0.735725,16039
26,6,1781,raspi4,cifar10,89.883330,5.961801,0.735725,16039
26,6,8323,raspi4,cifar10,90.870000,7.426308,0.735725,16039
26,6,9271,raspi4,cifar10,89.250000,4.830311,0.735725,16039
26,6,8426,raspi4,cifar10,93.840000,31.394428,0.735725,16039
26,6,7045,raspi4,cifar10,89.576670,5.035095,0.735725,16039
26,6,7017,raspi4,cifar10,86.970000,2.544041,0.735725,16039
26,6,6382,raspi4,cifar10,93.376660,21.461164,0.735725,16039
26,6,1941,raspi4,cifar10,93.533330,25.121769,0.735725,16039
26,6,4078,raspi4,cifar10,89.526665,5.017905,0.735725,16039
26,6,11810,raspi4,cifar10,92.780000,18.619905,0.735725,16039
26,6,6584,raspi4,cifar10,94.160000,38.818527,0.735725,16039
26,6,1690,raspi4,cifar10,86.646670,2.536549,0.735725,16039
26,6,10412,raspi4,cifar10,93.530000,25.079220,0.735725,16039
26,6,7207,raspi4,cifar10,89.803340,5.099723,0.735725,16039
26,6,12504,raspi4,cifar10,92.130000,16.890614,0.735725,16039
26,6,2058,raspi4,cifar10,93.270000,19.484835,0.735725,16039
26,6,14565,raspi4,cifar10,88.880000,4.781183,0.735725,16039
26,6,9980,raspi4,cifar10,10.000000,0.011284,0.735725,16039
26,6,1804,raspi4,cifar10,89.063330,4.791845,0.735725,16039
26,6,6918,raspi4,cifar10,87.000000,2.787590,0.735725,16039
26,6,4210,raspi4,cifar10,89.030000,4.782748,0.735725,16039
26,6,6111,raspi4,cifar10,94.373340,68.404106,0.735725,16039
26,6,3731,raspi4,cifar10,94.343330,58.070793,0.735725,16039
26,6,8008,raspi4,cifar10,93.480000,22.571420,0.735725,16039
26,6,8592,raspi4,cifar10,93.750000,25.477009,0.735725,16039
26,6,11692,raspi4,cifar10,94.130000,37.583630,0.735725,16039
26,6,4659,raspi4,cifar10,93.396670,22.249382,0.735725,16039
26,6,6960,raspi4,cifar10,92.280000,17.162752,0.735725,16039
26,6,10275,raspi4,cifar10,91.080000,9.993188,0.735725,16039
26,6,6953,raspi4,cifar10,91.990000,15.601654,0.735725,16039
26,7,8401,edgegpu,cifar100,71.080000,3.302102,0.561803,16279
26,7,9997,edgegpu,cifar100,71.520000,3.466139,0.561803,16279
26,7,9922,edgegpu,cifar100,58.560000,1.428552,0.561803,16279
26,7,2304,edgegpu,cifar100,58.660000,1.440253,0.561803,16279
26,7,9930,edgegpu,cifar100,73.513336,6.803060,0.561803,16279
26,7,12238,edgegpu,cifar100,67.240000,1.772847,0.561803,16279
26,7,2778,edgegpu,cifar100,72.993330,6.134028,0.561803,16279
26,7,3888,edgegpu,cifar100,73.260000,6.797867,0.561803,16279
26,7,4418,edgegpu,cifar100,72.746666,5.352364,0.561803,16279
26,7,11885,edgegpu,cifar100,68.040000,1.776652,0.561803,16279
26,7,4954,edgegpu,cifar100,73.000000,6.669736,0.561803,16279
26,7,12415,edgegpu,cifar100,71.940000,4.828467,0.561803,16279
26,7,1425,edgegpu,cifar100,72.093330,5.310225,0.561803,16279
26,7,1509,edgegpu,cifar100,1.000000,0.505853,0.561803,16279
26,7,6381,edgegpu,cifar100,66.800000,1.753340,0.561803,16279
26,7,11810,edgegpu,cifar100,68.300000,1.779551,0.561803,16279
26,7,6124,edgegpu,cifar100,68.360000,3.185835,0.561803,16279
26,7,8912,edgegpu,cifar100,59.200000,1.441355,0.561803,16279
26,7,14984,edgegpu,cifar100,67.166664,1.760831,0.561803,16279
26,7,11067,edgegpu,cifar100,58.186670,1.427836,0.561803,16279
26,8,6946,edgetpu,cifar100,67.500000,0.486233,0.667148,15910
26,8,9930,edgetpu,cifar100,73.513336,1.454107,0.667148,15910
26,8,8401,edgetpu,cifar100,71.080000,0.728572,0.667148,15910
26,8,3487,edgetpu,cifar100,70.093330,0.637182,0.667148,15910
26,8,12574,edgetpu,cifar100,72.740000,0.932430,0.667148,15910
26,8,14774,edgetpu,cifar100,61.620000,0.391679,0.667148,15910
26,8,9997,edgetpu,cifar100,71.520000,0.729986,0.667148,15910
26,8,431,edgetpu,cifar100,67.626660,0.488557,0.667148,15910
26,8,5019,edgetpu,cifar100,58.880000,0.357058,0.667148,15910
26,8,8638,edgetpu,cifar100,58.860000,0.356631,0.667148,15910
26,8,1425,edgetpu,cifar100,72.093330,0.910660,0.667148,15910
26,8,1110,edgetpu,cifar100,58.840000,0.355938,0.667148,15910
26,8,12415,edgetpu,cifar100,71.940000,0.872299,0.667148,15910
26,8,4627,edgetpu,cifar100,69.600000,0.635153,0.667148,15910
26,8,3888,edgetpu,cifar100,73.260000,1.316226,0.667148,15910
26,8,797,edgetpu,cifar100,69.580000,0.633351,0.667148,15910
26,8,577,edgetpu,cifar100,69.680000,0.635228,0.667148,15910
26,8,8912,edgetpu,cifar100,59.200000,0.377698,0.667148,15910
26,8,11810,edgetpu,cifar100,68.300000,0.492126,0.667148,15910
26,8,7760,edgetpu,cifar100,67.800000,0.489248,0.667148,15910
26,8,4418,edgetpu,cifar100,72.746666,1.093699,0.667148,15910
26,8,11533,edgetpu,cifar100,69.760000,0.635877,0.667148,15910
26,8,2705,edgetpu,cifar100,62.813330,0.393026,0.667148,15910
26,8,10000,edgetpu,cifar100,73.160000,1.283461,0.667148,15910
26,8,1383,edgetpu,cifar100,70.273330,0.673722,0.667148,15910
26,8,777,edgetpu,cifar100,58.650000,0.355588,0.667148,15910
26,8,6974,edgetpu,cifar100,61.880000,0.392555,0.667148,15910
26,8,3303,edgetpu,cifar100,62.420000,0.392593,0.667148,15910
26,8,11885,edgetpu,cifar100,68.040000,0.489665,0.667148,15910
26,8,69,edgetpu,cifar100,71.020000,0.727259,0.667148,15910
26,8,14945,edgetpu,cifar100,58.500000,0.354940,0.667148,15910
26,8,12607,edgetpu,cifar100,62.600000,0.392830,0.667148,15910
26,8,13760,edgetpu,cifar100,61.686670,0.392028,0.667148,15910
26,8,12761,edgetpu,cifar100,72.860000,1.225212,0.667148,15910
26,8,15363,edgetpu,cifar100,70.520000,0.676394,0.667148,15910
26,8,9271,edgetpu,cifar100,63.400000,0.393151,0.667148,15910
26,8,857,edgetpu,cifar100,72.880000,1.264168,0.667148,15910
26,8,13829,edgetpu,cifar100,66.873340,0.485137,0.667148,15910
26,8,8915,edgetpu,cifar100,61.746666,0.392179,0.667148,15910
26,9,11973,eyeriss,cifar100,70.340000,3.402880,0.489543,16548
26,9,14112,eyeriss,cifar100,68.386665,2.911360,0.489543,16548
26,9,3540,eyeriss,cifar100,71.500000,4.877440,0.489543,16548
26,9,14714,eyeriss,cifar100,71.280000,4.140160,0.489543,16548
26,9,12574,eyeriss,cifar100,72.740000,5.123200,0.489543,16548
26,9,12820,eyeriss,cifar100,67.720000,2.419840,0.489543,16548
26,9,10689,eyeriss,cifar100,67.500000,2.174080,0.489543,16548
26,9,11301,eyeriss,cifar100,68.220000,2.665600,0.489543,16548
26,9,3687,eyeriss,cifar100,64.460000,1.928320,0.489543,16548
26,9,9930,eyeriss,cifar100,73.513336,9.055360,0.489543,16548
26,9,12761,eyeriss,cifar100,72.860000,6.352000,0.489543,16548
26,9,5084,eyeriss,cifar100,58.813330,1.682560,0.489543,16548
26,9,3888,eyeriss,cifar100,73.260000,6.597760,0.489543,16548
26,9,5725,eyeriss,cifar100,70.600000,3.648640,0.489543,16548
26,9,6925,eyeriss,cifar100,71.220000,3.894400,0.489543,16548
26,10,5084,fpga,cifar100,58.813330,1.132960,0.525826,16328
26,10,9930,fpga,cifar100,73.513336,7.420960,0.525826,16328
26,10,6925,fpga,cifar100,71.220000,3.936160,0.525826,16328
26,10,7250,fpga,cifar100,67.706665,2.390560,0.525826,16328
26,10,5725,fpga,cifar100,70.600000,3.420960,0.525826,16328
26,10,898,fpga,cifar100,70.000000,2.905760,0.525826,16328
26,10,69,fpga,cifar100,71.020000,3.648160,0.525826,16328
26,10,3888,fpga,cifar100,73.260000,5.936160,0.525826,16328
26,10,375,fpga,cifar100,64.440000,1.648160,0.525826,16328
26,10,3540,fpga,cifar100,71.500000,4.163360,0.525826,16328
26,10,4249,fpga,cifar100,65.080000,2.057760,0.525826,16328
26,10,12574,fpga,cifar100,72.740000,4.678560,0.525826,16328
26,10,10689,fpga,cifar100,67.500000,2.163360,0.525826,16328
26,10,12761,fpga,cifar100,72.860000,5.420960,0.525826,16328
26,10,8139,fpga,cifar100,64.440000,1.648160,0.525826,16328
26,10,12820,fpga,cifar100,67.720000,2.678560,0.525826,16328
26,11,11635,pixel3,cifar100,64.640000,2.823120,0.760363,15883
26,11,296,pixel3,cifar100,63.786667,2.368090,0.760363,15883
26,11,6787,pixel3,cifar100,70.720000,9.854430,0.760363,15883
26,11,1147,pixel3,cifar100,63.993332,2.371520,0.760363,15883
26,11,9930,pixel3,cifar100,73.513336,42.003600,0.760363,15883
26,11,657,pixel3,cifar100,58.233334,1.233070,0.760363,15883
26,11,6985,pixel3,cifar100,64.160000,2.372000,0.760363,15883
26,11,1409,pixel3,cifar100,58.853333,1.275090,0.760363,15883
26,11,5019,pixel3,cifar100,58.880000,1.483640,0.760363,15883
26,11,12574,pixel3,cifar100,72.740000,16.473900,0.760363,15883
26,11,12970,pixel3,cifar100,68.140000,4.782110,0.760363,15883
26,11,1459,pixel3,cifar100,73.140000,23.437900,0.760363,15883
26,11,704,pixel3,cifar100,62.870000,1.913330,0.760363,15883
26,11,6337,pixel3,cifar100,1.000000,0.008753,0.760363,15883
26,11,11301,pixel3,cifar100,68.220000,5.352090,0.760363,15883
26,11,978,pixel3,cifar100,64.180000,2.372340,0.760363,15883
26,11,9997,pixel3,cifar100,71.520000,14.777900,0.760363,15883
26,11,3776,pixel3,cifar100,66.920000,3.109320,0.760363,15883
26,11,3888,pixel3,cifar100,73.260000,23.477200,0.760363,15883
26,11,15363,pixel3,cifar100,70.520000,9.708640,0.760363,15883
26,11,1383,pixel3,cifar100,70.273330,9.668440,0.760363,15883
26,11,8638,pixel3,cifar100,58.860000,1.478570,0.760363,15883
26,11,4359,pixel3,cifar100,64.233330,2.379870,0.760363,15883
26,11,15589,pixel3,cifar100,59.060000,1.483890,0.760363,15883
26,11,9649,pixel3,cifar100,64.540000,2.536210,0.760363,15883
26,11,898,pixel3,cifar100,70.000000,6.516140,0.760363,15883
26,11,1425,pixel3,cifar100,72.093330,15.692300,0.760363,15883
26,11,8853,pixel3,cifar100,71.220000,12.088100,0.760363,15883
26,11,485,pixel3,cifar100,67.593330,4.124800,0.760363,15883
26,11,1583,pixel3,cifar100,71.326670,12.345800,0.760363,15883
26,11,857,pixel3,cifar100,72.880000,19.113200,0.760363,15883
26,11,2649,pixel3,cifar100,64.446660,2.496890,0.760363,15883
26,11,4731,pixel3,cifar100,67.046670,3.712030,0.760363,15883
26,11,1357,pixel3,cifar100,67.480000,3.998260,0.760363,15883
26,11,11000,pixel3,cifar100,71.180000,10.677600,0.760363,15883
26,11,1781,pixel3,cifar100,64.326670,2.386170,0.760363,15883
26,11,12915,pixel3,cifar100,66.950000,3.129190,0.760363,15883
26,11,1595,pixel3,cifar100,62.146667,1.665240,0.760363,15883
26,11,14112,pixel3,cifar100,68.386665,5.745320,0.760363,15883
26,11,9271,pixel3,cifar100,63.400000,2.201440,0.760363,15883
26,12,4409,raspi4,cifar100,67.173330,7.228629,0.724947,15950
26,12,10689,raspi4,cifar100,67.500000,7.381845,0.724947,15950
26,12,15363,raspi4,cifar100,70.520000,21.809430,0.724947,15950
26,12,12915,raspi4,cifar100,66.950000,7.226311,0.724947,15950
26,12,9930,raspi4,cifar100,73.513336,71.152000,0.724947,15950
26,12,2222,raspi4,cifar100,58.313330,2.538255,0.724947,15950
26,12,14612,raspi4,cifar100,58.720000,2.563505,0.724947,15950
26,12,4418,raspi4,cifar100,72.746666,47.162354,0.724947,15950
26,12,375,raspi4,cifar100,64.440000,5.099302,0.724947,15950
26,12,1572,raspi4,cifar100,69.900000,19.916142,0.724947,15950
26,12,10222,raspi4,cifar100,58.860000,2.747804,0.724947,15950
26,12,13430,raspi4,cifar100,66.700000,7.203785,0.724947,15950
26,12,14792,raspi4,cifar100,69.500000,19.111843,0.724947,15950
26,12,9997,raspi4,cifar100,71.520000,34.996710,0.724947,15950
26,12,3888,raspi4,cifar100,73.260000,55.029520,0.724947,15950
26,12,1631,raspi4,cifar100,63.986668,5.097326,0.724947,15950
26,12,6830,raspi4,cifar100,71.460000,34.491814,0.724947,15950
26,12,4659,raspi4,cifar100,70.060000,21.672482,0.724947,15950
26,12,10313,raspi4,cifar100,67.820000,14.691363,0.724947,15950
26,12,11272,raspi4,cifar100,68.260000,14.764390,0.724947,15950
26,12,12574,raspi4,cifar100,72.740000,36.371254,0.724947,15950
26,12,8912,raspi4,cifar100,59.200000,2.818969,0.724947,15950
26,12,12761,raspi4,cifar100,72.860000,53.718200,0.724947,15950
26,12,6918,raspi4,cifar100,58.800000,2.571364,0.724947,15950
26,12,15589,raspi4,cifar100,59.060000,2.795078,0.724947,15950
26,12,1459,raspi4,cifar100,73.140000,53.879950,0.724947,15950
26,12,6925,raspi4,cifar100,71.220000,24.195030,0.724947,15950
26,12,8740,raspi4,cifar100,1.000000,0.015215,0.724947,15950
26,12,9271,raspi4,cifar100,63.400000,4.800893,0.724947,15950
26,12,898,raspi4,cifar100,70.000000,21.506163,0.724947,15950
26,12,14714,raspi4,cifar100,71.280000,24.692347,0.724947,15950
26,12,6815,raspi4,cifar100,61.980000,4.799369,0.724947,15950
26,12,9926,raspi4,cifar100,63.520000,4.999532,0.724947,15950
26,12,2035,raspi4,cifar100,63.926666,5.005698,0.724947,15950
26,12,7115,raspi4,cifar100,68.160000,14.756705,0.724947,15950
26,12,6787,raspi4,cifar100,70.720000,23.081835,0.724947,15950
26,12,10042,raspi4,cifar100,64.880000,5.100886,0.724947,15950
26,12,6930,raspi4,cifar100,61.720000,4.798524,0.724947,15950
26,12,6822,raspi4,cifar100,58.426666,2.558594,0.724947,15950
26,13,14612,edgegpu,ImageNet16-120,28.488890,1.434064,0.611750,16230
26,13,5674,edgegpu,ImageNet16-120,39.650000,1.763358,0.611750,16230
26,13,8884,edgegpu,ImageNet16-120,45.033333,3.499999,0.611750,16230
26,13,4988,edgegpu,ImageNet16-120,28.933332,1.448212,0.611750,16230
26,13,9586,edgegpu,ImageNet16-120,46.933334,5.222673,0.611750,16230
26,13,4946,edgegpu,ImageNet16-120,44.700000,3.490419,0.611750,16230
26,13,8426,edgegpu,ImageNet16-120,44.633335,3.370147,0.611750,16230
26,13,1164,edgegpu,ImageNet16-120,28.522223,1.435223,0.611750,16230
26,13,7760,edgegpu,ImageNet16-120,39.100000,1.743751,0.611750,16230
26,13,4587,edgegpu,ImageNet16-120,28.800000,1.445131,0.611750,16230
26,13,5751,edgegpu,ImageNet16-120,40.044445,2.434626,0.611750,16230
26,13,11217,edgegpu,ImageNet16-120,43.466667,3.316708,0.611750,16230
26,13,9722,edgegpu,ImageNet16-120,44.000000,3.327813,0.611750,16230
26,13,12415,edgegpu,ImageNet16-120,46.566666,4.667692,0.611750,16230
26,13,13760,edgegpu,ImageNet16-120,32.333332,1.739759,0.611750,16230
26,13,14117,edgegpu,ImageNet16-120,28.677778,1.435547,0.611750,16230
26,13,11438,edgegpu,ImageNet16-120,39.733334,1.903386,0.611750,16230
26,13,4332,edgegpu,ImageNet16-120,39.444443,1.745496,0.611750,16230
26,13,7187,edgegpu,ImageNet16-120,28.683332,1.443858,0.611750,16230
26,13,12081,edgegpu,ImageNet16-120,40.233334,2.730479,0.611750,16230
26,13,6950,edgegpu,ImageNet16-120,38.700000,1.740150,0.611750,16230
26,13,15288,edgegpu,ImageNet16-120,28.422222,1.417041,0.611750,16230
26,13,15159,edgegpu,ImageNet16-120,45.566666,4.632421,0.611750,16230
26,13,14840,edgegpu,ImageNet16-120,45.311110,4.224715,0.611750,16230
26,13,15376,edgegpu,ImageNet16-120,0.833333,0.533953,0.611750,16230
26,13,8401,edgegpu,ImageNet16-120,43.833332,3.322444,0.611750,16230
26,13,2650,edgegpu,ImageNet16-120,42.433334,3.309817,0.611750,16230
26,13,8355,edgegpu,ImageNet16-120,39.666668,1.810203,0.611750,16230
26,14,70,edgetpu,ImageNet16-120,39.377777,0.428228,0.687820,16075
26,14,10017,edgetpu,ImageNet16-120,40.566666,0.524950,0.687820,16075
26,14,9689,edgetpu,ImageNet16-120,42.533333,0.549702,0.687820,16075
26,14,12231,edgetpu,ImageNet16-120,40.200000,0.518358,0.687820,16075
26,14,4830,edgetpu,ImageNet16-120,42.233334,0.549457,0.687820,16075
26,14,14662,edgetpu,ImageNet16-120,41.166668,0.547835,0.687820,16075
26,14,10332,edgetpu,ImageNet16-120,40.033333,0.516152,0.687820,16075
26,14,12415,edgetpu,ImageNet16-120,46.566666,0.710906,0.687820,16075
26,14,8884,edgetpu,ImageNet16-120,45.033333,0.615792,0.687820,16075
26,14,10167,edgetpu,ImageNet16-120,39.944443,0.444058,0.687820,16075
26,14,4160,edgetpu,ImageNet16-120,39.833332,0.430355,0.687820,16075
26,14,4988,edgetpu,ImageNet16-120,28.933332,0.360694,0.687820,16075
26,14,15107,edgetpu,ImageNet16-120,39.800000,0.430284,0.687820,16075
26,14,13931,edgetpu,ImageNet16-120,28.788889,0.360349,0.687820,16075
26,14,857,edgetpu,ImageNet16-120,47.311110,0.997730,0.687820,16075
26,14,7750,edgetpu,ImageNet16-120,43.066666,0.551617,0.687820,16075
26,14,7273,edgetpu,ImageNet16-120,42.966667,0.550014,0.687820,16075
26,14,11885,edgetpu,ImageNet16-120,39.166668,0.427395,0.687820,16075
26,14,3540,edgetpu,ImageNet16-120,45.122223,0.648670,0.687820,16075
26,14,9109,edgetpu,ImageNet16-120,39.466667,0.428971,0.687820,16075
26,14,13769,edgetpu,ImageNet16-120,41.555557,0.549360,0.687820,16075
26,14,13972,edgetpu,ImageNet16-120,31.933332,0.363440,0.687820,16075
26,14,15383,edgetpu,ImageNet16-120,47.033333,0.780914,0.687820,16075
26,14,15363,edgetpu,ImageNet16-120,44.333332,0.582280,0.687820,16075
26,14,7357,edgetpu,ImageNet16-120,44.666668,0.600498,0.687820,16075
26,14,15014,edgetpu,ImageNet16-120,28.266666,0.358110,0.687820,16075
26,14,5751,edgetpu,ImageNet16-120,40.044445,0.516992,0.687820,16075
26,14,5530,edgetpu,ImageNet16-120,42.577778,0.549937,0.687820,16075
26,14,7431,edgetpu,ImageNet16-120,32.577778,0.363954,0.687820,16075
26,14,6407,edgetpu,ImageNet16-120,32.333332,0.363748,0.687820,16075
26,14,11079,edgetpu,ImageNet16-120,43.566666,0.552430,0.687820,16075
26,14,6520,edgetpu,ImageNet16-120,32.383335,0.363944,0.687820,16075
26,14,7837,edgetpu,ImageNet16-120,32.111110,0.363571,0.687820,16075
26,14,14677,edgetpu,ImageNet16-120,33.233334,0.364575,0.687820,16075
26,15,1939,eyeriss,ImageNet16-120,45.077778,0.976000,0.448886,16432
26,15,4988,eyeriss,ImageNet16-120,28.933332,0.423040,0.448886,16432
26,15,6854,eyeriss,ImageNet16-120,40.800000,0.668800,0.448886,16432
26,15,15383,eyeriss,ImageNet16-120,47.033333,1.283200,0.448886,16432
26,15,8853,eyeriss,ImageNet16-120,45.600000,1.037440,0.448886,16432
26,15,5487,eyeriss,ImageNet16-120,38.500000,0.607360,0.448886,16432
26,15,2835,eyeriss,ImageNet16-120,38.222220,0.545920,0.448886,16432
26,15,6787,eyeriss,ImageNet16-120,44.400000,0.914560,0.448886,16432
26,15,857,eyeriss,ImageNet16-120,47.311110,1.651840,0.448886,16432
26,15,4829,eyeriss,ImageNet16-120,34.200000,0.484480,0.448886,16432
26,15,8008,eyeriss,ImageNet16-120,43.500000,0.853120,0.448886,16432
26,16,857,fpga,ImageNet16-120,47.311110,2.038400,0.526068,16173
26,16,15383,fpga,ImageNet16-120,47.033333,1.504000,0.526068,16173
26,16,15446,fpga,ImageNet16-120,45.766666,1.116320,0.526068,16173
26,16,4829,fpga,ImageNet16-120,34.200000,0.415520,0.526068,16173
26,16,6787,fpga,ImageNet16-120,44.400000,0.969600,0.526068,16173
26,16,4988,fpga,ImageNet16-120,28.933332,0.284320,0.526068,16173
26,16,5793,fpga,ImageNet16-120,35.033333,0.517920,0.526068,16173
26,16,1939,fpga,ImageNet16-120,45.077778,1.062400,0.526068,16173
26,16,10017,fpga,ImageNet16-120,40.566666,0.784000,0.526068,16173
26,16,2835,fpga,ImageNet16-120,38.222220,0.546720,0.526068,16173
26,16,6868,fpga,ImageNet16-120,39.000000,0.649120,0.526068,16173
26,16,14748,fpga,ImageNet16-120,44.900000,0.995200,0.526068,16173
26,16,6854,fpga,ImageNet16-120,40.800000,0.809120,0.526068,16173
26,16,8008,fpga,ImageNet16-120,43.500000,0.876800,0.526068,16173
26,16,14417,fpga,ImageNet16-120,45.900000,1.276320,0.526068,16173
26,16,12452,fpga,ImageNet16-120,40.533333,0.780320,0.526068,16173
26,16,11079,fpga,ImageNet16-120,43.566666,0.902400,0.526068,16173
26,17,11079,pixel3,ImageNet16-120,43.566666,2.479610,0.712946,15929
26,17,4977,pixel3,ImageNet16-120,32.966667,0.617991,0.712946,15929
26,17,6854,pixel3,ImageNet16-120,40.800000,1.621620,0.712946,15929
26,17,10154,pixel3,ImageNet16-120,46.133335,4.783700,0.712946,15929
26,17,4587,pixel3,ImageNet16-120,28.800000,0.445767,0.712946,15929
26,17,10340,pixel3,ImageNet16-120,31.522223,0.617772,0.712946,15929
26,17,1425,pixel3,ImageNet16-120,45.977780,4.619290,0.712946,15929
26,17,898,pixel3,ImageNet16-120,42.466667,2.467210,0.712946,15929
26,17,5487,pixel3,ImageNet16-120,38.500000,1.109150,0.712946,15929
26,17,1110,pixel3,ImageNet16-120,28.600000,0.423927,0.712946,15929
26,17,11000,pixel3,ImageNet16-120,44.866665,2.962520,0.712946,15929
26,17,8584,pixel3,ImageNet16-120,34.088890,0.664046,0.712946,15929
26,17,12466,pixel3,ImageNet16-120,46.100000,4.680280,0.712946,15929
26,17,12639,pixel3,ImageNet16-120,40.400000,1.304440,0.712946,15929
26,17,12424,pixel3,ImageNet16-120,43.133330,2.470150,0.712946,15929
26,17,10293,pixel3,ImageNet16-120,28.188889,0.422463,0.712946,15929
26,17,1549,pixel3,ImageNet16-120,28.655556,0.424747,0.712946,15929
26,17,4988,pixel3,ImageNet16-120,28.933332,0.485996,0.712946,15929
26,17,2835,pixel3,ImageNet16-120,38.222220,0.868646,0.712946,15929
26,17,857,pixel3,ImageNet16-120,47.311110,6.686850,0.712946,15929
26,17,1939,pixel3,ImageNet16-120,45.077778,3.021500,0.712946,15929
26,17,2018,pixel3,ImageNet16-120,46.433334,4.949210,0.712946,15929
26,17,8853,pixel3,ImageNet16-120,45.600000,3.554540,0.712946,15929
26,17,13756,pixel3,ImageNet16-120,0.833333,0.005289,0.712946,15929
26,17,4432,pixel3,ImageNet16-120,37.800000,0.861157,0.712946,15929
26,17,13059,pixel3,ImageNet16-120,34.266666,0.668679,0.712946,15929
26,17,872,pixel3,ImageNet16-120,41.777780,2.465030,0.712946,15929
26,17,14417,pixel3,ImageNet16-120,45.900000,4.143030,0.712946,15929
26,17,3728,pixel3,ImageNet16-120,28.500000,0.422880,0.712946,15929
26,17,12452,pixel3,ImageNet16-120,40.533333,1.504410,0.712946,15929
26,17,2899,pixel3,ImageNet16-120,43.911110,2.701210,0.712946,15929
26,17,6014,pixel3,ImageNet16-120,28.533333,0.423391,0.712946,15929
26,17,15383,pixel3,ImageNet16-120,47.033333,5.191720,0.712946,15929
26,17,12516,pixel3,ImageNet16-120,32.083332,0.617816,0.712946,15929
26,17,4895,pixel3,ImageNet16-120,33.200000,0.619070,0.712946,15929
26,18,10715,raspi4,ImageNet16-120,45.533333,6.790813,0.803845,16241
26,18,7227,raspi4,ImageNet16-120,32.533333,1.530737,0.803845,16241
26,18,6519,raspi4,ImageNet16-120,40.183334,3.212652,0.803845,16241
26,18,10167,raspi4,ImageNet16-120,39.944443,3.106316,0.803845,16241
26,18,933,raspi4,ImageNet16-120,0.833333,0.011514,0.803845,16241
26,18,4988,raspi4,ImageNet16-120,28.933332,1.003251,0.803845,16241
26,18,10472,raspi4,ImageNet16-120,39.633335,3.079679,0.803845,16241
26,18,8683,raspi4,ImageNet16-120,44.200000,4.462997,0.803845,16241
26,18,10835,raspi4,ImageNet16-120,45.233334,6.632419,0.803845,16241
26,18,14417,raspi4,ImageNet16-120,45.900000,6.948865,0.803845,16241
26,18,11584,raspi4,ImageNet16-120,46.666668,8.014434,0.803845,16241
26,18,13771,raspi4,ImageNet16-120,32.744446,1.533813,0.803845,16241
26,18,12505,raspi4,ImageNet16-120,39.283333,3.062432,0.803845,16241
26,18,11079,raspi4,ImageNet16-120,43.566666,3.802027,0.803845,16241
26,18,7187,raspi4,ImageNet16-120,28.683332,0.952790,0.803845,16241
26,18,15107,raspi4,ImageNet16-120,39.800000,3.083329,0.803845,16241
26,18,11946,raspi4,ImageNet16-120,28.200000,0.940293,0.803845,16241
26,18,3431,raspi4,ImageNet16-120,32.966667,1.536690,0.803845,16241
26,18,857,raspi4,ImageNet16-120,47.311110,9.020064,0.803845,16241
26,18,12639,raspi4,ImageNet16-120,40.400000,3.628959,0.803845,16241
26,18,2018,raspi4,ImageNet16-120,46.433334,7.482383,0.803845,16241
26,18,15363,raspi4,ImageNet16-120,44.333332,4.480516,0.803845,16241
26,18,6336,raspi4,ImageNet16-120,39.366665,3.073392,0.803845,16241
26,18,15383,raspi4,ImageNet16-120,47.033333,8.565354,0.803845,16241
26,18,219,raspi4,ImageNet16-120,42.500000,3.768475,0.803845,16241
26,18,2649,raspi4,ImageNet16-120,33.788887,1.582191,0.803845,16241
26,18,1413,raspi4,ImageNet16-120,42.711113,3.788479,0.803845,16241
26,18,3782,raspi4,ImageNet16-120,41.866665,3.755286,0.803845,16241
26,18,5973,raspi4,ImageNet16-120,40.100000,3.159922,0.803845,16241
26,18,8426,raspi4,ImageNet16-120,44.633335,5.288439,0.803845,16241
26,18,1939,raspi4,ImageNet16-120,45.077778,5.341908,0.803845,16241
26,18,1188,raspi4,ImageNet16-120,32.455555,1.526725,0.803845,16241
26,18,4995,raspi4,ImageNet16-120,42.166668,3.766336,0.803845,16241
26,18,13931,raspi4,ImageNet16-120,28.788889,0.956195,0.803845,16241
26,18,380,raspi4,ImageNet16-120,38.900000,3.038936,0.803845,16241
26,18,6854,raspi4,ImageNet16-120,40.800000,3.661016,0.803845,16241
26,18,3960,raspi4,ImageNet16-120,37.755554,2.197980,0.803845,16241
26,18,45,raspi4,ImageNet16-120,33.611110,1.581422,0.803845,16241
26,18,9032,raspi4,ImageNet16-120,38.016666,2.201532,0.803845,16241
26,18,9496,raspi4,ImageNet16-120,38.200000,2.204048,0.803845,16241
26,18,13284,raspi4,ImageNet16-120,40.177776,3.191073,0.803845,16241
26,18,5530,raspi4,ImageNet16-120,42.577778,3.785925,0.803845,16241
26,18,2112,raspi4,ImageNet16-120,38.355556,2.925188,0.803845,16241
26,18,3496,raspi4,ImageNet16-120,34.233334,1.598666,0.803845,16241
26,18,3192,raspi4,ImageNet16-120,45.477780,6.675633,0.803845,16241
26,18,8884,raspi4,ImageNet16-120,45.033333,5.293177,0.803845,16241
26,18,5487,raspi4,ImageNet16-120,38.500000,3.019000,0.803845,16241
26,18,12358,raspi4,ImageNet16-120,34.055557,1.582727,0.803845,16241
26,18,4179,raspi4,ImageNet16-120,38.433334,2.951226,0.803845,16241
26,18,2779,raspi4,ImageNet16-120,37.355556,2.190654,0.803845,16241
27,1,14090,edgegpu,cifar10,92.086670,1.749086,0.631838,16343
27,1,2776,edgegpu,cifar10,93.666664,3.331194,0.631838,16343
27,1,13714,edgegpu,cifar10,94.373340,6.772180,0.631838,16343
27,1,2053,edgegpu,cifar10,94.206665,5.482254,0.631838,16343
27,1,14527,edgegpu,cifar10,86.765000,1.439619,0.631838,16343
27,1,5780,edgegpu,cifar10,93.980000,3.361888,0.631838,16343
27,1,6960,edgegpu,cifar10,92.280000,1.764450,0.631838,16343
27,1,13401,edgegpu,cifar10,87.010000,1.457009,0.631838,16343
27,1,1459,edgegpu,cifar10,94.296670,6.748991,0.631838,16343
27,1,10484,edgegpu,cifar10,93.810000,3.354015,0.631838,16343
27,1,14407,edgegpu,cifar10,86.770000,1.440282,0.631838,16343
27,1,6330,edgegpu,cifar10,94.006670,4.384699,0.631838,16343
27,1,1339,edgegpu,cifar10,92.136665,1.751881,0.631838,16343
27,1,1549,edgegpu,cifar10,86.710000,1.436324,0.631838,16343
27,1,9099,edgegpu,cifar10,93.940000,3.357520,0.631838,16343
27,1,6499,edgegpu,cifar10,93.645000,3.331041,0.631838,16343
27,1,561,edgegpu,cifar10,86.880000,1.451068,0.631838,16343
27,1,11692,edgegpu,cifar10,94.130000,4.708362,0.631838,16343
27,1,15200,edgegpu,cifar10,10.000000,0.501385,0.631838,16343
27,1,10683,edgegpu,cifar10,92.330000,1.924162,0.631838,16343
27,1,11810,edgegpu,cifar10,92.780000,1.992798,0.631838,16343
27,1,5292,edgegpu,cifar10,94.293335,6.663151,0.631838,16343
27,1,5400,edgegpu,cifar10,86.630000,1.427460,0.631838,16343
27,2,6382,edgetpu,cifar10,93.376660,0.628638,0.571284,16418
27,2,11692,edgetpu,cifar10,94.130000,0.761100,0.571284,16418
27,2,5946,edgetpu,cifar10,88.963330,0.389012,0.571284,16418
27,2,5780,edgetpu,cifar10,93.980000,0.723967,0.571284,16418
27,2,4161,edgetpu,cifar10,89.250000,0.391221,0.571284,16418
27,2,8192,edgetpu,cifar10,93.093330,0.627745,0.571284,16418
27,2,11112,edgetpu,cifar10,92.110000,0.480732,0.571284,16418
27,2,11810,edgetpu,cifar10,92.780000,0.482879,0.571284,16418
27,2,5111,edgetpu,cifar10,94.306660,1.152010,0.571284,16418
27,2,3731,edgetpu,cifar10,94.343330,1.282820,0.571284,16418
27,2,13611,edgetpu,cifar10,92.490000,0.481826,0.571284,16418
27,2,10683,edgetpu,cifar10,92.330000,0.481277,0.571284,16418
27,2,9689,edgetpu,cifar10,93.370000,0.628386,0.571284,16418
27,2,13714,edgetpu,cifar10,94.373340,1.377865,0.571284,16418
27,2,2053,edgetpu,cifar10,94.206665,1.042178,0.571284,16418
27,2,8008,edgetpu,cifar10,93.480000,0.629746,0.571284,16418
27,2,9950,edgetpu,cifar10,93.840000,0.723767,0.571284,16418
27,2,6918,edgetpu,cifar10,87.000000,0.375819,0.571284,16418
27,2,797,edgetpu,cifar10,93.280000,0.627996,0.571284,16418
27,2,11438,edgetpu,cifar10,92.500000,0.482393,0.571284,16418
27,2,9380,edgetpu,cifar10,89.335000,0.395662,0.571284,16418
27,2,2485,edgetpu,cifar10,86.700000,0.346546,0.571284,16418
27,2,7017,edgetpu,cifar10,86.970000,0.353089,0.571284,16418
27,2,6515,edgetpu,cifar10,93.616670,0.722858,0.571284,16418
27,2,3927,edgetpu,cifar10,93.626660,0.723268,0.571284,16418
27,2,10581,edgetpu,cifar10,89.015000,0.390403,0.571284,16418
27,2,5224,edgetpu,cifar10,88.980000,0.389900,0.571284,16418
27,3,5111,eyeriss,cifar10,94.306660,5.365940,0.485628,16398
27,3,13714,eyeriss,cifar10,94.373340,7.823540,0.485628,16398
27,3,4384,eyeriss,cifar10,86.796670,1.679540,0.485628,16398
27,3,8323,eyeriss,cifar10,90.870000,2.171060,0.485628,16398
27,3,6111,eyeriss,cifar10,94.373340,7.823540,0.485628,16398
27,3,10412,eyeriss,cifar10,93.530000,3.645620,0.485628,16398
27,3,8592,eyeriss,cifar10,93.750000,3.891380,0.485628,16398
27,3,3731,eyeriss,cifar10,94.343330,6.594740,0.485628,16398
27,3,11472,eyeriss,cifar10,93.970000,4.628660,0.485628,16398
27,3,8008,eyeriss,cifar10,93.480000,3.399860,0.485628,16398
27,3,14112,eyeriss,cifar10,91.296670,2.908340,0.485628,16398
27,3,6854,eyeriss,cifar10,91.040000,2.662580,0.485628,16398
27,3,13611,eyeriss,cifar10,92.490000,3.154100,0.485628,16398
27,3,12438,eyeriss,cifar10,89.875000,1.925300,0.485628,16398
27,3,8720,eyeriss,cifar10,89.875000,1.925300,0.485628,16398
27,3,6584,eyeriss,cifar10,94.160000,4.874420,0.485628,16398
27,4,3731,fpga,cifar10,94.343330,5.936160,0.479543,16212
27,4,6111,fpga,cifar10,94.373340,6.678560,0.479543,16212
27,4,6584,fpga,cifar10,94.160000,4.163360,0.479543,16212
27,4,3687,fpga,cifar10,89.820000,1.648160,0.479543,16212
27,4,10412,fpga,cifar10,93.530000,3.420960,0.479543,16212
27,4,5111,fpga,cifar10,94.306660,5.193760,0.479543,16212
27,4,10431,fpga,cifar10,87.000000,1.542560,0.479543,16212
27,4,13714,fpga,cifar10,94.373340,6.678560,0.479543,16212
27,4,8323,fpga,cifar10,90.870000,2.163360,0.479543,16212
27,4,8008,fpga,cifar10,93.480000,2.905760,0.479543,16212
27,4,4384,fpga,cifar10,86.796670,1.132960,0.479543,16212
27,4,13611,fpga,cifar10,92.490000,2.390560,0.479543,16212
27,4,9950,fpga,cifar10,93.840000,3.648160,0.479543,16212
27,5,8592,pixel3,cifar10,93.750000,10.769800,0.796267,16144
27,5,4432,pixel3,cifar10,90.700000,2.826310,0.796267,16144
27,5,7197,pixel3,cifar10,90.366670,2.447670,0.796267,16144
27,5,6434,pixel3,cifar10,91.080000,4.811140,0.796267,16144
27,5,12970,pixel3,cifar10,90.970000,4.723840,0.796267,16144
27,5,11692,pixel3,cifar10,94.130000,15.490100,0.796267,16144
27,5,13987,pixel3,cifar10,93.596664,9.922680,0.796267,16144
27,5,2018,pixel3,cifar10,94.063330,14.960500,0.796267,16144
27,5,4554,pixel3,cifar10,86.670000,1.114880,0.796267,16144
27,5,6863,pixel3,cifar10,86.740000,1.229320,0.796267,16144
27,5,3385,pixel3,cifar10,93.990000,13.656500,0.796267,16144
27,5,13846,pixel3,cifar10,90.720000,3.099760,0.796267,16144
27,5,6382,pixel3,cifar10,93.376660,7.048190,0.796267,16144
27,5,6111,pixel3,cifar10,94.373340,23.584800,0.796267,16144
27,5,2035,pixel3,cifar10,89.670000,1.706480,0.796267,16144
27,5,12452,pixel3,cifar10,91.350000,5.590110,0.796267,16144
27,5,25,pixel3,cifar10,86.540000,1.054570,0.796267,16144
27,5,3731,pixel3,cifar10,94.343330,23.361300,0.796267,16144
27,5,5111,pixel3,cifar10,94.306660,17.584600,0.796267,16144
27,5,13869,pixel3,cifar10,93.656670,10.634700,0.796267,16144
27,5,13171,pixel3,cifar10,93.530000,7.717220,0.796267,16144
27,5,7001,pixel3,cifar10,10.000000,0.003277,0.796267,16144
27,5,6624,pixel3,cifar10,89.120000,1.670570,0.796267,16144
27,5,11972,pixel3,cifar10,91.510000,5.627010,0.796267,16144
27,5,8323,pixel3,cifar10,90.870000,3.106420,0.796267,16144
27,5,7017,pixel3,cifar10,86.970000,1.403930,0.796267,16144
27,5,1778,pixel3,cifar10,92.180000,6.446230,0.796267,16144
27,5,8695,pixel3,cifar10,94.220000,17.564500,0.796267,16144
27,5,1339,pixel3,cifar10,92.136665,5.802240,0.796267,16144
27,5,3,pixel3,cifar10,86.616670,1.062640,0.796267,16144
27,5,1497,pixel3,cifar10,86.556660,1.056630,0.796267,16144
27,5,2779,pixel3,cifar10,90.806660,3.102950,0.796267,16144
27,5,1781,pixel3,cifar10,89.883330,1.712020,0.796267,16144
27,5,6918,pixel3,cifar10,87.000000,1.478790,0.796267,16144
27,5,4627,pixel3,cifar10,93.270000,7.036050,0.796267,16144
27,5,1425,pixel3,cifar10,93.933334,12.536500,0.796267,16144
27,5,9230,pixel3,cifar10,86.580000,1.056760,0.796267,16144
27,5,6999,pixel3,cifar10,93.820000,12.260900,0.796267,16144
27,5,12820,pixel3,cifar10,90.880000,3.982790,0.796267,16144
27,5,1804,pixel3,cifar10,89.063330,1.579900,0.796267,16144
27,5,1943,pixel3,cifar10,93.116670,6.492030,0.796267,16144
27,5,1941,pixel3,cifar10,93.533330,9.128690,0.796267,16144
27,5,5224,pixel3,cifar10,88.980000,1.570360,0.796267,16144
27,6,8592,raspi4,cifar10,93.750000,25.477009,0.753190,16044
27,6,6985,raspi4,cifar10,89.940000,4.995646,0.753190,16044
27,6,6918,raspi4,cifar10,87.000000,2.787590,0.753190,16044
27,6,9950,raspi4,cifar10,93.840000,33.860363,0.753190,16044
27,6,8008,raspi4,cifar10,93.480000,22.571420,0.753190,16044
27,6,2937,raspi4,cifar10,92.190000,17.768639,0.753190,16044
27,6,4384,raspi4,cifar10,86.796670,2.759305,0.753190,16044
27,6,5915,raspi4,cifar10,86.846664,2.776470,0.753190,16044
27,6,12286,raspi4,cifar10,86.760000,2.546242,0.753190,16044
27,6,9980,raspi4,cifar10,10.000000,0.011284,0.753190,16044
27,6,5111,raspi4,cifar10,94.306660,41.756905,0.753190,16044
27,6,3731,raspi4,cifar10,94.343330,58.070793,0.753190,16044
27,6,13320,raspi4,cifar10,89.330000,4.889096,0.753190,16044
27,6,6382,raspi4,cifar10,93.376660,21.461164,0.753190,16044
27,6,11972,raspi4,cifar10,91.510000,12.403558,0.753190,16044
27,6,10412,raspi4,cifar10,93.530000,25.079220,0.753190,16044
27,6,6111,raspi4,cifar10,94.373340,68.404106,0.753190,16044
27,6,11692,raspi4,cifar10,94.130000,37.583630,0.753190,16044
27,6,15000,raspi4,cifar10,92.400000,18.674633,0.753190,16044
27,6,9271,raspi4,cifar10,89.250000,4.830311,0.753190,16044
27,6,5780,raspi4,cifar10,93.980000,34.928463,0.753190,16044
27,6,3960,raspi4,cifar10,90.830000,7.433146,0.753190,16044
27,6,6931,raspi4,cifar10,93.780000,33.088142,0.753190,16044
27,6,12505,raspi4,cifar10,92.150000,16.747276,0.753190,16044
27,6,14565,raspi4,cifar10,88.880000,4.781183,0.753190,16044
27,6,7058,raspi4,cifar10,92.040000,16.469465,0.753190,16044
27,6,2058,raspi4,cifar10,93.270000,19.484835,0.753190,16044
27,6,11533,raspi4,cifar10,93.420000,21.715693,0.753190,16044
27,6,1804,raspi4,cifar10,89.063330,4.791845,0.753190,16044
27,6,10275,raspi4,cifar10,91.080000,9.993188,0.753190,16044
27,6,1941,raspi4,cifar10,93.533330,25.121769,0.753190,16044
27,6,4432,raspi4,cifar10,90.700000,7.290926,0.753190,16044
27,6,1785,raspi4,cifar10,86.586670,2.538737,0.753190,16044
27,6,6953,raspi4,cifar10,91.990000,15.601654,0.753190,16044
27,6,2035,raspi4,cifar10,89.670000,4.984099,0.753190,16044
27,6,7407,raspi4,cifar10,93.510000,24.855400,0.753190,16044
27,6,4689,raspi4,cifar10,90.720000,7.356712,0.753190,16044
27,6,1099,raspi4,cifar10,92.240000,18.358124,0.753190,16044
27,7,3888,edgegpu,cifar100,73.260000,6.797867,0.609084,16341
27,7,4418,edgegpu,cifar100,72.746666,5.352364,0.609084,16341
27,7,12415,edgegpu,cifar100,71.940000,4.828467,0.609084,16341
27,7,6124,edgegpu,cifar100,68.360000,3.185835,0.609084,16341
27,7,6381,edgegpu,cifar100,66.800000,1.753340,0.609084,16341
27,7,4954,edgegpu,cifar100,73.000000,6.669736,0.609084,16341
27,7,14677,edgegpu,cifar100,62.420000,1.746187,0.609084,16341
27,7,9922,edgegpu,cifar100,58.560000,1.428552,0.609084,16341
27,7,11885,edgegpu,cifar100,68.040000,1.776652,0.609084,16341
27,7,2304,edgegpu,cifar100,58.660000,1.440253,0.609084,16341
27,7,9930,edgegpu,cifar100,73.513336,6.803060,0.609084,16341
27,7,2778,edgegpu,cifar100,72.993330,6.134028,0.609084,16341
27,7,11810,edgegpu,cifar100,68.300000,1.779551,0.609084,16341
27,7,8401,edgegpu,cifar100,71.080000,3.302102,0.609084,16341
27,7,9997,edgegpu,cifar100,71.520000,3.466139,0.609084,16341
27,7,1509,edgegpu,cifar100,1.000000,0.505853,0.609084,16341
27,7,8912,edgegpu,cifar100,59.200000,1.441355,0.609084,16341
27,7,1038,edgegpu,cifar100,67.500000,1.758428,0.609084,16341
27,8,2705,edgetpu,cifar100,62.813330,0.393026,0.671310,15942
27,8,10000,edgetpu,cifar100,73.160000,1.283461,0.671310,15942
27,8,3888,edgetpu,cifar100,73.260000,1.316226,0.671310,15942
27,8,797,edgetpu,cifar100,69.580000,0.633351,0.671310,15942
27,8,15363,edgetpu,cifar100,70.520000,0.676394,0.671310,15942
27,8,8638,edgetpu,cifar100,58.860000,0.356631,0.671310,15942
27,8,857,edgetpu,cifar100,72.880000,1.264168,0.671310,15942
27,8,12761,edgetpu,cifar100,72.860000,1.225212,0.671310,15942
27,8,9930,edgetpu,cifar100,73.513336,1.454107,0.671310,15942
27,8,8401,edgetpu,cifar100,71.080000,0.728572,0.671310,15942
27,8,577,edgetpu,cifar100,69.680000,0.635228,0.671310,15942
27,8,5019,edgetpu,cifar100,58.880000,0.357058,0.671310,15942
27,8,3303,edgetpu,cifar100,62.420000,0.392593,0.671310,15942
27,8,12415,edgetpu,cifar100,71.940000,0.872299,0.671310,15942
27,8,1110,edgetpu,cifar100,58.840000,0.355938,0.671310,15942
27,8,777,edgetpu,cifar100,58.650000,0.355588,0.671310,15942
27,8,1425,edgetpu,cifar100,72.093330,0.910660,0.671310,15942
27,8,14945,edgetpu,cifar100,58.500000,0.354940,0.671310,15942
27,8,11810,edgetpu,cifar100,68.300000,0.492126,0.671310,15942
27,8,11533,edgetpu,cifar100,69.760000,0.635877,0.671310,15942
27,8,12574,edgetpu,cifar100,72.740000,0.932430,0.671310,15942
27,8,9271,edgetpu,cifar100,63.400000,0.393151,0.671310,15942
27,8,9997,edgetpu,cifar100,71.520000,0.729986,0.671310,15942
27,8,6358,edgetpu,cifar100,67.193340,0.486737,0.671310,15942
27,8,4418,edgetpu,cifar100,72.746666,1.093699,0.671310,15942
27,8,11885,edgetpu,cifar100,68.040000,0.489665,0.671310,15942
27,8,12607,edgetpu,cifar100,62.600000,0.392830,0.671310,15942
27,8,11112,edgetpu,cifar100,66.893330,0.486713,0.671310,15942
27,8,11973,edgetpu,cifar100,70.340000,0.641728,0.671310,15942
27,8,4155,edgetpu,cifar100,62.306667,0.391442,0.671310,15942
27,8,1943,edgetpu,cifar100,69.626660,0.634759,0.671310,15942
27,8,9541,edgetpu,cifar100,67.660000,0.486829,0.671310,15942
27,8,781,edgetpu,cifar100,67.960000,0.487922,0.671310,15942
27,8,8912,edgetpu,cifar100,59.200000,0.377698,0.671310,15942
27,8,898,edgetpu,cifar100,70.000000,0.636860,0.671310,15942
27,8,69,edgetpu,cifar100,71.020000,0.727259,0.671310,15942
27,9,9930,eyeriss,cifar100,73.513336,9.055360,0.506585,16434
27,9,5084,eyeriss,cifar100,58.813330,1.682560,0.506585,16434
27,9,4659,eyeriss,cifar100,70.060000,3.402880,0.506585,16434
27,9,12574,eyeriss,cifar100,72.740000,5.123200,0.506585,16434
27,9,14112,eyeriss,cifar100,68.386665,2.911360,0.506585,16434
27,9,14714,eyeriss,cifar100,71.280000,4.140160,0.506585,16434
27,9,11301,eyeriss,cifar100,68.220000,2.665600,0.506585,16434
27,9,12761,eyeriss,cifar100,72.860000,6.352000,0.506585,16434
27,9,10689,eyeriss,cifar100,67.500000,2.174080,0.506585,16434
27,9,12820,eyeriss,cifar100,67.720000,2.419840,0.506585,16434
27,9,3888,eyeriss,cifar100,73.260000,6.597760,0.506585,16434
27,9,3540,eyeriss,cifar100,71.500000,4.877440,0.506585,16434
27,9,5725,eyeriss,cifar100,70.600000,3.648640,0.506585,16434
27,9,5651,eyeriss,cifar100,64.690000,1.928320,0.506585,16434
27,9,6925,eyeriss,cifar100,71.220000,3.894400,0.506585,16434
27,10,3540,fpga,cifar100,71.500000,4.163360,0.504034,16381
27,10,12761,fpga,cifar100,72.860000,5.420960,0.504034,16381
27,10,5084,fpga,cifar100,58.813330,1.132960,0.504034,16381
27,10,10689,fpga,cifar100,67.500000,2.163360,0.504034,16381
27,10,6925,fpga,cifar100,71.220000,3.936160,0.504034,16381
27,10,12820,fpga,cifar100,67.720000,2.678560,0.504034,16381
27,10,6787,fpga,cifar100,70.720000,3.420960,0.504034,16381
27,10,3888,fpga,cifar100,73.260000,5.936160,0.504034,16381
27,10,12574,fpga,cifar100,72.740000,4.678560,0.504034,16381
27,10,3487,fpga,cifar100,70.093330,2.905760,0.504034,16381
27,10,7250,fpga,cifar100,67.706665,2.390560,0.504034,16381
27,10,9930,fpga,cifar100,73.513336,7.420960,0.504034,16381
27,10,12295,fpga,cifar100,71.160000,3.648160,0.504034,16381
27,10,5651,fpga,cifar100,64.690000,1.648160,0.504034,16381
27,10,6830,fpga,cifar100,71.460000,4.057760,0.504034,16381
27,10,4249,fpga,cifar100,65.080000,2.057760,0.504034,16381
27,11,1409,pixel3,cifar100,58.853333,1.275090,0.701158,16151
27,11,15589,pixel3,cifar100,59.060000,1.483890,0.701158,16151
27,11,11000,pixel3,cifar100,71.180000,10.677600,0.701158,16151
27,11,12574,pixel3,cifar100,72.740000,16.473900,0.701158,16151
27,11,8638,pixel3,cifar100,58.860000,1.478570,0.701158,16151
27,11,906,pixel3,cifar100,62.393333,1.661810,0.701158,16151
27,11,6337,pixel3,cifar100,1.000000,0.008753,0.701158,16151
27,11,9649,pixel3,cifar100,64.540000,2.536210,0.701158,16151
27,11,5019,pixel3,cifar100,58.880000,1.483640,0.701158,16151
27,11,1459,pixel3,cifar100,73.140000,23.437900,0.701158,16151
27,11,14112,pixel3,cifar100,68.386665,5.745320,0.701158,16151
27,11,978,pixel3,cifar100,64.180000,2.372340,0.701158,16151
27,11,3888,pixel3,cifar100,73.260000,23.477200,0.701158,16151
27,11,6925,pixel3,cifar100,71.220000,10.688000,0.701158,16151
27,11,1631,pixel3,cifar100,63.986668,1.805000,0.701158,16151
27,11,1599,pixel3,cifar100,64.633330,2.819200,0.701158,16151
27,11,1450,pixel3,cifar100,70.506670,9.337360,0.701158,16151
27,11,1357,pixel3,cifar100,67.480000,3.998260,0.701158,16151
27,11,15363,pixel3,cifar100,70.520000,9.708640,0.701158,16151
27,11,12970,pixel3,cifar100,68.140000,4.782110,0.701158,16151
27,11,724,pixel3,cifar100,67.053340,2.875650,0.701158,16151
27,11,1781,pixel3,cifar100,64.326670,2.386170,0.701158,16151
27,11,2649,pixel3,cifar100,64.446660,2.496890,0.701158,16151
27,11,898,pixel3,cifar100,70.000000,6.516140,0.701158,16151
27,11,857,pixel3,cifar100,72.880000,19.113200,0.701158,16151
27,11,9930,pixel3,cifar100,73.513336,42.003600,0.701158,16151
27,11,777,pixel3,cifar100,58.650000,1.087020,0.701158,16151
27,11,699,pixel3,cifar100,72.240000,12.079400,0.701158,16151
27,11,4359,pixel3,cifar100,64.233330,2.379870,0.701158,16151
27,11,4659,pixel3,cifar100,70.060000,9.026280,0.701158,16151
27,11,1593,pixel3,cifar100,62.126667,1.582050,0.701158,16151
27,11,1147,pixel3,cifar100,63.993332,2.371520,0.701158,16151
27,12,7891,raspi4,cifar100,67.550000,12.536592,0.676735,15978
27,12,9380,raspi4,cifar100,62.680000,4.821364,0.676735,15978
27,12,15363,raspi4,cifar100,70.520000,21.809430,0.676735,15978
27,12,898,raspi4,cifar100,70.000000,21.506163,0.676735,15978
27,12,14792,raspi4,cifar100,69.500000,19.111843,0.676735,15978
27,12,14612,raspi4,cifar100,58.720000,2.563505,0.676735,15978
27,12,12574,raspi4,cifar100,72.740000,36.371254,0.676735,15978
27,12,2200,raspi4,cifar100,63.886665,5.014668,0.676735,15978
27,12,15589,raspi4,cifar100,59.060000,2.795078,0.676735,15978
27,12,1572,raspi4,cifar100,69.900000,19.916142,0.676735,15978
27,12,8323,raspi4,cifar100,67.080000,7.271148,0.676735,15978
27,12,6918,raspi4,cifar100,58.800000,2.571364,0.676735,15978
27,12,1459,raspi4,cifar100,73.140000,53.879950,0.676735,15978
27,12,6787,raspi4,cifar100,70.720000,23.081835,0.676735,15978
27,12,12915,raspi4,cifar100,66.950000,7.226311,0.676735,15978
27,12,10042,raspi4,cifar100,64.880000,5.100886,0.676735,15978
27,12,1357,raspi4,cifar100,67.480000,10.177114,0.676735,15978
27,12,9930,raspi4,cifar100,73.513336,71.152000,0.676735,15978
27,12,13021,raspi4,cifar100,63.800000,5.009584,0.676735,15978
27,12,15137,raspi4,cifar100,63.160000,4.941014,0.676735,15978
27,12,4418,raspi4,cifar100,72.746666,47.162354,0.676735,15978
27,12,2222,raspi4,cifar100,58.313330,2.538255,0.676735,15978
27,12,8912,raspi4,cifar100,59.200000,2.818969,0.676735,15978
27,12,14112,raspi4,cifar100,68.386665,14.423308,0.676735,15978
27,12,12761,raspi4,cifar100,72.860000,53.718200,0.676735,15978
27,12,3888,raspi4,cifar100,73.260000,55.029520,0.676735,15978
27,12,4607,raspi4,cifar100,58.820000,2.777558,0.676735,15978
27,12,9926,raspi4,cifar100,63.520000,4.999532,0.676735,15978
27,12,6822,raspi4,cifar100,58.426666,2.558594,0.676735,15978
27,12,9997,raspi4,cifar100,71.520000,34.996710,0.676735,15978
27,12,12607,raspi4,cifar100,62.600000,4.779045,0.676735,15978
27,12,6925,raspi4,cifar100,71.220000,24.195030,0.676735,15978
27,12,7030,raspi4,cifar100,69.600000,19.218203,0.676735,15978
27,12,8740,raspi4,cifar100,1.000000,0.015215,0.676735,15978
27,12,13430,raspi4,cifar100,66.700000,7.203785,0.676735,15978
27,12,4195,raspi4,cifar100,62.700000,4.877588,0.676735,15978
27,13,7760,edgegpu,ImageNet16-120,39.100000,1.743751,0.669082,16167
27,13,857,edgegpu,ImageNet16-120,47.311110,6.707663,0.669082,16167
27,13,6950,edgegpu,ImageNet16-120,38.700000,1.740150,0.669082,16167
27,13,4587,edgegpu,ImageNet16-120,28.800000,1.445131,0.669082,16167
27,13,8426,edgegpu,ImageNet16-120,44.633335,3.370147,0.669082,16167
27,13,5751,edgegpu,ImageNet16-120,40.044445,2.434626,0.669082,16167
27,13,14117,edgegpu,ImageNet16-120,28.677778,1.435547,0.669082,16167
27,13,1164,edgegpu,ImageNet16-120,28.522223,1.435223,0.669082,16167
27,13,15383,edgegpu,ImageNet16-120,47.033333,6.262836,0.669082,16167
27,13,4946,edgegpu,ImageNet16-120,44.700000,3.490419,0.669082,16167
27,13,2650,edgegpu,ImageNet16-120,42.433334,3.309817,0.669082,16167
27,13,8801,edgegpu,ImageNet16-120,39.166668,1.746321,0.669082,16167
27,13,12415,edgegpu,ImageNet16-120,46.566666,4.667692,0.669082,16167
27,13,8236,edgegpu,ImageNet16-120,39.233334,1.749978,0.669082,16167
27,13,15288,edgegpu,ImageNet16-120,28.422222,1.417041,0.669082,16167
27,13,11217,edgegpu,ImageNet16-120,43.466667,3.316708,0.669082,16167
27,13,8401,edgegpu,ImageNet16-120,43.833332,3.322444,0.669082,16167
27,13,15376,edgegpu,ImageNet16-120,0.833333,0.533953,0.669082,16167
27,13,8884,edgegpu,ImageNet16-120,45.033333,3.499999,0.669082,16167
27,13,9586,edgegpu,ImageNet16-120,46.933334,5.222673,0.669082,16167
27,13,12505,edgegpu,ImageNet16-120,39.283333,1.750417,0.669082,16167
27,13,4988,edgegpu,ImageNet16-120,28.933332,1.448212,0.669082,16167
27,13,454,edgegpu,ImageNet16-120,41.277780,3.303313,0.669082,16167
27,13,9722,edgegpu,ImageNet16-120,44.000000,3.327813,0.669082,16167
27,13,15159,edgegpu,ImageNet16-120,45.566666,4.632421,0.669082,16167
27,13,7187,edgegpu,ImageNet16-120,28.683332,1.443858,0.669082,16167
27,13,4160,edgegpu,ImageNet16-120,39.833332,1.756272,0.669082,16167
27,13,14840,edgegpu,ImageNet16-120,45.311110,4.224715,0.669082,16167
27,13,14612,edgegpu,ImageNet16-120,28.488890,1.434064,0.669082,16167
27,14,7357,edgetpu,ImageNet16-120,44.666668,0.600498,0.645295,16213
27,14,8884,edgetpu,ImageNet16-120,45.033333,0.615792,0.645295,16213
27,14,10332,edgetpu,ImageNet16-120,40.033333,0.516152,0.645295,16213
27,14,14840,edgetpu,ImageNet16-120,45.311110,0.666690,0.645295,16213
27,14,15107,edgetpu,ImageNet16-120,39.800000,0.430284,0.645295,16213
27,14,11079,edgetpu,ImageNet16-120,43.566666,0.552430,0.645295,16213
27,14,13769,edgetpu,ImageNet16-120,41.555557,0.549360,0.645295,16213
27,14,5724,edgetpu,ImageNet16-120,28.366667,0.359987,0.645295,16213
27,14,10167,edgetpu,ImageNet16-120,39.944443,0.444058,0.645295,16213
27,14,13931,edgetpu,ImageNet16-120,28.788889,0.360349,0.645295,16213
27,14,11885,edgetpu,ImageNet16-120,39.166668,0.427395,0.645295,16213
27,14,8915,edgetpu,ImageNet16-120,32.611110,0.364729,0.645295,16213
27,14,857,edgetpu,ImageNet16-120,47.311110,0.997730,0.645295,16213
27,14,4977,edgetpu,ImageNet16-120,32.966667,0.367728,0.645295,16213
27,14,8447,edgetpu,ImageNet16-120,40.011112,0.514586,0.645295,16213
27,14,7273,edgetpu,ImageNet16-120,42.966667,0.550014,0.645295,16213
27,14,9689,edgetpu,ImageNet16-120,42.533333,0.549702,0.645295,16213
27,14,6672,edgetpu,ImageNet16-120,27.822222,0.358864,0.645295,16213
27,14,15383,edgetpu,ImageNet16-120,47.033333,0.780914,0.645295,16213
27,14,8781,edgetpu,ImageNet16-120,32.366665,0.363484,0.645295,16213
27,14,7750,edgetpu,ImageNet16-120,43.066666,0.551617,0.645295,16213
27,14,5751,edgetpu,ImageNet16-120,40.044445,0.516992,0.645295,16213
27,14,4988,edgetpu,ImageNet16-120,28.933332,0.360694,0.645295,16213
27,14,7396,edgetpu,ImageNet16-120,40.177776,0.517218,0.645295,16213
27,14,12415,edgetpu,ImageNet16-120,46.566666,0.710906,0.645295,16213
27,14,10017,edgetpu,ImageNet16-120,40.566666,0.524950,0.645295,16213
27,14,4627,edgetpu,ImageNet16-120,43.500000,0.552306,0.645295,16213
27,14,15363,edgetpu,ImageNet16-120,44.333332,0.582280,0.645295,16213
27,14,3540,edgetpu,ImageNet16-120,45.122223,0.648670,0.645295,16213
27,14,10888,edgetpu,ImageNet16-120,28.333334,0.359044,0.645295,16213
27,14,14527,edgetpu,ImageNet16-120,28.133333,0.358865,0.645295,16213
27,14,5530,edgetpu,ImageNet16-120,42.577778,0.549937,0.645295,16213
27,14,13097,edgetpu,ImageNet16-120,39.655556,0.428424,0.645295,16213
27,14,7174,edgetpu,ImageNet16-120,33.116665,0.391775,0.645295,16213
27,14,4830,edgetpu,ImageNet16-120,42.233334,0.549457,0.645295,16213
27,15,6787,eyeriss,ImageNet16-120,44.400000,0.914560,0.471952,16524
27,15,6854,eyeriss,ImageNet16-120,40.800000,0.668800,0.471952,16524
27,15,1939,eyeriss,ImageNet16-120,45.077778,0.976000,0.471952,16524
27,15,857,eyeriss,ImageNet16-120,47.311110,1.651840,0.471952,16524
27,15,8853,eyeriss,ImageNet16-120,45.600000,1.037440,0.471952,16524
27,15,8008,eyeriss,ImageNet16-120,43.500000,0.853120,0.471952,16524
27,15,2835,eyeriss,ImageNet16-120,38.222220,0.545920,0.471952,16524
27,15,15383,eyeriss,ImageNet16-120,47.033333,1.283200,0.471952,16524
27,15,14417,eyeriss,ImageNet16-120,45.900000,1.098880,0.471952,16524
27,15,6121,eyeriss,ImageNet16-120,28.433332,0.423040,0.471952,16524
27,15,735,eyeriss,ImageNet16-120,38.544445,0.607360,0.471952,16524
27,15,4829,eyeriss,ImageNet16-120,34.200000,0.484480,0.471952,16524
27,16,4988,fpga,ImageNet16-120,28.933332,0.284320,0.543252,16302
27,16,14748,fpga,ImageNet16-120,44.900000,0.995200,0.543252,16302
27,16,9805,fpga,ImageNet16-120,34.133335,0.415520,0.543252,16302
27,16,857,fpga,ImageNet16-120,47.311110,2.038400,0.543252,16302
27,16,6854,fpga,ImageNet16-120,40.800000,0.809120,0.543252,16302
27,16,6787,fpga,ImageNet16-120,44.400000,0.969600,0.543252,16302
27,16,8853,fpga,ImageNet16-120,45.600000,1.155200,0.543252,16302
27,16,14417,fpga,ImageNet16-120,45.900000,1.276320,0.543252,16302
27,16,1939,fpga,ImageNet16-120,45.077778,1.062400,0.543252,16302
27,16,5487,fpga,ImageNet16-120,38.500000,0.677920,0.543252,16302
27,16,15383,fpga,ImageNet16-120,47.033333,1.504000,0.543252,16302
27,16,4004,fpga,ImageNet16-120,42.811110,0.876800,0.543252,16302
27,16,5390,fpga,ImageNet16-120,43.100000,0.902400,0.543252,16302
27,16,2835,fpga,ImageNet16-120,38.222220,0.546720,0.543252,16302
27,16,5793,fpga,ImageNet16-120,35.033333,0.517920,0.543252,16302
27,16,10017,fpga,ImageNet16-120,40.566666,0.784000,0.543252,16302
27,16,12452,fpga,ImageNet16-120,40.533333,0.780320,0.543252,16302
27,17,8853,pixel3,ImageNet16-120,45.600000,3.554540,0.710541,16063
27,17,4977,pixel3,ImageNet16-120,32.966667,0.617991,0.710541,16063
27,17,9496,pixel3,ImageNet16-120,38.200000,1.024960,0.710541,16063
27,17,3728,pixel3,ImageNet16-120,28.500000,0.422880,0.710541,16063
27,17,5487,pixel3,ImageNet16-120,38.500000,1.109150,0.710541,16063
27,17,9032,pixel3,ImageNet16-120,38.016666,1.020960,0.710541,16063
27,17,12424,pixel3,ImageNet16-120,43.133330,2.470150,0.710541,16063
27,17,6294,pixel3,ImageNet16-120,38.011112,0.869124,0.710541,16063
27,17,872,pixel3,ImageNet16-120,41.777780,2.465030,0.710541,16063
27,17,857,pixel3,ImageNet16-120,47.311110,6.686850,0.710541,16063
27,17,2018,pixel3,ImageNet16-120,46.433334,4.949210,0.710541,16063
27,17,10154,pixel3,ImageNet16-120,46.133335,4.783700,0.710541,16063
27,17,13059,pixel3,ImageNet16-120,34.266666,0.668679,0.710541,16063
27,17,14417,pixel3,ImageNet16-120,45.900000,4.143030,0.710541,16063
27,17,1425,pixel3,ImageNet16-120,45.977780,4.619290,0.710541,16063
27,17,4627,pixel3,ImageNet16-120,43.500000,2.479640,0.710541,16063
27,17,13756,pixel3,ImageNet16-120,0.833333,0.005289,0.710541,16063
27,17,1549,pixel3,ImageNet16-120,28.655556,0.424747,0.710541,16063
27,17,1939,pixel3,ImageNet16-120,45.077778,3.021500,0.710541,16063
27,17,12639,pixel3,ImageNet16-120,40.400000,1.304440,0.710541,16063
27,17,4895,pixel3,ImageNet16-120,33.200000,0.619070,0.710541,16063
27,17,2899,pixel3,ImageNet16-120,43.911110,2.701210,0.710541,16063
27,17,4432,pixel3,ImageNet16-120,37.800000,0.861157,0.710541,16063
27,17,1110,pixel3,ImageNet16-120,28.600000,0.423927,0.710541,16063
27,17,12452,pixel3,ImageNet16-120,40.533333,1.504410,0.710541,16063
27,17,6014,pixel3,ImageNet16-120,28.533333,0.423391,0.710541,16063
27,17,8584,pixel3,ImageNet16-120,34.088890,0.664046,0.710541,16063
27,17,12103,pixel3,ImageNet16-120,28.250000,0.422433,0.710541,16063
27,17,12466,pixel3,ImageNet16-120,46.100000,4.680280,0.710541,16063
27,17,15383,pixel3,ImageNet16-120,47.033333,5.191720,0.710541,16063
27,17,7401,pixel3,ImageNet16-120,28.866667,0.505777,0.710541,16063
27,17,6854,pixel3,ImageNet16-120,40.800000,1.621620,0.710541,16063
27,17,12516,pixel3,ImageNet16-120,32.083332,0.617816,0.710541,16063
27,17,11000,pixel3,ImageNet16-120,44.866665,2.962520,0.710541,16063
27,17,12506,pixel3,ImageNet16-120,43.983334,2.929990,0.710541,16063
27,17,4587,pixel3,ImageNet16-120,28.800000,0.445767,0.710541,16063
27,17,10888,pixel3,ImageNet16-120,28.333334,0.422652,0.710541,16063
27,18,933,raspi4,ImageNet16-120,0.833333,0.011514,0.855573,16062
27,18,10715,raspi4,ImageNet16-120,45.533333,6.790813,0.855573,16062
27,18,11177,raspi4,ImageNet16-120,33.200000,1.573414,0.855573,16062
27,18,9496,raspi4,ImageNet16-120,38.200000,2.204048,0.855573,16062
27,18,3192,raspi4,ImageNet16-120,45.477780,6.675633,0.855573,16062
27,18,10217,raspi4,ImageNet16-120,45.100000,6.109362,0.855573,16062
27,18,3782,raspi4,ImageNet16-120,41.866665,3.755286,0.855573,16062
27,18,12358,raspi4,ImageNet16-120,34.055557,1.582727,0.855573,16062
27,18,12505,raspi4,ImageNet16-120,39.283333,3.062432,0.855573,16062
27,18,15363,raspi4,ImageNet16-120,44.333332,4.480516,0.855573,16062
27,18,857,raspi4,ImageNet16-120,47.311110,9.020064,0.855573,16062
27,18,6854,raspi4,ImageNet16-120,40.800000,3.661016,0.855573,16062
27,18,13284,raspi4,ImageNet16-120,40.177776,3.191073,0.855573,16062
27,18,4988,raspi4,ImageNet16-120,28.933332,1.003251,0.855573,16062
27,18,14417,raspi4,ImageNet16-120,45.900000,6.948865,0.855573,16062
27,18,12639,raspi4,ImageNet16-120,40.400000,3.628959,0.855573,16062
27,18,1939,raspi4,ImageNet16-120,45.077778,5.341908,0.855573,16062
27,18,2779,raspi4,ImageNet16-120,37.355556,2.190654,0.855573,16062
27,18,15383,raspi4,ImageNet16-120,47.033333,8.565354,0.855573,16062
27,18,1413,raspi4,ImageNet16-120,42.711113,3.788479,0.855573,16062
27,18,12424,raspi4,ImageNet16-120,43.133330,3.805729,0.855573,16062
27,18,9032,raspi4,ImageNet16-120,38.016666,2.201532,0.855573,16062
27,18,8426,raspi4,ImageNet16-120,44.633335,5.288439,0.855573,16062
27,18,10472,raspi4,ImageNet16-120,39.633335,3.079679,0.855573,16062
27,18,6787,raspi4,ImageNet16-120,44.400000,4.532777,0.855573,16062
27,18,2018,raspi4,ImageNet16-120,46.433334,7.482383,0.855573,16062
27,18,10835,raspi4,ImageNet16-120,45.233334,6.632419,0.855573,16062
27,18,5973,raspi4,ImageNet16-120,40.100000,3.159922,0.855573,16062
27,18,11209,raspi4,ImageNet16-120,33.266666,1.580655,0.855573,16062
27,18,3431,raspi4,ImageNet16-120,32.966667,1.536690,0.855573,16062
27,18,6336,raspi4,ImageNet16-120,39.366665,3.073392,0.855573,16062
27,18,45,raspi4,ImageNet16-120,33.611110,1.581422,0.855573,16062
27,18,13059,raspi4,ImageNet16-120,34.266666,1.595651,0.855573,16062
27,18,1943,raspi4,ImageNet16-120,42.866665,3.803968,0.855573,16062
27,18,3960,raspi4,ImageNet16-120,37.755554,2.197980,0.855573,16062
27,18,4995,raspi4,ImageNet16-120,42.166668,3.766336,0.855573,16062
27,18,13931,raspi4,ImageNet16-120,28.788889,0.956195,0.855573,16062
27,18,15107,raspi4,ImageNet16-120,39.800000,3.083329,0.855573,16062
27,18,1188,raspi4,ImageNet16-120,32.455555,1.526725,0.855573,16062
27,18,2035,raspi4,ImageNet16-120,33.788887,1.582606,0.855573,16062
27,18,4627,raspi4,ImageNet16-120,43.500000,3.811407,0.855573,16062
27,18,8884,raspi4,ImageNet16-120,45.033333,5.293177,0.855573,16062
27,18,4675,raspi4,ImageNet16-120,33.100000,1.544321,0.855573,16062
27,18,11946,raspi4,ImageNet16-120,28.200000,0.940293,0.855573,16062
27,18,7187,raspi4,ImageNet16-120,28.683332,0.952790,0.855573,16062
27,18,219,raspi4,ImageNet16-120,42.500000,3.768475,0.855573,16062
27,18,13771,raspi4,ImageNet16-120,32.744446,1.533813,0.855573,16062
27,18,735,raspi4,ImageNet16-120,38.544445,2.911079,0.855573,16062
27,18,6868,raspi4,ImageNet16-120,39.000000,2.982937,0.855573,16062
28,1,1339,edgegpu,cifar10,92.136665,1.751881,0.586048,16378
28,1,14527,edgegpu,cifar10,86.765000,1.439619,0.586048,16378
28,1,2053,edgegpu,cifar10,94.206665,5.482254,0.586048,16378
28,1,6330,edgegpu,cifar10,94.006670,4.384699,0.586048,16378
28,1,14090,edgegpu,cifar10,92.086670,1.749086,0.586048,16378
28,1,10484,edgegpu,cifar10,93.810000,3.354015,0.586048,16378
28,1,13714,edgegpu,cifar10,94.373340,6.772180,0.586048,16378
28,1,1459,edgegpu,cifar10,94.296670,6.748991,0.586048,16378
28,1,561,edgegpu,cifar10,86.880000,1.451068,0.586048,16378
28,1,5292,edgegpu,cifar10,94.293335,6.663151,0.586048,16378
28,1,5780,edgegpu,cifar10,93.980000,3.361888,0.586048,16378
28,1,5400,edgegpu,cifar10,86.630000,1.427460,0.586048,16378
28,1,13401,edgegpu,cifar10,87.010000,1.457009,0.586048,16378
28,1,6960,edgegpu,cifar10,92.280000,1.764450,0.586048,16378
28,1,9099,edgegpu,cifar10,93.940000,3.357520,0.586048,16378
28,1,11692,edgegpu,cifar10,94.130000,4.708362,0.586048,16378
28,1,11438,edgegpu,cifar10,92.500000,1.846719,0.586048,16378
28,1,11810,edgegpu,cifar10,92.780000,1.992798,0.586048,16378
28,1,258,edgegpu,cifar10,93.640000,3.307109,0.586048,16378
28,1,2776,edgegpu,cifar10,93.666664,3.331194,0.586048,16378
28,1,14407,edgegpu,cifar10,86.770000,1.440282,0.586048,16378
28,1,15200,edgegpu,cifar10,10.000000,0.501385,0.586048,16378
28,1,2090,edgegpu,cifar10,86.650000,1.437702,0.586048,16378
28,1,6499,edgegpu,cifar10,93.645000,3.331041,0.586048,16378
28,1,6950,edgegpu,cifar10,92.000000,1.738467,0.586048,16378
28,2,11692,edgetpu,cifar10,94.130000,0.761100,0.547763,16225
28,2,8008,edgetpu,cifar10,93.480000,0.629746,0.547763,16225
28,2,9950,edgetpu,cifar10,93.840000,0.723767,0.547763,16225
28,2,5647,edgetpu,cifar10,89.110000,0.389378,0.547763,16225
28,2,2485,edgetpu,cifar10,86.700000,0.346546,0.547763,16225
28,2,4675,edgetpu,cifar10,89.200000,0.395661,0.547763,16225
28,2,5111,edgetpu,cifar10,94.306660,1.152010,0.547763,16225
28,2,6382,edgetpu,cifar10,93.376660,0.628638,0.547763,16225
28,2,3731,edgetpu,cifar10,94.343330,1.282820,0.547763,16225
28,2,3927,edgetpu,cifar10,93.626660,0.723268,0.547763,16225
28,2,5780,edgetpu,cifar10,93.980000,0.723967,0.547763,16225
28,2,6515,edgetpu,cifar10,93.616670,0.722858,0.547763,16225
28,2,13714,edgetpu,cifar10,94.373340,1.377865,0.547763,16225
28,2,2053,edgetpu,cifar10,94.206665,1.042178,0.547763,16225
28,2,6584,edgetpu,cifar10,94.160000,0.888877,0.547763,16225
28,2,11112,edgetpu,cifar10,92.110000,0.480732,0.547763,16225
28,2,13611,edgetpu,cifar10,92.490000,0.481826,0.547763,16225
28,2,8192,edgetpu,cifar10,93.093330,0.627745,0.547763,16225
28,2,797,edgetpu,cifar10,93.280000,0.627996,0.547763,16225
28,2,10683,edgetpu,cifar10,92.330000,0.481277,0.547763,16225
28,2,9380,edgetpu,cifar10,89.335000,0.395662,0.547763,16225
28,2,7017,edgetpu,cifar10,86.970000,0.353089,0.547763,16225
28,2,9689,edgetpu,cifar10,93.370000,0.628386,0.547763,16225
28,3,6111,eyeriss,cifar10,94.373340,7.823540,0.503916,16464
28,3,8008,eyeriss,cifar10,93.480000,3.399860,0.503916,16464
28,3,11692,eyeriss,cifar10,94.130000,4.874420,0.503916,16464
28,3,8592,eyeriss,cifar10,93.750000,3.891380,0.503916,16464
28,3,3731,eyeriss,cifar10,94.343330,6.594740,0.503916,16464
28,3,11472,eyeriss,cifar10,93.970000,4.628660,0.503916,16464
28,3,8720,eyeriss,cifar10,89.875000,1.925300,0.503916,16464
28,3,13714,eyeriss,cifar10,94.373340,7.823540,0.503916,16464
28,3,5111,eyeriss,cifar10,94.306660,5.365940,0.503916,16464
28,3,6854,eyeriss,cifar10,91.040000,2.662580,0.503916,16464
28,3,12438,eyeriss,cifar10,89.875000,1.925300,0.503916,16464
28,3,4384,eyeriss,cifar10,86.796670,1.679540,0.503916,16464
28,3,6899,eyeriss,cifar10,90.900000,2.416820,0.503916,16464
28,3,8323,eyeriss,cifar10,90.870000,2.171060,0.503916,16464
28,3,13611,eyeriss,cifar10,92.490000,3.154100,0.503916,16464
28,3,14112,eyeriss,cifar10,91.296670,2.908340,0.503916,16464
28,3,10412,eyeriss,cifar10,93.530000,3.645620,0.503916,16464
28,4,10431,fpga,cifar10,87.000000,1.542560,0.506518,16209
28,4,13714,fpga,cifar10,94.373340,6.678560,0.506518,16209
28,4,14346,fpga,cifar10,89.986664,2.057760,0.506518,16209
28,4,6111,fpga,cifar10,94.373340,6.678560,0.506518,16209
28,4,5111,fpga,cifar10,94.306660,5.193760,0.506518,16209
28,4,4384,fpga,cifar10,86.796670,1.132960,0.506518,16209
28,4,3731,fpga,cifar10,94.343330,5.936160,0.506518,16209
28,4,11692,fpga,cifar10,94.130000,4.163360,0.506518,16209
28,4,8008,fpga,cifar10,93.480000,2.905760,0.506518,16209
28,4,13611,fpga,cifar10,92.490000,2.390560,0.506518,16209
28,4,13987,fpga,cifar10,93.596664,3.420960,0.506518,16209
28,4,8720,fpga,cifar10,89.875000,1.648160,0.506518,16209
28,4,12438,fpga,cifar10,89.875000,1.648160,0.506518,16209
28,4,8323,fpga,cifar10,90.870000,2.163360,0.506518,16209
28,4,11472,fpga,cifar10,93.970000,3.648160,0.506518,16209
28,5,2018,pixel3,cifar10,94.063330,14.960500,0.764656,16051
28,5,25,pixel3,cifar10,86.540000,1.054570,0.764656,16051
28,5,1425,pixel3,cifar10,93.933334,12.536500,0.764656,16051
28,5,5111,pixel3,cifar10,94.306660,17.584600,0.764656,16051
28,5,10689,pixel3,cifar10,90.790000,2.669770,0.764656,16051
28,5,2779,pixel3,cifar10,90.806660,3.102950,0.764656,16051
28,5,13987,pixel3,cifar10,93.596664,9.922680,0.764656,16051
28,5,11692,pixel3,cifar10,94.130000,15.490100,0.764656,16051
28,5,6382,pixel3,cifar10,93.376660,7.048190,0.764656,16051
28,5,1943,pixel3,cifar10,93.116670,6.492030,0.764656,16051
28,5,2035,pixel3,cifar10,89.670000,1.706480,0.764656,16051
28,5,8592,pixel3,cifar10,93.750000,10.769800,0.764656,16051
28,5,4627,pixel3,cifar10,93.270000,7.036050,0.764656,16051
28,5,6111,pixel3,cifar10,94.373340,23.584800,0.764656,16051
28,5,3731,pixel3,cifar10,94.343330,23.361300,0.764656,16051
28,5,6999,pixel3,cifar10,93.820000,12.260900,0.764656,16051
28,5,1941,pixel3,cifar10,93.533330,9.128690,0.764656,16051
28,5,10275,pixel3,cifar10,91.080000,4.818050,0.764656,16051
28,5,3385,pixel3,cifar10,93.990000,13.656500,0.764656,16051
28,5,1497,pixel3,cifar10,86.556660,1.056630,0.764656,16051
28,5,8695,pixel3,cifar10,94.220000,17.564500,0.764656,16051
28,5,1778,pixel3,cifar10,92.180000,6.446230,0.764656,16051
28,5,13171,pixel3,cifar10,93.530000,7.717220,0.764656,16051
28,5,8323,pixel3,cifar10,90.870000,3.106420,0.764656,16051
28,5,55,pixel3,cifar10,86.756670,1.057440,0.764656,16051
28,5,12970,pixel3,cifar10,90.970000,4.723840,0.764656,16051
28,5,1339,pixel3,cifar10,92.136665,5.802240,0.764656,16051
28,5,7001,pixel3,cifar10,10.000000,0.003277,0.764656,16051
28,5,1804,pixel3,cifar10,89.063330,1.579900,0.764656,16051
28,5,6899,pixel3,cifar10,90.900000,3.961410,0.764656,16051
28,5,7197,pixel3,cifar10,90.366670,2.447670,0.764656,16051
28,5,1781,pixel3,cifar10,89.883330,1.712020,0.764656,16051
28,5,13869,pixel3,cifar10,93.656670,10.634700,0.764656,16051
28,5,14112,pixel3,cifar10,91.296670,5.767020,0.764656,16051
28,5,12639,pixel3,cifar10,90.990000,4.749000,0.764656,16051
28,5,5224,pixel3,cifar10,88.980000,1.570360,0.764656,16051
28,5,7017,pixel3,cifar10,86.970000,1.403930,0.764656,16051
28,6,14677,raspi4,cifar10,88.670000,4.755260,0.769038,15941
28,6,14565,raspi4,cifar10,88.880000,4.781183,0.769038,15941
28,6,9271,raspi4,cifar10,89.250000,4.830311,0.769038,15941
28,6,7058,raspi4,cifar10,92.040000,16.469465,0.769038,15941
28,6,8008,raspi4,cifar10,93.480000,22.571420,0.769038,15941
28,6,1804,raspi4,cifar10,89.063330,4.791845,0.769038,15941
28,6,6985,raspi4,cifar10,89.940000,4.995646,0.769038,15941
28,6,6111,raspi4,cifar10,94.373340,68.404106,0.769038,15941
28,6,10275,raspi4,cifar10,91.080000,9.993188,0.769038,15941
28,6,13846,raspi4,cifar10,90.720000,7.176163,0.769038,15941
28,6,5111,raspi4,cifar10,94.306660,41.756905,0.769038,15941
28,6,3731,raspi4,cifar10,94.343330,58.070793,0.769038,15941
28,6,7352,raspi4,cifar10,92.200000,18.038305,0.769038,15941
28,6,11810,raspi4,cifar10,92.780000,18.619905,0.769038,15941
28,6,5780,raspi4,cifar10,93.980000,34.928463,0.769038,15941
28,6,1962,raspi4,cifar10,86.530000,2.529453,0.769038,15941
28,6,12505,raspi4,cifar10,92.150000,16.747276,0.769038,15941
28,6,8426,raspi4,cifar10,93.840000,31.394428,0.769038,15941
28,6,6382,raspi4,cifar10,93.376660,21.461164,0.769038,15941
28,6,11692,raspi4,cifar10,94.130000,37.583630,0.769038,15941
28,6,10412,raspi4,cifar10,93.530000,25.079220,0.769038,15941
28,6,8592,raspi4,cifar10,93.750000,25.477009,0.769038,15941
28,6,6577,raspi4,cifar10,10.000000,0.011297,0.769038,15941
28,6,6918,raspi4,cifar10,87.000000,2.787590,0.769038,15941
28,6,6953,raspi4,cifar10,91.990000,15.601654,0.769038,15941
28,6,8323,raspi4,cifar10,90.870000,7.426308,0.769038,15941
28,6,1941,raspi4,cifar10,93.533330,25.121769,0.769038,15941
28,6,2058,raspi4,cifar10,93.270000,19.484835,0.769038,15941
28,6,13320,raspi4,cifar10,89.330000,4.889096,0.769038,15941
28,6,2035,raspi4,cifar10,89.670000,4.984099,0.769038,15941
28,6,7017,raspi4,cifar10,86.970000,2.544041,0.769038,15941
28,6,2937,raspi4,cifar10,92.190000,17.768639,0.769038,15941
28,6,1690,raspi4,cifar10,86.646670,2.536549,0.769038,15941
28,7,9922,edgegpu,cifar100,58.560000,1.428552,0.634235,16220
28,7,14677,edgegpu,cifar100,62.420000,1.746187,0.634235,16220
28,7,9930,edgegpu,cifar100,73.513336,6.803060,0.634235,16220
28,7,14984,edgegpu,cifar100,67.166664,1.760831,0.634235,16220
28,7,2304,edgegpu,cifar100,58.660000,1.440253,0.634235,16220
28,7,4954,edgegpu,cifar100,73.000000,6.669736,0.634235,16220
28,7,1425,edgegpu,cifar100,72.093330,5.310225,0.634235,16220
28,7,4609,edgegpu,cifar100,66.520000,1.758838,0.634235,16220
28,7,9997,edgegpu,cifar100,71.520000,3.466139,0.634235,16220
28,7,8401,edgegpu,cifar100,71.080000,3.302102,0.634235,16220
28,7,2778,edgegpu,cifar100,72.993330,6.134028,0.634235,16220
28,7,8912,edgegpu,cifar100,59.200000,1.441355,0.634235,16220
28,7,4418,edgegpu,cifar100,72.746666,5.352364,0.634235,16220
28,7,11067,edgegpu,cifar100,58.186670,1.427836,0.634235,16220
28,7,1509,edgegpu,cifar100,1.000000,0.505853,0.634235,16220
28,7,12415,edgegpu,cifar100,71.940000,4.828467,0.634235,16220
28,7,14300,edgegpu,cifar100,67.300000,1.765666,0.634235,16220
28,7,3888,edgegpu,cifar100,73.260000,6.797867,0.634235,16220
28,7,11885,edgegpu,cifar100,68.040000,1.776652,0.634235,16220
28,7,11810,edgegpu,cifar100,68.300000,1.779551,0.634235,16220
28,8,9930,edgetpu,cifar100,73.513336,1.454107,0.633174,15996
28,8,781,edgetpu,cifar100,67.960000,0.487922,0.633174,15996
28,8,8401,edgetpu,cifar100,71.080000,0.728572,0.633174,15996
28,8,11219,edgetpu,cifar100,67.200000,0.486929,0.633174,15996
28,8,1110,edgetpu,cifar100,58.840000,0.355938,0.633174,15996
28,8,4418,edgetpu,cifar100,72.746666,1.093699,0.633174,15996
28,8,777,edgetpu,cifar100,58.650000,0.355588,0.633174,15996
28,8,3303,edgetpu,cifar100,62.420000,0.392593,0.633174,15996
28,8,5019,edgetpu,cifar100,58.880000,0.357058,0.633174,15996
28,8,857,edgetpu,cifar100,72.880000,1.264168,0.633174,15996
28,8,15363,edgetpu,cifar100,70.520000,0.676394,0.633174,15996
28,8,12415,edgetpu,cifar100,71.940000,0.872299,0.633174,15996
28,8,12761,edgetpu,cifar100,72.860000,1.225212,0.633174,15996
28,8,8649,edgetpu,cifar100,70.690000,0.727284,0.633174,15996
28,8,1317,edgetpu,cifar100,72.566666,1.023844,0.633174,15996
28,8,10000,edgetpu,cifar100,73.160000,1.283461,0.633174,15996
28,8,8912,edgetpu,cifar100,59.200000,0.377698,0.633174,15996
28,8,8638,edgetpu,cifar100,58.860000,0.356631,0.633174,15996
28,8,8032,edgetpu,cifar100,67.600000,0.487441,0.633174,15996
28,8,2705,edgetpu,cifar100,62.813330,0.393026,0.633174,15996
28,8,3888,edgetpu,cifar100,73.260000,1.316226,0.633174,15996
28,8,577,edgetpu,cifar100,69.680000,0.635228,0.633174,15996
28,8,14945,edgetpu,cifar100,58.500000,0.354940,0.633174,15996
28,8,11533,edgetpu,cifar100,69.760000,0.635877,0.633174,15996
28,8,9271,edgetpu,cifar100,63.400000,0.393151,0.633174,15996
28,8,11810,edgetpu,cifar100,68.300000,0.492126,0.633174,15996
28,8,9997,edgetpu,cifar100,71.520000,0.729986,0.633174,15996
28,8,1425,edgetpu,cifar100,72.093330,0.910660,0.633174,15996
28,8,11973,edgetpu,cifar100,70.340000,0.641728,0.633174,15996
28,8,14174,edgetpu,cifar100,72.646670,1.081678,0.633174,15996
28,8,14440,edgetpu,cifar100,67.386665,0.487278,0.633174,15996
28,8,12424,edgetpu,cifar100,69.980000,0.638946,0.633174,15996
28,8,797,edgetpu,cifar100,69.580000,0.633351,0.633174,15996
28,8,10679,edgetpu,cifar100,62.080000,0.391915,0.633174,15996
28,9,5651,eyeriss,cifar100,64.690000,1.928320,0.479220,16476
28,9,12820,eyeriss,cifar100,67.720000,2.419840,0.479220,16476
28,9,5084,eyeriss,cifar100,58.813330,1.682560,0.479220,16476
28,9,12574,eyeriss,cifar100,72.740000,5.123200,0.479220,16476
28,9,6925,eyeriss,cifar100,71.220000,3.894400,0.479220,16476
28,9,10689,eyeriss,cifar100,67.500000,2.174080,0.479220,16476
28,9,12761,eyeriss,cifar100,72.860000,6.352000,0.479220,16476
28,9,3888,eyeriss,cifar100,73.260000,6.597760,0.479220,16476
28,9,5725,eyeriss,cifar100,70.600000,3.648640,0.479220,16476
28,9,898,eyeriss,cifar100,70.000000,3.402880,0.479220,16476
28,9,9930,eyeriss,cifar100,73.513336,9.055360,0.479220,16476
28,9,14112,eyeriss,cifar100,68.386665,2.911360,0.479220,16476
28,9,11301,eyeriss,cifar100,68.220000,2.665600,0.479220,16476
28,9,3540,eyeriss,cifar100,71.500000,4.877440,0.479220,16476
28,9,14714,eyeriss,cifar100,71.280000,4.140160,0.479220,16476
28,10,3487,fpga,cifar100,70.093330,2.905760,0.511970,16335
28,10,375,fpga,cifar100,64.440000,1.648160,0.511970,16335
28,10,3540,fpga,cifar100,71.500000,4.163360,0.511970,16335
28,10,9930,fpga,cifar100,73.513336,7.420960,0.511970,16335
28,10,9997,fpga,cifar100,71.520000,4.572960,0.511970,16335
28,10,6787,fpga,cifar100,70.720000,3.420960,0.511970,16335
28,10,5084,fpga,cifar100,58.813330,1.132960,0.511970,16335
28,10,12761,fpga,cifar100,72.860000,5.420960,0.511970,16335
28,10,10689,fpga,cifar100,67.500000,2.163360,0.511970,16335
28,10,7250,fpga,cifar100,67.706665,2.390560,0.511970,16335
28,10,69,fpga,cifar100,71.020000,3.648160,0.511970,16335
28,10,12574,fpga,cifar100,72.740000,4.678560,0.511970,16335
28,10,3888,fpga,cifar100,73.260000,5.936160,0.511970,16335
28,10,12820,fpga,cifar100,67.720000,2.678560,0.511970,16335
28,10,4249,fpga,cifar100,65.080000,2.057760,0.511970,16335
28,10,6925,fpga,cifar100,71.220000,3.936160,0.511970,16335
28,10,6830,fpga,cifar100,71.460000,4.057760,0.511970,16335
28,11,777,pixel3,cifar100,58.650000,1.087020,0.691700,16102
28,11,11436,pixel3,cifar100,67.280000,4.362260,0.691700,16102
28,11,4409,pixel3,cifar100,67.173330,3.113370,0.691700,16102
28,11,11000,pixel3,cifar100,71.180000,10.677600,0.691700,16102
28,11,6925,pixel3,cifar100,71.220000,10.688000,0.691700,16102
28,11,1459,pixel3,cifar100,73.140000,23.437900,0.691700,16102
28,11,857,pixel3,cifar100,72.880000,19.113200,0.691700,16102
28,11,6294,pixel3,cifar100,66.973335,3.112950,0.691700,16102
28,11,1416,pixel3,cifar100,64.493330,2.084060,0.691700,16102
28,11,14112,pixel3,cifar100,68.386665,5.745320,0.691700,16102
28,11,3776,pixel3,cifar100,66.920000,3.109320,0.691700,16102
28,11,12970,pixel3,cifar100,68.140000,4.782110,0.691700,16102
28,11,5651,pixel3,cifar100,64.690000,2.376870,0.691700,16102
28,11,8638,pixel3,cifar100,58.860000,1.478570,0.691700,16102
28,11,4432,pixel3,cifar100,66.486664,3.105870,0.691700,16102
28,11,906,pixel3,cifar100,62.393333,1.661810,0.691700,16102
28,11,9930,pixel3,cifar100,73.513336,42.003600,0.691700,16102
28,11,12574,pixel3,cifar100,72.740000,16.473900,0.691700,16102
28,11,1450,pixel3,cifar100,70.506670,9.337360,0.691700,16102
28,11,8912,pixel3,cifar100,59.200000,1.478790,0.691700,16102
28,11,3888,pixel3,cifar100,73.260000,23.477200,0.691700,16102
28,11,11492,pixel3,cifar100,67.300000,4.774640,0.691700,16102
28,11,6337,pixel3,cifar100,1.000000,0.008753,0.691700,16102
28,11,699,pixel3,cifar100,72.240000,12.079400,0.691700,16102
28,11,1409,pixel3,cifar100,58.853333,1.275090,0.691700,16102
28,11,1558,pixel3,cifar100,64.020000,1.705220,0.691700,16102
28,11,4659,pixel3,cifar100,70.060000,9.026280,0.691700,16102
28,11,898,pixel3,cifar100,70.000000,6.516140,0.691700,16102
28,11,6787,pixel3,cifar100,70.720000,9.854430,0.691700,16102
28,11,15363,pixel3,cifar100,70.520000,9.708640,0.691700,16102
28,12,375,raspi4,cifar100,64.440000,5.099302,0.745292,15978
28,12,4498,raspi4,cifar100,64.086670,5.022347,0.745292,15978
28,12,2035,raspi4,cifar100,63.926666,5.005698,0.745292,15978
28,12,15363,raspi4,cifar100,70.520000,21.809430,0.745292,15978
28,12,14112,raspi4,cifar100,68.386665,14.423308,0.745292,15978
28,12,1459,raspi4,cifar100,73.140000,53.879950,0.745292,15978
28,12,10222,raspi4,cifar100,58.860000,2.747804,0.745292,15978
28,12,3888,raspi4,cifar100,73.260000,55.029520,0.745292,15978
28,12,9895,raspi4,cifar100,69.400000,19.211880,0.745292,15978
28,12,12915,raspi4,cifar100,66.950000,7.226311,0.745292,15978
28,12,6925,raspi4,cifar100,71.220000,24.195030,0.745292,15978
28,12,6787,raspi4,cifar100,70.720000,23.081835,0.745292,15978
28,12,3307,raspi4,cifar100,62.620000,4.846187,0.745292,15978
28,12,15137,raspi4,cifar100,63.160000,4.941014,0.745292,15978
28,12,7891,raspi4,cifar100,67.550000,12.536592,0.745292,15978
28,12,8740,raspi4,cifar100,1.000000,0.015215,0.745292,15978
28,12,15589,raspi4,cifar100,59.060000,2.795078,0.745292,15978
28,12,13430,raspi4,cifar100,66.700000,7.203785,0.745292,15978
28,12,14612,raspi4,cifar100,58.720000,2.563505,0.745292,15978
28,12,3487,raspi4,cifar100,70.093330,21.603350,0.745292,15978
28,12,10166,raspi4,cifar100,62.700000,4.857379,0.745292,15978
28,12,6822,raspi4,cifar100,58.426666,2.558594,0.745292,15978
28,12,4409,raspi4,cifar100,67.173330,7.228629,0.745292,15978
28,12,10042,raspi4,cifar100,64.880000,5.100886,0.745292,15978
28,12,12761,raspi4,cifar100,72.860000,53.718200,0.745292,15978
28,12,14714,raspi4,cifar100,71.280000,24.692347,0.745292,15978
28,12,9930,raspi4,cifar100,73.513336,71.152000,0.745292,15978
28,12,898,raspi4,cifar100,70.000000,21.506163,0.745292,15978
28,12,10689,raspi4,cifar100,67.500000,7.381845,0.745292,15978
28,12,12607,raspi4,cifar100,62.600000,4.779045,0.745292,15978
28,12,2222,raspi4,cifar100,58.313330,2.538255,0.745292,15978
28,12,7030,raspi4,cifar100,69.600000,19.218203,0.745292,15978
28,12,1572,raspi4,cifar100,69.900000,19.916142,0.745292,15978
28,12,12574,raspi4,cifar100,72.740000,36.371254,0.745292,15978
28,12,6830,raspi4,cifar100,71.460000,34.491814,0.745292,15978
28,12,4418,raspi4,cifar100,72.746666,47.162354,0.745292,15978
28,12,9997,raspi4,cifar100,71.520000,34.996710,0.745292,15978
28,13,1069,edgegpu,ImageNet16-120,44.822224,4.252129,0.622927,16230
28,13,10835,edgegpu,ImageNet16-120,45.233334,4.434366,0.622927,16230
28,13,15383,edgegpu,ImageNet16-120,47.033333,6.262836,0.622927,16230
28,13,15159,edgegpu,ImageNet16-120,45.566666,4.632421,0.622927,16230
28,13,2650,edgegpu,ImageNet16-120,42.433334,3.309817,0.622927,16230
28,13,4332,edgegpu,ImageNet16-120,39.444443,1.745496,0.622927,16230
28,13,14612,edgegpu,ImageNet16-120,28.488890,1.434064,0.622927,16230
28,13,10750,edgegpu,ImageNet16-120,44.600000,3.434558,0.622927,16230
28,13,4160,edgegpu,ImageNet16-120,39.833332,1.756272,0.622927,16230
28,13,8687,edgegpu,ImageNet16-120,28.888890,1.470962,0.622927,16230
28,13,13612,edgegpu,ImageNet16-120,0.833333,0.534101,0.622927,16230
28,13,14117,edgegpu,ImageNet16-120,28.677778,1.435547,0.622927,16230
28,13,7187,edgegpu,ImageNet16-120,28.683332,1.443858,0.622927,16230
28,13,9722,edgegpu,ImageNet16-120,44.000000,3.327813,0.622927,16230
28,13,15288,edgegpu,ImageNet16-120,28.422222,1.417041,0.622927,16230
28,13,13760,edgegpu,ImageNet16-120,32.333332,1.739759,0.622927,16230
28,13,7760,edgegpu,ImageNet16-120,39.100000,1.743751,0.622927,16230
28,13,6950,edgegpu,ImageNet16-120,38.700000,1.740150,0.622927,16230
28,13,4587,edgegpu,ImageNet16-120,28.800000,1.445131,0.622927,16230
28,13,857,edgegpu,ImageNet16-120,47.311110,6.707663,0.622927,16230
28,13,12415,edgegpu,ImageNet16-120,46.566666,4.667692,0.622927,16230
28,13,14638,edgegpu,ImageNet16-120,44.266666,3.433437,0.622927,16230
28,13,5751,edgegpu,ImageNet16-120,40.044445,2.434626,0.622927,16230
28,13,4946,edgegpu,ImageNet16-120,44.700000,3.490419,0.622927,16230
28,13,8401,edgegpu,ImageNet16-120,43.833332,3.322444,0.622927,16230
28,13,1164,edgegpu,ImageNet16-120,28.522223,1.435223,0.622927,16230
28,13,9586,edgegpu,ImageNet16-120,46.933334,5.222673,0.622927,16230
28,13,10838,edgegpu,ImageNet16-120,45.033333,4.388719,0.622927,16230
28,13,14027,edgegpu,ImageNet16-120,40.266666,3.306937,0.622927,16230
28,14,8447,edgetpu,ImageNet16-120,40.011112,0.514586,0.599355,15978
28,14,10340,edgetpu,ImageNet16-120,31.522223,0.363639,0.599355,15978
28,14,5374,edgetpu,ImageNet16-120,46.766666,0.843987,0.599355,15978
28,14,11079,edgetpu,ImageNet16-120,43.566666,0.552430,0.599355,15978
28,14,9586,edgetpu,ImageNet16-120,46.933334,0.981196,0.599355,15978
28,14,7357,edgetpu,ImageNet16-120,44.666668,0.600498,0.599355,15978
28,14,13931,edgetpu,ImageNet16-120,28.788889,0.360349,0.599355,15978
28,14,8884,edgetpu,ImageNet16-120,45.033333,0.615792,0.599355,15978
28,14,12415,edgetpu,ImageNet16-120,46.566666,0.710906,0.599355,15978
28,14,10332,edgetpu,ImageNet16-120,40.033333,0.516152,0.599355,15978
28,14,15014,edgetpu,ImageNet16-120,28.266666,0.358110,0.599355,15978
28,14,10699,edgetpu,ImageNet16-120,46.833332,0.858130,0.599355,15978
28,14,5751,edgetpu,ImageNet16-120,40.044445,0.516992,0.599355,15978
28,14,10888,edgetpu,ImageNet16-120,28.333334,0.359044,0.599355,15978
28,14,4988,edgetpu,ImageNet16-120,28.933332,0.360694,0.599355,15978
28,14,7396,edgetpu,ImageNet16-120,40.177776,0.517218,0.599355,15978
28,14,6407,edgetpu,ImageNet16-120,32.333332,0.363748,0.599355,15978
28,14,9689,edgetpu,ImageNet16-120,42.533333,0.549702,0.599355,15978
28,14,10017,edgetpu,ImageNet16-120,40.566666,0.524950,0.599355,15978
28,14,7750,edgetpu,ImageNet16-120,43.066666,0.551617,0.599355,15978
28,14,11885,edgetpu,ImageNet16-120,39.166668,0.427395,0.599355,15978
28,14,2136,edgetpu,ImageNet16-120,42.166668,0.549614,0.599355,15978
28,14,7431,edgetpu,ImageNet16-120,32.577778,0.363954,0.599355,15978
28,14,857,edgetpu,ImageNet16-120,47.311110,0.997730,0.599355,15978
28,14,13097,edgetpu,ImageNet16-120,39.655556,0.428424,0.599355,15978
28,14,3540,edgetpu,ImageNet16-120,45.122223,0.648670,0.599355,15978
28,14,7273,edgetpu,ImageNet16-120,42.966667,0.550014,0.599355,15978
28,14,15363,edgetpu,ImageNet16-120,44.333332,0.582280,0.599355,15978
28,14,14677,edgetpu,ImageNet16-120,33.233334,0.364575,0.599355,15978
28,14,13769,edgetpu,ImageNet16-120,41.555557,0.549360,0.599355,15978
28,14,4627,edgetpu,ImageNet16-120,43.500000,0.552306,0.599355,15978
28,14,4160,edgetpu,ImageNet16-120,39.833332,0.430355,0.599355,15978
28,15,857,eyeriss,ImageNet16-120,47.311110,1.651840,0.472258,16407
28,15,2835,eyeriss,ImageNet16-120,38.222220,0.545920,0.472258,16407
28,15,6787,eyeriss,ImageNet16-120,44.400000,0.914560,0.472258,16407
28,15,6854,eyeriss,ImageNet16-120,40.800000,0.668800,0.472258,16407
28,15,15383,eyeriss,ImageNet16-120,47.033333,1.283200,0.472258,16407
28,15,1939,eyeriss,ImageNet16-120,45.077778,0.976000,0.472258,16407
28,15,8853,eyeriss,ImageNet16-120,45.600000,1.037440,0.472258,16407
28,15,4829,eyeriss,ImageNet16-120,34.200000,0.484480,0.472258,16407
28,15,5487,eyeriss,ImageNet16-120,38.500000,0.607360,0.472258,16407
28,15,4988,eyeriss,ImageNet16-120,28.933332,0.423040,0.472258,16407
28,15,8008,eyeriss,ImageNet16-120,43.500000,0.853120,0.472258,16407
28,15,14417,eyeriss,ImageNet16-120,45.900000,1.098880,0.472258,16407
28,16,14417,fpga,ImageNet16-120,45.900000,1.276320,0.561068,16183
28,16,15446,fpga,ImageNet16-120,45.766666,1.116320,0.561068,16183
28,16,3261,fpga,ImageNet16-120,43.022220,0.876800,0.561068,16183
28,16,15383,fpga,ImageNet16-120,47.033333,1.504000,0.561068,16183
28,16,14748,fpga,ImageNet16-120,44.900000,0.995200,0.561068,16183
28,16,6787,fpga,ImageNet16-120,44.400000,0.969600,0.561068,16183
28,16,1939,fpga,ImageNet16-120,45.077778,1.062400,0.561068,16183
28,16,11593,fpga,ImageNet16-120,40.166668,0.780320,0.561068,16183
28,16,2835,fpga,ImageNet16-120,38.222220,0.546720,0.561068,16183
28,16,5793,fpga,ImageNet16-120,35.033333,0.517920,0.561068,16183
28,16,11079,fpga,ImageNet16-120,43.566666,0.902400,0.561068,16183
28,16,4988,fpga,ImageNet16-120,28.933332,0.284320,0.561068,16183
28,16,857,fpga,ImageNet16-120,47.311110,2.038400,0.561068,16183
28,16,4829,fpga,ImageNet16-120,34.200000,0.415520,0.561068,16183
28,16,6868,fpga,ImageNet16-120,39.000000,0.649120,0.561068,16183
28,16,6854,fpga,ImageNet16-120,40.800000,0.809120,0.561068,16183
28,16,10017,fpga,ImageNet16-120,40.566666,0.784000,0.561068,16183
28,17,8741,pixel3,ImageNet16-120,28.622223,0.425771,0.767289,16057
28,17,11000,pixel3,ImageNet16-120,44.866665,2.962520,0.767289,16057
28,17,3650,pixel3,ImageNet16-120,43.866665,2.716840,0.767289,16057
28,17,4977,pixel3,ImageNet16-120,32.966667,0.617991,0.767289,16057
28,17,758,pixel3,ImageNet16-120,28.333334,0.422134,0.767289,16057
28,17,12355,pixel3,ImageNet16-120,45.033333,2.989390,0.767289,16057
28,17,15446,pixel3,ImageNet16-120,45.766666,3.439380,0.767289,16057
28,17,6854,pixel3,ImageNet16-120,40.800000,1.621620,0.767289,16057
28,17,898,pixel3,ImageNet16-120,42.466667,2.467210,0.767289,16057
28,17,1860,pixel3,ImageNet16-120,28.433332,0.422587,0.767289,16057
28,17,12036,pixel3,ImageNet16-120,33.977780,0.665306,0.767289,16057
28,17,2835,pixel3,ImageNet16-120,38.222220,0.868646,0.767289,16057
28,17,10154,pixel3,ImageNet16-120,46.133335,4.783700,0.767289,16057
28,17,1425,pixel3,ImageNet16-120,45.977780,4.619290,0.767289,16057
28,17,2018,pixel3,ImageNet16-120,46.433334,4.949210,0.767289,16057
28,17,4587,pixel3,ImageNet16-120,28.800000,0.445767,0.767289,16057
28,17,857,pixel3,ImageNet16-120,47.311110,6.686850,0.767289,16057
28,17,12424,pixel3,ImageNet16-120,43.133330,2.470150,0.767289,16057
28,17,4988,pixel3,ImageNet16-120,28.933332,0.485996,0.767289,16057
28,17,4004,pixel3,ImageNet16-120,42.811110,2.467510,0.767289,16057
28,17,735,pixel3,ImageNet16-120,38.544445,1.107950,0.767289,16057
28,17,1939,pixel3,ImageNet16-120,45.077778,3.021500,0.767289,16057
28,17,15383,pixel3,ImageNet16-120,47.033333,5.191720,0.767289,16057
28,17,11079,pixel3,ImageNet16-120,43.566666,2.479610,0.767289,16057
28,17,2002,pixel3,ImageNet16-120,32.277780,0.617751,0.767289,16057
28,17,12466,pixel3,ImageNet16-120,46.100000,4.680280,0.767289,16057
28,17,8627,pixel3,ImageNet16-120,43.633335,2.707490,0.767289,16057
28,17,4432,pixel3,ImageNet16-120,37.800000,0.861157,0.767289,16057
28,17,12452,pixel3,ImageNet16-120,40.533333,1.504410,0.767289,16057
28,17,14417,pixel3,ImageNet16-120,45.900000,4.143030,0.767289,16057
28,17,3728,pixel3,ImageNet16-120,28.500000,0.422880,0.767289,16057
28,17,13756,pixel3,ImageNet16-120,0.833333,0.005289,0.767289,16057
28,17,12639,pixel3,ImageNet16-120,40.400000,1.304440,0.767289,16057
28,17,12358,pixel3,ImageNet16-120,34.055557,0.666287,0.767289,16057
28,17,1863,pixel3,ImageNet16-120,28.055555,0.422043,0.767289,16057
28,17,872,pixel3,ImageNet16-120,41.777780,2.465030,0.767289,16057
28,17,4895,pixel3,ImageNet16-120,33.200000,0.619070,0.767289,16057
28,17,3496,pixel3,ImageNet16-120,34.233334,0.670584,0.767289,16057
28,17,6014,pixel3,ImageNet16-120,28.533333,0.423391,0.767289,16057
28,18,2779,raspi4,ImageNet16-120,37.355556,2.190654,0.846037,16148
28,18,11584,raspi4,ImageNet16-120,46.666668,8.014434,0.846037,16148
28,18,15363,raspi4,ImageNet16-120,44.333332,4.480516,0.846037,16148
28,18,8733,raspi4,ImageNet16-120,46.600000,7.477213,0.846037,16148
28,18,6854,raspi4,ImageNet16-120,40.800000,3.661016,0.846037,16148
28,18,14792,raspi4,ImageNet16-120,43.033333,3.792447,0.846037,16148
28,18,219,raspi4,ImageNet16-120,42.500000,3.768475,0.846037,16148
28,18,7551,raspi4,ImageNet16-120,38.477780,2.950436,0.846037,16148
28,18,7187,raspi4,ImageNet16-120,28.683332,0.952790,0.846037,16148
28,18,11946,raspi4,ImageNet16-120,28.200000,0.940293,0.846037,16148
28,18,857,raspi4,ImageNet16-120,47.311110,9.020064,0.846037,16148
28,18,97,raspi4,ImageNet16-120,32.177776,1.530789,0.846037,16148
28,18,3650,raspi4,ImageNet16-120,43.866665,4.475790,0.846037,16148
28,18,1939,raspi4,ImageNet16-120,45.077778,5.341908,0.846037,16148
28,18,10835,raspi4,ImageNet16-120,45.233334,6.632419,0.846037,16148
28,18,13644,raspi4,ImageNet16-120,45.333332,6.780282,0.846037,16148
28,18,6787,raspi4,ImageNet16-120,44.400000,4.532777,0.846037,16148
28,18,10217,raspi4,ImageNet16-120,45.100000,6.109362,0.846037,16148
28,18,13931,raspi4,ImageNet16-120,28.788889,0.956195,0.846037,16148
28,18,15107,raspi4,ImageNet16-120,39.800000,3.083329,0.846037,16148
28,18,12505,raspi4,ImageNet16-120,39.283333,3.062432,0.846037,16148
28,18,14697,raspi4,ImageNet16-120,33.900000,1.580382,0.846037,16148
28,18,10167,raspi4,ImageNet16-120,39.944443,3.106316,0.846037,16148
28,18,4995,raspi4,ImageNet16-120,42.166668,3.766336,0.846037,16148
28,18,11079,raspi4,ImageNet16-120,43.566666,3.802027,0.846037,16148
28,18,3782,raspi4,ImageNet16-120,41.866665,3.755286,0.846037,16148
28,18,5530,raspi4,ImageNet16-120,42.577778,3.785925,0.846037,16148
28,18,13771,raspi4,ImageNet16-120,32.744446,1.533813,0.846037,16148
28,18,2063,raspi4,ImageNet16-120,32.333332,1.531321,0.846037,16148
28,18,15383,raspi4,ImageNet16-120,47.033333,8.565354,0.846037,16148
28,18,4988,raspi4,ImageNet16-120,28.933332,1.003251,0.846037,16148
28,18,11177,raspi4,ImageNet16-120,33.200000,1.573414,0.846037,16148
28,18,9496,raspi4,ImageNet16-120,38.200000,2.204048,0.846037,16148
28,18,5487,raspi4,ImageNet16-120,38.500000,3.019000,0.846037,16148
28,18,8426,raspi4,ImageNet16-120,44.633335,5.288439,0.846037,16148
28,18,8884,raspi4,ImageNet16-120,45.033333,5.293177,0.846037,16148
28,18,7870,raspi4,ImageNet16-120,42.633335,3.788979,0.846037,16148
28,18,14417,raspi4,ImageNet16-120,45.900000,6.948865,0.846037,16148
28,18,6435,raspi4,ImageNet16-120,34.000000,1.591369,0.846037,16148
28,18,3431,raspi4,ImageNet16-120,32.966667,1.536690,0.846037,16148
28,18,13059,raspi4,ImageNet16-120,34.266666,1.595651,0.846037,16148
28,18,3960,raspi4,ImageNet16-120,37.755554,2.197980,0.846037,16148
28,18,933,raspi4,ImageNet16-120,0.833333,0.011514,0.846037,16148
28,18,10017,raspi4,ImageNet16-120,40.566666,3.181383,0.846037,16148
28,18,9032,raspi4,ImageNet16-120,38.016666,2.201532,0.846037,16148
28,18,5973,raspi4,ImageNet16-120,40.100000,3.159922,0.846037,16148
28,18,8355,raspi4,ImageNet16-120,39.666668,3.083286,0.846037,16148
28,18,6336,raspi4,ImageNet16-120,39.366665,3.073392,0.846037,16148
28,18,10472,raspi4,ImageNet16-120,39.633335,3.079679,0.846037,16148
29,1,2053,edgegpu,cifar10,94.206665,5.482254,0.584930,16241
29,1,561,edgegpu,cifar10,86.880000,1.451068,0.584930,16241
29,1,11692,edgegpu,cifar10,94.130000,4.708362,0.584930,16241
29,1,14407,edgegpu,cifar10,86.770000,1.440282,0.584930,16241
29,1,13714,edgegpu,cifar10,94.373340,6.772180,0.584930,16241
29,1,10484,edgegpu,cifar10,93.810000,3.354015,0.584930,16241
29,1,1459,edgegpu,cifar10,94.296670,6.748991,0.584930,16241
29,1,5400,edgegpu,cifar10,86.630000,1.427460,0.584930,16241
29,1,6330,edgegpu,cifar10,94.006670,4.384699,0.584930,16241
29,1,6950,edgegpu,cifar10,92.000000,1.738467,0.584930,16241
29,1,6960,edgegpu,cifar10,92.280000,1.764450,0.584930,16241
29,1,15200,edgegpu,cifar10,10.000000,0.501385,0.584930,16241
29,1,5292,edgegpu,cifar10,94.293335,6.663151,0.584930,16241
29,1,2776,edgegpu,cifar10,93.666664,3.331194,0.584930,16241
29,1,13401,edgegpu,cifar10,87.010000,1.457009,0.584930,16241
29,1,258,edgegpu,cifar10,93.640000,3.307109,0.584930,16241
29,1,14527,edgegpu,cifar10,86.765000,1.439619,0.584930,16241
29,1,2090,edgegpu,cifar10,86.650000,1.437702,0.584930,16241
29,1,10683,edgegpu,cifar10,92.330000,1.924162,0.584930,16241
29,1,11810,edgegpu,cifar10,92.780000,1.992798,0.584930,16241
29,1,1339,edgegpu,cifar10,92.136665,1.751881,0.584930,16241
29,1,6499,edgegpu,cifar10,93.645000,3.331041,0.584930,16241
29,1,5780,edgegpu,cifar10,93.980000,3.361888,0.584930,16241
29,2,3731,edgetpu,cifar10,94.343330,1.282820,0.580876,16349
29,2,11438,edgetpu,cifar10,92.500000,0.482393,0.580876,16349
29,2,6382,edgetpu,cifar10,93.376660,0.628638,0.580876,16349
29,2,15000,edgetpu,cifar10,92.400000,0.481741,0.580876,16349
29,2,11692,edgetpu,cifar10,94.130000,0.761100,0.580876,16349
29,2,8008,edgetpu,cifar10,93.480000,0.629746,0.580876,16349
29,2,2328,edgetpu,cifar10,89.210000,0.392618,0.580876,16349
29,2,5111,edgetpu,cifar10,94.306660,1.152010,0.580876,16349
29,2,797,edgetpu,cifar10,93.280000,0.627996,0.580876,16349
29,2,5780,edgetpu,cifar10,93.980000,0.723967,0.580876,16349
29,2,2485,edgetpu,cifar10,86.700000,0.346546,0.580876,16349
29,2,9950,edgetpu,cifar10,93.840000,0.723767,0.580876,16349
29,2,1996,edgetpu,cifar10,92.000000,0.481224,0.580876,16349
29,2,6515,edgetpu,cifar10,93.616670,0.722858,0.580876,16349
29,2,13714,edgetpu,cifar10,94.373340,1.377865,0.580876,16349
29,2,6584,edgetpu,cifar10,94.160000,0.888877,0.580876,16349
29,2,2053,edgetpu,cifar10,94.206665,1.042178,0.580876,16349
29,2,8192,edgetpu,cifar10,93.093330,0.627745,0.580876,16349
29,2,13001,edgetpu,cifar10,88.760000,0.389467,0.580876,16349
29,2,3927,edgetpu,cifar10,93.626660,0.723268,0.580876,16349
29,2,5224,edgetpu,cifar10,88.980000,0.389900,0.580876,16349
29,2,10581,edgetpu,cifar10,89.015000,0.390403,0.580876,16349
29,2,7676,edgetpu,cifar10,92.230000,0.481331,0.580876,16349
29,2,7017,edgetpu,cifar10,86.970000,0.353089,0.580876,16349
29,2,9689,edgetpu,cifar10,93.370000,0.628386,0.580876,16349
29,3,11692,eyeriss,cifar10,94.130000,4.874420,0.498308,16514
29,3,13987,eyeriss,cifar10,93.596664,3.645620,0.498308,16514
29,3,8008,eyeriss,cifar10,93.480000,3.399860,0.498308,16514
29,3,11472,eyeriss,cifar10,93.970000,4.628660,0.498308,16514
29,3,3687,eyeriss,cifar10,89.820000,1.925300,0.498308,16514
29,3,8323,eyeriss,cifar10,90.870000,2.171060,0.498308,16514
29,3,4384,eyeriss,cifar10,86.796670,1.679540,0.498308,16514
29,3,14112,eyeriss,cifar10,91.296670,2.908340,0.498308,16514
29,3,13611,eyeriss,cifar10,92.490000,3.154100,0.498308,16514
29,3,6854,eyeriss,cifar10,91.040000,2.662580,0.498308,16514
29,3,5111,eyeriss,cifar10,94.306660,5.365940,0.498308,16514
29,3,6111,eyeriss,cifar10,94.373340,7.823540,0.498308,16514
29,3,3731,eyeriss,cifar10,94.343330,6.594740,0.498308,16514
29,3,8592,eyeriss,cifar10,93.750000,3.891380,0.498308,16514
29,3,13714,eyeriss,cifar10,94.373340,7.823540,0.498308,16514
29,3,6899,eyeriss,cifar10,90.900000,2.416820,0.498308,16514
29,4,11525,fpga,cifar10,90.000000,2.057760,0.507207,16233
29,4,10431,fpga,cifar10,87.000000,1.542560,0.507207,16233
29,4,11692,fpga,cifar10,94.130000,4.163360,0.507207,16233
29,4,4384,fpga,cifar10,86.796670,1.132960,0.507207,16233
29,4,6111,fpga,cifar10,94.373340,6.678560,0.507207,16233
29,4,3731,fpga,cifar10,94.343330,5.936160,0.507207,16233
29,4,9950,fpga,cifar10,93.840000,3.648160,0.507207,16233
29,4,13714,fpga,cifar10,94.373340,6.678560,0.507207,16233
29,4,5111,fpga,cifar10,94.306660,5.193760,0.507207,16233
29,4,8008,fpga,cifar10,93.480000,2.905760,0.507207,16233
29,4,15558,fpga,cifar10,92.350000,2.800160,0.507207,16233
29,4,8323,fpga,cifar10,90.870000,2.163360,0.507207,16233
29,4,9805,fpga,cifar10,89.790000,1.648160,0.507207,16233
29,4,10412,fpga,cifar10,93.530000,3.420960,0.507207,16233
29,4,6960,fpga,cifar10,92.280000,2.390560,0.507207,16233
29,5,13987,pixel3,cifar10,93.596664,9.922680,0.875471,16071
29,5,7197,pixel3,cifar10,90.366670,2.447670,0.875471,16071
29,5,12639,pixel3,cifar10,90.990000,4.749000,0.875471,16071
29,5,12452,pixel3,cifar10,91.350000,5.590110,0.875471,16071
29,5,1425,pixel3,cifar10,93.933334,12.536500,0.875471,16071
29,5,6918,pixel3,cifar10,87.000000,1.478790,0.875471,16071
29,5,9032,pixel3,cifar10,90.740000,3.102890,0.875471,16071
29,5,6382,pixel3,cifar10,93.376660,7.048190,0.875471,16071
29,5,13846,pixel3,cifar10,90.720000,3.099760,0.875471,16071
29,5,6985,pixel3,cifar10,89.940000,2.367450,0.875471,16071
29,5,1943,pixel3,cifar10,93.116670,6.492030,0.875471,16071
29,5,7001,pixel3,cifar10,10.000000,0.003277,0.875471,16071
29,5,1941,pixel3,cifar10,93.533330,9.128690,0.875471,16071
29,5,8695,pixel3,cifar10,94.220000,17.564500,0.875471,16071
29,5,6111,pixel3,cifar10,94.373340,23.584800,0.875471,16071
29,5,10275,pixel3,cifar10,91.080000,4.818050,0.875471,16071
29,5,8323,pixel3,cifar10,90.870000,3.106420,0.875471,16071
29,5,2779,pixel3,cifar10,90.806660,3.102950,0.875471,16071
29,5,3731,pixel3,cifar10,94.343330,23.361300,0.875471,16071
29,5,7250,pixel3,cifar10,92.093330,6.320010,0.875471,16071
29,5,5149,pixel3,cifar10,92.090000,5.987440,0.875471,16071
29,5,6470,pixel3,cifar10,92.000000,5.826540,0.875471,16071
29,5,5111,pixel3,cifar10,94.306660,17.584600,0.875471,16071
29,5,6999,pixel3,cifar10,93.820000,12.260900,0.875471,16071
29,5,11692,pixel3,cifar10,94.130000,15.490100,0.875471,16071
29,5,5224,pixel3,cifar10,88.980000,1.570360,0.875471,16071
29,5,296,pixel3,cifar10,89.713330,1.805350,0.875471,16071
29,5,11972,pixel3,cifar10,91.510000,5.627010,0.875471,16071
29,5,5915,pixel3,cifar10,86.846664,1.472530,0.875471,16071
29,5,1497,pixel3,cifar10,86.556660,1.056630,0.875471,16071
29,5,12820,pixel3,cifar10,90.880000,3.982790,0.875471,16071
29,5,13171,pixel3,cifar10,93.530000,7.717220,0.875471,16071
29,5,78,pixel3,cifar10,91.933334,5.807870,0.875471,16071
29,5,4627,pixel3,cifar10,93.270000,7.036050,0.875471,16071
29,5,6584,pixel3,cifar10,94.160000,15.720300,0.875471,16071
29,5,12970,pixel3,cifar10,90.970000,4.723840,0.875471,16071
29,5,1804,pixel3,cifar10,89.063330,1.579900,0.875471,16071
29,5,8708,pixel3,cifar10,94.080000,12.839000,0.875471,16071
29,5,2035,pixel3,cifar10,89.670000,1.706480,0.875471,16071
29,5,8592,pixel3,cifar10,93.750000,10.769800,0.875471,16071
29,5,3496,pixel3,cifar10,89.763336,2.365700,0.875471,16071
29,5,9230,pixel3,cifar10,86.580000,1.056760,0.875471,16071
29,5,70,pixel3,cifar10,91.983330,5.810430,0.875471,16071
29,5,4432,pixel3,cifar10,90.700000,2.826310,0.875471,16071
29,5,55,pixel3,cifar10,86.756670,1.057440,0.875471,16071
29,5,4398,pixel3,cifar10,92.073330,5.828150,0.875471,16071
29,5,1778,pixel3,cifar10,92.180000,6.446230,0.875471,16071
29,6,7352,raspi4,cifar10,92.200000,18.038305,0.717302,15934
29,6,7058,raspi4,cifar10,92.040000,16.469465,0.717302,15934
29,6,13869,raspi4,cifar10,93.656670,25.787006,0.717302,15934
29,6,6985,raspi4,cifar10,89.940000,4.995646,0.717302,15934
29,6,13705,raspi4,cifar10,90.983330,12.544400,0.717302,15934
29,6,12970,raspi4,cifar10,90.970000,11.904152,0.717302,15934
29,6,4364,raspi4,cifar10,92.146670,17.893960,0.717302,15934
29,6,6953,raspi4,cifar10,91.990000,15.601654,0.717302,15934
29,6,5780,raspi4,cifar10,93.980000,34.928463,0.717302,15934
29,6,7017,raspi4,cifar10,86.970000,2.544041,0.717302,15934
29,6,4210,raspi4,cifar10,89.030000,4.782748,0.717302,15934
29,6,6111,raspi4,cifar10,94.373340,68.404106,0.717302,15934
29,6,4659,raspi4,cifar10,93.396670,22.249382,0.717302,15934
29,6,13320,raspi4,cifar10,89.330000,4.889096,0.717302,15934
29,6,11692,raspi4,cifar10,94.130000,37.583630,0.717302,15934
29,6,5111,raspi4,cifar10,94.306660,41.756905,0.717302,15934
29,6,3731,raspi4,cifar10,94.343330,58.070793,0.717302,15934
29,6,1690,raspi4,cifar10,86.646670,2.536549,0.717302,15934
29,6,8008,raspi4,cifar10,93.480000,22.571420,0.717302,15934
29,6,2035,raspi4,cifar10,89.670000,4.984099,0.717302,15934
29,6,2058,raspi4,cifar10,93.270000,19.484835,0.717302,15934
29,6,1941,raspi4,cifar10,93.533330,25.121769,0.717302,15934
29,6,11810,raspi4,cifar10,92.780000,18.619905,0.717302,15934
29,6,5991,raspi4,cifar10,92.186670,17.979792,0.717302,15934
29,6,8426,raspi4,cifar10,93.840000,31.394428,0.717302,15934
29,6,8323,raspi4,cifar10,90.870000,7.426308,0.717302,15934
29,6,6382,raspi4,cifar10,93.376660,21.461164,0.717302,15934
29,6,6584,raspi4,cifar10,94.160000,38.818527,0.717302,15934
29,6,1894,raspi4,cifar10,92.110000,17.550644,0.717302,15934
29,6,1099,raspi4,cifar10,92.240000,18.358124,0.717302,15934
29,6,9980,raspi4,cifar10,10.000000,0.011284,0.717302,15934
29,6,1804,raspi4,cifar10,89.063330,4.791845,0.717302,15934
29,6,4432,raspi4,cifar10,90.700000,7.290926,0.717302,15934
29,6,10412,raspi4,cifar10,93.530000,25.079220,0.717302,15934
29,6,14677,raspi4,cifar10,88.670000,4.755260,0.717302,15934
29,6,6918,raspi4,cifar10,87.000000,2.787590,0.717302,15934
29,6,12002,raspi4,cifar10,93.510000,24.816572,0.717302,15934
29,6,14565,raspi4,cifar10,88.880000,4.781183,0.717302,15934
29,7,9922,edgegpu,cifar100,58.560000,1.428552,0.595683,16327
29,7,14677,edgegpu,cifar100,62.420000,1.746187,0.595683,16327
29,7,8401,edgegpu,cifar100,71.080000,3.302102,0.595683,16327
29,7,2304,edgegpu,cifar100,58.660000,1.440253,0.595683,16327
29,7,3888,edgegpu,cifar100,73.260000,6.797867,0.595683,16327
29,7,9997,edgegpu,cifar100,71.520000,3.466139,0.595683,16327
29,7,6124,edgegpu,cifar100,68.360000,3.185835,0.595683,16327
29,7,9930,edgegpu,cifar100,73.513336,6.803060,0.595683,16327
29,7,4954,edgegpu,cifar100,73.000000,6.669736,0.595683,16327
29,7,2778,edgegpu,cifar100,72.993330,6.134028,0.595683,16327
29,7,12415,edgegpu,cifar100,71.940000,4.828467,0.595683,16327
29,7,8912,edgegpu,cifar100,59.200000,1.441355,0.595683,16327
29,7,11810,edgegpu,cifar100,68.300000,1.779551,0.595683,16327
29,7,11885,edgegpu,cifar100,68.040000,1.776652,0.595683,16327
29,7,14984,edgegpu,cifar100,67.166664,1.760831,0.595683,16327
29,7,4418,edgegpu,cifar100,72.746666,5.352364,0.595683,16327
29,7,6381,edgegpu,cifar100,66.800000,1.753340,0.595683,16327
29,7,1425,edgegpu,cifar100,72.093330,5.310225,0.595683,16327
29,7,1509,edgegpu,cifar100,1.000000,0.505853,0.595683,16327
29,7,14300,edgegpu,cifar100,67.300000,1.765666,0.595683,16327
29,8,3811,edgetpu,cifar100,69.360000,0.634206,0.687554,16094
29,8,15363,edgetpu,cifar100,70.520000,0.676394,0.687554,16094
29,8,1110,edgetpu,cifar100,58.840000,0.355938,0.687554,16094
29,8,12761,edgetpu,cifar100,72.860000,1.225212,0.687554,16094
29,8,6382,edgetpu,cifar100,69.533330,0.634724,0.687554,16094
29,8,11810,edgetpu,cifar100,68.300000,0.492126,0.687554,16094
29,8,9930,edgetpu,cifar100,73.513336,1.454107,0.687554,16094
29,8,5019,edgetpu,cifar100,58.880000,0.357058,0.687554,16094
29,8,69,edgetpu,cifar100,71.020000,0.727259,0.687554,16094
29,8,1425,edgetpu,cifar100,72.093330,0.910660,0.687554,16094
29,8,8401,edgetpu,cifar100,71.080000,0.728572,0.687554,16094
29,8,12415,edgetpu,cifar100,71.940000,0.872299,0.687554,16094
29,8,8032,edgetpu,cifar100,67.600000,0.487441,0.687554,16094
29,8,4418,edgetpu,cifar100,72.746666,1.093699,0.687554,16094
29,8,9997,edgetpu,cifar100,71.520000,0.729986,0.687554,16094
29,8,857,edgetpu,cifar100,72.880000,1.264168,0.687554,16094
29,8,11885,edgetpu,cifar100,68.040000,0.489665,0.687554,16094
29,8,1383,edgetpu,cifar100,70.273330,0.673722,0.687554,16094
29,8,12424,edgetpu,cifar100,69.980000,0.638946,0.687554,16094
29,8,2705,edgetpu,cifar100,62.813330,0.393026,0.687554,16094
29,8,13829,edgetpu,cifar100,66.873340,0.485137,0.687554,16094
29,8,777,edgetpu,cifar100,58.650000,0.355588,0.687554,16094
29,8,3303,edgetpu,cifar100,62.420000,0.392593,0.687554,16094
29,8,577,edgetpu,cifar100,69.680000,0.635228,0.687554,16094
29,8,6358,edgetpu,cifar100,67.193340,0.486737,0.687554,16094
29,8,14945,edgetpu,cifar100,58.500000,0.354940,0.687554,16094
29,8,12574,edgetpu,cifar100,72.740000,0.932430,0.687554,16094
29,8,9271,edgetpu,cifar100,63.400000,0.393151,0.687554,16094
29,8,12607,edgetpu,cifar100,62.600000,0.392830,0.687554,16094
29,8,4155,edgetpu,cifar100,62.306667,0.391442,0.687554,16094
29,8,8638,edgetpu,cifar100,58.860000,0.356631,0.687554,16094
29,8,3888,edgetpu,cifar100,73.260000,1.316226,0.687554,16094
29,8,10000,edgetpu,cifar100,73.160000,1.283461,0.687554,16094
29,8,781,edgetpu,cifar100,67.960000,0.487922,0.687554,16094
29,8,11112,edgetpu,cifar100,66.893330,0.486713,0.687554,16094
29,8,11533,edgetpu,cifar100,69.760000,0.635877,0.687554,16094
29,9,14714,eyeriss,cifar100,71.280000,4.140160,0.481715,16544
29,9,10689,eyeriss,cifar100,67.500000,2.174080,0.481715,16544
29,9,12820,eyeriss,cifar100,67.720000,2.419840,0.481715,16544
29,9,9930,eyeriss,cifar100,73.513336,9.055360,0.481715,16544
29,9,5651,eyeriss,cifar100,64.690000,1.928320,0.481715,16544
29,9,6925,eyeriss,cifar100,71.220000,3.894400,0.481715,16544
29,9,12574,eyeriss,cifar100,72.740000,5.123200,0.481715,16544
29,9,3540,eyeriss,cifar100,71.500000,4.877440,0.481715,16544
29,9,5084,eyeriss,cifar100,58.813330,1.682560,0.481715,16544
29,9,12761,eyeriss,cifar100,72.860000,6.352000,0.481715,16544
29,9,3888,eyeriss,cifar100,73.260000,6.597760,0.481715,16544
29,9,898,eyeriss,cifar100,70.000000,3.402880,0.481715,16544
29,9,6787,eyeriss,cifar100,70.720000,3.648640,0.481715,16544
29,9,14112,eyeriss,cifar100,68.386665,2.911360,0.481715,16544
29,9,11301,eyeriss,cifar100,68.220000,2.665600,0.481715,16544
29,10,15033,fpga,cifar100,67.793335,2.390560,0.484441,16281
29,10,6830,fpga,cifar100,71.460000,4.057760,0.484441,16281
29,10,5651,fpga,cifar100,64.690000,1.648160,0.484441,16281
29,10,5084,fpga,cifar100,58.813330,1.132960,0.484441,16281
29,10,12761,fpga,cifar100,72.860000,5.420960,0.484441,16281
29,10,3888,fpga,cifar100,73.260000,5.936160,0.484441,16281
29,10,6925,fpga,cifar100,71.220000,3.936160,0.484441,16281
29,10,10689,fpga,cifar100,67.500000,2.163360,0.484441,16281
29,10,12574,fpga,cifar100,72.740000,4.678560,0.484441,16281
29,10,3540,fpga,cifar100,71.500000,4.163360,0.484441,16281
29,10,6787,fpga,cifar100,70.720000,3.420960,0.484441,16281
29,10,11525,fpga,cifar100,64.900000,2.057760,0.484441,16281
29,10,9930,fpga,cifar100,73.513336,7.420960,0.484441,16281
29,10,11973,fpga,cifar100,70.340000,2.905760,0.484441,16281
29,10,12295,fpga,cifar100,71.160000,3.648160,0.484441,16281
29,10,5033,fpga,cifar100,59.060000,1.542560,0.484441,16281
29,11,8912,pixel3,cifar100,59.200000,1.478790,0.692921,16158
29,11,1450,pixel3,cifar100,70.506670,9.337360,0.692921,16158
29,11,6787,pixel3,cifar100,70.720000,9.854430,0.692921,16158
29,11,485,pixel3,cifar100,67.593330,4.124800,0.692921,16158
29,11,858,pixel3,cifar100,64.133330,2.003500,0.692921,16158
29,11,14112,pixel3,cifar100,68.386665,5.745320,0.692921,16158
29,11,12574,pixel3,cifar100,72.740000,16.473900,0.692921,16158
29,11,4731,pixel3,cifar100,67.046670,3.712030,0.692921,16158
29,11,1090,pixel3,cifar100,65.220000,2.811310,0.692921,16158
29,11,10042,pixel3,cifar100,64.880000,2.794690,0.692921,16158
29,11,3888,pixel3,cifar100,73.260000,23.477200,0.692921,16158
29,11,8638,pixel3,cifar100,58.860000,1.478570,0.692921,16158
29,11,6294,pixel3,cifar100,66.973335,3.112950,0.692921,16158
29,11,11000,pixel3,cifar100,71.180000,10.677600,0.692921,16158
29,11,4432,pixel3,cifar100,66.486664,3.105870,0.692921,16158
29,11,906,pixel3,cifar100,62.393333,1.661810,0.692921,16158
29,11,5651,pixel3,cifar100,64.690000,2.376870,0.692921,16158
29,11,6337,pixel3,cifar100,1.000000,0.008753,0.692921,16158
29,11,1593,pixel3,cifar100,62.126667,1.582050,0.692921,16158
29,11,6899,pixel3,cifar100,67.080000,3.983530,0.692921,16158
29,11,1459,pixel3,cifar100,73.140000,23.437900,0.692921,16158
29,11,12970,pixel3,cifar100,68.140000,4.782110,0.692921,16158
29,11,9930,pixel3,cifar100,73.513336,42.003600,0.692921,16158
29,11,1409,pixel3,cifar100,58.853333,1.275090,0.692921,16158
29,11,857,pixel3,cifar100,72.880000,19.113200,0.692921,16158
29,11,1416,pixel3,cifar100,64.493330,2.084060,0.692921,16158
29,11,1558,pixel3,cifar100,64.020000,1.705220,0.692921,16158
29,11,898,pixel3,cifar100,70.000000,6.516140,0.692921,16158
29,11,1357,pixel3,cifar100,67.480000,3.998260,0.692921,16158
29,11,9496,pixel3,cifar100,66.560000,3.112410,0.692921,16158
29,11,699,pixel3,cifar100,72.240000,12.079400,0.692921,16158
29,11,777,pixel3,cifar100,58.650000,1.087020,0.692921,16158
29,11,11973,pixel3,cifar100,70.340000,8.988510,0.692921,16158
29,11,15363,pixel3,cifar100,70.520000,9.708640,0.692921,16158
29,12,375,raspi4,cifar100,64.440000,5.099302,0.845136,16003
29,12,13430,raspi4,cifar100,66.700000,7.203785,0.845136,16003
29,12,6822,raspi4,cifar100,58.426666,2.558594,0.845136,16003
29,12,6918,raspi4,cifar100,58.800000,2.571364,0.845136,16003
29,12,8912,raspi4,cifar100,59.200000,2.818969,0.845136,16003
29,12,12915,raspi4,cifar100,66.950000,7.226311,0.845136,16003
29,12,10222,raspi4,cifar100,58.860000,2.747804,0.845136,16003
29,12,355,raspi4,cifar100,69.860000,20.791758,0.845136,16003
29,12,9895,raspi4,cifar100,69.400000,19.211880,0.845136,16003
29,12,15363,raspi4,cifar100,70.520000,21.809430,0.845136,16003
29,12,9930,raspi4,cifar100,73.513336,71.152000,0.845136,16003
29,12,10042,raspi4,cifar100,64.880000,5.100886,0.845136,16003
29,12,14612,raspi4,cifar100,58.720000,2.563505,0.845136,16003
29,12,6930,raspi4,cifar100,61.720000,4.798524,0.845136,16003
29,12,1459,raspi4,cifar100,73.140000,53.879950,0.845136,16003
29,12,14811,raspi4,cifar100,69.680000,20.361189,0.845136,16003
29,12,2200,raspi4,cifar100,63.886665,5.014668,0.845136,16003
29,12,4409,raspi4,cifar100,67.173330,7.228629,0.845136,16003
29,12,15589,raspi4,cifar100,59.060000,2.795078,0.845136,16003
29,12,898,raspi4,cifar100,70.000000,21.506163,0.845136,16003
29,12,12761,raspi4,cifar100,72.860000,53.718200,0.845136,16003
29,12,9997,raspi4,cifar100,71.520000,34.996710,0.845136,16003
29,12,3888,raspi4,cifar100,73.260000,55.029520,0.845136,16003
29,12,8740,raspi4,cifar100,1.000000,0.015215,0.845136,16003
29,12,2058,raspi4,cifar100,69.613335,20.052132,0.845136,16003
29,12,2222,raspi4,cifar100,58.313330,2.538255,0.845136,16003
29,12,12574,raspi4,cifar100,72.740000,36.371254,0.845136,16003
29,12,4418,raspi4,cifar100,72.746666,47.162354,0.845136,16003
29,12,14112,raspi4,cifar100,68.386665,14.423308,0.845136,16003
29,12,14714,raspi4,cifar100,71.280000,24.692347,0.845136,16003
29,12,3408,raspi4,cifar100,63.993332,5.081906,0.845136,16003
29,12,6925,raspi4,cifar100,71.220000,24.195030,0.845136,16003
29,12,9271,raspi4,cifar100,63.400000,4.800893,0.845136,16003
29,12,1357,raspi4,cifar100,67.480000,10.177114,0.845136,16003
29,13,9586,edgegpu,ImageNet16-120,46.933334,5.222673,0.606723,16272
29,13,8236,edgegpu,ImageNet16-120,39.233334,1.749978,0.606723,16272
29,13,4587,edgegpu,ImageNet16-120,28.800000,1.445131,0.606723,16272
29,13,4946,edgegpu,ImageNet16-120,44.700000,3.490419,0.606723,16272
29,13,7760,edgegpu,ImageNet16-120,39.100000,1.743751,0.606723,16272
29,13,15376,edgegpu,ImageNet16-120,0.833333,0.533953,0.606723,16272
29,13,11217,edgegpu,ImageNet16-120,43.466667,3.316708,0.606723,16272
29,13,8884,edgegpu,ImageNet16-120,45.033333,3.499999,0.606723,16272
29,13,12062,edgegpu,ImageNet16-120,39.900000,2.519493,0.606723,16272
29,13,8801,edgegpu,ImageNet16-120,39.166668,1.746321,0.606723,16272
29,13,8401,edgegpu,ImageNet16-120,43.833332,3.322444,0.606723,16272
29,13,12415,edgegpu,ImageNet16-120,46.566666,4.667692,0.606723,16272
29,13,9722,edgegpu,ImageNet16-120,44.000000,3.327813,0.606723,16272
29,13,14117,edgegpu,ImageNet16-120,28.677778,1.435547,0.606723,16272
29,13,4160,edgegpu,ImageNet16-120,39.833332,1.756272,0.606723,16272
29,13,1164,edgegpu,ImageNet16-120,28.522223,1.435223,0.606723,16272
29,13,12505,edgegpu,ImageNet16-120,39.283333,1.750417,0.606723,16272
29,13,4988,edgegpu,ImageNet16-120,28.933332,1.448212,0.606723,16272
29,13,15288,edgegpu,ImageNet16-120,28.422222,1.417041,0.606723,16272
29,13,857,edgegpu,ImageNet16-120,47.311110,6.707663,0.606723,16272
29,13,8230,edgegpu,ImageNet16-120,39.944443,2.585306,0.606723,16272
29,13,15383,edgegpu,ImageNet16-120,47.033333,6.262836,0.606723,16272
29,13,6950,edgegpu,ImageNet16-120,38.700000,1.740150,0.606723,16272
29,13,2650,edgegpu,ImageNet16-120,42.433334,3.309817,0.606723,16272
29,13,12812,edgegpu,ImageNet16-120,40.100000,3.174190,0.606723,16272
29,13,454,edgegpu,ImageNet16-120,41.277780,3.303313,0.606723,16272
29,13,14612,edgegpu,ImageNet16-120,28.488890,1.434064,0.606723,16272
29,13,8426,edgegpu,ImageNet16-120,44.633335,3.370147,0.606723,16272
29,13,14840,edgegpu,ImageNet16-120,45.311110,4.224715,0.606723,16272
29,14,5973,edgetpu,ImageNet16-120,40.100000,0.517454,0.616813,15958
29,14,8884,edgetpu,ImageNet16-120,45.033333,0.615792,0.616813,15958
29,14,9586,edgetpu,ImageNet16-120,46.933334,0.981196,0.616813,15958
29,14,6520,edgetpu,ImageNet16-120,32.383335,0.363944,0.616813,15958
29,14,7431,edgetpu,ImageNet16-120,32.577778,0.363954,0.616813,15958
29,14,13931,edgetpu,ImageNet16-120,28.788889,0.360349,0.616813,15958
29,14,3540,edgetpu,ImageNet16-120,45.122223,0.648670,0.616813,15958
29,14,4830,edgetpu,ImageNet16-120,42.233334,0.549457,0.616813,15958
29,14,10699,edgetpu,ImageNet16-120,46.833332,0.858130,0.616813,15958
29,14,15014,edgetpu,ImageNet16-120,28.266666,0.358110,0.616813,15958
29,14,12415,edgetpu,ImageNet16-120,46.566666,0.710906,0.616813,15958
29,14,70,edgetpu,ImageNet16-120,39.377777,0.428228,0.616813,15958
29,14,1172,edgetpu,ImageNet16-120,39.933334,0.515935,0.616813,15958
29,14,4988,edgetpu,ImageNet16-120,28.933332,0.360694,0.616813,15958
29,14,8683,edgetpu,ImageNet16-120,44.200000,0.609366,0.616813,15958
29,14,11885,edgetpu,ImageNet16-120,39.166668,0.427395,0.616813,15958
29,14,5530,edgetpu,ImageNet16-120,42.577778,0.549937,0.616813,15958
29,14,5751,edgetpu,ImageNet16-120,40.044445,0.516992,0.616813,15958
29,14,14677,edgetpu,ImageNet16-120,33.233334,0.364575,0.616813,15958
29,14,10017,edgetpu,ImageNet16-120,40.566666,0.524950,0.616813,15958
29,14,5674,edgetpu,ImageNet16-120,39.650000,0.428605,0.616813,15958
29,14,12231,edgetpu,ImageNet16-120,40.200000,0.518358,0.616813,15958
29,14,8781,edgetpu,ImageNet16-120,32.366665,0.363484,0.616813,15958
29,14,10332,edgetpu,ImageNet16-120,40.033333,0.516152,0.616813,15958
29,14,5374,edgetpu,ImageNet16-120,46.766666,0.843987,0.616813,15958
29,14,7273,edgetpu,ImageNet16-120,42.966667,0.550014,0.616813,15958
29,14,10888,edgetpu,ImageNet16-120,28.333334,0.359044,0.616813,15958
29,14,7750,edgetpu,ImageNet16-120,43.066666,0.551617,0.616813,15958
29,14,249,edgetpu,ImageNet16-120,43.577778,0.608326,0.616813,15958
29,14,11079,edgetpu,ImageNet16-120,43.566666,0.552430,0.616813,15958
29,14,10750,edgetpu,ImageNet16-120,44.600000,0.615553,0.616813,15958
29,14,8355,edgetpu,ImageNet16-120,39.666668,0.431866,0.616813,15958
29,14,9689,edgetpu,ImageNet16-120,42.533333,0.549702,0.616813,15958
29,15,1939,eyeriss,ImageNet16-120,45.077778,0.976000,0.467284,16524
29,15,4988,eyeriss,ImageNet16-120,28.933332,0.423040,0.467284,16524
29,15,6787,eyeriss,ImageNet16-120,44.400000,0.914560,0.467284,16524
29,15,8008,eyeriss,ImageNet16-120,43.500000,0.853120,0.467284,16524
29,15,8853,eyeriss,ImageNet16-120,45.600000,1.037440,0.467284,16524
29,15,15383,eyeriss,ImageNet16-120,47.033333,1.283200,0.467284,16524
29,15,857,eyeriss,ImageNet16-120,47.311110,1.651840,0.467284,16524
29,15,14112,eyeriss,ImageNet16-120,40.733334,0.730240,0.467284,16524
29,15,4829,eyeriss,ImageNet16-120,34.200000,0.484480,0.467284,16524
29,15,5487,eyeriss,ImageNet16-120,38.500000,0.607360,0.467284,16524
29,15,2835,eyeriss,ImageNet16-120,38.222220,0.545920,0.467284,16524
29,15,12639,eyeriss,ImageNet16-120,40.400000,0.668800,0.467284,16524
29,15,14417,eyeriss,ImageNet16-120,45.900000,1.098880,0.467284,16524
29,16,2835,fpga,ImageNet16-120,38.222220,0.546720,0.529985,16178
29,16,14417,fpga,ImageNet16-120,45.900000,1.276320,0.529985,16178
29,16,6868,fpga,ImageNet16-120,39.000000,0.649120,0.529985,16178
29,16,6854,fpga,ImageNet16-120,40.800000,0.809120,0.529985,16178
29,16,14346,fpga,ImageNet16-120,34.644444,0.517920,0.529985,16178
29,16,14748,fpga,ImageNet16-120,44.900000,0.995200,0.529985,16178
29,16,6787,fpga,ImageNet16-120,44.400000,0.969600,0.529985,16178
29,16,1939,fpga,ImageNet16-120,45.077778,1.062400,0.529985,16178
29,16,8008,fpga,ImageNet16-120,43.500000,0.876800,0.529985,16178
29,16,7187,fpga,ImageNet16-120,28.683332,0.386720,0.529985,16178
29,16,857,fpga,ImageNet16-120,47.311110,2.038400,0.529985,16178
29,16,15383,fpga,ImageNet16-120,47.033333,1.504000,0.529985,16178
29,16,4829,fpga,ImageNet16-120,34.200000,0.415520,0.529985,16178
29,16,6519,fpga,ImageNet16-120,40.183334,0.784000,0.529985,16178
29,16,4618,fpga,ImageNet16-120,28.544445,0.284320,0.529985,16178
29,16,8633,fpga,ImageNet16-120,39.766666,0.780320,0.529985,16178
29,16,15446,fpga,ImageNet16-120,45.766666,1.116320,0.529985,16178
29,17,11000,pixel3,ImageNet16-120,44.866665,2.962520,0.765709,15983
29,17,4977,pixel3,ImageNet16-120,32.966667,0.617991,0.765709,15983
29,17,9032,pixel3,ImageNet16-120,38.016666,1.020960,0.765709,15983
29,17,3650,pixel3,ImageNet16-120,43.866665,2.716840,0.765709,15983
29,17,8584,pixel3,ImageNet16-120,34.088890,0.664046,0.765709,15983
29,17,6854,pixel3,ImageNet16-120,40.800000,1.621620,0.765709,15983
29,17,12466,pixel3,ImageNet16-120,46.100000,4.680280,0.765709,15983
29,17,1425,pixel3,ImageNet16-120,45.977780,4.619290,0.765709,15983
29,17,12639,pixel3,ImageNet16-120,40.400000,1.304440,0.765709,15983
29,17,10154,pixel3,ImageNet16-120,46.133335,4.783700,0.765709,15983
29,17,4587,pixel3,ImageNet16-120,28.800000,0.445767,0.765709,15983
29,17,4432,pixel3,ImageNet16-120,37.800000,0.861157,0.765709,15983
29,17,857,pixel3,ImageNet16-120,47.311110,6.686850,0.765709,15983
29,17,4988,pixel3,ImageNet16-120,28.933332,0.485996,0.765709,15983
29,17,11079,pixel3,ImageNet16-120,43.566666,2.479610,0.765709,15983
29,17,12424,pixel3,ImageNet16-120,43.133330,2.470150,0.765709,15983
29,17,2018,pixel3,ImageNet16-120,46.433334,4.949210,0.765709,15983
29,17,6294,pixel3,ImageNet16-120,38.011112,0.869124,0.765709,15983
29,17,3728,pixel3,ImageNet16-120,28.500000,0.422880,0.765709,15983
29,17,8954,pixel3,ImageNet16-120,28.733334,0.424855,0.765709,15983
29,17,1939,pixel3,ImageNet16-120,45.077778,3.021500,0.765709,15983
29,17,4004,pixel3,ImageNet16-120,42.811110,2.467510,0.765709,15983
29,17,1204,pixel3,ImageNet16-120,37.844444,0.864966,0.765709,15983
29,17,1863,pixel3,ImageNet16-120,28.055555,0.422043,0.765709,15983
29,17,1549,pixel3,ImageNet16-120,28.655556,0.424747,0.765709,15983
29,17,4829,pixel3,ImageNet16-120,34.200000,0.795625,0.765709,15983
29,17,12506,pixel3,ImageNet16-120,43.983334,2.929990,0.765709,15983
29,17,13756,pixel3,ImageNet16-120,0.833333,0.005289,0.765709,15983
29,17,1860,pixel3,ImageNet16-120,28.433332,0.422587,0.765709,15983
29,17,15446,pixel3,ImageNet16-120,45.766666,3.439380,0.765709,15983
29,17,1110,pixel3,ImageNet16-120,28.600000,0.423927,0.765709,15983
29,17,4895,pixel3,ImageNet16-120,33.200000,0.619070,0.765709,15983
29,17,872,pixel3,ImageNet16-120,41.777780,2.465030,0.765709,15983
29,17,15383,pixel3,ImageNet16-120,47.033333,5.191720,0.765709,15983
29,17,479,pixel3,ImageNet16-120,38.500000,1.108070,0.765709,15983
29,17,6014,pixel3,ImageNet16-120,28.533333,0.423391,0.765709,15983
29,17,12516,pixel3,ImageNet16-120,32.083332,0.617816,0.765709,15983
29,17,9496,pixel3,ImageNet16-120,38.200000,1.024960,0.765709,15983
29,17,758,pixel3,ImageNet16-120,28.333334,0.422134,0.765709,15983
29,17,12452,pixel3,ImageNet16-120,40.533333,1.504410,0.765709,15983
29,18,14697,raspi4,ImageNet16-120,33.900000,1.580382,0.785044,16102
29,18,12355,raspi4,ImageNet16-120,45.033333,5.326674,0.785044,16102
29,18,7187,raspi4,ImageNet16-120,28.683332,0.952790,0.785044,16102
29,18,14677,raspi4,ImageNet16-120,33.233334,1.537227,0.785044,16102
29,18,10017,raspi4,ImageNet16-120,40.566666,3.181383,0.785044,16102
29,18,15383,raspi4,ImageNet16-120,47.033333,8.565354,0.785044,16102
29,18,4160,raspi4,ImageNet16-120,39.833332,3.114462,0.785044,16102
29,18,14750,raspi4,ImageNet16-120,32.933334,1.536700,0.785044,16102
29,18,1188,raspi4,ImageNet16-120,32.455555,1.526725,0.785044,16102
29,18,11946,raspi4,ImageNet16-120,28.200000,0.940293,0.785044,16102
29,18,4995,raspi4,ImageNet16-120,42.166668,3.766336,0.785044,16102
29,18,10835,raspi4,ImageNet16-120,45.233334,6.632419,0.785044,16102
29,18,4988,raspi4,ImageNet16-120,28.933332,1.003251,0.785044,16102
29,18,15363,raspi4,ImageNet16-120,44.333332,4.480516,0.785044,16102
29,18,6336,raspi4,ImageNet16-120,39.366665,3.073392,0.785044,16102
29,18,3192,raspi4,ImageNet16-120,45.477780,6.675633,0.785044,16102
29,18,8683,raspi4,ImageNet16-120,44.200000,4.462997,0.785044,16102
29,18,5530,raspi4,ImageNet16-120,42.577778,3.785925,0.785044,16102
29,18,3960,raspi4,ImageNet16-120,37.755554,2.197980,0.785044,16102
29,18,13931,raspi4,ImageNet16-120,28.788889,0.956195,0.785044,16102
29,18,7551,raspi4,ImageNet16-120,38.477780,2.950436,0.785044,16102
29,18,1939,raspi4,ImageNet16-120,45.077778,5.341908,0.785044,16102
29,18,933,raspi4,ImageNet16-120,0.833333,0.011514,0.785044,16102
29,18,857,raspi4,ImageNet16-120,47.311110,9.020064,0.785044,16102
29,18,12505,raspi4,ImageNet16-120,39.283333,3.062432,0.785044,16102
29,18,2018,raspi4,ImageNet16-120,46.433334,7.482383,0.785044,16102
29,18,11079,raspi4,ImageNet16-120,43.566666,3.802027,0.785044,16102
29,18,8355,raspi4,ImageNet16-120,39.666668,3.083286,0.785044,16102
29,18,5973,raspi4,ImageNet16-120,40.100000,3.159922,0.785044,16102
29,18,12358,raspi4,ImageNet16-120,34.055557,1.582727,0.785044,16102
29,18,2779,raspi4,ImageNet16-120,37.355556,2.190654,0.785044,16102
29,18,10472,raspi4,ImageNet16-120,39.633335,3.079679,0.785044,16102
29,18,219,raspi4,ImageNet16-120,42.500000,3.768475,0.785044,16102
29,18,3782,raspi4,ImageNet16-120,41.866665,3.755286,0.785044,16102
29,18,6854,raspi4,ImageNet16-120,40.800000,3.661016,0.785044,16102
29,18,2904,raspi4,ImageNet16-120,42.744446,3.799936,0.785044,16102
29,18,9496,raspi4,ImageNet16-120,38.200000,2.204048,0.785044,16102
29,18,9032,raspi4,ImageNet16-120,38.016666,2.201532,0.785044,16102
29,18,1413,raspi4,ImageNet16-120,42.711113,3.788479,0.785044,16102
29,18,7357,raspi4,ImageNet16-120,44.666668,4.480689,0.785044,16102
29,18,11584,raspi4,ImageNet16-120,46.666668,8.014434,0.785044,16102
29,18,13059,raspi4,ImageNet16-120,34.266666,1.595651,0.785044,16102
29,18,13771,raspi4,ImageNet16-120,32.744446,1.533813,0.785044,16102
29,18,14417,raspi4,ImageNet16-120,45.900000,6.948865,0.785044,16102
29,18,8584,raspi4,ImageNet16-120,34.088890,1.586268,0.785044,16102
29,18,5455,raspi4,ImageNet16-120,32.611110,1.532377,0.785044,16102
29,18,7227,raspi4,ImageNet16-120,32.533333,1.530737,0.785044,16102
30,1,11438,edgegpu,cifar10,92.500000,1.846719,0.562879,16150
30,1,5400,edgegpu,cifar10,86.630000,1.427460,0.562879,16150
30,1,6950,edgegpu,cifar10,92.000000,1.738467,0.562879,16150
30,1,258,edgegpu,cifar10,93.640000,3.307109,0.562879,16150
30,1,5780,edgegpu,cifar10,93.980000,3.361888,0.562879,16150
30,1,14407,edgegpu,cifar10,86.770000,1.440282,0.562879,16150
30,1,13714,edgegpu,cifar10,94.373340,6.772180,0.562879,16150
30,1,2053,edgegpu,cifar10,94.206665,5.482254,0.562879,16150
30,1,2090,edgegpu,cifar10,86.650000,1.437702,0.562879,16150
30,1,6960,edgegpu,cifar10,92.280000,1.764450,0.562879,16150
30,1,1459,edgegpu,cifar10,94.296670,6.748991,0.562879,16150
30,1,11692,edgegpu,cifar10,94.130000,4.708362,0.562879,16150
30,1,6499,edgegpu,cifar10,93.645000,3.331041,0.562879,16150
30,1,15200,edgegpu,cifar10,10.000000,0.501385,0.562879,16150
30,1,5292,edgegpu,cifar10,94.293335,6.663151,0.562879,16150
30,1,10484,edgegpu,cifar10,93.810000,3.354015,0.562879,16150
30,1,561,edgegpu,cifar10,86.880000,1.451068,0.562879,16150
30,1,1339,edgegpu,cifar10,92.136665,1.751881,0.562879,16150
30,1,6330,edgegpu,cifar10,94.006670,4.384699,0.562879,16150
30,1,2776,edgegpu,cifar10,93.666664,3.331194,0.562879,16150
30,1,13401,edgegpu,cifar10,87.010000,1.457009,0.562879,16150
30,1,14527,edgegpu,cifar10,86.765000,1.439619,0.562879,16150
30,1,9099,edgegpu,cifar10,93.940000,3.357520,0.562879,16150
30,1,11810,edgegpu,cifar10,92.780000,1.992798,0.562879,16150
30,1,14090,edgegpu,cifar10,92.086670,1.749086,0.562879,16150
30,2,6407,edgetpu,cifar10,88.933334,0.389381,0.592838,16352
30,2,6382,edgetpu,cifar10,93.376660,0.628638,0.592838,16352
30,2,5111,edgetpu,cifar10,94.306660,1.152010,0.592838,16352
30,2,11438,edgetpu,cifar10,92.500000,0.482393,0.592838,16352
30,2,13714,edgetpu,cifar10,94.373340,1.377865,0.592838,16352
30,2,2053,edgetpu,cifar10,94.206665,1.042178,0.592838,16352
30,2,2240,edgetpu,cifar10,91.990000,0.480973,0.592838,16352
30,2,11692,edgetpu,cifar10,94.130000,0.761100,0.592838,16352
30,2,797,edgetpu,cifar10,93.280000,0.627996,0.592838,16352
30,2,6584,edgetpu,cifar10,94.160000,0.888877,0.592838,16352
30,2,3731,edgetpu,cifar10,94.343330,1.282820,0.592838,16352
30,2,2485,edgetpu,cifar10,86.700000,0.346546,0.592838,16352
30,2,5780,edgetpu,cifar10,93.980000,0.723967,0.592838,16352
30,2,3927,edgetpu,cifar10,93.626660,0.723268,0.592838,16352
30,2,6515,edgetpu,cifar10,93.616670,0.722858,0.592838,16352
30,2,8192,edgetpu,cifar10,93.093330,0.627745,0.592838,16352
30,2,10581,edgetpu,cifar10,89.015000,0.390403,0.592838,16352
30,2,1595,edgetpu,cifar10,88.963330,0.389815,0.592838,16352
30,2,4161,edgetpu,cifar10,89.250000,0.391221,0.592838,16352
30,2,4659,edgetpu,cifar10,93.396670,0.633420,0.592838,16352
30,2,11810,edgetpu,cifar10,92.780000,0.482879,0.592838,16352
30,2,10167,edgetpu,cifar10,92.020000,0.481180,0.592838,16352
30,2,4438,edgetpu,cifar10,92.270000,0.481473,0.592838,16352
30,2,5224,edgetpu,cifar10,88.980000,0.389900,0.592838,16352
30,2,9689,edgetpu,cifar10,93.370000,0.628386,0.592838,16352
30,2,7017,edgetpu,cifar10,86.970000,0.353089,0.592838,16352
30,3,10412,eyeriss,cifar10,93.530000,3.645620,0.514313,16457
30,3,6899,eyeriss,cifar10,90.900000,2.416820,0.514313,16457
30,3,8008,eyeriss,cifar10,93.480000,3.399860,0.514313,16457
30,3,14112,eyeriss,cifar10,91.296670,2.908340,0.514313,16457
30,3,4384,eyeriss,cifar10,86.796670,1.679540,0.514313,16457
30,3,5111,eyeriss,cifar10,94.306660,5.365940,0.514313,16457
30,3,8592,eyeriss,cifar10,93.750000,3.891380,0.514313,16457
30,3,11692,eyeriss,cifar10,94.130000,4.874420,0.514313,16457
30,3,6854,eyeriss,cifar10,91.040000,2.662580,0.514313,16457
30,3,11472,eyeriss,cifar10,93.970000,4.628660,0.514313,16457
30,3,3731,eyeriss,cifar10,94.343330,6.594740,0.514313,16457
30,3,8323,eyeriss,cifar10,90.870000,2.171060,0.514313,16457
30,3,6111,eyeriss,cifar10,94.373340,7.823540,0.514313,16457
30,3,13714,eyeriss,cifar10,94.373340,7.823540,0.514313,16457
30,3,13611,eyeriss,cifar10,92.490000,3.154100,0.514313,16457
30,3,3687,eyeriss,cifar10,89.820000,1.925300,0.514313,16457
30,4,13714,fpga,cifar10,94.373340,6.678560,0.502838,16363
30,4,3687,fpga,cifar10,89.820000,1.648160,0.502838,16363
30,4,11472,fpga,cifar10,93.970000,3.648160,0.502838,16363
30,4,4384,fpga,cifar10,86.796670,1.132960,0.502838,16363
30,4,13611,fpga,cifar10,92.490000,2.390560,0.502838,16363
30,4,8008,fpga,cifar10,93.480000,2.905760,0.502838,16363
30,4,5111,fpga,cifar10,94.306660,5.193760,0.502838,16363
30,4,3731,fpga,cifar10,94.343330,5.936160,0.502838,16363
30,4,6584,fpga,cifar10,94.160000,4.163360,0.502838,16363
30,4,6111,fpga,cifar10,94.373340,6.678560,0.502838,16363
30,4,8323,fpga,cifar10,90.870000,2.163360,0.502838,16363
30,4,10412,fpga,cifar10,93.530000,3.420960,0.502838,16363
30,5,1416,pixel3,cifar10,89.546670,1.691430,0.790761,16151
30,5,1497,pixel3,cifar10,86.556660,1.056630,0.790761,16151
30,5,13846,pixel3,cifar10,90.720000,3.099760,0.790761,16151
30,5,1425,pixel3,cifar10,93.933334,12.536500,0.790761,16151
30,5,6918,pixel3,cifar10,87.000000,1.478790,0.790761,16151
30,5,7197,pixel3,cifar10,90.366670,2.447670,0.790761,16151
30,5,13987,pixel3,cifar10,93.596664,9.922680,0.790761,16151
30,5,8695,pixel3,cifar10,94.220000,17.564500,0.790761,16151
30,5,13096,pixel3,cifar10,90.700000,2.666040,0.790761,16151
30,5,9032,pixel3,cifar10,90.740000,3.102890,0.790761,16151
30,5,6863,pixel3,cifar10,86.740000,1.229320,0.790761,16151
30,5,5111,pixel3,cifar10,94.306660,17.584600,0.790761,16151
30,5,6382,pixel3,cifar10,93.376660,7.048190,0.790761,16151
30,5,1339,pixel3,cifar10,92.136665,5.802240,0.790761,16151
30,5,6111,pixel3,cifar10,94.373340,23.584800,0.790761,16151
30,5,3731,pixel3,cifar10,94.343330,23.361300,0.790761,16151
30,5,11692,pixel3,cifar10,94.130000,15.490100,0.790761,16151
30,5,4627,pixel3,cifar10,93.270000,7.036050,0.790761,16151
30,5,7001,pixel3,cifar10,10.000000,0.003277,0.790761,16151
30,5,7017,pixel3,cifar10,86.970000,1.403930,0.790761,16151
30,5,9230,pixel3,cifar10,86.580000,1.056760,0.790761,16151
30,5,8323,pixel3,cifar10,90.870000,3.106420,0.790761,16151
30,5,4554,pixel3,cifar10,86.670000,1.114880,0.790761,16151
30,5,8592,pixel3,cifar10,93.750000,10.769800,0.790761,16151
30,5,6854,pixel3,cifar10,91.040000,4.514220,0.790761,16151
30,5,13171,pixel3,cifar10,93.530000,7.717220,0.790761,16151
30,5,1804,pixel3,cifar10,89.063330,1.579900,0.790761,16151
30,5,3385,pixel3,cifar10,93.990000,13.656500,0.790761,16151
30,5,12452,pixel3,cifar10,91.350000,5.590110,0.790761,16151
30,5,2035,pixel3,cifar10,89.670000,1.706480,0.790761,16151
30,5,6899,pixel3,cifar10,90.900000,3.961410,0.790761,16151
30,5,1943,pixel3,cifar10,93.116670,6.492030,0.790761,16151
30,5,1781,pixel3,cifar10,89.883330,1.712020,0.790761,16151
30,5,1941,pixel3,cifar10,93.533330,9.128690,0.790761,16151
30,5,1778,pixel3,cifar10,92.180000,6.446230,0.790761,16151
30,5,6985,pixel3,cifar10,89.940000,2.367450,0.790761,16151
30,5,6434,pixel3,cifar10,91.080000,4.811140,0.790761,16151
30,6,11533,raspi4,cifar10,93.420000,21.715693,0.667977,16130
30,6,6953,raspi4,cifar10,91.990000,15.601654,0.667977,16130
30,6,9980,raspi4,cifar10,10.000000,0.011284,0.667977,16130
30,6,8323,raspi4,cifar10,90.870000,7.426308,0.667977,16130
30,6,6918,raspi4,cifar10,87.000000,2.787590,0.667977,16130
30,6,1804,raspi4,cifar10,89.063330,4.791845,0.667977,16130
30,6,296,raspi4,cifar10,89.713330,5.163324,0.667977,16130
30,6,14565,raspi4,cifar10,88.880000,4.781183,0.667977,16130
30,6,15459,raspi4,cifar10,93.160000,20.628489,0.667977,16130
30,6,5111,raspi4,cifar10,94.306660,41.756905,0.667977,16130
30,6,3496,raspi4,cifar10,89.763336,5.172737,0.667977,16130
30,6,4689,raspi4,cifar10,90.720000,7.356712,0.667977,16130
30,6,2035,raspi4,cifar10,89.670000,4.984099,0.667977,16130
30,6,6382,raspi4,cifar10,93.376660,21.461164,0.667977,16130
30,6,2904,raspi4,cifar10,93.173330,21.220476,0.667977,16130
30,6,1941,raspi4,cifar10,93.533330,25.121769,0.667977,16130
30,6,4210,raspi4,cifar10,89.030000,4.782748,0.667977,16130
30,6,8592,raspi4,cifar10,93.750000,25.477009,0.667977,16130
30,6,9380,raspi4,cifar10,89.335000,4.875613,0.667977,16130
30,6,6111,raspi4,cifar10,94.373340,68.404106,0.667977,16130
30,6,3731,raspi4,cifar10,94.343330,58.070793,0.667977,16130
30,6,12002,raspi4,cifar10,93.510000,24.816572,0.667977,16130
30,6,7017,raspi4,cifar10,86.970000,2.544041,0.667977,16130
30,6,11692,raspi4,cifar10,94.130000,37.583630,0.667977,16130
30,6,5780,raspi4,cifar10,93.980000,34.928463,0.667977,16130
30,6,4432,raspi4,cifar10,90.700000,7.290926,0.667977,16130
30,6,13611,raspi4,cifar10,92.490000,18.523302,0.667977,16130
30,6,9271,raspi4,cifar10,89.250000,4.830311,0.667977,16130
30,6,10412,raspi4,cifar10,93.530000,25.079220,0.667977,16130
30,6,10275,raspi4,cifar10,91.080000,9.993188,0.667977,16130
30,6,8008,raspi4,cifar10,93.480000,22.571420,0.667977,16130
30,6,6960,raspi4,cifar10,92.280000,17.162752,0.667977,16130
30,6,6584,raspi4,cifar10,94.160000,38.818527,0.667977,16130
30,6,7058,raspi4,cifar10,92.040000,16.469465,0.667977,16130
30,6,11810,raspi4,cifar10,92.780000,18.619905,0.667977,16130
30,6,8426,raspi4,cifar10,93.840000,31.394428,0.667977,16130
30,6,1962,raspi4,cifar10,86.530000,2.529453,0.667977,16130
30,6,12504,raspi4,cifar10,92.130000,16.890614,0.667977,16130
30,7,9922,edgegpu,cifar100,58.560000,1.428552,0.531650,16327
30,7,8401,edgegpu,cifar100,71.080000,3.302102,0.531650,16327
30,7,8912,edgegpu,cifar100,59.200000,1.441355,0.531650,16327
30,7,4418,edgegpu,cifar100,72.746666,5.352364,0.531650,16327
30,7,3888,edgegpu,cifar100,73.260000,6.797867,0.531650,16327
30,7,9930,edgegpu,cifar100,73.513336,6.803060,0.531650,16327
30,7,6381,edgegpu,cifar100,66.800000,1.753340,0.531650,16327
30,7,2778,edgegpu,cifar100,72.993330,6.134028,0.531650,16327
30,7,12415,edgegpu,cifar100,71.940000,4.828467,0.531650,16327
30,7,1509,edgegpu,cifar100,1.000000,0.505853,0.531650,16327
30,7,4954,edgegpu,cifar100,73.000000,6.669736,0.531650,16327
30,7,11810,edgegpu,cifar100,68.300000,1.779551,0.531650,16327
30,7,14984,edgegpu,cifar100,67.166664,1.760831,0.531650,16327
30,7,2304,edgegpu,cifar100,58.660000,1.440253,0.531650,16327
30,7,9997,edgegpu,cifar100,71.520000,3.466139,0.531650,16327
30,7,11885,edgegpu,cifar100,68.040000,1.776652,0.531650,16327
30,8,9930,edgetpu,cifar100,73.513336,1.454107,0.698063,15971
30,8,12415,edgetpu,cifar100,71.940000,0.872299,0.698063,15971
30,8,9271,edgetpu,cifar100,63.400000,0.393151,0.698063,15971
30,8,10000,edgetpu,cifar100,73.160000,1.283461,0.698063,15971
30,8,1425,edgetpu,cifar100,72.093330,0.910660,0.698063,15971
30,8,5019,edgetpu,cifar100,58.880000,0.357058,0.698063,15971
30,8,13760,edgetpu,cifar100,61.686670,0.392028,0.698063,15971
30,8,3888,edgetpu,cifar100,73.260000,1.316226,0.698063,15971
30,8,3303,edgetpu,cifar100,62.420000,0.392593,0.698063,15971
30,8,1110,edgetpu,cifar100,58.840000,0.355938,0.698063,15971
30,8,577,edgetpu,cifar100,69.680000,0.635228,0.698063,15971
30,8,8401,edgetpu,cifar100,71.080000,0.728572,0.698063,15971
30,8,6974,edgetpu,cifar100,61.880000,0.392555,0.698063,15971
30,8,777,edgetpu,cifar100,58.650000,0.355588,0.698063,15971
30,8,11885,edgetpu,cifar100,68.040000,0.489665,0.698063,15971
30,8,8915,edgetpu,cifar100,61.746666,0.392179,0.698063,15971
30,8,15363,edgetpu,cifar100,70.520000,0.676394,0.698063,15971
30,8,1943,edgetpu,cifar100,69.626660,0.634759,0.698063,15971
30,8,12761,edgetpu,cifar100,72.860000,1.225212,0.698063,15971
30,8,11112,edgetpu,cifar100,66.893330,0.486713,0.698063,15971
30,8,8912,edgetpu,cifar100,59.200000,0.377698,0.698063,15971
30,8,69,edgetpu,cifar100,71.020000,0.727259,0.698063,15971
30,8,14816,edgetpu,cifar100,66.860000,0.486025,0.698063,15971
30,8,14945,edgetpu,cifar100,58.500000,0.354940,0.698063,15971
30,8,4418,edgetpu,cifar100,72.746666,1.093699,0.698063,15971
30,8,11810,edgetpu,cifar100,68.300000,0.492126,0.698063,15971
30,8,12574,edgetpu,cifar100,72.740000,0.932430,0.698063,15971
30,8,9997,edgetpu,cifar100,71.520000,0.729986,0.698063,15971
30,8,2705,edgetpu,cifar100,62.813330,0.393026,0.698063,15971
30,8,857,edgetpu,cifar100,72.880000,1.264168,0.698063,15971
30,8,8638,edgetpu,cifar100,58.860000,0.356631,0.698063,15971
30,8,1383,edgetpu,cifar100,70.273330,0.673722,0.698063,15971
30,8,4659,edgetpu,cifar100,70.060000,0.636433,0.698063,15971
30,8,7760,edgetpu,cifar100,67.800000,0.489248,0.698063,15971
30,8,6011,edgetpu,cifar100,67.533330,0.488646,0.698063,15971
30,8,3811,edgetpu,cifar100,69.360000,0.634206,0.698063,15971
30,8,14774,edgetpu,cifar100,61.620000,0.391679,0.698063,15971
30,8,4484,edgetpu,cifar100,67.493330,0.487482,0.698063,15971
30,8,11533,edgetpu,cifar100,69.760000,0.635877,0.698063,15971
30,8,14300,edgetpu,cifar100,67.300000,0.487450,0.698063,15971
30,8,11219,edgetpu,cifar100,67.200000,0.486929,0.698063,15971
30,9,14112,eyeriss,cifar100,68.386665,2.911360,0.508281,16510
30,9,5084,eyeriss,cifar100,58.813330,1.682560,0.508281,16510
30,9,12820,eyeriss,cifar100,67.720000,2.419840,0.508281,16510
30,9,10689,eyeriss,cifar100,67.500000,2.174080,0.508281,16510
30,9,3540,eyeriss,cifar100,71.500000,4.877440,0.508281,16510
30,9,12574,eyeriss,cifar100,72.740000,5.123200,0.508281,16510
30,9,11301,eyeriss,cifar100,68.220000,2.665600,0.508281,16510
30,9,9930,eyeriss,cifar100,73.513336,9.055360,0.508281,16510
30,9,3888,eyeriss,cifar100,73.260000,6.597760,0.508281,16510
30,9,375,eyeriss,cifar100,64.440000,1.928320,0.508281,16510
30,9,12761,eyeriss,cifar100,72.860000,6.352000,0.508281,16510
30,9,6925,eyeriss,cifar100,71.220000,3.894400,0.508281,16510
30,9,6787,eyeriss,cifar100,70.720000,3.648640,0.508281,16510
30,9,3487,eyeriss,cifar100,70.093330,3.402880,0.508281,16510
30,10,12820,fpga,cifar100,67.720000,2.678560,0.516878,16399
30,10,898,fpga,cifar100,70.000000,2.905760,0.516878,16399
30,10,12574,fpga,cifar100,72.740000,4.678560,0.516878,16399
30,10,5033,fpga,cifar100,59.060000,1.542560,0.516878,16399
30,10,9930,fpga,cifar100,73.513336,7.420960,0.516878,16399
30,10,4249,fpga,cifar100,65.080000,2.057760,0.516878,16399
30,10,12761,fpga,cifar100,72.860000,5.420960,0.516878,16399
30,10,3540,fpga,cifar100,71.500000,4.163360,0.516878,16399
30,10,3888,fpga,cifar100,73.260000,5.936160,0.516878,16399
30,10,6787,fpga,cifar100,70.720000,3.420960,0.516878,16399
30,10,5084,fpga,cifar100,58.813330,1.132960,0.516878,16399
30,10,7250,fpga,cifar100,67.706665,2.390560,0.516878,16399
30,10,3687,fpga,cifar100,64.460000,1.648160,0.516878,16399
30,10,12295,fpga,cifar100,71.160000,3.648160,0.516878,16399
30,10,10689,fpga,cifar100,67.500000,2.163360,0.516878,16399
30,10,6925,fpga,cifar100,71.220000,3.936160,0.516878,16399
30,10,6830,fpga,cifar100,71.460000,4.057760,0.516878,16399
30,11,858,pixel3,cifar100,64.133330,2.003500,0.678068,16120
30,11,1450,pixel3,cifar100,70.506670,9.337360,0.678068,16120
30,11,8638,pixel3,cifar100,58.860000,1.478570,0.678068,16120
30,11,12970,pixel3,cifar100,68.140000,4.782110,0.678068,16120
30,11,4409,pixel3,cifar100,67.173330,3.113370,0.678068,16120
30,11,857,pixel3,cifar100,72.880000,19.113200,0.678068,16120
30,11,1631,pixel3,cifar100,63.986668,1.805000,0.678068,16120
30,11,9649,pixel3,cifar100,64.540000,2.536210,0.678068,16120
30,11,8912,pixel3,cifar100,59.200000,1.478790,0.678068,16120
30,11,1090,pixel3,cifar100,65.220000,2.811310,0.678068,16120
30,11,898,pixel3,cifar100,70.000000,6.516140,0.678068,16120
30,11,14112,pixel3,cifar100,68.386665,5.745320,0.678068,16120
30,11,3888,pixel3,cifar100,73.260000,23.477200,0.678068,16120
30,11,15363,pixel3,cifar100,70.520000,9.708640,0.678068,16120
30,11,657,pixel3,cifar100,58.233334,1.233070,0.678068,16120
30,11,485,pixel3,cifar100,67.593330,4.124800,0.678068,16120
30,11,11301,pixel3,cifar100,68.220000,5.352090,0.678068,16120
30,11,9930,pixel3,cifar100,73.513336,42.003600,0.678068,16120
30,11,1459,pixel3,cifar100,73.140000,23.437900,0.678068,16120
30,11,6337,pixel3,cifar100,1.000000,0.008753,0.678068,16120
30,11,906,pixel3,cifar100,62.393333,1.661810,0.678068,16120
30,11,1409,pixel3,cifar100,58.853333,1.275090,0.678068,16120
30,11,6787,pixel3,cifar100,70.720000,9.854430,0.678068,16120
30,11,12574,pixel3,cifar100,72.740000,16.473900,0.678068,16120
30,11,1416,pixel3,cifar100,64.493330,2.084060,0.678068,16120
30,11,1357,pixel3,cifar100,67.480000,3.998260,0.678068,16120
30,11,699,pixel3,cifar100,72.240000,12.079400,0.678068,16120
30,11,6925,pixel3,cifar100,71.220000,10.688000,0.678068,16120
30,11,8323,pixel3,cifar100,67.080000,3.106340,0.678068,16120
30,11,4432,pixel3,cifar100,66.486664,3.105870,0.678068,16120
30,11,11000,pixel3,cifar100,71.180000,10.677600,0.678068,16120
30,12,6822,raspi4,cifar100,58.426666,2.558594,0.704599,16225
30,12,3408,raspi4,cifar100,63.993332,5.081906,0.704599,16225
30,12,12574,raspi4,cifar100,72.740000,36.371254,0.704599,16225
30,12,8720,raspi4,cifar100,64.130000,5.082239,0.704599,16225
30,12,14714,raspi4,cifar100,71.280000,24.692347,0.704599,16225
30,12,6787,raspi4,cifar100,70.720000,23.081835,0.704599,16225
30,12,898,raspi4,cifar100,70.000000,21.506163,0.704599,16225
30,12,355,raspi4,cifar100,69.860000,20.791758,0.704599,16225
30,12,12761,raspi4,cifar100,72.860000,53.718200,0.704599,16225
30,12,12915,raspi4,cifar100,66.950000,7.226311,0.704599,16225
30,12,7030,raspi4,cifar100,69.600000,19.218203,0.704599,16225
30,12,3888,raspi4,cifar100,73.260000,55.029520,0.704599,16225
30,12,10222,raspi4,cifar100,58.860000,2.747804,0.704599,16225
30,12,9930,raspi4,cifar100,73.513336,71.152000,0.704599,16225
30,12,6925,raspi4,cifar100,71.220000,24.195030,0.704599,16225
30,12,9271,raspi4,cifar100,63.400000,4.800893,0.704599,16225
30,12,8740,raspi4,cifar100,1.000000,0.015215,0.704599,16225
30,12,4418,raspi4,cifar100,72.746666,47.162354,0.704599,16225
30,12,15589,raspi4,cifar100,59.060000,2.795078,0.704599,16225
30,12,2222,raspi4,cifar100,58.313330,2.538255,0.704599,16225
30,12,13430,raspi4,cifar100,66.700000,7.203785,0.704599,16225
30,12,14612,raspi4,cifar100,58.720000,2.563505,0.704599,16225
30,12,9997,raspi4,cifar100,71.520000,34.996710,0.704599,16225
30,12,10042,raspi4,cifar100,64.880000,5.100886,0.704599,16225
30,12,14792,raspi4,cifar100,69.500000,19.111843,0.704599,16225
30,12,4409,raspi4,cifar100,67.173330,7.228629,0.704599,16225
30,12,10689,raspi4,cifar100,67.500000,7.381845,0.704599,16225
30,12,1459,raspi4,cifar100,73.140000,53.879950,0.704599,16225
30,12,15363,raspi4,cifar100,70.520000,21.809430,0.704599,16225
30,12,2058,raspi4,cifar100,69.613335,20.052132,0.704599,16225
30,12,12607,raspi4,cifar100,62.600000,4.779045,0.704599,16225
30,12,375,raspi4,cifar100,64.440000,5.099302,0.704599,16225
30,12,14112,raspi4,cifar100,68.386665,14.423308,0.704599,16225
30,12,4659,raspi4,cifar100,70.060000,21.672482,0.704599,16225
30,12,2035,raspi4,cifar100,63.926666,5.005698,0.704599,16225
30,12,6830,raspi4,cifar100,71.460000,34.491814,0.704599,16225
30,12,8912,raspi4,cifar100,59.200000,2.818969,0.704599,16225
30,13,15288,edgegpu,ImageNet16-120,28.422222,1.417041,0.676661,16294
30,13,4587,edgegpu,ImageNet16-120,28.800000,1.445131,0.676661,16294
30,13,6950,edgegpu,ImageNet16-120,38.700000,1.740150,0.676661,16294
30,13,13411,edgegpu,ImageNet16-120,31.855556,1.736240,0.676661,16294
30,13,9722,edgegpu,ImageNet16-120,44.000000,3.327813,0.676661,16294
30,13,8401,edgegpu,ImageNet16-120,43.833332,3.322444,0.676661,16294
30,13,7760,edgegpu,ImageNet16-120,39.100000,1.743751,0.676661,16294
30,13,8426,edgegpu,ImageNet16-120,44.633335,3.370147,0.676661,16294
30,13,4988,edgegpu,ImageNet16-120,28.933332,1.448212,0.676661,16294
30,13,5751,edgegpu,ImageNet16-120,40.044445,2.434626,0.676661,16294
30,13,12415,edgegpu,ImageNet16-120,46.566666,4.667692,0.676661,16294
30,13,1164,edgegpu,ImageNet16-120,28.522223,1.435223,0.676661,16294
30,13,8884,edgegpu,ImageNet16-120,45.033333,3.499999,0.676661,16294
30,13,4946,edgegpu,ImageNet16-120,44.700000,3.490419,0.676661,16294
30,13,11217,edgegpu,ImageNet16-120,43.466667,3.316708,0.676661,16294
30,13,4332,edgegpu,ImageNet16-120,39.444443,1.745496,0.676661,16294
30,13,9586,edgegpu,ImageNet16-120,46.933334,5.222673,0.676661,16294
30,13,11438,edgegpu,ImageNet16-120,39.733334,1.903386,0.676661,16294
30,13,13760,edgegpu,ImageNet16-120,32.333332,1.739759,0.676661,16294
30,13,15159,edgegpu,ImageNet16-120,45.566666,4.632421,0.676661,16294
30,13,2650,edgegpu,ImageNet16-120,42.433334,3.309817,0.676661,16294
30,13,14612,edgegpu,ImageNet16-120,28.488890,1.434064,0.676661,16294
30,13,15376,edgegpu,ImageNet16-120,0.833333,0.533953,0.676661,16294
30,13,8355,edgegpu,ImageNet16-120,39.666668,1.810203,0.676661,16294
30,13,14117,edgegpu,ImageNet16-120,28.677778,1.435547,0.676661,16294
30,13,7187,edgegpu,ImageNet16-120,28.683332,1.443858,0.676661,16294
30,13,454,edgegpu,ImageNet16-120,41.277780,3.303313,0.676661,16294
30,13,10947,edgegpu,ImageNet16-120,39.944443,1.909800,0.676661,16294
30,13,10835,edgegpu,ImageNet16-120,45.233334,4.434366,0.676661,16294
30,13,5674,edgegpu,ImageNet16-120,39.650000,1.763358,0.676661,16294
30,13,12081,edgegpu,ImageNet16-120,40.233334,2.730479,0.676661,16294
30,14,9689,edgetpu,ImageNet16-120,42.533333,0.549702,0.618760,16256
30,14,6950,edgetpu,ImageNet16-120,38.700000,0.427379,0.618760,16256
30,14,15383,edgetpu,ImageNet16-120,47.033333,0.780914,0.618760,16256
30,14,8781,edgetpu,ImageNet16-120,32.366665,0.363484,0.618760,16256
30,14,10750,edgetpu,ImageNet16-120,44.600000,0.615553,0.618760,16256
30,14,11079,edgetpu,ImageNet16-120,43.566666,0.552430,0.618760,16256
30,14,7273,edgetpu,ImageNet16-120,42.966667,0.550014,0.618760,16256
30,14,15363,edgetpu,ImageNet16-120,44.333332,0.582280,0.618760,16256
30,14,4946,edgetpu,ImageNet16-120,44.700000,0.618328,0.618760,16256
30,14,13931,edgetpu,ImageNet16-120,28.788889,0.360349,0.618760,16256
30,14,13769,edgetpu,ImageNet16-120,41.555557,0.549360,0.618760,16256
30,14,1172,edgetpu,ImageNet16-120,39.933334,0.515935,0.618760,16256
30,14,3540,edgetpu,ImageNet16-120,45.122223,0.648670,0.618760,16256
30,14,857,edgetpu,ImageNet16-120,47.311110,0.997730,0.618760,16256
30,14,7750,edgetpu,ImageNet16-120,43.066666,0.551617,0.618760,16256
30,14,4830,edgetpu,ImageNet16-120,42.233334,0.549457,0.618760,16256
30,14,11219,edgetpu,ImageNet16-120,39.666668,0.439987,0.618760,16256
30,14,15014,edgetpu,ImageNet16-120,28.266666,0.358110,0.618760,16256
30,14,5674,edgetpu,ImageNet16-120,39.650000,0.428605,0.618760,16256
30,14,5530,edgetpu,ImageNet16-120,42.577778,0.549937,0.618760,16256
30,14,6520,edgetpu,ImageNet16-120,32.383335,0.363944,0.618760,16256
30,14,14677,edgetpu,ImageNet16-120,33.233334,0.364575,0.618760,16256
30,14,70,edgetpu,ImageNet16-120,39.377777,0.428228,0.618760,16256
30,14,4988,edgetpu,ImageNet16-120,28.933332,0.360694,0.618760,16256
30,14,5751,edgetpu,ImageNet16-120,40.044445,0.516992,0.618760,16256
30,14,5724,edgetpu,ImageNet16-120,28.366667,0.359987,0.618760,16256
30,14,5302,edgetpu,ImageNet16-120,38.833332,0.427711,0.618760,16256
30,14,5586,edgetpu,ImageNet16-120,40.811110,0.546420,0.618760,16256
30,14,12231,edgetpu,ImageNet16-120,40.200000,0.518358,0.618760,16256
30,14,12415,edgetpu,ImageNet16-120,46.566666,0.710906,0.618760,16256
30,15,8853,eyeriss,ImageNet16-120,45.600000,1.037440,0.471545,16516
30,15,6854,eyeriss,ImageNet16-120,40.800000,0.668800,0.471545,16516
30,15,8008,eyeriss,ImageNet16-120,43.500000,0.853120,0.471545,16516
30,15,5487,eyeriss,ImageNet16-120,38.500000,0.607360,0.471545,16516
30,15,1939,eyeriss,ImageNet16-120,45.077778,0.976000,0.471545,16516
30,15,6787,eyeriss,ImageNet16-120,44.400000,0.914560,0.471545,16516
30,15,2835,eyeriss,ImageNet16-120,38.222220,0.545920,0.471545,16516
30,15,857,eyeriss,ImageNet16-120,47.311110,1.651840,0.471545,16516
30,15,15383,eyeriss,ImageNet16-120,47.033333,1.283200,0.471545,16516
30,15,4988,eyeriss,ImageNet16-120,28.933332,0.423040,0.471545,16516
30,15,14417,eyeriss,ImageNet16-120,45.900000,1.098880,0.471545,16516
30,15,4829,eyeriss,ImageNet16-120,34.200000,0.484480,0.471545,16516
30,16,8853,fpga,ImageNet16-120,45.600000,1.155200,0.546992,16256
30,16,8008,fpga,ImageNet16-120,43.500000,0.876800,0.546992,16256
30,16,8736,fpga,ImageNet16-120,45.700000,1.411200,0.546992,16256
30,16,14748,fpga,ImageNet16-120,44.900000,0.995200,0.546992,16256
30,16,12452,fpga,ImageNet16-120,40.533333,0.780320,0.546992,16256
30,16,6787,fpga,ImageNet16-120,44.400000,0.969600,0.546992,16256
30,16,6868,fpga,ImageNet16-120,39.000000,0.649120,0.546992,16256
30,16,10017,fpga,ImageNet16-120,40.566666,0.784000,0.546992,16256
30,16,857,fpga,ImageNet16-120,47.311110,2.038400,0.546992,16256
30,16,1939,fpga,ImageNet16-120,45.077778,1.062400,0.546992,16256
30,16,6854,fpga,ImageNet16-120,40.800000,0.809120,0.546992,16256
30,16,4829,fpga,ImageNet16-120,34.200000,0.415520,0.546992,16256
30,16,15383,fpga,ImageNet16-120,47.033333,1.504000,0.546992,16256
30,16,4988,fpga,ImageNet16-120,28.933332,0.284320,0.546992,16256
30,16,2835,fpga,ImageNet16-120,38.222220,0.546720,0.546992,16256
30,16,5793,fpga,ImageNet16-120,35.033333,0.517920,0.546992,16256
30,17,6014,pixel3,ImageNet16-120,28.533333,0.423391,0.742439,15979
30,17,11000,pixel3,ImageNet16-120,44.866665,2.962520,0.742439,15979
30,17,8853,pixel3,ImageNet16-120,45.600000,3.554540,0.742439,15979
30,17,4004,pixel3,ImageNet16-120,42.811110,2.467510,0.742439,15979
30,17,2018,pixel3,ImageNet16-120,46.433334,4.949210,0.742439,15979
30,17,1204,pixel3,ImageNet16-120,37.844444,0.864966,0.742439,15979
30,17,10154,pixel3,ImageNet16-120,46.133335,4.783700,0.742439,15979
30,17,1425,pixel3,ImageNet16-120,45.977780,4.619290,0.742439,15979
30,17,1939,pixel3,ImageNet16-120,45.077778,3.021500,0.742439,15979
30,17,3728,pixel3,ImageNet16-120,28.500000,0.422880,0.742439,15979
30,17,1549,pixel3,ImageNet16-120,28.655556,0.424747,0.742439,15979
30,17,249,pixel3,ImageNet16-120,43.577778,2.720310,0.742439,15979
30,17,4432,pixel3,ImageNet16-120,37.800000,0.861157,0.742439,15979
30,17,12639,pixel3,ImageNet16-120,40.400000,1.304440,0.742439,15979
30,17,4977,pixel3,ImageNet16-120,32.966667,0.617991,0.742439,15979
30,17,2002,pixel3,ImageNet16-120,32.277780,0.617751,0.742439,15979
30,17,4587,pixel3,ImageNet16-120,28.800000,0.445767,0.742439,15979
30,17,12466,pixel3,ImageNet16-120,46.100000,4.680280,0.742439,15979
30,17,12452,pixel3,ImageNet16-120,40.533333,1.504410,0.742439,15979
30,17,12424,pixel3,ImageNet16-120,43.133330,2.470150,0.742439,15979
30,17,6854,pixel3,ImageNet16-120,40.800000,1.621620,0.742439,15979
30,17,8584,pixel3,ImageNet16-120,34.088890,0.664046,0.742439,15979
30,17,13756,pixel3,ImageNet16-120,0.833333,0.005289,0.742439,15979
30,17,11079,pixel3,ImageNet16-120,43.566666,2.479610,0.742439,15979
30,17,2835,pixel3,ImageNet16-120,38.222220,0.868646,0.742439,15979
30,17,872,pixel3,ImageNet16-120,41.777780,2.465030,0.742439,15979
30,17,14417,pixel3,ImageNet16-120,45.900000,4.143030,0.742439,15979
30,17,10888,pixel3,ImageNet16-120,28.333334,0.422652,0.742439,15979
30,17,7187,pixel3,ImageNet16-120,28.683332,0.425223,0.742439,15979
30,17,857,pixel3,ImageNet16-120,47.311110,6.686850,0.742439,15979
30,17,5487,pixel3,ImageNet16-120,38.500000,1.109150,0.742439,15979
30,17,4988,pixel3,ImageNet16-120,28.933332,0.485996,0.742439,15979
30,17,12103,pixel3,ImageNet16-120,28.250000,0.422433,0.742439,15979
30,17,15383,pixel3,ImageNet16-120,47.033333,5.191720,0.742439,15979
30,17,12355,pixel3,ImageNet16-120,45.033333,2.989390,0.742439,15979
30,17,898,pixel3,ImageNet16-120,42.466667,2.467210,0.742439,15979
30,17,4895,pixel3,ImageNet16-120,33.200000,0.619070,0.742439,15979
30,18,13059,raspi4,ImageNet16-120,34.266666,1.595651,0.878251,16118
30,18,14697,raspi4,ImageNet16-120,33.900000,1.580382,0.878251,16118
30,18,55,raspi4,ImageNet16-120,28.322222,0.957719,0.878251,16118
30,18,15107,raspi4,ImageNet16-120,39.800000,3.083329,0.878251,16118
30,18,3782,raspi4,ImageNet16-120,41.866665,3.755286,0.878251,16118
30,18,14677,raspi4,ImageNet16-120,33.233334,1.537227,0.878251,16118
30,18,10167,raspi4,ImageNet16-120,39.944443,3.106316,0.878251,16118
30,18,1110,raspi4,ImageNet16-120,28.600000,0.961811,0.878251,16118
30,18,41,raspi4,ImageNet16-120,32.388890,1.528043,0.878251,16118
30,18,11079,raspi4,ImageNet16-120,43.566666,3.802027,0.878251,16118
30,18,10835,raspi4,ImageNet16-120,45.233334,6.632419,0.878251,16118
30,18,857,raspi4,ImageNet16-120,47.311110,9.020064,0.878251,16118
30,18,15363,raspi4,ImageNet16-120,44.333332,4.480516,0.878251,16118
30,18,1413,raspi4,ImageNet16-120,42.711113,3.788479,0.878251,16118
30,18,1939,raspi4,ImageNet16-120,45.077778,5.341908,0.878251,16118
30,18,15383,raspi4,ImageNet16-120,47.033333,8.565354,0.878251,16118
30,18,9496,raspi4,ImageNet16-120,38.200000,2.204048,0.878251,16118
30,18,6868,raspi4,ImageNet16-120,39.000000,2.982937,0.878251,16118
30,18,13644,raspi4,ImageNet16-120,45.333332,6.780282,0.878251,16118
30,18,11584,raspi4,ImageNet16-120,46.666668,8.014434,0.878251,16118
30,18,2018,raspi4,ImageNet16-120,46.433334,7.482383,0.878251,16118
30,18,8447,raspi4,ImageNet16-120,40.011112,3.156609,0.878251,16118
30,18,2779,raspi4,ImageNet16-120,37.355556,2.190654,0.878251,16118
30,18,6787,raspi4,ImageNet16-120,44.400000,4.532777,0.878251,16118
30,18,219,raspi4,ImageNet16-120,42.500000,3.768475,0.878251,16118
30,18,1204,raspi4,ImageNet16-120,37.844444,2.199356,0.878251,16118
30,18,5530,raspi4,ImageNet16-120,42.577778,3.785925,0.878251,16118
30,18,10217,raspi4,ImageNet16-120,45.100000,6.109362,0.878251,16118
30,18,12231,raspi4,ImageNet16-120,40.200000,3.188915,0.878251,16118
30,18,3431,raspi4,ImageNet16-120,32.966667,1.536690,0.878251,16118
30,18,4988,raspi4,ImageNet16-120,28.933332,1.003251,0.878251,16118
30,18,12452,raspi4,ImageNet16-120,40.533333,3.592146,0.878251,16118
30,18,3687,raspi4,ImageNet16-120,34.066666,1.583497,0.878251,16118
30,18,4995,raspi4,ImageNet16-120,42.166668,3.766336,0.878251,16118
30,18,2112,raspi4,ImageNet16-120,38.355556,2.925188,0.878251,16118
30,18,5637,raspi4,ImageNet16-120,33.933334,1.580707,0.878251,16118
30,18,10472,raspi4,ImageNet16-120,39.633335,3.079679,0.878251,16118
30,18,14417,raspi4,ImageNet16-120,45.900000,6.948865,0.878251,16118
30,18,3960,raspi4,ImageNet16-120,37.755554,2.197980,0.878251,16118
30,18,5973,raspi4,ImageNet16-120,40.100000,3.159922,0.878251,16118
30,18,14146,raspi4,ImageNet16-120,28.433332,0.961556,0.878251,16118
30,18,13771,raspi4,ImageNet16-120,32.744446,1.533813,0.878251,16118
30,18,933,raspi4,ImageNet16-120,0.833333,0.011514,0.878251,16118
30,18,9032,raspi4,ImageNet16-120,38.016666,2.201532,0.878251,16118
30,18,2904,raspi4,ImageNet16-120,42.744446,3.799936,0.878251,16118
30,18,8355,raspi4,ImageNet16-120,39.666668,3.083286,0.878251,16118
30,18,6336,raspi4,ImageNet16-120,39.366665,3.073392,0.878251,16118
30,18,7551,raspi4,ImageNet16-120,38.477780,2.950436,0.878251,16118
30,18,11946,raspi4,ImageNet16-120,28.200000,0.940293,0.878251,16118
30,18,8884,raspi4,ImageNet16-120,45.033333,5.293177,0.878251,16118
